27432,292640, 41.37, 0.00, 0.993, 0.000, 0.000, 0.000,0,0,0, 41.37, 0.993, 68.57, 0.455, 104.34, 0.209, 93.02, 0.169
27433,292650, 41.52, 0.00, 0.994, 0.000, 0.000, 0.000,0,0,0, 41.52, 0.994, 104.34, 0.497, 74.53, 0.180, 69.36, 0.165
27434,292661, 41.37, 0.00, 0.995, 0.000, 0.000, 0.000,0,0,0, 41.37, 0.995, 68.96, 0.372, 93.75, 0.208, 0.00, 0.000
27435,292672, 41.37, 0.00, 0.994, 0.000, 0.000, 0.000,0,0,0, 41.37, 0.994, 104.34, 0.399, 95.23, 0.364, 73.17, 0.274
27436,292682, 41.37, 0.00, 0.998, 0.000, 0.000, 0.000,0,0,0, 41.37, 0.998, 73.61, 0.419, 95.23, 0.239, 0.00, 0.000
27437,292693, 41.37, 0.00, 0.994, 0.000, 0.000, 0.000,0,0,0, 41.37, 0.994, 95.23, 0.400, 73.17, 0.278, 0.00, 0.000
27438,292704, 41.37, 0.00, 0.990, 0.000, 0.000, 0.000,0,0,0, 41.37, 0.990, 104.34, 0.413, 72.72, 0.370, 0.00, 0.000
27439,292714, 41.37, 0.00, 0.987, 0.000, 0.000, 0.000,0,0,0, 41.37, 0.987, 72.28, 0.411, 96.00, 0.314, 0.00, 0.000
27440,292725, 41.52, 0.00, 0.997, 0.000, 0.000, 0.000,0,0,0, 41.52, 0.997, 103.44, 0.451, 69.36, 0.277, 0.00, 0.000
27441,292736, 41.37, 0.00, 0.995, 0.000, 0.000, 0.000,0,0,0, 41.37, 0.995, 69.36, 0.463, 97.56, 0.223, 0.00, 0.000
27442,292746, 41.37, 0.00, 0.997, 0.000, 0.000, 0.000,0,0,0, 41.37, 0.997, 103.44, 0.515, 72.28, 0.230, 0.00, 0.000
27443,292757, 41.37, 0.00, 0.999, 0.000, 0.000, 0.000,0,0,0, 41.37, 0.999, 71.85, 0.402, 96.77, 0.227, 0.00, 0.000
27444,292768, 41.37, 0.00, 0.993, 0.000, 0.000, 0.000,0,0,0, 41.37, 0.993, 96.77, 0.444, 71.85, 0.355, 0.00, 0.000
27445,292778, 41.37, 0.00, 0.995, 0.000, 0.000, 0.000,0,0,0, 41.37, 0.995, 71.85, 0.458, 96.77, 0.321, 0.00, 0.000
27446,292789, 41.37, 0.00, 0.991, 0.000, 0.000, 0.000,0,0,0, 41.37, 0.991, 97.56, 0.440, 71.00, 0.351, 0.00, 0.000
27447,292800, 41.37, 0.00, 0.991, 0.000, 0.000, 0.000,0,0,0, 41.37, 0.991, 101.69, 0.446, 71.85, 0.390, 0.00, 0.000
27448,292810, 41.37, 0.00, 0.997, 0.000, 0.000, 0.000,0,0,0, 41.37, 0.997, 71.42, 0.490, 98.36, 0.293, 0.00, 0.000
27449,292821, 41.37, 0.00, 0.994, 0.000, 0.000, 0.000,0,0,0, 41.37, 0.994, 100.00, 0.499, 70.58, 0.292, 0.00, 0.000
27450,292832, 41.37, 0.00, 0.993, 0.000, 0.000, 0.000,0,0,0, 41.37, 0.993, 70.58, 0.515, 98.36, 0.273, 0.00, 0.000
27451,292842, 41.37, 0.00, 0.996, 0.000, 0.000, 0.000,0,0,0, 41.37, 0.996, 99.17, 0.577, 71.42, 0.316, 0.00, 0.000
27452,292853, 41.23, 0.00, 0.995, 0.000, 0.000, 0.000,0,0,0, 41.23, 0.995, 71.00, 0.484, 98.36, 0.277, 0.00, 0.000
27453,292864, 41.37, 0.00, 0.986, 0.000, 0.000, 0.000,0,0,0, 41.37, 0.986, 99.17, 0.517, 71.00, 0.434, 0.00, 0.000
27454,292874, 41.37, 0.00, 0.995, 0.000, 0.000, 0.000,0,0,0, 41.37, 0.995, 71.00, 0.502, 98.36, 0.401, 0.00, 0.000
27455,292885, 41.37, 0.00, 0.997, 0.000, 0.000, 0.000,0,0,0, 41.37, 0.997, 100.00, 0.452, 70.58, 0.395, 0.00, 0.000
27456,292896, 41.37, 0.00, 0.987, 0.000, 0.000, 0.000,0,0,0, 41.37, 0.987, 99.17, 0.491, 70.58, 0.404, 0.00, 0.000
27457,292906, 41.37, 0.00, 0.988, 0.000, 0.000, 0.000,0,0,0, 41.37, 0.988, 71.00, 0.532, 99.17, 0.259, 0.00, 0.000
27458,292917, 41.23, 0.00, 0.971, 0.000, 0.000, 0.000,0,0,0, 41.23, 0.971, 98.36, 0.524, 71.00, 0.265, 0.00, 0.000
27459,292928, 41.23, 0.00, 0.972, 0.000, 0.000, 0.000,0,0,0, 41.23, 0.972, 71.85, 0.511, 96.77, 0.281, 0.00, 0.000
27460,292938, 41.37, 0.00, 0.869, 0.000, 0.000, 0.000,0,0,0, 41.37, 0.869, 97.56, 0.459, 72.28, 0.395, 0.00, 0.000
27461,292949, 40.67, 0.00, 0.858, 0.000, 0.000, 0.000,0,0,0, 40.67, 0.858, 71.00, 0.531, 88.88, 0.352, 0.00, 0.000
27462,292960, 41.37, 0.00, 0.996, 0.000, 0.000, 0.000,0,0,0, 41.37, 0.996, 100.00, 0.433, 90.22, 0.413, 76.92, 0.398
27463,292970, 41.23, 0.00, 0.979, 0.000, 0.000, 0.000,0,0,0, 41.23, 0.979, 70.58, 0.439, 76.43, 0.418, 88.23, 0.411
27464,292981, 41.37, 0.00, 0.995, 0.000, 0.000, 0.000,0,0,0, 41.37, 0.995, 78.94, 0.470, 100.00, 0.354, 0.00, 0.000
27465,292992, 41.37, 0.00, 0.983, 0.000, 0.000, 0.000,0,0,0, 41.37, 0.983, 86.95, 0.526, 0.00, 0.000, 0.00, 0.000
27466,293002, 41.37, 0.00, 0.986, 0.000, 0.000, 0.000,0,0,0, 41.37, 0.986, 79.47, 0.587, 0.00, 0.000, 0.00, 0.000
27467,293013, 41.37, 0.00, 0.996, 0.000, 0.000, 0.000,0,0,0, 41.37, 0.996, 86.33, 0.605, 0.00, 0.000, 0.00, 0.000
27468,293024, 41.37, 0.00, 0.996, 0.000, 0.000, 0.000,0,0,0, 41.37, 0.996, 80.00, 0.575, 0.00, 0.000, 0.00, 0.000
27469,293034, 41.37, 0.00, 0.995, 0.000, 0.000, 0.000,0,0,0, 41.37, 0.995, 80.53, 0.500, 100.00, 0.334, 0.00, 0.000
27470,293045, 41.37, 0.00, 0.994, 0.000, 0.000, 0.000,0,0,0, 41.37, 0.994, 84.50, 0.456, 81.08, 0.454, 70.17, 0.383
27471,293056, 41.37, 0.00, 0.996, 0.000, 0.000, 0.000,0,0,0, 41.37, 0.996, 84.50, 0.464, 101.69, 0.412, 69.76, 0.185
27472,293066, 41.37, 0.00, 0.994, 0.000, 0.000, 0.000,0,0,0, 41.37, 0.994, 83.33, 0.497, 69.76, 0.354, 0.00, 0.000
27473,293077, 41.37, 0.00, 0.993, 0.000, 0.000, 0.000,0,0,0, 41.37, 0.993, 81.08, 0.564, 101.69, 0.279, 0.00, 0.000
27474,293088, 41.37, 0.00, 0.995, 0.000, 0.000, 0.000,0,0,0, 41.37, 0.995, 83.91, 0.630, 70.17, 0.206, 0.00, 0.000
27475,293098, 41.37, 0.00, 0.994, 0.000, 0.000, 0.000,0,0,0, 41.37, 0.994, 81.63, 0.651, 0.00, 0.000, 0.00, 0.000
27476,293109, 41.37, 0.00, 0.998, 0.000, 0.000, 0.000,0,0,0, 41.37, 0.998, 83.33, 0.639, 0.00, 0.000, 0.00, 0.000
27477,293120, 41.37, 0.00, 0.996, 0.000, 0.000, 0.000,0,0,0, 41.37, 0.996, 82.19, 0.577, 0.00, 0.000, 0.00, 0.000
27478,293130, 41.37, 0.00, 0.997, 0.000, 0.000, 0.000,0,0,0, 41.37, 0.997, 82.75, 0.507, 102.56, 0.322, 0.00, 0.000
27479,293141, 41.37, 0.00, 0.999, 0.000, 0.000, 0.000,0,0,0, 41.37, 0.999, 82.75, 0.500, 69.36, 0.343, 0.00, 0.000
27480,293152, 41.37, 0.00, 0.996, 0.000, 0.000, 0.000,0,0,0, 41.37, 0.996, 83.33, 0.504, 102.56, 0.364, 96.77, 0.343
27481,293162, 41.37, 0.00, 0.998, 0.000, 0.000, 0.000,0,0,0, 41.37, 0.998, 82.75, 0.564, 69.36, 0.297, 0.00, 0.000
27482,293173, 41.37, 0.00, 0.997, 0.000, 0.000, 0.000,0,0,0, 41.37, 0.997, 82.75, 0.619, 103.44, 0.240, 0.00, 0.000
27483,293184, 41.37, 0.00, 0.998, 0.000, 0.000, 0.000,0,0,0, 41.37, 0.998, 82.75, 0.665, 0.00, 0.000, 0.00, 0.000
27484,293194, 41.37, 0.00, 0.997, 0.000, 0.000, 0.000,0,0,0, 41.37, 0.997, 82.75, 0.662, 0.00, 0.000, 0.00, 0.000
27485,293205, 41.37, 0.00, 0.997, 0.000, 0.000, 0.000,0,0,0, 41.37, 0.997, 82.75, 0.630, 102.56, 0.280, 0.00, 0.000
27486,293216, 41.37, 0.00, 0.997, 0.000, 0.000, 0.000,0,0,0, 41.37, 0.997, 82.75, 0.538, 0.00, 0.000, 0.00, 0.000
27487,293226, 41.37, 0.00, 0.994, 0.000, 0.000, 0.000,0,0,0, 41.37, 0.994, 82.75, 0.477, 103.44, 0.321, 96.00, 0.304
27488,293237, 41.37, 0.00, 0.996, 0.000, 0.000, 0.000,0,0,0, 41.37, 0.996, 82.75, 0.466, 68.57, 0.309, 0.00, 0.000
27489,293248, 41.37, 0.00, 0.996, 0.000, 0.000, 0.000,0,0,0, 41.37, 0.996, 82.75, 0.475, 104.34, 0.290, 0.00, 0.000
27490,293258, 41.37, 0.00, 0.999, 0.000, 0.000, 0.000,0,0,0, 41.37, 0.999, 82.19, 0.547, 0.00, 0.000, 0.00, 0.000
27491,293269, 41.37, 0.00, 0.998, 0.000, 0.000, 0.000,0,0,0, 41.37, 0.998, 83.33, 0.606, 105.26, 0.165, 0.00, 0.000
27492,293280, 41.37, 0.00, 0.994, 0.000, 0.000, 0.000,0,0,0, 41.37, 0.994, 82.19, 0.613, 0.00, 0.000, 0.00, 0.000
27493,293290, 41.37, 0.00, 0.990, 0.000, 0.000, 0.000,0,0,0, 41.37, 0.990, 83.33, 0.587, 0.00, 0.000, 0.00, 0.000
27494,293301, 41.37, 0.00, 0.992, 0.000, 0.000, 0.000,0,0,0, 41.37, 0.992, 81.63, 0.510, 104.34, 0.260, 0.00, 0.000
27495,293312, 41.37, 0.00, 0.996, 0.000, 0.000, 0.000,0,0,0, 41.37, 0.996, 82.75, 0.416, 69.76, 0.301, 0.00, 0.000
27496,293322, 41.37, 0.00, 0.996, 0.000, 0.000, 0.000,0,0,0, 41.37, 0.996, 83.91, 0.390, 104.34, 0.330, 0.00, 0.000
27497,293333, 41.37, 0.00, 0.998, 0.000, 0.000, 0.000,0,0,0, 41.37, 0.998, 83.91, 0.377, 68.18, 0.288, 0.00, 0.000
27498,293344, 41.37, 0.00, 0.998, 0.000, 0.000, 0.000,0,0,0, 41.37, 0.998, 85.10, 0.424, 104.34, 0.251, 0.00, 0.000
27499,293354, 41.37, 0.00, 0.998, 0.000, 0.000, 0.000,0,0,0, 41.37, 0.998, 80.53, 0.496, 0.00, 0.000, 0.00, 0.000
27500,293365, 41.37, 0.00, 0.998, 0.000, 0.000, 0.000,0,0,0, 41.37, 0.998, 85.10, 0.537, 0.00, 0.000, 0.00, 0.000
27501,293376, 41.37, 0.00, 0.997, 0.000, 0.000, 0.000,0,0,0, 41.37, 0.997, 80.53, 0.528, 0.00, 0.000, 0.00, 0.000
27502,293386, 41.37, 0.00, 0.997, 0.000, 0.000, 0.000,0,0,0, 41.37, 0.997, 85.71, 0.499, 0.00, 0.000, 0.00, 0.000
27503,293397, 41.37, 0.00, 0.994, 0.000, 0.000, 0.000,0,0,0, 41.37, 0.994, 80.53, 0.399, 105.26, 0.275, 0.00, 0.000
27504,293408, 41.37, 0.00, 0.995, 0.000, 0.000, 0.000,0,0,0, 41.37, 0.995, 80.00, 0.332, 85.10, 0.328, 68.18, 0.310
27505,293418, 41.37, 0.00, 0.994, 0.000, 0.000, 0.000,0,0,0, 41.37, 0.994, 104.34, 0.381, 85.71, 0.341, 80.53, 0.325
27506,293429, 41.37, 0.00, 0.992, 0.000, 0.000, 0.000,0,0,0, 41.37, 0.992, 85.71, 0.337, 79.47, 0.335, 68.96, 0.306
27507,293440, 41.37, 0.00, 0.994, 0.000, 0.000, 0.000,0,0,0, 41.37, 0.994, 86.33, 0.411, 80.00, 0.356, 102.56, 0.279
27508,293450, 41.37, 0.00, 0.993, 0.000, 0.000, 0.000,0,0,0, 41.37, 0.993, 78.94, 0.498, 69.76, 0.211, 0.00, 0.000
27509,293461, 41.37, 0.00, 0.996, 0.000, 0.000, 0.000,0,0,0, 41.37, 0.996, 86.95, 0.499, 0.00, 0.000, 0.00, 0.000
27510,293472, 41.37, 0.00, 0.996, 0.000, 0.000, 0.000,0,0,0, 41.37, 0.996, 78.94, 0.491, 102.56, 0.303, 0.00, 0.000
27511,293482, 41.37, 0.00, 0.996, 0.000, 0.000, 0.000,0,0,0, 41.37, 0.996, 87.59, 0.444, 78.43, 0.379, 0.00, 0.000
27512,293493, 41.37, 0.00, 0.995, 0.000, 0.000, 0.000,0,0,0, 41.37, 0.995, 101.69, 0.370, 78.43, 0.345, 87.59, 0.342
27513,293504, 41.37, 0.00, 0.994, 0.000, 0.000, 0.000,0,0,0, 41.37, 0.994, 69.76, 0.404, 77.41, 0.349, 87.59, 0.314
27514,293514, 41.37, 0.00, 0.996, 0.000, 0.000, 0.000,0,0,0, 41.37, 0.996, 100.84, 0.462, 89.55, 0.372, 78.43, 0.300
27515,293525, 41.37, 0.00, 0.997, 0.000, 0.000, 0.000,0,0,0, 41.37, 0.997, 77.41, 0.359, 70.17, 0.354, 83.91, 0.312
27516,293536, 41.37, 0.00, 0.994, 0.000, 0.000, 0.000,0,0,0, 41.37, 0.994, 88.23, 0.455, 100.00, 0.361, 77.41, 0.328
27517,293546, 41.37, 0.00, 0.993, 0.000, 0.000, 0.000,0,0,0, 41.37, 0.993, 77.92, 0.496, 87.59, 0.367, 0.00, 0.000
27518,293557, 41.37, 0.00, 0.996, 0.000, 0.000, 0.000,0,0,0, 41.37, 0.996, 88.88, 0.508, 78.43, 0.358, 0.00, 0.000
27519,293568, 41.37, 0.00, 0.991, 0.000, 0.000, 0.000,0,0,0, 41.37, 0.991, 77.41, 0.481, 88.88, 0.393, 98.36, 0.379
27520,293578, 41.37, 0.00, 0.992, 0.000, 0.000, 0.000,0,0,0, 41.37, 0.992, 75.00, 0.442, 88.88, 0.387, 0.00, 0.000
27521,293589, 41.37, 0.00, 0.995, 0.000, 0.000, 0.000,0,0,0, 41.37, 0.995, 97.56, 0.460, 76.92, 0.324, 0.00, 0.000
27522,293600, 41.23, 0.00, 0.995, 0.000, 0.000, 0.000,0,0,0, 41.23, 0.995, 71.42, 0.476, 89.55, 0.343, 0.00, 0.000
27523,293610, 41.37, 0.00, 0.997, 0.000, 0.000, 0.000,0,0,0, 41.37, 0.997, 96.77, 0.528, 76.43, 0.324, 0.00, 0.000
27524,293621, 41.37, 0.00, 0.998, 0.000, 0.000, 0.000,0,0,0, 41.37, 0.998, 75.94, 0.482, 89.55, 0.293, 0.00, 0.000
27525,293632, 41.37, 0.00, 0.998, 0.000, 0.000, 0.000,0,0,0, 41.37, 0.998, 89.55, 0.541, 76.92, 0.377, 72.28, 0.358
27526,293642, 41.37, 0.00, 0.998, 0.000, 0.000, 0.000,0,0,0, 41.37, 0.998, 76.92, 0.524, 90.22, 0.391, 0.00, 0.000
27527,293653, 41.37, 0.00, 0.998, 0.000, 0.000, 0.000,0,0,0, 41.37, 0.998, 89.55, 0.537, 76.92, 0.374, 0.00, 0.000
27528,293664, 41.37, 0.00, 0.998, 0.000, 0.000, 0.000,0,0,0, 41.37, 0.998, 76.92, 0.458, 96.77, 0.416, 90.22, 0.396
27529,293674, 41.37, 0.00, 0.999, 0.000, 0.000, 0.000,0,0,0, 41.37, 0.999, 72.72, 0.491, 89.55, 0.353, 0.00, 0.000
27530,293685, 41.37, 0.00, 0.998, 0.000, 0.000, 0.000,0,0,0, 41.37, 0.998, 96.00, 0.514, 76.92, 0.339, 0.00, 0.000
27531,293696, 41.37, 0.00, 0.999, 0.000, 0.000, 0.000,0,0,0, 41.37, 0.999, 72.72, 0.490, 89.55, 0.368, 0.00, 0.000
27532,293706, 41.37, 0.00, 0.999, 0.000, 0.000, 0.000,0,0,0, 41.37, 0.999, 90.90, 0.526, 76.92, 0.377, 0.00, 0.000
27533,293717, 41.37, 0.00, 0.998, 0.000, 0.000, 0.000,0,0,0, 41.37, 0.998, 76.92, 0.543, 88.88, 0.333, 0.00, 0.000
27534,293728, 41.37, 0.00, 0.996, 0.000, 0.000, 0.000,0,0,0, 41.37, 0.996, 89.55, 0.553, 76.92, 0.397, 0.00, 0.000
27535,293738, 41.37, 0.00, 0.999, 0.000, 0.000, 0.000,0,0,0, 41.37, 0.999, 76.92, 0.540, 89.55, 0.413, 0.00, 0.000
27536,293749, 41.37, 0.00, 0.999, 0.000, 0.000, 0.000,0,0,0, 41.37, 0.999, 89.55, 0.525, 76.43, 0.395, 0.00, 0.000
27537,293760, 41.37, 0.00, 0.999, 0.000, 0.000, 0.000,0,0,0, 41.37, 0.999, 95.23, 0.450, 76.92, 0.431, 0.00, 0.000
27538,293770, 41.37, 0.00, 0.999, 0.000, 0.000, 0.000,0,0,0, 41.37, 0.999, 73.17, 0.513, 89.55, 0.359, 0.00, 0.000
27539,293781, 41.37, 0.00, 0.998, 0.000, 0.000, 0.000,0,0,0, 41.37, 0.998, 95.23, 0.535, 76.92, 0.355, 0.00, 0.000
27540,293792, 41.37, 0.00, 0.995, 0.000, 0.000, 0.000,0,0,0, 41.37, 0.995, 74.07, 0.507, 88.88, 0.393, 0.00, 0.000
27541,293802, 41.37, 0.00, 0.996, 0.000, 0.000, 0.000,0,0,0, 41.37, 0.996, 90.90, 0.552, 76.43, 0.403, 0.00, 0.000
27542,293813, 41.37, 0.00, 0.999, 0.000, 0.000, 0.000,0,0,0, 41.37, 0.999, 76.43, 0.562, 89.55, 0.377, 0.00, 0.000
27543,293824, 41.37, 0.00, 0.997, 0.000, 0.000, 0.000,0,0,0, 41.37, 0.997, 90.22, 0.559, 76.43, 0.403, 0.00, 0.000
27544,293834, 41.37, 0.00, 0.999, 0.000, 0.000, 0.000,0,0,0, 41.37, 0.999, 76.43, 0.530, 90.22, 0.423, 0.00, 0.000
27545,293845, 41.37, 0.00, 0.999, 0.000, 0.000, 0.000,0,0,0, 41.37, 0.999, 89.55, 0.475, 76.43, 0.448, 0.00, 0.000
27546,293856, 41.37, 0.00, 0.998, 0.000, 0.000, 0.000,0,0,0, 41.37, 0.998, 93.75, 0.482, 76.43, 0.388, 0.00, 0.000
27547,293866, 41.37, 0.00, 0.998, 0.000, 0.000, 0.000,0,0,0, 41.37, 0.998, 74.07, 0.525, 89.55, 0.360, 0.00, 0.000
27548,293877, 41.37, 0.00, 0.998, 0.000, 0.000, 0.000,0,0,0, 41.37, 0.998, 93.75, 0.562, 76.92, 0.362, 0.00, 0.000
27549,293888, 41.23, 0.00, 0.991, 0.000, 0.000, 0.000,0,0,0, 41.23, 0.991, 74.53, 0.499, 89.55, 0.360, 0.00, 0.000
27550,293898, 41.23, 0.00, 0.991, 0.000, 0.000, 0.000,0,0,0, 41.23, 0.991, 90.90, 0.525, 76.43, 0.401, 0.00, 0.000
27551,293909, 41.37, 0.00, 0.998, 0.000, 0.000, 0.000,0,0,0, 41.37, 0.998, 76.43, 0.537, 89.55, 0.399, 0.00, 0.000
27552,293920, 41.37, 0.00, 0.999, 0.000, 0.000, 0.000,0,0,0, 41.37, 0.999, 90.22, 0.525, 76.92, 0.381, 0.00, 0.000
27553,293930, 41.37, 0.00, 0.996, 0.000, 0.000, 0.000,0,0,0, 41.37, 0.996, 76.92, 0.490, 90.22, 0.441, 0.00, 0.000
27554,293941, 41.37, 0.00, 0.998, 0.000, 0.000, 0.000,0,0,0, 41.37, 0.998, 76.43, 0.500, 89.55, 0.395, 0.00, 0.000
27555,293952, 41.37, 0.00, 0.999, 0.000, 0.000, 0.000,0,0,0, 41.37, 0.999, 93.75, 0.516, 76.92, 0.321, 0.00, 0.000
27556,293962, 41.37, 0.00, 0.994, 0.000, 0.000, 0.000,0,0,0, 41.37, 0.994, 73.61, 0.517, 89.55, 0.340, 0.00, 0.000
27557,293973, 41.37, 0.00, 0.995, 0.000, 0.000, 0.000,0,0,0, 41.37, 0.995, 94.48, 0.560, 76.92, 0.326, 0.00, 0.000
27558,293984, 41.37, 0.00, 0.997, 0.000, 0.000, 0.000,0,0,0, 41.37, 0.997, 75.94, 0.491, 89.55, 0.302, 0.00, 0.000
27559,293994, 41.37, 0.00, 0.997, 0.000, 0.000, 0.000,0,0,0, 41.37, 0.997, 89.55, 0.533, 76.92, 0.393, 0.00, 0.000
27560,294005, 41.37, 0.00, 0.996, 0.000, 0.000, 0.000,0,0,0, 41.37, 0.996, 76.92, 0.519, 89.55, 0.400, 0.00, 0.000
27561,294016, 41.37, 0.00, 0.996, 0.000, 0.000, 0.000,0,0,0, 41.37, 0.996, 89.55, 0.518, 76.92, 0.391, 0.00, 0.000
27562,294026, 41.37, 0.00, 0.995, 0.000, 0.000, 0.000,0,0,0, 41.37, 0.995, 76.92, 0.459, 93.75, 0.454, 0.00, 0.000
27563,294037, 41.37, 0.00, 0.994, 0.000, 0.000, 0.000,0,0,0, 41.37, 0.994, 74.07, 0.518, 89.55, 0.342, 0.00, 0.000
27564,294048, 41.23, 0.00, 0.994, 0.000, 0.000, 0.000,0,0,0, 41.23, 0.994, 93.75, 0.545, 76.92, 0.329, 0.00, 0.000
27565,294058, 41.37, 0.00, 0.993, 0.000, 0.000, 0.000,0,0,0, 41.37, 0.993, 73.61, 0.519, 89.55, 0.351, 0.00, 0.000
27566,294069, 41.23, 0.00, 0.986, 0.000, 0.000, 0.000,0,0,0, 41.23, 0.986, 92.30, 0.579, 76.92, 0.373, 0.00, 0.000
27567,294080, 41.23, 0.00, 0.977, 0.000, 0.000, 0.000,0,0,0, 41.23, 0.977, 76.92, 0.546, 88.88, 0.370, 0.00, 0.000
27568,294090, 41.37, 0.00, 0.998, 0.000, 0.000, 0.000,0,0,0, 41.37, 0.998, 89.55, 0.579, 76.92, 0.441, 0.00, 0.000
27569,294101, 41.37, 0.00, 0.981, 0.000, 0.000, 0.000,0,0,0, 41.37, 0.981, 76.92, 0.582, 89.55, 0.472, 0.00, 0.000
27570,294112, 41.37, 0.00, 0.999, 0.000, 0.000, 0.000,0,0,0, 41.37, 0.999, 89.55, 0.576, 76.92, 0.479, 0.00, 0.000
27571,294122, 41.37, 0.00, 0.992, 0.000, 0.000, 0.000,0,0,0, 41.37, 0.992, 90.22, 0.559, 76.92, 0.505, 0.00, 0.000
27572,294133, 41.37, 0.00, 0.992, 0.000, 0.000, 0.000,0,0,0, 41.37, 0.992, 76.43, 0.628, 89.55, 0.456, 0.00, 0.000
27573,294144, 41.23, 0.00, 0.989, 0.000, 0.000, 0.000,0,0,0, 41.23, 0.989, 89.55, 0.652, 77.41, 0.469, 0.00, 0.000
27574,294154, 41.37, 0.00, 0.980, 0.000, 0.000, 0.000,0,0,0, 41.37, 0.980, 76.92, 0.639, 88.23, 0.501, 0.00, 0.000
27575,294165, 41.37, 0.00, 0.994, 0.000, 0.000, 0.000,0,0,0, 41.37, 0.994, 88.88, 0.679, 77.41, 0.564, 0.00, 0.000
27576,294176, 41.37, 0.00, 0.994, 0.000, 0.000, 0.000,0,0,0, 41.37, 0.994, 77.41, 0.668, 88.23, 0.545, 0.00, 0.000
27577,294186, 41.37, 0.00, 0.999, 0.000, 0.000, 0.000,0,0,0, 41.37, 0.999, 88.88, 0.674, 77.92, 0.538, 0.00, 0.000
27578,294197, 41.37, 0.00, 0.998, 0.000, 0.000, 0.000,0,0,0, 41.37, 0.998, 77.92, 0.671, 88.23, 0.571, 0.00, 0.000
27579,294208, 41.37, 0.00, 0.997, 0.000, 0.000, 0.000,0,0,0, 41.37, 0.997, 88.23, 0.607, 77.92, 0.607, 0.00, 0.000
27580,294218, 41.23, 0.00, 0.994, 0.000, 0.000, 0.000,0,0,0, 41.23, 0.994, 88.23, 0.669, 78.94, 0.549, 0.00, 0.000
27581,294229, 41.37, 0.00, 0.989, 0.000, 0.000, 0.000,0,0,0, 41.37, 0.989, 77.92, 0.706, 86.95, 0.575, 0.00, 0.000
27582,294240, 41.37, 0.00, 0.997, 0.000, 0.000, 0.000,0,0,0, 41.37, 0.997, 87.59, 0.722, 0.00, 0.000, 0.00, 0.000
27583,294250, 41.37, 0.00, 0.996, 0.000, 0.000, 0.000,0,0,0, 41.37, 0.996, 78.43, 0.694, 85.71, 0.595, 0.00, 0.000
27584,294261, 41.37, 0.00, 0.998, 0.000, 0.000, 0.000,0,0,0, 41.37, 0.998, 87.59, 0.709, 78.43, 0.615, 0.00, 0.000
27585,294272, 41.37, 0.00, 0.998, 0.000, 0.000, 0.000,0,0,0, 41.37, 0.998, 78.43, 0.706, 86.95, 0.590, 0.00, 0.000
27586,294282, 41.37, 0.00, 0.999, 0.000, 0.000, 0.000,0,0,0, 41.37, 0.999, 87.59, 0.711, 79.47, 0.591, 0.00, 0.000
27587,294293, 41.37, 0.00, 0.996, 0.000, 0.000, 0.000,0,0,0, 41.37, 0.996, 78.43, 0.716, 86.33, 0.645, 0.00, 0.000
27588,294304, 41.37, 0.00, 0.995, 0.000, 0.000, 0.000,0,0,0, 41.37, 0.995, 78.94, 0.701, 86.95, 0.629, 0.00, 0.000
27589,294314, 41.37, 0.00, 0.997, 0.000, 0.000, 0.000,0,0,0, 41.37, 0.997, 86.95, 0.746, 0.00, 0.000, 0.00, 0.000
27590,294325, 41.37, 0.00, 0.997, 0.000, 0.000, 0.000,0,0,0, 41.37, 0.997, 79.47, 0.743, 0.00, 0.000, 0.00, 0.000
27591,294336, 41.37, 0.00, 0.998, 0.000, 0.000, 0.000,0,0,0, 41.37, 0.998, 86.33, 0.745, 0.00, 0.000, 0.00, 0.000
27592,294346, 41.37, 0.00, 0.999, 0.000, 0.000, 0.000,0,0,0, 41.37, 0.999, 79.47, 0.727, 0.00, 0.000, 0.00, 0.000
27593,294357, 41.37, 0.00, 0.997, 0.000, 0.000, 0.000,0,0,0, 41.37, 0.997, 86.95, 0.725, 0.00, 0.000, 0.00, 0.000
27594,294368, 41.52, 0.00, 0.938, 0.000, 0.000, 0.000,0,0,0, 41.52, 0.938, 80.00, 0.729, 0.00, 0.000, 0.00, 0.000
27595,294378, 42.10, 0.00, 0.986, 0.000, 0.000, 0.000,0,0,0, 42.10, 0.986, 86.95, 0.790, 0.00, 0.000, 0.00, 0.000
27596,294389, 42.40, 0.00, 0.911, 0.000, 0.000, 0.000,0,0,0, 42.40, 0.911, 86.33, 0.796, 0.00, 0.000, 0.00, 0.000
27597,294400, 30.30, 0.00, 0.752, 0.000, 0.000, 0.000,0,0,0, 30.30, 0.752, 88.88, 0.723, 43.32, 0.684, 0.00, 0.000
27598,294410, 44.60, 0.00, 0.669, 0.000, 0.000, 0.000,0,0,0, 44.60, 0.669, 88.23, 0.635, 0.00, 0.000, 0.00, 0.000
27599,294421, 31.49, 0.00, 0.770, 0.000, 0.000, 0.000,0,0,0, 31.49, 0.770, 44.60, 0.705, 103.44, 0.453, 90.22, 0.434
27600,294432, 44.60, 0.00, 0.690, 0.000, 0.000, 0.000,0,0,0, 44.60, 0.690, 81.63, 0.337, 0.00, 0.000, 0.00, 0.000
27601,294442, 43.32, 0.00, 0.961, 0.000, 0.000, 0.000,0,0,0, 43.32, 0.961, 30.53, 0.607, 102.56, 0.251, 121.21, 0.103
27602,294453, 43.47, 0.00, 0.931, 0.000, 0.000, 0.000,0,0,0, 43.47, 0.931, 78.94, 0.270, 0.00, 0.000, 0.00, 0.000
27603,294464, 49.38, 0.00, 0.548, 0.000, 0.000, 0.000,0,0,0, 49.38, 0.548, 33.70, 0.437, 104.34, 0.255, 83.33, 0.238
27604,294474, 49.58, 0.00, 0.624, 0.000, 0.000, 0.000,0,0,0, 49.58, 0.624, 31.25, 0.491, 82.19, 0.365, 0.00, 0.000
27605,294485, 51.50, 0.00, 0.648, 0.000, 0.000, 0.000,0,0,0, 51.50, 0.648, 34.48, 0.261, 44.44, 0.172, 89.55, 0.070
27606,294496, 51.06, 0.00, 0.407, 0.000, 0.000, 0.000,0,0,0, 51.06, 0.407, 43.79, 0.391, 31.57, 0.110, 0.00, 0.000
27607,294506, 42.55, 0.00, 0.847, 0.000, 0.000, 0.000,0,0,0, 42.55, 0.847, 49.18, 0.474, 0.00, 0.000, 0.00, 0.000
27608,294517, 42.40, 0.00, 0.909, 0.000, 0.000, 0.000,0,0,0, 42.40, 0.909, 48.97, 0.382, 0.00, 0.000, 0.00, 0.000
27609,294528, 42.25, 0.00, 0.772, 0.000, 0.000, 0.000,0,0,0, 42.25, 0.772, 48.00, 0.477, 38.21, 0.444, 0.00, 0.000
27610,294538, 42.25, 0.00, 0.664, 0.000, 0.000, 0.000,0,0,0, 42.25, 0.664, 50.00, 0.529, 300.00, 0.337, 37.38, 0.240
27611,294549, 42.55, 0.00, 0.867, 0.000, 0.000, 0.000,0,0,0, 42.55, 0.867, 47.61, 0.515, 0.00, 0.000, 0.00, 0.000
27612,294560, 41.23, 0.00, 0.704, 0.000, 0.000, 0.000,0,0,0, 41.23, 0.704, 48.00, 0.474, 285.71, 0.261, 35.71, 0.241
27613,294570, 42.25, 0.00, 0.643, 0.000, 0.000, 0.000,0,0,0, 42.25, 0.643, 50.84, 0.418, 38.33, 0.288, 279.06, 0.268
27614,294581, 41.66, 0.00, 0.648, 0.000, 0.000, 0.000,0,0,0, 41.66, 0.648, 53.33, 0.501, 34.48, 0.278, 173.91, 0.224
27615,294592, 41.52, 0.00, 0.673, 0.000, 0.000, 0.000,0,0,0, 41.52, 0.673, 33.14, 0.532, 173.91, 0.390, 53.33, 0.346
27616,294602, 41.23, 0.00, 0.615, 0.000, 0.000, 0.000,0,0,0, 41.23, 0.615, 54.29, 0.614, 166.66, 0.523, 80.00, 0.351
27617,294613, 41.37, 0.00, 0.793, 0.000, 0.000, 0.000,0,0,0, 41.37, 0.793, 33.61, 0.749, 54.79, 0.680, 171.42, 0.672
27618,294624, 41.23, 0.00, 0.844, 0.000, 0.000, 0.000,0,0,0, 41.23, 0.844, 54.54, 0.712, 32.60, 0.592, 162.16, 0.585
27619,294634, 41.37, 0.00, 0.837, 0.000, 0.000, 0.000,0,0,0, 41.37, 0.837, 33.80, 0.783, 55.29, 0.740, 171.42, 0.668
27620,294645, 41.66, 0.00, 0.650, 0.000, 0.000, 0.000,0,0,0, 41.66, 0.650, 55.04, 0.554, 169.01, 0.542, 33.51, 0.431
27621,294656, 33.89, 0.00, 0.813, 0.000, 0.000, 0.000,0,0,0, 33.89, 0.813, 55.04, 0.636, 41.66, 0.604, 169.01, 0.571
27622,294666, 33.42, 0.00, 0.809, 0.000, 0.000, 0.000,0,0,0, 33.42, 0.809, 54.79, 0.681, 41.81, 0.623, 85.10, 0.507
27623,294677, 54.54, 0.00, 0.733, 0.000, 0.000, 0.000,0,0,0, 54.54, 0.733, 33.14, 0.580, 82.75, 0.528, 41.66, 0.505
27624,294688, 41.23, 0.00, 0.803, 0.000, 0.000, 0.000,0,0,0, 41.23, 0.803, 54.79, 0.791, 33.70, 0.780, 166.66, 0.646
27625,294698, 41.37, 0.00, 0.874, 0.000, 0.000, 0.000,0,0,0, 41.37, 0.874, 54.29, 0.752, 32.60, 0.731, 162.16, 0.650
27626,294709, 41.66, 0.00, 0.888, 0.000, 0.000, 0.000,0,0,0, 41.66, 0.888, 33.61, 0.787, 54.79, 0.756, 171.42, 0.707
27627,294720, 55.55, 0.00, 0.680, 0.000, 0.000, 0.000,0,0,0, 55.55, 0.680, 41.52, 0.542, 85.10, 0.537, 166.66, 0.514
27628,294730, 33.61, 0.00, 0.948, 0.000, 0.000, 0.000,0,0,0, 33.61, 0.948, 55.29, 0.600, 85.10, 0.572, 41.81, 0.510
27629,294741, 33.70, 0.00, 0.849, 0.000, 0.000, 0.000,0,0,0, 33.70, 0.849, 55.04, 0.725, 83.91, 0.519, 41.81, 0.488
27630,294752, 54.54, 0.00, 0.750, 0.000, 0.000, 0.000,0,0,0, 54.54, 0.750, 33.51, 0.530, 82.75, 0.456, 173.91, 0.448
27631,294762, 54.79, 0.00, 0.829, 0.000, 0.000, 0.000,0,0,0, 54.79, 0.829, 41.52, 0.788, 171.42, 0.627, 33.70, 0.611
27632,294773, 54.54, 0.00, 0.800, 0.000, 0.000, 0.000,0,0,0, 54.54, 0.800, 41.37, 0.771, 164.38, 0.579, 80.53, 0.529
27633,294784, 41.66, 0.00, 0.836, 0.000, 0.000, 0.000,0,0,0, 41.66, 0.836, 33.51, 0.767, 171.42, 0.709, 55.29, 0.691
27634,294794, 33.61, 0.00, 0.890, 0.000, 0.000, 0.000,0,0,0, 33.61, 0.890, 56.33, 0.772, 169.01, 0.753, 85.71, 0.725
27635,294805, 33.70, 0.00, 0.850, 0.000, 0.000, 0.000,0,0,0, 33.70, 0.850, 171.42, 0.763, 55.81, 0.722, 85.10, 0.720
27636,294816, 55.04, 0.00, 0.886, 0.000, 0.000, 0.000,0,0,0, 55.04, 0.886, 41.52, 0.761, 169.01, 0.716, 82.75, 0.701
27637,294826, 54.79, 0.00, 0.822, 0.000, 0.000, 0.000,0,0,0, 54.79, 0.822, 41.52, 0.788, 166.66, 0.613, 82.75, 0.586
27638,294837, 54.79, 0.00, 0.865, 0.000, 0.000, 0.000,0,0,0, 54.79, 0.865, 41.37, 0.705, 164.38, 0.552, 82.75, 0.527
27639,294848, 55.04, 0.00, 0.881, 0.000, 0.000, 0.000,0,0,0, 55.04, 0.881, 33.42, 0.792, 41.81, 0.648, 169.01, 0.611
27640,294858, 33.51, 0.00, 0.934, 0.000, 0.000, 0.000,0,0,0, 33.51, 0.934, 56.07, 0.685, 176.47, 0.679, 41.95, 0.653
27641,294869, 33.70, 0.00, 0.905, 0.000, 0.000, 0.000,0,0,0, 33.70, 0.905, 84.50, 0.735, 56.60, 0.721, 169.01, 0.705
27642,294880, 41.66, 0.00, 0.867, 0.000, 0.000, 0.000,0,0,0, 41.66, 0.867, 55.04, 0.795, 173.91, 0.781, 33.61, 0.750
27643,294890, 55.04, 0.00, 0.790, 0.000, 0.000, 0.000,0,0,0, 55.04, 0.790, 41.66, 0.784, 171.42, 0.628, 81.08, 0.571
27644,294901, 54.79, 0.00, 0.795, 0.000, 0.000, 0.000,0,0,0, 54.79, 0.795, 41.37, 0.781, 33.70, 0.685, 173.91, 0.600
27645,294912, 55.04, 0.00, 0.851, 0.000, 0.000, 0.000,0,0,0, 55.04, 0.851, 33.14, 0.543, 82.19, 0.470, 173.91, 0.425
27646,294922, 33.70, 0.00, 0.870, 0.000, 0.000, 0.000,0,0,0, 33.70, 0.870, 55.04, 0.791, 86.33, 0.600, 40.95, 0.520
27647,294933, 33.51, 0.00, 0.935, 0.000, 0.000, 0.000,0,0,0, 33.51, 0.935, 86.33, 0.648, 56.07, 0.620, 164.38, 0.535
27648,294944, 55.81, 0.00, 0.714, 0.000, 0.000, 0.000,0,0,0, 55.81, 0.714, 85.71, 0.645, 164.38, 0.620, 33.70, 0.588
27649,294954, 41.52, 0.00, 0.889, 0.000, 0.000, 0.000,0,0,0, 41.52, 0.889, 55.81, 0.826, 33.61, 0.721, 169.01, 0.715
27650,294965, 55.04, 0.00, 0.803, 0.000, 0.000, 0.000,0,0,0, 55.04, 0.803, 32.25, 0.754, 41.09, 0.742, 160.00, 0.649
27651,294976, 55.04, 0.00, 0.848, 0.000, 0.000, 0.000,0,0,0, 55.04, 0.848, 33.70, 0.805, 41.09, 0.647, 166.66, 0.590
27652,294986, 56.07, 0.00, 0.790, 0.000, 0.000, 0.000,0,0,0, 56.07, 0.790, 33.51, 0.725, 83.91, 0.597, 164.38, 0.596
27653,294997, 56.07, 0.00, 0.757, 0.000, 0.000, 0.000,0,0,0, 56.07, 0.757, 33.70, 0.748, 85.10, 0.685, 164.38, 0.637
27654,295008, 33.61, 0.00, 0.856, 0.000, 0.000, 0.000,0,0,0, 33.61, 0.856, 55.04, 0.831, 85.10, 0.745, 164.38, 0.681
27655,295018, 54.79, 0.00, 0.844, 0.000, 0.000, 0.000,0,0,0, 54.79, 0.844, 33.33, 0.706, 84.50, 0.623, 166.66, 0.602
27656,295029, 55.04, 0.00, 0.929, 0.000, 0.000, 0.000,0,0,0, 55.04, 0.929, 33.61, 0.719, 41.66, 0.674, 85.10, 0.616
27657,295040, 55.29, 0.00, 0.908, 0.000, 0.000, 0.000,0,0,0, 55.29, 0.908, 41.52, 0.731, 33.05, 0.659, 164.38, 0.653
27658,295050, 55.81, 0.00, 0.868, 0.000, 0.000, 0.000,0,0,0, 55.81, 0.868, 41.81, 0.837, 171.42, 0.737, 83.33, 0.695
27659,295061, 55.81, 0.00, 0.833, 0.000, 0.000, 0.000,0,0,0, 55.81, 0.833, 83.91, 0.815, 41.81, 0.772, 166.66, 0.749
27660,295072, 84.50, 0.00, 0.795, 0.000, 0.000, 0.000,0,0,0, 84.50, 0.795, 55.55, 0.761, 33.42, 0.725, 42.10, 0.662
27661,295082, 33.51, 0.00, 0.805, 0.000, 0.000, 0.000,0,0,0, 33.51, 0.805, 55.29, 0.779, 84.50, 0.750, 157.89, 0.545
27662,295093, 55.55, 0.00, 0.776, 0.000, 0.000, 0.000,0,0,0, 55.55, 0.776, 33.42, 0.658, 41.23, 0.518, 84.50, 0.510
27663,295104, 55.55, 0.00, 0.844, 0.000, 0.000, 0.000,0,0,0, 55.55, 0.844, 41.23, 0.596, 166.66, 0.519, 33.05, 0.515
27664,295114, 55.55, 0.00, 0.794, 0.000, 0.000, 0.000,0,0,0, 55.55, 0.794, 41.37, 0.679, 166.66, 0.640, 33.51, 0.597
27665,295125, 55.55, 0.00, 0.867, 0.000, 0.000, 0.000,0,0,0, 55.55, 0.867, 41.52, 0.850, 82.75, 0.757, 166.66, 0.737
27666,295136, 56.07, 0.00, 0.843, 0.000, 0.000, 0.000,0,0,0, 56.07, 0.843, 83.33, 0.823, 33.80, 0.752, 41.95, 0.752
27667,295146, 55.55, 0.00, 0.796, 0.000, 0.000, 0.000,0,0,0, 55.55, 0.796, 82.75, 0.773, 33.70, 0.701, 169.01, 0.681
27668,295157, 55.29, 0.00, 0.887, 0.000, 0.000, 0.000,0,0,0, 55.29, 0.887, 33.14, 0.780, 82.75, 0.631, 166.66, 0.614
27669,295168, 55.04, 0.00, 0.885, 0.000, 0.000, 0.000,0,0,0, 55.04, 0.885, 40.95, 0.641, 33.80, 0.600, 166.66, 0.597
27670,295178, 55.55, 0.00, 0.880, 0.000, 0.000, 0.000,0,0,0, 55.55, 0.880, 32.52, 0.725, 166.66, 0.672, 41.52, 0.670
27671,295189, 55.55, 0.00, 0.945, 0.000, 0.000, 0.000,0,0,0, 55.55, 0.945, 33.80, 0.732, 166.66, 0.724, 41.66, 0.724
27672,295200, 55.55, 0.00, 0.889, 0.000, 0.000, 0.000,0,0,0, 55.55, 0.889, 33.24, 0.813, 83.33, 0.777, 166.66, 0.760
27673,295210, 55.55, 0.00, 0.837, 0.000, 0.000, 0.000,0,0,0, 55.55, 0.837, 33.33, 0.807, 164.38, 0.772, 83.33, 0.744
27674,295221, 55.55, 0.00, 0.907, 0.000, 0.000, 0.000,0,0,0, 55.55, 0.907, 41.37, 0.785, 164.38, 0.774, 33.61, 0.761
27675,295232, 55.55, 0.00, 0.877, 0.000, 0.000, 0.000,0,0,0, 55.55, 0.877, 32.78, 0.858, 41.37, 0.854, 162.16, 0.803
27676,295242, 55.81, 0.00, 0.892, 0.000, 0.000, 0.000,0,0,0, 55.81, 0.892, 41.23, 0.779, 33.42, 0.695, 85.10, 0.679
27677,295253, 55.04, 0.00, 0.746, 0.000, 0.000, 0.000,0,0,0, 55.04, 0.746, 83.91, 0.490, 155.84, 0.451, 41.37, 0.416
27678,295264, 33.70, 0.00, 0.776, 0.000, 0.000, 0.000,0,0,0, 33.70, 0.776, 55.04, 0.691, 87.59, 0.497, 160.00, 0.339
27679,295274, 33.61, 0.00, 0.916, 0.000, 0.000, 0.000,0,0,0, 33.61, 0.916, 55.04, 0.718, 86.33, 0.532, 153.84, 0.399
27680,295285, 54.79, 0.00, 0.624, 0.000, 0.000, 0.000,0,0,0, 54.79, 0.624, 85.10, 0.547, 33.33, 0.521, 164.38, 0.495
27681,295296, 41.37, 0.00, 0.860, 0.000, 0.000, 0.000,0,0,0, 41.37, 0.860, 55.55, 0.786, 84.50, 0.739, 169.01, 0.696
27682,295306, 41.37, 0.00, 0.828, 0.000, 0.000, 0.000,0,0,0, 41.37, 0.828, 55.55, 0.770, 83.33, 0.736, 166.66, 0.690
27683,295317, 55.29, 0.00, 0.809, 0.000, 0.000, 0.000,0,0,0, 55.29, 0.809, 33.24, 0.706, 166.66, 0.674, 41.52, 0.667
27684,295328, 55.29, 0.00, 0.825, 0.000, 0.000, 0.000,0,0,0, 55.29, 0.825, 33.51, 0.817, 85.10, 0.682, 160.00, 0.635
27685,295338, 55.29, 0.00, 0.820, 0.000, 0.000, 0.000,0,0,0, 55.29, 0.820, 33.33, 0.766, 82.75, 0.644, 162.16, 0.603
27686,295349, 55.29, 0.00, 0.892, 0.000, 0.000, 0.000,0,0,0, 55.29, 0.892, 33.51, 0.886, 84.50, 0.765, 41.52, 0.676
27687,295360, 55.55, 0.00, 0.955, 0.000, 0.000, 0.000,0,0,0, 55.55, 0.955, 164.38, 0.717, 82.75, 0.707, 41.66, 0.691
27688,295370, 55.81, 0.00, 0.953, 0.000, 0.000, 0.000,0,0,0, 55.81, 0.953, 41.66, 0.804, 164.38, 0.768, 83.91, 0.722
27689,295381, 55.55, 0.00, 0.902, 0.000, 0.000, 0.000,0,0,0, 55.55, 0.902, 41.52, 0.806, 162.16, 0.788, 33.61, 0.751
27690,295392, 55.04, 0.00, 0.929, 0.000, 0.000, 0.000,0,0,0, 55.04, 0.929, 164.38, 0.789, 32.87, 0.787, 82.19, 0.768
27691,295402, 55.29, 0.00, 0.928, 0.000, 0.000, 0.000,0,0,0, 55.29, 0.928, 33.33, 0.868, 83.91, 0.804, 166.66, 0.792
27692,295413, 55.81, 0.00, 0.883, 0.000, 0.000, 0.000,0,0,0, 55.81, 0.883, 41.81, 0.768, 32.96, 0.764, 82.75, 0.760
27693,295424, 55.81, 0.00, 0.922, 0.000, 0.000, 0.000,0,0,0, 55.81, 0.922, 33.70, 0.758, 166.66, 0.724, 84.50, 0.721
27694,295434, 55.55, 0.00, 0.910, 0.000, 0.000, 0.000,0,0,0, 55.55, 0.910, 33.42, 0.790, 83.91, 0.699, 166.66, 0.673
27695,295445, 55.29, 0.00, 0.920, 0.000, 0.000, 0.000,0,0,0, 55.29, 0.920, 33.05, 0.795, 82.75, 0.731, 169.01, 0.631
27696,295456, 33.42, 0.00, 0.917, 0.000, 0.000, 0.000,0,0,0, 33.42, 0.917, 55.29, 0.893, 83.91, 0.768, 164.38, 0.705
27697,295466, 55.81, 0.00, 0.916, 0.000, 0.000, 0.000,0,0,0, 55.81, 0.916, 41.66, 0.801, 166.66, 0.786, 83.33, 0.773
27698,295477, 55.81, 0.00, 0.921, 0.000, 0.000, 0.000,0,0,0, 55.81, 0.921, 164.38, 0.832, 41.66, 0.831, 84.50, 0.780
27699,295488, 55.81, 0.00, 0.898, 0.000, 0.000, 0.000,0,0,0, 55.81, 0.898, 41.52, 0.806, 164.38, 0.791, 83.91, 0.768
27700,295498, 55.04, 0.00, 0.843, 0.000, 0.000, 0.000,0,0,0, 55.04, 0.843, 33.05, 0.753, 82.75, 0.724, 162.16, 0.675
27701,295509, 33.61, 0.00, 0.963, 0.000, 0.000, 0.000,0,0,0, 33.61, 0.963, 55.04, 0.885, 85.71, 0.735, 157.89, 0.626
27702,295520, 55.55, 0.00, 0.879, 0.000, 0.000, 0.000,0,0,0, 55.55, 0.879, 33.14, 0.809, 83.91, 0.686, 42.25, 0.635
27703,295530, 55.55, 0.00, 0.894, 0.000, 0.000, 0.000,0,0,0, 55.55, 0.894, 33.80, 0.762, 84.50, 0.719, 41.81, 0.683
27704,295541, 55.04, 0.00, 0.871, 0.000, 0.000, 0.000,0,0,0, 55.04, 0.871, 41.52, 0.853, 83.91, 0.811, 166.66, 0.766
27705,295552, 41.52, 0.00, 0.862, 0.000, 0.000, 0.000,0,0,0, 41.52, 0.862, 55.04, 0.856, 82.75, 0.829, 164.38, 0.795
27706,295562, 55.81, 0.00, 0.944, 0.000, 0.000, 0.000,0,0,0, 55.81, 0.944, 33.61, 0.939, 84.50, 0.859, 41.52, 0.831
27707,295573, 55.81, 0.00, 0.960, 0.000, 0.000, 0.000,0,0,0, 55.81, 0.960, 83.33, 0.737, 33.33, 0.731, 169.01, 0.695
27708,295584, 55.55, 0.00, 0.929, 0.000, 0.000, 0.000,0,0,0, 55.55, 0.929, 33.80, 0.774, 85.10, 0.742, 41.23, 0.716
27709,295594, 55.55, 0.00, 0.863, 0.000, 0.000, 0.000,0,0,0, 55.55, 0.863, 41.52, 0.791, 162.16, 0.727, 32.87, 0.715
27710,295605, 54.79, 0.00, 0.862, 0.000, 0.000, 0.000,0,0,0, 54.79, 0.862, 82.75, 0.747, 41.37, 0.744, 164.38, 0.735
27711,295616, 55.55, 0.00, 0.886, 0.000, 0.000, 0.000,0,0,0, 55.55, 0.886, 33.61, 0.851, 83.91, 0.824, 41.66, 0.754
27712,295626, 55.55, 0.00, 0.922, 0.000, 0.000, 0.000,0,0,0, 55.55, 0.922, 33.14, 0.809, 41.66, 0.779, 82.75, 0.771
27713,295637, 55.55, 0.00, 0.950, 0.000, 0.000, 0.000,0,0,0, 55.55, 0.950, 33.61, 0.852, 41.37, 0.788, 164.38, 0.780
27714,295648, 55.81, 0.00, 0.876, 0.000, 0.000, 0.000,0,0,0, 55.81, 0.876, 41.37, 0.842, 164.38, 0.818, 32.96, 0.770
27715,295658, 55.29, 0.00, 0.874, 0.000, 0.000, 0.000,0,0,0, 55.29, 0.874, 41.23, 0.872, 82.75, 0.831, 164.38, 0.797
27716,295669, 55.29, 0.00, 0.881, 0.000, 0.000, 0.000,0,0,0, 55.29, 0.881, 83.33, 0.802, 41.23, 0.771, 33.42, 0.762
27717,295680, 55.81, 0.00, 0.878, 0.000, 0.000, 0.000,0,0,0, 55.81, 0.878, 33.05, 0.872, 82.75, 0.728, 41.81, 0.660
27718,295690, 33.51, 0.00, 0.923, 0.000, 0.000, 0.000,0,0,0, 33.51, 0.923, 55.29, 0.882, 85.10, 0.713, 162.16, 0.627
27719,295701, 33.33, 0.00, 0.861, 0.000, 0.000, 0.000,0,0,0, 33.33, 0.861, 55.29, 0.850, 41.81, 0.764, 166.66, 0.727
27720,295712, 55.29, 0.00, 0.851, 0.000, 0.000, 0.000,0,0,0, 55.29, 0.851, 82.19, 0.836, 41.66, 0.793, 166.66, 0.787
27721,295722, 55.29, 0.00, 0.914, 0.000, 0.000, 0.000,0,0,0, 55.29, 0.914, 41.52, 0.903, 166.66, 0.872, 82.75, 0.851
27722,295733, 41.52, 0.00, 0.874, 0.000, 0.000, 0.000,0,0,0, 41.52, 0.874, 55.55, 0.859, 164.38, 0.857, 33.05, 0.837
27723,295744, 55.55, 0.00, 0.893, 0.000, 0.000, 0.000,0,0,0, 55.55, 0.893, 33.70, 0.858, 85.10, 0.785, 162.16, 0.763
27724,295754, 33.33, 0.00, 0.868, 0.000, 0.000, 0.000,0,0,0, 33.33, 0.868, 55.55, 0.853, 41.95, 0.777, 84.50, 0.765
27725,295765, 55.04, 0.00, 0.855, 0.000, 0.000, 0.000,0,0,0, 55.04, 0.855, 83.33, 0.743, 162.16, 0.718, 33.14, 0.695
27726,295776, 55.29, 0.00, 0.900, 0.000, 0.000, 0.000,0,0,0, 55.29, 0.900, 33.51, 0.825, 41.37, 0.812, 166.66, 0.803
27727,295786, 55.81, 0.00, 0.878, 0.000, 0.000, 0.000,0,0,0, 55.81, 0.878, 166.66, 0.827, 41.66, 0.769, 82.75, 0.761
27728,295797, 55.81, 0.00, 0.941, 0.000, 0.000, 0.000,0,0,0, 55.81, 0.941, 33.80, 0.868, 84.50, 0.856, 41.81, 0.843
27729,295808, 33.24, 0.00, 0.902, 0.000, 0.000, 0.000,0,0,0, 33.24, 0.902, 41.66, 0.886, 55.55, 0.874, 164.38, 0.846
27730,295818, 55.29, 0.00, 0.877, 0.000, 0.000, 0.000,0,0,0, 55.29, 0.877, 82.75, 0.859, 164.38, 0.844, 41.52, 0.772
27731,295829, 54.79, 0.00, 0.870, 0.000, 0.000, 0.000,0,0,0, 54.79, 0.870, 164.38, 0.866, 82.19, 0.856, 41.09, 0.812
27732,295840, 162.16, 0.00, 0.852, 0.000, 0.000, 0.000,0,0,0, 162.16, 0.852, 81.63, 0.771, 54.79, 0.737, 41.81, 0.652
27733,295850, 162.16, 0.00, 0.753, 0.000, 0.000, 0.000,0,0,0, 162.16, 0.753, 34.18, 0.682, 42.55, 0.576, 82.19, 0.568
27734,295861, 160.00, 0.00, 0.659, 0.000, 0.000, 0.000,0,0,0, 160.00, 0.659, 80.00, 0.406, 57.41, 0.349, 42.40, 0.292
27735,295872, 164.38, 0.00, 0.535, 0.000, 0.000, 0.000,0,0,0, 164.38, 0.535, 94.48, 0.271, 43.01, 0.116, 30.92, 0.058
27736,295882, 31.33, 0.00, 0.591, 0.000, 0.000, 0.000,0,0,0, 31.33, 0.591, 42.85, 0.249, 169.01, 0.197, 36.80, 0.068
27737,295893, 46.69, 0.00, 0.518, 0.000, 0.000, 0.000,0,0,0, 46.69, 0.518, 40.67, 0.453, 37.15, 0.356, 387.09, 0.266
27738,295904, 39.73, 0.00, 0.668, 0.000, 0.000, 0.000,0,0,0, 39.73, 0.668, 47.80, 0.391, 55.81, 0.237, 34.68, 0.097
27739,295914, 48.78, 0.00, 0.252, 0.000, 0.000, 0.000,0,0,0, 48.78, 0.252, 49.79, 0.228, 55.81, 0.212, 58.25, 0.163
27740,295925, 40.81, 0.00, 0.563, 0.000, 0.000, 0.000,0,0,0, 40.81, 0.563, 85.10, 0.320, 78.94, 0.232, 48.00, 0.161
27741,295936, 42.85, 0.00, 0.745, 0.000, 0.000, 0.000,0,0,0, 42.85, 0.745, 92.30, 0.325, 86.33, 0.324, 79.47, 0.265
27742,295946, 42.85, 0.00, 0.662, 0.000, 0.000, 0.000,0,0,0, 42.85, 0.662, 31.74, 0.246, 93.75, 0.190, 86.33, 0.161
27743,295957, 41.23, 0.00, 0.952, 0.000, 0.000, 0.000,0,0,0, 41.23, 0.952, 97.56, 0.300, 71.42, 0.227, 0.00, 0.000
27744,295968, 41.37, 0.00, 0.989, 0.000, 0.000, 0.000,0,0,0, 41.37, 0.989, 30.76, 0.316, 70.58, 0.229, 99.17, 0.201
27745,295978, 41.23, 0.00, 0.957, 0.000, 0.000, 0.000,0,0,0, 41.23, 0.957, 30.45, 0.357, 69.36, 0.288, 64.51, 0.242
27746,295989, 41.37, 0.00, 0.982, 0.000, 0.000, 0.000,0,0,0, 41.37, 0.982, 105.26, 0.363, 69.36, 0.236, 0.00, 0.000
27747,296000, 41.23, 0.00, 0.947, 0.000, 0.000, 0.000,0,0,0, 41.23, 0.947, 67.79, 0.374, 112.14, 0.175, 0.00, 0.000
27748,296010, 41.37, 0.00, 0.964, 0.000, 0.000, 0.000,0,0,0, 41.37, 0.964, 104.34, 0.451, 65.93, 0.294, 0.00, 0.000
27749,296021, 41.37, 0.00, 0.970, 0.000, 0.000, 0.000,0,0,0, 41.37, 0.970, 67.79, 0.491, 112.14, 0.231, 30.45, 0.037
27750,296032, 41.37, 0.00, 0.945, 0.000, 0.000, 0.000,0,0,0, 41.37, 0.945, 107.14, 0.458, 66.66, 0.309, 0.00, 0.000
27751,296042, 41.37, 0.00, 0.942, 0.000, 0.000, 0.000,0,0,0, 41.37, 0.942, 40.13, 0.742, 66.66, 0.442, 110.09, 0.259
27752,296053, 41.37, 0.00, 0.905, 0.000, 0.000, 0.000,0,0,0, 41.37, 0.905, 66.29, 0.342, 107.14, 0.303, 77.41, 0.061
27753,296064, 41.37, 0.00, 0.890, 0.000, 0.000, 0.000,0,0,0, 41.37, 0.890, 30.53, 0.355, 66.29, 0.316, 104.34, 0.260
27754,296074, 41.52, 0.00, 0.973, 0.000, 0.000, 0.000,0,0,0, 41.52, 0.973, 30.53, 0.317, 69.36, 0.267, 31.91, 0.244
27755,296085, 41.66, 0.00, 0.964, 0.000, 0.000, 0.000,0,0,0, 41.66, 0.964, 104.34, 0.398, 68.96, 0.237, 89.55, 0.105
27756,296096, 41.37, 0.00, 0.992, 0.000, 0.000, 0.000,0,0,0, 41.37, 0.992, 68.18, 0.439, 109.09, 0.196, 0.00, 0.000
27757,296106, 41.52, 0.00, 0.991, 0.000, 0.000, 0.000,0,0,0, 41.52, 0.991, 105.26, 0.484, 67.03, 0.291, 0.00, 0.000
27758,296117, 41.52, 0.00, 0.994, 0.000, 0.000, 0.000,0,0,0, 41.52, 0.994, 68.18, 0.472, 108.10, 0.280, 30.07, 0.112
27759,296128, 41.52, 0.00, 0.994, 0.000, 0.000, 0.000,0,0,0, 41.52, 0.994, 107.14, 0.487, 67.03, 0.280, 0.00, 0.000
27760,296138, 41.52, 0.00, 0.989, 0.000, 0.000, 0.000,0,0,0, 41.52, 0.989, 67.41, 0.384, 111.11, 0.276, 30.69, 0.151
27761,296149, 41.37, 0.00, 0.972, 0.000, 0.000, 0.000,0,0,0, 41.37, 0.972, 66.66, 0.363, 110.09, 0.339, 30.07, 0.335
27762,296160, 41.66, 0.00, 0.983, 0.000, 0.000, 0.000,0,0,0, 41.66, 0.983, 30.53, 0.473, 111.11, 0.389, 66.66, 0.281
27763,296170, 41.52, 0.00, 0.992, 0.000, 0.000, 0.000,0,0,0, 41.52, 0.992, 66.29, 0.371, 110.09, 0.308, 32.60, 0.192
27764,296181, 41.52, 0.00, 0.993, 0.000, 0.000, 0.000,0,0,0, 41.52, 0.993, 30.15, 0.726, 110.09, 0.493, 66.66, 0.322
27765,296192, 41.37, 0.00, 0.996, 0.000, 0.000, 0.000,0,0,0, 41.37, 0.996, 66.29, 0.504, 110.09, 0.224, 0.00, 0.000
27766,296202, 41.37, 0.00, 0.986, 0.000, 0.000, 0.000,0,0,0, 41.37, 0.986, 110.09, 0.521, 65.93, 0.335, 84.50, 0.016
27767,296213, 41.37, 0.00, 0.983, 0.000, 0.000, 0.000,0,0,0, 41.37, 0.983, 66.66, 0.461, 110.09, 0.308, 30.30, 0.160
27768,296224, 41.52, 0.00, 0.989, 0.000, 0.000, 0.000,0,0,0, 41.52, 0.989, 109.09, 0.471, 66.66, 0.307, 83.33, 0.112
27769,296234, 41.37, 0.00, 0.983, 0.000, 0.000, 0.000,0,0,0, 41.37, 0.983, 66.66, 0.382, 109.09, 0.263, 82.75, 0.250
27770,296245, 41.52, 0.00, 0.994, 0.000, 0.000, 0.000,0,0,0, 41.52, 0.994, 67.03, 0.347, 83.33, 0.314, 109.09, 0.306
27771,296256, 41.37, 0.00, 0.990, 0.000, 0.000, 0.000,0,0,0, 41.37, 0.990, 30.15, 0.472, 108.10, 0.368, 82.75, 0.304
27772,296266, 41.37, 0.00, 0.985, 0.000, 0.000, 0.000,0,0,0, 41.37, 0.985, 67.41, 0.346, 83.33, 0.289, 107.14, 0.243
27773,296277, 41.37, 0.00, 0.987, 0.000, 0.000, 0.000,0,0,0, 41.37, 0.987, 107.14, 0.437, 67.41, 0.353, 82.19, 0.179
27774,296288, 41.37, 0.00, 0.991, 0.000, 0.000, 0.000,0,0,0, 41.37, 0.991, 67.79, 0.472, 107.14, 0.187, 81.08, 0.130
27775,296298, 41.52, 0.00, 0.992, 0.000, 0.000, 0.000,0,0,0, 41.52, 0.992, 107.14, 0.494, 67.41, 0.242, 85.71, 0.146
27776,296309, 41.52, 0.00, 0.976, 0.000, 0.000, 0.000,0,0,0, 41.52, 0.976, 67.79, 0.409, 108.10, 0.235, 80.00, 0.132
27777,296320, 41.37, 0.00, 0.994, 0.000, 0.000, 0.000,0,0,0, 41.37, 0.994, 108.10, 0.385, 67.41, 0.299, 85.71, 0.203
27778,296330, 41.37, 0.00, 0.996, 0.000, 0.000, 0.000,0,0,0, 41.37, 0.996, 67.41, 0.346, 80.00, 0.323, 108.10, 0.228
27779,296341, 41.52, 0.00, 0.988, 0.000, 0.000, 0.000,0,0,0, 41.52, 0.988, 67.79, 0.317, 86.33, 0.299, 107.14, 0.299
27780,296352, 41.52, 0.00, 0.987, 0.000, 0.000, 0.000,0,0,0, 41.52, 0.987, 107.14, 0.413, 67.79, 0.257, 79.47, 0.257
27781,296362, 41.52, 0.00, 0.985, 0.000, 0.000, 0.000,0,0,0, 41.52, 0.985, 67.79, 0.361, 107.14, 0.250, 86.95, 0.217
27782,296373, 41.52, 0.00, 0.997, 0.000, 0.000, 0.000,0,0,0, 41.52, 0.997, 107.14, 0.455, 67.79, 0.345, 78.94, 0.114
27783,296384, 41.52, 0.00, 0.988, 0.000, 0.000, 0.000,0,0,0, 41.52, 0.988, 67.79, 0.471, 107.14, 0.214, 77.41, 0.162
27784,296394, 41.52, 0.00, 0.989, 0.000, 0.000, 0.000,0,0,0, 41.52, 0.989, 107.14, 0.489, 67.41, 0.212, 89.55, 0.201
27785,296405, 41.37, 0.00, 0.988, 0.000, 0.000, 0.000,0,0,0, 41.37, 0.988, 68.18, 0.368, 106.19, 0.210, 77.41, 0.175
27786,296416, 41.52, 0.00, 0.995, 0.000, 0.000, 0.000,0,0,0, 41.52, 0.995, 106.19, 0.384, 68.57, 0.280, 88.88, 0.279
27787,296426, 41.52, 0.00, 0.980, 0.000, 0.000, 0.000,0,0,0, 41.52, 0.980, 76.92, 0.339, 68.18, 0.300, 105.26, 0.224
27788,296437, 41.52, 0.00, 0.981, 0.000, 0.000, 0.000,0,0,0, 41.52, 0.981, 90.22, 0.317, 105.26, 0.302, 68.57, 0.297
27789,296448, 41.52, 0.00, 0.991, 0.000, 0.000, 0.000,0,0,0, 41.52, 0.991, 106.19, 0.438, 75.94, 0.298, 68.57, 0.253
27790,296458, 41.37, 0.00, 0.993, 0.000, 0.000, 0.000,0,0,0, 41.37, 0.993, 68.18, 0.363, 75.00, 0.272, 91.60, 0.257
27791,296469, 41.37, 0.00, 0.993, 0.000, 0.000, 0.000,0,0,0, 41.37, 0.993, 105.26, 0.454, 68.18, 0.302, 75.00, 0.165
27792,296480, 41.37, 0.00, 0.993, 0.000, 0.000, 0.000,0,0,0, 41.37, 0.993, 68.18, 0.460, 105.26, 0.242, 92.30, 0.145
27793,296490, 41.52, 0.00, 0.999, 0.000, 0.000, 0.000,0,0,0, 41.52, 0.999, 105.26, 0.505, 68.96, 0.185, 75.00, 0.169
27794,296501, 41.37, 0.00, 0.990, 0.000, 0.000, 0.000,0,0,0, 41.37, 0.990, 68.57, 0.369, 104.34, 0.197, 93.02, 0.188
27795,296512, 41.37, 0.00, 0.986, 0.000, 0.000, 0.000,0,0,0, 41.37, 0.986, 105.26, 0.381, 93.02, 0.337, 68.57, 0.276
27796,296522, 41.52, 0.00, 0.989, 0.000, 0.000, 0.000,0,0,0, 41.52, 0.989, 74.07, 0.386, 93.75, 0.225, 103.44, 0.213
27797,296533, 41.37, 0.00, 0.998, 0.000, 0.000, 0.000,0,0,0, 41.37, 0.998, 94.48, 0.355, 103.44, 0.293, 68.18, 0.275
27798,296544, 41.37, 0.00, 0.998, 0.000, 0.000, 0.000,0,0,0, 41.37, 0.998, 105.26, 0.409, 73.61, 0.332, 68.18, 0.260
27799,296554, 41.52, 0.00, 0.989, 0.000, 0.000, 0.000,0,0,0, 41.52, 0.989, 69.36, 0.386, 71.42, 0.384, 95.23, 0.267
27800,296565, 41.52, 0.00, 0.995, 0.000, 0.000, 0.000,0,0,0, 41.52, 0.995, 104.34, 0.440, 68.96, 0.257, 0.00, 0.000
27801,296576, 41.37, 0.00, 0.991, 0.000, 0.000, 0.000,0,0,0, 41.37, 0.991, 68.96, 0.449, 96.77, 0.209, 100.84, 0.208
27802,296586, 41.52, 0.00, 0.998, 0.000, 0.000, 0.000,0,0,0, 41.52, 0.998, 103.44, 0.484, 72.72, 0.230, 0.00, 0.000
27803,296597, 41.37, 0.00, 0.992, 0.000, 0.000, 0.000,0,0,0, 41.37, 0.992, 72.28, 0.375, 96.00, 0.212, 0.00, 0.000
27804,296608, 41.37, 0.00, 0.989, 0.000, 0.000, 0.000,0,0,0, 41.37, 0.989, 96.00, 0.408, 102.56, 0.357, 72.28, 0.333
27805,296618, 41.37, 0.00, 0.995, 0.000, 0.000, 0.000,0,0,0, 41.37, 0.995, 72.72, 0.421, 96.77, 0.297, 0.00, 0.000
27806,296629, 41.52, 0.00, 0.994, 0.000, 0.000, 0.000,0,0,0, 41.52, 0.994, 96.77, 0.394, 70.58, 0.313, 0.00, 0.000
27807,296640, 41.37, 0.00, 0.992, 0.000, 0.000, 0.000,0,0,0, 41.37, 0.992, 102.56, 0.423, 72.28, 0.337, 0.00, 0.000
27808,296650, 41.52, 0.00, 0.991, 0.000, 0.000, 0.000,0,0,0, 41.52, 0.991, 70.58, 0.463, 97.56, 0.257, 0.00, 0.000
27809,296661, 41.52, 0.00, 0.992, 0.000, 0.000, 0.000,0,0,0, 41.52, 0.992, 101.69, 0.470, 70.58, 0.267, 0.00, 0.000
27810,296672, 41.37, 0.00, 0.998, 0.000, 0.000, 0.000,0,0,0, 41.37, 0.998, 70.17, 0.483, 97.56, 0.254, 0.00, 0.000
27811,296682, 41.37, 0.00, 0.995, 0.000, 0.000, 0.000,0,0,0, 41.37, 0.995, 99.17, 0.520, 71.85, 0.294, 0.00, 0.000
27812,296693, 41.23, 0.00, 0.996, 0.000, 0.000, 0.000,0,0,0, 41.23, 0.996, 71.00, 0.449, 97.56, 0.266, 0.00, 0.000
27813,296704, 41.37, 0.00, 0.990, 0.000, 0.000, 0.000,0,0,0, 41.37, 0.990, 98.36, 0.479, 71.00, 0.420, 0.00, 0.000
27814,296714, 41.37, 0.00, 0.989, 0.000, 0.000, 0.000,0,0,0, 41.37, 0.989, 71.00, 0.473, 98.36, 0.401, 0.00, 0.000
27815,296725, 41.37, 0.00, 0.983, 0.000, 0.000, 0.000,0,0,0, 41.37, 0.983, 100.00, 0.429, 70.58, 0.396, 85.10, 0.085
27816,296736, 41.37, 0.00, 0.990, 0.000, 0.000, 0.000,0,0,0, 41.37, 0.990, 100.00, 0.491, 70.58, 0.387, 0.00, 0.000
27817,296746, 41.37, 0.00, 0.999, 0.000, 0.000, 0.000,0,0,0, 41.37, 0.999, 70.58, 0.518, 100.00, 0.255, 0.00, 0.000
27818,296757, 41.23, 0.00, 0.952, 0.000, 0.000, 0.000,0,0,0, 41.23, 0.952, 99.17, 0.510, 70.58, 0.281, 0.00, 0.000
27819,296768, 41.37, 0.00, 0.947, 0.000, 0.000, 0.000,0,0,0, 41.37, 0.947, 71.42, 0.521, 97.56, 0.298, 0.00, 0.000
27820,296778, 41.37, 0.00, 0.854, 0.000, 0.000, 0.000,0,0,0, 41.37, 0.854, 98.36, 0.469, 71.85, 0.433, 0.00, 0.000
27821,296789, 40.67, 0.00, 0.838, 0.000, 0.000, 0.000,0,0,0, 40.67, 0.838, 71.00, 0.548, 90.22, 0.345, 34.18, 0.049
27822,296800, 41.37, 0.00, 0.988, 0.000, 0.000, 0.000,0,0,0, 41.37, 0.988, 99.17, 0.435, 91.60, 0.383, 76.43, 0.379
27823,296810, 41.37, 0.00, 0.992, 0.000, 0.000, 0.000,0,0,0, 41.37, 0.992, 71.00, 0.434, 89.55, 0.390, 76.43, 0.378
27824,296821, 41.37, 0.00, 0.998, 0.000, 0.000, 0.000,0,0,0, 41.37, 0.998, 77.41, 0.429, 100.00, 0.359, 88.88, 0.338
27825,296832, 41.37, 0.00, 0.992, 0.000, 0.000, 0.000,0,0,0, 41.37, 0.992, 88.88, 0.490, 77.41, 0.354, 71.42, 0.317
27826,296842, 41.37, 0.00, 0.988, 0.000, 0.000, 0.000,0,0,0, 41.37, 0.988, 77.92, 0.531, 87.59, 0.373, 99.17, 0.306
27827,296853, 41.52, 0.00, 0.989, 0.000, 0.000, 0.000,0,0,0, 41.52, 0.989, 87.59, 0.539, 0.00, 0.000, 0.00, 0.000
27828,296864, 41.37, 0.00, 0.993, 0.000, 0.000, 0.000,0,0,0, 41.37, 0.993, 78.94, 0.505, 71.42, 0.286, 99.17, 0.271
27829,296874, 41.37, 0.00, 0.991, 0.000, 0.000, 0.000,0,0,0, 41.37, 0.991, 79.47, 0.442, 86.33, 0.410, 70.58, 0.354
27830,296885, 41.23, 0.00, 0.975, 0.000, 0.000, 0.000,0,0,0, 41.23, 0.975, 86.33, 0.408, 80.00, 0.388, 70.17, 0.366
27831,296896, 41.23, 0.00, 0.972, 0.000, 0.000, 0.000,0,0,0, 41.23, 0.972, 85.71, 0.392, 80.00, 0.392, 101.69, 0.385
27832,296906, 41.37, 0.00, 0.992, 0.000, 0.000, 0.000,0,0,0, 41.37, 0.992, 85.10, 0.427, 69.36, 0.354, 0.00, 0.000
27833,296917, 41.37, 0.00, 0.989, 0.000, 0.000, 0.000,0,0,0, 41.37, 0.989, 80.00, 0.500, 70.17, 0.273, 102.56, 0.273
27834,296928, 41.37, 0.00, 0.992, 0.000, 0.000, 0.000,0,0,0, 41.37, 0.992, 85.10, 0.555, 69.76, 0.208, 0.00, 0.000
27835,296938, 41.37, 0.00, 0.993, 0.000, 0.000, 0.000,0,0,0, 41.37, 0.993, 81.08, 0.592, 100.84, 0.252, 0.00, 0.000
27836,296949, 41.37, 0.00, 0.994, 0.000, 0.000, 0.000,0,0,0, 41.37, 0.994, 84.50, 0.592, 103.44, 0.261, 69.36, 0.197
27837,296960, 41.23, 0.00, 0.989, 0.000, 0.000, 0.000,0,0,0, 41.23, 0.989, 81.63, 0.529, 69.36, 0.246, 0.00, 0.000
27838,296970, 41.37, 0.00, 0.989, 0.000, 0.000, 0.000,0,0,0, 41.37, 0.989, 81.63, 0.468, 103.44, 0.290, 37.15, 0.019
27839,296981, 41.37, 0.00, 0.998, 0.000, 0.000, 0.000,0,0,0, 41.37, 0.998, 83.33, 0.438, 68.57, 0.321, 0.00, 0.000
27840,296992, 41.52, 0.00, 0.993, 0.000, 0.000, 0.000,0,0,0, 41.52, 0.993, 82.75, 0.436, 104.34, 0.334, 0.00, 0.000
27841,297002, 41.37, 0.00, 0.996, 0.000, 0.000, 0.000,0,0,0, 41.37, 0.996, 83.33, 0.508, 68.57, 0.269, 0.00, 0.000
27842,297013, 41.37, 0.00, 0.979, 0.000, 0.000, 0.000,0,0,0, 41.37, 0.979, 82.19, 0.560, 105.26, 0.203, 68.57, 0.181
27843,297024, 41.37, 0.00, 0.991, 0.000, 0.000, 0.000,0,0,0, 41.37, 0.991, 83.33, 0.619, 68.18, 0.083, 0.00, 0.000
27844,297034, 41.37, 0.00, 0.989, 0.000, 0.000, 0.000,0,0,0, 41.37, 0.989, 82.75, 0.623, 0.00, 0.000, 0.00, 0.000
27845,297045, 41.37, 0.00, 0.988, 0.000, 0.000, 0.000,0,0,0, 41.37, 0.988, 83.33, 0.591, 107.14, 0.221, 0.00, 0.000
27846,297056, 41.37, 0.00, 0.997, 0.000, 0.000, 0.000,0,0,0, 41.37, 0.997, 82.75, 0.505, 0.00, 0.000, 0.00, 0.000
27847,297066, 41.37, 0.00, 0.990, 0.000, 0.000, 0.000,0,0,0, 41.37, 0.990, 82.75, 0.444, 108.10, 0.237, 0.00, 0.000
27848,297077, 41.37, 0.00, 0.995, 0.000, 0.000, 0.000,0,0,0, 41.37, 0.995, 82.75, 0.441, 67.03, 0.236, 0.00, 0.000
27849,297088, 41.37, 0.00, 0.995, 0.000, 0.000, 0.000,0,0,0, 41.37, 0.995, 82.75, 0.443, 108.10, 0.220, 0.00, 0.000
27850,297098, 41.37, 0.00, 0.995, 0.000, 0.000, 0.000,0,0,0, 41.37, 0.995, 82.75, 0.521, 0.00, 0.000, 0.00, 0.000
27851,297109, 41.37, 0.00, 0.996, 0.000, 0.000, 0.000,0,0,0, 41.37, 0.996, 82.75, 0.573, 30.07, 0.165, 109.09, 0.113
27852,297120, 41.37, 0.00, 0.995, 0.000, 0.000, 0.000,0,0,0, 41.37, 0.995, 82.75, 0.597, 0.00, 0.000, 0.00, 0.000
27853,297130, 41.37, 0.00, 0.994, 0.000, 0.000, 0.000,0,0,0, 41.37, 0.994, 83.33, 0.579, 0.00, 0.000, 0.00, 0.000
27854,297141, 41.37, 0.00, 0.993, 0.000, 0.000, 0.000,0,0,0, 41.37, 0.993, 82.19, 0.519, 30.07, 0.500, 108.10, 0.209
27855,297152, 41.37, 0.00, 0.997, 0.000, 0.000, 0.000,0,0,0, 41.37, 0.997, 82.75, 0.421, 68.96, 0.219, 0.00, 0.000
27856,297162, 41.52, 0.00, 0.996, 0.000, 0.000, 0.000,0,0,0, 41.52, 0.996, 82.75, 0.371, 108.10, 0.261, 0.00, 0.000
27857,297173, 41.37, 0.00, 0.997, 0.000, 0.000, 0.000,0,0,0, 41.37, 0.997, 83.91, 0.349, 67.03, 0.240, 35.50, 0.031
27858,297184, 41.37, 0.00, 0.999, 0.000, 0.000, 0.000,0,0,0, 41.37, 0.999, 83.91, 0.374, 108.10, 0.196, 0.00, 0.000
27859,297194, 41.37, 0.00, 0.998, 0.000, 0.000, 0.000,0,0,0, 41.37, 0.998, 81.08, 0.451, 0.00, 0.000, 0.00, 0.000
27860,297205, 41.37, 0.00, 0.992, 0.000, 0.000, 0.000,0,0,0, 41.37, 0.992, 84.50, 0.514, 67.41, 0.144, 0.00, 0.000
27861,297216, 41.37, 0.00, 0.995, 0.000, 0.000, 0.000,0,0,0, 41.37, 0.995, 81.08, 0.504, 0.00, 0.000, 0.00, 0.000
27862,297226, 41.37, 0.00, 0.995, 0.000, 0.000, 0.000,0,0,0, 41.37, 0.995, 85.10, 0.482, 0.00, 0.000, 0.00, 0.000
27863,297237, 41.37, 0.00, 0.994, 0.000, 0.000, 0.000,0,0,0, 41.37, 0.994, 80.53, 0.383, 107.14, 0.252, 67.79, 0.162
27864,297248, 41.37, 0.00, 0.999, 0.000, 0.000, 0.000,0,0,0, 41.37, 0.999, 85.10, 0.299, 80.53, 0.296, 67.41, 0.280
27865,297258, 41.37, 0.00, 0.995, 0.000, 0.000, 0.000,0,0,0, 41.37, 0.995, 106.19, 0.339, 85.10, 0.302, 81.08, 0.295
27866,297269, 41.37, 0.00, 0.988, 0.000, 0.000, 0.000,0,0,0, 41.37, 0.988, 85.10, 0.302, 80.53, 0.294, 68.18, 0.276
27867,297280, 41.37, 0.00, 0.991, 0.000, 0.000, 0.000,0,0,0, 41.37, 0.991, 85.71, 0.376, 105.26, 0.236, 68.96, 0.179
27868,297290, 41.37, 0.00, 0.991, 0.000, 0.000, 0.000,0,0,0, 41.37, 0.991, 80.00, 0.465, 68.57, 0.193, 102.56, 0.148
27869,297301, 41.37, 0.00, 0.991, 0.000, 0.000, 0.000,0,0,0, 41.37, 0.991, 86.33, 0.464, 68.96, 0.188, 0.00, 0.000
27870,297312, 41.37, 0.00, 0.997, 0.000, 0.000, 0.000,0,0,0, 41.37, 0.997, 79.47, 0.460, 102.56, 0.278, 0.00, 0.000
27871,297322, 41.37, 0.00, 0.996, 0.000, 0.000, 0.000,0,0,0, 41.37, 0.996, 86.95, 0.433, 69.36, 0.237, 0.00, 0.000
27872,297333, 41.37, 0.00, 0.995, 0.000, 0.000, 0.000,0,0,0, 41.37, 0.995, 103.44, 0.345, 79.47, 0.324, 68.96, 0.214
27873,297344, 41.37, 0.00, 0.992, 0.000, 0.000, 0.000,0,0,0, 41.37, 0.992, 68.96, 0.375, 78.94, 0.299, 86.95, 0.276
27874,297354, 41.37, 0.00, 0.991, 0.000, 0.000, 0.000,0,0,0, 41.37, 0.991, 102.56, 0.430, 87.59, 0.313, 78.94, 0.267
27875,297365, 41.37, 0.00, 0.993, 0.000, 0.000, 0.000,0,0,0, 41.37, 0.993, 69.76, 0.340, 77.92, 0.302, 86.95, 0.292
27876,297376, 41.37, 0.00, 0.993, 0.000, 0.000, 0.000,0,0,0, 41.37, 0.993, 87.59, 0.390, 101.69, 0.333, 77.92, 0.285
27877,297386, 41.37, 0.00, 0.995, 0.000, 0.000, 0.000,0,0,0, 41.37, 0.995, 77.92, 0.456, 100.84, 0.226, 45.97, 0.124
27878,297397, 41.37, 0.00, 0.999, 0.000, 0.000, 0.000,0,0,0, 41.37, 0.999, 88.23, 0.460, 78.43, 0.308, 70.17, 0.238
27879,297408, 41.37, 0.00, 0.979, 0.000, 0.000, 0.000,0,0,0, 41.37, 0.979, 78.43, 0.464, 87.59, 0.358, 101.69, 0.342
27880,297418, 41.66, 0.00, 0.939, 0.000, 0.000, 0.000,0,0,0, 41.66, 0.939, 88.88, 0.412, 78.43, 0.375, 70.58, 0.343
27881,297429, 42.10, 0.00, 0.895, 0.000, 0.000, 0.000,0,0,0, 42.10, 0.895, 90.22, 0.378, 78.94, 0.348, 100.84, 0.341
27882,297440, 42.40, 0.00, 0.647, 0.000, 0.000, 0.000,0,0,0, 42.40, 0.647, 82.19, 0.441, 47.05, 0.260, 38.58, 0.219
27883,297450, 31.33, 0.00, 0.720, 0.000, 0.000, 0.000,0,0,0, 31.33, 0.720, 43.16, 0.392, 88.88, 0.376, 45.11, 0.365
27884,297461, 45.28, 0.00, 0.370, 0.000, 0.000, 0.000,0,0,0, 45.28, 0.370, 50.84, 0.284, 32.52, 0.241, 89.55, 0.199
27885,297472, 51.28, 0.00, 0.425, 0.000, 0.000, 0.000,0,0,0, 51.28, 0.425, 33.89, 0.234, 40.26, 0.224, 37.26, 0.183
27886,297482, 37.97, 0.00, 0.450, 0.000, 0.000, 0.000,0,0,0, 37.97, 0.450, 51.28, 0.412, 0.00, 0.000, 0.00, 0.000
27887,297493, 46.87, 0.00, 0.730, 0.000, 0.000, 0.000,0,0,0, 46.87, 0.730, 39.73, 0.446, 0.00, 0.000, 0.00, 0.000
27888,297504, 46.87, 0.00, 0.984, 0.000, 0.000, 0.000,0,0,0, 46.87, 0.984, 0.00, 0.000, 0.00, 0.000, 0.00, 0.000
27889,297514, 46.15, 0.00, 0.806, 0.000, 0.000, 0.000,0,0,0, 46.15, 0.806, 43.32, 0.792, 0.00, 0.000, 0.00, 0.000
27890,297525, 43.47, 0.00, 0.955, 0.000, 0.000, 0.000,0,0,0, 43.47, 0.955, 0.00, 0.000, 0.00, 0.000, 0.00, 0.000
27891,297536, 43.63, 0.00, 0.767, 0.000, 0.000, 0.000,0,0,0, 43.63, 0.767, 41.09, 0.758, 47.80, 0.470, 0.00, 0.000
27892,297546, 40.95, 0.00, 0.650, 0.000, 0.000, 0.000,0,0,0, 40.95, 0.650, 46.69, 0.634, 47.61, 0.629, 0.00, 0.000
27893,297557, 48.97, 0.00, 0.672, 0.000, 0.000, 0.000,0,0,0, 48.97, 0.672, 41.52, 0.337, 279.06, 0.181, 0.00, 0.000
27894,297568, 50.42, 0.00, 0.382, 0.000, 0.000, 0.000,0,0,0, 50.42, 0.382, 32.00, 0.348, 30.84, 0.290, 39.86, 0.211
27895,297578, 53.09, 0.00, 0.425, 0.000, 0.000, 0.000,0,0,0, 53.09, 0.425, 37.15, 0.325, 144.57, 0.147, 193.54, 0.144
27896,297589, 42.25, 0.00, 0.475, 0.000, 0.000, 0.000,0,0,0, 42.25, 0.475, 53.57, 0.398, 34.58, 0.391, 190.47, 0.302
27897,297600, 40.67, 0.00, 0.451, 0.000, 0.000, 0.000,0,0,0, 40.67, 0.451, 54.29, 0.276, 181.81, 0.241, 33.33, 0.166
27898,297610, 34.09, 0.00, 0.677, 0.000, 0.000, 0.000,0,0,0, 34.09, 0.677, 40.81, 0.648, 53.81, 0.264, 200.00, 0.258
27899,297621, 40.67, 0.00, 0.677, 0.000, 0.000, 0.000,0,0,0, 40.67, 0.677, 52.86, 0.294, 203.38, 0.085, 72.72, 0.037
27900,297632, 40.54, 0.00, 0.509, 0.000, 0.000, 0.000,0,0,0, 40.54, 0.509, 33.24, 0.297, 173.91, 0.263, 54.54, 0.162
27901,297642, 155.84, 0.00, 0.332, 0.000, 0.000, 0.000,0,0,0, 155.84, 0.332, 40.67, 0.321, 30.69, 0.272, 54.79, 0.269
27902,297653, 41.37, 0.00, 0.519, 0.000, 0.000, 0.000,0,0,0, 41.37, 0.519, 34.09, 0.413, 166.66, 0.281, 54.54, 0.242
27903,297664, 34.28, 0.00, 0.736, 0.000, 0.000, 0.000,0,0,0, 34.28, 0.736, 164.38, 0.273, 54.54, 0.268, 42.55, 0.245
27904,297674, 34.28, 0.00, 0.492, 0.000, 0.000, 0.000,0,0,0, 34.28, 0.492, 43.32, 0.489, 53.33, 0.398, 88.23, 0.270
27905,297685, 53.81, 0.00, 0.671, 0.000, 0.000, 0.000,0,0,0, 53.81, 0.671, 32.78, 0.535, 80.00, 0.372, 162.16, 0.323
27906,297696, 54.79, 0.00, 0.641, 0.000, 0.000, 0.000,0,0,0, 54.79, 0.641, 33.24, 0.402, 82.75, 0.377, 153.84, 0.225
27907,297706, 33.33, 0.00, 0.784, 0.000, 0.000, 0.000,0,0,0, 33.33, 0.784, 42.70, 0.551, 85.10, 0.365, 157.89, 0.288
27908,297717, 43.16, 0.00, 0.602, 0.000, 0.000, 0.000,0,0,0, 43.16, 0.602, 81.63, 0.590, 34.48, 0.176, 59.40, 0.152
27909,297728, 82.75, 0.00, 0.715, 0.000, 0.000, 0.000,0,0,0, 82.75, 0.715, 41.66, 0.691, 34.58, 0.076, 0.00, 0.000
27910,297738, 81.63, 0.00, 0.608, 0.000, 0.000, 0.000,0,0,0, 81.63, 0.608, 41.52, 0.561, 32.69, 0.486, 54.29, 0.060
27911,297749, 40.67, 0.00, 0.629, 0.000, 0.000, 0.000,0,0,0, 40.67, 0.629, 85.10, 0.523, 57.14, 0.059, 148.14, 0.059
27912,297760, 40.67, 0.00, 0.619, 0.000, 0.000, 0.000,0,0,0, 40.67, 0.619, 81.08, 0.492, 146.34, 0.057, 0.00, 0.000
27913,297770, 32.96, 0.00, 0.618, 0.000, 0.000, 0.000,0,0,0, 32.96, 0.618, 85.10, 0.535, 41.95, 0.329, 52.40, 0.195
27914,297781, 42.10, 0.00, 0.597, 0.000, 0.000, 0.000,0,0,0, 42.10, 0.597, 84.50, 0.475, 45.28, 0.382, 31.49, 0.078
27915,297792, 42.70, 0.00, 0.476, 0.000, 0.000, 0.000,0,0,0, 42.70, 0.476, 45.28, 0.407, 32.52, 0.294, 86.95, 0.209
27916,297802, 42.70, 0.00, 0.659, 0.000, 0.000, 0.000,0,0,0, 42.70, 0.659, 32.52, 0.149, 0.00, 0.000, 0.00, 0.000
27917,297813, 42.70, 0.00, 0.991, 0.000, 0.000, 0.000,0,0,0, 42.70, 0.991, 0.00, 0.000, 0.00, 0.000, 0.00, 0.000
27918,297824, 40.13, 0.00, 0.993, 0.000, 0.000, 0.000,0,0,0, 40.13, 0.993, 0.00, 0.000, 0.00, 0.000, 0.00, 0.000
27919,297834, 33.24, 0.00, 0.793, 0.000, 0.000, 0.000,0,0,0, 33.24, 0.793, 0.00, 0.000, 0.00, 0.000, 0.00, 0.000
27920,297845, 42.10, 0.00, 0.354, 0.000, 0.000, 0.000,0,0,0, 42.10, 0.354, 33.89, 0.333, 30.92, 0.293, 179.10, 0.233
27921,297856, 179.10, 0.00, 0.342, 0.000, 0.000, 0.000,0,0,0, 179.10, 0.342, 42.25, 0.317, 55.29, 0.181, 33.70, 0.096
27922,297866, 55.55, 0.00, 0.392, 0.000, 0.000, 0.000,0,0,0, 55.55, 0.392, 181.81, 0.260, 81.63, 0.256, 42.40, 0.015
27923,297877, 33.80, 0.00, 0.488, 0.000, 0.000, 0.000,0,0,0, 33.80, 0.488, 55.55, 0.395, 173.91, 0.166, 40.95, 0.130
27924,297888, 31.83, 0.00, 0.422, 0.000, 0.000, 0.000,0,0,0, 31.83, 0.422, 33.80, 0.421, 42.25, 0.260, 173.91, 0.255
27925,297898, 173.91, 0.00, 0.419, 0.000, 0.000, 0.000,0,0,0, 173.91, 0.419, 56.60, 0.308, 84.50, 0.186, 42.40, 0.175
27926,297909, 41.09, 0.00, 0.355, 0.000, 0.000, 0.000,0,0,0, 41.09, 0.355, 53.81, 0.348, 82.75, 0.268, 173.91, 0.254
27927,297920, 32.96, 0.00, 0.720, 0.000, 0.000, 0.000,0,0,0, 32.96, 0.720, 40.81, 0.491, 54.05, 0.415, 173.91, 0.314
27928,297930, 55.29, 0.00, 0.765, 0.000, 0.000, 0.000,0,0,0, 55.29, 0.765, 85.10, 0.167, 33.42, 0.160, 0.00, 0.000
27929,297941, 55.55, 0.00, 0.741, 0.000, 0.000, 0.000,0,0,0, 55.55, 0.741, 86.95, 0.186, 34.18, 0.171, 164.38, 0.134
27930,297952, 33.99, 0.00, 0.631, 0.000, 0.000, 0.000,0,0,0, 33.99, 0.631, 55.29, 0.578, 86.33, 0.290, 43.79, 0.267
27931,297962, 54.54, 0.00, 0.509, 0.000, 0.000, 0.000,0,0,0, 54.54, 0.509, 40.13, 0.400, 153.84, 0.254, 80.53, 0.145
27932,297973, 52.63, 0.00, 0.388, 0.000, 0.000, 0.000,0,0,0, 52.63, 0.388, 153.84, 0.264, 40.26, 0.244, 76.92, 0.240
27933,297984, 33.51, 0.00, 0.587, 0.000, 0.000, 0.000,0,0,0, 33.51, 0.587, 162.16, 0.416, 41.81, 0.398, 56.33, 0.369
27934,297994, 56.33, 0.00, 0.432, 0.000, 0.000, 0.000,0,0,0, 56.33, 0.432, 162.16, 0.296, 42.10, 0.215, 44.94, 0.210
27935,298005, 53.09, 0.00, 0.495, 0.000, 0.000, 0.000,0,0,0, 53.09, 0.495, 157.89, 0.375, 87.59, 0.335, 32.78, 0.310
27936,298016, 54.54, 0.00, 0.696, 0.000, 0.000, 0.000,0,0,0, 54.54, 0.696, 32.78, 0.410, 85.71, 0.330, 157.89, 0.316
27937,298026, 54.79, 0.00, 0.719, 0.000, 0.000, 0.000,0,0,0, 54.79, 0.719, 33.80, 0.570, 88.88, 0.439, 150.00, 0.222
27938,298037, 34.18, 0.00, 0.867, 0.000, 0.000, 0.000,0,0,0, 34.18, 0.867, 55.29, 0.718, 88.88, 0.492, 150.00, 0.312
27939,298048, 42.10, 0.00, 0.535, 0.000, 0.000, 0.000,0,0,0, 42.10, 0.535, 86.33, 0.499, 55.81, 0.466, 157.89, 0.436
27940,298058, 42.55, 0.00, 0.715, 0.000, 0.000, 0.000,0,0,0, 42.55, 0.715, 33.42, 0.623, 86.95, 0.541, 56.87, 0.540
27941,298069, 30.22, 0.00, 0.790, 0.000, 0.000, 0.000,0,0,0, 30.22, 0.790, 162.16, 0.415, 86.33, 0.364, 56.33, 0.217
27942,298080, 36.92, 0.00, 0.609, 0.000, 0.000, 0.000,0,0,0, 36.92, 0.609, 48.58, 0.386, 162.16, 0.323, 92.30, 0.307
27943,298090, 34.88, 0.00, 0.556, 0.000, 0.000, 0.000,0,0,0, 34.88, 0.556, 49.58, 0.333, 160.00, 0.188, 101.69, 0.153
27944,298101, 30.22, 0.00, 0.967, 0.000, 0.000, 0.000,0,0,0, 30.22, 0.967, 37.03, 0.512, 50.63, 0.240, 157.89, 0.228
27945,298112, 36.92, 0.00, 0.690, 0.000, 0.000, 0.000,0,0,0, 36.92, 0.690, 31.66, 0.677, 146.34, 0.255, 240.00, 0.179
27946,298122, 36.69, 0.00, 0.303, 0.000, 0.000, 0.000,0,0,0, 36.69, 0.303, 162.16, 0.261, 50.00, 0.245, 73.61, 0.136
27947,298133, 34.38, 0.00, 0.478, 0.000, 0.000, 0.000,0,0,0, 34.38, 0.478, 73.61, 0.173, 166.66, 0.136, 50.84, 0.036
27948,298144, 32.96, 0.00, 0.722, 0.000, 0.000, 0.000,0,0,0, 32.96, 0.722, 34.28, 0.703, 166.66, 0.173, 0.00, 0.000
27949,298154, 164.38, 0.00, 0.212, 0.000, 0.000, 0.000,0,0,0, 164.38, 0.212, 64.17, 0.030, 0.00, 0.000, 0.00, 0.000
27950,298165, 400.00, 0.00, 0.514, 0.000, 0.000, 0.000,0,0,0, 400.00, 0.514, 0.00, 0.000, 0.00, 0.000, 0.00, 0.000
27951,298176, 400.00, 0.00, 0.613, 0.000, 0.000, 0.000,0,0,0, 400.00, 0.613, 0.00, 0.000, 0.00, 0.000, 0.00, 0.000
27952,298186, 400.00, 0.00, 0.476, 0.000, 0.000, 0.000,0,0,0, 400.00, 0.476, 0.00, 0.000, 0.00, 0.000, 0.00, 0.000
27953,298197, 98.36, 0.00, 0.361, 0.000, 0.000, 0.000,0,0,0, 98.36, 0.361, 36.69, 0.216, 141.17, 0.120, 0.00, 0.000
27954,298208, 96.77, 0.00, 0.337, 0.000, 0.000, 0.000,0,0,0, 96.77, 0.337, 142.85, 0.199, 44.94, 0.149, 56.60, 0.098
27955,298218, 30.07, 0.00, 0.475, 0.000, 0.000, 0.000,0,0,0, 30.07, 0.475, 51.50, 0.351, 99.17, 0.339, 57.14, 0.330
27956,298229, 33.05, 0.00, 0.548, 0.000, 0.000, 0.000,0,0,0, 33.05, 0.548, 102.56, 0.434, 51.72, 0.330, 31.08, 0.085
27957,298240, 102.56, 0.00, 0.486, 0.000, 0.000, 0.000,0,0,0, 102.56, 0.486, 35.08, 0.348, 51.72, 0.223, 77.92, 0.085
27958,298250, 48.38, 0.00, 0.530, 0.000, 0.000, 0.000,0,0,0, 48.38, 0.530, 101.69, 0.406, 32.43, 0.374, 0.00, 0.000
27959,298261, 48.38, 0.00, 0.416, 0.000, 0.000, 0.000,0,0,0, 48.38, 0.416, 103.44, 0.328, 32.69, 0.291, 30.84, 0.187
27960,298272, 105.26, 0.00, 0.351, 0.000, 0.000, 0.000,0,0,0, 105.26, 0.351, 30.22, 0.217, 127.65, 0.156, 75.94, 0.127
27961,298282, 105.26, 0.00, 0.429, 0.000, 0.000, 0.000,0,0,0, 105.26, 0.429, 75.94, 0.235, 57.14, 0.206, 126.31, 0.188
27962,298293, 103.44, 0.00, 0.267, 0.000, 0.000, 0.000,0,0,0, 103.44, 0.267, 36.47, 0.216, 75.00, 0.017, 0.00, 0.000
27963,298304, 285.71, 0.00, 0.231, 0.000, 0.000, 0.000,0,0,0, 285.71, 0.231, 36.47, 0.176, 80.53, 0.158, 0.00, 0.000
27964,298314, 31.16, 0.00, 0.612, 0.000, 0.000, 0.000,0,0,0, 31.16, 0.612, 46.15, 0.517, 35.19, 0.483, 279.06, 0.261
27965,298325, 46.15, 0.00, 0.459, 0.000, 0.000, 0.000,0,0,0, 46.15, 0.459, 292.68, 0.254, 0.00, 0.000, 0.00, 0.000
27966,298336, 54.79, 0.00, 0.545, 0.000, 0.000, 0.000,0,0,0, 54.79, 0.545, 48.97, 0.469, 285.71, 0.212, 65.93, 0.038
27967,298346, 51.28, 0.00, 0.707, 0.000, 0.000, 0.000,0,0,0, 51.28, 0.707, 73.17, 0.123, 0.00, 0.000, 0.00, 0.000
27968,298357, 56.07, 0.00, 0.595, 0.000, 0.000, 0.000,0,0,0, 56.07, 0.595, 51.50, 0.543, 0.00, 0.000, 0.00, 0.000
27969,298368, 56.07, 0.00, 0.800, 0.000, 0.000, 0.000,0,0,0, 56.07, 0.800, 57.69, 0.795, 32.96, 0.111, 0.00, 0.000
27970,298378, 48.38, 0.00, 0.656, 0.000, 0.000, 0.000,0,0,0, 48.38, 0.656, 55.29, 0.506, 57.41, 0.494, 0.00, 0.000
27971,298389, 48.19, 0.00, 0.684, 0.000, 0.000, 0.000,0,0,0, 48.19, 0.684, 55.04, 0.524, 0.00, 0.000, 0.00, 0.000
27972,298400, 63.49, 0.00, 0.442, 0.000, 0.000, 0.000,0,0,0, 63.49, 0.442, 55.81, 0.388, 0.00, 0.000, 0.00, 0.000
27973,298410, 55.55, 0.00, 0.614, 0.000, 0.000, 0.000,0,0,0, 55.55, 0.614, 63.49, 0.483, 0.00, 0.000, 0.00, 0.000
27974,298421, 55.55, 0.00, 0.801, 0.000, 0.000, 0.000,0,0,0, 55.55, 0.801, 35.08, 0.256, 34.09, 0.073, 0.00, 0.000
27975,298432, 55.04, 0.00, 0.931, 0.000, 0.000, 0.000,0,0,0, 55.04, 0.931, 30.45, 0.072, 0.00, 0.000, 0.00, 0.000
27976,298442, 55.04, 0.00, 0.923, 0.000, 0.000, 0.000,0,0,0, 55.04, 0.923, 0.00, 0.000, 0.00, 0.000, 0.00, 0.000
27977,298453, 55.55, 0.00, 0.992, 0.000, 0.000, 0.000,0,0,0, 55.55, 0.992, 0.00, 0.000, 0.00, 0.000, 0.00, 0.000
27978,298464, 55.55, 0.00, 0.992, 0.000, 0.000, 0.000,0,0,0, 55.55, 0.992, 0.00, 0.000, 0.00, 0.000, 0.00, 0.000
27979,298474, 55.29, 0.00, 0.999, 0.000, 0.000, 0.000,0,0,0, 55.29, 0.999, 0.00, 0.000, 0.00, 0.000, 0.00, 0.000
27980,298485, 55.29, 0.00, 0.990, 0.000, 0.000, 0.000,0,0,0, 55.29, 0.990, 0.00, 0.000, 0.00, 0.000, 0.00, 0.000
27981,298496, 55.29, 0.00, 0.987, 0.000, 0.000, 0.000,0,0,0, 55.29, 0.987, 30.15, 0.564, 0.00, 0.000, 0.00, 0.000
27982,298506, 55.55, 0.00, 0.972, 0.000, 0.000, 0.000,0,0,0, 55.55, 0.972, 0.00, 0.000, 0.00, 0.000, 0.00, 0.000
27983,298517, 55.55, 0.00, 0.971, 0.000, 0.000, 0.000,0,0,0, 55.55, 0.971, 0.00, 0.000, 0.00, 0.000, 0.00, 0.000
27984,298528, 55.29, 0.00, 0.909, 0.000, 0.000, 0.000,0,0,0, 55.29, 0.909, 33.33, 0.064, 0.00, 0.000, 0.00, 0.000
27985,298538, 55.29, 0.00, 0.943, 0.000, 0.000, 0.000,0,0,0, 55.29, 0.943, 0.00, 0.000, 0.00, 0.000, 0.00, 0.000
27986,298549, 55.29, 0.00, 0.842, 0.000, 0.000, 0.000,0,0,0, 55.29, 0.842, 30.37, 0.146, 33.61, 0.139, 65.57, 0.108
27987,298560, 55.29, 0.00, 0.853, 0.000, 0.000, 0.000,0,0,0, 55.29, 0.853, 97.56, 0.020, 0.00, 0.000, 0.00, 0.000
27988,298570, 55.55, 0.00, 0.983, 0.000, 0.000, 0.000,0,0,0, 55.55, 0.983, 126.31, 0.168, 38.58, 0.157, 0.00, 0.000
27989,298581, 55.29, 0.00, 0.983, 0.000, 0.000, 0.000,0,0,0, 55.29, 0.983, 35.08, 0.276, 97.56, 0.217, 126.31, 0.178
27990,298592, 55.29, 0.00, 0.983, 0.000, 0.000, 0.000,0,0,0, 55.29, 0.983, 38.33, 0.291, 35.29, 0.239, 126.31, 0.238
27991,298602, 55.29, 0.00, 0.986, 0.000, 0.000, 0.000,0,0,0, 55.29, 0.986, 35.19, 0.350, 38.33, 0.284, 97.56, 0.273
27992,298613, 55.29, 0.00, 0.989, 0.000, 0.000, 0.000,0,0,0, 55.29, 0.989, 35.29, 0.230, 98.36, 0.228, 126.31, 0.215
27993,298624, 55.29, 0.00, 0.994, 0.000, 0.000, 0.000,0,0,0, 55.29, 0.994, 38.33, 0.329, 125.00, 0.280, 0.00, 0.000
27994,298634, 55.29, 0.00, 0.993, 0.000, 0.000, 0.000,0,0,0, 55.29, 0.993, 35.39, 0.316, 99.17, 0.281, 125.00, 0.204
27995,298645, 55.29, 0.00, 0.994, 0.000, 0.000, 0.000,0,0,0, 55.29, 0.994, 38.33, 0.272, 125.00, 0.262, 100.00, 0.227
27996,298656, 55.29, 0.00, 0.992, 0.000, 0.000, 0.000,0,0,0, 55.29, 0.992, 35.39, 0.406, 38.09, 0.329, 99.17, 0.325
27997,298666, 55.29, 0.00, 0.994, 0.000, 0.000, 0.000,0,0,0, 55.29, 0.994, 38.33, 0.307, 125.00, 0.285, 35.60, 0.284
27998,298677, 55.55, 0.00, 0.996, 0.000, 0.000, 0.000,0,0,0, 55.55, 0.996, 125.00, 0.266, 38.46, 0.259, 101.69, 0.219
27999,298688, 55.29, 0.00, 0.994, 0.000, 0.000, 0.000,0,0,0, 55.29, 0.994, 35.50, 0.362, 99.17, 0.314, 39.08, 0.175
28000,298698, 55.29, 0.00, 0.994, 0.000, 0.000, 0.000,0,0,0, 55.29, 0.994, 125.00, 0.255, 38.33, 0.247, 100.00, 0.189
28001,298709, 55.29, 0.00, 0.995, 0.000, 0.000, 0.000,0,0,0, 55.29, 0.995, 35.39, 0.374, 98.36, 0.310, 123.71, 0.257
28002,298720, 55.29, 0.00, 0.997, 0.000, 0.000, 0.000,0,0,0, 55.29, 0.997, 36.36, 0.321, 37.50, 0.306, 38.21, 0.304
28003,298730, 55.29, 0.00, 0.997, 0.000, 0.000, 0.000,0,0,0, 55.29, 0.997, 126.31, 0.233, 98.36, 0.226, 38.58, 0.214
28004,298741, 55.29, 0.00, 0.996, 0.000, 0.000, 0.000,0,0,0, 55.29, 0.996, 35.39, 0.342, 98.36, 0.290, 125.00, 0.225
28005,298752, 55.55, 0.00, 0.996, 0.000, 0.000, 0.000,0,0,0, 55.55, 0.996, 38.58, 0.274, 126.31, 0.258, 0.00, 0.000
28006,298762, 55.55, 0.00, 0.993, 0.000, 0.000, 0.000,0,0,0, 55.55, 0.993, 35.29, 0.352, 97.56, 0.286, 126.31, 0.232
28007,298773, 55.55, 0.00, 0.992, 0.000, 0.000, 0.000,0,0,0, 55.55, 0.992, 37.38, 0.336, 125.00, 0.273, 115.38, 0.269
28008,298784, 55.29, 0.00, 0.995, 0.000, 0.000, 0.000,0,0,0, 55.29, 0.995, 35.39, 0.261, 98.36, 0.255, 125.00, 0.232
28009,298794, 55.29, 0.00, 0.995, 0.000, 0.000, 0.000,0,0,0, 55.29, 0.995, 35.39, 0.278, 98.36, 0.262, 126.31, 0.223
28010,298805, 55.29, 0.00, 0.994, 0.000, 0.000, 0.000,0,0,0, 55.29, 0.994, 37.97, 0.343, 125.00, 0.289, 0.00, 0.000
28011,298816, 55.55, 0.00, 0.994, 0.000, 0.000, 0.000,0,0,0, 55.55, 0.994, 35.29, 0.365, 97.56, 0.293, 126.31, 0.221
28012,298826, 55.55, 0.00, 0.993, 0.000, 0.000, 0.000,0,0,0, 55.55, 0.993, 38.46, 0.368, 126.31, 0.304, 35.60, 0.297
28013,298837, 55.29, 0.00, 0.995, 0.000, 0.000, 0.000,0,0,0, 55.29, 0.995, 35.39, 0.370, 98.36, 0.309, 38.21, 0.297
28014,298848, 55.55, 0.00, 0.995, 0.000, 0.000, 0.000,0,0,0, 55.55, 0.995, 126.31, 0.245, 98.36, 0.239, 38.58, 0.231
28015,298858, 55.55, 0.00, 0.995, 0.000, 0.000, 0.000,0,0,0, 55.55, 0.995, 38.46, 0.332, 126.31, 0.294, 0.00, 0.000
28016,298869, 55.29, 0.00, 0.995, 0.000, 0.000, 0.000,0,0,0, 55.29, 0.995, 35.29, 0.334, 98.36, 0.288, 126.31, 0.202
28017,298880, 55.29, 0.00, 0.996, 0.000, 0.000, 0.000,0,0,0, 55.29, 0.996, 38.46, 0.293, 126.31, 0.272, 100.00, 0.223
28018,298890, 55.29, 0.00, 0.996, 0.000, 0.000, 0.000,0,0,0, 55.29, 0.996, 35.39, 0.444, 38.21, 0.351, 98.36, 0.341
28019,298901, 55.29, 0.00, 0.996, 0.000, 0.000, 0.000,0,0,0, 55.29, 0.996, 38.46, 0.291, 126.31, 0.273, 99.17, 0.255
28020,298912, 55.55, 0.00, 0.997, 0.000, 0.000, 0.000,0,0,0, 55.55, 0.997, 125.00, 0.251, 38.46, 0.245, 100.00, 0.214
28021,298922, 55.29, 0.00, 0.994, 0.000, 0.000, 0.000,0,0,0, 55.29, 0.994, 35.50, 0.341, 99.17, 0.297, 123.71, 0.217
28022,298933, 55.29, 0.00, 0.996, 0.000, 0.000, 0.000,0,0,0, 55.29, 0.996, 125.00, 0.235, 38.46, 0.214, 100.84, 0.168
28023,298944, 55.29, 0.00, 0.998, 0.000, 0.000, 0.000,0,0,0, 55.29, 0.998, 35.50, 0.383, 99.17, 0.313, 122.44, 0.268
28024,298954, 55.29, 0.00, 0.997, 0.000, 0.000, 0.000,0,0,0, 55.29, 0.997, 36.14, 0.329, 37.73, 0.319, 123.71, 0.285
28025,298965, 55.29, 0.00, 0.996, 0.000, 0.000, 0.000,0,0,0, 55.29, 0.996, 100.00, 0.241, 125.00, 0.237, 35.60, 0.222
28026,298976, 55.29, 0.00, 0.997, 0.000, 0.000, 0.000,0,0,0, 55.29, 0.997, 35.60, 0.334, 100.00, 0.293, 122.44, 0.241
28027,298986, 55.29, 0.00, 0.997, 0.000, 0.000, 0.000,0,0,0, 55.29, 0.997, 38.33, 0.278, 123.71, 0.268, 0.00, 0.000
28028,298997, 55.29, 0.00, 0.996, 0.000, 0.000, 0.000,0,0,0, 55.29, 0.996, 35.50, 0.346, 99.17, 0.293, 123.71, 0.246
28029,299008, 55.29, 0.00, 0.995, 0.000, 0.000, 0.000,0,0,0, 55.29, 0.995, 37.15, 0.384, 112.14, 0.311, 108.10, 0.310
28030,299018, 55.29, 0.00, 0.996, 0.000, 0.000, 0.000,0,0,0, 55.29, 0.996, 35.71, 0.298, 100.84, 0.284, 121.21, 0.254
28031,299029, 55.29, 0.00, 0.997, 0.000, 0.000, 0.000,0,0,0, 55.29, 0.997, 100.84, 0.272, 35.71, 0.267, 122.44, 0.252
28032,299040, 55.29, 0.00, 0.995, 0.000, 0.000, 0.000,0,0,0, 55.29, 0.995, 37.97, 0.398, 121.21, 0.336, 0.00, 0.000
28033,299050, 55.29, 0.00, 0.995, 0.000, 0.000, 0.000,0,0,0, 55.29, 0.995, 35.60, 0.355, 100.84, 0.316, 121.21, 0.259
28034,299061, 55.29, 0.00, 0.997, 0.000, 0.000, 0.000,0,0,0, 55.29, 0.997, 37.97, 0.415, 36.03, 0.383, 121.21, 0.360
28035,299072, 55.29, 0.00, 0.995, 0.000, 0.000, 0.000,0,0,0, 55.29, 0.995, 35.92, 0.424, 37.50, 0.387, 102.56, 0.367
28036,299082, 55.55, 0.00, 0.994, 0.000, 0.000, 0.000,0,0,0, 55.55, 0.994, 120.00, 0.307, 37.85, 0.291, 104.34, 0.288
28037,299093, 55.29, 0.00, 0.994, 0.000, 0.000, 0.000,0,0,0, 55.29, 0.994, 37.61, 0.367, 117.64, 0.344, 0.00, 0.000
28038,299104, 55.29, 0.00, 0.994, 0.000, 0.000, 0.000,0,0,0, 55.29, 0.994, 104.34, 0.343, 36.03, 0.343, 33.80, 0.223
28039,299114, 55.29, 0.00, 0.995, 0.000, 0.000, 0.000,0,0,0, 55.29, 0.995, 37.61, 0.377, 116.50, 0.372, 0.00, 0.000
28040,299125, 55.29, 0.00, 0.995, 0.000, 0.000, 0.000,0,0,0, 55.29, 0.995, 36.25, 0.553, 106.19, 0.460, 0.00, 0.000
28041,299136, 55.29, 0.00, 0.992, 0.000, 0.000, 0.000,0,0,0, 55.29, 0.992, 37.26, 0.424, 114.28, 0.407, 0.00, 0.000
28042,299146, 55.29, 0.00, 0.992, 0.000, 0.000, 0.000,0,0,0, 55.29, 0.992, 112.14, 0.384, 37.15, 0.365, 0.00, 0.000
28043,299157, 55.29, 0.00, 0.996, 0.000, 0.000, 0.000,0,0,0, 55.29, 0.996, 108.10, 0.403, 36.47, 0.385, 33.70, 0.038
28044,299168, 55.29, 0.00, 0.996, 0.000, 0.000, 0.000,0,0,0, 55.29, 0.996, 112.14, 0.384, 37.15, 0.308, 0.00, 0.000
28045,299178, 55.29, 0.00, 0.997, 0.000, 0.000, 0.000,0,0,0, 55.29, 0.997, 36.69, 0.539, 110.09, 0.494, 33.80, 0.151
28046,299189, 55.29, 0.00, 0.996, 0.000, 0.000, 0.000,0,0,0, 55.29, 0.996, 36.80, 0.563, 110.09, 0.506, 0.00, 0.000
28047,299200, 55.29, 0.00, 0.996, 0.000, 0.000, 0.000,0,0,0, 55.29, 0.996, 110.09, 0.451, 36.69, 0.450, 0.00, 0.000
28048,299210, 55.29, 0.00, 0.996, 0.000, 0.000, 0.000,0,0,0, 55.29, 0.996, 110.09, 0.455, 36.69, 0.446, 0.00, 0.000
28049,299221, 55.29, 0.00, 0.997, 0.000, 0.000, 0.000,0,0,0, 55.29, 0.997, 111.11, 0.419, 37.03, 0.361, 0.00, 0.000
28050,299232, 55.29, 0.00, 0.997, 0.000, 0.000, 0.000,0,0,0, 55.29, 0.997, 110.09, 0.473, 36.80, 0.466, 33.70, 0.165
28051,299242, 55.55, 0.00, 0.996, 0.000, 0.000, 0.000,0,0,0, 55.55, 0.996, 36.92, 0.634, 111.11, 0.551, 0.00, 0.000
28052,299253, 55.29, 0.00, 0.995, 0.000, 0.000, 0.000,0,0,0, 55.29, 0.995, 36.92, 0.531, 110.09, 0.500, 0.00, 0.000
28053,299264, 55.29, 0.00, 0.996, 0.000, 0.000, 0.000,0,0,0, 55.29, 0.996, 111.11, 0.468, 36.92, 0.451, 0.00, 0.000
28054,299274, 55.29, 0.00, 0.997, 0.000, 0.000, 0.000,0,0,0, 55.29, 0.997, 111.11, 0.445, 36.92, 0.396, 0.00, 0.000
28055,299285, 55.29, 0.00, 0.996, 0.000, 0.000, 0.000,0,0,0, 55.29, 0.996, 111.11, 0.417, 36.92, 0.333, 33.70, 0.220
28056,299296, 55.29, 0.00, 0.997, 0.000, 0.000, 0.000,0,0,0, 55.29, 0.997, 36.92, 0.571, 111.11, 0.521, 0.00, 0.000
28057,299306, 55.29, 0.00, 0.997, 0.000, 0.000, 0.000,0,0,0, 55.29, 0.997, 36.80, 0.587, 110.09, 0.526, 0.00, 0.000
28058,299317, 55.29, 0.00, 0.997, 0.000, 0.000, 0.000,0,0,0, 55.29, 0.997, 111.11, 0.459, 36.92, 0.451, 0.00, 0.000
28059,299328, 55.29, 0.00, 0.996, 0.000, 0.000, 0.000,0,0,0, 55.29, 0.996, 110.09, 0.450, 36.69, 0.447, 33.61, 0.070
28060,299338, 55.29, 0.00, 0.996, 0.000, 0.000, 0.000,0,0,0, 55.29, 0.996, 112.14, 0.396, 37.15, 0.353, 33.70, 0.137
28061,299349, 55.29, 0.00, 0.996, 0.000, 0.000, 0.000,0,0,0, 55.29, 0.996, 111.11, 0.411, 37.03, 0.399, 0.00, 0.000
28062,299360, 55.29, 0.00, 0.995, 0.000, 0.000, 0.000,0,0,0, 55.29, 0.995, 36.80, 0.567, 110.09, 0.483, 0.00, 0.000
28063,299370, 55.29, 0.00, 0.994, 0.000, 0.000, 0.000,0,0,0, 55.29, 0.994, 36.92, 0.437, 111.11, 0.417, 0.00, 0.000
28064,299381, 55.29, 0.00, 0.996, 0.000, 0.000, 0.000,0,0,0, 55.29, 0.996, 111.11, 0.370, 36.92, 0.350, 33.51, 0.065
28065,299392, 55.29, 0.00, 0.995, 0.000, 0.000, 0.000,0,0,0, 55.29, 0.995, 37.38, 0.407, 114.28, 0.374, 33.70, 0.008
28066,299402, 55.55, 0.00, 0.993, 0.000, 0.000, 0.000,0,0,0, 55.55, 0.993, 106.19, 0.315, 36.36, 0.287, 0.00, 0.000
28067,299413, 55.29, 0.00, 0.993, 0.000, 0.000, 0.000,0,0,0, 55.29, 0.993, 36.36, 0.400, 107.14, 0.360, 33.70, 0.160
28068,299424, 55.29, 0.00, 0.994, 0.000, 0.000, 0.000,0,0,0, 55.29, 0.994, 36.47, 0.407, 37.26, 0.398, 107.14, 0.353
28069,299434, 55.29, 0.00, 0.993, 0.000, 0.000, 0.000,0,0,0, 55.29, 0.993, 36.14, 0.290, 105.26, 0.288, 115.38, 0.271
28070,299445, 55.29, 0.00, 0.994, 0.000, 0.000, 0.000,0,0,0, 55.29, 0.994, 116.50, 0.271, 37.50, 0.267, 107.14, 0.263
28071,299456, 55.29, 0.00, 0.980, 0.000, 0.000, 0.000,0,0,0, 55.29, 0.980, 35.71, 0.313, 102.56, 0.266, 33.61, 0.003
28072,299466, 55.29, 0.00, 0.979, 0.000, 0.000, 0.000,0,0,0, 55.29, 0.979, 33.70, 0.180, 118.81, 0.165, 101.69, 0.157
28073,299477, 55.29, 0.00, 0.994, 0.000, 0.000, 0.000,0,0,0, 55.29, 0.994, 36.69, 0.273, 37.97, 0.264, 122.44, 0.221
28074,299488, 55.29, 0.00, 0.995, 0.000, 0.000, 0.000,0,0,0, 55.29, 0.995, 35.60, 0.225, 100.00, 0.198, 122.44, 0.159
28075,299498, 55.29, 0.00, 0.994, 0.000, 0.000, 0.000,0,0,0, 55.29, 0.994, 125.00, 0.157, 38.33, 0.152, 100.00, 0.136
28076,299509, 55.29, 0.00, 0.983, 0.000, 0.000, 0.000,0,0,0, 55.29, 0.983, 35.39, 0.328, 98.36, 0.224, 125.00, 0.142
28077,299520, 55.29, 0.00, 0.986, 0.000, 0.000, 0.000,0,0,0, 55.29, 0.986, 38.46, 0.171, 126.31, 0.145, 33.70, 0.062
28078,299530, 55.55, 0.00, 0.994, 0.000, 0.000, 0.000,0,0,0, 55.55, 0.994, 38.58, 0.173, 35.39, 0.142, 127.65, 0.141
28079,299541, 55.29, 0.00, 0.994, 0.000, 0.000, 0.000,0,0,0, 55.29, 0.994, 35.29, 0.192, 97.56, 0.146, 38.58, 0.115
28080,299552, 55.29, 0.00, 0.995, 0.000, 0.000, 0.000,0,0,0, 55.29, 0.995, 129.03, 0.098, 38.70, 0.096, 97.56, 0.062
28081,299562, 55.29, 0.00, 0.985, 0.000, 0.000, 0.000,0,0,0, 55.29, 0.985, 35.08, 0.219, 96.00, 0.144, 33.42, 0.090
28082,299573, 55.29, 0.00, 0.987, 0.000, 0.000, 0.000,0,0,0, 55.29, 0.987, 38.58, 0.158, 129.03, 0.107, 0.00, 0.000
28083,299584, 55.29, 0.00, 0.993, 0.000, 0.000, 0.000,0,0,0, 55.29, 0.993, 30.37, 0.121, 35.08, 0.113, 38.96, 0.102
28084,299594, 55.29, 0.00, 0.994, 0.000, 0.000, 0.000,0,0,0, 55.29, 0.994, 34.98, 0.173, 95.23, 0.095, 38.96, 0.084
28085,299605, 55.29, 0.00, 0.995, 0.000, 0.000, 0.000,0,0,0, 55.29, 0.995, 38.96, 0.044, 131.86, 0.031, 0.00, 0.000
28086,299616, 55.29, 0.00, 0.982, 0.000, 0.000, 0.000,0,0,0, 55.29, 0.982, 30.22, 0.241, 34.78, 0.089, 47.80, 0.082
28087,299626, 55.29, 0.00, 0.985, 0.000, 0.000, 0.000,0,0,0, 55.29, 0.985, 38.96, 0.072, 133.33, 0.015, 0.00, 0.000
28088,299637, 55.29, 0.00, 0.996, 0.000, 0.000, 0.000,0,0,0, 55.29, 0.996, 34.78, 0.074, 31.91, 0.062, 0.00, 0.000
28089,299648, 55.29, 0.00, 0.992, 0.000, 0.000, 0.000,0,0,0, 55.29, 0.992, 0.00, 0.000, 0.00, 0.000, 0.00, 0.000
28090,299658, 55.29, 0.00, 0.982, 0.000, 0.000, 0.000,0,0,0, 55.29, 0.982, 0.00, 0.000, 0.00, 0.000, 0.00, 0.000
28091,299669, 55.29, 0.00, 0.925, 0.000, 0.000, 0.000,0,0,0, 55.29, 0.925, 33.24, 0.047, 0.00, 0.000, 0.00, 0.000
28092,299680, 55.29, 0.00, 0.956, 0.000, 0.000, 0.000,0,0,0, 55.29, 0.956, 0.00, 0.000, 0.00, 0.000, 0.00, 0.000
28093,299690, 55.29, 0.00, 0.939, 0.000, 0.000, 0.000,0,0,0, 55.29, 0.939, 33.14, 0.165, 0.00, 0.000, 0.00, 0.000
28094,299701, 55.29, 0.00, 0.996, 0.000, 0.000, 0.000,0,0,0, 55.29, 0.996, 0.00, 0.000, 0.00, 0.000, 0.00, 0.000
28095,299712, 55.29, 0.00, 0.996, 0.000, 0.000, 0.000,0,0,0, 55.29, 0.996, 0.00, 0.000, 0.00, 0.000, 0.00, 0.000
28096,299722, 55.55, 0.00, 0.997, 0.000, 0.000, 0.000,0,0,0, 55.55, 0.997, 0.00, 0.000, 0.00, 0.000, 0.00, 0.000
28097,299733, 55.29, 0.00, 0.997, 0.000, 0.000, 0.000,0,0,0, 55.29, 0.997, 0.00, 0.000, 0.00, 0.000, 0.00, 0.000
28098,299744, 55.29, 0.00, 0.998, 0.000, 0.000, 0.000,0,0,0, 55.29, 0.998, 0.00, 0.000, 0.00, 0.000, 0.00, 0.000
28099,299754, 55.29, 0.00, 0.997, 0.000, 0.000, 0.000,0,0,0, 55.29, 0.997, 0.00, 0.000, 0.00, 0.000, 0.00, 0.000
28100,299765, 55.29, 0.00, 0.983, 0.000, 0.000, 0.000,0,0,0, 55.29, 0.983, 0.00, 0.000, 0.00, 0.000, 0.00, 0.000
28101,299776, 55.55, 0.00, 0.958, 0.000, 0.000, 0.000,0,0,0, 55.55, 0.958, 0.00, 0.000, 0.00, 0.000, 0.00, 0.000
28102,299786, 55.29, 0.00, 0.960, 0.000, 0.000, 0.000,0,0,0, 55.29, 0.960, 0.00, 0.000, 0.00, 0.000, 0.00, 0.000
28103,299797, 55.29, 0.00, 0.941, 0.000, 0.000, 0.000,0,0,0, 55.29, 0.941, 46.69, 0.125, 33.24, 0.097, 0.00, 0.000
28104,299808, 55.29, 0.00, 0.986, 0.000, 0.000, 0.000,0,0,0, 55.29, 0.986, 0.00, 0.000, 0.00, 0.000, 0.00, 0.000
28105,299818, 55.29, 0.00, 0.985, 0.000, 0.000, 0.000,0,0,0, 55.29, 0.985, 34.68, 0.017, 0.00, 0.000, 0.00, 0.000
28106,299829, 55.29, 0.00, 0.930, 0.000, 0.000, 0.000,0,0,0, 55.29, 0.930, 34.68, 0.090, 93.02, 0.031, 0.00, 0.000
28107,299840, 55.55, 0.00, 0.937, 0.000, 0.000, 0.000,0,0,0, 55.55, 0.937, 39.47, 0.093, 136.36, 0.090, 0.00, 0.000
28108,299850, 56.87, 0.00, 0.674, 0.000, 0.000, 0.000,0,0,0, 56.87, 0.674, 30.37, 0.248, 35.19, 0.162, 96.00, 0.140
28109,299861, 58.82, 0.00, 0.671, 0.000, 0.000, 0.000,0,0,0, 58.82, 0.671, 95.23, 0.007, 0.00, 0.000, 0.00, 0.000
28110,299872, 31.16, 0.00, 0.706, 0.000, 0.000, 0.000,0,0,0, 31.16, 0.706, 59.70, 0.668, 35.50, 0.012, 0.00, 0.000
28111,299882, 58.25, 0.00, 0.860, 0.000, 0.000, 0.000,0,0,0, 58.25, 0.860, 31.33, 0.240, 46.33, 0.127, 0.00, 0.000
28112,299893, 59.11, 0.00, 0.604, 0.000, 0.000, 0.000,0,0,0, 59.11, 0.604, 33.05, 0.438, 30.45, 0.367, 0.00, 0.000
28113,299904, 68.18, 0.00, 0.523, 0.000, 0.000, 0.000,0,0,0, 68.18, 0.523, 71.85, 0.516, 31.49, 0.447, 36.80, 0.195
28114,299914, 37.15, 0.00, 0.599, 0.000, 0.000, 0.000,0,0,0, 37.15, 0.599, 73.61, 0.313, 64.17, 0.241, 67.79, 0.234
28115,299925, 32.87, 0.00, 0.524, 0.000, 0.000, 0.000,0,0,0, 32.87, 0.524, 40.13, 0.465, 62.17, 0.368, 127.65, 0.038
28116,299936, 59.70, 0.00, 0.545, 0.000, 0.000, 0.000,0,0,0, 59.70, 0.545, 36.47, 0.289, 31.16, 0.168, 0.00, 0.000
28117,299946, 59.11, 0.00, 0.766, 0.000, 0.000, 0.000,0,0,0, 59.11, 0.766, 31.33, 0.728, 65.93, 0.711, 0.00, 0.000
28118,299957, 67.79, 0.00, 0.783, 0.000, 0.000, 0.000,0,0,0, 67.79, 0.783, 33.70, 0.625, 60.30, 0.530, 34.78, 0.483
28119,299968, 68.18, 0.00, 0.673, 0.000, 0.000, 0.000,0,0,0, 68.18, 0.673, 31.08, 0.408, 58.82, 0.377, 33.99, 0.337
28120,299978, 31.49, 0.00, 0.737, 0.000, 0.000, 0.000,0,0,0, 31.49, 0.737, 68.18, 0.574, 33.42, 0.381, 56.07, 0.319
28121,299989, 30.84, 0.00, 0.853, 0.000, 0.000, 0.000,0,0,0, 30.84, 0.853, 69.36, 0.473, 74.07, 0.406, 34.48, 0.288
28122,300000, 69.36, 0.00, 0.487, 0.000, 0.000, 0.000,0,0,0, 69.36, 0.487, 35.50, 0.460, 48.19, 0.305, 139.53, 0.208
28123,300010, 70.58, 0.00, 0.456, 0.000, 0.000, 0.000,0,0,0, 70.58, 0.456, 47.05, 0.363, 34.88, 0.357, 139.53, 0.246
28124,300021, 30.92, 0.00, 0.899, 0.000, 0.000, 0.000,0,0,0, 30.92, 0.899, 71.00, 0.296, 137.93, 0.267, 54.79, 0.199
28125,300032, 30.61, 0.00, 0.531, 0.000, 0.000, 0.000,0,0,0, 30.61, 0.531, 38.58, 0.322, 39.60, 0.297, 54.54, 0.265
28126,300042, 53.81, 0.00, 0.516, 0.000, 0.000, 0.000,0,0,0, 53.81, 0.516, 47.80, 0.333, 36.03, 0.136, 0.00, 0.000
28127,300053, 55.29, 0.00, 0.670, 0.000, 0.000, 0.000,0,0,0, 55.29, 0.670, 114.28, 0.043, 36.25, 0.040, 0.00, 0.000
28128,300064, 55.55, 0.00, 0.835, 0.000, 0.000, 0.000,0,0,0, 55.55, 0.835, 0.00, 0.000, 0.00, 0.000, 0.00, 0.000
28129,300074, 56.33, 0.00, 0.855, 0.000, 0.000, 0.000,0,0,0, 56.33, 0.855, 34.09, 0.079, 0.00, 0.000, 0.00, 0.000
28130,300085, 56.33, 0.00, 0.753, 0.000, 0.000, 0.000,0,0,0, 56.33, 0.753, 37.03, 0.150, 0.00, 0.000, 0.00, 0.000
28131,300096, 37.97, 0.00, 0.421, 0.000, 0.000, 0.000,0,0,0, 37.97, 0.421, 59.11, 0.420, 108.10, 0.257, 0.00, 0.000
28132,300106, 107.14, 0.00, 0.532, 0.000, 0.000, 0.000,0,0,0, 107.14, 0.532, 38.33, 0.530, 56.87, 0.482, 0.00, 0.000
28133,300117, 56.60, 0.00, 0.552, 0.000, 0.000, 0.000,0,0,0, 56.60, 0.552, 36.58, 0.506, 102.56, 0.404, 0.00, 0.000
28134,300128, 55.81, 0.00, 0.666, 0.000, 0.000, 0.000,0,0,0, 55.81, 0.666, 36.14, 0.482, 98.36, 0.400, 0.00, 0.000
28135,300138, 53.81, 0.00, 0.753, 0.000, 0.000, 0.000,0,0,0, 53.81, 0.753, 38.09, 0.323, 118.81, 0.237, 0.00, 0.000
28136,300149, 54.05, 0.00, 0.739, 0.000, 0.000, 0.000,0,0,0, 54.05, 0.739, 35.29, 0.231, 103.44, 0.166, 38.70, 0.124
28137,300160, 55.04, 0.00, 0.898, 0.000, 0.000, 0.000,0,0,0, 55.04, 0.898, 38.58, 0.195, 117.64, 0.122, 0.00, 0.000
28138,300170, 55.04, 0.00, 0.658, 0.000, 0.000, 0.000,0,0,0, 55.04, 0.658, 35.92, 0.330, 105.26, 0.127, 130.43, 0.113
28139,300181, 55.55, 0.00, 0.654, 0.000, 0.000, 0.000,0,0,0, 55.55, 0.654, 99.17, 0.068, 127.65, 0.036, 0.00, 0.000
28140,300192, 55.55, 0.00, 0.715, 0.000, 0.000, 0.000,0,0,0, 55.55, 0.715, 38.21, 0.133, 120.00, 0.104, 0.00, 0.000
28141,300202, 52.86, 0.00, 0.714, 0.000, 0.000, 0.000,0,0,0, 52.86, 0.714, 41.95, 0.141, 33.70, 0.139, 0.00, 0.000
28142,300213, 51.94, 0.00, 0.590, 0.000, 0.000, 0.000,0,0,0, 51.94, 0.590, 0.00, 0.000, 0.00, 0.000, 0.00, 0.000
28143,300224, 34.98, 0.00, 0.631, 0.000, 0.000, 0.000,0,0,0, 34.98, 0.631, 218.18, 0.226, 90.90, 0.005, 0.00, 0.000
28144,300234, 30.00, 0.00, 0.601, 0.000, 0.000, 0.000,0,0,0, 30.00, 0.601, 0.00, 0.000, 0.00, 0.000, 0.00, 0.000
28145,300245, 36.92, 0.00, 0.751, 0.000, 0.000, 0.000,0,0,0, 36.92, 0.751, 33.24, 0.394, 0.00, 0.000, 0.00, 0.000
28146,300256, 37.03, 0.00, 0.515, 0.000, 0.000, 0.000,0,0,0, 37.03, 0.515, 114.28, 0.107, 0.00, 0.000, 0.00, 0.000
28147,300266, 61.53, 0.00, 0.224, 0.000, 0.000, 0.000,0,0,0, 61.53, 0.224, 114.28, 0.138, 0.00, 0.000, 0.00, 0.000
28148,300277, 36.14, 0.00, 0.645, 0.000, 0.000, 0.000,0,0,0, 36.14, 0.645, 114.28, 0.233, 52.86, 0.137, 0.00, 0.000
28149,300288, 37.61, 0.00, 0.496, 0.000, 0.000, 0.000,0,0,0, 37.61, 0.496, 53.09, 0.307, 127.65, 0.202, 63.49, 0.000
28150,300298, 63.15, 0.00, 0.327, 0.000, 0.000, 0.000,0,0,0, 63.15, 0.327, 53.81, 0.310, 38.58, 0.192, 40.26, 0.189
28151,300309, 53.57, 0.00, 0.697, 0.000, 0.000, 0.000,0,0,0, 53.57, 0.697, 37.61, 0.122, 126.31, 0.007, 0.00, 0.000
28152,300320, 53.33, 0.00, 0.904, 0.000, 0.000, 0.000,0,0,0, 53.33, 0.904, 0.00, 0.000, 0.00, 0.000, 0.00, 0.000
28153,300330, 57.14, 0.00, 0.604, 0.000, 0.000, 0.000,0,0,0, 57.14, 0.604, 33.99, 0.369, 37.85, 0.111, 96.77, 0.001
28154,300341, 57.69, 0.00, 0.565, 0.000, 0.000, 0.000,0,0,0, 57.69, 0.565, 37.97, 0.276, 100.00, 0.127, 0.00, 0.000
28155,300352, 54.54, 0.00, 0.506, 0.000, 0.000, 0.000,0,0,0, 54.54, 0.506, 37.15, 0.494, 111.11, 0.298, 0.00, 0.000
28156,300362, 54.54, 0.00, 0.535, 0.000, 0.000, 0.000,0,0,0, 54.54, 0.535, 100.00, 0.238, 34.78, 0.189, 40.81, 0.044
28157,300373, 53.81, 0.00, 0.648, 0.000, 0.000, 0.000,0,0,0, 53.81, 0.648, 110.09, 0.126, 36.58, 0.084, 142.85, 0.012
28158,300384, 35.82, 0.00, 0.612, 0.000, 0.000, 0.000,0,0,0, 35.82, 0.612, 55.29, 0.594, 94.48, 0.276, 0.00, 0.000
28159,300394, 55.04, 0.00, 0.811, 0.000, 0.000, 0.000,0,0,0, 55.04, 0.811, 38.33, 0.235, 123.71, 0.213, 0.00, 0.000
28160,300405, 54.79, 0.00, 0.882, 0.000, 0.000, 0.000,0,0,0, 54.79, 0.882, 34.18, 0.367, 94.48, 0.291, 0.00, 0.000
28161,300416, 55.29, 0.00, 0.884, 0.000, 0.000, 0.000,0,0,0, 55.29, 0.884, 37.85, 0.223, 123.71, 0.209, 101.69, 0.200
28162,300426, 56.33, 0.00, 0.899, 0.000, 0.000, 0.000,0,0,0, 56.33, 0.899, 38.33, 0.195, 113.20, 0.174, 0.00, 0.000
28163,300437, 55.29, 0.00, 0.875, 0.000, 0.000, 0.000,0,0,0, 55.29, 0.875, 38.96, 0.207, 36.58, 0.183, 100.00, 0.136
28164,300448, 55.55, 0.00, 0.937, 0.000, 0.000, 0.000,0,0,0, 55.55, 0.937, 38.96, 0.265, 122.44, 0.199, 0.00, 0.000
28165,300458, 55.29, 0.00, 0.820, 0.000, 0.000, 0.000,0,0,0, 55.29, 0.820, 35.71, 0.502, 102.56, 0.372, 0.00, 0.000
28166,300469, 55.81, 0.00, 0.763, 0.000, 0.000, 0.000,0,0,0, 55.81, 0.763, 103.44, 0.302, 109.09, 0.300, 37.15, 0.187
28167,300480, 53.81, 0.00, 0.780, 0.000, 0.000, 0.000,0,0,0, 53.81, 0.780, 37.73, 0.315, 112.14, 0.269, 0.00, 0.000
28168,300490, 54.05, 0.00, 0.864, 0.000, 0.000, 0.000,0,0,0, 54.05, 0.864, 35.71, 0.176, 100.84, 0.128, 38.83, 0.030
28169,300501, 54.79, 0.00, 0.945, 0.000, 0.000, 0.000,0,0,0, 54.79, 0.945, 38.96, 0.107, 129.03, 0.068, 0.00, 0.000
28170,300512, 55.04, 0.00, 0.900, 0.000, 0.000, 0.000,0,0,0, 55.04, 0.900, 34.58, 0.437, 94.48, 0.144, 0.00, 0.000
28171,300522, 55.29, 0.00, 0.890, 0.000, 0.000, 0.000,0,0,0, 55.29, 0.890, 38.21, 0.163, 115.38, 0.091, 0.00, 0.000
28172,300533, 56.33, 0.00, 0.906, 0.000, 0.000, 0.000,0,0,0, 56.33, 0.906, 133.33, 0.073, 99.17, 0.061, 40.00, 0.059
28173,300544, 56.07, 0.00, 0.951, 0.000, 0.000, 0.000,0,0,0, 56.07, 0.951, 35.60, 0.164, 99.17, 0.127, 0.00, 0.000
28174,300554, 55.29, 0.00, 0.890, 0.000, 0.000, 0.000,0,0,0, 55.29, 0.890, 38.21, 0.170, 123.71, 0.123, 0.00, 0.000
28175,300565, 54.54, 0.00, 0.849, 0.000, 0.000, 0.000,0,0,0, 54.54, 0.849, 97.56, 0.229, 34.68, 0.217, 0.00, 0.000
28176,300576, 54.79, 0.00, 0.883, 0.000, 0.000, 0.000,0,0,0, 54.79, 0.883, 36.92, 0.353, 117.64, 0.232, 0.00, 0.000
28177,300586, 55.55, 0.00, 0.645, 0.000, 0.000, 0.000,0,0,0, 55.55, 0.645, 33.89, 0.545, 95.23, 0.249, 0.00, 0.000
28178,300597, 52.63, 0.00, 0.354, 0.000, 0.000, 0.000,0,0,0, 52.63, 0.354, 47.61, 0.225, 30.69, 0.206, 93.75, 0.133
28179,300608, 45.62, 0.00, 0.763, 0.000, 0.000, 0.000,0,0,0, 45.62, 0.763, 30.53, 0.647, 91.60, 0.148, 76.92, 0.009
28180,300618, 45.45, 0.00, 0.227, 0.000, 0.000, 0.000,0,0,0, 45.45, 0.227, 67.79, 0.219, 55.81, 0.030, 53.09, 0.007
28181,300629, 34.09, 0.00, 0.619, 0.000, 0.000, 0.000,0,0,0, 34.09, 0.619, 67.41, 0.615, 35.82, 0.604, 72.72, 0.572
28182,300640, 36.14, 0.00, 0.882, 0.000, 0.000, 0.000,0,0,0, 36.14, 0.882, 74.07, 0.777, 0.00, 0.000, 0.00, 0.000
28183,300650, 37.15, 0.00, 0.978, 0.000, 0.000, 0.000,0,0,0, 37.15, 0.978, 74.07, 0.901, 0.00, 0.000, 0.00, 0.000
28184,300661, 73.61, 0.00, 0.965, 0.000, 0.000, 0.000,0,0,0, 73.61, 0.965, 36.69, 0.917, 0.00, 0.000, 0.00, 0.000
28185,300672, 73.61, 0.00, 0.976, 0.000, 0.000, 0.000,0,0,0, 73.61, 0.976, 36.69, 0.959, 0.00, 0.000, 0.00, 0.000
28186,300682, 73.61, 0.00, 0.974, 0.000, 0.000, 0.000,0,0,0, 73.61, 0.974, 36.58, 0.950, 0.00, 0.000, 0.00, 0.000
28187,300693, 73.17, 0.00, 0.973, 0.000, 0.000, 0.000,0,0,0, 73.17, 0.973, 36.80, 0.928, 0.00, 0.000, 0.00, 0.000
28188,300704, 37.50, 0.00, 0.922, 0.000, 0.000, 0.000,0,0,0, 37.50, 0.922, 74.07, 0.905, 0.00, 0.000, 0.00, 0.000
28189,300714, 37.38, 0.00, 0.946, 0.000, 0.000, 0.000,0,0,0, 37.38, 0.946, 74.07, 0.896, 0.00, 0.000, 0.00, 0.000
28190,300725, 73.17, 0.00, 0.943, 0.000, 0.000, 0.000,0,0,0, 73.17, 0.943, 36.36, 0.884, 0.00, 0.000, 0.00, 0.000
28191,300736, 73.17, 0.00, 0.968, 0.000, 0.000, 0.000,0,0,0, 73.17, 0.968, 36.36, 0.928, 0.00, 0.000, 0.00, 0.000
28192,300746, 37.03, 0.00, 0.992, 0.000, 0.000, 0.000,0,0,0, 37.03, 0.992, 74.07, 0.920, 0.00, 0.000, 0.00, 0.000
28193,300757, 37.38, 0.00, 0.958, 0.000, 0.000, 0.000,0,0,0, 37.38, 0.958, 74.07, 0.948, 0.00, 0.000, 0.00, 0.000
28194,300768, 74.07, 0.00, 0.992, 0.000, 0.000, 0.000,0,0,0, 74.07, 0.992, 37.03, 0.986, 0.00, 0.000, 0.00, 0.000
28195,300778, 73.61, 0.00, 0.966, 0.000, 0.000, 0.000,0,0,0, 73.61, 0.966, 36.80, 0.956, 0.00, 0.000, 0.00, 0.000
28196,300789, 73.61, 0.00, 0.969, 0.000, 0.000, 0.000,0,0,0, 73.61, 0.969, 36.69, 0.968, 0.00, 0.000, 0.00, 0.000
28197,300800, 36.92, 0.00, 0.994, 0.000, 0.000, 0.000,0,0,0, 36.92, 0.994, 74.07, 0.936, 0.00, 0.000, 0.00, 0.000
28198,300810, 74.53, 0.00, 0.974, 0.000, 0.000, 0.000,0,0,0, 74.53, 0.974, 37.26, 0.967, 0.00, 0.000, 0.00, 0.000
28199,300821, 74.07, 0.00, 0.997, 0.000, 0.000, 0.000,0,0,0, 74.07, 0.997, 37.15, 0.995, 0.00, 0.000, 0.00, 0.000
28200,300832, 73.61, 0.00, 0.949, 0.000, 0.000, 0.000,0,0,0, 73.61, 0.949, 36.92, 0.926, 0.00, 0.000, 0.00, 0.000
28201,300842, 73.61, 0.00, 0.953, 0.000, 0.000, 0.000,0,0,0, 73.61, 0.953, 36.58, 0.953, 0.00, 0.000, 0.00, 0.000
28202,300853, 36.92, 0.00, 0.995, 0.000, 0.000, 0.000,0,0,0, 36.92, 0.995, 74.07, 0.892, 0.00, 0.000, 0.00, 0.000
28203,300864, 74.53, 0.00, 0.949, 0.000, 0.000, 0.000,0,0,0, 74.53, 0.949, 37.50, 0.938, 0.00, 0.000, 0.00, 0.000
28204,300874, 74.07, 0.00, 0.993, 0.000, 0.000, 0.000,0,0,0, 74.07, 0.993, 37.03, 0.988, 0.00, 0.000, 0.00, 0.000
28205,300885, 73.61, 0.00, 0.980, 0.000, 0.000, 0.000,0,0,0, 73.61, 0.980, 36.92, 0.968, 0.00, 0.000, 0.00, 0.000
28206,300896, 73.61, 0.00, 0.962, 0.000, 0.000, 0.000,0,0,0, 73.61, 0.962, 36.80, 0.939, 0.00, 0.000, 0.00, 0.000
28207,300906, 37.03, 0.00, 0.969, 0.000, 0.000, 0.000,0,0,0, 37.03, 0.969, 74.07, 0.898, 0.00, 0.000, 0.00, 0.000
28208,300917, 74.07, 0.00, 0.940, 0.000, 0.000, 0.000,0,0,0, 74.07, 0.940, 37.38, 0.935, 0.00, 0.000, 0.00, 0.000
28209,300928, 37.15, 0.00, 0.961, 0.000, 0.000, 0.000,0,0,0, 37.15, 0.961, 74.07, 0.949, 0.00, 0.000, 0.00, 0.000
28210,300938, 74.07, 0.00, 0.978, 0.000, 0.000, 0.000,0,0,0, 74.07, 0.978, 37.03, 0.977, 0.00, 0.000, 0.00, 0.000
28211,300949, 36.80, 0.00, 0.948, 0.000, 0.000, 0.000,0,0,0, 36.80, 0.948, 74.07, 0.944, 0.00, 0.000, 0.00, 0.000
28212,300960, 36.92, 0.00, 0.877, 0.000, 0.000, 0.000,0,0,0, 36.92, 0.877, 73.61, 0.841, 0.00, 0.000, 0.00, 0.000
28213,300970, 74.53, 0.00, 0.894, 0.000, 0.000, 0.000,0,0,0, 74.53, 0.894, 37.38, 0.831, 43.01, 0.056, 0.00, 0.000
28214,300981, 37.26, 0.00, 0.952, 0.000, 0.000, 0.000,0,0,0, 37.26, 0.952, 74.53, 0.847, 0.00, 0.000, 0.00, 0.000
28215,300992, 74.07, 0.00, 0.929, 0.000, 0.000, 0.000,0,0,0, 74.07, 0.929, 37.03, 0.885, 0.00, 0.000, 0.00, 0.000
28216,301002, 74.07, 0.00, 0.930, 0.000, 0.000, 0.000,0,0,0, 74.07, 0.930, 36.80, 0.910, 0.00, 0.000, 0.00, 0.000
28217,301013, 36.92, 0.00, 0.827, 0.000, 0.000, 0.000,0,0,0, 36.92, 0.827, 74.07, 0.789, 43.01, 0.010, 0.00, 0.000
28218,301024, 74.07, 0.00, 0.844, 0.000, 0.000, 0.000,0,0,0, 74.07, 0.844, 37.50, 0.769, 43.16, 0.040, 0.00, 0.000
28219,301034, 37.15, 0.00, 0.927, 0.000, 0.000, 0.000,0,0,0, 37.15, 0.927, 74.53, 0.768, 0.00, 0.000, 0.00, 0.000
28220,301045, 37.03, 0.00, 0.918, 0.000, 0.000, 0.000,0,0,0, 37.03, 0.918, 74.07, 0.876, 0.00, 0.000, 0.00, 0.000
28221,301056, 36.58, 0.00, 0.911, 0.000, 0.000, 0.000,0,0,0, 36.58, 0.911, 73.61, 0.872, 0.00, 0.000, 0.00, 0.000
28222,301066, 36.92, 0.00, 0.893, 0.000, 0.000, 0.000,0,0,0, 36.92, 0.893, 74.07, 0.740, 100.00, 0.031, 0.00, 0.000
28223,301077, 37.38, 0.00, 0.845, 0.000, 0.000, 0.000,0,0,0, 37.38, 0.845, 74.07, 0.815, 0.00, 0.000, 0.00, 0.000
28224,301088, 37.15, 0.00, 0.932, 0.000, 0.000, 0.000,0,0,0, 37.15, 0.932, 74.53, 0.738, 0.00, 0.000, 0.00, 0.000
28225,301098, 37.03, 0.00, 0.948, 0.000, 0.000, 0.000,0,0,0, 37.03, 0.948, 74.07, 0.831, 0.00, 0.000, 0.00, 0.000
28226,301109, 36.58, 0.00, 0.898, 0.000, 0.000, 0.000,0,0,0, 36.58, 0.898, 73.61, 0.790, 0.00, 0.000, 0.00, 0.000
28227,301120, 37.03, 0.00, 0.938, 0.000, 0.000, 0.000,0,0,0, 37.03, 0.938, 73.61, 0.723, 0.00, 0.000, 0.00, 0.000
28228,301130, 37.15, 0.00, 0.874, 0.000, 0.000, 0.000,0,0,0, 37.15, 0.874, 74.07, 0.744, 0.00, 0.000, 0.00, 0.000
28229,301141, 37.61, 0.00, 0.877, 0.000, 0.000, 0.000,0,0,0, 37.61, 0.877, 74.53, 0.791, 0.00, 0.000, 0.00, 0.000
28230,301152, 37.03, 0.00, 0.939, 0.000, 0.000, 0.000,0,0,0, 37.03, 0.939, 74.07, 0.936, 0.00, 0.000, 0.00, 0.000
28231,301162, 74.07, 0.00, 0.851, 0.000, 0.000, 0.000,0,0,0, 74.07, 0.851, 36.92, 0.798, 32.60, 0.071, 0.00, 0.000
28232,301173, 36.92, 0.00, 0.918, 0.000, 0.000, 0.000,0,0,0, 36.92, 0.918, 74.07, 0.826, 0.00, 0.000, 0.00, 0.000
28233,301184, 37.15, 0.00, 0.869, 0.000, 0.000, 0.000,0,0,0, 37.15, 0.869, 74.07, 0.739, 30.30, 0.115, 0.00, 0.000
28234,301194, 37.50, 0.00, 0.876, 0.000, 0.000, 0.000,0,0,0, 37.50, 0.876, 74.53, 0.797, 0.00, 0.000, 0.00, 0.000
28235,301205, 37.03, 0.00, 0.940, 0.000, 0.000, 0.000,0,0,0, 37.03, 0.940, 74.07, 0.931, 0.00, 0.000, 0.00, 0.000
28236,301216, 73.61, 0.00, 0.829, 0.000, 0.000, 0.000,0,0,0, 73.61, 0.829, 36.80, 0.792, 32.25, 0.073, 0.00, 0.000
28237,301226, 36.80, 0.00, 0.904, 0.000, 0.000, 0.000,0,0,0, 36.80, 0.904, 73.61, 0.839, 0.00, 0.000, 0.00, 0.000
28238,301237, 37.03, 0.00, 0.858, 0.000, 0.000, 0.000,0,0,0, 37.03, 0.858, 74.53, 0.739, 30.45, 0.274, 0.00, 0.000
28239,301248, 37.50, 0.00, 0.875, 0.000, 0.000, 0.000,0,0,0, 37.50, 0.875, 74.53, 0.826, 0.00, 0.000, 0.00, 0.000
28240,301258, 37.03, 0.00, 0.936, 0.000, 0.000, 0.000,0,0,0, 37.03, 0.936, 74.07, 0.929, 0.00, 0.000, 0.00, 0.000
28241,301269, 73.61, 0.00, 0.848, 0.000, 0.000, 0.000,0,0,0, 73.61, 0.848, 36.80, 0.788, 32.34, 0.065, 0.00, 0.000
28242,301280, 36.80, 0.00, 0.907, 0.000, 0.000, 0.000,0,0,0, 36.80, 0.907, 73.61, 0.866, 32.43, 0.037, 0.00, 0.000
28243,301290, 36.92, 0.00, 0.925, 0.000, 0.000, 0.000,0,0,0, 36.92, 0.925, 74.07, 0.752, 30.53, 0.155, 0.00, 0.000
28244,301301, 74.53, 0.00, 0.853, 0.000, 0.000, 0.000,0,0,0, 74.53, 0.853, 37.26, 0.850, 43.16, 0.071, 0.00, 0.000
28245,301312, 74.07, 0.00, 0.939, 0.000, 0.000, 0.000,0,0,0, 74.07, 0.939, 37.03, 0.921, 0.00, 0.000, 0.00, 0.000
28246,301322, 73.61, 0.00, 0.937, 0.000, 0.000, 0.000,0,0,0, 73.61, 0.937, 36.69, 0.874, 32.43, 0.041, 0.00, 0.000
28247,301333, 73.61, 0.00, 0.903, 0.000, 0.000, 0.000,0,0,0, 73.61, 0.903, 36.80, 0.854, 32.34, 0.147, 57.97, 0.030
28248,301344, 37.03, 0.00, 0.923, 0.000, 0.000, 0.000,0,0,0, 37.03, 0.923, 74.07, 0.782, 30.61, 0.096, 0.00, 0.000
28249,301354, 37.15, 0.00, 0.865, 0.000, 0.000, 0.000,0,0,0, 37.15, 0.865, 74.53, 0.845, 43.16, 0.136, 0.00, 0.000
28250,301365, 73.61, 0.00, 0.873, 0.000, 0.000, 0.000,0,0,0, 73.61, 0.873, 36.92, 0.840, 0.00, 0.000, 0.00, 0.000
28251,301376, 73.61, 0.00, 0.941, 0.000, 0.000, 0.000,0,0,0, 73.61, 0.941, 36.80, 0.891, 32.60, 0.007, 0.00, 0.000
28252,301386, 73.61, 0.00, 0.924, 0.000, 0.000, 0.000,0,0,0, 73.61, 0.924, 36.92, 0.898, 32.43, 0.140, 58.25, 0.044
28253,301397, 36.92, 0.00, 0.924, 0.000, 0.000, 0.000,0,0,0, 36.92, 0.924, 74.07, 0.838, 30.61, 0.021, 0.00, 0.000
28254,301408, 74.53, 0.00, 0.879, 0.000, 0.000, 0.000,0,0,0, 74.53, 0.879, 37.15, 0.864, 43.16, 0.127, 0.00, 0.000
28255,301418, 74.07, 0.00, 0.851, 0.000, 0.000, 0.000,0,0,0, 74.07, 0.851, 37.03, 0.797, 42.70, 0.012, 0.00, 0.000
28256,301429, 73.61, 0.00, 0.940, 0.000, 0.000, 0.000,0,0,0, 73.61, 0.940, 36.80, 0.871, 32.25, 0.024, 57.69, 0.011
28257,301440, 73.61, 0.00, 0.914, 0.000, 0.000, 0.000,0,0,0, 73.61, 0.914, 36.80, 0.882, 32.43, 0.209, 58.53, 0.106
28258,301450, 36.92, 0.00, 0.897, 0.000, 0.000, 0.000,0,0,0, 36.92, 0.897, 74.53, 0.864, 0.00, 0.000, 0.00, 0.000
28259,301461, 74.53, 0.00, 0.885, 0.000, 0.000, 0.000,0,0,0, 74.53, 0.885, 37.15, 0.856, 43.01, 0.115, 0.00, 0.000
28260,301472, 74.07, 0.00, 0.824, 0.000, 0.000, 0.000,0,0,0, 74.07, 0.824, 37.03, 0.765, 42.10, 0.055, 97.56, 0.003
28261,301482, 74.07, 0.00, 0.910, 0.000, 0.000, 0.000,0,0,0, 74.07, 0.910, 36.80, 0.835, 32.60, 0.154, 58.25, 0.047
28262,301493, 36.92, 0.00, 0.904, 0.000, 0.000, 0.000,0,0,0, 36.92, 0.904, 73.61, 0.887, 32.43, 0.132, 59.40, 0.093
28263,301504, 73.61, 0.00, 0.892, 0.000, 0.000, 0.000,0,0,0, 73.61, 0.892, 37.03, 0.866, 42.55, 0.084, 98.36, 0.027
28264,301514, 74.53, 0.00, 0.903, 0.000, 0.000, 0.000,0,0,0, 74.53, 0.903, 37.03, 0.862, 42.85, 0.124, 100.84, 0.011
28265,301525, 36.92, 0.00, 0.870, 0.000, 0.000, 0.000,0,0,0, 36.92, 0.870, 74.07, 0.862, 98.36, 0.004, 0.00, 0.000
28266,301536, 74.07, 0.00, 0.906, 0.000, 0.000, 0.000,0,0,0, 74.07, 0.906, 36.92, 0.871, 32.78, 0.193, 58.53, 0.074
28267,301546, 36.92, 0.00, 0.947, 0.000, 0.000, 0.000,0,0,0, 36.92, 0.947, 74.07, 0.880, 59.40, 0.026, 0.00, 0.000
28268,301557, 36.92, 0.00, 0.898, 0.000, 0.000, 0.000,0,0,0, 36.92, 0.898, 74.07, 0.890, 42.55, 0.126, 33.33, 0.050
28269,301568, 74.53, 0.00, 0.887, 0.000, 0.000, 0.000,0,0,0, 74.53, 0.887, 37.03, 0.853, 42.55, 0.124, 100.00, 0.054
28270,301578, 37.03, 0.00, 0.931, 0.000, 0.000, 0.000,0,0,0, 37.03, 0.931, 74.07, 0.896, 0.00, 0.000, 0.00, 0.000
28271,301589, 74.53, 0.00, 0.869, 0.000, 0.000, 0.000,0,0,0, 74.53, 0.869, 37.03, 0.845, 32.96, 0.270, 58.82, 0.113
28272,301600, 36.92, 0.00, 0.948, 0.000, 0.000, 0.000,0,0,0, 36.92, 0.948, 74.07, 0.818, 30.84, 0.002, 0.00, 0.000
28273,301610, 36.92, 0.00, 0.854, 0.000, 0.000, 0.000,0,0,0, 36.92, 0.854, 73.61, 0.854, 42.40, 0.163, 98.36, 0.063
28274,301621, 74.07, 0.00, 0.822, 0.000, 0.000, 0.000,0,0,0, 74.07, 0.822, 37.15, 0.800, 42.25, 0.227, 34.98, 0.226
28275,301632, 37.03, 0.00, 0.932, 0.000, 0.000, 0.000,0,0,0, 37.03, 0.932, 74.07, 0.870, 0.00, 0.000, 0.00, 0.000
28276,301642, 74.53, 0.00, 0.818, 0.000, 0.000, 0.000,0,0,0, 74.53, 0.818, 37.03, 0.804, 33.14, 0.349, 59.40, 0.162
28277,301653, 36.92, 0.00, 0.954, 0.000, 0.000, 0.000,0,0,0, 36.92, 0.954, 73.61, 0.742, 30.69, 0.055, 0.00, 0.000
28278,301664, 37.03, 0.00, 0.820, 0.000, 0.000, 0.000,0,0,0, 37.03, 0.820, 73.61, 0.802, 42.25, 0.181, 97.56, 0.073
28279,301674, 37.03, 0.00, 0.814, 0.000, 0.000, 0.000,0,0,0, 37.03, 0.814, 73.61, 0.780, 41.95, 0.275, 98.36, 0.183
28280,301685, 37.03, 0.00, 0.953, 0.000, 0.000, 0.000,0,0,0, 37.03, 0.953, 73.61, 0.868, 0.00, 0.000, 0.00, 0.000
28281,301696, 37.03, 0.00, 0.886, 0.000, 0.000, 0.000,0,0,0, 37.03, 0.886, 74.53, 0.818, 33.24, 0.296, 59.70, 0.145
28282,301706, 36.92, 0.00, 0.963, 0.000, 0.000, 0.000,0,0,0, 36.92, 0.963, 74.07, 0.777, 60.60, 0.078, 95.23, 0.073
28283,301717, 37.03, 0.00, 0.871, 0.000, 0.000, 0.000,0,0,0, 37.03, 0.871, 73.17, 0.818, 42.10, 0.134, 96.77, 0.087
28284,301728, 37.15, 0.00, 0.898, 0.000, 0.000, 0.000,0,0,0, 37.15, 0.898, 73.61, 0.765, 41.23, 0.230, 97.56, 0.154
28285,301738, 37.15, 0.00, 0.934, 0.000, 0.000, 0.000,0,0,0, 37.15, 0.934, 73.17, 0.847, 60.00, 0.040, 333.33, 0.012
28286,301749, 37.03, 0.00, 0.917, 0.000, 0.000, 0.000,0,0,0, 37.03, 0.917, 74.53, 0.784, 33.51, 0.229, 40.81, 0.139
28287,301760, 37.03, 0.00, 0.957, 0.000, 0.000, 0.000,0,0,0, 37.03, 0.957, 73.61, 0.758, 60.60, 0.134, 32.69, 0.132
28288,301770, 37.03, 0.00, 0.879, 0.000, 0.000, 0.000,0,0,0, 37.03, 0.879, 73.17, 0.791, 41.81, 0.110, 96.00, 0.087
28289,301781, 37.15, 0.00, 0.896, 0.000, 0.000, 0.000,0,0,0, 37.15, 0.896, 73.17, 0.801, 41.09, 0.248, 96.00, 0.135
28290,301792, 37.15, 0.00, 0.932, 0.000, 0.000, 0.000,0,0,0, 37.15, 0.932, 73.17, 0.834, 60.30, 0.056, 94.48, 0.054
28291,301802, 37.03, 0.00, 0.870, 0.000, 0.000, 0.000,0,0,0, 37.03, 0.870, 74.53, 0.753, 33.61, 0.284, 60.60, 0.114
28292,301813, 37.03, 0.00, 0.951, 0.000, 0.000, 0.000,0,0,0, 37.03, 0.951, 73.17, 0.701, 61.53, 0.157, 33.14, 0.124
28293,301824, 37.03, 0.00, 0.866, 0.000, 0.000, 0.000,0,0,0, 37.03, 0.866, 73.17, 0.697, 41.52, 0.119, 94.48, 0.088
28294,301834, 37.15, 0.00, 0.890, 0.000, 0.000, 0.000,0,0,0, 37.15, 0.890, 73.17, 0.771, 41.09, 0.214, 95.23, 0.131
28295,301845, 37.15, 0.00, 0.922, 0.000, 0.000, 0.000,0,0,0, 37.15, 0.922, 73.17, 0.806, 30.15, 0.236, 60.60, 0.087
28296,301856, 37.03, 0.00, 0.903, 0.000, 0.000, 0.000,0,0,0, 37.03, 0.903, 74.53, 0.739, 33.80, 0.282, 90.90, 0.141
28297,301866, 37.03, 0.00, 0.949, 0.000, 0.000, 0.000,0,0,0, 37.03, 0.949, 73.17, 0.695, 61.53, 0.176, 95.23, 0.139
28298,301877, 37.03, 0.00, 0.914, 0.000, 0.000, 0.000,0,0,0, 37.03, 0.914, 72.72, 0.685, 41.37, 0.154, 61.85, 0.123
28299,301888, 37.15, 0.00, 0.932, 0.000, 0.000, 0.000,0,0,0, 37.15, 0.932, 73.61, 0.747, 34.28, 0.191, 91.60, 0.122
28300,301898, 37.15, 0.00, 0.914, 0.000, 0.000, 0.000,0,0,0, 37.15, 0.914, 73.61, 0.758, 94.48, 0.104, 61.22, 0.083
28301,301909, 37.03, 0.00, 0.899, 0.000, 0.000, 0.000,0,0,0, 37.03, 0.899, 74.53, 0.694, 33.99, 0.317, 61.85, 0.156
28302,301920, 37.03, 0.00, 0.913, 0.000, 0.000, 0.000,0,0,0, 37.03, 0.913, 72.72, 0.640, 62.50, 0.202, 94.48, 0.142
28303,301930, 36.92, 0.00, 0.935, 0.000, 0.000, 0.000,0,0,0, 36.92, 0.935, 72.72, 0.640, 32.87, 0.282, 62.17, 0.197
28304,301941, 37.15, 0.00, 0.913, 0.000, 0.000, 0.000,0,0,0, 37.15, 0.913, 74.53, 0.721, 40.26, 0.291, 93.02, 0.170
28305,301952, 37.15, 0.00, 0.883, 0.000, 0.000, 0.000,0,0,0, 37.15, 0.883, 74.07, 0.745, 93.75, 0.168, 41.95, 0.103
28306,301962, 37.15, 0.00, 0.850, 0.000, 0.000, 0.000,0,0,0, 37.15, 0.850, 74.53, 0.654, 34.09, 0.348, 62.17, 0.212
28307,301973, 37.03, 0.00, 0.819, 0.000, 0.000, 0.000,0,0,0, 37.03, 0.819, 73.61, 0.579, 62.50, 0.268, 93.75, 0.151
28308,301984, 37.03, 0.00, 0.931, 0.000, 0.000, 0.000,0,0,0, 37.03, 0.931, 73.61, 0.594, 32.87, 0.258, 41.52, 0.184
28309,301994, 37.15, 0.00, 0.859, 0.000, 0.000, 0.000,0,0,0, 37.15, 0.859, 75.00, 0.671, 40.40, 0.332, 92.30, 0.197
28310,302005, 37.15, 0.00, 0.851, 0.000, 0.000, 0.000,0,0,0, 37.15, 0.851, 75.00, 0.731, 91.60, 0.208, 41.09, 0.184
28311,302016, 37.15, 0.00, 0.811, 0.000, 0.000, 0.000,0,0,0, 37.15, 0.811, 75.00, 0.615, 34.09, 0.336, 62.82, 0.237
28312,302026, 36.92, 0.00, 0.819, 0.000, 0.000, 0.000,0,0,0, 36.92, 0.819, 74.07, 0.510, 63.15, 0.305, 93.02, 0.213
28313,302037, 36.92, 0.00, 0.905, 0.000, 0.000, 0.000,0,0,0, 36.92, 0.905, 73.17, 0.598, 41.23, 0.185, 33.05, 0.135
28314,302048, 37.15, 0.00, 0.879, 0.000, 0.000, 0.000,0,0,0, 37.15, 0.879, 75.47, 0.643, 40.26, 0.319, 90.90, 0.206
28315,302058, 37.15, 0.00, 0.754, 0.000, 0.000, 0.000,0,0,0, 37.15, 0.754, 76.43, 0.692, 40.54, 0.275, 89.55, 0.265
28316,302069, 37.03, 0.00, 0.704, 0.000, 0.000, 0.000,0,0,0, 37.03, 0.704, 76.43, 0.544, 34.09, 0.332, 41.66, 0.292
28317,302080, 36.92, 0.00, 0.879, 0.000, 0.000, 0.000,0,0,0, 36.92, 0.879, 75.94, 0.414, 93.02, 0.245, 34.28, 0.218
28318,302090, 36.92, 0.00, 0.820, 0.000, 0.000, 0.000,0,0,0, 36.92, 0.820, 72.28, 0.577, 33.33, 0.216, 30.84, 0.060
28319,302101, 37.15, 0.00, 0.851, 0.000, 0.000, 0.000,0,0,0, 37.15, 0.851, 74.07, 0.635, 40.26, 0.309, 90.22, 0.206
28320,302112, 37.26, 0.00, 0.806, 0.000, 0.000, 0.000,0,0,0, 37.26, 0.806, 76.43, 0.685, 90.22, 0.272, 41.37, 0.231
28321,302122, 37.15, 0.00, 0.696, 0.000, 0.000, 0.000,0,0,0, 37.15, 0.696, 76.92, 0.542, 34.18, 0.456, 41.37, 0.248
28322,302133, 36.92, 0.00, 0.866, 0.000, 0.000, 0.000,0,0,0, 36.92, 0.866, 75.94, 0.471, 34.28, 0.323, 92.30, 0.242
28323,302144, 36.92, 0.00, 0.906, 0.000, 0.000, 0.000,0,0,0, 36.92, 0.906, 72.72, 0.575, 33.61, 0.222, 0.00, 0.000
28324,302154, 37.03, 0.00, 0.928, 0.000, 0.000, 0.000,0,0,0, 37.03, 0.928, 74.07, 0.611, 39.86, 0.326, 86.95, 0.228
28325,302165, 37.15, 0.00, 0.892, 0.000, 0.000, 0.000,0,0,0, 37.15, 0.892, 76.92, 0.620, 88.23, 0.328, 41.23, 0.230
28326,302176, 37.15, 0.00, 0.822, 0.000, 0.000, 0.000,0,0,0, 37.15, 0.822, 34.68, 0.557, 75.00, 0.479, 41.09, 0.174
28327,302186, 36.92, 0.00, 0.910, 0.000, 0.000, 0.000,0,0,0, 36.92, 0.910, 75.94, 0.523, 34.58, 0.440, 0.00, 0.000
28328,302197, 36.92, 0.00, 0.816, 0.000, 0.000, 0.000,0,0,0, 36.92, 0.816, 74.07, 0.458, 88.88, 0.299, 40.81, 0.185
28329,302208, 37.15, 0.00, 0.819, 0.000, 0.000, 0.000,0,0,0, 37.15, 0.819, 75.00, 0.382, 40.81, 0.341, 88.23, 0.253
28330,302218, 37.50, 0.00, 0.900, 0.000, 0.000, 0.000,0,0,0, 37.50, 0.900, 89.55, 0.393, 78.94, 0.360, 67.03, 0.288
28331,302229, 37.50, 0.00, 0.775, 0.000, 0.000, 0.000,0,0,0, 37.50, 0.775, 40.67, 0.383, 83.91, 0.319, 67.03, 0.146
28332,302240, 37.50, 0.00, 0.916, 0.000, 0.000, 0.000,0,0,0, 37.50, 0.916, 85.10, 0.389, 65.93, 0.326, 0.00, 0.000
28333,302250, 37.26, 0.00, 0.421, 0.000, 0.000, 0.000,0,0,0, 37.26, 0.421, 62.82, 0.375, 86.33, 0.155, 114.28, 0.008
28334,302261, 55.04, 0.00, 0.401, 0.000, 0.000, 0.000,0,0,0, 55.04, 0.401, 115.38, 0.345, 103.44, 0.289, 35.82, 0.137
28335,302272, 55.04, 0.00, 0.783, 0.000, 0.000, 0.000,0,0,0, 55.04, 0.783, 112.14, 0.650, 37.03, 0.648, 36.14, 0.643
28336,302282, 55.29, 0.00, 0.837, 0.000, 0.000, 0.000,0,0,0, 55.29, 0.837, 105.26, 0.712, 36.25, 0.695, 0.00, 0.000
28337,302293, 57.14, 0.00, 0.771, 0.000, 0.000, 0.000,0,0,0, 57.14, 0.771, 37.38, 0.755, 106.19, 0.588, 0.00, 0.000
28338,302304, 37.26, 0.00, 0.817, 0.000, 0.000, 0.000,0,0,0, 37.26, 0.817, 57.41, 0.733, 107.14, 0.611, 0.00, 0.000
28339,302314, 53.09, 0.00, 0.803, 0.000, 0.000, 0.000,0,0,0, 53.09, 0.803, 109.09, 0.704, 35.92, 0.672, 0.00, 0.000
28340,302325, 55.29, 0.00, 0.781, 0.000, 0.000, 0.000,0,0,0, 55.29, 0.781, 37.03, 0.736, 111.11, 0.735, 0.00, 0.000
28341,302336, 56.33, 0.00, 0.914, 0.000, 0.000, 0.000,0,0,0, 56.33, 0.914, 36.92, 0.713, 110.09, 0.668, 0.00, 0.000
28342,302346, 56.33, 0.00, 0.950, 0.000, 0.000, 0.000,0,0,0, 56.33, 0.950, 37.85, 0.710, 116.50, 0.632, 0.00, 0.000
28343,302357, 56.07, 0.00, 0.862, 0.000, 0.000, 0.000,0,0,0, 56.07, 0.862, 36.36, 0.790, 103.44, 0.660, 0.00, 0.000
28344,302368, 54.54, 0.00, 0.869, 0.000, 0.000, 0.000,0,0,0, 54.54, 0.869, 35.71, 0.727, 108.10, 0.712, 0.00, 0.000
28345,302378, 54.54, 0.00, 0.843, 0.000, 0.000, 0.000,0,0,0, 54.54, 0.843, 37.61, 0.750, 111.11, 0.736, 0.00, 0.000
28346,302389, 55.29, 0.00, 0.913, 0.000, 0.000, 0.000,0,0,0, 55.29, 0.913, 37.61, 0.727, 108.10, 0.686, 0.00, 0.000
28347,302400, 55.29, 0.00, 0.953, 0.000, 0.000, 0.000,0,0,0, 55.29, 0.953, 37.38, 0.757, 115.38, 0.690, 0.00, 0.000
28348,302410, 55.29, 0.00, 0.928, 0.000, 0.000, 0.000,0,0,0, 55.29, 0.928, 36.25, 0.754, 110.09, 0.706, 0.00, 0.000
28349,302421, 55.29, 0.00, 0.855, 0.000, 0.000, 0.000,0,0,0, 55.29, 0.855, 109.09, 0.694, 36.92, 0.631, 35.92, 0.620
28350,302432, 55.81, 0.00, 0.830, 0.000, 0.000, 0.000,0,0,0, 55.81, 0.830, 110.09, 0.653, 36.92, 0.653, 0.00, 0.000
28351,302442, 36.80, 0.00, 0.885, 0.000, 0.000, 0.000,0,0,0, 36.80, 0.885, 56.33, 0.750, 106.19, 0.665, 0.00, 0.000
28352,302453, 55.55, 0.00, 0.792, 0.000, 0.000, 0.000,0,0,0, 55.55, 0.792, 37.61, 0.682, 110.09, 0.632, 0.00, 0.000
28353,302464, 54.79, 0.00, 0.840, 0.000, 0.000, 0.000,0,0,0, 54.79, 0.840, 112.14, 0.767, 37.03, 0.711, 0.00, 0.000
28354,302474, 56.07, 0.00, 0.895, 0.000, 0.000, 0.000,0,0,0, 56.07, 0.895, 37.26, 0.784, 111.11, 0.769, 0.00, 0.000
28355,302485, 55.81, 0.00, 0.911, 0.000, 0.000, 0.000,0,0,0, 55.81, 0.911, 37.03, 0.683, 112.14, 0.644, 0.00, 0.000
28356,302496, 55.55, 0.00, 0.866, 0.000, 0.000, 0.000,0,0,0, 55.55, 0.866, 36.58, 0.751, 103.44, 0.670, 0.00, 0.000
28357,302506, 54.79, 0.00, 0.848, 0.000, 0.000, 0.000,0,0,0, 54.79, 0.848, 37.03, 0.703, 106.19, 0.597, 0.00, 0.000
28358,302517, 54.79, 0.00, 0.828, 0.000, 0.000, 0.000,0,0,0, 54.79, 0.828, 107.14, 0.689, 35.60, 0.681, 0.00, 0.000
28359,302528, 56.33, 0.00, 0.934, 0.000, 0.000, 0.000,0,0,0, 56.33, 0.934, 37.26, 0.722, 110.09, 0.702, 0.00, 0.000
28360,302538, 55.81, 0.00, 0.920, 0.000, 0.000, 0.000,0,0,0, 55.81, 0.920, 37.73, 0.678, 116.50, 0.636, 0.00, 0.000
28361,302549, 55.81, 0.00, 0.876, 0.000, 0.000, 0.000,0,0,0, 55.81, 0.876, 37.15, 0.838, 111.11, 0.743, 0.00, 0.000
28362,302560, 56.07, 0.00, 0.915, 0.000, 0.000, 0.000,0,0,0, 56.07, 0.915, 111.11, 0.820, 37.85, 0.806, 0.00, 0.000
28363,302570, 38.46, 0.00, 0.794, 0.000, 0.000, 0.000,0,0,0, 38.46, 0.794, 57.14, 0.785, 114.28, 0.779, 0.00, 0.000
28364,302581, 40.54, 0.00, 0.665, 0.000, 0.000, 0.000,0,0,0, 40.54, 0.665, 58.25, 0.639, 114.28, 0.636, 0.00, 0.000
28365,302592, 59.40, 0.00, 0.484, 0.000, 0.000, 0.000,0,0,0, 59.40, 0.484, 40.67, 0.472, 142.85, 0.461, 31.83, 0.442
28366,302602, 59.11, 0.00, 0.570, 0.000, 0.000, 0.000,0,0,0, 59.11, 0.570, 142.85, 0.422, 41.66, 0.364, 100.00, 0.322
28367,302613, 30.53, 0.00, 0.661, 0.000, 0.000, 0.000,0,0,0, 30.53, 0.661, 59.11, 0.476, 32.69, 0.345, 42.40, 0.330
28368,302624, 59.70, 0.00, 0.552, 0.000, 0.000, 0.000,0,0,0, 59.70, 0.552, 32.69, 0.477, 73.17, 0.441, 42.25, 0.345
28369,302634, 33.05, 0.00, 0.803, 0.000, 0.000, 0.000,0,0,0, 33.05, 0.803, 59.70, 0.639, 73.61, 0.511, 315.78, 0.427
28370,302645, 74.07, 0.00, 0.681, 0.000, 0.000, 0.000,0,0,0, 74.07, 0.681, 59.70, 0.580, 307.69, 0.480, 98.36, 0.456
28371,302656, 300.00, 0.00, 0.722, 0.000, 0.000, 0.000,0,0,0, 300.00, 0.722, 59.40, 0.699, 49.58, 0.696, 74.07, 0.644
28372,302666, 300.00, 0.00, 0.726, 0.000, 0.000, 0.000,0,0,0, 300.00, 0.726, 148.14, 0.558, 42.10, 0.532, 98.36, 0.493
28373,302677, 300.00, 0.00, 0.620, 0.000, 0.000, 0.000,0,0,0, 300.00, 0.620, 32.96, 0.435, 150.00, 0.407, 37.26, 0.345
28374,302688, 33.05, 0.00, 0.582, 0.000, 0.000, 0.000,0,0,0, 33.05, 0.582, 307.69, 0.453, 37.03, 0.333, 153.84, 0.293
28375,302698, 324.32, 0.00, 0.387, 0.000, 0.000, 0.000,0,0,0, 324.32, 0.387, 155.84, 0.274, 107.14, 0.194, 43.01, 0.095
28376,302709, 36.58, 0.00, 0.352, 0.000, 0.000, 0.000,0,0,0, 36.58, 0.352, 324.32, 0.314, 155.84, 0.236, 105.26, 0.180
28377,302720, 272.72, 0.00, 0.300, 0.000, 0.000, 0.000,0,0,0, 272.72, 0.300, 155.84, 0.298, 352.94, 0.294, 33.14, 0.191
28378,302730, 96.77, 0.00, 0.217, 0.000, 0.000, 0.000,0,0,0, 96.77, 0.217, 144.57, 0.140, 35.29, 0.129, 0.00, 0.000
28379,302741, 387.09, 0.00, 0.365, 0.000, 0.000, 0.000,0,0,0, 387.09, 0.365, 96.77, 0.178, 146.34, 0.166, 0.00, 0.000
28380,302752, 32.96, 0.00, 0.348, 0.000, 0.000, 0.000,0,0,0, 32.96, 0.348, 146.34, 0.124, 96.77, 0.103, 0.00, 0.000
28381,302762, 32.87, 0.00, 0.470, 0.000, 0.000, 0.000,0,0,0, 32.87, 0.470, 352.94, 0.432, 96.00, 0.014, 75.47, 0.000
28382,302773, 363.63, 0.00, 0.336, 0.000, 0.000, 0.000,0,0,0, 363.63, 0.336, 75.47, 0.245, 37.73, 0.234, 96.00, 0.060
28383,302784, 75.47, 0.00, 0.460, 0.000, 0.000, 0.000,0,0,0, 75.47, 0.460, 37.03, 0.431, 94.48, 0.229, 42.10, 0.069
28384,302794, 42.25, 0.00, 0.489, 0.000, 0.000, 0.000,0,0,0, 42.25, 0.489, 75.47, 0.482, 38.09, 0.286, 95.23, 0.278
28385,302805, 74.53, 0.00, 0.414, 0.000, 0.000, 0.000,0,0,0, 74.53, 0.414, 37.03, 0.346, 95.23, 0.344, 300.00, 0.333
28386,302816, 36.80, 0.00, 0.682, 0.000, 0.000, 0.000,0,0,0, 36.80, 0.682, 33.51, 0.533, 300.00, 0.429, 74.53, 0.264
28387,302826, 37.15, 0.00, 0.605, 0.000, 0.000, 0.000,0,0,0, 37.15, 0.605, 300.00, 0.438, 42.40, 0.433, 75.00, 0.393
28388,302837, 74.53, 0.00, 0.563, 0.000, 0.000, 0.000,0,0,0, 74.53, 0.563, 37.26, 0.465, 42.40, 0.400, 315.78, 0.288
28389,302848, 74.53, 0.00, 0.675, 0.000, 0.000, 0.000,0,0,0, 74.53, 0.675, 41.95, 0.582, 37.50, 0.416, 96.00, 0.412
28390,302858, 33.14, 0.00, 0.631, 0.000, 0.000, 0.000,0,0,0, 33.14, 0.631, 74.07, 0.456, 36.25, 0.426, 315.78, 0.366
28391,302869, 32.52, 0.00, 0.465, 0.000, 0.000, 0.000,0,0,0, 32.52, 0.465, 59.11, 0.348, 315.78, 0.344, 36.92, 0.270
28392,302880, 33.14, 0.00, 0.587, 0.000, 0.000, 0.000,0,0,0, 33.14, 0.587, 36.47, 0.575, 352.94, 0.357, 98.36, 0.107
28393,302890, 32.08, 0.00, 0.611, 0.000, 0.000, 0.000,0,0,0, 32.08, 0.611, 99.17, 0.109, 42.10, 0.065, 148.14, 0.011
28394,302901, 41.95, 0.00, 0.496, 0.000, 0.000, 0.000,0,0,0, 41.95, 0.496, 47.43, 0.216, 0.00, 0.000, 0.00, 0.000
28395,302912, 41.66, 0.00, 0.130, 0.000, 0.000, 0.000,0,0,0, 41.66, 0.130, 74.53, 0.100, 0.00, 0.000, 0.00, 0.000
28396,302922, 30.07, 0.00, 0.595, 0.000, 0.000, 0.000,0,0,0, 30.07, 0.595, 73.61, 0.468, 36.58, 0.389, 0.00, 0.000
28397,302933, 30.53, 0.00, 0.783, 0.000, 0.000, 0.000,0,0,0, 30.53, 0.783, 50.42, 0.457, 45.80, 0.374, 75.94, 0.178
28398,302944, 50.20, 0.00, 0.545, 0.000, 0.000, 0.000,0,0,0, 50.20, 0.545, 35.19, 0.445, 31.91, 0.296, 100.84, 0.243
28399,302954, 32.00, 0.00, 0.632, 0.000, 0.000, 0.000,0,0,0, 32.00, 0.632, 108.10, 0.514, 52.40, 0.312, 46.33, 0.283
28400,302965, 107.14, 0.00, 0.622, 0.000, 0.000, 0.000,0,0,0, 107.14, 0.622, 35.50, 0.534, 53.09, 0.461, 33.05, 0.457
28401,302976, 31.91, 0.00, 0.642, 0.000, 0.000, 0.000,0,0,0, 31.91, 0.642, 100.84, 0.483, 52.40, 0.351, 50.00, 0.319
28402,302986, 99.17, 0.00, 0.637, 0.000, 0.000, 0.000,0,0,0, 99.17, 0.637, 31.74, 0.604, 46.33, 0.546, 52.17, 0.183
28403,302997, 46.51, 0.00, 0.826, 0.000, 0.000, 0.000,0,0,0, 46.51, 0.826, 98.36, 0.535, 32.87, 0.321, 0.00, 0.000
28404,303008, 49.58, 0.00, 0.647, 0.000, 0.000, 0.000,0,0,0, 49.58, 0.647, 46.33, 0.486, 100.00, 0.426, 33.14, 0.403
28405,303018, 32.00, 0.00, 0.822, 0.000, 0.000, 0.000,0,0,0, 32.00, 0.822, 32.96, 0.762, 52.86, 0.747, 98.36, 0.318
28406,303029, 49.38, 0.00, 0.593, 0.000, 0.000, 0.000,0,0,0, 49.38, 0.593, 34.09, 0.498, 33.14, 0.454, 100.00, 0.449
28407,303040, 32.96, 0.00, 0.681, 0.000, 0.000, 0.000,0,0,0, 32.96, 0.681, 103.44, 0.470, 45.80, 0.457, 81.63, 0.283
28408,303050, 34.58, 0.00, 0.777, 0.000, 0.000, 0.000,0,0,0, 34.58, 0.777, 101.69, 0.528, 53.57, 0.431, 0.00, 0.000
28409,303061, 32.25, 0.00, 0.834, 0.000, 0.000, 0.000,0,0,0, 32.25, 0.834, 99.17, 0.404, 53.33, 0.349, 82.19, 0.317
28410,303072, 98.36, 0.00, 0.573, 0.000, 0.000, 0.000,0,0,0, 98.36, 0.573, 45.45, 0.427, 32.96, 0.283, 31.08, 0.244
28411,303082, 97.56, 0.00, 0.437, 0.000, 0.000, 0.000,0,0,0, 97.56, 0.437, 45.62, 0.390, 54.29, 0.215, 33.24, 0.174
28412,303093, 35.08, 0.00, 0.386, 0.000, 0.000, 0.000,0,0,0, 35.08, 0.386, 33.14, 0.376, 32.34, 0.370, 54.54, 0.350
28413,303104, 31.57, 0.00, 0.669, 0.000, 0.000, 0.000,0,0,0, 31.57, 0.669, 32.00, 0.650, 53.81, 0.383, 50.00, 0.287
28414,303114, 45.80, 0.00, 0.398, 0.000, 0.000, 0.000,0,0,0, 45.80, 0.398, 98.36, 0.325, 49.18, 0.300, 35.82, 0.130
28415,303125, 49.38, 0.00, 0.487, 0.000, 0.000, 0.000,0,0,0, 49.38, 0.487, 98.36, 0.406, 35.39, 0.196, 36.14, 0.178
28416,303136, 32.08, 0.00, 0.743, 0.000, 0.000, 0.000,0,0,0, 32.08, 0.743, 33.05, 0.723, 53.57, 0.421, 50.00, 0.362
28417,303146, 49.79, 0.00, 0.457, 0.000, 0.000, 0.000,0,0,0, 49.79, 0.457, 33.42, 0.433, 53.09, 0.416, 98.36, 0.391
28418,303157, 45.97, 0.00, 0.552, 0.000, 0.000, 0.000,0,0,0, 45.97, 0.552, 98.36, 0.392, 33.24, 0.325, 0.00, 0.000
28419,303168, 97.56, 0.00, 0.416, 0.000, 0.000, 0.000,0,0,0, 97.56, 0.416, 49.38, 0.381, 33.05, 0.305, 46.69, 0.304
28420,303178, 32.43, 0.00, 0.806, 0.000, 0.000, 0.000,0,0,0, 32.43, 0.806, 32.96, 0.798, 53.81, 0.540, 96.77, 0.266
28421,303189, 98.36, 0.00, 0.496, 0.000, 0.000, 0.000,0,0,0, 98.36, 0.496, 35.19, 0.413, 49.18, 0.383, 33.05, 0.334
28422,303200, 33.14, 0.00, 0.609, 0.000, 0.000, 0.000,0,0,0, 33.14, 0.609, 33.61, 0.603, 100.00, 0.450, 45.45, 0.281
28423,303210, 35.19, 0.00, 0.675, 0.000, 0.000, 0.000,0,0,0, 35.19, 0.675, 33.24, 0.572, 100.00, 0.508, 53.81, 0.463
28424,303221, 32.60, 0.00, 0.939, 0.000, 0.000, 0.000,0,0,0, 32.60, 0.939, 98.36, 0.366, 84.50, 0.334, 53.57, 0.331
28425,303232, 98.36, 0.00, 0.621, 0.000, 0.000, 0.000,0,0,0, 98.36, 0.621, 45.11, 0.561, 42.85, 0.424, 31.08, 0.342
28426,303242, 45.62, 0.00, 0.547, 0.000, 0.000, 0.000,0,0,0, 45.62, 0.547, 98.36, 0.514, 86.33, 0.423, 34.09, 0.401
28427,303253, 34.78, 0.00, 0.725, 0.000, 0.000, 0.000,0,0,0, 34.78, 0.725, 98.36, 0.407, 49.79, 0.266, 54.79, 0.262
28428,303264, 32.69, 0.00, 0.710, 0.000, 0.000, 0.000,0,0,0, 32.69, 0.710, 84.50, 0.443, 53.81, 0.366, 49.38, 0.285
28429,303274, 98.36, 0.00, 0.423, 0.000, 0.000, 0.000,0,0,0, 98.36, 0.423, 49.18, 0.315, 35.08, 0.251, 45.11, 0.192
28430,303285, 97.56, 0.00, 0.413, 0.000, 0.000, 0.000,0,0,0, 97.56, 0.413, 87.59, 0.364, 45.80, 0.360, 49.79, 0.259
28431,303296, 32.87, 0.00, 0.563, 0.000, 0.000, 0.000,0,0,0, 32.87, 0.563, 34.78, 0.395, 49.58, 0.367, 98.36, 0.319
28432,303306, 32.69, 0.00, 0.564, 0.000, 0.000, 0.000,0,0,0, 32.69, 0.564, 97.56, 0.387, 49.18, 0.357, 30.07, 0.343
28433,303317, 100.00, 0.00, 0.461, 0.000, 0.000, 0.000,0,0,0, 100.00, 0.461, 45.45, 0.323, 34.88, 0.299, 49.38, 0.264
28434,303328, 98.36, 0.00, 0.501, 0.000, 0.000, 0.000,0,0,0, 98.36, 0.501, 50.20, 0.442, 35.39, 0.342, 34.68, 0.337
28435,303338, 33.05, 0.00, 0.891, 0.000, 0.000, 0.000,0,0,0, 33.05, 0.891, 53.57, 0.399, 99.17, 0.373, 86.95, 0.328
28436,303349, 95.23, 0.00, 0.533, 0.000, 0.000, 0.000,0,0,0, 95.23, 0.533, 32.87, 0.478, 49.18, 0.411, 34.48, 0.345
28437,303360, 100.00, 0.00, 0.551, 0.000, 0.000, 0.000,0,0,0, 100.00, 0.551, 33.99, 0.432, 45.80, 0.425, 49.58, 0.388
28438,303370, 33.24, 0.00, 0.722, 0.000, 0.000, 0.000,0,0,0, 33.24, 0.722, 33.89, 0.701, 50.00, 0.534, 100.84, 0.499
28439,303381, 32.96, 0.00, 0.797, 0.000, 0.000, 0.000,0,0,0, 32.96, 0.797, 49.58, 0.633, 100.00, 0.335, 85.71, 0.303
28440,303392, 48.97, 0.00, 0.660, 0.000, 0.000, 0.000,0,0,0, 48.97, 0.660, 99.17, 0.493, 32.78, 0.420, 89.55, 0.373
28441,303402, 49.58, 0.00, 0.613, 0.000, 0.000, 0.000,0,0,0, 49.58, 0.613, 99.17, 0.525, 89.55, 0.394, 32.17, 0.321
28442,303413, 33.70, 0.00, 0.724, 0.000, 0.000, 0.000,0,0,0, 33.70, 0.724, 50.00, 0.660, 100.84, 0.463, 31.08, 0.244
28443,303424, 32.69, 0.00, 0.804, 0.000, 0.000, 0.000,0,0,0, 32.69, 0.804, 49.38, 0.561, 51.06, 0.524, 99.17, 0.365
28444,303434, 48.97, 0.00, 0.530, 0.000, 0.000, 0.000,0,0,0, 48.97, 0.530, 100.84, 0.475, 34.98, 0.330, 89.55, 0.279
28445,303445, 49.79, 0.00, 0.590, 0.000, 0.000, 0.000,0,0,0, 49.79, 0.590, 100.00, 0.515, 30.61, 0.458, 88.23, 0.385
28446,303456, 34.18, 0.00, 0.733, 0.000, 0.000, 0.000,0,0,0, 34.18, 0.733, 33.14, 0.696, 50.84, 0.507, 100.84, 0.491
28447,303466, 31.91, 0.00, 0.679, 0.000, 0.000, 0.000,0,0,0, 31.91, 0.679, 51.28, 0.505, 84.50, 0.435, 99.17, 0.396
28448,303477, 102.56, 0.00, 0.490, 0.000, 0.000, 0.000,0,0,0, 102.56, 0.490, 47.05, 0.477, 49.58, 0.455, 32.69, 0.335
28449,303488, 49.38, 0.00, 0.493, 0.000, 0.000, 0.000,0,0,0, 49.38, 0.493, 51.50, 0.465, 100.84, 0.436, 32.43, 0.432
28450,303498, 33.24, 0.00, 0.685, 0.000, 0.000, 0.000,0,0,0, 33.24, 0.685, 48.58, 0.502, 101.69, 0.501, 52.63, 0.477
28451,303509, 98.36, 0.00, 0.601, 0.000, 0.000, 0.000,0,0,0, 98.36, 0.601, 48.97, 0.579, 32.08, 0.532, 32.78, 0.488
28452,303520, 97.56, 0.00, 0.614, 0.000, 0.000, 0.000,0,0,0, 97.56, 0.614, 46.69, 0.481, 49.38, 0.476, 32.69, 0.364
28453,303530, 33.70, 0.00, 0.845, 0.000, 0.000, 0.000,0,0,0, 33.70, 0.845, 50.20, 0.633, 100.00, 0.561, 0.00, 0.000
28454,303541, 33.42, 0.00, 0.867, 0.000, 0.000, 0.000,0,0,0, 33.42, 0.867, 49.58, 0.654, 100.00, 0.503, 0.00, 0.000
28455,303552, 48.78, 0.00, 0.644, 0.000, 0.000, 0.000,0,0,0, 48.78, 0.644, 98.36, 0.599, 31.66, 0.408, 42.40, 0.136
28456,303562, 49.58, 0.00, 0.572, 0.000, 0.000, 0.000,0,0,0, 49.58, 0.572, 95.23, 0.557, 32.96, 0.421, 46.51, 0.382
28457,303573, 33.24, 0.00, 0.753, 0.000, 0.000, 0.000,0,0,0, 33.24, 0.753, 50.20, 0.608, 98.36, 0.419, 30.84, 0.146
28458,303584, 32.87, 0.00, 0.959, 0.000, 0.000, 0.000,0,0,0, 32.87, 0.959, 50.00, 0.496, 98.36, 0.395, 86.33, 0.233
28459,303594, 100.00, 0.00, 0.589, 0.000, 0.000, 0.000,0,0,0, 100.00, 0.589, 46.33, 0.565, 49.38, 0.449, 33.14, 0.387
28460,303605, 97.56, 0.00, 0.591, 0.000, 0.000, 0.000,0,0,0, 97.56, 0.591, 49.18, 0.502, 32.69, 0.411, 31.16, 0.268
28461,303616, 34.88, 0.00, 0.776, 0.000, 0.000, 0.000,0,0,0, 34.88, 0.776, 100.84, 0.527, 53.09, 0.451, 49.58, 0.395
28462,303626, 32.78, 0.00, 0.832, 0.000, 0.000, 0.000,0,0,0, 32.78, 0.832, 50.00, 0.421, 52.63, 0.383, 97.56, 0.381
28463,303637, 99.17, 0.00, 0.509, 0.000, 0.000, 0.000,0,0,0, 99.17, 0.509, 33.33, 0.439, 46.33, 0.334, 49.38, 0.254
28464,303648, 32.52, 0.00, 0.650, 0.000, 0.000, 0.000,0,0,0, 32.52, 0.650, 98.36, 0.562, 31.25, 0.530, 49.38, 0.352
28465,303658, 99.17, 0.00, 0.672, 0.000, 0.000, 0.000,0,0,0, 99.17, 0.672, 34.58, 0.654, 53.09, 0.380, 49.58, 0.380
28466,303669, 32.87, 0.00, 0.767, 0.000, 0.000, 0.000,0,0,0, 32.87, 0.767, 98.36, 0.557, 49.58, 0.348, 38.33, 0.018
28467,303680, 98.36, 0.00, 0.597, 0.000, 0.000, 0.000,0,0,0, 98.36, 0.597, 32.96, 0.547, 46.51, 0.394, 49.58, 0.325
28468,303690, 33.05, 0.00, 0.720, 0.000, 0.000, 0.000,0,0,0, 33.05, 0.720, 99.17, 0.529, 34.58, 0.524, 53.09, 0.341
28469,303701, 33.33, 0.00, 0.634, 0.000, 0.000, 0.000,0,0,0, 33.33, 0.634, 99.17, 0.607, 53.09, 0.425, 0.00, 0.000
28470,303712, 98.36, 0.00, 0.645, 0.000, 0.000, 0.000,0,0,0, 98.36, 0.645, 32.87, 0.613, 46.51, 0.497, 31.57, 0.300
28471,303722, 98.36, 0.00, 0.697, 0.000, 0.000, 0.000,0,0,0, 98.36, 0.697, 32.87, 0.529, 49.18, 0.475, 31.66, 0.341
28472,303733, 33.42, 0.00, 0.742, 0.000, 0.000, 0.000,0,0,0, 33.42, 0.742, 34.58, 0.709, 100.00, 0.617, 50.00, 0.469
28473,303744, 33.05, 0.00, 0.818, 0.000, 0.000, 0.000,0,0,0, 33.05, 0.818, 100.00, 0.566, 49.58, 0.419, 76.92, 0.024
28474,303754, 32.87, 0.00, 0.706, 0.000, 0.000, 0.000,0,0,0, 32.87, 0.706, 99.17, 0.615, 49.18, 0.452, 46.51, 0.436
28475,303765, 99.17, 0.00, 0.746, 0.000, 0.000, 0.000,0,0,0, 99.17, 0.746, 49.58, 0.506, 31.49, 0.426, 32.78, 0.327
28476,303776, 33.24, 0.00, 0.688, 0.000, 0.000, 0.000,0,0,0, 33.24, 0.688, 100.00, 0.639, 49.79, 0.579, 0.00, 0.000
28477,303786, 32.96, 0.00, 0.813, 0.000, 0.000, 0.000,0,0,0, 32.96, 0.813, 99.17, 0.572, 49.38, 0.561, 37.85, 0.008
28478,303797, 32.96, 0.00, 0.821, 0.000, 0.000, 0.000,0,0,0, 32.96, 0.821, 99.17, 0.524, 49.18, 0.486, 38.33, 0.056
28479,303808, 98.36, 0.00, 0.722, 0.000, 0.000, 0.000,0,0,0, 98.36, 0.722, 49.58, 0.521, 31.57, 0.419, 32.43, 0.342
28480,303818, 100.00, 0.00, 0.675, 0.000, 0.000, 0.000,0,0,0, 100.00, 0.675, 34.58, 0.591, 49.79, 0.491, 31.49, 0.064
28481,303829, 33.05, 0.00, 0.699, 0.000, 0.000, 0.000,0,0,0, 33.05, 0.699, 49.38, 0.601, 99.17, 0.580, 38.09, 0.205
28482,303840, 32.96, 0.00, 0.756, 0.000, 0.000, 0.000,0,0,0, 32.96, 0.756, 98.36, 0.578, 49.38, 0.508, 38.09, 0.238
28483,303850, 32.87, 0.00, 0.886, 0.000, 0.000, 0.000,0,0,0, 32.87, 0.886, 98.36, 0.524, 49.79, 0.349, 36.47, 0.213
28484,303861, 98.36, 0.00, 0.648, 0.000, 0.000, 0.000,0,0,0, 98.36, 0.648, 33.99, 0.622, 52.63, 0.379, 50.42, 0.368
28485,303872, 32.96, 0.00, 0.601, 0.000, 0.000, 0.000,0,0,0, 32.96, 0.601, 97.56, 0.590, 48.97, 0.327, 46.87, 0.287
28486,303882, 97.56, 0.00, 0.747, 0.000, 0.000, 0.000,0,0,0, 97.56, 0.747, 46.69, 0.491, 32.00, 0.487, 48.97, 0.466
28487,303893, 33.24, 0.00, 0.603, 0.000, 0.000, 0.000,0,0,0, 33.24, 0.603, 100.00, 0.566, 50.00, 0.465, 71.85, 0.022
28488,303904, 33.24, 0.00, 0.779, 0.000, 0.000, 0.000,0,0,0, 33.24, 0.779, 100.00, 0.592, 50.00, 0.564, 0.00, 0.000
28489,303914, 32.87, 0.00, 0.862, 0.000, 0.000, 0.000,0,0,0, 32.87, 0.862, 98.36, 0.592, 48.78, 0.564, 0.00, 0.000
28490,303925, 98.36, 0.00, 0.782, 0.000, 0.000, 0.000,0,0,0, 98.36, 0.782, 31.83, 0.581, 49.18, 0.564, 0.00, 0.000
28491,303936, 33.33, 0.00, 0.789, 0.000, 0.000, 0.000,0,0,0, 33.33, 0.789, 99.17, 0.684, 49.79, 0.592, 70.58, 0.045
28492,303946, 33.05, 0.00, 0.760, 0.000, 0.000, 0.000,0,0,0, 33.05, 0.760, 99.17, 0.685, 49.58, 0.560, 0.00, 0.000
28493,303957, 32.87, 0.00, 0.907, 0.000, 0.000, 0.000,0,0,0, 32.87, 0.907, 98.36, 0.593, 49.18, 0.571, 38.58, 0.065
28494,303968, 98.36, 0.00, 0.731, 0.000, 0.000, 0.000,0,0,0, 98.36, 0.731, 32.60, 0.623, 50.00, 0.513, 0.00, 0.000
28495,303978, 99.17, 0.00, 0.779, 0.000, 0.000, 0.000,0,0,0, 99.17, 0.779, 33.24, 0.702, 49.79, 0.674, 71.42, 0.053
28496,303989, 99.17, 0.00, 0.702, 0.000, 0.000, 0.000,0,0,0, 99.17, 0.702, 33.14, 0.701, 49.58, 0.648, 37.85, 0.190
28497,304000, 33.05, 0.00, 0.748, 0.000, 0.000, 0.000,0,0,0, 33.05, 0.748, 97.56, 0.707, 48.97, 0.553, 37.73, 0.367
28498,304010, 98.36, 0.00, 0.698, 0.000, 0.000, 0.000,0,0,0, 98.36, 0.698, 49.58, 0.666, 32.87, 0.620, 63.49, 0.128
28499,304021, 99.17, 0.00, 0.685, 0.000, 0.000, 0.000,0,0,0, 99.17, 0.685, 49.58, 0.554, 33.80, 0.531, 181.81, 0.085
28500,304032, 33.24, 0.00, 0.728, 0.000, 0.000, 0.000,0,0,0, 33.24, 0.728, 99.17, 0.698, 49.58, 0.683, 38.09, 0.134
28501,304042, 32.78, 0.00, 0.886, 0.000, 0.000, 0.000,0,0,0, 32.78, 0.886, 97.56, 0.680, 49.38, 0.672, 38.09, 0.197
28502,304053, 32.43, 0.00, 0.829, 0.000, 0.000, 0.000,0,0,0, 32.43, 0.829, 99.17, 0.639, 49.79, 0.576, 0.00, 0.000
28503,304064, 33.33, 0.00, 0.816, 0.000, 0.000, 0.000,0,0,0, 33.33, 0.816, 99.17, 0.707, 50.00, 0.658, 0.00, 0.000
28504,304074, 33.05, 0.00, 0.778, 0.000, 0.000, 0.000,0,0,0, 33.05, 0.778, 98.36, 0.678, 49.18, 0.564, 38.33, 0.087
28505,304085, 98.36, 0.00, 0.779, 0.000, 0.000, 0.000,0,0,0, 98.36, 0.779, 32.78, 0.665, 49.18, 0.624, 0.00, 0.000
28506,304096, 33.33, 0.00, 0.787, 0.000, 0.000, 0.000,0,0,0, 33.33, 0.787, 99.17, 0.765, 49.79, 0.660, 71.00, 0.116
28507,304106, 33.33, 0.00, 0.796, 0.000, 0.000, 0.000,0,0,0, 33.33, 0.796, 99.17, 0.757, 49.58, 0.698, 69.36, 0.098
28508,304117, 32.52, 0.00, 0.698, 0.000, 0.000, 0.000,0,0,0, 32.52, 0.698, 97.56, 0.605, 48.58, 0.542, 39.73, 0.320
28509,304128, 32.69, 0.00, 0.784, 0.000, 0.000, 0.000,0,0,0, 32.69, 0.784, 48.58, 0.565, 96.00, 0.414, 67.79, 0.130
28510,304138, 43.63, 0.00, 0.353, 0.000, 0.000, 0.000,0,0,0, 43.63, 0.353, 50.63, 0.222, 53.33, 0.203, 68.18, 0.194
28511,304149, 45.80, 0.00, 0.441, 0.000, 0.000, 0.000,0,0,0, 45.80, 0.441, 56.07, 0.320, 32.43, 0.316, 67.41, 0.136
28512,304160, 46.15, 0.00, 0.775, 0.000, 0.000, 0.000,0,0,0, 46.15, 0.775, 44.44, 0.768, 0.00, 0.000, 0.00, 0.000
28513,304170, 43.95, 0.00, 0.972, 0.000, 0.000, 0.000,0,0,0, 43.95, 0.972, 0.00, 0.000, 0.00, 0.000, 0.00, 0.000
28514,304181, 32.52, 0.00, 0.654, 0.000, 0.000, 0.000,0,0,0, 32.52, 0.654, 44.11, 0.371, 0.00, 0.000, 0.00, 0.000
28515,304192, 31.25, 0.00, 0.995, 0.000, 0.000, 0.000,0,0,0, 31.25, 0.995, 63.15, 0.072, 0.00, 0.000, 0.00, 0.000
28516,304202, 30.53, 0.00, 0.997, 0.000, 0.000, 0.000,0,0,0, 30.53, 0.997, 40.26, 0.193, 54.79, 0.078, 0.00, 0.000
28517,304213, 40.26, 0.00, 0.816, 0.000, 0.000, 0.000,0,0,0, 40.26, 0.816, 42.40, 0.658, 54.79, 0.144, 184.61, 0.022
28518,304224, 42.55, 0.00, 0.992, 0.000, 0.000, 0.000,0,0,0, 42.55, 0.992, 0.00, 0.000, 0.00, 0.000, 0.00, 0.000
28519,304234, 42.25, 0.00, 0.999, 0.000, 0.000, 0.000,0,0,0, 42.25, 0.999, 0.00, 0.000, 0.00, 0.000, 0.00, 0.000
28520,304245, 40.95, 0.00, 0.996, 0.000, 0.000, 0.000,0,0,0, 40.95, 0.996, 0.00, 0.000, 0.00, 0.000, 0.00, 0.000
28521,304256, 40.81, 0.00, 0.999, 0.000, 0.000, 0.000,0,0,0, 40.81, 0.999, 0.00, 0.000, 0.00, 0.000, 0.00, 0.000
28522,304266, 40.40, 0.00, 0.957, 0.000, 0.000, 0.000,0,0,0, 40.40, 0.957, 0.00, 0.000, 0.00, 0.000, 0.00, 0.000
28523,304277, 39.86, 0.00, 0.999, 0.000, 0.000, 0.000,0,0,0, 39.86, 0.999, 0.00, 0.000, 0.00, 0.000, 0.00, 0.000
28524,304288, 40.26, 0.00, 0.953, 0.000, 0.000, 0.000,0,0,0, 40.26, 0.953, 0.00, 0.000, 0.00, 0.000, 0.00, 0.000
28525,304298, 40.67, 0.00, 0.970, 0.000, 0.000, 0.000,0,0,0, 40.67, 0.970, 0.00, 0.000, 0.00, 0.000, 0.00, 0.000
28526,304309, 41.23, 0.00, 0.999, 0.000, 0.000, 0.000,0,0,0, 41.23, 0.999, 0.00, 0.000, 0.00, 0.000, 0.00, 0.000
28527,304320, 39.34, 0.00, 0.993, 0.000, 0.000, 0.000,0,0,0, 39.34, 0.993, 0.00, 0.000, 0.00, 0.000, 0.00, 0.000
28528,304330, 41.52, 0.00, 0.916, 0.000, 0.000, 0.000,0,0,0, 41.52, 0.916, 0.00, 0.000, 0.00, 0.000, 0.00, 0.000
28529,304341, 42.40, 0.00, 0.875, 0.000, 0.000, 0.000,0,0,0, 42.40, 0.875, 0.00, 0.000, 0.00, 0.000, 0.00, 0.000
28530,304352, 43.95, 0.00, 0.843, 0.000, 0.000, 0.000,0,0,0, 43.95, 0.843, 41.95, 0.839, 0.00, 0.000, 0.00, 0.000
28531,304362, 41.37, 0.00, 0.837, 0.000, 0.000, 0.000,0,0,0, 41.37, 0.837, 0.00, 0.000, 0.00, 0.000, 0.00, 0.000
28532,304373, 39.21, 0.00, 0.345, 0.000, 0.000, 0.000,0,0,0, 39.21, 0.345, 55.29, 0.141, 126.31, 0.083, 0.00, 0.000
28533,304384, 56.07, 0.00, 0.335, 0.000, 0.000, 0.000,0,0,0, 56.07, 0.335, 125.00, 0.135, 0.00, 0.000, 0.00, 0.000
28534,304394, 33.80, 0.00, 0.609, 0.000, 0.000, 0.000,0,0,0, 33.80, 0.609, 56.07, 0.292, 0.00, 0.000, 0.00, 0.000
28535,304405, 33.51, 0.00, 0.573, 0.000, 0.000, 0.000,0,0,0, 33.51, 0.573, 52.17, 0.381, 49.79, 0.374, 100.00, 0.111
28536,304416, 52.17, 0.00, 0.359, 0.000, 0.000, 0.000,0,0,0, 52.17, 0.359, 100.00, 0.124, 0.00, 0.000, 0.00, 0.000
28537,304426, 56.60, 0.00, 0.390, 0.000, 0.000, 0.000,0,0,0, 56.60, 0.390, 114.28, 0.111, 40.26, 0.100, 49.79, 0.081
28538,304437, 40.26, 0.00, 0.601, 0.000, 0.000, 0.000,0,0,0, 40.26, 0.601, 42.40, 0.574, 31.57, 0.412, 146.34, 0.017
28539,304448, 47.05, 0.00, 0.538, 0.000, 0.000, 0.000,0,0,0, 47.05, 0.538, 42.55, 0.452, 52.86, 0.328, 50.20, 0.303
28540,304458, 50.42, 0.00, 0.426, 0.000, 0.000, 0.000,0,0,0, 50.42, 0.426, 62.50, 0.285, 41.95, 0.174, 218.18, 0.076
28541,304469, 30.69, 0.00, 0.761, 0.000, 0.000, 0.000,0,0,0, 30.69, 0.761, 65.57, 0.526, 61.53, 0.524, 32.96, 0.300
28542,304480, 31.41, 0.00, 0.936, 0.000, 0.000, 0.000,0,0,0, 31.41, 0.936, 67.03, 0.419, 61.22, 0.309, 0.00, 0.000
28543,304490, 32.34, 0.00, 0.730, 0.000, 0.000, 0.000,0,0,0, 32.34, 0.730, 67.41, 0.446, 59.70, 0.338, 0.00, 0.000
28544,304501, 31.00, 0.00, 0.284, 0.000, 0.000, 0.000,0,0,0, 31.00, 0.284, 47.80, 0.256, 65.57, 0.253, 33.70, 0.213
28545,304512, 49.38, 0.00, 0.753, 0.000, 0.000, 0.000,0,0,0, 49.38, 0.753, 43.63, 0.697, 0.00, 0.000, 0.00, 0.000
28546,304522, 46.33, 0.00, 0.474, 0.000, 0.000, 0.000,0,0,0, 46.33, 0.474, 30.37, 0.447, 62.50, 0.259, 0.00, 0.000
28547,304533, 40.00, 0.00, 0.390, 0.000, 0.000, 0.000,0,0,0, 40.00, 0.390, 32.87, 0.349, 77.92, 0.270, 64.17, 0.244
28548,304544, 30.22, 0.00, 0.704, 0.000, 0.000, 0.000,0,0,0, 30.22, 0.704, 36.58, 0.434, 78.94, 0.178, 0.00, 0.000
28549,304554, 30.22, 0.00, 0.873, 0.000, 0.000, 0.000,0,0,0, 30.22, 0.873, 48.58, 0.413, 106.19, 0.029, 0.00, 0.000
28550,304565, 42.55, 0.00, 0.614, 0.000, 0.000, 0.000,0,0,0, 42.55, 0.614, 53.09, 0.242, 56.07, 0.242, 0.00, 0.000
28551,304576, 43.95, 0.00, 0.694, 0.000, 0.000, 0.000,0,0,0, 43.95, 0.694, 57.14, 0.378, 203.38, 0.027, 0.00, 0.000
28552,304586, 44.11, 0.00, 0.734, 0.000, 0.000, 0.000,0,0,0, 44.11, 0.734, 60.91, 0.136, 0.00, 0.000, 0.00, 0.000
28553,304597, 31.41, 0.00, 0.567, 0.000, 0.000, 0.000,0,0,0, 31.41, 0.567, 30.22, 0.438, 41.09, 0.332, 96.00, 0.194
28554,304608, 39.21, 0.00, 0.670, 0.000, 0.000, 0.000,0,0,0, 39.21, 0.670, 92.30, 0.283, 71.85, 0.280, 0.00, 0.000
28555,304618, 42.40, 0.00, 0.464, 0.000, 0.000, 0.000,0,0,0, 42.40, 0.464, 94.48, 0.389, 0.00, 0.000, 0.00, 0.000
28556,304629, 42.25, 0.00, 0.680, 0.000, 0.000, 0.000,0,0,0, 42.25, 0.680, 0.00, 0.000, 0.00, 0.000, 0.00, 0.000
28557,304640, 40.67, 0.00, 0.630, 0.000, 0.000, 0.000,0,0,0, 40.67, 0.630, 47.80, 0.549, 0.00, 0.000, 0.00, 0.000
28558,304650, 46.87, 0.00, 0.896, 0.000, 0.000, 0.000,0,0,0, 46.87, 0.896, 0.00, 0.000, 0.00, 0.000, 0.00, 0.000
28559,304661, 56.33, 0.00, 0.313, 0.000, 0.000, 0.000,0,0,0, 56.33, 0.313, 59.40, 0.285, 45.80, 0.076, 39.47, 0.022
28560,304672, 39.08, 0.00, 0.514, 0.000, 0.000, 0.000,0,0,0, 39.08, 0.514, 75.94, 0.253, 0.00, 0.000, 0.00, 0.000
28561,304682, 31.49, 0.00, 0.955, 0.000, 0.000, 0.000,0,0,0, 31.49, 0.955, 78.94, 0.077, 0.00, 0.000, 0.00, 0.000
28562,304693, 32.17, 0.00, 0.555, 0.000, 0.000, 0.000,0,0,0, 32.17, 0.555, 53.57, 0.386, 0.00, 0.000, 0.00, 0.000
28563,304704, 45.97, 0.00, 0.666, 0.000, 0.000, 0.000,0,0,0, 45.97, 0.666, 0.00, 0.000, 0.00, 0.000, 0.00, 0.000
28564,304714, 44.60, 0.00, 0.679, 0.000, 0.000, 0.000,0,0,0, 44.60, 0.679, 49.18, 0.627, 0.00, 0.000, 0.00, 0.000
28565,304725, 44.94, 0.00, 0.877, 0.000, 0.000, 0.000,0,0,0, 44.94, 0.877, 52.86, 0.378, 0.00, 0.000, 0.00, 0.000
28566,304736, 53.33, 0.00, 0.387, 0.000, 0.000, 0.000,0,0,0, 53.33, 0.387, 0.00, 0.000, 0.00, 0.000, 0.00, 0.000
28567,304746, 31.83, 0.00, 0.940, 0.000, 0.000, 0.000,0,0,0, 31.83, 0.940, 33.33, 0.657, 77.92, 0.291, 0.00, 0.000
28568,304757, 33.33, 0.00, 0.755, 0.000, 0.000, 0.000,0,0,0, 33.33, 0.755, 77.92, 0.374, 57.14, 0.340, 0.00, 0.000
28569,304768, 54.79, 0.00, 0.802, 0.000, 0.000, 0.000,0,0,0, 54.79, 0.802, 0.00, 0.000, 0.00, 0.000, 0.00, 0.000
28570,304778, 54.54, 0.00, 0.872, 0.000, 0.000, 0.000,0,0,0, 54.54, 0.872, 0.00, 0.000, 0.00, 0.000, 0.00, 0.000
28571,304789, 55.55, 0.00, 0.961, 0.000, 0.000, 0.000,0,0,0, 55.55, 0.961, 0.00, 0.000, 0.00, 0.000, 0.00, 0.000
28572,304800, 55.55, 0.00, 0.876, 0.000, 0.000, 0.000,0,0,0, 55.55, 0.876, 0.00, 0.000, 0.00, 0.000, 0.00, 0.000
28573,304810, 63.82, 0.00, 0.782, 0.000, 0.000, 0.000,0,0,0, 63.82, 0.782, 0.00, 0.000, 0.00, 0.000, 0.00, 0.000
28574,304821, 63.82, 0.00, 0.794, 0.000, 0.000, 0.000,0,0,0, 63.82, 0.794, 0.00, 0.000, 0.00, 0.000, 0.00, 0.000
28575,304832, 30.92, 0.00, 0.769, 0.000, 0.000, 0.000,0,0,0, 30.92, 0.769, 59.40, 0.759, 0.00, 0.000, 0.00, 0.000
28576,304842, 58.82, 0.00, 0.955, 0.000, 0.000, 0.000,0,0,0, 58.82, 0.955, 0.00, 0.000, 0.00, 0.000, 0.00, 0.000
28577,304853, 58.82, 0.00, 0.971, 0.000, 0.000, 0.000,0,0,0, 58.82, 0.971, 0.00, 0.000, 0.00, 0.000, 0.00, 0.000
28578,304864, 59.40, 0.00, 0.986, 0.000, 0.000, 0.000,0,0,0, 59.40, 0.986, 0.00, 0.000, 0.00, 0.000, 0.00, 0.000
28579,304874, 60.00, 0.00, 0.980, 0.000, 0.000, 0.000,0,0,0, 60.00, 0.980, 0.00, 0.000, 0.00, 0.000, 0.00, 0.000
28580,304885, 32.34, 0.00, 0.861, 0.000, 0.000, 0.000,0,0,0, 32.34, 0.861, 60.60, 0.838, 0.00, 0.000, 0.00, 0.000
28581,304896, 60.30, 0.00, 0.637, 0.000, 0.000, 0.000,0,0,0, 60.30, 0.637, 0.00, 0.000, 0.00, 0.000, 0.00, 0.000
28582,304906, 65.21, 0.00, 0.602, 0.000, 0.000, 0.000,0,0,0, 65.21, 0.602, 33.51, 0.489, 51.28, 0.424, 0.00, 0.000
28583,304917, 64.86, 0.00, 0.522, 0.000, 0.000, 0.000,0,0,0, 64.86, 0.522, 52.17, 0.411, 0.00, 0.000, 0.00, 0.000
28584,304928, 32.52, 0.00, 0.844, 0.000, 0.000, 0.000,0,0,0, 32.52, 0.844, 64.51, 0.681, 52.17, 0.360, 0.00, 0.000
28585,304938, 59.70, 0.00, 0.574, 0.000, 0.000, 0.000,0,0,0, 59.70, 0.574, 51.50, 0.222, 34.88, 0.060, 0.00, 0.000
28586,304949, 63.82, 0.00, 0.637, 0.000, 0.000, 0.000,0,0,0, 63.82, 0.637, 30.61, 0.508, 34.68, 0.466, 32.52, 0.415
28587,304960, 60.30, 0.00, 0.390, 0.000, 0.000, 0.000,0,0,0, 60.30, 0.390, 75.00, 0.062, 0.00, 0.000, 0.00, 0.000
28588,304970, 59.70, 0.00, 0.300, 0.000, 0.000, 0.000,0,0,0, 59.70, 0.300, 127.65, 0.058, 105.26, 0.010, 0.00, 0.000
28589,304981, 400.00, 0.00, 0.524, 0.000, 0.000, 0.000,0,0,0, 400.00, 0.524, 0.00, 0.000, 0.00, 0.000, 0.00, 0.000
28590,304992, 400.00, 0.00, 0.640, 0.000, 0.000, 0.000,0,0,0, 400.00, 0.640, 0.00, 0.000, 0.00, 0.000, 0.00, 0.000
28591,305002, 400.00, 0.00, 0.543, 0.000, 0.000, 0.000,0,0,0, 400.00, 0.543, 0.00, 0.000, 0.00, 0.000, 0.00, 0.000
28592,305013, 30.53, 0.00, 0.668, 0.000, 0.000, 0.000,0,0,0, 30.53, 0.668, 36.92, 0.411, 0.00, 0.000, 0.00, 0.000
28593,305024, 39.73, 0.00, 0.551, 0.000, 0.000, 0.000,0,0,0, 39.73, 0.551, 45.11, 0.504, 37.85, 0.434, 48.58, 0.416
28594,305034, 48.19, 0.00, 0.701, 0.000, 0.000, 0.000,0,0,0, 48.19, 0.701, 52.63, 0.435, 0.00, 0.000, 0.00, 0.000
28595,305045, 49.38, 0.00, 0.790, 0.000, 0.000, 0.000,0,0,0, 49.38, 0.790, 45.62, 0.290, 0.00, 0.000, 0.00, 0.000
28596,305056, 49.58, 0.00, 0.990, 0.000, 0.000, 0.000,0,0,0, 49.58, 0.990, 0.00, 0.000, 0.00, 0.000, 0.00, 0.000
28597,305066, 49.38, 0.00, 0.966, 0.000, 0.000, 0.000,0,0,0, 49.38, 0.966, 43.95, 0.343, 0.00, 0.000, 0.00, 0.000
28598,305077, 49.18, 0.00, 0.541, 0.000, 0.000, 0.000,0,0,0, 49.18, 0.541, 61.85, 0.195, 34.28, 0.097, 36.69, 0.061
28599,305088, 49.79, 0.00, 0.528, 0.000, 0.000, 0.000,0,0,0, 49.79, 0.528, 55.81, 0.209, 75.00, 0.004, 0.00, 0.000
28600,305098, 50.00, 0.00, 0.712, 0.000, 0.000, 0.000,0,0,0, 50.00, 0.712, 54.54, 0.229, 30.61, 0.198, 36.92, 0.188
28601,305109, 50.00, 0.00, 0.695, 0.000, 0.000, 0.000,0,0,0, 50.00, 0.695, 31.74, 0.256, 54.54, 0.214, 87.59, 0.207
28602,305120, 49.79, 0.00, 0.795, 0.000, 0.000, 0.000,0,0,0, 49.79, 0.795, 34.88, 0.294, 116.50, 0.224, 74.53, 0.158
28603,305130, 50.00, 0.00, 0.846, 0.000, 0.000, 0.000,0,0,0, 50.00, 0.846, 31.57, 0.246, 86.33, 0.240, 75.47, 0.158
28604,305141, 50.00, 0.00, 0.972, 0.000, 0.000, 0.000,0,0,0, 50.00, 0.972, 35.08, 0.309, 118.81, 0.261, 85.71, 0.153
28605,305152, 49.79, 0.00, 0.990, 0.000, 0.000, 0.000,0,0,0, 49.79, 0.990, 31.49, 0.338, 85.71, 0.273, 120.00, 0.126
28606,305162, 49.79, 0.00, 0.929, 0.000, 0.000, 0.000,0,0,0, 49.79, 0.929, 35.29, 0.315, 121.21, 0.265, 37.03, 0.199
28607,305173, 49.79, 0.00, 0.896, 0.000, 0.000, 0.000,0,0,0, 49.79, 0.896, 31.41, 0.426, 83.91, 0.301, 75.94, 0.185
28608,305184, 49.58, 0.00, 0.955, 0.000, 0.000, 0.000,0,0,0, 49.58, 0.955, 35.19, 0.354, 122.44, 0.285, 36.69, 0.214
28609,305194, 49.79, 0.00, 0.808, 0.000, 0.000, 0.000,0,0,0, 49.79, 0.808, 31.08, 0.484, 83.33, 0.321, 36.69, 0.318
28610,305205, 50.00, 0.00, 0.810, 0.000, 0.000, 0.000,0,0,0, 50.00, 0.810, 36.14, 0.422, 133.33, 0.281, 82.19, 0.208
28611,305216, 51.72, 0.00, 0.799, 0.000, 0.000, 0.000,0,0,0, 51.72, 0.799, 31.57, 0.452, 81.08, 0.274, 37.85, 0.249
28612,305226, 51.94, 0.00, 0.838, 0.000, 0.000, 0.000,0,0,0, 51.94, 0.838, 31.66, 0.465, 37.85, 0.333, 79.47, 0.309
28613,305237, 51.94, 0.00, 0.963, 0.000, 0.000, 0.000,0,0,0, 51.94, 0.963, 38.70, 0.334, 151.89, 0.318, 78.94, 0.248
28614,305248, 52.17, 0.00, 0.960, 0.000, 0.000, 0.000,0,0,0, 52.17, 0.960, 31.33, 0.424, 78.94, 0.348, 153.84, 0.269
28615,305258, 52.17, 0.00, 0.946, 0.000, 0.000, 0.000,0,0,0, 52.17, 0.946, 153.84, 0.233, 33.42, 0.232, 38.96, 0.201
28616,305269, 52.17, 0.00, 0.953, 0.000, 0.000, 0.000,0,0,0, 52.17, 0.953, 31.33, 0.480, 78.94, 0.342, 36.58, 0.175
28617,305280, 52.17, 0.00, 0.960, 0.000, 0.000, 0.000,0,0,0, 52.17, 0.960, 33.33, 0.221, 153.84, 0.199, 38.83, 0.190
28618,305290, 52.17, 0.00, 0.973, 0.000, 0.000, 0.000,0,0,0, 52.17, 0.973, 31.25, 0.360, 78.43, 0.247, 153.84, 0.203
28619,305301, 52.17, 0.00, 0.970, 0.000, 0.000, 0.000,0,0,0, 52.17, 0.970, 38.70, 0.242, 153.84, 0.205, 31.74, 0.162
28620,305312, 41.37, 0.00, 0.436, 0.000, 0.000, 0.000,0,0,0, 41.37, 0.436, 52.17, 0.343, 56.60, 0.280, 78.94, 0.112
28621,305322, 56.07, 0.00, 0.511, 0.000, 0.000, 0.000,0,0,0, 56.07, 0.511, 41.23, 0.265, 63.15, 0.221, 151.89, 0.068
28622,305333, 55.29, 0.00, 0.924, 0.000, 0.000, 0.000,0,0,0, 55.29, 0.924, 31.66, 0.151, 76.92, 0.050, 43.63, 0.002
28623,305344, 55.29, 0.00, 0.783, 0.000, 0.000, 0.000,0,0,0, 55.29, 0.783, 42.40, 0.049, 0.00, 0.000, 0.00, 0.000
28624,305354, 54.79, 0.00, 0.757, 0.000, 0.000, 0.000,0,0,0, 54.79, 0.757, 31.49, 0.131, 42.40, 0.076, 33.51, 0.058
28625,305365, 55.04, 0.00, 0.696, 0.000, 0.000, 0.000,0,0,0, 55.04, 0.696, 57.69, 0.586, 36.58, 0.008, 37.03, 0.008
28626,305376, 57.97, 0.00, 0.949, 0.000, 0.000, 0.000,0,0,0, 57.97, 0.949, 0.00, 0.000, 0.00, 0.000, 0.00, 0.000
28627,305386, 58.25, 0.00, 0.942, 0.000, 0.000, 0.000,0,0,0, 58.25, 0.942, 0.00, 0.000, 0.00, 0.000, 0.00, 0.000
28628,305397, 58.53, 0.00, 0.963, 0.000, 0.000, 0.000,0,0,0, 58.53, 0.963, 0.00, 0.000, 0.00, 0.000, 0.00, 0.000
28629,305408, 58.53, 0.00, 0.928, 0.000, 0.000, 0.000,0,0,0, 58.53, 0.928, 30.15, 0.443, 32.96, 0.244, 74.53, 0.072
28630,305418, 58.82, 0.00, 0.920, 0.000, 0.000, 0.000,0,0,0, 58.82, 0.920, 260.86, 0.017, 47.61, 0.011, 0.00, 0.000
28631,305429, 30.37, 0.00, 0.910, 0.000, 0.000, 0.000,0,0,0, 30.37, 0.910, 59.40, 0.751, 40.13, 0.012, 123.71, 0.011
28632,305440, 30.30, 0.00, 0.948, 0.000, 0.000, 0.000,0,0,0, 30.30, 0.948, 62.17, 0.681, 34.78, 0.227, 31.57, 0.182
28633,305450, 31.08, 0.00, 0.975, 0.000, 0.000, 0.000,0,0,0, 31.08, 0.975, 61.85, 0.912, 41.37, 0.024, 123.71, 0.022
28634,305461, 30.76, 0.00, 0.978, 0.000, 0.000, 0.000,0,0,0, 30.76, 0.978, 61.53, 0.976, 41.23, 0.072, 43.95, 0.055
28635,305472, 30.76, 0.00, 0.944, 0.000, 0.000, 0.000,0,0,0, 30.76, 0.944, 61.53, 0.942, 32.60, 0.193, 34.88, 0.177
28636,305482, 31.16, 0.00, 0.961, 0.000, 0.000, 0.000,0,0,0, 31.16, 0.961, 61.53, 0.819, 38.96, 0.114, 153.84, 0.011
28637,305493, 63.15, 0.00, 0.662, 0.000, 0.000, 0.000,0,0,0, 63.15, 0.662, 32.17, 0.604, 31.08, 0.340, 39.08, 0.050
28638,305504, 32.17, 0.00, 0.937, 0.000, 0.000, 0.000,0,0,0, 32.17, 0.937, 65.57, 0.753, 33.61, 0.209, 40.54, 0.137
28639,305514, 32.69, 0.00, 0.974, 0.000, 0.000, 0.000,0,0,0, 32.69, 0.974, 65.57, 0.956, 112.14, 0.147, 41.23, 0.144
28640,305525, 32.60, 0.00, 0.972, 0.000, 0.000, 0.000,0,0,0, 32.60, 0.972, 65.21, 0.955, 45.97, 0.172, 155.84, 0.169
28641,305536, 32.34, 0.00, 0.984, 0.000, 0.000, 0.000,0,0,0, 32.34, 0.984, 64.86, 0.940, 45.97, 0.156, 111.11, 0.134
28642,305546, 33.24, 0.00, 0.935, 0.000, 0.000, 0.000,0,0,0, 33.24, 0.935, 65.21, 0.545, 47.24, 0.180, 107.14, 0.155
28643,305557, 34.18, 0.00, 0.932, 0.000, 0.000, 0.000,0,0,0, 34.18, 0.932, 68.57, 0.795, 48.78, 0.145, 164.38, 0.133
28644,305568, 34.38, 0.00, 0.961, 0.000, 0.000, 0.000,0,0,0, 34.38, 0.961, 68.96, 0.927, 41.95, 0.189, 193.54, 0.173
28645,305578, 34.48, 0.00, 0.951, 0.000, 0.000, 0.000,0,0,0, 34.48, 0.951, 68.96, 0.922, 41.95, 0.253, 106.19, 0.196
28646,305589, 69.36, 0.00, 0.932, 0.000, 0.000, 0.000,0,0,0, 69.36, 0.932, 34.58, 0.931, 41.95, 0.267, 107.14, 0.236
28647,305600, 69.36, 0.00, 0.983, 0.000, 0.000, 0.000,0,0,0, 69.36, 0.983, 34.68, 0.980, 190.47, 0.220, 42.40, 0.218
28648,305610, 68.96, 0.00, 0.979, 0.000, 0.000, 0.000,0,0,0, 68.96, 0.979, 34.58, 0.970, 42.70, 0.277, 111.11, 0.242
28649,305621, 68.96, 0.00, 0.988, 0.000, 0.000, 0.000,0,0,0, 68.96, 0.988, 34.48, 0.972, 42.55, 0.268, 111.11, 0.242
28650,305632, 68.96, 0.00, 0.928, 0.000, 0.000, 0.000,0,0,0, 68.96, 0.928, 34.58, 0.838, 43.16, 0.242, 113.20, 0.203
28651,305642, 69.36, 0.00, 0.826, 0.000, 0.000, 0.000,0,0,0, 69.36, 0.826, 34.58, 0.595, 51.06, 0.197, 190.47, 0.139
28652,305653, 71.00, 0.00, 0.741, 0.000, 0.000, 0.000,0,0,0, 71.00, 0.741, 34.68, 0.548, 30.22, 0.296, 53.09, 0.140
28653,305664, 71.00, 0.00, 0.847, 0.000, 0.000, 0.000,0,0,0, 71.00, 0.847, 35.82, 0.679, 31.57, 0.124, 57.14, 0.106
28654,305674, 36.14, 0.00, 0.832, 0.000, 0.000, 0.000,0,0,0, 36.14, 0.832, 72.72, 0.786, 41.95, 0.103, 48.78, 0.091
28655,305685, 36.25, 0.00, 0.807, 0.000, 0.000, 0.000,0,0,0, 36.25, 0.807, 72.72, 0.794, 31.08, 0.116, 142.85, 0.115
28656,305696, 73.17, 0.00, 0.958, 0.000, 0.000, 0.000,0,0,0, 73.17, 0.958, 36.47, 0.922, 142.85, 0.130, 48.19, 0.119
28657,305706, 73.17, 0.00, 0.977, 0.000, 0.000, 0.000,0,0,0, 73.17, 0.977, 36.47, 0.968, 48.78, 0.147, 146.34, 0.118
28658,305717, 72.72, 0.00, 0.982, 0.000, 0.000, 0.000,0,0,0, 72.72, 0.982, 36.47, 0.979, 49.58, 0.056, 43.79, 0.037
28659,305728, 36.36, 0.00, 0.977, 0.000, 0.000, 0.000,0,0,0, 36.36, 0.977, 72.72, 0.976, 44.11, 0.053, 31.00, 0.036
28660,305738, 72.72, 0.00, 0.984, 0.000, 0.000, 0.000,0,0,0, 72.72, 0.984, 36.36, 0.975, 47.24, 0.071, 53.81, 0.025
28661,305749, 73.17, 0.00, 0.883, 0.000, 0.000, 0.000,0,0,0, 73.17, 0.883, 36.80, 0.876, 31.41, 0.064, 55.04, 0.022
28662,305760, 37.15, 0.00, 0.758, 0.000, 0.000, 0.000,0,0,0, 37.15, 0.758, 73.61, 0.721, 32.08, 0.094, 30.53, 0.044
28663,305770, 76.43, 0.00, 0.832, 0.000, 0.000, 0.000,0,0,0, 76.43, 0.832, 37.97, 0.820, 32.00, 0.061, 42.10, 0.014
28664,305781, 76.92, 0.00, 0.970, 0.000, 0.000, 0.000,0,0,0, 76.92, 0.970, 38.58, 0.965, 46.69, 0.128, 117.64, 0.075
28665,305792, 77.41, 0.00, 0.986, 0.000, 0.000, 0.000,0,0,0, 77.41, 0.986, 38.58, 0.968, 47.24, 0.029, 218.18, 0.008
28666,305802, 76.92, 0.00, 0.982, 0.000, 0.000, 0.000,0,0,0, 76.92, 0.982, 38.58, 0.976, 218.18, 0.012, 56.87, 0.007
28667,305813, 76.92, 0.00, 0.992, 0.000, 0.000, 0.000,0,0,0, 76.92, 0.992, 38.46, 0.982, 32.69, 0.115, 56.60, 0.071
28668,305824, 76.92, 0.00, 0.992, 0.000, 0.000, 0.000,0,0,0, 76.92, 0.992, 38.46, 0.978, 120.00, 0.043, 46.87, 0.022
28669,305834, 76.92, 0.00, 0.986, 0.000, 0.000, 0.000,0,0,0, 76.92, 0.986, 38.46, 0.959, 32.60, 0.097, 46.69, 0.086
28670,305845, 76.92, 0.00, 0.971, 0.000, 0.000, 0.000,0,0,0, 76.92, 0.971, 38.58, 0.927, 47.05, 0.124, 120.00, 0.104
28671,305856, 38.83, 0.00, 0.946, 0.000, 0.000, 0.000,0,0,0, 38.83, 0.946, 77.41, 0.909, 47.24, 0.111, 120.00, 0.102
28672,305866, 78.43, 0.00, 0.683, 0.000, 0.000, 0.000,0,0,0, 78.43, 0.683, 39.86, 0.665, 30.07, 0.190, 122.44, 0.122
28673,305877, 81.63, 0.00, 0.866, 0.000, 0.000, 0.000,0,0,0, 81.63, 0.866, 40.67, 0.812, 30.69, 0.129, 49.38, 0.118
28674,305888, 81.63, 0.00, 0.994, 0.000, 0.000, 0.000,0,0,0, 81.63, 0.994, 40.81, 0.987, 30.92, 0.127, 49.58, 0.102
28675,305898, 81.63, 0.00, 0.993, 0.000, 0.000, 0.000,0,0,0, 81.63, 0.993, 40.81, 0.981, 30.92, 0.166, 49.79, 0.104
28676,305909, 81.63, 0.00, 0.985, 0.000, 0.000, 0.000,0,0,0, 81.63, 0.985, 40.95, 0.975, 31.08, 0.101, 50.00, 0.065
28677,305920, 81.63, 0.00, 0.964, 0.000, 0.000, 0.000,0,0,0, 81.63, 0.964, 40.81, 0.907, 31.00, 0.109, 50.00, 0.079
28678,305930, 81.63, 0.00, 0.968, 0.000, 0.000, 0.000,0,0,0, 81.63, 0.968, 40.81, 0.938, 222.22, 0.052, 59.70, 0.047
28679,305941, 81.63, 0.00, 0.969, 0.000, 0.000, 0.000,0,0,0, 81.63, 0.969, 40.81, 0.949, 31.25, 0.054, 222.22, 0.047
28680,305952, 82.19, 0.00, 0.907, 0.000, 0.000, 0.000,0,0,0, 82.19, 0.907, 41.09, 0.836, 31.00, 0.051, 60.00, 0.042
28681,305962, 41.95, 0.00, 0.849, 0.000, 0.000, 0.000,0,0,0, 41.95, 0.849, 83.91, 0.790, 31.83, 0.049, 222.22, 0.017
28682,305973, 85.71, 0.00, 0.833, 0.000, 0.000, 0.000,0,0,0, 85.71, 0.833, 42.55, 0.745, 222.22, 0.074, 35.92, 0.063
28683,305984, 86.33, 0.00, 0.936, 0.000, 0.000, 0.000,0,0,0, 86.33, 0.936, 43.32, 0.901, 36.36, 0.123, 62.50, 0.120
28684,305994, 43.32, 0.00, 0.980, 0.000, 0.000, 0.000,0,0,0, 43.32, 0.980, 86.33, 0.954, 36.25, 0.173, 62.50, 0.149
28685,306005, 43.32, 0.00, 0.982, 0.000, 0.000, 0.000,0,0,0, 43.32, 0.982, 86.95, 0.949, 33.14, 0.162, 36.47, 0.140
28686,306016, 86.33, 0.00, 0.946, 0.000, 0.000, 0.000,0,0,0, 86.33, 0.946, 43.32, 0.840, 33.14, 0.165, 53.81, 0.148
28687,306026, 43.47, 0.00, 0.967, 0.000, 0.000, 0.000,0,0,0, 43.47, 0.967, 86.95, 0.938, 54.05, 0.141, 141.17, 0.137
28688,306037, 86.95, 0.00, 0.969, 0.000, 0.000, 0.000,0,0,0, 86.95, 0.969, 43.47, 0.933, 53.57, 0.132, 139.53, 0.128
28689,306048, 86.95, 0.00, 0.936, 0.000, 0.000, 0.000,0,0,0, 86.95, 0.936, 43.47, 0.913, 33.24, 0.255, 53.81, 0.192
28690,306058, 86.95, 0.00, 0.937, 0.000, 0.000, 0.000,0,0,0, 86.95, 0.937, 43.32, 0.929, 33.14, 0.214, 53.57, 0.189
28691,306069, 86.33, 0.00, 0.930, 0.000, 0.000, 0.000,0,0,0, 86.33, 0.930, 43.32, 0.920, 62.50, 0.184, 222.22, 0.170
28692,306080, 86.33, 0.00, 0.956, 0.000, 0.000, 0.000,0,0,0, 86.33, 0.956, 43.32, 0.937, 36.14, 0.211, 62.50, 0.178
28693,306090, 86.33, 0.00, 0.933, 0.000, 0.000, 0.000,0,0,0, 86.33, 0.933, 43.32, 0.915, 33.05, 0.188, 53.33, 0.178
28694,306101, 86.33, 0.00, 0.864, 0.000, 0.000, 0.000,0,0,0, 86.33, 0.864, 43.32, 0.835, 62.82, 0.182, 230.76, 0.177
28695,306112, 87.59, 0.00, 0.806, 0.000, 0.000, 0.000,0,0,0, 87.59, 0.806, 43.79, 0.746, 36.92, 0.204, 63.82, 0.187
28696,306122, 90.22, 0.00, 0.789, 0.000, 0.000, 0.000,0,0,0, 90.22, 0.789, 44.94, 0.748, 235.29, 0.175, 37.61, 0.172
28697,306133, 90.90, 0.00, 0.862, 0.000, 0.000, 0.000,0,0,0, 90.90, 0.862, 30.22, 0.839, 45.45, 0.834, 65.93, 0.161
28698,306144, 30.45, 0.00, 0.988, 0.000, 0.000, 0.000,0,0,0, 30.45, 0.988, 45.80, 0.963, 91.60, 0.962, 38.58, 0.240
28699,306154, 30.61, 0.00, 0.986, 0.000, 0.000, 0.000,0,0,0, 30.61, 0.986, 45.80, 0.951, 91.60, 0.924, 38.70, 0.202
28700,306165, 30.61, 0.00, 0.984, 0.000, 0.000, 0.000,0,0,0, 30.61, 0.984, 45.97, 0.949, 91.60, 0.923, 56.60, 0.205
28701,306176, 30.69, 0.00, 0.998, 0.000, 0.000, 0.000,0,0,0, 30.69, 0.998, 45.97, 0.946, 92.30, 0.940, 35.29, 0.232
28702,306186, 45.97, 0.00, 0.979, 0.000, 0.000, 0.000,0,0,0, 45.97, 0.979, 30.61, 0.969, 91.60, 0.947, 38.83, 0.188
28703,306197, 45.97, 0.00, 0.990, 0.000, 0.000, 0.000,0,0,0, 45.97, 0.990, 30.61, 0.977, 91.60, 0.966, 255.31, 0.177
28704,306208, 30.69, 0.00, 0.994, 0.000, 0.000, 0.000,0,0,0, 30.69, 0.994, 45.97, 0.990, 92.30, 0.976, 39.08, 0.202
28705,306218, 30.69, 0.00, 0.994, 0.000, 0.000, 0.000,0,0,0, 30.69, 0.994, 46.15, 0.974, 92.30, 0.971, 39.08, 0.202
28706,306229, 45.97, 0.00, 0.947, 0.000, 0.000, 0.000,0,0,0, 45.97, 0.947, 92.30, 0.942, 30.69, 0.936, 38.96, 0.253
28707,306240, 45.97, 0.00, 0.968, 0.000, 0.000, 0.000,0,0,0, 45.97, 0.968, 30.69, 0.954, 92.30, 0.901, 39.08, 0.249
28708,306250, 30.84, 0.00, 0.988, 0.000, 0.000, 0.000,0,0,0, 30.84, 0.988, 46.15, 0.885, 92.30, 0.883, 39.08, 0.240
28709,306261, 93.75, 0.00, 0.828, 0.000, 0.000, 0.000,0,0,0, 93.75, 0.828, 31.41, 0.813, 47.05, 0.784, 255.31, 0.192
28710,306272, 31.66, 0.00, 0.940, 0.000, 0.000, 0.000,0,0,0, 31.66, 0.940, 95.23, 0.880, 47.61, 0.871, 260.86, 0.142
28711,306282, 32.08, 0.00, 0.968, 0.000, 0.000, 0.000,0,0,0, 32.08, 0.968, 48.19, 0.960, 96.00, 0.954, 40.67, 0.145
28712,306293, 32.08, 0.00, 0.985, 0.000, 0.000, 0.000,0,0,0, 32.08, 0.985, 48.19, 0.982, 96.00, 0.958, 40.95, 0.130
28713,306304, 48.38, 0.00, 0.983, 0.000, 0.000, 0.000,0,0,0, 48.38, 0.983, 32.34, 0.970, 96.77, 0.969, 41.09, 0.138
28714,306314, 97.56, 0.00, 0.882, 0.000, 0.000, 0.000,0,0,0, 97.56, 0.882, 48.58, 0.813, 32.69, 0.781, 41.81, 0.116
28715,306325, 100.00, 0.00, 0.804, 0.000, 0.000, 0.000,0,0,0, 100.00, 0.804, 49.79, 0.716, 33.33, 0.693, 31.33, 0.215
28716,306336, 101.69, 0.00, 0.709, 0.000, 0.000, 0.000,0,0,0, 101.69, 0.709, 50.63, 0.605, 34.58, 0.487, 33.33, 0.413
28717,306346, 113.20, 0.00, 0.673, 0.000, 0.000, 0.000,0,0,0, 113.20, 0.673, 36.36, 0.593, 54.54, 0.564, 0.00, 0.000
28718,306357, 54.29, 0.00, 0.371, 0.000, 0.000, 0.000,0,0,0, 54.29, 0.371, 102.56, 0.351, 111.11, 0.324, 39.60, 0.269
28719,306368, 101.69, 0.00, 0.486, 0.000, 0.000, 0.000,0,0,0, 101.69, 0.486, 67.03, 0.354, 49.58, 0.347, 203.38, 0.311
28720,306378, 190.47, 0.00, 0.595, 0.000, 0.000, 0.000,0,0,0, 190.47, 0.595, 48.78, 0.570, 38.46, 0.548, 97.56, 0.540
28721,306389, 48.78, 0.00, 0.595, 0.000, 0.000, 0.000,0,0,0, 48.78, 0.595, 66.29, 0.535, 39.21, 0.503, 187.50, 0.436
28722,306400, 32.00, 0.00, 0.568, 0.000, 0.000, 0.000,0,0,0, 32.00, 0.568, 38.58, 0.504, 48.58, 0.502, 179.10, 0.438
28723,306410, 49.18, 0.00, 0.614, 0.000, 0.000, 0.000,0,0,0, 49.18, 0.614, 70.58, 0.610, 34.98, 0.442, 162.16, 0.311
28724,306421, 74.07, 0.00, 0.606, 0.000, 0.000, 0.000,0,0,0, 74.07, 0.606, 49.18, 0.413, 155.84, 0.340, 38.09, 0.310
28725,306432, 72.28, 0.00, 0.612, 0.000, 0.000, 0.000,0,0,0, 72.28, 0.612, 37.15, 0.563, 49.38, 0.374, 150.00, 0.234
28726,306442, 37.03, 0.00, 0.815, 0.000, 0.000, 0.000,0,0,0, 37.03, 0.815, 74.07, 0.614, 50.20, 0.395, 155.84, 0.371
28727,306453, 74.07, 0.00, 0.805, 0.000, 0.000, 0.000,0,0,0, 74.07, 0.805, 36.80, 0.698, 50.00, 0.531, 153.84, 0.458
28728,306464, 74.07, 0.00, 0.953, 0.000, 0.000, 0.000,0,0,0, 74.07, 0.953, 36.92, 0.952, 144.57, 0.691, 48.58, 0.679
28729,306474, 74.07, 0.00, 0.934, 0.000, 0.000, 0.000,0,0,0, 74.07, 0.934, 37.03, 0.927, 49.18, 0.774, 144.57, 0.771
28730,306485, 74.07, 0.00, 0.883, 0.000, 0.000, 0.000,0,0,0, 74.07, 0.883, 37.03, 0.832, 144.57, 0.746, 49.38, 0.683
28731,306496, 73.61, 0.00, 0.892, 0.000, 0.000, 0.000,0,0,0, 73.61, 0.892, 36.47, 0.876, 150.00, 0.730, 48.58, 0.689
28732,306506, 36.80, 0.00, 0.928, 0.000, 0.000, 0.000,0,0,0, 36.80, 0.928, 73.61, 0.903, 150.00, 0.731, 48.78, 0.708
28733,306517, 74.53, 0.00, 0.948, 0.000, 0.000, 0.000,0,0,0, 74.53, 0.948, 37.03, 0.923, 49.38, 0.771, 148.14, 0.745
28734,306528, 74.53, 0.00, 0.878, 0.000, 0.000, 0.000,0,0,0, 74.53, 0.878, 36.92, 0.856, 49.58, 0.846, 144.57, 0.792
28735,306538, 36.80, 0.00, 0.896, 0.000, 0.000, 0.000,0,0,0, 36.80, 0.896, 49.79, 0.795, 74.53, 0.764, 144.57, 0.740
28736,306549, 36.69, 0.00, 0.933, 0.000, 0.000, 0.000,0,0,0, 36.69, 0.933, 49.58, 0.755, 151.89, 0.743, 74.53, 0.671
28737,306560, 36.92, 0.00, 0.845, 0.000, 0.000, 0.000,0,0,0, 36.92, 0.845, 150.00, 0.719, 72.28, 0.689, 49.18, 0.685
28738,306570, 72.72, 0.00, 0.820, 0.000, 0.000, 0.000,0,0,0, 72.72, 0.820, 150.00, 0.763, 49.38, 0.723, 37.50, 0.715
28739,306581, 73.61, 0.00, 0.884, 0.000, 0.000, 0.000,0,0,0, 73.61, 0.884, 49.58, 0.866, 36.92, 0.844, 151.89, 0.832
28740,306592, 37.03, 0.00, 0.977, 0.000, 0.000, 0.000,0,0,0, 37.03, 0.977, 74.07, 0.919, 49.79, 0.858, 150.00, 0.833
28741,306602, 36.80, 0.00, 0.953, 0.000, 0.000, 0.000,0,0,0, 36.80, 0.953, 74.07, 0.875, 49.38, 0.832, 151.89, 0.812
28742,306613, 36.92, 0.00, 0.982, 0.000, 0.000, 0.000,0,0,0, 36.92, 0.982, 74.07, 0.885, 146.34, 0.791, 49.18, 0.776
28743,306624, 36.92, 0.00, 0.875, 0.000, 0.000, 0.000,0,0,0, 36.92, 0.875, 74.53, 0.862, 146.34, 0.784, 49.18, 0.760
28744,306634, 75.00, 0.00, 0.892, 0.000, 0.000, 0.000,0,0,0, 75.00, 0.892, 148.14, 0.823, 37.50, 0.792, 48.97, 0.748
28745,306645, 74.07, 0.00, 0.901, 0.000, 0.000, 0.000,0,0,0, 74.07, 0.901, 36.92, 0.855, 148.14, 0.822, 49.38, 0.793
28746,306656, 36.92, 0.00, 0.983, 0.000, 0.000, 0.000,0,0,0, 36.92, 0.983, 74.07, 0.949, 49.79, 0.826, 151.89, 0.819
28747,306666, 36.92, 0.00, 0.954, 0.000, 0.000, 0.000,0,0,0, 36.92, 0.954, 74.07, 0.930, 48.97, 0.816, 146.34, 0.801
28748,306677, 37.15, 0.00, 0.952, 0.000, 0.000, 0.000,0,0,0, 37.15, 0.952, 74.07, 0.949, 142.85, 0.794, 48.78, 0.792
28749,306688, 74.07, 0.00, 0.936, 0.000, 0.000, 0.000,0,0,0, 74.07, 0.936, 37.03, 0.932, 49.18, 0.821, 148.14, 0.805
28750,306698, 73.61, 0.00, 0.954, 0.000, 0.000, 0.000,0,0,0, 73.61, 0.954, 37.03, 0.935, 49.79, 0.871, 150.00, 0.842
28751,306709, 36.92, 0.00, 0.969, 0.000, 0.000, 0.000,0,0,0, 36.92, 0.969, 73.61, 0.962, 150.00, 0.817, 49.38, 0.808
28752,306720, 36.92, 0.00, 0.975, 0.000, 0.000, 0.000,0,0,0, 36.92, 0.975, 73.61, 0.966, 48.97, 0.854, 146.34, 0.839
28753,306730, 36.92, 0.00, 0.990, 0.000, 0.000, 0.000,0,0,0, 36.92, 0.990, 73.61, 0.968, 48.78, 0.873, 144.57, 0.861
28754,306741, 74.07, 0.00, 0.942, 0.000, 0.000, 0.000,0,0,0, 74.07, 0.942, 37.15, 0.936, 49.58, 0.857, 150.00, 0.856
28755,306752, 73.61, 0.00, 0.933, 0.000, 0.000, 0.000,0,0,0, 73.61, 0.933, 37.03, 0.915, 49.79, 0.866, 150.00, 0.854
28756,306762, 36.92, 0.00, 0.954, 0.000, 0.000, 0.000,0,0,0, 36.92, 0.954, 74.07, 0.920, 148.14, 0.819, 48.58, 0.777
28757,306773, 74.07, 0.00, 0.930, 0.000, 0.000, 0.000,0,0,0, 74.07, 0.930, 36.69, 0.857, 48.58, 0.855, 146.34, 0.842
28758,306784, 74.07, 0.00, 0.945, 0.000, 0.000, 0.000,0,0,0, 74.07, 0.945, 37.03, 0.936, 144.57, 0.851, 48.97, 0.839
28759,306794, 37.15, 0.00, 0.967, 0.000, 0.000, 0.000,0,0,0, 37.15, 0.967, 74.07, 0.958, 49.58, 0.884, 150.00, 0.876
28760,306805, 74.07, 0.00, 0.963, 0.000, 0.000, 0.000,0,0,0, 74.07, 0.963, 37.03, 0.938, 49.58, 0.922, 150.00, 0.885
28761,306816, 36.80, 0.00, 0.974, 0.000, 0.000, 0.000,0,0,0, 36.80, 0.974, 74.07, 0.933, 48.78, 0.852, 148.14, 0.838
28762,306826, 36.92, 0.00, 0.946, 0.000, 0.000, 0.000,0,0,0, 36.92, 0.946, 74.07, 0.933, 148.14, 0.853, 48.78, 0.852
28763,306837, 37.03, 0.00, 0.970, 0.000, 0.000, 0.000,0,0,0, 37.03, 0.970, 74.07, 0.959, 148.14, 0.855, 49.58, 0.848
28764,306848, 37.15, 0.00, 0.978, 0.000, 0.000, 0.000,0,0,0, 37.15, 0.978, 74.53, 0.957, 49.58, 0.884, 150.00, 0.880
28765,306858, 74.07, 0.00, 0.970, 0.000, 0.000, 0.000,0,0,0, 74.07, 0.970, 37.03, 0.963, 49.58, 0.926, 150.00, 0.890
28766,306869, 36.92, 0.00, 0.959, 0.000, 0.000, 0.000,0,0,0, 36.92, 0.959, 74.07, 0.935, 49.18, 0.884, 148.14, 0.866
28767,306880, 36.80, 0.00, 0.947, 0.000, 0.000, 0.000,0,0,0, 36.80, 0.947, 74.07, 0.940, 49.18, 0.855, 148.14, 0.844
28768,306890, 74.07, 0.00, 0.949, 0.000, 0.000, 0.000,0,0,0, 74.07, 0.949, 36.92, 0.932, 148.14, 0.830, 49.38, 0.828
28769,306901, 74.53, 0.00, 0.948, 0.000, 0.000, 0.000,0,0,0, 74.53, 0.948, 37.15, 0.945, 151.89, 0.855, 49.38, 0.842
28770,306912, 74.07, 0.00, 0.954, 0.000, 0.000, 0.000,0,0,0, 74.07, 0.954, 37.15, 0.954, 49.38, 0.872, 148.14, 0.836
28771,306922, 36.92, 0.00, 0.973, 0.000, 0.000, 0.000,0,0,0, 36.92, 0.973, 74.07, 0.928, 48.78, 0.886, 146.34, 0.847
28772,306933, 36.92, 0.00, 0.973, 0.000, 0.000, 0.000,0,0,0, 36.92, 0.973, 74.07, 0.936, 48.78, 0.881, 146.34, 0.833
28773,306944, 37.03, 0.00, 0.990, 0.000, 0.000, 0.000,0,0,0, 37.03, 0.990, 74.07, 0.957, 49.38, 0.850, 148.14, 0.844
28774,306954, 37.03, 0.00, 0.960, 0.000, 0.000, 0.000,0,0,0, 37.03, 0.960, 74.07, 0.947, 150.00, 0.863, 49.58, 0.847
28775,306965, 37.03, 0.00, 0.973, 0.000, 0.000, 0.000,0,0,0, 37.03, 0.973, 74.07, 0.955, 49.38, 0.888, 148.14, 0.873
28776,306976, 36.80, 0.00, 0.967, 0.000, 0.000, 0.000,0,0,0, 36.80, 0.967, 73.61, 0.928, 146.34, 0.886, 49.18, 0.873
28777,306986, 36.80, 0.00, 0.934, 0.000, 0.000, 0.000,0,0,0, 36.80, 0.934, 73.61, 0.912, 48.97, 0.846, 146.34, 0.831
28778,306997, 37.03, 0.00, 0.973, 0.000, 0.000, 0.000,0,0,0, 37.03, 0.973, 49.79, 0.898, 74.07, 0.886, 148.14, 0.861
28779,307008, 37.15, 0.00, 0.933, 0.000, 0.000, 0.000,0,0,0, 37.15, 0.933, 74.07, 0.922, 49.79, 0.896, 148.14, 0.868
28780,307018, 74.07, 0.00, 0.923, 0.000, 0.000, 0.000,0,0,0, 74.07, 0.923, 36.80, 0.877, 146.34, 0.873, 49.38, 0.867
28781,307029, 36.69, 0.00, 0.947, 0.000, 0.000, 0.000,0,0,0, 36.69, 0.947, 73.61, 0.916, 146.34, 0.877, 48.78, 0.853
28782,307040, 36.69, 0.00, 0.947, 0.000, 0.000, 0.000,0,0,0, 36.69, 0.947, 74.07, 0.910, 148.14, 0.805, 48.78, 0.785
28783,307050, 36.92, 0.00, 0.953, 0.000, 0.000, 0.000,0,0,0, 36.92, 0.953, 73.61, 0.903, 49.79, 0.834, 148.14, 0.822
28784,307061, 37.03, 0.00, 0.956, 0.000, 0.000, 0.000,0,0,0, 37.03, 0.956, 74.53, 0.946, 148.14, 0.836, 49.58, 0.824
28785,307072, 74.07, 0.00, 0.953, 0.000, 0.000, 0.000,0,0,0, 74.07, 0.953, 36.92, 0.938, 48.97, 0.893, 146.34, 0.882
28786,307082, 36.69, 0.00, 0.944, 0.000, 0.000, 0.000,0,0,0, 36.69, 0.944, 73.61, 0.927, 49.18, 0.884, 146.34, 0.874
28787,307093, 36.80, 0.00, 0.952, 0.000, 0.000, 0.000,0,0,0, 36.80, 0.952, 74.07, 0.925, 150.00, 0.789, 49.18, 0.770
28788,307104, 36.92, 0.00, 0.903, 0.000, 0.000, 0.000,0,0,0, 36.92, 0.903, 74.07, 0.896, 50.00, 0.834, 148.14, 0.812
28789,307114, 74.53, 0.00, 0.943, 0.000, 0.000, 0.000,0,0,0, 74.53, 0.943, 37.03, 0.897, 148.14, 0.811, 49.79, 0.808
28790,307125, 74.07, 0.00, 0.945, 0.000, 0.000, 0.000,0,0,0, 74.07, 0.945, 37.03, 0.902, 148.14, 0.835, 49.38, 0.825
28791,307136, 36.92, 0.00, 0.979, 0.000, 0.000, 0.000,0,0,0, 36.92, 0.979, 73.61, 0.953, 49.18, 0.857, 148.14, 0.846
28792,307146, 73.61, 0.00, 0.955, 0.000, 0.000, 0.000,0,0,0, 73.61, 0.955, 36.69, 0.943, 49.58, 0.801, 150.00, 0.799
28793,307157, 36.92, 0.00, 0.952, 0.000, 0.000, 0.000,0,0,0, 36.92, 0.952, 73.61, 0.919, 146.34, 0.803, 49.18, 0.800
28794,307168, 74.07, 0.00, 0.952, 0.000, 0.000, 0.000,0,0,0, 74.07, 0.952, 37.03, 0.944, 48.97, 0.837, 146.34, 0.823
28795,307178, 36.92, 0.00, 0.975, 0.000, 0.000, 0.000,0,0,0, 36.92, 0.975, 74.07, 0.963, 49.18, 0.853, 146.34, 0.849
28796,307189, 36.92, 0.00, 0.955, 0.000, 0.000, 0.000,0,0,0, 36.92, 0.955, 73.61, 0.946, 150.00, 0.836, 49.58, 0.831
28797,307200, 73.61, 0.00, 0.956, 0.000, 0.000, 0.000,0,0,0, 73.61, 0.956, 36.80, 0.954, 49.58, 0.803, 151.89, 0.794
28798,307210, 36.92, 0.00, 0.984, 0.000, 0.000, 0.000,0,0,0, 36.92, 0.984, 74.07, 0.919, 49.38, 0.809, 148.14, 0.797
28799,307221, 74.53, 0.00, 0.945, 0.000, 0.000, 0.000,0,0,0, 74.53, 0.945, 37.03, 0.932, 48.97, 0.863, 146.34, 0.837
28800,307232, 36.92, 0.00, 0.976, 0.000, 0.000, 0.000,0,0,0, 36.92, 0.976, 74.07, 0.946, 48.97, 0.845, 146.34, 0.842
28801,307242, 73.61, 0.00, 0.924, 0.000, 0.000, 0.000,0,0,0, 73.61, 0.924, 36.92, 0.908, 150.00, 0.830, 49.79, 0.818
28802,307253, 73.61, 0.00, 0.918, 0.000, 0.000, 0.000,0,0,0, 73.61, 0.918, 36.92, 0.910, 49.58, 0.768, 151.89, 0.757
28803,307264, 36.92, 0.00, 0.965, 0.000, 0.000, 0.000,0,0,0, 36.92, 0.965, 74.07, 0.884, 144.57, 0.759, 49.18, 0.724
28804,307274, 37.03, 0.00, 0.930, 0.000, 0.000, 0.000,0,0,0, 37.03, 0.930, 74.07, 0.919, 48.97, 0.835, 144.57, 0.818
28805,307285, 37.03, 0.00, 0.985, 0.000, 0.000, 0.000,0,0,0, 37.03, 0.985, 74.07, 0.936, 148.14, 0.863, 49.58, 0.860
28806,307296, 74.07, 0.00, 0.923, 0.000, 0.000, 0.000,0,0,0, 74.07, 0.923, 37.03, 0.902, 49.58, 0.837, 150.00, 0.825
28807,307306, 36.80, 0.00, 0.955, 0.000, 0.000, 0.000,0,0,0, 36.80, 0.955, 74.07, 0.897, 153.84, 0.732, 49.58, 0.690
28808,307317, 37.03, 0.00, 0.939, 0.000, 0.000, 0.000,0,0,0, 37.03, 0.939, 74.07, 0.894, 142.85, 0.738, 48.78, 0.714
28809,307328, 74.53, 0.00, 0.934, 0.000, 0.000, 0.000,0,0,0, 74.53, 0.934, 37.15, 0.914, 146.34, 0.785, 48.78, 0.779
28810,307338, 37.15, 0.00, 0.929, 0.000, 0.000, 0.000,0,0,0, 37.15, 0.929, 74.07, 0.919, 148.14, 0.827, 50.00, 0.807
28811,307349, 36.92, 0.00, 0.963, 0.000, 0.000, 0.000,0,0,0, 36.92, 0.963, 73.61, 0.950, 49.79, 0.867, 150.00, 0.844
28812,307360, 36.92, 0.00, 0.911, 0.000, 0.000, 0.000,0,0,0, 36.92, 0.911, 73.61, 0.908, 48.97, 0.768, 148.14, 0.741
28813,307370, 37.03, 0.00, 0.963, 0.000, 0.000, 0.000,0,0,0, 37.03, 0.963, 74.07, 0.893, 48.78, 0.751, 141.17, 0.749
28814,307381, 74.07, 0.00, 0.924, 0.000, 0.000, 0.000,0,0,0, 74.07, 0.924, 37.03, 0.921, 144.57, 0.783, 48.97, 0.771
28815,307392, 37.15, 0.00, 0.959, 0.000, 0.000, 0.000,0,0,0, 37.15, 0.959, 74.53, 0.918, 50.00, 0.811, 150.00, 0.800
28816,307402, 73.61, 0.00, 0.925, 0.000, 0.000, 0.000,0,0,0, 73.61, 0.925, 37.03, 0.911, 50.00, 0.805, 150.00, 0.777
28817,307413, 37.03, 0.00, 0.964, 0.000, 0.000, 0.000,0,0,0, 37.03, 0.964, 74.07, 0.877, 49.38, 0.743, 148.14, 0.712
28818,307424, 37.03, 0.00, 0.940, 0.000, 0.000, 0.000,0,0,0, 37.03, 0.940, 74.07, 0.891, 48.58, 0.765, 141.17, 0.732
28819,307434, 37.03, 0.00, 0.908, 0.000, 0.000, 0.000,0,0,0, 37.03, 0.908, 74.07, 0.898, 144.57, 0.757, 48.97, 0.724
28820,307445, 36.92, 0.00, 0.949, 0.000, 0.000, 0.000,0,0,0, 36.92, 0.949, 74.07, 0.919, 49.79, 0.776, 150.00, 0.772
28821,307456, 36.92, 0.00, 0.937, 0.000, 0.000, 0.000,0,0,0, 36.92, 0.937, 73.17, 0.935, 49.79, 0.763, 150.00, 0.742
28822,307466, 36.92, 0.00, 0.972, 0.000, 0.000, 0.000,0,0,0, 36.92, 0.972, 74.07, 0.892, 48.58, 0.735, 142.85, 0.711
28823,307477, 37.15, 0.00, 0.948, 0.000, 0.000, 0.000,0,0,0, 37.15, 0.948, 74.07, 0.896, 48.78, 0.742, 139.53, 0.737
28824,307488, 37.26, 0.00, 0.950, 0.000, 0.000, 0.000,0,0,0, 37.26, 0.950, 74.53, 0.928, 49.79, 0.780, 148.14, 0.767
28825,307498, 37.03, 0.00, 0.970, 0.000, 0.000, 0.000,0,0,0, 37.03, 0.970, 74.07, 0.929, 30.15, 0.793, 50.20, 0.786
28826,307509, 73.61, 0.00, 0.921, 0.000, 0.000, 0.000,0,0,0, 73.61, 0.921, 37.03, 0.914, 146.34, 0.729, 50.00, 0.726
28827,307520, 37.03, 0.00, 0.950, 0.000, 0.000, 0.000,0,0,0, 37.03, 0.950, 74.07, 0.849, 48.97, 0.725, 144.57, 0.687
28828,307530, 37.03, 0.00, 0.928, 0.000, 0.000, 0.000,0,0,0, 37.03, 0.928, 73.61, 0.850, 141.17, 0.675, 48.97, 0.672
28829,307541, 37.15, 0.00, 0.924, 0.000, 0.000, 0.000,0,0,0, 37.15, 0.924, 74.07, 0.880, 49.79, 0.748, 150.00, 0.747
28830,307552, 73.61, 0.00, 0.920, 0.000, 0.000, 0.000,0,0,0, 73.61, 0.920, 37.03, 0.909, 30.07, 0.830, 50.00, 0.763
28831,307562, 73.61, 0.00, 0.923, 0.000, 0.000, 0.000,0,0,0, 73.61, 0.923, 37.03, 0.922, 146.34, 0.706, 49.38, 0.702
28832,307573, 36.92, 0.00, 0.971, 0.000, 0.000, 0.000,0,0,0, 36.92, 0.971, 74.07, 0.908, 48.78, 0.648, 142.85, 0.639
28833,307584, 74.07, 0.00, 0.913, 0.000, 0.000, 0.000,0,0,0, 74.07, 0.913, 36.92, 0.891, 48.97, 0.597, 142.85, 0.584
28834,307594, 37.15, 0.00, 0.950, 0.000, 0.000, 0.000,0,0,0, 37.15, 0.950, 74.53, 0.940, 50.20, 0.706, 151.89, 0.702
28835,307605, 37.15, 0.00, 0.946, 0.000, 0.000, 0.000,0,0,0, 37.15, 0.946, 74.53, 0.930, 50.00, 0.660, 151.89, 0.655
28836,307616, 74.07, 0.00, 0.940, 0.000, 0.000, 0.000,0,0,0, 74.07, 0.940, 36.92, 0.923, 48.97, 0.720, 146.34, 0.713
28837,307626, 73.61, 0.00, 0.913, 0.000, 0.000, 0.000,0,0,0, 73.61, 0.913, 36.92, 0.899, 48.38, 0.721, 142.85, 0.681
28838,307637, 36.92, 0.00, 0.928, 0.000, 0.000, 0.000,0,0,0, 36.92, 0.928, 73.61, 0.899, 142.85, 0.619, 48.97, 0.608
28839,307648, 37.15, 0.00, 0.929, 0.000, 0.000, 0.000,0,0,0, 37.15, 0.929, 74.07, 0.908, 50.20, 0.722, 150.00, 0.699
28840,307658, 74.07, 0.00, 0.958, 0.000, 0.000, 0.000,0,0,0, 74.07, 0.958, 36.92, 0.932, 153.84, 0.675, 50.20, 0.671
28841,307669, 74.07, 0.00, 0.947, 0.000, 0.000, 0.000,0,0,0, 74.07, 0.947, 37.03, 0.901, 146.34, 0.704, 49.38, 0.682
28842,307680, 36.80, 0.00, 0.933, 0.000, 0.000, 0.000,0,0,0, 36.80, 0.933, 73.61, 0.923, 48.97, 0.692, 144.57, 0.692
28843,307690, 36.80, 0.00, 0.961, 0.000, 0.000, 0.000,0,0,0, 36.80, 0.961, 74.07, 0.925, 50.00, 0.682, 150.00, 0.653
28844,307701, 37.03, 0.00, 0.957, 0.000, 0.000, 0.000,0,0,0, 37.03, 0.957, 74.07, 0.933, 50.20, 0.723, 151.89, 0.692
28845,307712, 37.03, 0.00, 0.932, 0.000, 0.000, 0.000,0,0,0, 37.03, 0.932, 74.53, 0.929, 148.14, 0.663, 50.00, 0.645
28846,307722, 37.03, 0.00, 0.925, 0.000, 0.000, 0.000,0,0,0, 37.03, 0.925, 73.61, 0.924, 49.18, 0.688, 148.14, 0.684
28847,307733, 36.69, 0.00, 0.954, 0.000, 0.000, 0.000,0,0,0, 36.69, 0.954, 73.61, 0.911, 148.14, 0.669, 49.18, 0.637
28848,307744, 74.07, 0.00, 0.807, 0.000, 0.000, 0.000,0,0,0, 74.07, 0.807, 36.80, 0.758, 151.89, 0.573, 50.00, 0.551
28849,307754, 74.53, 0.00, 0.613, 0.000, 0.000, 0.000,0,0,0, 74.53, 0.613, 151.89, 0.537, 50.42, 0.312, 31.91, 0.262
28850,307765, 155.84, 0.00, 0.402, 0.000, 0.000, 0.000,0,0,0, 155.84, 0.402, 32.78, 0.308, 32.00, 0.272, 76.92, 0.215
28851,307776, 38.21, 0.00, 0.299, 0.000, 0.000, 0.000,0,0,0, 38.21, 0.299, 41.37, 0.262, 32.34, 0.197, 203.38, 0.094
28852,307786, 60.91, 0.00, 0.357, 0.000, 0.000, 0.000,0,0,0, 60.91, 0.357, 40.67, 0.197, 47.05, 0.196, 72.72, 0.160
28853,307797, 39.73, 0.00, 0.533, 0.000, 0.000, 0.000,0,0,0, 39.73, 0.533, 46.15, 0.365, 75.94, 0.108, 60.91, 0.107
28854,307808, 41.52, 0.00, 0.549, 0.000, 0.000, 0.000,0,0,0, 41.52, 0.549, 45.97, 0.522, 80.00, 0.339, 0.00, 0.000
28855,307818, 41.37, 0.00, 0.882, 0.000, 0.000, 0.000,0,0,0, 41.37, 0.882, 85.71, 0.420, 45.62, 0.284, 31.66, 0.108
28856,307829, 41.66, 0.00, 0.955, 0.000, 0.000, 0.000,0,0,0, 41.66, 0.955, 81.63, 0.483, 0.00, 0.000, 0.00, 0.000
28857,307840, 41.52, 0.00, 0.928, 0.000, 0.000, 0.000,0,0,0, 41.52, 0.928, 82.19, 0.469, 30.92, 0.016, 0.00, 0.000
28858,307850, 42.55, 0.00, 0.693, 0.000, 0.000, 0.000,0,0,0, 42.55, 0.693, 81.63, 0.324, 90.90, 0.249, 0.00, 0.000
28859,307861, 43.01, 0.00, 0.757, 0.000, 0.000, 0.000,0,0,0, 43.01, 0.757, 31.57, 0.259, 81.08, 0.205, 97.56, 0.189
28860,307872, 41.09, 0.00, 0.954, 0.000, 0.000, 0.000,0,0,0, 41.09, 0.954, 105.26, 0.260, 70.17, 0.255, 0.00, 0.000
28861,307882, 40.67, 0.00, 0.923, 0.000, 0.000, 0.000,0,0,0, 40.67, 0.923, 109.09, 0.244, 70.17, 0.241, 95.23, 0.236
28862,307893, 41.37, 0.00, 0.879, 0.000, 0.000, 0.000,0,0,0, 41.37, 0.879, 70.58, 0.275, 77.92, 0.166, 93.75, 0.128
28863,307904, 40.81, 0.00, 0.896, 0.000, 0.000, 0.000,0,0,0, 40.81, 0.896, 93.02, 0.338, 71.42, 0.214, 77.92, 0.104
28864,307914, 40.67, 0.00, 0.917, 0.000, 0.000, 0.000,0,0,0, 40.67, 0.917, 71.85, 0.410, 87.59, 0.105, 92.30, 0.104
28865,307925, 41.23, 0.00, 0.922, 0.000, 0.000, 0.000,0,0,0, 41.23, 0.922, 97.56, 0.354, 65.93, 0.133, 71.85, 0.128
28866,307936, 41.52, 0.00, 0.982, 0.000, 0.000, 0.000,0,0,0, 41.52, 0.982, 71.42, 0.306, 111.11, 0.145, 99.17, 0.132
28867,307946, 41.37, 0.00, 0.994, 0.000, 0.000, 0.000,0,0,0, 41.37, 0.994, 100.00, 0.309, 70.17, 0.249, 77.92, 0.162
28868,307957, 41.52, 0.00, 0.996, 0.000, 0.000, 0.000,0,0,0, 41.52, 0.996, 30.84, 0.253, 68.18, 0.239, 88.23, 0.217
28869,307968, 41.37, 0.00, 0.969, 0.000, 0.000, 0.000,0,0,0, 41.37, 0.969, 30.22, 0.299, 69.76, 0.253, 108.10, 0.226
28870,307978, 41.52, 0.00, 0.962, 0.000, 0.000, 0.000,0,0,0, 41.52, 0.962, 102.56, 0.372, 88.23, 0.230, 69.36, 0.199
28871,307989, 41.52, 0.00, 0.989, 0.000, 0.000, 0.000,0,0,0, 41.52, 0.989, 68.96, 0.358, 107.14, 0.157, 78.94, 0.106
28872,308000, 41.52, 0.00, 0.979, 0.000, 0.000, 0.000,0,0,0, 41.52, 0.979, 102.56, 0.421, 67.03, 0.237, 0.00, 0.000
28873,308010, 41.23, 0.00, 0.989, 0.000, 0.000, 0.000,0,0,0, 41.23, 0.989, 69.36, 0.428, 102.56, 0.167, 79.47, 0.125
28874,308021, 41.52, 0.00, 0.971, 0.000, 0.000, 0.000,0,0,0, 41.52, 0.971, 103.44, 0.438, 67.41, 0.186, 86.95, 0.131
28875,308032, 41.52, 0.00, 0.974, 0.000, 0.000, 0.000,0,0,0, 41.52, 0.974, 68.96, 0.329, 107.14, 0.215, 84.50, 0.132
28876,308042, 41.37, 0.00, 0.994, 0.000, 0.000, 0.000,0,0,0, 41.37, 0.994, 67.79, 0.314, 105.26, 0.303, 81.08, 0.232
28877,308053, 41.37, 0.00, 0.996, 0.000, 0.000, 0.000,0,0,0, 41.37, 0.996, 30.37, 0.296, 107.14, 0.283, 84.50, 0.255
28878,308064, 41.52, 0.00, 0.980, 0.000, 0.000, 0.000,0,0,0, 41.52, 0.980, 82.19, 0.271, 68.18, 0.266, 106.19, 0.240
28879,308074, 41.37, 0.00, 0.978, 0.000, 0.000, 0.000,0,0,0, 41.37, 0.978, 105.26, 0.420, 83.33, 0.305, 68.18, 0.236
28880,308085, 41.37, 0.00, 0.996, 0.000, 0.000, 0.000,0,0,0, 41.37, 0.996, 68.57, 0.437, 82.19, 0.212, 105.26, 0.138
28881,308096, 41.37, 0.00, 0.992, 0.000, 0.000, 0.000,0,0,0, 41.37, 0.992, 105.26, 0.461, 68.18, 0.255, 83.33, 0.209
28882,308106, 41.52, 0.00, 0.986, 0.000, 0.000, 0.000,0,0,0, 41.52, 0.986, 68.57, 0.440, 107.14, 0.272, 82.19, 0.242
28883,308117, 41.52, 0.00, 0.981, 0.000, 0.000, 0.000,0,0,0, 41.52, 0.981, 104.34, 0.443, 83.33, 0.242, 68.57, 0.224
28884,308128, 41.23, 0.00, 0.992, 0.000, 0.000, 0.000,0,0,0, 41.23, 0.992, 68.57, 0.356, 82.19, 0.354, 104.34, 0.199
28885,308138, 41.37, 0.00, 0.996, 0.000, 0.000, 0.000,0,0,0, 41.37, 0.996, 83.33, 0.425, 68.57, 0.307, 103.44, 0.280
28886,308149, 41.37, 0.00, 0.989, 0.000, 0.000, 0.000,0,0,0, 41.37, 0.989, 81.63, 0.399, 104.34, 0.309, 68.96, 0.231
28887,308160, 41.37, 0.00, 0.983, 0.000, 0.000, 0.000,0,0,0, 41.37, 0.983, 83.91, 0.377, 68.57, 0.287, 104.34, 0.245
28888,308170, 41.52, 0.00, 0.992, 0.000, 0.000, 0.000,0,0,0, 41.52, 0.992, 104.34, 0.412, 81.08, 0.297, 68.96, 0.295
28889,308181, 41.37, 0.00, 0.997, 0.000, 0.000, 0.000,0,0,0, 41.37, 0.997, 68.96, 0.452, 80.53, 0.225, 104.34, 0.160
28890,308192, 41.52, 0.00, 0.995, 0.000, 0.000, 0.000,0,0,0, 41.52, 0.995, 104.34, 0.471, 86.33, 0.237, 68.57, 0.227
28891,308202, 41.52, 0.00, 0.969, 0.000, 0.000, 0.000,0,0,0, 41.52, 0.969, 68.96, 0.429, 78.94, 0.238, 105.26, 0.228
28892,308213, 41.37, 0.00, 0.994, 0.000, 0.000, 0.000,0,0,0, 41.37, 0.994, 104.34, 0.408, 68.57, 0.264, 87.59, 0.253
28893,308224, 41.37, 0.00, 0.998, 0.000, 0.000, 0.000,0,0,0, 41.37, 0.998, 78.94, 0.384, 68.57, 0.354, 104.34, 0.199
28894,308234, 41.52, 0.00, 0.990, 0.000, 0.000, 0.000,0,0,0, 41.52, 0.990, 86.95, 0.400, 104.34, 0.301, 68.96, 0.297
28895,308245, 41.37, 0.00, 0.989, 0.000, 0.000, 0.000,0,0,0, 41.37, 0.989, 78.43, 0.366, 103.44, 0.361, 69.36, 0.269
28896,308256, 41.37, 0.00, 0.991, 0.000, 0.000, 0.000,0,0,0, 41.37, 0.991, 88.23, 0.323, 68.96, 0.322, 103.44, 0.259
28897,308266, 41.37, 0.00, 0.996, 0.000, 0.000, 0.000,0,0,0, 41.37, 0.996, 103.44, 0.417, 68.96, 0.333, 77.92, 0.227
28898,308277, 41.37, 0.00, 0.987, 0.000, 0.000, 0.000,0,0,0, 41.37, 0.987, 68.96, 0.462, 103.44, 0.196, 88.23, 0.174
28899,308288, 41.52, 0.00, 0.996, 0.000, 0.000, 0.000,0,0,0, 41.52, 0.996, 103.44, 0.485, 68.96, 0.190, 77.41, 0.179
28900,308298, 41.37, 0.00, 0.994, 0.000, 0.000, 0.000,0,0,0, 41.37, 0.994, 69.36, 0.396, 76.43, 0.278, 90.22, 0.243
28901,308309, 41.52, 0.00, 0.997, 0.000, 0.000, 0.000,0,0,0, 41.52, 0.997, 102.56, 0.399, 90.90, 0.344, 69.76, 0.275
28902,308320, 41.37, 0.00, 0.979, 0.000, 0.000, 0.000,0,0,0, 41.37, 0.979, 75.94, 0.412, 69.76, 0.336, 90.22, 0.236
28903,308330, 41.37, 0.00, 0.979, 0.000, 0.000, 0.000,0,0,0, 41.37, 0.979, 91.60, 0.404, 101.69, 0.324, 69.76, 0.300
28904,308341, 41.37, 0.00, 0.991, 0.000, 0.000, 0.000,0,0,0, 41.37, 0.991, 101.69, 0.400, 75.00, 0.397, 0.00, 0.000
28905,308352, 41.37, 0.00, 0.997, 0.000, 0.000, 0.000,0,0,0, 41.37, 0.997, 70.17, 0.360, 92.30, 0.357, 74.53, 0.337
28906,308362, 41.37, 0.00, 0.994, 0.000, 0.000, 0.000,0,0,0, 41.37, 0.994, 101.69, 0.450, 69.76, 0.317, 0.00, 0.000
28907,308373, 41.37, 0.00, 0.994, 0.000, 0.000, 0.000,0,0,0, 41.37, 0.994, 69.76, 0.477, 101.69, 0.247, 93.02, 0.228
28908,308384, 41.37, 0.00, 0.999, 0.000, 0.000, 0.000,0,0,0, 41.37, 0.999, 101.69, 0.508, 74.53, 0.229, 0.00, 0.000
28909,308394, 41.23, 0.00, 0.992, 0.000, 0.000, 0.000,0,0,0, 41.23, 0.992, 69.76, 0.399, 93.75, 0.246, 34.18, 0.019
28910,308405, 41.37, 0.00, 0.985, 0.000, 0.000, 0.000,0,0,0, 41.37, 0.985, 101.69, 0.426, 73.17, 0.322, 0.00, 0.000
28911,308416, 41.37, 0.00, 0.992, 0.000, 0.000, 0.000,0,0,0, 41.37, 0.992, 73.61, 0.452, 95.23, 0.279, 0.00, 0.000
28912,308426, 41.37, 0.00, 0.999, 0.000, 0.000, 0.000,0,0,0, 41.37, 0.999, 95.23, 0.439, 72.72, 0.302, 0.00, 0.000
28913,308437, 41.37, 0.00, 0.993, 0.000, 0.000, 0.000,0,0,0, 41.37, 0.993, 101.69, 0.413, 73.17, 0.408, 0.00, 0.000
28914,308448, 41.37, 0.00, 0.990, 0.000, 0.000, 0.000,0,0,0, 41.37, 0.990, 72.28, 0.425, 96.00, 0.333, 0.00, 0.000
28915,308458, 41.37, 0.00, 0.991, 0.000, 0.000, 0.000,0,0,0, 41.37, 0.991, 101.69, 0.453, 70.17, 0.298, 0.00, 0.000
28916,308469, 41.37, 0.00, 0.997, 0.000, 0.000, 0.000,0,0,0, 41.37, 0.997, 70.17, 0.479, 96.77, 0.270, 0.00, 0.000
28917,308480, 41.52, 0.00, 0.968, 0.000, 0.000, 0.000,0,0,0, 41.52, 0.968, 101.69, 0.509, 72.28, 0.265, 0.00, 0.000
28918,308490, 41.52, 0.00, 0.938, 0.000, 0.000, 0.000,0,0,0, 41.52, 0.938, 71.42, 0.442, 96.00, 0.189, 0.00, 0.000
28919,308501, 41.52, 0.00, 0.894, 0.000, 0.000, 0.000,0,0,0, 41.52, 0.894, 103.44, 0.418, 71.85, 0.301, 0.00, 0.000
28920,308512, 42.40, 0.00, 0.899, 0.000, 0.000, 0.000,0,0,0, 42.40, 0.899, 72.72, 0.392, 101.69, 0.241, 88.88, 0.235
28921,308522, 33.05, 0.00, 0.391, 0.000, 0.000, 0.000,0,0,0, 33.05, 0.391, 42.70, 0.381, 47.80, 0.249, 35.71, 0.206
28922,308533, 47.80, 0.00, 0.448, 0.000, 0.000, 0.000,0,0,0, 47.80, 0.448, 43.16, 0.342, 33.05, 0.023, 0.00, 0.000
28923,308544, 42.70, 0.00, 0.768, 0.000, 0.000, 0.000,0,0,0, 42.70, 0.768, 48.78, 0.746, 0.00, 0.000, 0.00, 0.000
28924,308554, 48.78, 0.00, 0.734, 0.000, 0.000, 0.000,0,0,0, 48.78, 0.734, 0.00, 0.000, 0.00, 0.000, 0.00, 0.000
28925,308565, 40.40, 0.00, 0.806, 0.000, 0.000, 0.000,0,0,0, 40.40, 0.806, 43.95, 0.684, 0.00, 0.000, 0.00, 0.000
28926,308576, 35.92, 0.00, 0.634, 0.000, 0.000, 0.000,0,0,0, 35.92, 0.634, 43.95, 0.589, 203.38, 0.132, 0.00, 0.000
28927,308586, 44.44, 0.00, 0.515, 0.000, 0.000, 0.000,0,0,0, 44.44, 0.515, 35.71, 0.439, 38.70, 0.405, 52.86, 0.203
28928,308597, 52.63, 0.00, 0.477, 0.000, 0.000, 0.000,0,0,0, 52.63, 0.477, 40.81, 0.423, 35.71, 0.224, 184.61, 0.148
28929,308608, 54.79, 0.00, 0.702, 0.000, 0.000, 0.000,0,0,0, 54.79, 0.702, 32.43, 0.308, 41.66, 0.264, 184.61, 0.116
28930,308618, 42.70, 0.00, 0.546, 0.000, 0.000, 0.000,0,0,0, 42.70, 0.546, 55.81, 0.481, 34.48, 0.232, 187.50, 0.149
28931,308629, 42.10, 0.00, 0.645, 0.000, 0.000, 0.000,0,0,0, 42.10, 0.645, 34.58, 0.467, 56.33, 0.319, 176.47, 0.307
28932,308640, 41.66, 0.00, 0.628, 0.000, 0.000, 0.000,0,0,0, 41.66, 0.628, 55.29, 0.622, 83.33, 0.547, 169.01, 0.539
28933,308650, 82.19, 0.00, 0.628, 0.000, 0.000, 0.000,0,0,0, 82.19, 0.628, 55.04, 0.617, 164.38, 0.602, 41.23, 0.509
28934,308661, 56.07, 0.00, 0.707, 0.000, 0.000, 0.000,0,0,0, 56.07, 0.707, 33.24, 0.687, 41.23, 0.618, 83.33, 0.569
28935,308672, 33.51, 0.00, 0.901, 0.000, 0.000, 0.000,0,0,0, 33.51, 0.901, 41.81, 0.668, 55.81, 0.633, 84.50, 0.599
28936,308682, 83.33, 0.00, 0.747, 0.000, 0.000, 0.000,0,0,0, 83.33, 0.747, 42.10, 0.604, 55.55, 0.592, 162.16, 0.573
28937,308693, 83.33, 0.00, 0.855, 0.000, 0.000, 0.000,0,0,0, 83.33, 0.855, 55.04, 0.820, 41.66, 0.798, 164.38, 0.794
28938,308704, 33.05, 0.00, 0.953, 0.000, 0.000, 0.000,0,0,0, 33.05, 0.953, 41.52, 0.885, 55.04, 0.882, 82.75, 0.880
28939,308714, 55.04, 0.00, 0.878, 0.000, 0.000, 0.000,0,0,0, 55.04, 0.878, 82.75, 0.853, 33.42, 0.841, 41.52, 0.835
28940,308725, 41.52, 0.00, 0.918, 0.000, 0.000, 0.000,0,0,0, 41.52, 0.918, 164.38, 0.885, 33.24, 0.880, 55.29, 0.867
28941,308736, 162.16, 0.00, 0.627, 0.000, 0.000, 0.000,0,0,0, 162.16, 0.627, 56.33, 0.492, 82.75, 0.480, 41.52, 0.470
28942,308746, 33.05, 0.00, 0.576, 0.000, 0.000, 0.000,0,0,0, 33.05, 0.576, 41.09, 0.464, 56.07, 0.446, 155.84, 0.341
28943,308757, 40.81, 0.00, 0.706, 0.000, 0.000, 0.000,0,0,0, 40.81, 0.706, 32.34, 0.647, 150.00, 0.333, 56.07, 0.191
28944,308768, 40.40, 0.00, 0.610, 0.000, 0.000, 0.000,0,0,0, 40.40, 0.610, 41.95, 0.547, 55.55, 0.304, 86.95, 0.281
28945,308778, 42.10, 0.00, 0.504, 0.000, 0.000, 0.000,0,0,0, 42.10, 0.504, 54.54, 0.327, 31.74, 0.231, 85.10, 0.225
28946,308789, 42.55, 0.00, 0.484, 0.000, 0.000, 0.000,0,0,0, 42.55, 0.484, 39.47, 0.412, 94.48, 0.256, 54.29, 0.243
28947,308800, 40.00, 0.00, 0.645, 0.000, 0.000, 0.000,0,0,0, 40.00, 0.645, 30.92, 0.351, 144.57, 0.141, 36.36, 0.038
28948,308810, 41.52, 0.00, 0.505, 0.000, 0.000, 0.000,0,0,0, 41.52, 0.505, 34.88, 0.471, 206.89, 0.151, 30.22, 0.099
28949,308821, 41.66, 0.00, 0.623, 0.000, 0.000, 0.000,0,0,0, 41.66, 0.623, 32.34, 0.474, 43.95, 0.295, 36.03, 0.215
28950,308832, 41.52, 0.00, 0.745, 0.000, 0.000, 0.000,0,0,0, 41.52, 0.745, 34.48, 0.482, 171.42, 0.251, 55.81, 0.156
28951,308842, 41.52, 0.00, 0.754, 0.000, 0.000, 0.000,0,0,0, 41.52, 0.754, 33.33, 0.537, 32.78, 0.513, 164.38, 0.428
28952,308853, 41.95, 0.00, 0.778, 0.000, 0.000, 0.000,0,0,0, 41.95, 0.778, 55.81, 0.530, 166.66, 0.386, 85.10, 0.268
28953,308864, 56.07, 0.00, 0.647, 0.000, 0.000, 0.000,0,0,0, 56.07, 0.647, 42.55, 0.615, 33.80, 0.453, 173.91, 0.412
28954,308874, 41.37, 0.00, 0.662, 0.000, 0.000, 0.000,0,0,0, 41.37, 0.662, 56.33, 0.496, 53.57, 0.478, 176.47, 0.298
28955,308885, 41.66, 0.00, 0.733, 0.000, 0.000, 0.000,0,0,0, 41.66, 0.733, 53.57, 0.435, 176.47, 0.319, 32.78, 0.192
28956,308896, 41.52, 0.00, 0.943, 0.000, 0.000, 0.000,0,0,0, 41.52, 0.943, 33.99, 0.418, 54.54, 0.365, 181.81, 0.342
28957,308906, 41.66, 0.00, 0.828, 0.000, 0.000, 0.000,0,0,0, 41.66, 0.828, 36.80, 0.344, 33.70, 0.281, 176.47, 0.273
28958,308917, 41.95, 0.00, 0.891, 0.000, 0.000, 0.000,0,0,0, 41.95, 0.891, 33.89, 0.407, 179.10, 0.280, 56.87, 0.207
28959,308928, 41.95, 0.00, 0.727, 0.000, 0.000, 0.000,0,0,0, 41.95, 0.727, 33.33, 0.686, 34.58, 0.548, 160.00, 0.298
28960,308938, 41.37, 0.00, 0.591, 0.000, 0.000, 0.000,0,0,0, 41.37, 0.591, 38.96, 0.555, 34.18, 0.477, 32.52, 0.297
28961,308949, 40.54, 0.00, 0.625, 0.000, 0.000, 0.000,0,0,0, 40.54, 0.625, 33.24, 0.538, 164.38, 0.277, 53.81, 0.095
28962,308960, 235.29, 0.00, 0.236, 0.000, 0.000, 0.000,0,0,0, 235.29, 0.236, 54.05, 0.175, 173.91, 0.160, 31.00, 0.052
28963,308970, 279.06, 0.00, 0.285, 0.000, 0.000, 0.000,0,0,0, 279.06, 0.285, 169.01, 0.167, 98.36, 0.057, 0.00, 0.000
28964,308981, 30.00, 0.00, 0.608, 0.000, 0.000, 0.000,0,0,0, 30.00, 0.608, 0.00, 0.000, 0.00, 0.000, 0.00, 0.000
28965,308992, 35.71, 0.00, 0.852, 0.000, 0.000, 0.000,0,0,0, 35.71, 0.852, 33.99, 0.438, 0.00, 0.000, 0.00, 0.000
28966,309002, 35.92, 0.00, 0.779, 0.000, 0.000, 0.000,0,0,0, 35.92, 0.779, 38.21, 0.759, 0.00, 0.000, 0.00, 0.000
28967,309013, 38.46, 0.00, 0.995, 0.000, 0.000, 0.000,0,0,0, 38.46, 0.995, 31.66, 0.250, 0.00, 0.000, 0.00, 0.000
28968,309024, 36.25, 0.00, 0.997, 0.000, 0.000, 0.000,0,0,0, 36.25, 0.997, 0.00, 0.000, 0.00, 0.000, 0.00, 0.000
28969,309034, 34.88, 0.00, 0.571, 0.000, 0.000, 0.000,0,0,0, 34.88, 0.571, 0.00, 0.000, 0.00, 0.000, 0.00, 0.000
28970,309045, 176.47, 0.00, 0.256, 0.000, 0.000, 0.000,0,0,0, 176.47, 0.256, 43.95, 0.087, 117.64, 0.066, 36.92, 0.054
28971,309056, 35.60, 0.00, 0.426, 0.000, 0.000, 0.000,0,0,0, 35.60, 0.426, 43.95, 0.311, 71.00, 0.196, 184.61, 0.177
28972,309066, 44.60, 0.00, 0.432, 0.000, 0.000, 0.000,0,0,0, 44.60, 0.432, 32.60, 0.393, 31.33, 0.331, 60.91, 0.325
28973,309077, 33.70, 0.00, 0.516, 0.000, 0.000, 0.000,0,0,0, 33.70, 0.516, 60.91, 0.357, 134.83, 0.164, 80.53, 0.164
28974,309088, 30.37, 0.00, 0.276, 0.000, 0.000, 0.000,0,0,0, 30.37, 0.276, 34.48, 0.202, 133.33, 0.195, 62.17, 0.180
28975,309098, 41.37, 0.00, 0.671, 0.000, 0.000, 0.000,0,0,0, 41.37, 0.671, 292.68, 0.047, 83.91, 0.026, 36.14, 0.007
28976,309109, 41.52, 0.00, 0.481, 0.000, 0.000, 0.000,0,0,0, 41.52, 0.481, 79.47, 0.127, 36.36, 0.125, 190.47, 0.017
28977,309120, 37.15, 0.00, 0.418, 0.000, 0.000, 0.000,0,0,0, 37.15, 0.418, 79.47, 0.334, 52.86, 0.285, 155.84, 0.040
28978,309130, 37.26, 0.00, 0.590, 0.000, 0.000, 0.000,0,0,0, 37.26, 0.590, 31.91, 0.535, 78.94, 0.480, 53.09, 0.233
28979,309141, 30.37, 0.00, 0.607, 0.000, 0.000, 0.000,0,0,0, 30.37, 0.607, 37.15, 0.518, 47.43, 0.323, 78.43, 0.253
28980,309152, 37.85, 0.00, 0.626, 0.000, 0.000, 0.000,0,0,0, 37.85, 0.626, 75.00, 0.136, 71.85, 0.136, 47.43, 0.129
28981,309162, 37.15, 0.00, 0.723, 0.000, 0.000, 0.000,0,0,0, 37.15, 0.723, 50.84, 0.128, 53.81, 0.091, 57.14, 0.075
28982,309173, 31.08, 0.00, 0.742, 0.000, 0.000, 0.000,0,0,0, 31.08, 0.742, 36.58, 0.333, 74.53, 0.195, 48.78, 0.181
28983,309184, 36.92, 0.00, 0.630, 0.000, 0.000, 0.000,0,0,0, 36.92, 0.630, 34.98, 0.622, 34.09, 0.564, 67.79, 0.495
28984,309194, 37.38, 0.00, 0.385, 0.000, 0.000, 0.000,0,0,0, 37.38, 0.385, 67.41, 0.270, 87.59, 0.172, 157.89, 0.118
28985,309205, 69.76, 0.00, 0.380, 0.000, 0.000, 0.000,0,0,0, 69.76, 0.380, 33.99, 0.271, 47.80, 0.270, 42.40, 0.166
28986,309216, 36.92, 0.00, 0.560, 0.000, 0.000, 0.000,0,0,0, 36.92, 0.560, 76.43, 0.527, 139.53, 0.059, 50.00, 0.015
28987,309226, 72.72, 0.00, 0.713, 0.000, 0.000, 0.000,0,0,0, 72.72, 0.713, 36.47, 0.679, 0.00, 0.000, 0.00, 0.000
28988,309237, 69.36, 0.00, 0.721, 0.000, 0.000, 0.000,0,0,0, 69.36, 0.721, 35.60, 0.522, 33.80, 0.510, 0.00, 0.000
28989,309248, 35.92, 0.00, 0.544, 0.000, 0.000, 0.000,0,0,0, 35.92, 0.544, 70.58, 0.537, 0.00, 0.000, 0.00, 0.000
28990,309258, 37.03, 0.00, 0.549, 0.000, 0.000, 0.000,0,0,0, 37.03, 0.549, 40.40, 0.528, 74.07, 0.458, 0.00, 0.000
28991,309269, 74.53, 0.00, 0.555, 0.000, 0.000, 0.000,0,0,0, 74.53, 0.555, 38.09, 0.295, 342.85, 0.111, 0.00, 0.000
28992,309280, 73.61, 0.00, 0.491, 0.000, 0.000, 0.000,0,0,0, 73.61, 0.491, 0.00, 0.000, 0.00, 0.000, 0.00, 0.000
28993,309290, 38.21, 0.00, 0.390, 0.000, 0.000, 0.000,0,0,0, 38.21, 0.390, 32.08, 0.380, 74.53, 0.171, 0.00, 0.000
28994,309301, 38.09, 0.00, 0.797, 0.000, 0.000, 0.000,0,0,0, 38.09, 0.797, 31.91, 0.331, 0.00, 0.000, 0.00, 0.000
28995,309312, 50.84, 0.00, 0.881, 0.000, 0.000, 0.000,0,0,0, 50.84, 0.881, 0.00, 0.000, 0.00, 0.000, 0.00, 0.000
28996,309322, 50.84, 0.00, 0.853, 0.000, 0.000, 0.000,0,0,0, 50.84, 0.853, 0.00, 0.000, 0.00, 0.000, 0.00, 0.000
28997,309333, 55.81, 0.00, 0.889, 0.000, 0.000, 0.000,0,0,0, 55.81, 0.889, 0.00, 0.000, 0.00, 0.000, 0.00, 0.000
28998,309344, 55.81, 0.00, 0.922, 0.000, 0.000, 0.000,0,0,0, 55.81, 0.922, 0.00, 0.000, 0.00, 0.000, 0.00, 0.000
28999,309354, 55.04, 0.00, 0.594, 0.000, 0.000, 0.000,0,0,0, 55.04, 0.594, 63.82, 0.238, 37.73, 0.175, 35.50, 0.089
29000,309365, 54.79, 0.00, 0.621, 0.000, 0.000, 0.000,0,0,0, 54.79, 0.621, 37.73, 0.467, 98.36, 0.187, 121.21, 0.152
29001,309376, 54.79, 0.00, 0.629, 0.000, 0.000, 0.000,0,0,0, 54.79, 0.629, 98.36, 0.283, 129.03, 0.262, 39.08, 0.256
29002,309386, 54.79, 0.00, 0.727, 0.000, 0.000, 0.000,0,0,0, 54.79, 0.727, 36.03, 0.448, 94.48, 0.345, 38.46, 0.325
29003,309397, 55.29, 0.00, 0.875, 0.000, 0.000, 0.000,0,0,0, 55.29, 0.875, 39.60, 0.316, 137.93, 0.250, 93.75, 0.140
29004,309408, 55.29, 0.00, 0.907, 0.000, 0.000, 0.000,0,0,0, 55.29, 0.907, 34.58, 0.478, 92.30, 0.305, 39.34, 0.275
29005,309418, 55.29, 0.00, 0.925, 0.000, 0.000, 0.000,0,0,0, 55.29, 0.925, 39.21, 0.320, 136.36, 0.261, 92.30, 0.208
29006,309429, 55.29, 0.00, 0.931, 0.000, 0.000, 0.000,0,0,0, 55.29, 0.931, 34.48, 0.439, 91.60, 0.357, 137.93, 0.283
29007,309440, 55.04, 0.00, 0.945, 0.000, 0.000, 0.000,0,0,0, 55.04, 0.945, 92.30, 0.296, 137.93, 0.288, 34.28, 0.250
29008,309450, 55.04, 0.00, 0.974, 0.000, 0.000, 0.000,0,0,0, 55.04, 0.974, 39.21, 0.344, 136.36, 0.326, 92.30, 0.193
29009,309461, 55.29, 0.00, 0.934, 0.000, 0.000, 0.000,0,0,0, 55.29, 0.934, 34.68, 0.509, 92.30, 0.366, 39.21, 0.273
29010,309472, 55.55, 0.00, 0.940, 0.000, 0.000, 0.000,0,0,0, 55.55, 0.940, 39.08, 0.314, 134.83, 0.296, 94.48, 0.270
29011,309482, 55.29, 0.00, 0.957, 0.000, 0.000, 0.000,0,0,0, 55.29, 0.957, 34.68, 0.548, 94.48, 0.427, 131.86, 0.321
29012,309493, 55.29, 0.00, 0.986, 0.000, 0.000, 0.000,0,0,0, 55.29, 0.986, 38.83, 0.343, 133.33, 0.336, 94.48, 0.310
29013,309504, 55.29, 0.00, 0.985, 0.000, 0.000, 0.000,0,0,0, 55.29, 0.985, 39.21, 0.343, 133.33, 0.320, 93.75, 0.250
29014,309514, 55.55, 0.00, 0.976, 0.000, 0.000, 0.000,0,0,0, 55.55, 0.976, 34.98, 0.463, 94.48, 0.367, 39.60, 0.302
29015,309525, 55.55, 0.00, 0.986, 0.000, 0.000, 0.000,0,0,0, 55.55, 0.986, 39.08, 0.311, 133.33, 0.297, 95.23, 0.216
29016,309536, 55.29, 0.00, 0.984, 0.000, 0.000, 0.000,0,0,0, 55.29, 0.984, 34.78, 0.484, 94.48, 0.384, 131.86, 0.295
29017,309546, 55.29, 0.00, 0.994, 0.000, 0.000, 0.000,0,0,0, 55.29, 0.994, 38.83, 0.342, 131.86, 0.323, 95.23, 0.275
29018,309557, 55.29, 0.00, 0.992, 0.000, 0.000, 0.000,0,0,0, 55.29, 0.992, 94.48, 0.281, 133.33, 0.279, 38.96, 0.272
29019,309568, 55.29, 0.00, 0.981, 0.000, 0.000, 0.000,0,0,0, 55.29, 0.981, 34.98, 0.437, 95.23, 0.350, 133.33, 0.281
29020,309578, 55.55, 0.00, 0.982, 0.000, 0.000, 0.000,0,0,0, 55.55, 0.982, 38.83, 0.337, 129.03, 0.316, 96.77, 0.211
29021,309589, 55.29, 0.00, 0.975, 0.000, 0.000, 0.000,0,0,0, 55.29, 0.975, 34.78, 0.492, 96.00, 0.386, 130.43, 0.295
29022,309600, 55.29, 0.00, 0.986, 0.000, 0.000, 0.000,0,0,0, 55.29, 0.986, 38.58, 0.390, 129.03, 0.345, 96.00, 0.299
29023,309610, 55.29, 0.00, 0.995, 0.000, 0.000, 0.000,0,0,0, 55.29, 0.995, 35.08, 0.345, 95.23, 0.333, 131.86, 0.296
29024,309621, 55.29, 0.00, 0.985, 0.000, 0.000, 0.000,0,0,0, 55.29, 0.985, 35.19, 0.389, 96.00, 0.341, 131.86, 0.303
29025,309632, 55.55, 0.00, 0.994, 0.000, 0.000, 0.000,0,0,0, 55.55, 0.994, 38.83, 0.386, 130.43, 0.351, 96.77, 0.215
29026,309642, 55.55, 0.00, 0.989, 0.000, 0.000, 0.000,0,0,0, 55.55, 0.989, 34.88, 0.479, 95.23, 0.387, 131.86, 0.300
29027,309653, 55.55, 0.00, 0.990, 0.000, 0.000, 0.000,0,0,0, 55.55, 0.990, 38.96, 0.435, 130.43, 0.374, 96.77, 0.297
29028,309664, 55.29, 0.00, 0.990, 0.000, 0.000, 0.000,0,0,0, 55.29, 0.990, 35.08, 0.475, 95.23, 0.391, 130.43, 0.306
29029,309674, 55.29, 0.00, 0.992, 0.000, 0.000, 0.000,0,0,0, 55.29, 0.992, 131.86, 0.300, 38.96, 0.296, 96.00, 0.288
29030,309685, 55.55, 0.00, 0.993, 0.000, 0.000, 0.000,0,0,0, 55.55, 0.993, 38.83, 0.402, 130.43, 0.356, 96.77, 0.215
29031,309696, 55.29, 0.00, 0.991, 0.000, 0.000, 0.000,0,0,0, 55.29, 0.991, 34.58, 0.430, 96.00, 0.362, 131.86, 0.273
29032,309706, 55.29, 0.00, 0.991, 0.000, 0.000, 0.000,0,0,0, 55.29, 0.991, 38.96, 0.325, 131.86, 0.318, 96.00, 0.260
29033,309717, 55.29, 0.00, 0.991, 0.000, 0.000, 0.000,0,0,0, 55.29, 0.991, 34.98, 0.525, 95.23, 0.402, 38.83, 0.353
29034,309728, 55.29, 0.00, 0.992, 0.000, 0.000, 0.000,0,0,0, 55.29, 0.992, 38.96, 0.342, 131.86, 0.318, 96.77, 0.267
29035,309738, 55.55, 0.00, 0.994, 0.000, 0.000, 0.000,0,0,0, 55.55, 0.994, 38.96, 0.310, 130.43, 0.306, 96.77, 0.257
29036,309749, 55.29, 0.00, 0.995, 0.000, 0.000, 0.000,0,0,0, 55.29, 0.995, 35.19, 0.429, 96.77, 0.367, 39.60, 0.297
29037,309760, 55.29, 0.00, 0.993, 0.000, 0.000, 0.000,0,0,0, 55.29, 0.993, 130.43, 0.305, 38.83, 0.298, 96.00, 0.220
29038,309770, 55.29, 0.00, 0.993, 0.000, 0.000, 0.000,0,0,0, 55.29, 0.993, 34.98, 0.461, 96.00, 0.370, 130.43, 0.295
29039,309781, 55.29, 0.00, 0.993, 0.000, 0.000, 0.000,0,0,0, 55.29, 0.993, 38.83, 0.347, 130.43, 0.320, 36.47, 0.287
29040,309792, 55.29, 0.00, 0.989, 0.000, 0.000, 0.000,0,0,0, 55.29, 0.989, 129.03, 0.288, 96.77, 0.288, 35.19, 0.282
29041,309802, 55.55, 0.00, 0.993, 0.000, 0.000, 0.000,0,0,0, 55.55, 0.993, 35.19, 0.410, 96.77, 0.358, 129.03, 0.295
29042,309813, 55.55, 0.00, 0.993, 0.000, 0.000, 0.000,0,0,0, 55.55, 0.993, 38.70, 0.349, 129.03, 0.332, 96.77, 0.219
29043,309824, 55.29, 0.00, 0.992, 0.000, 0.000, 0.000,0,0,0, 55.29, 0.992, 35.08, 0.449, 96.77, 0.367, 129.03, 0.300
29044,309834, 55.29, 0.00, 0.994, 0.000, 0.000, 0.000,0,0,0, 55.29, 0.994, 38.58, 0.379, 129.03, 0.340, 35.71, 0.312
29045,309845, 55.29, 0.00, 0.991, 0.000, 0.000, 0.000,0,0,0, 55.29, 0.991, 35.29, 0.359, 97.56, 0.331, 127.65, 0.290
29046,309856, 55.55, 0.00, 0.992, 0.000, 0.000, 0.000,0,0,0, 55.55, 0.992, 35.29, 0.348, 97.56, 0.336, 127.65, 0.306
29047,309866, 55.55, 0.00, 0.993, 0.000, 0.000, 0.000,0,0,0, 55.55, 0.993, 38.58, 0.404, 127.65, 0.359, 98.36, 0.227
29048,309877, 55.29, 0.00, 0.990, 0.000, 0.000, 0.000,0,0,0, 55.29, 0.990, 35.08, 0.440, 96.77, 0.366, 129.03, 0.292
29049,309888, 55.29, 0.00, 0.988, 0.000, 0.000, 0.000,0,0,0, 55.29, 0.988, 38.58, 0.417, 127.65, 0.363, 35.71, 0.346
29050,309898, 55.29, 0.00, 0.988, 0.000, 0.000, 0.000,0,0,0, 55.29, 0.988, 35.29, 0.478, 97.56, 0.382, 38.46, 0.341
29051,309909, 55.29, 0.00, 0.991, 0.000, 0.000, 0.000,0,0,0, 55.29, 0.991, 126.31, 0.310, 38.70, 0.303, 98.36, 0.284
29052,309920, 55.29, 0.00, 0.992, 0.000, 0.000, 0.000,0,0,0, 55.29, 0.992, 38.58, 0.387, 126.31, 0.354, 99.17, 0.239
29053,309930, 55.29, 0.00, 0.981, 0.000, 0.000, 0.000,0,0,0, 55.29, 0.981, 35.39, 0.415, 34.48, 0.410, 98.36, 0.358
29054,309941, 55.29, 0.00, 0.974, 0.000, 0.000, 0.000,0,0,0, 55.29, 0.974, 125.00, 0.309, 38.21, 0.306, 100.84, 0.268
29055,309952, 55.29, 0.00, 0.975, 0.000, 0.000, 0.000,0,0,0, 55.29, 0.975, 35.39, 0.522, 38.09, 0.409, 100.00, 0.405
29056,309962, 55.29, 0.00, 0.993, 0.000, 0.000, 0.000,0,0,0, 55.29, 0.993, 38.21, 0.377, 122.44, 0.359, 101.69, 0.347
29057,309973, 55.29, 0.00, 0.987, 0.000, 0.000, 0.000,0,0,0, 55.29, 0.987, 123.71, 0.321, 38.33, 0.311, 100.84, 0.301
29058,309984, 55.55, 0.00, 0.990, 0.000, 0.000, 0.000,0,0,0, 55.55, 0.990, 35.82, 0.405, 100.84, 0.360, 39.34, 0.298
29059,309994, 55.29, 0.00, 0.969, 0.000, 0.000, 0.000,0,0,0, 55.29, 0.969, 121.21, 0.301, 37.85, 0.283, 100.84, 0.256
29060,310005, 55.29, 0.00, 0.971, 0.000, 0.000, 0.000,0,0,0, 55.29, 0.971, 35.71, 0.455, 103.44, 0.392, 117.64, 0.371
29061,310016, 55.29, 0.00, 0.992, 0.000, 0.000, 0.000,0,0,0, 55.29, 0.992, 36.36, 0.476, 37.85, 0.470, 118.81, 0.426
29062,310026, 55.55, 0.00, 0.992, 0.000, 0.000, 0.000,0,0,0, 55.55, 0.992, 103.44, 0.370, 36.14, 0.360, 118.81, 0.357
29063,310037, 55.55, 0.00, 0.990, 0.000, 0.000, 0.000,0,0,0, 55.55, 0.990, 36.14, 0.427, 103.44, 0.397, 118.81, 0.359
29064,310048, 55.29, 0.00, 0.983, 0.000, 0.000, 0.000,0,0,0, 55.29, 0.983, 37.61, 0.400, 117.64, 0.386, 0.00, 0.000
29065,310058, 55.29, 0.00, 0.985, 0.000, 0.000, 0.000,0,0,0, 55.29, 0.985, 106.19, 0.396, 36.14, 0.392, 34.28, 0.299
29066,310069, 55.29, 0.00, 0.992, 0.000, 0.000, 0.000,0,0,0, 55.29, 0.992, 36.69, 0.560, 37.26, 0.557, 109.09, 0.490
29067,310080, 55.29, 0.00, 0.990, 0.000, 0.000, 0.000,0,0,0, 55.29, 0.990, 36.47, 0.463, 107.14, 0.445, 0.00, 0.000
29068,310090, 55.55, 0.00, 0.991, 0.000, 0.000, 0.000,0,0,0, 55.55, 0.991, 114.28, 0.401, 37.38, 0.387, 0.00, 0.000
29069,310101, 55.29, 0.00, 0.991, 0.000, 0.000, 0.000,0,0,0, 55.29, 0.991, 37.38, 0.429, 115.38, 0.414, 0.00, 0.000
29070,310112, 55.29, 0.00, 0.992, 0.000, 0.000, 0.000,0,0,0, 55.29, 0.992, 108.10, 0.381, 112.14, 0.376, 36.36, 0.338
29071,310122, 55.29, 0.00, 0.995, 0.000, 0.000, 0.000,0,0,0, 55.29, 0.995, 36.80, 0.515, 111.11, 0.482, 0.00, 0.000
29072,310133, 55.29, 0.00, 0.991, 0.000, 0.000, 0.000,0,0,0, 55.29, 0.991, 36.69, 0.569, 110.09, 0.505, 0.00, 0.000
29073,310144, 55.55, 0.00, 0.995, 0.000, 0.000, 0.000,0,0,0, 55.55, 0.995, 111.11, 0.430, 37.03, 0.420, 0.00, 0.000
29074,310154, 55.29, 0.00, 0.994, 0.000, 0.000, 0.000,0,0,0, 55.29, 0.994, 37.03, 0.444, 112.14, 0.438, 34.58, 0.202
29075,310165, 55.29, 0.00, 0.993, 0.000, 0.000, 0.000,0,0,0, 55.29, 0.993, 109.09, 0.409, 36.69, 0.367, 34.09, 0.215
29076,310176, 55.29, 0.00, 0.992, 0.000, 0.000, 0.000,0,0,0, 55.29, 0.992, 111.11, 0.460, 37.03, 0.443, 0.00, 0.000
29077,310186, 55.29, 0.00, 0.994, 0.000, 0.000, 0.000,0,0,0, 55.29, 0.994, 36.92, 0.633, 110.09, 0.549, 0.00, 0.000
29078,310197, 55.55, 0.00, 0.992, 0.000, 0.000, 0.000,0,0,0, 55.55, 0.992, 36.92, 0.504, 111.11, 0.484, 0.00, 0.000
29079,310208, 55.29, 0.00, 0.987, 0.000, 0.000, 0.000,0,0,0, 55.29, 0.987, 110.09, 0.448, 36.80, 0.446, 34.48, 0.233
29080,310218, 55.29, 0.00, 0.987, 0.000, 0.000, 0.000,0,0,0, 55.29, 0.987, 110.09, 0.428, 36.69, 0.393, 34.09, 0.097
29081,310229, 55.55, 0.00, 0.993, 0.000, 0.000, 0.000,0,0,0, 55.55, 0.993, 111.11, 0.422, 37.03, 0.355, 0.00, 0.000
29082,310240, 55.55, 0.00, 0.988, 0.000, 0.000, 0.000,0,0,0, 55.55, 0.988, 36.92, 0.566, 111.11, 0.524, 34.09, 0.224
29083,310250, 55.55, 0.00, 0.986, 0.000, 0.000, 0.000,0,0,0, 55.55, 0.986, 37.03, 0.604, 111.11, 0.541, 0.00, 0.000
29084,310261, 55.55, 0.00, 0.981, 0.000, 0.000, 0.000,0,0,0, 55.55, 0.981, 110.09, 0.466, 36.92, 0.453, 34.18, 0.164
29085,310272, 55.29, 0.00, 0.990, 0.000, 0.000, 0.000,0,0,0, 55.29, 0.990, 111.11, 0.461, 36.92, 0.451, 0.00, 0.000
29086,310282, 55.29, 0.00, 0.993, 0.000, 0.000, 0.000,0,0,0, 55.29, 0.993, 110.09, 0.413, 36.80, 0.353, 0.00, 0.000
29087,310293, 55.29, 0.00, 0.985, 0.000, 0.000, 0.000,0,0,0, 55.29, 0.985, 110.09, 0.445, 36.69, 0.427, 34.09, 0.275
29088,310304, 55.29, 0.00, 0.973, 0.000, 0.000, 0.000,0,0,0, 55.29, 0.973, 36.80, 0.601, 110.09, 0.511, 0.00, 0.000
29089,310314, 55.29, 0.00, 0.947, 0.000, 0.000, 0.000,0,0,0, 55.29, 0.947, 36.92, 0.509, 111.11, 0.454, 0.00, 0.000
29090,310325, 55.55, 0.00, 0.951, 0.000, 0.000, 0.000,0,0,0, 55.55, 0.951, 37.15, 0.453, 111.11, 0.445, 0.00, 0.000
29091,310336, 55.55, 0.00, 0.884, 0.000, 0.000, 0.000,0,0,0, 55.55, 0.884, 111.11, 0.453, 36.92, 0.392, 0.00, 0.000
29092,310346, 55.81, 0.00, 0.662, 0.000, 0.000, 0.000,0,0,0, 55.81, 0.662, 127.65, 0.207, 41.09, 0.162, 36.58, 0.115
29093,310357, 30.53, 0.00, 0.977, 0.000, 0.000, 0.000,0,0,0, 30.53, 0.977, 62.82, 0.551, 41.52, 0.035, 0.00, 0.000
29094,310368, 63.15, 0.00, 0.474, 0.000, 0.000, 0.000,0,0,0, 63.15, 0.474, 30.45, 0.464, 56.33, 0.359, 48.38, 0.201
29095,310378, 59.70, 0.00, 0.515, 0.000, 0.000, 0.000,0,0,0, 59.70, 0.515, 30.69, 0.246, 47.61, 0.201, 41.09, 0.184
29096,310389, 41.37, 0.00, 0.596, 0.000, 0.000, 0.000,0,0,0, 41.37, 0.596, 60.00, 0.324, 134.83, 0.215, 32.25, 0.046
29097,310400, 133.33, 0.00, 0.310, 0.000, 0.000, 0.000,0,0,0, 133.33, 0.310, 67.03, 0.265, 42.10, 0.210, 44.11, 0.196
29098,310410, 70.17, 0.00, 0.458, 0.000, 0.000, 0.000,0,0,0, 70.17, 0.458, 35.82, 0.328, 139.53, 0.198, 0.00, 0.000
29099,310421, 39.60, 0.00, 0.496, 0.000, 0.000, 0.000,0,0,0, 39.60, 0.496, 30.61, 0.229, 173.91, 0.052, 77.92, 0.023
29100,310432, 39.47, 0.00, 0.778, 0.000, 0.000, 0.000,0,0,0, 39.47, 0.778, 0.00, 0.000, 0.00, 0.000, 0.00, 0.000
29101,310442, 68.57, 0.00, 0.323, 0.000, 0.000, 0.000,0,0,0, 68.57, 0.323, 37.15, 0.092, 0.00, 0.000, 0.00, 0.000
29102,310453, 67.79, 0.00, 0.695, 0.000, 0.000, 0.000,0,0,0, 67.79, 0.695, 30.61, 0.674, 33.80, 0.316, 35.92, 0.157
29103,310464, 36.25, 0.00, 0.776, 0.000, 0.000, 0.000,0,0,0, 36.25, 0.776, 68.96, 0.451, 0.00, 0.000, 0.00, 0.000
29104,310474, 37.03, 0.00, 0.696, 0.000, 0.000, 0.000,0,0,0, 37.03, 0.696, 73.61, 0.580, 0.00, 0.000, 0.00, 0.000
29105,310485, 43.01, 0.00, 0.430, 0.000, 0.000, 0.000,0,0,0, 43.01, 0.430, 72.72, 0.418, 39.47, 0.230, 108.10, 0.140
29106,310496, 36.92, 0.00, 0.786, 0.000, 0.000, 0.000,0,0,0, 36.92, 0.786, 71.42, 0.469, 0.00, 0.000, 0.00, 0.000
29107,310506, 37.03, 0.00, 0.701, 0.000, 0.000, 0.000,0,0,0, 37.03, 0.701, 68.18, 0.456, 0.00, 0.000, 0.00, 0.000
29108,310517, 76.92, 0.00, 0.585, 0.000, 0.000, 0.000,0,0,0, 76.92, 0.585, 32.43, 0.483, 39.60, 0.365, 0.00, 0.000
29109,310528, 37.50, 0.00, 0.921, 0.000, 0.000, 0.000,0,0,0, 37.50, 0.921, 75.00, 0.883, 0.00, 0.000, 0.00, 0.000
29110,310538, 37.15, 0.00, 0.932, 0.000, 0.000, 0.000,0,0,0, 37.15, 0.932, 74.07, 0.895, 0.00, 0.000, 0.00, 0.000
29111,310549, 73.61, 0.00, 0.771, 0.000, 0.000, 0.000,0,0,0, 73.61, 0.771, 37.03, 0.677, 0.00, 0.000, 0.00, 0.000
29112,310560, 75.47, 0.00, 0.517, 0.000, 0.000, 0.000,0,0,0, 75.47, 0.517, 42.25, 0.439, 0.00, 0.000, 0.00, 0.000
29113,310570, 36.80, 0.00, 0.529, 0.000, 0.000, 0.000,0,0,0, 36.80, 0.529, 100.00, 0.299, 0.00, 0.000, 0.00, 0.000
29114,310581, 31.16, 0.00, 0.416, 0.000, 0.000, 0.000,0,0,0, 31.16, 0.416, 0.00, 0.000, 0.00, 0.000, 0.00, 0.000
29115,310592, 73.17, 0.00, 0.039, 0.000, 0.000, 0.000,0,0,0, 73.17, 0.039, 80.00, 0.038, 36.47, 0.029, 35.19, 0.007
29116,310602, 35.71, 0.00, 0.632, 0.000, 0.000, 0.000,0,0,0, 35.71, 0.632, 70.58, 0.286, 38.70, 0.254, 90.90, 0.019
29117,310613, 38.96, 0.00, 0.532, 0.000, 0.000, 0.000,0,0,0, 38.96, 0.532, 40.67, 0.461, 76.43, 0.392, 0.00, 0.000
29118,310624, 40.54, 0.00, 0.513, 0.000, 0.000, 0.000,0,0,0, 40.54, 0.513, 76.92, 0.427, 36.80, 0.354, 31.08, 0.187
29119,310634, 36.80, 0.00, 0.273, 0.000, 0.000, 0.000,0,0,0, 36.80, 0.273, 78.43, 0.248, 0.00, 0.000, 0.00, 0.000
29120,310645, 38.96, 0.00, 0.636, 0.000, 0.000, 0.000,0,0,0, 38.96, 0.636, 85.71, 0.045, 108.10, 0.021, 0.00, 0.000
29121,310656, 41.95, 0.00, 0.379, 0.000, 0.000, 0.000,0,0,0, 41.95, 0.379, 72.72, 0.357, 0.00, 0.000, 0.00, 0.000
29122,310666, 72.72, 0.00, 0.565, 0.000, 0.000, 0.000,0,0,0, 72.72, 0.565, 34.78, 0.355, 84.50, 0.354, 39.73, 0.354
29123,310677, 34.48, 0.00, 0.591, 0.000, 0.000, 0.000,0,0,0, 34.48, 0.591, 84.50, 0.427, 73.17, 0.354, 0.00, 0.000
29124,310688, 86.33, 0.00, 0.204, 0.000, 0.000, 0.000,0,0,0, 86.33, 0.204, 43.95, 0.179, 0.00, 0.000, 0.00, 0.000
29125,310698, 31.83, 0.00, 0.598, 0.000, 0.000, 0.000,0,0,0, 31.83, 0.598, 43.95, 0.405, 0.00, 0.000, 0.00, 0.000
29126,310709, 32.43, 0.00, 0.342, 0.000, 0.000, 0.000,0,0,0, 32.43, 0.342, 146.34, 0.165, 0.00, 0.000, 0.00, 0.000
29127,310720, 148.14, 0.00, 0.002, 0.000, 0.000, 0.000,0,0,0, 148.14, 0.002, 0.00, 0.000, 0.00, 0.000, 0.00, 0.000
29128,310730, 37.85, 0.00, 0.411, 0.000, 0.000, 0.000,0,0,0, 37.85, 0.411, 34.98, 0.402, 72.28, 0.254, 55.04, 0.237
29129,310741, 35.60, 0.00, 0.647, 0.000, 0.000, 0.000,0,0,0, 35.60, 0.647, 78.94, 0.235, 0.00, 0.000, 0.00, 0.000
29130,310752, 37.97, 0.00, 0.862, 0.000, 0.000, 0.000,0,0,0, 37.97, 0.862, 75.94, 0.447, 0.00, 0.000, 0.00, 0.000
29131,310762, 36.69, 0.00, 0.783, 0.000, 0.000, 0.000,0,0,0, 36.69, 0.783, 71.42, 0.391, 78.94, 0.354, 0.00, 0.000
29132,310773, 35.92, 0.00, 0.867, 0.000, 0.000, 0.000,0,0,0, 35.92, 0.867, 71.85, 0.605, 33.33, 0.557, 0.00, 0.000
29133,310784, 35.92, 0.00, 0.931, 0.000, 0.000, 0.000,0,0,0, 35.92, 0.931, 71.42, 0.646, 0.00, 0.000, 0.00, 0.000
29134,310794, 35.71, 0.00, 0.638, 0.000, 0.000, 0.000,0,0,0, 35.71, 0.638, 70.58, 0.550, 0.00, 0.000, 0.00, 0.000
29135,310805, 69.36, 0.00, 0.518, 0.000, 0.000, 0.000,0,0,0, 69.36, 0.518, 34.48, 0.405, 41.66, 0.362, 0.00, 0.000
29136,310816, 83.91, 0.00, 0.363, 0.000, 0.000, 0.000,0,0,0, 83.91, 0.363, 37.50, 0.335, 109.09, 0.132, 0.00, 0.000
29137,310826, 81.08, 0.00, 0.502, 0.000, 0.000, 0.000,0,0,0, 81.08, 0.502, 32.08, 0.498, 0.00, 0.000, 0.00, 0.000
29138,310837, 81.63, 0.00, 0.494, 0.000, 0.000, 0.000,0,0,0, 81.63, 0.494, 37.73, 0.471, 32.78, 0.358, 0.00, 0.000
29139,310848, 37.61, 0.00, 0.927, 0.000, 0.000, 0.000,0,0,0, 37.61, 0.927, 70.58, 0.564, 0.00, 0.000, 0.00, 0.000
29140,310858, 66.29, 0.00, 0.565, 0.000, 0.000, 0.000,0,0,0, 66.29, 0.565, 37.73, 0.477, 33.80, 0.351, 0.00, 0.000
29141,310869, 38.09, 0.00, 0.742, 0.000, 0.000, 0.000,0,0,0, 38.09, 0.742, 65.57, 0.264, 0.00, 0.000, 0.00, 0.000
29142,310880, 38.21, 0.00, 0.684, 0.000, 0.000, 0.000,0,0,0, 38.21, 0.684, 76.92, 0.328, 0.00, 0.000, 0.00, 0.000
29143,310890, 41.95, 0.00, 0.322, 0.000, 0.000, 0.000,0,0,0, 41.95, 0.322, 76.92, 0.277, 57.41, 0.260, 0.00, 0.000
29144,310901, 40.40, 0.00, 0.502, 0.000, 0.000, 0.000,0,0,0, 40.40, 0.502, 76.43, 0.278, 0.00, 0.000, 0.00, 0.000
29145,310912, 40.54, 0.00, 0.488, 0.000, 0.000, 0.000,0,0,0, 40.54, 0.488, 176.47, 0.008, 0.00, 0.000, 0.00, 0.000
29146,310922, 400.00, 0.00, 0.531, 0.000, 0.000, 0.000,0,0,0, 400.00, 0.531, 0.00, 0.000, 0.00, 0.000, 0.00, 0.000
29147,310933, 34.18, 0.00, 0.617, 0.000, 0.000, 0.000,0,0,0, 34.18, 0.617, 71.00, 0.210, 0.00, 0.000, 0.00, 0.000
29148,310944, 38.33, 0.00, 0.364, 0.000, 0.000, 0.000,0,0,0, 38.33, 0.364, 84.50, 0.238, 71.85, 0.213, 0.00, 0.000
29149,310954, 38.58, 0.00, 0.791, 0.000, 0.000, 0.000,0,0,0, 38.58, 0.791, 71.42, 0.491, 0.00, 0.000, 0.00, 0.000
29150,310965, 39.73, 0.00, 0.591, 0.000, 0.000, 0.000,0,0,0, 39.73, 0.591, 75.00, 0.560, 0.00, 0.000, 0.00, 0.000
29151,310976, 71.85, 0.00, 0.534, 0.000, 0.000, 0.000,0,0,0, 71.85, 0.534, 0.00, 0.000, 0.00, 0.000, 0.00, 0.000
29152,310986, 37.15, 0.00, 0.581, 0.000, 0.000, 0.000,0,0,0, 37.15, 0.581, 77.41, 0.206, 0.00, 0.000, 0.00, 0.000
29153,310997, 37.26, 0.00, 0.502, 0.000, 0.000, 0.000,0,0,0, 37.26, 0.502, 81.08, 0.318, 0.00, 0.000, 0.00, 0.000
29154,311008, 81.63, 0.00, 0.461, 0.000, 0.000, 0.000,0,0,0, 81.63, 0.461, 41.37, 0.329, 63.49, 0.297, 30.92, 0.258
29155,311018, 38.46, 0.00, 0.577, 0.000, 0.000, 0.000,0,0,0, 38.46, 0.577, 81.63, 0.541, 0.00, 0.000, 0.00, 0.000
29156,311029, 34.68, 0.00, 0.820, 0.000, 0.000, 0.000,0,0,0, 34.68, 0.820, 80.53, 0.162, 59.70, 0.010, 0.00, 0.000
29157,311040, 59.11, 0.00, 0.289, 0.000, 0.000, 0.000,0,0,0, 59.11, 0.289, 0.00, 0.000, 0.00, 0.000, 0.00, 0.000
29158,311050, 30.30, 0.00, 0.038, 0.000, 0.000, 0.000,0,0,0, 30.30, 0.038, 0.00, 0.000, 0.00, 0.000, 0.00, 0.000
29159,311061, 108.10, 0.00, 0.093, 0.000, 0.000, 0.000,0,0,0, 108.10, 0.093, 0.00, 0.000, 0.00, 0.000, 0.00, 0.000
29160,311072, 108.10, 0.00, 0.105, 0.000, 0.000, 0.000,0,0,0, 108.10, 0.105, 0.00, 0.000, 0.00, 0.000, 0.00, 0.000
29161,311082, 108.10, 0.00, 0.090, 0.000, 0.000, 0.000,0,0,0, 108.10, 0.090, 0.00, 0.000, 0.00, 0.000, 0.00, 0.000
29162,311093, 31.08, 0.00, 0.705, 0.000, 0.000, 0.000,0,0,0, 31.08, 0.705, 32.60, 0.315, 88.88, 0.106, 0.00, 0.000
29163,311104, 43.16, 0.00, 0.999, 0.000, 0.000, 0.000,0,0,0, 43.16, 0.999, 31.41, 0.989, 0.00, 0.000, 0.00, 0.000
29164,311114, 40.95, 0.00, 0.698, 0.000, 0.000, 0.000,0,0,0, 40.95, 0.698, 0.00, 0.000, 0.00, 0.000, 0.00, 0.000
29165,311125, 40.26, 0.00, 0.941, 0.000, 0.000, 0.000,0,0,0, 40.26, 0.941, 30.22, 0.512, 0.00, 0.000, 0.00, 0.000
29166,311136, 43.16, 0.00, 0.528, 0.000, 0.000, 0.000,0,0,0, 43.16, 0.528, 38.21, 0.466, 33.14, 0.040, 0.00, 0.000
29167,311146, 43.16, 0.00, 0.405, 0.000, 0.000, 0.000,0,0,0, 43.16, 0.405, 38.09, 0.379, 88.23, 0.213, 114.28, 0.068
29168,311157, 88.88, 0.00, 0.229, 0.000, 0.000, 0.000,0,0,0, 88.88, 0.229, 114.28, 0.106, 240.00, 0.079, 54.05, 0.071
29169,311168, 42.85, 0.00, 0.199, 0.000, 0.000, 0.000,0,0,0, 42.85, 0.199, 88.88, 0.195, 244.89, 0.182, 114.28, 0.104
29170,311178, 34.58, 0.00, 0.645, 0.000, 0.000, 0.000,0,0,0, 34.58, 0.645, 31.83, 0.427, 30.07, 0.221, 0.00, 0.000
29171,311189, 31.33, 0.00, 0.999, 0.000, 0.000, 0.000,0,0,0, 31.33, 0.999, 30.15, 0.998, 0.00, 0.000, 0.00, 0.000
29172,311200, 400.00, 0.00, 0.566, 0.000, 0.000, 0.000,0,0,0, 400.00, 0.566, 0.00, 0.000, 0.00, 0.000, 0.00, 0.000
29173,311210, 400.00, 0.00, 0.630, 0.000, 0.000, 0.000,0,0,0, 400.00, 0.630, 0.00, 0.000, 0.00, 0.000, 0.00, 0.000
29174,311221, 400.00, 0.00, 0.540, 0.000, 0.000, 0.000,0,0,0, 400.00, 0.540, 0.00, 0.000, 0.00, 0.000, 0.00, 0.000
29175,311232, 400.00, 0.00, 0.553, 0.000, 0.000, 0.000,0,0,0, 400.00, 0.553, 0.00, 0.000, 0.00, 0.000, 0.00, 0.000
29176,311242, 38.46, 0.00, 0.455, 0.000, 0.000, 0.000,0,0,0, 38.46, 0.455, 139.53, 0.068, 0.00, 0.000, 0.00, 0.000
29177,311253, 38.46, 0.00, 0.536, 0.000, 0.000, 0.000,0,0,0, 38.46, 0.536, 67.41, 0.225, 0.00, 0.000, 0.00, 0.000
29178,311264, 49.58, 0.00, 0.472, 0.000, 0.000, 0.000,0,0,0, 49.58, 0.472, 51.94, 0.452, 0.00, 0.000, 0.00, 0.000
29179,311274, 49.38, 0.00, 0.712, 0.000, 0.000, 0.000,0,0,0, 49.38, 0.712, 0.00, 0.000, 0.00, 0.000, 0.00, 0.000
29180,311285, 48.97, 0.00, 0.414, 0.000, 0.000, 0.000,0,0,0, 48.97, 0.414, 34.48, 0.149, 55.55, 0.135, 307.69, 0.057
29181,311296, 74.53, 0.00, 0.386, 0.000, 0.000, 0.000,0,0,0, 74.53, 0.386, 47.80, 0.208, 38.58, 0.093, 37.15, 0.092
29182,311306, 75.47, 0.00, 0.506, 0.000, 0.000, 0.000,0,0,0, 75.47, 0.506, 39.34, 0.421, 47.61, 0.398, 127.65, 0.052
29183,311317, 75.47, 0.00, 0.652, 0.000, 0.000, 0.000,0,0,0, 75.47, 0.652, 38.83, 0.545, 37.26, 0.451, 47.80, 0.035
29184,311328, 30.07, 0.00, 0.569, 0.000, 0.000, 0.000,0,0,0, 30.07, 0.569, 74.53, 0.434, 50.84, 0.285, 34.38, 0.106
29185,311338, 35.29, 0.00, 0.698, 0.000, 0.000, 0.000,0,0,0, 35.29, 0.698, 75.00, 0.115, 64.51, 0.063, 50.20, 0.024
29186,311349, 37.03, 0.00, 0.529, 0.000, 0.000, 0.000,0,0,0, 37.03, 0.529, 75.00, 0.289, 0.00, 0.000, 0.00, 0.000
29187,311360, 75.94, 0.00, 0.554, 0.000, 0.000, 0.000,0,0,0, 75.94, 0.554, 38.33, 0.377, 46.15, 0.126, 0.00, 0.000
29188,311370, 75.00, 0.00, 0.906, 0.000, 0.000, 0.000,0,0,0, 75.00, 0.906, 37.97, 0.781, 37.03, 0.780, 0.00, 0.000
29189,311381, 74.07, 0.00, 0.876, 0.000, 0.000, 0.000,0,0,0, 74.07, 0.876, 37.15, 0.875, 0.00, 0.000, 0.00, 0.000
29190,311392, 72.72, 0.00, 0.825, 0.000, 0.000, 0.000,0,0,0, 72.72, 0.825, 35.50, 0.769, 0.00, 0.000, 0.00, 0.000
29191,311402, 36.25, 0.00, 0.901, 0.000, 0.000, 0.000,0,0,0, 36.25, 0.901, 74.53, 0.766, 0.00, 0.000, 0.00, 0.000
29192,311413, 36.47, 0.00, 0.857, 0.000, 0.000, 0.000,0,0,0, 36.47, 0.857, 74.07, 0.820, 0.00, 0.000, 0.00, 0.000
29193,311424, 75.00, 0.00, 0.943, 0.000, 0.000, 0.000,0,0,0, 75.00, 0.943, 37.15, 0.861, 0.00, 0.000, 0.00, 0.000
29194,311434, 37.26, 0.00, 0.973, 0.000, 0.000, 0.000,0,0,0, 37.26, 0.973, 74.07, 0.962, 0.00, 0.000, 0.00, 0.000
29195,311445, 37.15, 0.00, 0.988, 0.000, 0.000, 0.000,0,0,0, 37.15, 0.988, 74.07, 0.978, 0.00, 0.000, 0.00, 0.000
29196,311456, 74.07, 0.00, 0.977, 0.000, 0.000, 0.000,0,0,0, 74.07, 0.977, 37.26, 0.965, 0.00, 0.000, 0.00, 0.000
29197,311466, 74.53, 0.00, 0.986, 0.000, 0.000, 0.000,0,0,0, 74.53, 0.986, 37.26, 0.976, 0.00, 0.000, 0.00, 0.000
29198,311477, 74.07, 0.00, 0.965, 0.000, 0.000, 0.000,0,0,0, 74.07, 0.965, 37.03, 0.960, 0.00, 0.000, 0.00, 0.000
29199,311488, 74.07, 0.00, 0.968, 0.000, 0.000, 0.000,0,0,0, 74.07, 0.968, 36.80, 0.953, 0.00, 0.000, 0.00, 0.000
29200,311498, 36.92, 0.00, 0.991, 0.000, 0.000, 0.000,0,0,0, 36.92, 0.991, 74.07, 0.991, 0.00, 0.000, 0.00, 0.000
29201,311509, 37.03, 0.00, 0.988, 0.000, 0.000, 0.000,0,0,0, 37.03, 0.988, 74.07, 0.984, 0.00, 0.000, 0.00, 0.000
29202,311520, 37.03, 0.00, 0.999, 0.000, 0.000, 0.000,0,0,0, 37.03, 0.999, 74.07, 0.984, 0.00, 0.000, 0.00, 0.000
29203,311530, 74.53, 0.00, 0.990, 0.000, 0.000, 0.000,0,0,0, 74.53, 0.990, 37.15, 0.976, 0.00, 0.000, 0.00, 0.000
29204,311541, 74.07, 0.00, 0.993, 0.000, 0.000, 0.000,0,0,0, 74.07, 0.993, 37.15, 0.981, 0.00, 0.000, 0.00, 0.000
29205,311552, 74.07, 0.00, 0.948, 0.000, 0.000, 0.000,0,0,0, 74.07, 0.948, 36.80, 0.943, 0.00, 0.000, 0.00, 0.000
29206,311562, 74.07, 0.00, 0.858, 0.000, 0.000, 0.000,0,0,0, 74.07, 0.858, 36.69, 0.806, 30.37, 0.008, 0.00, 0.000
29207,311573, 36.92, 0.00, 0.877, 0.000, 0.000, 0.000,0,0,0, 36.92, 0.877, 74.07, 0.869, 42.85, 0.016, 0.00, 0.000
29208,311584, 74.07, 0.00, 0.951, 0.000, 0.000, 0.000,0,0,0, 74.07, 0.951, 37.15, 0.893, 0.00, 0.000, 0.00, 0.000
29209,311594, 74.07, 0.00, 0.964, 0.000, 0.000, 0.000,0,0,0, 74.07, 0.964, 37.03, 0.909, 0.00, 0.000, 0.00, 0.000
29210,311605, 74.53, 0.00, 0.972, 0.000, 0.000, 0.000,0,0,0, 74.53, 0.972, 37.15, 0.963, 0.00, 0.000, 0.00, 0.000
29211,311616, 74.07, 0.00, 0.986, 0.000, 0.000, 0.000,0,0,0, 74.07, 0.986, 37.15, 0.981, 0.00, 0.000, 0.00, 0.000
29212,311626, 74.07, 0.00, 0.991, 0.000, 0.000, 0.000,0,0,0, 74.07, 0.991, 37.03, 0.983, 0.00, 0.000, 0.00, 0.000
29213,311637, 74.07, 0.00, 0.983, 0.000, 0.000, 0.000,0,0,0, 74.07, 0.983, 37.03, 0.960, 0.00, 0.000, 0.00, 0.000
29214,311648, 74.07, 0.00, 0.985, 0.000, 0.000, 0.000,0,0,0, 74.07, 0.985, 37.03, 0.965, 0.00, 0.000, 0.00, 0.000
29215,311658, 74.07, 0.00, 0.984, 0.000, 0.000, 0.000,0,0,0, 74.07, 0.984, 37.03, 0.981, 0.00, 0.000, 0.00, 0.000
29216,311669, 37.03, 0.00, 0.998, 0.000, 0.000, 0.000,0,0,0, 37.03, 0.998, 74.07, 0.992, 30.45, 0.031, 0.00, 0.000
29217,311680, 37.03, 0.00, 0.978, 0.000, 0.000, 0.000,0,0,0, 37.03, 0.978, 74.07, 0.974, 0.00, 0.000, 0.00, 0.000
29218,311690, 74.07, 0.00, 0.978, 0.000, 0.000, 0.000,0,0,0, 74.07, 0.978, 37.03, 0.949, 46.87, 0.030, 0.00, 0.000
29219,311701, 74.07, 0.00, 0.990, 0.000, 0.000, 0.000,0,0,0, 74.07, 0.990, 37.03, 0.977, 0.00, 0.000, 0.00, 0.000
29220,311712, 37.03, 0.00, 0.997, 0.000, 0.000, 0.000,0,0,0, 37.03, 0.997, 74.07, 0.994, 30.53, 0.254, 51.94, 0.077
29221,311722, 37.03, 0.00, 0.994, 0.000, 0.000, 0.000,0,0,0, 37.03, 0.994, 74.07, 0.993, 30.53, 0.097, 0.00, 0.000
29222,311733, 74.07, 0.00, 0.994, 0.000, 0.000, 0.000,0,0,0, 74.07, 0.994, 37.03, 0.984, 0.00, 0.000, 0.00, 0.000
29223,311744, 74.07, 0.00, 0.981, 0.000, 0.000, 0.000,0,0,0, 74.07, 0.981, 37.03, 0.980, 35.29, 0.201, 47.05, 0.048
29224,311754, 37.03, 0.00, 0.996, 0.000, 0.000, 0.000,0,0,0, 37.03, 0.996, 74.07, 0.972, 0.00, 0.000, 0.00, 0.000
29225,311765, 74.07, 0.00, 0.963, 0.000, 0.000, 0.000,0,0,0, 74.07, 0.963, 37.03, 0.950, 30.61, 0.180, 51.94, 0.017
29226,311776, 74.53, 0.00, 0.980, 0.000, 0.000, 0.000,0,0,0, 74.53, 0.980, 37.15, 0.959, 0.00, 0.000, 0.00, 0.000
29227,311786, 74.07, 0.00, 0.927, 0.000, 0.000, 0.000,0,0,0, 74.07, 0.927, 36.92, 0.915, 0.00, 0.000, 0.00, 0.000
29228,311797, 74.07, 0.00, 0.933, 0.000, 0.000, 0.000,0,0,0, 74.07, 0.933, 37.03, 0.862, 45.97, 0.039, 0.00, 0.000
29229,311808, 37.03, 0.00, 0.951, 0.000, 0.000, 0.000,0,0,0, 37.03, 0.951, 74.07, 0.943, 0.00, 0.000, 0.00, 0.000
29230,311818, 37.15, 0.00, 0.968, 0.000, 0.000, 0.000,0,0,0, 37.15, 0.968, 74.07, 0.961, 30.84, 0.177, 52.86, 0.000
29231,311829, 37.03, 0.00, 0.987, 0.000, 0.000, 0.000,0,0,0, 37.03, 0.987, 74.07, 0.963, 0.00, 0.000, 0.00, 0.000
29232,311840, 74.07, 0.00, 0.986, 0.000, 0.000, 0.000,0,0,0, 74.07, 0.986, 37.03, 0.966, 46.33, 0.004, 0.00, 0.000
29233,311850, 74.07, 0.00, 0.990, 0.000, 0.000, 0.000,0,0,0, 74.07, 0.990, 37.03, 0.986, 0.00, 0.000, 0.00, 0.000
29234,311861, 37.03, 0.00, 0.990, 0.000, 0.000, 0.000,0,0,0, 37.03, 0.990, 74.07, 0.983, 0.00, 0.000, 0.00, 0.000
29235,311872, 37.03, 0.00, 0.995, 0.000, 0.000, 0.000,0,0,0, 37.03, 0.995, 74.07, 0.980, 30.84, 0.118, 0.00, 0.000
29236,311882, 37.03, 0.00, 0.984, 0.000, 0.000, 0.000,0,0,0, 37.03, 0.984, 74.07, 0.984, 0.00, 0.000, 0.00, 0.000
29237,311893, 37.03, 0.00, 0.996, 0.000, 0.000, 0.000,0,0,0, 37.03, 0.996, 74.07, 0.987, 45.97, 0.012, 0.00, 0.000
29238,311904, 74.07, 0.00, 0.984, 0.000, 0.000, 0.000,0,0,0, 74.07, 0.984, 37.03, 0.977, 0.00, 0.000, 0.00, 0.000
29239,311914, 74.07, 0.00, 0.983, 0.000, 0.000, 0.000,0,0,0, 74.07, 0.983, 36.92, 0.956, 30.45, 0.127, 0.00, 0.000
29240,311925, 37.03, 0.00, 0.987, 0.000, 0.000, 0.000,0,0,0, 37.03, 0.987, 74.07, 0.986, 30.84, 0.068, 0.00, 0.000
29241,311936, 37.03, 0.00, 0.997, 0.000, 0.000, 0.000,0,0,0, 37.03, 0.997, 74.07, 0.991, 0.00, 0.000, 0.00, 0.000
29242,311946, 37.03, 0.00, 0.995, 0.000, 0.000, 0.000,0,0,0, 37.03, 0.995, 74.07, 0.990, 45.62, 0.085, 34.88, 0.058
29243,311957, 37.03, 0.00, 0.999, 0.000, 0.000, 0.000,0,0,0, 37.03, 0.999, 74.07, 0.994, 32.00, 0.006, 0.00, 0.000
29244,311968, 37.03, 0.00, 0.996, 0.000, 0.000, 0.000,0,0,0, 37.03, 0.996, 74.07, 0.994, 31.08, 0.188, 53.81, 0.008
29245,311978, 37.03, 0.00, 0.999, 0.000, 0.000, 0.000,0,0,0, 37.03, 0.999, 74.07, 0.996, 0.00, 0.000, 0.00, 0.000
29246,311989, 37.03, 0.00, 0.997, 0.000, 0.000, 0.000,0,0,0, 37.03, 0.997, 74.07, 0.996, 0.00, 0.000, 0.00, 0.000
29247,312000, 37.03, 0.00, 0.997, 0.000, 0.000, 0.000,0,0,0, 37.03, 0.997, 74.07, 0.997, 45.62, 0.045, 0.00, 0.000
29248,312010, 74.07, 0.00, 0.997, 0.000, 0.000, 0.000,0,0,0, 74.07, 0.997, 37.03, 0.995, 0.00, 0.000, 0.00, 0.000
29249,312021, 37.03, 0.00, 0.997, 0.000, 0.000, 0.000,0,0,0, 37.03, 0.997, 74.07, 0.997, 30.92, 0.143, 0.00, 0.000
29250,312032, 74.07, 0.00, 0.993, 0.000, 0.000, 0.000,0,0,0, 74.07, 0.993, 37.03, 0.986, 0.00, 0.000, 0.00, 0.000
29251,312042, 36.92, 0.00, 0.989, 0.000, 0.000, 0.000,0,0,0, 36.92, 0.989, 74.07, 0.988, 43.95, 0.035, 0.00, 0.000
29252,312053, 37.03, 0.00, 0.997, 0.000, 0.000, 0.000,0,0,0, 37.03, 0.997, 74.07, 0.988, 45.62, 0.005, 0.00, 0.000
29253,312064, 37.03, 0.00, 0.997, 0.000, 0.000, 0.000,0,0,0, 37.03, 0.997, 74.07, 0.992, 31.49, 0.021, 0.00, 0.000
29254,312074, 74.07, 0.00, 0.997, 0.000, 0.000, 0.000,0,0,0, 74.07, 0.997, 37.03, 0.996, 31.00, 0.109, 0.00, 0.000
29255,312085, 74.07, 0.00, 0.997, 0.000, 0.000, 0.000,0,0,0, 74.07, 0.997, 37.03, 0.992, 0.00, 0.000, 0.00, 0.000
29256,312096, 74.07, 0.00, 0.996, 0.000, 0.000, 0.000,0,0,0, 74.07, 0.996, 37.03, 0.992, 45.62, 0.050, 0.00, 0.000
29257,312106, 74.07, 0.00, 0.997, 0.000, 0.000, 0.000,0,0,0, 74.07, 0.997, 37.03, 0.993, 32.25, 0.007, 0.00, 0.000
29258,312117, 37.03, 0.00, 0.999, 0.000, 0.000, 0.000,0,0,0, 37.03, 0.999, 74.07, 0.998, 31.16, 0.069, 0.00, 0.000
29259,312128, 37.03, 0.00, 0.998, 0.000, 0.000, 0.000,0,0,0, 37.03, 0.998, 74.07, 0.998, 30.92, 0.037, 0.00, 0.000
29260,312138, 74.07, 0.00, 0.995, 0.000, 0.000, 0.000,0,0,0, 74.07, 0.995, 37.03, 0.990, 0.00, 0.000, 0.00, 0.000
29261,312149, 74.07, 0.00, 0.918, 0.000, 0.000, 0.000,0,0,0, 74.07, 0.918, 37.03, 0.839, 0.00, 0.000, 0.00, 0.000
29262,312160, 74.53, 0.00, 0.779, 0.000, 0.000, 0.000,0,0,0, 74.53, 0.779, 38.09, 0.719, 0.00, 0.000, 0.00, 0.000
29263,312170, 39.73, 0.00, 0.750, 0.000, 0.000, 0.000,0,0,0, 39.73, 0.750, 77.41, 0.717, 34.48, 0.045, 0.00, 0.000
29264,312181, 80.00, 0.00, 0.838, 0.000, 0.000, 0.000,0,0,0, 80.00, 0.838, 39.86, 0.795, 36.58, 0.456, 0.00, 0.000
29265,312192, 75.94, 0.00, 0.562, 0.000, 0.000, 0.000,0,0,0, 75.94, 0.562, 37.73, 0.489, 64.17, 0.115, 34.88, 0.096
29266,312202, 33.42, 0.00, 0.633, 0.000, 0.000, 0.000,0,0,0, 33.42, 0.633, 75.47, 0.522, 37.38, 0.322, 60.30, 0.271
29267,312213, 59.40, 0.00, 0.586, 0.000, 0.000, 0.000,0,0,0, 59.40, 0.586, 98.36, 0.523, 75.00, 0.508, 307.69, 0.439
29268,312224, 59.40, 0.00, 0.706, 0.000, 0.000, 0.000,0,0,0, 59.40, 0.706, 37.15, 0.670, 74.53, 0.670, 33.05, 0.642
29269,312234, 74.07, 0.00, 0.736, 0.000, 0.000, 0.000,0,0,0, 74.07, 0.736, 59.40, 0.733, 36.92, 0.720, 42.25, 0.664
29270,312245, 59.11, 0.00, 0.695, 0.000, 0.000, 0.000,0,0,0, 59.11, 0.695, 42.40, 0.686, 74.53, 0.646, 300.00, 0.623
29271,312256, 42.25, 0.00, 0.546, 0.000, 0.000, 0.000,0,0,0, 42.25, 0.546, 150.00, 0.536, 74.53, 0.476, 300.00, 0.437
29272,312266, 33.05, 0.00, 0.681, 0.000, 0.000, 0.000,0,0,0, 33.05, 0.681, 42.40, 0.583, 150.00, 0.576, 37.26, 0.518
29273,312277, 33.05, 0.00, 0.702, 0.000, 0.000, 0.000,0,0,0, 33.05, 0.702, 150.00, 0.681, 37.15, 0.623, 300.00, 0.602
29274,312288, 150.00, 0.00, 0.772, 0.000, 0.000, 0.000,0,0,0, 150.00, 0.772, 292.68, 0.666, 99.17, 0.579, 74.53, 0.573
29275,312298, 59.40, 0.00, 0.858, 0.000, 0.000, 0.000,0,0,0, 59.40, 0.858, 49.58, 0.853, 42.55, 0.848, 292.68, 0.846
29276,312309, 59.40, 0.00, 0.785, 0.000, 0.000, 0.000,0,0,0, 59.40, 0.785, 42.40, 0.773, 74.07, 0.773, 49.38, 0.756
29277,312320, 33.05, 0.00, 0.932, 0.000, 0.000, 0.000,0,0,0, 33.05, 0.932, 42.40, 0.810, 37.15, 0.807, 148.14, 0.745
29278,312330, 33.05, 0.00, 0.814, 0.000, 0.000, 0.000,0,0,0, 33.05, 0.814, 74.07, 0.808, 37.26, 0.804, 150.00, 0.787
29279,312341, 74.53, 0.00, 0.832, 0.000, 0.000, 0.000,0,0,0, 74.53, 0.832, 150.00, 0.806, 49.79, 0.755, 99.17, 0.746
29280,312352, 74.53, 0.00, 0.888, 0.000, 0.000, 0.000,0,0,0, 74.53, 0.888, 99.17, 0.855, 42.40, 0.850, 148.14, 0.837
29281,312362, 42.55, 0.00, 0.899, 0.000, 0.000, 0.000,0,0,0, 42.55, 0.899, 74.53, 0.880, 99.17, 0.851, 33.05, 0.848
29282,312373, 74.53, 0.00, 0.889, 0.000, 0.000, 0.000,0,0,0, 74.53, 0.889, 37.26, 0.859, 150.00, 0.846, 42.55, 0.829
29283,312384, 74.07, 0.00, 0.885, 0.000, 0.000, 0.000,0,0,0, 74.07, 0.885, 148.14, 0.865, 37.15, 0.861, 49.58, 0.835
29284,312394, 32.96, 0.00, 0.913, 0.000, 0.000, 0.000,0,0,0, 32.96, 0.913, 148.14, 0.894, 42.40, 0.877, 37.15, 0.876
29285,312405, 148.14, 0.00, 0.910, 0.000, 0.000, 0.000,0,0,0, 148.14, 0.910, 74.07, 0.894, 42.40, 0.891, 59.40, 0.871
29286,312416, 148.14, 0.00, 0.908, 0.000, 0.000, 0.000,0,0,0, 148.14, 0.908, 42.40, 0.902, 59.40, 0.890, 99.17, 0.889
29287,312426, 74.53, 0.00, 0.927, 0.000, 0.000, 0.000,0,0,0, 74.53, 0.927, 148.14, 0.884, 42.40, 0.883, 98.36, 0.869
29288,312437, 74.07, 0.00, 0.890, 0.000, 0.000, 0.000,0,0,0, 74.07, 0.890, 148.14, 0.867, 49.58, 0.845, 32.96, 0.802
29289,312448, 74.53, 0.00, 0.892, 0.000, 0.000, 0.000,0,0,0, 74.53, 0.892, 37.15, 0.885, 148.14, 0.856, 42.25, 0.851
29290,312458, 74.07, 0.00, 0.890, 0.000, 0.000, 0.000,0,0,0, 74.07, 0.890, 148.14, 0.875, 42.55, 0.827, 33.14, 0.823
29291,312469, 148.14, 0.00, 0.874, 0.000, 0.000, 0.000,0,0,0, 148.14, 0.874, 74.07, 0.863, 99.17, 0.846, 300.00, 0.830
29292,312480, 74.53, 0.00, 0.905, 0.000, 0.000, 0.000,0,0,0, 74.53, 0.905, 148.14, 0.891, 42.55, 0.874, 37.15, 0.842
29293,312490, 74.53, 0.00, 0.915, 0.000, 0.000, 0.000,0,0,0, 74.53, 0.915, 150.00, 0.885, 49.79, 0.856, 37.15, 0.854
29294,312501, 74.53, 0.00, 0.893, 0.000, 0.000, 0.000,0,0,0, 74.53, 0.893, 148.14, 0.828, 37.15, 0.821, 49.79, 0.805
29295,312512, 74.53, 0.00, 0.825, 0.000, 0.000, 0.000,0,0,0, 74.53, 0.825, 33.14, 0.824, 148.14, 0.822, 42.70, 0.806
29296,312522, 300.00, 0.00, 0.700, 0.000, 0.000, 0.000,0,0,0, 300.00, 0.700, 148.14, 0.694, 99.17, 0.670, 42.55, 0.658
29297,312533, 150.00, 0.00, 0.571, 0.000, 0.000, 0.000,0,0,0, 150.00, 0.571, 292.68, 0.528, 32.96, 0.527, 98.36, 0.506
29298,312544, 150.00, 0.00, 0.457, 0.000, 0.000, 0.000,0,0,0, 150.00, 0.457, 33.14, 0.372, 37.03, 0.346, 50.00, 0.287
29299,312554, 153.84, 0.00, 0.401, 0.000, 0.000, 0.000,0,0,0, 153.84, 0.401, 42.10, 0.381, 75.94, 0.366, 33.24, 0.295
29300,312565, 75.00, 0.00, 0.420, 0.000, 0.000, 0.000,0,0,0, 75.00, 0.420, 42.55, 0.356, 36.14, 0.292, 151.89, 0.270
29301,312576, 75.00, 0.00, 0.374, 0.000, 0.000, 0.000,0,0,0, 75.00, 0.374, 42.70, 0.359, 59.11, 0.357, 37.03, 0.355
29302,312586, 42.55, 0.00, 0.489, 0.000, 0.000, 0.000,0,0,0, 42.55, 0.489, 36.69, 0.461, 74.53, 0.450, 59.40, 0.434
29303,312597, 73.61, 0.00, 0.463, 0.000, 0.000, 0.000,0,0,0, 73.61, 0.463, 148.14, 0.405, 38.96, 0.342, 42.55, 0.207
29304,312608, 146.34, 0.00, 0.354, 0.000, 0.000, 0.000,0,0,0, 146.34, 0.354, 74.53, 0.353, 33.51, 0.200, 51.50, 0.146
29305,312618, 81.63, 0.00, 0.390, 0.000, 0.000, 0.000,0,0,0, 81.63, 0.390, 148.14, 0.298, 53.09, 0.231, 33.33, 0.212
29306,312629, 76.43, 0.00, 0.414, 0.000, 0.000, 0.000,0,0,0, 76.43, 0.414, 134.83, 0.224, 89.55, 0.206, 41.52, 0.128
29307,312640, 75.00, 0.00, 0.346, 0.000, 0.000, 0.000,0,0,0, 75.00, 0.346, 155.84, 0.290, 43.32, 0.282, 97.56, 0.261
29308,312650, 155.84, 0.00, 0.484, 0.000, 0.000, 0.000,0,0,0, 155.84, 0.484, 74.07, 0.374, 58.82, 0.271, 95.23, 0.240
29309,312661, 74.53, 0.00, 0.618, 0.000, 0.000, 0.000,0,0,0, 74.53, 0.618, 153.84, 0.557, 37.15, 0.423, 32.96, 0.379
29310,312672, 75.47, 0.00, 0.675, 0.000, 0.000, 0.000,0,0,0, 75.47, 0.675, 155.84, 0.563, 50.63, 0.493, 37.85, 0.479
29311,312682, 75.47, 0.00, 0.420, 0.000, 0.000, 0.000,0,0,0, 75.47, 0.420, 32.34, 0.402, 157.89, 0.397, 50.84, 0.384
29312,312693, 42.85, 0.00, 0.499, 0.000, 0.000, 0.000,0,0,0, 42.85, 0.499, 57.69, 0.392, 75.47, 0.330, 157.89, 0.232
29313,312704, 35.92, 0.00, 0.371, 0.000, 0.000, 0.000,0,0,0, 35.92, 0.371, 46.33, 0.323, 96.00, 0.300, 58.25, 0.288
29314,312714, 32.87, 0.00, 0.447, 0.000, 0.000, 0.000,0,0,0, 32.87, 0.447, 75.00, 0.353, 41.52, 0.308, 148.14, 0.239
29315,312725, 37.73, 0.00, 0.434, 0.000, 0.000, 0.000,0,0,0, 37.73, 0.434, 32.52, 0.403, 75.94, 0.345, 146.34, 0.317
29316,312736, 37.73, 0.00, 0.568, 0.000, 0.000, 0.000,0,0,0, 37.73, 0.568, 73.17, 0.380, 148.14, 0.360, 30.15, 0.358
29317,312746, 37.15, 0.00, 0.498, 0.000, 0.000, 0.000,0,0,0, 37.15, 0.498, 74.07, 0.431, 49.58, 0.339, 151.89, 0.272
29318,312757, 35.82, 0.00, 0.647, 0.000, 0.000, 0.000,0,0,0, 35.82, 0.647, 72.28, 0.472, 100.84, 0.253, 41.52, 0.239
29319,312768, 36.58, 0.00, 0.431, 0.000, 0.000, 0.000,0,0,0, 36.58, 0.431, 44.60, 0.371, 74.07, 0.322, 50.84, 0.131
29320,312778, 77.41, 0.00, 0.311, 0.000, 0.000, 0.000,0,0,0, 77.41, 0.311, 33.80, 0.279, 51.72, 0.262, 37.85, 0.250
29321,312789, 52.63, 0.00, 0.355, 0.000, 0.000, 0.000,0,0,0, 52.63, 0.355, 75.94, 0.354, 148.14, 0.324, 38.33, 0.127
29322,312800, 148.14, 0.00, 0.519, 0.000, 0.000, 0.000,0,0,0, 148.14, 0.519, 30.53, 0.494, 34.28, 0.371, 57.41, 0.352
29323,312810, 279.06, 0.00, 0.189, 0.000, 0.000, 0.000,0,0,0, 279.06, 0.189, 160.00, 0.179, 0.00, 0.000, 0.00, 0.000
29324,312821, 193.54, 0.00, 0.385, 0.000, 0.000, 0.000,0,0,0, 193.54, 0.385, 0.00, 0.000, 0.00, 0.000, 0.00, 0.000
29325,312832, 193.54, 0.00, 0.391, 0.000, 0.000, 0.000,0,0,0, 193.54, 0.391, 0.00, 0.000, 0.00, 0.000, 0.00, 0.000
29326,312842, 37.38, 0.00, 0.372, 0.000, 0.000, 0.000,0,0,0, 37.38, 0.372, 193.54, 0.354, 31.49, 0.211, 0.00, 0.000
29327,312853, 32.52, 0.00, 0.573, 0.000, 0.000, 0.000,0,0,0, 32.52, 0.573, 235.29, 0.313, 37.50, 0.115, 103.44, 0.046
29328,312864, 48.19, 0.00, 0.315, 0.000, 0.000, 0.000,0,0,0, 48.19, 0.315, 40.54, 0.314, 59.11, 0.313, 100.84, 0.287
29329,312874, 74.53, 0.00, 0.456, 0.000, 0.000, 0.000,0,0,0, 74.53, 0.456, 42.70, 0.402, 32.87, 0.368, 101.69, 0.296
29330,312885, 43.01, 0.00, 0.407, 0.000, 0.000, 0.000,0,0,0, 43.01, 0.407, 74.53, 0.399, 32.87, 0.337, 101.69, 0.300
29331,312896, 74.53, 0.00, 0.439, 0.000, 0.000, 0.000,0,0,0, 74.53, 0.439, 31.74, 0.397, 32.60, 0.395, 31.00, 0.392
29332,312906, 30.15, 0.00, 0.424, 0.000, 0.000, 0.000,0,0,0, 30.15, 0.424, 41.09, 0.378, 32.00, 0.321, 142.85, 0.269
29333,312917, 72.72, 0.00, 0.301, 0.000, 0.000, 0.000,0,0,0, 72.72, 0.301, 144.57, 0.300, 43.01, 0.285, 60.60, 0.215
29334,312928, 73.61, 0.00, 0.338, 0.000, 0.000, 0.000,0,0,0, 73.61, 0.338, 59.70, 0.335, 44.44, 0.283, 144.57, 0.258
29335,312938, 37.03, 0.00, 0.528, 0.000, 0.000, 0.000,0,0,0, 37.03, 0.528, 32.43, 0.354, 74.07, 0.336, 58.82, 0.311
29336,312949, 37.03, 0.00, 0.318, 0.000, 0.000, 0.000,0,0,0, 37.03, 0.318, 142.85, 0.224, 41.66, 0.204, 75.94, 0.172
29337,312960, 240.00, 0.00, 0.384, 0.000, 0.000, 0.000,0,0,0, 240.00, 0.384, 151.89, 0.233, 166.66, 0.221, 33.42, 0.099
29338,312970, 43.79, 0.00, 0.291, 0.000, 0.000, 0.000,0,0,0, 43.79, 0.291, 100.00, 0.223, 279.06, 0.175, 136.36, 0.172
29339,312981, 352.94, 0.00, 0.326, 0.000, 0.000, 0.000,0,0,0, 352.94, 0.326, 99.17, 0.202, 136.36, 0.153, 44.28, 0.149
29340,312992, 51.72, 0.00, 0.473, 0.000, 0.000, 0.000,0,0,0, 51.72, 0.473, 33.99, 0.328, 30.61, 0.193, 98.36, 0.132
29341,313002, 31.74, 0.00, 0.823, 0.000, 0.000, 0.000,0,0,0, 31.74, 0.823, 48.78, 0.317, 51.06, 0.303, 83.33, 0.289
29342,313013, 99.17, 0.00, 0.465, 0.000, 0.000, 0.000,0,0,0, 99.17, 0.465, 93.02, 0.443, 46.33, 0.443, 0.00, 0.000
29343,313024, 31.57, 0.00, 0.824, 0.000, 0.000, 0.000,0,0,0, 31.57, 0.824, 99.17, 0.767, 49.38, 0.672, 0.00, 0.000
29344,313034, 100.00, 0.00, 0.955, 0.000, 0.000, 0.000,0,0,0, 100.00, 0.955, 50.00, 0.913, 33.14, 0.836, 0.00, 0.000
29345,313045, 33.05, 0.00, 0.983, 0.000, 0.000, 0.000,0,0,0, 33.05, 0.983, 99.17, 0.967, 49.58, 0.963, 0.00, 0.000
29346,313056, 98.36, 0.00, 0.899, 0.000, 0.000, 0.000,0,0,0, 98.36, 0.899, 32.00, 0.885, 49.38, 0.870, 0.00, 0.000
29347,313066, 32.78, 0.00, 0.956, 0.000, 0.000, 0.000,0,0,0, 32.78, 0.956, 49.38, 0.867, 98.36, 0.844, 0.00, 0.000
29348,313077, 32.87, 0.00, 0.978, 0.000, 0.000, 0.000,0,0,0, 32.87, 0.978, 49.58, 0.914, 98.36, 0.851, 0.00, 0.000
29349,313088, 99.17, 0.00, 0.922, 0.000, 0.000, 0.000,0,0,0, 99.17, 0.922, 49.58, 0.900, 33.24, 0.897, 0.00, 0.000
29350,313098, 98.36, 0.00, 0.974, 0.000, 0.000, 0.000,0,0,0, 98.36, 0.974, 48.97, 0.953, 32.43, 0.921, 0.00, 0.000
29351,313109, 99.17, 0.00, 0.928, 0.000, 0.000, 0.000,0,0,0, 99.17, 0.928, 33.05, 0.912, 49.38, 0.871, 0.00, 0.000
29352,313120, 33.33, 0.00, 0.965, 0.000, 0.000, 0.000,0,0,0, 33.33, 0.965, 49.58, 0.908, 99.17, 0.905, 0.00, 0.000
29353,313130, 33.24, 0.00, 0.973, 0.000, 0.000, 0.000,0,0,0, 33.24, 0.973, 100.00, 0.931, 49.58, 0.898, 0.00, 0.000
29354,313141, 32.96, 0.00, 0.977, 0.000, 0.000, 0.000,0,0,0, 32.96, 0.977, 99.17, 0.960, 49.58, 0.956, 0.00, 0.000
29355,313152, 33.05, 0.00, 0.998, 0.000, 0.000, 0.000,0,0,0, 33.05, 0.998, 99.17, 0.980, 49.58, 0.979, 0.00, 0.000
29356,313162, 98.36, 0.00, 0.942, 0.000, 0.000, 0.000,0,0,0, 98.36, 0.942, 49.38, 0.915, 32.43, 0.902, 0.00, 0.000
29357,313173, 98.36, 0.00, 0.947, 0.000, 0.000, 0.000,0,0,0, 98.36, 0.947, 32.25, 0.895, 48.19, 0.890, 0.00, 0.000
29358,313184, 32.96, 0.00, 0.989, 0.000, 0.000, 0.000,0,0,0, 32.96, 0.989, 99.17, 0.919, 49.58, 0.878, 0.00, 0.000
29359,313194, 33.14, 0.00, 0.976, 0.000, 0.000, 0.000,0,0,0, 33.14, 0.976, 99.17, 0.945, 50.00, 0.940, 0.00, 0.000
29360,313205, 33.14, 0.00, 0.974, 0.000, 0.000, 0.000,0,0,0, 33.14, 0.974, 49.58, 0.959, 99.17, 0.947, 0.00, 0.000
29361,313216, 98.36, 0.00, 0.980, 0.000, 0.000, 0.000,0,0,0, 98.36, 0.980, 49.38, 0.979, 32.87, 0.940, 0.00, 0.000
29362,313226, 99.17, 0.00, 0.994, 0.000, 0.000, 0.000,0,0,0, 99.17, 0.994, 49.38, 0.993, 32.96, 0.993, 0.00, 0.000
29363,313237, 49.38, 0.00, 0.993, 0.000, 0.000, 0.000,0,0,0, 49.38, 0.993, 98.36, 0.993, 32.96, 0.982, 0.00, 0.000
29364,313248, 99.17, 0.00, 0.997, 0.000, 0.000, 0.000,0,0,0, 99.17, 0.997, 49.38, 0.996, 32.96, 0.994, 0.00, 0.000
29365,313258, 33.05, 0.00, 0.999, 0.000, 0.000, 0.000,0,0,0, 33.05, 0.999, 99.17, 0.994, 49.58, 0.992, 0.00, 0.000
29366,313269, 33.05, 0.00, 0.998, 0.000, 0.000, 0.000,0,0,0, 33.05, 0.998, 49.79, 0.994, 99.17, 0.994, 0.00, 0.000
29367,313280, 33.05, 0.00, 0.998, 0.000, 0.000, 0.000,0,0,0, 33.05, 0.998, 99.17, 0.994, 49.58, 0.993, 0.00, 0.000
29368,313290, 98.36, 0.00, 0.994, 0.000, 0.000, 0.000,0,0,0, 98.36, 0.994, 49.38, 0.993, 32.87, 0.985, 0.00, 0.000
29369,313301, 99.17, 0.00, 0.987, 0.000, 0.000, 0.000,0,0,0, 99.17, 0.987, 33.05, 0.984, 49.58, 0.971, 0.00, 0.000
29370,313312, 33.14, 0.00, 0.989, 0.000, 0.000, 0.000,0,0,0, 33.14, 0.989, 99.17, 0.987, 49.79, 0.979, 0.00, 0.000
29371,313322, 99.17, 0.00, 0.990, 0.000, 0.000, 0.000,0,0,0, 99.17, 0.990, 33.14, 0.985, 49.58, 0.974, 0.00, 0.000
29372,313333, 99.17, 0.00, 0.990, 0.000, 0.000, 0.000,0,0,0, 99.17, 0.990, 32.96, 0.983, 49.38, 0.981, 0.00, 0.000
29373,313344, 98.36, 0.00, 0.988, 0.000, 0.000, 0.000,0,0,0, 98.36, 0.988, 49.18, 0.978, 32.78, 0.962, 0.00, 0.000
29374,313354, 98.36, 0.00, 0.988, 0.000, 0.000, 0.000,0,0,0, 98.36, 0.988, 48.97, 0.966, 32.78, 0.961, 0.00, 0.000
29375,313365, 98.36, 0.00, 0.982, 0.000, 0.000, 0.000,0,0,0, 98.36, 0.982, 32.87, 0.981, 49.38, 0.974, 0.00, 0.000
29376,313376, 99.17, 0.00, 0.992, 0.000, 0.000, 0.000,0,0,0, 99.17, 0.992, 33.05, 0.991, 49.58, 0.986, 0.00, 0.000
29377,313386, 33.05, 0.00, 0.994, 0.000, 0.000, 0.000,0,0,0, 33.05, 0.994, 99.17, 0.992, 49.58, 0.988, 0.00, 0.000
29378,313397, 33.05, 0.00, 0.998, 0.000, 0.000, 0.000,0,0,0, 33.05, 0.998, 99.17, 0.993, 49.58, 0.993, 0.00, 0.000
29379,313408, 49.38, 0.00, 0.995, 0.000, 0.000, 0.000,0,0,0, 49.38, 0.995, 99.17, 0.994, 32.96, 0.987, 0.00, 0.000
29380,313418, 99.17, 0.00, 0.997, 0.000, 0.000, 0.000,0,0,0, 99.17, 0.997, 32.96, 0.995, 49.38, 0.994, 0.00, 0.000
29381,313429, 99.17, 0.00, 0.997, 0.000, 0.000, 0.000,0,0,0, 99.17, 0.997, 49.58, 0.997, 32.96, 0.995, 0.00, 0.000
29382,313440, 33.05, 0.00, 0.999, 0.000, 0.000, 0.000,0,0,0, 33.05, 0.999, 49.58, 0.999, 99.17, 0.999, 0.00, 0.000
29383,313450, 99.17, 0.00, 0.999, 0.000, 0.000, 0.000,0,0,0, 99.17, 0.999, 49.58, 0.998, 33.05, 0.997, 0.00, 0.000
29384,313461, 99.17, 0.00, 0.999, 0.000, 0.000, 0.000,0,0,0, 99.17, 0.999, 33.05, 0.998, 49.58, 0.998, 0.00, 0.000
29385,313472, 32.96, 0.00, 0.998, 0.000, 0.000, 0.000,0,0,0, 32.96, 0.998, 99.17, 0.994, 49.58, 0.991, 0.00, 0.000
29386,313482, 99.17, 0.00, 0.993, 0.000, 0.000, 0.000,0,0,0, 99.17, 0.993, 49.38, 0.990, 32.87, 0.988, 0.00, 0.000
29387,313493, 99.17, 0.00, 0.987, 0.000, 0.000, 0.000,0,0,0, 99.17, 0.987, 33.05, 0.973, 49.58, 0.972, 0.00, 0.000
29388,313504, 33.14, 0.00, 0.988, 0.000, 0.000, 0.000,0,0,0, 33.14, 0.988, 99.17, 0.984, 49.58, 0.983, 0.00, 0.000
29389,313514, 32.96, 0.00, 0.987, 0.000, 0.000, 0.000,0,0,0, 32.96, 0.987, 99.17, 0.983, 49.58, 0.964, 0.00, 0.000
29390,313525, 99.17, 0.00, 0.984, 0.000, 0.000, 0.000,0,0,0, 99.17, 0.984, 49.38, 0.984, 32.87, 0.975, 0.00, 0.000
29391,313536, 98.36, 0.00, 0.996, 0.000, 0.000, 0.000,0,0,0, 98.36, 0.996, 49.38, 0.995, 32.87, 0.989, 0.00, 0.000
29392,313546, 99.17, 0.00, 0.983, 0.000, 0.000, 0.000,0,0,0, 99.17, 0.983, 49.38, 0.974, 32.96, 0.959, 0.00, 0.000
29393,313557, 33.05, 0.00, 0.999, 0.000, 0.000, 0.000,0,0,0, 33.05, 0.999, 49.58, 0.971, 99.17, 0.965, 0.00, 0.000
29394,313568, 33.05, 0.00, 0.994, 0.000, 0.000, 0.000,0,0,0, 33.05, 0.994, 49.79, 0.971, 99.17, 0.966, 0.00, 0.000
29395,313578, 99.17, 0.00, 0.976, 0.000, 0.000, 0.000,0,0,0, 99.17, 0.976, 49.58, 0.966, 33.05, 0.959, 30.37, 0.014
29396,313589, 98.36, 0.00, 0.992, 0.000, 0.000, 0.000,0,0,0, 98.36, 0.992, 49.38, 0.983, 32.96, 0.972, 0.00, 0.000
29397,313600, 98.36, 0.00, 0.992, 0.000, 0.000, 0.000,0,0,0, 98.36, 0.992, 49.38, 0.979, 32.96, 0.964, 0.00, 0.000
29398,313610, 99.17, 0.00, 0.993, 0.000, 0.000, 0.000,0,0,0, 99.17, 0.993, 32.96, 0.990, 49.38, 0.987, 0.00, 0.000
29399,313621, 33.05, 0.00, 0.998, 0.000, 0.000, 0.000,0,0,0, 33.05, 0.998, 99.17, 0.997, 49.58, 0.995, 0.00, 0.000
29400,313632, 33.05, 0.00, 0.998, 0.000, 0.000, 0.000,0,0,0, 33.05, 0.998, 99.17, 0.992, 49.58, 0.992, 0.00, 0.000
29401,313642, 32.96, 0.00, 0.997, 0.000, 0.000, 0.000,0,0,0, 32.96, 0.997, 49.38, 0.997, 99.17, 0.992, 0.00, 0.000
29402,313653, 32.96, 0.00, 0.999, 0.000, 0.000, 0.000,0,0,0, 32.96, 0.999, 99.17, 0.993, 49.58, 0.991, 0.00, 0.000
29403,313664, 99.17, 0.00, 0.974, 0.000, 0.000, 0.000,0,0,0, 99.17, 0.974, 49.58, 0.962, 33.05, 0.936, 0.00, 0.000
29404,313674, 32.87, 0.00, 0.957, 0.000, 0.000, 0.000,0,0,0, 32.87, 0.957, 49.38, 0.957, 99.17, 0.949, 0.00, 0.000
29405,313685, 33.05, 0.00, 0.998, 0.000, 0.000, 0.000,0,0,0, 33.05, 0.998, 49.58, 0.954, 99.17, 0.945, 0.00, 0.000
29406,313696, 99.17, 0.00, 0.966, 0.000, 0.000, 0.000,0,0,0, 99.17, 0.966, 49.58, 0.953, 33.05, 0.937, 0.00, 0.000
29407,313706, 99.17, 0.00, 0.989, 0.000, 0.000, 0.000,0,0,0, 99.17, 0.989, 32.96, 0.981, 49.38, 0.974, 0.00, 0.000
29408,313717, 99.17, 0.00, 0.992, 0.000, 0.000, 0.000,0,0,0, 99.17, 0.992, 49.38, 0.989, 32.87, 0.988, 0.00, 0.000
29409,313728, 99.17, 0.00, 0.993, 0.000, 0.000, 0.000,0,0,0, 99.17, 0.993, 32.96, 0.989, 49.38, 0.986, 0.00, 0.000
29410,313738, 99.17, 0.00, 0.999, 0.000, 0.000, 0.000,0,0,0, 99.17, 0.999, 49.58, 0.997, 33.05, 0.995, 0.00, 0.000
29411,313749, 33.05, 0.00, 0.999, 0.000, 0.000, 0.000,0,0,0, 33.05, 0.999, 49.58, 0.997, 99.17, 0.997, 0.00, 0.000
29412,313760, 99.17, 0.00, 0.996, 0.000, 0.000, 0.000,0,0,0, 99.17, 0.996, 33.05, 0.996, 49.58, 0.996, 0.00, 0.000
29413,313770, 32.96, 0.00, 0.998, 0.000, 0.000, 0.000,0,0,0, 32.96, 0.998, 99.17, 0.997, 49.58, 0.995, 0.00, 0.000
29414,313781, 32.96, 0.00, 0.998, 0.000, 0.000, 0.000,0,0,0, 32.96, 0.998, 99.17, 0.997, 49.58, 0.994, 0.00, 0.000
29415,313792, 99.17, 0.00, 0.975, 0.000, 0.000, 0.000,0,0,0, 99.17, 0.975, 49.38, 0.962, 32.96, 0.935, 0.00, 0.000
29416,313802, 33.05, 0.00, 0.994, 0.000, 0.000, 0.000,0,0,0, 33.05, 0.994, 49.58, 0.962, 99.17, 0.954, 0.00, 0.000
29417,313813, 50.20, 0.00, 0.758, 0.000, 0.000, 0.000,0,0,0, 50.20, 0.758, 100.00, 0.715, 33.51, 0.592, 0.00, 0.000
29418,313824, 33.80, 0.00, 0.819, 0.000, 0.000, 0.000,0,0,0, 33.80, 0.819, 51.06, 0.646, 101.69, 0.581, 0.00, 0.000
29419,313834, 35.50, 0.00, 0.751, 0.000, 0.000, 0.000,0,0,0, 35.50, 0.751, 51.72, 0.612, 111.11, 0.570, 33.61, 0.359
29420,313845, 40.54, 0.00, 0.428, 0.000, 0.000, 0.000,0,0,0, 40.54, 0.428, 114.28, 0.372, 60.00, 0.302, 54.54, 0.180
29421,313856, 61.85, 0.00, 0.480, 0.000, 0.000, 0.000,0,0,0, 61.85, 0.480, 117.64, 0.417, 40.40, 0.361, 31.74, 0.096
29422,313866, 31.00, 0.00, 0.461, 0.000, 0.000, 0.000,0,0,0, 31.00, 0.461, 43.79, 0.389, 61.85, 0.261, 37.85, 0.229
29423,313877, 30.84, 0.00, 0.702, 0.000, 0.000, 0.000,0,0,0, 30.84, 0.702, 107.14, 0.318, 41.66, 0.255, 43.79, 0.155
29424,313888, 59.70, 0.00, 0.482, 0.000, 0.000, 0.000,0,0,0, 59.70, 0.482, 127.65, 0.463, 36.25, 0.443, 111.11, 0.420
29425,313898, 60.30, 0.00, 0.769, 0.000, 0.000, 0.000,0,0,0, 60.30, 0.769, 40.81, 0.557, 129.03, 0.526, 38.70, 0.514
29426,313909, 42.40, 0.00, 0.693, 0.000, 0.000, 0.000,0,0,0, 42.40, 0.693, 60.91, 0.660, 137.93, 0.560, 32.69, 0.507
29427,313920, 42.10, 0.00, 0.755, 0.000, 0.000, 0.000,0,0,0, 42.10, 0.755, 30.07, 0.615, 31.00, 0.613, 61.22, 0.541
29428,313930, 41.09, 0.00, 0.547, 0.000, 0.000, 0.000,0,0,0, 41.09, 0.547, 30.30, 0.517, 134.83, 0.410, 63.49, 0.311
29429,313941, 39.08, 0.00, 0.657, 0.000, 0.000, 0.000,0,0,0, 39.08, 0.657, 61.85, 0.570, 30.37, 0.546, 125.00, 0.383
29430,313952, 30.61, 0.00, 0.806, 0.000, 0.000, 0.000,0,0,0, 30.61, 0.806, 61.85, 0.741, 40.81, 0.489, 126.31, 0.394
29431,313962, 42.25, 0.00, 0.748, 0.000, 0.000, 0.000,0,0,0, 42.25, 0.748, 32.34, 0.516, 61.22, 0.442, 134.83, 0.436
29432,313973, 41.95, 0.00, 0.696, 0.000, 0.000, 0.000,0,0,0, 41.95, 0.696, 60.00, 0.407, 129.03, 0.282, 142.85, 0.273
29433,313984, 56.60, 0.00, 0.575, 0.000, 0.000, 0.000,0,0,0, 56.60, 0.575, 40.81, 0.454, 32.69, 0.426, 160.00, 0.279
29434,313994, 57.41, 0.00, 0.411, 0.000, 0.000, 0.000,0,0,0, 57.41, 0.411, 35.82, 0.272, 166.66, 0.269, 30.07, 0.219
29435,314005, 33.61, 0.00, 0.429, 0.000, 0.000, 0.000,0,0,0, 33.61, 0.429, 166.66, 0.318, 42.25, 0.288, 56.60, 0.091
29436,314016, 260.86, 0.00, 0.262, 0.000, 0.000, 0.000,0,0,0, 260.86, 0.262, 42.40, 0.210, 32.87, 0.204, 36.03, 0.163
29437,314026, 42.55, 0.00, 0.451, 0.000, 0.000, 0.000,0,0,0, 42.55, 0.451, 32.69, 0.267, 0.00, 0.000, 0.00, 0.000
29438,314037, 42.55, 0.00, 0.333, 0.000, 0.000, 0.000,0,0,0, 42.55, 0.333, 83.91, 0.253, 96.77, 0.206, 0.00, 0.000
29439,314048, 38.70, 0.00, 0.640, 0.000, 0.000, 0.000,0,0,0, 38.70, 0.640, 77.41, 0.442, 65.93, 0.389, 96.77, 0.166
29440,314058, 39.08, 0.00, 0.928, 0.000, 0.000, 0.000,0,0,0, 39.08, 0.928, 80.00, 0.503, 96.00, 0.344, 0.00, 0.000
29441,314069, 81.08, 0.00, 0.509, 0.000, 0.000, 0.000,0,0,0, 81.08, 0.509, 45.62, 0.382, 42.25, 0.368, 39.86, 0.354
29442,314080, 45.62, 0.00, 0.684, 0.000, 0.000, 0.000,0,0,0, 45.62, 0.684, 30.07, 0.629, 88.23, 0.550, 0.00, 0.000
29443,314090, 31.57, 0.00, 0.646, 0.000, 0.000, 0.000,0,0,0, 31.57, 0.646, 49.79, 0.603, 88.23, 0.275, 0.00, 0.000
29444,314101, 50.42, 0.00, 0.657, 0.000, 0.000, 0.000,0,0,0, 50.42, 0.657, 30.22, 0.433, 34.09, 0.271, 103.44, 0.198
29445,314112, 55.29, 0.00, 0.672, 0.000, 0.000, 0.000,0,0,0, 55.29, 0.672, 38.09, 0.141, 116.50, 0.049, 0.00, 0.000
29446,314122, 56.87, 0.00, 0.718, 0.000, 0.000, 0.000,0,0,0, 56.87, 0.718, 37.50, 0.184, 117.64, 0.008, 0.00, 0.000
29447,314133, 57.41, 0.00, 0.619, 0.000, 0.000, 0.000,0,0,0, 57.41, 0.619, 33.51, 0.146, 115.38, 0.077, 37.50, 0.047
29448,314144, 55.81, 0.00, 0.723, 0.000, 0.000, 0.000,0,0,0, 55.81, 0.723, 36.36, 0.306, 103.44, 0.179, 115.38, 0.160
29449,314154, 56.60, 0.00, 0.715, 0.000, 0.000, 0.000,0,0,0, 56.60, 0.715, 35.92, 0.706, 99.17, 0.461, 0.00, 0.000
29450,314165, 56.07, 0.00, 0.758, 0.000, 0.000, 0.000,0,0,0, 56.07, 0.758, 37.85, 0.543, 110.09, 0.491, 0.00, 0.000
29451,314176, 54.05, 0.00, 0.505, 0.000, 0.000, 0.000,0,0,0, 54.05, 0.505, 57.14, 0.454, 98.36, 0.452, 109.09, 0.438
29452,314186, 57.69, 0.00, 0.638, 0.000, 0.000, 0.000,0,0,0, 57.69, 0.638, 38.09, 0.582, 112.14, 0.432, 0.00, 0.000
29453,314197, 56.33, 0.00, 0.726, 0.000, 0.000, 0.000,0,0,0, 56.33, 0.726, 36.80, 0.357, 35.50, 0.335, 111.11, 0.163
29454,314208, 57.14, 0.00, 0.694, 0.000, 0.000, 0.000,0,0,0, 57.14, 0.694, 37.26, 0.464, 113.20, 0.340, 39.21, 0.237
29455,314218, 56.87, 0.00, 0.745, 0.000, 0.000, 0.000,0,0,0, 56.87, 0.745, 37.97, 0.596, 113.20, 0.513, 0.00, 0.000
29456,314229, 38.46, 0.00, 0.701, 0.000, 0.000, 0.000,0,0,0, 38.46, 0.701, 57.14, 0.575, 112.14, 0.539, 0.00, 0.000
29457,314240, 38.58, 0.00, 0.534, 0.000, 0.000, 0.000,0,0,0, 38.58, 0.534, 57.14, 0.521, 30.07, 0.400, 113.20, 0.349
29458,314250, 55.55, 0.00, 0.578, 0.000, 0.000, 0.000,0,0,0, 55.55, 0.578, 48.00, 0.125, 113.20, 0.116, 37.61, 0.114
29459,314261, 56.33, 0.00, 0.584, 0.000, 0.000, 0.000,0,0,0, 56.33, 0.584, 30.15, 0.284, 74.53, 0.234, 41.66, 0.183
29460,314272, 56.33, 0.00, 0.599, 0.000, 0.000, 0.000,0,0,0, 56.33, 0.599, 74.53, 0.385, 32.00, 0.304, 44.28, 0.226
29461,314282, 57.14, 0.00, 0.635, 0.000, 0.000, 0.000,0,0,0, 57.14, 0.635, 31.16, 0.405, 74.07, 0.360, 266.66, 0.034
29462,314293, 55.81, 0.00, 0.399, 0.000, 0.000, 0.000,0,0,0, 55.81, 0.399, 51.50, 0.366, 37.03, 0.330, 34.88, 0.171
29463,314304, 58.82, 0.00, 0.354, 0.000, 0.000, 0.000,0,0,0, 58.82, 0.354, 42.40, 0.337, 36.80, 0.328, 50.20, 0.270
29464,314314, 32.08, 0.00, 0.577, 0.000, 0.000, 0.000,0,0,0, 32.08, 0.577, 96.00, 0.200, 59.70, 0.150, 151.89, 0.115
29465,314325, 32.60, 0.00, 0.438, 0.000, 0.000, 0.000,0,0,0, 32.60, 0.438, 266.66, 0.349, 171.42, 0.216, 58.53, 0.065
29466,314336, 42.70, 0.00, 0.559, 0.000, 0.000, 0.000,0,0,0, 42.70, 0.559, 36.69, 0.469, 279.06, 0.338, 46.87, 0.135
29467,314346, 43.16, 0.00, 0.575, 0.000, 0.000, 0.000,0,0,0, 43.16, 0.575, 46.87, 0.567, 56.60, 0.286, 37.50, 0.199
29468,314357, 37.61, 0.00, 0.532, 0.000, 0.000, 0.000,0,0,0, 37.61, 0.532, 47.05, 0.422, 48.58, 0.404, 342.85, 0.280
29469,314368, 41.95, 0.00, 0.366, 0.000, 0.000, 0.000,0,0,0, 41.95, 0.366, 40.67, 0.353, 33.51, 0.223, 46.33, 0.083
29470,314378, 31.08, 0.00, 0.669, 0.000, 0.000, 0.000,0,0,0, 31.08, 0.669, 30.37, 0.648, 33.33, 0.541, 42.40, 0.399
29471,314389, 37.15, 0.00, 0.402, 0.000, 0.000, 0.000,0,0,0, 37.15, 0.402, 42.25, 0.395, 38.46, 0.384, 40.00, 0.330
29472,314400, 36.47, 0.00, 0.458, 0.000, 0.000, 0.000,0,0,0, 36.47, 0.458, 46.69, 0.372, 44.60, 0.347, 34.28, 0.231
29473,314410, 44.11, 0.00, 0.697, 0.000, 0.000, 0.000,0,0,0, 44.11, 0.697, 46.69, 0.601, 37.15, 0.074, 0.00, 0.000
29474,314421, 46.69, 0.00, 0.597, 0.000, 0.000, 0.000,0,0,0, 46.69, 0.597, 43.32, 0.596, 37.38, 0.240, 193.54, 0.102
29475,314432, 39.08, 0.00, 0.525, 0.000, 0.000, 0.000,0,0,0, 39.08, 0.525, 37.73, 0.490, 42.25, 0.464, 48.78, 0.258
29476,314442, 41.66, 0.00, 0.634, 0.000, 0.000, 0.000,0,0,0, 41.66, 0.634, 33.05, 0.243, 59.11, 0.056, 0.00, 0.000
29477,314453, 31.66, 0.00, 0.491, 0.000, 0.000, 0.000,0,0,0, 31.66, 0.491, 111.11, 0.283, 37.73, 0.274, 43.16, 0.248
29478,314464, 36.03, 0.00, 0.584, 0.000, 0.000, 0.000,0,0,0, 36.03, 0.584, 54.05, 0.147, 104.34, 0.145, 59.11, 0.124
29479,314474, 35.92, 0.00, 0.409, 0.000, 0.000, 0.000,0,0,0, 35.92, 0.409, 31.57, 0.319, 33.99, 0.204, 47.80, 0.194
29480,314485, 31.57, 0.00, 0.617, 0.000, 0.000, 0.000,0,0,0, 31.57, 0.617, 40.00, 0.181, 307.69, 0.144, 71.00, 0.104
29481,314496, 179.10, 0.00, 0.116, 0.000, 0.000, 0.000,0,0,0, 179.10, 0.116, 0.00, 0.000, 0.00, 0.000, 0.00, 0.000
29482,314506, 400.00, 0.00, 0.578, 0.000, 0.000, 0.000,0,0,0, 400.00, 0.578, 0.00, 0.000, 0.00, 0.000, 0.00, 0.000
29483,314517, 400.00, 0.00, 0.535, 0.000, 0.000, 0.000,0,0,0, 400.00, 0.535, 0.00, 0.000, 0.00, 0.000, 0.00, 0.000
29484,314528, 74.53, 0.00, 0.015, 0.000, 0.000, 0.000,0,0,0, 74.53, 0.015, 0.00, 0.000, 0.00, 0.000, 0.00, 0.000
29485,314538, 74.53, 0.00, 0.083, 0.000, 0.000, 0.000,0,0,0, 74.53, 0.083, 63.82, 0.047, 69.36, 0.041, 0.00, 0.000
29486,314549, 56.07, 0.00, 0.113, 0.000, 0.000, 0.000,0,0,0, 56.07, 0.113, 50.20, 0.091, 74.53, 0.085, 69.36, 0.038
29487,314560, 77.41, 0.00, 0.173, 0.000, 0.000, 0.000,0,0,0, 77.41, 0.173, 50.00, 0.099, 56.07, 0.095, 32.34, 0.093
29488,314570, 59.70, 0.00, 0.284, 0.000, 0.000, 0.000,0,0,0, 59.70, 0.284, 52.17, 0.241, 39.08, 0.233, 65.57, 0.207
29489,314581, 59.70, 0.00, 0.389, 0.000, 0.000, 0.000,0,0,0, 59.70, 0.389, 66.29, 0.280, 33.61, 0.264, 49.79, 0.250
29490,314592, 260.86, 0.00, 0.220, 0.000, 0.000, 0.000,0,0,0, 260.86, 0.220, 45.11, 0.162, 52.40, 0.095, 30.07, 0.087
29491,314602, 285.71, 0.00, 0.404, 0.000, 0.000, 0.000,0,0,0, 285.71, 0.404, 53.57, 0.129, 77.92, 0.107, 45.28, 0.023
29492,314613, 285.71, 0.00, 0.375, 0.000, 0.000, 0.000,0,0,0, 285.71, 0.375, 43.95, 0.122, 53.33, 0.015, 0.00, 0.000
29493,314624, 30.61, 0.00, 0.938, 0.000, 0.000, 0.000,0,0,0, 30.61, 0.938, 285.71, 0.491, 32.96, 0.105, 0.00, 0.000
29494,314634, 32.08, 0.00, 0.696, 0.000, 0.000, 0.000,0,0,0, 32.08, 0.696, 292.68, 0.465, 134.83, 0.094, 41.23, 0.087
29495,314645, 41.23, 0.00, 0.641, 0.000, 0.000, 0.000,0,0,0, 41.23, 0.641, 36.47, 0.633, 31.66, 0.309, 0.00, 0.000
29496,314656, 41.95, 0.00, 0.992, 0.000, 0.000, 0.000,0,0,0, 41.95, 0.992, 0.00, 0.000, 0.00, 0.000, 0.00, 0.000
29497,314666, 41.95, 0.00, 0.995, 0.000, 0.000, 0.000,0,0,0, 41.95, 0.995, 0.00, 0.000, 0.00, 0.000, 0.00, 0.000
29498,314677, 41.66, 0.00, 0.997, 0.000, 0.000, 0.000,0,0,0, 41.66, 0.997, 37.03, 0.438, 50.00, 0.365, 0.00, 0.000
29499,314688, 41.81, 0.00, 0.708, 0.000, 0.000, 0.000,0,0,0, 41.81, 0.708, 363.63, 0.236, 47.61, 0.212, 37.26, 0.141
29500,314698, 32.96, 0.00, 0.789, 0.000, 0.000, 0.000,0,0,0, 32.96, 0.789, 41.81, 0.494, 36.92, 0.386, 324.32, 0.227
29501,314709, 41.52, 0.00, 0.980, 0.000, 0.000, 0.000,0,0,0, 41.52, 0.980, 342.85, 0.150, 47.61, 0.131, 34.98, 0.102
29502,314720, 41.66, 0.00, 0.966, 0.000, 0.000, 0.000,0,0,0, 41.66, 0.966, 32.87, 0.404, 30.37, 0.217, 157.89, 0.118
29503,314730, 41.52, 0.00, 0.996, 0.000, 0.000, 0.000,0,0,0, 41.52, 0.996, 48.38, 0.164, 333.33, 0.145, 56.60, 0.036
29504,314741, 41.52, 0.00, 0.915, 0.000, 0.000, 0.000,0,0,0, 41.52, 0.915, 32.34, 0.132, 91.60, 0.060, 48.19, 0.037
29505,314752, 41.52, 0.00, 0.892, 0.000, 0.000, 0.000,0,0,0, 41.52, 0.892, 37.15, 0.108, 77.92, 0.055, 49.18, 0.032
29506,314762, 41.66, 0.00, 0.968, 0.000, 0.000, 0.000,0,0,0, 41.66, 0.968, 93.75, 0.125, 32.43, 0.055, 33.80, 0.046
29507,314773, 41.66, 0.00, 0.984, 0.000, 0.000, 0.000,0,0,0, 41.66, 0.984, 75.00, 0.180, 33.89, 0.029, 0.00, 0.000
29508,314784, 41.66, 0.00, 0.986, 0.000, 0.000, 0.000,0,0,0, 41.66, 0.986, 95.23, 0.186, 74.07, 0.017, 0.00, 0.000
29509,314794, 41.66, 0.00, 0.986, 0.000, 0.000, 0.000,0,0,0, 41.66, 0.986, 32.60, 0.384, 150.00, 0.106, 96.77, 0.041
29510,314805, 41.81, 0.00, 0.995, 0.000, 0.000, 0.000,0,0,0, 41.81, 0.995, 73.17, 0.025, 35.60, 0.023, 58.25, 0.015
29511,314816, 41.81, 0.00, 0.963, 0.000, 0.000, 0.000,0,0,0, 41.81, 0.963, 32.52, 0.309, 31.00, 0.151, 146.34, 0.082
29512,314826, 41.37, 0.00, 0.938, 0.000, 0.000, 0.000,0,0,0, 41.37, 0.938, 57.97, 0.105, 307.69, 0.031, 70.58, 0.010
29513,314837, 41.52, 0.00, 0.551, 0.000, 0.000, 0.000,0,0,0, 41.52, 0.551, 33.80, 0.502, 181.81, 0.110, 96.77, 0.082
29514,314848, 33.24, 0.00, 0.744, 0.000, 0.000, 0.000,0,0,0, 33.24, 0.744, 65.93, 0.321, 41.52, 0.253, 58.25, 0.218
29515,314858, 36.58, 0.00, 0.459, 0.000, 0.000, 0.000,0,0,0, 36.58, 0.459, 40.00, 0.343, 81.08, 0.319, 97.56, 0.145
29516,314869, 30.92, 0.00, 0.515, 0.000, 0.000, 0.000,0,0,0, 30.92, 0.515, 81.63, 0.453, 36.80, 0.265, 38.21, 0.258
29517,314880, 42.10, 0.00, 0.700, 0.000, 0.000, 0.000,0,0,0, 42.10, 0.700, 82.19, 0.485, 46.87, 0.129, 0.00, 0.000
29518,314890, 30.69, 0.00, 0.691, 0.000, 0.000, 0.000,0,0,0, 30.69, 0.691, 42.40, 0.429, 50.63, 0.394, 87.59, 0.283
29519,314901, 30.22, 0.00, 0.701, 0.000, 0.000, 0.000,0,0,0, 30.22, 0.701, 50.00, 0.536, 43.79, 0.323, 97.56, 0.247
29520,314912, 47.80, 0.00, 0.655, 0.000, 0.000, 0.000,0,0,0, 47.80, 0.655, 34.28, 0.548, 108.10, 0.157, 88.88, 0.016
29521,314922, 47.24, 0.00, 0.747, 0.000, 0.000, 0.000,0,0,0, 47.24, 0.747, 77.41, 0.011, 0.00, 0.000, 0.00, 0.000
29522,314933, 50.63, 0.00, 0.643, 0.000, 0.000, 0.000,0,0,0, 50.63, 0.643, 46.69, 0.639, 63.49, 0.127, 0.00, 0.000
29523,314944, 48.58, 0.00, 0.725, 0.000, 0.000, 0.000,0,0,0, 48.58, 0.725, 63.82, 0.272, 0.00, 0.000, 0.00, 0.000
29524,314954, 54.05, 0.00, 0.630, 0.000, 0.000, 0.000,0,0,0, 54.05, 0.630, 43.16, 0.355, 30.76, 0.140, 0.00, 0.000
29525,314965, 53.33, 0.00, 0.732, 0.000, 0.000, 0.000,0,0,0, 53.33, 0.732, 42.85, 0.287, 0.00, 0.000, 0.00, 0.000
29526,314976, 53.57, 0.00, 0.743, 0.000, 0.000, 0.000,0,0,0, 53.57, 0.743, 42.25, 0.119, 33.89, 0.087, 0.00, 0.000
29527,314986, 55.55, 0.00, 0.800, 0.000, 0.000, 0.000,0,0,0, 55.55, 0.800, 113.20, 0.053, 37.38, 0.024, 0.00, 0.000
29528,314997, 56.33, 0.00, 0.615, 0.000, 0.000, 0.000,0,0,0, 56.33, 0.615, 41.09, 0.164, 113.20, 0.132, 34.38, 0.111
29529,315008, 55.55, 0.00, 0.611, 0.000, 0.000, 0.000,0,0,0, 55.55, 0.611, 33.33, 0.535, 39.73, 0.216, 157.89, 0.195
29530,315018, 55.04, 0.00, 0.613, 0.000, 0.000, 0.000,0,0,0, 55.04, 0.613, 83.33, 0.333, 162.16, 0.321, 38.58, 0.110
29531,315029, 55.29, 0.00, 0.506, 0.000, 0.000, 0.000,0,0,0, 55.29, 0.506, 82.75, 0.368, 164.38, 0.217, 45.11, 0.125
29532,315040, 30.61, 0.00, 0.457, 0.000, 0.000, 0.000,0,0,0, 30.61, 0.457, 55.55, 0.305, 68.18, 0.297, 61.85, 0.275
29533,315050, 57.14, 0.00, 0.726, 0.000, 0.000, 0.000,0,0,0, 57.14, 0.726, 31.08, 0.656, 0.00, 0.000, 0.00, 0.000
29534,315061, 33.99, 0.00, 0.822, 0.000, 0.000, 0.000,0,0,0, 33.99, 0.822, 57.69, 0.523, 82.19, 0.252, 0.00, 0.000
29535,315072, 34.09, 0.00, 0.712, 0.000, 0.000, 0.000,0,0,0, 34.09, 0.712, 36.80, 0.702, 81.63, 0.337, 64.17, 0.333
29536,315082, 34.58, 0.00, 0.689, 0.000, 0.000, 0.000,0,0,0, 34.58, 0.689, 63.82, 0.504, 0.00, 0.000, 0.00, 0.000
29537,315093, 60.00, 0.00, 0.731, 0.000, 0.000, 0.000,0,0,0, 60.00, 0.731, 55.04, 0.648, 0.00, 0.000, 0.00, 0.000
29538,315104, 55.81, 0.00, 0.946, 0.000, 0.000, 0.000,0,0,0, 55.81, 0.946, 0.00, 0.000, 0.00, 0.000, 0.00, 0.000
29539,315114, 56.60, 0.00, 0.962, 0.000, 0.000, 0.000,0,0,0, 56.60, 0.962, 0.00, 0.000, 0.00, 0.000, 0.00, 0.000
29540,315125, 56.87, 0.00, 0.854, 0.000, 0.000, 0.000,0,0,0, 56.87, 0.854, 0.00, 0.000, 0.00, 0.000, 0.00, 0.000
29541,315136, 61.53, 0.00, 0.626, 0.000, 0.000, 0.000,0,0,0, 61.53, 0.626, 30.61, 0.578, 34.98, 0.308, 0.00, 0.000
29542,315146, 32.87, 0.00, 0.898, 0.000, 0.000, 0.000,0,0,0, 32.87, 0.898, 35.08, 0.743, 65.57, 0.731, 0.00, 0.000
29543,315157, 34.28, 0.00, 0.845, 0.000, 0.000, 0.000,0,0,0, 34.28, 0.845, 65.57, 0.627, 0.00, 0.000, 0.00, 0.000
29544,315168, 60.30, 0.00, 0.746, 0.000, 0.000, 0.000,0,0,0, 60.30, 0.746, 31.41, 0.570, 0.00, 0.000, 0.00, 0.000
29545,315178, 60.30, 0.00, 0.559, 0.000, 0.000, 0.000,0,0,0, 60.30, 0.559, 34.58, 0.241, 30.15, 0.170, 0.00, 0.000
29546,315189, 33.14, 0.00, 0.447, 0.000, 0.000, 0.000,0,0,0, 33.14, 0.447, 60.00, 0.067, 169.01, 0.045, 0.00, 0.000
29547,315200, 32.87, 0.00, 0.873, 0.000, 0.000, 0.000,0,0,0, 32.87, 0.873, 164.38, 0.117, 89.55, 0.097, 44.60, 0.062
29548,315210, 47.80, 0.00, 0.290, 0.000, 0.000, 0.000,0,0,0, 47.80, 0.290, 31.83, 0.225, 60.60, 0.197, 52.40, 0.099
29549,315221, 48.19, 0.00, 0.425, 0.000, 0.000, 0.000,0,0,0, 48.19, 0.425, 39.47, 0.417, 166.66, 0.102, 67.79, 0.050
29550,315232, 31.25, 0.00, 0.656, 0.000, 0.000, 0.000,0,0,0, 31.25, 0.656, 35.08, 0.556, 0.00, 0.000, 0.00, 0.000
29551,315242, 200.00, 0.00, 0.431, 0.000, 0.000, 0.000,0,0,0, 200.00, 0.431, 35.08, 0.197, 120.00, 0.151, 0.00, 0.000
29552,315253, 37.38, 0.00, 0.266, 0.000, 0.000, 0.000,0,0,0, 37.38, 0.266, 39.08, 0.226, 115.38, 0.156, 67.79, 0.128
29553,315264, 51.72, 0.00, 0.552, 0.000, 0.000, 0.000,0,0,0, 51.72, 0.552, 35.50, 0.166, 67.79, 0.129, 91.60, 0.105
29554,315274, 52.17, 0.00, 0.664, 0.000, 0.000, 0.000,0,0,0, 52.17, 0.664, 31.41, 0.429, 30.30, 0.303, 30.15, 0.303
29555,315285, 50.63, 0.00, 0.647, 0.000, 0.000, 0.000,0,0,0, 50.63, 0.647, 32.34, 0.320, 36.47, 0.221, 30.45, 0.161
29556,315296, 50.63, 0.00, 0.761, 0.000, 0.000, 0.000,0,0,0, 50.63, 0.761, 32.43, 0.222, 36.47, 0.183, 31.66, 0.154
29557,315306, 51.06, 0.00, 0.769, 0.000, 0.000, 0.000,0,0,0, 51.06, 0.769, 65.57, 0.239, 31.08, 0.227, 37.26, 0.221
29558,315317, 50.84, 0.00, 0.706, 0.000, 0.000, 0.000,0,0,0, 50.84, 0.706, 63.82, 0.409, 240.00, 0.286, 36.47, 0.243
29559,315328, 50.20, 0.00, 0.693, 0.000, 0.000, 0.000,0,0,0, 50.20, 0.693, 240.00, 0.380, 63.49, 0.321, 36.36, 0.260
29560,315338, 50.20, 0.00, 0.857, 0.000, 0.000, 0.000,0,0,0, 50.20, 0.857, 41.37, 0.496, 240.00, 0.426, 63.82, 0.375
29561,315349, 50.20, 0.00, 0.930, 0.000, 0.000, 0.000,0,0,0, 50.20, 0.930, 41.52, 0.522, 244.89, 0.449, 35.71, 0.359
29562,315360, 50.20, 0.00, 0.934, 0.000, 0.000, 0.000,0,0,0, 50.20, 0.934, 31.33, 0.568, 36.03, 0.521, 63.15, 0.518
29563,315370, 50.20, 0.00, 0.930, 0.000, 0.000, 0.000,0,0,0, 50.20, 0.930, 41.37, 0.580, 244.89, 0.488, 126.31, 0.466
29564,315381, 50.20, 0.00, 0.938, 0.000, 0.000, 0.000,0,0,0, 50.20, 0.938, 31.49, 0.508, 83.33, 0.485, 126.31, 0.474
29565,315392, 50.00, 0.00, 0.840, 0.000, 0.000, 0.000,0,0,0, 50.00, 0.840, 41.81, 0.507, 35.82, 0.499, 31.08, 0.484
29566,315402, 50.20, 0.00, 0.712, 0.000, 0.000, 0.000,0,0,0, 50.20, 0.712, 35.92, 0.408, 125.00, 0.337, 42.40, 0.324
29567,315413, 50.00, 0.00, 0.632, 0.000, 0.000, 0.000,0,0,0, 50.00, 0.632, 31.25, 0.545, 35.82, 0.497, 244.89, 0.334
29568,315424, 50.00, 0.00, 0.776, 0.000, 0.000, 0.000,0,0,0, 50.00, 0.776, 36.14, 0.320, 42.70, 0.256, 244.89, 0.172
29569,315434, 50.42, 0.00, 0.794, 0.000, 0.000, 0.000,0,0,0, 50.42, 0.794, 31.08, 0.539, 35.82, 0.279, 42.85, 0.201
29570,315445, 50.20, 0.00, 0.825, 0.000, 0.000, 0.000,0,0,0, 50.20, 0.825, 35.92, 0.493, 125.00, 0.291, 83.91, 0.197
29571,315456, 50.00, 0.00, 0.895, 0.000, 0.000, 0.000,0,0,0, 50.00, 0.895, 31.25, 0.529, 84.50, 0.364, 122.44, 0.307
29572,315466, 50.42, 0.00, 0.873, 0.000, 0.000, 0.000,0,0,0, 50.42, 0.873, 35.60, 0.485, 123.71, 0.461, 32.00, 0.392
29573,315477, 32.00, 0.00, 0.742, 0.000, 0.000, 0.000,0,0,0, 32.00, 0.742, 50.84, 0.698, 86.95, 0.554, 33.89, 0.455
29574,315488, 35.60, 0.00, 0.343, 0.000, 0.000, 0.000,0,0,0, 35.60, 0.343, 51.06, 0.310, 85.71, 0.258, 96.00, 0.119
29575,315498, 32.00, 0.00, 0.596, 0.000, 0.000, 0.000,0,0,0, 32.00, 0.596, 30.37, 0.456, 83.91, 0.248, 52.63, 0.214
29576,315509, 57.14, 0.00, 0.434, 0.000, 0.000, 0.000,0,0,0, 57.14, 0.434, 43.79, 0.401, 33.89, 0.313, 41.52, 0.282
29577,315520, 57.41, 0.00, 0.810, 0.000, 0.000, 0.000,0,0,0, 57.41, 0.810, 33.80, 0.366, 82.19, 0.193, 187.50, 0.063
29578,315530, 57.97, 0.00, 0.574, 0.000, 0.000, 0.000,0,0,0, 57.97, 0.574, 51.28, 0.469, 31.57, 0.412, 83.33, 0.022
29579,315541, 51.06, 0.00, 0.537, 0.000, 0.000, 0.000,0,0,0, 51.06, 0.537, 67.41, 0.275, 43.79, 0.221, 230.76, 0.162
29580,315552, 49.79, 0.00, 0.537, 0.000, 0.000, 0.000,0,0,0, 49.79, 0.537, 54.29, 0.228, 42.85, 0.213, 65.57, 0.187
29581,315562, 48.97, 0.00, 0.412, 0.000, 0.000, 0.000,0,0,0, 48.97, 0.412, 240.00, 0.277, 42.40, 0.265, 57.14, 0.201
29582,315573, 30.76, 0.00, 0.495, 0.000, 0.000, 0.000,0,0,0, 30.76, 0.495, 36.25, 0.393, 44.28, 0.349, 55.81, 0.348
29583,315584, 240.00, 0.00, 0.238, 0.000, 0.000, 0.000,0,0,0, 240.00, 0.238, 36.92, 0.235, 279.06, 0.212, 43.63, 0.207
29584,315594, 230.76, 0.00, 0.368, 0.000, 0.000, 0.000,0,0,0, 230.76, 0.368, 66.29, 0.325, 49.18, 0.292, 56.07, 0.282
29585,315605, 32.69, 0.00, 0.401, 0.000, 0.000, 0.000,0,0,0, 32.69, 0.401, 38.83, 0.285, 30.15, 0.270, 226.41, 0.247
29586,315616, 40.26, 0.00, 0.380, 0.000, 0.000, 0.000,0,0,0, 40.26, 0.380, 42.70, 0.331, 352.94, 0.279, 33.51, 0.233
29587,315626, 43.01, 0.00, 0.292, 0.000, 0.000, 0.000,0,0,0, 43.01, 0.292, 40.40, 0.291, 44.11, 0.265, 279.06, 0.141
29588,315637, 35.08, 0.00, 0.439, 0.000, 0.000, 0.000,0,0,0, 35.08, 0.439, 33.51, 0.312, 33.14, 0.310, 67.03, 0.256
29589,315648, 51.72, 0.00, 0.737, 0.000, 0.000, 0.000,0,0,0, 51.72, 0.737, 32.34, 0.330, 30.22, 0.270, 67.03, 0.156
29590,315658, 51.28, 0.00, 0.815, 0.000, 0.000, 0.000,0,0,0, 51.28, 0.815, 36.14, 0.214, 71.85, 0.145, 126.31, 0.097
29591,315669, 51.50, 0.00, 0.487, 0.000, 0.000, 0.000,0,0,0, 51.50, 0.487, 30.61, 0.478, 31.49, 0.437, 55.04, 0.432
29592,315680, 55.29, 0.00, 0.470, 0.000, 0.000, 0.000,0,0,0, 55.29, 0.470, 51.06, 0.425, 36.47, 0.244, 30.37, 0.126
29593,315690, 50.63, 0.00, 0.782, 0.000, 0.000, 0.000,0,0,0, 50.63, 0.782, 31.41, 0.623, 54.54, 0.317, 32.60, 0.293
29594,315701, 50.63, 0.00, 0.833, 0.000, 0.000, 0.000,0,0,0, 50.63, 0.833, 54.79, 0.415, 33.70, 0.107, 105.26, 0.076
29595,315712, 50.63, 0.00, 0.888, 0.000, 0.000, 0.000,0,0,0, 50.63, 0.888, 30.92, 0.380, 48.00, 0.294, 54.54, 0.262
29596,315722, 50.42, 0.00, 0.829, 0.000, 0.000, 0.000,0,0,0, 50.42, 0.829, 121.21, 0.121, 35.82, 0.088, 96.77, 0.044
29597,315733, 50.20, 0.00, 0.840, 0.000, 0.000, 0.000,0,0,0, 50.20, 0.840, 35.60, 0.224, 32.00, 0.176, 121.21, 0.163
29598,315744, 50.63, 0.00, 0.915, 0.000, 0.000, 0.000,0,0,0, 50.63, 0.915, 31.91, 0.345, 86.33, 0.229, 35.50, 0.206
29599,315754, 50.63, 0.00, 0.918, 0.000, 0.000, 0.000,0,0,0, 50.63, 0.918, 35.29, 0.218, 32.78, 0.213, 118.81, 0.196
29600,315765, 50.20, 0.00, 0.797, 0.000, 0.000, 0.000,0,0,0, 50.20, 0.797, 32.25, 0.404, 30.61, 0.348, 89.55, 0.272
29601,315776, 50.42, 0.00, 0.787, 0.000, 0.000, 0.000,0,0,0, 50.42, 0.787, 35.19, 0.471, 114.28, 0.260, 0.00, 0.000
29602,315786, 50.20, 0.00, 0.975, 0.000, 0.000, 0.000,0,0,0, 50.20, 0.975, 32.34, 0.367, 30.53, 0.241, 90.90, 0.222
29603,315797, 50.20, 0.00, 0.988, 0.000, 0.000, 0.000,0,0,0, 50.20, 0.988, 34.88, 0.367, 36.92, 0.238, 113.20, 0.230
29604,315808, 50.42, 0.00, 0.834, 0.000, 0.000, 0.000,0,0,0, 50.42, 0.834, 32.52, 0.250, 92.30, 0.196, 30.61, 0.190
29605,315818, 50.63, 0.00, 0.848, 0.000, 0.000, 0.000,0,0,0, 50.63, 0.848, 34.98, 0.420, 112.14, 0.310, 93.75, 0.204
29606,315829, 50.42, 0.00, 0.862, 0.000, 0.000, 0.000,0,0,0, 50.42, 0.862, 35.08, 0.321, 111.11, 0.291, 92.30, 0.283
29607,315840, 50.63, 0.00, 0.560, 0.000, 0.000, 0.000,0,0,0, 50.63, 0.560, 36.58, 0.379, 33.42, 0.284, 31.57, 0.253
29608,315850, 35.39, 0.00, 0.475, 0.000, 0.000, 0.000,0,0,0, 35.39, 0.475, 96.77, 0.296, 55.81, 0.228, 44.11, 0.213
29609,315861, 30.30, 0.00, 0.375, 0.000, 0.000, 0.000,0,0,0, 30.30, 0.375, 98.36, 0.316, 43.95, 0.309, 206.89, 0.176
29610,315872, 43.16, 0.00, 0.423, 0.000, 0.000, 0.000,0,0,0, 43.16, 0.423, 41.52, 0.390, 98.36, 0.355, 55.04, 0.259
29611,315882, 55.29, 0.00, 0.444, 0.000, 0.000, 0.000,0,0,0, 55.29, 0.444, 33.89, 0.419, 97.56, 0.383, 41.52, 0.243
29612,315893, 96.00, 0.00, 0.352, 0.000, 0.000, 0.000,0,0,0, 96.00, 0.352, 55.55, 0.292, 87.59, 0.161, 131.86, 0.058
29613,315904, 30.84, 0.00, 0.462, 0.000, 0.000, 0.000,0,0,0, 30.84, 0.462, 35.39, 0.353, 95.23, 0.316, 86.33, 0.176
29614,315914, 30.53, 0.00, 0.344, 0.000, 0.000, 0.000,0,0,0, 30.53, 0.344, 45.45, 0.321, 37.97, 0.278, 35.39, 0.257
29615,315925, 40.81, 0.00, 0.306, 0.000, 0.000, 0.000,0,0,0, 40.81, 0.306, 36.69, 0.286, 56.07, 0.228, 62.50, 0.206
29616,315936, 32.87, 0.00, 0.405, 0.000, 0.000, 0.000,0,0,0, 32.87, 0.405, 62.17, 0.310, 56.60, 0.302, 36.58, 0.249
29617,315946, 50.84, 0.00, 0.702, 0.000, 0.000, 0.000,0,0,0, 50.84, 0.702, 30.15, 0.370, 61.85, 0.285, 71.85, 0.247
29618,315957, 50.84, 0.00, 0.819, 0.000, 0.000, 0.000,0,0,0, 50.84, 0.819, 34.28, 0.192, 279.06, 0.184, 71.85, 0.180
29619,315968, 50.63, 0.00, 0.794, 0.000, 0.000, 0.000,0,0,0, 50.63, 0.794, 33.05, 0.198, 71.85, 0.197, 42.85, 0.149
29620,315978, 50.42, 0.00, 0.856, 0.000, 0.000, 0.000,0,0,0, 50.42, 0.856, 34.09, 0.240, 42.85, 0.186, 38.96, 0.151
29621,315989, 50.63, 0.00, 0.806, 0.000, 0.000, 0.000,0,0,0, 50.63, 0.806, 33.05, 0.269, 39.60, 0.202, 97.56, 0.134
29622,316000, 50.42, 0.00, 0.777, 0.000, 0.000, 0.000,0,0,0, 50.42, 0.777, 33.89, 0.394, 101.69, 0.273, 39.73, 0.188
29623,316010, 50.20, 0.00, 0.921, 0.000, 0.000, 0.000,0,0,0, 50.20, 0.921, 33.33, 0.446, 100.84, 0.406, 39.21, 0.161
29624,316021, 50.20, 0.00, 0.953, 0.000, 0.000, 0.000,0,0,0, 50.20, 0.953, 33.61, 0.560, 100.84, 0.478, 68.96, 0.097
29625,316032, 50.20, 0.00, 0.971, 0.000, 0.000, 0.000,0,0,0, 50.20, 0.971, 33.51, 0.547, 100.84, 0.469, 40.00, 0.127
29626,316042, 50.42, 0.00, 0.994, 0.000, 0.000, 0.000,0,0,0, 50.42, 0.994, 33.61, 0.502, 100.84, 0.431, 68.96, 0.173
29627,316053, 50.42, 0.00, 0.963, 0.000, 0.000, 0.000,0,0,0, 50.42, 0.963, 33.61, 0.365, 100.84, 0.343, 39.73, 0.180
29628,316064, 50.00, 0.00, 0.767, 0.000, 0.000, 0.000,0,0,0, 50.00, 0.767, 68.18, 0.165, 31.16, 0.143, 100.84, 0.142
29629,316074, 50.00, 0.00, 0.785, 0.000, 0.000, 0.000,0,0,0, 50.00, 0.785, 33.05, 0.261, 39.60, 0.253, 190.47, 0.114
29630,316085, 50.20, 0.00, 0.901, 0.000, 0.000, 0.000,0,0,0, 50.20, 0.901, 43.47, 0.215, 60.30, 0.211, 315.78, 0.207
29631,316096, 50.42, 0.00, 0.924, 0.000, 0.000, 0.000,0,0,0, 50.42, 0.924, 56.87, 0.298, 315.78, 0.229, 0.00, 0.000
29632,316106, 50.42, 0.00, 0.978, 0.000, 0.000, 0.000,0,0,0, 50.42, 0.978, 61.53, 0.361, 300.00, 0.268, 42.85, 0.257
29633,316117, 50.20, 0.00, 0.995, 0.000, 0.000, 0.000,0,0,0, 50.20, 0.995, 60.60, 0.404, 300.00, 0.265, 43.01, 0.224
29634,316128, 50.20, 0.00, 0.990, 0.000, 0.000, 0.000,0,0,0, 50.20, 0.990, 60.30, 0.331, 285.71, 0.259, 43.01, 0.209
29635,316138, 49.58, 0.00, 0.949, 0.000, 0.000, 0.000,0,0,0, 49.58, 0.949, 60.91, 0.295, 285.71, 0.258, 42.55, 0.258
29636,316149, 49.79, 0.00, 0.941, 0.000, 0.000, 0.000,0,0,0, 49.79, 0.941, 42.70, 0.266, 285.71, 0.237, 61.53, 0.208
29637,316160, 50.20, 0.00, 0.992, 0.000, 0.000, 0.000,0,0,0, 50.20, 0.992, 42.10, 0.301, 266.66, 0.269, 60.91, 0.217
29638,316170, 50.00, 0.00, 0.918, 0.000, 0.000, 0.000,0,0,0, 50.00, 0.918, 41.52, 0.314, 260.86, 0.279, 61.53, 0.181
29639,316181, 50.63, 0.00, 0.904, 0.000, 0.000, 0.000,0,0,0, 50.63, 0.904, 61.53, 0.269, 272.72, 0.257, 42.25, 0.216
29640,316192, 49.38, 0.00, 0.836, 0.000, 0.000, 0.000,0,0,0, 49.38, 0.836, 279.06, 0.292, 41.95, 0.290, 60.91, 0.198
29641,316202, 49.18, 0.00, 0.559, 0.000, 0.000, 0.000,0,0,0, 49.18, 0.559, 36.36, 0.372, 32.34, 0.195, 61.53, 0.109
29642,316213, 49.18, 0.00, 0.582, 0.000, 0.000, 0.000,0,0,0, 49.18, 0.582, 36.58, 0.127, 35.19, 0.108, 42.10, 0.073
29643,316224, 48.97, 0.00, 0.481, 0.000, 0.000, 0.000,0,0,0, 48.97, 0.481, 41.66, 0.200, 74.53, 0.159, 94.48, 0.049
29644,316234, 48.78, 0.00, 0.524, 0.000, 0.000, 0.000,0,0,0, 48.78, 0.524, 33.51, 0.379, 40.67, 0.116, 218.18, 0.067
29645,316245, 48.78, 0.00, 0.469, 0.000, 0.000, 0.000,0,0,0, 48.78, 0.469, 36.80, 0.408, 32.34, 0.291, 61.22, 0.060
29646,316256, 38.58, 0.00, 0.586, 0.000, 0.000, 0.000,0,0,0, 38.58, 0.586, 39.73, 0.504, 47.43, 0.320, 94.48, 0.129
29647,316266, 47.61, 0.00, 0.625, 0.000, 0.000, 0.000,0,0,0, 47.61, 0.625, 36.69, 0.439, 187.50, 0.101, 94.48, 0.035
29648,316277, 38.58, 0.00, 0.585, 0.000, 0.000, 0.000,0,0,0, 38.58, 0.585, 47.80, 0.404, 324.32, 0.216, 0.00, 0.000
29649,316288, 38.83, 0.00, 0.528, 0.000, 0.000, 0.000,0,0,0, 38.83, 0.528, 47.80, 0.476, 36.25, 0.346, 34.28, 0.102
29650,316298, 48.38, 0.00, 0.508, 0.000, 0.000, 0.000,0,0,0, 48.38, 0.508, 51.06, 0.498, 61.53, 0.251, 36.14, 0.044
29651,316309, 61.53, 0.00, 0.367, 0.000, 0.000, 0.000,0,0,0, 61.53, 0.367, 37.38, 0.252, 34.09, 0.176, 113.20, 0.161
29652,316320, 30.76, 0.00, 0.824, 0.000, 0.000, 0.000,0,0,0, 30.76, 0.824, 61.22, 0.499, 39.60, 0.468, 115.38, 0.448
29653,316330, 37.15, 0.00, 0.967, 0.000, 0.000, 0.000,0,0,0, 37.15, 0.967, 55.55, 0.582, 114.28, 0.580, 0.00, 0.000
29654,316341, 36.92, 0.00, 0.592, 0.000, 0.000, 0.000,0,0,0, 36.92, 0.592, 52.63, 0.535, 110.09, 0.442, 0.00, 0.000
29655,316352, 38.70, 0.00, 0.545, 0.000, 0.000, 0.000,0,0,0, 38.70, 0.545, 57.14, 0.471, 109.09, 0.197, 0.00, 0.000
29656,316362, 57.41, 0.00, 0.771, 0.000, 0.000, 0.000,0,0,0, 57.41, 0.771, 37.61, 0.185, 0.00, 0.000, 0.00, 0.000
29657,316373, 56.87, 0.00, 0.755, 0.000, 0.000, 0.000,0,0,0, 56.87, 0.755, 47.05, 0.483, 0.00, 0.000, 0.00, 0.000
29658,316384, 47.05, 0.00, 0.661, 0.000, 0.000, 0.000,0,0,0, 47.05, 0.661, 49.38, 0.657, 56.07, 0.566, 0.00, 0.000
29659,316394, 31.33, 0.00, 0.576, 0.000, 0.000, 0.000,0,0,0, 31.33, 0.576, 50.20, 0.444, 65.21, 0.273, 0.00, 0.000
29660,316405, 65.93, 0.00, 0.375, 0.000, 0.000, 0.000,0,0,0, 65.93, 0.375, 54.54, 0.338, 0.00, 0.000, 0.00, 0.000
29661,316416, 34.38, 0.00, 0.482, 0.000, 0.000, 0.000,0,0,0, 34.38, 0.482, 67.41, 0.407, 37.38, 0.341, 57.14, 0.275
29662,316426, 34.88, 0.00, 0.959, 0.000, 0.000, 0.000,0,0,0, 34.88, 0.959, 71.85, 0.314, 95.23, 0.112, 55.04, 0.024
29663,316437, 33.99, 0.00, 0.701, 0.000, 0.000, 0.000,0,0,0, 33.99, 0.701, 75.47, 0.137, 90.90, 0.113, 46.87, 0.101
29664,316448, 33.24, 0.00, 0.522, 0.000, 0.000, 0.000,0,0,0, 33.24, 0.522, 56.07, 0.498, 34.38, 0.490, 96.00, 0.269
29665,316458, 56.33, 0.00, 0.955, 0.000, 0.000, 0.000,0,0,0, 56.33, 0.955, 39.73, 0.233, 133.33, 0.209, 97.56, 0.157
29666,316469, 56.33, 0.00, 0.757, 0.000, 0.000, 0.000,0,0,0, 56.33, 0.757, 34.78, 0.537, 96.00, 0.356, 0.00, 0.000
29667,316480, 30.07, 0.00, 0.698, 0.000, 0.000, 0.000,0,0,0, 30.07, 0.698, 56.87, 0.479, 37.97, 0.303, 65.93, 0.267
29668,316490, 37.97, 0.00, 0.652, 0.000, 0.000, 0.000,0,0,0, 37.97, 0.652, 60.60, 0.308, 101.69, 0.253, 0.00, 0.000
29669,316501, 41.23, 0.00, 0.487, 0.000, 0.000, 0.000,0,0,0, 41.23, 0.487, 107.14, 0.315, 53.81, 0.114, 66.66, 0.073
29670,316512, 107.14, 0.00, 0.597, 0.000, 0.000, 0.000,0,0,0, 107.14, 0.597, 53.33, 0.354, 43.01, 0.158, 36.69, 0.121
29671,316522, 34.28, 0.00, 0.551, 0.000, 0.000, 0.000,0,0,0, 34.28, 0.551, 107.14, 0.309, 0.00, 0.000, 0.00, 0.000
29672,316533, 33.80, 0.00, 0.444, 0.000, 0.000, 0.000,0,0,0, 33.80, 0.444, 103.44, 0.282, 250.00, 0.070, 0.00, 0.000
29673,316544, 42.40, 0.00, 0.435, 0.000, 0.000, 0.000,0,0,0, 42.40, 0.435, 79.47, 0.373, 104.34, 0.041, 0.00, 0.000
29674,316554, 72.28, 0.00, 0.562, 0.000, 0.000, 0.000,0,0,0, 72.28, 0.562, 37.97, 0.379, 38.83, 0.337, 40.67, 0.288
29675,316565, 35.50, 0.00, 0.823, 0.000, 0.000, 0.000,0,0,0, 35.50, 0.823, 71.00, 0.804, 0.00, 0.000, 0.00, 0.000
29676,316576, 34.78, 0.00, 0.869, 0.000, 0.000, 0.000,0,0,0, 34.78, 0.869, 70.58, 0.838, 0.00, 0.000, 0.00, 0.000
29677,316586, 69.36, 0.00, 0.915, 0.000, 0.000, 0.000,0,0,0, 69.36, 0.915, 34.78, 0.895, 0.00, 0.000, 0.00, 0.000
29678,316597, 68.96, 0.00, 0.992, 0.000, 0.000, 0.000,0,0,0, 68.96, 0.992, 34.38, 0.992, 0.00, 0.000, 0.00, 0.000
29679,316608, 68.96, 0.00, 0.975, 0.000, 0.000, 0.000,0,0,0, 68.96, 0.975, 34.48, 0.939, 0.00, 0.000, 0.00, 0.000
29680,316618, 69.36, 0.00, 0.975, 0.000, 0.000, 0.000,0,0,0, 69.36, 0.975, 34.58, 0.966, 0.00, 0.000, 0.00, 0.000
29681,316629, 69.76, 0.00, 0.994, 0.000, 0.000, 0.000,0,0,0, 69.76, 0.994, 34.88, 0.980, 0.00, 0.000, 0.00, 0.000
29682,316640, 34.78, 0.00, 0.999, 0.000, 0.000, 0.000,0,0,0, 34.78, 0.999, 69.76, 0.989, 0.00, 0.000, 0.00, 0.000
29683,316650, 69.36, 0.00, 0.996, 0.000, 0.000, 0.000,0,0,0, 69.36, 0.996, 34.68, 0.987, 0.00, 0.000, 0.00, 0.000
29684,316661, 69.36, 0.00, 0.995, 0.000, 0.000, 0.000,0,0,0, 69.36, 0.995, 34.68, 0.986, 0.00, 0.000, 0.00, 0.000
29685,316672, 34.88, 0.00, 0.991, 0.000, 0.000, 0.000,0,0,0, 34.88, 0.991, 69.76, 0.991, 0.00, 0.000, 0.00, 0.000
29686,316682, 34.98, 0.00, 0.999, 0.000, 0.000, 0.000,0,0,0, 34.98, 0.999, 69.76, 0.995, 0.00, 0.000, 0.00, 0.000
29687,316693, 34.98, 0.00, 0.998, 0.000, 0.000, 0.000,0,0,0, 34.98, 0.998, 70.17, 0.997, 0.00, 0.000, 0.00, 0.000
29688,316704, 70.17, 0.00, 0.955, 0.000, 0.000, 0.000,0,0,0, 70.17, 0.955, 35.29, 0.942, 0.00, 0.000, 0.00, 0.000
29689,316714, 71.42, 0.00, 0.802, 0.000, 0.000, 0.000,0,0,0, 71.42, 0.802, 35.39, 0.668, 0.00, 0.000, 0.00, 0.000
29690,316725, 71.85, 0.00, 0.673, 0.000, 0.000, 0.000,0,0,0, 71.85, 0.673, 30.69, 0.530, 35.71, 0.415, 53.57, 0.280
29691,316736, 36.36, 0.00, 0.759, 0.000, 0.000, 0.000,0,0,0, 36.36, 0.759, 71.42, 0.356, 52.86, 0.043, 0.00, 0.000
29692,316746, 71.85, 0.00, 0.212, 0.000, 0.000, 0.000,0,0,0, 71.85, 0.212, 121.21, 0.123, 37.26, 0.066, 0.00, 0.000
29693,316757, 31.33, 0.00, 0.368, 0.000, 0.000, 0.000,0,0,0, 31.33, 0.368, 117.64, 0.318, 106.19, 0.260, 75.47, 0.071
29694,316768, 203.38, 0.00, 0.454, 0.000, 0.000, 0.000,0,0,0, 203.38, 0.454, 74.07, 0.367, 106.19, 0.253, 30.76, 0.228
29695,316778, 72.28, 0.00, 0.641, 0.000, 0.000, 0.000,0,0,0, 72.28, 0.641, 35.71, 0.469, 206.89, 0.457, 114.28, 0.391
29696,316789, 72.28, 0.00, 0.759, 0.000, 0.000, 0.000,0,0,0, 72.28, 0.759, 36.25, 0.620, 113.20, 0.383, 53.57, 0.377
29697,316800, 72.28, 0.00, 0.834, 0.000, 0.000, 0.000,0,0,0, 72.28, 0.834, 30.30, 0.748, 36.14, 0.679, 52.40, 0.528
29698,316810, 72.72, 0.00, 0.643, 0.000, 0.000, 0.000,0,0,0, 72.72, 0.643, 51.94, 0.427, 30.69, 0.391, 36.36, 0.391
29699,316821, 73.61, 0.00, 0.693, 0.000, 0.000, 0.000,0,0,0, 73.61, 0.693, 49.18, 0.678, 150.00, 0.417, 36.58, 0.349
29700,316832, 49.58, 0.00, 0.751, 0.000, 0.000, 0.000,0,0,0, 49.58, 0.751, 74.53, 0.738, 150.00, 0.621, 36.25, 0.500
29701,316842, 75.00, 0.00, 0.811, 0.000, 0.000, 0.000,0,0,0, 75.00, 0.811, 48.97, 0.750, 144.57, 0.660, 37.15, 0.623
29702,316853, 75.00, 0.00, 0.730, 0.000, 0.000, 0.000,0,0,0, 75.00, 0.730, 48.78, 0.697, 37.03, 0.595, 141.17, 0.575
29703,316864, 74.07, 0.00, 0.760, 0.000, 0.000, 0.000,0,0,0, 74.07, 0.760, 37.15, 0.731, 49.18, 0.491, 153.84, 0.401
29704,316874, 75.94, 0.00, 0.640, 0.000, 0.000, 0.000,0,0,0, 75.94, 0.640, 37.50, 0.485, 30.22, 0.382, 50.42, 0.373
29705,316885, 30.07, 0.00, 0.561, 0.000, 0.000, 0.000,0,0,0, 30.07, 0.561, 74.07, 0.533, 52.17, 0.285, 32.60, 0.248
29706,316896, 36.69, 0.00, 0.702, 0.000, 0.000, 0.000,0,0,0, 36.69, 0.702, 76.43, 0.572, 31.25, 0.248, 52.86, 0.179
29707,316906, 36.58, 0.00, 0.547, 0.000, 0.000, 0.000,0,0,0, 36.58, 0.547, 30.53, 0.522, 74.53, 0.468, 45.97, 0.251
29708,316917, 77.92, 0.00, 0.519, 0.000, 0.000, 0.000,0,0,0, 77.92, 0.519, 37.03, 0.452, 38.21, 0.400, 190.47, 0.184
29709,316928, 77.92, 0.00, 0.501, 0.000, 0.000, 0.000,0,0,0, 77.92, 0.501, 37.26, 0.368, 184.61, 0.287, 55.55, 0.241
29710,316938, 37.61, 0.00, 0.489, 0.000, 0.000, 0.000,0,0,0, 37.61, 0.489, 30.53, 0.433, 73.61, 0.405, 162.16, 0.233
29711,316949, 30.30, 0.00, 0.615, 0.000, 0.000, 0.000,0,0,0, 30.30, 0.615, 37.26, 0.573, 77.41, 0.469, 48.38, 0.327
29712,316960, 76.92, 0.00, 0.549, 0.000, 0.000, 0.000,0,0,0, 76.92, 0.549, 37.85, 0.481, 48.97, 0.345, 151.89, 0.016
29713,316970, 77.41, 0.00, 0.657, 0.000, 0.000, 0.000,0,0,0, 77.41, 0.657, 38.09, 0.493, 48.58, 0.368, 151.89, 0.029
29714,316981, 47.80, 0.00, 0.588, 0.000, 0.000, 0.000,0,0,0, 47.80, 0.588, 30.22, 0.442, 74.07, 0.384, 130.43, 0.020
29715,316992, 31.08, 0.00, 0.982, 0.000, 0.000, 0.000,0,0,0, 31.08, 0.982, 50.63, 0.533, 86.95, 0.381, 0.00, 0.000
29716,317002, 51.28, 0.00, 0.339, 0.000, 0.000, 0.000,0,0,0, 51.28, 0.339, 86.95, 0.211, 0.00, 0.000, 0.00, 0.000
29717,317013, 86.95, 0.00, 0.327, 0.000, 0.000, 0.000,0,0,0, 86.95, 0.327, 36.80, 0.120, 0.00, 0.000, 0.00, 0.000
29718,317024, 400.00, 0.00, 0.541, 0.000, 0.000, 0.000,0,0,0, 400.00, 0.541, 0.00, 0.000, 0.00, 0.000, 0.00, 0.000
29719,317034, 164.38, 0.00, 0.359, 0.000, 0.000, 0.000,0,0,0, 164.38, 0.359, 125.00, 0.222, 0.00, 0.000, 0.00, 0.000
29720,317045, 307.69, 0.00, 0.282, 0.000, 0.000, 0.000,0,0,0, 307.69, 0.282, 196.72, 0.250, 75.00, 0.220, 51.28, 0.162
29721,317056, 71.85, 0.00, 0.478, 0.000, 0.000, 0.000,0,0,0, 71.85, 0.478, 36.80, 0.352, 35.19, 0.284, 193.54, 0.219
29722,317066, 71.85, 0.00, 0.633, 0.000, 0.000, 0.000,0,0,0, 71.85, 0.633, 30.22, 0.316, 35.92, 0.300, 36.80, 0.298
29723,317077, 71.42, 0.00, 0.887, 0.000, 0.000, 0.000,0,0,0, 71.42, 0.887, 35.82, 0.833, 43.32, 0.072, 40.81, 0.066
29724,317088, 35.60, 0.00, 0.925, 0.000, 0.000, 0.000,0,0,0, 35.60, 0.925, 71.00, 0.917, 37.85, 0.114, 81.08, 0.104
29725,317098, 71.00, 0.00, 0.959, 0.000, 0.000, 0.000,0,0,0, 71.00, 0.959, 35.50, 0.898, 78.94, 0.118, 32.69, 0.099
29726,317109, 71.00, 0.00, 0.944, 0.000, 0.000, 0.000,0,0,0, 71.00, 0.944, 35.39, 0.919, 64.86, 0.167, 80.53, 0.056
29727,317120, 71.00, 0.00, 0.952, 0.000, 0.000, 0.000,0,0,0, 71.00, 0.952, 35.39, 0.907, 78.94, 0.120, 37.50, 0.118
29728,317130, 70.58, 0.00, 0.954, 0.000, 0.000, 0.000,0,0,0, 70.58, 0.954, 35.39, 0.946, 65.21, 0.135, 37.26, 0.124
29729,317141, 70.58, 0.00, 0.984, 0.000, 0.000, 0.000,0,0,0, 70.58, 0.984, 35.29, 0.975, 33.61, 0.167, 64.51, 0.152
29730,317152, 70.58, 0.00, 0.970, 0.000, 0.000, 0.000,0,0,0, 70.58, 0.970, 35.29, 0.968, 33.80, 0.322, 65.57, 0.219
29731,317162, 35.29, 0.00, 0.975, 0.000, 0.000, 0.000,0,0,0, 35.29, 0.975, 70.58, 0.966, 109.09, 0.019, 42.85, 0.012
29732,317173, 71.00, 0.00, 0.976, 0.000, 0.000, 0.000,0,0,0, 71.00, 0.976, 35.39, 0.942, 30.15, 0.025, 52.40, 0.007
29733,317184, 70.58, 0.00, 0.953, 0.000, 0.000, 0.000,0,0,0, 70.58, 0.953, 35.39, 0.948, 30.30, 0.105, 52.63, 0.029
29734,317194, 70.58, 0.00, 0.960, 0.000, 0.000, 0.000,0,0,0, 70.58, 0.960, 35.39, 0.950, 33.61, 0.262, 30.22, 0.035
29735,317205, 35.29, 0.00, 0.977, 0.000, 0.000, 0.000,0,0,0, 35.29, 0.977, 70.58, 0.974, 42.85, 0.057, 108.10, 0.031
29736,317216, 71.00, 0.00, 0.989, 0.000, 0.000, 0.000,0,0,0, 71.00, 0.989, 35.39, 0.976, 30.07, 0.021, 52.40, 0.021
29737,317226, 35.39, 0.00, 0.989, 0.000, 0.000, 0.000,0,0,0, 35.39, 0.989, 70.58, 0.984, 30.30, 0.197, 52.86, 0.083
29738,317237, 35.50, 0.00, 0.991, 0.000, 0.000, 0.000,0,0,0, 35.50, 0.991, 71.00, 0.980, 30.37, 0.047, 33.33, 0.031
29739,317248, 35.50, 0.00, 0.995, 0.000, 0.000, 0.000,0,0,0, 35.50, 0.995, 71.00, 0.981, 42.85, 0.007, 0.00, 0.000
29740,317258, 71.42, 0.00, 0.955, 0.000, 0.000, 0.000,0,0,0, 71.42, 0.955, 35.71, 0.927, 43.16, 0.014, 0.00, 0.000
29741,317269, 32.25, 0.00, 0.570, 0.000, 0.000, 0.000,0,0,0, 32.25, 0.570, 72.28, 0.388, 58.82, 0.227, 36.80, 0.202
29742,317280, 37.73, 0.00, 0.483, 0.000, 0.000, 0.000,0,0,0, 37.73, 0.483, 33.05, 0.429, 58.82, 0.378, 75.47, 0.358
29743,317290, 31.83, 0.00, 0.538, 0.000, 0.000, 0.000,0,0,0, 31.83, 0.538, 39.21, 0.367, 37.73, 0.365, 75.00, 0.273
29744,317301, 42.10, 0.00, 0.402, 0.000, 0.000, 0.000,0,0,0, 42.10, 0.402, 70.17, 0.379, 36.25, 0.364, 108.10, 0.364
29745,317312, 31.83, 0.00, 0.496, 0.000, 0.000, 0.000,0,0,0, 31.83, 0.496, 30.76, 0.494, 31.00, 0.492, 111.11, 0.485
29746,317322, 111.11, 0.00, 0.603, 0.000, 0.000, 0.000,0,0,0, 111.11, 0.603, 31.57, 0.490, 54.79, 0.427, 36.36, 0.383
29747,317333, 111.11, 0.00, 0.394, 0.000, 0.000, 0.000,0,0,0, 111.11, 0.394, 36.36, 0.344, 43.16, 0.257, 222.22, 0.252
29748,317344, 222.22, 0.00, 0.377, 0.000, 0.000, 0.000,0,0,0, 222.22, 0.377, 111.11, 0.230, 30.45, 0.204, 34.48, 0.101
29749,317354, 222.22, 0.00, 0.385, 0.000, 0.000, 0.000,0,0,0, 222.22, 0.385, 123.71, 0.224, 58.53, 0.094, 32.60, 0.088
29750,317365, 30.69, 0.00, 0.471, 0.000, 0.000, 0.000,0,0,0, 30.69, 0.471, 184.61, 0.093, 43.63, 0.007, 0.00, 0.000
29751,317376, 30.69, 0.00, 0.333, 0.000, 0.000, 0.000,0,0,0, 30.69, 0.333, 272.72, 0.192, 32.87, 0.169, 179.10, 0.167
29752,317386, 44.28, 0.00, 0.343, 0.000, 0.000, 0.000,0,0,0, 44.28, 0.343, 35.82, 0.307, 71.85, 0.243, 37.73, 0.182
29753,317397, 71.42, 0.00, 0.434, 0.000, 0.000, 0.000,0,0,0, 71.42, 0.434, 44.28, 0.308, 33.05, 0.223, 117.64, 0.214
29754,317408, 35.60, 0.00, 0.817, 0.000, 0.000, 0.000,0,0,0, 35.60, 0.817, 71.42, 0.742, 44.44, 0.292, 50.20, 0.283
29755,317418, 71.42, 0.00, 0.872, 0.000, 0.000, 0.000,0,0,0, 71.42, 0.872, 35.60, 0.827, 50.84, 0.344, 176.47, 0.307
29756,317429, 71.42, 0.00, 0.853, 0.000, 0.000, 0.000,0,0,0, 71.42, 0.853, 35.60, 0.745, 44.28, 0.328, 117.64, 0.310
29757,317440, 35.29, 0.00, 0.826, 0.000, 0.000, 0.000,0,0,0, 35.29, 0.826, 71.00, 0.813, 44.11, 0.415, 176.47, 0.294
29758,317450, 71.00, 0.00, 0.839, 0.000, 0.000, 0.000,0,0,0, 71.00, 0.839, 35.39, 0.800, 176.47, 0.297, 44.11, 0.286
29759,317461, 35.60, 0.00, 0.943, 0.000, 0.000, 0.000,0,0,0, 35.60, 0.943, 71.00, 0.938, 50.42, 0.326, 173.91, 0.305
29760,317472, 71.00, 0.00, 0.950, 0.000, 0.000, 0.000,0,0,0, 71.00, 0.950, 35.60, 0.876, 44.44, 0.418, 118.81, 0.353
29761,317482, 71.42, 0.00, 0.950, 0.000, 0.000, 0.000,0,0,0, 71.42, 0.950, 35.60, 0.892, 44.44, 0.384, 117.64, 0.355
29762,317493, 71.00, 0.00, 0.965, 0.000, 0.000, 0.000,0,0,0, 71.00, 0.965, 35.50, 0.945, 51.06, 0.336, 179.10, 0.336
29763,317504, 71.00, 0.00, 0.959, 0.000, 0.000, 0.000,0,0,0, 71.00, 0.959, 35.50, 0.936, 51.06, 0.357, 181.81, 0.322
29764,317514, 71.00, 0.00, 0.943, 0.000, 0.000, 0.000,0,0,0, 71.00, 0.943, 35.50, 0.859, 43.95, 0.336, 116.50, 0.330
29765,317525, 71.00, 0.00, 0.936, 0.000, 0.000, 0.000,0,0,0, 71.00, 0.936, 35.50, 0.851, 43.95, 0.364, 116.50, 0.323
29766,317536, 35.50, 0.00, 0.918, 0.000, 0.000, 0.000,0,0,0, 35.50, 0.918, 71.00, 0.896, 184.61, 0.274, 51.28, 0.249
29767,317546, 71.00, 0.00, 0.455, 0.000, 0.000, 0.000,0,0,0, 71.00, 0.455, 36.58, 0.406, 34.68, 0.235, 120.00, 0.210
29768,317557, 37.85, 0.00, 0.475, 0.000, 0.000, 0.000,0,0,0, 37.85, 0.475, 75.47, 0.362, 49.58, 0.299, 34.78, 0.184
29769,317568, 47.80, 0.00, 0.304, 0.000, 0.000, 0.000,0,0,0, 47.80, 0.304, 37.50, 0.277, 114.28, 0.226, 33.99, 0.225
29770,317578, 47.61, 0.00, 0.428, 0.000, 0.000, 0.000,0,0,0, 47.61, 0.428, 35.92, 0.346, 44.94, 0.345, 71.00, 0.253
29771,317589, 45.62, 0.00, 0.585, 0.000, 0.000, 0.000,0,0,0, 45.62, 0.585, 32.08, 0.511, 109.09, 0.388, 71.85, 0.200
29772,317600, 45.62, 0.00, 0.398, 0.000, 0.000, 0.000,0,0,0, 45.62, 0.398, 30.37, 0.369, 108.10, 0.357, 72.72, 0.214
29773,317610, 106.19, 0.00, 0.389, 0.000, 0.000, 0.000,0,0,0, 106.19, 0.389, 34.28, 0.359, 50.84, 0.237, 214.28, 0.141
29774,317621, 210.52, 0.00, 0.411, 0.000, 0.000, 0.000,0,0,0, 210.52, 0.411, 34.78, 0.231, 102.56, 0.231, 50.63, 0.156
29775,317632, 41.52, 0.00, 0.262, 0.000, 0.000, 0.000,0,0,0, 41.52, 0.262, 51.94, 0.243, 34.78, 0.045, 47.43, 0.040
29776,317642, 34.98, 0.00, 0.510, 0.000, 0.000, 0.000,0,0,0, 34.98, 0.510, 30.22, 0.415, 307.69, 0.223, 53.09, 0.209
29777,317653, 71.85, 0.00, 0.588, 0.000, 0.000, 0.000,0,0,0, 71.85, 0.588, 37.03, 0.363, 42.40, 0.260, 35.71, 0.214
29778,317664, 71.42, 0.00, 0.886, 0.000, 0.000, 0.000,0,0,0, 71.42, 0.886, 35.82, 0.873, 41.52, 0.236, 98.36, 0.144
29779,317674, 35.29, 0.00, 0.913, 0.000, 0.000, 0.000,0,0,0, 35.29, 0.913, 70.58, 0.874, 37.38, 0.268, 30.53, 0.250
29780,317685, 71.00, 0.00, 0.895, 0.000, 0.000, 0.000,0,0,0, 71.00, 0.895, 35.39, 0.893, 34.18, 0.296, 65.93, 0.230
29781,317696, 71.00, 0.00, 0.941, 0.000, 0.000, 0.000,0,0,0, 71.00, 0.941, 35.50, 0.878, 37.15, 0.292, 77.92, 0.276
29782,317706, 71.00, 0.00, 0.979, 0.000, 0.000, 0.000,0,0,0, 71.00, 0.979, 35.60, 0.948, 65.93, 0.284, 34.28, 0.258
29783,317717, 71.00, 0.00, 0.959, 0.000, 0.000, 0.000,0,0,0, 71.00, 0.959, 35.39, 0.956, 0.00, 0.000, 0.00, 0.000
29784,317728, 70.58, 0.00, 0.984, 0.000, 0.000, 0.000,0,0,0, 70.58, 0.984, 35.29, 0.976, 33.99, 0.445, 66.29, 0.422
29785,317738, 70.58, 0.00, 0.977, 0.000, 0.000, 0.000,0,0,0, 70.58, 0.977, 35.29, 0.971, 0.00, 0.000, 0.00, 0.000
29786,317749, 35.39, 0.00, 0.982, 0.000, 0.000, 0.000,0,0,0, 35.39, 0.982, 71.00, 0.975, 0.00, 0.000, 0.00, 0.000
29787,317760, 71.00, 0.00, 0.990, 0.000, 0.000, 0.000,0,0,0, 71.00, 0.990, 35.50, 0.987, 0.00, 0.000, 0.00, 0.000
29788,317770, 35.39, 0.00, 0.992, 0.000, 0.000, 0.000,0,0,0, 35.39, 0.992, 71.00, 0.989, 33.70, 0.384, 0.00, 0.000
29789,317781, 35.39, 0.00, 0.993, 0.000, 0.000, 0.000,0,0,0, 35.39, 0.993, 70.58, 0.986, 0.00, 0.000, 0.00, 0.000
29790,317792, 70.58, 0.00, 0.985, 0.000, 0.000, 0.000,0,0,0, 70.58, 0.985, 35.39, 0.983, 0.00, 0.000, 0.00, 0.000
29791,317802, 70.17, 0.00, 0.949, 0.000, 0.000, 0.000,0,0,0, 70.17, 0.949, 35.08, 0.903, 30.30, 0.053, 0.00, 0.000
29792,317813, 35.29, 0.00, 0.963, 0.000, 0.000, 0.000,0,0,0, 35.29, 0.963, 71.00, 0.907, 33.33, 0.254, 0.00, 0.000
29793,317824, 35.29, 0.00, 0.959, 0.000, 0.000, 0.000,0,0,0, 35.29, 0.959, 71.00, 0.911, 0.00, 0.000, 0.00, 0.000
29794,317834, 35.60, 0.00, 0.982, 0.000, 0.000, 0.000,0,0,0, 35.60, 0.982, 71.00, 0.980, 0.00, 0.000, 0.00, 0.000
29795,317845, 70.58, 0.00, 0.904, 0.000, 0.000, 0.000,0,0,0, 70.58, 0.904, 35.39, 0.822, 32.78, 0.368, 61.53, 0.195
29796,317856, 70.58, 0.00, 0.911, 0.000, 0.000, 0.000,0,0,0, 70.58, 0.911, 35.29, 0.836, 61.22, 0.186, 82.19, 0.126
29797,317866, 35.29, 0.00, 0.993, 0.000, 0.000, 0.000,0,0,0, 35.29, 0.993, 70.58, 0.822, 82.75, 0.152, 61.53, 0.108
29798,317877, 70.58, 0.00, 0.904, 0.000, 0.000, 0.000,0,0,0, 70.58, 0.904, 35.19, 0.818, 37.97, 0.286, 82.75, 0.145
29799,317888, 33.51, 0.00, 0.833, 0.000, 0.000, 0.000,0,0,0, 33.51, 0.833, 69.76, 0.691, 0.00, 0.000, 0.00, 0.000
29800,317898, 34.09, 0.00, 0.786, 0.000, 0.000, 0.000,0,0,0, 34.09, 0.786, 64.51, 0.657, 69.36, 0.628, 30.30, 0.241
29801,317909, 34.09, 0.00, 0.829, 0.000, 0.000, 0.000,0,0,0, 34.09, 0.829, 69.36, 0.593, 42.25, 0.017, 108.10, 0.002
29802,317920, 70.58, 0.00, 0.858, 0.000, 0.000, 0.000,0,0,0, 70.58, 0.858, 35.82, 0.812, 50.84, 0.065, 181.81, 0.037
29803,317930, 32.08, 0.00, 0.687, 0.000, 0.000, 0.000,0,0,0, 32.08, 0.687, 68.96, 0.504, 34.28, 0.214, 41.09, 0.108
29804,317941, 31.83, 0.00, 0.564, 0.000, 0.000, 0.000,0,0,0, 31.83, 0.564, 59.11, 0.472, 51.50, 0.230, 68.57, 0.182
29805,317952, 31.49, 0.00, 0.716, 0.000, 0.000, 0.000,0,0,0, 31.49, 0.716, 38.09, 0.248, 45.45, 0.223, 59.70, 0.174
29806,317962, 40.26, 0.00, 0.580, 0.000, 0.000, 0.000,0,0,0, 40.26, 0.580, 37.15, 0.477, 45.45, 0.277, 65.21, 0.111
29807,317973, 41.09, 0.00, 0.586, 0.000, 0.000, 0.000,0,0,0, 41.09, 0.586, 37.03, 0.539, 45.28, 0.189, 55.55, 0.042
29808,317984, 40.81, 0.00, 0.384, 0.000, 0.000, 0.000,0,0,0, 40.81, 0.384, 54.29, 0.366, 42.85, 0.332, 47.43, 0.282
29809,317994, 54.29, 0.00, 0.413, 0.000, 0.000, 0.000,0,0,0, 54.29, 0.413, 47.43, 0.359, 333.33, 0.269, 67.03, 0.268
29810,318005, 30.07, 0.00, 0.631, 0.000, 0.000, 0.000,0,0,0, 30.07, 0.631, 32.08, 0.447, 66.29, 0.434, 65.21, 0.433
29811,318016, 55.04, 0.00, 0.275, 0.000, 0.000, 0.000,0,0,0, 55.04, 0.275, 64.51, 0.254, 33.61, 0.175, 279.06, 0.123
29812,318026, 45.45, 0.00, 0.533, 0.000, 0.000, 0.000,0,0,0, 45.45, 0.533, 55.29, 0.445, 61.53, 0.180, 266.66, 0.062
29813,318037, 55.29, 0.00, 0.482, 0.000, 0.000, 0.000,0,0,0, 55.29, 0.482, 45.80, 0.428, 49.38, 0.391, 42.55, 0.303
29814,318048, 55.04, 0.00, 0.707, 0.000, 0.000, 0.000,0,0,0, 55.04, 0.707, 42.40, 0.109, 68.96, 0.090, 32.43, 0.061
29815,318058, 53.09, 0.00, 0.703, 0.000, 0.000, 0.000,0,0,0, 53.09, 0.703, 30.30, 0.453, 75.94, 0.044, 41.09, 0.009
29816,318069, 54.79, 0.00, 0.522, 0.000, 0.000, 0.000,0,0,0, 54.79, 0.522, 32.69, 0.249, 65.93, 0.190, 203.38, 0.062
29817,318080, 55.81, 0.00, 0.369, 0.000, 0.000, 0.000,0,0,0, 55.81, 0.369, 67.03, 0.292, 70.58, 0.242, 203.38, 0.082
29818,318090, 30.84, 0.00, 0.588, 0.000, 0.000, 0.000,0,0,0, 30.84, 0.588, 56.87, 0.418, 67.41, 0.341, 214.28, 0.145
29819,318101, 47.61, 0.00, 0.628, 0.000, 0.000, 0.000,0,0,0, 47.61, 0.628, 56.87, 0.389, 33.14, 0.009, 0.00, 0.000
29820,318112, 48.00, 0.00, 0.569, 0.000, 0.000, 0.000,0,0,0, 48.00, 0.569, 0.00, 0.000, 0.00, 0.000, 0.00, 0.000
29821,318122, 31.08, 0.00, 0.997, 0.000, 0.000, 0.000,0,0,0, 31.08, 0.997, 0.00, 0.000, 0.00, 0.000, 0.00, 0.000
29822,318133, 400.00, 0.00, 0.586, 0.000, 0.000, 0.000,0,0,0, 400.00, 0.586, 0.00, 0.000, 0.00, 0.000, 0.00, 0.000
29823,318144, 36.92, 0.00, 0.581, 0.000, 0.000, 0.000,0,0,0, 36.92, 0.581, 0.00, 0.000, 0.00, 0.000, 0.00, 0.000
29824,318154, 42.85, 0.00, 0.029, 0.000, 0.000, 0.000,0,0,0, 42.85, 0.029, 0.00, 0.000, 0.00, 0.000, 0.00, 0.000
29825,318165, 400.00, 0.00, 0.552, 0.000, 0.000, 0.000,0,0,0, 400.00, 0.552, 0.00, 0.000, 0.00, 0.000, 0.00, 0.000
29826,318176, 400.00, 0.00, 0.552, 0.000, 0.000, 0.000,0,0,0, 400.00, 0.552, 0.00, 0.000, 0.00, 0.000, 0.00, 0.000
29827,318186, 32.43, 0.00, 0.716, 0.000, 0.000, 0.000,0,0,0, 32.43, 0.716, 30.84, 0.682, 67.41, 0.135, 0.00, 0.000
29828,318197, 400.00, 0.00, 0.605, 0.000, 0.000, 0.000,0,0,0, 400.00, 0.605, 0.00, 0.000, 0.00, 0.000, 0.00, 0.000
29829,318208, 400.00, 0.00, 0.404, 0.000, 0.000, 0.000,0,0,0, 400.00, 0.404, 0.00, 0.000, 0.00, 0.000, 0.00, 0.000
29830,318218, 400.00, 0.00, 0.537, 0.000, 0.000, 0.000,0,0,0, 400.00, 0.537, 0.00, 0.000, 0.00, 0.000, 0.00, 0.000
29831,318229, 400.00, 0.00, 0.473, 0.000, 0.000, 0.000,0,0,0, 400.00, 0.473, 0.00, 0.000, 0.00, 0.000, 0.00, 0.000
29832,318240, 36.14, 0.00, 0.689, 0.000, 0.000, 0.000,0,0,0, 36.14, 0.689, 0.00, 0.000, 0.00, 0.000, 0.00, 0.000
29833,318250, 36.80, 0.00, 0.999, 0.000, 0.000, 0.000,0,0,0, 36.80, 0.999, 37.03, 0.999, 37.38, 0.999, 37.61, 0.999
29834,318261, 32.69, 0.00, 0.998, 0.000, 0.000, 0.000,0,0,0, 32.69, 0.998, 0.00, 0.000, 0.00, 0.000, 0.00, 0.000
29835,318272, 400.00, 0.00, 0.447, 0.000, 0.000, 0.000,0,0,0, 400.00, 0.447, 0.00, 0.000, 0.00, 0.000, 0.00, 0.000
29836,318282, 400.00, 0.00, 0.440, 0.000, 0.000, 0.000,0,0,0, 400.00, 0.440, 0.00, 0.000, 0.00, 0.000, 0.00, 0.000
29837,318293, 30.00, 0.00, 0.652, 0.000, 0.000, 0.000,0,0,0, 30.00, 0.652, 0.00, 0.000, 0.00, 0.000, 0.00, 0.000
29838,318304, 33.14, 0.00, 0.609, 0.000, 0.000, 0.000,0,0,0, 33.14, 0.609, 179.10, 0.234, 0.00, 0.000, 0.00, 0.000
29839,318314, 179.10, 0.00, 0.241, 0.000, 0.000, 0.000,0,0,0, 179.10, 0.241, 71.42, 0.029, 0.00, 0.000, 0.00, 0.000
29840,318325, 34.68, 0.00, 0.357, 0.000, 0.000, 0.000,0,0,0, 34.68, 0.357, 176.47, 0.225, 83.91, 0.074, 0.00, 0.000
29841,318336, 266.66, 0.00, 0.244, 0.000, 0.000, 0.000,0,0,0, 266.66, 0.244, 34.38, 0.042, 80.00, 0.000, 0.00, 0.000
29842,318346, 32.69, 0.00, 0.999, 0.000, 0.000, 0.000,0,0,0, 32.69, 0.999, 32.52, 0.999, 31.25, 0.999, 32.34, 0.999
29843,318357, 400.00, 0.00, 0.507, 0.000, 0.000, 0.000,0,0,0, 400.00, 0.507, 0.00, 0.000, 0.00, 0.000, 0.00, 0.000
29844,318368, 400.00, 0.00, 0.541, 0.000, 0.000, 0.000,0,0,0, 400.00, 0.541, 0.00, 0.000, 0.00, 0.000, 0.00, 0.000
29845,318378, 400.00, 0.00, 0.614, 0.000, 0.000, 0.000,0,0,0, 400.00, 0.614, 0.00, 0.000, 0.00, 0.000, 0.00, 0.000
29846,318389, 39.08, 0.00, 0.011, 0.000, 0.000, 0.000,0,0,0, 39.08, 0.011, 0.00, 0.000, 0.00, 0.000, 0.00, 0.000
29847,318400, 400.00, 0.00, 0.537, 0.000, 0.000, 0.000,0,0,0, 400.00, 0.537, 0.00, 0.000, 0.00, 0.000, 0.00, 0.000
29848,318410, 75.94, 0.00, 0.259, 0.000, 0.000, 0.000,0,0,0, 75.94, 0.259, 0.00, 0.000, 0.00, 0.000, 0.00, 0.000
29849,318421, 46.69, 0.00, 0.595, 0.000, 0.000, 0.000,0,0,0, 46.69, 0.595, 31.91, 0.248, 0.00, 0.000, 0.00, 0.000
29850,318432, 46.69, 0.00, 0.558, 0.000, 0.000, 0.000,0,0,0, 46.69, 0.558, 40.13, 0.401, 52.63, 0.260, 0.00, 0.000
29851,318442, 30.53, 0.00, 0.560, 0.000, 0.000, 0.000,0,0,0, 30.53, 0.560, 40.00, 0.528, 46.51, 0.347, 53.81, 0.267
29852,318453, 40.95, 0.00, 0.637, 0.000, 0.000, 0.000,0,0,0, 40.95, 0.637, 0.00, 0.000, 0.00, 0.000, 0.00, 0.000
29853,318464, 260.86, 0.00, 0.409, 0.000, 0.000, 0.000,0,0,0, 260.86, 0.409, 0.00, 0.000, 0.00, 0.000, 0.00, 0.000
29854,318474, 400.00, 0.00, 0.535, 0.000, 0.000, 0.000,0,0,0, 400.00, 0.535, 0.00, 0.000, 0.00, 0.000, 0.00, 0.000
29855,318485, 400.00, 0.00, 0.605, 0.000, 0.000, 0.000,0,0,0, 400.00, 0.605, 0.00, 0.000, 0.00, 0.000, 0.00, 0.000
29856,318496, 400.00, 0.00, 0.563, 0.000, 0.000, 0.000,0,0,0, 400.00, 0.563, 0.00, 0.000, 0.00, 0.000, 0.00, 0.000
29857,318506, 32.08, 0.00, 0.108, 0.000, 0.000, 0.000,0,0,0, 32.08, 0.108, 0.00, 0.000, 0.00, 0.000, 0.00, 0.000
29858,318517, 30.76, 0.00, 0.466, 0.000, 0.000, 0.000,0,0,0, 30.76, 0.466, 99.17, 0.262, 0.00, 0.000, 0.00, 0.000
29859,318528, 41.09, 0.00, 0.326, 0.000, 0.000, 0.000,0,0,0, 41.09, 0.326, 96.77, 0.316, 0.00, 0.000, 0.00, 0.000
29860,318538, 39.60, 0.00, 0.352, 0.000, 0.000, 0.000,0,0,0, 39.60, 0.352, 32.00, 0.319, 47.43, 0.226, 96.77, 0.216
29861,318549, 47.43, 0.00, 0.454, 0.000, 0.000, 0.000,0,0,0, 47.43, 0.454, 40.00, 0.343, 100.84, 0.184, 0.00, 0.000
29862,318560, 49.58, 0.00, 0.480, 0.000, 0.000, 0.000,0,0,0, 49.58, 0.480, 57.14, 0.062, 0.00, 0.000, 0.00, 0.000
29863,318570, 56.87, 0.00, 0.376, 0.000, 0.000, 0.000,0,0,0, 56.87, 0.376, 52.40, 0.285, 33.51, 0.207, 38.58, 0.076
29864,318581, 34.68, 0.00, 0.277, 0.000, 0.000, 0.000,0,0,0, 34.68, 0.277, 59.70, 0.016, 0.00, 0.000, 0.00, 0.000
29865,318592, 42.70, 0.00, 0.493, 0.000, 0.000, 0.000,0,0,0, 42.70, 0.493, 61.85, 0.191, 0.00, 0.000, 0.00, 0.000
29866,318602, 42.40, 0.00, 0.383, 0.000, 0.000, 0.000,0,0,0, 42.40, 0.383, 157.89, 0.248, 117.64, 0.241, 30.30, 0.214
29867,318613, 90.90, 0.00, 0.100, 0.000, 0.000, 0.000,0,0,0, 90.90, 0.100, 44.44, 0.030, 0.00, 0.000, 0.00, 0.000
29868,318624, 35.29, 0.00, 0.548, 0.000, 0.000, 0.000,0,0,0, 35.29, 0.548, 45.62, 0.477, 0.00, 0.000, 0.00, 0.000
29869,318634, 45.45, 0.00, 0.496, 0.000, 0.000, 0.000,0,0,0, 45.45, 0.496, 32.60, 0.269, 203.38, 0.068, 0.00, 0.000
29870,318645, 400.00, 0.00, 0.546, 0.000, 0.000, 0.000,0,0,0, 400.00, 0.546, 0.00, 0.000, 0.00, 0.000, 0.00, 0.000
29871,318656, 400.00, 0.00, 0.538, 0.000, 0.000, 0.000,0,0,0, 400.00, 0.538, 0.00, 0.000, 0.00, 0.000, 0.00, 0.000
29872,318666, 400.00, 0.00, 0.578, 0.000, 0.000, 0.000,0,0,0, 400.00, 0.578, 0.00, 0.000, 0.00, 0.000, 0.00, 0.000
29873,318677, 42.10, 0.00, 0.043, 0.000, 0.000, 0.000,0,0,0, 42.10, 0.043, 0.00, 0.000, 0.00, 0.000, 0.00, 0.000
29874,318688, 42.40, 0.00, 0.701, 0.000, 0.000, 0.000,0,0,0, 42.40, 0.701, 0.00, 0.000, 0.00, 0.000, 0.00, 0.000
29875,318698, 37.03, 0.00, 1.000, 0.000, 0.000, 0.000,0,0,0, 37.03, 1.000, 36.80, 1.000, 36.58, 1.000, 36.36, 1.000
29876,318709, 171.42, 0.00, 0.843, 0.000, 0.000, 0.000,0,0,0, 171.42, 0.843, 0.00, 0.000, 0.00, 0.000, 0.00, 0.000
29877,318720, 68.18, 0.00, 0.517, 0.000, 0.000, 0.000,0,0,0, 68.18, 0.517, 0.00, 0.000, 0.00, 0.000, 0.00, 0.000
29878,318730, 65.57, 0.00, 0.402, 0.000, 0.000, 0.000,0,0,0, 65.57, 0.402, 0.00, 0.000, 0.00, 0.000, 0.00, 0.000
29879,318741, 36.92, 0.00, 0.285, 0.000, 0.000, 0.000,0,0,0, 36.92, 0.285, 31.41, 0.239, 42.85, 0.028, 0.00, 0.000
29880,318752, 400.00, 0.00, 0.545, 0.000, 0.000, 0.000,0,0,0, 400.00, 0.545, 0.00, 0.000, 0.00, 0.000, 0.00, 0.000
29881,318762, 400.00, 0.00, 0.582, 0.000, 0.000, 0.000,0,0,0, 400.00, 0.582, 0.00, 0.000, 0.00, 0.000, 0.00, 0.000
29882,318773, 30.00, 0.00, 0.734, 0.000, 0.000, 0.000,0,0,0, 30.00, 0.734, 0.00, 0.000, 0.00, 0.000, 0.00, 0.000
29883,318784, 400.00, 0.00, 0.520, 0.000, 0.000, 0.000,0,0,0, 400.00, 0.520, 0.00, 0.000, 0.00, 0.000, 0.00, 0.000
29884,318794, 32.00, 0.00, 0.740, 0.000, 0.000, 0.000,0,0,0, 32.00, 0.740, 36.92, 0.645, 0.00, 0.000, 0.00, 0.000
29885,318805, 36.92, 0.00, 0.983, 0.000, 0.000, 0.000,0,0,0, 36.92, 0.983, 0.00, 0.000, 0.00, 0.000, 0.00, 0.000
29886,318816, 51.50, 0.00, 0.049, 0.000, 0.000, 0.000,0,0,0, 51.50, 0.049, 42.25, 0.045, 0.00, 0.000, 0.00, 0.000
29887,318826, 400.00, 0.00, 0.567, 0.000, 0.000, 0.000,0,0,0, 400.00, 0.567, 0.00, 0.000, 0.00, 0.000, 0.00, 0.000
29888,318837, 30.22, 0.00, 0.999, 0.000, 0.000, 0.000,0,0,0, 30.22, 0.999, 30.37, 0.999, 30.69, 0.999, 30.84, 0.999
29889,318848, 112.14, 0.00, 0.086, 0.000, 0.000, 0.000,0,0,0, 112.14, 0.086, 0.00, 0.000, 0.00, 0.000, 0.00, 0.000
29890,318858, 111.11, 0.00, 0.160, 0.000, 0.000, 0.000,0,0,0, 111.11, 0.160, 95.23, 0.122, 0.00, 0.000, 0.00, 0.000
29891,318869, 111.11, 0.00, 0.160, 0.000, 0.000, 0.000,0,0,0, 111.11, 0.160, 95.23, 0.123, 50.20, 0.074, 49.58, 0.072
29892,318880, 108.10, 0.00, 0.905, 0.000, 0.000, 0.000,0,0,0, 108.10, 0.905, 105.26, 0.880, 89.55, 0.858, 32.60, 0.812
29893,318890, 400.00, 0.00, 0.980, 0.000, 0.000, 0.000,0,0,0, 400.00, 0.980, 0.00, 0.000, 0.00, 0.000, 0.00, 0.000
29894,318901, 400.00, 0.00, 0.803, 0.000, 0.000, 0.000,0,0,0, 400.00, 0.803, 0.00, 0.000, 0.00, 0.000, 0.00, 0.000
29895,318912, 39.47, 0.00, 0.707, 0.000, 0.000, 0.000,0,0,0, 39.47, 0.707, 0.00, 0.000, 0.00, 0.000, 0.00, 0.000
29896,318922, 39.60, 0.00, 0.537, 0.000, 0.000, 0.000,0,0,0, 39.60, 0.537, 0.00, 0.000, 0.00, 0.000, 0.00, 0.000
29897,318933, 400.00, 0.00, 0.566, 0.000, 0.000, 0.000,0,0,0, 400.00, 0.566, 0.00, 0.000, 0.00, 0.000, 0.00, 0.000
29898,318944, 35.92, 0.00, 0.619, 0.000, 0.000, 0.000,0,0,0, 35.92, 0.619, 61.85, 0.308, 0.00, 0.000, 0.00, 0.000
29899,318954, 272.72, 0.00, 0.131, 0.000, 0.000, 0.000,0,0,0, 272.72, 0.131, 103.44, 0.019, 63.82, 0.001, 0.00, 0.000
29900,318965, 33.70, 0.00, 0.642, 0.000, 0.000, 0.000,0,0,0, 33.70, 0.642, 67.79, 0.545, 0.00, 0.000, 0.00, 0.000
29901,318976, 67.41, 0.00, 0.405, 0.000, 0.000, 0.000,0,0,0, 67.41, 0.405, 36.58, 0.049, 0.00, 0.000, 0.00, 0.000
29902,318986, 32.78, 0.00, 0.618, 0.000, 0.000, 0.000,0,0,0, 32.78, 0.618, 67.79, 0.318, 0.00, 0.000, 0.00, 0.000
29903,318997, 30.45, 0.00, 0.989, 0.000, 0.000, 0.000,0,0,0, 30.45, 0.989, 0.00, 0.000, 0.00, 0.000, 0.00, 0.000
29904,319008, 36.47, 0.00, 0.849, 0.000, 0.000, 0.000,0,0,0, 36.47, 0.849, 40.95, 0.565, 0.00, 0.000, 0.00, 0.000
29905,319018, 40.95, 0.00, 0.988, 0.000, 0.000, 0.000,0,0,0, 40.95, 0.988, 0.00, 0.000, 0.00, 0.000, 0.00, 0.000
29906,319029, 40.81, 0.00, 0.997, 0.000, 0.000, 0.000,0,0,0, 40.81, 0.997, 0.00, 0.000, 0.00, 0.000, 0.00, 0.000
29907,319040, 33.80, 0.00, 0.777, 0.000, 0.000, 0.000,0,0,0, 33.80, 0.777, 42.85, 0.403, 164.38, 0.036, 0.00, 0.000
29908,319050, 34.58, 0.00, 0.423, 0.000, 0.000, 0.000,0,0,0, 34.58, 0.423, 164.38, 0.178, 40.81, 0.019, 0.00, 0.000
29909,319061, 30.53, 0.00, 0.610, 0.000, 0.000, 0.000,0,0,0, 30.53, 0.610, 35.92, 0.243, 126.31, 0.167, 105.26, 0.107
29910,319072, 35.92, 0.00, 0.718, 0.000, 0.000, 0.000,0,0,0, 35.92, 0.718, 104.34, 0.365, 51.94, 0.364, 118.81, 0.341
29911,319082, 46.51, 0.00, 0.512, 0.000, 0.000, 0.000,0,0,0, 46.51, 0.512, 31.66, 0.370, 35.08, 0.324, 99.17, 0.219
29912,319093, 36.14, 0.00, 0.605, 0.000, 0.000, 0.000,0,0,0, 36.14, 0.605, 48.97, 0.351, 125.00, 0.308, 53.81, 0.275
29913,319104, 30.22, 0.00, 0.458, 0.000, 0.000, 0.000,0,0,0, 30.22, 0.458, 50.84, 0.286, 39.47, 0.233, 53.57, 0.214
29914,319114, 72.72, 0.00, 0.289, 0.000, 0.000, 0.000,0,0,0, 72.72, 0.289, 37.38, 0.255, 50.63, 0.248, 54.29, 0.226
29915,319125, 55.81, 0.00, 0.696, 0.000, 0.000, 0.000,0,0,0, 55.81, 0.696, 34.88, 0.259, 0.00, 0.000, 0.00, 0.000
29916,319136, 57.41, 0.00, 0.327, 0.000, 0.000, 0.000,0,0,0, 57.41, 0.327, 48.38, 0.311, 333.33, 0.179, 31.16, 0.069
29917,319146, 41.37, 0.00, 0.490, 0.000, 0.000, 0.000,0,0,0, 41.37, 0.490, 47.80, 0.473, 56.07, 0.441, 65.57, 0.102
29918,319157, 56.07, 0.00, 0.628, 0.000, 0.000, 0.000,0,0,0, 56.07, 0.628, 47.61, 0.341, 0.00, 0.000, 0.00, 0.000
29919,319168, 56.33, 0.00, 0.585, 0.000, 0.000, 0.000,0,0,0, 56.33, 0.585, 33.61, 0.509, 83.33, 0.208, 67.41, 0.100
29920,319178, 34.98, 0.00, 0.819, 0.000, 0.000, 0.000,0,0,0, 34.98, 0.819, 96.00, 0.273, 52.86, 0.259, 57.69, 0.114
29921,319189, 31.08, 0.00, 0.935, 0.000, 0.000, 0.000,0,0,0, 31.08, 0.935, 96.77, 0.660, 48.78, 0.588, 0.00, 0.000
29922,319200, 98.36, 0.00, 0.431, 0.000, 0.000, 0.000,0,0,0, 98.36, 0.431, 49.38, 0.333, 37.97, 0.323, 0.00, 0.000
29923,319210, 31.66, 0.00, 0.556, 0.000, 0.000, 0.000,0,0,0, 31.66, 0.556, 34.78, 0.186, 51.06, 0.166, 36.36, 0.131
29924,319221, 32.60, 0.00, 0.559, 0.000, 0.000, 0.000,0,0,0, 32.60, 0.559, 63.15, 0.327, 67.03, 0.311, 0.00, 0.000
29925,319232, 76.43, 0.00, 0.348, 0.000, 0.000, 0.000,0,0,0, 76.43, 0.348, 36.14, 0.203, 52.17, 0.015, 0.00, 0.000
29926,319242, 31.33, 0.00, 0.617, 0.000, 0.000, 0.000,0,0,0, 31.33, 0.617, 85.10, 0.499, 51.06, 0.449, 44.44, 0.430
29927,319253, 49.58, 0.00, 0.562, 0.000, 0.000, 0.000,0,0,0, 49.58, 0.562, 35.92, 0.244, 99.17, 0.204, 0.00, 0.000
29928,319264, 49.58, 0.00, 0.508, 0.000, 0.000, 0.000,0,0,0, 49.58, 0.508, 56.60, 0.367, 96.77, 0.338, 35.82, 0.318
29929,319274, 35.92, 0.00, 0.323, 0.000, 0.000, 0.000,0,0,0, 35.92, 0.323, 56.87, 0.282, 96.77, 0.196, 74.53, 0.054
29930,319285, 30.22, 0.00, 0.858, 0.000, 0.000, 0.000,0,0,0, 30.22, 0.858, 72.28, 0.353, 38.33, 0.174, 142.85, 0.156
29931,319296, 32.08, 0.00, 0.449, 0.000, 0.000, 0.000,0,0,0, 32.08, 0.449, 44.11, 0.417, 139.53, 0.153, 66.66, 0.087
29932,319306, 37.03, 0.00, 0.743, 0.000, 0.000, 0.000,0,0,0, 37.03, 0.743, 49.38, 0.595, 142.85, 0.144, 0.00, 0.000
29933,319317, 49.58, 0.00, 0.593, 0.000, 0.000, 0.000,0,0,0, 49.58, 0.593, 73.61, 0.165, 57.41, 0.130, 0.00, 0.000
29934,319328, 30.07, 0.00, 0.743, 0.000, 0.000, 0.000,0,0,0, 30.07, 0.743, 72.72, 0.449, 32.08, 0.312, 59.70, 0.206
29935,319338, 73.17, 0.00, 0.614, 0.000, 0.000, 0.000,0,0,0, 73.17, 0.614, 37.38, 0.552, 0.00, 0.000, 0.00, 0.000
29936,319349, 43.47, 0.00, 0.478, 0.000, 0.000, 0.000,0,0,0, 43.47, 0.478, 96.00, 0.465, 46.33, 0.447, 0.00, 0.000
29937,319360, 50.63, 0.00, 0.432, 0.000, 0.000, 0.000,0,0,0, 50.63, 0.432, 98.36, 0.417, 48.38, 0.411, 30.37, 0.239
29938,319370, 35.82, 0.00, 0.719, 0.000, 0.000, 0.000,0,0,0, 35.82, 0.719, 54.05, 0.619, 100.84, 0.422, 0.00, 0.000
29939,319381, 54.54, 0.00, 0.649, 0.000, 0.000, 0.000,0,0,0, 54.54, 0.649, 37.85, 0.278, 123.71, 0.081, 0.00, 0.000
29940,319392, 39.60, 0.00, 0.643, 0.000, 0.000, 0.000,0,0,0, 39.60, 0.643, 59.40, 0.226, 121.21, 0.157, 0.00, 0.000
29941,319402, 39.86, 0.00, 0.453, 0.000, 0.000, 0.000,0,0,0, 39.86, 0.453, 104.34, 0.180, 59.70, 0.136, 56.87, 0.120
29942,319413, 51.06, 0.00, 0.582, 0.000, 0.000, 0.000,0,0,0, 51.06, 0.582, 108.10, 0.378, 37.03, 0.373, 0.00, 0.000
29943,319424, 33.99, 0.00, 0.674, 0.000, 0.000, 0.000,0,0,0, 33.99, 0.674, 50.42, 0.637, 103.44, 0.601, 0.00, 0.000
29944,319434, 51.06, 0.00, 0.539, 0.000, 0.000, 0.000,0,0,0, 51.06, 0.539, 106.19, 0.371, 34.78, 0.273, 0.00, 0.000
29945,319445, 36.92, 0.00, 0.451, 0.000, 0.000, 0.000,0,0,0, 36.92, 0.451, 107.14, 0.333, 56.87, 0.153, 0.00, 0.000
29946,319456, 56.87, 0.00, 0.184, 0.000, 0.000, 0.000,0,0,0, 56.87, 0.184, 173.91, 0.166, 0.00, 0.000, 0.00, 0.000
29947,319466, 36.80, 0.00, 0.516, 0.000, 0.000, 0.000,0,0,0, 36.80, 0.516, 30.30, 0.410, 176.47, 0.269, 93.02, 0.088
29948,319477, 36.80, 0.00, 0.600, 0.000, 0.000, 0.000,0,0,0, 36.80, 0.600, 78.43, 0.397, 0.00, 0.000, 0.00, 0.000
29949,319488, 48.78, 0.00, 0.470, 0.000, 0.000, 0.000,0,0,0, 48.78, 0.470, 75.94, 0.394, 150.00, 0.169, 0.00, 0.000
29950,319498, 74.07, 0.00, 0.508, 0.000, 0.000, 0.000,0,0,0, 74.07, 0.508, 49.18, 0.322, 37.85, 0.294, 146.34, 0.194
29951,319509, 148.14, 0.00, 0.352, 0.000, 0.000, 0.000,0,0,0, 148.14, 0.352, 74.07, 0.252, 51.94, 0.174, 0.00, 0.000
29952,319520, 144.57, 0.00, 0.564, 0.000, 0.000, 0.000,0,0,0, 144.57, 0.564, 78.43, 0.210, 80.00, 0.210, 77.41, 0.210
29953,319530, 129.03, 0.00, 0.163, 0.000, 0.000, 0.000,0,0,0, 129.03, 0.163, 0.00, 0.000, 0.00, 0.000, 0.00, 0.000
29954,319541, 107.14, 0.00, 0.253, 0.000, 0.000, 0.000,0,0,0, 107.14, 0.253, 0.00, 0.000, 0.00, 0.000, 0.00, 0.000
29955,319552, 37.15, 0.00, 0.159, 0.000, 0.000, 0.000,0,0,0, 37.15, 0.159, 108.10, 0.130, 49.79, 0.039, 0.00, 0.000
29956,319562, 36.69, 0.00, 0.625, 0.000, 0.000, 0.000,0,0,0, 36.69, 0.625, 0.00, 0.000, 0.00, 0.000, 0.00, 0.000
29957,319573, 36.47, 0.00, 0.991, 0.000, 0.000, 0.000,0,0,0, 36.47, 0.991, 32.52, 0.714, 0.00, 0.000, 0.00, 0.000
29958,319584, 38.70, 0.00, 0.925, 0.000, 0.000, 0.000,0,0,0, 38.70, 0.925, 41.09, 0.710, 0.00, 0.000, 0.00, 0.000
29959,319594, 41.09, 0.00, 0.762, 0.000, 0.000, 0.000,0,0,0, 41.09, 0.762, 32.87, 0.133, 0.00, 0.000, 0.00, 0.000
29960,319605, 44.28, 0.00, 0.781, 0.000, 0.000, 0.000,0,0,0, 44.28, 0.781, 36.80, 0.395, 88.88, 0.043, 0.00, 0.000
29961,319616, 43.79, 0.00, 0.810, 0.000, 0.000, 0.000,0,0,0, 43.79, 0.810, 87.59, 0.261, 31.83, 0.035, 0.00, 0.000
29962,319626, 43.95, 0.00, 0.809, 0.000, 0.000, 0.000,0,0,0, 43.95, 0.809, 88.88, 0.382, 32.69, 0.067, 0.00, 0.000
29963,319637, 42.70, 0.00, 0.668, 0.000, 0.000, 0.000,0,0,0, 42.70, 0.668, 86.95, 0.230, 0.00, 0.000, 0.00, 0.000
29964,319648, 42.40, 0.00, 0.513, 0.000, 0.000, 0.000,0,0,0, 42.40, 0.513, 90.22, 0.061, 0.00, 0.000, 0.00, 0.000
29965,319658, 40.00, 0.00, 0.611, 0.000, 0.000, 0.000,0,0,0, 40.00, 0.611, 0.00, 0.000, 0.00, 0.000, 0.00, 0.000
29966,319669, 32.96, 0.00, 0.981, 0.000, 0.000, 0.000,0,0,0, 32.96, 0.981, 0.00, 0.000, 0.00, 0.000, 0.00, 0.000
29967,319680, 41.09, 0.00, 0.865, 0.000, 0.000, 0.000,0,0,0, 41.09, 0.865, 0.00, 0.000, 0.00, 0.000, 0.00, 0.000
29968,319690, 48.19, 0.00, 0.761, 0.000, 0.000, 0.000,0,0,0, 48.19, 0.761, 43.63, 0.734, 0.00, 0.000, 0.00, 0.000
29969,319701, 48.19, 0.00, 0.636, 0.000, 0.000, 0.000,0,0,0, 48.19, 0.636, 43.32, 0.606, 0.00, 0.000, 0.00, 0.000
29970,319712, 43.47, 0.00, 0.489, 0.000, 0.000, 0.000,0,0,0, 43.47, 0.489, 56.33, 0.412, 0.00, 0.000, 0.00, 0.000
29971,319722, 38.46, 0.00, 0.683, 0.000, 0.000, 0.000,0,0,0, 38.46, 0.683, 58.53, 0.300, 0.00, 0.000, 0.00, 0.000
29972,319733, 40.95, 0.00, 0.416, 0.000, 0.000, 0.000,0,0,0, 40.95, 0.416, 94.48, 0.228, 0.00, 0.000, 0.00, 0.000
29973,319744, 96.00, 0.00, 0.498, 0.000, 0.000, 0.000,0,0,0, 96.00, 0.498, 47.24, 0.311, 76.43, 0.308, 141.17, 0.085
29974,319754, 96.00, 0.00, 0.474, 0.000, 0.000, 0.000,0,0,0, 96.00, 0.474, 76.43, 0.346, 48.00, 0.204, 57.69, 0.086
29975,319765, 95.23, 0.00, 0.379, 0.000, 0.000, 0.000,0,0,0, 95.23, 0.379, 76.43, 0.330, 33.80, 0.243, 352.94, 0.200
29976,319776, 32.17, 0.00, 0.452, 0.000, 0.000, 0.000,0,0,0, 32.17, 0.452, 35.29, 0.098, 111.11, 0.086, 53.09, 0.027
29977,319786, 100.84, 0.00, 0.615, 0.000, 0.000, 0.000,0,0,0, 100.84, 0.615, 35.92, 0.321, 52.40, 0.006, 0.00, 0.000
29978,319797, 97.56, 0.00, 0.573, 0.000, 0.000, 0.000,0,0,0, 97.56, 0.573, 44.77, 0.472, 48.38, 0.458, 33.61, 0.189
29979,319808, 95.23, 0.00, 0.424, 0.000, 0.000, 0.000,0,0,0, 95.23, 0.424, 43.95, 0.369, 49.58, 0.287, 0.00, 0.000
29980,319818, 30.92, 0.00, 0.743, 0.000, 0.000, 0.000,0,0,0, 30.92, 0.743, 32.34, 0.601, 49.79, 0.388, 93.75, 0.103
29981,319829, 30.07, 0.00, 0.688, 0.000, 0.000, 0.000,0,0,0, 30.07, 0.688, 31.57, 0.679, 33.14, 0.650, 50.00, 0.317
29982,319840, 44.94, 0.00, 0.254, 0.000, 0.000, 0.000,0,0,0, 44.94, 0.254, 78.94, 0.213, 83.91, 0.203, 47.05, 0.177
29983,319850, 84.50, 0.00, 0.361, 0.000, 0.000, 0.000,0,0,0, 84.50, 0.361, 47.43, 0.293, 30.84, 0.249, 43.79, 0.229
29984,319861, 35.50, 0.00, 0.525, 0.000, 0.000, 0.000,0,0,0, 35.50, 0.525, 37.85, 0.259, 125.00, 0.225, 51.94, 0.186
29985,319872, 35.39, 0.00, 0.268, 0.000, 0.000, 0.000,0,0,0, 35.39, 0.268, 50.20, 0.226, 69.36, 0.105, 54.54, 0.104
29986,319882, 36.69, 0.00, 0.442, 0.000, 0.000, 0.000,0,0,0, 36.69, 0.442, 67.41, 0.411, 79.47, 0.202, 136.36, 0.188
29987,319893, 75.47, 0.00, 0.395, 0.000, 0.000, 0.000,0,0,0, 75.47, 0.395, 37.50, 0.391, 48.58, 0.239, 44.94, 0.200
29988,319904, 75.00, 0.00, 0.421, 0.000, 0.000, 0.000,0,0,0, 75.00, 0.421, 43.79, 0.255, 41.23, 0.255, 48.58, 0.180
29989,319914, 36.25, 0.00, 0.623, 0.000, 0.000, 0.000,0,0,0, 36.25, 0.623, 72.28, 0.340, 51.72, 0.255, 0.00, 0.000
29990,319925, 31.66, 0.00, 0.751, 0.000, 0.000, 0.000,0,0,0, 31.66, 0.751, 35.92, 0.531, 72.72, 0.485, 0.00, 0.000
29991,319936, 70.17, 0.00, 0.449, 0.000, 0.000, 0.000,0,0,0, 70.17, 0.449, 0.00, 0.000, 0.00, 0.000, 0.00, 0.000
29992,319946, 43.95, 0.00, 0.488, 0.000, 0.000, 0.000,0,0,0, 43.95, 0.488, 38.09, 0.369, 81.63, 0.129, 0.00, 0.000
29993,319957, 43.95, 0.00, 0.509, 0.000, 0.000, 0.000,0,0,0, 43.95, 0.509, 83.33, 0.304, 0.00, 0.000, 0.00, 0.000
29994,319968, 51.06, 0.00, 0.369, 0.000, 0.000, 0.000,0,0,0, 51.06, 0.369, 35.92, 0.319, 33.42, 0.274, 127.65, 0.100
29995,319978, 30.61, 0.00, 0.676, 0.000, 0.000, 0.000,0,0,0, 30.61, 0.676, 49.18, 0.465, 35.50, 0.462, 33.70, 0.456
29996,319989, 32.25, 0.00, 0.674, 0.000, 0.000, 0.000,0,0,0, 32.25, 0.674, 72.72, 0.277, 126.31, 0.235, 47.24, 0.188
29997,320000, 42.10, 0.00, 0.473, 0.000, 0.000, 0.000,0,0,0, 42.10, 0.473, 88.88, 0.442, 97.56, 0.416, 47.43, 0.273
29998,320010, 96.00, 0.00, 0.687, 0.000, 0.000, 0.000,0,0,0, 96.00, 0.687, 46.33, 0.517, 0.00, 0.000, 0.00, 0.000
29999,320021, 34.58, 0.00, 0.595, 0.000, 0.000, 0.000,0,0,0, 34.58, 0.595, 96.77, 0.381, 49.18, 0.312, 0.00, 0.000
30000,320032, 31.83, 0.00, 0.564, 0.000, 0.000, 0.000,0,0,0, 31.83, 0.564, 53.09, 0.422, 97.56, 0.307, 0.00, 0.000
30001,320042, 47.24, 0.00, 0.374, 0.000, 0.000, 0.000,0,0,0, 47.24, 0.374, 99.17, 0.368, 30.92, 0.322, 0.00, 0.000
30002,320053, 98.36, 0.00, 0.575, 0.000, 0.000, 0.000,0,0,0, 98.36, 0.575, 50.20, 0.330, 32.25, 0.252, 41.09, 0.186
30003,320064, 99.17, 0.00, 0.332, 0.000, 0.000, 0.000,0,0,0, 99.17, 0.332, 37.61, 0.281, 0.00, 0.000, 0.00, 0.000
30004,320074, 30.37, 0.00, 0.591, 0.000, 0.000, 0.000,0,0,0, 30.37, 0.591, 37.61, 0.309, 0.00, 0.000, 0.00, 0.000
30005,320085, 39.08, 0.00, 0.598, 0.000, 0.000, 0.000,0,0,0, 39.08, 0.598, 66.66, 0.231, 0.00, 0.000, 0.00, 0.000
30006,320096, 33.42, 0.00, 0.738, 0.000, 0.000, 0.000,0,0,0, 33.42, 0.738, 36.58, 0.620, 67.03, 0.280, 82.19, 0.102
30007,320106, 96.77, 0.00, 0.315, 0.000, 0.000, 0.000,0,0,0, 96.77, 0.315, 85.71, 0.213, 67.79, 0.073, 35.19, 0.056
30008,320117, 51.50, 0.00, 0.345, 0.000, 0.000, 0.000,0,0,0, 51.50, 0.345, 44.94, 0.247, 67.79, 0.228, 33.51, 0.182
30009,320128, 352.94, 0.00, 0.578, 0.000, 0.000, 0.000,0,0,0, 352.94, 0.578, 42.10, 0.492, 51.28, 0.356, 44.94, 0.254
30010,320138, 35.71, 0.00, 0.391, 0.000, 0.000, 0.000,0,0,0, 35.71, 0.391, 75.47, 0.040, 0.00, 0.000, 0.00, 0.000
30011,320149, 35.71, 0.00, 0.233, 0.000, 0.000, 0.000,0,0,0, 35.71, 0.233, 0.00, 0.000, 0.00, 0.000, 0.00, 0.000
30012,320160, 400.00, 0.00, 0.566, 0.000, 0.000, 0.000,0,0,0, 400.00, 0.566, 0.00, 0.000, 0.00, 0.000, 0.00, 0.000
30013,320170, 400.00, 0.00, 0.490, 0.000, 0.000, 0.000,0,0,0, 400.00, 0.490, 0.00, 0.000, 0.00, 0.000, 0.00, 0.000
30014,320181, 400.00, 0.00, 0.492, 0.000, 0.000, 0.000,0,0,0, 400.00, 0.492, 0.00, 0.000, 0.00, 0.000, 0.00, 0.000
30015,320192, 36.80, 0.00, 0.629, 0.000, 0.000, 0.000,0,0,0, 36.80, 0.629, 62.17, 0.194, 0.00, 0.000, 0.00, 0.000
30016,320202, 38.46, 0.00, 0.595, 0.000, 0.000, 0.000,0,0,0, 38.46, 0.595, 43.01, 0.278, 100.00, 0.063, 0.00, 0.000
30017,320213, 32.43, 0.00, 0.980, 0.000, 0.000, 0.000,0,0,0, 32.43, 0.980, 47.61, 0.393, 102.56, 0.301, 0.00, 0.000
30018,320224, 33.70, 0.00, 0.436, 0.000, 0.000, 0.000,0,0,0, 33.70, 0.436, 34.88, 0.387, 48.19, 0.370, 110.09, 0.197
30019,320234, 33.42, 0.00, 0.509, 0.000, 0.000, 0.000,0,0,0, 33.42, 0.509, 44.77, 0.423, 34.88, 0.386, 48.00, 0.362
30020,320245, 45.11, 0.00, 0.541, 0.000, 0.000, 0.000,0,0,0, 45.11, 0.541, 0.00, 0.000, 0.00, 0.000, 0.00, 0.000
30021,320256, 48.58, 0.00, 0.603, 0.000, 0.000, 0.000,0,0,0, 48.58, 0.603, 0.00, 0.000, 0.00, 0.000, 0.00, 0.000
30022,320266, 48.19, 0.00, 0.931, 0.000, 0.000, 0.000,0,0,0, 48.19, 0.931, 0.00, 0.000, 0.00, 0.000, 0.00, 0.000
30023,320277, 48.00, 0.00, 0.628, 0.000, 0.000, 0.000,0,0,0, 48.00, 0.628, 36.69, 0.615, 0.00, 0.000, 0.00, 0.000
30024,320288, 30.00, 0.00, 0.400, 0.000, 0.000, 0.000,0,0,0, 30.00, 0.400, 0.00, 0.000, 0.00, 0.000, 0.00, 0.000
30025,320298, 400.00, 0.00, 0.611, 0.000, 0.000, 0.000,0,0,0, 400.00, 0.611, 0.00, 0.000, 0.00, 0.000, 0.00, 0.000
30026,320309, 400.00, 0.00, 0.561, 0.000, 0.000, 0.000,0,0,0, 400.00, 0.561, 0.00, 0.000, 0.00, 0.000, 0.00, 0.000
30027,320320, 400.00, 0.00, 0.623, 0.000, 0.000, 0.000,0,0,0, 400.00, 0.623, 0.00, 0.000, 0.00, 0.000, 0.00, 0.000
30028,320330, 400.00, 0.00, 0.680, 0.000, 0.000, 0.000,0,0,0, 400.00, 0.680, 0.00, 0.000, 0.00, 0.000, 0.00, 0.000
30029,320341, 30.53, 0.00, 0.633, 0.000, 0.000, 0.000,0,0,0, 30.53, 0.633, 41.37, 0.430, 36.80, 0.382, 46.33, 0.023
30030,320352, 41.37, 0.00, 0.846, 0.000, 0.000, 0.000,0,0,0, 41.37, 0.846, 37.03, 0.841, 45.80, 0.315, 0.00, 0.000
30031,320362, 42.10, 0.00, 0.991, 0.000, 0.000, 0.000,0,0,0, 42.10, 0.991, 36.03, 0.093, 0.00, 0.000, 0.00, 0.000
30032,320373, 42.25, 0.00, 0.726, 0.000, 0.000, 0.000,0,0,0, 42.25, 0.726, 307.69, 0.289, 37.50, 0.277, 60.00, 0.016
30033,320384, 41.95, 0.00, 0.760, 0.000, 0.000, 0.000,0,0,0, 41.95, 0.760, 34.48, 0.064, 59.40, 0.055, 0.00, 0.000
30034,320394, 41.81, 0.00, 0.977, 0.000, 0.000, 0.000,0,0,0, 41.81, 0.977, 59.40, 0.185, 84.50, 0.031, 0.00, 0.000
30035,320405, 41.52, 0.00, 0.755, 0.000, 0.000, 0.000,0,0,0, 41.52, 0.755, 59.11, 0.202, 30.22, 0.200, 48.97, 0.107
30036,320416, 41.66, 0.00, 0.736, 0.000, 0.000, 0.000,0,0,0, 41.66, 0.736, 59.11, 0.326, 34.18, 0.284, 37.50, 0.228
30037,320426, 41.66, 0.00, 0.835, 0.000, 0.000, 0.000,0,0,0, 41.66, 0.835, 32.17, 0.317, 139.53, 0.282, 59.40, 0.219
30038,320437, 41.81, 0.00, 0.938, 0.000, 0.000, 0.000,0,0,0, 41.81, 0.938, 59.70, 0.444, 139.53, 0.196, 96.00, 0.101
30039,320448, 41.81, 0.00, 0.937, 0.000, 0.000, 0.000,0,0,0, 41.81, 0.937, 33.05, 0.378, 60.00, 0.363, 139.53, 0.330
30040,320458, 41.66, 0.00, 0.964, 0.000, 0.000, 0.000,0,0,0, 41.66, 0.964, 59.11, 0.352, 31.91, 0.332, 136.36, 0.329
30041,320469, 41.81, 0.00, 0.957, 0.000, 0.000, 0.000,0,0,0, 41.81, 0.957, 32.96, 0.397, 60.30, 0.360, 136.36, 0.337
30042,320480, 41.81, 0.00, 0.966, 0.000, 0.000, 0.000,0,0,0, 41.81, 0.966, 31.66, 0.679, 134.83, 0.421, 60.00, 0.354
30043,320490, 41.81, 0.00, 0.969, 0.000, 0.000, 0.000,0,0,0, 41.81, 0.969, 60.91, 0.418, 32.96, 0.322, 150.00, 0.276
30044,320501, 41.81, 0.00, 0.990, 0.000, 0.000, 0.000,0,0,0, 41.81, 0.990, 31.74, 0.785, 134.83, 0.474, 60.00, 0.325
30045,320512, 41.95, 0.00, 0.964, 0.000, 0.000, 0.000,0,0,0, 41.95, 0.964, 30.15, 0.493, 60.30, 0.391, 134.83, 0.204
30046,320522, 41.81, 0.00, 0.867, 0.000, 0.000, 0.000,0,0,0, 41.81, 0.867, 31.33, 0.600, 131.86, 0.401, 60.00, 0.287
30047,320533, 41.66, 0.00, 0.869, 0.000, 0.000, 0.000,0,0,0, 41.66, 0.869, 62.17, 0.414, 30.22, 0.369, 122.44, 0.255
30048,320544, 41.81, 0.00, 0.979, 0.000, 0.000, 0.000,0,0,0, 41.81, 0.979, 32.52, 0.420, 31.33, 0.407, 125.00, 0.381
30049,320554, 41.81, 0.00, 0.982, 0.000, 0.000, 0.000,0,0,0, 41.81, 0.982, 31.00, 0.418, 122.44, 0.366, 58.82, 0.361
30050,320565, 41.95, 0.00, 0.995, 0.000, 0.000, 0.000,0,0,0, 41.95, 0.995, 32.69, 0.442, 125.00, 0.345, 146.34, 0.326
30051,320576, 41.81, 0.00, 0.988, 0.000, 0.000, 0.000,0,0,0, 41.81, 0.988, 31.08, 0.534, 122.44, 0.398, 63.49, 0.352
30052,320586, 41.81, 0.00, 0.975, 0.000, 0.000, 0.000,0,0,0, 41.81, 0.975, 32.87, 0.475, 63.82, 0.426, 146.34, 0.318
30053,320597, 41.66, 0.00, 0.996, 0.000, 0.000, 0.000,0,0,0, 41.66, 0.996, 31.16, 0.699, 123.71, 0.473, 63.49, 0.329
30054,320608, 41.81, 0.00, 0.993, 0.000, 0.000, 0.000,0,0,0, 41.81, 0.993, 30.61, 0.484, 63.49, 0.423, 118.81, 0.366
30055,320618, 41.81, 0.00, 0.994, 0.000, 0.000, 0.000,0,0,0, 41.81, 0.994, 31.33, 0.598, 125.00, 0.453, 64.51, 0.435
30056,320629, 41.81, 0.00, 0.994, 0.000, 0.000, 0.000,0,0,0, 41.81, 0.994, 62.50, 0.466, 30.76, 0.370, 118.81, 0.356
30057,320640, 41.81, 0.00, 0.992, 0.000, 0.000, 0.000,0,0,0, 41.81, 0.992, 31.57, 0.538, 127.65, 0.428, 62.82, 0.371
30058,320650, 41.81, 0.00, 0.989, 0.000, 0.000, 0.000,0,0,0, 41.81, 0.989, 30.92, 0.620, 118.81, 0.445, 59.11, 0.408
30059,320661, 41.81, 0.00, 0.994, 0.000, 0.000, 0.000,0,0,0, 41.81, 0.994, 32.43, 0.528, 142.85, 0.392, 127.65, 0.372
30060,320672, 41.81, 0.00, 0.994, 0.000, 0.000, 0.000,0,0,0, 41.81, 0.994, 30.76, 0.527, 118.81, 0.411, 62.50, 0.392
30061,320682, 41.81, 0.00, 0.991, 0.000, 0.000, 0.000,0,0,0, 41.81, 0.991, 32.78, 0.520, 64.51, 0.426, 146.34, 0.370
30062,320693, 41.81, 0.00, 0.992, 0.000, 0.000, 0.000,0,0,0, 41.81, 0.992, 31.33, 0.537, 123.71, 0.399, 63.82, 0.306
30063,320704, 41.81, 0.00, 0.993, 0.000, 0.000, 0.000,0,0,0, 41.81, 0.993, 30.92, 0.484, 63.82, 0.387, 120.00, 0.382
30064,320714, 41.81, 0.00, 0.992, 0.000, 0.000, 0.000,0,0,0, 41.81, 0.992, 31.41, 0.427, 30.69, 0.423, 63.82, 0.420
30065,320725, 41.81, 0.00, 0.986, 0.000, 0.000, 0.000,0,0,0, 41.81, 0.986, 62.50, 0.422, 33.05, 0.378, 121.21, 0.326
30066,320736, 41.81, 0.00, 0.989, 0.000, 0.000, 0.000,0,0,0, 41.81, 0.989, 31.41, 0.508, 32.43, 0.449, 126.31, 0.400
30067,320746, 41.81, 0.00, 0.993, 0.000, 0.000, 0.000,0,0,0, 41.81, 0.993, 30.84, 0.467, 58.82, 0.416, 122.44, 0.362
30068,320757, 41.81, 0.00, 0.988, 0.000, 0.000, 0.000,0,0,0, 41.81, 0.988, 32.60, 0.605, 148.14, 0.435, 129.03, 0.354
30069,320768, 41.81, 0.00, 0.993, 0.000, 0.000, 0.000,0,0,0, 41.81, 0.993, 30.45, 0.559, 58.53, 0.396, 61.53, 0.394
30070,320778, 41.81, 0.00, 0.996, 0.000, 0.000, 0.000,0,0,0, 41.81, 0.996, 32.69, 0.620, 150.00, 0.449, 58.25, 0.340
30071,320789, 41.81, 0.00, 0.994, 0.000, 0.000, 0.000,0,0,0, 41.81, 0.994, 57.69, 0.379, 30.45, 0.342, 31.41, 0.341
30072,320800, 41.81, 0.00, 0.993, 0.000, 0.000, 0.000,0,0,0, 41.81, 0.993, 32.69, 0.533, 31.16, 0.424, 150.00, 0.420
30073,320810, 41.81, 0.00, 0.992, 0.000, 0.000, 0.000,0,0,0, 41.81, 0.992, 32.43, 0.405, 30.37, 0.394, 146.34, 0.382
30074,320821, 41.81, 0.00, 0.993, 0.000, 0.000, 0.000,0,0,0, 41.81, 0.993, 32.87, 0.419, 61.85, 0.390, 151.89, 0.382
30075,320832, 41.81, 0.00, 0.995, 0.000, 0.000, 0.000,0,0,0, 41.81, 0.995, 32.52, 0.548, 31.66, 0.466, 148.14, 0.439
30076,320842, 41.81, 0.00, 0.998, 0.000, 0.000, 0.000,0,0,0, 41.81, 0.998, 31.08, 0.451, 57.97, 0.447, 125.00, 0.320
30077,320853, 41.81, 0.00, 0.995, 0.000, 0.000, 0.000,0,0,0, 41.81, 0.995, 32.69, 0.681, 150.00, 0.502, 57.69, 0.377
30078,320864, 41.81, 0.00, 0.992, 0.000, 0.000, 0.000,0,0,0, 41.81, 0.992, 57.97, 0.425, 61.85, 0.330, 150.00, 0.294
30079,320874, 41.81, 0.00, 0.995, 0.000, 0.000, 0.000,0,0,0, 41.81, 0.995, 32.60, 0.643, 150.00, 0.489, 57.69, 0.378
30080,320885, 41.66, 0.00, 0.991, 0.000, 0.000, 0.000,0,0,0, 41.66, 0.991, 57.69, 0.417, 150.00, 0.288, 127.65, 0.281
30081,320896, 41.81, 0.00, 0.991, 0.000, 0.000, 0.000,0,0,0, 41.81, 0.991, 32.69, 0.613, 151.89, 0.470, 57.69, 0.372
30082,320906, 41.81, 0.00, 0.994, 0.000, 0.000, 0.000,0,0,0, 41.81, 0.994, 30.22, 0.408, 150.00, 0.383, 57.69, 0.378
30083,320917, 41.81, 0.00, 0.995, 0.000, 0.000, 0.000,0,0,0, 41.81, 0.995, 32.87, 0.438, 153.84, 0.411, 57.69, 0.357
30084,320928, 41.81, 0.00, 0.990, 0.000, 0.000, 0.000,0,0,0, 41.81, 0.990, 32.60, 0.561, 150.00, 0.456, 57.69, 0.416
30085,320938, 41.66, 0.00, 0.996, 0.000, 0.000, 0.000,0,0,0, 41.66, 0.996, 31.25, 0.455, 57.69, 0.435, 125.00, 0.323
30086,320949, 41.66, 0.00, 0.997, 0.000, 0.000, 0.000,0,0,0, 41.66, 0.997, 32.60, 0.692, 150.00, 0.509, 57.41, 0.382
30087,320960, 41.66, 0.00, 0.996, 0.000, 0.000, 0.000,0,0,0, 41.66, 0.996, 57.69, 0.436, 151.89, 0.299, 62.17, 0.290
30088,320970, 41.81, 0.00, 0.993, 0.000, 0.000, 0.000,0,0,0, 41.81, 0.993, 32.60, 0.606, 150.00, 0.480, 57.69, 0.393
30089,320981, 41.81, 0.00, 0.991, 0.000, 0.000, 0.000,0,0,0, 41.81, 0.991, 57.41, 0.437, 153.84, 0.293, 126.31, 0.265
30090,320992, 41.66, 0.00, 0.994, 0.000, 0.000, 0.000,0,0,0, 41.66, 0.994, 32.69, 0.617, 151.89, 0.480, 57.41, 0.380
30091,321002, 41.66, 0.00, 0.996, 0.000, 0.000, 0.000,0,0,0, 41.66, 0.996, 30.07, 0.417, 57.69, 0.396, 150.00, 0.386
30092,321013, 41.66, 0.00, 0.998, 0.000, 0.000, 0.000,0,0,0, 41.66, 0.998, 32.78, 0.455, 151.89, 0.418, 57.41, 0.371
30093,321024, 41.66, 0.00, 0.998, 0.000, 0.000, 0.000,0,0,0, 41.66, 0.998, 32.60, 0.554, 150.00, 0.456, 57.41, 0.423
30094,321034, 41.66, 0.00, 0.997, 0.000, 0.000, 0.000,0,0,0, 41.66, 0.997, 57.41, 0.444, 31.33, 0.431, 151.89, 0.318
30095,321045, 41.66, 0.00, 0.991, 0.000, 0.000, 0.000,0,0,0, 41.66, 0.991, 32.69, 0.687, 151.89, 0.517, 57.41, 0.404
30096,321056, 41.66, 0.00, 0.992, 0.000, 0.000, 0.000,0,0,0, 41.66, 0.992, 57.41, 0.441, 153.84, 0.312, 107.14, 0.294
30097,321066, 41.66, 0.00, 0.996, 0.000, 0.000, 0.000,0,0,0, 41.66, 0.996, 32.69, 0.613, 151.89, 0.492, 57.41, 0.407
30098,321077, 41.66, 0.00, 0.996, 0.000, 0.000, 0.000,0,0,0, 41.66, 0.996, 57.41, 0.450, 151.89, 0.308, 107.14, 0.241
30099,321088, 41.66, 0.00, 0.997, 0.000, 0.000, 0.000,0,0,0, 41.66, 0.997, 32.69, 0.638, 151.89, 0.498, 57.14, 0.397
30100,321098, 41.66, 0.00, 0.999, 0.000, 0.000, 0.000,0,0,0, 41.66, 0.999, 57.41, 0.414, 151.89, 0.399, 31.08, 0.385
30101,321109, 41.66, 0.00, 0.996, 0.000, 0.000, 0.000,0,0,0, 41.66, 0.996, 32.87, 0.433, 153.84, 0.419, 57.14, 0.385
30102,321120, 41.66, 0.00, 0.996, 0.000, 0.000, 0.000,0,0,0, 41.66, 0.996, 32.69, 0.571, 153.84, 0.465, 57.14, 0.435
30103,321130, 41.66, 0.00, 0.998, 0.000, 0.000, 0.000,0,0,0, 41.66, 0.998, 57.14, 0.448, 31.25, 0.425, 153.84, 0.320
30104,321141, 41.66, 0.00, 0.996, 0.000, 0.000, 0.000,0,0,0, 41.66, 0.996, 32.78, 0.696, 153.84, 0.524, 57.14, 0.408
30105,321152, 41.66, 0.00, 0.992, 0.000, 0.000, 0.000,0,0,0, 41.66, 0.992, 57.14, 0.449, 153.84, 0.326, 106.19, 0.284
30106,321162, 41.66, 0.00, 0.993, 0.000, 0.000, 0.000,0,0,0, 41.66, 0.993, 32.69, 0.599, 153.84, 0.493, 57.14, 0.419
30107,321173, 41.66, 0.00, 0.997, 0.000, 0.000, 0.000,0,0,0, 41.66, 0.997, 57.14, 0.455, 155.84, 0.319, 30.92, 0.227
30108,321184, 41.66, 0.00, 0.997, 0.000, 0.000, 0.000,0,0,0, 41.66, 0.997, 32.78, 0.612, 153.84, 0.491, 57.14, 0.405
30109,321194, 41.66, 0.00, 0.994, 0.000, 0.000, 0.000,0,0,0, 41.66, 0.994, 57.14, 0.418, 153.84, 0.407, 32.69, 0.391
30110,321205, 41.66, 0.00, 0.993, 0.000, 0.000, 0.000,0,0,0, 41.66, 0.993, 32.87, 0.422, 155.84, 0.421, 56.87, 0.382
30111,321216, 41.66, 0.00, 0.993, 0.000, 0.000, 0.000,0,0,0, 41.66, 0.993, 32.78, 0.590, 153.84, 0.483, 56.87, 0.434
30112,321226, 41.52, 0.00, 0.993, 0.000, 0.000, 0.000,0,0,0, 41.52, 0.993, 56.87, 0.453, 30.76, 0.392, 31.25, 0.389
30113,321237, 41.66, 0.00, 0.995, 0.000, 0.000, 0.000,0,0,0, 41.66, 0.995, 32.87, 0.708, 155.84, 0.532, 56.87, 0.406
30114,321248, 41.66, 0.00, 0.998, 0.000, 0.000, 0.000,0,0,0, 41.66, 0.998, 56.87, 0.449, 155.84, 0.333, 107.14, 0.256
30115,321258, 41.66, 0.00, 0.998, 0.000, 0.000, 0.000,0,0,0, 41.66, 0.998, 32.78, 0.594, 155.84, 0.489, 56.87, 0.421
30116,321269, 41.66, 0.00, 0.995, 0.000, 0.000, 0.000,0,0,0, 41.66, 0.995, 56.87, 0.453, 155.84, 0.317, 108.10, 0.200
30117,321280, 41.52, 0.00, 0.995, 0.000, 0.000, 0.000,0,0,0, 41.52, 0.995, 32.78, 0.616, 155.84, 0.493, 56.87, 0.406
30118,321290, 41.52, 0.00, 0.999, 0.000, 0.000, 0.000,0,0,0, 41.52, 0.999, 153.84, 0.421, 56.87, 0.415, 32.69, 0.413
30119,321301, 41.66, 0.00, 0.984, 0.000, 0.000, 0.000,0,0,0, 41.66, 0.984, 155.84, 0.411, 32.96, 0.402, 56.60, 0.388
30120,321312, 41.66, 0.00, 0.990, 0.000, 0.000, 0.000,0,0,0, 41.66, 0.990, 32.78, 0.585, 155.84, 0.471, 56.87, 0.435
30121,321322, 41.66, 0.00, 0.993, 0.000, 0.000, 0.000,0,0,0, 41.66, 0.993, 30.22, 0.493, 56.87, 0.452, 31.25, 0.382
30122,321333, 41.66, 0.00, 0.992, 0.000, 0.000, 0.000,0,0,0, 41.66, 0.992, 32.87, 0.669, 155.84, 0.511, 56.60, 0.393
30123,321344, 41.52, 0.00, 0.994, 0.000, 0.000, 0.000,0,0,0, 41.52, 0.994, 56.87, 0.440, 153.84, 0.327, 110.09, 0.263
30124,321354, 41.52, 0.00, 0.993, 0.000, 0.000, 0.000,0,0,0, 41.52, 0.993, 32.78, 0.598, 155.84, 0.485, 56.60, 0.403
30125,321365, 41.52, 0.00, 0.995, 0.000, 0.000, 0.000,0,0,0, 41.52, 0.995, 30.22, 0.491, 56.60, 0.430, 155.84, 0.298
30126,321376, 41.66, 0.00, 0.986, 0.000, 0.000, 0.000,0,0,0, 41.66, 0.986, 32.87, 0.596, 155.84, 0.473, 56.87, 0.388
30127,321386, 41.66, 0.00, 0.994, 0.000, 0.000, 0.000,0,0,0, 41.66, 0.994, 32.78, 0.413, 153.84, 0.398, 56.87, 0.380
30128,321397, 41.66, 0.00, 0.993, 0.000, 0.000, 0.000,0,0,0, 41.66, 0.993, 33.14, 0.413, 160.00, 0.389, 56.60, 0.372
30129,321408, 41.81, 0.00, 0.973, 0.000, 0.000, 0.000,0,0,0, 41.81, 0.973, 32.96, 0.536, 157.89, 0.424, 56.87, 0.390
30130,321418, 41.81, 0.00, 0.955, 0.000, 0.000, 0.000,0,0,0, 41.81, 0.955, 30.61, 0.565, 56.87, 0.445, 160.00, 0.300
30131,321429, 42.40, 0.00, 0.869, 0.000, 0.000, 0.000,0,0,0, 42.40, 0.869, 33.70, 0.456, 162.16, 0.311, 66.66, 0.232
30132,321440, 42.55, 0.00, 0.892, 0.000, 0.000, 0.000,0,0,0, 42.55, 0.892, 30.07, 0.649, 115.38, 0.232, 56.87, 0.204
30133,321450, 42.25, 0.00, 0.766, 0.000, 0.000, 0.000,0,0,0, 42.25, 0.766, 33.33, 0.259, 65.57, 0.200, 157.89, 0.098
30134,321461, 41.95, 0.00, 0.904, 0.000, 0.000, 0.000,0,0,0, 41.95, 0.904, 30.53, 0.571, 113.20, 0.290, 86.33, 0.133
30135,321472, 41.66, 0.00, 0.953, 0.000, 0.000, 0.000,0,0,0, 41.66, 0.953, 77.92, 0.155, 65.57, 0.143, 32.60, 0.133
30136,321482, 41.23, 0.00, 0.931, 0.000, 0.000, 0.000,0,0,0, 41.23, 0.931, 64.86, 0.279, 112.14, 0.206, 85.71, 0.126
30137,321493, 41.09, 0.00, 0.926, 0.000, 0.000, 0.000,0,0,0, 41.09, 0.926, 30.22, 0.587, 112.14, 0.277, 64.86, 0.276
30138,321504, 41.37, 0.00, 0.934, 0.000, 0.000, 0.000,0,0,0, 41.37, 0.934, 65.21, 0.215, 82.19, 0.134, 36.25, 0.098
30139,321514, 41.09, 0.00, 0.917, 0.000, 0.000, 0.000,0,0,0, 41.09, 0.917, 30.45, 0.645, 110.09, 0.262, 83.33, 0.234
30140,321525, 41.52, 0.00, 0.835, 0.000, 0.000, 0.000,0,0,0, 41.52, 0.835, 83.33, 0.348, 36.58, 0.302, 65.93, 0.076
30141,321536, 41.52, 0.00, 0.992, 0.000, 0.000, 0.000,0,0,0, 41.52, 0.992, 83.33, 0.470, 30.76, 0.236, 104.34, 0.036
30142,321546, 41.52, 0.00, 0.954, 0.000, 0.000, 0.000,0,0,0, 41.52, 0.954, 83.33, 0.529, 0.00, 0.000, 0.00, 0.000
30143,321557, 41.37, 0.00, 0.962, 0.000, 0.000, 0.000,0,0,0, 41.37, 0.962, 82.75, 0.588, 0.00, 0.000, 0.00, 0.000
30144,321568, 41.52, 0.00, 0.964, 0.000, 0.000, 0.000,0,0,0, 41.52, 0.964, 83.33, 0.588, 0.00, 0.000, 0.00, 0.000
30145,321578, 41.52, 0.00, 0.962, 0.000, 0.000, 0.000,0,0,0, 41.52, 0.962, 82.19, 0.531, 0.00, 0.000, 0.00, 0.000
30146,321589, 41.37, 0.00, 0.995, 0.000, 0.000, 0.000,0,0,0, 41.37, 0.995, 30.69, 0.511, 85.71, 0.445, 0.00, 0.000
30147,321600, 41.52, 0.00, 0.999, 0.000, 0.000, 0.000,0,0,0, 41.52, 0.999, 81.08, 0.399, 0.00, 0.000, 0.00, 0.000
30148,321610, 41.52, 0.00, 0.996, 0.000, 0.000, 0.000,0,0,0, 41.52, 0.996, 85.10, 0.392, 0.00, 0.000, 0.00, 0.000
30149,321621, 41.52, 0.00, 0.991, 0.000, 0.000, 0.000,0,0,0, 41.52, 0.991, 82.19, 0.393, 0.00, 0.000, 0.00, 0.000
30150,321632, 41.37, 0.00, 0.949, 0.000, 0.000, 0.000,0,0,0, 41.37, 0.949, 82.75, 0.444, 0.00, 0.000, 0.00, 0.000
30151,321642, 41.37, 0.00, 0.827, 0.000, 0.000, 0.000,0,0,0, 41.37, 0.827, 85.71, 0.406, 36.92, 0.127, 69.36, 0.105
30152,321653, 41.37, 0.00, 0.618, 0.000, 0.000, 0.000,0,0,0, 41.37, 0.618, 36.47, 0.430, 79.47, 0.238, 69.76, 0.123
30153,321664, 41.37, 0.00, 0.354, 0.000, 0.000, 0.000,0,0,0, 41.37, 0.354, 38.46, 0.281, 44.28, 0.278, 58.25, 0.143
30154,321674, 40.67, 0.00, 0.452, 0.000, 0.000, 0.000,0,0,0, 40.67, 0.452, 43.01, 0.407, 52.86, 0.230, 56.33, 0.182
30155,321685, 34.28, 0.00, 0.617, 0.000, 0.000, 0.000,0,0,0, 34.28, 0.617, 44.77, 0.476, 184.61, 0.205, 52.86, 0.199
30156,321696, 42.25, 0.00, 0.526, 0.000, 0.000, 0.000,0,0,0, 42.25, 0.526, 55.29, 0.399, 33.33, 0.369, 176.47, 0.171
30157,321706, 40.81, 0.00, 0.681, 0.000, 0.000, 0.000,0,0,0, 40.81, 0.681, 31.66, 0.524, 142.85, 0.281, 53.57, 0.180
30158,321717, 42.85, 0.00, 0.432, 0.000, 0.000, 0.000,0,0,0, 42.85, 0.432, 78.43, 0.107, 69.76, 0.105, 54.05, 0.094
30159,321728, 34.09, 0.00, 0.411, 0.000, 0.000, 0.000,0,0,0, 34.09, 0.411, 44.28, 0.333, 56.87, 0.250, 166.66, 0.104
30160,321738, 46.87, 0.00, 0.441, 0.000, 0.000, 0.000,0,0,0, 46.87, 0.441, 40.54, 0.297, 33.99, 0.170, 342.85, 0.041
30161,321749, 46.87, 0.00, 0.630, 0.000, 0.000, 0.000,0,0,0, 46.87, 0.630, 40.00, 0.511, 37.97, 0.493, 307.69, 0.157
30162,321760, 46.15, 0.00, 0.652, 0.000, 0.000, 0.000,0,0,0, 46.15, 0.652, 36.36, 0.276, 279.06, 0.256, 0.00, 0.000
30163,321770, 45.45, 0.00, 0.643, 0.000, 0.000, 0.000,0,0,0, 45.45, 0.643, 41.66, 0.638, 36.03, 0.320, 0.00, 0.000
30164,321781, 45.45, 0.00, 0.853, 0.000, 0.000, 0.000,0,0,0, 45.45, 0.853, 47.80, 0.655, 0.00, 0.000, 0.00, 0.000
30165,321792, 41.81, 0.00, 0.823, 0.000, 0.000, 0.000,0,0,0, 41.81, 0.823, 48.97, 0.516, 307.69, 0.365, 0.00, 0.000
30166,321802, 42.55, 0.00, 0.948, 0.000, 0.000, 0.000,0,0,0, 42.55, 0.948, 49.38, 0.358, 0.00, 0.000, 0.00, 0.000
30167,321813, 43.01, 0.00, 0.667, 0.000, 0.000, 0.000,0,0,0, 43.01, 0.667, 48.58, 0.608, 0.00, 0.000, 0.00, 0.000
30168,321824, 42.85, 0.00, 0.737, 0.000, 0.000, 0.000,0,0,0, 42.85, 0.737, 48.38, 0.591, 0.00, 0.000, 0.00, 0.000
30169,321834, 42.70, 0.00, 0.887, 0.000, 0.000, 0.000,0,0,0, 42.70, 0.887, 35.60, 0.375, 235.29, 0.248, 0.00, 0.000
30170,321845, 41.52, 0.00, 0.604, 0.000, 0.000, 0.000,0,0,0, 41.52, 0.604, 50.63, 0.370, 35.60, 0.264, 210.52, 0.248
30171,321856, 52.63, 0.00, 0.583, 0.000, 0.000, 0.000,0,0,0, 52.63, 0.583, 41.37, 0.497, 193.54, 0.279, 30.84, 0.218
30172,321866, 41.37, 0.00, 0.776, 0.000, 0.000, 0.000,0,0,0, 41.37, 0.776, 34.09, 0.563, 187.50, 0.442, 55.29, 0.402
30173,321877, 41.66, 0.00, 0.844, 0.000, 0.000, 0.000,0,0,0, 41.66, 0.844, 55.29, 0.499, 32.00, 0.496, 173.91, 0.418
30174,321888, 33.70, 0.00, 0.861, 0.000, 0.000, 0.000,0,0,0, 33.70, 0.861, 41.95, 0.834, 176.47, 0.679, 85.10, 0.573
30175,321898, 41.52, 0.00, 0.851, 0.000, 0.000, 0.000,0,0,0, 41.52, 0.851, 54.79, 0.691, 32.34, 0.597, 81.63, 0.570
30176,321909, 41.66, 0.00, 0.945, 0.000, 0.000, 0.000,0,0,0, 41.66, 0.945, 33.80, 0.868, 176.47, 0.755, 54.79, 0.745
30177,321920, 41.52, 0.00, 0.908, 0.000, 0.000, 0.000,0,0,0, 41.52, 0.908, 54.79, 0.800, 171.42, 0.659, 79.47, 0.575
30178,321930, 41.37, 0.00, 0.901, 0.000, 0.000, 0.000,0,0,0, 41.37, 0.901, 54.54, 0.812, 171.42, 0.711, 33.51, 0.659
30179,321941, 33.51, 0.00, 0.944, 0.000, 0.000, 0.000,0,0,0, 33.51, 0.944, 41.66, 0.842, 173.91, 0.799, 55.04, 0.692
30180,321952, 33.42, 0.00, 0.833, 0.000, 0.000, 0.000,0,0,0, 33.42, 0.833, 41.81, 0.816, 169.01, 0.741, 55.29, 0.717
30181,321962, 41.66, 0.00, 0.912, 0.000, 0.000, 0.000,0,0,0, 41.66, 0.912, 33.51, 0.900, 173.91, 0.831, 54.79, 0.787
30182,321973, 41.52, 0.00, 0.890, 0.000, 0.000, 0.000,0,0,0, 41.52, 0.890, 54.79, 0.833, 166.66, 0.709, 81.08, 0.689
30183,321984, 41.66, 0.00, 0.926, 0.000, 0.000, 0.000,0,0,0, 41.66, 0.926, 33.61, 0.867, 55.04, 0.806, 173.91, 0.760
30184,321994, 41.95, 0.00, 0.863, 0.000, 0.000, 0.000,0,0,0, 41.95, 0.863, 33.42, 0.747, 55.29, 0.740, 171.42, 0.687
30185,322005, 41.81, 0.00, 0.846, 0.000, 0.000, 0.000,0,0,0, 41.81, 0.846, 171.42, 0.777, 55.81, 0.731, 33.51, 0.704
30186,322016, 171.42, 0.00, 0.779, 0.000, 0.000, 0.000,0,0,0, 171.42, 0.779, 33.89, 0.720, 55.29, 0.713, 41.52, 0.677
30187,322026, 33.51, 0.00, 0.732, 0.000, 0.000, 0.000,0,0,0, 33.51, 0.732, 166.66, 0.730, 55.29, 0.720, 41.52, 0.691
30188,322037, 33.61, 0.00, 0.893, 0.000, 0.000, 0.000,0,0,0, 33.61, 0.893, 41.52, 0.874, 173.91, 0.771, 55.04, 0.714
30189,322048, 55.04, 0.00, 0.805, 0.000, 0.000, 0.000,0,0,0, 55.04, 0.805, 41.66, 0.802, 32.87, 0.698, 164.38, 0.692
30190,322058, 41.52, 0.00, 0.897, 0.000, 0.000, 0.000,0,0,0, 41.52, 0.897, 33.80, 0.874, 54.79, 0.781, 173.91, 0.758
30191,322069, 41.81, 0.00, 0.898, 0.000, 0.000, 0.000,0,0,0, 41.81, 0.898, 33.05, 0.828, 55.29, 0.741, 169.01, 0.737
30192,322080, 33.61, 0.00, 0.940, 0.000, 0.000, 0.000,0,0,0, 33.61, 0.940, 41.81, 0.929, 169.01, 0.858, 55.29, 0.785
30193,322090, 33.51, 0.00, 0.925, 0.000, 0.000, 0.000,0,0,0, 33.51, 0.925, 41.81, 0.898, 169.01, 0.851, 55.29, 0.763
30194,322101, 42.10, 0.00, 0.894, 0.000, 0.000, 0.000,0,0,0, 42.10, 0.894, 33.24, 0.861, 169.01, 0.786, 55.81, 0.784
30195,322112, 55.29, 0.00, 0.874, 0.000, 0.000, 0.000,0,0,0, 55.29, 0.874, 41.52, 0.834, 33.42, 0.743, 169.01, 0.742
30196,322122, 55.04, 0.00, 0.889, 0.000, 0.000, 0.000,0,0,0, 55.04, 0.889, 32.60, 0.852, 41.23, 0.845, 166.66, 0.743
30197,322133, 33.61, 0.00, 0.842, 0.000, 0.000, 0.000,0,0,0, 33.61, 0.842, 41.52, 0.801, 55.29, 0.777, 173.91, 0.771
30198,322144, 33.33, 0.00, 0.828, 0.000, 0.000, 0.000,0,0,0, 33.33, 0.828, 41.66, 0.820, 55.55, 0.792, 164.38, 0.760
30199,322154, 33.51, 0.00, 0.893, 0.000, 0.000, 0.000,0,0,0, 33.51, 0.893, 41.66, 0.810, 169.01, 0.792, 83.33, 0.702
30200,322165, 164.38, 0.00, 0.700, 0.000, 0.000, 0.000,0,0,0, 164.38, 0.700, 82.19, 0.616, 54.54, 0.554, 41.09, 0.417
30201,322176, 166.66, 0.00, 0.627, 0.000, 0.000, 0.000,0,0,0, 166.66, 0.627, 84.50, 0.381, 55.55, 0.151, 32.43, 0.096
30202,322186, 37.03, 0.00, 0.584, 0.000, 0.000, 0.000,0,0,0, 37.03, 0.584, 44.77, 0.334, 206.89, 0.298, 169.01, 0.212
30203,322197, 46.87, 0.00, 0.712, 0.000, 0.000, 0.000,0,0,0, 46.87, 0.712, 40.54, 0.692, 36.25, 0.315, 0.00, 0.000
30204,322208, 39.60, 0.00, 0.379, 0.000, 0.000, 0.000,0,0,0, 39.60, 0.379, 48.38, 0.268, 30.30, 0.097, 60.91, 0.092
30205,322218, 30.53, 0.00, 0.338, 0.000, 0.000, 0.000,0,0,0, 30.53, 0.338, 79.47, 0.141, 118.81, 0.119, 60.00, 0.112
30206,322229, 41.09, 0.00, 0.576, 0.000, 0.000, 0.000,0,0,0, 41.09, 0.576, 62.50, 0.268, 80.53, 0.253, 118.81, 0.094
30207,322240, 40.95, 0.00, 0.605, 0.000, 0.000, 0.000,0,0,0, 40.95, 0.605, 116.50, 0.282, 83.33, 0.214, 62.50, 0.137
30208,322250, 40.67, 0.00, 0.390, 0.000, 0.000, 0.000,0,0,0, 40.67, 0.390, 63.15, 0.190, 109.09, 0.187, 65.21, 0.187
30209,322261, 40.67, 0.00, 0.887, 0.000, 0.000, 0.000,0,0,0, 40.67, 0.887, 107.14, 0.363, 65.21, 0.309, 0.00, 0.000
30210,322272, 40.67, 0.00, 0.810, 0.000, 0.000, 0.000,0,0,0, 40.67, 0.810, 39.60, 0.787, 64.86, 0.396, 101.69, 0.227
30211,322282, 40.95, 0.00, 0.961, 0.000, 0.000, 0.000,0,0,0, 40.95, 0.961, 68.57, 0.339, 101.69, 0.232, 110.09, 0.218
30212,322293, 41.23, 0.00, 0.970, 0.000, 0.000, 0.000,0,0,0, 41.23, 0.970, 103.44, 0.344, 68.57, 0.265, 82.19, 0.059
30213,322304, 41.23, 0.00, 0.987, 0.000, 0.000, 0.000,0,0,0, 41.23, 0.987, 68.57, 0.333, 114.28, 0.181, 104.34, 0.177
30214,322314, 41.23, 0.00, 0.995, 0.000, 0.000, 0.000,0,0,0, 41.23, 0.995, 103.44, 0.425, 67.41, 0.272, 0.00, 0.000
30215,322325, 41.23, 0.00, 0.977, 0.000, 0.000, 0.000,0,0,0, 41.23, 0.977, 68.57, 0.458, 106.19, 0.178, 0.00, 0.000
30216,322336, 40.95, 0.00, 0.883, 0.000, 0.000, 0.000,0,0,0, 40.95, 0.883, 102.56, 0.394, 65.93, 0.256, 0.00, 0.000
30217,322346, 40.00, 0.00, 0.860, 0.000, 0.000, 0.000,0,0,0, 40.00, 0.860, 67.41, 0.407, 111.11, 0.127, 96.00, 0.121
30218,322357, 41.23, 0.00, 0.974, 0.000, 0.000, 0.000,0,0,0, 41.23, 0.974, 97.56, 0.264, 71.42, 0.254, 80.00, 0.228
30219,322368, 41.37, 0.00, 0.991, 0.000, 0.000, 0.000,0,0,0, 41.37, 0.991, 85.71, 0.228, 68.18, 0.209, 30.69, 0.199
30220,322378, 41.52, 0.00, 0.990, 0.000, 0.000, 0.000,0,0,0, 41.52, 0.990, 30.45, 0.318, 71.42, 0.221, 80.00, 0.214
30221,322389, 41.52, 0.00, 0.990, 0.000, 0.000, 0.000,0,0,0, 41.52, 0.990, 99.17, 0.361, 86.33, 0.271, 71.00, 0.170
30222,322400, 41.37, 0.00, 0.937, 0.000, 0.000, 0.000,0,0,0, 41.37, 0.937, 71.85, 0.330, 108.10, 0.110, 100.84, 0.110
30223,322410, 40.95, 0.00, 0.817, 0.000, 0.000, 0.000,0,0,0, 40.95, 0.817, 88.88, 0.352, 97.56, 0.342, 72.28, 0.184
30224,322421, 39.86, 0.00, 0.828, 0.000, 0.000, 0.000,0,0,0, 39.86, 0.828, 72.72, 0.431, 78.43, 0.409, 88.23, 0.400
30225,322432, 33.24, 0.00, 0.447, 0.000, 0.000, 0.000,0,0,0, 33.24, 0.447, 89.55, 0.432, 45.62, 0.284, 53.09, 0.093
30226,322442, 44.11, 0.00, 0.345, 0.000, 0.000, 0.000,0,0,0, 44.11, 0.345, 53.33, 0.154, 79.47, 0.092, 0.00, 0.000
30227,322453, 40.54, 0.00, 0.545, 0.000, 0.000, 0.000,0,0,0, 40.54, 0.545, 50.63, 0.462, 210.52, 0.160, 0.00, 0.000
30228,322464, 42.40, 0.00, 0.610, 0.000, 0.000, 0.000,0,0,0, 42.40, 0.610, 50.63, 0.563, 0.00, 0.000, 0.00, 0.000
30229,322474, 43.32, 0.00, 0.921, 0.000, 0.000, 0.000,0,0,0, 43.32, 0.921, 0.00, 0.000, 0.00, 0.000, 0.00, 0.000
30230,322485, 44.11, 0.00, 0.812, 0.000, 0.000, 0.000,0,0,0, 44.11, 0.812, 46.51, 0.805, 0.00, 0.000, 0.00, 0.000
30231,322496, 46.87, 0.00, 0.625, 0.000, 0.000, 0.000,0,0,0, 46.87, 0.625, 38.96, 0.520, 0.00, 0.000, 0.00, 0.000
30232,322506, 41.66, 0.00, 0.774, 0.000, 0.000, 0.000,0,0,0, 41.66, 0.774, 38.96, 0.771, 0.00, 0.000, 0.00, 0.000
30233,322517, 42.10, 0.00, 0.802, 0.000, 0.000, 0.000,0,0,0, 42.10, 0.802, 44.11, 0.784, 0.00, 0.000, 0.00, 0.000
30234,322528, 44.44, 0.00, 0.764, 0.000, 0.000, 0.000,0,0,0, 44.44, 0.764, 0.00, 0.000, 0.00, 0.000, 0.00, 0.000
30235,322538, 40.81, 0.00, 0.980, 0.000, 0.000, 0.000,0,0,0, 40.81, 0.980, 0.00, 0.000, 0.00, 0.000, 0.00, 0.000
30236,322549, 41.81, 0.00, 0.996, 0.000, 0.000, 0.000,0,0,0, 41.81, 0.996, 0.00, 0.000, 0.00, 0.000, 0.00, 0.000
30237,322560, 42.55, 0.00, 0.999, 0.000, 0.000, 0.000,0,0,0, 42.55, 0.999, 0.00, 0.000, 0.00, 0.000, 0.00, 0.000
30238,322570, 37.26, 0.00, 0.789, 0.000, 0.000, 0.000,0,0,0, 37.26, 0.789, 42.10, 0.775, 0.00, 0.000, 0.00, 0.000
30239,322581, 42.85, 0.00, 0.732, 0.000, 0.000, 0.000,0,0,0, 42.85, 0.732, 37.26, 0.636, 0.00, 0.000, 0.00, 0.000
30240,322592, 43.16, 0.00, 0.777, 0.000, 0.000, 0.000,0,0,0, 43.16, 0.777, 49.38, 0.530, 0.00, 0.000, 0.00, 0.000
30241,322602, 41.81, 0.00, 0.690, 0.000, 0.000, 0.000,0,0,0, 41.81, 0.690, 49.79, 0.557, 0.00, 0.000, 0.00, 0.000
30242,322613, 41.66, 0.00, 0.676, 0.000, 0.000, 0.000,0,0,0, 41.66, 0.676, 51.06, 0.493, 0.00, 0.000, 0.00, 0.000
30243,322624, 52.40, 0.00, 0.625, 0.000, 0.000, 0.000,0,0,0, 52.40, 0.625, 41.66, 0.294, 65.57, 0.112, 0.00, 0.000
30244,322634, 52.17, 0.00, 0.489, 0.000, 0.000, 0.000,0,0,0, 52.17, 0.489, 41.37, 0.464, 218.18, 0.191, 66.29, 0.175
30245,322645, 40.95, 0.00, 0.633, 0.000, 0.000, 0.000,0,0,0, 40.95, 0.633, 51.28, 0.584, 203.38, 0.345, 67.79, 0.305
30246,322656, 51.06, 0.00, 0.541, 0.000, 0.000, 0.000,0,0,0, 51.06, 0.541, 40.40, 0.448, 103.44, 0.416, 34.18, 0.381
30247,322666, 33.80, 0.00, 0.609, 0.000, 0.000, 0.000,0,0,0, 33.80, 0.609, 101.69, 0.411, 50.42, 0.232, 67.41, 0.152
30248,322677, 33.61, 0.00, 0.301, 0.000, 0.000, 0.000,0,0,0, 33.61, 0.301, 99.17, 0.260, 66.29, 0.211, 39.47, 0.173
30249,322688, 37.61, 0.00, 0.229, 0.000, 0.000, 0.000,0,0,0, 37.61, 0.229, 41.09, 0.228, 51.06, 0.210, 62.17, 0.173
30250,322698, 52.63, 0.00, 0.582, 0.000, 0.000, 0.000,0,0,0, 52.63, 0.582, 69.76, 0.205, 38.70, 0.118, 148.14, 0.079
30251,322709, 37.73, 0.00, 0.545, 0.000, 0.000, 0.000,0,0,0, 37.73, 0.545, 35.50, 0.534, 52.63, 0.511, 106.19, 0.294
30252,322720, 100.84, 0.00, 0.431, 0.000, 0.000, 0.000,0,0,0, 100.84, 0.431, 56.87, 0.372, 41.37, 0.366, 36.25, 0.273
30253,322730, 100.00, 0.00, 0.521, 0.000, 0.000, 0.000,0,0,0, 100.00, 0.521, 35.82, 0.422, 56.60, 0.361, 41.52, 0.146
30254,322741, 100.84, 0.00, 0.474, 0.000, 0.000, 0.000,0,0,0, 100.84, 0.474, 35.71, 0.436, 56.87, 0.317, 41.37, 0.073
30255,322752, 56.33, 0.00, 0.474, 0.000, 0.000, 0.000,0,0,0, 56.33, 0.474, 101.69, 0.364, 41.09, 0.240, 35.50, 0.239
30256,322762, 123.71, 0.00, 0.436, 0.000, 0.000, 0.000,0,0,0, 123.71, 0.436, 30.61, 0.401, 56.87, 0.396, 40.13, 0.362
30257,322773, 53.09, 0.00, 0.518, 0.000, 0.000, 0.000,0,0,0, 53.09, 0.518, 100.84, 0.492, 34.28, 0.430, 37.73, 0.422
30258,322784, 36.58, 0.00, 0.682, 0.000, 0.000, 0.000,0,0,0, 36.58, 0.682, 53.33, 0.600, 114.28, 0.506, 0.00, 0.000
30259,322794, 35.50, 0.00, 0.575, 0.000, 0.000, 0.000,0,0,0, 35.50, 0.575, 53.57, 0.358, 98.36, 0.294, 108.10, 0.276
30260,322805, 54.54, 0.00, 0.665, 0.000, 0.000, 0.000,0,0,0, 54.54, 0.665, 36.58, 0.427, 130.43, 0.202, 113.20, 0.161
30261,322816, 52.86, 0.00, 0.633, 0.000, 0.000, 0.000,0,0,0, 52.86, 0.633, 37.61, 0.501, 155.84, 0.279, 129.03, 0.236
30262,322826, 52.40, 0.00, 0.596, 0.000, 0.000, 0.000,0,0,0, 52.40, 0.596, 34.68, 0.269, 76.43, 0.134, 96.77, 0.069
30263,322837, 35.50, 0.00, 0.522, 0.000, 0.000, 0.000,0,0,0, 35.50, 0.522, 51.50, 0.515, 54.05, 0.501, 120.00, 0.128
30264,322848, 34.28, 0.00, 0.601, 0.000, 0.000, 0.000,0,0,0, 34.28, 0.601, 56.07, 0.201, 73.61, 0.173, 71.00, 0.164
30265,322858, 54.79, 0.00, 0.460, 0.000, 0.000, 0.000,0,0,0, 54.79, 0.460, 36.25, 0.415, 146.34, 0.148, 74.53, 0.052
30266,322869, 52.40, 0.00, 0.623, 0.000, 0.000, 0.000,0,0,0, 52.40, 0.623, 151.89, 0.240, 74.53, 0.219, 38.58, 0.215
30267,322880, 53.57, 0.00, 0.457, 0.000, 0.000, 0.000,0,0,0, 53.57, 0.457, 39.73, 0.264, 36.69, 0.262, 73.17, 0.208
30268,322890, 36.03, 0.00, 0.616, 0.000, 0.000, 0.000,0,0,0, 36.03, 0.616, 56.87, 0.454, 96.00, 0.321, 50.42, 0.185
30269,322901, 33.24, 0.00, 0.582, 0.000, 0.000, 0.000,0,0,0, 33.24, 0.582, 56.87, 0.357, 36.03, 0.351, 96.77, 0.343
30270,322912, 55.29, 0.00, 0.490, 0.000, 0.000, 0.000,0,0,0, 55.29, 0.490, 37.61, 0.400, 34.68, 0.311, 100.00, 0.236
30271,322922, 38.21, 0.00, 0.500, 0.000, 0.000, 0.000,0,0,0, 38.21, 0.500, 55.55, 0.477, 40.95, 0.267, 144.57, 0.215
30272,322933, 36.58, 0.00, 0.523, 0.000, 0.000, 0.000,0,0,0, 36.58, 0.523, 55.29, 0.423, 40.54, 0.337, 98.36, 0.246
30273,322944, 35.71, 0.00, 0.688, 0.000, 0.000, 0.000,0,0,0, 35.71, 0.688, 56.87, 0.497, 97.56, 0.352, 50.84, 0.146
30274,322954, 56.33, 0.00, 0.473, 0.000, 0.000, 0.000,0,0,0, 56.33, 0.473, 35.71, 0.462, 96.00, 0.319, 33.70, 0.211
30275,322965, 56.07, 0.00, 0.603, 0.000, 0.000, 0.000,0,0,0, 56.07, 0.603, 33.61, 0.317, 37.15, 0.290, 94.48, 0.200
30276,322976, 54.05, 0.00, 0.573, 0.000, 0.000, 0.000,0,0,0, 54.05, 0.573, 38.70, 0.473, 142.85, 0.319, 81.63, 0.009
30277,322986, 39.21, 0.00, 0.582, 0.000, 0.000, 0.000,0,0,0, 39.21, 0.582, 56.33, 0.542, 141.17, 0.061, 94.48, 0.023
30278,322997, 35.82, 0.00, 0.421, 0.000, 0.000, 0.000,0,0,0, 35.82, 0.421, 56.60, 0.351, 98.36, 0.196, 142.85, 0.157
30279,323008, 56.07, 0.00, 0.542, 0.000, 0.000, 0.000,0,0,0, 56.07, 0.542, 120.00, 0.243, 104.34, 0.212, 34.48, 0.067
30280,323018, 54.05, 0.00, 0.761, 0.000, 0.000, 0.000,0,0,0, 54.05, 0.761, 35.50, 0.489, 97.56, 0.345, 117.64, 0.279
30281,323029, 53.57, 0.00, 0.568, 0.000, 0.000, 0.000,0,0,0, 53.57, 0.568, 38.09, 0.505, 130.43, 0.230, 97.56, 0.124
30282,323040, 56.60, 0.00, 0.577, 0.000, 0.000, 0.000,0,0,0, 56.60, 0.577, 37.97, 0.451, 96.77, 0.295, 136.36, 0.062
30283,323050, 37.61, 0.00, 0.621, 0.000, 0.000, 0.000,0,0,0, 37.61, 0.621, 56.87, 0.487, 97.56, 0.388, 0.00, 0.000
30284,323061, 57.14, 0.00, 0.521, 0.000, 0.000, 0.000,0,0,0, 57.14, 0.521, 98.36, 0.294, 131.86, 0.270, 36.69, 0.258
30285,323072, 54.79, 0.00, 0.767, 0.000, 0.000, 0.000,0,0,0, 54.79, 0.767, 36.58, 0.610, 109.09, 0.395, 0.00, 0.000
30286,323082, 53.09, 0.00, 0.791, 0.000, 0.000, 0.000,0,0,0, 53.09, 0.791, 111.11, 0.285, 37.85, 0.283, 130.43, 0.279
30287,323093, 54.54, 0.00, 0.625, 0.000, 0.000, 0.000,0,0,0, 54.54, 0.625, 102.56, 0.268, 40.40, 0.164, 36.47, 0.147
30288,323104, 36.58, 0.00, 0.835, 0.000, 0.000, 0.000,0,0,0, 36.58, 0.835, 55.55, 0.628, 107.14, 0.443, 0.00, 0.000
30289,323114, 55.04, 0.00, 0.496, 0.000, 0.000, 0.000,0,0,0, 55.04, 0.496, 101.69, 0.362, 34.28, 0.241, 35.71, 0.173
30290,323125, 54.29, 0.00, 0.665, 0.000, 0.000, 0.000,0,0,0, 54.29, 0.665, 34.58, 0.412, 36.58, 0.348, 94.48, 0.299
30291,323136, 52.17, 0.00, 0.612, 0.000, 0.000, 0.000,0,0,0, 52.17, 0.612, 38.21, 0.532, 139.53, 0.227, 112.14, 0.075
30292,323146, 52.17, 0.00, 0.356, 0.000, 0.000, 0.000,0,0,0, 52.17, 0.356, 39.21, 0.337, 57.14, 0.253, 0.00, 0.000
30293,323157, 37.26, 0.00, 0.571, 0.000, 0.000, 0.000,0,0,0, 37.26, 0.571, 57.14, 0.351, 68.96, 0.121, 88.88, 0.108
30294,323168, 57.41, 0.00, 0.446, 0.000, 0.000, 0.000,0,0,0, 57.41, 0.446, 34.88, 0.173, 37.15, 0.114, 91.60, 0.105
30295,323178, 54.05, 0.00, 0.617, 0.000, 0.000, 0.000,0,0,0, 54.05, 0.617, 34.88, 0.583, 35.71, 0.555, 91.60, 0.358
30296,323189, 54.29, 0.00, 0.648, 0.000, 0.000, 0.000,0,0,0, 54.29, 0.648, 35.60, 0.310, 34.28, 0.284, 92.30, 0.282
30297,323200, 54.79, 0.00, 0.631, 0.000, 0.000, 0.000,0,0,0, 54.79, 0.631, 92.30, 0.323, 34.18, 0.249, 114.28, 0.194
30298,323210, 55.04, 0.00, 0.603, 0.000, 0.000, 0.000,0,0,0, 55.04, 0.603, 37.61, 0.482, 113.20, 0.278, 95.23, 0.190
30299,323221, 58.25, 0.00, 0.637, 0.000, 0.000, 0.000,0,0,0, 58.25, 0.637, 40.26, 0.353, 38.83, 0.275, 122.44, 0.258
30300,323232, 55.55, 0.00, 0.661, 0.000, 0.000, 0.000,0,0,0, 55.55, 0.661, 36.25, 0.404, 114.28, 0.207, 89.55, 0.206
30301,323242, 54.05, 0.00, 0.580, 0.000, 0.000, 0.000,0,0,0, 54.05, 0.580, 34.98, 0.261, 89.55, 0.251, 96.00, 0.230
30302,323253, 53.81, 0.00, 0.648, 0.000, 0.000, 0.000,0,0,0, 53.81, 0.648, 34.18, 0.599, 91.60, 0.364, 139.53, 0.158
30303,323264, 55.81, 0.00, 0.752, 0.000, 0.000, 0.000,0,0,0, 55.81, 0.752, 36.03, 0.608, 110.09, 0.371, 98.36, 0.338
30304,323274, 56.87, 0.00, 0.807, 0.000, 0.000, 0.000,0,0,0, 56.87, 0.807, 114.28, 0.363, 38.58, 0.224, 0.00, 0.000
30305,323285, 55.55, 0.00, 0.797, 0.000, 0.000, 0.000,0,0,0, 55.55, 0.797, 36.80, 0.622, 110.09, 0.431, 0.00, 0.000
30306,323296, 55.04, 0.00, 0.845, 0.000, 0.000, 0.000,0,0,0, 55.04, 0.845, 37.85, 0.457, 118.81, 0.350, 0.00, 0.000
30307,323306, 54.05, 0.00, 0.809, 0.000, 0.000, 0.000,0,0,0, 54.05, 0.809, 105.26, 0.378, 37.15, 0.309, 32.52, 0.054
30308,323317, 55.55, 0.00, 0.846, 0.000, 0.000, 0.000,0,0,0, 55.55, 0.846, 36.36, 0.497, 110.09, 0.474, 0.00, 0.000
30309,323328, 56.33, 0.00, 0.812, 0.000, 0.000, 0.000,0,0,0, 56.33, 0.812, 111.11, 0.396, 35.19, 0.311, 37.38, 0.302
30310,323338, 55.81, 0.00, 0.796, 0.000, 0.000, 0.000,0,0,0, 55.81, 0.796, 35.08, 0.564, 112.14, 0.374, 92.30, 0.270
30311,323349, 54.79, 0.00, 0.771, 0.000, 0.000, 0.000,0,0,0, 54.79, 0.771, 36.47, 0.407, 111.11, 0.287, 93.02, 0.199
30312,323360, 54.54, 0.00, 0.845, 0.000, 0.000, 0.000,0,0,0, 54.54, 0.845, 33.99, 0.295, 90.90, 0.259, 142.85, 0.165
30313,323370, 54.79, 0.00, 0.746, 0.000, 0.000, 0.000,0,0,0, 54.79, 0.746, 36.25, 0.460, 37.85, 0.418, 109.09, 0.222
30314,323381, 56.07, 0.00, 0.755, 0.000, 0.000, 0.000,0,0,0, 56.07, 0.755, 40.26, 0.295, 112.14, 0.188, 144.57, 0.180
30315,323392, 55.55, 0.00, 0.745, 0.000, 0.000, 0.000,0,0,0, 55.55, 0.745, 34.18, 0.613, 91.60, 0.377, 146.34, 0.217
30316,323402, 37.85, 0.00, 0.693, 0.000, 0.000, 0.000,0,0,0, 37.85, 0.693, 55.81, 0.478, 142.85, 0.266, 117.64, 0.210
30317,323413, 56.60, 0.00, 0.373, 0.000, 0.000, 0.000,0,0,0, 56.60, 0.373, 37.73, 0.336, 148.14, 0.213, 50.84, 0.156
30318,323424, 53.33, 0.00, 0.517, 0.000, 0.000, 0.000,0,0,0, 53.33, 0.517, 36.58, 0.463, 136.36, 0.219, 113.20, 0.183
30319,323434, 53.81, 0.00, 0.559, 0.000, 0.000, 0.000,0,0,0, 53.81, 0.559, 35.50, 0.521, 104.34, 0.302, 0.00, 0.000
30320,323445, 55.55, 0.00, 0.450, 0.000, 0.000, 0.000,0,0,0, 55.55, 0.450, 36.03, 0.358, 102.56, 0.352, 0.00, 0.000
30321,323456, 55.04, 0.00, 0.654, 0.000, 0.000, 0.000,0,0,0, 55.04, 0.654, 36.36, 0.646, 107.14, 0.351, 0.00, 0.000
30322,323466, 55.04, 0.00, 0.762, 0.000, 0.000, 0.000,0,0,0, 55.04, 0.762, 37.26, 0.278, 107.14, 0.268, 38.96, 0.241
30323,323477, 55.81, 0.00, 0.644, 0.000, 0.000, 0.000,0,0,0, 55.81, 0.644, 110.09, 0.263, 35.08, 0.237, 133.33, 0.189
30324,323488, 55.29, 0.00, 0.757, 0.000, 0.000, 0.000,0,0,0, 55.29, 0.757, 35.60, 0.561, 106.19, 0.301, 0.00, 0.000
30325,323498, 54.79, 0.00, 0.869, 0.000, 0.000, 0.000,0,0,0, 54.79, 0.869, 34.78, 0.348, 94.48, 0.254, 141.17, 0.151
30326,323509, 54.29, 0.00, 0.828, 0.000, 0.000, 0.000,0,0,0, 54.29, 0.828, 39.08, 0.344, 141.17, 0.233, 0.00, 0.000
30327,323520, 54.54, 0.00, 0.835, 0.000, 0.000, 0.000,0,0,0, 54.54, 0.835, 35.50, 0.467, 90.22, 0.268, 38.70, 0.245
30328,323530, 55.29, 0.00, 0.826, 0.000, 0.000, 0.000,0,0,0, 55.29, 0.826, 38.46, 0.272, 123.71, 0.181, 137.93, 0.171
30329,323541, 55.55, 0.00, 0.640, 0.000, 0.000, 0.000,0,0,0, 55.55, 0.640, 34.09, 0.533, 35.92, 0.508, 111.11, 0.286
30330,323552, 55.81, 0.00, 0.616, 0.000, 0.000, 0.000,0,0,0, 55.81, 0.616, 33.99, 0.500, 125.00, 0.345, 110.09, 0.319
30331,323562, 36.58, 0.00, 0.342, 0.000, 0.000, 0.000,0,0,0, 36.58, 0.342, 105.26, 0.268, 125.00, 0.236, 51.72, 0.230
30332,323573, 37.85, 0.00, 0.718, 0.000, 0.000, 0.000,0,0,0, 37.85, 0.718, 40.95, 0.307, 55.29, 0.306, 108.10, 0.177
30333,323584, 38.09, 0.00, 0.646, 0.000, 0.000, 0.000,0,0,0, 38.09, 0.646, 55.04, 0.512, 117.64, 0.240, 0.00, 0.000
30334,323594, 54.54, 0.00, 0.563, 0.000, 0.000, 0.000,0,0,0, 54.54, 0.563, 37.15, 0.517, 116.50, 0.355, 33.99, 0.234
30335,323605, 35.60, 0.00, 0.601, 0.000, 0.000, 0.000,0,0,0, 35.60, 0.601, 54.54, 0.593, 100.84, 0.487, 115.38, 0.351
30336,323616, 36.36, 0.00, 0.579, 0.000, 0.000, 0.000,0,0,0, 36.36, 0.579, 54.05, 0.547, 120.00, 0.447, 101.69, 0.419
30337,323626, 36.69, 0.00, 0.432, 0.000, 0.000, 0.000,0,0,0, 36.69, 0.432, 55.81, 0.372, 121.21, 0.352, 104.34, 0.205
30338,323637, 56.60, 0.00, 0.389, 0.000, 0.000, 0.000,0,0,0, 56.60, 0.389, 122.44, 0.188, 37.15, 0.154, 40.67, 0.057
30339,323648, 35.50, 0.00, 0.603, 0.000, 0.000, 0.000,0,0,0, 35.50, 0.603, 56.07, 0.292, 96.77, 0.017, 0.00, 0.000
30340,323658, 32.08, 0.00, 0.652, 0.000, 0.000, 0.000,0,0,0, 32.08, 0.652, 34.18, 0.540, 74.07, 0.091, 84.50, 0.081
30341,323669, 37.26, 0.00, 0.380, 0.000, 0.000, 0.000,0,0,0, 37.26, 0.380, 82.75, 0.301, 73.61, 0.299, 39.21, 0.251
30342,323680, 39.73, 0.00, 0.711, 0.000, 0.000, 0.000,0,0,0, 39.73, 0.711, 54.54, 0.209, 50.63, 0.135, 77.92, 0.106
30343,323690, 37.85, 0.00, 0.354, 0.000, 0.000, 0.000,0,0,0, 37.85, 0.354, 40.67, 0.354, 56.07, 0.192, 49.58, 0.171
30344,323701, 36.69, 0.00, 0.555, 0.000, 0.000, 0.000,0,0,0, 36.69, 0.555, 40.81, 0.379, 106.19, 0.090, 56.07, 0.080
30345,323712, 40.54, 0.00, 0.710, 0.000, 0.000, 0.000,0,0,0, 40.54, 0.710, 98.36, 0.111, 92.30, 0.101, 55.55, 0.086
30346,323722, 32.52, 0.00, 0.732, 0.000, 0.000, 0.000,0,0,0, 32.52, 0.732, 31.33, 0.682, 89.55, 0.463, 48.97, 0.349
30347,323733, 39.86, 0.00, 0.398, 0.000, 0.000, 0.000,0,0,0, 39.86, 0.398, 83.91, 0.300, 33.99, 0.281, 50.84, 0.037
30348,323744, 35.08, 0.00, 0.443, 0.000, 0.000, 0.000,0,0,0, 35.08, 0.443, 35.92, 0.431, 53.33, 0.069, 82.75, 0.018
30349,323754, 42.10, 0.00, 0.579, 0.000, 0.000, 0.000,0,0,0, 42.10, 0.579, 53.33, 0.574, 0.00, 0.000, 0.00, 0.000
30350,323765, 53.33, 0.00, 0.677, 0.000, 0.000, 0.000,0,0,0, 53.33, 0.677, 46.87, 0.331, 41.95, 0.273, 0.00, 0.000
30351,323776, 39.60, 0.00, 0.629, 0.000, 0.000, 0.000,0,0,0, 39.60, 0.629, 62.82, 0.340, 107.14, 0.094, 0.00, 0.000
30352,323786, 39.34, 0.00, 0.490, 0.000, 0.000, 0.000,0,0,0, 39.34, 0.490, 37.03, 0.421, 101.69, 0.339, 55.29, 0.294
30353,323797, 32.96, 0.00, 0.665, 0.000, 0.000, 0.000,0,0,0, 32.96, 0.665, 96.77, 0.432, 49.18, 0.260, 41.95, 0.242
30354,323808, 37.50, 0.00, 0.573, 0.000, 0.000, 0.000,0,0,0, 37.50, 0.573, 82.19, 0.396, 0.00, 0.000, 0.00, 0.000
30355,323818, 41.52, 0.00, 0.463, 0.000, 0.000, 0.000,0,0,0, 41.52, 0.463, 38.09, 0.440, 81.08, 0.109, 57.97, 0.004
30356,323829, 41.37, 0.00, 0.647, 0.000, 0.000, 0.000,0,0,0, 41.37, 0.647, 56.33, 0.196, 50.42, 0.097, 0.00, 0.000
30357,323840, 56.33, 0.00, 0.500, 0.000, 0.000, 0.000,0,0,0, 56.33, 0.500, 36.58, 0.479, 105.26, 0.121, 40.81, 0.109
30358,323850, 56.87, 0.00, 0.535, 0.000, 0.000, 0.000,0,0,0, 56.87, 0.535, 37.97, 0.496, 97.56, 0.182, 0.00, 0.000
30359,323861, 97.56, 0.00, 0.511, 0.000, 0.000, 0.000,0,0,0, 97.56, 0.511, 36.14, 0.383, 56.60, 0.323, 0.00, 0.000
30360,323872, 32.60, 0.00, 0.563, 0.000, 0.000, 0.000,0,0,0, 32.60, 0.563, 96.77, 0.338, 52.63, 0.206, 41.95, 0.138
30361,323882, 37.61, 0.00, 0.624, 0.000, 0.000, 0.000,0,0,0, 37.61, 0.624, 40.81, 0.413, 77.41, 0.191, 55.29, 0.013
30362,323893, 40.95, 0.00, 0.640, 0.000, 0.000, 0.000,0,0,0, 40.95, 0.640, 54.05, 0.168, 77.92, 0.109, 0.00, 0.000
30363,323904, 41.81, 0.00, 0.565, 0.000, 0.000, 0.000,0,0,0, 41.81, 0.565, 48.78, 0.451, 74.07, 0.114, 0.00, 0.000
30364,323914, 36.14, 0.00, 0.531, 0.000, 0.000, 0.000,0,0,0, 36.14, 0.531, 57.97, 0.173, 72.28, 0.162, 49.58, 0.055
30365,323925, 38.58, 0.00, 0.794, 0.000, 0.000, 0.000,0,0,0, 38.58, 0.794, 82.19, 0.126, 58.25, 0.120, 93.75, 0.089
30366,323936, 95.23, 0.00, 0.292, 0.000, 0.000, 0.000,0,0,0, 95.23, 0.292, 38.58, 0.159, 49.58, 0.089, 53.09, 0.014
30367,323946, 30.53, 0.00, 0.502, 0.000, 0.000, 0.000,0,0,0, 30.53, 0.502, 40.40, 0.277, 88.23, 0.236, 50.20, 0.169
30368,323957, 37.26, 0.00, 0.617, 0.000, 0.000, 0.000,0,0,0, 37.26, 0.617, 53.33, 0.031, 72.28, 0.005, 0.00, 0.000
30369,323968, 41.66, 0.00, 0.465, 0.000, 0.000, 0.000,0,0,0, 41.66, 0.465, 53.57, 0.368, 49.58, 0.356, 0.00, 0.000
30370,323978, 44.11, 0.00, 0.560, 0.000, 0.000, 0.000,0,0,0, 44.11, 0.560, 0.00, 0.000, 0.00, 0.000, 0.00, 0.000
30371,323989, 44.11, 0.00, 0.385, 0.000, 0.000, 0.000,0,0,0, 44.11, 0.385, 79.47, 0.209, 98.36, 0.042, 0.00, 0.000
30372,324000, 82.19, 0.00, 0.533, 0.000, 0.000, 0.000,0,0,0, 82.19, 0.533, 42.10, 0.465, 0.00, 0.000, 0.00, 0.000
30373,324010, 31.83, 0.00, 0.392, 0.000, 0.000, 0.000,0,0,0, 31.83, 0.392, 81.63, 0.373, 41.95, 0.261, 55.29, 0.188
30374,324021, 41.37, 0.00, 0.337, 0.000, 0.000, 0.000,0,0,0, 41.37, 0.337, 46.51, 0.289, 55.55, 0.259, 83.33, 0.202
30375,324032, 37.15, 0.00, 0.524, 0.000, 0.000, 0.000,0,0,0, 37.15, 0.524, 75.00, 0.386, 85.10, 0.324, 65.57, 0.220
30376,324042, 37.26, 0.00, 0.721, 0.000, 0.000, 0.000,0,0,0, 37.26, 0.721, 78.43, 0.571, 70.17, 0.461, 0.00, 0.000
30377,324053, 78.94, 0.00, 0.703, 0.000, 0.000, 0.000,0,0,0, 78.94, 0.703, 39.60, 0.623, 0.00, 0.000, 0.00, 0.000
30378,324064, 41.52, 0.00, 0.491, 0.000, 0.000, 0.000,0,0,0, 41.52, 0.491, 79.47, 0.379, 0.00, 0.000, 0.00, 0.000
30379,324074, 42.10, 0.00, 0.492, 0.000, 0.000, 0.000,0,0,0, 42.10, 0.492, 30.30, 0.266, 106.19, 0.066, 0.00, 0.000
30380,324085, 42.85, 0.00, 0.227, 0.000, 0.000, 0.000,0,0,0, 42.85, 0.227, 120.00, 0.005, 0.00, 0.000, 0.00, 0.000
30381,324096, 40.54, 0.00, 0.401, 0.000, 0.000, 0.000,0,0,0, 40.54, 0.401, 42.85, 0.332, 38.70, 0.279, 82.75, 0.187
30382,324106, 46.33, 0.00, 0.406, 0.000, 0.000, 0.000,0,0,0, 46.33, 0.406, 40.54, 0.302, 36.47, 0.232, 37.50, 0.224
30383,324117, 40.26, 0.00, 0.575, 0.000, 0.000, 0.000,0,0,0, 40.26, 0.575, 78.94, 0.142, 0.00, 0.000, 0.00, 0.000
30384,324128, 40.81, 0.00, 0.621, 0.000, 0.000, 0.000,0,0,0, 40.81, 0.621, 0.00, 0.000, 0.00, 0.000, 0.00, 0.000
30385,324138, 40.67, 0.00, 0.736, 0.000, 0.000, 0.000,0,0,0, 40.67, 0.736, 0.00, 0.000, 0.00, 0.000, 0.00, 0.000
30386,324149, 39.60, 0.00, 0.401, 0.000, 0.000, 0.000,0,0,0, 39.60, 0.401, 0.00, 0.000, 0.00, 0.000, 0.00, 0.000
30387,324160, 41.09, 0.00, 0.605, 0.000, 0.000, 0.000,0,0,0, 41.09, 0.605, 71.85, 0.282, 0.00, 0.000, 0.00, 0.000
30388,324170, 40.95, 0.00, 0.454, 0.000, 0.000, 0.000,0,0,0, 40.95, 0.454, 113.20, 0.100, 0.00, 0.000, 0.00, 0.000
30389,324181, 260.86, 0.00, 0.366, 0.000, 0.000, 0.000,0,0,0, 260.86, 0.366, 48.58, 0.025, 0.00, 0.000, 0.00, 0.000
30390,324192, 48.78, 0.00, 0.417, 0.000, 0.000, 0.000,0,0,0, 48.78, 0.417, 260.86, 0.333, 60.30, 0.159, 0.00, 0.000
30391,324202, 36.25, 0.00, 0.573, 0.000, 0.000, 0.000,0,0,0, 36.25, 0.573, 42.55, 0.426, 260.86, 0.248, 55.81, 0.188
30392,324213, 32.87, 0.00, 0.567, 0.000, 0.000, 0.000,0,0,0, 32.87, 0.567, 36.36, 0.400, 272.72, 0.201, 42.55, 0.090
30393,324224, 34.78, 0.00, 0.885, 0.000, 0.000, 0.000,0,0,0, 34.78, 0.885, 36.69, 0.381, 43.47, 0.275, 48.78, 0.071
30394,324234, 43.16, 0.00, 0.567, 0.000, 0.000, 0.000,0,0,0, 43.16, 0.567, 48.38, 0.340, 34.78, 0.280, 30.53, 0.131
30395,324245, 37.85, 0.00, 0.456, 0.000, 0.000, 0.000,0,0,0, 37.85, 0.456, 45.45, 0.384, 0.00, 0.000, 0.00, 0.000
30396,324256, 73.17, 0.00, 0.226, 0.000, 0.000, 0.000,0,0,0, 73.17, 0.226, 45.80, 0.155, 0.00, 0.000, 0.00, 0.000
30397,324266, 44.94, 0.00, 0.350, 0.000, 0.000, 0.000,0,0,0, 44.94, 0.350, 260.86, 0.306, 76.92, 0.182, 38.33, 0.144
30398,324277, 44.94, 0.00, 0.458, 0.000, 0.000, 0.000,0,0,0, 44.94, 0.458, 38.21, 0.345, 255.31, 0.340, 31.57, 0.309
30399,324288, 260.86, 0.00, 0.430, 0.000, 0.000, 0.000,0,0,0, 260.86, 0.430, 0.00, 0.000, 0.00, 0.000, 0.00, 0.000
30400,324298, 30.61, 0.00, 0.506, 0.000, 0.000, 0.000,0,0,0, 30.61, 0.506, 272.72, 0.384, 34.58, 0.255, 148.14, 0.127
30401,324309, 352.94, 0.00, 0.355, 0.000, 0.000, 0.000,0,0,0, 352.94, 0.355, 56.87, 0.296, 52.40, 0.290, 42.85, 0.216
30402,324320, 57.41, 0.00, 0.408, 0.000, 0.000, 0.000,0,0,0, 57.41, 0.408, 352.94, 0.352, 33.42, 0.341, 69.36, 0.299
30403,324330, 30.92, 0.00, 0.658, 0.000, 0.000, 0.000,0,0,0, 30.92, 0.658, 375.00, 0.405, 285.71, 0.393, 33.61, 0.208
30404,324341, 400.00, 0.00, 0.627, 0.000, 0.000, 0.000,0,0,0, 400.00, 0.627, 0.00, 0.000, 0.00, 0.000, 0.00, 0.000
30405,324352, 400.00, 0.00, 0.562, 0.000, 0.000, 0.000,0,0,0, 400.00, 0.562, 0.00, 0.000, 0.00, 0.000, 0.00, 0.000
30406,324362, 266.66, 0.00, 0.515, 0.000, 0.000, 0.000,0,0,0, 266.66, 0.515, 0.00, 0.000, 0.00, 0.000, 0.00, 0.000
30407,324373, 272.72, 0.00, 0.492, 0.000, 0.000, 0.000,0,0,0, 272.72, 0.492, 0.00, 0.000, 0.00, 0.000, 0.00, 0.000
30408,324384, 272.72, 0.00, 0.490, 0.000, 0.000, 0.000,0,0,0, 272.72, 0.490, 60.91, 0.025, 49.79, 0.011, 39.34, 0.010
30409,324394, 272.72, 0.00, 0.438, 0.000, 0.000, 0.000,0,0,0, 272.72, 0.438, 30.69, 0.290, 0.00, 0.000, 0.00, 0.000
30410,324405, 324.32, 0.00, 0.612, 0.000, 0.000, 0.000,0,0,0, 324.32, 0.612, 171.42, 0.328, 0.00, 0.000, 0.00, 0.000
30411,324416, 324.32, 0.00, 0.605, 0.000, 0.000, 0.000,0,0,0, 324.32, 0.605, 171.42, 0.332, 52.63, 0.002, 0.00, 0.000
30412,324426, 324.32, 0.00, 0.605, 0.000, 0.000, 0.000,0,0,0, 324.32, 0.605, 171.42, 0.332, 32.43, 0.229, 36.03, 0.148
30413,324437, 400.00, 0.00, 0.555, 0.000, 0.000, 0.000,0,0,0, 400.00, 0.555, 0.00, 0.000, 0.00, 0.000, 0.00, 0.000
30414,324448, 400.00, 0.00, 0.561, 0.000, 0.000, 0.000,0,0,0, 400.00, 0.561, 0.00, 0.000, 0.00, 0.000, 0.00, 0.000
30415,324458, 43.79, 0.00, 0.026, 0.000, 0.000, 0.000,0,0,0, 43.79, 0.026, 0.00, 0.000, 0.00, 0.000, 0.00, 0.000
30416,324469, 292.68, 0.00, 0.460, 0.000, 0.000, 0.000,0,0,0, 292.68, 0.460, 0.00, 0.000, 0.00, 0.000, 0.00, 0.000
30417,324480, 285.71, 0.00, 0.512, 0.000, 0.000, 0.000,0,0,0, 285.71, 0.512, 0.00, 0.000, 0.00, 0.000, 0.00, 0.000
30418,324490, 285.71, 0.00, 0.499, 0.000, 0.000, 0.000,0,0,0, 285.71, 0.499, 80.00, 0.059, 33.42, 0.044, 42.40, 0.041
30419,324501, 292.68, 0.00, 0.492, 0.000, 0.000, 0.000,0,0,0, 292.68, 0.492, 130.43, 0.234, 30.84, 0.107, 0.00, 0.000
30420,324512, 88.88, 0.00, 0.312, 0.000, 0.000, 0.000,0,0,0, 88.88, 0.312, 96.77, 0.216, 292.68, 0.211, 129.03, 0.102
30421,324522, 33.61, 0.00, 0.440, 0.000, 0.000, 0.000,0,0,0, 33.61, 0.440, 45.28, 0.368, 39.21, 0.256, 73.61, 0.202
30422,324533, 45.45, 0.00, 0.480, 0.000, 0.000, 0.000,0,0,0, 45.45, 0.480, 39.08, 0.383, 36.03, 0.341, 33.14, 0.324
30423,324544, 32.43, 0.00, 0.726, 0.000, 0.000, 0.000,0,0,0, 32.43, 0.726, 76.92, 0.127, 58.25, 0.096, 43.01, 0.040
30424,324554, 226.41, 0.00, 0.361, 0.000, 0.000, 0.000,0,0,0, 226.41, 0.361, 0.00, 0.000, 0.00, 0.000, 0.00, 0.000
30425,324565, 400.00, 0.00, 0.569, 0.000, 0.000, 0.000,0,0,0, 400.00, 0.569, 0.00, 0.000, 0.00, 0.000, 0.00, 0.000
30426,324576, 400.00, 0.00, 0.553, 0.000, 0.000, 0.000,0,0,0, 400.00, 0.553, 0.00, 0.000, 0.00, 0.000, 0.00, 0.000
30427,324586, 324.32, 0.00, 0.494, 0.000, 0.000, 0.000,0,0,0, 324.32, 0.494, 0.00, 0.000, 0.00, 0.000, 0.00, 0.000
30428,324597, 33.05, 0.00, 0.947, 0.000, 0.000, 0.000,0,0,0, 33.05, 0.947, 31.25, 0.910, 35.19, 0.578, 307.69, 0.483
30429,324608, 35.39, 0.00, 0.368, 0.000, 0.000, 0.000,0,0,0, 35.39, 0.368, 307.69, 0.330, 157.89, 0.095, 0.00, 0.000
30430,324618, 307.69, 0.00, 0.307, 0.000, 0.000, 0.000,0,0,0, 307.69, 0.307, 71.85, 0.277, 56.87, 0.177, 155.84, 0.041
30431,324629, 79.47, 0.00, 0.343, 0.000, 0.000, 0.000,0,0,0, 79.47, 0.343, 0.00, 0.000, 0.00, 0.000, 0.00, 0.000
30432,324640, 78.94, 0.00, 0.246, 0.000, 0.000, 0.000,0,0,0, 78.94, 0.246, 0.00, 0.000, 0.00, 0.000, 0.00, 0.000
30433,324650, 400.00, 0.00, 0.583, 0.000, 0.000, 0.000,0,0,0, 400.00, 0.583, 0.00, 0.000, 0.00, 0.000, 0.00, 0.000
30434,324661, 400.00, 0.00, 0.566, 0.000, 0.000, 0.000,0,0,0, 400.00, 0.566, 0.00, 0.000, 0.00, 0.000, 0.00, 0.000
30435,324672, 34.18, 0.00, 0.469, 0.000, 0.000, 0.000,0,0,0, 34.18, 0.469, 30.45, 0.399, 153.84, 0.142, 0.00, 0.000
30436,324682, 34.88, 0.00, 0.480, 0.000, 0.000, 0.000,0,0,0, 34.88, 0.480, 88.23, 0.388, 0.00, 0.000, 0.00, 0.000
30437,324693, 31.16, 0.00, 0.999, 0.000, 0.000, 0.000,0,0,0, 31.16, 0.999, 30.69, 0.999, 30.53, 0.999, 30.84, 0.999
30438,324704, 34.78, 0.00, 0.521, 0.000, 0.000, 0.000,0,0,0, 34.78, 0.521, 88.88, 0.272, 59.11, 0.125, 0.00, 0.000
30439,324714, 35.39, 0.00, 0.442, 0.000, 0.000, 0.000,0,0,0, 35.39, 0.442, 48.78, 0.054, 0.00, 0.000, 0.00, 0.000
30440,324725, 41.66, 0.00, 0.776, 0.000, 0.000, 0.000,0,0,0, 41.66, 0.776, 0.00, 0.000, 0.00, 0.000, 0.00, 0.000
30441,324736, 36.80, 0.00, 0.832, 0.000, 0.000, 0.000,0,0,0, 36.80, 0.832, 38.21, 0.759, 41.66, 0.742, 0.00, 0.000
30442,324746, 37.03, 0.00, 0.641, 0.000, 0.000, 0.000,0,0,0, 37.03, 0.641, 31.00, 0.424, 41.09, 0.188, 375.00, 0.161
30443,324757, 37.26, 0.00, 0.408, 0.000, 0.000, 0.000,0,0,0, 37.26, 0.408, 51.50, 0.190, 131.86, 0.120, 41.23, 0.041
30444,324768, 30.07, 0.00, 0.801, 0.000, 0.000, 0.000,0,0,0, 30.07, 0.801, 63.15, 0.210, 65.93, 0.187, 48.58, 0.151
30445,324778, 69.76, 0.00, 0.240, 0.000, 0.000, 0.000,0,0,0, 69.76, 0.240, 63.15, 0.143, 48.38, 0.095, 0.00, 0.000
30446,324789, 36.36, 0.00, 0.249, 0.000, 0.000, 0.000,0,0,0, 36.36, 0.249, 33.05, 0.199, 85.10, 0.059, 0.00, 0.000
30447,324800, 187.50, 0.00, 0.322, 0.000, 0.000, 0.000,0,0,0, 187.50, 0.322, 387.09, 0.275, 77.41, 0.128, 92.30, 0.101
30448,324810, 32.34, 0.00, 0.557, 0.000, 0.000, 0.000,0,0,0, 32.34, 0.557, 74.53, 0.261, 49.58, 0.252, 40.13, 0.128
30449,324821, 37.03, 0.00, 0.401, 0.000, 0.000, 0.000,0,0,0, 37.03, 0.401, 74.07, 0.363, 39.34, 0.282, 32.43, 0.249
30450,324832, 30.15, 0.00, 0.997, 0.000, 0.000, 0.000,0,0,0, 30.15, 0.997, 70.17, 0.518, 0.00, 0.000, 0.00, 0.000
30451,324842, 76.92, 0.00, 0.397, 0.000, 0.000, 0.000,0,0,0, 76.92, 0.397, 91.60, 0.394, 0.00, 0.000, 0.00, 0.000
30452,324853, 222.22, 0.00, 0.373, 0.000, 0.000, 0.000,0,0,0, 222.22, 0.373, 133.33, 0.000, 0.00, 0.000, 0.00, 0.000
30453,324864, 218.18, 0.00, 0.193, 0.000, 0.000, 0.000,0,0,0, 218.18, 0.193, 101.69, 0.071, 0.00, 0.000, 0.00, 0.000
30454,324874, 35.60, 0.00, 0.718, 0.000, 0.000, 0.000,0,0,0, 35.60, 0.718, 34.28, 0.694, 39.73, 0.437, 218.18, 0.193
30455,324885, 51.50, 0.00, 0.500, 0.000, 0.000, 0.000,0,0,0, 51.50, 0.500, 48.78, 0.397, 43.95, 0.339, 226.41, 0.141
30456,324896, 51.50, 0.00, 0.755, 0.000, 0.000, 0.000,0,0,0, 51.50, 0.755, 0.00, 0.000, 0.00, 0.000, 0.00, 0.000
30457,324906, 55.04, 0.00, 0.548, 0.000, 0.000, 0.000,0,0,0, 55.04, 0.548, 32.08, 0.382, 30.69, 0.312, 67.03, 0.219
30458,324917, 55.55, 0.00, 0.551, 0.000, 0.000, 0.000,0,0,0, 55.55, 0.551, 37.15, 0.396, 112.14, 0.176, 30.45, 0.108
30459,324928, 30.15, 0.00, 0.520, 0.000, 0.000, 0.000,0,0,0, 30.15, 0.520, 55.55, 0.252, 112.14, 0.196, 46.33, 0.151
30460,324938, 55.81, 0.00, 0.500, 0.000, 0.000, 0.000,0,0,0, 55.81, 0.500, 36.80, 0.304, 46.51, 0.177, 38.96, 0.148
30461,324949, 37.38, 0.00, 0.493, 0.000, 0.000, 0.000,0,0,0, 37.38, 0.493, 55.55, 0.463, 68.18, 0.153, 113.20, 0.090
30462,324960, 53.57, 0.00, 0.332, 0.000, 0.000, 0.000,0,0,0, 53.57, 0.332, 103.44, 0.162, 67.79, 0.073, 45.11, 0.054
30463,324970, 55.29, 0.00, 0.516, 0.000, 0.000, 0.000,0,0,0, 55.29, 0.516, 36.69, 0.275, 102.56, 0.195, 30.61, 0.151
30464,324981, 55.81, 0.00, 0.548, 0.000, 0.000, 0.000,0,0,0, 55.81, 0.548, 36.69, 0.328, 46.69, 0.096, 39.73, 0.047
30465,324992, 55.55, 0.00, 0.856, 0.000, 0.000, 0.000,0,0,0, 55.55, 0.856, 47.24, 0.164, 324.32, 0.152, 68.57, 0.095
30466,325002, 55.04, 0.00, 0.815, 0.000, 0.000, 0.000,0,0,0, 55.04, 0.815, 30.45, 0.162, 67.41, 0.158, 48.00, 0.157
30467,325013, 55.29, 0.00, 0.788, 0.000, 0.000, 0.000,0,0,0, 55.29, 0.788, 30.22, 0.365, 32.25, 0.164, 33.42, 0.146
30468,325024, 55.29, 0.00, 0.886, 0.000, 0.000, 0.000,0,0,0, 55.29, 0.886, 37.61, 0.261, 118.81, 0.184, 105.26, 0.172
30469,325034, 55.55, 0.00, 0.899, 0.000, 0.000, 0.000,0,0,0, 55.55, 0.899, 117.64, 0.302, 37.73, 0.261, 35.39, 0.216
30470,325045, 55.55, 0.00, 0.995, 0.000, 0.000, 0.000,0,0,0, 55.55, 0.995, 36.14, 0.383, 37.73, 0.366, 105.26, 0.359
30471,325056, 55.55, 0.00, 0.991, 0.000, 0.000, 0.000,0,0,0, 55.55, 0.991, 116.50, 0.333, 37.61, 0.328, 33.70, 0.171
30472,325066, 55.55, 0.00, 0.976, 0.000, 0.000, 0.000,0,0,0, 55.55, 0.976, 35.92, 0.411, 104.34, 0.373, 0.00, 0.000
30473,325077, 55.55, 0.00, 0.974, 0.000, 0.000, 0.000,0,0,0, 55.55, 0.974, 37.61, 0.367, 117.64, 0.337, 0.00, 0.000
30474,325088, 55.55, 0.00, 0.990, 0.000, 0.000, 0.000,0,0,0, 55.55, 0.990, 36.03, 0.382, 37.61, 0.363, 103.44, 0.353
30475,325098, 55.29, 0.00, 0.987, 0.000, 0.000, 0.000,0,0,0, 55.29, 0.987, 35.92, 0.400, 103.44, 0.368, 37.73, 0.361
30476,325109, 55.29, 0.00, 0.984, 0.000, 0.000, 0.000,0,0,0, 55.29, 0.984, 37.85, 0.350, 120.00, 0.341, 103.44, 0.298
30477,325120, 55.29, 0.00, 0.987, 0.000, 0.000, 0.000,0,0,0, 55.29, 0.987, 35.82, 0.428, 102.56, 0.375, 117.64, 0.295
30478,325130, 55.29, 0.00, 0.990, 0.000, 0.000, 0.000,0,0,0, 55.29, 0.990, 37.85, 0.389, 120.00, 0.358, 34.18, 0.000
30479,325141, 55.55, 0.00, 0.992, 0.000, 0.000, 0.000,0,0,0, 55.55, 0.992, 36.03, 0.392, 103.44, 0.366, 118.81, 0.345
30480,325152, 55.29, 0.00, 0.984, 0.000, 0.000, 0.000,0,0,0, 55.29, 0.984, 37.73, 0.405, 35.92, 0.394, 118.81, 0.387
30481,325162, 55.29, 0.00, 0.981, 0.000, 0.000, 0.000,0,0,0, 55.29, 0.981, 37.73, 0.403, 118.81, 0.375, 103.44, 0.349
30482,325173, 55.55, 0.00, 0.814, 0.000, 0.000, 0.000,0,0,0, 55.55, 0.814, 37.73, 0.552, 120.00, 0.438, 0.00, 0.000
30483,325184, 55.81, 0.00, 0.742, 0.000, 0.000, 0.000,0,0,0, 55.81, 0.742, 37.85, 0.555, 118.81, 0.414, 0.00, 0.000
30484,325194, 55.04, 0.00, 0.608, 0.000, 0.000, 0.000,0,0,0, 55.04, 0.608, 112.14, 0.369, 36.92, 0.354, 41.09, 0.226
30485,325205, 54.29, 0.00, 0.336, 0.000, 0.000, 0.000,0,0,0, 54.29, 0.336, 45.62, 0.231, 64.17, 0.210, 36.80, 0.146
30486,325216, 58.53, 0.00, 0.532, 0.000, 0.000, 0.000,0,0,0, 58.53, 0.532, 30.69, 0.301, 47.05, 0.143, 0.00, 0.000
30487,325226, 56.87, 0.00, 0.878, 0.000, 0.000, 0.000,0,0,0, 56.87, 0.878, 0.00, 0.000, 0.00, 0.000, 0.00, 0.000
30488,325237, 56.33, 0.00, 0.868, 0.000, 0.000, 0.000,0,0,0, 56.33, 0.868, 0.00, 0.000, 0.00, 0.000, 0.00, 0.000
30489,325248, 51.94, 0.00, 0.726, 0.000, 0.000, 0.000,0,0,0, 51.94, 0.726, 45.80, 0.637, 0.00, 0.000, 0.00, 0.000
30490,325258, 50.20, 0.00, 0.720, 0.000, 0.000, 0.000,0,0,0, 50.20, 0.720, 45.80, 0.706, 64.86, 0.085, 0.00, 0.000
30491,325269, 55.04, 0.00, 0.553, 0.000, 0.000, 0.000,0,0,0, 55.04, 0.553, 51.50, 0.550, 0.00, 0.000, 0.00, 0.000
30492,325280, 30.92, 0.00, 0.846, 0.000, 0.000, 0.000,0,0,0, 30.92, 0.846, 59.11, 0.764, 0.00, 0.000, 0.00, 0.000
30493,325290, 30.45, 0.00, 0.964, 0.000, 0.000, 0.000,0,0,0, 30.45, 0.964, 59.11, 0.711, 0.00, 0.000, 0.00, 0.000
30494,325301, 57.69, 0.00, 0.597, 0.000, 0.000, 0.000,0,0,0, 57.69, 0.597, 51.50, 0.535, 31.08, 0.266, 0.00, 0.000
30495,325312, 31.66, 0.00, 0.547, 0.000, 0.000, 0.000,0,0,0, 31.66, 0.547, 57.41, 0.482, 0.00, 0.000, 0.00, 0.000
30496,325322, 30.45, 0.00, 0.365, 0.000, 0.000, 0.000,0,0,0, 30.45, 0.365, 64.51, 0.263, 57.69, 0.109, 41.23, 0.065
30497,325333, 37.26, 0.00, 0.352, 0.000, 0.000, 0.000,0,0,0, 37.26, 0.352, 72.72, 0.296, 88.88, 0.211, 109.09, 0.130
30498,325344, 34.28, 0.00, 0.467, 0.000, 0.000, 0.000,0,0,0, 34.28, 0.467, 71.42, 0.419, 37.61, 0.374, 88.88, 0.065
30499,325354, 32.17, 0.00, 0.373, 0.000, 0.000, 0.000,0,0,0, 32.17, 0.373, 64.51, 0.344, 72.28, 0.318, 35.82, 0.253
30500,325365, 31.57, 0.00, 0.927, 0.000, 0.000, 0.000,0,0,0, 31.57, 0.927, 62.82, 0.423, 33.99, 0.346, 71.85, 0.232
30501,325376, 30.84, 0.00, 0.500, 0.000, 0.000, 0.000,0,0,0, 30.84, 0.500, 62.82, 0.336, 34.78, 0.289, 56.07, 0.272
30502,325386, 32.08, 0.00, 0.987, 0.000, 0.000, 0.000,0,0,0, 32.08, 0.987, 64.51, 0.326, 266.66, 0.129, 0.00, 0.000
30503,325397, 31.00, 0.00, 0.587, 0.000, 0.000, 0.000,0,0,0, 31.00, 0.587, 33.14, 0.446, 66.66, 0.291, 39.08, 0.281
30504,325408, 34.48, 0.00, 0.388, 0.000, 0.000, 0.000,0,0,0, 34.48, 0.388, 31.16, 0.298, 46.51, 0.184, 142.85, 0.111
30505,325418, 48.78, 0.00, 0.401, 0.000, 0.000, 0.000,0,0,0, 48.78, 0.401, 72.28, 0.226, 166.66, 0.193, 38.09, 0.182
30506,325429, 72.72, 0.00, 0.493, 0.000, 0.000, 0.000,0,0,0, 72.72, 0.493, 36.92, 0.436, 48.97, 0.339, 162.16, 0.190
30507,325440, 72.72, 0.00, 0.682, 0.000, 0.000, 0.000,0,0,0, 72.72, 0.682, 36.36, 0.439, 40.54, 0.180, 0.00, 0.000
30508,325450, 40.13, 0.00, 0.598, 0.000, 0.000, 0.000,0,0,0, 40.13, 0.598, 33.70, 0.545, 72.28, 0.353, 65.57, 0.351
30509,325461, 36.47, 0.00, 0.781, 0.000, 0.000, 0.000,0,0,0, 36.47, 0.781, 61.53, 0.538, 88.23, 0.397, 30.07, 0.043
30510,325472, 33.70, 0.00, 0.635, 0.000, 0.000, 0.000,0,0,0, 33.70, 0.635, 62.50, 0.409, 36.80, 0.361, 38.09, 0.278
30511,325482, 63.82, 0.00, 0.278, 0.000, 0.000, 0.000,0,0,0, 63.82, 0.278, 81.63, 0.232, 39.86, 0.134, 210.52, 0.113
30512,325493, 76.92, 0.00, 0.274, 0.000, 0.000, 0.000,0,0,0, 76.92, 0.274, 142.85, 0.048, 0.00, 0.000, 0.00, 0.000
30513,325504, 46.51, 0.00, 0.005, 0.000, 0.000, 0.000,0,0,0, 46.51, 0.005, 0.00, 0.000, 0.00, 0.000, 0.00, 0.000
30514,325514, 400.00, 0.00, 0.593, 0.000, 0.000, 0.000,0,0,0, 400.00, 0.593, 0.00, 0.000, 0.00, 0.000, 0.00, 0.000
30515,325525, 400.00, 0.00, 0.442, 0.000, 0.000, 0.000,0,0,0, 400.00, 0.442, 0.00, 0.000, 0.00, 0.000, 0.00, 0.000
30516,325536, 179.10, 0.00, 0.302, 0.000, 0.000, 0.000,0,0,0, 179.10, 0.302, 31.08, 0.111, 0.00, 0.000, 0.00, 0.000
30517,325546, 31.16, 0.00, 0.999, 0.000, 0.000, 0.000,0,0,0, 31.16, 0.999, 181.81, 0.222, 121.21, 0.106, 0.00, 0.000
30518,325557, 41.09, 0.00, 0.789, 0.000, 0.000, 0.000,0,0,0, 41.09, 0.789, 32.87, 0.486, 164.38, 0.162, 126.31, 0.014
30519,325568, 43.01, 0.00, 0.605, 0.000, 0.000, 0.000,0,0,0, 43.01, 0.605, 35.39, 0.406, 31.83, 0.230, 125.00, 0.118
30520,325578, 44.77, 0.00, 0.607, 0.000, 0.000, 0.000,0,0,0, 44.77, 0.607, 34.18, 0.483, 133.33, 0.357, 68.18, 0.344
30521,325589, 45.28, 0.00, 0.693, 0.000, 0.000, 0.000,0,0,0, 45.28, 0.693, 125.00, 0.484, 33.51, 0.479, 67.79, 0.278
30522,325600, 43.79, 0.00, 0.587, 0.000, 0.000, 0.000,0,0,0, 43.79, 0.587, 63.82, 0.379, 67.79, 0.350, 127.65, 0.283
30523,325610, 40.26, 0.00, 0.600, 0.000, 0.000, 0.000,0,0,0, 40.26, 0.600, 38.33, 0.464, 43.47, 0.377, 110.09, 0.293
30524,325621, 38.46, 0.00, 0.713, 0.000, 0.000, 0.000,0,0,0, 38.46, 0.713, 41.66, 0.656, 71.00, 0.263, 0.00, 0.000
30525,325632, 41.95, 0.00, 0.682, 0.000, 0.000, 0.000,0,0,0, 41.95, 0.682, 30.76, 0.448, 100.84, 0.256, 84.50, 0.237
30526,325642, 42.85, 0.00, 0.655, 0.000, 0.000, 0.000,0,0,0, 42.85, 0.655, 37.03, 0.510, 68.96, 0.458, 0.00, 0.000
30527,325653, 42.55, 0.00, 0.597, 0.000, 0.000, 0.000,0,0,0, 42.55, 0.597, 83.33, 0.282, 68.96, 0.131, 0.00, 0.000
30528,325664, 45.45, 0.00, 0.489, 0.000, 0.000, 0.000,0,0,0, 45.45, 0.489, 82.75, 0.069, 68.96, 0.049, 0.00, 0.000
30529,325674, 38.46, 0.00, 0.599, 0.000, 0.000, 0.000,0,0,0, 38.46, 0.599, 45.45, 0.543, 0.00, 0.000, 0.00, 0.000
30530,325685, 40.67, 0.00, 0.812, 0.000, 0.000, 0.000,0,0,0, 40.67, 0.812, 33.14, 0.299, 0.00, 0.000, 0.00, 0.000
30531,325696, 43.16, 0.00, 0.666, 0.000, 0.000, 0.000,0,0,0, 43.16, 0.666, 73.17, 0.069, 0.00, 0.000, 0.00, 0.000
30532,325706, 43.16, 0.00, 0.307, 0.000, 0.000, 0.000,0,0,0, 43.16, 0.307, 46.69, 0.232, 73.17, 0.209, 0.00, 0.000
30533,325717, 43.95, 0.00, 0.544, 0.000, 0.000, 0.000,0,0,0, 43.95, 0.544, 73.61, 0.129, 0.00, 0.000, 0.00, 0.000
30534,325728, 43.95, 0.00, 0.523, 0.000, 0.000, 0.000,0,0,0, 43.95, 0.523, 0.00, 0.000, 0.00, 0.000, 0.00, 0.000
30535,325738, 35.19, 0.00, 0.292, 0.000, 0.000, 0.000,0,0,0, 35.19, 0.292, 142.85, 0.072, 0.00, 0.000, 0.00, 0.000
30536,325749, 35.19, 0.00, 0.442, 0.000, 0.000, 0.000,0,0,0, 35.19, 0.442, 98.36, 0.279, 113.20, 0.273, 0.00, 0.000
30537,325760, 34.09, 0.00, 0.585, 0.000, 0.000, 0.000,0,0,0, 34.09, 0.585, 40.00, 0.579, 93.02, 0.060, 114.28, 0.010
30538,325770, 40.13, 0.00, 0.753, 0.000, 0.000, 0.000,0,0,0, 40.13, 0.753, 88.23, 0.169, 69.76, 0.132, 64.17, 0.091
30539,325781, 42.25, 0.00, 0.433, 0.000, 0.000, 0.000,0,0,0, 42.25, 0.433, 87.59, 0.080, 63.49, 0.077, 68.96, 0.059
30540,325792, 42.70, 0.00, 0.681, 0.000, 0.000, 0.000,0,0,0, 42.70, 0.681, 47.61, 0.533, 88.23, 0.021, 0.00, 0.000
30541,325802, 30.07, 0.00, 0.946, 0.000, 0.000, 0.000,0,0,0, 30.07, 0.946, 42.10, 0.723, 102.56, 0.220, 0.00, 0.000
30542,325813, 41.09, 0.00, 0.640, 0.000, 0.000, 0.000,0,0,0, 41.09, 0.640, 40.67, 0.640, 72.28, 0.154, 83.33, 0.152
30543,325824, 42.40, 0.00, 0.641, 0.000, 0.000, 0.000,0,0,0, 42.40, 0.641, 103.44, 0.323, 0.00, 0.000, 0.00, 0.000
30544,325834, 42.40, 0.00, 0.510, 0.000, 0.000, 0.000,0,0,0, 42.40, 0.510, 74.07, 0.175, 106.19, 0.092, 0.00, 0.000
30545,325845, 164.38, 0.00, 0.217, 0.000, 0.000, 0.000,0,0,0, 164.38, 0.217, 40.40, 0.087, 81.63, 0.015, 0.00, 0.000
30546,325856, 173.91, 0.00, 0.310, 0.000, 0.000, 0.000,0,0,0, 173.91, 0.310, 40.40, 0.017, 0.00, 0.000, 0.00, 0.000
30547,325866, 30.00, 0.00, 0.602, 0.000, 0.000, 0.000,0,0,0, 30.00, 0.602, 0.00, 0.000, 0.00, 0.000, 0.00, 0.000
30548,325877, 400.00, 0.00, 0.553, 0.000, 0.000, 0.000,0,0,0, 400.00, 0.553, 0.00, 0.000, 0.00, 0.000, 0.00, 0.000
30549,325888, 31.08, 0.00, 0.679, 0.000, 0.000, 0.000,0,0,0, 31.08, 0.679, 40.81, 0.447, 104.34, 0.058, 0.00, 0.000
30550,325898, 30.45, 0.00, 0.904, 0.000, 0.000, 0.000,0,0,0, 30.45, 0.904, 40.81, 0.351, 104.34, 0.285, 0.00, 0.000
30551,325909, 42.70, 0.00, 0.800, 0.000, 0.000, 0.000,0,0,0, 42.70, 0.800, 73.17, 0.125, 101.69, 0.075, 0.00, 0.000
30552,325920, 42.70, 0.00, 0.890, 0.000, 0.000, 0.000,0,0,0, 42.70, 0.890, 93.75, 0.284, 0.00, 0.000, 0.00, 0.000
30553,325930, 42.70, 0.00, 0.893, 0.000, 0.000, 0.000,0,0,0, 42.70, 0.893, 81.63, 0.286, 67.41, 0.047, 0.00, 0.000
30554,325941, 30.61, 0.00, 0.600, 0.000, 0.000, 0.000,0,0,0, 30.61, 0.600, 43.47, 0.553, 92.30, 0.197, 0.00, 0.000
30555,325952, 40.95, 0.00, 0.438, 0.000, 0.000, 0.000,0,0,0, 40.95, 0.438, 32.43, 0.124, 82.75, 0.002, 0.00, 0.000
30556,325962, 400.00, 0.00, 0.443, 0.000, 0.000, 0.000,0,0,0, 400.00, 0.443, 0.00, 0.000, 0.00, 0.000, 0.00, 0.000
30557,325973, 279.06, 0.00, 0.421, 0.000, 0.000, 0.000,0,0,0, 279.06, 0.421, 0.00, 0.000, 0.00, 0.000, 0.00, 0.000
30558,325984, 266.66, 0.00, 0.366, 0.000, 0.000, 0.000,0,0,0, 266.66, 0.366, 0.00, 0.000, 0.00, 0.000, 0.00, 0.000
30559,325994, 30.15, 0.00, 0.353, 0.000, 0.000, 0.000,0,0,0, 30.15, 0.353, 136.36, 0.319, 120.00, 0.303, 34.58, 0.264
30560,326005, 34.58, 0.00, 0.651, 0.000, 0.000, 0.000,0,0,0, 34.58, 0.651, 32.17, 0.591, 117.64, 0.121, 45.62, 0.089
30561,326016, 40.95, 0.00, 0.902, 0.000, 0.000, 0.000,0,0,0, 40.95, 0.902, 30.84, 0.523, 125.00, 0.248, 62.17, 0.188
30562,326026, 40.67, 0.00, 0.515, 0.000, 0.000, 0.000,0,0,0, 40.67, 0.515, 64.17, 0.482, 32.08, 0.431, 34.28, 0.287
30563,326037, 38.33, 0.00, 0.414, 0.000, 0.000, 0.000,0,0,0, 38.33, 0.414, 40.81, 0.412, 67.79, 0.399, 100.84, 0.091
30564,326048, 41.09, 0.00, 0.490, 0.000, 0.000, 0.000,0,0,0, 41.09, 0.490, 67.03, 0.254, 92.30, 0.195, 85.10, 0.174
30565,326058, 44.11, 0.00, 0.538, 0.000, 0.000, 0.000,0,0,0, 44.11, 0.538, 92.30, 0.387, 30.37, 0.238, 0.00, 0.000
30566,326069, 41.09, 0.00, 0.389, 0.000, 0.000, 0.000,0,0,0, 41.09, 0.389, 85.10, 0.148, 0.00, 0.000, 0.00, 0.000
30567,326080, 40.13, 0.00, 0.670, 0.000, 0.000, 0.000,0,0,0, 40.13, 0.670, 65.57, 0.039, 0.00, 0.000, 0.00, 0.000
30568,326090, 41.23, 0.00, 0.691, 0.000, 0.000, 0.000,0,0,0, 41.23, 0.691, 30.07, 0.465, 112.14, 0.179, 65.93, 0.004
30569,326101, 41.23, 0.00, 0.681, 0.000, 0.000, 0.000,0,0,0, 41.23, 0.681, 80.53, 0.135, 65.57, 0.045, 0.00, 0.000
30570,326112, 44.11, 0.00, 0.472, 0.000, 0.000, 0.000,0,0,0, 44.11, 0.472, 39.34, 0.437, 97.56, 0.191, 0.00, 0.000
30571,326122, 40.54, 0.00, 0.748, 0.000, 0.000, 0.000,0,0,0, 40.54, 0.748, 80.53, 0.050, 0.00, 0.000, 0.00, 0.000
30572,326133, 40.81, 0.00, 0.556, 0.000, 0.000, 0.000,0,0,0, 40.81, 0.556, 70.58, 0.156, 0.00, 0.000, 0.00, 0.000
30573,326144, 41.37, 0.00, 0.348, 0.000, 0.000, 0.000,0,0,0, 41.37, 0.348, 70.17, 0.264, 51.28, 0.239, 0.00, 0.000
30574,326154, 41.23, 0.00, 0.504, 0.000, 0.000, 0.000,0,0,0, 41.23, 0.504, 78.94, 0.103, 0.00, 0.000, 0.00, 0.000
30575,326165, 30.00, 0.00, 0.783, 0.000, 0.000, 0.000,0,0,0, 30.00, 0.783, 0.00, 0.000, 0.00, 0.000, 0.00, 0.000
30576,326176, 400.00, 0.00, 0.541, 0.000, 0.000, 0.000,0,0,0, 400.00, 0.541, 0.00, 0.000, 0.00, 0.000, 0.00, 0.000
30577,326186, 30.37, 0.00, 0.809, 0.000, 0.000, 0.000,0,0,0, 30.37, 0.809, 37.85, 0.441, 0.00, 0.000, 0.00, 0.000
30578,326197, 37.97, 0.00, 0.312, 0.000, 0.000, 0.000,0,0,0, 37.97, 0.312, 93.02, 0.169, 0.00, 0.000, 0.00, 0.000
30579,326208, 93.75, 0.00, 0.165, 0.000, 0.000, 0.000,0,0,0, 93.75, 0.165, 50.20, 0.099, 0.00, 0.000, 0.00, 0.000
30580,326218, 93.02, 0.00, 0.273, 0.000, 0.000, 0.000,0,0,0, 93.02, 0.273, 42.85, 0.222, 0.00, 0.000, 0.00, 0.000
30581,326229, 400.00, 0.00, 0.501, 0.000, 0.000, 0.000,0,0,0, 400.00, 0.501, 0.00, 0.000, 0.00, 0.000, 0.00, 0.000
30582,326240, 67.79, 0.00, 0.032, 0.000, 0.000, 0.000,0,0,0, 67.79, 0.032, 0.00, 0.000, 0.00, 0.000, 0.00, 0.000
30583,326250, 400.00, 0.00, 0.872, 0.000, 0.000, 0.000,0,0,0, 400.00, 0.872, 0.00, 0.000, 0.00, 0.000, 0.00, 0.000
30584,326261, 400.00, 0.00, 0.564, 0.000, 0.000, 0.000,0,0,0, 400.00, 0.564, 0.00, 0.000, 0.00, 0.000, 0.00, 0.000
30585,326272, 400.00, 0.00, 0.566, 0.000, 0.000, 0.000,0,0,0, 400.00, 0.566, 0.00, 0.000, 0.00, 0.000, 0.00, 0.000
30586,326282, 307.69, 0.00, 0.384, 0.000, 0.000, 0.000,0,0,0, 307.69, 0.384, 33.14, 0.285, 0.00, 0.000, 0.00, 0.000
30587,326293, 30.30, 0.00, 0.507, 0.000, 0.000, 0.000,0,0,0, 30.30, 0.507, 333.33, 0.459, 33.14, 0.396, 173.91, 0.275
30588,326304, 48.97, 0.00, 0.493, 0.000, 0.000, 0.000,0,0,0, 48.97, 0.493, 45.11, 0.389, 342.85, 0.228, 35.50, 0.054
30589,326314, 48.97, 0.00, 0.370, 0.000, 0.000, 0.000,0,0,0, 48.97, 0.370, 342.85, 0.333, 173.91, 0.150, 114.28, 0.097
30590,326325, 173.91, 0.00, 0.271, 0.000, 0.000, 0.000,0,0,0, 173.91, 0.271, 153.84, 0.146, 91.60, 0.078, 0.00, 0.000
30591,326336, 400.00, 0.00, 0.450, 0.000, 0.000, 0.000,0,0,0, 400.00, 0.450, 0.00, 0.000, 0.00, 0.000, 0.00, 0.000
30592,326346, 400.00, 0.00, 0.584, 0.000, 0.000, 0.000,0,0,0, 400.00, 0.584, 0.00, 0.000, 0.00, 0.000, 0.00, 0.000
30593,326357, 400.00, 0.00, 0.485, 0.000, 0.000, 0.000,0,0,0, 400.00, 0.485, 0.00, 0.000, 0.00, 0.000, 0.00, 0.000
30594,326368, 151.89, 0.00, 0.284, 0.000, 0.000, 0.000,0,0,0, 151.89, 0.284, 94.48, 0.042, 37.15, 0.031, 0.00, 0.000
30595,326378, 31.33, 0.00, 0.388, 0.000, 0.000, 0.000,0,0,0, 31.33, 0.388, 146.34, 0.332, 114.28, 0.278, 125.00, 0.265
30596,326389, 32.60, 0.00, 0.597, 0.000, 0.000, 0.000,0,0,0, 32.60, 0.597, 65.21, 0.422, 41.66, 0.298, 144.57, 0.266
30597,326400, 31.16, 0.00, 0.675, 0.000, 0.000, 0.000,0,0,0, 31.16, 0.675, 41.66, 0.397, 65.57, 0.326, 141.17, 0.273
30598,326410, 41.66, 0.00, 0.417, 0.000, 0.000, 0.000,0,0,0, 41.66, 0.417, 30.69, 0.381, 125.00, 0.186, 64.86, 0.100
30599,326421, 36.92, 0.00, 0.720, 0.000, 0.000, 0.000,0,0,0, 36.92, 0.720, 30.76, 0.362, 190.47, 0.249, 0.00, 0.000
30600,326432, 41.09, 0.00, 0.770, 0.000, 0.000, 0.000,0,0,0, 41.09, 0.770, 0.00, 0.000, 0.00, 0.000, 0.00, 0.000
30601,326442, 31.41, 0.00, 0.999, 0.000, 0.000, 0.000,0,0,0, 31.41, 0.999, 41.23, 0.516, 134.83, 0.001, 0.00, 0.000
30602,326453, 30.61, 0.00, 0.346, 0.000, 0.000, 0.000,0,0,0, 30.61, 0.346, 61.85, 0.132, 203.38, 0.069, 46.51, 0.062
30603,326464, 131.86, 0.00, 0.291, 0.000, 0.000, 0.000,0,0,0, 131.86, 0.291, 200.00, 0.154, 62.82, 0.068, 0.00, 0.000
30604,326474, 196.72, 0.00, 0.257, 0.000, 0.000, 0.000,0,0,0, 196.72, 0.257, 0.00, 0.000, 0.00, 0.000, 0.00, 0.000
30605,326485, 200.00, 0.00, 0.331, 0.000, 0.000, 0.000,0,0,0, 200.00, 0.331, 0.00, 0.000, 0.00, 0.000, 0.00, 0.000
30606,326496, 400.00, 0.00, 0.552, 0.000, 0.000, 0.000,0,0,0, 400.00, 0.552, 0.00, 0.000, 0.00, 0.000, 0.00, 0.000
30607,326506, 39.47, 0.00, 0.401, 0.000, 0.000, 0.000,0,0,0, 39.47, 0.401, 88.88, 0.274, 110.09, 0.090, 0.00, 0.000
30608,326517, 46.15, 0.00, 0.291, 0.000, 0.000, 0.000,0,0,0, 46.15, 0.291, 375.00, 0.248, 88.23, 0.193, 111.11, 0.056
30609,326528, 31.25, 0.00, 0.431, 0.000, 0.000, 0.000,0,0,0, 31.25, 0.431, 48.19, 0.330, 40.00, 0.300, 44.11, 0.294
30610,326538, 67.03, 0.00, 0.283, 0.000, 0.000, 0.000,0,0,0, 67.03, 0.283, 48.19, 0.246, 40.54, 0.167, 352.94, 0.158
30611,326549, 30.92, 0.00, 0.582, 0.000, 0.000, 0.000,0,0,0, 30.92, 0.582, 57.14, 0.522, 66.29, 0.432, 61.22, 0.426
30612,326560, 66.66, 0.00, 0.744, 0.000, 0.000, 0.000,0,0,0, 66.66, 0.744, 30.92, 0.682, 33.42, 0.448, 0.00, 0.000
30613,326570, 67.79, 0.00, 0.871, 0.000, 0.000, 0.000,0,0,0, 67.79, 0.871, 33.80, 0.699, 0.00, 0.000, 0.00, 0.000
30614,326581, 67.03, 0.00, 0.545, 0.000, 0.000, 0.000,0,0,0, 67.03, 0.545, 33.89, 0.286, 51.72, 0.245, 36.92, 0.074
30615,326592, 37.15, 0.00, 0.690, 0.000, 0.000, 0.000,0,0,0, 37.15, 0.690, 51.28, 0.161, 62.50, 0.086, 73.61, 0.062
30616,326602, 40.95, 0.00, 0.356, 0.000, 0.000, 0.000,0,0,0, 40.95, 0.356, 79.47, 0.202, 36.92, 0.166, 0.00, 0.000
30617,326613, 75.94, 0.00, 0.236, 0.000, 0.000, 0.000,0,0,0, 75.94, 0.236, 50.63, 0.112, 65.57, 0.098, 0.00, 0.000
30618,326624, 33.33, 0.00, 0.823, 0.000, 0.000, 0.000,0,0,0, 33.33, 0.823, 75.00, 0.541, 63.15, 0.535, 0.00, 0.000
30619,326634, 34.48, 0.00, 0.832, 0.000, 0.000, 0.000,0,0,0, 34.48, 0.832, 36.92, 0.589, 74.53, 0.513, 83.33, 0.432
30620,326645, 75.47, 0.00, 0.776, 0.000, 0.000, 0.000,0,0,0, 75.47, 0.776, 40.26, 0.736, 0.00, 0.000, 0.00, 0.000
30621,326656, 76.43, 0.00, 0.884, 0.000, 0.000, 0.000,0,0,0, 76.43, 0.884, 38.83, 0.883, 0.00, 0.000, 0.00, 0.000
30622,326666, 37.61, 0.00, 0.876, 0.000, 0.000, 0.000,0,0,0, 37.61, 0.876, 75.00, 0.847, 0.00, 0.000, 0.00, 0.000
30623,326677, 37.15, 0.00, 0.892, 0.000, 0.000, 0.000,0,0,0, 37.15, 0.892, 74.07, 0.868, 0.00, 0.000, 0.00, 0.000
30624,326688, 74.07, 0.00, 0.959, 0.000, 0.000, 0.000,0,0,0, 74.07, 0.959, 36.92, 0.959, 0.00, 0.000, 0.00, 0.000
30625,326698, 35.29, 0.00, 0.874, 0.000, 0.000, 0.000,0,0,0, 35.29, 0.874, 74.07, 0.836, 0.00, 0.000, 0.00, 0.000
30626,326709, 35.29, 0.00, 0.885, 0.000, 0.000, 0.000,0,0,0, 35.29, 0.885, 74.07, 0.847, 0.00, 0.000, 0.00, 0.000
30627,326720, 74.53, 0.00, 0.773, 0.000, 0.000, 0.000,0,0,0, 74.53, 0.773, 37.15, 0.590, 35.39, 0.557, 0.00, 0.000
30628,326730, 38.46, 0.00, 0.908, 0.000, 0.000, 0.000,0,0,0, 38.46, 0.908, 74.53, 0.907, 0.00, 0.000, 0.00, 0.000
30629,326741, 37.15, 0.00, 0.978, 0.000, 0.000, 0.000,0,0,0, 37.15, 0.978, 74.07, 0.823, 0.00, 0.000, 0.00, 0.000
30630,326752, 37.26, 0.00, 0.986, 0.000, 0.000, 0.000,0,0,0, 37.26, 0.986, 74.07, 0.810, 0.00, 0.000, 0.00, 0.000
30631,326762, 74.53, 0.00, 0.893, 0.000, 0.000, 0.000,0,0,0, 74.53, 0.893, 38.58, 0.888, 0.00, 0.000, 0.00, 0.000
30632,326773, 74.53, 0.00, 0.871, 0.000, 0.000, 0.000,0,0,0, 74.53, 0.871, 37.03, 0.789, 0.00, 0.000, 0.00, 0.000
30633,326784, 36.92, 0.00, 0.985, 0.000, 0.000, 0.000,0,0,0, 36.92, 0.985, 74.07, 0.970, 0.00, 0.000, 0.00, 0.000
30634,326794, 74.07, 0.00, 0.951, 0.000, 0.000, 0.000,0,0,0, 74.07, 0.951, 37.03, 0.923, 0.00, 0.000, 0.00, 0.000
30635,326805, 74.07, 0.00, 0.935, 0.000, 0.000, 0.000,0,0,0, 74.07, 0.935, 36.80, 0.839, 42.85, 0.077, 0.00, 0.000
30636,326816, 73.61, 0.00, 0.910, 0.000, 0.000, 0.000,0,0,0, 73.61, 0.910, 36.14, 0.826, 0.00, 0.000, 0.00, 0.000
30637,326826, 73.61, 0.00, 0.885, 0.000, 0.000, 0.000,0,0,0, 73.61, 0.885, 37.03, 0.820, 36.14, 0.752, 32.69, 0.117
30638,326837, 37.26, 0.00, 0.936, 0.000, 0.000, 0.000,0,0,0, 37.26, 0.936, 74.07, 0.880, 0.00, 0.000, 0.00, 0.000
30639,326848, 37.03, 0.00, 0.916, 0.000, 0.000, 0.000,0,0,0, 37.03, 0.916, 74.07, 0.770, 0.00, 0.000, 0.00, 0.000
30640,326858, 37.26, 0.00, 0.873, 0.000, 0.000, 0.000,0,0,0, 37.26, 0.873, 74.07, 0.641, 81.63, 0.499, 0.00, 0.000
30641,326869, 36.03, 0.00, 0.821, 0.000, 0.000, 0.000,0,0,0, 36.03, 0.821, 37.03, 0.811, 74.07, 0.521, 0.00, 0.000
30642,326880, 35.92, 0.00, 0.696, 0.000, 0.000, 0.000,0,0,0, 35.92, 0.696, 77.41, 0.615, 33.33, 0.179, 0.00, 0.000
30643,326890, 75.00, 0.00, 0.724, 0.000, 0.000, 0.000,0,0,0, 75.00, 0.724, 34.48, 0.714, 37.73, 0.569, 63.49, 0.364
30644,326901, 75.94, 0.00, 0.656, 0.000, 0.000, 0.000,0,0,0, 75.94, 0.656, 37.73, 0.315, 0.00, 0.000, 0.00, 0.000
30645,326912, 32.87, 0.00, 0.612, 0.000, 0.000, 0.000,0,0,0, 32.87, 0.612, 30.30, 0.476, 74.53, 0.253, 79.47, 0.202
30646,326922, 30.22, 0.00, 0.435, 0.000, 0.000, 0.000,0,0,0, 30.22, 0.435, 363.63, 0.343, 60.91, 0.248, 74.53, 0.148
30647,326933, 37.38, 0.00, 0.478, 0.000, 0.000, 0.000,0,0,0, 37.38, 0.478, 96.00, 0.185, 41.66, 0.174, 33.89, 0.144
30648,326944, 33.51, 0.00, 0.380, 0.000, 0.000, 0.000,0,0,0, 33.51, 0.380, 36.92, 0.358, 41.95, 0.296, 74.07, 0.281
30649,326954, 41.95, 0.00, 0.476, 0.000, 0.000, 0.000,0,0,0, 41.95, 0.476, 37.61, 0.380, 60.30, 0.306, 99.17, 0.294
30650,326965, 37.15, 0.00, 0.382, 0.000, 0.000, 0.000,0,0,0, 37.15, 0.382, 139.53, 0.334, 33.14, 0.328, 42.25, 0.280
30651,326976, 30.37, 0.00, 0.458, 0.000, 0.000, 0.000,0,0,0, 30.37, 0.458, 37.03, 0.431, 33.33, 0.362, 97.56, 0.333
30652,326986, 32.87, 0.00, 0.543, 0.000, 0.000, 0.000,0,0,0, 32.87, 0.543, 41.95, 0.473, 97.56, 0.339, 142.85, 0.294
30653,326997, 41.37, 0.00, 0.587, 0.000, 0.000, 0.000,0,0,0, 41.37, 0.587, 32.00, 0.496, 37.38, 0.317, 142.85, 0.314
30654,327008, 30.53, 0.00, 0.473, 0.000, 0.000, 0.000,0,0,0, 30.53, 0.473, 31.49, 0.445, 41.37, 0.395, 141.17, 0.322
30655,327018, 33.14, 0.00, 0.457, 0.000, 0.000, 0.000,0,0,0, 33.14, 0.457, 142.85, 0.333, 60.60, 0.122, 342.85, 0.087
30656,327029, 342.85, 0.00, 0.274, 0.000, 0.000, 0.000,0,0,0, 342.85, 0.274, 142.85, 0.241, 60.91, 0.081, 0.00, 0.000
30657,327040, 324.32, 0.00, 0.418, 0.000, 0.000, 0.000,0,0,0, 324.32, 0.418, 0.00, 0.000, 0.00, 0.000, 0.00, 0.000
30658,327050, 285.71, 0.00, 0.383, 0.000, 0.000, 0.000,0,0,0, 285.71, 0.383, 176.47, 0.176, 106.19, 0.160, 144.57, 0.096
30659,327061, 155.84, 0.00, 0.327, 0.000, 0.000, 0.000,0,0,0, 155.84, 0.327, 31.66, 0.265, 285.71, 0.194, 36.58, 0.187
30660,327072, 42.85, 0.00, 0.316, 0.000, 0.000, 0.000,0,0,0, 42.85, 0.316, 144.57, 0.296, 59.70, 0.276, 72.28, 0.183
30661,327082, 141.17, 0.00, 0.443, 0.000, 0.000, 0.000,0,0,0, 141.17, 0.443, 32.96, 0.424, 42.70, 0.385, 59.11, 0.381
30662,327093, 41.95, 0.00, 0.544, 0.000, 0.000, 0.000,0,0,0, 41.95, 0.544, 59.11, 0.476, 32.87, 0.459, 75.00, 0.425
30663,327104, 42.25, 0.00, 0.574, 0.000, 0.000, 0.000,0,0,0, 42.25, 0.574, 59.70, 0.500, 99.17, 0.384, 37.38, 0.376
30664,327114, 42.10, 0.00, 0.793, 0.000, 0.000, 0.000,0,0,0, 42.10, 0.793, 59.70, 0.435, 32.96, 0.390, 148.14, 0.387
30665,327125, 42.10, 0.00, 0.689, 0.000, 0.000, 0.000,0,0,0, 42.10, 0.689, 59.11, 0.515, 142.85, 0.312, 101.69, 0.298
30666,327136, 42.25, 0.00, 0.772, 0.000, 0.000, 0.000,0,0,0, 42.25, 0.772, 32.96, 0.758, 59.70, 0.424, 148.14, 0.407
30667,327146, 41.95, 0.00, 0.608, 0.000, 0.000, 0.000,0,0,0, 41.95, 0.608, 59.40, 0.306, 71.00, 0.234, 100.00, 0.217
30668,327157, 32.60, 0.00, 0.443, 0.000, 0.000, 0.000,0,0,0, 32.60, 0.443, 62.17, 0.256, 148.14, 0.217, 352.94, 0.167
30669,327168, 42.70, 0.00, 0.557, 0.000, 0.000, 0.000,0,0,0, 42.70, 0.557, 48.58, 0.254, 32.96, 0.192, 61.22, 0.068
30670,327178, 31.08, 0.00, 0.965, 0.000, 0.000, 0.000,0,0,0, 31.08, 0.965, 44.11, 0.513, 0.00, 0.000, 0.00, 0.000
30671,327189, 155.84, 0.00, 0.271, 0.000, 0.000, 0.000,0,0,0, 155.84, 0.271, 41.66, 0.081, 0.00, 0.000, 0.00, 0.000
30672,327200, 142.85, 0.00, 0.275, 0.000, 0.000, 0.000,0,0,0, 142.85, 0.275, 96.77, 0.258, 333.33, 0.211, 58.82, 0.104
30673,327210, 42.10, 0.00, 0.405, 0.000, 0.000, 0.000,0,0,0, 42.10, 0.405, 31.66, 0.389, 146.34, 0.389, 98.36, 0.267
30674,327221, 42.25, 0.00, 0.660, 0.000, 0.000, 0.000,0,0,0, 42.25, 0.660, 58.82, 0.469, 146.34, 0.442, 32.43, 0.413
30675,327232, 42.10, 0.00, 0.754, 0.000, 0.000, 0.000,0,0,0, 42.10, 0.754, 32.69, 0.626, 146.34, 0.562, 58.53, 0.453
30676,327242, 42.25, 0.00, 0.849, 0.000, 0.000, 0.000,0,0,0, 42.25, 0.849, 59.11, 0.594, 146.34, 0.486, 74.07, 0.409
30677,327253, 42.40, 0.00, 0.816, 0.000, 0.000, 0.000,0,0,0, 42.40, 0.816, 32.87, 0.634, 59.11, 0.632, 148.14, 0.566
30678,327264, 59.70, 0.00, 0.689, 0.000, 0.000, 0.000,0,0,0, 59.70, 0.689, 42.10, 0.482, 144.57, 0.428, 32.60, 0.390
30679,327274, 42.25, 0.00, 0.526, 0.000, 0.000, 0.000,0,0,0, 42.25, 0.526, 33.14, 0.517, 60.30, 0.430, 146.34, 0.340
30680,327285, 42.10, 0.00, 0.544, 0.000, 0.000, 0.000,0,0,0, 42.10, 0.544, 30.15, 0.395, 74.07, 0.260, 103.44, 0.236
30681,327296, 42.85, 0.00, 0.441, 0.000, 0.000, 0.000,0,0,0, 42.85, 0.441, 32.96, 0.381, 102.56, 0.282, 60.00, 0.276
30682,327306, 42.70, 0.00, 0.627, 0.000, 0.000, 0.000,0,0,0, 42.70, 0.627, 32.17, 0.344, 144.57, 0.338, 100.00, 0.324
30683,327317, 42.55, 0.00, 0.714, 0.000, 0.000, 0.000,0,0,0, 42.55, 0.714, 100.00, 0.395, 59.70, 0.305, 146.34, 0.302
30684,327328, 42.25, 0.00, 0.528, 0.000, 0.000, 0.000,0,0,0, 42.25, 0.528, 59.40, 0.449, 37.73, 0.448, 146.34, 0.423
30685,327338, 42.25, 0.00, 0.486, 0.000, 0.000, 0.000,0,0,0, 42.25, 0.486, 142.85, 0.349, 102.56, 0.302, 60.60, 0.256
30686,327349, 32.87, 0.00, 0.738, 0.000, 0.000, 0.000,0,0,0, 32.87, 0.738, 42.25, 0.468, 36.69, 0.289, 146.34, 0.261
30687,327360, 42.10, 0.00, 0.887, 0.000, 0.000, 0.000,0,0,0, 42.10, 0.887, 32.34, 0.547, 144.57, 0.316, 30.69, 0.261
30688,327370, 42.40, 0.00, 0.835, 0.000, 0.000, 0.000,0,0,0, 42.40, 0.835, 37.50, 0.399, 59.11, 0.231, 352.94, 0.127
30689,327381, 42.40, 0.00, 0.727, 0.000, 0.000, 0.000,0,0,0, 42.40, 0.727, 59.11, 0.241, 38.46, 0.212, 32.78, 0.163
30690,327392, 42.10, 0.00, 0.529, 0.000, 0.000, 0.000,0,0,0, 42.10, 0.529, 60.00, 0.279, 38.70, 0.277, 74.07, 0.187
30691,327402, 41.95, 0.00, 0.736, 0.000, 0.000, 0.000,0,0,0, 41.95, 0.736, 59.70, 0.226, 74.07, 0.225, 49.38, 0.191
30692,327413, 41.95, 0.00, 0.728, 0.000, 0.000, 0.000,0,0,0, 41.95, 0.728, 32.25, 0.707, 142.85, 0.359, 73.61, 0.204
30693,327424, 33.24, 0.00, 0.848, 0.000, 0.000, 0.000,0,0,0, 33.24, 0.848, 36.80, 0.446, 30.15, 0.389, 144.57, 0.245
30694,327434, 32.87, 0.00, 0.658, 0.000, 0.000, 0.000,0,0,0, 32.87, 0.658, 144.57, 0.186, 43.01, 0.144, 59.70, 0.049
30695,327445, 45.45, 0.00, 0.599, 0.000, 0.000, 0.000,0,0,0, 45.45, 0.599, 40.26, 0.570, 31.74, 0.072, 56.60, 0.058
30696,327456, 30.22, 0.00, 0.597, 0.000, 0.000, 0.000,0,0,0, 30.22, 0.597, 33.89, 0.520, 387.09, 0.272, 53.09, 0.237
30697,327466, 30.07, 0.00, 0.349, 0.000, 0.000, 0.000,0,0,0, 30.07, 0.349, 122.44, 0.122, 68.57, 0.012, 53.57, 0.007
30698,327477, 30.30, 0.00, 0.627, 0.000, 0.000, 0.000,0,0,0, 30.30, 0.627, 42.70, 0.487, 113.20, 0.334, 71.00, 0.137
30699,327488, 42.10, 0.00, 0.589, 0.000, 0.000, 0.000,0,0,0, 42.10, 0.589, 40.81, 0.538, 77.41, 0.380, 83.91, 0.250
30700,327498, 42.85, 0.00, 0.545, 0.000, 0.000, 0.000,0,0,0, 42.85, 0.545, 85.10, 0.418, 31.49, 0.310, 0.00, 0.000
30701,327509, 41.95, 0.00, 0.546, 0.000, 0.000, 0.000,0,0,0, 41.95, 0.546, 78.43, 0.478, 32.08, 0.366, 55.04, 0.163
30702,327520, 38.96, 0.00, 0.508, 0.000, 0.000, 0.000,0,0,0, 38.96, 0.508, 76.92, 0.272, 56.87, 0.236, 42.25, 0.203
30703,327530, 31.33, 0.00, 0.590, 0.000, 0.000, 0.000,0,0,0, 31.33, 0.590, 39.73, 0.534, 57.69, 0.335, 133.33, 0.222
30704,327541, 39.47, 0.00, 0.634, 0.000, 0.000, 0.000,0,0,0, 39.47, 0.634, 58.25, 0.359, 32.87, 0.206, 125.00, 0.204
30705,327552, 40.26, 0.00, 0.544, 0.000, 0.000, 0.000,0,0,0, 40.26, 0.544, 118.81, 0.403, 60.30, 0.370, 0.00, 0.000
30706,327562, 41.66, 0.00, 0.319, 0.000, 0.000, 0.000,0,0,0, 41.66, 0.319, 34.88, 0.295, 34.28, 0.275, 100.84, 0.159
30707,327573, 42.55, 0.00, 0.798, 0.000, 0.000, 0.000,0,0,0, 42.55, 0.798, 30.84, 0.659, 90.90, 0.367, 100.00, 0.364
30708,327584, 42.10, 0.00, 0.663, 0.000, 0.000, 0.000,0,0,0, 42.10, 0.663, 73.17, 0.416, 32.52, 0.027, 0.00, 0.000
30709,327594, 40.40, 0.00, 0.711, 0.000, 0.000, 0.000,0,0,0, 40.40, 0.711, 90.90, 0.177, 75.94, 0.169, 130.43, 0.028
30710,327605, 40.26, 0.00, 0.719, 0.000, 0.000, 0.000,0,0,0, 40.26, 0.719, 32.00, 0.623, 134.83, 0.284, 58.25, 0.247
30711,327616, 40.95, 0.00, 0.705, 0.000, 0.000, 0.000,0,0,0, 40.95, 0.705, 59.40, 0.445, 133.33, 0.285, 116.50, 0.256
30712,327626, 40.54, 0.00, 0.548, 0.000, 0.000, 0.000,0,0,0, 40.54, 0.548, 113.20, 0.336, 61.53, 0.289, 134.83, 0.252
30713,327637, 34.09, 0.00, 0.402, 0.000, 0.000, 0.000,0,0,0, 34.09, 0.402, 43.79, 0.230, 92.30, 0.169, 59.70, 0.093
30714,327648, 30.76, 0.00, 0.638, 0.000, 0.000, 0.000,0,0,0, 30.76, 0.638, 42.10, 0.422, 93.02, 0.019, 79.47, 0.001
30715,327658, 41.81, 0.00, 0.612, 0.000, 0.000, 0.000,0,0,0, 41.81, 0.612, 50.20, 0.195, 0.00, 0.000, 0.00, 0.000
30716,327669, 41.95, 0.00, 0.569, 0.000, 0.000, 0.000,0,0,0, 41.95, 0.569, 91.60, 0.136, 0.00, 0.000, 0.00, 0.000
30717,327680, 32.00, 0.00, 0.552, 0.000, 0.000, 0.000,0,0,0, 32.00, 0.552, 41.81, 0.374, 39.21, 0.333, 130.43, 0.175
30718,327690, 40.40, 0.00, 0.669, 0.000, 0.000, 0.000,0,0,0, 40.40, 0.669, 58.82, 0.351, 122.44, 0.248, 102.56, 0.234
30719,327701, 40.81, 0.00, 0.560, 0.000, 0.000, 0.000,0,0,0, 40.81, 0.560, 30.07, 0.308, 123.71, 0.290, 136.36, 0.275
30720,327712, 59.40, 0.00, 0.435, 0.000, 0.000, 0.000,0,0,0, 59.40, 0.435, 40.95, 0.358, 37.15, 0.306, 103.44, 0.078
30721,327722, 42.25, 0.00, 0.507, 0.000, 0.000, 0.000,0,0,0, 42.25, 0.507, 61.53, 0.244, 60.30, 0.240, 31.66, 0.237
30722,327733, 43.47, 0.00, 0.693, 0.000, 0.000, 0.000,0,0,0, 43.47, 0.693, 35.50, 0.225, 68.57, 0.177, 74.07, 0.162
30723,327744, 31.25, 0.00, 0.724, 0.000, 0.000, 0.000,0,0,0, 31.25, 0.724, 41.66, 0.588, 129.03, 0.188, 88.23, 0.133
30724,327754, 40.26, 0.00, 0.672, 0.000, 0.000, 0.000,0,0,0, 40.26, 0.672, 63.82, 0.325, 31.00, 0.233, 32.17, 0.198
30725,327765, 39.73, 0.00, 0.718, 0.000, 0.000, 0.000,0,0,0, 39.73, 0.718, 110.09, 0.432, 63.49, 0.225, 0.00, 0.000
30726,327776, 41.81, 0.00, 0.424, 0.000, 0.000, 0.000,0,0,0, 41.81, 0.424, 38.96, 0.413, 112.14, 0.407, 30.53, 0.276
30727,327786, 96.77, 0.00, 0.308, 0.000, 0.000, 0.000,0,0,0, 96.77, 0.308, 112.14, 0.303, 43.79, 0.213, 31.33, 0.075
30728,327797, 33.51, 0.00, 0.282, 0.000, 0.000, 0.000,0,0,0, 33.51, 0.282, 80.00, 0.156, 115.38, 0.094, 0.00, 0.000
30729,327808, 41.23, 0.00, 0.349, 0.000, 0.000, 0.000,0,0,0, 41.23, 0.349, 34.38, 0.180, 0.00, 0.000, 0.00, 0.000
30730,327818, 97.56, 0.00, 0.499, 0.000, 0.000, 0.000,0,0,0, 97.56, 0.499, 41.66, 0.259, 127.65, 0.040, 203.38, 0.027
30731,327829, 99.17, 0.00, 0.724, 0.000, 0.000, 0.000,0,0,0, 99.17, 0.724, 49.79, 0.593, 32.78, 0.435, 35.50, 0.060
30732,327840, 99.17, 0.00, 0.864, 0.000, 0.000, 0.000,0,0,0, 99.17, 0.864, 49.58, 0.844, 32.87, 0.742, 65.57, 0.125
30733,327850, 99.17, 0.00, 0.855, 0.000, 0.000, 0.000,0,0,0, 99.17, 0.855, 49.58, 0.802, 33.33, 0.705, 40.54, 0.174
30734,327861, 33.14, 0.00, 0.859, 0.000, 0.000, 0.000,0,0,0, 33.14, 0.859, 98.36, 0.846, 49.58, 0.748, 39.86, 0.314
30735,327872, 99.17, 0.00, 0.829, 0.000, 0.000, 0.000,0,0,0, 99.17, 0.829, 33.05, 0.695, 49.58, 0.693, 40.00, 0.238
30736,327882, 99.17, 0.00, 0.860, 0.000, 0.000, 0.000,0,0,0, 99.17, 0.860, 32.87, 0.827, 49.58, 0.706, 39.60, 0.180
30737,327893, 99.17, 0.00, 0.883, 0.000, 0.000, 0.000,0,0,0, 99.17, 0.883, 33.14, 0.781, 49.58, 0.770, 40.13, 0.169
30738,327904, 99.17, 0.00, 0.882, 0.000, 0.000, 0.000,0,0,0, 99.17, 0.882, 49.79, 0.753, 33.05, 0.748, 41.66, 0.194
30739,327914, 99.17, 0.00, 0.923, 0.000, 0.000, 0.000,0,0,0, 99.17, 0.923, 49.58, 0.816, 33.05, 0.800, 40.95, 0.317
30740,327925, 99.17, 0.00, 0.945, 0.000, 0.000, 0.000,0,0,0, 99.17, 0.945, 49.58, 0.915, 33.05, 0.892, 41.09, 0.230
30741,327936, 99.17, 0.00, 0.967, 0.000, 0.000, 0.000,0,0,0, 99.17, 0.967, 49.58, 0.963, 33.14, 0.937, 37.38, 0.235
30742,327946, 99.17, 0.00, 0.945, 0.000, 0.000, 0.000,0,0,0, 99.17, 0.945, 49.58, 0.892, 33.14, 0.877, 37.15, 0.268
30743,327957, 99.17, 0.00, 0.946, 0.000, 0.000, 0.000,0,0,0, 99.17, 0.946, 49.58, 0.889, 33.05, 0.849, 42.40, 0.293
30744,327968, 99.17, 0.00, 0.960, 0.000, 0.000, 0.000,0,0,0, 99.17, 0.960, 33.05, 0.946, 49.58, 0.928, 37.50, 0.357
30745,327978, 99.17, 0.00, 0.970, 0.000, 0.000, 0.000,0,0,0, 99.17, 0.970, 33.05, 0.966, 49.58, 0.952, 37.61, 0.417
30746,327989, 99.17, 0.00, 0.981, 0.000, 0.000, 0.000,0,0,0, 99.17, 0.981, 49.58, 0.971, 33.05, 0.965, 37.73, 0.420
30747,328000, 99.17, 0.00, 0.983, 0.000, 0.000, 0.000,0,0,0, 99.17, 0.983, 33.05, 0.983, 49.58, 0.975, 37.61, 0.480
30748,328010, 49.58, 0.00, 0.976, 0.000, 0.000, 0.000,0,0,0, 49.58, 0.976, 99.17, 0.975, 33.05, 0.964, 37.61, 0.459
30749,328021, 99.17, 0.00, 0.955, 0.000, 0.000, 0.000,0,0,0, 99.17, 0.955, 49.58, 0.918, 33.05, 0.905, 151.89, 0.392
30750,328032, 99.17, 0.00, 0.940, 0.000, 0.000, 0.000,0,0,0, 99.17, 0.940, 33.05, 0.933, 49.58, 0.912, 42.85, 0.428
30751,328042, 99.17, 0.00, 0.949, 0.000, 0.000, 0.000,0,0,0, 99.17, 0.949, 32.96, 0.928, 49.58, 0.921, 42.85, 0.401
30752,328053, 99.17, 0.00, 0.965, 0.000, 0.000, 0.000,0,0,0, 99.17, 0.965, 49.58, 0.929, 33.05, 0.909, 142.85, 0.435
30753,328064, 49.58, 0.00, 0.986, 0.000, 0.000, 0.000,0,0,0, 49.58, 0.986, 99.17, 0.986, 33.05, 0.973, 36.80, 0.532
30754,328074, 49.58, 0.00, 0.980, 0.000, 0.000, 0.000,0,0,0, 49.58, 0.980, 99.17, 0.979, 33.05, 0.972, 36.69, 0.499
30755,328085, 99.17, 0.00, 0.976, 0.000, 0.000, 0.000,0,0,0, 99.17, 0.976, 49.58, 0.968, 33.05, 0.955, 36.58, 0.522
30756,328096, 99.17, 0.00, 0.966, 0.000, 0.000, 0.000,0,0,0, 99.17, 0.966, 49.58, 0.942, 32.96, 0.937, 36.58, 0.588
30757,328106, 99.17, 0.00, 0.972, 0.000, 0.000, 0.000,0,0,0, 99.17, 0.972, 49.58, 0.938, 32.96, 0.928, 36.58, 0.516
30758,328117, 99.17, 0.00, 0.969, 0.000, 0.000, 0.000,0,0,0, 99.17, 0.969, 33.05, 0.948, 49.58, 0.945, 36.69, 0.459
30759,328128, 99.17, 0.00, 0.979, 0.000, 0.000, 0.000,0,0,0, 99.17, 0.979, 33.05, 0.955, 49.58, 0.955, 36.80, 0.481
30760,328138, 99.17, 0.00, 0.982, 0.000, 0.000, 0.000,0,0,0, 99.17, 0.982, 49.58, 0.982, 33.05, 0.979, 58.25, 0.394
30761,328149, 49.58, 0.00, 0.980, 0.000, 0.000, 0.000,0,0,0, 49.58, 0.980, 99.17, 0.977, 33.05, 0.968, 75.94, 0.384
30762,328160, 99.17, 0.00, 0.976, 0.000, 0.000, 0.000,0,0,0, 99.17, 0.976, 33.05, 0.961, 49.58, 0.960, 37.50, 0.434
30763,328170, 99.17, 0.00, 0.967, 0.000, 0.000, 0.000,0,0,0, 99.17, 0.967, 49.58, 0.945, 33.05, 0.933, 37.61, 0.429
30764,328181, 99.17, 0.00, 0.966, 0.000, 0.000, 0.000,0,0,0, 99.17, 0.966, 49.58, 0.933, 32.96, 0.928, 37.61, 0.434
30765,328192, 99.17, 0.00, 0.952, 0.000, 0.000, 0.000,0,0,0, 99.17, 0.952, 49.58, 0.899, 33.05, 0.856, 37.61, 0.399
30766,328202, 99.17, 0.00, 0.957, 0.000, 0.000, 0.000,0,0,0, 99.17, 0.957, 32.96, 0.918, 49.38, 0.912, 37.61, 0.324
30767,328213, 49.58, 0.00, 0.975, 0.000, 0.000, 0.000,0,0,0, 49.58, 0.975, 99.17, 0.967, 32.96, 0.952, 150.00, 0.300
30768,328224, 49.58, 0.00, 0.975, 0.000, 0.000, 0.000,0,0,0, 49.58, 0.975, 99.17, 0.959, 33.05, 0.942, 30.15, 0.363
30769,328234, 99.17, 0.00, 0.962, 0.000, 0.000, 0.000,0,0,0, 99.17, 0.962, 33.05, 0.952, 49.58, 0.936, 58.53, 0.313
30770,328245, 99.17, 0.00, 0.944, 0.000, 0.000, 0.000,0,0,0, 99.17, 0.944, 49.58, 0.903, 32.96, 0.843, 37.26, 0.366
30771,328256, 99.17, 0.00, 0.952, 0.000, 0.000, 0.000,0,0,0, 99.17, 0.952, 33.05, 0.946, 49.58, 0.906, 36.69, 0.394
30772,328266, 99.17, 0.00, 0.917, 0.000, 0.000, 0.000,0,0,0, 99.17, 0.917, 49.58, 0.863, 32.96, 0.814, 41.81, 0.435
30773,328277, 99.17, 0.00, 0.929, 0.000, 0.000, 0.000,0,0,0, 99.17, 0.929, 33.05, 0.873, 49.58, 0.855, 42.10, 0.413
30774,328288, 99.17, 0.00, 0.841, 0.000, 0.000, 0.000,0,0,0, 99.17, 0.841, 33.05, 0.800, 49.58, 0.800, 36.80, 0.284
30775,328298, 100.00, 0.00, 0.666, 0.000, 0.000, 0.000,0,0,0, 100.00, 0.666, 50.00, 0.422, 34.28, 0.269, 42.40, 0.193
30776,328309, 100.84, 0.00, 0.552, 0.000, 0.000, 0.000,0,0,0, 100.84, 0.552, 34.18, 0.311, 52.40, 0.297, 30.84, 0.123
30777,328320, 112.14, 0.00, 0.644, 0.000, 0.000, 0.000,0,0,0, 112.14, 0.644, 54.29, 0.403, 38.96, 0.314, 60.00, 0.284
30778,328330, 114.28, 0.00, 0.796, 0.000, 0.000, 0.000,0,0,0, 114.28, 0.796, 59.11, 0.617, 36.58, 0.519, 40.00, 0.473
30779,328341, 110.09, 0.00, 0.762, 0.000, 0.000, 0.000,0,0,0, 110.09, 0.762, 36.47, 0.699, 54.79, 0.663, 0.00, 0.000
30780,328352, 35.39, 0.00, 0.760, 0.000, 0.000, 0.000,0,0,0, 35.39, 0.760, 51.28, 0.682, 110.09, 0.678, 0.00, 0.000
30781,328362, 35.29, 0.00, 0.611, 0.000, 0.000, 0.000,0,0,0, 35.29, 0.611, 53.09, 0.582, 101.69, 0.574, 0.00, 0.000
30782,328373, 35.92, 0.00, 0.772, 0.000, 0.000, 0.000,0,0,0, 35.92, 0.772, 55.29, 0.564, 104.34, 0.517, 0.00, 0.000
30783,328384, 55.55, 0.00, 0.752, 0.000, 0.000, 0.000,0,0,0, 55.55, 0.752, 114.28, 0.574, 37.15, 0.524, 38.21, 0.474
30784,328394, 115.38, 0.00, 0.792, 0.000, 0.000, 0.000,0,0,0, 115.38, 0.792, 57.41, 0.790, 38.09, 0.725, 0.00, 0.000
30785,328405, 116.50, 0.00, 0.870, 0.000, 0.000, 0.000,0,0,0, 116.50, 0.870, 58.25, 0.840, 38.70, 0.767, 0.00, 0.000
30786,328416, 118.81, 0.00, 0.623, 0.000, 0.000, 0.000,0,0,0, 118.81, 0.623, 36.92, 0.525, 36.14, 0.501, 56.87, 0.500
30787,328426, 35.60, 0.00, 0.611, 0.000, 0.000, 0.000,0,0,0, 35.60, 0.611, 50.00, 0.517, 121.21, 0.510, 54.29, 0.457
30788,328437, 49.79, 0.00, 0.493, 0.000, 0.000, 0.000,0,0,0, 49.79, 0.493, 98.36, 0.461, 33.24, 0.414, 53.81, 0.345
30789,328448, 35.60, 0.00, 0.536, 0.000, 0.000, 0.000,0,0,0, 35.60, 0.536, 55.29, 0.436, 37.73, 0.372, 121.21, 0.271
30790,328458, 38.21, 0.00, 0.619, 0.000, 0.000, 0.000,0,0,0, 38.21, 0.619, 56.60, 0.615, 118.81, 0.450, 0.00, 0.000
30791,328469, 120.00, 0.00, 0.635, 0.000, 0.000, 0.000,0,0,0, 120.00, 0.635, 59.70, 0.575, 56.87, 0.540, 39.34, 0.465
30792,328480, 38.33, 0.00, 0.805, 0.000, 0.000, 0.000,0,0,0, 38.33, 0.805, 118.81, 0.802, 59.70, 0.727, 56.60, 0.719
30793,328490, 38.09, 0.00, 0.688, 0.000, 0.000, 0.000,0,0,0, 38.09, 0.688, 118.81, 0.632, 36.92, 0.615, 106.19, 0.552
30794,328501, 50.20, 0.00, 0.691, 0.000, 0.000, 0.000,0,0,0, 50.20, 0.691, 35.39, 0.631, 103.44, 0.524, 54.54, 0.504
30795,328512, 35.60, 0.00, 0.773, 0.000, 0.000, 0.000,0,0,0, 35.60, 0.773, 51.06, 0.559, 54.29, 0.551, 106.19, 0.538
30796,328522, 55.81, 0.00, 0.835, 0.000, 0.000, 0.000,0,0,0, 55.81, 0.835, 115.38, 0.623, 36.69, 0.615, 107.14, 0.608
30797,328533, 37.97, 0.00, 0.898, 0.000, 0.000, 0.000,0,0,0, 37.97, 0.898, 56.60, 0.815, 118.81, 0.781, 0.00, 0.000
30798,328544, 37.85, 0.00, 0.803, 0.000, 0.000, 0.000,0,0,0, 37.85, 0.803, 117.64, 0.796, 58.25, 0.789, 0.00, 0.000
30799,328554, 56.07, 0.00, 0.747, 0.000, 0.000, 0.000,0,0,0, 56.07, 0.747, 118.81, 0.730, 37.97, 0.637, 0.00, 0.000
30800,328565, 35.39, 0.00, 0.680, 0.000, 0.000, 0.000,0,0,0, 35.39, 0.680, 105.26, 0.625, 51.72, 0.580, 0.00, 0.000
30801,328576, 50.20, 0.00, 0.759, 0.000, 0.000, 0.000,0,0,0, 50.20, 0.759, 35.29, 0.757, 105.26, 0.575, 0.00, 0.000
30802,328586, 35.60, 0.00, 0.673, 0.000, 0.000, 0.000,0,0,0, 35.60, 0.673, 115.38, 0.551, 53.81, 0.499, 0.00, 0.000
30803,328597, 56.33, 0.00, 0.772, 0.000, 0.000, 0.000,0,0,0, 56.33, 0.772, 117.64, 0.748, 38.33, 0.702, 0.00, 0.000
30804,328608, 37.97, 0.00, 0.950, 0.000, 0.000, 0.000,0,0,0, 37.97, 0.950, 56.60, 0.890, 116.50, 0.845, 0.00, 0.000
30805,328618, 116.50, 0.00, 0.825, 0.000, 0.000, 0.000,0,0,0, 116.50, 0.825, 56.07, 0.806, 37.85, 0.767, 0.00, 0.000
30806,328629, 55.29, 0.00, 0.709, 0.000, 0.000, 0.000,0,0,0, 55.29, 0.709, 117.64, 0.706, 37.61, 0.685, 0.00, 0.000
30807,328640, 54.54, 0.00, 0.727, 0.000, 0.000, 0.000,0,0,0, 54.54, 0.727, 35.50, 0.636, 115.38, 0.584, 0.00, 0.000
30808,328650, 35.60, 0.00, 0.688, 0.000, 0.000, 0.000,0,0,0, 35.60, 0.688, 53.81, 0.530, 117.64, 0.500, 0.00, 0.000
30809,328661, 37.50, 0.00, 0.676, 0.000, 0.000, 0.000,0,0,0, 37.50, 0.676, 57.41, 0.635, 116.50, 0.575, 0.00, 0.000
30810,328672, 37.61, 0.00, 0.810, 0.000, 0.000, 0.000,0,0,0, 37.61, 0.810, 55.81, 0.773, 110.09, 0.722, 0.00, 0.000
30811,328682, 37.38, 0.00, 0.872, 0.000, 0.000, 0.000,0,0,0, 37.38, 0.872, 56.07, 0.854, 111.11, 0.803, 0.00, 0.000
30812,328693, 56.60, 0.00, 0.914, 0.000, 0.000, 0.000,0,0,0, 56.60, 0.914, 114.28, 0.906, 37.85, 0.884, 0.00, 0.000
30813,328704, 36.47, 0.00, 0.744, 0.000, 0.000, 0.000,0,0,0, 36.47, 0.744, 114.28, 0.739, 55.81, 0.608, 0.00, 0.000
30814,328714, 35.60, 0.00, 0.828, 0.000, 0.000, 0.000,0,0,0, 35.60, 0.828, 53.09, 0.825, 112.14, 0.721, 0.00, 0.000
30815,328725, 113.20, 0.00, 0.719, 0.000, 0.000, 0.000,0,0,0, 113.20, 0.719, 36.25, 0.705, 55.04, 0.604, 0.00, 0.000
30816,328736, 37.73, 0.00, 0.858, 0.000, 0.000, 0.000,0,0,0, 37.73, 0.858, 112.14, 0.847, 56.33, 0.835, 0.00, 0.000
30817,328746, 37.03, 0.00, 0.915, 0.000, 0.000, 0.000,0,0,0, 37.03, 0.915, 112.14, 0.849, 55.81, 0.822, 0.00, 0.000
30818,328757, 37.15, 0.00, 0.890, 0.000, 0.000, 0.000,0,0,0, 37.15, 0.890, 111.11, 0.824, 56.07, 0.790, 0.00, 0.000
30819,328768, 37.73, 0.00, 0.886, 0.000, 0.000, 0.000,0,0,0, 37.73, 0.886, 56.33, 0.789, 111.11, 0.747, 0.00, 0.000
30820,328778, 109.09, 0.00, 0.620, 0.000, 0.000, 0.000,0,0,0, 109.09, 0.620, 37.50, 0.603, 36.03, 0.599, 54.54, 0.532
30821,328789, 35.71, 0.00, 0.829, 0.000, 0.000, 0.000,0,0,0, 35.71, 0.829, 53.81, 0.726, 109.09, 0.497, 0.00, 0.000
30822,328800, 35.82, 0.00, 0.741, 0.000, 0.000, 0.000,0,0,0, 35.82, 0.741, 55.29, 0.674, 109.09, 0.570, 0.00, 0.000
30823,328810, 56.07, 0.00, 0.855, 0.000, 0.000, 0.000,0,0,0, 56.07, 0.855, 112.14, 0.785, 37.50, 0.694, 0.00, 0.000
30824,328821, 55.81, 0.00, 0.925, 0.000, 0.000, 0.000,0,0,0, 55.81, 0.925, 110.09, 0.847, 36.58, 0.817, 0.00, 0.000
30825,328832, 37.97, 0.00, 0.911, 0.000, 0.000, 0.000,0,0,0, 37.97, 0.911, 116.50, 0.810, 56.33, 0.755, 0.00, 0.000
30826,328842, 37.97, 0.00, 0.922, 0.000, 0.000, 0.000,0,0,0, 37.97, 0.922, 56.60, 0.741, 115.38, 0.730, 0.00, 0.000
30827,328853, 35.60, 0.00, 0.695, 0.000, 0.000, 0.000,0,0,0, 35.60, 0.695, 107.14, 0.643, 53.57, 0.495, 0.00, 0.000
30828,328864, 35.60, 0.00, 0.934, 0.000, 0.000, 0.000,0,0,0, 35.60, 0.934, 107.14, 0.705, 53.57, 0.623, 0.00, 0.000
30829,328874, 56.07, 0.00, 0.851, 0.000, 0.000, 0.000,0,0,0, 56.07, 0.851, 36.47, 0.753, 109.09, 0.740, 0.00, 0.000
30830,328885, 56.07, 0.00, 0.915, 0.000, 0.000, 0.000,0,0,0, 56.07, 0.915, 113.20, 0.829, 37.50, 0.745, 0.00, 0.000
30831,328896, 56.07, 0.00, 0.960, 0.000, 0.000, 0.000,0,0,0, 56.07, 0.960, 113.20, 0.852, 37.50, 0.833, 0.00, 0.000
30832,328906, 38.09, 0.00, 0.856, 0.000, 0.000, 0.000,0,0,0, 38.09, 0.856, 56.87, 0.820, 114.28, 0.817, 0.00, 0.000
30833,328917, 111.11, 0.00, 0.637, 0.000, 0.000, 0.000,0,0,0, 111.11, 0.637, 36.92, 0.629, 56.60, 0.579, 0.00, 0.000
30834,328928, 34.98, 0.00, 0.836, 0.000, 0.000, 0.000,0,0,0, 34.98, 0.836, 53.33, 0.641, 106.19, 0.597, 0.00, 0.000
30835,328938, 36.03, 0.00, 0.725, 0.000, 0.000, 0.000,0,0,0, 36.03, 0.725, 106.19, 0.571, 54.29, 0.469, 0.00, 0.000
30836,328949, 56.33, 0.00, 0.776, 0.000, 0.000, 0.000,0,0,0, 56.33, 0.776, 37.61, 0.719, 113.20, 0.680, 0.00, 0.000
30837,328960, 56.07, 0.00, 0.842, 0.000, 0.000, 0.000,0,0,0, 56.07, 0.842, 111.11, 0.838, 37.03, 0.787, 0.00, 0.000
30838,328970, 37.03, 0.00, 0.916, 0.000, 0.000, 0.000,0,0,0, 37.03, 0.916, 56.33, 0.900, 110.09, 0.842, 0.00, 0.000
30839,328981, 37.15, 0.00, 0.922, 0.000, 0.000, 0.000,0,0,0, 37.15, 0.922, 56.33, 0.889, 109.09, 0.848, 0.00, 0.000
30840,328992, 108.10, 0.00, 0.710, 0.000, 0.000, 0.000,0,0,0, 108.10, 0.710, 36.69, 0.684, 53.81, 0.617, 56.60, 0.585
30841,329002, 52.86, 0.00, 0.698, 0.000, 0.000, 0.000,0,0,0, 52.86, 0.698, 108.10, 0.606, 35.82, 0.582, 35.19, 0.573
30842,329013, 36.80, 0.00, 0.893, 0.000, 0.000, 0.000,0,0,0, 36.80, 0.893, 110.09, 0.575, 56.33, 0.416, 0.00, 0.000
30843,329024, 56.87, 0.00, 0.774, 0.000, 0.000, 0.000,0,0,0, 56.87, 0.774, 37.85, 0.717, 113.20, 0.710, 0.00, 0.000
30844,329034, 56.07, 0.00, 0.849, 0.000, 0.000, 0.000,0,0,0, 56.07, 0.849, 37.26, 0.809, 113.20, 0.789, 0.00, 0.000
30845,329045, 37.50, 0.00, 0.959, 0.000, 0.000, 0.000,0,0,0, 37.50, 0.959, 56.33, 0.866, 110.09, 0.845, 0.00, 0.000
30846,329056, 37.15, 0.00, 0.928, 0.000, 0.000, 0.000,0,0,0, 37.15, 0.928, 56.33, 0.788, 107.14, 0.784, 0.00, 0.000
30847,329066, 106.19, 0.00, 0.687, 0.000, 0.000, 0.000,0,0,0, 106.19, 0.687, 35.39, 0.606, 35.82, 0.602, 52.63, 0.583
30848,329077, 36.03, 0.00, 0.730, 0.000, 0.000, 0.000,0,0,0, 36.03, 0.730, 35.39, 0.726, 107.14, 0.614, 52.86, 0.604
30849,329088, 36.92, 0.00, 0.854, 0.000, 0.000, 0.000,0,0,0, 36.92, 0.854, 110.09, 0.659, 56.33, 0.631, 0.00, 0.000
30850,329098, 111.11, 0.00, 0.827, 0.000, 0.000, 0.000,0,0,0, 111.11, 0.827, 37.85, 0.761, 56.60, 0.758, 0.00, 0.000
30851,329109, 55.04, 0.00, 0.917, 0.000, 0.000, 0.000,0,0,0, 55.04, 0.917, 110.09, 0.910, 36.58, 0.854, 0.00, 0.000
30852,329120, 37.61, 0.00, 0.904, 0.000, 0.000, 0.000,0,0,0, 37.61, 0.904, 56.87, 0.859, 109.09, 0.810, 0.00, 0.000
30853,329130, 37.26, 0.00, 0.898, 0.000, 0.000, 0.000,0,0,0, 37.26, 0.898, 107.14, 0.799, 56.87, 0.751, 0.00, 0.000
30854,329141, 106.19, 0.00, 0.791, 0.000, 0.000, 0.000,0,0,0, 106.19, 0.791, 51.94, 0.747, 34.78, 0.735, 0.00, 0.000
30855,329152, 36.36, 0.00, 0.758, 0.000, 0.000, 0.000,0,0,0, 36.36, 0.758, 108.10, 0.688, 51.94, 0.646, 0.00, 0.000
30856,329162, 37.26, 0.00, 0.804, 0.000, 0.000, 0.000,0,0,0, 37.26, 0.804, 110.09, 0.744, 56.60, 0.738, 0.00, 0.000
30857,329173, 113.20, 0.00, 0.842, 0.000, 0.000, 0.000,0,0,0, 113.20, 0.842, 56.33, 0.795, 38.09, 0.748, 0.00, 0.000
30858,329184, 56.07, 0.00, 0.869, 0.000, 0.000, 0.000,0,0,0, 56.07, 0.869, 112.14, 0.855, 37.61, 0.805, 0.00, 0.000
30859,329194, 37.50, 0.00, 0.960, 0.000, 0.000, 0.000,0,0,0, 37.50, 0.960, 56.60, 0.883, 111.11, 0.812, 0.00, 0.000
30860,329205, 108.10, 0.00, 0.778, 0.000, 0.000, 0.000,0,0,0, 108.10, 0.778, 37.03, 0.696, 55.55, 0.677, 0.00, 0.000
30861,329216, 51.72, 0.00, 0.818, 0.000, 0.000, 0.000,0,0,0, 51.72, 0.818, 103.44, 0.814, 34.58, 0.715, 35.60, 0.660
30862,329226, 36.14, 0.00, 0.970, 0.000, 0.000, 0.000,0,0,0, 36.14, 0.970, 106.19, 0.723, 55.04, 0.630, 0.00, 0.000
30863,329237, 56.07, 0.00, 0.861, 0.000, 0.000, 0.000,0,0,0, 56.07, 0.861, 36.92, 0.805, 109.09, 0.729, 0.00, 0.000
30864,329248, 38.58, 0.00, 0.806, 0.000, 0.000, 0.000,0,0,0, 38.58, 0.806, 56.60, 0.791, 115.38, 0.776, 0.00, 0.000
30865,329258, 38.21, 0.00, 0.940, 0.000, 0.000, 0.000,0,0,0, 38.21, 0.940, 56.87, 0.839, 114.28, 0.784, 0.00, 0.000
30866,329269, 37.50, 0.00, 0.859, 0.000, 0.000, 0.000,0,0,0, 37.50, 0.859, 109.09, 0.757, 57.14, 0.740, 0.00, 0.000
30867,329280, 106.19, 0.00, 0.756, 0.000, 0.000, 0.000,0,0,0, 106.19, 0.756, 53.09, 0.733, 35.19, 0.529, 0.00, 0.000
30868,329290, 51.94, 0.00, 0.737, 0.000, 0.000, 0.000,0,0,0, 51.94, 0.737, 103.44, 0.728, 34.48, 0.612, 0.00, 0.000
30869,329301, 36.80, 0.00, 0.931, 0.000, 0.000, 0.000,0,0,0, 36.80, 0.931, 106.19, 0.593, 56.33, 0.459, 0.00, 0.000
30870,329312, 56.60, 0.00, 0.825, 0.000, 0.000, 0.000,0,0,0, 56.60, 0.825, 37.61, 0.648, 112.14, 0.585, 0.00, 0.000
30871,329322, 56.33, 0.00, 0.812, 0.000, 0.000, 0.000,0,0,0, 56.33, 0.812, 38.21, 0.781, 115.38, 0.743, 0.00, 0.000
30872,329333, 38.09, 0.00, 0.882, 0.000, 0.000, 0.000,0,0,0, 38.09, 0.882, 56.33, 0.857, 111.11, 0.751, 0.00, 0.000
30873,329344, 36.69, 0.00, 0.940, 0.000, 0.000, 0.000,0,0,0, 36.69, 0.940, 106.19, 0.804, 56.33, 0.765, 0.00, 0.000
30874,329354, 107.14, 0.00, 0.867, 0.000, 0.000, 0.000,0,0,0, 107.14, 0.867, 53.33, 0.816, 35.60, 0.761, 0.00, 0.000
30875,329365, 107.14, 0.00, 0.716, 0.000, 0.000, 0.000,0,0,0, 107.14, 0.716, 53.81, 0.655, 37.15, 0.457, 0.00, 0.000
30876,329376, 37.15, 0.00, 0.918, 0.000, 0.000, 0.000,0,0,0, 37.15, 0.918, 56.87, 0.669, 107.14, 0.636, 0.00, 0.000
30877,329386, 55.81, 0.00, 0.749, 0.000, 0.000, 0.000,0,0,0, 55.81, 0.749, 37.38, 0.677, 112.14, 0.557, 0.00, 0.000
30878,329397, 56.60, 0.00, 0.670, 0.000, 0.000, 0.000,0,0,0, 56.60, 0.670, 38.33, 0.664, 115.38, 0.658, 0.00, 0.000
30879,329408, 38.09, 0.00, 0.869, 0.000, 0.000, 0.000,0,0,0, 38.09, 0.869, 56.60, 0.863, 114.28, 0.773, 0.00, 0.000
30880,329418, 36.47, 0.00, 0.760, 0.000, 0.000, 0.000,0,0,0, 36.47, 0.760, 105.26, 0.734, 56.07, 0.705, 0.00, 0.000
30881,329429, 102.56, 0.00, 0.892, 0.000, 0.000, 0.000,0,0,0, 102.56, 0.892, 35.39, 0.855, 53.09, 0.770, 0.00, 0.000
30882,329440, 36.03, 0.00, 0.794, 0.000, 0.000, 0.000,0,0,0, 36.03, 0.794, 104.34, 0.679, 111.11, 0.669, 53.81, 0.655
30883,329450, 36.80, 0.00, 0.815, 0.000, 0.000, 0.000,0,0,0, 36.80, 0.815, 105.26, 0.694, 56.07, 0.656, 0.00, 0.000
30884,329461, 55.81, 0.00, 0.842, 0.000, 0.000, 0.000,0,0,0, 55.81, 0.842, 37.38, 0.796, 112.14, 0.789, 0.00, 0.000
30885,329472, 112.14, 0.00, 0.793, 0.000, 0.000, 0.000,0,0,0, 112.14, 0.793, 56.33, 0.734, 37.61, 0.722, 0.00, 0.000
30886,329482, 37.50, 0.00, 0.879, 0.000, 0.000, 0.000,0,0,0, 37.50, 0.879, 56.60, 0.820, 112.14, 0.797, 0.00, 0.000
30887,329493, 54.54, 0.00, 0.796, 0.000, 0.000, 0.000,0,0,0, 54.54, 0.796, 36.69, 0.792, 107.14, 0.740, 0.00, 0.000
30888,329504, 35.50, 0.00, 0.933, 0.000, 0.000, 0.000,0,0,0, 35.50, 0.933, 53.81, 0.882, 107.14, 0.849, 0.00, 0.000
30889,329514, 54.05, 0.00, 0.862, 0.000, 0.000, 0.000,0,0,0, 54.05, 0.862, 35.82, 0.845, 110.09, 0.833, 0.00, 0.000
30890,329525, 36.58, 0.00, 0.945, 0.000, 0.000, 0.000,0,0,0, 36.58, 0.945, 55.04, 0.886, 110.09, 0.862, 0.00, 0.000
30891,329536, 37.61, 0.00, 0.886, 0.000, 0.000, 0.000,0,0,0, 37.61, 0.886, 55.55, 0.873, 114.28, 0.828, 0.00, 0.000
30892,329546, 38.21, 0.00, 0.864, 0.000, 0.000, 0.000,0,0,0, 38.21, 0.864, 115.38, 0.787, 56.33, 0.777, 0.00, 0.000
30893,329557, 37.85, 0.00, 0.895, 0.000, 0.000, 0.000,0,0,0, 37.85, 0.895, 114.28, 0.747, 56.60, 0.641, 0.00, 0.000
30894,329568, 53.81, 0.00, 0.732, 0.000, 0.000, 0.000,0,0,0, 53.81, 0.732, 36.03, 0.714, 108.10, 0.707, 0.00, 0.000
30895,329578, 35.08, 0.00, 0.914, 0.000, 0.000, 0.000,0,0,0, 35.08, 0.914, 104.34, 0.876, 53.09, 0.810, 0.00, 0.000
30896,329589, 36.58, 0.00, 0.868, 0.000, 0.000, 0.000,0,0,0, 36.58, 0.868, 54.79, 0.840, 107.14, 0.806, 0.00, 0.000
30897,329600, 55.81, 0.00, 0.941, 0.000, 0.000, 0.000,0,0,0, 55.81, 0.941, 36.92, 0.849, 112.14, 0.808, 0.00, 0.000
30898,329610, 37.85, 0.00, 0.923, 0.000, 0.000, 0.000,0,0,0, 37.85, 0.923, 56.33, 0.902, 114.28, 0.854, 0.00, 0.000
30899,329621, 38.09, 0.00, 0.865, 0.000, 0.000, 0.000,0,0,0, 38.09, 0.865, 56.33, 0.777, 112.14, 0.708, 0.00, 0.000
30900,329632, 37.38, 0.00, 0.821, 0.000, 0.000, 0.000,0,0,0, 37.38, 0.821, 110.09, 0.697, 55.81, 0.571, 0.00, 0.000
30901,329642, 35.29, 0.00, 0.846, 0.000, 0.000, 0.000,0,0,0, 35.29, 0.846, 53.09, 0.768, 104.34, 0.755, 0.00, 0.000
30902,329653, 103.44, 0.00, 0.849, 0.000, 0.000, 0.000,0,0,0, 103.44, 0.849, 35.19, 0.823, 52.63, 0.720, 0.00, 0.000
30903,329664, 36.80, 0.00, 0.942, 0.000, 0.000, 0.000,0,0,0, 36.80, 0.942, 55.81, 0.773, 105.26, 0.771, 0.00, 0.000
30904,329674, 55.81, 0.00, 0.883, 0.000, 0.000, 0.000,0,0,0, 55.81, 0.883, 36.69, 0.824, 110.09, 0.765, 0.00, 0.000
30905,329685, 56.33, 0.00, 0.754, 0.000, 0.000, 0.000,0,0,0, 56.33, 0.754, 38.21, 0.748, 115.38, 0.710, 0.00, 0.000
30906,329696, 38.21, 0.00, 0.858, 0.000, 0.000, 0.000,0,0,0, 38.21, 0.858, 56.60, 0.787, 110.09, 0.688, 0.00, 0.000
30907,329706, 36.92, 0.00, 0.759, 0.000, 0.000, 0.000,0,0,0, 36.92, 0.759, 108.10, 0.651, 55.81, 0.606, 0.00, 0.000
30908,329717, 34.98, 0.00, 0.828, 0.000, 0.000, 0.000,0,0,0, 34.98, 0.828, 54.29, 0.696, 105.26, 0.596, 0.00, 0.000
30909,329728, 36.47, 0.00, 0.956, 0.000, 0.000, 0.000,0,0,0, 36.47, 0.956, 112.14, 0.693, 54.54, 0.659, 0.00, 0.000
30910,329738, 108.10, 0.00, 0.730, 0.000, 0.000, 0.000,0,0,0, 108.10, 0.730, 54.54, 0.724, 36.58, 0.715, 0.00, 0.000
30911,329749, 55.04, 0.00, 0.898, 0.000, 0.000, 0.000,0,0,0, 55.04, 0.898, 36.80, 0.862, 111.11, 0.812, 0.00, 0.000
30912,329760, 37.38, 0.00, 0.738, 0.000, 0.000, 0.000,0,0,0, 37.38, 0.738, 55.55, 0.734, 115.38, 0.722, 0.00, 0.000
30913,329770, 56.33, 0.00, 0.753, 0.000, 0.000, 0.000,0,0,0, 56.33, 0.753, 37.97, 0.735, 115.38, 0.667, 0.00, 0.000
30914,329781, 55.55, 0.00, 0.710, 0.000, 0.000, 0.000,0,0,0, 55.55, 0.710, 36.36, 0.689, 107.14, 0.602, 0.00, 0.000
30915,329792, 35.92, 0.00, 0.850, 0.000, 0.000, 0.000,0,0,0, 35.92, 0.850, 55.04, 0.686, 105.26, 0.622, 0.00, 0.000
30916,329802, 36.58, 0.00, 0.952, 0.000, 0.000, 0.000,0,0,0, 36.58, 0.952, 55.29, 0.667, 108.10, 0.646, 0.00, 0.000
30917,329813, 54.79, 0.00, 0.761, 0.000, 0.000, 0.000,0,0,0, 54.79, 0.761, 36.58, 0.747, 109.09, 0.700, 0.00, 0.000
30918,329824, 54.54, 0.00, 0.925, 0.000, 0.000, 0.000,0,0,0, 54.54, 0.925, 36.58, 0.892, 109.09, 0.795, 0.00, 0.000
30919,329834, 55.81, 0.00, 0.744, 0.000, 0.000, 0.000,0,0,0, 55.81, 0.744, 37.85, 0.716, 115.38, 0.683, 0.00, 0.000
30920,329845, 37.61, 0.00, 0.879, 0.000, 0.000, 0.000,0,0,0, 37.61, 0.879, 109.09, 0.719, 57.41, 0.715, 0.00, 0.000
30921,329856, 55.04, 0.00, 0.783, 0.000, 0.000, 0.000,0,0,0, 55.04, 0.783, 111.11, 0.714, 35.82, 0.674, 0.00, 0.000
30922,329866, 54.05, 0.00, 0.859, 0.000, 0.000, 0.000,0,0,0, 54.05, 0.859, 35.92, 0.803, 106.19, 0.778, 0.00, 0.000
30923,329877, 54.29, 0.00, 0.901, 0.000, 0.000, 0.000,0,0,0, 54.29, 0.901, 37.03, 0.754, 112.14, 0.740, 0.00, 0.000
30924,329888, 54.79, 0.00, 0.882, 0.000, 0.000, 0.000,0,0,0, 54.79, 0.882, 36.03, 0.801, 105.26, 0.715, 0.00, 0.000
30925,329898, 55.29, 0.00, 0.787, 0.000, 0.000, 0.000,0,0,0, 55.29, 0.787, 116.50, 0.772, 37.15, 0.750, 0.00, 0.000
30926,329909, 38.33, 0.00, 0.905, 0.000, 0.000, 0.000,0,0,0, 38.33, 0.905, 56.33, 0.855, 116.50, 0.783, 0.00, 0.000
30927,329920, 36.80, 0.00, 0.805, 0.000, 0.000, 0.000,0,0,0, 36.80, 0.805, 108.10, 0.749, 56.07, 0.652, 0.00, 0.000
30928,329930, 35.50, 0.00, 0.795, 0.000, 0.000, 0.000,0,0,0, 35.50, 0.795, 54.79, 0.686, 105.26, 0.607, 0.00, 0.000
30929,329941, 35.82, 0.00, 0.731, 0.000, 0.000, 0.000,0,0,0, 35.82, 0.731, 103.44, 0.559, 54.79, 0.530, 0.00, 0.000
30930,329952, 37.73, 0.00, 0.747, 0.000, 0.000, 0.000,0,0,0, 37.73, 0.747, 54.79, 0.729, 117.64, 0.404, 0.00, 0.000
30931,329962, 54.79, 0.00, 0.781, 0.000, 0.000, 0.000,0,0,0, 54.79, 0.781, 37.85, 0.623, 118.81, 0.567, 0.00, 0.000
30932,329973, 55.81, 0.00, 0.844, 0.000, 0.000, 0.000,0,0,0, 55.81, 0.844, 37.15, 0.764, 115.38, 0.666, 0.00, 0.000
30933,329984, 55.81, 0.00, 0.890, 0.000, 0.000, 0.000,0,0,0, 55.81, 0.890, 37.61, 0.733, 112.14, 0.718, 0.00, 0.000
30934,329994, 55.29, 0.00, 0.784, 0.000, 0.000, 0.000,0,0,0, 55.29, 0.784, 35.92, 0.740, 104.34, 0.716, 0.00, 0.000
30935,330005, 55.04, 0.00, 0.748, 0.000, 0.000, 0.000,0,0,0, 55.04, 0.748, 35.60, 0.720, 105.26, 0.618, 116.50, 0.540
30936,330016, 37.26, 0.00, 0.555, 0.000, 0.000, 0.000,0,0,0, 37.26, 0.555, 55.55, 0.516, 105.26, 0.498, 114.28, 0.468
30937,330026, 37.61, 0.00, 0.666, 0.000, 0.000, 0.000,0,0,0, 37.61, 0.666, 55.04, 0.584, 36.03, 0.486, 105.26, 0.467
30938,330037, 54.54, 0.00, 0.685, 0.000, 0.000, 0.000,0,0,0, 54.54, 0.685, 35.92, 0.642, 36.80, 0.601, 106.19, 0.583
30939,330048, 110.09, 0.00, 0.711, 0.000, 0.000, 0.000,0,0,0, 110.09, 0.711, 55.55, 0.700, 36.58, 0.661, 36.92, 0.659
30940,330058, 55.55, 0.00, 0.932, 0.000, 0.000, 0.000,0,0,0, 55.55, 0.932, 37.38, 0.902, 112.14, 0.890, 0.00, 0.000
30941,330069, 111.11, 0.00, 0.712, 0.000, 0.000, 0.000,0,0,0, 111.11, 0.712, 55.04, 0.708, 37.73, 0.597, 0.00, 0.000
30942,330080, 37.61, 0.00, 0.698, 0.000, 0.000, 0.000,0,0,0, 37.61, 0.698, 55.81, 0.656, 104.34, 0.606, 0.00, 0.000
30943,330090, 37.15, 0.00, 0.873, 0.000, 0.000, 0.000,0,0,0, 37.15, 0.873, 56.07, 0.662, 103.44, 0.579, 120.00, 0.469
30944,330101, 103.44, 0.00, 0.668, 0.000, 0.000, 0.000,0,0,0, 103.44, 0.668, 54.05, 0.573, 35.60, 0.477, 37.03, 0.353
30945,330112, 35.82, 0.00, 0.922, 0.000, 0.000, 0.000,0,0,0, 35.82, 0.922, 54.29, 0.769, 106.19, 0.763, 0.00, 0.000
30946,330122, 37.26, 0.00, 0.744, 0.000, 0.000, 0.000,0,0,0, 37.26, 0.744, 113.20, 0.742, 56.07, 0.650, 0.00, 0.000
30947,330133, 37.85, 0.00, 0.905, 0.000, 0.000, 0.000,0,0,0, 37.85, 0.905, 56.60, 0.779, 114.28, 0.756, 0.00, 0.000
30948,330144, 113.20, 0.00, 0.666, 0.000, 0.000, 0.000,0,0,0, 113.20, 0.666, 55.55, 0.616, 37.50, 0.605, 0.00, 0.000
30949,330154, 36.36, 0.00, 0.713, 0.000, 0.000, 0.000,0,0,0, 36.36, 0.713, 55.55, 0.687, 108.10, 0.419, 0.00, 0.000
30950,330165, 36.58, 0.00, 0.816, 0.000, 0.000, 0.000,0,0,0, 36.58, 0.816, 55.55, 0.583, 107.14, 0.532, 0.00, 0.000
30951,330176, 106.19, 0.00, 0.628, 0.000, 0.000, 0.000,0,0,0, 106.19, 0.628, 54.79, 0.544, 36.36, 0.416, 37.38, 0.357
30952,330186, 55.04, 0.00, 0.749, 0.000, 0.000, 0.000,0,0,0, 55.04, 0.749, 36.36, 0.715, 108.10, 0.705, 37.38, 0.639
30953,330197, 38.09, 0.00, 0.774, 0.000, 0.000, 0.000,0,0,0, 38.09, 0.774, 117.64, 0.728, 57.41, 0.705, 0.00, 0.000
30954,330208, 118.81, 0.00, 0.691, 0.000, 0.000, 0.000,0,0,0, 118.81, 0.691, 37.61, 0.625, 55.55, 0.579, 0.00, 0.000
30955,330218, 36.58, 0.00, 0.763, 0.000, 0.000, 0.000,0,0,0, 36.58, 0.763, 55.29, 0.698, 112.14, 0.670, 0.00, 0.000
30956,330229, 36.03, 0.00, 0.939, 0.000, 0.000, 0.000,0,0,0, 36.03, 0.939, 54.79, 0.710, 102.56, 0.683, 0.00, 0.000
30957,330240, 54.29, 0.00, 0.820, 0.000, 0.000, 0.000,0,0,0, 54.29, 0.820, 36.25, 0.759, 112.14, 0.728, 0.00, 0.000
30958,330250, 53.33, 0.00, 0.713, 0.000, 0.000, 0.000,0,0,0, 53.33, 0.713, 103.44, 0.549, 35.39, 0.272, 36.03, 0.270
30959,330261, 56.07, 0.00, 0.595, 0.000, 0.000, 0.000,0,0,0, 56.07, 0.595, 36.69, 0.505, 112.14, 0.371, 0.00, 0.000
30960,330272, 37.50, 0.00, 0.735, 0.000, 0.000, 0.000,0,0,0, 37.50, 0.735, 58.25, 0.536, 110.09, 0.387, 100.84, 0.354
30961,330282, 107.14, 0.00, 0.528, 0.000, 0.000, 0.000,0,0,0, 107.14, 0.528, 100.00, 0.521, 51.72, 0.513, 34.48, 0.165
30962,330293, 54.05, 0.00, 0.717, 0.000, 0.000, 0.000,0,0,0, 54.05, 0.717, 109.09, 0.663, 36.80, 0.646, 0.00, 0.000
30963,330304, 36.47, 0.00, 0.865, 0.000, 0.000, 0.000,0,0,0, 36.47, 0.865, 56.60, 0.789, 101.69, 0.628, 0.00, 0.000
30964,330314, 56.07, 0.00, 0.864, 0.000, 0.000, 0.000,0,0,0, 56.07, 0.864, 37.97, 0.551, 113.20, 0.534, 105.26, 0.532
30965,330325, 55.81, 0.00, 0.700, 0.000, 0.000, 0.000,0,0,0, 55.81, 0.700, 38.09, 0.662, 116.50, 0.583, 0.00, 0.000
30966,330336, 56.87, 0.00, 0.659, 0.000, 0.000, 0.000,0,0,0, 56.87, 0.659, 38.33, 0.527, 115.38, 0.470, 0.00, 0.000
30967,330346, 36.36, 0.00, 0.804, 0.000, 0.000, 0.000,0,0,0, 36.36, 0.804, 53.09, 0.601, 109.09, 0.544, 0.00, 0.000
30968,330357, 102.56, 0.00, 0.705, 0.000, 0.000, 0.000,0,0,0, 102.56, 0.705, 50.42, 0.674, 52.40, 0.654, 34.88, 0.568
30969,330368, 54.29, 0.00, 0.547, 0.000, 0.000, 0.000,0,0,0, 54.29, 0.547, 109.09, 0.423, 39.08, 0.249, 0.00, 0.000
30970,330378, 39.21, 0.00, 0.744, 0.000, 0.000, 0.000,0,0,0, 39.21, 0.744, 59.11, 0.433, 116.50, 0.377, 0.00, 0.000
30971,330389, 55.29, 0.00, 0.569, 0.000, 0.000, 0.000,0,0,0, 55.29, 0.569, 38.09, 0.345, 117.64, 0.298, 0.00, 0.000
30972,330400, 55.81, 0.00, 0.687, 0.000, 0.000, 0.000,0,0,0, 55.81, 0.687, 114.28, 0.565, 35.50, 0.541, 0.00, 0.000
30973,330410, 35.82, 0.00, 0.783, 0.000, 0.000, 0.000,0,0,0, 35.82, 0.783, 56.07, 0.769, 101.69, 0.633, 0.00, 0.000
30974,330421, 56.33, 0.00, 0.718, 0.000, 0.000, 0.000,0,0,0, 56.33, 0.718, 36.36, 0.512, 113.20, 0.453, 0.00, 0.000
30975,330432, 53.57, 0.00, 0.702, 0.000, 0.000, 0.000,0,0,0, 53.57, 0.702, 35.19, 0.473, 101.69, 0.197, 0.00, 0.000
30976,330442, 56.33, 0.00, 0.842, 0.000, 0.000, 0.000,0,0,0, 56.33, 0.842, 0.00, 0.000, 0.00, 0.000, 0.00, 0.000
30977,330453, 37.85, 0.00, 0.623, 0.000, 0.000, 0.000,0,0,0, 37.85, 0.623, 56.60, 0.588, 110.09, 0.178, 0.00, 0.000
30978,330464, 54.54, 0.00, 0.643, 0.000, 0.000, 0.000,0,0,0, 54.54, 0.643, 110.09, 0.495, 36.47, 0.333, 38.58, 0.299
30979,330474, 54.54, 0.00, 0.662, 0.000, 0.000, 0.000,0,0,0, 54.54, 0.662, 112.14, 0.511, 37.38, 0.488, 0.00, 0.000
30980,330485, 36.92, 0.00, 0.810, 0.000, 0.000, 0.000,0,0,0, 36.92, 0.810, 55.81, 0.536, 104.34, 0.460, 0.00, 0.000
30981,330496, 55.29, 0.00, 0.588, 0.000, 0.000, 0.000,0,0,0, 55.29, 0.588, 34.88, 0.486, 37.03, 0.482, 120.00, 0.324
30982,330506, 100.84, 0.00, 0.413, 0.000, 0.000, 0.000,0,0,0, 100.84, 0.413, 36.14, 0.336, 55.81, 0.294, 0.00, 0.000
30983,330517, 38.96, 0.00, 0.688, 0.000, 0.000, 0.000,0,0,0, 38.96, 0.688, 56.07, 0.579, 112.14, 0.382, 0.00, 0.000
30984,330528, 54.05, 0.00, 0.653, 0.000, 0.000, 0.000,0,0,0, 54.05, 0.653, 35.82, 0.484, 113.20, 0.469, 37.26, 0.448
30985,330538, 56.07, 0.00, 0.734, 0.000, 0.000, 0.000,0,0,0, 56.07, 0.734, 35.60, 0.562, 108.10, 0.475, 40.00, 0.061
30986,330549, 56.87, 0.00, 0.595, 0.000, 0.000, 0.000,0,0,0, 56.87, 0.595, 109.09, 0.398, 39.86, 0.380, 0.00, 0.000
30987,330560, 36.03, 0.00, 0.465, 0.000, 0.000, 0.000,0,0,0, 36.03, 0.465, 57.41, 0.400, 37.61, 0.389, 109.09, 0.151
30988,330570, 53.33, 0.00, 0.451, 0.000, 0.000, 0.000,0,0,0, 53.33, 0.451, 34.09, 0.298, 46.69, 0.256, 0.00, 0.000
30989,330581, 52.63, 0.00, 0.494, 0.000, 0.000, 0.000,0,0,0, 52.63, 0.494, 111.11, 0.035, 39.08, 0.033, 136.36, 0.014
30990,330592, 56.60, 0.00, 0.641, 0.000, 0.000, 0.000,0,0,0, 56.60, 0.641, 107.14, 0.110, 0.00, 0.000, 0.00, 0.000
30991,330602, 56.60, 0.00, 0.608, 0.000, 0.000, 0.000,0,0,0, 56.60, 0.608, 108.10, 0.126, 33.33, 0.088, 0.00, 0.000
30992,330613, 32.00, 0.00, 0.679, 0.000, 0.000, 0.000,0,0,0, 32.00, 0.679, 32.78, 0.643, 49.38, 0.299, 44.60, 0.263
30993,330624, 35.82, 0.00, 0.534, 0.000, 0.000, 0.000,0,0,0, 35.82, 0.534, 130.43, 0.431, 49.38, 0.280, 45.80, 0.164
30994,330634, 137.93, 0.00, 0.608, 0.000, 0.000, 0.000,0,0,0, 137.93, 0.608, 44.94, 0.605, 69.36, 0.568, 33.99, 0.463
30995,330645, 139.53, 0.00, 0.881, 0.000, 0.000, 0.000,0,0,0, 139.53, 0.881, 70.17, 0.872, 46.87, 0.811, 34.98, 0.731
30996,330656, 35.29, 0.00, 0.971, 0.000, 0.000, 0.000,0,0,0, 35.29, 0.971, 70.58, 0.965, 141.17, 0.965, 47.05, 0.963
30997,330666, 35.08, 0.00, 0.987, 0.000, 0.000, 0.000,0,0,0, 35.08, 0.987, 139.53, 0.942, 46.87, 0.936, 70.17, 0.934
30998,330677, 139.53, 0.00, 0.959, 0.000, 0.000, 0.000,0,0,0, 139.53, 0.959, 34.88, 0.927, 46.33, 0.914, 69.76, 0.906
30999,330688, 139.53, 0.00, 0.959, 0.000, 0.000, 0.000,0,0,0, 139.53, 0.959, 70.17, 0.912, 46.51, 0.891, 34.68, 0.890
31000,330698, 139.53, 0.00, 0.970, 0.000, 0.000, 0.000,0,0,0, 139.53, 0.970, 46.69, 0.968, 70.17, 0.944, 34.88, 0.929
31001,330709, 46.51, 0.00, 0.976, 0.000, 0.000, 0.000,0,0,0, 46.51, 0.976, 139.53, 0.976, 34.98, 0.973, 70.17, 0.961
31002,330720, 139.53, 0.00, 0.981, 0.000, 0.000, 0.000,0,0,0, 139.53, 0.981, 34.98, 0.978, 69.76, 0.962, 46.69, 0.961
31003,330730, 139.53, 0.00, 0.989, 0.000, 0.000, 0.000,0,0,0, 139.53, 0.989, 34.98, 0.986, 70.17, 0.984, 46.69, 0.984
31004,330741, 34.98, 0.00, 0.994, 0.000, 0.000, 0.000,0,0,0, 34.98, 0.994, 139.53, 0.992, 46.69, 0.982, 69.76, 0.981
31005,330752, 139.53, 0.00, 0.993, 0.000, 0.000, 0.000,0,0,0, 139.53, 0.993, 34.98, 0.990, 46.69, 0.983, 69.76, 0.982
31006,330762, 34.98, 0.00, 0.998, 0.000, 0.000, 0.000,0,0,0, 34.98, 0.998, 46.69, 0.995, 139.53, 0.994, 70.17, 0.990
31007,330773, 34.98, 0.00, 0.997, 0.000, 0.000, 0.000,0,0,0, 34.98, 0.997, 139.53, 0.995, 46.69, 0.995, 70.17, 0.991
31008,330784, 139.53, 0.00, 0.997, 0.000, 0.000, 0.000,0,0,0, 139.53, 0.997, 69.76, 0.996, 34.98, 0.994, 46.69, 0.993
31009,330794, 139.53, 0.00, 0.998, 0.000, 0.000, 0.000,0,0,0, 139.53, 0.998, 69.76, 0.996, 46.51, 0.994, 34.98, 0.993
31010,330805, 139.53, 0.00, 0.998, 0.000, 0.000, 0.000,0,0,0, 139.53, 0.998, 69.76, 0.997, 46.51, 0.996, 34.88, 0.992
31011,330816, 139.53, 0.00, 0.998, 0.000, 0.000, 0.000,0,0,0, 139.53, 0.998, 69.76, 0.997, 46.51, 0.996, 34.88, 0.995
31012,330826, 139.53, 0.00, 0.996, 0.000, 0.000, 0.000,0,0,0, 139.53, 0.996, 69.76, 0.992, 34.98, 0.991, 46.69, 0.990
31013,330837, 141.17, 0.00, 0.964, 0.000, 0.000, 0.000,0,0,0, 141.17, 0.964, 70.58, 0.922, 35.39, 0.916, 47.05, 0.909
31014,330848, 142.85, 0.00, 0.947, 0.000, 0.000, 0.000,0,0,0, 142.85, 0.947, 35.82, 0.914, 71.85, 0.892, 47.80, 0.883
31015,330858, 146.34, 0.00, 0.967, 0.000, 0.000, 0.000,0,0,0, 146.34, 0.967, 73.17, 0.928, 48.97, 0.911, 36.58, 0.911
31016,330869, 148.14, 0.00, 0.992, 0.000, 0.000, 0.000,0,0,0, 148.14, 0.992, 49.18, 0.985, 74.07, 0.985, 36.92, 0.984
31017,330880, 148.14, 0.00, 0.998, 0.000, 0.000, 0.000,0,0,0, 148.14, 0.998, 37.03, 0.997, 49.38, 0.997, 74.07, 0.997
31018,330890, 37.03, 0.00, 0.998, 0.000, 0.000, 0.000,0,0,0, 37.03, 0.998, 148.14, 0.996, 49.38, 0.996, 74.07, 0.993
31019,330901, 148.14, 0.00, 0.996, 0.000, 0.000, 0.000,0,0,0, 148.14, 0.996, 37.03, 0.993, 74.07, 0.992, 49.38, 0.991
31020,330912, 148.14, 0.00, 0.997, 0.000, 0.000, 0.000,0,0,0, 148.14, 0.997, 74.07, 0.994, 49.38, 0.991, 37.03, 0.988
31021,330922, 148.14, 0.00, 0.984, 0.000, 0.000, 0.000,0,0,0, 148.14, 0.984, 74.07, 0.977, 49.38, 0.972, 37.03, 0.960
31022,330933, 150.00, 0.00, 0.957, 0.000, 0.000, 0.000,0,0,0, 150.00, 0.957, 74.53, 0.914, 37.50, 0.905, 49.79, 0.902
31023,330944, 153.84, 0.00, 0.930, 0.000, 0.000, 0.000,0,0,0, 153.84, 0.930, 30.61, 0.893, 76.92, 0.848, 38.21, 0.839
31024,330954, 31.25, 0.00, 0.983, 0.000, 0.000, 0.000,0,0,0, 31.25, 0.983, 155.84, 0.981, 52.17, 0.969, 78.43, 0.968
31025,330965, 39.21, 0.00, 0.991, 0.000, 0.000, 0.000,0,0,0, 39.21, 0.991, 157.89, 0.990, 52.40, 0.990, 31.41, 0.989
31026,330976, 157.89, 0.00, 0.991, 0.000, 0.000, 0.000,0,0,0, 157.89, 0.991, 31.41, 0.988, 78.43, 0.987, 39.21, 0.987
31027,330986, 39.21, 0.00, 0.993, 0.000, 0.000, 0.000,0,0,0, 39.21, 0.993, 155.84, 0.991, 31.41, 0.990, 78.43, 0.990
31028,330997, 31.41, 0.00, 0.998, 0.000, 0.000, 0.000,0,0,0, 31.41, 0.998, 78.43, 0.996, 39.21, 0.995, 52.40, 0.994
31029,331008, 31.41, 0.00, 0.996, 0.000, 0.000, 0.000,0,0,0, 31.41, 0.996, 157.89, 0.995, 78.43, 0.994, 52.40, 0.993
31030,331018, 157.89, 0.00, 0.956, 0.000, 0.000, 0.000,0,0,0, 157.89, 0.956, 31.83, 0.938, 78.94, 0.924, 52.86, 0.906
31031,331029, 162.16, 0.00, 0.938, 0.000, 0.000, 0.000,0,0,0, 162.16, 0.938, 32.52, 0.882, 40.54, 0.860, 81.63, 0.857
31032,331040, 166.66, 0.00, 0.961, 0.000, 0.000, 0.000,0,0,0, 166.66, 0.961, 83.33, 0.942, 55.29, 0.936, 33.05, 0.925
31033,331050, 166.66, 0.00, 0.994, 0.000, 0.000, 0.000,0,0,0, 166.66, 0.994, 55.55, 0.993, 41.81, 0.992, 83.33, 0.991
31034,331061, 33.33, 0.00, 0.995, 0.000, 0.000, 0.000,0,0,0, 33.33, 0.995, 41.66, 0.995, 166.66, 0.995, 55.55, 0.994
31035,331072, 33.24, 0.00, 0.998, 0.000, 0.000, 0.000,0,0,0, 33.24, 0.998, 41.52, 0.996, 166.66, 0.996, 55.55, 0.991
31036,331082, 41.52, 0.00, 0.998, 0.000, 0.000, 0.000,0,0,0, 41.52, 0.998, 33.24, 0.997, 166.66, 0.995, 55.29, 0.990
31037,331093, 33.33, 0.00, 0.995, 0.000, 0.000, 0.000,0,0,0, 33.33, 0.995, 166.66, 0.993, 41.66, 0.993, 55.55, 0.992
31038,331104, 169.01, 0.00, 0.952, 0.000, 0.000, 0.000,0,0,0, 169.01, 0.952, 83.91, 0.901, 33.80, 0.891, 56.07, 0.881
31039,331114, 173.91, 0.00, 0.946, 0.000, 0.000, 0.000,0,0,0, 173.91, 0.946, 34.58, 0.891, 86.95, 0.881, 43.32, 0.860
31040,331125, 176.47, 0.00, 0.966, 0.000, 0.000, 0.000,0,0,0, 176.47, 0.966, 87.59, 0.956, 58.53, 0.951, 43.95, 0.936
31041,331136, 176.47, 0.00, 0.989, 0.000, 0.000, 0.000,0,0,0, 176.47, 0.989, 58.82, 0.987, 88.23, 0.983, 44.11, 0.978
31042,331146, 58.53, 0.00, 0.993, 0.000, 0.000, 0.000,0,0,0, 58.53, 0.993, 35.19, 0.992, 43.95, 0.992, 176.47, 0.991
31043,331157, 58.53, 0.00, 0.992, 0.000, 0.000, 0.000,0,0,0, 58.53, 0.992, 43.95, 0.991, 176.47, 0.991, 87.59, 0.990
31044,331168, 176.47, 0.00, 0.995, 0.000, 0.000, 0.000,0,0,0, 176.47, 0.995, 35.19, 0.993, 58.53, 0.992, 43.95, 0.991
31045,331178, 176.47, 0.00, 0.991, 0.000, 0.000, 0.000,0,0,0, 176.47, 0.991, 88.23, 0.985, 58.82, 0.982, 35.19, 0.981
31046,331189, 179.10, 0.00, 0.950, 0.000, 0.000, 0.000,0,0,0, 179.10, 0.950, 35.82, 0.906, 88.88, 0.890, 59.40, 0.862
31047,331200, 184.61, 0.00, 0.946, 0.000, 0.000, 0.000,0,0,0, 184.61, 0.946, 30.53, 0.945, 36.69, 0.873, 92.30, 0.869
31048,331210, 37.26, 0.00, 0.978, 0.000, 0.000, 0.000,0,0,0, 37.26, 0.978, 184.61, 0.970, 93.02, 0.968, 62.17, 0.965
31049,331221, 31.00, 0.00, 0.989, 0.000, 0.000, 0.000,0,0,0, 31.00, 0.989, 187.50, 0.983, 93.02, 0.982, 37.26, 0.978
31050,331232, 31.00, 0.00, 0.993, 0.000, 0.000, 0.000,0,0,0, 31.00, 0.993, 61.85, 0.990, 93.02, 0.988, 46.51, 0.985
31051,331242, 31.08, 0.00, 0.996, 0.000, 0.000, 0.000,0,0,0, 31.08, 0.996, 187.50, 0.989, 37.26, 0.988, 93.02, 0.981
31052,331253, 31.25, 0.00, 0.993, 0.000, 0.000, 0.000,0,0,0, 31.25, 0.993, 62.50, 0.987, 93.75, 0.987, 187.50, 0.984
31053,331264, 37.50, 0.00, 0.991, 0.000, 0.000, 0.000,0,0,0, 37.50, 0.991, 31.25, 0.990, 46.87, 0.988, 62.50, 0.988
31054,331274, 190.47, 0.00, 0.951, 0.000, 0.000, 0.000,0,0,0, 190.47, 0.951, 31.66, 0.930, 37.85, 0.913, 94.48, 0.901
31055,331285, 193.54, 0.00, 0.926, 0.000, 0.000, 0.000,0,0,0, 193.54, 0.926, 97.56, 0.834, 32.43, 0.830, 38.96, 0.790
31056,331296, 32.87, 0.00, 0.988, 0.000, 0.000, 0.000,0,0,0, 32.87, 0.988, 196.72, 0.971, 39.60, 0.967, 65.93, 0.953
31057,331306, 32.87, 0.00, 0.984, 0.000, 0.000, 0.000,0,0,0, 32.87, 0.984, 196.72, 0.980, 39.47, 0.978, 98.36, 0.963
31058,331317, 32.96, 0.00, 0.990, 0.000, 0.000, 0.000,0,0,0, 32.96, 0.990, 196.72, 0.977, 39.47, 0.971, 99.17, 0.953
31059,331328, 32.96, 0.00, 0.996, 0.000, 0.000, 0.000,0,0,0, 32.96, 0.996, 39.60, 0.987, 196.72, 0.982, 49.58, 0.979
31060,331338, 32.96, 0.00, 0.999, 0.000, 0.000, 0.000,0,0,0, 32.96, 0.999, 39.47, 0.982, 196.72, 0.976, 49.38, 0.964
31061,331349, 200.00, 0.00, 0.971, 0.000, 0.000, 0.000,0,0,0, 200.00, 0.971, 33.05, 0.970, 99.17, 0.935, 39.60, 0.928
31062,331360, 200.00, 0.00, 0.955, 0.000, 0.000, 0.000,0,0,0, 200.00, 0.955, 33.61, 0.914, 100.84, 0.904, 67.41, 0.863
31063,331370, 206.89, 0.00, 0.953, 0.000, 0.000, 0.000,0,0,0, 206.89, 0.953, 103.44, 0.904, 68.57, 0.879, 34.48, 0.861
31064,331381, 34.78, 0.00, 0.996, 0.000, 0.000, 0.000,0,0,0, 34.78, 0.996, 41.81, 0.995, 206.89, 0.973, 52.40, 0.967
31065,331392, 41.95, 0.00, 0.992, 0.000, 0.000, 0.000,0,0,0, 41.95, 0.992, 52.40, 0.968, 210.52, 0.959, 69.76, 0.951
31066,331402, 41.95, 0.00, 0.994, 0.000, 0.000, 0.000,0,0,0, 41.95, 0.994, 34.88, 0.991, 206.89, 0.972, 52.40, 0.971
31067,331413, 41.95, 0.00, 0.992, 0.000, 0.000, 0.000,0,0,0, 41.95, 0.992, 52.40, 0.973, 210.52, 0.964, 34.88, 0.952
31068,331424, 41.81, 0.00, 0.991, 0.000, 0.000, 0.000,0,0,0, 41.81, 0.991, 52.40, 0.973, 210.52, 0.964, 34.88, 0.949
31069,331434, 41.95, 0.00, 0.992, 0.000, 0.000, 0.000,0,0,0, 41.95, 0.992, 52.40, 0.979, 210.52, 0.970, 34.88, 0.969
31070,331445, 41.95, 0.00, 0.995, 0.000, 0.000, 0.000,0,0,0, 41.95, 0.995, 30.07, 0.977, 34.98, 0.975, 52.40, 0.974
31071,331456, 52.63, 0.00, 0.968, 0.000, 0.000, 0.000,0,0,0, 52.63, 0.968, 210.52, 0.945, 70.17, 0.938, 42.10, 0.923
31072,331466, 30.76, 0.00, 0.944, 0.000, 0.000, 0.000,0,0,0, 30.76, 0.944, 214.28, 0.933, 35.82, 0.917, 107.14, 0.837
31073,331477, 218.18, 0.00, 0.924, 0.000, 0.000, 0.000,0,0,0, 218.18, 0.924, 55.04, 0.878, 31.08, 0.876, 73.17, 0.864
31074,331488, 55.29, 0.00, 0.991, 0.000, 0.000, 0.000,0,0,0, 55.29, 0.991, 44.28, 0.979, 74.07, 0.974, 31.66, 0.973
31075,331498, 55.55, 0.00, 0.995, 0.000, 0.000, 0.000,0,0,0, 55.55, 0.995, 222.22, 0.976, 44.44, 0.970, 74.07, 0.968
31076,331509, 55.55, 0.00, 0.996, 0.000, 0.000, 0.000,0,0,0, 55.55, 0.996, 31.66, 0.991, 74.07, 0.969, 44.44, 0.965
31077,331520, 55.55, 0.00, 0.990, 0.000, 0.000, 0.000,0,0,0, 55.55, 0.990, 31.74, 0.988, 74.07, 0.971, 222.22, 0.965
31078,331530, 55.55, 0.00, 0.989, 0.000, 0.000, 0.000,0,0,0, 55.55, 0.989, 31.66, 0.986, 73.61, 0.971, 222.22, 0.960
31079,331541, 55.55, 0.00, 0.991, 0.000, 0.000, 0.000,0,0,0, 55.55, 0.991, 44.28, 0.970, 222.22, 0.970, 74.07, 0.962
31080,331552, 55.55, 0.00, 0.989, 0.000, 0.000, 0.000,0,0,0, 55.55, 0.989, 44.28, 0.978, 222.22, 0.974, 74.07, 0.972
31081,331562, 55.55, 0.00, 0.990, 0.000, 0.000, 0.000,0,0,0, 55.55, 0.990, 44.28, 0.979, 222.22, 0.974, 74.07, 0.971
31082,331573, 55.55, 0.00, 0.995, 0.000, 0.000, 0.000,0,0,0, 55.55, 0.995, 31.74, 0.990, 74.07, 0.977, 222.22, 0.971
31083,331584, 55.55, 0.00, 0.995, 0.000, 0.000, 0.000,0,0,0, 55.55, 0.995, 31.66, 0.983, 74.07, 0.970, 222.22, 0.962
31084,331594, 55.55, 0.00, 0.993, 0.000, 0.000, 0.000,0,0,0, 55.55, 0.993, 31.74, 0.973, 74.07, 0.964, 222.22, 0.963
31085,331605, 55.55, 0.00, 0.994, 0.000, 0.000, 0.000,0,0,0, 55.55, 0.994, 31.66, 0.974, 74.07, 0.968, 222.22, 0.963
31086,331616, 31.83, 0.00, 0.968, 0.000, 0.000, 0.000,0,0,0, 31.83, 0.968, 74.53, 0.952, 222.22, 0.948, 37.15, 0.937
31087,331626, 226.41, 0.00, 0.937, 0.000, 0.000, 0.000,0,0,0, 226.41, 0.937, 32.52, 0.932, 37.97, 0.877, 113.20, 0.867
31088,331637, 230.76, 0.00, 0.940, 0.000, 0.000, 0.000,0,0,0, 230.76, 0.940, 116.50, 0.869, 33.14, 0.868, 58.25, 0.868
31089,331648, 33.51, 0.00, 0.997, 0.000, 0.000, 0.000,0,0,0, 33.51, 0.997, 78.43, 0.980, 58.53, 0.980, 39.08, 0.966
31090,331658, 33.51, 0.00, 0.997, 0.000, 0.000, 0.000,0,0,0, 33.51, 0.997, 58.53, 0.990, 78.43, 0.980, 235.29, 0.962
31091,331669, 33.51, 0.00, 0.996, 0.000, 0.000, 0.000,0,0,0, 33.51, 0.996, 58.53, 0.982, 78.43, 0.979, 235.29, 0.968
31092,331680, 33.51, 0.00, 0.993, 0.000, 0.000, 0.000,0,0,0, 33.51, 0.993, 58.82, 0.986, 78.43, 0.986, 235.29, 0.973
31093,331690, 33.51, 0.00, 0.992, 0.000, 0.000, 0.000,0,0,0, 33.51, 0.992, 78.43, 0.991, 58.82, 0.985, 39.08, 0.982
31094,331701, 39.08, 0.00, 0.991, 0.000, 0.000, 0.000,0,0,0, 39.08, 0.991, 33.51, 0.991, 78.43, 0.990, 58.53, 0.985
31095,331712, 78.43, 0.00, 0.991, 0.000, 0.000, 0.000,0,0,0, 78.43, 0.991, 33.51, 0.990, 39.08, 0.987, 58.82, 0.982
31096,331722, 33.51, 0.00, 0.995, 0.000, 0.000, 0.000,0,0,0, 33.51, 0.995, 58.82, 0.986, 78.43, 0.981, 235.29, 0.971
31097,331733, 33.51, 0.00, 0.996, 0.000, 0.000, 0.000,0,0,0, 33.51, 0.996, 58.53, 0.981, 78.43, 0.980, 39.08, 0.971
31098,331744, 33.51, 0.00, 0.996, 0.000, 0.000, 0.000,0,0,0, 33.51, 0.996, 78.43, 0.982, 58.82, 0.980, 235.29, 0.970
31099,331754, 33.51, 0.00, 0.991, 0.000, 0.000, 0.000,0,0,0, 33.51, 0.991, 78.43, 0.988, 58.82, 0.986, 235.29, 0.973
31100,331765, 78.43, 0.00, 0.987, 0.000, 0.000, 0.000,0,0,0, 78.43, 0.987, 39.21, 0.987, 33.61, 0.986, 235.29, 0.980
31101,331776, 240.00, 0.00, 0.945, 0.000, 0.000, 0.000,0,0,0, 240.00, 0.945, 118.81, 0.905, 78.94, 0.892, 59.11, 0.865
31102,331786, 244.89, 0.00, 0.948, 0.000, 0.000, 0.000,0,0,0, 244.89, 0.948, 30.30, 0.918, 121.21, 0.872, 34.68, 0.871
31103,331797, 244.89, 0.00, 0.970, 0.000, 0.000, 0.000,0,0,0, 244.89, 0.970, 30.84, 0.968, 61.85, 0.948, 82.75, 0.939
31104,331808, 41.52, 0.00, 0.996, 0.000, 0.000, 0.000,0,0,0, 41.52, 0.996, 82.75, 0.990, 49.79, 0.984, 62.17, 0.983
31105,331818, 41.52, 0.00, 0.997, 0.000, 0.000, 0.000,0,0,0, 41.52, 0.997, 82.75, 0.992, 31.16, 0.990, 49.79, 0.989
31106,331829, 41.52, 0.00, 0.995, 0.000, 0.000, 0.000,0,0,0, 41.52, 0.995, 83.33, 0.994, 35.60, 0.991, 31.16, 0.990
31107,331840, 41.52, 0.00, 0.992, 0.000, 0.000, 0.000,0,0,0, 41.52, 0.992, 35.60, 0.990, 250.00, 0.988, 82.75, 0.985
31108,331850, 41.52, 0.00, 0.996, 0.000, 0.000, 0.000,0,0,0, 41.52, 0.996, 31.16, 0.992, 49.79, 0.991, 250.00, 0.990
31109,331861, 41.52, 0.00, 0.998, 0.000, 0.000, 0.000,0,0,0, 41.52, 0.998, 31.08, 0.991, 49.79, 0.990, 250.00, 0.989
31110,331872, 41.52, 0.00, 0.995, 0.000, 0.000, 0.000,0,0,0, 41.52, 0.995, 35.60, 0.994, 250.00, 0.990, 31.08, 0.989
31111,331882, 82.75, 0.00, 0.995, 0.000, 0.000, 0.000,0,0,0, 82.75, 0.995, 41.52, 0.993, 62.17, 0.990, 250.00, 0.990
31112,331893, 31.08, 0.00, 0.997, 0.000, 0.000, 0.000,0,0,0, 31.08, 0.997, 49.79, 0.995, 62.17, 0.994, 41.52, 0.994
31113,331904, 41.52, 0.00, 0.995, 0.000, 0.000, 0.000,0,0,0, 41.52, 0.995, 35.60, 0.995, 31.16, 0.995, 250.00, 0.994
31114,331914, 31.16, 0.00, 0.997, 0.000, 0.000, 0.000,0,0,0, 31.16, 0.997, 250.00, 0.994, 35.60, 0.993, 125.00, 0.993
31115,331925, 250.00, 0.00, 0.997, 0.000, 0.000, 0.000,0,0,0, 250.00, 0.997, 31.25, 0.996, 41.66, 0.993, 35.71, 0.993
31116,331936, 41.66, 0.00, 0.997, 0.000, 0.000, 0.000,0,0,0, 41.66, 0.997, 250.00, 0.996, 35.71, 0.995, 31.16, 0.993
31117,331946, 250.00, 0.00, 0.997, 0.000, 0.000, 0.000,0,0,0, 250.00, 0.997, 125.00, 0.993, 41.66, 0.991, 35.71, 0.991
31118,331957, 250.00, 0.00, 0.997, 0.000, 0.000, 0.000,0,0,0, 250.00, 0.997, 41.52, 0.995, 125.00, 0.994, 35.60, 0.993
31119,331968, 250.00, 0.00, 0.997, 0.000, 0.000, 0.000,0,0,0, 250.00, 0.997, 125.00, 0.994, 62.50, 0.994, 83.33, 0.993
31120,331978, 250.00, 0.00, 0.996, 0.000, 0.000, 0.000,0,0,0, 250.00, 0.996, 125.00, 0.995, 62.50, 0.995, 83.33, 0.994
31121,331989, 250.00, 0.00, 0.995, 0.000, 0.000, 0.000,0,0,0, 250.00, 0.995, 125.00, 0.990, 41.52, 0.987, 49.79, 0.986
31122,332000, 250.00, 0.00, 0.996, 0.000, 0.000, 0.000,0,0,0, 250.00, 0.996, 35.60, 0.992, 41.52, 0.991, 31.16, 0.990
31123,332010, 250.00, 0.00, 0.995, 0.000, 0.000, 0.000,0,0,0, 250.00, 0.995, 41.66, 0.992, 50.00, 0.990, 125.00, 0.988
31124,332021, 31.25, 0.00, 0.997, 0.000, 0.000, 0.000,0,0,0, 31.25, 0.997, 250.00, 0.997, 35.71, 0.995, 41.66, 0.994
31125,332032, 250.00, 0.00, 0.997, 0.000, 0.000, 0.000,0,0,0, 250.00, 0.997, 125.00, 0.994, 83.33, 0.992, 41.66, 0.991
31126,332042, 250.00, 0.00, 0.996, 0.000, 0.000, 0.000,0,0,0, 250.00, 0.996, 31.25, 0.995, 41.66, 0.994, 50.00, 0.993
31127,332053, 41.66, 0.00, 0.997, 0.000, 0.000, 0.000,0,0,0, 41.66, 0.997, 50.00, 0.996, 250.00, 0.995, 62.50, 0.993
31128,332064, 41.66, 0.00, 0.997, 0.000, 0.000, 0.000,0,0,0, 41.66, 0.997, 50.00, 0.995, 250.00, 0.994, 125.00, 0.991
31129,332074, 250.00, 0.00, 0.990, 0.000, 0.000, 0.000,0,0,0, 250.00, 0.990, 41.66, 0.990, 50.00, 0.987, 31.33, 0.984
31130,332085, 41.81, 0.00, 0.996, 0.000, 0.000, 0.000,0,0,0, 41.81, 0.996, 250.00, 0.987, 31.25, 0.985, 50.20, 0.983
31131,332096, 41.66, 0.00, 0.991, 0.000, 0.000, 0.000,0,0,0, 41.66, 0.991, 31.33, 0.984, 250.00, 0.983, 35.82, 0.978
31132,332106, 31.33, 0.00, 0.993, 0.000, 0.000, 0.000,0,0,0, 31.33, 0.993, 41.66, 0.987, 35.82, 0.985, 250.00, 0.983
31133,332117, 41.81, 0.00, 0.996, 0.000, 0.000, 0.000,0,0,0, 41.81, 0.996, 250.00, 0.974, 50.20, 0.974, 83.33, 0.972
31134,332128, 41.81, 0.00, 0.990, 0.000, 0.000, 0.000,0,0,0, 41.81, 0.990, 31.41, 0.979, 35.82, 0.968, 250.00, 0.968
31135,332138, 41.81, 0.00, 0.986, 0.000, 0.000, 0.000,0,0,0, 41.81, 0.986, 83.33, 0.957, 50.00, 0.954, 250.00, 0.948
31136,332149, 41.81, 0.00, 0.989, 0.000, 0.000, 0.000,0,0,0, 41.81, 0.989, 35.82, 0.982, 31.41, 0.979, 50.00, 0.960
31137,332160, 41.81, 0.00, 0.989, 0.000, 0.000, 0.000,0,0,0, 41.81, 0.989, 83.33, 0.943, 250.00, 0.914, 50.00, 0.911
31138,332170, 41.81, 0.00, 0.989, 0.000, 0.000, 0.000,0,0,0, 41.81, 0.989, 83.91, 0.948, 31.41, 0.931, 35.82, 0.927
31139,332181, 41.81, 0.00, 0.989, 0.000, 0.000, 0.000,0,0,0, 41.81, 0.989, 83.33, 0.939, 31.41, 0.906, 50.20, 0.902
31140,332192, 41.81, 0.00, 0.993, 0.000, 0.000, 0.000,0,0,0, 41.81, 0.993, 83.33, 0.935, 50.00, 0.884, 250.00, 0.880
31141,332202, 41.81, 0.00, 0.983, 0.000, 0.000, 0.000,0,0,0, 41.81, 0.983, 83.91, 0.921, 250.00, 0.869, 31.41, 0.868
31142,332213, 41.81, 0.00, 0.990, 0.000, 0.000, 0.000,0,0,0, 41.81, 0.990, 83.33, 0.914, 35.92, 0.873, 50.20, 0.860
31143,332224, 41.66, 0.00, 0.765, 0.000, 0.000, 0.000,0,0,0, 41.66, 0.765, 83.33, 0.759, 125.00, 0.656, 250.00, 0.653
31144,332234, 33.14, 0.00, 0.525, 0.000, 0.000, 0.000,0,0,0, 33.14, 0.525, 82.19, 0.493, 244.89, 0.406, 125.00, 0.392
31145,332245, 55.55, 0.00, 0.456, 0.000, 0.000, 0.000,0,0,0, 55.55, 0.456, 34.09, 0.434, 38.96, 0.337, 86.33, 0.307
31146,332256, 41.09, 0.00, 0.620, 0.000, 0.000, 0.000,0,0,0, 41.09, 0.620, 55.55, 0.504, 151.89, 0.500, 32.34, 0.470
31147,332266, 41.23, 0.00, 0.656, 0.000, 0.000, 0.000,0,0,0, 41.23, 0.656, 55.55, 0.615, 86.95, 0.472, 157.89, 0.382
31148,332277, 40.95, 0.00, 0.711, 0.000, 0.000, 0.000,0,0,0, 40.95, 0.711, 55.29, 0.604, 151.89, 0.595, 31.57, 0.581
31149,332288, 41.09, 0.00, 0.581, 0.000, 0.000, 0.000,0,0,0, 41.09, 0.581, 33.89, 0.580, 55.29, 0.509, 153.84, 0.487
31150,332298, 33.24, 0.00, 0.771, 0.000, 0.000, 0.000,0,0,0, 33.24, 0.771, 155.84, 0.560, 42.10, 0.466, 55.29, 0.323
31151,332309, 41.23, 0.00, 0.573, 0.000, 0.000, 0.000,0,0,0, 41.23, 0.573, 33.99, 0.424, 164.38, 0.342, 55.81, 0.283
31152,332320, 32.87, 0.00, 0.529, 0.000, 0.000, 0.000,0,0,0, 32.87, 0.529, 50.20, 0.516, 53.81, 0.428, 41.52, 0.270
31153,332330, 50.42, 0.00, 0.563, 0.000, 0.000, 0.000,0,0,0, 50.42, 0.563, 32.78, 0.492, 40.95, 0.379, 80.00, 0.350
31154,332341, 33.05, 0.00, 0.669, 0.000, 0.000, 0.000,0,0,0, 33.05, 0.669, 50.84, 0.365, 41.09, 0.207, 55.04, 0.197
31155,332352, 33.42, 0.00, 0.568, 0.000, 0.000, 0.000,0,0,0, 33.42, 0.568, 42.25, 0.503, 56.07, 0.353, 162.16, 0.308
31156,332362, 56.07, 0.00, 0.593, 0.000, 0.000, 0.000,0,0,0, 56.07, 0.593, 33.89, 0.474, 166.66, 0.347, 41.81, 0.344
31157,332373, 41.52, 0.00, 0.509, 0.000, 0.000, 0.000,0,0,0, 41.52, 0.509, 56.33, 0.506, 164.38, 0.432, 83.91, 0.429
31158,332384, 41.66, 0.00, 0.447, 0.000, 0.000, 0.000,0,0,0, 41.66, 0.447, 85.71, 0.434, 57.69, 0.375, 164.38, 0.317
31159,332394, 32.78, 0.00, 0.872, 0.000, 0.000, 0.000,0,0,0, 32.78, 0.872, 41.23, 0.368, 56.07, 0.353, 157.89, 0.272
31160,332405, 33.61, 0.00, 0.654, 0.000, 0.000, 0.000,0,0,0, 33.61, 0.654, 41.52, 0.523, 54.54, 0.351, 53.57, 0.350
31161,332416, 42.10, 0.00, 0.388, 0.000, 0.000, 0.000,0,0,0, 42.10, 0.388, 33.05, 0.371, 82.19, 0.334, 169.01, 0.259
31162,332426, 85.10, 0.00, 0.457, 0.000, 0.000, 0.000,0,0,0, 85.10, 0.457, 173.91, 0.409, 41.81, 0.315, 33.51, 0.240
31163,332437, 32.34, 0.00, 0.507, 0.000, 0.000, 0.000,0,0,0, 32.34, 0.507, 41.37, 0.113, 62.17, 0.041, 82.19, 0.024
31164,332448, 40.40, 0.00, 0.435, 0.000, 0.000, 0.000,0,0,0, 40.40, 0.435, 48.19, 0.229, 37.50, 0.207, 0.00, 0.000
31165,332458, 41.37, 0.00, 0.871, 0.000, 0.000, 0.000,0,0,0, 41.37, 0.871, 0.00, 0.000, 0.00, 0.000, 0.00, 0.000
31166,332469, 41.95, 0.00, 0.887, 0.000, 0.000, 0.000,0,0,0, 41.95, 0.887, 36.80, 0.444, 31.57, 0.118, 0.00, 0.000
31167,332480, 41.81, 0.00, 0.926, 0.000, 0.000, 0.000,0,0,0, 41.81, 0.926, 0.00, 0.000, 0.00, 0.000, 0.00, 0.000
31168,332490, 33.14, 0.00, 0.673, 0.000, 0.000, 0.000,0,0,0, 33.14, 0.673, 39.86, 0.507, 37.73, 0.438, 45.28, 0.405
31169,332501, 36.58, 0.00, 0.770, 0.000, 0.000, 0.000,0,0,0, 36.58, 0.770, 37.38, 0.754, 32.69, 0.490, 255.31, 0.212
31170,332512, 36.58, 0.00, 0.686, 0.000, 0.000, 0.000,0,0,0, 36.58, 0.686, 34.18, 0.580, 40.67, 0.578, 255.31, 0.276
31171,332522, 40.95, 0.00, 0.547, 0.000, 0.000, 0.000,0,0,0, 40.95, 0.547, 44.94, 0.521, 48.58, 0.463, 266.66, 0.186
31172,332533, 44.94, 0.00, 0.927, 0.000, 0.000, 0.000,0,0,0, 44.94, 0.927, 0.00, 0.000, 0.00, 0.000, 0.00, 0.000
31173,332544, 43.95, 0.00, 0.651, 0.000, 0.000, 0.000,0,0,0, 43.95, 0.651, 55.04, 0.216, 34.88, 0.207, 171.42, 0.033
31174,332554, 35.60, 0.00, 0.958, 0.000, 0.000, 0.000,0,0,0, 35.60, 0.958, 173.91, 0.017, 0.00, 0.000, 0.00, 0.000
31175,332565, 38.21, 0.00, 0.849, 0.000, 0.000, 0.000,0,0,0, 38.21, 0.849, 49.38, 0.128, 173.91, 0.032, 0.00, 0.000
31176,332576, 39.08, 0.00, 0.569, 0.000, 0.000, 0.000,0,0,0, 39.08, 0.569, 44.60, 0.533, 49.38, 0.366, 30.92, 0.072
31177,332586, 44.44, 0.00, 0.851, 0.000, 0.000, 0.000,0,0,0, 44.44, 0.851, 42.70, 0.848, 0.00, 0.000, 0.00, 0.000
31178,332597, 42.55, 0.00, 0.811, 0.000, 0.000, 0.000,0,0,0, 42.55, 0.811, 45.11, 0.808, 0.00, 0.000, 0.00, 0.000
31179,332608, 45.11, 0.00, 0.941, 0.000, 0.000, 0.000,0,0,0, 45.11, 0.941, 0.00, 0.000, 0.00, 0.000, 0.00, 0.000
31180,332618, 44.60, 0.00, 0.458, 0.000, 0.000, 0.000,0,0,0, 44.60, 0.458, 41.66, 0.329, 35.19, 0.283, 30.15, 0.144
31181,332629, 56.33, 0.00, 0.144, 0.000, 0.000, 0.000,0,0,0, 56.33, 0.144, 164.38, 0.073, 0.00, 0.000, 0.00, 0.000
31182,332640, 31.49, 0.00, 0.868, 0.000, 0.000, 0.000,0,0,0, 31.49, 0.868, 33.24, 0.574, 38.96, 0.076, 166.66, 0.064
31183,332650, 33.33, 0.00, 0.281, 0.000, 0.000, 0.000,0,0,0, 33.33, 0.281, 39.08, 0.227, 78.94, 0.210, 0.00, 0.000
31184,332661, 77.92, 0.00, 0.354, 0.000, 0.000, 0.000,0,0,0, 77.92, 0.354, 61.85, 0.036, 0.00, 0.000, 0.00, 0.000
31185,332672, 44.44, 0.00, 0.234, 0.000, 0.000, 0.000,0,0,0, 44.44, 0.234, 93.02, 0.211, 0.00, 0.000, 0.00, 0.000
31186,332682, 38.46, 0.00, 0.804, 0.000, 0.000, 0.000,0,0,0, 38.46, 0.804, 52.40, 0.218, 0.00, 0.000, 0.00, 0.000
31187,332693, 51.06, 0.00, 0.539, 0.000, 0.000, 0.000,0,0,0, 51.06, 0.539, 36.03, 0.174, 64.86, 0.027, 0.00, 0.000
31188,332704, 52.63, 0.00, 0.531, 0.000, 0.000, 0.000,0,0,0, 52.63, 0.531, 46.15, 0.397, 34.68, 0.125, 0.00, 0.000
31189,332714, 31.33, 0.00, 0.715, 0.000, 0.000, 0.000,0,0,0, 31.33, 0.715, 54.54, 0.301, 34.28, 0.192, 46.15, 0.178
31190,332725, 55.29, 0.00, 0.433, 0.000, 0.000, 0.000,0,0,0, 55.29, 0.433, 31.57, 0.324, 71.85, 0.152, 131.86, 0.137
31191,332736, 32.60, 0.00, 0.625, 0.000, 0.000, 0.000,0,0,0, 32.60, 0.625, 55.29, 0.435, 75.47, 0.356, 250.00, 0.133
31192,332746, 54.54, 0.00, 0.475, 0.000, 0.000, 0.000,0,0,0, 54.54, 0.475, 244.89, 0.226, 75.00, 0.127, 0.00, 0.000
31193,332757, 53.33, 0.00, 0.502, 0.000, 0.000, 0.000,0,0,0, 53.33, 0.502, 31.16, 0.312, 60.00, 0.284, 255.31, 0.226
31194,332768, 53.57, 0.00, 0.772, 0.000, 0.000, 0.000,0,0,0, 53.57, 0.772, 47.24, 0.469, 61.85, 0.312, 0.00, 0.000
31195,332778, 55.55, 0.00, 0.785, 0.000, 0.000, 0.000,0,0,0, 55.55, 0.785, 50.00, 0.517, 45.28, 0.250, 0.00, 0.000
31196,332789, 56.33, 0.00, 0.669, 0.000, 0.000, 0.000,0,0,0, 56.33, 0.669, 49.58, 0.354, 44.94, 0.277, 0.00, 0.000
31197,332800, 56.07, 0.00, 0.665, 0.000, 0.000, 0.000,0,0,0, 56.07, 0.665, 43.01, 0.111, 45.62, 0.108, 0.00, 0.000
31198,332810, 56.07, 0.00, 0.616, 0.000, 0.000, 0.000,0,0,0, 56.07, 0.616, 31.33, 0.228, 45.97, 0.074, 43.01, 0.046
31199,332821, 57.97, 0.00, 0.806, 0.000, 0.000, 0.000,0,0,0, 57.97, 0.806, 31.49, 0.293, 46.69, 0.119, 0.00, 0.000
31200,332832, 56.33, 0.00, 0.684, 0.000, 0.000, 0.000,0,0,0, 56.33, 0.684, 31.08, 0.332, 46.87, 0.091, 0.00, 0.000
31201,332842, 55.81, 0.00, 0.628, 0.000, 0.000, 0.000,0,0,0, 55.81, 0.628, 51.06, 0.532, 63.82, 0.275, 44.60, 0.150
31202,332853, 55.81, 0.00, 0.589, 0.000, 0.000, 0.000,0,0,0, 55.81, 0.589, 32.08, 0.311, 43.95, 0.166, 206.89, 0.113
31203,332864, 33.14, 0.00, 0.659, 0.000, 0.000, 0.000,0,0,0, 33.14, 0.659, 30.84, 0.566, 57.14, 0.403, 78.43, 0.216
31204,332874, 32.69, 0.00, 0.619, 0.000, 0.000, 0.000,0,0,0, 32.69, 0.619, 77.92, 0.391, 38.58, 0.237, 56.87, 0.169
31205,332885, 31.57, 0.00, 0.950, 0.000, 0.000, 0.000,0,0,0, 31.57, 0.950, 52.17, 0.470, 77.41, 0.394, 38.83, 0.338
31206,332896, 51.94, 0.00, 0.635, 0.000, 0.000, 0.000,0,0,0, 51.94, 0.635, 39.60, 0.327, 162.16, 0.271, 75.47, 0.219
31207,332906, 40.26, 0.00, 0.418, 0.000, 0.000, 0.000,0,0,0, 40.26, 0.418, 52.63, 0.344, 171.42, 0.343, 42.40, 0.295
31208,332917, 41.09, 0.00, 0.426, 0.000, 0.000, 0.000,0,0,0, 41.09, 0.426, 55.81, 0.395, 35.19, 0.218, 196.72, 0.032
31209,332928, 57.14, 0.00, 0.594, 0.000, 0.000, 0.000,0,0,0, 57.14, 0.594, 30.30, 0.524, 44.94, 0.163, 210.52, 0.066
31210,332938, 57.41, 0.00, 0.472, 0.000, 0.000, 0.000,0,0,0, 57.41, 0.472, 44.77, 0.323, 179.10, 0.177, 33.24, 0.084
31211,332949, 60.00, 0.00, 0.458, 0.000, 0.000, 0.000,0,0,0, 60.00, 0.458, 44.60, 0.417, 187.50, 0.261, 88.88, 0.216
31212,332960, 55.29, 0.00, 0.325, 0.000, 0.000, 0.000,0,0,0, 55.29, 0.325, 31.16, 0.268, 60.00, 0.267, 184.61, 0.181
31213,332970, 33.61, 0.00, 0.560, 0.000, 0.000, 0.000,0,0,0, 33.61, 0.560, 62.82, 0.350, 64.17, 0.347, 55.81, 0.325
31214,332981, 62.50, 0.00, 0.787, 0.000, 0.000, 0.000,0,0,0, 62.50, 0.787, 0.00, 0.000, 0.00, 0.000, 0.00, 0.000
31215,332992, 62.50, 0.00, 0.830, 0.000, 0.000, 0.000,0,0,0, 62.50, 0.830, 30.22, 0.660, 32.43, 0.601, 0.00, 0.000
31216,333002, 61.22, 0.00, 0.763, 0.000, 0.000, 0.000,0,0,0, 61.22, 0.763, 0.00, 0.000, 0.00, 0.000, 0.00, 0.000
31217,333013, 61.22, 0.00, 0.536, 0.000, 0.000, 0.000,0,0,0, 61.22, 0.536, 54.79, 0.280, 48.97, 0.096, 0.00, 0.000
31218,333024, 52.40, 0.00, 0.546, 0.000, 0.000, 0.000,0,0,0, 52.40, 0.546, 43.47, 0.390, 0.00, 0.000, 0.00, 0.000
31219,333034, 52.17, 0.00, 0.563, 0.000, 0.000, 0.000,0,0,0, 52.17, 0.563, 30.30, 0.381, 61.22, 0.345, 0.00, 0.000
31220,333045, 65.93, 0.00, 0.729, 0.000, 0.000, 0.000,0,0,0, 65.93, 0.729, 30.15, 0.675, 33.24, 0.590, 0.00, 0.000
31221,333056, 32.52, 0.00, 0.979, 0.000, 0.000, 0.000,0,0,0, 32.52, 0.979, 65.21, 0.947, 0.00, 0.000, 0.00, 0.000
31222,333066, 64.51, 0.00, 0.765, 0.000, 0.000, 0.000,0,0,0, 64.51, 0.765, 60.91, 0.729, 31.00, 0.656, 48.58, 0.051
31223,333077, 59.70, 0.00, 0.539, 0.000, 0.000, 0.000,0,0,0, 59.70, 0.539, 31.08, 0.427, 48.97, 0.246, 285.71, 0.140
31224,333088, 60.60, 0.00, 0.259, 0.000, 0.000, 0.000,0,0,0, 60.60, 0.259, 49.58, 0.225, 266.66, 0.166, 99.17, 0.084
31225,333098, 30.53, 0.00, 0.609, 0.000, 0.000, 0.000,0,0,0, 30.53, 0.609, 59.70, 0.358, 100.84, 0.175, 71.00, 0.042
31226,333109, 59.40, 0.00, 0.410, 0.000, 0.000, 0.000,0,0,0, 59.40, 0.410, 33.33, 0.177, 75.94, 0.169, 387.09, 0.104
31227,333120, 75.47, 0.00, 0.497, 0.000, 0.000, 0.000,0,0,0, 75.47, 0.497, 30.84, 0.452, 36.25, 0.218, 0.00, 0.000
31228,333130, 75.94, 0.00, 0.469, 0.000, 0.000, 0.000,0,0,0, 75.94, 0.469, 40.13, 0.438, 39.21, 0.437, 58.53, 0.414
31229,333141, 85.10, 0.00, 0.484, 0.000, 0.000, 0.000,0,0,0, 85.10, 0.484, 41.95, 0.269, 40.13, 0.266, 51.06, 0.246
31230,333152, 38.09, 0.00, 0.614, 0.000, 0.000, 0.000,0,0,0, 38.09, 0.614, 0.00, 0.000, 0.00, 0.000, 0.00, 0.000
31231,333162, 46.51, 0.00, 0.025, 0.000, 0.000, 0.000,0,0,0, 46.51, 0.025, 0.00, 0.000, 0.00, 0.000, 0.00, 0.000
31232,333173, 33.70, 0.00, 0.426, 0.000, 0.000, 0.000,0,0,0, 33.70, 0.426, 31.91, 0.338, 47.05, 0.193, 43.79, 0.128
31233,333184, 33.89, 0.00, 0.532, 0.000, 0.000, 0.000,0,0,0, 33.89, 0.532, 39.21, 0.256, 31.83, 0.248, 47.24, 0.213
31234,333194, 39.47, 0.00, 0.389, 0.000, 0.000, 0.000,0,0,0, 39.47, 0.389, 47.24, 0.324, 0.00, 0.000, 0.00, 0.000
31235,333205, 48.38, 0.00, 0.604, 0.000, 0.000, 0.000,0,0,0, 48.38, 0.604, 56.60, 0.523, 0.00, 0.000, 0.00, 0.000
31236,333216, 48.38, 0.00, 0.787, 0.000, 0.000, 0.000,0,0,0, 48.38, 0.787, 51.50, 0.477, 65.57, 0.103, 69.76, 0.063
31237,333226, 49.38, 0.00, 0.955, 0.000, 0.000, 0.000,0,0,0, 49.38, 0.955, 40.67, 0.158, 38.33, 0.009, 0.00, 0.000
31238,333237, 49.38, 0.00, 0.969, 0.000, 0.000, 0.000,0,0,0, 49.38, 0.969, 38.70, 0.039, 0.00, 0.000, 0.00, 0.000
31239,333248, 49.18, 0.00, 0.956, 0.000, 0.000, 0.000,0,0,0, 49.18, 0.956, 0.00, 0.000, 0.00, 0.000, 0.00, 0.000
31240,333258, 48.97, 0.00, 0.950, 0.000, 0.000, 0.000,0,0,0, 48.97, 0.950, 44.94, 0.360, 0.00, 0.000, 0.00, 0.000
31241,333269, 48.97, 0.00, 0.744, 0.000, 0.000, 0.000,0,0,0, 48.97, 0.744, 54.29, 0.402, 34.38, 0.051, 0.00, 0.000
31242,333280, 49.18, 0.00, 0.771, 0.000, 0.000, 0.000,0,0,0, 49.18, 0.771, 55.29, 0.293, 43.79, 0.243, 0.00, 0.000
31243,333290, 49.58, 0.00, 0.796, 0.000, 0.000, 0.000,0,0,0, 49.58, 0.796, 55.55, 0.494, 44.77, 0.208, 0.00, 0.000
31244,333301, 49.58, 0.00, 0.819, 0.000, 0.000, 0.000,0,0,0, 49.58, 0.819, 55.29, 0.402, 42.55, 0.115, 38.09, 0.024
31245,333312, 49.38, 0.00, 0.551, 0.000, 0.000, 0.000,0,0,0, 49.38, 0.551, 35.08, 0.330, 120.00, 0.159, 37.26, 0.158
31246,333322, 49.58, 0.00, 0.594, 0.000, 0.000, 0.000,0,0,0, 49.58, 0.594, 83.33, 0.187, 120.00, 0.142, 71.42, 0.141
31247,333333, 49.58, 0.00, 0.786, 0.000, 0.000, 0.000,0,0,0, 49.58, 0.786, 35.39, 0.279, 123.71, 0.228, 83.33, 0.184
31248,333344, 49.79, 0.00, 0.841, 0.000, 0.000, 0.000,0,0,0, 49.79, 0.841, 31.00, 0.338, 82.19, 0.277, 125.00, 0.154
31249,333354, 49.58, 0.00, 0.986, 0.000, 0.000, 0.000,0,0,0, 49.58, 0.986, 35.50, 0.314, 125.00, 0.277, 81.63, 0.180
31250,333365, 49.58, 0.00, 0.994, 0.000, 0.000, 0.000,0,0,0, 49.58, 0.994, 30.84, 0.334, 81.63, 0.281, 125.00, 0.132
31251,333376, 49.58, 0.00, 0.860, 0.000, 0.000, 0.000,0,0,0, 49.58, 0.860, 36.47, 0.337, 136.36, 0.239, 81.63, 0.175
31252,333386, 51.06, 0.00, 0.783, 0.000, 0.000, 0.000,0,0,0, 51.06, 0.783, 31.00, 0.317, 77.92, 0.287, 30.45, 0.267
31253,333397, 50.84, 0.00, 0.697, 0.000, 0.000, 0.000,0,0,0, 50.84, 0.697, 38.33, 0.369, 166.66, 0.231, 77.41, 0.209
31254,333408, 52.17, 0.00, 0.880, 0.000, 0.000, 0.000,0,0,0, 52.17, 0.880, 30.92, 0.494, 40.00, 0.385, 75.47, 0.324
31255,333418, 51.94, 0.00, 0.941, 0.000, 0.000, 0.000,0,0,0, 51.94, 0.941, 39.73, 0.376, 166.66, 0.307, 74.53, 0.213
31256,333429, 51.94, 0.00, 0.809, 0.000, 0.000, 0.000,0,0,0, 51.94, 0.809, 31.41, 0.436, 39.34, 0.269, 166.66, 0.221
31257,333440, 51.94, 0.00, 0.818, 0.000, 0.000, 0.000,0,0,0, 51.94, 0.818, 30.15, 0.497, 72.72, 0.266, 39.21, 0.234
31258,333450, 52.17, 0.00, 0.949, 0.000, 0.000, 0.000,0,0,0, 52.17, 0.949, 39.34, 0.249, 164.38, 0.218, 73.17, 0.131
31259,333461, 52.17, 0.00, 0.848, 0.000, 0.000, 0.000,0,0,0, 52.17, 0.848, 30.37, 0.329, 73.17, 0.254, 40.00, 0.221
31260,333472, 52.40, 0.00, 0.787, 0.000, 0.000, 0.000,0,0,0, 52.40, 0.787, 39.86, 0.297, 181.81, 0.224, 72.72, 0.215
31261,333482, 52.40, 0.00, 0.845, 0.000, 0.000, 0.000,0,0,0, 52.40, 0.845, 40.95, 0.261, 72.72, 0.190, 184.61, 0.187
31262,333493, 52.40, 0.00, 0.812, 0.000, 0.000, 0.000,0,0,0, 52.40, 0.812, 40.81, 0.290, 32.96, 0.178, 184.61, 0.151
31263,333504, 52.40, 0.00, 0.903, 0.000, 0.000, 0.000,0,0,0, 52.40, 0.903, 41.23, 0.004, 0.00, 0.000, 0.00, 0.000
31264,333514, 52.40, 0.00, 0.891, 0.000, 0.000, 0.000,0,0,0, 52.40, 0.891, 0.00, 0.000, 0.00, 0.000, 0.00, 0.000
31265,333525, 52.40, 0.00, 0.996, 0.000, 0.000, 0.000,0,0,0, 52.40, 0.996, 0.00, 0.000, 0.00, 0.000, 0.00, 0.000
31266,333536, 52.40, 0.00, 0.996, 0.000, 0.000, 0.000,0,0,0, 52.40, 0.996, 0.00, 0.000, 0.00, 0.000, 0.00, 0.000
31267,333546, 52.17, 0.00, 0.979, 0.000, 0.000, 0.000,0,0,0, 52.17, 0.979, 0.00, 0.000, 0.00, 0.000, 0.00, 0.000
31268,333557, 52.17, 0.00, 0.916, 0.000, 0.000, 0.000,0,0,0, 52.17, 0.916, 36.69, 0.040, 0.00, 0.000, 0.00, 0.000
31269,333568, 52.17, 0.00, 0.895, 0.000, 0.000, 0.000,0,0,0, 52.17, 0.895, 68.96, 0.104, 214.28, 0.012, 0.00, 0.000
31270,333578, 52.17, 0.00, 0.915, 0.000, 0.000, 0.000,0,0,0, 52.17, 0.915, 41.81, 0.124, 214.28, 0.029, 0.00, 0.000
31271,333589, 52.40, 0.00, 0.916, 0.000, 0.000, 0.000,0,0,0, 52.40, 0.916, 33.24, 0.072, 42.10, 0.050, 214.28, 0.007
31272,333600, 52.40, 0.00, 0.980, 0.000, 0.000, 0.000,0,0,0, 52.40, 0.980, 0.00, 0.000, 0.00, 0.000, 0.00, 0.000
31273,333610, 52.63, 0.00, 0.968, 0.000, 0.000, 0.000,0,0,0, 52.63, 0.968, 30.22, 0.218, 0.00, 0.000, 0.00, 0.000
31274,333621, 52.63, 0.00, 0.968, 0.000, 0.000, 0.000,0,0,0, 52.63, 0.968, 0.00, 0.000, 0.00, 0.000, 0.00, 0.000
31275,333632, 52.40, 0.00, 0.950, 0.000, 0.000, 0.000,0,0,0, 52.40, 0.950, 0.00, 0.000, 0.00, 0.000, 0.00, 0.000
31276,333642, 52.17, 0.00, 0.982, 0.000, 0.000, 0.000,0,0,0, 52.17, 0.982, 0.00, 0.000, 0.00, 0.000, 0.00, 0.000
31277,333653, 52.17, 0.00, 0.853, 0.000, 0.000, 0.000,0,0,0, 52.17, 0.853, 44.77, 0.148, 40.13, 0.051, 70.17, 0.001
31278,333664, 52.40, 0.00, 0.838, 0.000, 0.000, 0.000,0,0,0, 52.40, 0.838, 70.17, 0.181, 45.11, 0.138, 210.52, 0.078
31279,333674, 52.63, 0.00, 0.804, 0.000, 0.000, 0.000,0,0,0, 52.63, 0.804, 42.70, 0.196, 70.17, 0.112, 210.52, 0.106
31280,333685, 52.86, 0.00, 0.745, 0.000, 0.000, 0.000,0,0,0, 52.86, 0.745, 42.85, 0.179, 67.41, 0.157, 210.52, 0.078
31281,333696, 53.81, 0.00, 0.670, 0.000, 0.000, 0.000,0,0,0, 53.81, 0.670, 266.66, 0.006, 0.00, 0.000, 0.00, 0.000
31282,333706, 56.07, 0.00, 0.899, 0.000, 0.000, 0.000,0,0,0, 56.07, 0.899, 285.71, 0.014, 0.00, 0.000, 0.00, 0.000
31283,333717, 55.55, 0.00, 0.956, 0.000, 0.000, 0.000,0,0,0, 55.55, 0.956, 30.15, 0.294, 34.48, 0.143, 68.96, 0.045
31284,333728, 55.29, 0.00, 0.942, 0.000, 0.000, 0.000,0,0,0, 55.29, 0.942, 0.00, 0.000, 0.00, 0.000, 0.00, 0.000
31285,333738, 55.29, 0.00, 0.967, 0.000, 0.000, 0.000,0,0,0, 55.29, 0.967, 31.49, 0.349, 34.38, 0.060, 71.42, 0.051
31286,333749, 55.55, 0.00, 0.942, 0.000, 0.000, 0.000,0,0,0, 55.55, 0.942, 0.00, 0.000, 0.00, 0.000, 0.00, 0.000
31287,333760, 55.55, 0.00, 0.912, 0.000, 0.000, 0.000,0,0,0, 55.55, 0.912, 35.29, 0.016, 0.00, 0.000, 0.00, 0.000
31288,333770, 58.53, 0.00, 0.662, 0.000, 0.000, 0.000,0,0,0, 58.53, 0.662, 30.30, 0.279, 35.19, 0.196, 90.22, 0.057
31289,333781, 58.53, 0.00, 0.929, 0.000, 0.000, 0.000,0,0,0, 58.53, 0.929, 99.17, 0.110, 36.92, 0.104, 139.53, 0.072
31290,333792, 58.82, 0.00, 0.953, 0.000, 0.000, 0.000,0,0,0, 58.82, 0.953, 32.25, 0.129, 144.57, 0.128, 33.51, 0.119
31291,333802, 58.53, 0.00, 0.930, 0.000, 0.000, 0.000,0,0,0, 58.53, 0.930, 41.23, 0.133, 37.15, 0.122, 142.85, 0.110
31292,333813, 57.97, 0.00, 0.948, 0.000, 0.000, 0.000,0,0,0, 57.97, 0.948, 37.03, 0.185, 41.23, 0.114, 100.00, 0.107
31293,333824, 58.53, 0.00, 0.884, 0.000, 0.000, 0.000,0,0,0, 58.53, 0.884, 36.58, 0.168, 98.36, 0.141, 141.17, 0.119
31294,333834, 58.82, 0.00, 0.715, 0.000, 0.000, 0.000,0,0,0, 58.82, 0.715, 42.85, 0.153, 153.84, 0.138, 100.84, 0.125
31295,333845, 61.53, 0.00, 0.787, 0.000, 0.000, 0.000,0,0,0, 61.53, 0.787, 30.07, 0.505, 30.69, 0.505, 36.69, 0.185
31296,333856, 30.76, 0.00, 0.982, 0.000, 0.000, 0.000,0,0,0, 30.76, 0.982, 61.53, 0.982, 37.03, 0.167, 44.28, 0.143
31297,333866, 30.69, 0.00, 0.983, 0.000, 0.000, 0.000,0,0,0, 30.69, 0.983, 61.53, 0.974, 37.26, 0.163, 44.11, 0.148
31298,333877, 30.92, 0.00, 0.973, 0.000, 0.000, 0.000,0,0,0, 30.92, 0.973, 61.85, 0.900, 44.44, 0.241, 37.03, 0.209
31299,333888, 30.84, 0.00, 0.972, 0.000, 0.000, 0.000,0,0,0, 30.84, 0.972, 61.85, 0.930, 97.56, 0.189, 38.09, 0.177
31300,333898, 31.49, 0.00, 0.987, 0.000, 0.000, 0.000,0,0,0, 31.49, 0.987, 62.50, 0.870, 38.21, 0.279, 98.36, 0.194
31301,333909, 32.00, 0.00, 0.800, 0.000, 0.000, 0.000,0,0,0, 32.00, 0.800, 64.86, 0.654, 39.47, 0.228, 176.47, 0.200
31302,333920, 65.21, 0.00, 0.896, 0.000, 0.000, 0.000,0,0,0, 65.21, 0.896, 32.52, 0.791, 40.00, 0.201, 103.44, 0.191
31303,333930, 32.78, 0.00, 0.990, 0.000, 0.000, 0.000,0,0,0, 32.78, 0.990, 65.57, 0.975, 105.26, 0.225, 173.91, 0.210
31304,333941, 32.43, 0.00, 0.878, 0.000, 0.000, 0.000,0,0,0, 32.43, 0.878, 64.86, 0.803, 47.24, 0.342, 173.91, 0.259
31305,333952, 32.34, 0.00, 0.952, 0.000, 0.000, 0.000,0,0,0, 32.34, 0.952, 64.51, 0.772, 47.05, 0.265, 176.47, 0.221
31306,333962, 65.57, 0.00, 0.902, 0.000, 0.000, 0.000,0,0,0, 65.57, 0.902, 32.52, 0.791, 32.69, 0.780, 40.13, 0.231
31307,333973, 65.57, 0.00, 0.963, 0.000, 0.000, 0.000,0,0,0, 65.57, 0.963, 32.87, 0.926, 47.80, 0.240, 104.34, 0.228
31308,333984, 32.52, 0.00, 0.966, 0.000, 0.000, 0.000,0,0,0, 32.52, 0.966, 65.21, 0.884, 48.00, 0.223, 181.81, 0.215
31309,333994, 32.52, 0.00, 0.986, 0.000, 0.000, 0.000,0,0,0, 32.52, 0.986, 65.21, 0.918, 39.86, 0.318, 103.44, 0.272
31310,334005, 32.78, 0.00, 0.979, 0.000, 0.000, 0.000,0,0,0, 32.78, 0.979, 65.57, 0.935, 179.10, 0.252, 48.00, 0.234
31311,334016, 32.78, 0.00, 0.911, 0.000, 0.000, 0.000,0,0,0, 32.78, 0.911, 65.57, 0.910, 48.00, 0.286, 179.10, 0.265
31312,334026, 32.60, 0.00, 0.989, 0.000, 0.000, 0.000,0,0,0, 32.60, 0.989, 65.21, 0.886, 103.44, 0.249, 40.00, 0.245
31313,334037, 64.51, 0.00, 0.989, 0.000, 0.000, 0.000,0,0,0, 64.51, 0.989, 32.25, 0.980, 39.86, 0.289, 103.44, 0.257
31314,334048, 32.60, 0.00, 0.883, 0.000, 0.000, 0.000,0,0,0, 32.60, 0.883, 64.86, 0.868, 47.61, 0.269, 176.47, 0.256
31315,334058, 32.52, 0.00, 0.988, 0.000, 0.000, 0.000,0,0,0, 32.52, 0.988, 65.57, 0.901, 47.80, 0.289, 176.47, 0.245
31316,334069, 32.78, 0.00, 0.972, 0.000, 0.000, 0.000,0,0,0, 32.78, 0.972, 65.21, 0.860, 40.13, 0.252, 102.56, 0.229
31317,334080, 64.51, 0.00, 0.941, 0.000, 0.000, 0.000,0,0,0, 64.51, 0.941, 32.25, 0.847, 39.60, 0.305, 101.69, 0.249
31318,334090, 32.52, 0.00, 0.984, 0.000, 0.000, 0.000,0,0,0, 32.52, 0.984, 64.86, 0.904, 39.86, 0.257, 47.61, 0.244
31319,334101, 32.60, 0.00, 0.965, 0.000, 0.000, 0.000,0,0,0, 32.60, 0.965, 65.21, 0.831, 48.00, 0.273, 176.47, 0.256
31320,334112, 65.93, 0.00, 0.842, 0.000, 0.000, 0.000,0,0,0, 65.93, 0.842, 33.33, 0.645, 48.38, 0.280, 184.61, 0.253
31321,334122, 67.03, 0.00, 0.804, 0.000, 0.000, 0.000,0,0,0, 67.03, 0.804, 33.61, 0.606, 190.47, 0.240, 49.58, 0.232
31322,334133, 33.89, 0.00, 0.887, 0.000, 0.000, 0.000,0,0,0, 33.89, 0.887, 67.41, 0.837, 49.79, 0.294, 190.47, 0.247
31323,334144, 34.48, 0.00, 0.969, 0.000, 0.000, 0.000,0,0,0, 34.48, 0.969, 69.36, 0.884, 51.06, 0.254, 193.54, 0.230
31324,334154, 34.68, 0.00, 0.940, 0.000, 0.000, 0.000,0,0,0, 34.68, 0.940, 69.36, 0.930, 42.40, 0.263, 108.10, 0.249
31325,334165, 68.57, 0.00, 0.939, 0.000, 0.000, 0.000,0,0,0, 68.57, 0.939, 34.38, 0.902, 50.63, 0.332, 193.54, 0.290
31326,334176, 68.57, 0.00, 0.969, 0.000, 0.000, 0.000,0,0,0, 68.57, 0.969, 34.28, 0.954, 50.63, 0.260, 190.47, 0.257
31327,334186, 34.48, 0.00, 0.967, 0.000, 0.000, 0.000,0,0,0, 34.48, 0.967, 68.96, 0.934, 51.06, 0.247, 193.54, 0.238
31328,334197, 34.78, 0.00, 0.982, 0.000, 0.000, 0.000,0,0,0, 34.78, 0.982, 69.76, 0.976, 42.25, 0.255, 107.14, 0.241
31329,334208, 34.78, 0.00, 0.979, 0.000, 0.000, 0.000,0,0,0, 34.78, 0.979, 69.76, 0.974, 51.50, 0.258, 200.00, 0.240
31330,334218, 34.58, 0.00, 0.977, 0.000, 0.000, 0.000,0,0,0, 34.58, 0.977, 68.96, 0.953, 41.81, 0.284, 106.19, 0.239
31331,334229, 68.57, 0.00, 0.949, 0.000, 0.000, 0.000,0,0,0, 68.57, 0.949, 34.28, 0.877, 41.81, 0.209, 200.00, 0.185
31332,334240, 34.58, 0.00, 0.984, 0.000, 0.000, 0.000,0,0,0, 34.58, 0.984, 69.36, 0.901, 106.19, 0.204, 41.95, 0.199
31333,334250, 34.68, 0.00, 0.959, 0.000, 0.000, 0.000,0,0,0, 34.68, 0.959, 69.36, 0.902, 51.94, 0.203, 203.38, 0.185
31334,334261, 69.36, 0.00, 0.939, 0.000, 0.000, 0.000,0,0,0, 69.36, 0.939, 34.68, 0.930, 42.10, 0.297, 107.14, 0.256
31335,334272, 34.38, 0.00, 0.953, 0.000, 0.000, 0.000,0,0,0, 34.38, 0.953, 68.96, 0.949, 41.81, 0.192, 200.00, 0.171
31336,334282, 34.48, 0.00, 0.987, 0.000, 0.000, 0.000,0,0,0, 34.48, 0.987, 68.96, 0.939, 41.52, 0.201, 51.06, 0.171
31337,334293, 34.58, 0.00, 0.938, 0.000, 0.000, 0.000,0,0,0, 34.58, 0.938, 69.36, 0.938, 41.95, 0.218, 106.19, 0.187
31338,334304, 69.36, 0.00, 0.979, 0.000, 0.000, 0.000,0,0,0, 69.36, 0.979, 34.68, 0.970, 42.10, 0.166, 106.19, 0.161
31339,334314, 34.58, 0.00, 0.993, 0.000, 0.000, 0.000,0,0,0, 34.58, 0.993, 69.36, 0.963, 200.00, 0.138, 51.28, 0.135
31340,334325, 68.96, 0.00, 0.979, 0.000, 0.000, 0.000,0,0,0, 68.96, 0.979, 34.38, 0.971, 51.06, 0.142, 200.00, 0.137
31341,334336, 68.96, 0.00, 0.976, 0.000, 0.000, 0.000,0,0,0, 68.96, 0.976, 34.38, 0.942, 41.66, 0.178, 105.26, 0.141
31342,334346, 34.58, 0.00, 0.991, 0.000, 0.000, 0.000,0,0,0, 34.58, 0.991, 69.36, 0.942, 51.50, 0.106, 200.00, 0.094
31343,334357, 34.78, 0.00, 0.983, 0.000, 0.000, 0.000,0,0,0, 34.78, 0.983, 69.36, 0.978, 51.28, 0.136, 193.54, 0.122
31344,334368, 34.48, 0.00, 0.985, 0.000, 0.000, 0.000,0,0,0, 34.48, 0.985, 68.96, 0.940, 31.74, 0.184, 50.84, 0.152
31345,334378, 34.38, 0.00, 0.986, 0.000, 0.000, 0.000,0,0,0, 34.38, 0.986, 68.96, 0.962, 41.52, 0.140, 105.26, 0.098
31346,334389, 34.38, 0.00, 0.982, 0.000, 0.000, 0.000,0,0,0, 34.38, 0.982, 68.96, 0.957, 50.42, 0.114, 190.47, 0.079
31347,334400, 34.78, 0.00, 0.982, 0.000, 0.000, 0.000,0,0,0, 34.78, 0.982, 69.36, 0.975, 51.06, 0.109, 190.47, 0.087
31348,334410, 34.68, 0.00, 0.989, 0.000, 0.000, 0.000,0,0,0, 34.68, 0.989, 69.36, 0.967, 31.49, 0.247, 51.50, 0.103
31349,334421, 68.96, 0.00, 0.965, 0.000, 0.000, 0.000,0,0,0, 68.96, 0.965, 34.58, 0.911, 40.81, 0.115, 100.00, 0.072
31350,334432, 68.96, 0.00, 0.983, 0.000, 0.000, 0.000,0,0,0, 68.96, 0.983, 34.38, 0.982, 39.08, 0.074, 50.42, 0.036
31351,334442, 34.58, 0.00, 0.981, 0.000, 0.000, 0.000,0,0,0, 34.58, 0.981, 68.96, 0.947, 38.83, 0.075, 89.55, 0.044
31352,334453, 34.68, 0.00, 0.983, 0.000, 0.000, 0.000,0,0,0, 34.68, 0.983, 69.36, 0.957, 31.41, 0.184, 56.87, 0.063
31353,334464, 69.36, 0.00, 0.964, 0.000, 0.000, 0.000,0,0,0, 69.36, 0.964, 34.68, 0.952, 41.81, 0.122, 105.26, 0.071
31354,334474, 34.48, 0.00, 0.967, 0.000, 0.000, 0.000,0,0,0, 34.48, 0.967, 68.96, 0.941, 39.60, 0.037, 41.95, 0.026
31355,334485, 34.38, 0.00, 0.991, 0.000, 0.000, 0.000,0,0,0, 34.38, 0.991, 68.96, 0.965, 37.97, 0.054, 53.09, 0.023
31356,334496, 34.48, 0.00, 0.955, 0.000, 0.000, 0.000,0,0,0, 34.48, 0.955, 68.96, 0.951, 42.10, 0.080, 108.10, 0.054
31357,334506, 34.68, 0.00, 0.991, 0.000, 0.000, 0.000,0,0,0, 34.68, 0.991, 69.36, 0.989, 42.55, 0.093, 109.09, 0.067
31358,334517, 34.68, 0.00, 0.991, 0.000, 0.000, 0.000,0,0,0, 34.68, 0.991, 69.36, 0.980, 51.06, 0.037, 193.54, 0.036
31359,334528, 34.38, 0.00, 0.978, 0.000, 0.000, 0.000,0,0,0, 34.38, 0.978, 68.96, 0.970, 51.50, 0.056, 200.00, 0.047
31360,334538, 68.96, 0.00, 0.971, 0.000, 0.000, 0.000,0,0,0, 68.96, 0.971, 34.38, 0.970, 41.37, 0.093, 105.26, 0.059
31361,334549, 34.48, 0.00, 0.993, 0.000, 0.000, 0.000,0,0,0, 34.48, 0.993, 68.96, 0.948, 50.84, 0.036, 193.54, 0.026
31362,334560, 69.36, 0.00, 0.987, 0.000, 0.000, 0.000,0,0,0, 69.36, 0.987, 34.78, 0.982, 51.28, 0.066, 196.72, 0.057
31363,334570, 34.58, 0.00, 0.975, 0.000, 0.000, 0.000,0,0,0, 34.58, 0.975, 68.96, 0.944, 30.07, 0.237, 51.94, 0.103
31364,334581, 34.48, 0.00, 0.990, 0.000, 0.000, 0.000,0,0,0, 34.48, 0.990, 68.96, 0.964, 41.52, 0.130, 104.34, 0.079
31365,334592, 34.38, 0.00, 0.994, 0.000, 0.000, 0.000,0,0,0, 34.38, 0.994, 68.96, 0.980, 50.84, 0.054, 196.72, 0.048
31366,334602, 34.58, 0.00, 0.993, 0.000, 0.000, 0.000,0,0,0, 34.58, 0.993, 69.36, 0.982, 51.28, 0.078, 200.00, 0.065
31367,334613, 34.58, 0.00, 0.994, 0.000, 0.000, 0.000,0,0,0, 34.58, 0.994, 69.36, 0.992, 52.17, 0.108, 206.89, 0.086
31368,334624, 68.96, 0.00, 0.979, 0.000, 0.000, 0.000,0,0,0, 68.96, 0.979, 34.58, 0.957, 41.23, 0.146, 102.56, 0.101
31369,334634, 34.38, 0.00, 0.984, 0.000, 0.000, 0.000,0,0,0, 34.38, 0.984, 68.57, 0.962, 40.95, 0.074, 101.69, 0.042
31370,334645, 34.38, 0.00, 0.996, 0.000, 0.000, 0.000,0,0,0, 34.38, 0.996, 68.57, 0.960, 51.72, 0.057, 206.89, 0.049
31371,334656, 34.48, 0.00, 0.967, 0.000, 0.000, 0.000,0,0,0, 34.48, 0.967, 68.96, 0.955, 30.45, 0.125, 53.09, 0.042
31372,334666, 69.36, 0.00, 0.984, 0.000, 0.000, 0.000,0,0,0, 69.36, 0.984, 34.58, 0.980, 41.81, 0.146, 104.34, 0.104
31373,334677, 34.48, 0.00, 0.985, 0.000, 0.000, 0.000,0,0,0, 34.48, 0.985, 68.96, 0.965, 51.72, 0.036, 210.52, 0.032
31374,334688, 68.57, 0.00, 0.987, 0.000, 0.000, 0.000,0,0,0, 68.57, 0.987, 34.28, 0.985, 52.40, 0.081, 222.22, 0.059
31375,334698, 68.96, 0.00, 0.973, 0.000, 0.000, 0.000,0,0,0, 68.96, 0.973, 34.38, 0.959, 41.23, 0.078, 102.56, 0.044
31376,334709, 34.58, 0.00, 0.990, 0.000, 0.000, 0.000,0,0,0, 34.58, 0.990, 69.36, 0.987, 41.23, 0.056, 101.69, 0.043
31377,334720, 69.36, 0.00, 0.997, 0.000, 0.000, 0.000,0,0,0, 69.36, 0.997, 34.68, 0.996, 52.40, 0.056, 218.18, 0.037
31378,334730, 68.96, 0.00, 0.942, 0.000, 0.000, 0.000,0,0,0, 68.96, 0.942, 34.38, 0.940, 52.63, 0.095, 226.41, 0.070
31379,334741, 34.38, 0.00, 0.971, 0.000, 0.000, 0.000,0,0,0, 34.38, 0.971, 68.96, 0.951, 40.67, 0.112, 99.17, 0.068
31380,334752, 34.38, 0.00, 0.991, 0.000, 0.000, 0.000,0,0,0, 34.38, 0.991, 68.96, 0.934, 51.94, 0.027, 40.26, 0.019
31381,334762, 69.76, 0.00, 0.980, 0.000, 0.000, 0.000,0,0,0, 69.76, 0.980, 34.78, 0.977, 52.63, 0.057, 214.28, 0.047
31382,334773, 34.58, 0.00, 0.940, 0.000, 0.000, 0.000,0,0,0, 34.58, 0.940, 69.36, 0.938, 52.63, 0.113, 218.18, 0.086
31383,334784, 34.48, 0.00, 0.987, 0.000, 0.000, 0.000,0,0,0, 34.48, 0.987, 68.96, 0.944, 40.81, 0.098, 100.00, 0.072
31384,334794, 68.57, 0.00, 0.973, 0.000, 0.000, 0.000,0,0,0, 68.57, 0.973, 34.18, 0.970, 51.28, 0.065, 206.89, 0.042
31385,334805, 34.58, 0.00, 0.994, 0.000, 0.000, 0.000,0,0,0, 34.58, 0.994, 69.36, 0.968, 51.94, 0.079, 206.89, 0.066
31386,334816, 34.68, 0.00, 0.984, 0.000, 0.000, 0.000,0,0,0, 34.68, 0.984, 69.36, 0.973, 30.61, 0.240, 53.09, 0.109
31387,334826, 34.68, 0.00, 0.994, 0.000, 0.000, 0.000,0,0,0, 34.68, 0.994, 69.36, 0.979, 41.23, 0.143, 102.56, 0.110
31388,334837, 68.96, 0.00, 0.961, 0.000, 0.000, 0.000,0,0,0, 68.96, 0.961, 34.38, 0.925, 51.28, 0.058, 203.38, 0.056
31389,334848, 34.38, 0.00, 0.991, 0.000, 0.000, 0.000,0,0,0, 34.38, 0.991, 68.96, 0.961, 30.07, 0.115, 51.50, 0.082
31390,334858, 34.48, 0.00, 0.948, 0.000, 0.000, 0.000,0,0,0, 34.48, 0.948, 68.96, 0.941, 30.30, 0.179, 52.86, 0.100
31391,334869, 34.78, 0.00, 0.982, 0.000, 0.000, 0.000,0,0,0, 34.78, 0.982, 69.76, 0.982, 41.95, 0.172, 105.26, 0.137
31392,334880, 34.68, 0.00, 0.981, 0.000, 0.000, 0.000,0,0,0, 34.68, 0.981, 69.36, 0.945, 41.23, 0.081, 102.56, 0.076
31393,334890, 34.38, 0.00, 0.986, 0.000, 0.000, 0.000,0,0,0, 34.38, 0.986, 68.57, 0.981, 30.07, 0.211, 52.63, 0.100
31394,334901, 34.38, 0.00, 0.978, 0.000, 0.000, 0.000,0,0,0, 34.38, 0.978, 68.96, 0.974, 41.66, 0.072, 104.34, 0.065
31395,334912, 34.68, 0.00, 0.998, 0.000, 0.000, 0.000,0,0,0, 34.68, 0.998, 69.36, 0.989, 41.52, 0.118, 103.44, 0.103
31396,334922, 34.78, 0.00, 0.994, 0.000, 0.000, 0.000,0,0,0, 34.78, 0.994, 69.36, 0.993, 103.44, 0.094, 41.52, 0.092
31397,334933, 34.48, 0.00, 0.981, 0.000, 0.000, 0.000,0,0,0, 34.48, 0.981, 68.96, 0.969, 30.22, 0.284, 52.86, 0.144
31398,334944, 34.48, 0.00, 0.994, 0.000, 0.000, 0.000,0,0,0, 34.48, 0.994, 68.96, 0.979, 41.23, 0.117, 102.56, 0.094
31399,334954, 34.38, 0.00, 0.987, 0.000, 0.000, 0.000,0,0,0, 34.38, 0.987, 68.96, 0.985, 51.50, 0.100, 206.89, 0.077
31400,334965, 68.96, 0.00, 0.989, 0.000, 0.000, 0.000,0,0,0, 68.96, 0.989, 34.58, 0.980, 102.56, 0.087, 41.23, 0.087
31401,334976, 34.38, 0.00, 0.984, 0.000, 0.000, 0.000,0,0,0, 34.38, 0.984, 68.96, 0.983, 52.40, 0.175, 210.52, 0.133
31402,334986, 68.57, 0.00, 0.895, 0.000, 0.000, 0.000,0,0,0, 68.57, 0.895, 34.28, 0.805, 39.86, 0.143, 51.28, 0.092
31403,334997, 33.89, 0.00, 0.955, 0.000, 0.000, 0.000,0,0,0, 33.89, 0.955, 67.41, 0.928, 51.06, 0.119, 206.89, 0.076
31404,335008, 66.66, 0.00, 0.920, 0.000, 0.000, 0.000,0,0,0, 66.66, 0.920, 33.33, 0.778, 97.56, 0.036, 39.73, 0.035
31405,335018, 66.66, 0.00, 0.928, 0.000, 0.000, 0.000,0,0,0, 66.66, 0.928, 32.96, 0.916, 0.00, 0.000, 0.00, 0.000
31406,335029, 33.14, 0.00, 0.896, 0.000, 0.000, 0.000,0,0,0, 33.14, 0.896, 66.29, 0.874, 0.00, 0.000, 0.00, 0.000
31407,335040, 33.61, 0.00, 0.950, 0.000, 0.000, 0.000,0,0,0, 33.61, 0.950, 67.79, 0.826, 0.00, 0.000, 0.00, 0.000
31408,335050, 37.97, 0.00, 0.634, 0.000, 0.000, 0.000,0,0,0, 37.97, 0.634, 39.60, 0.576, 84.50, 0.466, 69.36, 0.431
31409,335061, 39.47, 0.00, 0.862, 0.000, 0.000, 0.000,0,0,0, 39.47, 0.862, 74.07, 0.448, 83.91, 0.424, 0.00, 0.000
31410,335072, 34.38, 0.00, 0.663, 0.000, 0.000, 0.000,0,0,0, 34.38, 0.663, 32.78, 0.501, 74.07, 0.243, 54.79, 0.000
31411,335082, 55.29, 0.00, 0.694, 0.000, 0.000, 0.000,0,0,0, 55.29, 0.694, 32.25, 0.505, 64.51, 0.413, 71.85, 0.260
31412,335093, 55.81, 0.00, 0.666, 0.000, 0.000, 0.000,0,0,0, 55.81, 0.666, 0.00, 0.000, 0.00, 0.000, 0.00, 0.000
31413,335104, 55.55, 0.00, 0.560, 0.000, 0.000, 0.000,0,0,0, 55.55, 0.560, 50.63, 0.243, 35.92, 0.163, 35.08, 0.158
31414,335114, 56.33, 0.00, 0.605, 0.000, 0.000, 0.000,0,0,0, 56.33, 0.605, 30.07, 0.369, 40.81, 0.367, 111.11, 0.321
31415,335125, 55.81, 0.00, 0.602, 0.000, 0.000, 0.000,0,0,0, 55.81, 0.602, 38.46, 0.433, 106.19, 0.431, 37.50, 0.418
31416,335136, 55.04, 0.00, 0.792, 0.000, 0.000, 0.000,0,0,0, 55.04, 0.792, 38.33, 0.642, 122.44, 0.447, 101.69, 0.288
31417,335146, 55.29, 0.00, 0.852, 0.000, 0.000, 0.000,0,0,0, 55.29, 0.852, 37.50, 0.452, 34.38, 0.440, 122.44, 0.383
31418,335157, 55.55, 0.00, 0.750, 0.000, 0.000, 0.000,0,0,0, 55.55, 0.750, 30.53, 0.396, 39.21, 0.361, 126.31, 0.299
31419,335168, 55.55, 0.00, 0.449, 0.000, 0.000, 0.000,0,0,0, 55.55, 0.449, 36.14, 0.446, 40.67, 0.401, 100.84, 0.209
31420,335178, 35.60, 0.00, 0.906, 0.000, 0.000, 0.000,0,0,0, 35.60, 0.906, 71.85, 0.213, 103.44, 0.086, 122.44, 0.080
31421,335189, 45.62, 0.00, 0.620, 0.000, 0.000, 0.000,0,0,0, 45.62, 0.620, 32.69, 0.400, 102.56, 0.307, 0.00, 0.000
31422,335200, 38.21, 0.00, 0.754, 0.000, 0.000, 0.000,0,0,0, 38.21, 0.754, 57.14, 0.389, 115.38, 0.209, 47.80, 0.023
31423,335210, 38.33, 0.00, 0.806, 0.000, 0.000, 0.000,0,0,0, 38.33, 0.806, 30.07, 0.585, 58.25, 0.406, 114.28, 0.326
31424,335221, 42.40, 0.00, 0.460, 0.000, 0.000, 0.000,0,0,0, 42.40, 0.460, 36.25, 0.425, 56.33, 0.292, 118.81, 0.121
31425,335232, 30.53, 0.00, 0.560, 0.000, 0.000, 0.000,0,0,0, 30.53, 0.560, 42.10, 0.457, 114.28, 0.285, 37.26, 0.147
31426,335242, 34.88, 0.00, 0.618, 0.000, 0.000, 0.000,0,0,0, 34.88, 0.618, 37.03, 0.510, 85.10, 0.238, 41.52, 0.233
31427,335253, 43.63, 0.00, 0.297, 0.000, 0.000, 0.000,0,0,0, 43.63, 0.297, 36.58, 0.295, 86.95, 0.262, 32.17, 0.233
31428,335264, 45.11, 0.00, 0.459, 0.000, 0.000, 0.000,0,0,0, 45.11, 0.459, 50.42, 0.193, 32.00, 0.156, 94.48, 0.152
31429,335274, 40.67, 0.00, 0.731, 0.000, 0.000, 0.000,0,0,0, 40.67, 0.731, 110.09, 0.237, 59.40, 0.217, 0.00, 0.000
31430,335285, 40.95, 0.00, 0.722, 0.000, 0.000, 0.000,0,0,0, 40.95, 0.722, 110.09, 0.290, 60.00, 0.164, 63.82, 0.113
31431,335296, 36.47, 0.00, 0.808, 0.000, 0.000, 0.000,0,0,0, 36.47, 0.808, 56.07, 0.189, 112.14, 0.173, 0.00, 0.000
31432,335306, 37.03, 0.00, 0.628, 0.000, 0.000, 0.000,0,0,0, 37.03, 0.628, 113.20, 0.234, 55.81, 0.216, 0.00, 0.000
31433,335317, 36.36, 0.00, 0.504, 0.000, 0.000, 0.000,0,0,0, 36.36, 0.504, 46.15, 0.420, 51.72, 0.196, 0.00, 0.000
31434,335328, 34.58, 0.00, 0.563, 0.000, 0.000, 0.000,0,0,0, 34.58, 0.563, 46.33, 0.488, 0.00, 0.000, 0.00, 0.000
31435,335338, 40.81, 0.00, 0.809, 0.000, 0.000, 0.000,0,0,0, 40.81, 0.809, 82.19, 0.153, 0.00, 0.000, 0.00, 0.000
31436,335349, 30.07, 0.00, 0.868, 0.000, 0.000, 0.000,0,0,0, 30.07, 0.868, 40.54, 0.800, 100.84, 0.169, 85.71, 0.105
31437,335360, 41.95, 0.00, 0.669, 0.000, 0.000, 0.000,0,0,0, 41.95, 0.669, 38.96, 0.554, 85.10, 0.250, 55.81, 0.073
31438,335370, 37.26, 0.00, 0.459, 0.000, 0.000, 0.000,0,0,0, 37.26, 0.459, 52.63, 0.296, 32.17, 0.262, 33.89, 0.202
31439,335381, 39.34, 0.00, 0.491, 0.000, 0.000, 0.000,0,0,0, 39.34, 0.491, 53.57, 0.426, 36.69, 0.307, 43.01, 0.051
31440,335392, 36.36, 0.00, 0.398, 0.000, 0.000, 0.000,0,0,0, 36.36, 0.398, 50.63, 0.269, 127.65, 0.055, 0.00, 0.000
31441,335402, 48.78, 0.00, 0.654, 0.000, 0.000, 0.000,0,0,0, 48.78, 0.654, 36.03, 0.365, 97.56, 0.332, 32.52, 0.006
31442,335413, 37.73, 0.00, 0.430, 0.000, 0.000, 0.000,0,0,0, 37.73, 0.430, 48.97, 0.366, 97.56, 0.172, 0.00, 0.000
31443,335424, 37.50, 0.00, 0.712, 0.000, 0.000, 0.000,0,0,0, 37.50, 0.712, 57.14, 0.234, 123.71, 0.136, 0.00, 0.000
31444,335434, 36.80, 0.00, 0.890, 0.000, 0.000, 0.000,0,0,0, 36.80, 0.890, 32.96, 0.321, 56.87, 0.113, 0.00, 0.000
31445,335445, 42.10, 0.00, 0.550, 0.000, 0.000, 0.000,0,0,0, 42.10, 0.550, 32.34, 0.531, 37.50, 0.433, 292.68, 0.114
31446,335456, 41.95, 0.00, 0.744, 0.000, 0.000, 0.000,0,0,0, 41.95, 0.744, 51.50, 0.227, 53.81, 0.213, 36.69, 0.165
31447,335466, 36.92, 0.00, 0.480, 0.000, 0.000, 0.000,0,0,0, 36.92, 0.480, 30.69, 0.325, 43.95, 0.250, 53.81, 0.239
31448,335477, 54.79, 0.00, 0.393, 0.000, 0.000, 0.000,0,0,0, 54.79, 0.393, 37.61, 0.360, 32.60, 0.256, 106.19, 0.228
31449,335488, 37.15, 0.00, 0.671, 0.000, 0.000, 0.000,0,0,0, 37.15, 0.671, 55.55, 0.521, 112.14, 0.433, 0.00, 0.000
31450,335498, 37.03, 0.00, 0.846, 0.000, 0.000, 0.000,0,0,0, 37.03, 0.846, 57.69, 0.555, 108.10, 0.401, 0.00, 0.000
31451,335509, 36.80, 0.00, 0.640, 0.000, 0.000, 0.000,0,0,0, 36.80, 0.640, 96.77, 0.251, 58.25, 0.130, 30.45, 0.096
31452,335520, 32.78, 0.00, 0.407, 0.000, 0.000, 0.000,0,0,0, 32.78, 0.407, 51.50, 0.307, 35.92, 0.286, 118.81, 0.195
31453,335530, 36.58, 0.00, 0.526, 0.000, 0.000, 0.000,0,0,0, 36.58, 0.526, 39.47, 0.448, 43.95, 0.420, 51.72, 0.378
31454,335541, 38.09, 0.00, 0.525, 0.000, 0.000, 0.000,0,0,0, 38.09, 0.525, 42.55, 0.511, 36.69, 0.444, 46.33, 0.355
31455,335552, 38.09, 0.00, 0.630, 0.000, 0.000, 0.000,0,0,0, 38.09, 0.630, 31.49, 0.286, 46.87, 0.271, 42.25, 0.268
31456,335562, 38.96, 0.00, 0.516, 0.000, 0.000, 0.000,0,0,0, 38.96, 0.516, 55.81, 0.318, 106.19, 0.251, 63.49, 0.231
31457,335573, 37.85, 0.00, 0.636, 0.000, 0.000, 0.000,0,0,0, 37.85, 0.636, 108.10, 0.439, 55.29, 0.329, 0.00, 0.000
31458,335584, 35.71, 0.00, 0.561, 0.000, 0.000, 0.000,0,0,0, 35.71, 0.561, 56.07, 0.450, 109.09, 0.374, 0.00, 0.000
31459,335594, 57.14, 0.00, 0.536, 0.000, 0.000, 0.000,0,0,0, 57.14, 0.536, 35.82, 0.396, 98.36, 0.237, 0.00, 0.000
31460,335605, 51.72, 0.00, 0.516, 0.000, 0.000, 0.000,0,0,0, 51.72, 0.516, 57.97, 0.474, 0.00, 0.000, 0.00, 0.000
31461,335616, 51.50, 0.00, 0.356, 0.000, 0.000, 0.000,0,0,0, 51.50, 0.356, 33.14, 0.287, 98.36, 0.002, 0.00, 0.000
31462,335626, 30.15, 0.00, 0.976, 0.000, 0.000, 0.000,0,0,0, 30.15, 0.976, 0.00, 0.000, 0.00, 0.000, 0.00, 0.000
31463,335637, 30.00, 0.00, 0.882, 0.000, 0.000, 0.000,0,0,0, 30.00, 0.882, 0.00, 0.000, 0.00, 0.000, 0.00, 0.000
31464,335648, 43.79, 0.00, 0.483, 0.000, 0.000, 0.000,0,0,0, 43.79, 0.483, 34.48, 0.479, 0.00, 0.000, 0.00, 0.000
31465,335658, 33.61, 0.00, 0.775, 0.000, 0.000, 0.000,0,0,0, 33.61, 0.775, 43.79, 0.368, 148.14, 0.094, 0.00, 0.000
31466,335669, 36.58, 0.00, 0.967, 0.000, 0.000, 0.000,0,0,0, 36.58, 0.967, 73.61, 0.168, 148.14, 0.024, 0.00, 0.000
31467,335680, 33.99, 0.00, 0.602, 0.000, 0.000, 0.000,0,0,0, 33.99, 0.602, 44.28, 0.425, 146.34, 0.075, 0.00, 0.000
31468,335690, 44.28, 0.00, 0.565, 0.000, 0.000, 0.000,0,0,0, 44.28, 0.565, 41.81, 0.478, 0.00, 0.000, 0.00, 0.000
31469,335701, 32.00, 0.00, 0.999, 0.000, 0.000, 0.000,0,0,0, 32.00, 0.999, 144.57, 0.103, 41.52, 0.052, 0.00, 0.000
31470,335712, 32.60, 0.00, 0.783, 0.000, 0.000, 0.000,0,0,0, 32.60, 0.783, 37.15, 0.472, 35.50, 0.402, 61.22, 0.012
31471,335722, 59.70, 0.00, 0.394, 0.000, 0.000, 0.000,0,0,0, 59.70, 0.394, 51.28, 0.367, 48.38, 0.256, 31.83, 0.209
31472,335733, 45.80, 0.00, 0.611, 0.000, 0.000, 0.000,0,0,0, 45.80, 0.611, 51.28, 0.489, 57.69, 0.274, 0.00, 0.000
31473,335744, 35.39, 0.00, 0.773, 0.000, 0.000, 0.000,0,0,0, 35.39, 0.773, 52.86, 0.018, 59.11, 0.014, 0.00, 0.000
31474,335754, 37.38, 0.00, 0.777, 0.000, 0.000, 0.000,0,0,0, 37.38, 0.777, 34.28, 0.655, 32.52, 0.393, 42.25, 0.365
31475,335765, 44.28, 0.00, 0.818, 0.000, 0.000, 0.000,0,0,0, 44.28, 0.818, 38.21, 0.494, 0.00, 0.000, 0.00, 0.000
31476,335776, 44.44, 0.00, 0.668, 0.000, 0.000, 0.000,0,0,0, 44.44, 0.668, 34.88, 0.199, 0.00, 0.000, 0.00, 0.000
31477,335786, 34.38, 0.00, 0.561, 0.000, 0.000, 0.000,0,0,0, 34.38, 0.561, 43.47, 0.522, 37.50, 0.483, 0.00, 0.000
31478,335797, 43.47, 0.00, 0.862, 0.000, 0.000, 0.000,0,0,0, 43.47, 0.862, 0.00, 0.000, 0.00, 0.000, 0.00, 0.000
31479,335808, 45.45, 0.00, 0.780, 0.000, 0.000, 0.000,0,0,0, 45.45, 0.780, 0.00, 0.000, 0.00, 0.000, 0.00, 0.000
31480,335818, 36.36, 0.00, 0.822, 0.000, 0.000, 0.000,0,0,0, 36.36, 0.822, 45.45, 0.580, 0.00, 0.000, 0.00, 0.000
31481,335829, 44.94, 0.00, 0.751, 0.000, 0.000, 0.000,0,0,0, 44.94, 0.751, 0.00, 0.000, 0.00, 0.000, 0.00, 0.000
31482,335840, 45.11, 0.00, 0.990, 0.000, 0.000, 0.000,0,0,0, 45.11, 0.990, 0.00, 0.000, 0.00, 0.000, 0.00, 0.000
31483,335850, 35.39, 0.00, 0.612, 0.000, 0.000, 0.000,0,0,0, 35.39, 0.612, 45.28, 0.596, 0.00, 0.000, 0.00, 0.000
31484,335861, 35.39, 0.00, 0.668, 0.000, 0.000, 0.000,0,0,0, 35.39, 0.668, 43.01, 0.576, 0.00, 0.000, 0.00, 0.000
31485,335872, 43.32, 0.00, 0.819, 0.000, 0.000, 0.000,0,0,0, 43.32, 0.819, 0.00, 0.000, 0.00, 0.000, 0.00, 0.000
31486,335882, 44.94, 0.00, 0.698, 0.000, 0.000, 0.000,0,0,0, 44.94, 0.698, 0.00, 0.000, 0.00, 0.000, 0.00, 0.000
31487,335893, 31.16, 0.00, 0.820, 0.000, 0.000, 0.000,0,0,0, 31.16, 0.820, 44.60, 0.286, 0.00, 0.000, 0.00, 0.000
31488,335904, 34.48, 0.00, 0.865, 0.000, 0.000, 0.000,0,0,0, 34.48, 0.865, 38.46, 0.433, 0.00, 0.000, 0.00, 0.000
31489,335914, 35.71, 0.00, 0.728, 0.000, 0.000, 0.000,0,0,0, 35.71, 0.728, 41.95, 0.587, 0.00, 0.000, 0.00, 0.000
31490,335925, 43.63, 0.00, 0.625, 0.000, 0.000, 0.000,0,0,0, 43.63, 0.625, 34.28, 0.194, 176.47, 0.172, 0.00, 0.000
31491,335936, 39.21, 0.00, 0.577, 0.000, 0.000, 0.000,0,0,0, 39.21, 0.577, 44.28, 0.541, 48.38, 0.339, 47.80, 0.337
31492,335946, 35.82, 0.00, 0.700, 0.000, 0.000, 0.000,0,0,0, 35.82, 0.700, 44.60, 0.305, 176.47, 0.200, 0.00, 0.000
31493,335957, 171.42, 0.00, 0.235, 0.000, 0.000, 0.000,0,0,0, 171.42, 0.235, 44.77, 0.177, 0.00, 0.000, 0.00, 0.000
31494,335968, 31.16, 0.00, 0.642, 0.000, 0.000, 0.000,0,0,0, 31.16, 0.642, 43.63, 0.529, 0.00, 0.000, 0.00, 0.000
31495,335978, 43.47, 0.00, 0.699, 0.000, 0.000, 0.000,0,0,0, 43.47, 0.699, 32.60, 0.442, 0.00, 0.000, 0.00, 0.000
31496,335989, 48.58, 0.00, 0.656, 0.000, 0.000, 0.000,0,0,0, 48.58, 0.656, 44.77, 0.649, 45.28, 0.649, 0.00, 0.000
31497,336000, 31.25, 0.00, 0.749, 0.000, 0.000, 0.000,0,0,0, 31.25, 0.749, 48.78, 0.500, 98.36, 0.394, 0.00, 0.000
31498,336010, 38.33, 0.00, 0.621, 0.000, 0.000, 0.000,0,0,0, 38.33, 0.621, 99.17, 0.222, 62.50, 0.159, 42.55, 0.050
31499,336021, 39.08, 0.00, 0.449, 0.000, 0.000, 0.000,0,0,0, 39.08, 0.449, 31.57, 0.383, 31.83, 0.383, 36.69, 0.346
31500,336032, 63.15, 0.00, 0.180, 0.000, 0.000, 0.000,0,0,0, 63.15, 0.180, 37.73, 0.083, 0.00, 0.000, 0.00, 0.000
31501,336042, 37.73, 0.00, 0.556, 0.000, 0.000, 0.000,0,0,0, 37.73, 0.556, 34.68, 0.450, 0.00, 0.000, 0.00, 0.000
31502,336053, 47.05, 0.00, 0.598, 0.000, 0.000, 0.000,0,0,0, 47.05, 0.598, 0.00, 0.000, 0.00, 0.000, 0.00, 0.000
31503,336064, 31.66, 0.00, 0.469, 0.000, 0.000, 0.000,0,0,0, 31.66, 0.469, 51.72, 0.446, 41.37, 0.337, 45.28, 0.332
31504,336074, 44.44, 0.00, 0.487, 0.000, 0.000, 0.000,0,0,0, 44.44, 0.487, 95.23, 0.329, 87.59, 0.301, 0.00, 0.000
31505,336085, 94.48, 0.00, 0.628, 0.000, 0.000, 0.000,0,0,0, 94.48, 0.628, 45.45, 0.599, 30.45, 0.451, 0.00, 0.000
31506,336096, 98.36, 0.00, 0.875, 0.000, 0.000, 0.000,0,0,0, 98.36, 0.875, 48.97, 0.732, 31.33, 0.696, 33.05, 0.642
31507,336106, 98.36, 0.00, 0.672, 0.000, 0.000, 0.000,0,0,0, 98.36, 0.672, 47.05, 0.463, 0.00, 0.000, 0.00, 0.000
31508,336117, 32.69, 0.00, 0.526, 0.000, 0.000, 0.000,0,0,0, 32.69, 0.526, 100.00, 0.346, 48.58, 0.227, 0.00, 0.000
31509,336128, 33.33, 0.00, 0.757, 0.000, 0.000, 0.000,0,0,0, 33.33, 0.757, 48.00, 0.298, 0.00, 0.000, 0.00, 0.000
31510,336138, 31.33, 0.00, 0.999, 0.000, 0.000, 0.000,0,0,0, 31.33, 0.999, 0.00, 0.000, 0.00, 0.000, 0.00, 0.000
31511,336149, 30.84, 0.00, 0.800, 0.000, 0.000, 0.000,0,0,0, 30.84, 0.800, 37.97, 0.416, 0.00, 0.000, 0.00, 0.000
31512,336160, 37.97, 0.00, 0.771, 0.000, 0.000, 0.000,0,0,0, 37.97, 0.771, 31.25, 0.491, 187.50, 0.139, 0.00, 0.000
31513,336170, 42.70, 0.00, 0.849, 0.000, 0.000, 0.000,0,0,0, 42.70, 0.849, 190.47, 0.082, 0.00, 0.000, 0.00, 0.000
31514,336181, 32.34, 0.00, 0.733, 0.000, 0.000, 0.000,0,0,0, 32.34, 0.733, 42.55, 0.586, 39.47, 0.569, 187.50, 0.103
31515,336192, 38.96, 0.00, 0.675, 0.000, 0.000, 0.000,0,0,0, 38.96, 0.675, 33.80, 0.411, 0.00, 0.000, 0.00, 0.000
31516,336202, 38.33, 0.00, 0.995, 0.000, 0.000, 0.000,0,0,0, 38.33, 0.995, 0.00, 0.000, 0.00, 0.000, 0.00, 0.000
31517,336213, 37.03, 0.00, 0.999, 0.000, 0.000, 0.000,0,0,0, 37.03, 0.999, 0.00, 0.000, 0.00, 0.000, 0.00, 0.000
31518,336224, 30.22, 0.00, 0.884, 0.000, 0.000, 0.000,0,0,0, 30.22, 0.884, 40.00, 0.345, 0.00, 0.000, 0.00, 0.000
31519,336234, 33.42, 0.00, 0.633, 0.000, 0.000, 0.000,0,0,0, 33.42, 0.633, 43.95, 0.398, 92.30, 0.006, 0.00, 0.000
31520,336245, 43.95, 0.00, 0.370, 0.000, 0.000, 0.000,0,0,0, 43.95, 0.370, 90.90, 0.170, 0.00, 0.000, 0.00, 0.000
31521,336256, 44.11, 0.00, 0.485, 0.000, 0.000, 0.000,0,0,0, 44.11, 0.485, 90.22, 0.213, 0.00, 0.000, 0.00, 0.000
31522,336266, 44.28, 0.00, 0.379, 0.000, 0.000, 0.000,0,0,0, 44.28, 0.379, 112.14, 0.170, 0.00, 0.000, 0.00, 0.000
31523,336277, 31.16, 0.00, 0.832, 0.000, 0.000, 0.000,0,0,0, 31.16, 0.832, 39.86, 0.411, 0.00, 0.000, 0.00, 0.000
31524,336288, 39.86, 0.00, 0.926, 0.000, 0.000, 0.000,0,0,0, 39.86, 0.926, 0.00, 0.000, 0.00, 0.000, 0.00, 0.000
31525,336298, 39.86, 0.00, 0.891, 0.000, 0.000, 0.000,0,0,0, 39.86, 0.891, 45.62, 0.553, 0.00, 0.000, 0.00, 0.000
31526,336309, 30.15, 0.00, 0.994, 0.000, 0.000, 0.000,0,0,0, 30.15, 0.994, 39.73, 0.360, 46.15, 0.275, 0.00, 0.000
31527,336320, 48.78, 0.00, 0.322, 0.000, 0.000, 0.000,0,0,0, 48.78, 0.322, 127.65, 0.193, 0.00, 0.000, 0.00, 0.000
31528,336330, 30.69, 0.00, 0.498, 0.000, 0.000, 0.000,0,0,0, 30.69, 0.498, 32.87, 0.395, 47.24, 0.339, 125.00, 0.129
31529,336341, 44.44, 0.00, 0.914, 0.000, 0.000, 0.000,0,0,0, 44.44, 0.914, 0.00, 0.000, 0.00, 0.000, 0.00, 0.000
31530,336352, 39.08, 0.00, 0.589, 0.000, 0.000, 0.000,0,0,0, 39.08, 0.589, 0.00, 0.000, 0.00, 0.000, 0.00, 0.000
31531,336362, 400.00, 0.00, 0.373, 0.000, 0.000, 0.000,0,0,0, 400.00, 0.373, 0.00, 0.000, 0.00, 0.000, 0.00, 0.000
31532,336373, 30.00, 0.00, 0.853, 0.000, 0.000, 0.000,0,0,0, 30.00, 0.853, 0.00, 0.000, 0.00, 0.000, 0.00, 0.000
31533,336384, 400.00, 0.00, 0.541, 0.000, 0.000, 0.000,0,0,0, 400.00, 0.541, 0.00, 0.000, 0.00, 0.000, 0.00, 0.000
31534,336394, 35.50, 0.00, 0.488, 0.000, 0.000, 0.000,0,0,0, 35.50, 0.488, 31.66, 0.482, 33.33, 0.337, 148.14, 0.250
31535,336405, 35.39, 0.00, 0.894, 0.000, 0.000, 0.000,0,0,0, 35.39, 0.894, 244.89, 0.160, 137.93, 0.127, 0.00, 0.000
31536,336416, 46.87, 0.00, 0.682, 0.000, 0.000, 0.000,0,0,0, 46.87, 0.682, 38.83, 0.479, 240.00, 0.143, 137.93, 0.045
31537,336426, 47.24, 0.00, 0.584, 0.000, 0.000, 0.000,0,0,0, 47.24, 0.584, 39.86, 0.378, 71.85, 0.101, 255.31, 0.004
31538,336437, 44.94, 0.00, 0.362, 0.000, 0.000, 0.000,0,0,0, 44.94, 0.362, 71.42, 0.071, 0.00, 0.000, 0.00, 0.000
31539,336448, 32.60, 0.00, 0.369, 0.000, 0.000, 0.000,0,0,0, 32.60, 0.369, 71.00, 0.362, 40.13, 0.332, 54.05, 0.302
31540,336458, 32.17, 0.00, 0.624, 0.000, 0.000, 0.000,0,0,0, 32.17, 0.624, 0.00, 0.000, 0.00, 0.000, 0.00, 0.000
31541,336469, 31.49, 0.00, 1.000, 0.000, 0.000, 0.000,0,0,0, 31.49, 1.000, 30.53, 1.000, 30.37, 1.000, 30.07, 1.000
31542,336480, 31.57, 0.00, 0.974, 0.000, 0.000, 0.000,0,0,0, 31.57, 0.974, 0.00, 0.000, 0.00, 0.000, 0.00, 0.000
31543,336490, 30.07, 0.00, 0.995, 0.000, 0.000, 0.000,0,0,0, 30.07, 0.995, 0.00, 0.000, 0.00, 0.000, 0.00, 0.000
31544,336501, 400.00, 0.00, 0.681, 0.000, 0.000, 0.000,0,0,0, 400.00, 0.681, 0.00, 0.000, 0.00, 0.000, 0.00, 0.000
31545,336512, 400.00, 0.00, 0.565, 0.000, 0.000, 0.000,0,0,0, 400.00, 0.565, 0.00, 0.000, 0.00, 0.000, 0.00, 0.000
31546,336522, 400.00, 0.00, 0.687, 0.000, 0.000, 0.000,0,0,0, 400.00, 0.687, 0.00, 0.000, 0.00, 0.000, 0.00, 0.000
31547,336533, 400.00, 0.00, 0.565, 0.000, 0.000, 0.000,0,0,0, 400.00, 0.565, 0.00, 0.000, 0.00, 0.000, 0.00, 0.000
31548,336544, 400.00, 0.00, 0.559, 0.000, 0.000, 0.000,0,0,0, 400.00, 0.559, 0.00, 0.000, 0.00, 0.000, 0.00, 0.000
31549,336554, 400.00, 0.00, 0.580, 0.000, 0.000, 0.000,0,0,0, 400.00, 0.580, 0.00, 0.000, 0.00, 0.000, 0.00, 0.000
31550,336565, 400.00, 0.00, 0.570, 0.000, 0.000, 0.000,0,0,0, 400.00, 0.570, 0.00, 0.000, 0.00, 0.000, 0.00, 0.000
31551,336576, 400.00, 0.00, 0.570, 0.000, 0.000, 0.000,0,0,0, 400.00, 0.570, 0.00, 0.000, 0.00, 0.000, 0.00, 0.000
31552,336586, 400.00, 0.00, 0.645, 0.000, 0.000, 0.000,0,0,0, 400.00, 0.645, 0.00, 0.000, 0.00, 0.000, 0.00, 0.000
31553,336597, 106.19, 0.00, 0.506, 0.000, 0.000, 0.000,0,0,0, 106.19, 0.506, 63.15, 0.000, 0.00, 0.000, 0.00, 0.000
31554,336608, 96.77, 0.00, 0.383, 0.000, 0.000, 0.000,0,0,0, 96.77, 0.383, 0.00, 0.000, 0.00, 0.000, 0.00, 0.000
31555,336618, 96.77, 0.00, 0.328, 0.000, 0.000, 0.000,0,0,0, 96.77, 0.328, 40.67, 0.284, 0.00, 0.000, 0.00, 0.000
31556,336629, 31.33, 0.00, 0.680, 0.000, 0.000, 0.000,0,0,0, 31.33, 0.680, 45.97, 0.195, 96.77, 0.195, 0.00, 0.000
31557,336640, 164.38, 0.00, 0.358, 0.000, 0.000, 0.000,0,0,0, 164.38, 0.358, 46.33, 0.050, 0.00, 0.000, 0.00, 0.000
31558,336650, 45.62, 0.00, 0.569, 0.000, 0.000, 0.000,0,0,0, 45.62, 0.569, 35.60, 0.296, 162.16, 0.185, 0.00, 0.000
31559,336661, 45.62, 0.00, 0.413, 0.000, 0.000, 0.000,0,0,0, 45.62, 0.413, 103.44, 0.241, 250.00, 0.105, 31.49, 0.044
31560,336672, 103.44, 0.00, 0.261, 0.000, 0.000, 0.000,0,0,0, 103.44, 0.261, 66.29, 0.122, 0.00, 0.000, 0.00, 0.000
31561,336682, 30.76, 0.00, 0.461, 0.000, 0.000, 0.000,0,0,0, 30.76, 0.461, 104.34, 0.263, 218.18, 0.094, 0.00, 0.000
31562,336693, 31.25, 0.00, 0.989, 0.000, 0.000, 0.000,0,0,0, 31.25, 0.989, 0.00, 0.000, 0.00, 0.000, 0.00, 0.000
31563,336704, 44.11, 0.00, 0.765, 0.000, 0.000, 0.000,0,0,0, 44.11, 0.765, 36.25, 0.339, 222.22, 0.005, 0.00, 0.000
31564,336714, 44.28, 0.00, 0.655, 0.000, 0.000, 0.000,0,0,0, 44.28, 0.655, 31.83, 0.614, 0.00, 0.000, 0.00, 0.000
31565,336725, 30.76, 0.00, 0.452, 0.000, 0.000, 0.000,0,0,0, 30.76, 0.452, 99.17, 0.335, 44.77, 0.276, 0.00, 0.000
31566,336736, 94.48, 0.00, 0.686, 0.000, 0.000, 0.000,0,0,0, 94.48, 0.686, 32.34, 0.590, 48.58, 0.533, 0.00, 0.000
31567,336746, 94.48, 0.00, 0.737, 0.000, 0.000, 0.000,0,0,0, 94.48, 0.737, 48.38, 0.572, 32.69, 0.362, 0.00, 0.000
31568,336757, 30.37, 0.00, 0.707, 0.000, 0.000, 0.000,0,0,0, 30.37, 0.707, 93.02, 0.703, 47.43, 0.656, 0.00, 0.000
31569,336768, 31.00, 0.00, 0.865, 0.000, 0.000, 0.000,0,0,0, 31.00, 0.865, 46.33, 0.762, 93.02, 0.741, 0.00, 0.000
31570,336778, 93.02, 0.00, 0.876, 0.000, 0.000, 0.000,0,0,0, 93.02, 0.876, 46.69, 0.818, 30.92, 0.671, 0.00, 0.000
31571,336789, 93.02, 0.00, 0.827, 0.000, 0.000, 0.000,0,0,0, 93.02, 0.827, 46.69, 0.706, 32.43, 0.374, 0.00, 0.000
31572,336800, 31.91, 0.00, 0.792, 0.000, 0.000, 0.000,0,0,0, 31.91, 0.792, 93.75, 0.650, 47.43, 0.629, 0.00, 0.000
31573,336810, 48.00, 0.00, 0.724, 0.000, 0.000, 0.000,0,0,0, 48.00, 0.724, 90.90, 0.276, 0.00, 0.000, 0.00, 0.000
31574,336821, 100.84, 0.00, 0.226, 0.000, 0.000, 0.000,0,0,0, 100.84, 0.226, 32.69, 0.157, 60.60, 0.058, 0.00, 0.000
31575,336832, 0.00, 0.00, 0.000, 0.000, 0.000, 0.000,0,0,0, 0.00, 0.000, 0.00, 0.000, 0.00, 0.000, 0.00, 0.000
31576,336842, 179.10, 0.00, 0.531, 0.000, 0.000, 0.000,0,0,0, 179.10, 0.531, 82.75, 0.390, 31.57, 0.116, 0.00, 0.000
31577,336853, 78.94, 0.00, 0.433, 0.000, 0.000, 0.000,0,0,0, 78.94, 0.433, 37.85, 0.206, 54.05, 0.190, 181.81, 0.179
31578,336864, 30.22, 0.00, 0.913, 0.000, 0.000, 0.000,0,0,0, 30.22, 0.913, 36.14, 0.241, 54.29, 0.229, 72.72, 0.200
31579,336874, 48.19, 0.00, 0.616, 0.000, 0.000, 0.000,0,0,0, 48.19, 0.616, 30.61, 0.450, 36.14, 0.081, 0.00, 0.000
31580,336885, 32.60, 0.00, 0.569, 0.000, 0.000, 0.000,0,0,0, 32.60, 0.569, 48.38, 0.329, 38.70, 0.191, 210.52, 0.182
31581,336896, 43.47, 0.00, 0.536, 0.000, 0.000, 0.000,0,0,0, 43.47, 0.536, 37.03, 0.418, 86.95, 0.172, 210.52, 0.098
31582,336906, 33.42, 0.00, 0.717, 0.000, 0.000, 0.000,0,0,0, 33.42, 0.717, 40.13, 0.592, 48.78, 0.232, 203.38, 0.147
31583,336917, 40.26, 0.00, 0.835, 0.000, 0.000, 0.000,0,0,0, 40.26, 0.835, 146.34, 0.151, 56.33, 0.134, 32.25, 0.127
31584,336928, 41.52, 0.00, 0.499, 0.000, 0.000, 0.000,0,0,0, 41.52, 0.499, 56.60, 0.348, 92.30, 0.198, 142.85, 0.161
31585,336938, 56.33, 0.00, 0.532, 0.000, 0.000, 0.000,0,0,0, 56.33, 0.532, 30.15, 0.392, 105.26, 0.344, 37.38, 0.227
31586,336949, 52.40, 0.00, 0.668, 0.000, 0.000, 0.000,0,0,0, 52.40, 0.668, 102.56, 0.653, 34.28, 0.643, 0.00, 0.000
31587,336960, 34.68, 0.00, 0.870, 0.000, 0.000, 0.000,0,0,0, 34.68, 0.870, 52.17, 0.809, 105.26, 0.785, 0.00, 0.000
31588,336970, 102.56, 0.00, 0.433, 0.000, 0.000, 0.000,0,0,0, 102.56, 0.433, 52.40, 0.377, 30.37, 0.232, 37.73, 0.205
31589,336981, 55.04, 0.00, 0.467, 0.000, 0.000, 0.000,0,0,0, 55.04, 0.467, 38.33, 0.375, 85.71, 0.239, 34.28, 0.184
31590,336992, 54.54, 0.00, 0.620, 0.000, 0.000, 0.000,0,0,0, 54.54, 0.620, 31.00, 0.467, 162.16, 0.455, 40.81, 0.361
31591,337002, 81.63, 0.00, 0.476, 0.000, 0.000, 0.000,0,0,0, 81.63, 0.476, 40.40, 0.438, 33.51, 0.300, 56.87, 0.290
31592,337013, 35.19, 0.00, 0.688, 0.000, 0.000, 0.000,0,0,0, 35.19, 0.688, 56.60, 0.304, 86.33, 0.303, 162.16, 0.182
31593,337024, 33.99, 0.00, 0.448, 0.000, 0.000, 0.000,0,0,0, 33.99, 0.448, 56.07, 0.437, 85.10, 0.367, 45.11, 0.281
31594,337034, 56.07, 0.00, 0.670, 0.000, 0.000, 0.000,0,0,0, 56.07, 0.670, 83.33, 0.383, 34.18, 0.301, 164.38, 0.286
31595,337045, 56.07, 0.00, 0.801, 0.000, 0.000, 0.000,0,0,0, 56.07, 0.801, 83.33, 0.672, 169.01, 0.671, 41.95, 0.602
31596,337056, 176.47, 0.00, 0.778, 0.000, 0.000, 0.000,0,0,0, 176.47, 0.778, 34.28, 0.746, 57.69, 0.746, 86.95, 0.737
31597,337066, 88.23, 0.00, 0.918, 0.000, 0.000, 0.000,0,0,0, 88.23, 0.918, 176.47, 0.912, 35.29, 0.904, 44.28, 0.888
31598,337077, 35.50, 0.00, 0.973, 0.000, 0.000, 0.000,0,0,0, 35.50, 0.973, 59.11, 0.930, 176.47, 0.925, 88.88, 0.925
31599,337088, 59.11, 0.00, 0.887, 0.000, 0.000, 0.000,0,0,0, 59.11, 0.887, 35.50, 0.879, 44.44, 0.879, 179.10, 0.877
31600,337098, 44.44, 0.00, 0.903, 0.000, 0.000, 0.000,0,0,0, 44.44, 0.903, 35.50, 0.894, 176.47, 0.871, 59.40, 0.836
31601,337109, 59.70, 0.00, 0.885, 0.000, 0.000, 0.000,0,0,0, 59.70, 0.885, 36.03, 0.873, 89.55, 0.817, 173.91, 0.792
31602,337120, 35.92, 0.00, 0.883, 0.000, 0.000, 0.000,0,0,0, 35.92, 0.883, 89.55, 0.844, 44.94, 0.770, 59.70, 0.723
31603,337130, 35.19, 0.00, 0.943, 0.000, 0.000, 0.000,0,0,0, 35.19, 0.943, 88.88, 0.766, 58.53, 0.708, 44.60, 0.657
31604,337141, 35.08, 0.00, 0.858, 0.000, 0.000, 0.000,0,0,0, 35.08, 0.858, 58.25, 0.724, 88.88, 0.687, 173.91, 0.575
31605,337152, 35.60, 0.00, 0.739, 0.000, 0.000, 0.000,0,0,0, 35.60, 0.739, 59.40, 0.647, 89.55, 0.586, 176.47, 0.585
31606,337162, 60.60, 0.00, 0.691, 0.000, 0.000, 0.000,0,0,0, 60.60, 0.691, 36.92, 0.680, 30.69, 0.601, 91.60, 0.591
31607,337173, 61.53, 0.00, 0.670, 0.000, 0.000, 0.000,0,0,0, 61.53, 0.670, 37.38, 0.511, 95.23, 0.494, 36.69, 0.484
31608,337184, 60.00, 0.00, 0.528, 0.000, 0.000, 0.000,0,0,0, 60.00, 0.528, 97.56, 0.360, 171.42, 0.274, 36.92, 0.272
31609,337194, 34.68, 0.00, 0.560, 0.000, 0.000, 0.000,0,0,0, 34.68, 0.560, 55.55, 0.526, 99.17, 0.420, 125.00, 0.069
31610,337205, 34.78, 0.00, 0.725, 0.000, 0.000, 0.000,0,0,0, 34.78, 0.725, 54.29, 0.636, 99.17, 0.472, 0.00, 0.000
31611,337216, 34.98, 0.00, 0.603, 0.000, 0.000, 0.000,0,0,0, 34.98, 0.603, 55.55, 0.567, 100.00, 0.356, 0.00, 0.000
31612,337226, 54.05, 0.00, 0.656, 0.000, 0.000, 0.000,0,0,0, 54.05, 0.656, 34.28, 0.554, 103.44, 0.329, 0.00, 0.000
31613,337237, 53.57, 0.00, 0.544, 0.000, 0.000, 0.000,0,0,0, 53.57, 0.544, 39.47, 0.431, 31.83, 0.231, 141.17, 0.112
31614,337248, 39.08, 0.00, 0.750, 0.000, 0.000, 0.000,0,0,0, 39.08, 0.750, 57.41, 0.380, 110.09, 0.148, 85.10, 0.148
31615,337258, 39.08, 0.00, 0.714, 0.000, 0.000, 0.000,0,0,0, 39.08, 0.714, 55.81, 0.464, 127.65, 0.363, 0.00, 0.000
31616,337269, 55.55, 0.00, 0.608, 0.000, 0.000, 0.000,0,0,0, 55.55, 0.608, 35.08, 0.352, 104.34, 0.317, 42.10, 0.035
31617,337280, 34.18, 0.00, 0.327, 0.000, 0.000, 0.000,0,0,0, 34.18, 0.327, 50.42, 0.253, 55.04, 0.249, 125.00, 0.227
31618,337290, 46.33, 0.00, 0.407, 0.000, 0.000, 0.000,0,0,0, 46.33, 0.407, 31.91, 0.064, 107.14, 0.055, 0.00, 0.000
31619,337301, 34.09, 0.00, 0.527, 0.000, 0.000, 0.000,0,0,0, 34.09, 0.527, 203.38, 0.302, 0.00, 0.000, 0.00, 0.000
31620,337312, 32.78, 0.00, 0.996, 0.000, 0.000, 0.000,0,0,0, 32.78, 0.996, 0.00, 0.000, 0.00, 0.000, 0.00, 0.000
31621,337322, 37.97, 0.00, 0.890, 0.000, 0.000, 0.000,0,0,0, 37.97, 0.890, 0.00, 0.000, 0.00, 0.000, 0.00, 0.000
31622,337333, 37.85, 0.00, 0.861, 0.000, 0.000, 0.000,0,0,0, 37.85, 0.861, 0.00, 0.000, 0.00, 0.000, 0.00, 0.000
31623,337344, 33.99, 0.00, 0.619, 0.000, 0.000, 0.000,0,0,0, 33.99, 0.619, 51.06, 0.260, 0.00, 0.000, 0.00, 0.000
31624,337354, 33.05, 0.00, 0.630, 0.000, 0.000, 0.000,0,0,0, 33.05, 0.630, 51.50, 0.297, 104.34, 0.250, 97.56, 0.248
31625,337365, 104.34, 0.00, 0.573, 0.000, 0.000, 0.000,0,0,0, 104.34, 0.573, 50.84, 0.510, 34.48, 0.350, 0.00, 0.000
31626,337376, 106.19, 0.00, 0.796, 0.000, 0.000, 0.000,0,0,0, 106.19, 0.796, 34.28, 0.788, 52.63, 0.729, 0.00, 0.000
31627,337386, 54.05, 0.00, 0.762, 0.000, 0.000, 0.000,0,0,0, 54.05, 0.762, 107.14, 0.728, 35.82, 0.695, 0.00, 0.000
31628,337397, 57.97, 0.00, 0.680, 0.000, 0.000, 0.000,0,0,0, 57.97, 0.680, 120.00, 0.493, 38.96, 0.375, 0.00, 0.000
31629,337408, 56.07, 0.00, 0.497, 0.000, 0.000, 0.000,0,0,0, 56.07, 0.497, 142.85, 0.287, 33.89, 0.284, 40.54, 0.261
31630,337418, 54.29, 0.00, 0.533, 0.000, 0.000, 0.000,0,0,0, 54.29, 0.533, 38.96, 0.475, 150.00, 0.353, 79.47, 0.310
31631,337429, 33.80, 0.00, 0.740, 0.000, 0.000, 0.000,0,0,0, 33.80, 0.740, 54.54, 0.665, 169.01, 0.526, 42.10, 0.467
31632,337440, 173.91, 0.00, 0.433, 0.000, 0.000, 0.000,0,0,0, 173.91, 0.433, 35.39, 0.334, 60.91, 0.224, 97.56, 0.218
31633,337450, 38.96, 0.00, 0.582, 0.000, 0.000, 0.000,0,0,0, 38.96, 0.582, 63.82, 0.542, 97.56, 0.510, 48.38, 0.452
31634,337461, 101.69, 0.00, 0.521, 0.000, 0.000, 0.000,0,0,0, 101.69, 0.521, 33.89, 0.482, 64.86, 0.428, 39.86, 0.383
31635,337472, 34.58, 0.00, 0.642, 0.000, 0.000, 0.000,0,0,0, 34.58, 0.642, 102.56, 0.358, 40.67, 0.340, 51.94, 0.327
31636,337482, 39.21, 0.00, 0.421, 0.000, 0.000, 0.000,0,0,0, 39.21, 0.421, 37.03, 0.373, 95.23, 0.328, 58.82, 0.140
31637,337493, 37.73, 0.00, 0.582, 0.000, 0.000, 0.000,0,0,0, 37.73, 0.582, 32.25, 0.575, 60.00, 0.569, 46.51, 0.298
31638,337504, 60.00, 0.00, 0.433, 0.000, 0.000, 0.000,0,0,0, 60.00, 0.433, 45.80, 0.426, 37.61, 0.417, 181.81, 0.299
31639,337514, 38.96, 0.00, 0.461, 0.000, 0.000, 0.000,0,0,0, 38.96, 0.461, 52.63, 0.329, 100.84, 0.166, 193.54, 0.164
31640,337525, 39.21, 0.00, 0.497, 0.000, 0.000, 0.000,0,0,0, 39.21, 0.497, 33.24, 0.428, 33.99, 0.428, 65.57, 0.247
31641,337536, 35.08, 0.00, 0.599, 0.000, 0.000, 0.000,0,0,0, 35.08, 0.599, 54.79, 0.299, 98.36, 0.256, 44.60, 0.042
31642,337546, 33.89, 0.00, 0.483, 0.000, 0.000, 0.000,0,0,0, 33.89, 0.483, 98.36, 0.376, 54.54, 0.304, 127.65, 0.164
31643,337557, 112.14, 0.00, 0.363, 0.000, 0.000, 0.000,0,0,0, 112.14, 0.363, 52.17, 0.288, 32.52, 0.283, 0.00, 0.000
31644,337568, 111.11, 0.00, 0.453, 0.000, 0.000, 0.000,0,0,0, 111.11, 0.453, 59.40, 0.209, 32.43, 0.087, 39.47, 0.058
31645,337578, 110.09, 0.00, 0.427, 0.000, 0.000, 0.000,0,0,0, 110.09, 0.427, 31.83, 0.172, 33.51, 0.163, 0.00, 0.000
31646,337589, 31.57, 0.00, 0.456, 0.000, 0.000, 0.000,0,0,0, 31.57, 0.456, 0.00, 0.000, 0.00, 0.000, 0.00, 0.000
31647,337600, 37.97, 0.00, 0.588, 0.000, 0.000, 0.000,0,0,0, 37.97, 0.588, 59.40, 0.468, 72.28, 0.294, 266.66, 0.059
31648,337610, 39.86, 0.00, 0.429, 0.000, 0.000, 0.000,0,0,0, 39.86, 0.429, 59.40, 0.342, 34.68, 0.140, 47.05, 0.120
31649,337621, 50.20, 0.00, 0.475, 0.000, 0.000, 0.000,0,0,0, 50.20, 0.475, 41.09, 0.352, 39.86, 0.351, 80.53, 0.120
31650,337632, 51.06, 0.00, 0.490, 0.000, 0.000, 0.000,0,0,0, 51.06, 0.490, 41.37, 0.377, 86.33, 0.355, 31.25, 0.333
31651,337642, 41.09, 0.00, 0.890, 0.000, 0.000, 0.000,0,0,0, 41.09, 0.890, 85.71, 0.408, 79.47, 0.393, 0.00, 0.000
31652,337653, 41.52, 0.00, 0.530, 0.000, 0.000, 0.000,0,0,0, 41.52, 0.530, 30.53, 0.420, 80.00, 0.327, 44.11, 0.267
31653,337664, 40.67, 0.00, 0.797, 0.000, 0.000, 0.000,0,0,0, 40.67, 0.797, 81.63, 0.230, 65.93, 0.195, 105.26, 0.113
31654,337674, 40.26, 0.00, 0.843, 0.000, 0.000, 0.000,0,0,0, 40.26, 0.843, 103.44, 0.369, 65.21, 0.243, 81.63, 0.134
31655,337685, 40.13, 0.00, 0.717, 0.000, 0.000, 0.000,0,0,0, 40.13, 0.717, 66.29, 0.403, 100.84, 0.167, 44.28, 0.080
31656,337696, 40.81, 0.00, 0.932, 0.000, 0.000, 0.000,0,0,0, 40.81, 0.932, 103.44, 0.415, 66.29, 0.273, 82.75, 0.020
31657,337706, 41.09, 0.00, 0.929, 0.000, 0.000, 0.000,0,0,0, 41.09, 0.929, 67.03, 0.416, 106.19, 0.207, 82.75, 0.057
31658,337717, 41.23, 0.00, 0.930, 0.000, 0.000, 0.000,0,0,0, 41.23, 0.930, 67.03, 0.312, 106.19, 0.293, 82.19, 0.212
31659,337728, 41.37, 0.00, 0.933, 0.000, 0.000, 0.000,0,0,0, 41.37, 0.933, 66.66, 0.272, 108.10, 0.251, 83.33, 0.222
31660,337738, 41.23, 0.00, 0.939, 0.000, 0.000, 0.000,0,0,0, 41.23, 0.939, 65.57, 0.254, 81.63, 0.228, 69.76, 0.217
31661,337749, 41.37, 0.00, 0.899, 0.000, 0.000, 0.000,0,0,0, 41.37, 0.899, 106.19, 0.358, 84.50, 0.246, 65.93, 0.204
31662,337760, 41.37, 0.00, 0.973, 0.000, 0.000, 0.000,0,0,0, 41.37, 0.973, 68.96, 0.405, 81.63, 0.138, 103.44, 0.116
31663,337770, 41.23, 0.00, 0.993, 0.000, 0.000, 0.000,0,0,0, 41.23, 0.993, 103.44, 0.452, 67.79, 0.220, 84.50, 0.142
31664,337781, 41.37, 0.00, 0.998, 0.000, 0.000, 0.000,0,0,0, 41.37, 0.998, 68.96, 0.406, 107.14, 0.229, 80.53, 0.155
31665,337792, 41.52, 0.00, 0.994, 0.000, 0.000, 0.000,0,0,0, 41.52, 0.994, 104.34, 0.437, 68.57, 0.203, 84.50, 0.158
31666,337802, 41.52, 0.00, 0.983, 0.000, 0.000, 0.000,0,0,0, 41.52, 0.983, 68.57, 0.320, 83.33, 0.265, 105.26, 0.194
31667,337813, 41.37, 0.00, 0.989, 0.000, 0.000, 0.000,0,0,0, 41.37, 0.989, 82.75, 0.337, 68.57, 0.281, 104.34, 0.261
31668,337824, 41.52, 0.00, 0.987, 0.000, 0.000, 0.000,0,0,0, 41.52, 0.987, 105.26, 0.344, 82.75, 0.337, 68.96, 0.200
31669,337834, 41.37, 0.00, 0.982, 0.000, 0.000, 0.000,0,0,0, 41.37, 0.982, 82.75, 0.343, 67.79, 0.299, 104.34, 0.203
31670,337845, 41.23, 0.00, 0.984, 0.000, 0.000, 0.000,0,0,0, 41.23, 0.984, 104.34, 0.413, 67.79, 0.280, 82.75, 0.260
31671,337856, 41.23, 0.00, 0.985, 0.000, 0.000, 0.000,0,0,0, 41.23, 0.985, 68.57, 0.445, 81.63, 0.203, 104.34, 0.131
31672,337866, 41.37, 0.00, 0.996, 0.000, 0.000, 0.000,0,0,0, 41.37, 0.996, 104.34, 0.474, 83.91, 0.238, 68.57, 0.186
31673,337877, 41.37, 0.00, 0.988, 0.000, 0.000, 0.000,0,0,0, 41.37, 0.988, 68.96, 0.376, 81.63, 0.254, 103.44, 0.208
31674,337888, 41.37, 0.00, 0.996, 0.000, 0.000, 0.000,0,0,0, 41.37, 0.996, 103.44, 0.380, 84.50, 0.313, 68.96, 0.265
31675,337898, 41.37, 0.00, 0.991, 0.000, 0.000, 0.000,0,0,0, 41.37, 0.991, 81.08, 0.421, 68.96, 0.339, 103.44, 0.206
31676,337909, 41.23, 0.00, 0.987, 0.000, 0.000, 0.000,0,0,0, 41.23, 0.987, 85.10, 0.401, 68.96, 0.295, 102.56, 0.277
31677,337920, 41.37, 0.00, 0.996, 0.000, 0.000, 0.000,0,0,0, 41.37, 0.996, 104.34, 0.411, 80.00, 0.377, 69.36, 0.245
31678,337930, 41.37, 0.00, 0.985, 0.000, 0.000, 0.000,0,0,0, 41.37, 0.985, 69.36, 0.352, 86.33, 0.326, 103.44, 0.225
31679,337941, 41.52, 0.00, 0.996, 0.000, 0.000, 0.000,0,0,0, 41.52, 0.996, 103.44, 0.432, 68.96, 0.320, 86.95, 0.228
31680,337952, 41.37, 0.00, 0.988, 0.000, 0.000, 0.000,0,0,0, 41.37, 0.988, 69.36, 0.474, 101.69, 0.227, 86.33, 0.209
31681,337962, 41.37, 0.00, 0.995, 0.000, 0.000, 0.000,0,0,0, 41.37, 0.995, 103.44, 0.500, 78.43, 0.217, 69.36, 0.208
31682,337973, 41.37, 0.00, 0.994, 0.000, 0.000, 0.000,0,0,0, 41.37, 0.994, 69.36, 0.375, 77.41, 0.277, 88.23, 0.259
31683,337984, 41.37, 0.00, 0.994, 0.000, 0.000, 0.000,0,0,0, 41.37, 0.994, 88.88, 0.370, 103.44, 0.356, 68.96, 0.303
31684,337994, 41.37, 0.00, 0.981, 0.000, 0.000, 0.000,0,0,0, 41.37, 0.981, 76.92, 0.400, 68.96, 0.312, 88.88, 0.264
31685,338005, 41.37, 0.00, 0.977, 0.000, 0.000, 0.000,0,0,0, 41.37, 0.977, 90.22, 0.375, 102.56, 0.320, 69.36, 0.295
31686,338016, 41.37, 0.00, 0.989, 0.000, 0.000, 0.000,0,0,0, 41.37, 0.989, 103.44, 0.436, 75.47, 0.367, 0.00, 0.000
31687,338026, 41.37, 0.00, 0.984, 0.000, 0.000, 0.000,0,0,0, 41.37, 0.984, 69.76, 0.423, 90.90, 0.306, 101.69, 0.244
31688,338037, 41.37, 0.00, 0.988, 0.000, 0.000, 0.000,0,0,0, 41.37, 0.988, 102.56, 0.455, 69.36, 0.316, 0.00, 0.000
31689,338048, 41.37, 0.00, 0.994, 0.000, 0.000, 0.000,0,0,0, 41.37, 0.994, 69.76, 0.478, 102.56, 0.261, 91.60, 0.237
31690,338058, 41.37, 0.00, 0.998, 0.000, 0.000, 0.000,0,0,0, 41.37, 0.998, 102.56, 0.521, 75.00, 0.266, 0.00, 0.000
31691,338069, 41.37, 0.00, 0.998, 0.000, 0.000, 0.000,0,0,0, 41.37, 0.998, 70.17, 0.397, 73.61, 0.396, 91.60, 0.261
31692,338080, 41.37, 0.00, 0.991, 0.000, 0.000, 0.000,0,0,0, 41.37, 0.991, 92.30, 0.456, 100.84, 0.382, 70.58, 0.370
31693,338090, 41.37, 0.00, 0.985, 0.000, 0.000, 0.000,0,0,0, 41.37, 0.985, 74.07, 0.460, 93.02, 0.342, 0.00, 0.000
31694,338101, 41.37, 0.00, 0.981, 0.000, 0.000, 0.000,0,0,0, 41.37, 0.981, 93.75, 0.436, 70.58, 0.331, 72.72, 0.327
31695,338112, 41.37, 0.00, 0.986, 0.000, 0.000, 0.000,0,0,0, 41.37, 0.986, 100.84, 0.437, 73.61, 0.414, 71.00, 0.373
31696,338122, 41.37, 0.00, 0.990, 0.000, 0.000, 0.000,0,0,0, 41.37, 0.990, 71.00, 0.505, 94.48, 0.310, 0.00, 0.000
31697,338133, 41.37, 0.00, 0.996, 0.000, 0.000, 0.000,0,0,0, 41.37, 0.996, 100.00, 0.504, 71.00, 0.302, 0.00, 0.000
31698,338144, 41.37, 0.00, 0.996, 0.000, 0.000, 0.000,0,0,0, 41.37, 0.996, 71.00, 0.515, 96.00, 0.323, 0.00, 0.000
31699,338154, 41.37, 0.00, 0.997, 0.000, 0.000, 0.000,0,0,0, 41.37, 0.997, 98.36, 0.568, 72.72, 0.344, 0.00, 0.000
31700,338165, 41.23, 0.00, 0.988, 0.000, 0.000, 0.000,0,0,0, 41.23, 0.988, 71.42, 0.496, 96.00, 0.297, 0.00, 0.000
31701,338176, 41.37, 0.00, 0.986, 0.000, 0.000, 0.000,0,0,0, 41.37, 0.986, 97.56, 0.517, 71.42, 0.430, 0.00, 0.000
31702,338186, 41.37, 0.00, 0.988, 0.000, 0.000, 0.000,0,0,0, 41.37, 0.988, 71.42, 0.518, 98.36, 0.431, 0.00, 0.000
31703,338197, 41.37, 0.00, 0.971, 0.000, 0.000, 0.000,0,0,0, 41.37, 0.971, 99.17, 0.473, 71.42, 0.416, 0.00, 0.000
31704,338208, 41.66, 0.00, 0.965, 0.000, 0.000, 0.000,0,0,0, 41.66, 0.965, 100.00, 0.484, 71.42, 0.375, 0.00, 0.000
31705,338218, 41.66, 0.00, 0.858, 0.000, 0.000, 0.000,0,0,0, 41.66, 0.858, 70.58, 0.476, 99.17, 0.177, 0.00, 0.000
31706,338229, 31.74, 0.00, 0.676, 0.000, 0.000, 0.000,0,0,0, 31.74, 0.676, 42.70, 0.627, 102.56, 0.241, 69.36, 0.130
31707,338240, 45.28, 0.00, 0.702, 0.000, 0.000, 0.000,0,0,0, 45.28, 0.702, 70.17, 0.055, 0.00, 0.000, 0.00, 0.000
31708,338250, 45.11, 0.00, 0.722, 0.000, 0.000, 0.000,0,0,0, 45.11, 0.722, 33.89, 0.439, 0.00, 0.000, 0.00, 0.000
31709,338261, 45.28, 0.00, 0.740, 0.000, 0.000, 0.000,0,0,0, 45.28, 0.740, 0.00, 0.000, 0.00, 0.000, 0.00, 0.000
31710,338272, 48.00, 0.00, 0.706, 0.000, 0.000, 0.000,0,0,0, 48.00, 0.706, 41.95, 0.665, 0.00, 0.000, 0.00, 0.000
31711,338282, 48.00, 0.00, 0.718, 0.000, 0.000, 0.000,0,0,0, 48.00, 0.718, 42.40, 0.676, 0.00, 0.000, 0.00, 0.000
31712,338293, 41.95, 0.00, 0.992, 0.000, 0.000, 0.000,0,0,0, 41.95, 0.992, 0.00, 0.000, 0.00, 0.000, 0.00, 0.000
31713,338304, 42.25, 0.00, 0.958, 0.000, 0.000, 0.000,0,0,0, 42.25, 0.958, 0.00, 0.000, 0.00, 0.000, 0.00, 0.000
31714,338314, 42.40, 0.00, 0.973, 0.000, 0.000, 0.000,0,0,0, 42.40, 0.973, 0.00, 0.000, 0.00, 0.000, 0.00, 0.000
31715,338325, 42.10, 0.00, 0.968, 0.000, 0.000, 0.000,0,0,0, 42.10, 0.968, 49.58, 0.294, 0.00, 0.000, 0.00, 0.000
31716,338336, 41.37, 0.00, 0.794, 0.000, 0.000, 0.000,0,0,0, 41.37, 0.794, 33.70, 0.314, 190.47, 0.156, 49.38, 0.109
31717,338346, 41.52, 0.00, 0.505, 0.000, 0.000, 0.000,0,0,0, 41.52, 0.505, 34.28, 0.324, 179.10, 0.261, 54.54, 0.248
31718,338357, 169.01, 0.00, 0.545, 0.000, 0.000, 0.000,0,0,0, 169.01, 0.545, 40.95, 0.371, 53.81, 0.328, 56.87, 0.324
31719,338368, 166.66, 0.00, 0.736, 0.000, 0.000, 0.000,0,0,0, 166.66, 0.736, 41.81, 0.694, 55.81, 0.635, 32.96, 0.586
31720,338378, 169.01, 0.00, 0.828, 0.000, 0.000, 0.000,0,0,0, 169.01, 0.828, 33.24, 0.789, 41.81, 0.749, 84.50, 0.707
31721,338389, 33.70, 0.00, 0.886, 0.000, 0.000, 0.000,0,0,0, 33.70, 0.886, 166.66, 0.804, 41.81, 0.792, 55.81, 0.760
31722,338400, 41.81, 0.00, 0.888, 0.000, 0.000, 0.000,0,0,0, 41.81, 0.888, 55.55, 0.834, 33.70, 0.777, 171.42, 0.776
31723,338410, 55.04, 0.00, 0.829, 0.000, 0.000, 0.000,0,0,0, 55.04, 0.829, 166.66, 0.775, 41.52, 0.741, 83.33, 0.694
31724,338421, 33.05, 0.00, 0.924, 0.000, 0.000, 0.000,0,0,0, 33.05, 0.924, 54.79, 0.804, 41.37, 0.788, 162.16, 0.777
31725,338432, 55.55, 0.00, 0.793, 0.000, 0.000, 0.000,0,0,0, 55.55, 0.793, 41.66, 0.790, 169.01, 0.720, 83.33, 0.632
31726,338442, 56.07, 0.00, 0.878, 0.000, 0.000, 0.000,0,0,0, 56.07, 0.878, 33.89, 0.766, 41.95, 0.761, 164.38, 0.698
31727,338453, 41.52, 0.00, 0.891, 0.000, 0.000, 0.000,0,0,0, 41.52, 0.891, 33.24, 0.801, 55.55, 0.755, 166.66, 0.711
31728,338464, 41.23, 0.00, 0.857, 0.000, 0.000, 0.000,0,0,0, 41.23, 0.857, 55.04, 0.831, 166.66, 0.755, 82.75, 0.697
31729,338474, 55.04, 0.00, 0.850, 0.000, 0.000, 0.000,0,0,0, 55.04, 0.850, 41.37, 0.832, 166.66, 0.752, 82.19, 0.733
31730,338485, 82.75, 0.00, 0.640, 0.000, 0.000, 0.000,0,0,0, 82.75, 0.640, 42.10, 0.632, 171.42, 0.594, 55.55, 0.577
31731,338496, 166.66, 0.00, 0.423, 0.000, 0.000, 0.000,0,0,0, 166.66, 0.423, 82.19, 0.340, 57.97, 0.312, 42.25, 0.189
31732,338506, 38.83, 0.00, 0.488, 0.000, 0.000, 0.000,0,0,0, 38.83, 0.488, 32.78, 0.346, 210.52, 0.299, 0.00, 0.000
31733,338517, 31.83, 0.00, 0.746, 0.000, 0.000, 0.000,0,0,0, 31.83, 0.746, 0.00, 0.000, 0.00, 0.000, 0.00, 0.000
31734,338528, 184.61, 0.00, 0.451, 0.000, 0.000, 0.000,0,0,0, 184.61, 0.451, 34.48, 0.418, 42.55, 0.095, 95.23, 0.011
31735,338538, 164.38, 0.00, 0.509, 0.000, 0.000, 0.000,0,0,0, 164.38, 0.509, 85.71, 0.229, 33.61, 0.217, 57.69, 0.170
31736,338549, 166.66, 0.00, 0.491, 0.000, 0.000, 0.000,0,0,0, 166.66, 0.491, 83.91, 0.457, 41.95, 0.443, 55.04, 0.441
31737,338560, 33.24, 0.00, 0.781, 0.000, 0.000, 0.000,0,0,0, 33.24, 0.781, 160.00, 0.632, 42.10, 0.623, 83.33, 0.582
31738,338570, 82.75, 0.00, 0.698, 0.000, 0.000, 0.000,0,0,0, 82.75, 0.698, 55.04, 0.666, 162.16, 0.628, 40.81, 0.609
31739,338581, 55.29, 0.00, 0.897, 0.000, 0.000, 0.000,0,0,0, 55.29, 0.897, 169.01, 0.844, 82.19, 0.826, 41.52, 0.798
31740,338592, 55.29, 0.00, 0.948, 0.000, 0.000, 0.000,0,0,0, 55.29, 0.948, 41.66, 0.889, 82.19, 0.886, 169.01, 0.873
31741,338602, 55.29, 0.00, 0.934, 0.000, 0.000, 0.000,0,0,0, 55.29, 0.934, 41.66, 0.843, 83.33, 0.839, 169.01, 0.836
31742,338613, 33.24, 0.00, 0.944, 0.000, 0.000, 0.000,0,0,0, 33.24, 0.944, 41.52, 0.912, 169.01, 0.874, 55.29, 0.866
31743,338624, 41.66, 0.00, 0.923, 0.000, 0.000, 0.000,0,0,0, 41.66, 0.923, 33.51, 0.867, 169.01, 0.832, 55.29, 0.796
31744,338634, 166.66, 0.00, 0.682, 0.000, 0.000, 0.000,0,0,0, 166.66, 0.682, 82.75, 0.554, 41.81, 0.516, 54.79, 0.506
31745,338645, 42.40, 0.00, 0.651, 0.000, 0.000, 0.000,0,0,0, 42.40, 0.651, 34.28, 0.612, 176.47, 0.496, 55.29, 0.272
31746,338656, 42.55, 0.00, 0.691, 0.000, 0.000, 0.000,0,0,0, 42.55, 0.691, 55.81, 0.348, 184.61, 0.244, 34.48, 0.107
31747,338666, 54.54, 0.00, 0.459, 0.000, 0.000, 0.000,0,0,0, 54.54, 0.459, 60.00, 0.323, 193.54, 0.159, 41.95, 0.128
31748,338677, 33.14, 0.00, 0.535, 0.000, 0.000, 0.000,0,0,0, 33.14, 0.535, 54.29, 0.474, 60.30, 0.382, 68.18, 0.306
31749,338688, 53.81, 0.00, 0.417, 0.000, 0.000, 0.000,0,0,0, 53.81, 0.417, 60.30, 0.342, 32.08, 0.230, 68.18, 0.219
31750,338698, 60.00, 0.00, 0.439, 0.000, 0.000, 0.000,0,0,0, 60.00, 0.439, 48.78, 0.407, 31.33, 0.269, 260.86, 0.002
31751,338709, 51.28, 0.00, 0.418, 0.000, 0.000, 0.000,0,0,0, 51.28, 0.418, 59.40, 0.244, 33.61, 0.191, 0.00, 0.000
31752,338720, 51.72, 0.00, 0.350, 0.000, 0.000, 0.000,0,0,0, 51.72, 0.350, 69.36, 0.259, 0.00, 0.000, 0.00, 0.000
31753,338730, 42.55, 0.00, 0.339, 0.000, 0.000, 0.000,0,0,0, 42.55, 0.339, 75.94, 0.171, 157.89, 0.055, 0.00, 0.000
31754,338741, 33.33, 0.00, 0.389, 0.000, 0.000, 0.000,0,0,0, 33.33, 0.389, 42.55, 0.386, 36.92, 0.380, 31.83, 0.365
31755,338752, 324.32, 0.00, 0.375, 0.000, 0.000, 0.000,0,0,0, 324.32, 0.375, 36.69, 0.255, 155.84, 0.200, 30.45, 0.073
31756,338762, 266.66, 0.00, 0.470, 0.000, 0.000, 0.000,0,0,0, 266.66, 0.470, 157.89, 0.310, 0.00, 0.000, 0.00, 0.000
31757,338773, 218.18, 0.00, 0.384, 0.000, 0.000, 0.000,0,0,0, 218.18, 0.384, 47.43, 0.022, 0.00, 0.000, 0.00, 0.000
31758,338784, 38.33, 0.00, 0.537, 0.000, 0.000, 0.000,0,0,0, 38.33, 0.537, 46.15, 0.274, 210.52, 0.273, 33.51, 0.234
31759,338794, 32.43, 0.00, 0.904, 0.000, 0.000, 0.000,0,0,0, 32.43, 0.904, 35.39, 0.901, 38.33, 0.827, 37.03, 0.769
31760,338805, 37.61, 0.00, 0.525, 0.000, 0.000, 0.000,0,0,0, 37.61, 0.525, 32.17, 0.434, 203.38, 0.267, 93.75, 0.044
31761,338816, 272.72, 0.00, 0.475, 0.000, 0.000, 0.000,0,0,0, 272.72, 0.475, 0.00, 0.000, 0.00, 0.000, 0.00, 0.000
31762,338826, 250.00, 0.00, 0.379, 0.000, 0.000, 0.000,0,0,0, 250.00, 0.379, 31.33, 0.353, 162.16, 0.207, 0.00, 0.000
31763,338837, 160.00, 0.00, 0.316, 0.000, 0.000, 0.000,0,0,0, 160.00, 0.316, 34.18, 0.256, 75.00, 0.160, 244.89, 0.121
31764,338848, 157.89, 0.00, 0.296, 0.000, 0.000, 0.000,0,0,0, 157.89, 0.296, 75.47, 0.145, 38.58, 0.065, 35.82, 0.031
31765,338858, 37.26, 0.00, 0.517, 0.000, 0.000, 0.000,0,0,0, 37.26, 0.517, 34.58, 0.503, 30.07, 0.339, 160.00, 0.235
31766,338869, 146.34, 0.00, 0.296, 0.000, 0.000, 0.000,0,0,0, 146.34, 0.296, 30.15, 0.205, 33.80, 0.145, 75.00, 0.126
31767,338880, 260.86, 0.00, 0.264, 0.000, 0.000, 0.000,0,0,0, 260.86, 0.264, 162.16, 0.220, 36.14, 0.197, 33.61, 0.089
31768,338890, 160.00, 0.00, 0.313, 0.000, 0.000, 0.000,0,0,0, 160.00, 0.313, 255.31, 0.268, 77.41, 0.152, 97.56, 0.049
31769,338901, 155.84, 0.00, 0.328, 0.000, 0.000, 0.000,0,0,0, 155.84, 0.328, 48.78, 0.226, 76.43, 0.110, 98.36, 0.075
31770,338912, 155.84, 0.00, 0.375, 0.000, 0.000, 0.000,0,0,0, 155.84, 0.375, 48.78, 0.192, 76.43, 0.164, 0.00, 0.000
31771,338922, 34.58, 0.00, 0.352, 0.000, 0.000, 0.000,0,0,0, 34.58, 0.352, 155.84, 0.263, 83.33, 0.099, 0.00, 0.000
31772,338933, 190.47, 0.00, 0.282, 0.000, 0.000, 0.000,0,0,0, 190.47, 0.282, 34.38, 0.045, 0.00, 0.000, 0.00, 0.000
31773,338944, 400.00, 0.00, 0.542, 0.000, 0.000, 0.000,0,0,0, 400.00, 0.542, 0.00, 0.000, 0.00, 0.000, 0.00, 0.000
31774,338954, 37.26, 0.00, 0.607, 0.000, 0.000, 0.000,0,0,0, 37.26, 0.607, 32.60, 0.553, 266.66, 0.371, 0.00, 0.000
31775,338965, 37.38, 0.00, 0.733, 0.000, 0.000, 0.000,0,0,0, 37.38, 0.733, 34.38, 0.674, 272.72, 0.356, 0.00, 0.000
31776,338976, 37.03, 0.00, 0.933, 0.000, 0.000, 0.000,0,0,0, 37.03, 0.933, 279.06, 0.334, 42.25, 0.322, 0.00, 0.000
31777,338986, 37.50, 0.00, 0.851, 0.000, 0.000, 0.000,0,0,0, 37.50, 0.851, 33.05, 0.460, 42.40, 0.422, 285.71, 0.362
31778,338997, 363.63, 0.00, 0.478, 0.000, 0.000, 0.000,0,0,0, 363.63, 0.478, 36.47, 0.310, 48.19, 0.094, 0.00, 0.000
31779,339008, 30.61, 0.00, 0.537, 0.000, 0.000, 0.000,0,0,0, 30.61, 0.537, 333.33, 0.522, 162.16, 0.231, 36.92, 0.049
31780,339018, 324.32, 0.00, 0.569, 0.000, 0.000, 0.000,0,0,0, 324.32, 0.569, 160.00, 0.362, 110.09, 0.177, 81.08, 0.029
31781,339029, 315.78, 0.00, 0.416, 0.000, 0.000, 0.000,0,0,0, 315.78, 0.416, 157.89, 0.290, 110.09, 0.135, 39.47, 0.134
31782,339040, 324.32, 0.00, 0.547, 0.000, 0.000, 0.000,0,0,0, 324.32, 0.547, 164.38, 0.370, 0.00, 0.000, 0.00, 0.000
31783,339050, 279.06, 0.00, 0.352, 0.000, 0.000, 0.000,0,0,0, 279.06, 0.352, 0.00, 0.000, 0.00, 0.000, 0.00, 0.000
31784,339061, 285.71, 0.00, 0.439, 0.000, 0.000, 0.000,0,0,0, 285.71, 0.439, 0.00, 0.000, 0.00, 0.000, 0.00, 0.000
31785,339072, 400.00, 0.00, 0.569, 0.000, 0.000, 0.000,0,0,0, 400.00, 0.569, 0.00, 0.000, 0.00, 0.000, 0.00, 0.000
31786,339082, 39.60, 0.00, 0.285, 0.000, 0.000, 0.000,0,0,0, 39.60, 0.285, 93.75, 0.268, 0.00, 0.000, 0.00, 0.000
31787,339093, 107.14, 0.00, 0.385, 0.000, 0.000, 0.000,0,0,0, 107.14, 0.385, 31.25, 0.356, 53.81, 0.151, 44.44, 0.127
31788,339104, 107.14, 0.00, 0.323, 0.000, 0.000, 0.000,0,0,0, 107.14, 0.323, 53.81, 0.276, 46.51, 0.212, 0.00, 0.000
31789,339114, 53.57, 0.00, 0.437, 0.000, 0.000, 0.000,0,0,0, 53.57, 0.437, 35.08, 0.364, 46.33, 0.108, 108.10, 0.104
31790,339125, 35.19, 0.00, 0.380, 0.000, 0.000, 0.000,0,0,0, 35.19, 0.380, 52.17, 0.294, 36.80, 0.274, 55.29, 0.270
31791,339136, 55.29, 0.00, 0.667, 0.000, 0.000, 0.000,0,0,0, 55.29, 0.667, 31.33, 0.291, 130.43, 0.167, 39.08, 0.154
31792,339146, 55.29, 0.00, 0.944, 0.000, 0.000, 0.000,0,0,0, 55.29, 0.944, 126.31, 0.311, 96.77, 0.299, 38.46, 0.281
31793,339157, 55.04, 0.00, 0.853, 0.000, 0.000, 0.000,0,0,0, 55.04, 0.853, 34.48, 0.436, 96.77, 0.369, 131.86, 0.302
31794,339168, 55.55, 0.00, 0.743, 0.000, 0.000, 0.000,0,0,0, 55.55, 0.743, 38.09, 0.400, 35.82, 0.384, 127.65, 0.322
31795,339178, 55.55, 0.00, 0.768, 0.000, 0.000, 0.000,0,0,0, 55.55, 0.768, 127.65, 0.300, 38.70, 0.279, 39.60, 0.272
31796,339189, 55.55, 0.00, 0.802, 0.000, 0.000, 0.000,0,0,0, 55.55, 0.802, 35.29, 0.421, 97.56, 0.343, 127.65, 0.294
31797,339200, 55.29, 0.00, 0.956, 0.000, 0.000, 0.000,0,0,0, 55.29, 0.956, 38.21, 0.394, 126.31, 0.355, 97.56, 0.235
31798,339210, 55.55, 0.00, 0.965, 0.000, 0.000, 0.000,0,0,0, 55.55, 0.965, 34.98, 0.494, 96.00, 0.391, 131.86, 0.312
31799,339221, 55.29, 0.00, 0.977, 0.000, 0.000, 0.000,0,0,0, 55.29, 0.977, 38.70, 0.419, 130.43, 0.364, 96.00, 0.321
31800,339232, 55.29, 0.00, 0.981, 0.000, 0.000, 0.000,0,0,0, 55.29, 0.981, 34.98, 0.352, 95.23, 0.351, 133.33, 0.320
31801,339242, 55.29, 0.00, 0.989, 0.000, 0.000, 0.000,0,0,0, 55.29, 0.989, 34.88, 0.414, 94.48, 0.355, 133.33, 0.306
31802,339253, 55.29, 0.00, 0.995, 0.000, 0.000, 0.000,0,0,0, 55.29, 0.995, 38.83, 0.378, 131.86, 0.343, 93.75, 0.205
31803,339264, 55.29, 0.00, 0.990, 0.000, 0.000, 0.000,0,0,0, 55.29, 0.990, 34.78, 0.472, 94.48, 0.376, 133.33, 0.281
31804,339274, 55.55, 0.00, 0.995, 0.000, 0.000, 0.000,0,0,0, 55.55, 0.995, 39.21, 0.364, 133.33, 0.337, 96.00, 0.289
31805,339285, 55.29, 0.00, 0.996, 0.000, 0.000, 0.000,0,0,0, 55.29, 0.996, 34.88, 0.481, 95.23, 0.388, 38.96, 0.325
31806,339296, 55.29, 0.00, 0.997, 0.000, 0.000, 0.000,0,0,0, 55.29, 0.997, 34.98, 0.319, 95.23, 0.317, 131.86, 0.316
31807,339306, 55.29, 0.00, 0.997, 0.000, 0.000, 0.000,0,0,0, 55.29, 0.997, 38.96, 0.347, 131.86, 0.333, 93.75, 0.243
31808,339317, 55.29, 0.00, 0.996, 0.000, 0.000, 0.000,0,0,0, 55.29, 0.996, 34.98, 0.462, 95.23, 0.384, 134.83, 0.289
31809,339328, 55.55, 0.00, 0.994, 0.000, 0.000, 0.000,0,0,0, 55.55, 0.994, 131.86, 0.318, 39.08, 0.316, 94.48, 0.244
31810,339338, 55.55, 0.00, 0.997, 0.000, 0.000, 0.000,0,0,0, 55.55, 0.997, 34.98, 0.482, 95.23, 0.389, 39.21, 0.317
31811,339349, 55.55, 0.00, 0.996, 0.000, 0.000, 0.000,0,0,0, 55.55, 0.996, 39.08, 0.365, 133.33, 0.346, 96.00, 0.302
31812,339360, 55.29, 0.00, 0.992, 0.000, 0.000, 0.000,0,0,0, 55.29, 0.992, 39.21, 0.329, 133.33, 0.328, 95.23, 0.296
31813,339370, 55.29, 0.00, 0.995, 0.000, 0.000, 0.000,0,0,0, 55.29, 0.995, 34.98, 0.454, 95.23, 0.388, 133.33, 0.323
31814,339381, 55.29, 0.00, 0.994, 0.000, 0.000, 0.000,0,0,0, 55.29, 0.994, 39.08, 0.359, 133.33, 0.343, 94.48, 0.251
31815,339392, 55.55, 0.00, 0.993, 0.000, 0.000, 0.000,0,0,0, 55.55, 0.993, 34.88, 0.485, 94.48, 0.404, 39.21, 0.352
31816,339402, 55.55, 0.00, 0.995, 0.000, 0.000, 0.000,0,0,0, 55.55, 0.995, 39.08, 0.379, 133.33, 0.362, 95.23, 0.320
31817,339413, 55.29, 0.00, 0.988, 0.000, 0.000, 0.000,0,0,0, 55.29, 0.988, 39.21, 0.355, 133.33, 0.341, 94.48, 0.338
31818,339424, 55.29, 0.00, 0.990, 0.000, 0.000, 0.000,0,0,0, 55.29, 0.990, 34.98, 0.449, 94.48, 0.384, 39.21, 0.334
31819,339434, 55.55, 0.00, 0.994, 0.000, 0.000, 0.000,0,0,0, 55.55, 0.994, 39.08, 0.368, 133.33, 0.349, 94.48, 0.233
31820,339445, 55.29, 0.00, 0.984, 0.000, 0.000, 0.000,0,0,0, 55.29, 0.984, 34.88, 0.439, 95.23, 0.377, 133.33, 0.323
31821,339456, 55.29, 0.00, 0.983, 0.000, 0.000, 0.000,0,0,0, 55.29, 0.983, 39.08, 0.400, 131.86, 0.359, 35.29, 0.298
31822,339466, 55.55, 0.00, 0.980, 0.000, 0.000, 0.000,0,0,0, 55.55, 0.980, 35.08, 0.380, 95.23, 0.347, 131.86, 0.284
31823,339477, 55.29, 0.00, 0.978, 0.000, 0.000, 0.000,0,0,0, 55.29, 0.978, 34.88, 0.376, 95.23, 0.340, 131.86, 0.291
31824,339488, 55.29, 0.00, 0.984, 0.000, 0.000, 0.000,0,0,0, 55.29, 0.984, 38.83, 0.404, 130.43, 0.354, 95.23, 0.213
31825,339498, 55.55, 0.00, 0.989, 0.000, 0.000, 0.000,0,0,0, 55.55, 0.989, 34.98, 0.399, 95.23, 0.365, 131.86, 0.294
31826,339509, 55.55, 0.00, 0.989, 0.000, 0.000, 0.000,0,0,0, 55.55, 0.989, 39.21, 0.414, 131.86, 0.359, 96.77, 0.302
31827,339520, 55.55, 0.00, 0.985, 0.000, 0.000, 0.000,0,0,0, 55.55, 0.985, 34.98, 0.530, 95.23, 0.409, 38.70, 0.374
31828,339530, 55.29, 0.00, 0.987, 0.000, 0.000, 0.000,0,0,0, 55.29, 0.987, 130.43, 0.324, 96.00, 0.316, 38.83, 0.313
31829,339541, 55.29, 0.00, 0.993, 0.000, 0.000, 0.000,0,0,0, 55.29, 0.993, 38.96, 0.384, 130.43, 0.352, 96.00, 0.248
31830,339552, 55.29, 0.00, 0.994, 0.000, 0.000, 0.000,0,0,0, 55.29, 0.994, 35.29, 0.445, 96.77, 0.386, 131.86, 0.300
31831,339562, 55.55, 0.00, 0.992, 0.000, 0.000, 0.000,0,0,0, 55.55, 0.992, 130.43, 0.326, 38.83, 0.316, 96.77, 0.252
31832,339573, 55.29, 0.00, 0.989, 0.000, 0.000, 0.000,0,0,0, 55.29, 0.989, 35.19, 0.460, 96.77, 0.394, 129.03, 0.335
31833,339584, 55.55, 0.00, 0.974, 0.000, 0.000, 0.000,0,0,0, 55.55, 0.974, 38.83, 0.359, 35.60, 0.354, 129.03, 0.339
31834,339594, 56.07, 0.00, 0.936, 0.000, 0.000, 0.000,0,0,0, 56.07, 0.936, 130.43, 0.343, 39.21, 0.298, 97.56, 0.275
31835,339605, 56.33, 0.00, 0.796, 0.000, 0.000, 0.000,0,0,0, 56.33, 0.796, 98.36, 0.316, 35.82, 0.290, 130.43, 0.214
31836,339616, 56.33, 0.00, 0.634, 0.000, 0.000, 0.000,0,0,0, 56.33, 0.634, 40.67, 0.044, 0.00, 0.000, 0.00, 0.000
31837,339626, 55.81, 0.00, 0.593, 0.000, 0.000, 0.000,0,0,0, 55.81, 0.593, 35.39, 0.396, 0.00, 0.000, 0.00, 0.000
31838,339637, 55.55, 0.00, 0.789, 0.000, 0.000, 0.000,0,0,0, 55.55, 0.789, 0.00, 0.000, 0.00, 0.000, 0.00, 0.000
31839,339648, 51.94, 0.00, 0.785, 0.000, 0.000, 0.000,0,0,0, 51.94, 0.785, 0.00, 0.000, 0.00, 0.000, 0.00, 0.000
31840,339658, 51.94, 0.00, 0.759, 0.000, 0.000, 0.000,0,0,0, 51.94, 0.759, 0.00, 0.000, 0.00, 0.000, 0.00, 0.000
31841,339669, 56.33, 0.00, 0.791, 0.000, 0.000, 0.000,0,0,0, 56.33, 0.791, 0.00, 0.000, 0.00, 0.000, 0.00, 0.000
31842,339680, 56.33, 0.00, 0.630, 0.000, 0.000, 0.000,0,0,0, 56.33, 0.630, 48.97, 0.547, 44.44, 0.269, 30.30, 0.240
31843,339690, 56.60, 0.00, 0.464, 0.000, 0.000, 0.000,0,0,0, 56.60, 0.464, 44.28, 0.388, 63.49, 0.231, 255.31, 0.175
31844,339701, 55.81, 0.00, 0.476, 0.000, 0.000, 0.000,0,0,0, 55.81, 0.476, 65.57, 0.334, 45.45, 0.320, 30.45, 0.215
31845,339712, 45.45, 0.00, 0.447, 0.000, 0.000, 0.000,0,0,0, 45.45, 0.447, 30.15, 0.409, 55.55, 0.404, 40.26, 0.318
31846,339722, 45.45, 0.00, 0.567, 0.000, 0.000, 0.000,0,0,0, 45.45, 0.567, 34.18, 0.373, 137.93, 0.350, 67.79, 0.329
31847,339733, 34.28, 0.00, 0.648, 0.000, 0.000, 0.000,0,0,0, 34.28, 0.648, 139.53, 0.453, 46.15, 0.430, 67.79, 0.370
31848,339744, 45.62, 0.00, 0.426, 0.000, 0.000, 0.000,0,0,0, 45.62, 0.426, 141.17, 0.423, 55.29, 0.355, 90.90, 0.346
31849,339754, 279.06, 0.00, 0.465, 0.000, 0.000, 0.000,0,0,0, 279.06, 0.465, 139.53, 0.379, 55.04, 0.357, 39.73, 0.346
31850,339765, 90.90, 0.00, 0.391, 0.000, 0.000, 0.000,0,0,0, 90.90, 0.391, 55.29, 0.379, 134.83, 0.375, 39.08, 0.321
31851,339776, 136.36, 0.00, 0.503, 0.000, 0.000, 0.000,0,0,0, 136.36, 0.503, 34.68, 0.501, 68.18, 0.370, 93.02, 0.281
31852,339786, 136.36, 0.00, 0.511, 0.000, 0.000, 0.000,0,0,0, 136.36, 0.511, 34.68, 0.497, 30.76, 0.479, 68.57, 0.437
31853,339797, 139.53, 0.00, 0.405, 0.000, 0.000, 0.000,0,0,0, 139.53, 0.405, 45.97, 0.339, 68.96, 0.301, 95.23, 0.288
31854,339808, 142.85, 0.00, 0.258, 0.000, 0.000, 0.000,0,0,0, 142.85, 0.258, 92.30, 0.206, 38.83, 0.205, 72.28, 0.184
31855,339818, 352.94, 0.00, 0.370, 0.000, 0.000, 0.000,0,0,0, 352.94, 0.370, 266.66, 0.264, 141.17, 0.164, 94.48, 0.119
31856,339829, 91.60, 0.00, 0.002, 0.000, 0.000, 0.000,0,0,0, 91.60, 0.002, 0.00, 0.000, 0.00, 0.000, 0.00, 0.000
31857,339840, 272.72, 0.00, 0.303, 0.000, 0.000, 0.000,0,0,0, 272.72, 0.303, 69.76, 0.130, 0.00, 0.000, 0.00, 0.000
31858,339850, 39.21, 0.00, 0.563, 0.000, 0.000, 0.000,0,0,0, 39.21, 0.563, 30.30, 0.489, 32.25, 0.228, 103.44, 0.065
31859,339861, 30.22, 0.00, 0.342, 0.000, 0.000, 0.000,0,0,0, 30.22, 0.342, 91.60, 0.277, 39.21, 0.243, 44.11, 0.204
31860,339872, 30.45, 0.00, 0.495, 0.000, 0.000, 0.000,0,0,0, 30.45, 0.495, 39.08, 0.432, 91.60, 0.307, 36.25, 0.234
31861,339882, 39.08, 0.00, 0.467, 0.000, 0.000, 0.000,0,0,0, 39.08, 0.467, 35.60, 0.340, 91.60, 0.238, 68.18, 0.178
31862,339893, 39.34, 0.00, 0.443, 0.000, 0.000, 0.000,0,0,0, 39.34, 0.443, 35.50, 0.408, 292.68, 0.239, 31.74, 0.173
31863,339904, 39.34, 0.00, 0.734, 0.000, 0.000, 0.000,0,0,0, 39.34, 0.734, 0.00, 0.000, 0.00, 0.000, 0.00, 0.000
31864,339914, 41.23, 0.00, 0.636, 0.000, 0.000, 0.000,0,0,0, 41.23, 0.636, 59.70, 0.092, 71.42, 0.085, 0.00, 0.000
31865,339925, 41.52, 0.00, 0.675, 0.000, 0.000, 0.000,0,0,0, 41.52, 0.675, 58.25, 0.245, 30.69, 0.225, 100.00, 0.131
31866,339936, 31.66, 0.00, 0.998, 0.000, 0.000, 0.000,0,0,0, 31.66, 0.998, 41.23, 0.227, 118.81, 0.209, 100.00, 0.202
31867,339946, 40.54, 0.00, 0.558, 0.000, 0.000, 0.000,0,0,0, 40.54, 0.558, 102.56, 0.261, 56.33, 0.124, 57.41, 0.118
31868,339957, 32.87, 0.00, 0.526, 0.000, 0.000, 0.000,0,0,0, 32.87, 0.526, 41.81, 0.348, 40.54, 0.319, 44.28, 0.230
31869,339968, 42.40, 0.00, 0.882, 0.000, 0.000, 0.000,0,0,0, 42.40, 0.882, 54.54, 0.116, 0.00, 0.000, 0.00, 0.000
31870,339978, 43.79, 0.00, 0.614, 0.000, 0.000, 0.000,0,0,0, 43.79, 0.614, 40.54, 0.390, 54.54, 0.322, 31.08, 0.148
31871,339989, 40.95, 0.00, 0.650, 0.000, 0.000, 0.000,0,0,0, 40.95, 0.650, 56.87, 0.102, 31.66, 0.037, 0.00, 0.000
31872,340000, 41.23, 0.00, 0.614, 0.000, 0.000, 0.000,0,0,0, 41.23, 0.614, 30.37, 0.548, 122.44, 0.178, 56.87, 0.091
31873,340010, 32.34, 0.00, 0.592, 0.000, 0.000, 0.000,0,0,0, 32.34, 0.592, 41.09, 0.465, 44.28, 0.257, 126.31, 0.182
31874,340021, 40.13, 0.00, 0.770, 0.000, 0.000, 0.000,0,0,0, 40.13, 0.770, 30.15, 0.575, 118.81, 0.225, 61.53, 0.101
31875,340032, 32.34, 0.00, 0.565, 0.000, 0.000, 0.000,0,0,0, 32.34, 0.565, 40.13, 0.439, 63.15, 0.184, 75.47, 0.171
31876,340042, 39.60, 0.00, 0.092, 0.000, 0.000, 0.000,0,0,0, 39.60, 0.092, 75.94, 0.080, 0.00, 0.000, 0.00, 0.000
31877,340053, 39.60, 0.00, 0.616, 0.000, 0.000, 0.000,0,0,0, 39.60, 0.616, 32.17, 0.248, 179.10, 0.124, 210.52, 0.124
31878,340064, 39.34, 0.00, 0.466, 0.000, 0.000, 0.000,0,0,0, 39.34, 0.466, 0.00, 0.000, 0.00, 0.000, 0.00, 0.000
31879,340074, 70.58, 0.00, 0.278, 0.000, 0.000, 0.000,0,0,0, 70.58, 0.278, 0.00, 0.000, 0.00, 0.000, 0.00, 0.000
31880,340085, 41.81, 0.00, 0.146, 0.000, 0.000, 0.000,0,0,0, 41.81, 0.146, 76.43, 0.088, 0.00, 0.000, 0.00, 0.000
31881,340096, 31.33, 0.00, 0.422, 0.000, 0.000, 0.000,0,0,0, 31.33, 0.422, 42.25, 0.319, 99.17, 0.078, 0.00, 0.000
31882,340106, 31.91, 0.00, 0.747, 0.000, 0.000, 0.000,0,0,0, 31.91, 0.747, 40.26, 0.420, 43.16, 0.213, 0.00, 0.000
31883,340117, 40.40, 0.00, 0.508, 0.000, 0.000, 0.000,0,0,0, 40.40, 0.508, 71.85, 0.057, 0.00, 0.000, 0.00, 0.000
31884,340128, 70.58, 0.00, 0.326, 0.000, 0.000, 0.000,0,0,0, 70.58, 0.326, 44.77, 0.171, 32.17, 0.052, 82.75, 0.049
31885,340138, 41.09, 0.00, 0.690, 0.000, 0.000, 0.000,0,0,0, 41.09, 0.690, 74.53, 0.207, 81.63, 0.128, 0.00, 0.000
31886,340149, 39.21, 0.00, 0.892, 0.000, 0.000, 0.000,0,0,0, 39.21, 0.892, 0.00, 0.000, 0.00, 0.000, 0.00, 0.000
31887,340160, 41.52, 0.00, 0.817, 0.000, 0.000, 0.000,0,0,0, 41.52, 0.817, 0.00, 0.000, 0.00, 0.000, 0.00, 0.000
31888,340170, 41.52, 0.00, 0.625, 0.000, 0.000, 0.000,0,0,0, 41.52, 0.625, 39.73, 0.615, 88.88, 0.101, 100.84, 0.000
31889,340181, 30.37, 0.00, 0.506, 0.000, 0.000, 0.000,0,0,0, 30.37, 0.506, 86.95, 0.466, 41.66, 0.465, 32.00, 0.432
31890,340192, 40.81, 0.00, 0.516, 0.000, 0.000, 0.000,0,0,0, 40.81, 0.516, 85.71, 0.462, 32.52, 0.264, 0.00, 0.000
31891,340202, 32.34, 0.00, 0.373, 0.000, 0.000, 0.000,0,0,0, 32.34, 0.373, 40.67, 0.320, 79.47, 0.289, 47.24, 0.151
31892,340213, 40.67, 0.00, 0.512, 0.000, 0.000, 0.000,0,0,0, 40.67, 0.512, 50.42, 0.441, 63.49, 0.082, 0.00, 0.000
31893,340224, 32.60, 0.00, 0.536, 0.000, 0.000, 0.000,0,0,0, 32.60, 0.536, 75.47, 0.340, 85.10, 0.215, 40.40, 0.052
31894,340234, 40.54, 0.00, 0.612, 0.000, 0.000, 0.000,0,0,0, 40.54, 0.612, 74.07, 0.512, 85.71, 0.508, 0.00, 0.000
31895,340245, 40.67, 0.00, 0.784, 0.000, 0.000, 0.000,0,0,0, 40.67, 0.784, 89.55, 0.652, 0.00, 0.000, 0.00, 0.000
31896,340256, 40.95, 0.00, 0.757, 0.000, 0.000, 0.000,0,0,0, 40.95, 0.757, 84.50, 0.633, 0.00, 0.000, 0.00, 0.000
31897,340266, 41.23, 0.00, 0.849, 0.000, 0.000, 0.000,0,0,0, 41.23, 0.849, 82.19, 0.606, 0.00, 0.000, 0.00, 0.000
31898,340277, 41.37, 0.00, 0.963, 0.000, 0.000, 0.000,0,0,0, 41.37, 0.963, 82.75, 0.597, 0.00, 0.000, 0.00, 0.000
31899,340288, 40.81, 0.00, 0.719, 0.000, 0.000, 0.000,0,0,0, 40.81, 0.719, 81.08, 0.659, 0.00, 0.000, 0.00, 0.000
31900,340298, 41.66, 0.00, 0.687, 0.000, 0.000, 0.000,0,0,0, 41.66, 0.687, 80.53, 0.601, 44.77, 0.478, 30.37, 0.468
31901,340309, 41.52, 0.00, 0.622, 0.000, 0.000, 0.000,0,0,0, 41.52, 0.622, 80.53, 0.451, 0.00, 0.000, 0.00, 0.000
31902,340320, 30.07, 0.00, 0.698, 0.000, 0.000, 0.000,0,0,0, 30.07, 0.698, 41.37, 0.434, 88.23, 0.318, 43.79, 0.303
31903,340330, 41.23, 0.00, 0.690, 0.000, 0.000, 0.000,0,0,0, 41.23, 0.690, 43.95, 0.498, 76.43, 0.156, 0.00, 0.000
31904,340341, 41.23, 0.00, 0.487, 0.000, 0.000, 0.000,0,0,0, 41.23, 0.487, 77.41, 0.310, 0.00, 0.000, 0.00, 0.000
31905,340352, 76.92, 0.00, 0.724, 0.000, 0.000, 0.000,0,0,0, 76.92, 0.724, 36.58, 0.602, 41.09, 0.584, 0.00, 0.000
31906,340362, 41.66, 0.00, 0.837, 0.000, 0.000, 0.000,0,0,0, 41.66, 0.837, 79.47, 0.784, 0.00, 0.000, 0.00, 0.000
31907,340373, 85.71, 0.00, 0.751, 0.000, 0.000, 0.000,0,0,0, 85.71, 0.751, 41.23, 0.637, 0.00, 0.000, 0.00, 0.000
31908,340384, 41.37, 0.00, 0.755, 0.000, 0.000, 0.000,0,0,0, 41.37, 0.755, 83.91, 0.704, 0.00, 0.000, 0.00, 0.000
31909,340394, 41.23, 0.00, 0.800, 0.000, 0.000, 0.000,0,0,0, 41.23, 0.800, 84.50, 0.632, 0.00, 0.000, 0.00, 0.000
31910,340405, 40.95, 0.00, 0.987, 0.000, 0.000, 0.000,0,0,0, 40.95, 0.987, 81.63, 0.492, 0.00, 0.000, 0.00, 0.000
31911,340416, 41.66, 0.00, 0.832, 0.000, 0.000, 0.000,0,0,0, 41.66, 0.832, 95.23, 0.479, 0.00, 0.000, 0.00, 0.000
31912,340426, 41.09, 0.00, 0.891, 0.000, 0.000, 0.000,0,0,0, 41.09, 0.891, 72.72, 0.264, 0.00, 0.000, 0.00, 0.000
31913,340437, 39.34, 0.00, 0.771, 0.000, 0.000, 0.000,0,0,0, 39.34, 0.771, 40.40, 0.739, 86.95, 0.332, 0.00, 0.000
31914,340448, 40.54, 0.00, 0.709, 0.000, 0.000, 0.000,0,0,0, 40.54, 0.709, 37.85, 0.633, 79.47, 0.420, 0.00, 0.000
31915,340458, 41.66, 0.00, 0.930, 0.000, 0.000, 0.000,0,0,0, 41.66, 0.930, 85.71, 0.611, 0.00, 0.000, 0.00, 0.000
31916,340469, 41.81, 0.00, 0.790, 0.000, 0.000, 0.000,0,0,0, 41.81, 0.790, 80.00, 0.557, 31.49, 0.420, 0.00, 0.000
31917,340480, 43.63, 0.00, 0.780, 0.000, 0.000, 0.000,0,0,0, 43.63, 0.780, 78.94, 0.405, 0.00, 0.000, 0.00, 0.000
31918,340490, 43.63, 0.00, 0.705, 0.000, 0.000, 0.000,0,0,0, 43.63, 0.705, 30.22, 0.622, 79.47, 0.294, 99.17, 0.292
31919,340501, 40.40, 0.00, 0.897, 0.000, 0.000, 0.000,0,0,0, 40.40, 0.897, 68.96, 0.358, 0.00, 0.000, 0.00, 0.000
31920,340512, 40.00, 0.00, 0.520, 0.000, 0.000, 0.000,0,0,0, 40.00, 0.520, 70.17, 0.337, 0.00, 0.000, 0.00, 0.000
31921,340522, 41.09, 0.00, 0.691, 0.000, 0.000, 0.000,0,0,0, 41.09, 0.691, 42.55, 0.648, 70.17, 0.232, 0.00, 0.000
31922,340533, 42.70, 0.00, 0.659, 0.000, 0.000, 0.000,0,0,0, 42.70, 0.659, 83.91, 0.300, 0.00, 0.000, 0.00, 0.000
31923,340544, 30.53, 0.00, 0.564, 0.000, 0.000, 0.000,0,0,0, 30.53, 0.564, 45.62, 0.466, 85.10, 0.453, 0.00, 0.000
31924,340554, 32.08, 0.00, 0.590, 0.000, 0.000, 0.000,0,0,0, 32.08, 0.590, 33.24, 0.586, 89.55, 0.388, 49.79, 0.344
31925,340565, 30.45, 0.00, 0.883, 0.000, 0.000, 0.000,0,0,0, 30.45, 0.883, 44.60, 0.376, 100.84, 0.264, 49.79, 0.201
31926,340576, 71.85, 0.00, 0.433, 0.000, 0.000, 0.000,0,0,0, 71.85, 0.433, 43.95, 0.324, 40.95, 0.170, 35.19, 0.095
31927,340586, 35.08, 0.00, 0.889, 0.000, 0.000, 0.000,0,0,0, 35.08, 0.889, 73.17, 0.829, 0.00, 0.000, 0.00, 0.000
31928,340597, 74.07, 0.00, 0.970, 0.000, 0.000, 0.000,0,0,0, 74.07, 0.970, 37.03, 0.968, 0.00, 0.000, 0.00, 0.000
31929,340608, 74.53, 0.00, 0.968, 0.000, 0.000, 0.000,0,0,0, 74.53, 0.968, 37.50, 0.944, 0.00, 0.000, 0.00, 0.000
31930,340618, 37.15, 0.00, 0.987, 0.000, 0.000, 0.000,0,0,0, 37.15, 0.987, 74.07, 0.949, 0.00, 0.000, 0.00, 0.000
31931,340629, 37.03, 0.00, 0.961, 0.000, 0.000, 0.000,0,0,0, 37.03, 0.961, 74.07, 0.953, 0.00, 0.000, 0.00, 0.000
31932,340640, 73.61, 0.00, 0.963, 0.000, 0.000, 0.000,0,0,0, 73.61, 0.963, 36.92, 0.949, 0.00, 0.000, 0.00, 0.000
31933,340650, 37.03, 0.00, 0.997, 0.000, 0.000, 0.000,0,0,0, 37.03, 0.997, 74.07, 0.949, 0.00, 0.000, 0.00, 0.000
31934,340661, 36.69, 0.00, 0.923, 0.000, 0.000, 0.000,0,0,0, 36.69, 0.923, 73.61, 0.921, 0.00, 0.000, 0.00, 0.000
31935,340672, 37.03, 0.00, 0.955, 0.000, 0.000, 0.000,0,0,0, 37.03, 0.955, 74.07, 0.914, 0.00, 0.000, 0.00, 0.000
31936,340682, 37.03, 0.00, 0.987, 0.000, 0.000, 0.000,0,0,0, 37.03, 0.987, 73.61, 0.898, 0.00, 0.000, 0.00, 0.000
31937,340693, 37.03, 0.00, 0.984, 0.000, 0.000, 0.000,0,0,0, 37.03, 0.984, 74.07, 0.923, 0.00, 0.000, 0.00, 0.000
31938,340704, 73.17, 0.00, 0.953, 0.000, 0.000, 0.000,0,0,0, 73.17, 0.953, 36.36, 0.913, 0.00, 0.000, 0.00, 0.000
31939,340714, 37.26, 0.00, 0.968, 0.000, 0.000, 0.000,0,0,0, 37.26, 0.968, 74.07, 0.947, 0.00, 0.000, 0.00, 0.000
31940,340725, 74.53, 0.00, 0.950, 0.000, 0.000, 0.000,0,0,0, 74.53, 0.950, 37.50, 0.944, 0.00, 0.000, 0.00, 0.000
31941,340736, 74.53, 0.00, 0.937, 0.000, 0.000, 0.000,0,0,0, 74.53, 0.937, 37.61, 0.895, 0.00, 0.000, 0.00, 0.000
31942,340746, 74.07, 0.00, 0.965, 0.000, 0.000, 0.000,0,0,0, 74.07, 0.965, 37.03, 0.950, 42.55, 0.093, 0.00, 0.000
31943,340757, 74.07, 0.00, 0.939, 0.000, 0.000, 0.000,0,0,0, 74.07, 0.939, 37.03, 0.871, 0.00, 0.000, 0.00, 0.000
31944,340768, 37.03, 0.00, 0.972, 0.000, 0.000, 0.000,0,0,0, 37.03, 0.972, 74.07, 0.952, 0.00, 0.000, 0.00, 0.000
31945,340778, 37.03, 0.00, 0.955, 0.000, 0.000, 0.000,0,0,0, 37.03, 0.955, 74.07, 0.933, 32.69, 0.029, 0.00, 0.000
31946,340789, 37.03, 0.00, 0.990, 0.000, 0.000, 0.000,0,0,0, 37.03, 0.990, 74.07, 0.955, 0.00, 0.000, 0.00, 0.000
31947,340800, 74.07, 0.00, 0.972, 0.000, 0.000, 0.000,0,0,0, 74.07, 0.972, 37.03, 0.928, 0.00, 0.000, 0.00, 0.000
31948,340810, 74.07, 0.00, 0.973, 0.000, 0.000, 0.000,0,0,0, 74.07, 0.973, 37.03, 0.935, 0.00, 0.000, 0.00, 0.000
31949,340821, 74.07, 0.00, 0.977, 0.000, 0.000, 0.000,0,0,0, 74.07, 0.977, 37.03, 0.969, 0.00, 0.000, 0.00, 0.000
31950,340832, 74.07, 0.00, 0.944, 0.000, 0.000, 0.000,0,0,0, 74.07, 0.944, 37.03, 0.890, 30.61, 0.112, 0.00, 0.000
31951,340842, 74.53, 0.00, 0.958, 0.000, 0.000, 0.000,0,0,0, 74.53, 0.958, 37.15, 0.943, 0.00, 0.000, 0.00, 0.000
31952,340853, 74.53, 0.00, 0.957, 0.000, 0.000, 0.000,0,0,0, 74.53, 0.957, 37.15, 0.930, 0.00, 0.000, 0.00, 0.000
31953,340864, 74.07, 0.00, 0.987, 0.000, 0.000, 0.000,0,0,0, 74.07, 0.987, 37.03, 0.985, 0.00, 0.000, 0.00, 0.000
31954,340874, 74.07, 0.00, 0.959, 0.000, 0.000, 0.000,0,0,0, 74.07, 0.959, 36.92, 0.918, 0.00, 0.000, 0.00, 0.000
31955,340885, 74.07, 0.00, 0.937, 0.000, 0.000, 0.000,0,0,0, 74.07, 0.937, 37.03, 0.907, 30.61, 0.193, 0.00, 0.000
31956,340896, 37.03, 0.00, 0.983, 0.000, 0.000, 0.000,0,0,0, 37.03, 0.983, 74.07, 0.921, 0.00, 0.000, 0.00, 0.000
31957,340906, 37.03, 0.00, 0.988, 0.000, 0.000, 0.000,0,0,0, 37.03, 0.988, 74.07, 0.900, 0.00, 0.000, 0.00, 0.000
31958,340917, 74.07, 0.00, 0.940, 0.000, 0.000, 0.000,0,0,0, 74.07, 0.940, 36.92, 0.877, 39.34, 0.036, 0.00, 0.000
31959,340928, 74.07, 0.00, 0.962, 0.000, 0.000, 0.000,0,0,0, 74.07, 0.962, 36.92, 0.922, 0.00, 0.000, 0.00, 0.000
31960,340938, 37.03, 0.00, 0.995, 0.000, 0.000, 0.000,0,0,0, 37.03, 0.995, 74.07, 0.989, 31.25, 0.051, 0.00, 0.000
31961,340949, 74.07, 0.00, 0.973, 0.000, 0.000, 0.000,0,0,0, 74.07, 0.973, 37.15, 0.943, 0.00, 0.000, 0.00, 0.000
31962,340960, 74.07, 0.00, 0.966, 0.000, 0.000, 0.000,0,0,0, 74.07, 0.966, 37.03, 0.935, 0.00, 0.000, 0.00, 0.000
31963,340970, 74.53, 0.00, 0.971, 0.000, 0.000, 0.000,0,0,0, 74.53, 0.971, 37.15, 0.962, 0.00, 0.000, 0.00, 0.000
31964,340981, 74.53, 0.00, 0.980, 0.000, 0.000, 0.000,0,0,0, 74.53, 0.980, 37.15, 0.975, 31.00, 0.013, 0.00, 0.000
31965,340992, 74.07, 0.00, 0.984, 0.000, 0.000, 0.000,0,0,0, 74.07, 0.984, 37.15, 0.964, 30.84, 0.134, 52.40, 0.023
31966,341002, 74.07, 0.00, 0.961, 0.000, 0.000, 0.000,0,0,0, 74.07, 0.961, 36.92, 0.941, 0.00, 0.000, 0.00, 0.000
31967,341013, 37.03, 0.00, 0.959, 0.000, 0.000, 0.000,0,0,0, 37.03, 0.959, 74.07, 0.953, 46.15, 0.074, 125.00, 0.005
31968,341024, 37.03, 0.00, 0.989, 0.000, 0.000, 0.000,0,0,0, 37.03, 0.989, 74.07, 0.974, 0.00, 0.000, 0.00, 0.000
31969,341034, 74.07, 0.00, 0.970, 0.000, 0.000, 0.000,0,0,0, 74.07, 0.970, 37.03, 0.950, 31.25, 0.223, 30.53, 0.092
31970,341045, 73.61, 0.00, 0.864, 0.000, 0.000, 0.000,0,0,0, 73.61, 0.864, 36.80, 0.729, 0.00, 0.000, 0.00, 0.000
31971,341056, 74.07, 0.00, 0.694, 0.000, 0.000, 0.000,0,0,0, 74.07, 0.694, 35.08, 0.567, 37.15, 0.414, 32.87, 0.363
31972,341066, 38.09, 0.00, 0.673, 0.000, 0.000, 0.000,0,0,0, 38.09, 0.673, 76.43, 0.537, 40.95, 0.295, 0.00, 0.000
31973,341077, 39.08, 0.00, 0.777, 0.000, 0.000, 0.000,0,0,0, 39.08, 0.777, 75.94, 0.728, 0.00, 0.000, 0.00, 0.000
31974,341088, 75.94, 0.00, 0.813, 0.000, 0.000, 0.000,0,0,0, 75.94, 0.813, 37.97, 0.690, 0.00, 0.000, 0.00, 0.000
31975,341098, 75.00, 0.00, 0.797, 0.000, 0.000, 0.000,0,0,0, 75.00, 0.797, 37.61, 0.627, 33.61, 0.312, 61.53, 0.156
31976,341109, 74.53, 0.00, 0.613, 0.000, 0.000, 0.000,0,0,0, 74.53, 0.613, 37.50, 0.385, 59.11, 0.303, 96.00, 0.302
31977,341120, 74.53, 0.00, 0.702, 0.000, 0.000, 0.000,0,0,0, 74.53, 0.702, 42.10, 0.577, 33.05, 0.496, 97.56, 0.427
31978,341130, 42.25, 0.00, 0.726, 0.000, 0.000, 0.000,0,0,0, 42.25, 0.726, 74.07, 0.671, 97.56, 0.652, 59.70, 0.597
31979,341141, 33.14, 0.00, 0.837, 0.000, 0.000, 0.000,0,0,0, 33.14, 0.837, 74.53, 0.797, 37.26, 0.769, 59.70, 0.751
31980,341152, 74.53, 0.00, 0.794, 0.000, 0.000, 0.000,0,0,0, 74.53, 0.794, 59.70, 0.770, 42.40, 0.761, 37.15, 0.751
31981,341162, 42.40, 0.00, 0.826, 0.000, 0.000, 0.000,0,0,0, 42.40, 0.826, 74.53, 0.739, 99.17, 0.738, 59.70, 0.738
31982,341173, 42.40, 0.00, 0.900, 0.000, 0.000, 0.000,0,0,0, 42.40, 0.900, 74.07, 0.783, 32.96, 0.701, 148.14, 0.668
31983,341184, 42.25, 0.00, 0.765, 0.000, 0.000, 0.000,0,0,0, 42.25, 0.765, 74.07, 0.684, 59.40, 0.639, 98.36, 0.622
31984,341194, 33.05, 0.00, 0.867, 0.000, 0.000, 0.000,0,0,0, 33.05, 0.867, 42.25, 0.754, 37.26, 0.691, 74.07, 0.663
31985,341205, 42.10, 0.00, 0.894, 0.000, 0.000, 0.000,0,0,0, 42.10, 0.894, 74.07, 0.642, 97.56, 0.585, 59.11, 0.578
31986,341216, 42.25, 0.00, 0.918, 0.000, 0.000, 0.000,0,0,0, 42.25, 0.918, 74.53, 0.644, 97.56, 0.632, 32.87, 0.624
31987,341226, 42.55, 0.00, 0.828, 0.000, 0.000, 0.000,0,0,0, 42.55, 0.828, 59.40, 0.703, 74.53, 0.690, 32.96, 0.687
31988,341237, 42.40, 0.00, 0.789, 0.000, 0.000, 0.000,0,0,0, 42.40, 0.789, 74.53, 0.734, 59.70, 0.728, 98.36, 0.715
31989,341248, 42.25, 0.00, 0.860, 0.000, 0.000, 0.000,0,0,0, 42.25, 0.860, 74.07, 0.815, 32.96, 0.750, 59.40, 0.720
31990,341258, 42.25, 0.00, 0.864, 0.000, 0.000, 0.000,0,0,0, 42.25, 0.864, 74.07, 0.752, 98.36, 0.741, 59.40, 0.700
31991,341269, 33.05, 0.00, 0.880, 0.000, 0.000, 0.000,0,0,0, 33.05, 0.880, 42.55, 0.864, 74.53, 0.782, 150.00, 0.725
31992,341280, 42.40, 0.00, 0.703, 0.000, 0.000, 0.000,0,0,0, 42.40, 0.703, 99.17, 0.685, 74.07, 0.672, 148.14, 0.661
31993,341290, 148.14, 0.00, 0.616, 0.000, 0.000, 0.000,0,0,0, 148.14, 0.616, 74.07, 0.468, 32.78, 0.445, 42.40, 0.441
31994,341301, 37.26, 0.00, 0.406, 0.000, 0.000, 0.000,0,0,0, 37.26, 0.406, 57.41, 0.394, 41.52, 0.369, 148.14, 0.269
31995,341312, 41.52, 0.00, 0.552, 0.000, 0.000, 0.000,0,0,0, 41.52, 0.552, 37.38, 0.533, 57.14, 0.438, 30.07, 0.267
31996,341322, 37.61, 0.00, 0.532, 0.000, 0.000, 0.000,0,0,0, 37.61, 0.532, 58.25, 0.468, 50.84, 0.292, 110.09, 0.163
31997,341333, 51.50, 0.00, 0.493, 0.000, 0.000, 0.000,0,0,0, 51.50, 0.493, 58.53, 0.468, 37.50, 0.462, 104.34, 0.285
31998,341344, 36.92, 0.00, 0.594, 0.000, 0.000, 0.000,0,0,0, 36.92, 0.594, 33.05, 0.538, 100.84, 0.485, 57.69, 0.417
31999,341354, 103.44, 0.00, 0.619, 0.000, 0.000, 0.000,0,0,0, 103.44, 0.619, 50.63, 0.559, 33.61, 0.508, 37.03, 0.394
32000,341365, 51.50, 0.00, 0.505, 0.000, 0.000, 0.000,0,0,0, 51.50, 0.505, 104.34, 0.484, 57.97, 0.386, 37.15, 0.382
32001,341376, 58.25, 0.00, 0.685, 0.000, 0.000, 0.000,0,0,0, 58.25, 0.685, 37.85, 0.676, 105.26, 0.468, 41.37, 0.056
32002,341386, 57.14, 0.00, 0.837, 0.000, 0.000, 0.000,0,0,0, 57.14, 0.837, 37.50, 0.488, 120.00, 0.406, 40.81, 0.311
32003,341397, 57.14, 0.00, 0.620, 0.000, 0.000, 0.000,0,0,0, 57.14, 0.620, 37.15, 0.429, 104.34, 0.400, 41.23, 0.307
32004,341408, 59.11, 0.00, 0.414, 0.000, 0.000, 0.000,0,0,0, 59.11, 0.414, 101.69, 0.349, 50.84, 0.310, 146.34, 0.276
32005,341418, 49.58, 0.00, 0.504, 0.000, 0.000, 0.000,0,0,0, 49.58, 0.504, 36.92, 0.462, 59.40, 0.462, 99.17, 0.451
32006,341429, 99.17, 0.00, 0.487, 0.000, 0.000, 0.000,0,0,0, 99.17, 0.487, 49.58, 0.476, 58.53, 0.453, 36.58, 0.434
32007,341440, 58.53, 0.00, 0.718, 0.000, 0.000, 0.000,0,0,0, 58.53, 0.718, 36.92, 0.364, 131.86, 0.346, 101.69, 0.346
32008,341450, 58.25, 0.00, 0.828, 0.000, 0.000, 0.000,0,0,0, 58.25, 0.828, 37.15, 0.595, 103.44, 0.507, 133.33, 0.338
32009,341461, 37.15, 0.00, 0.719, 0.000, 0.000, 0.000,0,0,0, 37.15, 0.719, 58.25, 0.656, 104.34, 0.559, 0.00, 0.000
32010,341472, 37.15, 0.00, 0.637, 0.000, 0.000, 0.000,0,0,0, 37.15, 0.637, 100.84, 0.562, 58.82, 0.491, 51.28, 0.427
32011,341482, 37.03, 0.00, 0.699, 0.000, 0.000, 0.000,0,0,0, 37.03, 0.699, 58.82, 0.569, 100.00, 0.543, 50.84, 0.268
32012,341493, 36.92, 0.00, 0.814, 0.000, 0.000, 0.000,0,0,0, 36.92, 0.814, 57.69, 0.542, 100.00, 0.501, 50.00, 0.323
32013,341504, 100.00, 0.00, 0.665, 0.000, 0.000, 0.000,0,0,0, 100.00, 0.665, 37.03, 0.610, 58.25, 0.465, 33.05, 0.461
32014,341514, 37.50, 0.00, 0.626, 0.000, 0.000, 0.000,0,0,0, 37.50, 0.626, 100.84, 0.545, 58.82, 0.543, 51.06, 0.284
32015,341525, 37.15, 0.00, 0.652, 0.000, 0.000, 0.000,0,0,0, 37.15, 0.652, 59.11, 0.620, 99.17, 0.479, 144.57, 0.294
32016,341536, 37.15, 0.00, 0.592, 0.000, 0.000, 0.000,0,0,0, 37.15, 0.592, 58.82, 0.572, 141.17, 0.322, 98.36, 0.318
32017,341546, 37.26, 0.00, 0.578, 0.000, 0.000, 0.000,0,0,0, 37.26, 0.578, 57.69, 0.501, 98.36, 0.285, 40.67, 0.265
32018,341557, 37.26, 0.00, 0.483, 0.000, 0.000, 0.000,0,0,0, 37.26, 0.483, 32.43, 0.391, 141.17, 0.268, 292.68, 0.223
32019,341568, 37.03, 0.00, 0.646, 0.000, 0.000, 0.000,0,0,0, 37.03, 0.646, 33.14, 0.638, 300.00, 0.342, 41.81, 0.231
32020,341578, 36.80, 0.00, 0.457, 0.000, 0.000, 0.000,0,0,0, 36.80, 0.457, 32.43, 0.406, 292.68, 0.381, 40.81, 0.162
32021,341589, 30.84, 0.00, 0.485, 0.000, 0.000, 0.000,0,0,0, 30.84, 0.485, 37.03, 0.473, 32.25, 0.446, 41.95, 0.353
32022,341600, 37.15, 0.00, 0.362, 0.000, 0.000, 0.000,0,0,0, 37.15, 0.362, 97.56, 0.350, 42.10, 0.214, 59.40, 0.194
32023,341610, 43.01, 0.00, 0.350, 0.000, 0.000, 0.000,0,0,0, 43.01, 0.350, 32.25, 0.252, 74.53, 0.240, 59.11, 0.233
32024,341621, 43.01, 0.00, 0.476, 0.000, 0.000, 0.000,0,0,0, 43.01, 0.476, 58.53, 0.296, 77.41, 0.258, 96.77, 0.254
32025,341632, 76.43, 0.00, 0.561, 0.000, 0.000, 0.000,0,0,0, 76.43, 0.561, 32.87, 0.441, 42.10, 0.407, 38.96, 0.313
32026,341642, 42.10, 0.00, 0.510, 0.000, 0.000, 0.000,0,0,0, 42.10, 0.510, 76.43, 0.437, 38.58, 0.426, 96.00, 0.393
32027,341653, 42.10, 0.00, 0.595, 0.000, 0.000, 0.000,0,0,0, 42.10, 0.595, 74.53, 0.528, 33.24, 0.326, 38.70, 0.157
32028,341664, 40.95, 0.00, 0.684, 0.000, 0.000, 0.000,0,0,0, 40.95, 0.684, 96.00, 0.353, 73.61, 0.276, 79.47, 0.252
32029,341674, 41.52, 0.00, 0.721, 0.000, 0.000, 0.000,0,0,0, 41.52, 0.721, 73.61, 0.383, 37.03, 0.217, 99.17, 0.201
32030,341685, 42.10, 0.00, 0.810, 0.000, 0.000, 0.000,0,0,0, 42.10, 0.810, 74.53, 0.508, 97.56, 0.315, 37.50, 0.173
32031,341696, 42.25, 0.00, 0.713, 0.000, 0.000, 0.000,0,0,0, 42.25, 0.713, 30.07, 0.640, 97.56, 0.440, 74.53, 0.427
32032,341706, 42.10, 0.00, 0.772, 0.000, 0.000, 0.000,0,0,0, 42.10, 0.772, 74.07, 0.532, 97.56, 0.325, 32.34, 0.289
32033,341717, 42.10, 0.00, 0.746, 0.000, 0.000, 0.000,0,0,0, 42.10, 0.746, 97.56, 0.435, 74.07, 0.419, 146.34, 0.256
32034,341728, 41.95, 0.00, 0.653, 0.000, 0.000, 0.000,0,0,0, 41.95, 0.653, 74.07, 0.458, 146.34, 0.322, 37.73, 0.284
32035,341738, 41.95, 0.00, 0.770, 0.000, 0.000, 0.000,0,0,0, 41.95, 0.770, 99.17, 0.363, 74.07, 0.345, 58.82, 0.127
32036,341749, 42.40, 0.00, 0.700, 0.000, 0.000, 0.000,0,0,0, 42.40, 0.700, 72.28, 0.405, 96.77, 0.155, 36.25, 0.111
32037,341760, 42.85, 0.00, 0.593, 0.000, 0.000, 0.000,0,0,0, 42.85, 0.593, 73.17, 0.319, 39.73, 0.308, 39.08, 0.308
32038,341770, 38.21, 0.00, 0.558, 0.000, 0.000, 0.000,0,0,0, 38.21, 0.558, 41.37, 0.501, 74.53, 0.486, 40.00, 0.462
32039,341781, 75.47, 0.00, 0.580, 0.000, 0.000, 0.000,0,0,0, 75.47, 0.580, 40.67, 0.544, 39.73, 0.537, 93.75, 0.283
32040,341792, 41.95, 0.00, 0.790, 0.000, 0.000, 0.000,0,0,0, 41.95, 0.790, 75.00, 0.461, 95.23, 0.372, 37.97, 0.299
32041,341802, 41.95, 0.00, 0.870, 0.000, 0.000, 0.000,0,0,0, 41.95, 0.870, 74.53, 0.550, 96.77, 0.300, 37.85, 0.070
32042,341813, 41.95, 0.00, 0.797, 0.000, 0.000, 0.000,0,0,0, 41.95, 0.797, 76.43, 0.380, 97.56, 0.370, 32.25, 0.080
32043,341824, 41.81, 0.00, 0.714, 0.000, 0.000, 0.000,0,0,0, 41.81, 0.714, 74.53, 0.457, 32.78, 0.434, 59.40, 0.168
32044,341834, 42.10, 0.00, 0.678, 0.000, 0.000, 0.000,0,0,0, 42.10, 0.678, 97.56, 0.340, 74.07, 0.333, 58.53, 0.138
32045,341845, 42.25, 0.00, 0.737, 0.000, 0.000, 0.000,0,0,0, 42.25, 0.737, 75.00, 0.514, 32.60, 0.351, 97.56, 0.266
32046,341856, 42.10, 0.00, 0.589, 0.000, 0.000, 0.000,0,0,0, 42.10, 0.589, 74.07, 0.386, 96.77, 0.308, 31.74, 0.261
32047,341866, 41.23, 0.00, 0.709, 0.000, 0.000, 0.000,0,0,0, 41.23, 0.709, 74.53, 0.492, 96.00, 0.322, 0.00, 0.000
32048,341877, 41.66, 0.00, 0.824, 0.000, 0.000, 0.000,0,0,0, 41.66, 0.824, 73.61, 0.543, 87.59, 0.319, 0.00, 0.000
32049,341888, 41.66, 0.00, 0.667, 0.000, 0.000, 0.000,0,0,0, 41.66, 0.667, 77.92, 0.530, 88.23, 0.474, 0.00, 0.000
32050,341898, 75.94, 0.00, 0.649, 0.000, 0.000, 0.000,0,0,0, 75.94, 0.649, 41.66, 0.492, 38.33, 0.350, 33.51, 0.235
32051,341909, 39.73, 0.00, 0.596, 0.000, 0.000, 0.000,0,0,0, 39.73, 0.596, 41.37, 0.537, 75.94, 0.446, 91.60, 0.363
32052,341920, 41.66, 0.00, 0.741, 0.000, 0.000, 0.000,0,0,0, 41.66, 0.741, 75.47, 0.618, 90.22, 0.227, 38.70, 0.208
32053,341930, 41.52, 0.00, 0.783, 0.000, 0.000, 0.000,0,0,0, 41.52, 0.783, 75.94, 0.457, 95.23, 0.319, 37.73, 0.272
32054,341941, 41.81, 0.00, 0.666, 0.000, 0.000, 0.000,0,0,0, 41.81, 0.666, 73.61, 0.457, 32.08, 0.343, 96.00, 0.180
32055,341952, 42.10, 0.00, 0.745, 0.000, 0.000, 0.000,0,0,0, 42.10, 0.745, 73.61, 0.405, 96.77, 0.149, 31.16, 0.092
32056,341962, 30.07, 0.00, 0.593, 0.000, 0.000, 0.000,0,0,0, 30.07, 0.593, 41.95, 0.551, 74.07, 0.369, 96.77, 0.280
32057,341973, 40.95, 0.00, 0.683, 0.000, 0.000, 0.000,0,0,0, 40.95, 0.683, 75.00, 0.474, 95.23, 0.198, 32.60, 0.116
32058,341984, 41.52, 0.00, 0.927, 0.000, 0.000, 0.000,0,0,0, 41.52, 0.927, 93.75, 0.608, 0.00, 0.000, 0.00, 0.000
32059,341994, 41.66, 0.00, 0.997, 0.000, 0.000, 0.000,0,0,0, 41.66, 0.997, 75.00, 0.586, 0.00, 0.000, 0.00, 0.000
32060,342005, 41.52, 0.00, 0.911, 0.000, 0.000, 0.000,0,0,0, 41.52, 0.911, 92.30, 0.548, 86.33, 0.546, 0.00, 0.000
32061,342016, 40.54, 0.00, 0.690, 0.000, 0.000, 0.000,0,0,0, 40.54, 0.690, 75.94, 0.673, 33.05, 0.074, 0.00, 0.000
32062,342026, 41.37, 0.00, 0.657, 0.000, 0.000, 0.000,0,0,0, 41.37, 0.657, 76.43, 0.475, 91.60, 0.449, 62.17, 0.035
32063,342037, 41.81, 0.00, 0.629, 0.000, 0.000, 0.000,0,0,0, 41.81, 0.629, 75.47, 0.573, 37.73, 0.442, 93.02, 0.264
32064,342048, 41.95, 0.00, 0.696, 0.000, 0.000, 0.000,0,0,0, 41.95, 0.696, 75.00, 0.520, 37.38, 0.384, 93.75, 0.380
32065,342058, 41.66, 0.00, 0.507, 0.000, 0.000, 0.000,0,0,0, 41.66, 0.507, 74.53, 0.485, 30.84, 0.369, 37.38, 0.266
32066,342069, 33.89, 0.00, 0.441, 0.000, 0.000, 0.000,0,0,0, 33.89, 0.441, 52.86, 0.292, 60.00, 0.208, 40.95, 0.203
32067,342080, 33.61, 0.00, 0.441, 0.000, 0.000, 0.000,0,0,0, 33.61, 0.441, 35.71, 0.409, 54.05, 0.232, 75.47, 0.181
32068,342090, 91.60, 0.00, 0.308, 0.000, 0.000, 0.000,0,0,0, 91.60, 0.308, 51.94, 0.243, 35.92, 0.209, 34.38, 0.152
32069,342101, 42.55, 0.00, 0.566, 0.000, 0.000, 0.000,0,0,0, 42.55, 0.566, 94.48, 0.512, 76.43, 0.336, 80.00, 0.329
32070,342112, 32.69, 0.00, 0.593, 0.000, 0.000, 0.000,0,0,0, 32.69, 0.593, 95.23, 0.454, 48.19, 0.425, 41.52, 0.184
32071,342122, 49.18, 0.00, 0.675, 0.000, 0.000, 0.000,0,0,0, 49.18, 0.675, 32.69, 0.605, 30.07, 0.449, 99.17, 0.231
32072,342133, 32.78, 0.00, 0.773, 0.000, 0.000, 0.000,0,0,0, 32.78, 0.773, 49.58, 0.607, 97.56, 0.305, 110.09, 0.165
32073,342144, 99.17, 0.00, 0.509, 0.000, 0.000, 0.000,0,0,0, 99.17, 0.509, 49.38, 0.482, 33.80, 0.176, 45.62, 0.053
32074,342154, 97.56, 0.00, 0.568, 0.000, 0.000, 0.000,0,0,0, 97.56, 0.568, 48.78, 0.479, 37.03, 0.346, 31.49, 0.260
32075,342165, 33.24, 0.00, 0.944, 0.000, 0.000, 0.000,0,0,0, 33.24, 0.944, 99.17, 0.333, 46.87, 0.321, 49.38, 0.269
32076,342176, 32.96, 0.00, 0.623, 0.000, 0.000, 0.000,0,0,0, 32.96, 0.623, 49.79, 0.408, 98.36, 0.376, 114.28, 0.121
32077,342186, 98.36, 0.00, 0.489, 0.000, 0.000, 0.000,0,0,0, 98.36, 0.489, 49.18, 0.326, 114.28, 0.271, 38.09, 0.131
32078,342197, 98.36, 0.00, 0.476, 0.000, 0.000, 0.000,0,0,0, 98.36, 0.476, 49.18, 0.439, 31.66, 0.400, 32.87, 0.299
32079,342208, 33.14, 0.00, 0.798, 0.000, 0.000, 0.000,0,0,0, 33.14, 0.798, 99.17, 0.476, 49.79, 0.419, 62.50, 0.138
32080,342218, 49.79, 0.00, 0.618, 0.000, 0.000, 0.000,0,0,0, 49.79, 0.618, 99.17, 0.515, 33.24, 0.338, 30.37, 0.242
32081,342229, 97.56, 0.00, 0.479, 0.000, 0.000, 0.000,0,0,0, 97.56, 0.479, 49.38, 0.453, 32.00, 0.312, 37.97, 0.107
32082,342240, 32.96, 0.00, 0.711, 0.000, 0.000, 0.000,0,0,0, 32.96, 0.711, 49.18, 0.664, 99.17, 0.281, 0.00, 0.000
32083,342250, 32.96, 0.00, 0.917, 0.000, 0.000, 0.000,0,0,0, 32.96, 0.917, 32.25, 0.791, 49.58, 0.599, 99.17, 0.305
32084,342261, 99.17, 0.00, 0.594, 0.000, 0.000, 0.000,0,0,0, 99.17, 0.594, 49.38, 0.483, 33.05, 0.420, 41.23, 0.176
32085,342272, 98.36, 0.00, 0.686, 0.000, 0.000, 0.000,0,0,0, 98.36, 0.686, 48.97, 0.464, 37.26, 0.203, 34.98, 0.114
32086,342282, 33.05, 0.00, 0.742, 0.000, 0.000, 0.000,0,0,0, 33.05, 0.742, 99.17, 0.405, 49.58, 0.348, 51.28, 0.284
32087,342293, 33.33, 0.00, 0.809, 0.000, 0.000, 0.000,0,0,0, 33.33, 0.809, 33.80, 0.808, 100.00, 0.387, 51.28, 0.345
32088,342304, 100.00, 0.00, 0.539, 0.000, 0.000, 0.000,0,0,0, 100.00, 0.539, 47.80, 0.304, 33.14, 0.293, 41.37, 0.170
32089,342314, 99.17, 0.00, 0.564, 0.000, 0.000, 0.000,0,0,0, 99.17, 0.564, 37.26, 0.379, 47.80, 0.289, 31.91, 0.254
32090,342325, 32.34, 0.00, 0.600, 0.000, 0.000, 0.000,0,0,0, 32.34, 0.600, 100.00, 0.340, 49.58, 0.217, 61.85, 0.052
32091,342336, 32.96, 0.00, 0.617, 0.000, 0.000, 0.000,0,0,0, 32.96, 0.617, 33.89, 0.427, 100.00, 0.339, 50.00, 0.327
32092,342346, 100.00, 0.00, 0.449, 0.000, 0.000, 0.000,0,0,0, 100.00, 0.449, 50.00, 0.247, 40.95, 0.241, 52.63, 0.072
32093,342357, 99.17, 0.00, 0.421, 0.000, 0.000, 0.000,0,0,0, 99.17, 0.421, 49.58, 0.394, 37.97, 0.306, 32.34, 0.289
32094,342368, 33.05, 0.00, 0.803, 0.000, 0.000, 0.000,0,0,0, 33.05, 0.803, 32.25, 0.641, 49.38, 0.320, 100.00, 0.319
32095,342378, 49.79, 0.00, 0.421, 0.000, 0.000, 0.000,0,0,0, 49.79, 0.421, 34.28, 0.384, 42.10, 0.362, 100.00, 0.299
32096,342389, 98.36, 0.00, 0.294, 0.000, 0.000, 0.000,0,0,0, 98.36, 0.294, 88.88, 0.273, 37.38, 0.267, 49.58, 0.253
32097,342400, 32.25, 0.00, 0.450, 0.000, 0.000, 0.000,0,0,0, 32.25, 0.450, 48.58, 0.418, 100.00, 0.250, 37.73, 0.238
32098,342410, 33.05, 0.00, 0.486, 0.000, 0.000, 0.000,0,0,0, 33.05, 0.486, 34.28, 0.448, 48.00, 0.371, 102.56, 0.221
32099,342421, 34.18, 0.00, 0.467, 0.000, 0.000, 0.000,0,0,0, 34.18, 0.467, 49.79, 0.383, 101.69, 0.317, 72.72, 0.179
32100,342432, 32.25, 0.00, 0.464, 0.000, 0.000, 0.000,0,0,0, 32.25, 0.464, 50.84, 0.435, 88.88, 0.289, 97.56, 0.270
32101,342442, 31.83, 0.00, 0.459, 0.000, 0.000, 0.000,0,0,0, 31.83, 0.459, 49.38, 0.441, 32.87, 0.386, 37.26, 0.250
32102,342453, 33.05, 0.00, 0.738, 0.000, 0.000, 0.000,0,0,0, 33.05, 0.738, 49.38, 0.489, 100.00, 0.241, 64.86, 0.172
32103,342464, 50.00, 0.00, 0.545, 0.000, 0.000, 0.000,0,0,0, 50.00, 0.545, 100.00, 0.450, 40.81, 0.393, 70.17, 0.261
32104,342474, 49.58, 0.00, 0.530, 0.000, 0.000, 0.000,0,0,0, 49.58, 0.530, 98.36, 0.398, 31.74, 0.328, 37.26, 0.286
32105,342485, 32.78, 0.00, 0.776, 0.000, 0.000, 0.000,0,0,0, 32.78, 0.776, 48.97, 0.565, 98.36, 0.207, 38.33, 0.148
32106,342496, 33.14, 0.00, 0.492, 0.000, 0.000, 0.000,0,0,0, 33.14, 0.492, 49.58, 0.431, 34.68, 0.277, 100.00, 0.171
32107,342506, 49.79, 0.00, 0.543, 0.000, 0.000, 0.000,0,0,0, 49.79, 0.543, 99.17, 0.339, 34.98, 0.232, 40.81, 0.202
32108,342517, 37.50, 0.00, 0.495, 0.000, 0.000, 0.000,0,0,0, 37.50, 0.495, 49.18, 0.424, 99.17, 0.319, 63.15, 0.225
32109,342528, 48.78, 0.00, 0.481, 0.000, 0.000, 0.000,0,0,0, 48.78, 0.481, 32.87, 0.401, 31.49, 0.239, 38.46, 0.204
32110,342538, 50.00, 0.00, 0.509, 0.000, 0.000, 0.000,0,0,0, 50.00, 0.509, 34.78, 0.351, 69.36, 0.241, 42.55, 0.200
32111,342549, 50.20, 0.00, 0.452, 0.000, 0.000, 0.000,0,0,0, 50.20, 0.452, 30.84, 0.288, 100.84, 0.269, 40.54, 0.243
32112,342560, 48.97, 0.00, 0.698, 0.000, 0.000, 0.000,0,0,0, 48.97, 0.698, 98.36, 0.294, 35.19, 0.215, 32.96, 0.177
32113,342570, 48.78, 0.00, 0.622, 0.000, 0.000, 0.000,0,0,0, 48.78, 0.622, 32.69, 0.562, 98.36, 0.304, 38.58, 0.252
32114,342581, 50.20, 0.00, 0.516, 0.000, 0.000, 0.000,0,0,0, 50.20, 0.516, 32.25, 0.339, 100.00, 0.323, 35.08, 0.276
32115,342592, 51.50, 0.00, 0.558, 0.000, 0.000, 0.000,0,0,0, 51.50, 0.558, 101.69, 0.450, 36.14, 0.219, 35.08, 0.204
32116,342602, 36.69, 0.00, 0.569, 0.000, 0.000, 0.000,0,0,0, 36.69, 0.569, 115.38, 0.418, 104.34, 0.416, 52.86, 0.321
32117,342613, 32.34, 0.00, 0.353, 0.000, 0.000, 0.000,0,0,0, 32.34, 0.353, 33.14, 0.321, 117.64, 0.284, 44.77, 0.281
32118,342624, 74.07, 0.00, 0.567, 0.000, 0.000, 0.000,0,0,0, 74.07, 0.567, 37.26, 0.483, 47.24, 0.385, 134.83, 0.245
32119,342634, 74.07, 0.00, 0.855, 0.000, 0.000, 0.000,0,0,0, 74.07, 0.855, 37.15, 0.843, 148.14, 0.224, 31.00, 0.182
32120,342645, 74.07, 0.00, 0.901, 0.000, 0.000, 0.000,0,0,0, 74.07, 0.901, 37.03, 0.796, 49.38, 0.378, 148.14, 0.331
32121,342656, 74.07, 0.00, 0.920, 0.000, 0.000, 0.000,0,0,0, 74.07, 0.920, 36.92, 0.839, 47.24, 0.393, 146.34, 0.223
32122,342666, 74.07, 0.00, 0.887, 0.000, 0.000, 0.000,0,0,0, 74.07, 0.887, 37.03, 0.805, 48.97, 0.208, 144.57, 0.189
32123,342677, 74.53, 0.00, 0.914, 0.000, 0.000, 0.000,0,0,0, 74.53, 0.914, 37.15, 0.833, 30.22, 0.541, 51.06, 0.396
32124,342688, 74.07, 0.00, 0.891, 0.000, 0.000, 0.000,0,0,0, 74.07, 0.891, 37.26, 0.844, 50.00, 0.428, 151.89, 0.415
32125,342698, 74.07, 0.00, 0.843, 0.000, 0.000, 0.000,0,0,0, 74.07, 0.843, 37.26, 0.785, 50.00, 0.612, 150.00, 0.559
32126,342709, 74.07, 0.00, 0.821, 0.000, 0.000, 0.000,0,0,0, 74.07, 0.821, 37.15, 0.596, 50.20, 0.581, 150.00, 0.528
32127,342720, 74.53, 0.00, 0.842, 0.000, 0.000, 0.000,0,0,0, 74.53, 0.842, 37.26, 0.816, 50.20, 0.489, 155.84, 0.467
32128,342730, 74.53, 0.00, 0.826, 0.000, 0.000, 0.000,0,0,0, 74.53, 0.826, 37.26, 0.702, 50.42, 0.457, 157.89, 0.344
32129,342741, 74.53, 0.00, 0.776, 0.000, 0.000, 0.000,0,0,0, 74.53, 0.776, 37.38, 0.606, 30.15, 0.422, 50.42, 0.391
32130,342752, 74.53, 0.00, 0.806, 0.000, 0.000, 0.000,0,0,0, 74.53, 0.806, 37.03, 0.660, 41.52, 0.363, 157.89, 0.122
32131,342762, 74.53, 0.00, 0.819, 0.000, 0.000, 0.000,0,0,0, 74.53, 0.819, 37.50, 0.752, 41.95, 0.329, 96.00, 0.241
32132,342773, 74.07, 0.00, 0.875, 0.000, 0.000, 0.000,0,0,0, 74.07, 0.875, 37.26, 0.761, 42.10, 0.254, 96.77, 0.186
32133,342784, 74.07, 0.00, 0.765, 0.000, 0.000, 0.000,0,0,0, 74.07, 0.765, 37.38, 0.520, 42.25, 0.351, 97.56, 0.166
32134,342794, 37.03, 0.00, 0.821, 0.000, 0.000, 0.000,0,0,0, 37.03, 0.821, 74.53, 0.695, 33.14, 0.241, 42.40, 0.153
32135,342805, 74.53, 0.00, 0.634, 0.000, 0.000, 0.000,0,0,0, 74.53, 0.634, 37.50, 0.373, 40.13, 0.221, 51.06, 0.194
32136,342816, 74.53, 0.00, 0.676, 0.000, 0.000, 0.000,0,0,0, 74.53, 0.676, 37.03, 0.615, 32.52, 0.451, 146.34, 0.310
32137,342826, 74.07, 0.00, 0.783, 0.000, 0.000, 0.000,0,0,0, 74.07, 0.783, 37.03, 0.729, 47.80, 0.471, 134.83, 0.395
32138,342837, 74.07, 0.00, 0.747, 0.000, 0.000, 0.000,0,0,0, 74.07, 0.747, 37.03, 0.528, 50.84, 0.258, 155.84, 0.215
32139,342848, 74.07, 0.00, 0.791, 0.000, 0.000, 0.000,0,0,0, 74.07, 0.791, 36.92, 0.751, 30.07, 0.554, 50.42, 0.440
32140,342858, 74.07, 0.00, 0.801, 0.000, 0.000, 0.000,0,0,0, 74.07, 0.801, 37.15, 0.616, 42.40, 0.306, 99.17, 0.210
32141,342869, 74.53, 0.00, 0.909, 0.000, 0.000, 0.000,0,0,0, 74.53, 0.909, 37.15, 0.808, 42.10, 0.333, 98.36, 0.170
32142,342880, 74.53, 0.00, 0.927, 0.000, 0.000, 0.000,0,0,0, 74.53, 0.927, 37.26, 0.855, 42.10, 0.212, 96.00, 0.154
32143,342890, 74.07, 0.00, 0.868, 0.000, 0.000, 0.000,0,0,0, 74.07, 0.868, 37.15, 0.769, 42.25, 0.123, 95.23, 0.119
32144,342901, 74.07, 0.00, 0.812, 0.000, 0.000, 0.000,0,0,0, 74.07, 0.812, 37.15, 0.596, 42.55, 0.279, 33.24, 0.119
32145,342912, 74.07, 0.00, 0.688, 0.000, 0.000, 0.000,0,0,0, 74.07, 0.688, 37.15, 0.570, 42.55, 0.362, 96.00, 0.199
32146,342922, 75.00, 0.00, 0.690, 0.000, 0.000, 0.000,0,0,0, 75.00, 0.690, 37.26, 0.417, 41.52, 0.350, 30.84, 0.225
32147,342933, 74.53, 0.00, 0.622, 0.000, 0.000, 0.000,0,0,0, 74.53, 0.622, 32.52, 0.391, 37.15, 0.331, 146.34, 0.311
32148,342944, 37.15, 0.00, 0.796, 0.000, 0.000, 0.000,0,0,0, 37.15, 0.796, 74.53, 0.765, 48.78, 0.533, 142.85, 0.363
32149,342954, 74.07, 0.00, 0.819, 0.000, 0.000, 0.000,0,0,0, 74.07, 0.819, 37.03, 0.659, 155.84, 0.333, 50.20, 0.326
32150,342965, 74.07, 0.00, 0.795, 0.000, 0.000, 0.000,0,0,0, 74.07, 0.795, 37.03, 0.778, 50.42, 0.327, 97.56, 0.256
32151,342976, 74.53, 0.00, 0.831, 0.000, 0.000, 0.000,0,0,0, 74.53, 0.831, 37.15, 0.787, 48.78, 0.354, 148.14, 0.304
32152,342986, 75.00, 0.00, 0.784, 0.000, 0.000, 0.000,0,0,0, 75.00, 0.784, 37.26, 0.679, 41.95, 0.187, 150.00, 0.162
32153,342997, 74.53, 0.00, 0.872, 0.000, 0.000, 0.000,0,0,0, 74.53, 0.872, 37.15, 0.747, 32.69, 0.193, 41.66, 0.176
32154,343008, 74.53, 0.00, 0.784, 0.000, 0.000, 0.000,0,0,0, 74.53, 0.784, 37.03, 0.654, 41.95, 0.262, 94.48, 0.201
32155,343018, 74.53, 0.00, 0.838, 0.000, 0.000, 0.000,0,0,0, 74.53, 0.838, 37.26, 0.613, 42.10, 0.485, 95.23, 0.177
32156,343029, 74.53, 0.00, 0.728, 0.000, 0.000, 0.000,0,0,0, 74.53, 0.728, 37.50, 0.468, 41.81, 0.294, 95.23, 0.131
32157,343040, 74.53, 0.00, 0.752, 0.000, 0.000, 0.000,0,0,0, 74.53, 0.752, 37.15, 0.482, 39.86, 0.439, 32.43, 0.167
32158,343050, 74.53, 0.00, 0.707, 0.000, 0.000, 0.000,0,0,0, 74.53, 0.707, 37.15, 0.443, 32.25, 0.281, 50.42, 0.221
32159,343061, 74.07, 0.00, 0.731, 0.000, 0.000, 0.000,0,0,0, 74.07, 0.731, 37.03, 0.725, 127.65, 0.192, 46.51, 0.135
32160,343072, 73.61, 0.00, 0.566, 0.000, 0.000, 0.000,0,0,0, 73.61, 0.566, 36.80, 0.490, 47.05, 0.294, 34.09, 0.283
32161,343082, 36.92, 0.00, 0.752, 0.000, 0.000, 0.000,0,0,0, 36.92, 0.752, 74.53, 0.464, 141.17, 0.233, 47.80, 0.178
32162,343093, 37.03, 0.00, 0.759, 0.000, 0.000, 0.000,0,0,0, 37.03, 0.759, 74.07, 0.567, 30.84, 0.411, 51.72, 0.286
32163,343104, 37.15, 0.00, 0.886, 0.000, 0.000, 0.000,0,0,0, 37.15, 0.886, 74.07, 0.618, 49.58, 0.376, 151.89, 0.343
32164,343114, 74.07, 0.00, 0.756, 0.000, 0.000, 0.000,0,0,0, 74.07, 0.756, 37.03, 0.697, 48.58, 0.304, 146.34, 0.229
32165,343125, 74.07, 0.00, 0.856, 0.000, 0.000, 0.000,0,0,0, 74.07, 0.856, 37.15, 0.785, 48.78, 0.325, 146.34, 0.306
32166,343136, 74.07, 0.00, 0.793, 0.000, 0.000, 0.000,0,0,0, 74.07, 0.793, 37.15, 0.641, 48.78, 0.160, 146.34, 0.159
32167,343146, 36.92, 0.00, 0.892, 0.000, 0.000, 0.000,0,0,0, 36.92, 0.892, 74.07, 0.743, 33.14, 0.078, 0.00, 0.000
32168,343157, 74.07, 0.00, 0.739, 0.000, 0.000, 0.000,0,0,0, 74.07, 0.739, 36.92, 0.703, 48.19, 0.122, 155.84, 0.034
32169,343168, 75.00, 0.00, 0.604, 0.000, 0.000, 0.000,0,0,0, 75.00, 0.604, 36.80, 0.453, 160.00, 0.207, 41.95, 0.142
32170,343178, 37.15, 0.00, 0.816, 0.000, 0.000, 0.000,0,0,0, 37.15, 0.816, 74.07, 0.529, 50.84, 0.289, 151.89, 0.251
32171,343189, 36.80, 0.00, 0.669, 0.000, 0.000, 0.000,0,0,0, 36.80, 0.669, 74.07, 0.526, 30.07, 0.367, 47.80, 0.222
32172,343200, 36.92, 0.00, 0.719, 0.000, 0.000, 0.000,0,0,0, 36.92, 0.719, 74.07, 0.701, 33.33, 0.217, 144.57, 0.165
32173,343210, 74.07, 0.00, 0.865, 0.000, 0.000, 0.000,0,0,0, 74.07, 0.865, 37.03, 0.743, 49.79, 0.229, 150.00, 0.161
32174,343221, 74.07, 0.00, 0.824, 0.000, 0.000, 0.000,0,0,0, 74.07, 0.824, 37.03, 0.798, 146.34, 0.193, 41.52, 0.179
32175,343232, 37.03, 0.00, 0.872, 0.000, 0.000, 0.000,0,0,0, 37.03, 0.872, 74.07, 0.850, 48.97, 0.321, 150.00, 0.259
32176,343242, 74.07, 0.00, 0.877, 0.000, 0.000, 0.000,0,0,0, 74.07, 0.877, 37.15, 0.746, 49.18, 0.154, 150.00, 0.112
32177,343253, 74.07, 0.00, 0.887, 0.000, 0.000, 0.000,0,0,0, 74.07, 0.887, 37.03, 0.756, 42.70, 0.102, 151.89, 0.061
32178,343264, 74.07, 0.00, 0.893, 0.000, 0.000, 0.000,0,0,0, 74.07, 0.893, 37.15, 0.766, 49.18, 0.025, 0.00, 0.000
32179,343274, 74.07, 0.00, 0.919, 0.000, 0.000, 0.000,0,0,0, 74.07, 0.919, 37.03, 0.839, 0.00, 0.000, 0.00, 0.000
32180,343285, 37.15, 0.00, 0.971, 0.000, 0.000, 0.000,0,0,0, 37.15, 0.971, 74.07, 0.906, 0.00, 0.000, 0.00, 0.000
32181,343296, 37.38, 0.00, 0.968, 0.000, 0.000, 0.000,0,0,0, 37.38, 0.968, 74.53, 0.889, 0.00, 0.000, 0.00, 0.000
32182,343306, 75.47, 0.00, 0.744, 0.000, 0.000, 0.000,0,0,0, 75.47, 0.744, 38.58, 0.674, 37.38, 0.660, 0.00, 0.000
32183,343317, 38.58, 0.00, 0.728, 0.000, 0.000, 0.000,0,0,0, 38.58, 0.728, 77.41, 0.628, 37.26, 0.617, 0.00, 0.000
32184,343328, 37.97, 0.00, 0.735, 0.000, 0.000, 0.000,0,0,0, 37.97, 0.735, 73.17, 0.687, 0.00, 0.000, 0.00, 0.000
32185,343338, 74.53, 0.00, 0.597, 0.000, 0.000, 0.000,0,0,0, 74.53, 0.597, 35.82, 0.528, 37.61, 0.488, 30.92, 0.043
32186,343349, 81.63, 0.00, 0.559, 0.000, 0.000, 0.000,0,0,0, 81.63, 0.559, 37.73, 0.429, 0.00, 0.000, 0.00, 0.000
32187,343360, 40.40, 0.00, 0.713, 0.000, 0.000, 0.000,0,0,0, 40.40, 0.713, 81.63, 0.389, 0.00, 0.000, 0.00, 0.000
32188,343370, 32.87, 0.00, 0.470, 0.000, 0.000, 0.000,0,0,0, 32.87, 0.470, 71.00, 0.470, 63.15, 0.357, 40.54, 0.289
32189,343381, 38.09, 0.00, 0.574, 0.000, 0.000, 0.000,0,0,0, 38.09, 0.574, 36.58, 0.530, 69.36, 0.402, 34.28, 0.376
32190,343392, 37.85, 0.00, 0.711, 0.000, 0.000, 0.000,0,0,0, 37.85, 0.711, 75.00, 0.546, 0.00, 0.000, 0.00, 0.000
32191,343402, 74.07, 0.00, 0.450, 0.000, 0.000, 0.000,0,0,0, 74.07, 0.450, 43.79, 0.292, 30.30, 0.155, 37.85, 0.142
32192,343413, 66.29, 0.00, 0.494, 0.000, 0.000, 0.000,0,0,0, 66.29, 0.494, 35.60, 0.388, 33.14, 0.375, 32.87, 0.374
32193,343424, 65.21, 0.00, 0.492, 0.000, 0.000, 0.000,0,0,0, 65.21, 0.492, 53.81, 0.289, 32.96, 0.244, 0.00, 0.000
32194,343434, 31.25, 0.00, 0.785, 0.000, 0.000, 0.000,0,0,0, 31.25, 0.785, 64.17, 0.690, 81.63, 0.138, 36.58, 0.007
32195,343445, 63.49, 0.00, 0.324, 0.000, 0.000, 0.000,0,0,0, 63.49, 0.324, 49.79, 0.106, 0.00, 0.000, 0.00, 0.000
32196,343456, 90.22, 0.00, 0.309, 0.000, 0.000, 0.000,0,0,0, 90.22, 0.309, 37.26, 0.249, 63.49, 0.236, 0.00, 0.000
32197,343466, 90.22, 0.00, 0.338, 0.000, 0.000, 0.000,0,0,0, 90.22, 0.338, 36.69, 0.073, 0.00, 0.000, 0.00, 0.000
32198,343477, 33.51, 0.00, 0.389, 0.000, 0.000, 0.000,0,0,0, 33.51, 0.389, 95.23, 0.295, 0.00, 0.000, 0.00, 0.000
32199,343488, 400.00, 0.00, 0.642, 0.000, 0.000, 0.000,0,0,0, 400.00, 0.642, 0.00, 0.000, 0.00, 0.000, 0.00, 0.000
32200,343498, 30.00, 0.00, 0.788, 0.000, 0.000, 0.000,0,0,0, 30.00, 0.788, 0.00, 0.000, 0.00, 0.000, 0.00, 0.000
32201,343509, 400.00, 0.00, 0.492, 0.000, 0.000, 0.000,0,0,0, 400.00, 0.492, 0.00, 0.000, 0.00, 0.000, 0.00, 0.000
32202,343520, 47.61, 0.00, 0.591, 0.000, 0.000, 0.000,0,0,0, 47.61, 0.591, 33.80, 0.485, 0.00, 0.000, 0.00, 0.000
32203,343530, 47.61, 0.00, 0.489, 0.000, 0.000, 0.000,0,0,0, 47.61, 0.489, 65.57, 0.022, 0.00, 0.000, 0.00, 0.000
32204,343541, 39.86, 0.00, 0.343, 0.000, 0.000, 0.000,0,0,0, 39.86, 0.343, 62.50, 0.257, 50.42, 0.225, 0.00, 0.000
32205,343552, 40.00, 0.00, 0.661, 0.000, 0.000, 0.000,0,0,0, 40.00, 0.661, 48.58, 0.442, 35.71, 0.117, 0.00, 0.000
32206,343562, 48.38, 0.00, 0.560, 0.000, 0.000, 0.000,0,0,0, 48.38, 0.560, 39.60, 0.467, 169.01, 0.024, 0.00, 0.000
32207,343573, 47.80, 0.00, 0.636, 0.000, 0.000, 0.000,0,0,0, 47.80, 0.636, 58.25, 0.459, 39.60, 0.031, 0.00, 0.000
32208,343584, 49.18, 0.00, 0.722, 0.000, 0.000, 0.000,0,0,0, 49.18, 0.722, 45.45, 0.303, 61.53, 0.161, 65.57, 0.033
32209,343594, 49.38, 0.00, 0.976, 0.000, 0.000, 0.000,0,0,0, 49.38, 0.976, 0.00, 0.000, 0.00, 0.000, 0.00, 0.000
32210,343605, 49.38, 0.00, 0.966, 0.000, 0.000, 0.000,0,0,0, 49.38, 0.966, 43.79, 0.363, 0.00, 0.000, 0.00, 0.000
32211,343616, 49.18, 0.00, 0.418, 0.000, 0.000, 0.000,0,0,0, 49.18, 0.418, 35.82, 0.259, 63.82, 0.232, 34.78, 0.183
32212,343626, 49.38, 0.00, 0.415, 0.000, 0.000, 0.000,0,0,0, 49.38, 0.415, 35.50, 0.122, 77.92, 0.119, 36.69, 0.087
32213,343637, 49.79, 0.00, 0.785, 0.000, 0.000, 0.000,0,0,0, 49.79, 0.785, 35.08, 0.326, 121.21, 0.214, 77.92, 0.213
32214,343648, 49.79, 0.00, 0.839, 0.000, 0.000, 0.000,0,0,0, 49.79, 0.839, 30.22, 0.443, 31.08, 0.328, 83.33, 0.286
32215,343658, 49.58, 0.00, 0.955, 0.000, 0.000, 0.000,0,0,0, 49.58, 0.955, 35.19, 0.307, 122.44, 0.278, 82.75, 0.193
32216,343669, 49.79, 0.00, 0.970, 0.000, 0.000, 0.000,0,0,0, 49.79, 0.970, 31.00, 0.430, 82.75, 0.325, 123.71, 0.159
32217,343680, 49.58, 0.00, 0.972, 0.000, 0.000, 0.000,0,0,0, 49.58, 0.972, 35.50, 0.307, 125.00, 0.280, 36.80, 0.207
32218,343690, 49.79, 0.00, 0.889, 0.000, 0.000, 0.000,0,0,0, 49.79, 0.889, 31.08, 0.388, 82.75, 0.302, 125.00, 0.145
32219,343701, 51.28, 0.00, 0.733, 0.000, 0.000, 0.000,0,0,0, 51.28, 0.733, 37.03, 0.365, 146.34, 0.258, 82.19, 0.182
32220,343712, 52.40, 0.00, 0.908, 0.000, 0.000, 0.000,0,0,0, 52.40, 0.908, 32.00, 0.365, 38.46, 0.316, 82.19, 0.316
32221,343722, 52.17, 0.00, 0.956, 0.000, 0.000, 0.000,0,0,0, 52.17, 0.956, 38.58, 0.322, 146.34, 0.299, 81.63, 0.237
32222,343733, 52.40, 0.00, 0.959, 0.000, 0.000, 0.000,0,0,0, 52.40, 0.959, 31.83, 0.449, 81.63, 0.306, 38.58, 0.257
32223,343744, 52.17, 0.00, 0.918, 0.000, 0.000, 0.000,0,0,0, 52.17, 0.918, 31.41, 0.484, 78.43, 0.291, 38.58, 0.245
32224,343754, 52.17, 0.00, 0.862, 0.000, 0.000, 0.000,0,0,0, 52.17, 0.862, 40.40, 0.252, 39.21, 0.232, 32.78, 0.223
32225,343765, 53.57, 0.00, 0.655, 0.000, 0.000, 0.000,0,0,0, 53.57, 0.655, 32.08, 0.371, 78.43, 0.293, 31.25, 0.163
32226,343776, 54.79, 0.00, 0.884, 0.000, 0.000, 0.000,0,0,0, 54.79, 0.884, 41.81, 0.291, 181.81, 0.264, 76.43, 0.178
32227,343786, 55.55, 0.00, 0.919, 0.000, 0.000, 0.000,0,0,0, 55.55, 0.919, 32.96, 0.366, 42.70, 0.332, 80.53, 0.276
32228,343797, 55.55, 0.00, 0.878, 0.000, 0.000, 0.000,0,0,0, 55.55, 0.878, 43.01, 0.273, 169.01, 0.228, 31.25, 0.214
32229,343808, 55.81, 0.00, 0.696, 0.000, 0.000, 0.000,0,0,0, 55.81, 0.696, 33.14, 0.509, 43.95, 0.392, 82.19, 0.351
32230,343818, 57.97, 0.00, 0.681, 0.000, 0.000, 0.000,0,0,0, 57.97, 0.681, 81.08, 0.282, 33.99, 0.276, 44.60, 0.257
32231,343829, 58.25, 0.00, 0.932, 0.000, 0.000, 0.000,0,0,0, 58.25, 0.932, 45.97, 0.374, 218.18, 0.364, 78.94, 0.276
32232,343840, 58.53, 0.00, 0.511, 0.000, 0.000, 0.000,0,0,0, 58.53, 0.511, 30.07, 0.483, 47.43, 0.255, 222.22, 0.192
32233,343850, 61.85, 0.00, 0.534, 0.000, 0.000, 0.000,0,0,0, 61.85, 0.534, 48.38, 0.429, 222.22, 0.155, 32.78, 0.128
32234,343861, 30.69, 0.00, 0.978, 0.000, 0.000, 0.000,0,0,0, 30.69, 0.978, 61.53, 0.958, 40.95, 0.056, 122.44, 0.026
32235,343872, 31.33, 0.00, 0.921, 0.000, 0.000, 0.000,0,0,0, 31.33, 0.921, 61.85, 0.852, 0.00, 0.000, 0.00, 0.000
32236,343882, 64.86, 0.00, 0.725, 0.000, 0.000, 0.000,0,0,0, 64.86, 0.725, 32.25, 0.630, 30.22, 0.196, 37.85, 0.023
32237,343893, 32.34, 0.00, 0.916, 0.000, 0.000, 0.000,0,0,0, 32.34, 0.916, 64.86, 0.863, 47.05, 0.088, 179.10, 0.070
32238,343904, 33.05, 0.00, 0.962, 0.000, 0.000, 0.000,0,0,0, 33.05, 0.962, 65.57, 0.835, 47.61, 0.152, 171.42, 0.089
32239,343914, 67.03, 0.00, 0.700, 0.000, 0.000, 0.000,0,0,0, 67.03, 0.700, 33.70, 0.649, 33.33, 0.625, 48.58, 0.105
32240,343925, 33.99, 0.00, 0.986, 0.000, 0.000, 0.000,0,0,0, 33.99, 0.986, 68.57, 0.890, 32.78, 0.219, 49.58, 0.182
32241,343936, 68.96, 0.00, 0.947, 0.000, 0.000, 0.000,0,0,0, 68.96, 0.947, 34.48, 0.886, 48.97, 0.160, 171.42, 0.128
32242,343946, 69.36, 0.00, 0.650, 0.000, 0.000, 0.000,0,0,0, 69.36, 0.650, 35.60, 0.566, 50.00, 0.223, 173.91, 0.146
32243,343957, 72.72, 0.00, 0.756, 0.000, 0.000, 0.000,0,0,0, 72.72, 0.756, 36.47, 0.620, 35.29, 0.417, 30.15, 0.206
32244,343968, 72.72, 0.00, 0.918, 0.000, 0.000, 0.000,0,0,0, 72.72, 0.918, 36.25, 0.909, 51.06, 0.121, 54.05, 0.116
32245,343978, 72.72, 0.00, 0.944, 0.000, 0.000, 0.000,0,0,0, 72.72, 0.944, 36.25, 0.893, 44.11, 0.166, 111.11, 0.137
32246,343989, 37.03, 0.00, 0.652, 0.000, 0.000, 0.000,0,0,0, 37.03, 0.652, 73.17, 0.559, 210.52, 0.138, 30.53, 0.129
32247,344000, 76.43, 0.00, 0.752, 0.000, 0.000, 0.000,0,0,0, 76.43, 0.752, 38.21, 0.618, 31.33, 0.184, 47.24, 0.175
32248,344010, 38.33, 0.00, 0.941, 0.000, 0.000, 0.000,0,0,0, 38.33, 0.941, 76.43, 0.913, 31.91, 0.251, 55.04, 0.227
32249,344021, 76.92, 0.00, 0.779, 0.000, 0.000, 0.000,0,0,0, 76.92, 0.779, 38.33, 0.777, 32.43, 0.254, 55.81, 0.217
32250,344032, 80.00, 0.00, 0.462, 0.000, 0.000, 0.000,0,0,0, 80.00, 0.462, 39.21, 0.422, 31.57, 0.362, 33.33, 0.266
32251,344042, 80.53, 0.00, 0.642, 0.000, 0.000, 0.000,0,0,0, 80.53, 0.642, 40.40, 0.570, 33.24, 0.354, 203.38, 0.186
32252,344053, 40.54, 0.00, 0.932, 0.000, 0.000, 0.000,0,0,0, 40.54, 0.932, 81.08, 0.905, 33.89, 0.281, 58.53, 0.215
32253,344064, 81.63, 0.00, 0.661, 0.000, 0.000, 0.000,0,0,0, 81.63, 0.661, 40.95, 0.661, 31.91, 0.177, 34.38, 0.174
32254,344074, 85.71, 0.00, 0.687, 0.000, 0.000, 0.000,0,0,0, 85.71, 0.687, 42.40, 0.629, 32.60, 0.281, 52.86, 0.163
32255,344085, 85.71, 0.00, 0.820, 0.000, 0.000, 0.000,0,0,0, 85.71, 0.820, 42.70, 0.776, 214.28, 0.104, 35.82, 0.093
32256,344096, 86.33, 0.00, 0.887, 0.000, 0.000, 0.000,0,0,0, 86.33, 0.887, 42.85, 0.878, 33.24, 0.137, 53.81, 0.114
32257,344106, 43.16, 0.00, 0.912, 0.000, 0.000, 0.000,0,0,0, 43.16, 0.912, 86.33, 0.894, 54.05, 0.110, 33.24, 0.104
32258,344117, 43.32, 0.00, 0.924, 0.000, 0.000, 0.000,0,0,0, 43.32, 0.924, 86.95, 0.915, 54.29, 0.100, 144.57, 0.099
32259,344128, 87.59, 0.00, 0.613, 0.000, 0.000, 0.000,0,0,0, 87.59, 0.613, 44.44, 0.511, 218.18, 0.091, 36.92, 0.081
32260,344138, 90.90, 0.00, 0.748, 0.000, 0.000, 0.000,0,0,0, 90.90, 0.748, 45.28, 0.674, 218.18, 0.107, 34.68, 0.105
32261,344149, 90.90, 0.00, 0.971, 0.000, 0.000, 0.000,0,0,0, 90.90, 0.971, 30.37, 0.966, 45.45, 0.955, 35.29, 0.131
32262,344160, 90.90, 0.00, 0.977, 0.000, 0.000, 0.000,0,0,0, 90.90, 0.977, 45.45, 0.940, 30.30, 0.920, 64.17, 0.144
32263,344170, 30.37, 0.00, 0.971, 0.000, 0.000, 0.000,0,0,0, 30.37, 0.971, 90.90, 0.967, 45.62, 0.967, 37.73, 0.169
32264,344181, 45.62, 0.00, 0.983, 0.000, 0.000, 0.000,0,0,0, 45.62, 0.983, 90.90, 0.963, 30.37, 0.959, 37.73, 0.161
32265,344192, 91.60, 0.00, 0.856, 0.000, 0.000, 0.000,0,0,0, 91.60, 0.856, 45.80, 0.852, 30.61, 0.844, 64.51, 0.143
32266,344202, 31.00, 0.00, 0.775, 0.000, 0.000, 0.000,0,0,0, 31.00, 0.775, 93.02, 0.719, 46.33, 0.625, 38.33, 0.137
32267,344213, 31.66, 0.00, 0.765, 0.000, 0.000, 0.000,0,0,0, 31.66, 0.765, 47.43, 0.688, 94.48, 0.682, 226.41, 0.123
32268,344224, 31.91, 0.00, 0.960, 0.000, 0.000, 0.000,0,0,0, 31.91, 0.960, 96.00, 0.804, 48.00, 0.803, 37.15, 0.158
32269,344234, 96.77, 0.00, 0.977, 0.000, 0.000, 0.000,0,0,0, 96.77, 0.977, 48.19, 0.968, 32.25, 0.967, 39.86, 0.145
32270,344245, 48.19, 0.00, 0.957, 0.000, 0.000, 0.000,0,0,0, 48.19, 0.957, 96.77, 0.953, 32.08, 0.899, 39.86, 0.159
32271,344256, 96.77, 0.00, 0.964, 0.000, 0.000, 0.000,0,0,0, 96.77, 0.964, 32.25, 0.955, 48.19, 0.948, 40.00, 0.145
32272,344266, 48.38, 0.00, 0.969, 0.000, 0.000, 0.000,0,0,0, 48.38, 0.969, 96.77, 0.964, 32.25, 0.938, 37.50, 0.123
32273,344277, 96.77, 0.00, 0.984, 0.000, 0.000, 0.000,0,0,0, 96.77, 0.984, 32.25, 0.972, 48.38, 0.972, 230.76, 0.119
32274,344288, 96.77, 0.00, 0.990, 0.000, 0.000, 0.000,0,0,0, 96.77, 0.990, 48.38, 0.975, 32.25, 0.971, 68.18, 0.139
32275,344298, 32.25, 0.00, 0.989, 0.000, 0.000, 0.000,0,0,0, 32.25, 0.989, 96.77, 0.987, 48.38, 0.986, 39.86, 0.171
32276,344309, 96.77, 0.00, 0.986, 0.000, 0.000, 0.000,0,0,0, 96.77, 0.986, 32.34, 0.976, 48.38, 0.975, 37.38, 0.175
32277,344320, 96.77, 0.00, 0.985, 0.000, 0.000, 0.000,0,0,0, 96.77, 0.985, 48.38, 0.975, 32.34, 0.968, 37.50, 0.217
32278,344330, 48.38, 0.00, 0.988, 0.000, 0.000, 0.000,0,0,0, 48.38, 0.988, 32.34, 0.981, 96.77, 0.980, 37.50, 0.214
32279,344341, 96.77, 0.00, 0.968, 0.000, 0.000, 0.000,0,0,0, 96.77, 0.968, 48.38, 0.962, 32.34, 0.938, 37.50, 0.171
32280,344352, 32.60, 0.00, 0.921, 0.000, 0.000, 0.000,0,0,0, 32.60, 0.921, 97.56, 0.813, 48.78, 0.795, 37.85, 0.177
32281,344362, 32.96, 0.00, 0.927, 0.000, 0.000, 0.000,0,0,0, 32.96, 0.927, 99.17, 0.724, 49.58, 0.682, 171.42, 0.182
32282,344373, 33.51, 0.00, 0.890, 0.000, 0.000, 0.000,0,0,0, 33.51, 0.890, 100.84, 0.850, 50.00, 0.840, 38.96, 0.201
32283,344384, 101.69, 0.00, 0.856, 0.000, 0.000, 0.000,0,0,0, 101.69, 0.856, 33.70, 0.754, 50.63, 0.738, 39.34, 0.202
32284,344394, 102.56, 0.00, 0.895, 0.000, 0.000, 0.000,0,0,0, 102.56, 0.895, 34.09, 0.868, 51.28, 0.851, 42.10, 0.243
32285,344405, 34.18, 0.00, 0.980, 0.000, 0.000, 0.000,0,0,0, 34.18, 0.980, 102.56, 0.952, 51.28, 0.946, 40.00, 0.221
32286,344416, 51.50, 0.00, 0.944, 0.000, 0.000, 0.000,0,0,0, 51.50, 0.944, 102.56, 0.938, 34.28, 0.922, 65.57, 0.207
32287,344426, 34.28, 0.00, 0.986, 0.000, 0.000, 0.000,0,0,0, 34.28, 0.986, 102.56, 0.962, 51.50, 0.951, 42.25, 0.202
32288,344437, 51.50, 0.00, 0.988, 0.000, 0.000, 0.000,0,0,0, 51.50, 0.988, 34.38, 0.980, 103.44, 0.974, 65.57, 0.172
32289,344448, 102.56, 0.00, 0.968, 0.000, 0.000, 0.000,0,0,0, 102.56, 0.968, 34.28, 0.967, 51.50, 0.950, 42.40, 0.241
32290,344458, 103.44, 0.00, 0.958, 0.000, 0.000, 0.000,0,0,0, 103.44, 0.958, 51.50, 0.952, 34.28, 0.927, 42.40, 0.251
32291,344469, 102.56, 0.00, 0.967, 0.000, 0.000, 0.000,0,0,0, 102.56, 0.967, 51.50, 0.963, 34.28, 0.962, 30.07, 0.288
32292,344480, 51.50, 0.00, 0.988, 0.000, 0.000, 0.000,0,0,0, 51.50, 0.988, 102.56, 0.965, 34.28, 0.962, 39.86, 0.257
32293,344490, 51.50, 0.00, 0.986, 0.000, 0.000, 0.000,0,0,0, 51.50, 0.986, 34.28, 0.974, 102.56, 0.972, 39.86, 0.262
32294,344501, 51.50, 0.00, 0.985, 0.000, 0.000, 0.000,0,0,0, 51.50, 0.985, 103.44, 0.967, 34.38, 0.955, 39.86, 0.267
32295,344512, 51.50, 0.00, 0.990, 0.000, 0.000, 0.000,0,0,0, 51.50, 0.990, 102.56, 0.962, 34.38, 0.957, 39.60, 0.248
32296,344522, 51.50, 0.00, 0.989, 0.000, 0.000, 0.000,0,0,0, 51.50, 0.989, 34.38, 0.964, 103.44, 0.958, 39.60, 0.245
32297,344533, 51.50, 0.00, 0.987, 0.000, 0.000, 0.000,0,0,0, 51.50, 0.987, 103.44, 0.961, 34.38, 0.958, 260.86, 0.231
32298,344544, 34.28, 0.00, 0.980, 0.000, 0.000, 0.000,0,0,0, 34.28, 0.980, 51.50, 0.975, 102.56, 0.961, 30.30, 0.281
32299,344554, 102.56, 0.00, 0.956, 0.000, 0.000, 0.000,0,0,0, 102.56, 0.956, 51.28, 0.954, 34.28, 0.900, 30.22, 0.350
32300,344565, 102.56, 0.00, 0.957, 0.000, 0.000, 0.000,0,0,0, 102.56, 0.957, 51.50, 0.937, 34.28, 0.889, 43.16, 0.360
32301,344576, 103.44, 0.00, 0.967, 0.000, 0.000, 0.000,0,0,0, 103.44, 0.967, 51.50, 0.936, 34.28, 0.892, 30.45, 0.356
32302,344586, 34.28, 0.00, 0.978, 0.000, 0.000, 0.000,0,0,0, 34.28, 0.978, 51.50, 0.961, 102.56, 0.949, 30.37, 0.356
32303,344597, 34.38, 0.00, 0.993, 0.000, 0.000, 0.000,0,0,0, 34.38, 0.993, 51.50, 0.981, 103.44, 0.956, 30.53, 0.380
32304,344608, 102.56, 0.00, 0.951, 0.000, 0.000, 0.000,0,0,0, 102.56, 0.951, 34.18, 0.946, 51.28, 0.939, 30.30, 0.389
32305,344618, 102.56, 0.00, 0.953, 0.000, 0.000, 0.000,0,0,0, 102.56, 0.953, 51.28, 0.952, 34.18, 0.914, 43.16, 0.361
32306,344629, 102.56, 0.00, 0.974, 0.000, 0.000, 0.000,0,0,0, 102.56, 0.974, 34.18, 0.945, 51.50, 0.939, 30.37, 0.355
32307,344640, 51.50, 0.00, 0.977, 0.000, 0.000, 0.000,0,0,0, 51.50, 0.977, 103.44, 0.970, 34.38, 0.942, 39.60, 0.327
32308,344650, 34.38, 0.00, 0.993, 0.000, 0.000, 0.000,0,0,0, 34.38, 0.993, 51.72, 0.984, 103.44, 0.974, 272.72, 0.287
32309,344661, 51.72, 0.00, 0.972, 0.000, 0.000, 0.000,0,0,0, 51.72, 0.972, 103.44, 0.972, 34.48, 0.950, 39.34, 0.285
32310,344672, 34.38, 0.00, 0.990, 0.000, 0.000, 0.000,0,0,0, 34.38, 0.990, 51.72, 0.978, 103.44, 0.958, 39.47, 0.296
32311,344682, 34.48, 0.00, 0.977, 0.000, 0.000, 0.000,0,0,0, 34.48, 0.977, 103.44, 0.969, 51.72, 0.966, 39.47, 0.260
32312,344693, 103.44, 0.00, 0.975, 0.000, 0.000, 0.000,0,0,0, 103.44, 0.975, 51.50, 0.970, 34.38, 0.950, 39.47, 0.279
32313,344704, 103.44, 0.00, 0.991, 0.000, 0.000, 0.000,0,0,0, 103.44, 0.991, 51.72, 0.979, 34.48, 0.965, 30.53, 0.242
32314,344714, 34.38, 0.00, 0.974, 0.000, 0.000, 0.000,0,0,0, 34.38, 0.974, 103.44, 0.971, 51.72, 0.969, 260.86, 0.224
32315,344725, 34.38, 0.00, 0.976, 0.000, 0.000, 0.000,0,0,0, 34.38, 0.976, 103.44, 0.974, 51.50, 0.969, 39.60, 0.243
32316,344736, 103.44, 0.00, 0.967, 0.000, 0.000, 0.000,0,0,0, 103.44, 0.967, 51.50, 0.962, 34.38, 0.961, 39.73, 0.252
32317,344746, 51.72, 0.00, 0.977, 0.000, 0.000, 0.000,0,0,0, 51.72, 0.977, 103.44, 0.964, 34.38, 0.947, 39.86, 0.271
32318,344757, 51.72, 0.00, 0.991, 0.000, 0.000, 0.000,0,0,0, 51.72, 0.991, 103.44, 0.984, 34.48, 0.978, 260.86, 0.249
32319,344768, 51.72, 0.00, 0.990, 0.000, 0.000, 0.000,0,0,0, 51.72, 0.990, 103.44, 0.985, 34.48, 0.966, 43.01, 0.267
32320,344778, 51.72, 0.00, 0.984, 0.000, 0.000, 0.000,0,0,0, 51.72, 0.984, 103.44, 0.983, 34.48, 0.961, 30.37, 0.289
32321,344789, 51.72, 0.00, 0.980, 0.000, 0.000, 0.000,0,0,0, 51.72, 0.980, 103.44, 0.978, 34.38, 0.962, 43.01, 0.281
32322,344800, 34.48, 0.00, 0.994, 0.000, 0.000, 0.000,0,0,0, 34.48, 0.994, 51.72, 0.983, 103.44, 0.978, 39.73, 0.287
32323,344810, 34.48, 0.00, 0.992, 0.000, 0.000, 0.000,0,0,0, 34.48, 0.992, 51.72, 0.989, 103.44, 0.981, 30.45, 0.275
32324,344821, 51.72, 0.00, 0.989, 0.000, 0.000, 0.000,0,0,0, 51.72, 0.989, 103.44, 0.988, 34.48, 0.975, 40.00, 0.280
32325,344832, 103.44, 0.00, 0.993, 0.000, 0.000, 0.000,0,0,0, 103.44, 0.993, 51.72, 0.992, 34.48, 0.982, 30.37, 0.290
32326,344842, 103.44, 0.00, 0.990, 0.000, 0.000, 0.000,0,0,0, 103.44, 0.990, 34.58, 0.986, 51.72, 0.983, 255.31, 0.290
32327,344853, 103.44, 0.00, 0.988, 0.000, 0.000, 0.000,0,0,0, 103.44, 0.988, 51.72, 0.981, 34.48, 0.975, 255.31, 0.295
32328,344864, 103.44, 0.00, 0.974, 0.000, 0.000, 0.000,0,0,0, 103.44, 0.974, 51.72, 0.962, 34.48, 0.962, 30.45, 0.300
32329,344874, 33.99, 0.00, 0.881, 0.000, 0.000, 0.000,0,0,0, 33.99, 0.881, 102.56, 0.880, 51.06, 0.791, 42.70, 0.347
32330,344885, 101.69, 0.00, 0.861, 0.000, 0.000, 0.000,0,0,0, 101.69, 0.861, 50.63, 0.839, 33.80, 0.716, 38.58, 0.255
32331,344896, 100.84, 0.00, 0.551, 0.000, 0.000, 0.000,0,0,0, 100.84, 0.551, 50.42, 0.386, 32.52, 0.355, 90.90, 0.315
32332,344906, 86.95, 0.00, 0.507, 0.000, 0.000, 0.000,0,0,0, 86.95, 0.507, 44.28, 0.465, 30.84, 0.415, 42.10, 0.398
32333,344917, 31.57, 0.00, 0.602, 0.000, 0.000, 0.000,0,0,0, 31.57, 0.602, 44.28, 0.422, 91.60, 0.394, 102.56, 0.391
32334,344928, 35.08, 0.00, 0.419, 0.000, 0.000, 0.000,0,0,0, 35.08, 0.419, 107.14, 0.373, 59.11, 0.232, 0.00, 0.000
32335,344938, 38.58, 0.00, 0.660, 0.000, 0.000, 0.000,0,0,0, 38.58, 0.660, 57.14, 0.599, 107.14, 0.497, 125.00, 0.497
32336,344949, 54.54, 0.00, 0.784, 0.000, 0.000, 0.000,0,0,0, 54.54, 0.784, 37.97, 0.735, 125.00, 0.598, 0.00, 0.000
32337,344960, 54.79, 0.00, 0.818, 0.000, 0.000, 0.000,0,0,0, 54.79, 0.818, 35.29, 0.643, 104.34, 0.594, 0.00, 0.000
32338,344970, 55.55, 0.00, 0.853, 0.000, 0.000, 0.000,0,0,0, 55.55, 0.853, 36.25, 0.681, 113.20, 0.662, 0.00, 0.000
32339,344981, 55.29, 0.00, 0.889, 0.000, 0.000, 0.000,0,0,0, 55.29, 0.889, 37.97, 0.743, 115.38, 0.705, 0.00, 0.000
32340,344992, 55.29, 0.00, 0.842, 0.000, 0.000, 0.000,0,0,0, 55.29, 0.842, 111.11, 0.571, 35.71, 0.542, 38.21, 0.444
32341,345002, 55.55, 0.00, 0.797, 0.000, 0.000, 0.000,0,0,0, 55.55, 0.797, 37.85, 0.572, 36.58, 0.569, 118.81, 0.507
32342,345013, 56.60, 0.00, 0.863, 0.000, 0.000, 0.000,0,0,0, 56.60, 0.863, 36.25, 0.688, 104.34, 0.506, 0.00, 0.000
32343,345024, 56.60, 0.00, 0.765, 0.000, 0.000, 0.000,0,0,0, 56.60, 0.765, 117.64, 0.510, 38.83, 0.403, 35.92, 0.321
32344,345034, 54.54, 0.00, 0.893, 0.000, 0.000, 0.000,0,0,0, 54.54, 0.893, 37.26, 0.718, 116.50, 0.663, 0.00, 0.000
32345,345045, 53.57, 0.00, 0.841, 0.000, 0.000, 0.000,0,0,0, 53.57, 0.841, 106.19, 0.554, 35.19, 0.553, 0.00, 0.000
32346,345056, 54.29, 0.00, 0.825, 0.000, 0.000, 0.000,0,0,0, 54.29, 0.825, 37.26, 0.567, 36.14, 0.560, 116.50, 0.501
32347,345066, 55.55, 0.00, 0.745, 0.000, 0.000, 0.000,0,0,0, 55.55, 0.745, 35.82, 0.675, 105.26, 0.509, 0.00, 0.000
32348,345077, 56.33, 0.00, 0.830, 0.000, 0.000, 0.000,0,0,0, 56.33, 0.830, 120.00, 0.558, 38.33, 0.518, 0.00, 0.000
32349,345088, 55.55, 0.00, 0.850, 0.000, 0.000, 0.000,0,0,0, 55.55, 0.850, 120.00, 0.590, 38.58, 0.579, 36.69, 0.562
32350,345098, 55.04, 0.00, 0.820, 0.000, 0.000, 0.000,0,0,0, 55.04, 0.820, 35.71, 0.540, 110.09, 0.521, 0.00, 0.000
32351,345109, 54.05, 0.00, 0.887, 0.000, 0.000, 0.000,0,0,0, 54.05, 0.887, 37.26, 0.557, 36.03, 0.545, 121.21, 0.500
32352,345120, 54.29, 0.00, 0.836, 0.000, 0.000, 0.000,0,0,0, 54.29, 0.836, 35.39, 0.717, 37.38, 0.578, 103.44, 0.572
32353,345130, 54.05, 0.00, 0.829, 0.000, 0.000, 0.000,0,0,0, 54.05, 0.829, 37.61, 0.755, 112.14, 0.705, 0.00, 0.000
32354,345141, 54.05, 0.00, 0.747, 0.000, 0.000, 0.000,0,0,0, 54.05, 0.747, 112.14, 0.717, 36.03, 0.592, 37.97, 0.532
32355,345152, 55.55, 0.00, 0.721, 0.000, 0.000, 0.000,0,0,0, 55.55, 0.721, 35.92, 0.655, 111.11, 0.614, 0.00, 0.000
32356,345162, 55.04, 0.00, 0.802, 0.000, 0.000, 0.000,0,0,0, 55.04, 0.802, 37.50, 0.580, 120.00, 0.462, 0.00, 0.000
32357,345173, 56.33, 0.00, 0.730, 0.000, 0.000, 0.000,0,0,0, 56.33, 0.730, 36.14, 0.581, 38.09, 0.491, 120.00, 0.421
32358,345184, 56.60, 0.00, 0.740, 0.000, 0.000, 0.000,0,0,0, 56.60, 0.740, 38.70, 0.537, 113.20, 0.524, 0.00, 0.000
32359,345194, 54.54, 0.00, 0.885, 0.000, 0.000, 0.000,0,0,0, 54.54, 0.885, 35.92, 0.791, 108.10, 0.701, 0.00, 0.000
32360,345205, 54.29, 0.00, 0.837, 0.000, 0.000, 0.000,0,0,0, 54.29, 0.837, 110.09, 0.578, 35.29, 0.511, 37.50, 0.475
32361,345216, 53.33, 0.00, 0.849, 0.000, 0.000, 0.000,0,0,0, 53.33, 0.849, 37.26, 0.682, 116.50, 0.573, 0.00, 0.000
32362,345226, 35.71, 0.00, 0.778, 0.000, 0.000, 0.000,0,0,0, 35.71, 0.778, 55.29, 0.757, 109.09, 0.549, 0.00, 0.000
32363,345237, 54.54, 0.00, 0.811, 0.000, 0.000, 0.000,0,0,0, 54.54, 0.811, 37.26, 0.658, 110.09, 0.613, 0.00, 0.000
32364,345248, 36.47, 0.00, 0.780, 0.000, 0.000, 0.000,0,0,0, 36.47, 0.780, 112.14, 0.760, 54.29, 0.706, 0.00, 0.000
32365,345258, 57.69, 0.00, 0.645, 0.000, 0.000, 0.000,0,0,0, 57.69, 0.645, 38.70, 0.633, 113.20, 0.624, 0.00, 0.000
32366,345269, 37.26, 0.00, 0.764, 0.000, 0.000, 0.000,0,0,0, 37.26, 0.764, 54.29, 0.763, 118.81, 0.565, 0.00, 0.000
32367,345280, 54.54, 0.00, 0.795, 0.000, 0.000, 0.000,0,0,0, 54.54, 0.795, 35.50, 0.722, 106.19, 0.515, 0.00, 0.000
32368,345290, 54.05, 0.00, 0.719, 0.000, 0.000, 0.000,0,0,0, 54.05, 0.719, 36.92, 0.663, 105.26, 0.635, 0.00, 0.000
32369,345301, 110.09, 0.00, 0.776, 0.000, 0.000, 0.000,0,0,0, 110.09, 0.776, 35.82, 0.733, 53.09, 0.695, 37.26, 0.651
32370,345312, 37.85, 0.00, 0.837, 0.000, 0.000, 0.000,0,0,0, 37.85, 0.837, 112.14, 0.735, 56.07, 0.730, 0.00, 0.000
32371,345322, 54.29, 0.00, 0.679, 0.000, 0.000, 0.000,0,0,0, 54.29, 0.679, 55.81, 0.677, 38.09, 0.618, 36.47, 0.593
32372,345333, 36.36, 0.00, 0.740, 0.000, 0.000, 0.000,0,0,0, 36.36, 0.740, 55.04, 0.692, 111.11, 0.491, 0.00, 0.000
32373,345344, 57.14, 0.00, 0.737, 0.000, 0.000, 0.000,0,0,0, 57.14, 0.737, 117.64, 0.479, 38.58, 0.439, 0.00, 0.000
32374,345354, 56.87, 0.00, 0.687, 0.000, 0.000, 0.000,0,0,0, 56.87, 0.687, 37.26, 0.594, 36.14, 0.591, 116.50, 0.560
32375,345365, 54.54, 0.00, 0.829, 0.000, 0.000, 0.000,0,0,0, 54.54, 0.829, 37.61, 0.692, 115.38, 0.655, 0.00, 0.000
32376,345376, 54.05, 0.00, 0.789, 0.000, 0.000, 0.000,0,0,0, 54.05, 0.789, 35.50, 0.599, 111.11, 0.573, 36.92, 0.554
32377,345386, 54.05, 0.00, 0.744, 0.000, 0.000, 0.000,0,0,0, 54.05, 0.744, 112.14, 0.571, 37.03, 0.565, 35.60, 0.531
32378,345397, 53.09, 0.00, 0.739, 0.000, 0.000, 0.000,0,0,0, 53.09, 0.739, 35.60, 0.550, 111.11, 0.469, 0.00, 0.000
32379,345408, 36.69, 0.00, 0.671, 0.000, 0.000, 0.000,0,0,0, 36.69, 0.671, 51.72, 0.460, 122.44, 0.441, 0.00, 0.000
32380,345418, 39.21, 0.00, 0.620, 0.000, 0.000, 0.000,0,0,0, 39.21, 0.620, 57.41, 0.459, 116.50, 0.419, 0.00, 0.000
32381,345429, 37.97, 0.00, 0.792, 0.000, 0.000, 0.000,0,0,0, 37.97, 0.792, 118.81, 0.575, 56.07, 0.413, 55.29, 0.412
32382,345440, 55.55, 0.00, 0.682, 0.000, 0.000, 0.000,0,0,0, 55.55, 0.682, 37.73, 0.618, 117.64, 0.501, 0.00, 0.000
32383,345450, 36.69, 0.00, 0.812, 0.000, 0.000, 0.000,0,0,0, 36.69, 0.812, 55.81, 0.686, 112.14, 0.561, 0.00, 0.000
32384,345461, 52.63, 0.00, 0.753, 0.000, 0.000, 0.000,0,0,0, 52.63, 0.753, 35.92, 0.651, 113.20, 0.641, 37.15, 0.633
32385,345472, 37.15, 0.00, 0.644, 0.000, 0.000, 0.000,0,0,0, 37.15, 0.644, 54.29, 0.583, 112.14, 0.545, 0.00, 0.000
32386,345482, 36.69, 0.00, 0.825, 0.000, 0.000, 0.000,0,0,0, 36.69, 0.825, 54.79, 0.709, 115.38, 0.556, 0.00, 0.000
32387,345493, 54.79, 0.00, 0.802, 0.000, 0.000, 0.000,0,0,0, 54.79, 0.802, 37.85, 0.579, 126.31, 0.485, 0.00, 0.000
32388,345504, 36.47, 0.00, 0.768, 0.000, 0.000, 0.000,0,0,0, 36.47, 0.768, 55.04, 0.695, 110.09, 0.506, 101.69, 0.506
32389,345514, 36.80, 0.00, 0.814, 0.000, 0.000, 0.000,0,0,0, 36.80, 0.814, 54.79, 0.778, 113.20, 0.644, 0.00, 0.000
32390,345525, 37.97, 0.00, 0.785, 0.000, 0.000, 0.000,0,0,0, 37.97, 0.785, 55.81, 0.654, 116.50, 0.600, 0.00, 0.000
32391,345536, 36.47, 0.00, 0.729, 0.000, 0.000, 0.000,0,0,0, 36.47, 0.729, 117.64, 0.627, 52.86, 0.522, 56.07, 0.488
32392,345546, 52.63, 0.00, 0.763, 0.000, 0.000, 0.000,0,0,0, 52.63, 0.763, 36.47, 0.758, 116.50, 0.581, 0.00, 0.000
32393,345557, 35.19, 0.00, 0.818, 0.000, 0.000, 0.000,0,0,0, 35.19, 0.818, 53.57, 0.674, 101.69, 0.547, 0.00, 0.000
32394,345568, 36.58, 0.00, 0.831, 0.000, 0.000, 0.000,0,0,0, 36.58, 0.831, 56.33, 0.740, 55.04, 0.739, 114.28, 0.717
32395,345578, 39.21, 0.00, 0.597, 0.000, 0.000, 0.000,0,0,0, 39.21, 0.597, 115.38, 0.590, 57.14, 0.508, 0.00, 0.000
32396,345589, 37.73, 0.00, 0.667, 0.000, 0.000, 0.000,0,0,0, 37.73, 0.667, 116.50, 0.541, 56.60, 0.438, 0.00, 0.000
32397,345600, 53.81, 0.00, 0.789, 0.000, 0.000, 0.000,0,0,0, 53.81, 0.789, 37.03, 0.632, 117.64, 0.450, 0.00, 0.000
32398,345610, 53.33, 0.00, 0.817, 0.000, 0.000, 0.000,0,0,0, 53.33, 0.817, 34.88, 0.683, 33.51, 0.607, 103.44, 0.494
32399,345621, 36.25, 0.00, 0.769, 0.000, 0.000, 0.000,0,0,0, 36.25, 0.769, 54.05, 0.755, 113.20, 0.619, 0.00, 0.000
32400,345632, 37.15, 0.00, 0.721, 0.000, 0.000, 0.000,0,0,0, 37.15, 0.721, 55.29, 0.717, 112.14, 0.716, 0.00, 0.000
32401,345642, 112.14, 0.00, 0.761, 0.000, 0.000, 0.000,0,0,0, 112.14, 0.761, 36.92, 0.695, 54.79, 0.676, 0.00, 0.000
32402,345653, 112.14, 0.00, 0.616, 0.000, 0.000, 0.000,0,0,0, 112.14, 0.616, 54.05, 0.585, 37.61, 0.562, 0.00, 0.000
32403,345664, 36.36, 0.00, 0.700, 0.000, 0.000, 0.000,0,0,0, 36.36, 0.700, 54.29, 0.641, 100.84, 0.377, 0.00, 0.000
32404,345674, 53.09, 0.00, 0.651, 0.000, 0.000, 0.000,0,0,0, 53.09, 0.651, 37.15, 0.551, 122.44, 0.338, 0.00, 0.000
32405,345685, 37.85, 0.00, 0.520, 0.000, 0.000, 0.000,0,0,0, 37.85, 0.520, 120.00, 0.432, 56.33, 0.362, 0.00, 0.000
32406,345696, 37.97, 0.00, 0.609, 0.000, 0.000, 0.000,0,0,0, 37.97, 0.609, 120.00, 0.516, 56.33, 0.459, 0.00, 0.000
32407,345706, 54.79, 0.00, 0.693, 0.000, 0.000, 0.000,0,0,0, 54.79, 0.693, 36.69, 0.682, 115.38, 0.564, 0.00, 0.000
32408,345717, 34.68, 0.00, 0.860, 0.000, 0.000, 0.000,0,0,0, 34.68, 0.860, 53.57, 0.733, 96.77, 0.584, 0.00, 0.000
32409,345728, 54.54, 0.00, 0.832, 0.000, 0.000, 0.000,0,0,0, 54.54, 0.832, 37.03, 0.729, 115.38, 0.603, 0.00, 0.000
32410,345738, 56.87, 0.00, 0.490, 0.000, 0.000, 0.000,0,0,0, 56.87, 0.490, 40.00, 0.444, 121.21, 0.443, 0.00, 0.000
32411,345749, 37.85, 0.00, 0.496, 0.000, 0.000, 0.000,0,0,0, 37.85, 0.496, 57.69, 0.399, 129.03, 0.273, 0.00, 0.000
32412,345760, 53.33, 0.00, 0.561, 0.000, 0.000, 0.000,0,0,0, 53.33, 0.561, 37.26, 0.428, 126.31, 0.252, 0.00, 0.000
32413,345770, 34.98, 0.00, 0.701, 0.000, 0.000, 0.000,0,0,0, 34.98, 0.701, 53.57, 0.491, 58.82, 0.389, 98.36, 0.299
32414,345781, 36.92, 0.00, 0.802, 0.000, 0.000, 0.000,0,0,0, 36.92, 0.802, 54.05, 0.613, 113.20, 0.585, 0.00, 0.000
32415,345792, 36.03, 0.00, 0.703, 0.000, 0.000, 0.000,0,0,0, 36.03, 0.703, 111.11, 0.701, 55.29, 0.657, 0.00, 0.000
32416,345802, 55.81, 0.00, 0.741, 0.000, 0.000, 0.000,0,0,0, 55.81, 0.741, 110.09, 0.699, 37.26, 0.632, 0.00, 0.000
32417,345813, 54.29, 0.00, 0.751, 0.000, 0.000, 0.000,0,0,0, 54.29, 0.751, 35.71, 0.680, 109.09, 0.636, 0.00, 0.000
32418,345824, 54.05, 0.00, 0.863, 0.000, 0.000, 0.000,0,0,0, 54.05, 0.863, 36.47, 0.474, 107.14, 0.429, 0.00, 0.000
32419,345834, 54.79, 0.00, 0.869, 0.000, 0.000, 0.000,0,0,0, 54.79, 0.869, 38.21, 0.473, 115.38, 0.387, 0.00, 0.000
32420,345845, 37.85, 0.00, 0.757, 0.000, 0.000, 0.000,0,0,0, 37.85, 0.757, 57.14, 0.599, 56.07, 0.594, 116.50, 0.589
32421,345856, 57.97, 0.00, 0.635, 0.000, 0.000, 0.000,0,0,0, 57.97, 0.635, 113.20, 0.631, 37.97, 0.571, 0.00, 0.000
32422,345866, 36.14, 0.00, 0.804, 0.000, 0.000, 0.000,0,0,0, 36.14, 0.804, 54.79, 0.770, 112.14, 0.724, 0.00, 0.000
32423,345877, 53.57, 0.00, 0.848, 0.000, 0.000, 0.000,0,0,0, 53.57, 0.848, 36.69, 0.621, 108.10, 0.577, 0.00, 0.000
32424,345888, 53.81, 0.00, 0.878, 0.000, 0.000, 0.000,0,0,0, 53.81, 0.878, 36.92, 0.579, 115.38, 0.478, 0.00, 0.000
32425,345898, 54.29, 0.00, 0.770, 0.000, 0.000, 0.000,0,0,0, 54.29, 0.770, 35.92, 0.765, 108.10, 0.627, 0.00, 0.000
32426,345909, 56.07, 0.00, 0.884, 0.000, 0.000, 0.000,0,0,0, 56.07, 0.884, 111.11, 0.709, 37.61, 0.615, 0.00, 0.000
32427,345920, 55.81, 0.00, 0.830, 0.000, 0.000, 0.000,0,0,0, 55.81, 0.830, 109.09, 0.695, 36.14, 0.574, 0.00, 0.000
32428,345930, 56.07, 0.00, 0.758, 0.000, 0.000, 0.000,0,0,0, 56.07, 0.758, 38.58, 0.618, 114.28, 0.538, 0.00, 0.000
32429,345941, 36.47, 0.00, 0.666, 0.000, 0.000, 0.000,0,0,0, 36.47, 0.666, 37.97, 0.629, 56.07, 0.623, 103.44, 0.398
32430,345952, 55.55, 0.00, 0.780, 0.000, 0.000, 0.000,0,0,0, 55.55, 0.780, 35.82, 0.531, 112.14, 0.501, 0.00, 0.000
32431,345962, 54.79, 0.00, 0.861, 0.000, 0.000, 0.000,0,0,0, 54.79, 0.861, 37.03, 0.741, 111.11, 0.673, 0.00, 0.000
32432,345973, 54.79, 0.00, 0.846, 0.000, 0.000, 0.000,0,0,0, 54.79, 0.846, 106.19, 0.697, 35.71, 0.636, 36.80, 0.601
32433,345984, 54.79, 0.00, 0.844, 0.000, 0.000, 0.000,0,0,0, 54.79, 0.844, 37.03, 0.679, 107.14, 0.636, 0.00, 0.000
32434,345994, 55.29, 0.00, 0.873, 0.000, 0.000, 0.000,0,0,0, 55.29, 0.873, 35.71, 0.649, 104.34, 0.518, 0.00, 0.000
32435,346005, 55.29, 0.00, 0.731, 0.000, 0.000, 0.000,0,0,0, 55.29, 0.731, 38.21, 0.724, 125.00, 0.519, 0.00, 0.000
32436,346016, 57.69, 0.00, 0.748, 0.000, 0.000, 0.000,0,0,0, 57.69, 0.748, 38.33, 0.736, 114.28, 0.502, 0.00, 0.000
32437,346026, 54.54, 0.00, 0.620, 0.000, 0.000, 0.000,0,0,0, 54.54, 0.620, 36.14, 0.548, 38.46, 0.532, 110.09, 0.506
32438,346037, 54.54, 0.00, 0.876, 0.000, 0.000, 0.000,0,0,0, 54.54, 0.876, 36.03, 0.634, 111.11, 0.556, 0.00, 0.000
32439,346048, 54.29, 0.00, 0.833, 0.000, 0.000, 0.000,0,0,0, 54.29, 0.833, 35.82, 0.707, 110.09, 0.600, 0.00, 0.000
32440,346058, 53.33, 0.00, 0.880, 0.000, 0.000, 0.000,0,0,0, 53.33, 0.880, 113.20, 0.578, 100.84, 0.557, 36.92, 0.549
32441,346069, 54.29, 0.00, 0.754, 0.000, 0.000, 0.000,0,0,0, 54.29, 0.754, 100.84, 0.428, 114.28, 0.414, 37.97, 0.318
32442,346080, 57.14, 0.00, 0.692, 0.000, 0.000, 0.000,0,0,0, 57.14, 0.692, 36.25, 0.650, 104.34, 0.366, 0.00, 0.000
32443,346090, 57.14, 0.00, 0.847, 0.000, 0.000, 0.000,0,0,0, 57.14, 0.847, 40.54, 0.250, 123.71, 0.215, 0.00, 0.000
32444,346101, 56.60, 0.00, 0.734, 0.000, 0.000, 0.000,0,0,0, 56.60, 0.734, 36.47, 0.507, 104.34, 0.395, 122.44, 0.348
32445,346112, 55.81, 0.00, 0.837, 0.000, 0.000, 0.000,0,0,0, 55.81, 0.837, 37.97, 0.531, 116.50, 0.522, 0.00, 0.000
32446,346122, 54.54, 0.00, 0.903, 0.000, 0.000, 0.000,0,0,0, 54.54, 0.903, 113.20, 0.641, 37.15, 0.597, 0.00, 0.000
32447,346133, 54.05, 0.00, 0.970, 0.000, 0.000, 0.000,0,0,0, 54.05, 0.970, 35.60, 0.724, 105.26, 0.713, 0.00, 0.000
32448,346144, 54.54, 0.00, 0.828, 0.000, 0.000, 0.000,0,0,0, 54.54, 0.828, 38.33, 0.538, 113.20, 0.518, 104.34, 0.511
32449,346154, 55.55, 0.00, 0.771, 0.000, 0.000, 0.000,0,0,0, 55.55, 0.771, 35.82, 0.591, 38.09, 0.539, 100.00, 0.446
32450,346165, 54.54, 0.00, 0.902, 0.000, 0.000, 0.000,0,0,0, 54.54, 0.902, 38.09, 0.613, 121.21, 0.442, 0.00, 0.000
32451,346176, 55.29, 0.00, 0.846, 0.000, 0.000, 0.000,0,0,0, 55.29, 0.846, 102.56, 0.401, 121.21, 0.367, 35.60, 0.319
32452,346186, 56.07, 0.00, 0.865, 0.000, 0.000, 0.000,0,0,0, 56.07, 0.865, 36.36, 0.617, 38.33, 0.534, 102.56, 0.481
32453,346197, 55.81, 0.00, 0.885, 0.000, 0.000, 0.000,0,0,0, 55.81, 0.885, 38.46, 0.554, 114.28, 0.538, 0.00, 0.000
32454,346208, 54.79, 0.00, 0.917, 0.000, 0.000, 0.000,0,0,0, 54.79, 0.917, 100.00, 0.530, 121.21, 0.522, 35.08, 0.512
32455,346218, 54.05, 0.00, 0.969, 0.000, 0.000, 0.000,0,0,0, 54.05, 0.969, 37.38, 0.663, 120.00, 0.583, 0.00, 0.000
32456,346229, 53.81, 0.00, 0.963, 0.000, 0.000, 0.000,0,0,0, 53.81, 0.963, 34.48, 0.669, 96.77, 0.581, 0.00, 0.000
32457,346240, 54.54, 0.00, 0.854, 0.000, 0.000, 0.000,0,0,0, 54.54, 0.854, 37.61, 0.592, 120.00, 0.485, 102.56, 0.458
32458,346250, 57.41, 0.00, 0.871, 0.000, 0.000, 0.000,0,0,0, 57.41, 0.871, 117.64, 0.411, 104.34, 0.409, 39.47, 0.348
32459,346261, 56.87, 0.00, 0.814, 0.000, 0.000, 0.000,0,0,0, 56.87, 0.814, 36.36, 0.517, 101.69, 0.425, 38.46, 0.424
32460,346272, 54.29, 0.00, 0.794, 0.000, 0.000, 0.000,0,0,0, 54.29, 0.794, 38.33, 0.507, 120.00, 0.407, 104.34, 0.384
32461,346282, 54.05, 0.00, 0.922, 0.000, 0.000, 0.000,0,0,0, 54.05, 0.922, 34.58, 0.638, 97.56, 0.578, 0.00, 0.000
32462,346293, 54.54, 0.00, 0.930, 0.000, 0.000, 0.000,0,0,0, 54.54, 0.930, 37.73, 0.586, 120.00, 0.524, 0.00, 0.000
32463,346304, 54.54, 0.00, 0.923, 0.000, 0.000, 0.000,0,0,0, 54.54, 0.923, 37.61, 0.593, 116.50, 0.547, 100.84, 0.533
32464,346314, 54.79, 0.00, 0.940, 0.000, 0.000, 0.000,0,0,0, 54.79, 0.940, 35.60, 0.686, 104.34, 0.668, 0.00, 0.000
32465,346325, 55.29, 0.00, 0.900, 0.000, 0.000, 0.000,0,0,0, 55.29, 0.900, 116.50, 0.627, 37.85, 0.557, 0.00, 0.000
32466,346336, 55.55, 0.00, 0.868, 0.000, 0.000, 0.000,0,0,0, 55.55, 0.868, 35.50, 0.659, 103.44, 0.561, 115.38, 0.531
32467,346346, 55.55, 0.00, 0.874, 0.000, 0.000, 0.000,0,0,0, 55.55, 0.874, 37.26, 0.627, 123.71, 0.467, 0.00, 0.000
32468,346357, 56.33, 0.00, 0.887, 0.000, 0.000, 0.000,0,0,0, 56.33, 0.887, 36.14, 0.469, 123.71, 0.400, 100.84, 0.395
32469,346368, 56.07, 0.00, 0.862, 0.000, 0.000, 0.000,0,0,0, 56.07, 0.862, 101.69, 0.503, 35.71, 0.495, 39.47, 0.371
32470,346378, 54.79, 0.00, 0.934, 0.000, 0.000, 0.000,0,0,0, 54.79, 0.934, 37.38, 0.646, 116.50, 0.589, 0.00, 0.000
32471,346389, 54.05, 0.00, 0.931, 0.000, 0.000, 0.000,0,0,0, 54.05, 0.931, 34.58, 0.678, 98.36, 0.618, 116.50, 0.544
32472,346400, 54.54, 0.00, 0.865, 0.000, 0.000, 0.000,0,0,0, 54.54, 0.865, 37.50, 0.721, 117.64, 0.636, 0.00, 0.000
32473,346410, 56.33, 0.00, 0.803, 0.000, 0.000, 0.000,0,0,0, 56.33, 0.803, 103.44, 0.415, 35.71, 0.353, 38.96, 0.160
32474,346421, 56.33, 0.00, 0.750, 0.000, 0.000, 0.000,0,0,0, 56.33, 0.750, 36.25, 0.471, 38.58, 0.419, 122.44, 0.307
32475,346432, 56.60, 0.00, 0.769, 0.000, 0.000, 0.000,0,0,0, 56.60, 0.769, 37.97, 0.455, 118.81, 0.363, 0.00, 0.000
32476,346442, 55.04, 0.00, 0.715, 0.000, 0.000, 0.000,0,0,0, 55.04, 0.715, 99.17, 0.420, 120.00, 0.355, 35.39, 0.317
32477,346453, 54.79, 0.00, 0.928, 0.000, 0.000, 0.000,0,0,0, 54.79, 0.928, 37.61, 0.642, 120.00, 0.589, 0.00, 0.000
32478,346464, 54.54, 0.00, 0.936, 0.000, 0.000, 0.000,0,0,0, 54.54, 0.936, 35.39, 0.743, 103.44, 0.637, 0.00, 0.000
32479,346474, 54.54, 0.00, 0.941, 0.000, 0.000, 0.000,0,0,0, 54.54, 0.941, 113.20, 0.587, 37.61, 0.561, 0.00, 0.000
32480,346485, 55.29, 0.00, 0.938, 0.000, 0.000, 0.000,0,0,0, 55.29, 0.938, 113.20, 0.598, 37.50, 0.569, 0.00, 0.000
32481,346496, 55.29, 0.00, 0.890, 0.000, 0.000, 0.000,0,0,0, 55.29, 0.890, 35.19, 0.557, 102.56, 0.497, 38.70, 0.337
32482,346506, 55.81, 0.00, 0.819, 0.000, 0.000, 0.000,0,0,0, 55.81, 0.819, 38.70, 0.397, 123.71, 0.349, 102.56, 0.328
32483,346517, 56.33, 0.00, 0.817, 0.000, 0.000, 0.000,0,0,0, 56.33, 0.817, 36.25, 0.676, 100.84, 0.461, 0.00, 0.000
32484,346528, 55.81, 0.00, 0.850, 0.000, 0.000, 0.000,0,0,0, 55.81, 0.850, 118.81, 0.467, 107.14, 0.456, 39.47, 0.434
32485,346538, 55.29, 0.00, 0.964, 0.000, 0.000, 0.000,0,0,0, 55.29, 0.964, 116.50, 0.629, 37.61, 0.624, 36.36, 0.606
32486,346549, 54.79, 0.00, 0.833, 0.000, 0.000, 0.000,0,0,0, 54.79, 0.833, 104.34, 0.592, 35.08, 0.532, 0.00, 0.000
32487,346560, 54.54, 0.00, 0.864, 0.000, 0.000, 0.000,0,0,0, 54.54, 0.864, 37.15, 0.505, 116.50, 0.495, 0.00, 0.000
32488,346570, 54.79, 0.00, 0.878, 0.000, 0.000, 0.000,0,0,0, 54.79, 0.878, 35.39, 0.624, 37.73, 0.470, 100.84, 0.469
32489,346581, 55.29, 0.00, 0.964, 0.000, 0.000, 0.000,0,0,0, 55.29, 0.964, 37.61, 0.571, 118.81, 0.487, 0.00, 0.000
32490,346592, 56.33, 0.00, 0.823, 0.000, 0.000, 0.000,0,0,0, 56.33, 0.823, 36.03, 0.497, 121.21, 0.468, 104.34, 0.457
32491,346602, 56.60, 0.00, 0.842, 0.000, 0.000, 0.000,0,0,0, 56.60, 0.842, 104.34, 0.514, 36.36, 0.495, 120.00, 0.483
32492,346613, 55.04, 0.00, 0.884, 0.000, 0.000, 0.000,0,0,0, 55.04, 0.884, 38.09, 0.608, 120.00, 0.540, 0.00, 0.000
32493,346624, 54.29, 0.00, 0.955, 0.000, 0.000, 0.000,0,0,0, 54.29, 0.955, 35.50, 0.522, 101.69, 0.519, 114.28, 0.480
32494,346634, 54.05, 0.00, 0.955, 0.000, 0.000, 0.000,0,0,0, 54.05, 0.955, 37.26, 0.685, 114.28, 0.598, 0.00, 0.000
32495,346645, 54.54, 0.00, 0.869, 0.000, 0.000, 0.000,0,0,0, 54.54, 0.869, 35.50, 0.776, 103.44, 0.647, 0.00, 0.000
32496,346656, 54.79, 0.00, 0.829, 0.000, 0.000, 0.000,0,0,0, 54.79, 0.829, 114.28, 0.569, 35.39, 0.466, 37.50, 0.448
32497,346666, 55.29, 0.00, 0.805, 0.000, 0.000, 0.000,0,0,0, 55.29, 0.805, 118.81, 0.501, 38.09, 0.466, 0.00, 0.000
32498,346677, 56.87, 0.00, 0.739, 0.000, 0.000, 0.000,0,0,0, 56.87, 0.739, 36.47, 0.428, 39.21, 0.382, 118.81, 0.345
32499,346688, 56.07, 0.00, 0.778, 0.000, 0.000, 0.000,0,0,0, 56.07, 0.778, 38.96, 0.352, 36.80, 0.317, 129.03, 0.290
32500,346698, 36.36, 0.00, 0.840, 0.000, 0.000, 0.000,0,0,0, 36.36, 0.840, 55.81, 0.648, 109.09, 0.572, 0.00, 0.000
32501,346709, 54.79, 0.00, 0.692, 0.000, 0.000, 0.000,0,0,0, 54.79, 0.692, 110.09, 0.611, 36.92, 0.431, 0.00, 0.000
32502,346720, 55.04, 0.00, 0.777, 0.000, 0.000, 0.000,0,0,0, 55.04, 0.777, 111.11, 0.638, 37.38, 0.598, 0.00, 0.000
32503,346730, 55.55, 0.00, 0.847, 0.000, 0.000, 0.000,0,0,0, 55.55, 0.847, 36.25, 0.660, 105.26, 0.513, 0.00, 0.000
32504,346741, 55.29, 0.00, 0.897, 0.000, 0.000, 0.000,0,0,0, 55.29, 0.897, 36.92, 0.487, 112.14, 0.468, 0.00, 0.000
32505,346752, 55.81, 0.00, 0.768, 0.000, 0.000, 0.000,0,0,0, 55.81, 0.768, 35.82, 0.651, 110.09, 0.624, 38.33, 0.495
32506,346762, 56.60, 0.00, 0.867, 0.000, 0.000, 0.000,0,0,0, 56.60, 0.867, 111.11, 0.673, 38.21, 0.638, 0.00, 0.000
32507,346773, 55.81, 0.00, 0.839, 0.000, 0.000, 0.000,0,0,0, 55.81, 0.839, 38.33, 0.596, 122.44, 0.538, 0.00, 0.000
32508,346784, 55.81, 0.00, 0.918, 0.000, 0.000, 0.000,0,0,0, 55.81, 0.918, 36.14, 0.609, 103.44, 0.493, 120.00, 0.461
32509,346794, 55.29, 0.00, 0.817, 0.000, 0.000, 0.000,0,0,0, 55.29, 0.817, 37.38, 0.562, 109.09, 0.528, 0.00, 0.000
32510,346805, 55.04, 0.00, 0.833, 0.000, 0.000, 0.000,0,0,0, 55.04, 0.833, 107.14, 0.686, 35.39, 0.654, 36.80, 0.555
32511,346816, 55.29, 0.00, 0.900, 0.000, 0.000, 0.000,0,0,0, 55.29, 0.900, 37.03, 0.770, 110.09, 0.755, 0.00, 0.000
32512,346826, 55.55, 0.00, 0.817, 0.000, 0.000, 0.000,0,0,0, 55.55, 0.817, 107.14, 0.573, 35.60, 0.531, 37.73, 0.440
32513,346837, 56.60, 0.00, 0.750, 0.000, 0.000, 0.000,0,0,0, 56.60, 0.750, 36.69, 0.647, 37.61, 0.625, 107.14, 0.481
32514,346848, 56.87, 0.00, 0.845, 0.000, 0.000, 0.000,0,0,0, 56.87, 0.845, 38.33, 0.563, 112.14, 0.488, 0.00, 0.000
32515,346858, 56.07, 0.00, 0.874, 0.000, 0.000, 0.000,0,0,0, 56.07, 0.874, 111.11, 0.567, 37.61, 0.501, 0.00, 0.000
32516,346869, 55.55, 0.00, 0.851, 0.000, 0.000, 0.000,0,0,0, 55.55, 0.851, 37.61, 0.737, 111.11, 0.695, 0.00, 0.000
32517,346880, 53.81, 0.00, 0.858, 0.000, 0.000, 0.000,0,0,0, 53.81, 0.858, 36.03, 0.758, 110.09, 0.676, 0.00, 0.000
32518,346890, 53.81, 0.00, 0.854, 0.000, 0.000, 0.000,0,0,0, 53.81, 0.854, 36.69, 0.576, 116.50, 0.572, 0.00, 0.000
32519,346901, 54.54, 0.00, 0.840, 0.000, 0.000, 0.000,0,0,0, 54.54, 0.840, 37.26, 0.743, 110.09, 0.631, 0.00, 0.000
32520,346912, 54.54, 0.00, 0.817, 0.000, 0.000, 0.000,0,0,0, 54.54, 0.817, 36.92, 0.673, 111.11, 0.661, 0.00, 0.000
32521,346922, 55.81, 0.00, 0.756, 0.000, 0.000, 0.000,0,0,0, 55.81, 0.756, 113.20, 0.632, 38.33, 0.540, 0.00, 0.000
32522,346933, 36.69, 0.00, 0.848, 0.000, 0.000, 0.000,0,0,0, 36.69, 0.848, 55.81, 0.816, 114.28, 0.629, 0.00, 0.000
32523,346944, 55.81, 0.00, 0.870, 0.000, 0.000, 0.000,0,0,0, 55.81, 0.870, 37.73, 0.483, 122.44, 0.454, 0.00, 0.000
32524,346954, 56.60, 0.00, 0.783, 0.000, 0.000, 0.000,0,0,0, 56.60, 0.783, 37.03, 0.689, 106.19, 0.555, 0.00, 0.000
32525,346965, 54.05, 0.00, 0.846, 0.000, 0.000, 0.000,0,0,0, 54.05, 0.846, 107.14, 0.670, 35.60, 0.618, 0.00, 0.000
32526,346976, 54.54, 0.00, 0.872, 0.000, 0.000, 0.000,0,0,0, 54.54, 0.872, 108.10, 0.706, 36.69, 0.658, 0.00, 0.000
32527,346986, 54.54, 0.00, 0.901, 0.000, 0.000, 0.000,0,0,0, 54.54, 0.901, 36.25, 0.765, 109.09, 0.738, 0.00, 0.000
32528,346997, 54.79, 0.00, 0.802, 0.000, 0.000, 0.000,0,0,0, 54.79, 0.802, 37.26, 0.798, 114.28, 0.665, 0.00, 0.000
32529,347008, 55.55, 0.00, 0.842, 0.000, 0.000, 0.000,0,0,0, 55.55, 0.842, 36.58, 0.625, 110.09, 0.542, 0.00, 0.000
32530,347018, 55.55, 0.00, 0.910, 0.000, 0.000, 0.000,0,0,0, 55.55, 0.910, 37.15, 0.657, 111.11, 0.645, 0.00, 0.000
32531,347029, 55.81, 0.00, 0.849, 0.000, 0.000, 0.000,0,0,0, 55.81, 0.849, 112.14, 0.647, 37.85, 0.629, 0.00, 0.000
32532,347040, 55.04, 0.00, 0.767, 0.000, 0.000, 0.000,0,0,0, 55.04, 0.767, 36.69, 0.674, 114.28, 0.664, 0.00, 0.000
32533,347050, 54.54, 0.00, 0.888, 0.000, 0.000, 0.000,0,0,0, 54.54, 0.888, 36.80, 0.773, 114.28, 0.708, 0.00, 0.000
32534,347061, 54.29, 0.00, 0.845, 0.000, 0.000, 0.000,0,0,0, 54.29, 0.845, 35.71, 0.782, 108.10, 0.672, 0.00, 0.000
32535,347072, 54.79, 0.00, 0.863, 0.000, 0.000, 0.000,0,0,0, 54.79, 0.863, 36.80, 0.775, 110.09, 0.735, 0.00, 0.000
32536,347082, 56.33, 0.00, 0.804, 0.000, 0.000, 0.000,0,0,0, 56.33, 0.804, 111.11, 0.716, 37.26, 0.601, 0.00, 0.000
32537,347093, 56.07, 0.00, 0.899, 0.000, 0.000, 0.000,0,0,0, 56.07, 0.899, 114.28, 0.678, 37.50, 0.638, 0.00, 0.000
32538,347104, 56.07, 0.00, 0.916, 0.000, 0.000, 0.000,0,0,0, 56.07, 0.916, 37.38, 0.663, 113.20, 0.611, 0.00, 0.000
32539,347114, 56.07, 0.00, 0.863, 0.000, 0.000, 0.000,0,0,0, 56.07, 0.863, 37.03, 0.793, 108.10, 0.632, 0.00, 0.000
32540,347125, 55.04, 0.00, 0.823, 0.000, 0.000, 0.000,0,0,0, 55.04, 0.823, 110.09, 0.648, 37.26, 0.607, 0.00, 0.000
32541,347136, 55.04, 0.00, 0.911, 0.000, 0.000, 0.000,0,0,0, 55.04, 0.911, 110.09, 0.764, 36.80, 0.693, 0.00, 0.000
32542,347146, 55.04, 0.00, 0.942, 0.000, 0.000, 0.000,0,0,0, 55.04, 0.942, 110.09, 0.764, 36.25, 0.737, 0.00, 0.000
32543,347157, 54.79, 0.00, 0.870, 0.000, 0.000, 0.000,0,0,0, 54.79, 0.870, 111.11, 0.710, 36.36, 0.706, 0.00, 0.000
32544,347168, 55.55, 0.00, 0.909, 0.000, 0.000, 0.000,0,0,0, 55.55, 0.909, 36.47, 0.869, 108.10, 0.723, 0.00, 0.000
32545,347178, 55.81, 0.00, 0.964, 0.000, 0.000, 0.000,0,0,0, 55.81, 0.964, 37.26, 0.707, 112.14, 0.690, 0.00, 0.000
32546,347189, 55.81, 0.00, 0.873, 0.000, 0.000, 0.000,0,0,0, 55.81, 0.873, 38.21, 0.692, 116.50, 0.688, 0.00, 0.000
32547,347200, 55.81, 0.00, 0.882, 0.000, 0.000, 0.000,0,0,0, 55.81, 0.882, 37.73, 0.718, 118.81, 0.687, 0.00, 0.000
32548,347210, 55.29, 0.00, 0.916, 0.000, 0.000, 0.000,0,0,0, 55.29, 0.916, 110.09, 0.656, 36.69, 0.648, 0.00, 0.000
32549,347221, 54.79, 0.00, 0.903, 0.000, 0.000, 0.000,0,0,0, 54.79, 0.903, 35.71, 0.865, 105.26, 0.729, 0.00, 0.000
32550,347232, 54.54, 0.00, 0.932, 0.000, 0.000, 0.000,0,0,0, 54.54, 0.932, 36.47, 0.872, 111.11, 0.779, 0.00, 0.000
32551,347242, 54.79, 0.00, 0.875, 0.000, 0.000, 0.000,0,0,0, 54.79, 0.875, 109.09, 0.761, 36.36, 0.722, 0.00, 0.000
32552,347253, 55.29, 0.00, 0.959, 0.000, 0.000, 0.000,0,0,0, 55.29, 0.959, 111.11, 0.769, 36.92, 0.754, 0.00, 0.000
32553,347264, 56.33, 0.00, 0.910, 0.000, 0.000, 0.000,0,0,0, 56.33, 0.910, 112.14, 0.687, 37.38, 0.635, 0.00, 0.000
32554,347274, 56.60, 0.00, 0.890, 0.000, 0.000, 0.000,0,0,0, 56.60, 0.890, 37.50, 0.641, 112.14, 0.630, 0.00, 0.000
32555,347285, 37.15, 0.00, 0.853, 0.000, 0.000, 0.000,0,0,0, 37.15, 0.853, 55.29, 0.852, 112.14, 0.712, 0.00, 0.000
32556,347296, 55.04, 0.00, 0.938, 0.000, 0.000, 0.000,0,0,0, 55.04, 0.938, 109.09, 0.777, 36.58, 0.758, 0.00, 0.000
32557,347306, 54.79, 0.00, 0.966, 0.000, 0.000, 0.000,0,0,0, 54.79, 0.966, 109.09, 0.783, 36.58, 0.763, 0.00, 0.000
32558,347317, 54.29, 0.00, 0.950, 0.000, 0.000, 0.000,0,0,0, 54.29, 0.950, 108.10, 0.763, 35.92, 0.748, 0.00, 0.000
32559,347328, 55.29, 0.00, 0.911, 0.000, 0.000, 0.000,0,0,0, 55.29, 0.911, 36.80, 0.769, 109.09, 0.701, 0.00, 0.000
32560,347338, 55.55, 0.00, 0.986, 0.000, 0.000, 0.000,0,0,0, 55.55, 0.986, 115.38, 0.651, 37.50, 0.641, 0.00, 0.000
32561,347349, 55.55, 0.00, 0.935, 0.000, 0.000, 0.000,0,0,0, 55.55, 0.935, 37.38, 0.810, 114.28, 0.748, 0.00, 0.000
32562,347360, 55.81, 0.00, 0.928, 0.000, 0.000, 0.000,0,0,0, 55.81, 0.928, 37.73, 0.730, 112.14, 0.677, 0.00, 0.000
32563,347370, 55.55, 0.00, 0.911, 0.000, 0.000, 0.000,0,0,0, 55.55, 0.911, 36.69, 0.702, 109.09, 0.700, 37.50, 0.678
32564,347381, 55.29, 0.00, 0.967, 0.000, 0.000, 0.000,0,0,0, 55.29, 0.967, 110.09, 0.695, 36.80, 0.686, 0.00, 0.000
32565,347392, 54.79, 0.00, 0.920, 0.000, 0.000, 0.000,0,0,0, 54.79, 0.920, 36.47, 0.761, 110.09, 0.715, 0.00, 0.000
32566,347402, 54.29, 0.00, 0.969, 0.000, 0.000, 0.000,0,0,0, 54.29, 0.969, 36.03, 0.822, 108.10, 0.806, 0.00, 0.000
32567,347413, 55.04, 0.00, 0.933, 0.000, 0.000, 0.000,0,0,0, 55.04, 0.933, 37.15, 0.800, 112.14, 0.793, 0.00, 0.000
32568,347424, 55.29, 0.00, 0.922, 0.000, 0.000, 0.000,0,0,0, 55.29, 0.922, 109.09, 0.671, 36.36, 0.640, 0.00, 0.000
32569,347434, 56.60, 0.00, 0.887, 0.000, 0.000, 0.000,0,0,0, 56.60, 0.887, 37.73, 0.671, 115.38, 0.616, 0.00, 0.000
32570,347445, 56.87, 0.00, 0.852, 0.000, 0.000, 0.000,0,0,0, 56.87, 0.852, 36.92, 0.747, 106.19, 0.612, 0.00, 0.000
32571,347456, 55.29, 0.00, 0.853, 0.000, 0.000, 0.000,0,0,0, 55.29, 0.853, 108.10, 0.681, 36.36, 0.555, 38.09, 0.551
32572,347466, 55.04, 0.00, 0.986, 0.000, 0.000, 0.000,0,0,0, 55.04, 0.986, 36.92, 0.852, 111.11, 0.816, 0.00, 0.000
32573,347477, 54.54, 0.00, 0.938, 0.000, 0.000, 0.000,0,0,0, 54.54, 0.938, 35.60, 0.773, 108.10, 0.749, 0.00, 0.000
32574,347488, 54.79, 0.00, 0.921, 0.000, 0.000, 0.000,0,0,0, 54.79, 0.921, 110.09, 0.704, 36.92, 0.702, 0.00, 0.000
32575,347498, 55.55, 0.00, 0.950, 0.000, 0.000, 0.000,0,0,0, 55.55, 0.950, 36.25, 0.775, 104.34, 0.710, 0.00, 0.000
32576,347509, 55.29, 0.00, 0.930, 0.000, 0.000, 0.000,0,0,0, 55.29, 0.930, 113.20, 0.734, 37.50, 0.708, 0.00, 0.000
32577,347520, 56.33, 0.00, 0.907, 0.000, 0.000, 0.000,0,0,0, 56.33, 0.907, 113.20, 0.766, 37.73, 0.705, 0.00, 0.000
32578,347530, 56.07, 0.00, 0.908, 0.000, 0.000, 0.000,0,0,0, 56.07, 0.908, 36.58, 0.804, 111.11, 0.718, 0.00, 0.000
32579,347541, 55.81, 0.00, 0.937, 0.000, 0.000, 0.000,0,0,0, 55.81, 0.937, 37.26, 0.661, 114.28, 0.652, 0.00, 0.000
32580,347552, 55.55, 0.00, 0.940, 0.000, 0.000, 0.000,0,0,0, 55.55, 0.940, 36.25, 0.814, 104.34, 0.718, 0.00, 0.000
32581,347562, 54.29, 0.00, 0.883, 0.000, 0.000, 0.000,0,0,0, 54.29, 0.883, 111.11, 0.736, 37.03, 0.703, 0.00, 0.000
32582,347573, 54.29, 0.00, 0.907, 0.000, 0.000, 0.000,0,0,0, 54.29, 0.907, 109.09, 0.754, 36.92, 0.652, 0.00, 0.000
32583,347584, 55.04, 0.00, 0.913, 0.000, 0.000, 0.000,0,0,0, 55.04, 0.913, 35.71, 0.809, 107.14, 0.717, 0.00, 0.000
32584,347594, 55.55, 0.00, 0.908, 0.000, 0.000, 0.000,0,0,0, 55.55, 0.908, 37.97, 0.560, 116.50, 0.558, 0.00, 0.000
32585,347605, 56.07, 0.00, 0.806, 0.000, 0.000, 0.000,0,0,0, 56.07, 0.806, 37.85, 0.718, 36.92, 0.712, 115.38, 0.590
32586,347616, 55.29, 0.00, 0.843, 0.000, 0.000, 0.000,0,0,0, 55.29, 0.843, 38.33, 0.706, 113.20, 0.698, 0.00, 0.000
32587,347626, 55.29, 0.00, 0.968, 0.000, 0.000, 0.000,0,0,0, 55.29, 0.968, 111.11, 0.769, 37.15, 0.712, 0.00, 0.000
32588,347637, 55.04, 0.00, 0.938, 0.000, 0.000, 0.000,0,0,0, 55.04, 0.938, 35.82, 0.814, 108.10, 0.747, 0.00, 0.000
32589,347648, 54.54, 0.00, 0.915, 0.000, 0.000, 0.000,0,0,0, 54.54, 0.915, 37.03, 0.831, 115.38, 0.729, 0.00, 0.000
32590,347658, 55.04, 0.00, 0.884, 0.000, 0.000, 0.000,0,0,0, 55.04, 0.884, 113.20, 0.717, 35.92, 0.715, 36.92, 0.698
32591,347669, 55.29, 0.00, 0.943, 0.000, 0.000, 0.000,0,0,0, 55.29, 0.943, 37.26, 0.820, 112.14, 0.795, 0.00, 0.000
32592,347680, 55.29, 0.00, 0.886, 0.000, 0.000, 0.000,0,0,0, 55.29, 0.886, 108.10, 0.770, 36.14, 0.749, 0.00, 0.000
32593,347690, 56.33, 0.00, 0.849, 0.000, 0.000, 0.000,0,0,0, 56.33, 0.849, 36.47, 0.684, 37.97, 0.678, 113.20, 0.651
32594,347701, 55.55, 0.00, 0.893, 0.000, 0.000, 0.000,0,0,0, 55.55, 0.893, 37.85, 0.772, 118.81, 0.640, 0.00, 0.000
32595,347712, 55.55, 0.00, 0.927, 0.000, 0.000, 0.000,0,0,0, 55.55, 0.927, 36.03, 0.671, 116.50, 0.632, 106.19, 0.623
32596,347722, 55.81, 0.00, 0.674, 0.000, 0.000, 0.000,0,0,0, 55.81, 0.674, 105.26, 0.556, 35.50, 0.499, 34.48, 0.498
32597,347733, 31.08, 0.00, 0.504, 0.000, 0.000, 0.000,0,0,0, 31.08, 0.504, 103.44, 0.485, 46.15, 0.233, 44.28, 0.220
32598,347744, 36.36, 0.00, 0.769, 0.000, 0.000, 0.000,0,0,0, 36.36, 0.769, 85.10, 0.298, 74.53, 0.286, 44.28, 0.040
32599,347754, 74.53, 0.00, 0.376, 0.000, 0.000, 0.000,0,0,0, 74.53, 0.376, 39.47, 0.351, 37.26, 0.323, 62.82, 0.081
32600,347765, 40.00, 0.00, 0.638, 0.000, 0.000, 0.000,0,0,0, 40.00, 0.638, 38.09, 0.558, 77.41, 0.378, 0.00, 0.000
32601,347776, 40.67, 0.00, 0.549, 0.000, 0.000, 0.000,0,0,0, 40.67, 0.549, 32.08, 0.345, 37.97, 0.327, 82.75, 0.309
32602,347786, 47.05, 0.00, 0.317, 0.000, 0.000, 0.000,0,0,0, 47.05, 0.317, 50.84, 0.277, 40.26, 0.275, 82.19, 0.175
32603,347797, 31.74, 0.00, 0.711, 0.000, 0.000, 0.000,0,0,0, 31.74, 0.711, 46.87, 0.354, 33.05, 0.352, 34.09, 0.264
32604,347808, 40.81, 0.00, 0.807, 0.000, 0.000, 0.000,0,0,0, 40.81, 0.807, 67.03, 0.333, 105.26, 0.208, 30.45, 0.200
32605,347818, 39.21, 0.00, 0.803, 0.000, 0.000, 0.000,0,0,0, 39.21, 0.803, 89.55, 0.331, 67.03, 0.297, 0.00, 0.000
32606,347829, 41.52, 0.00, 0.842, 0.000, 0.000, 0.000,0,0,0, 41.52, 0.842, 77.92, 0.359, 88.23, 0.272, 0.00, 0.000
32607,347840, 42.40, 0.00, 0.961, 0.000, 0.000, 0.000,0,0,0, 42.40, 0.961, 89.55, 0.471, 67.41, 0.005, 0.00, 0.000
32608,347850, 41.23, 0.00, 0.679, 0.000, 0.000, 0.000,0,0,0, 41.23, 0.679, 80.53, 0.320, 72.28, 0.279, 91.60, 0.159
32609,347861, 41.23, 0.00, 0.900, 0.000, 0.000, 0.000,0,0,0, 41.23, 0.900, 99.17, 0.341, 71.00, 0.198, 0.00, 0.000
32610,347872, 41.52, 0.00, 0.979, 0.000, 0.000, 0.000,0,0,0, 41.52, 0.979, 71.42, 0.326, 100.84, 0.211, 83.91, 0.122
32611,347882, 40.67, 0.00, 0.868, 0.000, 0.000, 0.000,0,0,0, 40.67, 0.868, 67.03, 0.381, 100.00, 0.274, 80.53, 0.157
32612,347893, 40.67, 0.00, 0.745, 0.000, 0.000, 0.000,0,0,0, 40.67, 0.745, 67.03, 0.311, 93.75, 0.250, 88.23, 0.241
32613,347904, 41.66, 0.00, 0.866, 0.000, 0.000, 0.000,0,0,0, 41.66, 0.866, 78.43, 0.452, 67.41, 0.114, 31.16, 0.013
32614,347914, 41.52, 0.00, 0.896, 0.000, 0.000, 0.000,0,0,0, 41.52, 0.896, 88.23, 0.461, 78.94, 0.367, 0.00, 0.000
32615,347925, 41.37, 0.00, 0.972, 0.000, 0.000, 0.000,0,0,0, 41.37, 0.972, 78.43, 0.498, 0.00, 0.000, 0.00, 0.000
32616,347936, 42.10, 0.00, 0.891, 0.000, 0.000, 0.000,0,0,0, 42.10, 0.891, 88.23, 0.455, 0.00, 0.000, 0.00, 0.000
32617,347946, 41.66, 0.00, 0.713, 0.000, 0.000, 0.000,0,0,0, 41.66, 0.713, 76.92, 0.304, 82.19, 0.297, 69.76, 0.283
32618,347957, 40.40, 0.00, 0.924, 0.000, 0.000, 0.000,0,0,0, 40.40, 0.924, 96.77, 0.357, 68.57, 0.301, 83.91, 0.242
32619,347968, 40.95, 0.00, 0.879, 0.000, 0.000, 0.000,0,0,0, 40.95, 0.879, 68.57, 0.360, 83.91, 0.344, 96.77, 0.170
32620,347978, 41.09, 0.00, 0.929, 0.000, 0.000, 0.000,0,0,0, 41.09, 0.929, 80.00, 0.320, 69.76, 0.299, 96.77, 0.202
32621,347989, 41.09, 0.00, 0.989, 0.000, 0.000, 0.000,0,0,0, 41.09, 0.989, 101.69, 0.338, 85.10, 0.315, 69.76, 0.187
32622,348000, 41.95, 0.00, 0.825, 0.000, 0.000, 0.000,0,0,0, 41.95, 0.825, 82.19, 0.340, 99.17, 0.168, 0.00, 0.000
32623,348010, 42.25, 0.00, 0.917, 0.000, 0.000, 0.000,0,0,0, 42.25, 0.917, 98.36, 0.394, 84.50, 0.308, 75.47, 0.189
32624,348021, 41.52, 0.00, 0.782, 0.000, 0.000, 0.000,0,0,0, 41.52, 0.782, 75.00, 0.343, 82.19, 0.341, 69.76, 0.317
32625,348032, 40.81, 0.00, 0.935, 0.000, 0.000, 0.000,0,0,0, 40.81, 0.935, 99.17, 0.415, 82.75, 0.314, 68.96, 0.202
32626,348042, 41.23, 0.00, 0.940, 0.000, 0.000, 0.000,0,0,0, 41.23, 0.940, 68.96, 0.378, 82.75, 0.296, 100.00, 0.156
32627,348053, 40.95, 0.00, 0.926, 0.000, 0.000, 0.000,0,0,0, 40.95, 0.926, 82.19, 0.425, 68.57, 0.325, 100.00, 0.243
32628,348064, 40.95, 0.00, 0.934, 0.000, 0.000, 0.000,0,0,0, 40.95, 0.934, 82.75, 0.437, 68.57, 0.254, 99.17, 0.227
32629,348074, 41.95, 0.00, 0.804, 0.000, 0.000, 0.000,0,0,0, 41.95, 0.804, 82.75, 0.490, 99.17, 0.237, 30.37, 0.145
32630,348085, 41.95, 0.00, 0.879, 0.000, 0.000, 0.000,0,0,0, 41.95, 0.879, 82.75, 0.516, 95.23, 0.395, 0.00, 0.000
32631,348096, 41.09, 0.00, 0.904, 0.000, 0.000, 0.000,0,0,0, 41.09, 0.904, 83.91, 0.420, 70.17, 0.373, 0.00, 0.000
32632,348106, 40.95, 0.00, 0.936, 0.000, 0.000, 0.000,0,0,0, 40.95, 0.936, 96.00, 0.403, 83.91, 0.379, 70.17, 0.255
32633,348117, 41.09, 0.00, 0.941, 0.000, 0.000, 0.000,0,0,0, 41.09, 0.941, 70.17, 0.448, 82.19, 0.375, 99.17, 0.184
32634,348128, 41.09, 0.00, 0.977, 0.000, 0.000, 0.000,0,0,0, 41.09, 0.977, 99.17, 0.465, 82.75, 0.404, 69.76, 0.192
32635,348138, 41.09, 0.00, 0.992, 0.000, 0.000, 0.000,0,0,0, 41.09, 0.992, 82.19, 0.433, 69.76, 0.335, 99.17, 0.177
32636,348149, 41.95, 0.00, 0.833, 0.000, 0.000, 0.000,0,0,0, 41.95, 0.833, 82.75, 0.537, 0.00, 0.000, 0.00, 0.000
32637,348160, 41.95, 0.00, 0.870, 0.000, 0.000, 0.000,0,0,0, 41.95, 0.870, 81.08, 0.497, 77.92, 0.494, 0.00, 0.000
32638,348170, 40.81, 0.00, 0.964, 0.000, 0.000, 0.000,0,0,0, 40.81, 0.964, 86.95, 0.487, 77.92, 0.347, 71.42, 0.299
32639,348181, 41.09, 0.00, 0.889, 0.000, 0.000, 0.000,0,0,0, 41.09, 0.889, 80.00, 0.448, 86.95, 0.404, 95.23, 0.375
32640,348192, 41.23, 0.00, 0.935, 0.000, 0.000, 0.000,0,0,0, 41.23, 0.935, 70.17, 0.443, 80.00, 0.339, 97.56, 0.114
32641,348202, 40.95, 0.00, 0.989, 0.000, 0.000, 0.000,0,0,0, 40.95, 0.989, 98.36, 0.450, 84.50, 0.374, 69.76, 0.194
32642,348213, 41.09, 0.00, 0.842, 0.000, 0.000, 0.000,0,0,0, 41.09, 0.842, 80.00, 0.440, 98.36, 0.212, 30.22, 0.076
32643,348224, 41.95, 0.00, 0.939, 0.000, 0.000, 0.000,0,0,0, 41.95, 0.939, 92.30, 0.503, 0.00, 0.000, 0.00, 0.000
32644,348234, 41.66, 0.00, 0.863, 0.000, 0.000, 0.000,0,0,0, 41.66, 0.863, 75.47, 0.541, 0.00, 0.000, 0.00, 0.000
32645,348245, 40.67, 0.00, 0.956, 0.000, 0.000, 0.000,0,0,0, 40.67, 0.956, 89.55, 0.527, 75.47, 0.382, 0.00, 0.000
32646,348256, 41.52, 0.00, 0.924, 0.000, 0.000, 0.000,0,0,0, 41.52, 0.924, 75.94, 0.465, 90.22, 0.350, 97.56, 0.341
32647,348266, 41.37, 0.00, 0.928, 0.000, 0.000, 0.000,0,0,0, 41.37, 0.928, 86.95, 0.437, 71.00, 0.291, 0.00, 0.000
32648,348277, 41.09, 0.00, 0.982, 0.000, 0.000, 0.000,0,0,0, 41.09, 0.982, 97.56, 0.398, 78.94, 0.378, 86.95, 0.341
32649,348288, 41.37, 0.00, 0.881, 0.000, 0.000, 0.000,0,0,0, 41.37, 0.881, 78.43, 0.448, 75.47, 0.447, 0.00, 0.000
32650,348298, 41.81, 0.00, 0.928, 0.000, 0.000, 0.000,0,0,0, 41.81, 0.928, 91.60, 0.541, 0.00, 0.000, 0.00, 0.000
32651,348309, 40.95, 0.00, 0.925, 0.000, 0.000, 0.000,0,0,0, 40.95, 0.925, 74.53, 0.565, 88.88, 0.421, 0.00, 0.000
32652,348320, 41.09, 0.00, 0.893, 0.000, 0.000, 0.000,0,0,0, 41.09, 0.893, 92.30, 0.546, 74.53, 0.444, 0.00, 0.000
32653,348330, 41.66, 0.00, 0.952, 0.000, 0.000, 0.000,0,0,0, 41.66, 0.952, 75.00, 0.544, 92.30, 0.318, 0.00, 0.000
32654,348341, 41.09, 0.00, 0.925, 0.000, 0.000, 0.000,0,0,0, 41.09, 0.925, 91.60, 0.482, 76.43, 0.347, 0.00, 0.000
32655,348352, 41.09, 0.00, 0.948, 0.000, 0.000, 0.000,0,0,0, 41.09, 0.948, 76.92, 0.463, 89.55, 0.410, 0.00, 0.000
32656,348362, 42.40, 0.00, 0.868, 0.000, 0.000, 0.000,0,0,0, 42.40, 0.868, 77.92, 0.500, 89.55, 0.464, 0.00, 0.000
32657,348373, 76.92, 0.00, 0.641, 0.000, 0.000, 0.000,0,0,0, 76.92, 0.641, 42.55, 0.612, 38.09, 0.455, 92.30, 0.340
32658,348384, 41.09, 0.00, 0.706, 0.000, 0.000, 0.000,0,0,0, 41.09, 0.706, 75.94, 0.621, 92.30, 0.467, 0.00, 0.000
32659,348394, 30.84, 0.00, 0.752, 0.000, 0.000, 0.000,0,0,0, 30.84, 0.752, 42.85, 0.509, 94.48, 0.415, 0.00, 0.000
32660,348405, 46.15, 0.00, 0.483, 0.000, 0.000, 0.000,0,0,0, 46.15, 0.483, 93.75, 0.354, 0.00, 0.000, 0.00, 0.000
32661,348416, 36.36, 0.00, 0.404, 0.000, 0.000, 0.000,0,0,0, 36.36, 0.404, 51.06, 0.324, 46.33, 0.322, 0.00, 0.000
32662,348426, 52.17, 0.00, 0.452, 0.000, 0.000, 0.000,0,0,0, 52.17, 0.452, 39.73, 0.416, 0.00, 0.000, 0.00, 0.000
32663,348437, 45.45, 0.00, 0.722, 0.000, 0.000, 0.000,0,0,0, 45.45, 0.722, 40.00, 0.697, 0.00, 0.000, 0.00, 0.000
32664,348448, 53.57, 0.00, 0.356, 0.000, 0.000, 0.000,0,0,0, 53.57, 0.356, 38.83, 0.278, 45.28, 0.239, 206.89, 0.010
32665,348458, 38.96, 0.00, 0.458, 0.000, 0.000, 0.000,0,0,0, 38.96, 0.458, 53.81, 0.092, 0.00, 0.000, 0.00, 0.000
32666,348469, 32.00, 0.00, 0.600, 0.000, 0.000, 0.000,0,0,0, 32.00, 0.600, 108.10, 0.264, 38.09, 0.242, 51.28, 0.188
32667,348480, 36.03, 0.00, 0.790, 0.000, 0.000, 0.000,0,0,0, 36.03, 0.790, 56.60, 0.708, 107.14, 0.494, 97.56, 0.490
32668,348490, 54.79, 0.00, 0.742, 0.000, 0.000, 0.000,0,0,0, 54.79, 0.742, 35.39, 0.667, 106.19, 0.561, 0.00, 0.000
32669,348501, 54.54, 0.00, 0.878, 0.000, 0.000, 0.000,0,0,0, 54.54, 0.878, 37.61, 0.622, 120.00, 0.575, 0.00, 0.000
32670,348512, 55.29, 0.00, 0.970, 0.000, 0.000, 0.000,0,0,0, 55.29, 0.970, 35.92, 0.576, 103.44, 0.524, 0.00, 0.000
32671,348522, 55.29, 0.00, 0.936, 0.000, 0.000, 0.000,0,0,0, 55.29, 0.936, 118.81, 0.519, 37.97, 0.507, 0.00, 0.000
32672,348533, 55.29, 0.00, 0.869, 0.000, 0.000, 0.000,0,0,0, 55.29, 0.869, 37.15, 0.572, 112.14, 0.527, 0.00, 0.000
32673,348544, 37.38, 0.00, 0.674, 0.000, 0.000, 0.000,0,0,0, 37.38, 0.674, 55.29, 0.657, 111.11, 0.582, 0.00, 0.000
32674,348554, 58.25, 0.00, 0.632, 0.000, 0.000, 0.000,0,0,0, 58.25, 0.632, 111.11, 0.512, 37.73, 0.511, 0.00, 0.000
32675,348565, 56.33, 0.00, 0.569, 0.000, 0.000, 0.000,0,0,0, 56.33, 0.569, 35.82, 0.561, 37.26, 0.518, 107.14, 0.455
32676,348576, 52.63, 0.00, 0.706, 0.000, 0.000, 0.000,0,0,0, 52.63, 0.706, 37.15, 0.579, 109.09, 0.317, 0.00, 0.000
32677,348586, 52.86, 0.00, 0.636, 0.000, 0.000, 0.000,0,0,0, 52.86, 0.636, 35.19, 0.442, 111.11, 0.378, 37.03, 0.339
32678,348597, 37.73, 0.00, 0.727, 0.000, 0.000, 0.000,0,0,0, 37.73, 0.727, 56.87, 0.716, 110.09, 0.559, 0.00, 0.000
32679,348608, 56.33, 0.00, 0.742, 0.000, 0.000, 0.000,0,0,0, 56.33, 0.742, 38.09, 0.667, 115.38, 0.580, 0.00, 0.000
32680,348618, 55.04, 0.00, 0.769, 0.000, 0.000, 0.000,0,0,0, 55.04, 0.769, 110.09, 0.718, 36.36, 0.697, 0.00, 0.000
32681,348629, 57.14, 0.00, 0.746, 0.000, 0.000, 0.000,0,0,0, 57.14, 0.746, 115.38, 0.568, 39.21, 0.528, 0.00, 0.000
32682,348640, 35.60, 0.00, 0.704, 0.000, 0.000, 0.000,0,0,0, 35.60, 0.704, 55.29, 0.695, 109.09, 0.352, 123.71, 0.325
32683,348650, 53.09, 0.00, 0.781, 0.000, 0.000, 0.000,0,0,0, 53.09, 0.781, 36.58, 0.475, 109.09, 0.307, 0.00, 0.000
32684,348661, 53.57, 0.00, 0.698, 0.000, 0.000, 0.000,0,0,0, 53.57, 0.698, 112.14, 0.370, 34.68, 0.331, 37.38, 0.138
32685,348672, 37.15, 0.00, 0.747, 0.000, 0.000, 0.000,0,0,0, 37.15, 0.747, 55.29, 0.715, 109.09, 0.609, 0.00, 0.000
32686,348682, 37.85, 0.00, 0.773, 0.000, 0.000, 0.000,0,0,0, 37.85, 0.773, 57.41, 0.720, 111.11, 0.685, 0.00, 0.000
32687,348693, 54.79, 0.00, 0.714, 0.000, 0.000, 0.000,0,0,0, 54.79, 0.714, 107.14, 0.703, 38.09, 0.514, 36.14, 0.505
32688,348704, 55.29, 0.00, 0.748, 0.000, 0.000, 0.000,0,0,0, 55.29, 0.748, 38.46, 0.564, 109.09, 0.517, 0.00, 0.000
32689,348714, 54.29, 0.00, 0.689, 0.000, 0.000, 0.000,0,0,0, 54.29, 0.689, 35.82, 0.608, 107.14, 0.318, 0.00, 0.000
32690,348725, 54.29, 0.00, 0.746, 0.000, 0.000, 0.000,0,0,0, 54.29, 0.746, 34.98, 0.499, 37.38, 0.392, 110.09, 0.302
32691,348736, 56.60, 0.00, 0.755, 0.000, 0.000, 0.000,0,0,0, 56.60, 0.755, 116.50, 0.523, 38.09, 0.503, 0.00, 0.000
32692,348746, 55.55, 0.00, 0.846, 0.000, 0.000, 0.000,0,0,0, 55.55, 0.846, 110.09, 0.651, 37.97, 0.553, 37.03, 0.539
32693,348757, 55.29, 0.00, 0.889, 0.000, 0.000, 0.000,0,0,0, 55.29, 0.889, 36.92, 0.744, 108.10, 0.678, 0.00, 0.000
32694,348768, 55.04, 0.00, 0.886, 0.000, 0.000, 0.000,0,0,0, 55.04, 0.886, 35.29, 0.709, 106.19, 0.675, 0.00, 0.000
32695,348778, 55.81, 0.00, 0.850, 0.000, 0.000, 0.000,0,0,0, 55.81, 0.850, 37.26, 0.648, 105.26, 0.561, 0.00, 0.000
32696,348789, 56.60, 0.00, 0.970, 0.000, 0.000, 0.000,0,0,0, 56.60, 0.970, 39.08, 0.573, 37.15, 0.544, 125.00, 0.542
32697,348800, 56.87, 0.00, 0.948, 0.000, 0.000, 0.000,0,0,0, 56.87, 0.948, 37.15, 0.640, 109.09, 0.590, 123.71, 0.560
32698,348810, 56.87, 0.00, 0.888, 0.000, 0.000, 0.000,0,0,0, 56.87, 0.888, 118.81, 0.571, 39.08, 0.537, 0.00, 0.000
32699,348821, 56.33, 0.00, 0.886, 0.000, 0.000, 0.000,0,0,0, 56.33, 0.886, 36.69, 0.631, 109.09, 0.573, 0.00, 0.000
32700,348832, 56.33, 0.00, 0.787, 0.000, 0.000, 0.000,0,0,0, 56.33, 0.787, 37.97, 0.653, 118.81, 0.503, 0.00, 0.000
32701,348842, 58.53, 0.00, 0.633, 0.000, 0.000, 0.000,0,0,0, 58.53, 0.633, 30.61, 0.287, 126.31, 0.271, 41.66, 0.191
32702,348853, 42.25, 0.00, 0.760, 0.000, 0.000, 0.000,0,0,0, 42.25, 0.760, 31.83, 0.516, 126.31, 0.389, 60.00, 0.361
32703,348864, 40.13, 0.00, 0.554, 0.000, 0.000, 0.000,0,0,0, 40.13, 0.554, 30.30, 0.469, 125.00, 0.300, 74.53, 0.141
32704,348874, 38.33, 0.00, 0.499, 0.000, 0.000, 0.000,0,0,0, 38.33, 0.499, 125.00, 0.476, 59.11, 0.428, 0.00, 0.000
32705,348885, 34.68, 0.00, 0.713, 0.000, 0.000, 0.000,0,0,0, 34.68, 0.713, 109.09, 0.235, 51.28, 0.233, 60.30, 0.143
32706,348896, 31.25, 0.00, 0.389, 0.000, 0.000, 0.000,0,0,0, 31.25, 0.389, 45.80, 0.336, 87.59, 0.259, 100.00, 0.259
32707,348906, 31.41, 0.00, 0.387, 0.000, 0.000, 0.000,0,0,0, 31.41, 0.387, 88.88, 0.352, 48.58, 0.186, 39.08, 0.107
32708,348917, 32.96, 0.00, 0.417, 0.000, 0.000, 0.000,0,0,0, 32.96, 0.417, 96.77, 0.358, 37.73, 0.280, 49.18, 0.071
32709,348928, 34.38, 0.00, 0.413, 0.000, 0.000, 0.000,0,0,0, 34.38, 0.413, 50.42, 0.295, 87.59, 0.141, 118.81, 0.041
32710,348938, 81.08, 0.00, 0.621, 0.000, 0.000, 0.000,0,0,0, 81.08, 0.621, 31.00, 0.366, 41.09, 0.324, 48.00, 0.277
32711,348949, 77.92, 0.00, 0.532, 0.000, 0.000, 0.000,0,0,0, 77.92, 0.532, 38.58, 0.288, 47.61, 0.281, 0.00, 0.000
32712,348960, 33.80, 0.00, 0.758, 0.000, 0.000, 0.000,0,0,0, 33.80, 0.758, 76.43, 0.269, 56.87, 0.229, 60.60, 0.185
32713,348970, 35.71, 0.00, 0.798, 0.000, 0.000, 0.000,0,0,0, 35.71, 0.798, 87.59, 0.338, 57.14, 0.166, 60.91, 0.157
32714,348981, 85.10, 0.00, 0.664, 0.000, 0.000, 0.000,0,0,0, 85.10, 0.664, 42.85, 0.563, 0.00, 0.000, 0.00, 0.000
32715,348992, 87.59, 0.00, 0.414, 0.000, 0.000, 0.000,0,0,0, 87.59, 0.414, 33.42, 0.251, 45.97, 0.212, 30.76, 0.111
32716,349002, 34.68, 0.00, 0.998, 0.000, 0.000, 0.000,0,0,0, 34.68, 0.998, 55.04, 0.406, 95.23, 0.271, 0.00, 0.000
32717,349013, 34.48, 0.00, 0.958, 0.000, 0.000, 0.000,0,0,0, 34.48, 0.958, 100.00, 0.359, 51.72, 0.199, 0.00, 0.000
32718,349024, 88.23, 0.00, 0.721, 0.000, 0.000, 0.000,0,0,0, 88.23, 0.721, 45.11, 0.700, 0.00, 0.000, 0.00, 0.000
32719,349034, 33.80, 0.00, 0.606, 0.000, 0.000, 0.000,0,0,0, 33.80, 0.606, 96.77, 0.341, 50.20, 0.286, 0.00, 0.000
32720,349045, 34.38, 0.00, 0.881, 0.000, 0.000, 0.000,0,0,0, 34.38, 0.881, 53.81, 0.526, 90.90, 0.383, 0.00, 0.000
32721,349056, 33.89, 0.00, 0.631, 0.000, 0.000, 0.000,0,0,0, 33.89, 0.631, 102.56, 0.264, 49.38, 0.241, 0.00, 0.000
32722,349066, 90.22, 0.00, 0.581, 0.000, 0.000, 0.000,0,0,0, 90.22, 0.581, 33.05, 0.338, 48.00, 0.290, 0.00, 0.000
32723,349077, 35.19, 0.00, 0.709, 0.000, 0.000, 0.000,0,0,0, 35.19, 0.709, 103.44, 0.391, 52.63, 0.348, 57.69, 0.179
32724,349088, 36.14, 0.00, 0.510, 0.000, 0.000, 0.000,0,0,0, 36.14, 0.510, 93.75, 0.413, 97.56, 0.413, 31.74, 0.316
32725,349098, 81.63, 0.00, 0.524, 0.000, 0.000, 0.000,0,0,0, 81.63, 0.524, 38.96, 0.295, 45.45, 0.286, 37.15, 0.236
32726,349109, 81.63, 0.00, 0.582, 0.000, 0.000, 0.000,0,0,0, 81.63, 0.582, 46.15, 0.348, 39.08, 0.226, 0.00, 0.000
32727,349120, 34.98, 0.00, 0.894, 0.000, 0.000, 0.000,0,0,0, 34.98, 0.894, 73.61, 0.223, 67.79, 0.222, 123.71, 0.099
32728,349130, 35.71, 0.00, 0.863, 0.000, 0.000, 0.000,0,0,0, 35.71, 0.863, 77.41, 0.175, 92.30, 0.134, 51.50, 0.025
32729,349141, 47.24, 0.00, 0.554, 0.000, 0.000, 0.000,0,0,0, 47.24, 0.554, 99.17, 0.288, 79.47, 0.232, 32.69, 0.147
32730,349152, 31.83, 0.00, 0.590, 0.000, 0.000, 0.000,0,0,0, 31.83, 0.590, 51.94, 0.446, 83.91, 0.398, 40.81, 0.097
32731,349162, 52.17, 0.00, 0.802, 0.000, 0.000, 0.000,0,0,0, 52.17, 0.802, 31.49, 0.503, 32.60, 0.412, 80.53, 0.220
32732,349173, 33.05, 0.00, 0.691, 0.000, 0.000, 0.000,0,0,0, 33.05, 0.691, 49.38, 0.460, 52.17, 0.398, 89.55, 0.238
32733,349184, 33.33, 0.00, 0.483, 0.000, 0.000, 0.000,0,0,0, 33.33, 0.483, 48.97, 0.337, 88.88, 0.315, 0.00, 0.000
32734,349194, 51.28, 0.00, 0.348, 0.000, 0.000, 0.000,0,0,0, 51.28, 0.348, 56.33, 0.277, 34.58, 0.148, 96.00, 0.143
32735,349205, 34.78, 0.00, 0.458, 0.000, 0.000, 0.000,0,0,0, 34.78, 0.458, 51.72, 0.235, 109.09, 0.082, 88.88, 0.023
32736,349216, 52.86, 0.00, 0.495, 0.000, 0.000, 0.000,0,0,0, 52.86, 0.495, 34.98, 0.267, 106.19, 0.226, 0.00, 0.000
32737,349226, 56.33, 0.00, 0.535, 0.000, 0.000, 0.000,0,0,0, 56.33, 0.535, 106.19, 0.347, 34.38, 0.342, 36.80, 0.316
32738,349237, 55.55, 0.00, 0.768, 0.000, 0.000, 0.000,0,0,0, 55.55, 0.768, 36.47, 0.476, 106.19, 0.398, 0.00, 0.000
32739,349248, 55.29, 0.00, 0.864, 0.000, 0.000, 0.000,0,0,0, 55.29, 0.864, 38.46, 0.286, 133.33, 0.284, 95.23, 0.272
32740,349258, 55.55, 0.00, 0.952, 0.000, 0.000, 0.000,0,0,0, 55.55, 0.952, 35.08, 0.550, 94.48, 0.420, 134.83, 0.314
32741,349269, 55.29, 0.00, 0.868, 0.000, 0.000, 0.000,0,0,0, 55.29, 0.868, 94.48, 0.293, 133.33, 0.292, 38.09, 0.287
32742,349280, 55.55, 0.00, 0.886, 0.000, 0.000, 0.000,0,0,0, 55.55, 0.886, 34.88, 0.463, 96.00, 0.390, 125.00, 0.299
32743,349290, 55.29, 0.00, 0.980, 0.000, 0.000, 0.000,0,0,0, 55.29, 0.980, 38.09, 0.412, 123.71, 0.370, 35.71, 0.364
32744,349301, 55.29, 0.00, 0.974, 0.000, 0.000, 0.000,0,0,0, 55.29, 0.974, 38.33, 0.370, 126.31, 0.351, 99.17, 0.322
32745,349312, 55.29, 0.00, 0.973, 0.000, 0.000, 0.000,0,0,0, 55.29, 0.973, 35.60, 0.455, 99.17, 0.385, 126.31, 0.327
32746,349322, 55.55, 0.00, 0.983, 0.000, 0.000, 0.000,0,0,0, 55.55, 0.983, 38.33, 0.408, 123.71, 0.369, 100.84, 0.261
32747,349333, 55.55, 0.00, 0.986, 0.000, 0.000, 0.000,0,0,0, 55.55, 0.986, 35.71, 0.386, 100.84, 0.361, 121.21, 0.347
32748,349344, 55.55, 0.00, 0.953, 0.000, 0.000, 0.000,0,0,0, 55.55, 0.953, 38.33, 0.404, 122.44, 0.376, 35.71, 0.348
32749,349354, 55.29, 0.00, 0.955, 0.000, 0.000, 0.000,0,0,0, 55.29, 0.955, 35.60, 0.378, 37.97, 0.356, 123.71, 0.329
32750,349365, 55.04, 0.00, 0.963, 0.000, 0.000, 0.000,0,0,0, 55.04, 0.963, 35.29, 0.421, 97.56, 0.364, 126.31, 0.277
32751,349376, 55.29, 0.00, 0.980, 0.000, 0.000, 0.000,0,0,0, 55.29, 0.980, 38.46, 0.424, 126.31, 0.363, 96.77, 0.209
32752,349386, 55.29, 0.00, 0.974, 0.000, 0.000, 0.000,0,0,0, 55.29, 0.974, 34.88, 0.470, 96.77, 0.363, 127.65, 0.273
32753,349397, 55.29, 0.00, 0.982, 0.000, 0.000, 0.000,0,0,0, 55.29, 0.982, 38.58, 0.335, 127.65, 0.320, 97.56, 0.292
32754,349408, 55.55, 0.00, 0.991, 0.000, 0.000, 0.000,0,0,0, 55.55, 0.991, 35.08, 0.437, 96.77, 0.370, 38.70, 0.341
32755,349418, 55.55, 0.00, 0.989, 0.000, 0.000, 0.000,0,0,0, 55.55, 0.989, 35.29, 0.315, 96.77, 0.314, 130.43, 0.314
32756,349429, 55.55, 0.00, 0.981, 0.000, 0.000, 0.000,0,0,0, 55.55, 0.981, 38.83, 0.341, 130.43, 0.316, 93.75, 0.234
32757,349440, 55.29, 0.00, 0.989, 0.000, 0.000, 0.000,0,0,0, 55.29, 0.989, 35.39, 0.476, 97.56, 0.381, 39.34, 0.273
32758,349450, 55.29, 0.00, 0.975, 0.000, 0.000, 0.000,0,0,0, 55.29, 0.975, 38.58, 0.329, 126.31, 0.320, 97.56, 0.239
32759,349461, 55.29, 0.00, 0.982, 0.000, 0.000, 0.000,0,0,0, 55.29, 0.982, 35.08, 0.427, 96.77, 0.364, 38.46, 0.320
32760,349472, 55.29, 0.00, 0.987, 0.000, 0.000, 0.000,0,0,0, 55.29, 0.987, 38.58, 0.346, 129.03, 0.332, 35.39, 0.320
32761,349482, 55.29, 0.00, 0.994, 0.000, 0.000, 0.000,0,0,0, 55.29, 0.994, 130.43, 0.314, 38.83, 0.308, 96.77, 0.281
32762,349493, 55.55, 0.00, 0.994, 0.000, 0.000, 0.000,0,0,0, 55.55, 0.994, 35.29, 0.448, 96.77, 0.378, 130.43, 0.309
32763,349504, 55.55, 0.00, 0.995, 0.000, 0.000, 0.000,0,0,0, 55.55, 0.995, 38.83, 0.358, 129.03, 0.337, 97.56, 0.235
32764,349514, 55.55, 0.00, 0.995, 0.000, 0.000, 0.000,0,0,0, 55.55, 0.995, 35.29, 0.427, 96.77, 0.372, 38.83, 0.333
32765,349525, 55.55, 0.00, 0.995, 0.000, 0.000, 0.000,0,0,0, 55.55, 0.995, 38.83, 0.363, 130.43, 0.348, 96.77, 0.322
32766,349536, 55.29, 0.00, 0.994, 0.000, 0.000, 0.000,0,0,0, 55.29, 0.994, 38.83, 0.332, 130.43, 0.329, 96.00, 0.320
32767,349546, 55.29, 0.00, 0.999, 0.000, 0.000, 0.000,0,0,0, 55.29, 0.999, 35.08, 0.452, 96.00, 0.384, 130.43, 0.313
32768,349557, 55.29, 0.00, 0.994, 0.000, 0.000, 0.000,0,0,0, 55.29, 0.994, 38.83, 0.392, 129.03, 0.357, 94.48, 0.229
32769,349568, 55.29, 0.00, 0.991, 0.000, 0.000, 0.000,0,0,0, 55.29, 0.991, 35.08, 0.431, 96.00, 0.375, 38.96, 0.333
32770,349578, 55.55, 0.00, 0.989, 0.000, 0.000, 0.000,0,0,0, 55.55, 0.989, 38.83, 0.396, 130.43, 0.354, 35.39, 0.307
32771,349589, 55.55, 0.00, 0.990, 0.000, 0.000, 0.000,0,0,0, 55.55, 0.990, 35.19, 0.383, 96.00, 0.342, 130.43, 0.288
32772,349600, 55.55, 0.00, 0.989, 0.000, 0.000, 0.000,0,0,0, 55.55, 0.989, 35.19, 0.373, 96.77, 0.335, 130.43, 0.294
32773,349610, 55.29, 0.00, 0.992, 0.000, 0.000, 0.000,0,0,0, 55.29, 0.992, 38.70, 0.413, 129.03, 0.365, 96.77, 0.213
32774,349621, 55.29, 0.00, 0.991, 0.000, 0.000, 0.000,0,0,0, 55.29, 0.991, 34.68, 0.418, 96.00, 0.362, 130.43, 0.291
32775,349632, 55.29, 0.00, 0.993, 0.000, 0.000, 0.000,0,0,0, 55.29, 0.993, 38.83, 0.376, 129.03, 0.345, 97.56, 0.310
32776,349642, 55.55, 0.00, 0.992, 0.000, 0.000, 0.000,0,0,0, 55.55, 0.992, 35.19, 0.487, 96.77, 0.390, 38.58, 0.372
32777,349653, 55.55, 0.00, 0.992, 0.000, 0.000, 0.000,0,0,0, 55.55, 0.992, 129.03, 0.313, 96.77, 0.308, 38.70, 0.305
32778,349664, 55.55, 0.00, 0.995, 0.000, 0.000, 0.000,0,0,0, 55.55, 0.995, 38.70, 0.357, 129.03, 0.335, 97.56, 0.233
32779,349674, 55.55, 0.00, 0.996, 0.000, 0.000, 0.000,0,0,0, 55.55, 0.996, 35.39, 0.448, 97.56, 0.374, 130.43, 0.278
32780,349685, 55.55, 0.00, 0.994, 0.000, 0.000, 0.000,0,0,0, 55.55, 0.994, 127.65, 0.309, 38.70, 0.308, 98.36, 0.243
32781,349696, 55.29, 0.00, 0.985, 0.000, 0.000, 0.000,0,0,0, 55.29, 0.985, 35.29, 0.448, 97.56, 0.383, 38.33, 0.347
32782,349706, 55.29, 0.00, 0.987, 0.000, 0.000, 0.000,0,0,0, 55.29, 0.987, 38.58, 0.371, 127.65, 0.357, 99.17, 0.338
32783,349717, 55.29, 0.00, 0.993, 0.000, 0.000, 0.000,0,0,0, 55.29, 0.993, 126.31, 0.328, 38.46, 0.320, 98.36, 0.312
32784,349728, 55.29, 0.00, 0.994, 0.000, 0.000, 0.000,0,0,0, 55.29, 0.994, 35.50, 0.441, 98.36, 0.386, 38.96, 0.337
32785,349738, 55.29, 0.00, 0.990, 0.000, 0.000, 0.000,0,0,0, 55.29, 0.990, 38.46, 0.355, 126.31, 0.343, 98.36, 0.247
32786,349749, 55.29, 0.00, 0.986, 0.000, 0.000, 0.000,0,0,0, 55.29, 0.986, 35.50, 0.412, 99.17, 0.363, 125.00, 0.322
32787,349760, 55.55, 0.00, 0.930, 0.000, 0.000, 0.000,0,0,0, 55.55, 0.930, 36.47, 0.461, 125.00, 0.362, 105.26, 0.348
32788,349770, 56.07, 0.00, 0.869, 0.000, 0.000, 0.000,0,0,0, 56.07, 0.869, 118.81, 0.350, 36.36, 0.350, 106.19, 0.335
32789,349781, 56.33, 0.00, 0.793, 0.000, 0.000, 0.000,0,0,0, 56.33, 0.793, 106.19, 0.405, 36.58, 0.361, 38.46, 0.231
32790,349792, 57.14, 0.00, 0.565, 0.000, 0.000, 0.000,0,0,0, 57.14, 0.565, 117.64, 0.095, 41.81, 0.090, 0.00, 0.000
32791,349802, 59.70, 0.00, 0.413, 0.000, 0.000, 0.000,0,0,0, 59.70, 0.413, 34.38, 0.378, 42.40, 0.171, 0.00, 0.000
32792,349813, 54.54, 0.00, 0.670, 0.000, 0.000, 0.000,0,0,0, 54.54, 0.670, 51.28, 0.564, 0.00, 0.000, 0.00, 0.000
32793,349824, 56.07, 0.00, 0.722, 0.000, 0.000, 0.000,0,0,0, 56.07, 0.722, 0.00, 0.000, 0.00, 0.000, 0.00, 0.000
32794,349834, 56.33, 0.00, 0.647, 0.000, 0.000, 0.000,0,0,0, 56.33, 0.647, 31.83, 0.305, 47.43, 0.161, 0.00, 0.000
32795,349845, 58.25, 0.00, 0.479, 0.000, 0.000, 0.000,0,0,0, 58.25, 0.479, 44.77, 0.172, 32.60, 0.067, 203.38, 0.051
32796,349856, 30.45, 0.00, 0.573, 0.000, 0.000, 0.000,0,0,0, 30.45, 0.573, 55.81, 0.401, 67.79, 0.280, 35.19, 0.219
32797,349866, 40.00, 0.00, 0.482, 0.000, 0.000, 0.000,0,0,0, 40.00, 0.482, 38.70, 0.479, 68.57, 0.229, 49.79, 0.162
32798,349877, 47.24, 0.00, 0.553, 0.000, 0.000, 0.000,0,0,0, 47.24, 0.553, 46.33, 0.544, 70.17, 0.382, 40.00, 0.298
32799,349888, 69.36, 0.00, 0.437, 0.000, 0.000, 0.000,0,0,0, 69.36, 0.437, 33.70, 0.412, 46.51, 0.179, 53.81, 0.114
32800,349898, 34.38, 0.00, 0.549, 0.000, 0.000, 0.000,0,0,0, 34.38, 0.549, 52.40, 0.370, 70.58, 0.300, 30.92, 0.235
32801,349909, 30.37, 0.00, 0.642, 0.000, 0.000, 0.000,0,0,0, 30.37, 0.642, 35.60, 0.601, 87.59, 0.246, 73.61, 0.238
32802,349920, 75.00, 0.00, 0.385, 0.000, 0.000, 0.000,0,0,0, 75.00, 0.385, 85.71, 0.337, 35.19, 0.245, 32.60, 0.222
32803,349930, 34.78, 0.00, 0.900, 0.000, 0.000, 0.000,0,0,0, 34.78, 0.900, 91.60, 0.155, 71.42, 0.115, 55.81, 0.115
32804,349941, 35.08, 0.00, 0.539, 0.000, 0.000, 0.000,0,0,0, 35.08, 0.539, 91.60, 0.407, 74.07, 0.056, 0.00, 0.000
32805,349952, 30.15, 0.00, 0.574, 0.000, 0.000, 0.000,0,0,0, 30.15, 0.574, 45.80, 0.566, 90.22, 0.551, 34.09, 0.190
32806,349962, 45.11, 0.00, 0.421, 0.000, 0.000, 0.000,0,0,0, 45.11, 0.421, 75.00, 0.399, 89.55, 0.328, 100.00, 0.288
32807,349973, 36.47, 0.00, 0.433, 0.000, 0.000, 0.000,0,0,0, 36.47, 0.433, 74.07, 0.371, 47.80, 0.239, 103.44, 0.229
32808,349984, 35.39, 0.00, 0.478, 0.000, 0.000, 0.000,0,0,0, 35.39, 0.478, 260.86, 0.251, 31.25, 0.169, 110.09, 0.101
32809,349994, 31.00, 0.00, 0.506, 0.000, 0.000, 0.000,0,0,0, 31.00, 0.506, 210.52, 0.308, 0.00, 0.000, 0.00, 0.000
32810,350005, 34.28, 0.00, 0.618, 0.000, 0.000, 0.000,0,0,0, 34.28, 0.618, 45.97, 0.333, 96.00, 0.099, 0.00, 0.000
32811,350016, 80.00, 0.00, 0.259, 0.000, 0.000, 0.000,0,0,0, 80.00, 0.259, 45.62, 0.205, 33.61, 0.025, 0.00, 0.000
32812,350026, 42.55, 0.00, 0.655, 0.000, 0.000, 0.000,0,0,0, 42.55, 0.655, 80.00, 0.575, 89.55, 0.545, 0.00, 0.000
32813,350037, 41.52, 0.00, 0.790, 0.000, 0.000, 0.000,0,0,0, 41.52, 0.790, 80.00, 0.622, 0.00, 0.000, 0.00, 0.000
32814,350048, 39.21, 0.00, 0.752, 0.000, 0.000, 0.000,0,0,0, 39.21, 0.752, 82.19, 0.487, 71.85, 0.419, 0.00, 0.000
32815,350058, 38.33, 0.00, 0.769, 0.000, 0.000, 0.000,0,0,0, 38.33, 0.769, 40.00, 0.764, 80.53, 0.562, 71.85, 0.561
32816,350069, 41.81, 0.00, 0.942, 0.000, 0.000, 0.000,0,0,0, 41.81, 0.942, 81.63, 0.588, 0.00, 0.000, 0.00, 0.000
32817,350080, 41.37, 0.00, 0.781, 0.000, 0.000, 0.000,0,0,0, 41.37, 0.781, 86.95, 0.627, 0.00, 0.000, 0.00, 0.000
32818,350090, 40.13, 0.00, 0.850, 0.000, 0.000, 0.000,0,0,0, 40.13, 0.850, 79.47, 0.706, 34.88, 0.025, 0.00, 0.000
32819,350101, 40.00, 0.00, 0.781, 0.000, 0.000, 0.000,0,0,0, 40.00, 0.781, 79.47, 0.553, 0.00, 0.000, 0.00, 0.000
32820,350112, 40.26, 0.00, 0.454, 0.000, 0.000, 0.000,0,0,0, 40.26, 0.454, 80.00, 0.424, 47.24, 0.111, 0.00, 0.000
32821,350122, 42.10, 0.00, 0.686, 0.000, 0.000, 0.000,0,0,0, 42.10, 0.686, 83.91, 0.541, 0.00, 0.000, 0.00, 0.000
32822,350133, 30.53, 0.00, 0.998, 0.000, 0.000, 0.000,0,0,0, 30.53, 0.998, 45.11, 0.603, 84.50, 0.550, 0.00, 0.000
32823,350144, 41.95, 0.00, 0.875, 0.000, 0.000, 0.000,0,0,0, 41.95, 0.875, 83.33, 0.623, 0.00, 0.000, 0.00, 0.000
32824,350154, 81.08, 0.00, 0.705, 0.000, 0.000, 0.000,0,0,0, 81.08, 0.705, 41.66, 0.575, 0.00, 0.000, 0.00, 0.000
32825,350165, 75.94, 0.00, 0.724, 0.000, 0.000, 0.000,0,0,0, 75.94, 0.724, 39.21, 0.599, 0.00, 0.000, 0.00, 0.000
32826,350176, 42.25, 0.00, 0.879, 0.000, 0.000, 0.000,0,0,0, 42.25, 0.879, 76.43, 0.567, 0.00, 0.000, 0.00, 0.000
32827,350186, 40.81, 0.00, 0.732, 0.000, 0.000, 0.000,0,0,0, 40.81, 0.732, 77.41, 0.573, 0.00, 0.000, 0.00, 0.000
32828,350197, 76.43, 0.00, 0.632, 0.000, 0.000, 0.000,0,0,0, 76.43, 0.632, 38.09, 0.555, 0.00, 0.000, 0.00, 0.000
32829,350208, 79.47, 0.00, 0.628, 0.000, 0.000, 0.000,0,0,0, 79.47, 0.628, 40.26, 0.492, 0.00, 0.000, 0.00, 0.000
32830,350218, 42.25, 0.00, 0.694, 0.000, 0.000, 0.000,0,0,0, 42.25, 0.694, 86.33, 0.476, 0.00, 0.000, 0.00, 0.000
32831,350229, 73.61, 0.00, 0.455, 0.000, 0.000, 0.000,0,0,0, 73.61, 0.455, 41.81, 0.429, 0.00, 0.000, 0.00, 0.000
32832,350240, 41.66, 0.00, 0.634, 0.000, 0.000, 0.000,0,0,0, 41.66, 0.634, 73.61, 0.527, 0.00, 0.000, 0.00, 0.000
32833,350250, 73.17, 0.00, 0.454, 0.000, 0.000, 0.000,0,0,0, 73.17, 0.454, 42.25, 0.399, 33.33, 0.009, 0.00, 0.000
32834,350261, 42.10, 0.00, 0.572, 0.000, 0.000, 0.000,0,0,0, 42.10, 0.572, 107.14, 0.271, 0.00, 0.000, 0.00, 0.000
32835,350272, 40.95, 0.00, 0.590, 0.000, 0.000, 0.000,0,0,0, 40.95, 0.590, 85.71, 0.371, 0.00, 0.000, 0.00, 0.000
32836,350282, 82.75, 0.00, 0.550, 0.000, 0.000, 0.000,0,0,0, 82.75, 0.550, 40.40, 0.513, 33.14, 0.477, 0.00, 0.000
32837,350293, 40.40, 0.00, 0.895, 0.000, 0.000, 0.000,0,0,0, 40.40, 0.895, 83.33, 0.778, 0.00, 0.000, 0.00, 0.000
32838,350304, 80.00, 0.00, 0.840, 0.000, 0.000, 0.000,0,0,0, 80.00, 0.840, 40.95, 0.757, 0.00, 0.000, 0.00, 0.000
32839,350314, 82.75, 0.00, 0.843, 0.000, 0.000, 0.000,0,0,0, 82.75, 0.843, 41.37, 0.832, 0.00, 0.000, 0.00, 0.000
32840,350325, 82.75, 0.00, 0.703, 0.000, 0.000, 0.000,0,0,0, 82.75, 0.703, 42.85, 0.563, 30.69, 0.538, 0.00, 0.000
32841,350336, 40.67, 0.00, 0.718, 0.000, 0.000, 0.000,0,0,0, 40.67, 0.718, 82.75, 0.483, 0.00, 0.000, 0.00, 0.000
32842,350346, 39.21, 0.00, 0.848, 0.000, 0.000, 0.000,0,0,0, 39.21, 0.848, 78.43, 0.498, 0.00, 0.000, 0.00, 0.000
32843,350357, 40.40, 0.00, 0.813, 0.000, 0.000, 0.000,0,0,0, 40.40, 0.813, 78.94, 0.511, 0.00, 0.000, 0.00, 0.000
32844,350368, 40.95, 0.00, 0.791, 0.000, 0.000, 0.000,0,0,0, 40.95, 0.791, 88.88, 0.636, 0.00, 0.000, 0.00, 0.000
32845,350378, 42.55, 0.00, 0.788, 0.000, 0.000, 0.000,0,0,0, 42.55, 0.788, 86.33, 0.674, 0.00, 0.000, 0.00, 0.000
32846,350389, 41.95, 0.00, 0.946, 0.000, 0.000, 0.000,0,0,0, 41.95, 0.946, 86.95, 0.721, 0.00, 0.000, 0.00, 0.000
32847,350400, 41.95, 0.00, 0.781, 0.000, 0.000, 0.000,0,0,0, 41.95, 0.781, 77.41, 0.671, 0.00, 0.000, 0.00, 0.000
32848,350410, 39.86, 0.00, 0.833, 0.000, 0.000, 0.000,0,0,0, 39.86, 0.833, 75.47, 0.605, 86.95, 0.488, 0.00, 0.000
32849,350421, 40.95, 0.00, 0.729, 0.000, 0.000, 0.000,0,0,0, 40.95, 0.729, 75.47, 0.588, 89.55, 0.453, 0.00, 0.000
32850,350432, 41.66, 0.00, 0.833, 0.000, 0.000, 0.000,0,0,0, 41.66, 0.833, 86.95, 0.590, 0.00, 0.000, 0.00, 0.000
32851,350442, 42.40, 0.00, 0.933, 0.000, 0.000, 0.000,0,0,0, 42.40, 0.933, 87.59, 0.715, 0.00, 0.000, 0.00, 0.000
32852,350453, 41.23, 0.00, 0.793, 0.000, 0.000, 0.000,0,0,0, 41.23, 0.793, 78.94, 0.562, 85.71, 0.559, 0.00, 0.000
32853,350464, 40.00, 0.00, 0.921, 0.000, 0.000, 0.000,0,0,0, 40.00, 0.921, 81.63, 0.581, 0.00, 0.000, 0.00, 0.000
32854,350474, 40.13, 0.00, 0.840, 0.000, 0.000, 0.000,0,0,0, 40.13, 0.840, 81.63, 0.709, 0.00, 0.000, 0.00, 0.000
32855,350485, 41.95, 0.00, 0.900, 0.000, 0.000, 0.000,0,0,0, 41.95, 0.900, 83.91, 0.793, 0.00, 0.000, 0.00, 0.000
32856,350496, 42.10, 0.00, 0.882, 0.000, 0.000, 0.000,0,0,0, 42.10, 0.882, 84.50, 0.773, 0.00, 0.000, 0.00, 0.000
32857,350506, 41.81, 0.00, 0.881, 0.000, 0.000, 0.000,0,0,0, 41.81, 0.881, 85.10, 0.683, 0.00, 0.000, 0.00, 0.000
32858,350517, 41.81, 0.00, 0.856, 0.000, 0.000, 0.000,0,0,0, 41.81, 0.856, 81.63, 0.546, 87.59, 0.541, 0.00, 0.000
32859,350528, 40.67, 0.00, 0.738, 0.000, 0.000, 0.000,0,0,0, 40.67, 0.738, 77.41, 0.582, 37.61, 0.416, 0.00, 0.000
32860,350538, 39.21, 0.00, 0.817, 0.000, 0.000, 0.000,0,0,0, 39.21, 0.817, 81.63, 0.610, 0.00, 0.000, 0.00, 0.000
32861,350549, 82.75, 0.00, 0.781, 0.000, 0.000, 0.000,0,0,0, 82.75, 0.781, 41.52, 0.661, 38.33, 0.601, 0.00, 0.000
32862,350560, 85.71, 0.00, 0.904, 0.000, 0.000, 0.000,0,0,0, 85.71, 0.904, 42.55, 0.853, 0.00, 0.000, 0.00, 0.000
32863,350570, 85.71, 0.00, 0.807, 0.000, 0.000, 0.000,0,0,0, 85.71, 0.807, 42.55, 0.762, 0.00, 0.000, 0.00, 0.000
32864,350581, 40.54, 0.00, 0.878, 0.000, 0.000, 0.000,0,0,0, 40.54, 0.878, 85.10, 0.610, 0.00, 0.000, 0.00, 0.000
32865,350592, 76.92, 0.00, 0.716, 0.000, 0.000, 0.000,0,0,0, 76.92, 0.716, 39.86, 0.654, 0.00, 0.000, 0.00, 0.000
32866,350602, 72.28, 0.00, 0.461, 0.000, 0.000, 0.000,0,0,0, 72.28, 0.461, 41.66, 0.184, 31.25, 0.147, 34.09, 0.099
32867,350613, 45.80, 0.00, 0.778, 0.000, 0.000, 0.000,0,0,0, 45.80, 0.778, 73.17, 0.286, 76.43, 0.283, 0.00, 0.000
32868,350624, 43.79, 0.00, 0.627, 0.000, 0.000, 0.000,0,0,0, 43.79, 0.627, 70.17, 0.114, 92.30, 0.091, 121.21, 0.075
32869,350634, 74.07, 0.00, 0.557, 0.000, 0.000, 0.000,0,0,0, 74.07, 0.557, 36.14, 0.517, 0.00, 0.000, 0.00, 0.000
32870,350645, 75.00, 0.00, 0.775, 0.000, 0.000, 0.000,0,0,0, 75.00, 0.775, 37.61, 0.648, 0.00, 0.000, 0.00, 0.000
32871,350656, 37.61, 0.00, 0.944, 0.000, 0.000, 0.000,0,0,0, 37.61, 0.944, 75.00, 0.650, 53.81, 0.058, 0.00, 0.000
32872,350666, 74.53, 0.00, 0.795, 0.000, 0.000, 0.000,0,0,0, 74.53, 0.795, 37.26, 0.676, 0.00, 0.000, 0.00, 0.000
32873,350677, 74.07, 0.00, 0.827, 0.000, 0.000, 0.000,0,0,0, 74.07, 0.827, 37.15, 0.683, 30.61, 0.161, 0.00, 0.000
32874,350688, 74.07, 0.00, 0.820, 0.000, 0.000, 0.000,0,0,0, 74.07, 0.820, 36.80, 0.489, 40.54, 0.157, 45.80, 0.045
32875,350698, 74.07, 0.00, 0.826, 0.000, 0.000, 0.000,0,0,0, 74.07, 0.826, 36.69, 0.707, 122.44, 0.075, 181.81, 0.025
32876,350709, 74.07, 0.00, 0.794, 0.000, 0.000, 0.000,0,0,0, 74.07, 0.794, 36.80, 0.710, 52.63, 0.131, 31.16, 0.081
32877,350720, 73.61, 0.00, 0.807, 0.000, 0.000, 0.000,0,0,0, 73.61, 0.807, 36.92, 0.683, 0.00, 0.000, 0.00, 0.000
32878,350730, 74.07, 0.00, 0.938, 0.000, 0.000, 0.000,0,0,0, 74.07, 0.938, 36.92, 0.921, 0.00, 0.000, 0.00, 0.000
32879,350741, 37.15, 0.00, 0.997, 0.000, 0.000, 0.000,0,0,0, 37.15, 0.997, 74.07, 0.991, 0.00, 0.000, 0.00, 0.000
32880,350752, 37.15, 0.00, 0.990, 0.000, 0.000, 0.000,0,0,0, 37.15, 0.990, 74.53, 0.983, 0.00, 0.000, 0.00, 0.000
32881,350762, 37.26, 0.00, 0.992, 0.000, 0.000, 0.000,0,0,0, 37.26, 0.992, 74.53, 0.983, 0.00, 0.000, 0.00, 0.000
32882,350773, 75.00, 0.00, 0.968, 0.000, 0.000, 0.000,0,0,0, 75.00, 0.968, 37.26, 0.917, 0.00, 0.000, 0.00, 0.000
32883,350784, 74.07, 0.00, 0.846, 0.000, 0.000, 0.000,0,0,0, 74.07, 0.846, 37.15, 0.796, 42.70, 0.008, 0.00, 0.000
32884,350794, 74.07, 0.00, 0.865, 0.000, 0.000, 0.000,0,0,0, 74.07, 0.865, 37.03, 0.788, 0.00, 0.000, 0.00, 0.000
32885,350805, 74.07, 0.00, 0.838, 0.000, 0.000, 0.000,0,0,0, 74.07, 0.838, 36.92, 0.797, 0.00, 0.000, 0.00, 0.000
32886,350816, 74.07, 0.00, 0.934, 0.000, 0.000, 0.000,0,0,0, 74.07, 0.934, 37.03, 0.913, 30.22, 0.170, 50.84, 0.058
32887,350826, 74.07, 0.00, 0.890, 0.000, 0.000, 0.000,0,0,0, 74.07, 0.890, 36.92, 0.871, 0.00, 0.000, 0.00, 0.000
32888,350837, 74.07, 0.00, 0.829, 0.000, 0.000, 0.000,0,0,0, 74.07, 0.829, 36.69, 0.680, 35.39, 0.499, 32.25, 0.069
32889,350848, 74.07, 0.00, 0.817, 0.000, 0.000, 0.000,0,0,0, 74.07, 0.817, 36.69, 0.753, 0.00, 0.000, 0.00, 0.000
32890,350858, 74.53, 0.00, 0.835, 0.000, 0.000, 0.000,0,0,0, 74.53, 0.835, 37.03, 0.807, 32.60, 0.162, 0.00, 0.000
32891,350869, 75.00, 0.00, 0.950, 0.000, 0.000, 0.000,0,0,0, 75.00, 0.950, 37.61, 0.931, 0.00, 0.000, 0.00, 0.000
32892,350880, 75.00, 0.00, 0.883, 0.000, 0.000, 0.000,0,0,0, 75.00, 0.883, 37.26, 0.852, 0.00, 0.000, 0.00, 0.000
32893,350890, 74.53, 0.00, 0.884, 0.000, 0.000, 0.000,0,0,0, 74.53, 0.884, 37.38, 0.753, 43.16, 0.222, 101.69, 0.010
32894,350901, 74.07, 0.00, 0.901, 0.000, 0.000, 0.000,0,0,0, 74.07, 0.901, 37.15, 0.872, 0.00, 0.000, 0.00, 0.000
32895,350912, 74.07, 0.00, 0.947, 0.000, 0.000, 0.000,0,0,0, 74.07, 0.947, 37.03, 0.941, 30.37, 0.203, 0.00, 0.000
32896,350922, 74.07, 0.00, 0.963, 0.000, 0.000, 0.000,0,0,0, 74.07, 0.963, 37.03, 0.951, 0.00, 0.000, 0.00, 0.000
32897,350933, 74.07, 0.00, 0.946, 0.000, 0.000, 0.000,0,0,0, 74.07, 0.946, 37.03, 0.898, 46.87, 0.009, 0.00, 0.000
32898,350944, 74.07, 0.00, 0.941, 0.000, 0.000, 0.000,0,0,0, 74.07, 0.941, 37.03, 0.920, 46.87, 0.046, 0.00, 0.000
32899,350954, 74.07, 0.00, 0.898, 0.000, 0.000, 0.000,0,0,0, 74.07, 0.898, 37.03, 0.855, 32.17, 0.054, 0.00, 0.000
32900,350965, 74.07, 0.00, 0.825, 0.000, 0.000, 0.000,0,0,0, 74.07, 0.825, 36.14, 0.725, 0.00, 0.000, 0.00, 0.000
32901,350976, 36.92, 0.00, 0.902, 0.000, 0.000, 0.000,0,0,0, 36.92, 0.902, 74.07, 0.761, 0.00, 0.000, 0.00, 0.000
32902,350986, 74.53, 0.00, 0.861, 0.000, 0.000, 0.000,0,0,0, 74.53, 0.861, 37.26, 0.755, 43.47, 0.050, 0.00, 0.000
32903,350997, 74.53, 0.00, 0.891, 0.000, 0.000, 0.000,0,0,0, 74.53, 0.891, 37.73, 0.786, 0.00, 0.000, 0.00, 0.000
32904,351008, 74.53, 0.00, 0.932, 0.000, 0.000, 0.000,0,0,0, 74.53, 0.932, 37.38, 0.802, 0.00, 0.000, 0.00, 0.000
32905,351018, 74.53, 0.00, 0.938, 0.000, 0.000, 0.000,0,0,0, 74.53, 0.938, 37.15, 0.873, 30.76, 0.036, 0.00, 0.000
32906,351029, 74.07, 0.00, 0.964, 0.000, 0.000, 0.000,0,0,0, 74.07, 0.964, 37.03, 0.953, 30.15, 0.094, 50.84, 0.038
32907,351040, 74.07, 0.00, 0.964, 0.000, 0.000, 0.000,0,0,0, 74.07, 0.964, 36.92, 0.915, 47.24, 0.145, 133.33, 0.117
32908,351050, 74.07, 0.00, 0.913, 0.000, 0.000, 0.000,0,0,0, 74.07, 0.913, 36.92, 0.844, 131.86, 0.030, 46.87, 0.023
32909,351061, 74.07, 0.00, 0.929, 0.000, 0.000, 0.000,0,0,0, 74.07, 0.929, 36.92, 0.767, 30.53, 0.357, 51.72, 0.107
32910,351072, 74.07, 0.00, 0.923, 0.000, 0.000, 0.000,0,0,0, 74.07, 0.923, 36.92, 0.854, 30.53, 0.051, 0.00, 0.000
32911,351082, 74.07, 0.00, 0.891, 0.000, 0.000, 0.000,0,0,0, 74.07, 0.891, 36.69, 0.774, 43.95, 0.003, 0.00, 0.000
32912,351093, 36.92, 0.00, 0.870, 0.000, 0.000, 0.000,0,0,0, 36.92, 0.870, 74.07, 0.837, 35.29, 0.281, 44.28, 0.023
32913,351104, 74.53, 0.00, 0.846, 0.000, 0.000, 0.000,0,0,0, 74.53, 0.846, 37.03, 0.826, 0.00, 0.000, 0.00, 0.000
32914,351114, 74.53, 0.00, 0.882, 0.000, 0.000, 0.000,0,0,0, 74.53, 0.882, 38.33, 0.729, 37.15, 0.697, 0.00, 0.000
32915,351125, 74.53, 0.00, 0.924, 0.000, 0.000, 0.000,0,0,0, 74.53, 0.924, 37.26, 0.839, 0.00, 0.000, 0.00, 0.000
32916,351136, 74.53, 0.00, 0.953, 0.000, 0.000, 0.000,0,0,0, 74.53, 0.953, 37.26, 0.913, 43.63, 0.035, 0.00, 0.000
32917,351146, 74.07, 0.00, 0.937, 0.000, 0.000, 0.000,0,0,0, 74.07, 0.937, 37.03, 0.919, 47.05, 0.066, 130.43, 0.046
32918,351157, 74.07, 0.00, 0.953, 0.000, 0.000, 0.000,0,0,0, 74.07, 0.953, 36.92, 0.952, 134.83, 0.046, 48.00, 0.041
32919,351168, 74.07, 0.00, 0.946, 0.000, 0.000, 0.000,0,0,0, 74.07, 0.946, 37.03, 0.940, 30.37, 0.265, 51.06, 0.113
32920,351178, 74.07, 0.00, 0.910, 0.000, 0.000, 0.000,0,0,0, 74.07, 0.910, 36.92, 0.846, 0.00, 0.000, 0.00, 0.000
32921,351189, 74.07, 0.00, 0.893, 0.000, 0.000, 0.000,0,0,0, 74.07, 0.893, 37.03, 0.753, 110.09, 0.033, 44.60, 0.026
32922,351200, 74.07, 0.00, 0.963, 0.000, 0.000, 0.000,0,0,0, 74.07, 0.963, 36.80, 0.900, 44.28, 0.094, 110.09, 0.056
32923,351210, 74.07, 0.00, 0.905, 0.000, 0.000, 0.000,0,0,0, 74.07, 0.905, 37.03, 0.825, 31.91, 0.111, 56.07, 0.052
32924,351221, 37.15, 0.00, 0.940, 0.000, 0.000, 0.000,0,0,0, 37.15, 0.940, 74.07, 0.888, 0.00, 0.000, 0.00, 0.000
32925,351232, 74.53, 0.00, 0.929, 0.000, 0.000, 0.000,0,0,0, 74.53, 0.929, 37.15, 0.854, 43.47, 0.049, 0.00, 0.000
32926,351242, 74.53, 0.00, 0.914, 0.000, 0.000, 0.000,0,0,0, 74.53, 0.914, 37.26, 0.819, 43.63, 0.062, 0.00, 0.000
32927,351253, 37.15, 0.00, 0.953, 0.000, 0.000, 0.000,0,0,0, 37.15, 0.953, 74.07, 0.883, 0.00, 0.000, 0.00, 0.000
32928,351264, 73.61, 0.00, 0.827, 0.000, 0.000, 0.000,0,0,0, 73.61, 0.827, 36.92, 0.785, 31.08, 0.289, 0.00, 0.000
32929,351274, 73.17, 0.00, 0.710, 0.000, 0.000, 0.000,0,0,0, 73.17, 0.710, 36.36, 0.489, 38.33, 0.473, 30.15, 0.183
32930,351285, 38.58, 0.00, 0.509, 0.000, 0.000, 0.000,0,0,0, 38.58, 0.509, 72.72, 0.424, 42.10, 0.300, 33.05, 0.147
32931,351296, 41.66, 0.00, 0.470, 0.000, 0.000, 0.000,0,0,0, 41.66, 0.470, 73.17, 0.442, 37.26, 0.323, 96.00, 0.086
32932,351306, 73.61, 0.00, 0.485, 0.000, 0.000, 0.000,0,0,0, 73.61, 0.485, 32.87, 0.423, 60.30, 0.412, 37.15, 0.366
32933,351317, 75.00, 0.00, 0.449, 0.000, 0.000, 0.000,0,0,0, 75.00, 0.449, 37.26, 0.437, 33.05, 0.402, 60.30, 0.358
32934,351328, 73.17, 0.00, 0.488, 0.000, 0.000, 0.000,0,0,0, 73.17, 0.488, 36.25, 0.353, 33.33, 0.344, 38.70, 0.324
32935,351338, 75.00, 0.00, 0.488, 0.000, 0.000, 0.000,0,0,0, 75.00, 0.488, 41.52, 0.460, 94.48, 0.416, 37.03, 0.309
32936,351349, 42.55, 0.00, 0.620, 0.000, 0.000, 0.000,0,0,0, 42.55, 0.620, 75.94, 0.582, 90.22, 0.421, 37.15, 0.213
32937,351360, 77.92, 0.00, 0.655, 0.000, 0.000, 0.000,0,0,0, 77.92, 0.655, 42.55, 0.633, 94.48, 0.408, 30.07, 0.121
32938,351370, 76.43, 0.00, 0.523, 0.000, 0.000, 0.000,0,0,0, 76.43, 0.523, 96.77, 0.414, 41.37, 0.369, 38.70, 0.340
32939,351381, 75.00, 0.00, 0.576, 0.000, 0.000, 0.000,0,0,0, 75.00, 0.576, 42.25, 0.550, 95.23, 0.437, 38.33, 0.415
32940,351392, 41.66, 0.00, 0.701, 0.000, 0.000, 0.000,0,0,0, 41.66, 0.701, 74.07, 0.650, 37.26, 0.451, 95.23, 0.428
32941,351402, 42.10, 0.00, 0.684, 0.000, 0.000, 0.000,0,0,0, 42.10, 0.684, 74.53, 0.616, 95.23, 0.470, 37.73, 0.313
32942,351413, 42.10, 0.00, 0.827, 0.000, 0.000, 0.000,0,0,0, 42.10, 0.827, 96.00, 0.518, 75.47, 0.484, 37.61, 0.143
32943,351424, 41.95, 0.00, 0.887, 0.000, 0.000, 0.000,0,0,0, 41.95, 0.887, 74.53, 0.487, 95.23, 0.462, 46.51, 0.137
32944,351434, 42.10, 0.00, 0.823, 0.000, 0.000, 0.000,0,0,0, 42.10, 0.823, 75.00, 0.526, 96.77, 0.497, 38.09, 0.261
32945,351445, 41.95, 0.00, 0.844, 0.000, 0.000, 0.000,0,0,0, 41.95, 0.844, 74.53, 0.629, 95.23, 0.293, 37.50, 0.216
32946,351456, 41.81, 0.00, 0.829, 0.000, 0.000, 0.000,0,0,0, 41.81, 0.829, 94.48, 0.487, 75.00, 0.361, 45.45, 0.100
32947,351466, 42.25, 0.00, 0.817, 0.000, 0.000, 0.000,0,0,0, 42.25, 0.817, 76.92, 0.465, 90.90, 0.447, 32.60, 0.135
32948,351477, 76.92, 0.00, 0.586, 0.000, 0.000, 0.000,0,0,0, 76.92, 0.586, 41.95, 0.511, 38.09, 0.501, 90.22, 0.287
32949,351488, 37.38, 0.00, 0.558, 0.000, 0.000, 0.000,0,0,0, 37.38, 0.558, 76.43, 0.523, 30.37, 0.390, 41.23, 0.298
32950,351498, 43.32, 0.00, 0.654, 0.000, 0.000, 0.000,0,0,0, 43.32, 0.654, 38.96, 0.300, 47.43, 0.292, 75.47, 0.246
32951,351509, 42.55, 0.00, 0.602, 0.000, 0.000, 0.000,0,0,0, 42.55, 0.602, 33.14, 0.358, 47.24, 0.249, 363.63, 0.016
32952,351520, 41.81, 0.00, 0.487, 0.000, 0.000, 0.000,0,0,0, 41.81, 0.487, 38.46, 0.290, 74.53, 0.222, 61.85, 0.196
32953,351530, 41.66, 0.00, 0.577, 0.000, 0.000, 0.000,0,0,0, 41.66, 0.577, 60.00, 0.161, 104.34, 0.137, 131.86, 0.114
32954,351541, 32.87, 0.00, 0.666, 0.000, 0.000, 0.000,0,0,0, 32.87, 0.666, 42.25, 0.371, 96.77, 0.303, 75.94, 0.194
32955,351552, 96.77, 0.00, 0.418, 0.000, 0.000, 0.000,0,0,0, 96.77, 0.418, 36.69, 0.366, 75.47, 0.283, 42.10, 0.225
32956,351562, 76.43, 0.00, 0.436, 0.000, 0.000, 0.000,0,0,0, 76.43, 0.436, 59.11, 0.432, 42.25, 0.405, 37.61, 0.313
32957,351573, 42.40, 0.00, 0.329, 0.000, 0.000, 0.000,0,0,0, 42.40, 0.329, 97.56, 0.293, 49.38, 0.285, 58.82, 0.262
32958,351584, 33.05, 0.00, 0.458, 0.000, 0.000, 0.000,0,0,0, 33.05, 0.458, 50.20, 0.346, 42.40, 0.286, 99.17, 0.240
32959,351594, 41.95, 0.00, 0.411, 0.000, 0.000, 0.000,0,0,0, 41.95, 0.411, 37.73, 0.360, 60.30, 0.324, 100.00, 0.222
32960,351605, 38.58, 0.00, 0.318, 0.000, 0.000, 0.000,0,0,0, 38.58, 0.318, 43.32, 0.269, 60.60, 0.243, 102.56, 0.235
32961,351616, 43.16, 0.00, 0.372, 0.000, 0.000, 0.000,0,0,0, 43.16, 0.372, 37.50, 0.350, 75.00, 0.278, 50.20, 0.221
32962,351626, 37.38, 0.00, 0.299, 0.000, 0.000, 0.000,0,0,0, 37.38, 0.299, 73.61, 0.261, 96.77, 0.242, 59.70, 0.239
32963,351637, 41.66, 0.00, 0.371, 0.000, 0.000, 0.000,0,0,0, 41.66, 0.371, 59.40, 0.266, 96.00, 0.201, 73.61, 0.192
32964,351648, 95.23, 0.00, 0.363, 0.000, 0.000, 0.000,0,0,0, 95.23, 0.363, 47.61, 0.340, 42.55, 0.308, 75.94, 0.161
32965,351658, 33.61, 0.00, 0.368, 0.000, 0.000, 0.000,0,0,0, 33.61, 0.368, 58.25, 0.239, 34.98, 0.182, 49.79, 0.135
32966,351669, 40.00, 0.00, 0.668, 0.000, 0.000, 0.000,0,0,0, 40.00, 0.668, 59.11, 0.259, 131.86, 0.141, 100.84, 0.110
32967,351680, 41.23, 0.00, 0.460, 0.000, 0.000, 0.000,0,0,0, 41.23, 0.460, 102.56, 0.279, 131.86, 0.261, 59.40, 0.061
32968,351690, 36.92, 0.00, 0.599, 0.000, 0.000, 0.000,0,0,0, 36.92, 0.599, 57.69, 0.430, 102.56, 0.313, 0.00, 0.000
32969,351701, 37.15, 0.00, 0.788, 0.000, 0.000, 0.000,0,0,0, 37.15, 0.788, 59.40, 0.323, 100.00, 0.322, 75.47, 0.127
32970,351712, 37.03, 0.00, 0.355, 0.000, 0.000, 0.000,0,0,0, 37.03, 0.355, 50.42, 0.315, 99.17, 0.270, 42.10, 0.106
32971,351722, 50.20, 0.00, 0.619, 0.000, 0.000, 0.000,0,0,0, 50.20, 0.619, 97.56, 0.559, 30.37, 0.545, 43.63, 0.405
32972,351733, 37.73, 0.00, 0.353, 0.000, 0.000, 0.000,0,0,0, 37.73, 0.353, 42.10, 0.224, 97.56, 0.224, 75.47, 0.168
32973,351744, 38.09, 0.00, 0.777, 0.000, 0.000, 0.000,0,0,0, 38.09, 0.777, 59.40, 0.355, 104.34, 0.345, 76.92, 0.075
32974,351754, 104.34, 0.00, 0.421, 0.000, 0.000, 0.000,0,0,0, 104.34, 0.421, 38.21, 0.208, 58.53, 0.105, 43.79, 0.100
32975,351765, 39.08, 0.00, 0.426, 0.000, 0.000, 0.000,0,0,0, 39.08, 0.426, 105.26, 0.402, 53.33, 0.151, 61.22, 0.129
32976,351776, 38.46, 0.00, 0.834, 0.000, 0.000, 0.000,0,0,0, 38.46, 0.834, 102.56, 0.314, 88.88, 0.230, 63.15, 0.163
32977,351786, 98.36, 0.00, 0.390, 0.000, 0.000, 0.000,0,0,0, 98.36, 0.390, 46.51, 0.183, 45.45, 0.175, 36.58, 0.121
32978,351797, 96.77, 0.00, 0.491, 0.000, 0.000, 0.000,0,0,0, 96.77, 0.491, 44.28, 0.360, 48.58, 0.208, 0.00, 0.000
32979,351808, 36.47, 0.00, 0.730, 0.000, 0.000, 0.000,0,0,0, 36.47, 0.730, 98.36, 0.357, 72.28, 0.165, 66.29, 0.158
32980,351818, 39.86, 0.00, 0.485, 0.000, 0.000, 0.000,0,0,0, 39.86, 0.485, 58.53, 0.327, 101.69, 0.312, 0.00, 0.000
32981,351829, 100.84, 0.00, 0.446, 0.000, 0.000, 0.000,0,0,0, 100.84, 0.446, 50.63, 0.228, 44.44, 0.183, 52.86, 0.169
32982,351840, 38.83, 0.00, 0.464, 0.000, 0.000, 0.000,0,0,0, 38.83, 0.464, 60.60, 0.351, 102.56, 0.260, 0.00, 0.000
32983,351850, 37.85, 0.00, 0.899, 0.000, 0.000, 0.000,0,0,0, 37.85, 0.899, 93.02, 0.291, 63.82, 0.194, 0.00, 0.000
32984,351861, 93.75, 0.00, 0.485, 0.000, 0.000, 0.000,0,0,0, 93.75, 0.485, 48.38, 0.324, 0.00, 0.000, 0.00, 0.000
32985,351872, 93.75, 0.00, 0.479, 0.000, 0.000, 0.000,0,0,0, 93.75, 0.479, 43.79, 0.314, 47.05, 0.305, 48.38, 0.281
32986,351882, 37.26, 0.00, 0.793, 0.000, 0.000, 0.000,0,0,0, 37.26, 0.793, 95.23, 0.268, 75.00, 0.253, 65.93, 0.131
32987,351893, 38.83, 0.00, 0.452, 0.000, 0.000, 0.000,0,0,0, 38.83, 0.452, 59.11, 0.335, 104.34, 0.187, 52.63, 0.094
32988,351904, 43.79, 0.00, 0.322, 0.000, 0.000, 0.000,0,0,0, 43.79, 0.322, 100.00, 0.273, 51.50, 0.126, 59.11, 0.014
32989,351914, 38.96, 0.00, 0.574, 0.000, 0.000, 0.000,0,0,0, 38.96, 0.574, 61.53, 0.304, 104.34, 0.187, 0.00, 0.000
32990,351925, 37.15, 0.00, 0.783, 0.000, 0.000, 0.000,0,0,0, 37.15, 0.783, 90.90, 0.282, 62.50, 0.185, 0.00, 0.000
32991,351936, 93.02, 0.00, 0.495, 0.000, 0.000, 0.000,0,0,0, 93.02, 0.495, 47.05, 0.394, 0.00, 0.000, 0.00, 0.000
32992,351946, 94.48, 0.00, 0.461, 0.000, 0.000, 0.000,0,0,0, 94.48, 0.461, 44.11, 0.271, 47.24, 0.240, 51.28, 0.198
32993,351957, 38.33, 0.00, 0.793, 0.000, 0.000, 0.000,0,0,0, 38.33, 0.793, 91.60, 0.281, 75.00, 0.270, 61.22, 0.118
32994,351968, 38.70, 0.00, 0.348, 0.000, 0.000, 0.000,0,0,0, 38.70, 0.348, 59.70, 0.236, 107.14, 0.233, 51.94, 0.068
32995,351978, 42.55, 0.00, 0.384, 0.000, 0.000, 0.000,0,0,0, 42.55, 0.384, 60.00, 0.165, 105.26, 0.113, 51.94, 0.036
32996,351989, 39.21, 0.00, 0.589, 0.000, 0.000, 0.000,0,0,0, 39.21, 0.589, 61.22, 0.382, 110.09, 0.215, 87.59, 0.056
32997,352000, 37.26, 0.00, 0.571, 0.000, 0.000, 0.000,0,0,0, 37.26, 0.571, 86.95, 0.183, 97.56, 0.175, 60.91, 0.111
32998,352010, 48.19, 0.00, 0.597, 0.000, 0.000, 0.000,0,0,0, 48.19, 0.597, 95.23, 0.533, 0.00, 0.000, 0.00, 0.000
32999,352021, 38.58, 0.00, 0.369, 0.000, 0.000, 0.000,0,0,0, 38.58, 0.369, 95.23, 0.299, 62.17, 0.081, 48.00, 0.058
33000,352032, 37.97, 0.00, 0.753, 0.000, 0.000, 0.000,0,0,0, 37.97, 0.753, 69.36, 0.470, 0.00, 0.000, 0.00, 0.000
33001,352042, 51.06, 0.00, 0.235, 0.000, 0.000, 0.000,0,0,0, 51.06, 0.235, 96.77, 0.185, 62.50, 0.059, 0.00, 0.000
33002,352053, 41.23, 0.00, 0.305, 0.000, 0.000, 0.000,0,0,0, 41.23, 0.305, 48.19, 0.252, 51.72, 0.166, 108.10, 0.094
33003,352064, 37.03, 0.00, 0.510, 0.000, 0.000, 0.000,0,0,0, 37.03, 0.510, 38.96, 0.467, 61.53, 0.364, 87.59, 0.109
33004,352074, 36.80, 0.00, 0.525, 0.000, 0.000, 0.000,0,0,0, 36.80, 0.525, 49.79, 0.206, 100.00, 0.198, 88.88, 0.165
33005,352085, 46.87, 0.00, 0.541, 0.000, 0.000, 0.000,0,0,0, 46.87, 0.541, 89.55, 0.476, 0.00, 0.000, 0.00, 0.000
33006,352096, 38.70, 0.00, 0.461, 0.000, 0.000, 0.000,0,0,0, 38.70, 0.461, 94.48, 0.179, 62.50, 0.139, 0.00, 0.000
33007,352106, 37.50, 0.00, 0.617, 0.000, 0.000, 0.000,0,0,0, 37.50, 0.617, 66.29, 0.335, 77.92, 0.305, 0.00, 0.000
33008,352117, 47.05, 0.00, 0.241, 0.000, 0.000, 0.000,0,0,0, 47.05, 0.241, 51.06, 0.206, 94.48, 0.187, 0.00, 0.000
33009,352128, 40.54, 0.00, 0.424, 0.000, 0.000, 0.000,0,0,0, 40.54, 0.424, 59.40, 0.275, 114.28, 0.194, 0.00, 0.000
33010,352138, 37.03, 0.00, 0.746, 0.000, 0.000, 0.000,0,0,0, 37.03, 0.746, 98.36, 0.171, 88.88, 0.125, 59.70, 0.102
33011,352149, 103.44, 0.00, 0.354, 0.000, 0.000, 0.000,0,0,0, 103.44, 0.354, 49.79, 0.330, 36.80, 0.060, 0.00, 0.000
33012,352160, 48.19, 0.00, 0.435, 0.000, 0.000, 0.000,0,0,0, 48.19, 0.435, 96.00, 0.398, 0.00, 0.000, 0.00, 0.000
33013,352170, 34.88, 0.00, 0.341, 0.000, 0.000, 0.000,0,0,0, 34.88, 0.341, 37.15, 0.218, 71.85, 0.135, 104.34, 0.127
33014,352181, 35.19, 0.00, 0.672, 0.000, 0.000, 0.000,0,0,0, 35.19, 0.672, 71.42, 0.460, 32.87, 0.433, 62.17, 0.332
33015,352192, 89.55, 0.00, 0.292, 0.000, 0.000, 0.000,0,0,0, 89.55, 0.292, 69.76, 0.291, 63.49, 0.216, 34.38, 0.196
33016,352202, 45.45, 0.00, 0.509, 0.000, 0.000, 0.000,0,0,0, 45.45, 0.509, 89.55, 0.503, 44.28, 0.478, 31.74, 0.353
33017,352213, 49.79, 0.00, 0.630, 0.000, 0.000, 0.000,0,0,0, 49.79, 0.630, 33.05, 0.256, 92.30, 0.228, 97.56, 0.221
33018,352224, 49.79, 0.00, 0.668, 0.000, 0.000, 0.000,0,0,0, 49.79, 0.668, 33.05, 0.273, 98.36, 0.126, 88.88, 0.071
33019,352234, 49.38, 0.00, 0.780, 0.000, 0.000, 0.000,0,0,0, 49.38, 0.780, 35.29, 0.270, 99.17, 0.222, 31.41, 0.171
33020,352245, 33.05, 0.00, 0.663, 0.000, 0.000, 0.000,0,0,0, 33.05, 0.663, 32.52, 0.659, 49.58, 0.621, 100.00, 0.476
33021,352256, 33.05, 0.00, 0.752, 0.000, 0.000, 0.000,0,0,0, 33.05, 0.752, 100.00, 0.652, 50.00, 0.586, 36.58, 0.201
33022,352266, 100.00, 0.00, 0.684, 0.000, 0.000, 0.000,0,0,0, 100.00, 0.684, 32.96, 0.505, 31.00, 0.504, 49.58, 0.495
33023,352277, 98.36, 0.00, 0.688, 0.000, 0.000, 0.000,0,0,0, 98.36, 0.688, 43.16, 0.604, 49.38, 0.470, 32.78, 0.360
33024,352288, 33.05, 0.00, 0.766, 0.000, 0.000, 0.000,0,0,0, 33.05, 0.766, 99.17, 0.566, 49.58, 0.415, 0.00, 0.000
33025,352298, 99.17, 0.00, 0.692, 0.000, 0.000, 0.000,0,0,0, 99.17, 0.692, 35.39, 0.548, 36.80, 0.499, 33.33, 0.409
33026,352309, 33.24, 0.00, 0.639, 0.000, 0.000, 0.000,0,0,0, 33.24, 0.639, 100.00, 0.605, 50.63, 0.484, 0.00, 0.000
33027,352320, 31.08, 0.00, 0.723, 0.000, 0.000, 0.000,0,0,0, 31.08, 0.723, 100.84, 0.593, 49.79, 0.482, 43.79, 0.451
33028,352330, 30.22, 0.00, 0.759, 0.000, 0.000, 0.000,0,0,0, 30.22, 0.759, 99.17, 0.614, 44.44, 0.473, 49.58, 0.469
33029,352341, 98.36, 0.00, 0.657, 0.000, 0.000, 0.000,0,0,0, 98.36, 0.657, 49.58, 0.568, 32.78, 0.557, 0.00, 0.000
33030,352352, 97.56, 0.00, 0.775, 0.000, 0.000, 0.000,0,0,0, 97.56, 0.775, 47.61, 0.596, 31.91, 0.380, 36.47, 0.197
33031,352362, 98.36, 0.00, 0.674, 0.000, 0.000, 0.000,0,0,0, 98.36, 0.674, 33.33, 0.604, 49.18, 0.438, 36.25, 0.371
33032,352373, 99.17, 0.00, 0.545, 0.000, 0.000, 0.000,0,0,0, 99.17, 0.545, 35.50, 0.428, 49.79, 0.274, 52.63, 0.208
33033,352384, 98.36, 0.00, 0.569, 0.000, 0.000, 0.000,0,0,0, 98.36, 0.569, 33.14, 0.394, 49.38, 0.338, 47.05, 0.288
33034,352394, 99.17, 0.00, 0.618, 0.000, 0.000, 0.000,0,0,0, 99.17, 0.618, 92.30, 0.554, 49.18, 0.554, 46.33, 0.537
33035,352405, 98.36, 0.00, 0.672, 0.000, 0.000, 0.000,0,0,0, 98.36, 0.672, 49.38, 0.511, 47.43, 0.466, 30.69, 0.446
33036,352416, 99.17, 0.00, 0.801, 0.000, 0.000, 0.000,0,0,0, 99.17, 0.801, 49.58, 0.571, 33.05, 0.505, 32.17, 0.247
33037,352426, 99.17, 0.00, 0.765, 0.000, 0.000, 0.000,0,0,0, 99.17, 0.765, 33.14, 0.688, 49.79, 0.676, 34.18, 0.461
33038,352437, 99.17, 0.00, 0.786, 0.000, 0.000, 0.000,0,0,0, 99.17, 0.786, 49.79, 0.676, 33.24, 0.574, 34.18, 0.414
33039,352448, 99.17, 0.00, 0.786, 0.000, 0.000, 0.000,0,0,0, 99.17, 0.786, 49.58, 0.654, 33.14, 0.580, 41.95, 0.112
33040,352458, 32.87, 0.00, 0.831, 0.000, 0.000, 0.000,0,0,0, 32.87, 0.831, 99.17, 0.818, 49.38, 0.747, 0.00, 0.000
33041,352469, 98.36, 0.00, 0.848, 0.000, 0.000, 0.000,0,0,0, 98.36, 0.848, 49.18, 0.690, 32.96, 0.531, 31.74, 0.382
33042,352480, 33.05, 0.00, 0.861, 0.000, 0.000, 0.000,0,0,0, 33.05, 0.861, 99.17, 0.761, 49.58, 0.721, 70.17, 0.021
33043,352490, 99.17, 0.00, 0.782, 0.000, 0.000, 0.000,0,0,0, 99.17, 0.782, 33.14, 0.779, 49.79, 0.750, 34.58, 0.512
33044,352501, 99.17, 0.00, 0.759, 0.000, 0.000, 0.000,0,0,0, 99.17, 0.759, 49.58, 0.706, 33.14, 0.641, 0.00, 0.000
33045,352512, 98.36, 0.00, 0.879, 0.000, 0.000, 0.000,0,0,0, 98.36, 0.879, 32.87, 0.862, 49.18, 0.803, 47.05, 0.618
33046,352522, 98.36, 0.00, 0.888, 0.000, 0.000, 0.000,0,0,0, 98.36, 0.888, 49.18, 0.841, 32.69, 0.708, 31.66, 0.614
33047,352533, 99.17, 0.00, 0.875, 0.000, 0.000, 0.000,0,0,0, 99.17, 0.875, 49.38, 0.704, 32.96, 0.487, 37.97, 0.131
33048,352544, 99.17, 0.00, 0.846, 0.000, 0.000, 0.000,0,0,0, 99.17, 0.846, 49.79, 0.657, 33.14, 0.489, 38.09, 0.234
33049,352554, 99.17, 0.00, 0.766, 0.000, 0.000, 0.000,0,0,0, 99.17, 0.766, 49.79, 0.658, 33.14, 0.496, 31.74, 0.281
33050,352565, 99.17, 0.00, 0.855, 0.000, 0.000, 0.000,0,0,0, 99.17, 0.855, 49.79, 0.681, 33.14, 0.457, 63.82, 0.131
33051,352576, 33.05, 0.00, 0.808, 0.000, 0.000, 0.000,0,0,0, 33.05, 0.808, 99.17, 0.804, 49.58, 0.684, 38.58, 0.116
33052,352586, 99.17, 0.00, 0.874, 0.000, 0.000, 0.000,0,0,0, 99.17, 0.874, 49.58, 0.703, 32.96, 0.660, 38.33, 0.185
33053,352597, 99.17, 0.00, 0.867, 0.000, 0.000, 0.000,0,0,0, 99.17, 0.867, 49.38, 0.772, 32.96, 0.710, 38.21, 0.164
33054,352608, 99.17, 0.00, 0.916, 0.000, 0.000, 0.000,0,0,0, 99.17, 0.916, 33.05, 0.900, 49.58, 0.865, 69.76, 0.309
33055,352618, 99.17, 0.00, 0.896, 0.000, 0.000, 0.000,0,0,0, 99.17, 0.896, 49.79, 0.811, 33.24, 0.707, 41.23, 0.234
33056,352629, 99.17, 0.00, 0.901, 0.000, 0.000, 0.000,0,0,0, 99.17, 0.901, 33.05, 0.763, 49.58, 0.742, 0.00, 0.000
33057,352640, 33.14, 0.00, 0.893, 0.000, 0.000, 0.000,0,0,0, 33.14, 0.893, 98.36, 0.856, 49.18, 0.801, 0.00, 0.000
33058,352650, 98.36, 0.00, 0.901, 0.000, 0.000, 0.000,0,0,0, 98.36, 0.901, 49.38, 0.736, 32.96, 0.712, 0.00, 0.000
