12931,137962, 74.53, 0.00, 0.810, 0.000, 0.000018, 0.000006,0,0,0, 0.000030, 0.000009, 0.000017, 0.000008, 74.53, 0.810, 37.15, 0.639, 31.41, 0.401, 30.53, 0.271
12932,137973, 74.07, 0.00, 0.498, 0.000, 0.000021, 0.000028,0,0,0, 0.000030, 0.000011, 0.000026, 0.000009, 74.07, 0.498, 37.03, 0.308, 31.25, 0.228, 230.76, 0.100
12933,137984, 42.70, 0.00, 0.397, 0.000, 0.000018, 0.000020,0,0,0, 0.000000, 0.000000, 0.000008, 0.000003, 42.70, 0.397, 36.58, 0.364, 54.29, 0.186, 109.09, 0.092
12934,137994, 73.61, 0.00, 0.407, 0.000, 0.000020, 0.000016,0,0,0, 0.000030, 0.000018, 0.000026, 0.000014, 73.61, 0.407, 54.05, 0.007, 0.00, 0.000, 0.00, 0.000
12935,138005, 76.43, 0.00, 0.780, 0.000, 0.000021, 0.000012,0,0,0, 0.000030, 0.000018, 0.000025, 0.000013, 76.43, 0.780, 35.60, 0.609, 0.00, 0.000, 0.00, 0.000
12936,138016, 75.00, 0.00, 0.729, 0.000, 0.000020, 0.000008,0,0,0, 0.000030, 0.000020, 0.000022, 0.000014, 75.00, 0.729, 37.73, 0.650, 49.58, 0.000, 0.00, 0.000
12937,138026, 75.47, 0.00, 0.839, 0.000, 0.000020, 0.000005,0,0,0, 0.000030, 0.000018, 0.000021, 0.000013, 75.47, 0.839, 37.61, 0.724, 48.97, 0.078, 0.00, 0.000
12938,138037, 74.53, 0.00, 0.688, 0.000, 0.000019, 0.000007,0,0,0, 0.000030, 0.000020, 0.000022, 0.000012, 74.53, 0.688, 37.03, 0.574, 33.42, 0.429, 45.28, 0.091
12939,138048, 74.53, 0.00, 0.692, 0.000, 0.000019, 0.000008,0,0,0, 0.000030, 0.000024, 0.000022, 0.000013, 74.53, 0.692, 36.92, 0.487, 34.28, 0.302, 44.11, 0.141
12940,138058, 75.00, 0.00, 0.767, 0.000, 0.000019, 0.000005,0,0,0, 0.000030, 0.000021, 0.000021, 0.000013, 75.00, 0.767, 37.50, 0.586, 31.33, 0.193, 43.95, 0.143
12941,138069, 75.00, 0.00, 0.774, 0.000, 0.000018, 0.000004,0,0,0, 0.000030, 0.000024, 0.000018, 0.000013, 75.00, 0.774, 37.50, 0.714, 32.00, 0.153, 43.95, 0.073
12942,138080, 36.80, 0.00, 0.833, 0.000, 0.000019, 0.000012,0,0,0, 0.000030, 0.000022, 0.000023, 0.000014, 36.80, 0.833, 74.53, 0.726, 32.08, 0.273, 55.29, 0.166
12943,138090, 73.61, 0.00, 0.806, 0.000, 0.000020, 0.000011,0,0,0, 0.000030, 0.000022, 0.000023, 0.000013, 73.61, 0.806, 36.69, 0.754, 34.18, 0.160, 110.09, 0.159
12944,138101, 74.53, 0.00, 0.922, 0.000, 0.000020, 0.000009,0,0,0, 0.000030, 0.000024, 0.000022, 0.000013, 74.53, 0.922, 37.15, 0.793, 44.11, 0.352, 108.10, 0.228
12945,138112, 74.53, 0.00, 0.952, 0.000, 0.000020, 0.000011,0,0,0, 0.000030, 0.000024, 0.000022, 0.000012, 74.53, 0.952, 37.50, 0.883, 44.11, 0.171, 107.14, 0.130
12946,138122, 74.53, 0.00, 0.928, 0.000, 0.000019, 0.000007,0,0,0, 0.000030, 0.000023, 0.000021, 0.000013, 74.53, 0.928, 37.38, 0.874, 32.17, 0.076, 240.00, 0.073
12947,138133, 37.03, 0.00, 0.935, 0.000, 0.000020, 0.000011,0,0,0, 0.000030, 0.000021, 0.000023, 0.000013, 37.03, 0.935, 74.07, 0.887, 32.08, 0.356, 56.07, 0.253
12948,138144, 36.92, 0.00, 0.904, 0.000, 0.000020, 0.000010,0,0,0, 0.000030, 0.000023, 0.000023, 0.000013, 36.92, 0.904, 73.61, 0.898, 108.10, 0.226, 43.95, 0.214
12949,138154, 74.53, 0.00, 0.948, 0.000, 0.000020, 0.000009,0,0,0, 0.000030, 0.000023, 0.000022, 0.000013, 74.53, 0.948, 37.26, 0.865, 43.95, 0.272, 107.14, 0.195
12950,138165, 74.53, 0.00, 0.951, 0.000, 0.000019, 0.000006,0,0,0, 0.000030, 0.000025, 0.000020, 0.000012, 74.53, 0.951, 37.15, 0.887, 32.08, 0.262, 240.00, 0.155
12951,138176, 74.53, 0.00, 0.953, 0.000, 0.000019, 0.000008,0,0,0, 0.000030, 0.000021, 0.000022, 0.000014, 74.53, 0.953, 37.26, 0.912, 56.60, 0.124, 32.17, 0.115
12952,138186, 74.07, 0.00, 0.918, 0.000, 0.000019, 0.000009,0,0,0, 0.000030, 0.000020, 0.000023, 0.000013, 74.07, 0.918, 37.03, 0.903, 32.17, 0.319, 56.33, 0.230
12953,138197, 74.07, 0.00, 0.907, 0.000, 0.000020, 0.000009,0,0,0, 0.000030, 0.000023, 0.000022, 0.000013, 74.07, 0.907, 37.03, 0.882, 43.95, 0.258, 109.09, 0.222
12954,138208, 74.53, 0.00, 0.922, 0.000, 0.000020, 0.000010,0,0,0, 0.000030, 0.000023, 0.000022, 0.000013, 74.53, 0.922, 37.26, 0.892, 43.95, 0.181, 107.14, 0.137
12955,138218, 74.53, 0.00, 0.934, 0.000, 0.000019, 0.000007,0,0,0, 0.000030, 0.000025, 0.000019, 0.000012, 74.53, 0.934, 37.03, 0.897, 32.00, 0.248, 56.60, 0.129
12956,138229, 74.53, 0.00, 0.945, 0.000, 0.000019, 0.000008,0,0,0, 0.000030, 0.000020, 0.000022, 0.000014, 74.53, 0.945, 37.15, 0.907, 32.08, 0.146, 56.60, 0.137
12957,138240, 37.03, 0.00, 0.928, 0.000, 0.000019, 0.000010,0,0,0, 0.000030, 0.000020, 0.000023, 0.000012, 37.03, 0.928, 74.07, 0.909, 32.34, 0.169, 56.60, 0.154
12958,138250, 74.53, 0.00, 0.904, 0.000, 0.000019, 0.000009,0,0,0, 0.000030, 0.000024, 0.000022, 0.000014, 74.53, 0.904, 37.15, 0.876, 43.95, 0.268, 108.10, 0.180
12959,138261, 74.53, 0.00, 0.931, 0.000, 0.000020, 0.000009,0,0,0, 0.000030, 0.000023, 0.000022, 0.000013, 74.53, 0.931, 37.26, 0.892, 43.95, 0.115, 107.14, 0.094
12960,138272, 74.53, 0.00, 0.950, 0.000, 0.000019, 0.000006,0,0,0, 0.000030, 0.000024, 0.000019, 0.000012, 74.53, 0.950, 37.15, 0.922, 32.08, 0.191, 56.87, 0.083
12961,138282, 74.53, 0.00, 0.955, 0.000, 0.000019, 0.000008,0,0,0, 0.000030, 0.000020, 0.000022, 0.000014, 74.53, 0.955, 37.15, 0.929, 32.17, 0.160, 56.33, 0.152
12962,138293, 74.07, 0.00, 0.947, 0.000, 0.000019, 0.000009,0,0,0, 0.000030, 0.000020, 0.000022, 0.000012, 74.07, 0.947, 37.03, 0.932, 44.11, 0.140, 109.09, 0.126
12963,138304, 74.53, 0.00, 0.949, 0.000, 0.000019, 0.000009,0,0,0, 0.000030, 0.000024, 0.000022, 0.000014, 74.53, 0.949, 37.03, 0.911, 43.95, 0.273, 108.10, 0.182
12964,138314, 74.53, 0.00, 0.958, 0.000, 0.000020, 0.000009,0,0,0, 0.000030, 0.000023, 0.000022, 0.000013, 74.53, 0.958, 37.26, 0.921, 32.08, 0.144, 56.87, 0.081
12965,138325, 74.53, 0.00, 0.950, 0.000, 0.000019, 0.000006,0,0,0, 0.000030, 0.000023, 0.000019, 0.000013, 74.53, 0.950, 37.15, 0.928, 32.00, 0.114, 235.29, 0.045
12966,138336, 37.03, 0.00, 0.972, 0.000, 0.000019, 0.000008,0,0,0, 0.000030, 0.000019, 0.000022, 0.000014, 37.03, 0.972, 74.53, 0.936, 32.17, 0.180, 56.33, 0.169
12967,138346, 74.07, 0.00, 0.949, 0.000, 0.000019, 0.000009,0,0,0, 0.000030, 0.000021, 0.000022, 0.000013, 74.07, 0.949, 37.03, 0.935, 44.11, 0.146, 108.10, 0.146
12968,138357, 74.53, 0.00, 0.954, 0.000, 0.000019, 0.000008,0,0,0, 0.000030, 0.000023, 0.000022, 0.000013, 74.53, 0.954, 37.15, 0.892, 43.95, 0.188, 108.10, 0.128
12969,138368, 74.53, 0.00, 0.957, 0.000, 0.000020, 0.000007,0,0,0, 0.000030, 0.000023, 0.000022, 0.000012, 74.53, 0.957, 37.26, 0.908, 32.08, 0.066, 56.87, 0.040
12970,138378, 37.15, 0.00, 0.854, 0.000, 0.000019, 0.000005,0,0,0, 0.000030, 0.000020, 0.000020, 0.000014, 37.15, 0.854, 74.53, 0.844, 31.91, 0.082, 43.63, 0.052
12971,138389, 75.00, 0.00, 0.756, 0.000, 0.000019, 0.000007,0,0,0, 0.000030, 0.000017, 0.000022, 0.000013, 75.00, 0.756, 37.38, 0.522, 44.28, 0.255, 56.07, 0.049
12972,138400, 37.26, 0.00, 0.705, 0.000, 0.000019, 0.000008,0,0,0, 0.000030, 0.000019, 0.000022, 0.000012, 37.26, 0.705, 74.53, 0.461, 44.77, 0.150, 112.14, 0.028
12973,138410, 75.00, 0.00, 0.551, 0.000, 0.000019, 0.000005,0,0,0, 0.000030, 0.000024, 0.000021, 0.000014, 75.00, 0.551, 33.80, 0.457, 36.58, 0.352, 60.30, 0.158
12974,138421, 81.08, 0.00, 0.536, 0.000, 0.000019, 0.000006,0,0,0, 0.000030, 0.000022, 0.000021, 0.000013, 81.08, 0.536, 40.26, 0.415, 34.28, 0.205, 30.22, 0.048
12975,138432, 41.66, 0.00, 0.559, 0.000, 0.000018, 0.000004,0,0,0, 0.000030, 0.000020, 0.000019, 0.000013, 41.66, 0.559, 43.32, 0.553, 93.02, 0.544, 31.08, 0.258
12976,138442, 96.77, 0.00, 0.644, 0.000, 0.000018, 0.000003,0,0,0, 0.000030, 0.000017, 0.000019, 0.000012, 96.77, 0.644, 32.87, 0.520, 30.30, 0.518, 48.78, 0.467
12977,138453, 32.52, 0.00, 0.727, 0.000, 0.000019, 0.000012,0,0,0, 0.000030, 0.000022, 0.000023, 0.000014, 32.52, 0.727, 97.56, 0.668, 48.38, 0.580, 43.16, 0.053
12978,138464, 96.77, 0.00, 0.733, 0.000, 0.000019, 0.000008,0,0,0, 0.000030, 0.000024, 0.000021, 0.000013, 96.77, 0.733, 47.43, 0.583, 32.00, 0.574, 42.70, 0.545
12979,138474, 96.77, 0.00, 0.683, 0.000, 0.000020, 0.000019,0,0,0, 0.000030, 0.000027, 0.000025, 0.000011, 96.77, 0.683, 47.61, 0.559, 42.55, 0.554, 32.60, 0.389
12980,138485, 98.36, 0.00, 0.585, 0.000, 0.000019, 0.000013,0,0,0, 0.000030, 0.000015, 0.000018, 0.000012, 98.36, 0.585, 49.79, 0.420, 42.70, 0.369, 30.53, 0.322
12981,138496, 30.37, 0.00, 0.616, 0.000, 0.000019, 0.000009,0,0,0, 0.000030, 0.000025, 0.000023, 0.000013, 30.37, 0.616, 32.87, 0.366, 44.11, 0.322, 98.36, 0.313
12982,138506, 42.25, 0.00, 0.543, 0.000, 0.000019, 0.000006,0,0,0, 0.000030, 0.000022, 0.000021, 0.000013, 42.25, 0.543, 33.14, 0.517, 36.92, 0.454, 49.18, 0.369
12983,138517, 48.58, 0.00, 0.528, 0.000, 0.000019, 0.000009,0,0,0, 0.000030, 0.000023, 0.000022, 0.000013, 48.58, 0.528, 32.17, 0.513, 98.36, 0.396, 42.55, 0.343
12984,138528, 97.56, 0.00, 0.591, 0.000, 0.000019, 0.000007,0,0,0, 0.000030, 0.000024, 0.000021, 0.000013, 97.56, 0.591, 32.34, 0.547, 48.58, 0.466, 42.55, 0.424
12985,138538, 99.17, 0.00, 0.594, 0.000, 0.000019, 0.000007,0,0,0, 0.000030, 0.000019, 0.000021, 0.000012, 99.17, 0.594, 49.58, 0.543, 32.52, 0.481, 30.22, 0.216
12986,138549, 49.38, 0.00, 0.557, 0.000, 0.000020, 0.000010,0,0,0, 0.000030, 0.000025, 0.000023, 0.000013, 49.38, 0.557, 30.07, 0.551, 97.56, 0.425, 32.00, 0.307
12987,138560, 43.01, 0.00, 0.625, 0.000, 0.000019, 0.000007,0,0,0, 0.000030, 0.000017, 0.000018, 0.000013, 43.01, 0.625, 30.53, 0.459, 48.78, 0.370, 33.14, 0.324
12988,138570, 43.16, 0.00, 0.600, 0.000, 0.000020, 0.000015,0,0,0, 0.000030, 0.000026, 0.000024, 0.000013, 43.16, 0.600, 49.18, 0.524, 74.53, 0.288, 333.33, 0.180
12989,138581, 48.78, 0.00, 0.575, 0.000, 0.000020, 0.000010,0,0,0, 0.000030, 0.000022, 0.000022, 0.000013, 48.78, 0.575, 42.70, 0.569, 32.96, 0.528, 96.77, 0.374
12990,138592, 32.52, 0.00, 0.646, 0.000, 0.000019, 0.000007,0,0,0, 0.000030, 0.000020, 0.000020, 0.000013, 32.52, 0.646, 96.00, 0.453, 48.38, 0.372, 43.01, 0.211
12991,138602, 32.78, 0.00, 0.773, 0.000, 0.000019, 0.000005,0,0,0, 0.000030, 0.000023, 0.000021, 0.000013, 32.78, 0.773, 49.18, 0.528, 96.00, 0.513, 0.00, 0.000
12992,138613, 38.21, 0.00, 0.395, 0.000, 0.000020, 0.000015,0,0,0, 0.000030, 0.000021, 0.000024, 0.000012, 38.21, 0.395, 96.77, 0.216, 49.79, 0.207, 60.60, 0.191
12993,138624, 30.84, 0.00, 0.780, 0.000, 0.000021, 0.000015,0,0,0, 0.000030, 0.000021, 0.000025, 0.000012, 30.84, 0.780, 62.50, 0.360, 54.79, 0.278, 38.83, 0.005
12994,138634, 30.07, 0.00, 0.668, 0.000, 0.000020, 0.000010,0,0,0, 0.000030, 0.000019, 0.000021, 0.000013, 30.07, 0.668, 57.69, 0.536, 33.05, 0.261, 0.00, 0.000
12995,138645, 36.03, 0.00, 0.703, 0.000, 0.000020, 0.000007,0,0,0, 0.000030, 0.000024, 0.000022, 0.000014, 36.03, 0.703, 75.94, 0.213, 94.48, 0.179, 0.00, 0.000
12996,138656, 31.25, 0.00, 0.661, 0.000, 0.000019, 0.000005,0,0,0, 0.000030, 0.000021, 0.000021, 0.000013, 31.25, 0.661, 94.48, 0.655, 47.05, 0.529, 43.32, 0.509
12997,138666, 32.78, 0.00, 0.631, 0.000, 0.000019, 0.000003,0,0,0, 0.000030, 0.000022, 0.000018, 0.000013, 32.78, 0.631, 95.23, 0.533, 47.80, 0.497, 43.95, 0.006
12998,138677, 101.69, 0.00, 0.504, 0.000, 0.000018, 0.000005,0,0,0, 0.000030, 0.000024, 0.000020, 0.000012, 101.69, 0.504, 96.00, 0.475, 34.78, 0.312, 49.38, 0.265
12999,138688, 30.37, 0.00, 0.682, 0.000, 0.000018, 0.000006,0,0,0, 0.000030, 0.000020, 0.000020, 0.000013, 30.37, 0.682, 42.85, 0.630, 100.00, 0.357, 96.77, 0.355
13000,138698, 42.70, 0.00, 0.669, 0.000, 0.000019, 0.000010,0,0,0, 0.000030, 0.000021, 0.000022, 0.000013, 42.70, 0.669, 97.56, 0.462, 59.70, 0.217, 142.85, 0.208
13001,138709, 32.96, 0.00, 0.563, 0.000, 0.000018, 0.000007,0,0,0, 0.000030, 0.000023, 0.000020, 0.000013, 32.96, 0.563, 96.77, 0.525, 49.38, 0.521, 76.92, 0.201
13002,138720, 32.69, 0.00, 0.859, 0.000, 0.000018, 0.000006,0,0,0, 0.000030, 0.000020, 0.000020, 0.000013, 32.69, 0.859, 49.79, 0.760, 97.56, 0.620, 77.41, 0.079
13003,138730, 32.87, 0.00, 0.848, 0.000, 0.000018, 0.000004,0,0,0, 0.000030, 0.000022, 0.000020, 0.000014, 32.87, 0.848, 96.77, 0.658, 49.58, 0.565, 31.25, 0.335
13004,138741, 99.17, 0.00, 0.424, 0.000, 0.000018, 0.000003,0,0,0, 0.000030, 0.000020, 0.000019, 0.000013, 99.17, 0.424, 50.20, 0.227, 42.55, 0.217, 33.42, 0.198
13005,138752, 30.61, 0.00, 0.649, 0.000, 0.000019, 0.000014,0,0,0, 0.000030, 0.000022, 0.000023, 0.000013, 30.61, 0.649, 42.85, 0.589, 100.84, 0.307, 60.60, 0.250
13006,138762, 30.15, 0.00, 0.583, 0.000, 0.000018, 0.000010,0,0,0, 0.000030, 0.000021, 0.000020, 0.000014, 30.15, 0.583, 42.40, 0.564, 100.00, 0.274, 59.70, 0.213
13007,138773, 97.56, 0.00, 0.592, 0.000, 0.000018, 0.000007,0,0,0, 0.000030, 0.000021, 0.000020, 0.000013, 97.56, 0.592, 50.00, 0.575, 33.14, 0.489, 37.03, 0.358
13008,138784, 32.96, 0.00, 0.676, 0.000, 0.000019, 0.000006,0,0,0, 0.000030, 0.000020, 0.000021, 0.000013, 32.96, 0.676, 96.00, 0.654, 31.33, 0.545, 47.61, 0.530
13009,138794, 33.24, 0.00, 0.863, 0.000, 0.000018, 0.000004,0,0,0, 0.000030, 0.000023, 0.000020, 0.000013, 33.24, 0.863, 97.56, 0.651, 50.00, 0.494, 43.32, 0.205
13010,138805, 32.96, 0.00, 0.699, 0.000, 0.000018, 0.000003,0,0,0, 0.000030, 0.000018, 0.000019, 0.000012, 32.96, 0.699, 96.77, 0.500, 50.20, 0.455, 30.92, 0.206
13011,138816, 30.53, 0.00, 0.647, 0.000, 0.000019, 0.000010,0,0,0, 0.000030, 0.000022, 0.000022, 0.000013, 30.53, 0.647, 42.85, 0.523, 97.56, 0.475, 76.92, 0.238
13012,138826, 30.07, 0.00, 0.771, 0.000, 0.000018, 0.000007,0,0,0, 0.000030, 0.000019, 0.000020, 0.000013, 30.07, 0.771, 42.70, 0.722, 97.56, 0.583, 76.43, 0.231
13013,138837, 95.23, 0.00, 0.594, 0.000, 0.000019, 0.000008,0,0,0, 0.000030, 0.000023, 0.000022, 0.000013, 95.23, 0.594, 48.38, 0.577, 44.60, 0.503, 31.25, 0.479
13014,138848, 94.48, 0.00, 0.742, 0.000, 0.000018, 0.000006,0,0,0, 0.000030, 0.000022, 0.000019, 0.000013, 94.48, 0.742, 46.69, 0.606, 31.83, 0.576, 30.76, 0.527
13015,138858, 31.57, 0.00, 0.816, 0.000, 0.000018, 0.000004,0,0,0, 0.000030, 0.000018, 0.000019, 0.000012, 31.57, 0.816, 93.02, 0.706, 46.87, 0.519, 0.00, 0.000
13016,138869, 30.45, 0.00, 0.772, 0.000, 0.000020, 0.000013,0,0,0, 0.000030, 0.000026, 0.000023, 0.000013, 30.45, 0.772, 92.30, 0.566, 46.51, 0.471, 0.00, 0.000
13017,138880, 44.44, 0.00, 0.747, 0.000, 0.000019, 0.000009,0,0,0, 0.000030, 0.000018, 0.000021, 0.000013, 44.44, 0.747, 90.22, 0.397, 0.00, 0.000, 0.00, 0.000
13018,138890, 31.08, 0.00, 0.649, 0.000, 0.000019, 0.000006,0,0,0, 0.000030, 0.000021, 0.000021, 0.000013, 31.08, 0.649, 44.77, 0.467, 90.90, 0.412, 55.81, 0.102
13019,138901, 50.20, 0.00, 0.680, 0.000, 0.000018, 0.000004,0,0,0, 0.000030, 0.000017, 0.000020, 0.000012, 50.20, 0.680, 97.56, 0.500, 32.43, 0.416, 0.00, 0.000
13020,138912, 96.00, 0.00, 0.493, 0.000, 0.000019, 0.000013,0,0,0, 0.000030, 0.000024, 0.000024, 0.000013, 96.00, 0.493, 48.58, 0.492, 31.91, 0.451, 41.66, 0.097
13021,138922, 30.45, 0.00, 0.780, 0.000, 0.000019, 0.000009,0,0,0, 0.000030, 0.000019, 0.000020, 0.000013, 30.45, 0.780, 42.55, 0.757, 90.22, 0.445, 0.00, 0.000
13022,138933, 30.53, 0.00, 0.597, 0.000, 0.000019, 0.000006,0,0,0, 0.000030, 0.000022, 0.000021, 0.000014, 30.53, 0.597, 44.28, 0.587, 88.23, 0.559, 0.00, 0.000
13023,138944, 31.25, 0.00, 0.811, 0.000, 0.000019, 0.000009,0,0,0, 0.000030, 0.000023, 0.000022, 0.000013, 31.25, 0.811, 90.22, 0.720, 47.43, 0.720, 0.00, 0.000
13024,138954, 32.52, 0.00, 0.825, 0.000, 0.000018, 0.000006,0,0,0, 0.000030, 0.000016, 0.000018, 0.000012, 32.52, 0.825, 93.02, 0.693, 47.80, 0.577, 0.00, 0.000
13025,138965, 32.60, 0.00, 0.727, 0.000, 0.000018, 0.000005,0,0,0, 0.000030, 0.000024, 0.000021, 0.000014, 32.60, 0.727, 93.02, 0.610, 52.17, 0.552, 0.00, 0.000
13026,138976, 53.33, 0.00, 0.438, 0.000, 0.000017, 0.000003,0,0,0, 0.000030, 0.000005, 0.000014, 0.000007, 53.33, 0.438, 110.09, 0.265, 99.17, 0.246, 34.98, 0.169
13027,138986, 43.63, 0.00, 0.637, 0.000, 0.000020, 0.000019,0,0,0, 0.000030, 0.000022, 0.000025, 0.000015, 43.63, 0.637, 31.25, 0.475, 55.81, 0.196, 109.09, 0.054
13028,138997, 30.30, 0.00, 0.786, 0.000, 0.000019, 0.000013,0,0,0, 0.000030, 0.000020, 0.000020, 0.000013, 30.30, 0.786, 41.66, 0.462, 100.84, 0.187, 103.44, 0.186
13029,139008, 95.23, 0.00, 0.557, 0.000, 0.000019, 0.000009,0,0,0, 0.000030, 0.000018, 0.000022, 0.000013, 95.23, 0.557, 49.38, 0.449, 32.34, 0.145, 0.00, 0.000
13030,139018, 31.57, 0.00, 0.944, 0.000, 0.000019, 0.000007,0,0,0, 0.000030, 0.000021, 0.000022, 0.000014, 31.57, 0.944, 94.48, 0.825, 46.69, 0.807, 0.00, 0.000
13031,139029, 48.00, 0.00, 0.611, 0.000, 0.000019, 0.000005,0,0,0, 0.000030, 0.000024, 0.000021, 0.000013, 48.00, 0.611, 96.00, 0.570, 33.05, 0.326, 0.00, 0.000
13032,139040, 31.66, 0.00, 0.447, 0.000, 0.000020, 0.000019,0,0,0, 0.000030, 0.000025, 0.000025, 0.000011, 31.66, 0.447, 49.18, 0.432, 100.84, 0.248, 96.00, 0.240
13033,139050, 43.63, 0.00, 0.532, 0.000, 0.000021, 0.000020,0,0,0, 0.000030, 0.000010, 0.000025, 0.000010, 43.63, 0.532, 51.50, 0.050, 65.93, 0.048, 117.64, 0.036
13034,139061, 33.42, 0.00, 0.499, 0.000, 0.000021, 0.000014,0,0,0, 0.000030, 0.000018, 0.000023, 0.000013, 33.42, 0.499, 31.66, 0.311, 41.66, 0.235, 62.50, 0.176
13035,139072, 35.71, 0.00, 0.351, 0.000, 0.000020, 0.000009,0,0,0, 0.000030, 0.000024, 0.000020, 0.000014, 35.71, 0.351, 33.42, 0.341, 96.00, 0.245, 51.72, 0.103
13036,139082, 97.56, 0.00, 0.517, 0.000, 0.000019, 0.000006,0,0,0, 0.000030, 0.000022, 0.000021, 0.000013, 97.56, 0.517, 47.80, 0.436, 32.60, 0.360, 74.53, 0.029
13037,139093, 49.58, 0.00, 0.781, 0.000, 0.000020, 0.000012,0,0,0, 0.000030, 0.000026, 0.000023, 0.000012, 49.58, 0.781, 99.17, 0.638, 32.96, 0.500, 0.00, 0.000
13038,139104, 100.00, 0.00, 0.590, 0.000, 0.000019, 0.000008,0,0,0, 0.000030, 0.000018, 0.000020, 0.000014, 100.00, 0.590, 49.79, 0.590, 33.24, 0.499, 34.88, 0.317
13039,139114, 99.17, 0.00, 0.569, 0.000, 0.000018, 0.000006,0,0,0, 0.000030, 0.000022, 0.000019, 0.000013, 99.17, 0.569, 33.61, 0.471, 34.98, 0.438, 49.58, 0.369
13040,139125, 32.96, 0.00, 0.878, 0.000, 0.000020, 0.000014,0,0,0, 0.000030, 0.000025, 0.000024, 0.000012, 32.96, 0.878, 100.00, 0.543, 49.38, 0.398, 66.29, 0.337
13041,139136, 32.87, 0.00, 0.896, 0.000, 0.000019, 0.000009,0,0,0, 0.000030, 0.000018, 0.000019, 0.000014, 32.87, 0.896, 100.00, 0.632, 49.38, 0.466, 39.21, 0.278
13042,139146, 100.00, 0.00, 0.685, 0.000, 0.000018, 0.000006,0,0,0, 0.000030, 0.000019, 0.000020, 0.000013, 100.00, 0.685, 49.79, 0.658, 33.14, 0.621, 38.83, 0.376
13043,139157, 99.17, 0.00, 0.707, 0.000, 0.000019, 0.000007,0,0,0, 0.000030, 0.000023, 0.000021, 0.000012, 99.17, 0.707, 49.79, 0.600, 33.05, 0.390, 37.38, 0.015
13044,139168, 32.96, 0.00, 0.774, 0.000, 0.000018, 0.000005,0,0,0, 0.000030, 0.000018, 0.000019, 0.000013, 32.96, 0.774, 49.58, 0.723, 99.17, 0.703, 0.00, 0.000
13045,139178, 33.14, 0.00, 0.800, 0.000, 0.000019, 0.000011,0,0,0, 0.000030, 0.000018, 0.000022, 0.000013, 33.14, 0.800, 49.79, 0.722, 100.00, 0.650, 0.00, 0.000
13046,139189, 100.00, 0.00, 0.763, 0.000, 0.000019, 0.000008,0,0,0, 0.000030, 0.000019, 0.000022, 0.000013, 100.00, 0.763, 49.79, 0.658, 33.24, 0.593, 36.92, 0.196
13047,139200, 99.17, 0.00, 0.772, 0.000, 0.000018, 0.000005,0,0,0, 0.000030, 0.000022, 0.000020, 0.000013, 99.17, 0.772, 49.79, 0.718, 32.96, 0.606, 0.00, 0.000
13048,139210, 99.17, 0.00, 0.770, 0.000, 0.000019, 0.000016,0,0,0, 0.000030, 0.000025, 0.000023, 0.000012, 99.17, 0.770, 49.58, 0.623, 33.05, 0.551, 41.23, 0.336
13049,139221, 49.58, 0.00, 0.703, 0.000, 0.000019, 0.000011,0,0,0, 0.000030, 0.000021, 0.000020, 0.000012, 49.58, 0.703, 99.17, 0.670, 32.96, 0.636, 40.95, 0.129
13050,139232, 49.58, 0.00, 0.909, 0.000, 0.000020, 0.000014,0,0,0, 0.000030, 0.000026, 0.000023, 0.000013, 49.58, 0.909, 33.05, 0.819, 99.17, 0.675, 0.00, 0.000
13051,139242, 49.58, 0.00, 0.871, 0.000, 0.000020, 0.000011,0,0,0, 0.000030, 0.000025, 0.000023, 0.000012, 49.58, 0.871, 33.14, 0.866, 99.17, 0.696, 0.00, 0.000
13052,139253, 49.58, 0.00, 0.853, 0.000, 0.000020, 0.000008,0,0,0, 0.000030, 0.000025, 0.000022, 0.000012, 49.58, 0.853, 99.17, 0.807, 33.05, 0.735, 30.69, 0.374
13053,139264, 99.17, 0.00, 0.853, 0.000, 0.000019, 0.000006,0,0,0, 0.000030, 0.000023, 0.000019, 0.000013, 99.17, 0.853, 49.58, 0.826, 33.14, 0.749, 0.00, 0.000
13054,139274, 99.17, 0.00, 0.885, 0.000, 0.000019, 0.000006,0,0,0, 0.000030, 0.000023, 0.000021, 0.000013, 99.17, 0.885, 49.58, 0.710, 33.05, 0.640, 64.51, 0.101
13055,139285, 99.17, 0.00, 0.896, 0.000, 0.000019, 0.000005,0,0,0, 0.000030, 0.000023, 0.000020, 0.000013, 99.17, 0.896, 49.58, 0.848, 33.05, 0.719, 184.61, 0.384
13056,139296, 49.58, 0.00, 0.977, 0.000, 0.000019, 0.000007,0,0,0, 0.000030, 0.000023, 0.000021, 0.000013, 49.58, 0.977, 99.17, 0.969, 33.05, 0.957, 64.51, 0.533
13057,139306, 49.58, 0.00, 0.972, 0.000, 0.000018, 0.000005,0,0,0, 0.000030, 0.000023, 0.000021, 0.000013, 49.58, 0.972, 99.17, 0.970, 32.96, 0.953, 38.96, 0.648
13058,139317, 99.17, 0.00, 0.908, 0.000, 0.000018, 0.000004,0,0,0, 0.000030, 0.000024, 0.000018, 0.000012, 99.17, 0.908, 49.58, 0.904, 33.05, 0.872, 64.17, 0.563
13059,139328, 99.17, 0.00, 0.810, 0.000, 0.000018, 0.000004,0,0,0, 0.000030, 0.000020, 0.000019, 0.000013, 99.17, 0.810, 49.79, 0.802, 33.14, 0.711, 38.96, 0.498
13060,139338, 49.79, 0.00, 0.831, 0.000, 0.000018, 0.000008,0,0,0, 0.000030, 0.000022, 0.000021, 0.000013, 49.79, 0.831, 99.17, 0.712, 33.14, 0.556, 39.08, 0.438
13061,139349, 33.14, 0.00, 0.846, 0.000, 0.000017, 0.000006,0,0,0, 0.000030, 0.000022, 0.000018, 0.000013, 33.14, 0.846, 49.79, 0.776, 99.17, 0.764, 39.73, 0.296
13062,139360, 49.79, 0.00, 0.862, 0.000, 0.000017, 0.000005,0,0,0, 0.000030, 0.000022, 0.000019, 0.000013, 49.79, 0.862, 99.17, 0.853, 33.14, 0.767, 40.81, 0.382
13063,139370, 99.17, 0.00, 0.960, 0.000, 0.000018, 0.000007,0,0,0, 0.000030, 0.000023, 0.000019, 0.000013, 99.17, 0.960, 49.79, 0.934, 33.14, 0.910, 40.54, 0.399
13064,139381, 99.17, 0.00, 0.968, 0.000, 0.000018, 0.000005,0,0,0, 0.000030, 0.000022, 0.000019, 0.000013, 99.17, 0.968, 49.58, 0.946, 33.14, 0.941, 40.26, 0.353
13065,139392, 99.17, 0.00, 0.939, 0.000, 0.000019, 0.000012,0,0,0, 0.000030, 0.000024, 0.000022, 0.000013, 99.17, 0.939, 49.79, 0.936, 33.05, 0.920, 67.79, 0.269
13066,139402, 49.79, 0.00, 0.944, 0.000, 0.000019, 0.000009,0,0,0, 0.000030, 0.000024, 0.000020, 0.000012, 49.79, 0.944, 33.14, 0.935, 99.17, 0.920, 40.54, 0.241
13067,139413, 49.58, 0.00, 0.913, 0.000, 0.000020, 0.000016,0,0,0, 0.000030, 0.000026, 0.000024, 0.000012, 49.58, 0.913, 99.17, 0.877, 33.05, 0.786, 69.36, 0.073
13068,139424, 33.14, 0.00, 0.987, 0.000, 0.000020, 0.000011,0,0,0, 0.000030, 0.000024, 0.000022, 0.000013, 33.14, 0.987, 49.79, 0.894, 99.17, 0.860, 40.81, 0.154
13069,139434, 33.14, 0.00, 0.925, 0.000, 0.000019, 0.000008,0,0,0, 0.000030, 0.000024, 0.000022, 0.000013, 33.14, 0.925, 99.17, 0.885, 49.58, 0.875, 67.03, 0.105
13070,139445, 99.17, 0.00, 0.932, 0.000, 0.000019, 0.000005,0,0,0, 0.000030, 0.000024, 0.000021, 0.000013, 99.17, 0.932, 49.58, 0.898, 33.14, 0.793, 187.50, 0.226
13071,139456, 99.17, 0.00, 0.983, 0.000, 0.000019, 0.000005,0,0,0, 0.000030, 0.000023, 0.000021, 0.000013, 99.17, 0.983, 49.58, 0.959, 33.14, 0.931, 64.51, 0.396
13072,139466, 99.17, 0.00, 0.977, 0.000, 0.000019, 0.000005,0,0,0, 0.000030, 0.000023, 0.000020, 0.000013, 99.17, 0.977, 49.58, 0.964, 33.05, 0.934, 39.08, 0.494
13073,139477, 99.17, 0.00, 0.983, 0.000, 0.000018, 0.000006,0,0,0, 0.000030, 0.000024, 0.000021, 0.000013, 99.17, 0.983, 33.05, 0.979, 49.58, 0.971, 64.51, 0.547
13074,139488, 49.58, 0.00, 0.984, 0.000, 0.000019, 0.000007,0,0,0, 0.000030, 0.000024, 0.000021, 0.000013, 49.58, 0.984, 33.05, 0.984, 99.17, 0.979, 39.08, 0.590
13075,139498, 49.58, 0.00, 0.974, 0.000, 0.000018, 0.000005,0,0,0, 0.000030, 0.000024, 0.000020, 0.000013, 49.58, 0.974, 99.17, 0.967, 33.14, 0.962, 39.21, 0.563
13076,139509, 49.58, 0.00, 0.957, 0.000, 0.000018, 0.000007,0,0,0, 0.000030, 0.000023, 0.000021, 0.000013, 49.58, 0.957, 33.14, 0.938, 99.17, 0.938, 39.21, 0.550
13077,139520, 33.14, 0.00, 0.955, 0.000, 0.000018, 0.000004,0,0,0, 0.000030, 0.000023, 0.000020, 0.000013, 33.14, 0.955, 99.17, 0.947, 49.79, 0.943, 39.34, 0.649
13078,139530, 99.17, 0.00, 0.955, 0.000, 0.000018, 0.000004,0,0,0, 0.000030, 0.000023, 0.000020, 0.000013, 99.17, 0.955, 49.79, 0.945, 33.14, 0.945, 65.93, 0.605
13079,139541, 99.17, 0.00, 0.983, 0.000, 0.000018, 0.000007,0,0,0, 0.000030, 0.000022, 0.000020, 0.000014, 99.17, 0.983, 49.79, 0.982, 33.14, 0.980, 67.79, 0.613
13080,139552, 33.05, 0.00, 0.986, 0.000, 0.000018, 0.000006,0,0,0, 0.000030, 0.000022, 0.000020, 0.000014, 33.05, 0.986, 99.17, 0.983, 49.58, 0.982, 40.40, 0.635
13081,139562, 49.58, 0.00, 0.977, 0.000, 0.000019, 0.000009,0,0,0, 0.000030, 0.000023, 0.000021, 0.000013, 49.58, 0.977, 99.17, 0.974, 33.05, 0.968, 67.41, 0.539
13082,139573, 99.17, 0.00, 0.971, 0.000, 0.000019, 0.000010,0,0,0, 0.000030, 0.000023, 0.000022, 0.000013, 99.17, 0.971, 33.05, 0.946, 49.58, 0.943, 67.03, 0.445
13083,139584, 99.17, 0.00, 0.972, 0.000, 0.000019, 0.000008,0,0,0, 0.000030, 0.000024, 0.000021, 0.000013, 99.17, 0.972, 49.58, 0.956, 33.14, 0.950, 40.40, 0.428
13084,139594, 99.17, 0.00, 0.949, 0.000, 0.000020, 0.000014,0,0,0, 0.000030, 0.000025, 0.000023, 0.000012, 99.17, 0.949, 49.58, 0.949, 33.05, 0.880, 68.96, 0.264
13085,139605, 33.14, 0.00, 0.960, 0.000, 0.000019, 0.000010,0,0,0, 0.000030, 0.000024, 0.000021, 0.000013, 33.14, 0.960, 49.79, 0.936, 99.17, 0.891, 40.54, 0.332
13086,139616, 33.14, 0.00, 0.988, 0.000, 0.000019, 0.000007,0,0,0, 0.000030, 0.000024, 0.000021, 0.000013, 33.14, 0.988, 49.58, 0.907, 99.17, 0.891, 66.66, 0.309
13087,139626, 99.17, 0.00, 0.928, 0.000, 0.000019, 0.000005,0,0,0, 0.000030, 0.000023, 0.000020, 0.000013, 99.17, 0.928, 49.58, 0.919, 33.05, 0.808, 190.47, 0.375
13088,139637, 99.17, 0.00, 0.986, 0.000, 0.000018, 0.000004,0,0,0, 0.000030, 0.000022, 0.000020, 0.000014, 99.17, 0.986, 49.58, 0.977, 33.05, 0.968, 39.21, 0.526
13089,139648, 99.17, 0.00, 0.986, 0.000, 0.000018, 0.000005,0,0,0, 0.000030, 0.000022, 0.000020, 0.000014, 99.17, 0.986, 49.58, 0.976, 33.05, 0.961, 39.21, 0.574
13090,139658, 99.17, 0.00, 0.989, 0.000, 0.000018, 0.000005,0,0,0, 0.000030, 0.000023, 0.000020, 0.000013, 99.17, 0.989, 49.58, 0.987, 33.05, 0.985, 39.08, 0.612
13091,139669, 49.58, 0.00, 0.988, 0.000, 0.000018, 0.000006,0,0,0, 0.000030, 0.000023, 0.000020, 0.000013, 49.58, 0.988, 33.05, 0.987, 99.17, 0.984, 39.21, 0.632
13092,139680, 49.58, 0.00, 0.987, 0.000, 0.000018, 0.000004,0,0,0, 0.000030, 0.000024, 0.000019, 0.000013, 49.58, 0.987, 99.17, 0.977, 33.14, 0.974, 39.34, 0.631
13093,139690, 49.58, 0.00, 0.986, 0.000, 0.000018, 0.000006,0,0,0, 0.000030, 0.000023, 0.000020, 0.000013, 49.58, 0.986, 33.14, 0.985, 99.17, 0.971, 65.21, 0.611
13094,139701, 49.79, 0.00, 0.992, 0.000, 0.000018, 0.000004,0,0,0, 0.000030, 0.000023, 0.000020, 0.000013, 49.79, 0.992, 33.14, 0.989, 99.17, 0.981, 39.34, 0.650
13095,139712, 33.14, 0.00, 0.992, 0.000, 0.000018, 0.000004,0,0,0, 0.000030, 0.000023, 0.000020, 0.000013, 33.14, 0.992, 99.17, 0.988, 49.79, 0.985, 66.29, 0.588
13096,139722, 33.14, 0.00, 0.996, 0.000, 0.000018, 0.000006,0,0,0, 0.000030, 0.000022, 0.000020, 0.000014, 33.14, 0.996, 99.17, 0.992, 49.58, 0.989, 40.26, 0.616
13097,139733, 49.58, 0.00, 0.993, 0.000, 0.000018, 0.000008,0,0,0, 0.000030, 0.000022, 0.000020, 0.000014, 49.58, 0.993, 99.17, 0.988, 33.05, 0.986, 40.40, 0.607
13098,139744, 49.58, 0.00, 0.985, 0.000, 0.000018, 0.000006,0,0,0, 0.000030, 0.000022, 0.000020, 0.000013, 49.58, 0.985, 99.17, 0.985, 33.14, 0.981, 67.03, 0.537
13099,139754, 99.17, 0.00, 0.977, 0.000, 0.000019, 0.000009,0,0,0, 0.000030, 0.000023, 0.000021, 0.000013, 99.17, 0.977, 49.58, 0.971, 33.05, 0.940, 67.03, 0.458
13100,139765, 33.05, 0.00, 0.993, 0.000, 0.000018, 0.000006,0,0,0, 0.000030, 0.000023, 0.000020, 0.000013, 33.05, 0.993, 49.58, 0.979, 99.17, 0.971, 40.26, 0.482
13101,139776, 49.58, 0.00, 0.996, 0.000, 0.000019, 0.000008,0,0,0, 0.000030, 0.000024, 0.000021, 0.000013, 49.58, 0.996, 33.05, 0.968, 99.17, 0.963, 40.67, 0.427
13102,139786, 49.58, 0.00, 0.988, 0.000, 0.000018, 0.000006,0,0,0, 0.000030, 0.000023, 0.000020, 0.000013, 49.58, 0.988, 33.14, 0.971, 99.17, 0.965, 40.54, 0.423
13103,139797, 33.14, 0.00, 0.994, 0.000, 0.000018, 0.000005,0,0,0, 0.000030, 0.000023, 0.000020, 0.000013, 33.14, 0.994, 99.17, 0.975, 49.79, 0.969, 39.73, 0.463
13104,139808, 99.17, 0.00, 0.981, 0.000, 0.000018, 0.000006,0,0,0, 0.000030, 0.000023, 0.000020, 0.000013, 99.17, 0.981, 49.58, 0.969, 33.14, 0.943, 65.21, 0.464
13105,139818, 49.58, 0.00, 0.989, 0.000, 0.000018, 0.000005,0,0,0, 0.000030, 0.000022, 0.000020, 0.000014, 49.58, 0.989, 99.17, 0.987, 33.05, 0.975, 39.34, 0.541
13106,139829, 33.05, 0.00, 0.991, 0.000, 0.000018, 0.000005,0,0,0, 0.000030, 0.000022, 0.000020, 0.000014, 33.05, 0.991, 49.58, 0.990, 99.17, 0.988, 65.21, 0.561
13107,139840, 49.58, 0.00, 0.993, 0.000, 0.000018, 0.000005,0,0,0, 0.000030, 0.000023, 0.000020, 0.000013, 49.58, 0.993, 99.17, 0.990, 33.05, 0.989, 39.21, 0.573
13108,139850, 33.05, 0.00, 0.996, 0.000, 0.000018, 0.000005,0,0,0, 0.000030, 0.000023, 0.000020, 0.000013, 33.05, 0.996, 99.17, 0.996, 49.58, 0.994, 39.21, 0.564
13109,139861, 49.58, 0.00, 0.996, 0.000, 0.000018, 0.000005,0,0,0, 0.000030, 0.000023, 0.000020, 0.000013, 49.58, 0.996, 99.17, 0.995, 33.05, 0.990, 190.47, 0.547
13110,139872, 33.14, 0.00, 0.992, 0.000, 0.000018, 0.000005,0,0,0, 0.000030, 0.000023, 0.000020, 0.000013, 33.14, 0.992, 99.17, 0.990, 49.58, 0.987, 65.21, 0.535
13111,139882, 33.14, 0.00, 0.992, 0.000, 0.000018, 0.000005,0,0,0, 0.000030, 0.000023, 0.000020, 0.000013, 33.14, 0.992, 49.79, 0.991, 99.17, 0.986, 39.34, 0.594
13112,139893, 49.58, 0.00, 0.987, 0.000, 0.000017, 0.000006,0,0,0, 0.000030, 0.000022, 0.000020, 0.000013, 49.58, 0.987, 33.14, 0.986, 99.17, 0.981, 40.26, 0.553
13113,139904, 49.58, 0.00, 0.990, 0.000, 0.000018, 0.000007,0,0,0, 0.000030, 0.000022, 0.000020, 0.000014, 49.58, 0.990, 33.05, 0.986, 99.17, 0.985, 67.79, 0.549
13114,139914, 99.17, 0.00, 0.988, 0.000, 0.000018, 0.000007,0,0,0, 0.000030, 0.000022, 0.000020, 0.000014, 99.17, 0.988, 49.58, 0.986, 33.14, 0.973, 40.26, 0.555
13115,139925, 99.17, 0.00, 0.994, 0.000, 0.000018, 0.000007,0,0,0, 0.000030, 0.000022, 0.000020, 0.000013, 99.17, 0.994, 49.58, 0.991, 33.05, 0.988, 40.00, 0.465
13116,139936, 99.17, 0.00, 0.993, 0.000, 0.000018, 0.000008,0,0,0, 0.000030, 0.000022, 0.000021, 0.000013, 99.17, 0.993, 49.58, 0.990, 33.05, 0.976, 67.41, 0.397
13117,139946, 33.05, 0.00, 0.991, 0.000, 0.000018, 0.000006,0,0,0, 0.000030, 0.000023, 0.000020, 0.000013, 33.05, 0.991, 99.17, 0.988, 49.58, 0.988, 40.40, 0.416
13118,139957, 49.58, 0.00, 0.993, 0.000, 0.000018, 0.000008,0,0,0, 0.000030, 0.000023, 0.000021, 0.000013, 49.58, 0.993, 99.17, 0.985, 33.05, 0.983, 40.67, 0.405
13119,139968, 49.79, 0.00, 0.987, 0.000, 0.000018, 0.000005,0,0,0, 0.000030, 0.000023, 0.000020, 0.000013, 49.79, 0.987, 99.17, 0.978, 33.14, 0.961, 40.54, 0.386
13120,139978, 99.17, 0.00, 0.981, 0.000, 0.000018, 0.000006,0,0,0, 0.000030, 0.000023, 0.000020, 0.000013, 99.17, 0.981, 33.14, 0.978, 49.58, 0.972, 65.93, 0.415
13121,139989, 99.17, 0.00, 0.983, 0.000, 0.000018, 0.000006,0,0,0, 0.000030, 0.000023, 0.000020, 0.000013, 99.17, 0.983, 49.58, 0.978, 33.14, 0.975, 65.21, 0.432
13122,140000, 99.17, 0.00, 0.833, 0.000, 0.000018, 0.000011,0,0,0, 0.000030, 0.000017, 0.000022, 0.000013, 99.17, 0.833, 49.58, 0.758, 33.14, 0.554, 210.52, 0.375
13123,140010, 100.00, 0.00, 0.568, 0.000, 0.000020, 0.000015,0,0,0, 0.000030, 0.000028, 0.000024, 0.000012, 100.00, 0.568, 34.68, 0.374, 30.15, 0.370, 43.95, 0.266
13124,140021, 41.52, 0.00, 0.319, 0.000, 0.000020, 0.000024,0,0,0, 0.000030, 0.000029, 0.000026, 0.000007, 41.52, 0.319, 100.00, 0.304, 32.08, 0.259, 80.00, 0.257
13125,140032, 37.38, 0.00, 0.301, 0.000, 0.000019, 0.000017,0,0,0, 0.000030, 0.000005, 0.000022, 0.000011, 37.38, 0.301, 35.50, 0.275, 30.45, 0.245, 71.42, 0.163
13126,140042, 56.33, 0.00, 0.122, 0.000, 0.000021, 0.000016,0,0,0, 0.000030, 0.000017, 0.000026, 0.000013, 56.33, 0.122, 60.91, 0.110, 0.00, 0.000, 0.00, 0.000
13127,140053, 56.33, 0.00, 0.218, 0.000, 0.000020, 0.000011,0,0,0, 0.000030, 0.000025, 0.000023, 0.000013, 56.33, 0.218, 60.91, 0.217, 104.34, 0.135, 0.00, 0.000
13128,140064, 50.63, 0.00, 0.160, 0.000, 0.000021, 0.000017,0,0,0, 0.000030, 0.000023, 0.000025, 0.000011, 50.63, 0.160, 105.26, 0.090, 0.00, 0.000, 0.00, 0.000
13129,140074, 31.33, 0.00, 0.805, 0.000, 0.000020, 0.000012,0,0,0, 0.000030, 0.000020, 0.000020, 0.000013, 31.33, 0.805, 45.97, 0.442, 103.44, 0.323, 85.71, 0.126
13130,140085, 32.52, 0.00, 0.540, 0.000, 0.000020, 0.000008,0,0,0, 0.000030, 0.000021, 0.000022, 0.000014, 32.52, 0.540, 120.00, 0.288, 54.79, 0.191, 45.97, 0.099
13131,140096, 32.78, 0.00, 0.856, 0.000, 0.000019, 0.000008,0,0,0, 0.000030, 0.000020, 0.000022, 0.000012, 32.78, 0.856, 50.84, 0.485, 100.00, 0.342, 0.00, 0.000
13132,140106, 31.41, 0.00, 0.484, 0.000, 0.000019, 0.000007,0,0,0, 0.000030, 0.000028, 0.000022, 0.000011, 31.41, 0.484, 45.62, 0.245, 55.81, 0.216, 104.34, 0.132
13133,140117, 41.52, 0.00, 0.552, 0.000, 0.000021, 0.000024,0,0,0, 0.000030, 0.000025, 0.000026, 0.000011, 41.52, 0.552, 44.77, 0.427, 82.75, 0.225, 0.00, 0.000
13134,140128, 41.52, 0.00, 0.538, 0.000, 0.000020, 0.000017,0,0,0, 0.000030, 0.000007, 0.000025, 0.000008, 41.52, 0.538, 0.00, 0.000, 0.00, 0.000, 0.00, 0.000
13135,140138, 31.49, 0.00, 0.530, 0.000, 0.000020, 0.000012,0,0,0, 0.000030, 0.000019, 0.000023, 0.000013, 31.49, 0.530, 34.98, 0.358, 51.06, 0.157, 0.00, 0.000
13136,140149, 52.17, 0.00, 0.534, 0.000, 0.000021, 0.000021,0,0,0, 0.000030, 0.000013, 0.000026, 0.000010, 52.17, 0.534, 46.69, 0.459, 0.00, 0.000, 0.00, 0.000
13137,140160, 55.81, 0.00, 0.585, 0.000, 0.000020, 0.000015,0,0,0, 0.000030, 0.000027, 0.000018, 0.000011, 55.81, 0.585, 40.81, 0.364, 36.36, 0.086, 157.89, 0.057
13138,140170, 37.73, 0.00, 0.806, 0.000, 0.000019, 0.000010,0,0,0, 0.000030, 0.000002, 0.000023, 0.000011, 37.73, 0.806, 55.55, 0.277, 116.50, 0.023, 0.00, 0.000
13139,140181, 41.23, 0.00, 0.739, 0.000, 0.000020, 0.000012,0,0,0, 0.000030, 0.000029, 0.000025, 0.000012, 41.23, 0.739, 33.51, 0.189, 55.29, 0.108, 169.01, 0.008
13140,140192, 39.73, 0.00, 0.778, 0.000, 0.000021, 0.000015,0,0,0, 0.000030, 0.000018, 0.000026, 0.000012, 39.73, 0.778, 55.29, 0.095, 0.00, 0.000, 0.00, 0.000
13141,140202, 41.81, 0.00, 0.674, 0.000, 0.000021, 0.000011,0,0,0, 0.000030, 0.000025, 0.000024, 0.000013, 41.81, 0.674, 43.47, 0.662, 33.24, 0.080, 0.00, 0.000
13142,140213, 43.16, 0.00, 0.814, 0.000, 0.000021, 0.000012,0,0,0, 0.000030, 0.000023, 0.000024, 0.000011, 43.16, 0.814, 42.10, 0.809, 33.14, 0.195, 0.00, 0.000
13143,140224, 43.95, 0.00, 0.837, 0.000, 0.000020, 0.000008,0,0,0, 0.000030, 0.000024, 0.000022, 0.000012, 43.95, 0.837, 0.00, 0.000, 0.00, 0.000, 0.00, 0.000
13144,140234, 43.32, 0.00, 0.698, 0.000, 0.000021, 0.000012,0,0,0, 0.000030, 0.000024, 0.000024, 0.000013, 43.32, 0.698, 31.00, 0.628, 106.19, 0.243, 0.00, 0.000
13145,140245, 41.95, 0.00, 0.631, 0.000, 0.000019, 0.000008,0,0,0, 0.000000, 0.000000, 0.000017, 0.000007, 41.95, 0.631, 42.25, 0.630, 102.56, 0.166, 73.17, 0.147
13146,140256, 34.28, 0.00, 0.510, 0.000, 0.000020, 0.000013,0,0,0, 0.000030, 0.000029, 0.000025, 0.000013, 34.28, 0.510, 105.26, 0.237, 39.60, 0.215, 50.63, 0.092
13147,140266, 40.40, 0.00, 0.668, 0.000, 0.000020, 0.000011,0,0,0, 0.000030, 0.000013, 0.000024, 0.000012, 40.40, 0.668, 50.63, 0.212, 0.00, 0.000, 0.00, 0.000
13148,140277, 43.16, 0.00, 0.648, 0.000, 0.000020, 0.000009,0,0,0, 0.000030, 0.000025, 0.000024, 0.000014, 43.16, 0.648, 45.45, 0.534, 35.08, 0.388, 176.47, 0.067
13149,140288, 43.16, 0.00, 0.783, 0.000, 0.000020, 0.000010,0,0,0, 0.000030, 0.000018, 0.000024, 0.000012, 43.16, 0.783, 35.29, 0.351, 0.00, 0.000, 0.00, 0.000
13150,140298, 42.85, 0.00, 0.800, 0.000, 0.000020, 0.000007,0,0,0, 0.000030, 0.000024, 0.000023, 0.000014, 42.85, 0.800, 72.28, 0.060, 0.00, 0.000, 0.00, 0.000
13151,140309, 42.55, 0.00, 0.756, 0.000, 0.000020, 0.000007,0,0,0, 0.000030, 0.000019, 0.000022, 0.000012, 42.55, 0.756, 31.66, 0.368, 104.34, 0.130, 0.00, 0.000
13152,140320, 47.05, 0.00, 0.759, 0.000, 0.000019, 0.000006,0,0,0, 0.000030, 0.000027, 0.000022, 0.000011, 47.05, 0.759, 79.47, 0.135, 0.00, 0.000, 0.00, 0.000
13153,140330, 47.80, 0.00, 0.825, 0.000, 0.000020, 0.000015,0,0,0, 0.000030, 0.000018, 0.000025, 0.000012, 47.80, 0.825, 34.68, 0.401, 118.81, 0.119, 0.00, 0.000
13154,140341, 48.00, 0.00, 0.658, 0.000, 0.000020, 0.000011,0,0,0, 0.000030, 0.000022, 0.000023, 0.000013, 48.00, 0.658, 30.61, 0.457, 85.10, 0.041, 66.29, 0.013
13155,140352, 31.33, 0.00, 0.557, 0.000, 0.000020, 0.000007,0,0,0, 0.000030, 0.000022, 0.000022, 0.000013, 31.33, 0.557, 41.52, 0.513, 46.51, 0.301, 96.00, 0.139
13156,140362, 41.66, 0.00, 0.753, 0.000, 0.000019, 0.000007,0,0,0, 0.000030, 0.000025, 0.000022, 0.000011, 41.66, 0.753, 81.63, 0.375, 0.00, 0.000, 0.00, 0.000
13157,140373, 43.16, 0.00, 0.531, 0.000, 0.000020, 0.000026,0,0,0, 0.000030, 0.000029, 0.000026, 0.000007, 43.16, 0.531, 30.37, 0.430, 80.53, 0.322, 95.23, 0.217
13158,140384, 40.95, 0.00, 0.552, 0.000, 0.000020, 0.000018,0,0,0, 0.000030, 0.000009, 0.000025, 0.000012, 40.95, 0.552, 80.00, 0.092, 0.00, 0.000, 0.00, 0.000
13159,140394, 36.25, 0.00, 0.644, 0.000, 0.000020, 0.000013,0,0,0, 0.000030, 0.000024, 0.000021, 0.000013, 36.25, 0.644, 34.58, 0.458, 48.78, 0.163, 0.00, 0.000
13160,140405, 38.70, 0.00, 0.521, 0.000, 0.000018, 0.000009,0,0,0, 0.000030, 0.000015, 0.000018, 0.000011, 38.70, 0.521, 52.17, 0.278, 30.37, 0.141, 0.00, 0.000
13161,140416, 40.40, 0.00, 0.842, 0.000, 0.000020, 0.000014,0,0,0, 0.000030, 0.000027, 0.000024, 0.000012, 40.40, 0.842, 53.33, 0.011, 0.00, 0.000, 0.00, 0.000
13162,140426, 45.11, 0.00, 0.695, 0.000, 0.000020, 0.000009,0,0,0, 0.000030, 0.000017, 0.000023, 0.000013, 45.11, 0.695, 34.48, 0.353, 30.37, 0.191, 88.88, 0.075
13163,140437, 30.37, 0.00, 0.917, 0.000, 0.000020, 0.000008,0,0,0, 0.000030, 0.000016, 0.000023, 0.000012, 30.37, 0.917, 46.51, 0.634, 89.55, 0.237, 57.69, 0.163
13164,140448, 32.17, 0.00, 0.573, 0.000, 0.000020, 0.000008,0,0,0, 0.000030, 0.000020, 0.000023, 0.000014, 32.17, 0.573, 47.05, 0.459, 90.90, 0.419, 0.00, 0.000
13165,140458, 88.88, 0.00, 0.687, 0.000, 0.000020, 0.000010,0,0,0, 0.000030, 0.000015, 0.000024, 0.000011, 88.88, 0.687, 44.44, 0.671, 0.00, 0.000, 0.00, 0.000
13166,140469, 44.60, 0.00, 0.817, 0.000, 0.000020, 0.000007,0,0,0, 0.000030, 0.000024, 0.000023, 0.000014, 44.60, 0.817, 90.22, 0.567, 32.00, 0.530, 0.00, 0.000
13167,140480, 43.01, 0.00, 0.630, 0.000, 0.000018, 0.000005,0,0,0, 0.000030, 0.000004, 0.000016, 0.000005, 43.01, 0.630, 46.87, 0.563, 83.33, 0.349, 0.00, 0.000
13168,140490, 46.69, 0.00, 0.642, 0.000, 0.000021, 0.000016,0,0,0, 0.000030, 0.000026, 0.000025, 0.000015, 46.69, 0.642, 32.00, 0.345, 101.69, 0.002, 96.77, 0.001
13169,140501, 44.44, 0.00, 0.855, 0.000, 0.000019, 0.000011,0,0,0, 0.000000, 0.000000, 0.000016, 0.000007, 44.44, 0.855, 45.97, 0.844, 0.00, 0.000, 0.00, 0.000
13170,140512, 45.11, 0.00, 0.839, 0.000, 0.000021, 0.000017,0,0,0, 0.000030, 0.000023, 0.000026, 0.000015, 45.11, 0.839, 0.00, 0.000, 0.00, 0.000, 0.00, 0.000
13171,140522, 46.51, 0.00, 0.855, 0.000, 0.000019, 0.000012,0,0,0, 0.000030, 0.000004, 0.000020, 0.000006, 46.51, 0.855, 45.28, 0.854, 0.00, 0.000, 0.00, 0.000
13172,140533, 51.06, 0.00, 0.868, 0.000, 0.000021, 0.000014,0,0,0, 0.000030, 0.000025, 0.000026, 0.000015, 51.06, 0.868, 0.00, 0.000, 0.00, 0.000, 0.00, 0.000
13173,140544, 51.72, 0.00, 0.667, 0.000, 0.000020, 0.000010,0,0,0, 0.000030, 0.000024, 0.000018, 0.000012, 51.72, 0.667, 0.00, 0.000, 0.00, 0.000, 0.00, 0.000
13174,140554, 49.38, 0.00, 0.606, 0.000, 0.000021, 0.000017,0,0,0, 0.000030, 0.000024, 0.000025, 0.000011, 49.38, 0.606, 73.61, 0.051, 0.00, 0.000, 0.00, 0.000
13175,140565, 30.45, 0.00, 0.708, 0.000, 0.000020, 0.000012,0,0,0, 0.000030, 0.000023, 0.000022, 0.000013, 30.45, 0.708, 48.19, 0.358, 75.00, 0.206, 65.57, 0.021
13176,140576, 73.17, 0.00, 0.385, 0.000, 0.000018, 0.000008,0,0,0, 0.000000, 0.000000, 0.000011, 0.000004, 73.17, 0.385, 41.23, 0.186, 0.00, 0.000, 0.00, 0.000
13177,140586, 32.34, 0.00, 0.603, 0.000, 0.000020, 0.000018,0,0,0, 0.000030, 0.000019, 0.000026, 0.000014, 32.34, 0.603, 47.24, 0.475, 49.58, 0.473, 91.60, 0.224
13178,140597, 32.25, 0.00, 0.720, 0.000, 0.000020, 0.000012,0,0,0, 0.000030, 0.000018, 0.000023, 0.000013, 32.25, 0.720, 49.38, 0.469, 89.55, 0.344, 0.00, 0.000
13179,140608, 93.02, 0.00, 0.602, 0.000, 0.000020, 0.000008,0,0,0, 0.000030, 0.000017, 0.000023, 0.000012, 93.02, 0.602, 46.69, 0.505, 0.00, 0.000, 0.00, 0.000
13180,140618, 31.16, 0.00, 0.943, 0.000, 0.000020, 0.000008,0,0,0, 0.000030, 0.000020, 0.000023, 0.000014, 31.16, 0.943, 47.05, 0.877, 93.02, 0.836, 0.00, 0.000
13181,140629, 47.05, 0.00, 0.702, 0.000, 0.000019, 0.000006,0,0,0, 0.000030, 0.000028, 0.000022, 0.000011, 47.05, 0.702, 93.75, 0.684, 31.25, 0.526, 0.00, 0.000
13182,140640, 31.91, 0.00, 0.604, 0.000, 0.000020, 0.000012,0,0,0, 0.000030, 0.000017, 0.000024, 0.000012, 31.91, 0.604, 46.87, 0.370, 90.22, 0.322, 0.00, 0.000
13183,140650, 30.76, 0.00, 0.931, 0.000, 0.000020, 0.000008,0,0,0, 0.000030, 0.000021, 0.000023, 0.000014, 30.76, 0.931, 50.84, 0.487, 63.82, 0.133, 90.22, 0.102
13184,140661, 31.41, 0.00, 0.842, 0.000, 0.000019, 0.000006,0,0,0, 0.000030, 0.000026, 0.000021, 0.000011, 31.41, 0.842, 47.43, 0.237, 92.30, 0.196, 0.00, 0.000
13185,140672, 91.60, 0.00, 0.390, 0.000, 0.000020, 0.000018,0,0,0, 0.000030, 0.000024, 0.000024, 0.000011, 91.60, 0.390, 46.33, 0.388, 0.00, 0.000, 0.00, 0.000
13186,140682, 30.69, 0.00, 0.817, 0.000, 0.000020, 0.000012,0,0,0, 0.000030, 0.000024, 0.000022, 0.000013, 30.69, 0.817, 46.15, 0.735, 90.90, 0.520, 0.00, 0.000
13187,140693, 46.33, 0.00, 0.509, 0.000, 0.000019, 0.000008,0,0,0, 0.000030, 0.000015, 0.000017, 0.000011, 46.33, 0.509, 90.90, 0.400, 31.00, 0.391, 0.00, 0.000
13188,140704, 32.34, 0.00, 0.700, 0.000, 0.000019, 0.000011,0,0,0, 0.000030, 0.000020, 0.000023, 0.000014, 32.34, 0.700, 48.78, 0.543, 90.90, 0.465, 0.00, 0.000
13189,140714, 31.33, 0.00, 0.699, 0.000, 0.000019, 0.000008,0,0,0, 0.000030, 0.000019, 0.000023, 0.000013, 31.33, 0.699, 32.52, 0.692, 32.78, 0.691, 90.90, 0.595
13190,140725, 31.16, 0.00, 0.771, 0.000, 0.000019, 0.000006,0,0,0, 0.000030, 0.000017, 0.000022, 0.000012, 31.16, 0.771, 93.75, 0.704, 46.69, 0.693, 0.00, 0.000
13191,140736, 31.00, 0.00, 0.929, 0.000, 0.000019, 0.000010,0,0,0, 0.000030, 0.000018, 0.000023, 0.000013, 31.00, 0.929, 47.61, 0.874, 93.02, 0.851, 0.00, 0.000
13192,140746, 47.43, 0.00, 0.919, 0.000, 0.000019, 0.000009,0,0,0, 0.000030, 0.000016, 0.000023, 0.000011, 47.43, 0.919, 94.48, 0.841, 31.33, 0.707, 0.00, 0.000
13193,140757, 31.83, 0.00, 0.955, 0.000, 0.000019, 0.000007,0,0,0, 0.000030, 0.000018, 0.000022, 0.000013, 31.83, 0.955, 48.00, 0.889, 94.48, 0.822, 0.00, 0.000
13194,140768, 30.53, 0.00, 0.809, 0.000, 0.000020, 0.000011,0,0,0, 0.000030, 0.000021, 0.000024, 0.000014, 30.53, 0.809, 47.43, 0.664, 91.60, 0.621, 0.00, 0.000
13195,140778, 31.57, 0.00, 0.937, 0.000, 0.000019, 0.000008,0,0,0, 0.000030, 0.000016, 0.000020, 0.000012, 31.57, 0.937, 46.33, 0.700, 96.00, 0.506, 0.00, 0.000
13196,140789, 37.38, 0.00, 0.379, 0.000, 0.000021, 0.000023,0,0,0, 0.000030, 0.000017, 0.000026, 0.000011, 37.38, 0.379, 96.00, 0.185, 45.45, 0.184, 41.66, 0.168
13197,140800, 37.26, 0.00, 0.731, 0.000, 0.000019, 0.000016,0,0,0, 0.000030, 0.000013, 0.000020, 0.000010, 37.26, 0.731, 59.70, 0.240, 100.00, 0.047, 0.00, 0.000
13198,140810, 51.94, 0.00, 0.523, 0.000, 0.000021, 0.000023,0,0,0, 0.000030, 0.000013, 0.000026, 0.000010, 51.94, 0.523, 43.95, 0.294, 60.30, 0.058, 0.00, 0.000
13199,140821, 44.94, 0.00, 0.914, 0.000, 0.000019, 0.000016,0,0,0, 0.000030, 0.000015, 0.000018, 0.000011, 44.94, 0.914, 0.00, 0.000, 0.00, 0.000, 0.00, 0.000
13200,140832, 46.15, 0.00, 0.901, 0.000, 0.000021, 0.000023,0,0,0, 0.000030, 0.000014, 0.000026, 0.000010, 46.15, 0.901, 0.00, 0.000, 0.00, 0.000, 0.00, 0.000
13201,140842, 47.05, 0.00, 0.987, 0.000, 0.000019, 0.000016,0,0,0, 0.000030, 0.000015, 0.000019, 0.000011, 47.05, 0.987, 0.00, 0.000, 0.00, 0.000, 0.00, 0.000
13202,140853, 47.05, 0.00, 0.989, 0.000, 0.000021, 0.000023,0,0,0, 0.000030, 0.000014, 0.000026, 0.000010, 47.05, 0.989, 0.00, 0.000, 0.00, 0.000, 0.00, 0.000
13203,140864, 47.05, 0.00, 0.985, 0.000, 0.000020, 0.000016,0,0,0, 0.000030, 0.000015, 0.000019, 0.000011, 47.05, 0.985, 0.00, 0.000, 0.00, 0.000, 0.00, 0.000
13204,140874, 47.05, 0.00, 0.987, 0.000, 0.000021, 0.000022,0,0,0, 0.000030, 0.000015, 0.000026, 0.000010, 47.05, 0.987, 0.00, 0.000, 0.00, 0.000, 0.00, 0.000
13205,140885, 47.05, 0.00, 0.994, 0.000, 0.000020, 0.000015,0,0,0, 0.000030, 0.000015, 0.000019, 0.000011, 47.05, 0.994, 0.00, 0.000, 0.00, 0.000, 0.00, 0.000
13206,140896, 47.05, 0.00, 0.992, 0.000, 0.000021, 0.000022,0,0,0, 0.000030, 0.000015, 0.000026, 0.000010, 47.05, 0.992, 0.00, 0.000, 0.00, 0.000, 0.00, 0.000
13207,140906, 47.05, 0.00, 0.994, 0.000, 0.000020, 0.000015,0,0,0, 0.000030, 0.000015, 0.000020, 0.000011, 47.05, 0.994, 0.00, 0.000, 0.00, 0.000, 0.00, 0.000
13208,140917, 47.05, 0.00, 0.997, 0.000, 0.000021, 0.000022,0,0,0, 0.000030, 0.000016, 0.000026, 0.000011, 47.05, 0.997, 0.00, 0.000, 0.00, 0.000, 0.00, 0.000
13209,140928, 47.05, 0.00, 0.997, 0.000, 0.000020, 0.000015,0,0,0, 0.000030, 0.000015, 0.000020, 0.000011, 47.05, 0.997, 0.00, 0.000, 0.00, 0.000, 0.00, 0.000
13210,140938, 47.05, 0.00, 0.999, 0.000, 0.000021, 0.000022,0,0,0, 0.000030, 0.000016, 0.000026, 0.000011, 47.05, 0.999, 0.00, 0.000, 0.00, 0.000, 0.00, 0.000
13211,140949, 47.05, 0.00, 0.999, 0.000, 0.000020, 0.000015,0,0,0, 0.000030, 0.000015, 0.000020, 0.000011, 47.05, 0.999, 0.00, 0.000, 0.00, 0.000, 0.00, 0.000
13212,140960, 46.87, 0.00, 0.997, 0.000, 0.000021, 0.000022,0,0,0, 0.000030, 0.000016, 0.000026, 0.000011, 46.87, 0.997, 0.00, 0.000, 0.00, 0.000, 0.00, 0.000
13213,140970, 46.87, 0.00, 0.998, 0.000, 0.000020, 0.000015,0,0,0, 0.000030, 0.000015, 0.000020, 0.000011, 46.87, 0.998, 0.00, 0.000, 0.00, 0.000, 0.00, 0.000
13214,140981, 47.43, 0.00, 0.919, 0.000, 0.000021, 0.000020,0,0,0, 0.000030, 0.000017, 0.000026, 0.000011, 47.43, 0.919, 0.00, 0.000, 0.00, 0.000, 0.00, 0.000
13215,140992, 48.78, 0.00, 0.996, 0.000, 0.000019, 0.000014,0,0,0, 0.000030, 0.000012, 0.000020, 0.000010, 48.78, 0.996, 0.00, 0.000, 0.00, 0.000, 0.00, 0.000
13216,141002, 49.18, 0.00, 0.973, 0.000, 0.000021, 0.000019,0,0,0, 0.000030, 0.000020, 0.000026, 0.000012, 49.18, 0.973, 0.00, 0.000, 0.00, 0.000, 0.00, 0.000
13217,141013, 49.79, 0.00, 0.999, 0.000, 0.000019, 0.000013,0,0,0, 0.000030, 0.000007, 0.000020, 0.000009, 49.79, 0.999, 0.00, 0.000, 0.00, 0.000, 0.00, 0.000
13218,141024, 49.58, 0.00, 0.992, 0.000, 0.000021, 0.000018,0,0,0, 0.000030, 0.000022, 0.000026, 0.000012, 49.58, 0.992, 0.00, 0.000, 0.00, 0.000, 0.00, 0.000
13219,141034, 49.58, 0.00, 0.993, 0.000, 0.000019, 0.000013,0,0,0, 0.000000, 0.000000, 0.000020, 0.000009, 49.58, 0.993, 0.00, 0.000, 0.00, 0.000, 0.00, 0.000
13220,141045, 49.38, 0.00, 0.999, 0.000, 0.000021, 0.000018,0,0,0, 0.000030, 0.000022, 0.000026, 0.000013, 49.38, 0.999, 0.00, 0.000, 0.00, 0.000, 0.00, 0.000
13221,141056, 49.38, 0.00, 0.998, 0.000, 0.000019, 0.000012,0,0,0, 0.000000, 0.000000, 0.000016, 0.000007, 49.38, 0.998, 0.00, 0.000, 0.00, 0.000, 0.00, 0.000
13222,141066, 50.63, 0.00, 0.950, 0.000, 0.000020, 0.000016,0,0,0, 0.000030, 0.000021, 0.000026, 0.000014, 50.63, 0.950, 0.00, 0.000, 0.00, 0.000, 0.00, 0.000
13223,141077, 51.72, 0.00, 0.942, 0.000, 0.000020, 0.000021,0,0,0, 0.000030, 0.000007, 0.000026, 0.000007, 51.72, 0.942, 0.00, 0.000, 0.00, 0.000, 0.00, 0.000
13224,141088, 51.94, 0.00, 0.985, 0.000, 0.000020, 0.000015,0,0,0, 0.000030, 0.000020, 0.000025, 0.000014, 51.94, 0.985, 0.00, 0.000, 0.00, 0.000, 0.00, 0.000
13225,141098, 52.17, 0.00, 0.987, 0.000, 0.000021, 0.000020,0,0,0, 0.000030, 0.000015, 0.000026, 0.000010, 52.17, 0.987, 0.00, 0.000, 0.00, 0.000, 0.00, 0.000
13226,141109, 51.50, 0.00, 0.957, 0.000, 0.000020, 0.000014,0,0,0, 0.000030, 0.000017, 0.000020, 0.000011, 51.50, 0.957, 0.00, 0.000, 0.00, 0.000, 0.00, 0.000
13227,141120, 52.40, 0.00, 0.921, 0.000, 0.000021, 0.000016,0,0,0, 0.000030, 0.000021, 0.000025, 0.000012, 52.40, 0.921, 0.00, 0.000, 0.00, 0.000, 0.00, 0.000
13228,141130, 53.81, 0.00, 0.982, 0.000, 0.000019, 0.000011,0,0,0, 0.000030, 0.000007, 0.000020, 0.000010, 53.81, 0.982, 0.00, 0.000, 0.00, 0.000, 0.00, 0.000
13229,141141, 54.79, 0.00, 0.961, 0.000, 0.000020, 0.000014,0,0,0, 0.000030, 0.000023, 0.000025, 0.000014, 54.79, 0.961, 0.00, 0.000, 0.00, 0.000, 0.00, 0.000
13230,141152, 55.04, 0.00, 0.965, 0.000, 0.000021, 0.000018,0,0,0, 0.000030, 0.000010, 0.000025, 0.000010, 55.04, 0.965, 0.00, 0.000, 0.00, 0.000, 0.00, 0.000
13231,141162, 55.04, 0.00, 0.977, 0.000, 0.000020, 0.000012,0,0,0, 0.000030, 0.000020, 0.000021, 0.000013, 55.04, 0.977, 0.00, 0.000, 0.00, 0.000, 0.00, 0.000
13232,141173, 55.29, 0.00, 0.997, 0.000, 0.000021, 0.000016,0,0,0, 0.000030, 0.000019, 0.000025, 0.000011, 55.29, 0.997, 0.00, 0.000, 0.00, 0.000, 0.00, 0.000
13233,141184, 55.29, 0.00, 0.997, 0.000, 0.000019, 0.000011,0,0,0, 0.000030, 0.000012, 0.000021, 0.000010, 55.29, 0.997, 0.00, 0.000, 0.00, 0.000, 0.00, 0.000
13234,141194, 56.60, 0.00, 0.942, 0.000, 0.000020, 0.000014,0,0,0, 0.000030, 0.000022, 0.000025, 0.000014, 56.60, 0.942, 0.00, 0.000, 0.00, 0.000, 0.00, 0.000
13235,141205, 57.97, 0.00, 0.960, 0.000, 0.000021, 0.000018,0,0,0, 0.000030, 0.000012, 0.000025, 0.000010, 57.97, 0.960, 0.00, 0.000, 0.00, 0.000, 0.00, 0.000
13236,141216, 57.97, 0.00, 0.994, 0.000, 0.000020, 0.000012,0,0,0, 0.000030, 0.000019, 0.000020, 0.000012, 57.97, 0.994, 0.00, 0.000, 0.00, 0.000, 0.00, 0.000
13237,141226, 58.25, 0.00, 0.991, 0.000, 0.000021, 0.000015,0,0,0, 0.000030, 0.000022, 0.000025, 0.000012, 58.25, 0.991, 0.00, 0.000, 0.00, 0.000, 0.00, 0.000
13238,141237, 58.53, 0.00, 0.999, 0.000, 0.000019, 0.000010,0,0,0, 0.000030, 0.000002, 0.000020, 0.000010, 58.53, 0.999, 0.00, 0.000, 0.00, 0.000, 0.00, 0.000
13239,141248, 57.97, 0.00, 0.990, 0.000, 0.000020, 0.000013,0,0,0, 0.000030, 0.000022, 0.000025, 0.000015, 57.97, 0.990, 0.00, 0.000, 0.00, 0.000, 0.00, 0.000
13240,141258, 57.69, 0.00, 0.996, 0.000, 0.000021, 0.000016,0,0,0, 0.000030, 0.000016, 0.000025, 0.000011, 57.69, 0.996, 0.00, 0.000, 0.00, 0.000, 0.00, 0.000
13241,141269, 57.97, 0.00, 0.938, 0.000, 0.000019, 0.000011,0,0,0, 0.000030, 0.000013, 0.000019, 0.000010, 57.97, 0.938, 0.00, 0.000, 0.00, 0.000, 0.00, 0.000
13242,141280, 30.07, 0.00, 0.921, 0.000, 0.000020, 0.000013,0,0,0, 0.000030, 0.000021, 0.000025, 0.000014, 30.07, 0.921, 60.60, 0.905, 0.00, 0.000, 0.00, 0.000
13243,141290, 30.84, 0.00, 0.999, 0.000, 0.000021, 0.000016,0,0,0, 0.000030, 0.000016, 0.000025, 0.000011, 30.84, 0.999, 61.53, 0.997, 0.00, 0.000, 0.00, 0.000
13244,141301, 30.69, 0.00, 0.998, 0.000, 0.000019, 0.000011,0,0,0, 0.000030, 0.000014, 0.000020, 0.000010, 30.69, 0.998, 61.53, 0.997, 0.00, 0.000, 0.00, 0.000
13245,141312, 61.22, 0.00, 0.992, 0.000, 0.000020, 0.000014,0,0,0, 0.000030, 0.000021, 0.000025, 0.000014, 61.22, 0.992, 30.69, 0.991, 0.00, 0.000, 0.00, 0.000
13246,141322, 30.69, 0.00, 0.999, 0.000, 0.000021, 0.000016,0,0,0, 0.000030, 0.000014, 0.000025, 0.000011, 30.69, 0.999, 61.22, 0.997, 0.00, 0.000, 0.00, 0.000
13247,141333, 31.16, 0.00, 0.997, 0.000, 0.000019, 0.000011,0,0,0, 0.000030, 0.000015, 0.000019, 0.000011, 31.16, 0.997, 61.53, 0.944, 0.00, 0.000, 0.00, 0.000
13248,141344, 32.00, 0.00, 0.943, 0.000, 0.000020, 0.000013,0,0,0, 0.000030, 0.000020, 0.000025, 0.000014, 32.00, 0.943, 64.51, 0.915, 0.00, 0.000, 0.00, 0.000
13249,141354, 32.60, 0.00, 0.998, 0.000, 0.000021, 0.000015,0,0,0, 0.000030, 0.000017, 0.000025, 0.000011, 32.60, 0.998, 65.21, 0.998, 0.00, 0.000, 0.00, 0.000
13250,141365, 32.43, 0.00, 0.998, 0.000, 0.000019, 0.000010,0,0,0, 0.000030, 0.000011, 0.000019, 0.000010, 32.43, 0.998, 64.86, 0.992, 0.00, 0.000, 0.00, 0.000
13251,141376, 32.60, 0.00, 0.998, 0.000, 0.000020, 0.000012,0,0,0, 0.000030, 0.000020, 0.000024, 0.000014, 32.60, 0.998, 65.21, 0.980, 0.00, 0.000, 0.00, 0.000
13252,141386, 33.70, 0.00, 0.982, 0.000, 0.000020, 0.000012,0,0,0, 0.000030, 0.000020, 0.000024, 0.000012, 33.70, 0.982, 67.41, 0.895, 0.00, 0.000, 0.00, 0.000
13253,141397, 68.57, 0.00, 0.948, 0.000, 0.000021, 0.000015,0,0,0, 0.000030, 0.000013, 0.000024, 0.000012, 68.57, 0.948, 34.09, 0.936, 0.00, 0.000, 0.00, 0.000
13254,141408, 34.48, 0.00, 0.997, 0.000, 0.000019, 0.000010,0,0,0, 0.000030, 0.000015, 0.000019, 0.000011, 34.48, 0.997, 68.96, 0.993, 0.00, 0.000, 0.00, 0.000
13255,141418, 34.78, 0.00, 0.999, 0.000, 0.000020, 0.000011,0,0,0, 0.000030, 0.000020, 0.000024, 0.000014, 34.78, 0.999, 69.76, 0.957, 0.00, 0.000, 0.00, 0.000
13256,141429, 35.82, 0.00, 0.988, 0.000, 0.000020, 0.000011,0,0,0, 0.000030, 0.000021, 0.000024, 0.000012, 35.82, 0.988, 71.85, 0.953, 0.00, 0.000, 0.00, 0.000
13257,141440, 72.28, 0.00, 0.972, 0.000, 0.000020, 0.000013,0,0,0, 0.000030, 0.000016, 0.000024, 0.000012, 72.28, 0.972, 36.14, 0.964, 0.00, 0.000, 0.00, 0.000
13258,141450, 73.17, 0.00, 0.958, 0.000, 0.000020, 0.000013,0,0,0, 0.000030, 0.000014, 0.000023, 0.000011, 73.17, 0.958, 36.58, 0.952, 0.00, 0.000, 0.00, 0.000
13259,141461, 37.15, 0.00, 0.997, 0.000, 0.000019, 0.000009,0,0,0, 0.000030, 0.000019, 0.000023, 0.000013, 37.15, 0.997, 74.53, 0.945, 0.00, 0.000, 0.00, 0.000
13260,141472, 38.21, 0.00, 0.995, 0.000, 0.000020, 0.000009,0,0,0, 0.000030, 0.000020, 0.000023, 0.000014, 38.21, 0.995, 76.43, 0.977, 0.00, 0.000, 0.00, 0.000
13261,141482, 76.92, 0.00, 0.976, 0.000, 0.000020, 0.000010,0,0,0, 0.000030, 0.000020, 0.000023, 0.000013, 76.92, 0.976, 38.46, 0.966, 0.00, 0.000, 0.00, 0.000
13262,141493, 38.96, 0.00, 0.990, 0.000, 0.000020, 0.000010,0,0,0, 0.000030, 0.000020, 0.000023, 0.000012, 38.96, 0.990, 77.92, 0.973, 0.00, 0.000, 0.00, 0.000
13263,141504, 78.94, 0.00, 0.939, 0.000, 0.000020, 0.000010,0,0,0, 0.000030, 0.000017, 0.000023, 0.000013, 78.94, 0.939, 39.34, 0.914, 0.00, 0.000, 0.00, 0.000
13264,141514, 81.08, 0.00, 0.969, 0.000, 0.000020, 0.000011,0,0,0, 0.000030, 0.000017, 0.000023, 0.000013, 81.08, 0.969, 40.54, 0.967, 0.00, 0.000, 0.00, 0.000
13265,141525, 81.63, 0.00, 0.995, 0.000, 0.000019, 0.000007,0,0,0, 0.000030, 0.000017, 0.000019, 0.000011, 81.63, 0.995, 40.81, 0.993, 0.00, 0.000, 0.00, 0.000
13266,141536, 81.63, 0.00, 0.998, 0.000, 0.000019, 0.000008,0,0,0, 0.000030, 0.000020, 0.000023, 0.000014, 81.63, 0.998, 40.81, 0.995, 0.00, 0.000, 0.00, 0.000
13267,141546, 81.63, 0.00, 0.997, 0.000, 0.000019, 0.000009,0,0,0, 0.000030, 0.000020, 0.000023, 0.000013, 81.63, 0.997, 40.81, 0.995, 0.00, 0.000, 0.00, 0.000
13268,141557, 82.19, 0.00, 0.991, 0.000, 0.000019, 0.000009,0,0,0, 0.000030, 0.000020, 0.000023, 0.000013, 82.19, 0.991, 41.09, 0.989, 0.00, 0.000, 0.00, 0.000
13269,141568, 83.33, 0.00, 0.946, 0.000, 0.000019, 0.000008,0,0,0, 0.000030, 0.000020, 0.000022, 0.000013, 83.33, 0.946, 41.66, 0.922, 0.00, 0.000, 0.00, 0.000
13270,141578, 85.71, 0.00, 0.945, 0.000, 0.000019, 0.000008,0,0,0, 0.000030, 0.000020, 0.000022, 0.000013, 85.71, 0.945, 42.70, 0.918, 0.00, 0.000, 0.00, 0.000
13271,141589, 86.33, 0.00, 0.995, 0.000, 0.000019, 0.000009,0,0,0, 0.000030, 0.000020, 0.000022, 0.000012, 86.33, 0.995, 43.16, 0.994, 0.00, 0.000, 0.00, 0.000
13272,141600, 86.33, 0.00, 0.995, 0.000, 0.000020, 0.000010,0,0,0, 0.000030, 0.000018, 0.000022, 0.000013, 86.33, 0.995, 43.32, 0.993, 0.00, 0.000, 0.00, 0.000
13273,141610, 86.33, 0.00, 0.991, 0.000, 0.000020, 0.000009,0,0,0, 0.000030, 0.000018, 0.000022, 0.000013, 86.33, 0.991, 43.16, 0.987, 0.00, 0.000, 0.00, 0.000
13274,141621, 87.59, 0.00, 0.965, 0.000, 0.000020, 0.000009,0,0,0, 0.000030, 0.000019, 0.000022, 0.000013, 87.59, 0.965, 43.63, 0.961, 0.00, 0.000, 0.00, 0.000
13275,141632, 88.88, 0.00, 0.945, 0.000, 0.000019, 0.000008,0,0,0, 0.000030, 0.000019, 0.000022, 0.000013, 88.88, 0.945, 44.28, 0.914, 0.00, 0.000, 0.00, 0.000
13276,141642, 90.22, 0.00, 0.980, 0.000, 0.000019, 0.000007,0,0,0, 0.000030, 0.000020, 0.000021, 0.000013, 90.22, 0.980, 45.11, 0.949, 0.00, 0.000, 0.00, 0.000
13277,141653, 90.90, 0.00, 0.979, 0.000, 0.000019, 0.000008,0,0,0, 0.000030, 0.000019, 0.000021, 0.000013, 90.90, 0.979, 30.30, 0.976, 45.45, 0.970, 0.00, 0.000
13278,141664, 30.53, 0.00, 0.999, 0.000, 0.000019, 0.000009,0,0,0, 0.000030, 0.000019, 0.000022, 0.000013, 30.53, 0.999, 91.60, 0.984, 45.80, 0.982, 0.00, 0.000
13279,141674, 30.76, 0.00, 0.989, 0.000, 0.000019, 0.000007,0,0,0, 0.000030, 0.000020, 0.000021, 0.000013, 30.76, 0.989, 92.30, 0.989, 46.15, 0.984, 0.00, 0.000
13280,141685, 93.02, 0.00, 0.972, 0.000, 0.000019, 0.000007,0,0,0, 0.000030, 0.000020, 0.000021, 0.000013, 93.02, 0.972, 46.33, 0.954, 31.00, 0.954, 0.00, 0.000
13281,141696, 94.48, 0.00, 0.960, 0.000, 0.000019, 0.000005,0,0,0, 0.000030, 0.000021, 0.000020, 0.000013, 94.48, 0.960, 47.05, 0.932, 31.33, 0.882, 0.00, 0.000
13282,141706, 31.91, 0.00, 0.983, 0.000, 0.000019, 0.000006,0,0,0, 0.000030, 0.000021, 0.000021, 0.000013, 31.91, 0.983, 95.23, 0.968, 48.00, 0.960, 0.00, 0.000
13283,141717, 48.19, 0.00, 0.991, 0.000, 0.000019, 0.000006,0,0,0, 0.000030, 0.000021, 0.000021, 0.000013, 48.19, 0.991, 32.08, 0.989, 96.77, 0.977, 0.00, 0.000
13284,141728, 48.38, 0.00, 0.993, 0.000, 0.000019, 0.000006,0,0,0, 0.000030, 0.000021, 0.000021, 0.000013, 48.38, 0.993, 96.77, 0.989, 32.25, 0.984, 0.00, 0.000
13285,141738, 32.25, 0.00, 0.996, 0.000, 0.000019, 0.000007,0,0,0, 0.000030, 0.000020, 0.000021, 0.000013, 32.25, 0.996, 96.77, 0.993, 48.38, 0.993, 0.00, 0.000
13286,141749, 96.77, 0.00, 0.994, 0.000, 0.000019, 0.000007,0,0,0, 0.000030, 0.000020, 0.000021, 0.000013, 96.77, 0.994, 48.38, 0.987, 32.25, 0.985, 0.00, 0.000
13287,141760, 96.77, 0.00, 0.994, 0.000, 0.000019, 0.000008,0,0,0, 0.000030, 0.000020, 0.000021, 0.000013, 96.77, 0.994, 48.38, 0.989, 32.25, 0.979, 0.00, 0.000
13288,141770, 32.34, 0.00, 0.998, 0.000, 0.000019, 0.000007,0,0,0, 0.000030, 0.000020, 0.000021, 0.000013, 32.34, 0.998, 48.58, 0.996, 96.77, 0.996, 0.00, 0.000
13289,141781, 97.56, 0.00, 0.990, 0.000, 0.000019, 0.000006,0,0,0, 0.000030, 0.000020, 0.000021, 0.000013, 97.56, 0.990, 32.43, 0.988, 48.58, 0.986, 0.00, 0.000
13290,141792, 98.36, 0.00, 0.974, 0.000, 0.000019, 0.000006,0,0,0, 0.000030, 0.000019, 0.000021, 0.000014, 98.36, 0.974, 32.69, 0.956, 48.97, 0.948, 0.00, 0.000
13291,141802, 99.17, 0.00, 0.966, 0.000, 0.000019, 0.000005,0,0,0, 0.000030, 0.000019, 0.000021, 0.000013, 99.17, 0.966, 33.24, 0.948, 49.79, 0.941, 0.00, 0.000
13292,141813, 100.84, 0.00, 0.983, 0.000, 0.000019, 0.000005,0,0,0, 0.000030, 0.000020, 0.000020, 0.000013, 100.84, 0.983, 33.61, 0.975, 50.42, 0.972, 0.00, 0.000
13293,141824, 33.99, 0.00, 0.994, 0.000, 0.000018, 0.000004,0,0,0, 0.000030, 0.000020, 0.000020, 0.000013, 33.99, 0.994, 101.69, 0.993, 51.06, 0.990, 0.00, 0.000
13294,141834, 34.18, 0.00, 0.997, 0.000, 0.000018, 0.000004,0,0,0, 0.000030, 0.000020, 0.000020, 0.000013, 34.18, 0.997, 102.56, 0.995, 51.28, 0.995, 0.00, 0.000
13295,141845, 34.28, 0.00, 0.998, 0.000, 0.000018, 0.000005,0,0,0, 0.000030, 0.000021, 0.000020, 0.000013, 34.28, 0.998, 51.50, 0.998, 102.56, 0.996, 0.00, 0.000
13296,141856, 51.50, 0.00, 0.997, 0.000, 0.000019, 0.000005,0,0,0, 0.000030, 0.000022, 0.000020, 0.000014, 51.50, 0.997, 34.28, 0.996, 102.56, 0.996, 0.00, 0.000
13297,141866, 103.44, 0.00, 0.997, 0.000, 0.000019, 0.000005,0,0,0, 0.000030, 0.000022, 0.000020, 0.000013, 103.44, 0.997, 51.50, 0.995, 34.38, 0.994, 0.00, 0.000
13298,141877, 103.44, 0.00, 0.998, 0.000, 0.000019, 0.000004,0,0,0, 0.000030, 0.000022, 0.000020, 0.000013, 103.44, 0.998, 51.72, 0.997, 34.48, 0.994, 0.00, 0.000
13299,141888, 103.44, 0.00, 0.998, 0.000, 0.000018, 0.000004,0,0,0, 0.000030, 0.000022, 0.000020, 0.000013, 103.44, 0.998, 51.72, 0.998, 34.48, 0.997, 0.00, 0.000
13300,141898, 103.44, 0.00, 0.997, 0.000, 0.000019, 0.000004,0,0,0, 0.000030, 0.000020, 0.000020, 0.000014, 103.44, 0.997, 34.58, 0.996, 51.72, 0.994, 0.00, 0.000
13301,141909, 34.58, 0.00, 0.998, 0.000, 0.000019, 0.000004,0,0,0, 0.000030, 0.000020, 0.000020, 0.000014, 34.58, 0.998, 103.44, 0.997, 51.94, 0.995, 0.00, 0.000
13302,141920, 51.72, 0.00, 0.998, 0.000, 0.000019, 0.000004,0,0,0, 0.000030, 0.000020, 0.000020, 0.000013, 51.72, 0.998, 103.44, 0.997, 34.48, 0.995, 0.00, 0.000
13303,141930, 34.38, 0.00, 0.998, 0.000, 0.000019, 0.000004,0,0,0, 0.000030, 0.000020, 0.000020, 0.000013, 34.38, 0.998, 103.44, 0.995, 51.50, 0.995, 0.00, 0.000
13304,141941, 34.09, 0.00, 0.994, 0.000, 0.000019, 0.000004,0,0,0, 0.000030, 0.000020, 0.000020, 0.000013, 34.09, 0.994, 102.56, 0.988, 51.06, 0.984, 0.00, 0.000
13305,141952, 33.99, 0.00, 0.987, 0.000, 0.000019, 0.000005,0,0,0, 0.000030, 0.000021, 0.000020, 0.000013, 33.99, 0.987, 50.84, 0.984, 102.56, 0.982, 0.00, 0.000
13306,141962, 34.09, 0.00, 0.985, 0.000, 0.000019, 0.000007,0,0,0, 0.000030, 0.000021, 0.000021, 0.000014, 34.09, 0.985, 51.06, 0.972, 101.69, 0.967, 0.00, 0.000
13307,141973, 102.56, 0.00, 0.887, 0.000, 0.000018, 0.000004,0,0,0, 0.000030, 0.000017, 0.000019, 0.000012, 102.56, 0.887, 51.28, 0.848, 33.99, 0.752, 0.00, 0.000
13308,141984, 31.00, 0.00, 0.747, 0.000, 0.000019, 0.000013,0,0,0, 0.000030, 0.000024, 0.000024, 0.000015, 31.00, 0.747, 101.69, 0.561, 48.38, 0.468, 44.28, 0.436
13309,141994, 43.95, 0.00, 0.559, 0.000, 0.000017, 0.000009,0,0,0, 0.000030, 0.000030, 0.000012, 0.000005, 43.95, 0.559, 80.53, 0.409, 99.17, 0.391, 30.37, 0.390
13310,142005, 76.92, 0.00, 0.403, 0.000, 0.000015, 0.000006,0,0,0, 0.000030, 0.000030, 0.000004, 0.000000, 76.92, 0.403, 34.58, 0.239, 43.63, 0.188, 38.58, 0.183
13311,142016, 125.00, 0.00, 0.347, 0.000, 0.000020, 0.000023,0,0,0, 0.000030, 0.000018, 0.000026, 0.000013, 125.00, 0.347, 31.16, 0.140, 32.78, 0.100, 240.00, 0.002
13312,142026, 230.76, 0.00, 0.310, 0.000, 0.000019, 0.000016,0,0,0, 0.000030, 0.000008, 0.000022, 0.000006, 230.76, 0.310, 102.56, 0.239, 71.42, 0.065, 0.00, 0.000
13313,142037, 45.80, 0.00, 0.379, 0.000, 0.000020, 0.000019,0,0,0, 0.000030, 0.000012, 0.000026, 0.000010, 45.80, 0.379, 86.95, 0.313, 38.21, 0.168, 230.76, 0.142
13314,142048, 31.25, 0.00, 0.573, 0.000, 0.000020, 0.000013,0,0,0, 0.000030, 0.000015, 0.000025, 0.000012, 31.25, 0.573, 102.56, 0.443, 45.80, 0.420, 230.76, 0.005
13315,142058, 96.77, 0.00, 0.511, 0.000, 0.000021, 0.000009,0,0,0, 0.000030, 0.000021, 0.000024, 0.000014, 96.77, 0.511, 48.38, 0.477, 32.34, 0.247, 0.00, 0.000
13316,142069, 96.77, 0.00, 0.637, 0.000, 0.000020, 0.000013,0,0,0, 0.000030, 0.000027, 0.000024, 0.000012, 96.77, 0.637, 48.00, 0.446, 32.87, 0.362, 0.00, 0.000
13317,142080, 46.69, 0.00, 0.624, 0.000, 0.000020, 0.000009,0,0,0, 0.000030, 0.000022, 0.000022, 0.000013, 46.69, 0.624, 93.02, 0.579, 0.00, 0.000, 0.00, 0.000
13318,142090, 31.25, 0.00, 0.945, 0.000, 0.000019, 0.000006,0,0,0, 0.000030, 0.000021, 0.000021, 0.000013, 31.25, 0.945, 46.51, 0.694, 93.75, 0.674, 0.00, 0.000
13319,142101, 94.48, 0.00, 0.748, 0.000, 0.000019, 0.000004,0,0,0, 0.000030, 0.000019, 0.000020, 0.000013, 94.48, 0.748, 47.05, 0.662, 31.16, 0.507, 0.00, 0.000
13320,142112, 95.23, 0.00, 0.879, 0.000, 0.000019, 0.000007,0,0,0, 0.000030, 0.000022, 0.000022, 0.000013, 95.23, 0.879, 47.43, 0.877, 31.57, 0.864, 0.00, 0.000
13321,142122, 47.24, 0.00, 0.970, 0.000, 0.000018, 0.000005,0,0,0, 0.000030, 0.000018, 0.000020, 0.000013, 47.24, 0.970, 94.48, 0.847, 31.57, 0.812, 0.00, 0.000
13322,142133, 31.00, 0.00, 0.986, 0.000, 0.000019, 0.000010,0,0,0, 0.000030, 0.000019, 0.000023, 0.000013, 31.00, 0.986, 47.05, 0.912, 91.60, 0.869, 0.00, 0.000
13323,142144, 31.16, 0.00, 0.895, 0.000, 0.000020, 0.000007,0,0,0, 0.000030, 0.000023, 0.000022, 0.000014, 31.16, 0.895, 91.60, 0.809, 46.87, 0.748, 0.00, 0.000
13324,142154, 31.08, 0.00, 0.956, 0.000, 0.000019, 0.000005,0,0,0, 0.000030, 0.000019, 0.000020, 0.000013, 31.08, 0.956, 47.43, 0.797, 91.60, 0.764, 0.00, 0.000
13325,142165, 47.24, 0.00, 0.913, 0.000, 0.000019, 0.000006,0,0,0, 0.000030, 0.000021, 0.000022, 0.000013, 47.24, 0.913, 31.41, 0.874, 93.02, 0.733, 0.00, 0.000
13326,142176, 47.05, 0.00, 0.882, 0.000, 0.000019, 0.000005,0,0,0, 0.000030, 0.000021, 0.000021, 0.000013, 47.05, 0.882, 94.48, 0.826, 31.41, 0.795, 0.00, 0.000
13327,142186, 31.16, 0.00, 0.944, 0.000, 0.000019, 0.000005,0,0,0, 0.000030, 0.000020, 0.000021, 0.000013, 31.16, 0.944, 93.75, 0.933, 46.87, 0.929, 0.00, 0.000
13328,142197, 93.75, 0.00, 0.900, 0.000, 0.000018, 0.000006,0,0,0, 0.000030, 0.000021, 0.000021, 0.000012, 93.75, 0.900, 46.51, 0.854, 31.00, 0.837, 0.00, 0.000
13329,142208, 31.16, 0.00, 0.934, 0.000, 0.000019, 0.000009,0,0,0, 0.000030, 0.000022, 0.000021, 0.000013, 31.16, 0.934, 46.33, 0.840, 93.75, 0.832, 0.00, 0.000
13330,142218, 31.57, 0.00, 0.917, 0.000, 0.000018, 0.000006,0,0,0, 0.000030, 0.000019, 0.000020, 0.000013, 31.57, 0.917, 47.24, 0.778, 94.48, 0.756, 0.00, 0.000
13331,142229, 97.56, 0.00, 0.770, 0.000, 0.000019, 0.000011,0,0,0, 0.000030, 0.000015, 0.000023, 0.000011, 97.56, 0.770, 31.00, 0.649, 47.24, 0.572, 35.19, 0.045
13332,142240, 93.75, 0.00, 0.765, 0.000, 0.000020, 0.000013,0,0,0, 0.000030, 0.000017, 0.000024, 0.000013, 93.75, 0.765, 46.69, 0.702, 32.34, 0.673, 31.00, 0.660
13333,142250, 31.33, 0.00, 0.878, 0.000, 0.000020, 0.000009,0,0,0, 0.000030, 0.000017, 0.000024, 0.000012, 31.33, 0.878, 46.87, 0.865, 93.75, 0.848, 0.00, 0.000
13334,142261, 93.75, 0.00, 0.828, 0.000, 0.000020, 0.000008,0,0,0, 0.000030, 0.000022, 0.000023, 0.000014, 93.75, 0.828, 46.87, 0.750, 31.66, 0.531, 0.00, 0.000
13335,142272, 93.75, 0.00, 0.871, 0.000, 0.000019, 0.000005,0,0,0, 0.000030, 0.000022, 0.000020, 0.000013, 93.75, 0.871, 31.41, 0.707, 47.43, 0.693, 43.47, 0.667
13336,142282, 93.02, 0.00, 0.838, 0.000, 0.000019, 0.000010,0,0,0, 0.000030, 0.000024, 0.000022, 0.000013, 93.02, 0.838, 46.33, 0.783, 31.41, 0.580, 0.00, 0.000
13337,142293, 31.57, 0.00, 0.948, 0.000, 0.000019, 0.000007,0,0,0, 0.000030, 0.000022, 0.000021, 0.000013, 31.57, 0.948, 46.87, 0.863, 93.75, 0.849, 0.00, 0.000
13338,142304, 95.23, 0.00, 0.755, 0.000, 0.000019, 0.000005,0,0,0, 0.000030, 0.000017, 0.000021, 0.000012, 95.23, 0.755, 47.61, 0.744, 31.00, 0.709, 0.00, 0.000
13339,142314, 96.00, 0.00, 0.807, 0.000, 0.000019, 0.000010,0,0,0, 0.000030, 0.000017, 0.000023, 0.000013, 96.00, 0.807, 46.33, 0.624, 31.08, 0.582, 0.00, 0.000
13340,142325, 30.30, 0.00, 0.885, 0.000, 0.000020, 0.000010,0,0,0, 0.000030, 0.000023, 0.000023, 0.000014, 30.30, 0.885, 93.75, 0.751, 46.51, 0.647, 0.00, 0.000
13341,142336, 31.25, 0.00, 0.968, 0.000, 0.000019, 0.000007,0,0,0, 0.000030, 0.000018, 0.000019, 0.000012, 31.25, 0.968, 46.51, 0.769, 94.48, 0.711, 0.00, 0.000
13342,142346, 31.25, 0.00, 0.848, 0.000, 0.000019, 0.000008,0,0,0, 0.000030, 0.000020, 0.000022, 0.000013, 31.25, 0.848, 47.24, 0.783, 93.75, 0.679, 0.00, 0.000
13343,142357, 47.61, 0.00, 0.813, 0.000, 0.000019, 0.000008,0,0,0, 0.000030, 0.000017, 0.000022, 0.000013, 47.61, 0.813, 95.23, 0.766, 31.41, 0.628, 0.00, 0.000
13344,142368, 46.69, 0.00, 0.969, 0.000, 0.000019, 0.000009,0,0,0, 0.000030, 0.000020, 0.000023, 0.000013, 46.69, 0.969, 31.25, 0.861, 94.48, 0.844, 0.00, 0.000
13345,142378, 93.75, 0.00, 0.795, 0.000, 0.000019, 0.000007,0,0,0, 0.000030, 0.000025, 0.000021, 0.000013, 93.75, 0.795, 46.69, 0.776, 31.08, 0.692, 0.00, 0.000
13346,142389, 93.02, 0.00, 0.747, 0.000, 0.000019, 0.000007,0,0,0, 0.000030, 0.000021, 0.000021, 0.000013, 93.02, 0.747, 30.45, 0.745, 46.51, 0.736, 0.00, 0.000
13347,142400, 31.49, 0.00, 0.984, 0.000, 0.000019, 0.000005,0,0,0, 0.000030, 0.000020, 0.000020, 0.000013, 31.49, 0.984, 46.87, 0.779, 96.00, 0.754, 0.00, 0.000
13348,142410, 95.23, 0.00, 0.829, 0.000, 0.000019, 0.000007,0,0,0, 0.000030, 0.000019, 0.000022, 0.000013, 95.23, 0.829, 47.61, 0.780, 31.25, 0.657, 0.00, 0.000
13349,142421, 31.74, 0.00, 0.935, 0.000, 0.000019, 0.000007,0,0,0, 0.000030, 0.000020, 0.000022, 0.000013, 31.74, 0.935, 95.23, 0.929, 47.05, 0.913, 0.00, 0.000
13350,142432, 30.92, 0.00, 0.990, 0.000, 0.000019, 0.000007,0,0,0, 0.000030, 0.000020, 0.000022, 0.000013, 30.92, 0.990, 46.69, 0.972, 93.02, 0.967, 0.00, 0.000
13351,142442, 31.33, 0.00, 0.990, 0.000, 0.000018, 0.000005,0,0,0, 0.000030, 0.000019, 0.000021, 0.000013, 31.33, 0.990, 46.69, 0.956, 93.75, 0.948, 0.00, 0.000
13352,142453, 93.02, 0.00, 0.953, 0.000, 0.000019, 0.000008,0,0,0, 0.000030, 0.000019, 0.000022, 0.000013, 93.02, 0.953, 47.05, 0.951, 31.16, 0.950, 0.00, 0.000
13353,142464, 94.48, 0.00, 0.969, 0.000, 0.000019, 0.000008,0,0,0, 0.000030, 0.000019, 0.000022, 0.000013, 94.48, 0.969, 47.24, 0.961, 31.57, 0.949, 0.00, 0.000
13354,142474, 47.24, 0.00, 0.974, 0.000, 0.000019, 0.000007,0,0,0, 0.000030, 0.000018, 0.000022, 0.000013, 47.24, 0.974, 94.48, 0.971, 31.57, 0.956, 0.00, 0.000
13355,142485, 94.48, 0.00, 0.969, 0.000, 0.000019, 0.000010,0,0,0, 0.000030, 0.000018, 0.000023, 0.000013, 94.48, 0.969, 31.41, 0.960, 47.24, 0.947, 0.00, 0.000
13356,142496, 31.16, 0.00, 0.996, 0.000, 0.000019, 0.000008,0,0,0, 0.000030, 0.000019, 0.000023, 0.000013, 31.16, 0.996, 93.75, 0.949, 46.69, 0.930, 0.00, 0.000
13357,142506, 30.76, 0.00, 0.983, 0.000, 0.000019, 0.000008,0,0,0, 0.000030, 0.000018, 0.000023, 0.000013, 30.76, 0.983, 45.97, 0.964, 92.30, 0.956, 0.00, 0.000
13358,142517, 31.08, 0.00, 0.969, 0.000, 0.000019, 0.000007,0,0,0, 0.000030, 0.000019, 0.000022, 0.000013, 31.08, 0.969, 46.33, 0.957, 93.02, 0.929, 0.00, 0.000
13359,142528, 31.16, 0.00, 0.993, 0.000, 0.000019, 0.000007,0,0,0, 0.000030, 0.000019, 0.000022, 0.000013, 31.16, 0.993, 47.24, 0.956, 93.75, 0.947, 0.00, 0.000
13360,142538, 31.41, 0.00, 0.978, 0.000, 0.000019, 0.000007,0,0,0, 0.000030, 0.000017, 0.000022, 0.000012, 31.41, 0.978, 94.48, 0.955, 47.24, 0.953, 0.00, 0.000
13361,142549, 46.69, 0.00, 0.915, 0.000, 0.000019, 0.000008,0,0,0, 0.000030, 0.000021, 0.000023, 0.000014, 46.69, 0.915, 93.75, 0.896, 31.25, 0.872, 0.00, 0.000
13362,142560, 30.92, 0.00, 0.965, 0.000, 0.000019, 0.000006,0,0,0, 0.000030, 0.000020, 0.000021, 0.000013, 30.92, 0.965, 93.02, 0.879, 46.33, 0.871, 0.00, 0.000
13363,142570, 46.33, 0.00, 0.925, 0.000, 0.000019, 0.000005,0,0,0, 0.000030, 0.000021, 0.000021, 0.000013, 46.33, 0.925, 93.02, 0.869, 31.25, 0.749, 0.00, 0.000
13364,142581, 31.41, 0.00, 0.968, 0.000, 0.000019, 0.000005,0,0,0, 0.000030, 0.000021, 0.000020, 0.000013, 31.41, 0.968, 46.87, 0.939, 95.23, 0.912, 0.00, 0.000
13365,142592, 31.41, 0.00, 0.914, 0.000, 0.000019, 0.000006,0,0,0, 0.000030, 0.000018, 0.000022, 0.000013, 31.41, 0.914, 96.00, 0.894, 47.43, 0.876, 0.00, 0.000
13366,142602, 31.41, 0.00, 0.902, 0.000, 0.000019, 0.000009,0,0,0, 0.000030, 0.000020, 0.000022, 0.000013, 31.41, 0.902, 95.23, 0.897, 46.87, 0.877, 0.00, 0.000
13367,142613, 31.08, 0.00, 0.947, 0.000, 0.000019, 0.000007,0,0,0, 0.000030, 0.000019, 0.000022, 0.000013, 31.08, 0.947, 46.69, 0.946, 93.02, 0.915, 0.00, 0.000
13368,142624, 31.41, 0.00, 0.962, 0.000, 0.000019, 0.000006,0,0,0, 0.000030, 0.000019, 0.000022, 0.000013, 31.41, 0.962, 46.87, 0.947, 94.48, 0.933, 0.00, 0.000
13369,142634, 47.24, 0.00, 0.947, 0.000, 0.000019, 0.000007,0,0,0, 0.000030, 0.000021, 0.000022, 0.000014, 47.24, 0.947, 31.16, 0.935, 93.75, 0.922, 0.00, 0.000
13370,142645, 31.33, 0.00, 0.947, 0.000, 0.000019, 0.000005,0,0,0, 0.000030, 0.000021, 0.000020, 0.000013, 31.33, 0.947, 94.48, 0.935, 46.69, 0.913, 0.00, 0.000
13371,142656, 31.25, 0.00, 0.952, 0.000, 0.000018, 0.000005,0,0,0, 0.000030, 0.000020, 0.000021, 0.000013, 31.25, 0.952, 93.75, 0.950, 46.87, 0.939, 0.00, 0.000
13372,142666, 31.25, 0.00, 0.996, 0.000, 0.000019, 0.000006,0,0,0, 0.000030, 0.000021, 0.000021, 0.000013, 31.25, 0.996, 46.87, 0.982, 93.75, 0.978, 0.00, 0.000
13373,142677, 46.87, 0.00, 0.908, 0.000, 0.000018, 0.000005,0,0,0, 0.000030, 0.000017, 0.000021, 0.000012, 46.87, 0.908, 93.75, 0.898, 31.49, 0.767, 0.00, 0.000
13374,142688, 31.08, 0.00, 0.950, 0.000, 0.000019, 0.000011,0,0,0, 0.000030, 0.000019, 0.000023, 0.000013, 31.08, 0.950, 93.02, 0.869, 47.05, 0.864, 0.00, 0.000
13375,142698, 46.33, 0.00, 0.903, 0.000, 0.000019, 0.000009,0,0,0, 0.000030, 0.000017, 0.000023, 0.000012, 46.33, 0.903, 93.02, 0.825, 30.84, 0.716, 0.00, 0.000
13376,142709, 31.16, 0.00, 0.972, 0.000, 0.000019, 0.000010,0,0,0, 0.000030, 0.000017, 0.000023, 0.000012, 31.16, 0.972, 46.33, 0.870, 94.48, 0.860, 0.00, 0.000
13377,142720, 31.08, 0.00, 0.976, 0.000, 0.000020, 0.000010,0,0,0, 0.000030, 0.000020, 0.000024, 0.000013, 31.08, 0.976, 95.23, 0.842, 47.24, 0.828, 0.00, 0.000
13378,142730, 31.41, 0.00, 0.884, 0.000, 0.000019, 0.000007,0,0,0, 0.000030, 0.000019, 0.000022, 0.000013, 31.41, 0.884, 96.00, 0.878, 46.87, 0.837, 0.00, 0.000
13379,142741, 46.87, 0.00, 0.760, 0.000, 0.000019, 0.000007,0,0,0, 0.000030, 0.000026, 0.000022, 0.000012, 46.87, 0.760, 94.48, 0.754, 31.41, 0.502, 0.00, 0.000
13380,142752, 30.61, 0.00, 0.799, 0.000, 0.000019, 0.000009,0,0,0, 0.000030, 0.000023, 0.000022, 0.000013, 30.61, 0.799, 94.48, 0.679, 46.51, 0.660, 43.16, 0.652
13381,142762, 31.08, 0.00, 0.729, 0.000, 0.000019, 0.000007,0,0,0, 0.000030, 0.000023, 0.000021, 0.000013, 31.08, 0.729, 46.69, 0.683, 93.75, 0.683, 0.00, 0.000
13382,142773, 47.43, 0.00, 0.828, 0.000, 0.000018, 0.000005,0,0,0, 0.000030, 0.000022, 0.000020, 0.000013, 47.43, 0.828, 94.48, 0.815, 31.41, 0.654, 0.00, 0.000
13383,142784, 95.23, 0.00, 0.922, 0.000, 0.000018, 0.000003,0,0,0, 0.000030, 0.000020, 0.000020, 0.000013, 95.23, 0.922, 47.61, 0.884, 32.25, 0.813, 32.00, 0.812
13384,142794, 93.75, 0.00, 0.922, 0.000, 0.000019, 0.000008,0,0,0, 0.000030, 0.000019, 0.000022, 0.000013, 93.75, 0.922, 47.43, 0.824, 31.33, 0.783, 0.00, 0.000
13385,142805, 93.75, 0.00, 0.933, 0.000, 0.000019, 0.000007,0,0,0, 0.000030, 0.000020, 0.000022, 0.000013, 93.75, 0.933, 46.87, 0.915, 31.41, 0.887, 0.00, 0.000
13386,142816, 31.08, 0.00, 0.993, 0.000, 0.000019, 0.000007,0,0,0, 0.000030, 0.000020, 0.000022, 0.000013, 31.08, 0.993, 46.87, 0.990, 93.02, 0.970, 0.00, 0.000
13387,142826, 31.66, 0.00, 0.981, 0.000, 0.000019, 0.000006,0,0,0, 0.000030, 0.000019, 0.000022, 0.000013, 31.66, 0.981, 47.05, 0.968, 94.48, 0.958, 0.00, 0.000
13388,142837, 94.48, 0.00, 0.963, 0.000, 0.000019, 0.000009,0,0,0, 0.000030, 0.000018, 0.000022, 0.000013, 94.48, 0.963, 47.61, 0.940, 31.57, 0.933, 0.00, 0.000
13389,142848, 31.25, 0.00, 0.994, 0.000, 0.000019, 0.000009,0,0,0, 0.000030, 0.000019, 0.000023, 0.000013, 31.25, 0.994, 93.75, 0.916, 47.05, 0.882, 0.00, 0.000
13390,142858, 46.15, 0.00, 0.948, 0.000, 0.000019, 0.000006,0,0,0, 0.000030, 0.000020, 0.000022, 0.000013, 46.15, 0.948, 31.08, 0.946, 93.75, 0.938, 0.00, 0.000
13391,142869, 92.30, 0.00, 0.948, 0.000, 0.000019, 0.000006,0,0,0, 0.000030, 0.000020, 0.000022, 0.000013, 92.30, 0.948, 46.69, 0.942, 30.92, 0.920, 0.00, 0.000
13392,142880, 93.75, 0.00, 0.956, 0.000, 0.000019, 0.000007,0,0,0, 0.000030, 0.000018, 0.000022, 0.000013, 93.75, 0.956, 47.05, 0.946, 31.25, 0.945, 0.00, 0.000
13393,142890, 31.33, 0.00, 0.994, 0.000, 0.000019, 0.000007,0,0,0, 0.000030, 0.000020, 0.000022, 0.000013, 31.33, 0.994, 47.05, 0.948, 93.75, 0.932, 0.00, 0.000
13394,142901, 30.84, 0.00, 0.952, 0.000, 0.000019, 0.000008,0,0,0, 0.000030, 0.000019, 0.000022, 0.000013, 30.84, 0.952, 46.69, 0.941, 92.30, 0.894, 0.00, 0.000
13395,142912, 31.57, 0.00, 0.964, 0.000, 0.000019, 0.000006,0,0,0, 0.000030, 0.000017, 0.000022, 0.000012, 31.57, 0.964, 46.33, 0.879, 96.00, 0.826, 0.00, 0.000
13396,142922, 30.92, 0.00, 0.973, 0.000, 0.000020, 0.000010,0,0,0, 0.000030, 0.000021, 0.000023, 0.000014, 30.92, 0.973, 47.24, 0.850, 93.02, 0.761, 0.00, 0.000
13397,142933, 46.51, 0.00, 0.920, 0.000, 0.000019, 0.000007,0,0,0, 0.000030, 0.000017, 0.000021, 0.000012, 46.51, 0.920, 31.74, 0.873, 96.00, 0.711, 0.00, 0.000
13398,142944, 46.51, 0.00, 0.982, 0.000, 0.000019, 0.000010,0,0,0, 0.000030, 0.000021, 0.000023, 0.000014, 46.51, 0.982, 31.08, 0.736, 93.02, 0.706, 0.00, 0.000
13399,142954, 31.33, 0.00, 0.982, 0.000, 0.000019, 0.000007,0,0,0, 0.000030, 0.000021, 0.000020, 0.000013, 31.33, 0.982, 46.87, 0.844, 94.48, 0.794, 0.00, 0.000
13400,142965, 31.25, 0.00, 0.866, 0.000, 0.000018, 0.000005,0,0,0, 0.000030, 0.000019, 0.000020, 0.000013, 31.25, 0.866, 94.48, 0.845, 47.24, 0.774, 0.00, 0.000
13401,142976, 31.25, 0.00, 0.987, 0.000, 0.000019, 0.000008,0,0,0, 0.000030, 0.000021, 0.000022, 0.000014, 31.25, 0.987, 46.87, 0.917, 93.75, 0.883, 0.00, 0.000
13402,142986, 46.69, 0.00, 0.986, 0.000, 0.000019, 0.000006,0,0,0, 0.000030, 0.000018, 0.000021, 0.000013, 46.69, 0.986, 93.75, 0.805, 31.25, 0.776, 0.00, 0.000
13403,142997, 31.16, 0.00, 0.960, 0.000, 0.000019, 0.000009,0,0,0, 0.000030, 0.000020, 0.000023, 0.000013, 31.16, 0.960, 46.87, 0.941, 93.02, 0.826, 0.00, 0.000
13404,143008, 47.24, 0.00, 0.931, 0.000, 0.000019, 0.000006,0,0,0, 0.000030, 0.000019, 0.000021, 0.000013, 47.24, 0.931, 94.48, 0.873, 31.57, 0.858, 0.00, 0.000
13405,143018, 31.49, 0.00, 0.980, 0.000, 0.000019, 0.000008,0,0,0, 0.000030, 0.000018, 0.000022, 0.000013, 31.49, 0.980, 94.48, 0.928, 47.24, 0.910, 0.00, 0.000
13406,143029, 94.48, 0.00, 0.958, 0.000, 0.000019, 0.000009,0,0,0, 0.000030, 0.000018, 0.000023, 0.000013, 94.48, 0.958, 47.24, 0.908, 31.57, 0.908, 0.00, 0.000
13407,143040, 46.87, 0.00, 0.962, 0.000, 0.000019, 0.000009,0,0,0, 0.000030, 0.000017, 0.000023, 0.000012, 46.87, 0.962, 93.75, 0.953, 31.25, 0.883, 0.00, 0.000
13408,143050, 46.69, 0.00, 0.952, 0.000, 0.000020, 0.000009,0,0,0, 0.000030, 0.000019, 0.000023, 0.000013, 46.69, 0.952, 93.75, 0.935, 31.08, 0.898, 0.00, 0.000
13409,143061, 93.75, 0.00, 0.932, 0.000, 0.000019, 0.000006,0,0,0, 0.000030, 0.000020, 0.000022, 0.000013, 93.75, 0.932, 31.08, 0.894, 46.33, 0.879, 0.00, 0.000
13410,143072, 93.75, 0.00, 0.944, 0.000, 0.000019, 0.000005,0,0,0, 0.000030, 0.000020, 0.000022, 0.000013, 93.75, 0.944, 47.05, 0.897, 31.33, 0.785, 0.00, 0.000
13411,143082, 93.02, 0.00, 0.926, 0.000, 0.000019, 0.000006,0,0,0, 0.000030, 0.000023, 0.000021, 0.000012, 93.02, 0.926, 46.51, 0.889, 31.16, 0.825, 0.00, 0.000
13412,143093, 31.00, 0.00, 0.980, 0.000, 0.000019, 0.000007,0,0,0, 0.000030, 0.000020, 0.000021, 0.000013, 31.00, 0.980, 46.33, 0.914, 93.02, 0.874, 0.00, 0.000
13413,143104, 31.08, 0.00, 0.995, 0.000, 0.000018, 0.000006,0,0,0, 0.000030, 0.000020, 0.000021, 0.000013, 31.08, 0.995, 46.69, 0.905, 93.75, 0.869, 0.00, 0.000
13414,143114, 93.75, 0.00, 0.912, 0.000, 0.000018, 0.000007,0,0,0, 0.000030, 0.000019, 0.000021, 0.000013, 93.75, 0.912, 47.05, 0.875, 31.25, 0.781, 0.00, 0.000
13415,143125, 93.75, 0.00, 0.959, 0.000, 0.000019, 0.000009,0,0,0, 0.000030, 0.000020, 0.000022, 0.000013, 93.75, 0.959, 31.33, 0.957, 47.05, 0.945, 0.00, 0.000
13416,143136, 46.87, 0.00, 0.963, 0.000, 0.000019, 0.000008,0,0,0, 0.000030, 0.000017, 0.000022, 0.000013, 46.87, 0.963, 93.75, 0.919, 31.25, 0.827, 0.00, 0.000
13417,143146, 31.16, 0.00, 0.990, 0.000, 0.000019, 0.000009,0,0,0, 0.000030, 0.000018, 0.000023, 0.000013, 31.16, 0.990, 46.87, 0.951, 93.75, 0.923, 0.00, 0.000
13418,143157, 31.16, 0.00, 0.951, 0.000, 0.000019, 0.000007,0,0,0, 0.000030, 0.000021, 0.000023, 0.000014, 31.16, 0.951, 93.75, 0.895, 47.05, 0.869, 0.00, 0.000
13419,143168, 31.33, 0.00, 0.916, 0.000, 0.000019, 0.000005,0,0,0, 0.000030, 0.000019, 0.000021, 0.000013, 31.33, 0.916, 94.48, 0.906, 46.87, 0.877, 0.00, 0.000
13420,143178, 47.05, 0.00, 0.980, 0.000, 0.000019, 0.000006,0,0,0, 0.000030, 0.000021, 0.000022, 0.000014, 47.05, 0.980, 93.75, 0.887, 31.33, 0.865, 0.00, 0.000
13421,143189, 47.24, 0.00, 0.988, 0.000, 0.000019, 0.000005,0,0,0, 0.000030, 0.000018, 0.000021, 0.000013, 47.24, 0.988, 94.48, 0.874, 31.49, 0.848, 0.00, 0.000
13422,143200, 31.57, 0.00, 0.942, 0.000, 0.000019, 0.000008,0,0,0, 0.000030, 0.000018, 0.000022, 0.000013, 31.57, 0.942, 95.23, 0.894, 47.24, 0.885, 0.00, 0.000
13423,143210, 31.25, 0.00, 0.993, 0.000, 0.000019, 0.000009,0,0,0, 0.000030, 0.000021, 0.000023, 0.000014, 31.25, 0.993, 94.48, 0.857, 47.05, 0.810, 0.00, 0.000
13424,143221, 31.33, 0.00, 0.983, 0.000, 0.000019, 0.000006,0,0,0, 0.000030, 0.000018, 0.000021, 0.000013, 31.33, 0.983, 46.51, 0.904, 94.48, 0.840, 0.00, 0.000
13425,143232, 46.69, 0.00, 0.971, 0.000, 0.000019, 0.000008,0,0,0, 0.000030, 0.000020, 0.000022, 0.000013, 46.69, 0.971, 31.00, 0.864, 93.02, 0.812, 0.00, 0.000
13426,143242, 46.87, 0.00, 0.964, 0.000, 0.000019, 0.000006,0,0,0, 0.000030, 0.000019, 0.000022, 0.000013, 46.87, 0.964, 93.75, 0.856, 31.25, 0.855, 0.00, 0.000
13427,143253, 31.16, 0.00, 0.990, 0.000, 0.000019, 0.000008,0,0,0, 0.000030, 0.000018, 0.000022, 0.000013, 31.16, 0.990, 46.69, 0.930, 93.75, 0.923, 0.00, 0.000
13428,143264, 93.75, 0.00, 0.830, 0.000, 0.000019, 0.000009,0,0,0, 0.000030, 0.000027, 0.000023, 0.000011, 93.75, 0.830, 46.87, 0.728, 31.00, 0.609, 0.00, 0.000
13429,143274, 94.48, 0.00, 0.660, 0.000, 0.000019, 0.000011,0,0,0, 0.000030, 0.000024, 0.000022, 0.000012, 94.48, 0.660, 46.69, 0.556, 42.85, 0.518, 0.00, 0.000
13430,143285, 31.25, 0.00, 0.740, 0.000, 0.000018, 0.000008,0,0,0, 0.000030, 0.000015, 0.000018, 0.000012, 31.25, 0.740, 94.48, 0.468, 46.33, 0.443, 0.00, 0.000
13431,143296, 96.77, 0.00, 0.370, 0.000, 0.000016, 0.000005,0,0,0, 0.000000, 0.000000, 0.000004, 0.000001, 96.77, 0.370, 120.00, 0.236, 46.33, 0.209, 0.00, 0.000
13432,143306, 32.78, 0.00, 0.688, 0.000, 0.000020, 0.000022,0,0,0, 0.000030, 0.000021, 0.000026, 0.000015, 32.78, 0.688, 49.38, 0.357, 96.77, 0.169, 0.00, 0.000
13433,143317, 44.28, 0.00, 0.389, 0.000, 0.000021, 0.000016,0,0,0, 0.000030, 0.000017, 0.000025, 0.000012, 44.28, 0.389, 47.61, 0.331, 71.00, 0.222, 0.00, 0.000
13434,143328, 40.54, 0.00, 0.595, 0.000, 0.000020, 0.000011,0,0,0, 0.000030, 0.000022, 0.000022, 0.000013, 40.54, 0.595, 63.49, 0.337, 71.42, 0.196, 31.49, 0.068
13435,143338, 40.81, 0.00, 0.740, 0.000, 0.000020, 0.000009,0,0,0, 0.000030, 0.000020, 0.000023, 0.000013, 40.81, 0.740, 75.47, 0.362, 0.00, 0.000, 0.00, 0.000
13436,143349, 41.52, 0.00, 0.780, 0.000, 0.000019, 0.000006,0,0,0, 0.000030, 0.000021, 0.000021, 0.000013, 41.52, 0.780, 90.22, 0.589, 0.00, 0.000, 0.00, 0.000
13437,143360, 41.37, 0.00, 0.895, 0.000, 0.000020, 0.000007,0,0,0, 0.000030, 0.000019, 0.000022, 0.000014, 41.37, 0.895, 77.92, 0.778, 0.00, 0.000, 0.00, 0.000
13438,143370, 41.66, 0.00, 0.974, 0.000, 0.000019, 0.000005,0,0,0, 0.000030, 0.000021, 0.000021, 0.000013, 41.66, 0.974, 84.50, 0.833, 0.00, 0.000, 0.00, 0.000
13439,143381, 41.37, 0.00, 0.981, 0.000, 0.000020, 0.000009,0,0,0, 0.000030, 0.000020, 0.000023, 0.000012, 41.37, 0.981, 82.19, 0.872, 0.00, 0.000, 0.00, 0.000
13440,143392, 41.52, 0.00, 0.971, 0.000, 0.000019, 0.000006,0,0,0, 0.000030, 0.000022, 0.000021, 0.000014, 41.52, 0.971, 82.75, 0.891, 0.00, 0.000, 0.00, 0.000
13441,143402, 41.52, 0.00, 0.981, 0.000, 0.000020, 0.000010,0,0,0, 0.000030, 0.000024, 0.000023, 0.000013, 41.52, 0.981, 82.75, 0.878, 0.00, 0.000, 0.00, 0.000
13442,143413, 41.81, 0.00, 0.969, 0.000, 0.000020, 0.000007,0,0,0, 0.000030, 0.000022, 0.000022, 0.000013, 41.81, 0.969, 84.50, 0.880, 0.00, 0.000, 0.00, 0.000
13443,143424, 41.81, 0.00, 0.982, 0.000, 0.000019, 0.000005,0,0,0, 0.000030, 0.000024, 0.000021, 0.000011, 41.81, 0.982, 81.63, 0.858, 0.00, 0.000, 0.00, 0.000
13444,143434, 41.23, 0.00, 0.984, 0.000, 0.000019, 0.000009,0,0,0, 0.000030, 0.000021, 0.000023, 0.000014, 41.23, 0.984, 80.53, 0.855, 0.00, 0.000, 0.00, 0.000
13445,143445, 41.52, 0.00, 0.986, 0.000, 0.000019, 0.000006,0,0,0, 0.000030, 0.000020, 0.000021, 0.000014, 41.52, 0.986, 86.33, 0.825, 0.00, 0.000, 0.00, 0.000
13446,143456, 41.23, 0.00, 0.948, 0.000, 0.000020, 0.000011,0,0,0, 0.000030, 0.000022, 0.000023, 0.000013, 41.23, 0.948, 78.94, 0.768, 0.00, 0.000, 0.00, 0.000
13447,143466, 41.23, 0.00, 0.955, 0.000, 0.000020, 0.000008,0,0,0, 0.000030, 0.000021, 0.000022, 0.000013, 41.23, 0.955, 88.23, 0.751, 0.00, 0.000, 0.00, 0.000
13448,143477, 41.52, 0.00, 0.972, 0.000, 0.000020, 0.000011,0,0,0, 0.000030, 0.000023, 0.000023, 0.000013, 41.52, 0.972, 78.43, 0.718, 0.00, 0.000, 0.00, 0.000
13449,143488, 41.66, 0.00, 0.994, 0.000, 0.000020, 0.000008,0,0,0, 0.000030, 0.000022, 0.000022, 0.000013, 41.66, 0.994, 88.23, 0.753, 0.00, 0.000, 0.00, 0.000
13450,143498, 41.52, 0.00, 0.997, 0.000, 0.000020, 0.000012,0,0,0, 0.000030, 0.000025, 0.000023, 0.000013, 41.52, 0.997, 78.94, 0.756, 0.00, 0.000, 0.00, 0.000
13451,143509, 41.66, 0.00, 0.981, 0.000, 0.000020, 0.000009,0,0,0, 0.000030, 0.000023, 0.000022, 0.000013, 41.66, 0.981, 87.59, 0.780, 0.00, 0.000, 0.00, 0.000
13452,143520, 41.66, 0.00, 0.977, 0.000, 0.000019, 0.000006,0,0,0, 0.000030, 0.000023, 0.000020, 0.000012, 41.66, 0.977, 84.50, 0.794, 0.00, 0.000, 0.00, 0.000
13453,143530, 41.37, 0.00, 0.996, 0.000, 0.000020, 0.000010,0,0,0, 0.000030, 0.000022, 0.000023, 0.000014, 41.37, 0.996, 81.08, 0.810, 0.00, 0.000, 0.00, 0.000
13454,143541, 41.23, 0.00, 0.995, 0.000, 0.000020, 0.000007,0,0,0, 0.000030, 0.000020, 0.000022, 0.000014, 41.23, 0.995, 84.50, 0.810, 0.00, 0.000, 0.00, 0.000
13455,143552, 41.23, 0.00, 0.987, 0.000, 0.000020, 0.000011,0,0,0, 0.000030, 0.000023, 0.000023, 0.000013, 41.23, 0.987, 81.63, 0.809, 0.00, 0.000, 0.00, 0.000
13456,143562, 41.37, 0.00, 0.985, 0.000, 0.000020, 0.000007,0,0,0, 0.000030, 0.000020, 0.000022, 0.000012, 41.37, 0.985, 84.50, 0.756, 0.00, 0.000, 0.00, 0.000
13457,143573, 41.52, 0.00, 0.989, 0.000, 0.000020, 0.000011,0,0,0, 0.000030, 0.000024, 0.000023, 0.000013, 41.52, 0.989, 81.63, 0.746, 0.00, 0.000, 0.00, 0.000
13458,143584, 41.66, 0.00, 0.997, 0.000, 0.000020, 0.000007,0,0,0, 0.000030, 0.000022, 0.000022, 0.000013, 41.66, 0.997, 83.91, 0.748, 0.00, 0.000, 0.00, 0.000
13459,143594, 41.66, 0.00, 0.992, 0.000, 0.000020, 0.000011,0,0,0, 0.000030, 0.000025, 0.000023, 0.000012, 41.66, 0.992, 82.75, 0.743, 0.00, 0.000, 0.00, 0.000
13460,143605, 41.66, 0.00, 0.995, 0.000, 0.000020, 0.000008,0,0,0, 0.000030, 0.000023, 0.000022, 0.000013, 41.66, 0.995, 83.33, 0.744, 0.00, 0.000, 0.00, 0.000
13461,143616, 41.52, 0.00, 0.982, 0.000, 0.000019, 0.000006,0,0,0, 0.000030, 0.000022, 0.000021, 0.000013, 41.52, 0.982, 82.75, 0.799, 0.00, 0.000, 0.00, 0.000
13462,143626, 41.23, 0.00, 0.995, 0.000, 0.000020, 0.000008,0,0,0, 0.000030, 0.000023, 0.000023, 0.000013, 41.23, 0.995, 83.33, 0.781, 0.00, 0.000, 0.00, 0.000
13463,143637, 41.37, 0.00, 0.995, 0.000, 0.000020, 0.000006,0,0,0, 0.000030, 0.000019, 0.000022, 0.000014, 41.37, 0.995, 81.63, 0.766, 0.00, 0.000, 0.00, 0.000
13464,143648, 41.52, 0.00, 0.987, 0.000, 0.000020, 0.000008,0,0,0, 0.000030, 0.000023, 0.000023, 0.000013, 41.52, 0.987, 82.75, 0.746, 0.00, 0.000, 0.00, 0.000
13465,143658, 41.52, 0.00, 0.997, 0.000, 0.000019, 0.000007,0,0,0, 0.000030, 0.000019, 0.000022, 0.000012, 41.52, 0.997, 84.50, 0.664, 0.00, 0.000, 0.00, 0.000
13466,143669, 41.52, 0.00, 0.994, 0.000, 0.000020, 0.000009,0,0,0, 0.000030, 0.000024, 0.000023, 0.000014, 41.52, 0.994, 80.00, 0.693, 0.00, 0.000, 0.00, 0.000
13467,143680, 41.52, 0.00, 0.997, 0.000, 0.000020, 0.000008,0,0,0, 0.000030, 0.000022, 0.000022, 0.000013, 41.52, 0.997, 86.33, 0.693, 0.00, 0.000, 0.00, 0.000
13468,143690, 41.52, 0.00, 0.999, 0.000, 0.000020, 0.000010,0,0,0, 0.000030, 0.000024, 0.000023, 0.000012, 41.52, 0.999, 80.53, 0.687, 0.00, 0.000, 0.00, 0.000
13469,143701, 41.52, 0.00, 0.999, 0.000, 0.000020, 0.000009,0,0,0, 0.000030, 0.000023, 0.000022, 0.000013, 41.52, 0.999, 85.10, 0.721, 0.00, 0.000, 0.00, 0.000
13470,143712, 41.37, 0.00, 0.985, 0.000, 0.000020, 0.000006,0,0,0, 0.000030, 0.000020, 0.000022, 0.000013, 41.37, 0.985, 80.53, 0.750, 0.00, 0.000, 0.00, 0.000
13471,143722, 41.23, 0.00, 0.994, 0.000, 0.000020, 0.000007,0,0,0, 0.000030, 0.000023, 0.000022, 0.000013, 41.23, 0.994, 85.71, 0.736, 0.00, 0.000, 0.00, 0.000
13472,143733, 41.37, 0.00, 0.999, 0.000, 0.000020, 0.000007,0,0,0, 0.000030, 0.000018, 0.000022, 0.000013, 41.37, 0.999, 79.47, 0.725, 0.00, 0.000, 0.00, 0.000
13473,143744, 41.52, 0.00, 0.996, 0.000, 0.000020, 0.000007,0,0,0, 0.000030, 0.000023, 0.000022, 0.000013, 41.52, 0.996, 85.71, 0.676, 80.00, 0.673, 0.00, 0.000
13474,143754, 41.52, 0.00, 0.997, 0.000, 0.000020, 0.000007,0,0,0, 0.000030, 0.000020, 0.000022, 0.000012, 41.52, 0.997, 86.95, 0.677, 0.00, 0.000, 0.00, 0.000
13475,143765, 41.37, 0.00, 0.995, 0.000, 0.000020, 0.000008,0,0,0, 0.000030, 0.000024, 0.000022, 0.000014, 41.37, 0.995, 77.92, 0.702, 0.00, 0.000, 0.00, 0.000
13476,143776, 41.66, 0.00, 0.997, 0.000, 0.000020, 0.000008,0,0,0, 0.000030, 0.000023, 0.000022, 0.000013, 41.66, 0.997, 89.55, 0.710, 0.00, 0.000, 0.00, 0.000
13477,143786, 41.52, 0.00, 0.997, 0.000, 0.000020, 0.000007,0,0,0, 0.000030, 0.000024, 0.000022, 0.000012, 41.52, 0.997, 77.41, 0.676, 0.00, 0.000, 0.00, 0.000
13478,143797, 41.52, 0.00, 0.998, 0.000, 0.000019, 0.000008,0,0,0, 0.000030, 0.000023, 0.000022, 0.000013, 41.52, 0.998, 88.23, 0.703, 0.00, 0.000, 0.00, 0.000
13479,143808, 41.37, 0.00, 0.987, 0.000, 0.000020, 0.000008,0,0,0, 0.000030, 0.000018, 0.000022, 0.000014, 41.37, 0.987, 77.92, 0.705, 0.00, 0.000, 0.00, 0.000
13480,143818, 41.37, 0.00, 0.991, 0.000, 0.000020, 0.000005,0,0,0, 0.000030, 0.000023, 0.000022, 0.000013, 41.37, 0.991, 88.88, 0.697, 0.00, 0.000, 0.00, 0.000
13481,143829, 41.23, 0.00, 0.972, 0.000, 0.000020, 0.000008,0,0,0, 0.000030, 0.000018, 0.000023, 0.000013, 41.23, 0.972, 76.92, 0.692, 0.00, 0.000, 0.00, 0.000
13482,143840, 41.37, 0.00, 0.982, 0.000, 0.000020, 0.000006,0,0,0, 0.000030, 0.000023, 0.000022, 0.000014, 41.37, 0.982, 76.92, 0.676, 88.88, 0.612, 0.00, 0.000
13483,143850, 41.66, 0.00, 0.996, 0.000, 0.000020, 0.000009,0,0,0, 0.000030, 0.000021, 0.000022, 0.000012, 41.66, 0.996, 89.55, 0.708, 0.00, 0.000, 0.00, 0.000
13484,143861, 41.52, 0.00, 0.995, 0.000, 0.000020, 0.000006,0,0,0, 0.000030, 0.000023, 0.000022, 0.000014, 41.52, 0.995, 77.41, 0.714, 0.00, 0.000, 0.00, 0.000
13485,143872, 41.37, 0.00, 0.971, 0.000, 0.000020, 0.000011,0,0,0, 0.000030, 0.000024, 0.000023, 0.000013, 41.37, 0.971, 88.23, 0.726, 0.00, 0.000, 0.00, 0.000
13486,143882, 41.09, 0.00, 0.985, 0.000, 0.000019, 0.000008,0,0,0, 0.000030, 0.000023, 0.000022, 0.000012, 41.09, 0.985, 77.41, 0.717, 0.00, 0.000, 0.00, 0.000
13487,143893, 41.37, 0.00, 0.997, 0.000, 0.000019, 0.000005,0,0,0, 0.000030, 0.000023, 0.000022, 0.000013, 41.37, 0.997, 87.59, 0.718, 0.00, 0.000, 0.00, 0.000
13488,143904, 41.09, 0.00, 0.979, 0.000, 0.000020, 0.000009,0,0,0, 0.000030, 0.000019, 0.000023, 0.000014, 41.09, 0.979, 78.43, 0.725, 0.00, 0.000, 0.00, 0.000
13489,143914, 41.23, 0.00, 0.995, 0.000, 0.000019, 0.000006,0,0,0, 0.000030, 0.000023, 0.000022, 0.000013, 41.23, 0.995, 85.10, 0.723, 0.00, 0.000, 0.00, 0.000
13490,143925, 41.23, 0.00, 0.996, 0.000, 0.000020, 0.000011,0,0,0, 0.000030, 0.000019, 0.000023, 0.000012, 41.23, 0.996, 80.00, 0.716, 0.00, 0.000, 0.00, 0.000
13491,143936, 41.37, 0.00, 0.982, 0.000, 0.000020, 0.000007,0,0,0, 0.000030, 0.000023, 0.000021, 0.000014, 41.37, 0.982, 81.63, 0.760, 0.00, 0.000, 0.00, 0.000
13492,143946, 41.52, 0.00, 0.995, 0.000, 0.000020, 0.000012,0,0,0, 0.000030, 0.000024, 0.000023, 0.000013, 41.52, 0.995, 83.91, 0.790, 0.00, 0.000, 0.00, 0.000
13493,143957, 41.52, 0.00, 0.999, 0.000, 0.000020, 0.000008,0,0,0, 0.000030, 0.000022, 0.000021, 0.000013, 41.52, 0.999, 82.19, 0.793, 0.00, 0.000, 0.00, 0.000
13494,143968, 41.52, 0.00, 0.998, 0.000, 0.000020, 0.000013,0,0,0, 0.000030, 0.000025, 0.000023, 0.000012, 41.52, 0.998, 83.91, 0.788, 0.00, 0.000, 0.00, 0.000
13495,143978, 41.37, 0.00, 0.995, 0.000, 0.000020, 0.000009,0,0,0, 0.000030, 0.000021, 0.000022, 0.000013, 41.37, 0.995, 82.19, 0.718, 0.00, 0.000, 0.00, 0.000
13496,143989, 41.37, 0.00, 0.994, 0.000, 0.000019, 0.000006,0,0,0, 0.000030, 0.000022, 0.000021, 0.000013, 41.37, 0.994, 83.91, 0.699, 0.00, 0.000, 0.00, 0.000
13497,144000, 41.23, 0.00, 0.995, 0.000, 0.000020, 0.000011,0,0,0, 0.000030, 0.000019, 0.000023, 0.000014, 41.23, 0.995, 81.63, 0.700, 0.00, 0.000, 0.00, 0.000
13498,144010, 41.23, 0.00, 0.995, 0.000, 0.000019, 0.000007,0,0,0, 0.000030, 0.000023, 0.000021, 0.000013, 41.23, 0.995, 83.33, 0.704, 0.00, 0.000, 0.00, 0.000
13499,144021, 41.37, 0.00, 0.996, 0.000, 0.000020, 0.000012,0,0,0, 0.000030, 0.000020, 0.000023, 0.000012, 41.37, 0.996, 82.75, 0.719, 0.00, 0.000, 0.00, 0.000
13500,144032, 41.37, 0.00, 0.962, 0.000, 0.000019, 0.000008,0,0,0, 0.000030, 0.000021, 0.000022, 0.000014, 41.37, 0.962, 82.75, 0.759, 0.00, 0.000, 0.00, 0.000
13501,144042, 41.52, 0.00, 0.996, 0.000, 0.000020, 0.000013,0,0,0, 0.000030, 0.000025, 0.000023, 0.000013, 41.52, 0.996, 83.33, 0.735, 0.00, 0.000, 0.00, 0.000
13502,144053, 41.52, 0.00, 0.998, 0.000, 0.000020, 0.000009,0,0,0, 0.000030, 0.000021, 0.000022, 0.000013, 41.52, 0.998, 82.75, 0.728, 0.00, 0.000, 0.00, 0.000
13503,144064, 41.52, 0.00, 0.996, 0.000, 0.000019, 0.000009,0,0,0, 0.000030, 0.000025, 0.000021, 0.000011, 41.52, 0.996, 82.75, 0.675, 0.00, 0.000, 0.00, 0.000
13504,144074, 41.37, 0.00, 0.982, 0.000, 0.000020, 0.000010,0,0,0, 0.000030, 0.000018, 0.000023, 0.000014, 41.37, 0.982, 82.19, 0.602, 0.00, 0.000, 0.00, 0.000
13505,144085, 41.23, 0.00, 0.988, 0.000, 0.000019, 0.000007,0,0,0, 0.000030, 0.000022, 0.000020, 0.000013, 41.23, 0.988, 83.33, 0.594, 0.00, 0.000, 0.00, 0.000
13506,144096, 41.23, 0.00, 0.997, 0.000, 0.000020, 0.000011,0,0,0, 0.000030, 0.000018, 0.000023, 0.000013, 41.23, 0.997, 82.19, 0.591, 0.00, 0.000, 0.00, 0.000
13507,144106, 41.23, 0.00, 0.997, 0.000, 0.000019, 0.000008,0,0,0, 0.000030, 0.000023, 0.000020, 0.000014, 41.23, 0.997, 82.75, 0.616, 0.00, 0.000, 0.00, 0.000
13508,144117, 41.37, 0.00, 0.994, 0.000, 0.000020, 0.000012,0,0,0, 0.000030, 0.000021, 0.000023, 0.000012, 41.37, 0.994, 82.19, 0.671, 0.00, 0.000, 0.00, 0.000
13509,144128, 41.52, 0.00, 0.997, 0.000, 0.000019, 0.000008,0,0,0, 0.000030, 0.000021, 0.000022, 0.000014, 41.52, 0.997, 82.75, 0.714, 0.00, 0.000, 0.00, 0.000
13510,144138, 41.52, 0.00, 0.998, 0.000, 0.000020, 0.000013,0,0,0, 0.000030, 0.000025, 0.000023, 0.000013, 41.52, 0.998, 83.33, 0.716, 0.00, 0.000, 0.00, 0.000
13511,144149, 41.37, 0.00, 0.987, 0.000, 0.000020, 0.000009,0,0,0, 0.000030, 0.000020, 0.000022, 0.000013, 41.37, 0.987, 82.75, 0.697, 0.00, 0.000, 0.00, 0.000
13512,144160, 41.37, 0.00, 0.983, 0.000, 0.000019, 0.000006,0,0,0, 0.000030, 0.000025, 0.000020, 0.000011, 41.37, 0.983, 82.75, 0.600, 0.00, 0.000, 0.00, 0.000
13513,144170, 41.37, 0.00, 0.919, 0.000, 0.000020, 0.000010,0,0,0, 0.000030, 0.000015, 0.000023, 0.000014, 41.37, 0.919, 82.75, 0.527, 0.00, 0.000, 0.00, 0.000
13514,144181, 42.10, 0.00, 0.853, 0.000, 0.000019, 0.000007,0,0,0, 0.000030, 0.000023, 0.000020, 0.000013, 42.10, 0.853, 85.10, 0.469, 0.00, 0.000, 0.00, 0.000
13515,144192, 41.95, 0.00, 0.739, 0.000, 0.000020, 0.000015,0,0,0, 0.000030, 0.000020, 0.000025, 0.000012, 41.95, 0.739, 71.85, 0.296, 0.00, 0.000, 0.00, 0.000
13516,144202, 32.78, 0.00, 0.853, 0.000, 0.000021, 0.000017,0,0,0, 0.000030, 0.000018, 0.000025, 0.000012, 32.78, 0.853, 44.60, 0.335, 0.00, 0.000, 0.00, 0.000
13517,144213, 33.33, 0.00, 0.516, 0.000, 0.000020, 0.000012,0,0,0, 0.000030, 0.000022, 0.000022, 0.000013, 33.33, 0.516, 44.60, 0.290, 58.25, 0.199, 133.33, 0.099
13518,144224, 39.47, 0.00, 0.610, 0.000, 0.000020, 0.000008,0,0,0, 0.000030, 0.000021, 0.000023, 0.000012, 39.47, 0.610, 48.19, 0.213, 51.06, 0.115, 57.69, 0.090
13519,144234, 47.43, 0.00, 0.818, 0.000, 0.000020, 0.000012,0,0,0, 0.000030, 0.000024, 0.000023, 0.000013, 47.43, 0.818, 33.61, 0.540, 118.81, 0.299, 0.00, 0.000
13520,144245, 46.69, 0.00, 0.808, 0.000, 0.000020, 0.000010,0,0,0, 0.000030, 0.000018, 0.000023, 0.000013, 46.69, 0.808, 78.94, 0.267, 82.75, 0.256, 0.00, 0.000
13521,144256, 48.58, 0.00, 0.736, 0.000, 0.000020, 0.000007,0,0,0, 0.000030, 0.000021, 0.000021, 0.000013, 48.58, 0.736, 34.78, 0.363, 116.50, 0.119, 0.00, 0.000
13522,144266, 48.78, 0.00, 0.646, 0.000, 0.000018, 0.000005,0,0,0, 0.000030, 0.000001, 0.000010, 0.000004, 48.78, 0.646, 35.60, 0.249, 0.00, 0.000, 0.00, 0.000
13523,144277, 51.72, 0.00, 0.441, 0.000, 0.000021, 0.000017,0,0,0, 0.000030, 0.000026, 0.000026, 0.000015, 51.72, 0.441, 44.28, 0.362, 39.34, 0.319, 33.42, 0.223
13524,144288, 44.44, 0.00, 0.419, 0.000, 0.000019, 0.000012,0,0,0, 0.000030, 0.000010, 0.000018, 0.000009, 44.44, 0.419, 31.33, 0.406, 51.50, 0.321, 0.00, 0.000
13525,144298, 44.44, 0.00, 0.826, 0.000, 0.000021, 0.000012,0,0,0, 0.000030, 0.000026, 0.000025, 0.000014, 44.44, 0.826, 51.50, 0.284, 35.71, 0.033, 0.00, 0.000
13526,144309, 44.28, 0.00, 0.839, 0.000, 0.000020, 0.000014,0,0,0, 0.000030, 0.000010, 0.000024, 0.000011, 44.28, 0.839, 51.94, 0.254, 35.08, 0.125, 58.82, 0.029
13527,144320, 50.84, 0.00, 0.647, 0.000, 0.000020, 0.000010,0,0,0, 0.000030, 0.000025, 0.000023, 0.000013, 50.84, 0.647, 43.79, 0.327, 58.53, 0.309, 0.00, 0.000
13528,144330, 51.06, 0.00, 0.563, 0.000, 0.000019, 0.000007,0,0,0, 0.000030, 0.000015, 0.000017, 0.000011, 51.06, 0.563, 31.49, 0.250, 38.21, 0.235, 0.00, 0.000
13529,144341, 52.40, 0.00, 0.407, 0.000, 0.000020, 0.000011,0,0,0, 0.000030, 0.000024, 0.000024, 0.000014, 52.40, 0.407, 42.10, 0.392, 32.96, 0.151, 36.92, 0.114
13530,144352, 44.11, 0.00, 0.541, 0.000, 0.000019, 0.000008,0,0,0, 0.000030, 0.000018, 0.000020, 0.000013, 44.11, 0.541, 34.09, 0.474, 90.90, 0.378, 30.30, 0.160
13531,144362, 44.11, 0.00, 0.567, 0.000, 0.000019, 0.000005,0,0,0, 0.000030, 0.000021, 0.000020, 0.000013, 44.11, 0.567, 83.33, 0.486, 57.14, 0.314, 33.05, 0.269
13532,144373, 84.50, 0.00, 0.554, 0.000, 0.000018, 0.000003,0,0,0, 0.000030, 0.000018, 0.000019, 0.000012, 84.50, 0.554, 33.70, 0.527, 42.10, 0.441, 51.72, 0.256
13533,144384, 83.91, 0.00, 0.602, 0.000, 0.000019, 0.000013,0,0,0, 0.000030, 0.000020, 0.000023, 0.000014, 83.91, 0.602, 41.23, 0.570, 52.86, 0.374, 34.09, 0.290
13534,144394, 41.81, 0.00, 0.652, 0.000, 0.000019, 0.000009,0,0,0, 0.000030, 0.000023, 0.000020, 0.000013, 41.81, 0.652, 33.61, 0.571, 82.75, 0.563, 164.38, 0.369
13535,144405, 32.43, 0.00, 0.527, 0.000, 0.000020, 0.000017,0,0,0, 0.000030, 0.000023, 0.000024, 0.000012, 32.43, 0.527, 57.14, 0.481, 82.19, 0.460, 42.10, 0.389
13536,144416, 32.96, 0.00, 0.588, 0.000, 0.000021, 0.000014,0,0,0, 0.000030, 0.000026, 0.000024, 0.000012, 32.96, 0.588, 80.53, 0.583, 42.25, 0.350, 56.60, 0.184
13537,144426, 41.81, 0.00, 0.777, 0.000, 0.000021, 0.000015,0,0,0, 0.000030, 0.000026, 0.000025, 0.000011, 41.81, 0.777, 88.23, 0.649, 32.78, 0.191, 0.00, 0.000
13538,144437, 82.75, 0.00, 0.615, 0.000, 0.000020, 0.000011,0,0,0, 0.000030, 0.000022, 0.000019, 0.000013, 82.75, 0.615, 42.10, 0.605, 32.43, 0.235, 33.80, 0.163
13539,144448, 83.33, 0.00, 0.601, 0.000, 0.000019, 0.000007,0,0,0, 0.000030, 0.000020, 0.000020, 0.000013, 83.33, 0.601, 42.25, 0.444, 33.14, 0.269, 32.60, 0.261
13540,144458, 42.70, 0.00, 0.614, 0.000, 0.000019, 0.000009,0,0,0, 0.000030, 0.000016, 0.000022, 0.000012, 42.70, 0.614, 83.33, 0.526, 56.07, 0.353, 33.14, 0.318
13541,144469, 32.25, 0.00, 0.626, 0.000, 0.000019, 0.000006,0,0,0, 0.000030, 0.000016, 0.000021, 0.000012, 32.25, 0.626, 56.07, 0.549, 85.71, 0.282, 41.81, 0.264
13542,144480, 54.54, 0.00, 0.500, 0.000, 0.000021, 0.000023,0,0,0, 0.000030, 0.000018, 0.000026, 0.000011, 54.54, 0.500, 39.86, 0.471, 131.86, 0.156, 105.26, 0.040
13543,144490, 131.86, 0.00, 0.389, 0.000, 0.000019, 0.000016,0,0,0, 0.000030, 0.000030, 0.000012, 0.000005, 131.86, 0.389, 40.81, 0.345, 59.11, 0.258, 0.00, 0.000
13544,144501, 32.78, 0.00, 0.672, 0.000, 0.000021, 0.000018,0,0,0, 0.000030, 0.000014, 0.000026, 0.000012, 32.78, 0.672, 0.00, 0.000, 0.00, 0.000, 0.00, 0.000
13545,144512, 37.50, 0.00, 0.725, 0.000, 0.000021, 0.000013,0,0,0, 0.000030, 0.000025, 0.000024, 0.000014, 37.50, 0.725, 0.00, 0.000, 0.00, 0.000, 0.00, 0.000
13546,144522, 57.14, 0.00, 0.447, 0.000, 0.000019, 0.000009,0,0,0, 0.000000, 0.000000, 0.000017, 0.000007, 57.14, 0.447, 50.84, 0.429, 43.79, 0.406, 0.00, 0.000
13547,144533, 46.87, 0.00, 0.785, 0.000, 0.000021, 0.000015,0,0,0, 0.000030, 0.000026, 0.000026, 0.000014, 46.87, 0.785, 0.00, 0.000, 0.00, 0.000, 0.00, 0.000
13548,144544, 46.87, 0.00, 0.787, 0.000, 0.000020, 0.000011,0,0,0, 0.000030, 0.000012, 0.000019, 0.000011, 46.87, 0.787, 30.30, 0.118, 36.25, 0.095, 0.00, 0.000
13549,144554, 43.63, 0.00, 0.720, 0.000, 0.000020, 0.000013,0,0,0, 0.000030, 0.000025, 0.000025, 0.000012, 43.63, 0.720, 38.70, 0.579, 0.00, 0.000, 0.00, 0.000
13550,144565, 35.60, 0.00, 0.653, 0.000, 0.000021, 0.000016,0,0,0, 0.000030, 0.000021, 0.000026, 0.000012, 35.60, 0.653, 44.94, 0.595, 0.00, 0.000, 0.00, 0.000
13551,144576, 48.00, 0.00, 0.668, 0.000, 0.000020, 0.000011,0,0,0, 0.000030, 0.000026, 0.000022, 0.000011, 48.00, 0.668, 31.57, 0.194, 37.50, 0.187, 0.00, 0.000
13552,144586, 44.77, 0.00, 0.798, 0.000, 0.000021, 0.000018,0,0,0, 0.000030, 0.000023, 0.000026, 0.000012, 44.77, 0.798, 47.80, 0.790, 0.00, 0.000, 0.00, 0.000
13553,144597, 44.94, 0.00, 0.774, 0.000, 0.000020, 0.000013,0,0,0, 0.000030, 0.000028, 0.000020, 0.000010, 44.94, 0.774, 48.00, 0.755, 0.00, 0.000, 0.00, 0.000
13554,144608, 48.38, 0.00, 0.778, 0.000, 0.000020, 0.000019,0,0,0, 0.000030, 0.000026, 0.000025, 0.000010, 48.38, 0.778, 42.55, 0.569, 36.14, 0.084, 0.00, 0.000
13555,144618, 31.91, 0.00, 0.750, 0.000, 0.000019, 0.000013,0,0,0, 0.000030, 0.000019, 0.000021, 0.000012, 31.91, 0.750, 47.24, 0.492, 100.00, 0.099, 0.00, 0.000
13556,144629, 100.00, 0.00, 0.419, 0.000, 0.000019, 0.000009,0,0,0, 0.000030, 0.000015, 0.000023, 0.000012, 100.00, 0.419, 30.76, 0.410, 47.80, 0.346, 0.00, 0.000
13557,144640, 93.75, 0.00, 0.678, 0.000, 0.000020, 0.000012,0,0,0, 0.000030, 0.000017, 0.000024, 0.000013, 93.75, 0.678, 46.69, 0.599, 32.08, 0.429, 34.18, 0.180
13558,144650, 47.24, 0.00, 0.882, 0.000, 0.000020, 0.000008,0,0,0, 0.000030, 0.000015, 0.000023, 0.000011, 47.24, 0.882, 95.23, 0.804, 31.25, 0.730, 31.57, 0.723
13559,144661, 31.49, 0.00, 0.970, 0.000, 0.000020, 0.000011,0,0,0, 0.000030, 0.000014, 0.000024, 0.000011, 31.49, 0.970, 47.43, 0.895, 94.48, 0.883, 0.00, 0.000
13560,144672, 94.48, 0.00, 0.762, 0.000, 0.000020, 0.000010,0,0,0, 0.000030, 0.000023, 0.000024, 0.000014, 94.48, 0.762, 31.74, 0.712, 47.80, 0.691, 0.00, 0.000
13561,144682, 93.75, 0.00, 0.678, 0.000, 0.000020, 0.000008,0,0,0, 0.000030, 0.000023, 0.000023, 0.000013, 93.75, 0.678, 48.00, 0.523, 31.91, 0.514, 43.47, 0.469
13562,144693, 31.08, 0.00, 0.801, 0.000, 0.000019, 0.000006,0,0,0, 0.000030, 0.000017, 0.000019, 0.000012, 31.08, 0.801, 90.90, 0.562, 47.05, 0.513, 0.00, 0.000
13563,144704, 31.49, 0.00, 0.828, 0.000, 0.000019, 0.000009,0,0,0, 0.000030, 0.000019, 0.000023, 0.000013, 31.49, 0.828, 90.90, 0.667, 46.87, 0.646, 0.00, 0.000
13564,144714, 46.87, 0.00, 0.815, 0.000, 0.000019, 0.000007,0,0,0, 0.000030, 0.000018, 0.000022, 0.000012, 46.87, 0.815, 93.75, 0.764, 31.16, 0.674, 0.00, 0.000
13565,144725, 46.51, 0.00, 0.921, 0.000, 0.000019, 0.000009,0,0,0, 0.000030, 0.000019, 0.000023, 0.000012, 46.51, 0.921, 92.30, 0.892, 30.92, 0.850, 0.00, 0.000
13566,144736, 31.16, 0.00, 0.921, 0.000, 0.000019, 0.000006,0,0,0, 0.000030, 0.000021, 0.000022, 0.000013, 31.16, 0.921, 93.02, 0.898, 46.33, 0.880, 0.00, 0.000
13567,144746, 93.75, 0.00, 0.915, 0.000, 0.000019, 0.000004,0,0,0, 0.000030, 0.000020, 0.000021, 0.000013, 93.75, 0.915, 47.61, 0.895, 31.41, 0.894, 0.00, 0.000
13568,144757, 96.00, 0.00, 0.870, 0.000, 0.000019, 0.000008,0,0,0, 0.000030, 0.000016, 0.000022, 0.000012, 96.00, 0.870, 31.41, 0.836, 48.00, 0.808, 0.00, 0.000
13569,144768, 93.75, 0.00, 0.853, 0.000, 0.000020, 0.000011,0,0,0, 0.000030, 0.000018, 0.000024, 0.000013, 93.75, 0.853, 31.49, 0.850, 46.87, 0.791, 0.00, 0.000
13570,144778, 31.00, 0.00, 0.990, 0.000, 0.000020, 0.000008,0,0,0, 0.000030, 0.000020, 0.000023, 0.000013, 31.00, 0.990, 91.60, 0.833, 46.87, 0.828, 0.00, 0.000
13571,144789, 31.16, 0.00, 0.998, 0.000, 0.000019, 0.000006,0,0,0, 0.000030, 0.000016, 0.000022, 0.000012, 31.16, 0.998, 92.30, 0.839, 46.87, 0.798, 0.00, 0.000
13572,144800, 47.24, 0.00, 0.918, 0.000, 0.000020, 0.000010,0,0,0, 0.000030, 0.000021, 0.000023, 0.000014, 47.24, 0.918, 31.16, 0.846, 92.30, 0.776, 0.00, 0.000
13573,144810, 31.33, 0.00, 0.898, 0.000, 0.000019, 0.000007,0,0,0, 0.000030, 0.000022, 0.000021, 0.000013, 31.33, 0.898, 47.43, 0.803, 93.02, 0.786, 0.00, 0.000
13574,144821, 31.16, 0.00, 0.840, 0.000, 0.000019, 0.000004,0,0,0, 0.000030, 0.000019, 0.000020, 0.000013, 31.16, 0.840, 93.02, 0.788, 47.43, 0.727, 0.00, 0.000
13575,144832, 92.30, 0.00, 0.884, 0.000, 0.000019, 0.000009,0,0,0, 0.000030, 0.000018, 0.000023, 0.000013, 92.30, 0.884, 30.92, 0.807, 46.87, 0.780, 0.00, 0.000
13576,144842, 31.16, 0.00, 0.938, 0.000, 0.000019, 0.000009,0,0,0, 0.000030, 0.000021, 0.000023, 0.000014, 31.16, 0.938, 92.30, 0.840, 46.15, 0.788, 0.00, 0.000
13577,144853, 30.84, 0.00, 0.948, 0.000, 0.000019, 0.000006,0,0,0, 0.000030, 0.000020, 0.000021, 0.000013, 30.84, 0.948, 92.30, 0.907, 46.33, 0.877, 0.00, 0.000
13578,144864, 31.41, 0.00, 0.986, 0.000, 0.000019, 0.000006,0,0,0, 0.000030, 0.000018, 0.000022, 0.000013, 31.41, 0.986, 94.48, 0.898, 46.87, 0.874, 0.00, 0.000
13579,144874, 31.41, 0.00, 0.967, 0.000, 0.000019, 0.000008,0,0,0, 0.000030, 0.000020, 0.000022, 0.000013, 31.41, 0.967, 94.48, 0.938, 47.43, 0.924, 0.00, 0.000
13580,144885, 31.66, 0.00, 0.967, 0.000, 0.000019, 0.000006,0,0,0, 0.000030, 0.000021, 0.000022, 0.000013, 31.66, 0.967, 95.23, 0.946, 47.43, 0.944, 0.00, 0.000
13581,144896, 31.41, 0.00, 0.988, 0.000, 0.000019, 0.000005,0,0,0, 0.000030, 0.000019, 0.000021, 0.000013, 31.41, 0.988, 93.75, 0.943, 47.24, 0.929, 0.00, 0.000
13582,144906, 46.87, 0.00, 0.955, 0.000, 0.000019, 0.000008,0,0,0, 0.000030, 0.000021, 0.000022, 0.000014, 46.87, 0.955, 31.08, 0.935, 93.75, 0.911, 0.00, 0.000
13583,144917, 31.08, 0.00, 0.979, 0.000, 0.000019, 0.000006,0,0,0, 0.000030, 0.000021, 0.000021, 0.000013, 31.08, 0.979, 46.51, 0.925, 93.02, 0.923, 0.00, 0.000
13584,144928, 31.41, 0.00, 0.994, 0.000, 0.000018, 0.000004,0,0,0, 0.000030, 0.000019, 0.000020, 0.000013, 31.41, 0.994, 93.75, 0.885, 47.05, 0.833, 0.00, 0.000
13585,144938, 94.48, 0.00, 0.743, 0.000, 0.000016, 0.000002,0,0,0, 0.000030, 0.000004, 0.000016, 0.000003, 94.48, 0.743, 47.61, 0.575, 0.00, 0.000, 0.00, 0.000
13586,144949, 40.54, 0.00, 0.473, 0.000, 0.000020, 0.000026,0,0,0, 0.000030, 0.000021, 0.000026, 0.000013, 40.54, 0.473, 97.56, 0.380, 0.00, 0.000, 0.00, 0.000
13587,144960, 30.07, 0.00, 0.751, 0.000, 0.000020, 0.000018,0,0,0, 0.000030, 0.000022, 0.000022, 0.000013, 30.07, 0.751, 40.67, 0.526, 113.20, 0.393, 0.00, 0.000
13588,144970, 106.19, 0.00, 0.608, 0.000, 0.000020, 0.000013,0,0,0, 0.000030, 0.000021, 0.000022, 0.000013, 106.19, 0.608, 53.57, 0.490, 32.87, 0.279, 34.18, 0.193
13589,144981, 54.29, 0.00, 0.654, 0.000, 0.000019, 0.000009,0,0,0, 0.000030, 0.000021, 0.000020, 0.000014, 54.29, 0.654, 106.19, 0.596, 110.09, 0.595, 35.71, 0.485
13590,144992, 34.88, 0.00, 0.824, 0.000, 0.000019, 0.000009,0,0,0, 0.000030, 0.000022, 0.000022, 0.000013, 34.88, 0.824, 54.54, 0.725, 100.00, 0.581, 0.00, 0.000
13591,145002, 55.29, 0.00, 0.896, 0.000, 0.000019, 0.000006,0,0,0, 0.000030, 0.000023, 0.000020, 0.000012, 55.29, 0.896, 37.61, 0.401, 117.64, 0.321, 0.00, 0.000
13592,145013, 55.55, 0.00, 0.764, 0.000, 0.000021, 0.000015,0,0,0, 0.000030, 0.000025, 0.000024, 0.000012, 55.55, 0.764, 39.60, 0.415, 96.77, 0.182, 35.39, 0.157
13593,145024, 55.55, 0.00, 0.610, 0.000, 0.000021, 0.000010,0,0,0, 0.000030, 0.000024, 0.000023, 0.000013, 55.55, 0.610, 37.97, 0.395, 127.65, 0.144, 99.17, 0.052
13594,145034, 55.55, 0.00, 0.814, 0.000, 0.000020, 0.000007,0,0,0, 0.000030, 0.000020, 0.000019, 0.000014, 55.55, 0.814, 34.98, 0.511, 96.00, 0.178, 130.43, 0.132
13595,145045, 55.29, 0.00, 0.819, 0.000, 0.000020, 0.000009,0,0,0, 0.000030, 0.000023, 0.000022, 0.000013, 55.29, 0.819, 34.78, 0.509, 94.48, 0.348, 125.00, 0.150
13596,145056, 55.55, 0.00, 0.972, 0.000, 0.000019, 0.000006,0,0,0, 0.000030, 0.000023, 0.000019, 0.000013, 55.55, 0.972, 37.50, 0.402, 116.50, 0.338, 0.00, 0.000
13597,145066, 55.29, 0.00, 0.981, 0.000, 0.000019, 0.000009,0,0,0, 0.000030, 0.000021, 0.000023, 0.000014, 55.29, 0.981, 34.78, 0.529, 94.48, 0.384, 130.43, 0.252
13598,145077, 55.55, 0.00, 0.961, 0.000, 0.000020, 0.000011,0,0,0, 0.000030, 0.000023, 0.000022, 0.000013, 55.55, 0.961, 38.58, 0.445, 126.31, 0.337, 0.00, 0.000
13599,145088, 55.55, 0.00, 0.967, 0.000, 0.000019, 0.000008,0,0,0, 0.000030, 0.000018, 0.000019, 0.000013, 55.55, 0.967, 35.19, 0.508, 96.00, 0.367, 39.34, 0.252
13600,145098, 55.29, 0.00, 0.948, 0.000, 0.000019, 0.000011,0,0,0, 0.000030, 0.000023, 0.000022, 0.000013, 55.29, 0.948, 130.43, 0.281, 96.77, 0.258, 39.21, 0.221
13601,145109, 55.29, 0.00, 0.986, 0.000, 0.000019, 0.000007,0,0,0, 0.000030, 0.000024, 0.000020, 0.000014, 55.29, 0.986, 38.58, 0.378, 127.65, 0.342, 0.00, 0.000
13602,145120, 55.29, 0.00, 0.974, 0.000, 0.000019, 0.000010,0,0,0, 0.000030, 0.000022, 0.000023, 0.000013, 55.29, 0.974, 34.58, 0.481, 93.75, 0.335, 131.86, 0.205
13603,145130, 55.55, 0.00, 0.965, 0.000, 0.000019, 0.000012,0,0,0, 0.000030, 0.000023, 0.000022, 0.000012, 55.55, 0.965, 39.21, 0.305, 133.33, 0.254, 0.00, 0.000
13604,145141, 55.81, 0.00, 0.981, 0.000, 0.000019, 0.000008,0,0,0, 0.000030, 0.000016, 0.000022, 0.000014, 55.81, 0.981, 34.98, 0.628, 94.48, 0.378, 0.00, 0.000
13605,145152, 55.81, 0.00, 0.969, 0.000, 0.000019, 0.000010,0,0,0, 0.000030, 0.000023, 0.000022, 0.000013, 55.81, 0.969, 131.86, 0.264, 39.47, 0.235, 96.77, 0.209
13606,145162, 55.29, 0.00, 0.995, 0.000, 0.000019, 0.000007,0,0,0, 0.000030, 0.000023, 0.000020, 0.000014, 55.29, 0.995, 38.96, 0.333, 130.43, 0.323, 100.00, 0.283
13607,145173, 55.29, 0.00, 0.996, 0.000, 0.000019, 0.000010,0,0,0, 0.000030, 0.000023, 0.000022, 0.000013, 55.29, 0.996, 34.98, 0.424, 95.23, 0.362, 0.00, 0.000
13608,145184, 55.55, 0.00, 0.989, 0.000, 0.000018, 0.000007,0,0,0, 0.000030, 0.000023, 0.000020, 0.000012, 55.55, 0.989, 131.86, 0.274, 39.08, 0.264, 0.00, 0.000
13609,145194, 55.81, 0.00, 0.985, 0.000, 0.000019, 0.000008,0,0,0, 0.000030, 0.000016, 0.000022, 0.000015, 55.81, 0.985, 35.19, 0.634, 95.23, 0.424, 0.00, 0.000
13610,145205, 55.81, 0.00, 0.979, 0.000, 0.000019, 0.000010,0,0,0, 0.000030, 0.000023, 0.000022, 0.000013, 55.81, 0.979, 130.43, 0.346, 39.08, 0.345, 0.00, 0.000
13611,145216, 55.29, 0.00, 0.996, 0.000, 0.000019, 0.000007,0,0,0, 0.000030, 0.000022, 0.000020, 0.000014, 55.29, 0.996, 129.03, 0.332, 96.00, 0.329, 38.83, 0.318
13612,145226, 55.29, 0.00, 0.993, 0.000, 0.000019, 0.000010,0,0,0, 0.000030, 0.000023, 0.000022, 0.000013, 55.29, 0.993, 34.98, 0.439, 96.00, 0.384, 0.00, 0.000
13613,145237, 55.29, 0.00, 0.986, 0.000, 0.000019, 0.000007,0,0,0, 0.000030, 0.000023, 0.000020, 0.000012, 55.29, 0.986, 38.96, 0.318, 130.43, 0.307, 0.00, 0.000
13614,145248, 55.55, 0.00, 0.983, 0.000, 0.000019, 0.000008,0,0,0, 0.000030, 0.000017, 0.000022, 0.000014, 55.55, 0.983, 34.98, 0.587, 95.23, 0.404, 39.08, 0.293
13615,145258, 55.55, 0.00, 0.988, 0.000, 0.000019, 0.000010,0,0,0, 0.000030, 0.000023, 0.000022, 0.000013, 55.55, 0.988, 37.61, 0.416, 117.64, 0.357, 0.00, 0.000
13616,145269, 55.55, 0.00, 0.996, 0.000, 0.000019, 0.000007,0,0,0, 0.000030, 0.000020, 0.000020, 0.000014, 55.55, 0.996, 35.08, 0.364, 96.00, 0.333, 130.43, 0.295
13617,145280, 55.29, 0.00, 0.992, 0.000, 0.000019, 0.000009,0,0,0, 0.000030, 0.000023, 0.000022, 0.000013, 55.29, 0.992, 34.98, 0.353, 96.00, 0.332, 130.43, 0.295
13618,145290, 55.29, 0.00, 0.993, 0.000, 0.000019, 0.000007,0,0,0, 0.000030, 0.000023, 0.000020, 0.000013, 55.29, 0.993, 38.21, 0.343, 125.00, 0.317, 0.00, 0.000
13619,145301, 55.29, 0.00, 0.987, 0.000, 0.000019, 0.000008,0,0,0, 0.000030, 0.000019, 0.000022, 0.000014, 55.29, 0.987, 34.78, 0.540, 94.48, 0.378, 130.43, 0.267
13620,145312, 55.55, 0.00, 0.998, 0.000, 0.000020, 0.000011,0,0,0, 0.000030, 0.000023, 0.000022, 0.000013, 55.55, 0.998, 38.09, 0.446, 122.44, 0.358, 0.00, 0.000
13621,145322, 55.55, 0.00, 0.993, 0.000, 0.000019, 0.000007,0,0,0, 0.000030, 0.000018, 0.000020, 0.000013, 55.55, 0.993, 35.19, 0.469, 96.00, 0.370, 130.43, 0.279
13622,145333, 55.55, 0.00, 0.988, 0.000, 0.000019, 0.000009,0,0,0, 0.000030, 0.000023, 0.000022, 0.000013, 55.55, 0.988, 96.77, 0.306, 129.03, 0.304, 38.96, 0.276
13623,145344, 55.29, 0.00, 0.995, 0.000, 0.000019, 0.000006,0,0,0, 0.000030, 0.000023, 0.000020, 0.000013, 55.29, 0.995, 38.09, 0.404, 125.00, 0.367, 0.00, 0.000
13624,145354, 55.29, 0.00, 0.989, 0.000, 0.000019, 0.000009,0,0,0, 0.000030, 0.000021, 0.000022, 0.000014, 55.29, 0.989, 34.88, 0.484, 96.00, 0.374, 129.03, 0.289
13625,145365, 55.55, 0.00, 0.993, 0.000, 0.000020, 0.000011,0,0,0, 0.000030, 0.000023, 0.000022, 0.000013, 55.55, 0.993, 38.96, 0.417, 129.03, 0.359, 0.00, 0.000
13626,145376, 55.55, 0.00, 0.987, 0.000, 0.000019, 0.000008,0,0,0, 0.000030, 0.000017, 0.000019, 0.000013, 55.55, 0.987, 35.29, 0.627, 96.77, 0.442, 0.00, 0.000
13627,145386, 55.55, 0.00, 0.985, 0.000, 0.000019, 0.000010,0,0,0, 0.000030, 0.000023, 0.000022, 0.000013, 55.55, 0.985, 129.03, 0.319, 38.96, 0.287, 97.56, 0.277
13628,145397, 55.29, 0.00, 0.992, 0.000, 0.000019, 0.000007,0,0,0, 0.000030, 0.000023, 0.000019, 0.000014, 55.29, 0.992, 38.58, 0.390, 126.31, 0.369, 0.00, 0.000
13629,145408, 55.04, 0.00, 0.986, 0.000, 0.000019, 0.000010,0,0,0, 0.000030, 0.000022, 0.000022, 0.000013, 55.04, 0.986, 34.78, 0.417, 96.77, 0.371, 0.00, 0.000
13630,145418, 55.55, 0.00, 0.968, 0.000, 0.000019, 0.000011,0,0,0, 0.000030, 0.000023, 0.000022, 0.000012, 55.55, 0.968, 127.65, 0.286, 38.83, 0.280, 0.00, 0.000
13631,145429, 55.55, 0.00, 0.976, 0.000, 0.000019, 0.000008,0,0,0, 0.000030, 0.000016, 0.000022, 0.000014, 55.55, 0.976, 35.39, 0.616, 96.77, 0.420, 0.00, 0.000
13632,145440, 55.55, 0.00, 0.978, 0.000, 0.000019, 0.000010,0,0,0, 0.000030, 0.000023, 0.000022, 0.000013, 55.55, 0.978, 127.65, 0.322, 38.96, 0.320, 0.00, 0.000
13633,145450, 55.29, 0.00, 0.997, 0.000, 0.000019, 0.000007,0,0,0, 0.000030, 0.000022, 0.000019, 0.000014, 55.29, 0.997, 126.31, 0.316, 97.56, 0.308, 38.46, 0.297
13634,145461, 55.29, 0.00, 0.997, 0.000, 0.000019, 0.000010,0,0,0, 0.000030, 0.000022, 0.000022, 0.000013, 55.29, 0.997, 35.19, 0.406, 98.36, 0.363, 0.00, 0.000
13635,145472, 55.55, 0.00, 0.992, 0.000, 0.000018, 0.000007,0,0,0, 0.000030, 0.000024, 0.000020, 0.000012, 55.55, 0.992, 126.31, 0.297, 38.70, 0.286, 0.00, 0.000
13636,145482, 55.55, 0.00, 0.991, 0.000, 0.000019, 0.000008,0,0,0, 0.000030, 0.000017, 0.000022, 0.000015, 55.55, 0.991, 35.29, 0.541, 97.56, 0.394, 38.70, 0.295
13637,145493, 55.55, 0.00, 0.993, 0.000, 0.000019, 0.000011,0,0,0, 0.000030, 0.000023, 0.000022, 0.000013, 55.55, 0.993, 37.85, 0.410, 120.00, 0.360, 0.00, 0.000
13638,145504, 55.29, 0.00, 0.994, 0.000, 0.000019, 0.000008,0,0,0, 0.000030, 0.000021, 0.000019, 0.000014, 55.29, 0.994, 35.39, 0.342, 99.17, 0.331, 125.00, 0.310
13639,145514, 55.29, 0.00, 0.995, 0.000, 0.000019, 0.000010,0,0,0, 0.000030, 0.000022, 0.000022, 0.000013, 55.29, 0.995, 35.50, 0.380, 99.17, 0.362, 123.71, 0.328
13640,145525, 55.29, 0.00, 0.997, 0.000, 0.000018, 0.000007,0,0,0, 0.000030, 0.000024, 0.000019, 0.000012, 55.29, 0.997, 38.33, 0.366, 125.00, 0.353, 0.00, 0.000
13641,145536, 55.55, 0.00, 0.996, 0.000, 0.000019, 0.000009,0,0,0, 0.000030, 0.000019, 0.000022, 0.000014, 55.55, 0.996, 35.29, 0.503, 98.36, 0.397, 125.00, 0.315
13642,145546, 55.55, 0.00, 0.999, 0.000, 0.000019, 0.000011,0,0,0, 0.000030, 0.000023, 0.000022, 0.000013, 55.55, 0.999, 37.61, 0.507, 117.64, 0.415, 0.00, 0.000
13643,145557, 55.55, 0.00, 0.994, 0.000, 0.000019, 0.000008,0,0,0, 0.000030, 0.000019, 0.000019, 0.000014, 55.55, 0.994, 35.60, 0.439, 99.17, 0.384, 125.00, 0.316
13644,145568, 55.29, 0.00, 0.995, 0.000, 0.000019, 0.000010,0,0,0, 0.000030, 0.000022, 0.000022, 0.000013, 55.29, 0.995, 100.00, 0.343, 123.71, 0.338, 35.50, 0.322
13645,145578, 55.29, 0.00, 0.998, 0.000, 0.000018, 0.000007,0,0,0, 0.000030, 0.000024, 0.000019, 0.000013, 55.29, 0.998, 38.09, 0.434, 122.44, 0.397, 0.00, 0.000
13646,145589, 55.29, 0.00, 0.993, 0.000, 0.000019, 0.000009,0,0,0, 0.000030, 0.000021, 0.000022, 0.000014, 55.29, 0.993, 35.08, 0.472, 98.36, 0.389, 125.00, 0.314
13647,145600, 55.55, 0.00, 0.992, 0.000, 0.000019, 0.000012,0,0,0, 0.000030, 0.000023, 0.000022, 0.000013, 55.55, 0.992, 38.46, 0.471, 125.00, 0.402, 0.00, 0.000
13648,145610, 55.55, 0.00, 0.989, 0.000, 0.000019, 0.000008,0,0,0, 0.000030, 0.000018, 0.000019, 0.000013, 55.55, 0.989, 35.60, 0.566, 99.17, 0.432, 0.00, 0.000
13649,145621, 55.29, 0.00, 0.984, 0.000, 0.000019, 0.000010,0,0,0, 0.000030, 0.000022, 0.000022, 0.000013, 55.29, 0.984, 125.00, 0.329, 38.58, 0.295, 100.00, 0.292
13650,145632, 55.29, 0.00, 0.994, 0.000, 0.000018, 0.000007,0,0,0, 0.000030, 0.000024, 0.000019, 0.000014, 55.29, 0.994, 38.21, 0.392, 123.71, 0.378, 0.00, 0.000
13651,145642, 55.29, 0.00, 0.989, 0.000, 0.000019, 0.000010,0,0,0, 0.000030, 0.000022, 0.000022, 0.000013, 55.29, 0.989, 34.88, 0.411, 99.17, 0.374, 0.00, 0.000
13652,145653, 55.55, 0.00, 0.991, 0.000, 0.000019, 0.000013,0,0,0, 0.000030, 0.000023, 0.000022, 0.000013, 55.55, 0.991, 38.46, 0.346, 125.00, 0.337, 0.00, 0.000
13653,145664, 55.55, 0.00, 0.994, 0.000, 0.000019, 0.000009,0,0,0, 0.000030, 0.000016, 0.000022, 0.000014, 55.55, 0.994, 35.60, 0.622, 99.17, 0.449, 0.00, 0.000
13654,145674, 55.55, 0.00, 0.991, 0.000, 0.000019, 0.000011,0,0,0, 0.000030, 0.000023, 0.000022, 0.000013, 55.55, 0.991, 125.00, 0.341, 38.58, 0.337, 0.00, 0.000
13655,145685, 55.29, 0.00, 0.997, 0.000, 0.000019, 0.000007,0,0,0, 0.000030, 0.000023, 0.000019, 0.000014, 55.29, 0.997, 123.71, 0.345, 38.21, 0.329, 100.84, 0.326
13656,145696, 55.29, 0.00, 0.996, 0.000, 0.000019, 0.000010,0,0,0, 0.000030, 0.000023, 0.000022, 0.000013, 55.29, 0.996, 35.50, 0.422, 100.00, 0.389, 0.00, 0.000
13657,145706, 55.55, 0.00, 0.993, 0.000, 0.000018, 0.000007,0,0,0, 0.000030, 0.000024, 0.000019, 0.000012, 55.55, 0.993, 123.71, 0.323, 38.46, 0.297, 0.00, 0.000
13658,145717, 55.55, 0.00, 0.994, 0.000, 0.000019, 0.000009,0,0,0, 0.000030, 0.000016, 0.000022, 0.000015, 55.55, 0.994, 35.60, 0.578, 99.17, 0.441, 0.00, 0.000
13659,145728, 55.55, 0.00, 0.992, 0.000, 0.000019, 0.000011,0,0,0, 0.000030, 0.000023, 0.000022, 0.000013, 55.55, 0.992, 38.33, 0.422, 123.71, 0.394, 0.00, 0.000
13660,145738, 55.29, 0.00, 0.997, 0.000, 0.000019, 0.000008,0,0,0, 0.000030, 0.000021, 0.000019, 0.000014, 55.29, 0.997, 100.00, 0.364, 123.71, 0.357, 35.50, 0.356
13661,145749, 55.29, 0.00, 0.998, 0.000, 0.000019, 0.000010,0,0,0, 0.000030, 0.000022, 0.000022, 0.000013, 55.29, 0.998, 35.60, 0.454, 100.00, 0.418, 0.00, 0.000
13662,145760, 55.29, 0.00, 0.994, 0.000, 0.000018, 0.000007,0,0,0, 0.000030, 0.000024, 0.000019, 0.000012, 55.29, 0.994, 123.71, 0.387, 38.33, 0.383, 0.00, 0.000
13663,145770, 55.55, 0.00, 0.997, 0.000, 0.000019, 0.000009,0,0,0, 0.000030, 0.000018, 0.000022, 0.000014, 55.55, 0.997, 35.39, 0.538, 99.17, 0.441, 123.71, 0.370
13664,145781, 55.55, 0.00, 0.998, 0.000, 0.000019, 0.000012,0,0,0, 0.000030, 0.000023, 0.000022, 0.000013, 55.55, 0.998, 37.50, 0.553, 114.28, 0.463, 0.00, 0.000
13665,145792, 55.29, 0.00, 0.984, 0.000, 0.000019, 0.000008,0,0,0, 0.000030, 0.000020, 0.000019, 0.000014, 55.29, 0.984, 35.60, 0.467, 100.00, 0.416, 123.71, 0.367
13666,145802, 55.29, 0.00, 0.989, 0.000, 0.000019, 0.000009,0,0,0, 0.000030, 0.000022, 0.000022, 0.000013, 55.29, 0.989, 100.84, 0.410, 35.60, 0.410, 122.44, 0.394
13667,145813, 55.29, 0.00, 0.990, 0.000, 0.000018, 0.000006,0,0,0, 0.000030, 0.000024, 0.000019, 0.000013, 55.29, 0.990, 38.09, 0.488, 122.44, 0.458, 0.00, 0.000
13668,145824, 55.55, 0.00, 0.995, 0.000, 0.000019, 0.000008,0,0,0, 0.000030, 0.000020, 0.000022, 0.000014, 55.55, 0.995, 35.29, 0.508, 99.17, 0.450, 123.71, 0.397
13669,145834, 55.55, 0.00, 0.996, 0.000, 0.000019, 0.000012,0,0,0, 0.000030, 0.000023, 0.000022, 0.000013, 55.55, 0.996, 38.33, 0.544, 123.71, 0.479, 0.00, 0.000
13670,145845, 55.55, 0.00, 0.972, 0.000, 0.000019, 0.000008,0,0,0, 0.000030, 0.000018, 0.000019, 0.000013, 55.55, 0.972, 35.60, 0.637, 100.00, 0.501, 0.00, 0.000
13671,145856, 55.29, 0.00, 0.978, 0.000, 0.000019, 0.000009,0,0,0, 0.000030, 0.000022, 0.000022, 0.000013, 55.29, 0.978, 122.44, 0.422, 38.33, 0.402, 100.84, 0.401
13672,145866, 55.04, 0.00, 0.982, 0.000, 0.000018, 0.000006,0,0,0, 0.000030, 0.000023, 0.000020, 0.000014, 55.04, 0.982, 38.09, 0.515, 121.21, 0.498, 0.00, 0.000
13673,145877, 55.29, 0.00, 0.991, 0.000, 0.000019, 0.000008,0,0,0, 0.000030, 0.000022, 0.000022, 0.000013, 55.29, 0.991, 35.60, 0.531, 100.84, 0.506, 38.33, 0.400
13674,145888, 55.55, 0.00, 0.993, 0.000, 0.000019, 0.000010,0,0,0, 0.000030, 0.000022, 0.000022, 0.000013, 55.55, 0.993, 122.44, 0.475, 38.33, 0.470, 0.00, 0.000
13675,145898, 55.55, 0.00, 0.994, 0.000, 0.000018, 0.000007,0,0,0, 0.000030, 0.000017, 0.000019, 0.000014, 55.55, 0.994, 35.82, 0.706, 100.84, 0.568, 0.00, 0.000
13676,145909, 55.55, 0.00, 0.984, 0.000, 0.000019, 0.000008,0,0,0, 0.000030, 0.000022, 0.000021, 0.000013, 55.55, 0.984, 122.44, 0.481, 38.33, 0.469, 0.00, 0.000
13677,145920, 55.29, 0.00, 0.962, 0.000, 0.000019, 0.000008,0,0,0, 0.000030, 0.000021, 0.000021, 0.000014, 55.29, 0.962, 122.44, 0.500, 38.33, 0.483, 104.34, 0.480
13678,145930, 55.29, 0.00, 0.830, 0.000, 0.000019, 0.000010,0,0,0, 0.000030, 0.000026, 0.000022, 0.000012, 55.29, 0.830, 35.92, 0.490, 104.34, 0.484, 0.00, 0.000
13679,145941, 55.29, 0.00, 0.633, 0.000, 0.000019, 0.000007,0,0,0, 0.000030, 0.000011, 0.000020, 0.000012, 55.29, 0.633, 38.70, 0.414, 121.21, 0.342, 36.14, 0.144
13680,145952, 31.25, 0.00, 0.970, 0.000, 0.000020, 0.000010,0,0,0, 0.000030, 0.000021, 0.000023, 0.000014, 31.25, 0.970, 129.03, 0.400, 41.52, 0.199, 44.77, 0.137
13681,145962, 34.09, 0.00, 0.525, 0.000, 0.000021, 0.000018,0,0,0, 0.000030, 0.000026, 0.000025, 0.000011, 34.09, 0.525, 70.58, 0.448, 44.94, 0.397, 136.36, 0.356
13682,145973, 31.83, 0.00, 0.638, 0.000, 0.000019, 0.000012,0,0,0, 0.000000, 0.000000, 0.000015, 0.000006, 31.83, 0.638, 34.18, 0.533, 134.83, 0.233, 69.76, 0.207
13683,145984, 64.86, 0.00, 0.206, 0.000, 0.000017, 0.000008,0,0,0, 0.000000, 0.000000, 0.000001, 0.000000, 64.86, 0.206, 133.33, 0.082, 0.00, 0.000, 0.00, 0.000
13684,145994, 400.00, 0.00, 0.540, 0.000, 0.000020, 0.000023,0,0,0, 0.000030, 0.000028, 0.000027, 0.000013, 400.00, 0.540, 0.00, 0.000, 0.00, 0.000, 0.00, 0.000
13685,146005, 400.00, 0.00, 0.545, 0.000, 0.000021, 0.000016,0,0,0, 0.000030, 0.000018, 0.000026, 0.000012, 400.00, 0.545, 0.00, 0.000, 0.00, 0.000, 0.00, 0.000
13686,146016, 50.00, 0.00, 0.383, 0.000, 0.000020, 0.000011,0,0,0, 0.000030, 0.000022, 0.000021, 0.000013, 50.00, 0.383, 0.00, 0.000, 0.00, 0.000, 0.00, 0.000
13687,146026, 31.49, 0.00, 0.434, 0.000, 0.000019, 0.000007,0,0,0, 0.000030, 0.000018, 0.000021, 0.000013, 31.49, 0.434, 44.11, 0.357, 86.95, 0.204, 89.55, 0.201
13688,146037, 43.32, 0.00, 0.817, 0.000, 0.000020, 0.000009,0,0,0, 0.000030, 0.000024, 0.000023, 0.000013, 43.32, 0.817, 84.50, 0.605, 0.00, 0.000, 0.00, 0.000
13689,146048, 41.81, 0.00, 0.862, 0.000, 0.000020, 0.000006,0,0,0, 0.000030, 0.000022, 0.000021, 0.000013, 41.81, 0.862, 88.88, 0.692, 0.00, 0.000, 0.00, 0.000
13690,146058, 93.02, 0.00, 0.423, 0.000, 0.000020, 0.000009,0,0,0, 0.000030, 0.000017, 0.000022, 0.000013, 93.02, 0.423, 31.49, 0.410, 43.47, 0.328, 76.43, 0.191
13691,146069, 37.15, 0.00, 0.420, 0.000, 0.000019, 0.000006,0,0,0, 0.000030, 0.000025, 0.000019, 0.000013, 37.15, 0.420, 102.56, 0.362, 59.40, 0.237, 0.00, 0.000
13692,146080, 40.13, 0.00, 0.639, 0.000, 0.000018, 0.000004,0,0,0, 0.000030, 0.000001, 0.000021, 0.000010, 40.13, 0.639, 59.70, 0.523, 133.33, 0.446, 30.84, 0.083
13693,146090, 43.32, 0.00, 0.591, 0.000, 0.000020, 0.000016,0,0,0, 0.000030, 0.000021, 0.000025, 0.000015, 43.32, 0.591, 63.82, 0.498, 31.00, 0.464, 134.83, 0.267
13694,146101, 40.13, 0.00, 0.687, 0.000, 0.000019, 0.000011,0,0,0, 0.000030, 0.000019, 0.000020, 0.000012, 40.13, 0.687, 30.37, 0.492, 107.14, 0.194, 63.82, 0.107
13695,146112, 43.01, 0.00, 0.605, 0.000, 0.000020, 0.000010,0,0,0, 0.000030, 0.000022, 0.000023, 0.000014, 43.01, 0.605, 77.92, 0.282, 100.84, 0.207, 0.00, 0.000
13696,146122, 42.85, 0.00, 0.934, 0.000, 0.000019, 0.000007,0,0,0, 0.000030, 0.000021, 0.000021, 0.000013, 42.85, 0.934, 96.00, 0.620, 0.00, 0.000, 0.00, 0.000
13697,146133, 42.55, 0.00, 0.774, 0.000, 0.000020, 0.000015,0,0,0, 0.000030, 0.000026, 0.000024, 0.000011, 42.55, 0.774, 87.59, 0.584, 0.00, 0.000, 0.00, 0.000
13698,146144, 43.79, 0.00, 0.772, 0.000, 0.000020, 0.000010,0,0,0, 0.000030, 0.000020, 0.000023, 0.000014, 43.79, 0.772, 89.55, 0.569, 0.00, 0.000, 0.00, 0.000
13699,146154, 43.47, 0.00, 0.937, 0.000, 0.000019, 0.000007,0,0,0, 0.000030, 0.000024, 0.000022, 0.000011, 43.47, 0.937, 86.33, 0.539, 0.00, 0.000, 0.00, 0.000
13700,146165, 42.85, 0.00, 0.624, 0.000, 0.000019, 0.000027,0,0,0, 0.000030, 0.000029, 0.000026, 0.000005, 42.85, 0.624, 31.41, 0.537, 86.33, 0.366, 0.00, 0.000
13701,146176, 42.40, 0.00, 0.408, 0.000, 0.000020, 0.000019,0,0,0, 0.000000, 0.000000, 0.000026, 0.000011, 42.40, 0.408, 31.00, 0.374, 87.59, 0.142, 0.00, 0.000
13702,146186, 33.14, 0.00, 0.484, 0.000, 0.000020, 0.000014,0,0,0, 0.000030, 0.000015, 0.000025, 0.000012, 33.14, 0.484, 47.61, 0.085, 0.00, 0.000, 0.00, 0.000
13703,146197, 37.38, 0.00, 0.535, 0.000, 0.000020, 0.000010,0,0,0, 0.000030, 0.000019, 0.000023, 0.000013, 37.38, 0.535, 30.69, 0.481, 100.84, 0.183, 97.56, 0.182
13704,146208, 41.95, 0.00, 0.334, 0.000, 0.000020, 0.000009,0,0,0, 0.000030, 0.000022, 0.000024, 0.000014, 41.95, 0.334, 94.48, 0.298, 47.61, 0.122, 0.00, 0.000
13705,146218, 42.10, 0.00, 0.744, 0.000, 0.000020, 0.000006,0,0,0, 0.000030, 0.000022, 0.000021, 0.000013, 42.10, 0.744, 90.90, 0.673, 31.00, 0.597, 0.00, 0.000
13706,146229, 88.88, 0.00, 0.664, 0.000, 0.000019, 0.000004,0,0,0, 0.000030, 0.000025, 0.000019, 0.000011, 88.88, 0.664, 30.30, 0.631, 43.63, 0.624, 41.81, 0.568
13707,146240, 42.10, 0.00, 0.702, 0.000, 0.000019, 0.000010,0,0,0, 0.000030, 0.000022, 0.000021, 0.000013, 42.10, 0.702, 90.22, 0.562, 87.59, 0.559, 0.00, 0.000
13708,146250, 42.85, 0.00, 0.574, 0.000, 0.000018, 0.000007,0,0,0, 0.000030, 0.000015, 0.000021, 0.000013, 42.85, 0.574, 75.94, 0.288, 65.93, 0.255, 82.75, 0.254
13709,146261, 59.70, 0.00, 0.519, 0.000, 0.000019, 0.000008,0,0,0, 0.000030, 0.000021, 0.000021, 0.000014, 59.70, 0.519, 38.46, 0.427, 37.26, 0.409, 33.51, 0.195
13710,146272, 38.46, 0.00, 0.822, 0.000, 0.000019, 0.000007,0,0,0, 0.000030, 0.000018, 0.000021, 0.000012, 38.46, 0.822, 101.69, 0.301, 60.60, 0.202, 0.00, 0.000
13711,146282, 42.85, 0.00, 0.503, 0.000, 0.000019, 0.000010,0,0,0, 0.000030, 0.000019, 0.000023, 0.000013, 42.85, 0.503, 90.90, 0.388, 81.63, 0.364, 31.16, 0.108
13712,146293, 42.85, 0.00, 0.952, 0.000, 0.000019, 0.000007,0,0,0, 0.000030, 0.000021, 0.000022, 0.000014, 42.85, 0.952, 90.90, 0.722, 0.00, 0.000, 0.00, 0.000
13713,146304, 43.01, 0.00, 0.819, 0.000, 0.000020, 0.000008,0,0,0, 0.000030, 0.000023, 0.000022, 0.000014, 43.01, 0.819, 86.33, 0.755, 0.00, 0.000, 0.00, 0.000
13714,146314, 43.32, 0.00, 0.843, 0.000, 0.000019, 0.000006,0,0,0, 0.000030, 0.000021, 0.000021, 0.000013, 43.32, 0.843, 89.55, 0.786, 0.00, 0.000, 0.00, 0.000
13715,146325, 43.32, 0.00, 0.524, 0.000, 0.000019, 0.000012,0,0,0, 0.000030, 0.000015, 0.000023, 0.000010, 43.32, 0.524, 86.95, 0.500, 0.00, 0.000, 0.00, 0.000
13716,146336, 40.00, 0.00, 0.519, 0.000, 0.000020, 0.000013,0,0,0, 0.000030, 0.000019, 0.000023, 0.000012, 40.00, 0.519, 41.66, 0.421, 96.00, 0.350, 73.17, 0.177
13717,146346, 40.54, 0.00, 0.715, 0.000, 0.000018, 0.000009,0,0,0, 0.000030, 0.000006, 0.000018, 0.000009, 40.54, 0.715, 63.15, 0.224, 68.96, 0.220, 31.08, 0.153
13718,146357, 40.13, 0.00, 0.744, 0.000, 0.000020, 0.000014,0,0,0, 0.000030, 0.000019, 0.000025, 0.000014, 40.13, 0.744, 63.82, 0.374, 66.66, 0.373, 31.16, 0.136
13719,146368, 39.34, 0.00, 0.726, 0.000, 0.000019, 0.000010,0,0,0, 0.000030, 0.000021, 0.000021, 0.000013, 39.34, 0.726, 91.60, 0.289, 65.21, 0.120, 70.58, 0.074
13720,146378, 88.88, 0.00, 0.494, 0.000, 0.000020, 0.000010,0,0,0, 0.000030, 0.000024, 0.000023, 0.000014, 88.88, 0.494, 41.52, 0.392, 44.28, 0.351, 0.00, 0.000
13721,146389, 42.55, 0.00, 0.810, 0.000, 0.000019, 0.000007,0,0,0, 0.000030, 0.000020, 0.000020, 0.000013, 42.55, 0.810, 88.23, 0.740, 0.00, 0.000, 0.00, 0.000
13722,146400, 43.32, 0.00, 0.960, 0.000, 0.000020, 0.000009,0,0,0, 0.000030, 0.000024, 0.000022, 0.000013, 43.32, 0.960, 81.63, 0.707, 0.00, 0.000, 0.00, 0.000
13723,146410, 43.16, 0.00, 0.963, 0.000, 0.000019, 0.000006,0,0,0, 0.000030, 0.000021, 0.000021, 0.000013, 43.16, 0.963, 85.10, 0.692, 88.23, 0.691, 0.00, 0.000
13724,146421, 43.16, 0.00, 0.501, 0.000, 0.000019, 0.000004,0,0,0, 0.000030, 0.000020, 0.000020, 0.000013, 43.16, 0.501, 89.55, 0.395, 77.92, 0.359, 32.78, 0.127
13725,146432, 37.15, 0.00, 0.745, 0.000, 0.000019, 0.000007,0,0,0, 0.000030, 0.000023, 0.000021, 0.000013, 37.15, 0.745, 100.00, 0.355, 61.53, 0.347, 0.00, 0.000
13726,146442, 38.33, 0.00, 0.551, 0.000, 0.000019, 0.000012,0,0,0, 0.000030, 0.000018, 0.000023, 0.000011, 38.33, 0.551, 36.92, 0.549, 63.49, 0.416, 101.69, 0.272
13727,146453, 90.22, 0.00, 0.437, 0.000, 0.000019, 0.000008,0,0,0, 0.000030, 0.000019, 0.000022, 0.000013, 90.22, 0.437, 40.67, 0.420, 68.96, 0.268, 31.16, 0.183
13728,146464, 43.95, 0.00, 0.779, 0.000, 0.000019, 0.000006,0,0,0, 0.000030, 0.000020, 0.000022, 0.000014, 43.95, 0.779, 89.55, 0.675, 0.00, 0.000, 0.00, 0.000
13729,146474, 44.60, 0.00, 0.853, 0.000, 0.000019, 0.000008,0,0,0, 0.000030, 0.000021, 0.000023, 0.000014, 44.60, 0.853, 86.33, 0.722, 0.00, 0.000, 0.00, 0.000
13730,146485, 43.16, 0.00, 0.919, 0.000, 0.000019, 0.000006,0,0,0, 0.000030, 0.000021, 0.000021, 0.000013, 43.16, 0.919, 91.60, 0.779, 0.00, 0.000, 0.00, 0.000
13731,146496, 43.32, 0.00, 0.832, 0.000, 0.000020, 0.000012,0,0,0, 0.000030, 0.000025, 0.000023, 0.000012, 43.32, 0.832, 89.55, 0.721, 0.00, 0.000, 0.00, 0.000
13732,146506, 41.52, 0.00, 0.864, 0.000, 0.000020, 0.000008,0,0,0, 0.000030, 0.000021, 0.000021, 0.000014, 41.52, 0.864, 90.90, 0.703, 0.00, 0.000, 0.00, 0.000
13733,146517, 76.43, 0.00, 0.426, 0.000, 0.000019, 0.000006,0,0,0, 0.000030, 0.000020, 0.000018, 0.000014, 76.43, 0.426, 41.37, 0.343, 32.25, 0.108, 36.14, 0.072
13734,146528, 37.85, 0.00, 0.697, 0.000, 0.000019, 0.000010,0,0,0, 0.000030, 0.000023, 0.000022, 0.000013, 37.85, 0.697, 61.53, 0.385, 95.23, 0.219, 77.41, 0.026
13735,146538, 37.97, 0.00, 0.613, 0.000, 0.000019, 0.000010,0,0,0, 0.000030, 0.000018, 0.000023, 0.000012, 37.97, 0.613, 64.86, 0.286, 97.56, 0.256, 0.00, 0.000
13736,146549, 90.90, 0.00, 0.553, 0.000, 0.000019, 0.000007,0,0,0, 0.000030, 0.000020, 0.000022, 0.000013, 90.90, 0.553, 40.67, 0.421, 43.63, 0.361, 30.69, 0.162
13737,146560, 43.63, 0.00, 0.798, 0.000, 0.000019, 0.000006,0,0,0, 0.000030, 0.000019, 0.000022, 0.000013, 43.63, 0.798, 90.90, 0.733, 0.00, 0.000, 0.00, 0.000
13738,146570, 44.44, 0.00, 0.882, 0.000, 0.000020, 0.000009,0,0,0, 0.000030, 0.000022, 0.000023, 0.000014, 44.44, 0.882, 86.33, 0.771, 0.00, 0.000, 0.00, 0.000
13739,146581, 43.01, 0.00, 0.860, 0.000, 0.000019, 0.000006,0,0,0, 0.000030, 0.000021, 0.000021, 0.000013, 43.01, 0.860, 43.63, 0.859, 91.60, 0.827, 0.00, 0.000
13740,146592, 43.95, 0.00, 0.736, 0.000, 0.000019, 0.000015,0,0,0, 0.000030, 0.000026, 0.000024, 0.000011, 43.95, 0.736, 90.22, 0.736, 0.00, 0.000, 0.00, 0.000
13741,146602, 41.37, 0.00, 0.734, 0.000, 0.000020, 0.000011,0,0,0, 0.000030, 0.000019, 0.000023, 0.000014, 41.37, 0.734, 91.60, 0.616, 0.00, 0.000, 0.00, 0.000
13742,146613, 69.36, 0.00, 0.510, 0.000, 0.000019, 0.000007,0,0,0, 0.000030, 0.000016, 0.000021, 0.000013, 69.36, 0.510, 34.78, 0.286, 40.13, 0.284, 31.49, 0.170
13743,146624, 38.33, 0.00, 0.529, 0.000, 0.000019, 0.000005,0,0,0, 0.000030, 0.000021, 0.000020, 0.000013, 38.33, 0.529, 67.03, 0.467, 93.02, 0.201, 0.00, 0.000
13744,146634, 38.70, 0.00, 0.675, 0.000, 0.000019, 0.000006,0,0,0, 0.000030, 0.000019, 0.000021, 0.000012, 38.70, 0.675, 92.30, 0.393, 68.96, 0.234, 0.00, 0.000
13745,146645, 90.90, 0.00, 0.612, 0.000, 0.000019, 0.000009,0,0,0, 0.000030, 0.000020, 0.000023, 0.000014, 90.90, 0.612, 43.63, 0.549, 0.00, 0.000, 0.00, 0.000
13746,146656, 30.07, 0.00, 0.931, 0.000, 0.000019, 0.000007,0,0,0, 0.000030, 0.000018, 0.000022, 0.000013, 30.07, 0.931, 43.63, 0.840, 89.55, 0.770, 0.00, 0.000
13747,146666, 30.07, 0.00, 0.949, 0.000, 0.000019, 0.000009,0,0,0, 0.000030, 0.000019, 0.000023, 0.000013, 30.07, 0.949, 45.80, 0.830, 90.22, 0.811, 0.00, 0.000
13748,146677, 90.90, 0.00, 0.524, 0.000, 0.000021, 0.000016,0,0,0, 0.000030, 0.000019, 0.000025, 0.000013, 90.90, 0.524, 40.54, 0.424, 45.80, 0.347, 0.00, 0.000
13749,146688, 73.17, 0.00, 0.512, 0.000, 0.000020, 0.000011,0,0,0, 0.000030, 0.000020, 0.000021, 0.000013, 73.17, 0.512, 39.34, 0.383, 37.85, 0.360, 32.17, 0.097
13750,146698, 73.17, 0.00, 0.752, 0.000, 0.000019, 0.000007,0,0,0, 0.000030, 0.000020, 0.000021, 0.000013, 73.17, 0.752, 35.92, 0.623, 47.05, 0.023, 0.00, 0.000
13751,146709, 74.07, 0.00, 0.667, 0.000, 0.000018, 0.000005,0,0,0, 0.000030, 0.000018, 0.000019, 0.000012, 74.07, 0.667, 37.15, 0.623, 47.24, 0.046, 133.33, 0.033
13752,146720, 74.07, 0.00, 0.784, 0.000, 0.000020, 0.000015,0,0,0, 0.000030, 0.000019, 0.000024, 0.000013, 74.07, 0.784, 37.38, 0.667, 0.00, 0.000, 0.00, 0.000
13753,146730, 36.92, 0.00, 0.775, 0.000, 0.000019, 0.000011,0,0,0, 0.000030, 0.000024, 0.000020, 0.000014, 36.92, 0.775, 74.07, 0.638, 31.00, 0.499, 50.20, 0.100
13754,146741, 74.07, 0.00, 0.820, 0.000, 0.000019, 0.000007,0,0,0, 0.000030, 0.000020, 0.000019, 0.000014, 74.07, 0.820, 36.80, 0.749, 50.63, 0.218, 30.22, 0.162
13755,146752, 74.07, 0.00, 0.780, 0.000, 0.000019, 0.000011,0,0,0, 0.000030, 0.000022, 0.000022, 0.000012, 74.07, 0.780, 37.15, 0.595, 31.00, 0.214, 34.48, 0.210
13756,146762, 74.53, 0.00, 0.710, 0.000, 0.000019, 0.000007,0,0,0, 0.000030, 0.000022, 0.000021, 0.000013, 74.53, 0.710, 37.03, 0.562, 46.33, 0.091, 125.00, 0.087
13757,146773, 74.53, 0.00, 0.760, 0.000, 0.000019, 0.000009,0,0,0, 0.000030, 0.000021, 0.000023, 0.000013, 74.53, 0.760, 37.15, 0.650, 44.44, 0.148, 0.00, 0.000
13758,146784, 74.53, 0.00, 0.848, 0.000, 0.000019, 0.000008,0,0,0, 0.000030, 0.000021, 0.000022, 0.000012, 74.53, 0.848, 37.15, 0.750, 0.00, 0.000, 0.00, 0.000
13759,146794, 37.26, 0.00, 0.955, 0.000, 0.000020, 0.000011,0,0,0, 0.000030, 0.000015, 0.000023, 0.000013, 37.26, 0.955, 74.53, 0.954, 0.00, 0.000, 0.00, 0.000
13760,146805, 37.15, 0.00, 0.920, 0.000, 0.000019, 0.000008,0,0,0, 0.000030, 0.000017, 0.000020, 0.000011, 37.15, 0.920, 74.53, 0.914, 0.00, 0.000, 0.00, 0.000
13761,146816, 75.00, 0.00, 0.901, 0.000, 0.000020, 0.000011,0,0,0, 0.000030, 0.000021, 0.000024, 0.000014, 75.00, 0.901, 37.15, 0.847, 0.00, 0.000, 0.00, 0.000
13762,146826, 75.00, 0.00, 0.867, 0.000, 0.000020, 0.000009,0,0,0, 0.000030, 0.000019, 0.000023, 0.000013, 75.00, 0.867, 37.38, 0.793, 0.00, 0.000, 0.00, 0.000
13763,146837, 75.47, 0.00, 0.840, 0.000, 0.000019, 0.000006,0,0,0, 0.000030, 0.000022, 0.000020, 0.000013, 75.47, 0.840, 38.09, 0.653, 31.16, 0.060, 0.00, 0.000
13764,146848, 74.53, 0.00, 0.880, 0.000, 0.000019, 0.000004,0,0,0, 0.000030, 0.000017, 0.000020, 0.000014, 74.53, 0.880, 37.15, 0.766, 50.63, 0.031, 162.16, 0.021
13765,146858, 73.61, 0.00, 0.848, 0.000, 0.000019, 0.000008,0,0,0, 0.000030, 0.000022, 0.000021, 0.000013, 73.61, 0.848, 36.80, 0.799, 134.83, 0.175, 45.62, 0.159
13766,146869, 73.61, 0.00, 0.852, 0.000, 0.000019, 0.000009,0,0,0, 0.000030, 0.000022, 0.000022, 0.000013, 73.61, 0.852, 36.80, 0.707, 44.94, 0.139, 117.64, 0.010
13767,146880, 73.61, 0.00, 0.762, 0.000, 0.000020, 0.000011,0,0,0, 0.000030, 0.000021, 0.000023, 0.000013, 73.61, 0.762, 37.15, 0.535, 30.07, 0.214, 31.33, 0.179
13768,146890, 37.26, 0.00, 0.961, 0.000, 0.000019, 0.000007,0,0,0, 0.000030, 0.000021, 0.000019, 0.000014, 37.26, 0.961, 74.07, 0.758, 31.49, 0.171, 0.00, 0.000
13769,146901, 37.03, 0.00, 0.989, 0.000, 0.000020, 0.000012,0,0,0, 0.000030, 0.000016, 0.000023, 0.000012, 37.03, 0.989, 74.07, 0.698, 0.00, 0.000, 0.00, 0.000
13770,146912, 36.80, 0.00, 0.782, 0.000, 0.000019, 0.000008,0,0,0, 0.000030, 0.000020, 0.000022, 0.000013, 36.80, 0.782, 73.61, 0.742, 0.00, 0.000, 0.00, 0.000
13771,146922, 75.47, 0.00, 0.834, 0.000, 0.000020, 0.000009,0,0,0, 0.000030, 0.000020, 0.000023, 0.000014, 75.47, 0.834, 37.73, 0.705, 0.00, 0.000, 0.00, 0.000
13772,146933, 75.00, 0.00, 0.891, 0.000, 0.000019, 0.000007,0,0,0, 0.000030, 0.000022, 0.000022, 0.000013, 75.00, 0.891, 38.33, 0.779, 0.00, 0.000, 0.00, 0.000
13773,146944, 75.00, 0.00, 0.852, 0.000, 0.000019, 0.000005,0,0,0, 0.000030, 0.000020, 0.000020, 0.000014, 75.00, 0.852, 37.97, 0.713, 0.00, 0.000, 0.00, 0.000
13774,146954, 37.03, 0.00, 0.845, 0.000, 0.000019, 0.000007,0,0,0, 0.000030, 0.000018, 0.000022, 0.000012, 37.03, 0.845, 74.07, 0.845, 0.00, 0.000, 0.00, 0.000
13775,146965, 37.03, 0.00, 0.899, 0.000, 0.000019, 0.000005,0,0,0, 0.000030, 0.000023, 0.000021, 0.000014, 37.03, 0.899, 74.53, 0.808, 44.60, 0.036, 45.80, 0.031
13776,146976, 37.15, 0.00, 0.949, 0.000, 0.000019, 0.000007,0,0,0, 0.000030, 0.000022, 0.000021, 0.000013, 37.15, 0.949, 74.07, 0.896, 31.66, 0.019, 0.00, 0.000
13777,146986, 37.15, 0.00, 0.964, 0.000, 0.000018, 0.000005,0,0,0, 0.000030, 0.000023, 0.000020, 0.000012, 37.15, 0.964, 74.07, 0.924, 31.66, 0.240, 55.55, 0.044
13778,146997, 73.61, 0.00, 0.960, 0.000, 0.000019, 0.000006,0,0,0, 0.000030, 0.000018, 0.000021, 0.000014, 73.61, 0.960, 36.92, 0.939, 31.49, 0.062, 55.29, 0.009
13779,147008, 74.07, 0.00, 0.944, 0.000, 0.000019, 0.000007,0,0,0, 0.000030, 0.000019, 0.000022, 0.000012, 74.07, 0.944, 36.92, 0.882, 44.11, 0.054, 110.09, 0.005
13780,147018, 74.07, 0.00, 0.906, 0.000, 0.000019, 0.000006,0,0,0, 0.000030, 0.000022, 0.000021, 0.000014, 74.07, 0.906, 37.03, 0.904, 44.11, 0.130, 109.09, 0.054
13781,147029, 74.53, 0.00, 0.920, 0.000, 0.000020, 0.000008,0,0,0, 0.000030, 0.000022, 0.000022, 0.000013, 74.53, 0.920, 37.26, 0.898, 0.00, 0.000, 0.00, 0.000
13782,147040, 74.53, 0.00, 0.922, 0.000, 0.000019, 0.000005,0,0,0, 0.000030, 0.000022, 0.000021, 0.000013, 74.53, 0.922, 37.15, 0.904, 0.00, 0.000, 0.00, 0.000
13783,147050, 74.53, 0.00, 0.942, 0.000, 0.000019, 0.000007,0,0,0, 0.000030, 0.000016, 0.000021, 0.000014, 74.53, 0.942, 37.26, 0.876, 0.00, 0.000, 0.00, 0.000
13784,147061, 37.03, 0.00, 0.985, 0.000, 0.000019, 0.000006,0,0,0, 0.000030, 0.000020, 0.000021, 0.000013, 37.03, 0.985, 74.07, 0.926, 44.28, 0.074, 0.00, 0.000
13785,147072, 37.03, 0.00, 0.989, 0.000, 0.000019, 0.000005,0,0,0, 0.000030, 0.000022, 0.000021, 0.000013, 37.03, 0.989, 74.07, 0.926, 0.00, 0.000, 0.00, 0.000
13786,147082, 37.15, 0.00, 0.982, 0.000, 0.000019, 0.000006,0,0,0, 0.000030, 0.000022, 0.000021, 0.000013, 37.15, 0.982, 74.07, 0.920, 0.00, 0.000, 0.00, 0.000
13787,147093, 37.15, 0.00, 0.940, 0.000, 0.000018, 0.000004,0,0,0, 0.000030, 0.000021, 0.000019, 0.000013, 37.15, 0.940, 74.53, 0.930, 31.49, 0.131, 0.00, 0.000
13788,147104, 73.61, 0.00, 0.919, 0.000, 0.000019, 0.000009,0,0,0, 0.000030, 0.000019, 0.000022, 0.000013, 73.61, 0.919, 36.92, 0.880, 31.74, 0.138, 55.04, 0.053
13789,147114, 73.61, 0.00, 0.919, 0.000, 0.000019, 0.000009,0,0,0, 0.000030, 0.000022, 0.000022, 0.000013, 73.61, 0.919, 36.80, 0.841, 44.11, 0.118, 111.11, 0.097
13790,147125, 74.53, 0.00, 0.957, 0.000, 0.000019, 0.000008,0,0,0, 0.000030, 0.000022, 0.000022, 0.000013, 74.53, 0.957, 37.15, 0.901, 44.11, 0.164, 108.10, 0.095
13791,147136, 74.53, 0.00, 0.963, 0.000, 0.000019, 0.000007,0,0,0, 0.000030, 0.000023, 0.000021, 0.000012, 74.53, 0.963, 37.26, 0.933, 31.91, 0.168, 240.00, 0.060
13792,147146, 74.53, 0.00, 0.976, 0.000, 0.000019, 0.000005,0,0,0, 0.000030, 0.000019, 0.000021, 0.000014, 74.53, 0.976, 37.15, 0.952, 0.00, 0.000, 0.00, 0.000
13793,147157, 37.03, 0.00, 0.989, 0.000, 0.000019, 0.000007,0,0,0, 0.000030, 0.000018, 0.000022, 0.000012, 37.03, 0.989, 74.07, 0.947, 32.25, 0.146, 56.60, 0.064
13794,147168, 37.15, 0.00, 0.984, 0.000, 0.000019, 0.000006,0,0,0, 0.000030, 0.000022, 0.000021, 0.000014, 37.15, 0.984, 74.07, 0.925, 43.95, 0.129, 108.10, 0.103
13795,147178, 74.53, 0.00, 0.950, 0.000, 0.000019, 0.000006,0,0,0, 0.000030, 0.000022, 0.000021, 0.000013, 74.53, 0.950, 37.26, 0.934, 44.28, 0.016, 0.00, 0.000
13796,147189, 74.53, 0.00, 0.937, 0.000, 0.000019, 0.000004,0,0,0, 0.000030, 0.000024, 0.000020, 0.000012, 74.53, 0.937, 37.26, 0.857, 32.00, 0.217, 56.33, 0.025
13797,147200, 74.53, 0.00, 0.953, 0.000, 0.000019, 0.000006,0,0,0, 0.000030, 0.000019, 0.000021, 0.000014, 74.53, 0.953, 37.15, 0.942, 31.83, 0.034, 55.55, 0.000
13798,147210, 74.07, 0.00, 0.934, 0.000, 0.000019, 0.000009,0,0,0, 0.000030, 0.000019, 0.000022, 0.000012, 74.07, 0.934, 37.03, 0.882, 31.66, 0.069, 55.29, 0.052
13799,147221, 74.07, 0.00, 0.929, 0.000, 0.000019, 0.000008,0,0,0, 0.000030, 0.000024, 0.000022, 0.000014, 74.07, 0.929, 37.03, 0.905, 44.28, 0.224, 111.11, 0.152
13800,147232, 74.07, 0.00, 0.945, 0.000, 0.000020, 0.000009,0,0,0, 0.000030, 0.000023, 0.000022, 0.000013, 74.07, 0.945, 37.03, 0.934, 31.74, 0.132, 55.81, 0.055
13801,147242, 74.07, 0.00, 0.984, 0.000, 0.000019, 0.000006,0,0,0, 0.000030, 0.000023, 0.000020, 0.000013, 74.07, 0.984, 37.15, 0.980, 31.83, 0.108, 56.07, 0.080
13802,147253, 74.07, 0.00, 0.986, 0.000, 0.000019, 0.000007,0,0,0, 0.000030, 0.000019, 0.000022, 0.000014, 74.07, 0.986, 37.15, 0.981, 32.00, 0.140, 56.33, 0.094
13803,147264, 74.07, 0.00, 0.958, 0.000, 0.000019, 0.000007,0,0,0, 0.000030, 0.000018, 0.000022, 0.000012, 74.07, 0.958, 37.03, 0.929, 43.95, 0.060, 108.10, 0.051
13804,147274, 74.53, 0.00, 0.955, 0.000, 0.000019, 0.000006,0,0,0, 0.000030, 0.000023, 0.000022, 0.000014, 74.53, 0.955, 37.15, 0.860, 43.63, 0.147, 106.19, 0.046
13805,147285, 74.53, 0.00, 0.954, 0.000, 0.000020, 0.000008,0,0,0, 0.000030, 0.000022, 0.000022, 0.000013, 74.53, 0.954, 37.38, 0.909, 0.00, 0.000, 0.00, 0.000
13806,147296, 74.53, 0.00, 0.915, 0.000, 0.000019, 0.000005,0,0,0, 0.000030, 0.000022, 0.000020, 0.000013, 74.53, 0.915, 37.38, 0.863, 0.00, 0.000, 0.00, 0.000
13807,147306, 74.53, 0.00, 0.923, 0.000, 0.000019, 0.000006,0,0,0, 0.000030, 0.000018, 0.000022, 0.000014, 74.53, 0.923, 37.15, 0.888, 55.81, 0.042, 32.08, 0.001
13808,147317, 74.07, 0.00, 0.954, 0.000, 0.000019, 0.000008,0,0,0, 0.000030, 0.000021, 0.000022, 0.000013, 74.07, 0.954, 36.92, 0.922, 44.11, 0.112, 110.09, 0.079
13809,147328, 74.07, 0.00, 0.976, 0.000, 0.000019, 0.000009,0,0,0, 0.000030, 0.000023, 0.000022, 0.000013, 74.07, 0.976, 37.03, 0.951, 44.11, 0.157, 110.09, 0.106
13810,147338, 74.07, 0.00, 0.974, 0.000, 0.000019, 0.000009,0,0,0, 0.000030, 0.000023, 0.000022, 0.000012, 74.07, 0.974, 37.03, 0.947, 31.91, 0.268, 56.07, 0.140
13811,147349, 37.03, 0.00, 0.970, 0.000, 0.000019, 0.000006,0,0,0, 0.000030, 0.000021, 0.000021, 0.000014, 37.03, 0.970, 74.07, 0.968, 230.76, 0.024, 31.74, 0.020
13812,147360, 36.92, 0.00, 0.965, 0.000, 0.000020, 0.000008,0,0,0, 0.000030, 0.000018, 0.000022, 0.000013, 36.92, 0.965, 74.07, 0.916, 31.91, 0.141, 56.33, 0.109
13813,147370, 73.61, 0.00, 0.895, 0.000, 0.000019, 0.000006,0,0,0, 0.000030, 0.000021, 0.000022, 0.000013, 73.61, 0.895, 37.03, 0.809, 43.79, 0.089, 107.14, 0.037
13814,147381, 74.53, 0.00, 0.913, 0.000, 0.000020, 0.000008,0,0,0, 0.000030, 0.000022, 0.000023, 0.000014, 74.53, 0.913, 37.38, 0.829, 43.47, 0.054, 0.00, 0.000
13815,147392, 74.53, 0.00, 0.955, 0.000, 0.000020, 0.000010,0,0,0, 0.000030, 0.000022, 0.000023, 0.000012, 74.53, 0.955, 37.38, 0.923, 0.00, 0.000, 0.00, 0.000
13816,147402, 74.53, 0.00, 0.919, 0.000, 0.000019, 0.000007,0,0,0, 0.000030, 0.000019, 0.000021, 0.000014, 74.53, 0.919, 37.26, 0.862, 0.00, 0.000, 0.00, 0.000
13817,147413, 74.07, 0.00, 0.914, 0.000, 0.000019, 0.000006,0,0,0, 0.000030, 0.000018, 0.000022, 0.000012, 74.07, 0.914, 37.03, 0.902, 32.34, 0.032, 57.14, 0.023
13818,147424, 37.03, 0.00, 0.912, 0.000, 0.000019, 0.000006,0,0,0, 0.000030, 0.000023, 0.000021, 0.000014, 37.03, 0.912, 74.07, 0.898, 43.95, 0.090, 108.10, 0.069
13819,147434, 37.15, 0.00, 0.992, 0.000, 0.000019, 0.000008,0,0,0, 0.000030, 0.000022, 0.000022, 0.000013, 37.15, 0.992, 74.07, 0.971, 32.00, 0.027, 43.95, 0.019
13820,147445, 74.07, 0.00, 0.975, 0.000, 0.000019, 0.000005,0,0,0, 0.000030, 0.000024, 0.000020, 0.000012, 74.07, 0.975, 37.03, 0.949, 31.91, 0.203, 56.07, 0.090
13821,147456, 74.07, 0.00, 0.970, 0.000, 0.000019, 0.000007,0,0,0, 0.000030, 0.000019, 0.000022, 0.000014, 74.07, 0.970, 37.03, 0.967, 31.91, 0.126, 56.07, 0.091
13822,147466, 74.07, 0.00, 0.954, 0.000, 0.000019, 0.000008,0,0,0, 0.000030, 0.000019, 0.000022, 0.000012, 74.07, 0.954, 37.03, 0.934, 56.33, 0.073, 32.17, 0.068
13823,147477, 74.53, 0.00, 0.900, 0.000, 0.000019, 0.000007,0,0,0, 0.000030, 0.000022, 0.000022, 0.000014, 74.53, 0.900, 37.15, 0.823, 43.95, 0.127, 109.09, 0.067
13824,147488, 74.07, 0.00, 0.915, 0.000, 0.000020, 0.000009,0,0,0, 0.000030, 0.000022, 0.000023, 0.000013, 74.07, 0.915, 37.15, 0.844, 43.47, 0.000, 0.00, 0.000
13825,147498, 37.15, 0.00, 0.971, 0.000, 0.000019, 0.000006,0,0,0, 0.000030, 0.000022, 0.000021, 0.000013, 37.15, 0.971, 74.53, 0.884, 0.00, 0.000, 0.00, 0.000
13826,147509, 37.15, 0.00, 0.986, 0.000, 0.000020, 0.000010,0,0,0, 0.000030, 0.000016, 0.000023, 0.000013, 37.15, 0.986, 74.53, 0.921, 0.00, 0.000, 0.00, 0.000
13827,147520, 74.07, 0.00, 0.955, 0.000, 0.000019, 0.000007,0,0,0, 0.000030, 0.000018, 0.000021, 0.000012, 74.07, 0.955, 37.15, 0.907, 0.00, 0.000, 0.00, 0.000
13828,147530, 74.07, 0.00, 0.959, 0.000, 0.000020, 0.000008,0,0,0, 0.000030, 0.000022, 0.000023, 0.000014, 74.07, 0.959, 37.15, 0.904, 0.00, 0.000, 0.00, 0.000
13829,147541, 37.26, 0.00, 0.989, 0.000, 0.000020, 0.000009,0,0,0, 0.000030, 0.000022, 0.000023, 0.000013, 37.26, 0.989, 74.53, 0.989, 0.00, 0.000, 0.00, 0.000
13830,147552, 74.53, 0.00, 0.891, 0.000, 0.000019, 0.000006,0,0,0, 0.000030, 0.000022, 0.000019, 0.000013, 74.53, 0.891, 37.15, 0.804, 0.00, 0.000, 0.00, 0.000
13831,147562, 74.07, 0.00, 0.879, 0.000, 0.000019, 0.000007,0,0,0, 0.000030, 0.000019, 0.000022, 0.000014, 74.07, 0.879, 36.92, 0.876, 55.81, 0.066, 0.00, 0.000
13832,147573, 73.61, 0.00, 0.874, 0.000, 0.000019, 0.000007,0,0,0, 0.000030, 0.000019, 0.000022, 0.000012, 73.61, 0.874, 36.69, 0.811, 109.09, 0.039, 43.95, 0.006
13833,147584, 74.07, 0.00, 0.914, 0.000, 0.000020, 0.000009,0,0,0, 0.000030, 0.000022, 0.000023, 0.000014, 74.07, 0.914, 37.03, 0.817, 43.95, 0.059, 0.00, 0.000
13834,147594, 37.15, 0.00, 0.957, 0.000, 0.000020, 0.000006,0,0,0, 0.000030, 0.000023, 0.000022, 0.000012, 37.15, 0.957, 74.07, 0.901, 32.00, 0.143, 0.00, 0.000
13835,147605, 74.07, 0.00, 0.963, 0.000, 0.000019, 0.000006,0,0,0, 0.000030, 0.000019, 0.000021, 0.000014, 74.07, 0.963, 37.15, 0.932, 0.00, 0.000, 0.00, 0.000
13836,147616, 74.07, 0.00, 0.953, 0.000, 0.000020, 0.000011,0,0,0, 0.000030, 0.000016, 0.000023, 0.000012, 74.07, 0.953, 37.03, 0.933, 0.00, 0.000, 0.00, 0.000
13837,147626, 74.07, 0.00, 0.943, 0.000, 0.000019, 0.000008,0,0,0, 0.000030, 0.000020, 0.000021, 0.000013, 74.07, 0.943, 37.15, 0.866, 0.00, 0.000, 0.00, 0.000
13838,147637, 74.53, 0.00, 0.960, 0.000, 0.000020, 0.000009,0,0,0, 0.000030, 0.000022, 0.000023, 0.000014, 74.53, 0.960, 37.38, 0.932, 0.00, 0.000, 0.00, 0.000
13839,147648, 74.53, 0.00, 0.994, 0.000, 0.000020, 0.000010,0,0,0, 0.000030, 0.000022, 0.000023, 0.000012, 74.53, 0.994, 37.38, 0.992, 0.00, 0.000, 0.00, 0.000
13840,147658, 74.53, 0.00, 0.932, 0.000, 0.000019, 0.000007,0,0,0, 0.000030, 0.000018, 0.000021, 0.000014, 74.53, 0.932, 37.26, 0.875, 0.00, 0.000, 0.00, 0.000
13841,147669, 36.92, 0.00, 0.908, 0.000, 0.000019, 0.000006,0,0,0, 0.000030, 0.000018, 0.000022, 0.000012, 36.92, 0.908, 74.07, 0.908, 0.00, 0.000, 0.00, 0.000
13842,147680, 73.61, 0.00, 0.877, 0.000, 0.000019, 0.000006,0,0,0, 0.000030, 0.000021, 0.000021, 0.000014, 73.61, 0.877, 36.80, 0.804, 0.00, 0.000, 0.00, 0.000
13843,147690, 73.61, 0.00, 0.818, 0.000, 0.000019, 0.000011,0,0,0, 0.000030, 0.000025, 0.000023, 0.000011, 73.61, 0.818, 36.36, 0.698, 31.57, 0.290, 56.07, 0.078
13844,147701, 73.61, 0.00, 0.373, 0.000, 0.000021, 0.000024,0,0,0, 0.000030, 0.000027, 0.000026, 0.000009, 73.61, 0.373, 40.67, 0.277, 54.54, 0.060, 244.89, 0.004
13845,147712, 40.67, 0.00, 0.511, 0.000, 0.000019, 0.000017,0,0,0, 0.000030, 0.000003, 0.000020, 0.000008, 40.67, 0.511, 73.61, 0.021, 0.00, 0.000, 0.00, 0.000
13846,147722, 32.78, 0.00, 0.444, 0.000, 0.000020, 0.000015,0,0,0, 0.000030, 0.000014, 0.000026, 0.000011, 32.78, 0.444, 0.00, 0.000, 0.00, 0.000, 0.00, 0.000
13847,147733, 34.38, 0.00, 0.576, 0.000, 0.000021, 0.000011,0,0,0, 0.000030, 0.000019, 0.000025, 0.000014, 34.38, 0.576, 91.60, 0.226, 60.60, 0.021, 51.06, 0.000
13848,147744, 93.02, 0.00, 0.581, 0.000, 0.000020, 0.000008,0,0,0, 0.000030, 0.000020, 0.000022, 0.000014, 93.02, 0.581, 47.24, 0.217, 42.40, 0.170, 0.00, 0.000
13849,147754, 90.22, 0.00, 0.696, 0.000, 0.000020, 0.000007,0,0,0, 0.000030, 0.000024, 0.000023, 0.000013, 90.22, 0.696, 42.55, 0.638, 45.11, 0.626, 30.45, 0.473
13850,147765, 44.94, 0.00, 0.715, 0.000, 0.000020, 0.000011,0,0,0, 0.000030, 0.000023, 0.000023, 0.000011, 44.94, 0.715, 91.60, 0.595, 0.00, 0.000, 0.00, 0.000
13851,147776, 43.63, 0.00, 0.298, 0.000, 0.000021, 0.000014,0,0,0, 0.000030, 0.000015, 0.000024, 0.000012, 43.63, 0.298, 92.30, 0.175, 50.42, 0.145, 73.17, 0.078
13852,147786, 36.25, 0.00, 0.708, 0.000, 0.000019, 0.000009,0,0,0, 0.000030, 0.000021, 0.000020, 0.000012, 36.25, 0.708, 54.29, 0.279, 50.84, 0.207, 105.26, 0.194
13853,147797, 34.68, 0.00, 0.488, 0.000, 0.000018, 0.000006,0,0,0, 0.000030, 0.000014, 0.000019, 0.000011, 34.68, 0.488, 32.34, 0.454, 50.00, 0.228, 47.61, 0.194
13854,147808, 41.81, 0.00, 0.543, 0.000, 0.000019, 0.000012,0,0,0, 0.000030, 0.000020, 0.000024, 0.000014, 41.81, 0.543, 96.00, 0.441, 47.05, 0.388, 75.47, 0.234
13855,147818, 31.16, 0.00, 0.713, 0.000, 0.000019, 0.000008,0,0,0, 0.000030, 0.000016, 0.000022, 0.000012, 31.16, 0.713, 45.97, 0.662, 46.87, 0.657, 95.23, 0.590
13856,147829, 46.33, 0.00, 0.673, 0.000, 0.000019, 0.000011,0,0,0, 0.000030, 0.000029, 0.000024, 0.000011, 46.33, 0.673, 93.75, 0.543, 31.49, 0.217, 39.08, 0.036
13857,147840, 34.88, 0.00, 0.354, 0.000, 0.000020, 0.000015,0,0,0, 0.000030, 0.000016, 0.000025, 0.000013, 34.88, 0.354, 38.70, 0.354, 48.97, 0.205, 94.48, 0.192
13858,147850, 30.07, 0.00, 0.483, 0.000, 0.000021, 0.000010,0,0,0, 0.000030, 0.000024, 0.000023, 0.000013, 30.07, 0.483, 51.72, 0.357, 42.10, 0.273, 63.49, 0.096
13859,147861, 43.95, 0.00, 0.237, 0.000, 0.000020, 0.000009,0,0,0, 0.000030, 0.000024, 0.000023, 0.000013, 43.95, 0.237, 52.17, 0.179, 35.92, 0.177, 0.00, 0.000
13860,147872, 35.29, 0.00, 0.338, 0.000, 0.000020, 0.000006,0,0,0, 0.000030, 0.000019, 0.000021, 0.000013, 35.29, 0.338, 54.79, 0.296, 104.34, 0.210, 0.00, 0.000
13861,147882, 35.39, 0.00, 0.653, 0.000, 0.000019, 0.000004,0,0,0, 0.000030, 0.000023, 0.000020, 0.000014, 35.39, 0.653, 100.00, 0.608, 52.63, 0.526, 0.00, 0.000
13862,147893, 53.09, 0.00, 0.733, 0.000, 0.000018, 0.000003,0,0,0, 0.000030, 0.000015, 0.000019, 0.000011, 53.09, 0.733, 107.14, 0.621, 35.60, 0.540, 0.00, 0.000
13863,147904, 30.92, 0.00, 0.313, 0.000, 0.000021, 0.000014,0,0,0, 0.000030, 0.000026, 0.000024, 0.000013, 30.92, 0.313, 100.84, 0.274, 52.86, 0.247, 44.11, 0.209
13864,147914, 39.73, 0.00, 0.834, 0.000, 0.000020, 0.000010,0,0,0, 0.000030, 0.000017, 0.000021, 0.000014, 39.73, 0.834, 84.50, 0.105, 116.50, 0.001, 0.00, 0.000
13865,147925, 55.29, 0.00, 0.346, 0.000, 0.000019, 0.000007,0,0,0, 0.000030, 0.000021, 0.000022, 0.000014, 55.29, 0.346, 41.95, 0.290, 89.55, 0.202, 0.00, 0.000
13866,147936, 47.61, 0.00, 0.610, 0.000, 0.000019, 0.000005,0,0,0, 0.000030, 0.000021, 0.000021, 0.000013, 47.61, 0.610, 31.25, 0.578, 92.30, 0.570, 0.00, 0.000
13867,147946, 33.80, 0.00, 0.973, 0.000, 0.000019, 0.000009,0,0,0, 0.000030, 0.000019, 0.000022, 0.000013, 33.80, 0.973, 104.34, 0.631, 49.58, 0.582, 0.00, 0.000
13868,147957, 53.81, 0.00, 0.720, 0.000, 0.000018, 0.000006,0,0,0, 0.000030, 0.000024, 0.000019, 0.000013, 53.81, 0.720, 34.09, 0.651, 103.44, 0.568, 0.00, 0.000
13869,147968, 55.55, 0.00, 0.766, 0.000, 0.000019, 0.000009,0,0,0, 0.000030, 0.000017, 0.000021, 0.000013, 55.55, 0.766, 36.92, 0.505, 106.19, 0.425, 0.00, 0.000
13870,147978, 56.60, 0.00, 0.673, 0.000, 0.000020, 0.000018,0,0,0, 0.000030, 0.000024, 0.000024, 0.000012, 56.60, 0.673, 40.54, 0.059, 105.26, 0.042, 0.00, 0.000
13871,147989, 37.97, 0.00, 0.613, 0.000, 0.000019, 0.000013,0,0,0, 0.000030, 0.000018, 0.000019, 0.000012, 37.97, 0.613, 59.11, 0.359, 113.20, 0.076, 0.00, 0.000
13872,148000, 37.97, 0.00, 0.458, 0.000, 0.000019, 0.000009,0,0,0, 0.000030, 0.000018, 0.000022, 0.000013, 37.97, 0.458, 39.86, 0.312, 55.81, 0.254, 102.56, 0.237
13873,148010, 100.00, 0.00, 0.521, 0.000, 0.000019, 0.000010,0,0,0, 0.000030, 0.000029, 0.000023, 0.000011, 100.00, 0.521, 48.00, 0.457, 0.00, 0.000, 0.00, 0.000
13874,148021, 37.03, 0.00, 0.788, 0.000, 0.000020, 0.000012,0,0,0, 0.000030, 0.000020, 0.000024, 0.000015, 37.03, 0.788, 63.82, 0.267, 90.22, 0.167, 0.00, 0.000
13875,148032, 59.11, 0.00, 0.573, 0.000, 0.000021, 0.000014,0,0,0, 0.000030, 0.000024, 0.000024, 0.000013, 59.11, 0.573, 37.26, 0.142, 0.00, 0.000, 0.00, 0.000
13876,148042, 54.29, 0.00, 0.600, 0.000, 0.000020, 0.000010,0,0,0, 0.000030, 0.000017, 0.000020, 0.000013, 54.29, 0.600, 111.11, 0.082, 36.25, 0.041, 0.00, 0.000
13877,148053, 54.54, 0.00, 0.782, 0.000, 0.000019, 0.000007,0,0,0, 0.000030, 0.000019, 0.000020, 0.000013, 54.54, 0.782, 37.03, 0.563, 110.09, 0.452, 0.00, 0.000
13878,148064, 54.54, 0.00, 0.771, 0.000, 0.000019, 0.000006,0,0,0, 0.000030, 0.000024, 0.000022, 0.000014, 54.54, 0.771, 109.09, 0.653, 35.08, 0.519, 0.00, 0.000
13879,148074, 54.29, 0.00, 0.814, 0.000, 0.000020, 0.000013,0,0,0, 0.000030, 0.000017, 0.000023, 0.000013, 54.29, 0.814, 36.58, 0.652, 112.14, 0.616, 0.00, 0.000
13880,148085, 54.79, 0.00, 0.508, 0.000, 0.000021, 0.000016,0,0,0, 0.000030, 0.000026, 0.000025, 0.000012, 54.79, 0.508, 96.77, 0.179, 0.00, 0.000, 0.00, 0.000
13881,148096, 38.83, 0.00, 0.627, 0.000, 0.000020, 0.000011,0,0,0, 0.000030, 0.000022, 0.000022, 0.000013, 38.83, 0.627, 58.82, 0.155, 88.88, 0.136, 69.36, 0.067
13882,148106, 40.95, 0.00, 0.321, 0.000, 0.000019, 0.000008,0,0,0, 0.000030, 0.000019, 0.000020, 0.000013, 40.95, 0.321, 97.56, 0.202, 101.69, 0.201, 58.53, 0.197
13883,148117, 96.00, 0.00, 0.460, 0.000, 0.000019, 0.000007,0,0,0, 0.000030, 0.000027, 0.000022, 0.000011, 96.00, 0.460, 47.61, 0.415, 0.00, 0.000, 0.00, 0.000
13884,148128, 37.03, 0.00, 0.638, 0.000, 0.000020, 0.000015,0,0,0, 0.000030, 0.000021, 0.000025, 0.000013, 37.03, 0.638, 55.55, 0.416, 102.56, 0.205, 0.00, 0.000
13885,148138, 56.33, 0.00, 0.529, 0.000, 0.000019, 0.000010,0,0,0, 0.000030, 0.000020, 0.000019, 0.000013, 56.33, 0.529, 37.38, 0.474, 111.11, 0.167, 0.00, 0.000
13886,148149, 30.22, 0.00, 0.493, 0.000, 0.000018, 0.000007,0,0,0, 0.000030, 0.000023, 0.000019, 0.000012, 30.22, 0.493, 56.33, 0.338, 58.82, 0.283, 53.09, 0.246
13887,148160, 56.33, 0.00, 0.507, 0.000, 0.000020, 0.000014,0,0,0, 0.000030, 0.000020, 0.000024, 0.000013, 56.33, 0.507, 52.63, 0.355, 111.11, 0.276, 37.50, 0.214
13888,148170, 35.08, 0.00, 0.633, 0.000, 0.000019, 0.000010,0,0,0, 0.000030, 0.000021, 0.000021, 0.000014, 35.08, 0.633, 57.69, 0.497, 94.48, 0.307, 109.09, 0.155
13889,148181, 51.06, 0.00, 0.506, 0.000, 0.000018, 0.000007,0,0,0, 0.000030, 0.000017, 0.000020, 0.000012, 51.06, 0.506, 38.21, 0.300, 112.14, 0.267, 35.19, 0.136
13890,148192, 50.42, 0.00, 0.466, 0.000, 0.000020, 0.000015,0,0,0, 0.000030, 0.000028, 0.000024, 0.000012, 50.42, 0.466, 92.30, 0.346, 45.80, 0.291, 31.25, 0.150
13891,148202, 37.73, 0.00, 0.658, 0.000, 0.000020, 0.000010,0,0,0, 0.000030, 0.000019, 0.000024, 0.000014, 37.73, 0.658, 68.18, 0.149, 82.19, 0.107, 58.82, 0.064
13892,148213, 58.82, 0.00, 0.373, 0.000, 0.000019, 0.000007,0,0,0, 0.000030, 0.000020, 0.000020, 0.000013, 58.82, 0.373, 38.09, 0.207, 102.56, 0.059, 112.14, 0.033
13893,148224, 30.30, 0.00, 0.985, 0.000, 0.000018, 0.000005,0,0,0, 0.000030, 0.000027, 0.000021, 0.000010, 30.30, 0.985, 54.79, 0.305, 101.69, 0.239, 50.20, 0.183
13894,148234, 54.79, 0.00, 0.631, 0.000, 0.000020, 0.000018,0,0,0, 0.000030, 0.000017, 0.000025, 0.000012, 54.79, 0.631, 113.20, 0.337, 37.26, 0.162, 0.00, 0.000
13895,148245, 33.51, 0.00, 0.651, 0.000, 0.000019, 0.000013,0,0,0, 0.000030, 0.000026, 0.000021, 0.000014, 33.51, 0.651, 54.79, 0.506, 98.36, 0.024, 0.00, 0.000
13896,148256, 50.84, 0.00, 0.558, 0.000, 0.000018, 0.000009,0,0,0, 0.000030, 0.000006, 0.000021, 0.000010, 50.84, 0.558, 53.57, 0.540, 37.38, 0.281, 0.00, 0.000
13897,148266, 42.10, 0.00, 0.498, 0.000, 0.000020, 0.000016,0,0,0, 0.000030, 0.000022, 0.000025, 0.000015, 42.10, 0.498, 55.04, 0.376, 0.00, 0.000, 0.00, 0.000
13898,148277, 37.61, 0.00, 0.425, 0.000, 0.000019, 0.000011,0,0,0, 0.000030, 0.000020, 0.000020, 0.000013, 37.61, 0.425, 100.00, 0.070, 0.00, 0.000, 0.00, 0.000
13899,148288, 100.84, 0.00, 0.392, 0.000, 0.000018, 0.000008,0,0,0, 0.000030, 0.000017, 0.000020, 0.000012, 100.84, 0.392, 51.94, 0.339, 35.92, 0.159, 0.00, 0.000
13900,148298, 31.83, 0.00, 0.638, 0.000, 0.000019, 0.000010,0,0,0, 0.000030, 0.000029, 0.000023, 0.000011, 31.83, 0.638, 98.36, 0.607, 48.97, 0.538, 0.00, 0.000
13901,148309, 36.69, 0.00, 0.477, 0.000, 0.000020, 0.000013,0,0,0, 0.000030, 0.000017, 0.000025, 0.000015, 36.69, 0.477, 57.69, 0.404, 100.84, 0.106, 0.00, 0.000
13902,148320, 57.97, 0.00, 0.772, 0.000, 0.000021, 0.000018,0,0,0, 0.000030, 0.000027, 0.000025, 0.000011, 57.97, 0.772, 0.00, 0.000, 0.00, 0.000, 0.00, 0.000
13903,148330, 53.33, 0.00, 0.749, 0.000, 0.000020, 0.000013,0,0,0, 0.000030, 0.000014, 0.000022, 0.000012, 53.33, 0.749, 0.00, 0.000, 0.00, 0.000, 0.00, 0.000
13904,148341, 53.57, 0.00, 0.715, 0.000, 0.000019, 0.000009,0,0,0, 0.000030, 0.000019, 0.000020, 0.000013, 53.57, 0.715, 39.73, 0.089, 0.00, 0.000, 0.00, 0.000
13905,148352, 55.29, 0.00, 0.513, 0.000, 0.000019, 0.000007,0,0,0, 0.000030, 0.000021, 0.000022, 0.000014, 55.29, 0.513, 34.78, 0.418, 94.48, 0.209, 0.00, 0.000
13906,148362, 53.33, 0.00, 0.705, 0.000, 0.000020, 0.000011,0,0,0, 0.000030, 0.000019, 0.000022, 0.000013, 53.33, 0.705, 37.38, 0.575, 111.11, 0.465, 0.00, 0.000
13907,148373, 52.63, 0.00, 0.419, 0.000, 0.000021, 0.000018,0,0,0, 0.000030, 0.000027, 0.000025, 0.000012, 52.63, 0.419, 102.56, 0.333, 0.00, 0.000, 0.00, 0.000
13908,148384, 38.09, 0.00, 0.476, 0.000, 0.000020, 0.000012,0,0,0, 0.000030, 0.000020, 0.000020, 0.000013, 38.09, 0.476, 39.47, 0.450, 59.70, 0.390, 108.10, 0.128
13909,148394, 59.40, 0.00, 0.511, 0.000, 0.000019, 0.000009,0,0,0, 0.000030, 0.000019, 0.000021, 0.000013, 59.40, 0.511, 38.96, 0.280, 111.11, 0.070, 0.00, 0.000
13910,148405, 53.81, 0.00, 0.662, 0.000, 0.000019, 0.000006,0,0,0, 0.000030, 0.000021, 0.000022, 0.000014, 53.81, 0.662, 93.75, 0.291, 33.99, 0.180, 123.71, 0.105
13911,148416, 54.54, 0.00, 0.917, 0.000, 0.000019, 0.000007,0,0,0, 0.000030, 0.000020, 0.000021, 0.000013, 54.54, 0.917, 37.50, 0.638, 122.44, 0.498, 0.00, 0.000
13912,148426, 54.05, 0.00, 0.755, 0.000, 0.000019, 0.000006,0,0,0, 0.000030, 0.000024, 0.000021, 0.000013, 54.05, 0.755, 98.36, 0.447, 34.88, 0.419, 33.42, 0.406
13913,148437, 54.79, 0.00, 0.639, 0.000, 0.000019, 0.000011,0,0,0, 0.000030, 0.000017, 0.000023, 0.000013, 54.79, 0.639, 36.92, 0.470, 110.09, 0.365, 0.00, 0.000
13914,148448, 57.69, 0.00, 0.514, 0.000, 0.000019, 0.000009,0,0,0, 0.000030, 0.000021, 0.000022, 0.000013, 57.69, 0.514, 110.09, 0.286, 41.09, 0.203, 40.40, 0.200
13915,148458, 58.82, 0.00, 0.307, 0.000, 0.000019, 0.000006,0,0,0, 0.000030, 0.000021, 0.000021, 0.000013, 58.82, 0.307, 37.97, 0.249, 106.19, 0.185, 0.00, 0.000
13916,148469, 52.86, 0.00, 0.554, 0.000, 0.000018, 0.000004,0,0,0, 0.000030, 0.000015, 0.000019, 0.000011, 52.86, 0.554, 37.15, 0.401, 103.44, 0.307, 0.00, 0.000
13917,148480, 31.41, 0.00, 0.679, 0.000, 0.000020, 0.000017,0,0,0, 0.000030, 0.000018, 0.000025, 0.000013, 31.41, 0.679, 48.00, 0.628, 88.23, 0.434, 0.00, 0.000
13918,148490, 30.15, 0.00, 0.704, 0.000, 0.000020, 0.000011,0,0,0, 0.000030, 0.000024, 0.000023, 0.000012, 30.15, 0.704, 44.77, 0.371, 93.02, 0.278, 81.63, 0.274
13919,148501, 44.60, 0.00, 0.339, 0.000, 0.000020, 0.000008,0,0,0, 0.000030, 0.000019, 0.000021, 0.000014, 44.60, 0.339, 81.63, 0.338, 45.45, 0.334, 92.30, 0.318
13920,148512, 32.43, 0.00, 0.699, 0.000, 0.000019, 0.000005,0,0,0, 0.000030, 0.000022, 0.000021, 0.000013, 32.43, 0.699, 48.00, 0.583, 99.17, 0.531, 0.00, 0.000
13921,148522, 50.00, 0.00, 0.791, 0.000, 0.000018, 0.000004,0,0,0, 0.000030, 0.000017, 0.000019, 0.000012, 50.00, 0.791, 100.00, 0.628, 33.24, 0.475, 37.73, 0.175
13922,148533, 49.79, 0.00, 0.798, 0.000, 0.000020, 0.000009,0,0,0, 0.000030, 0.000025, 0.000023, 0.000014, 49.79, 0.798, 99.17, 0.622, 33.05, 0.550, 30.53, 0.302
13923,148544, 33.14, 0.00, 0.813, 0.000, 0.000019, 0.000006,0,0,0, 0.000030, 0.000024, 0.000021, 0.000012, 33.14, 0.813, 49.58, 0.711, 100.00, 0.660, 44.28, 0.304
13924,148554, 49.18, 0.00, 0.806, 0.000, 0.000020, 0.000014,0,0,0, 0.000030, 0.000026, 0.000024, 0.000012, 49.18, 0.806, 99.17, 0.700, 32.96, 0.527, 0.00, 0.000
13925,148565, 99.17, 0.00, 0.811, 0.000, 0.000020, 0.000010,0,0,0, 0.000030, 0.000025, 0.000021, 0.000013, 99.17, 0.811, 49.18, 0.775, 32.87, 0.726, 0.00, 0.000
13926,148576, 32.96, 0.00, 0.926, 0.000, 0.000020, 0.000013,0,0,0, 0.000030, 0.000025, 0.000024, 0.000012, 32.96, 0.926, 99.17, 0.749, 49.79, 0.730, 0.00, 0.000
13927,148586, 33.24, 0.00, 0.993, 0.000, 0.000020, 0.000011,0,0,0, 0.000030, 0.000026, 0.000024, 0.000012, 33.24, 0.993, 50.20, 0.847, 99.17, 0.795, 0.00, 0.000
13928,148597, 100.00, 0.00, 0.736, 0.000, 0.000020, 0.000008,0,0,0, 0.000030, 0.000022, 0.000022, 0.000013, 100.00, 0.736, 50.20, 0.735, 34.78, 0.440, 0.00, 0.000
13929,148608, 49.79, 0.00, 0.719, 0.000, 0.000020, 0.000009,0,0,0, 0.000030, 0.000024, 0.000023, 0.000013, 49.79, 0.719, 32.96, 0.697, 99.17, 0.617, 0.00, 0.000
13930,148618, 99.17, 0.00, 0.563, 0.000, 0.000019, 0.000006,0,0,0, 0.000030, 0.000022, 0.000019, 0.000014, 99.17, 0.563, 49.79, 0.525, 33.05, 0.460, 38.09, 0.148
13931,148629, 99.17, 0.00, 0.657, 0.000, 0.000018, 0.000004,0,0,0, 0.000030, 0.000020, 0.000018, 0.000014, 99.17, 0.657, 49.79, 0.524, 34.09, 0.288, 63.49, 0.270
13932,148640, 98.36, 0.00, 0.734, 0.000, 0.000019, 0.000007,0,0,0, 0.000030, 0.000020, 0.000021, 0.000013, 98.36, 0.734, 49.79, 0.716, 33.05, 0.607, 38.70, 0.444
13933,148650, 33.33, 0.00, 0.798, 0.000, 0.000018, 0.000005,0,0,0, 0.000030, 0.000023, 0.000018, 0.000013, 33.33, 0.798, 99.17, 0.759, 49.79, 0.729, 40.00, 0.413
13934,148661, 100.00, 0.00, 0.636, 0.000, 0.000019, 0.000018,0,0,0, 0.000030, 0.000024, 0.000023, 0.000012, 100.00, 0.636, 50.00, 0.564, 32.87, 0.343, 40.67, 0.315
13935,148672, 100.84, 0.00, 0.668, 0.000, 0.000020, 0.000016,0,0,0, 0.000030, 0.000025, 0.000024, 0.000012, 100.84, 0.668, 50.00, 0.491, 33.05, 0.387, 42.70, 0.291
13936,148682, 100.00, 0.00, 0.625, 0.000, 0.000019, 0.000011,0,0,0, 0.000030, 0.000018, 0.000023, 0.000014, 100.00, 0.625, 50.00, 0.568, 33.05, 0.492, 39.47, 0.066
13937,148693, 33.14, 0.00, 0.893, 0.000, 0.000020, 0.000007,0,0,0, 0.000030, 0.000023, 0.000022, 0.000014, 33.14, 0.893, 50.00, 0.730, 98.36, 0.583, 0.00, 0.000
13938,148704, 50.42, 0.00, 0.882, 0.000, 0.000019, 0.000005,0,0,0, 0.000030, 0.000017, 0.000018, 0.000012, 50.42, 0.882, 33.33, 0.567, 100.00, 0.522, 0.00, 0.000
13939,148714, 49.79, 0.00, 0.939, 0.000, 0.000019, 0.000009,0,0,0, 0.000030, 0.000024, 0.000023, 0.000014, 49.79, 0.939, 99.17, 0.483, 33.05, 0.478, 30.53, 0.250
13940,148725, 49.58, 0.00, 0.788, 0.000, 0.000019, 0.000006,0,0,0, 0.000030, 0.000024, 0.000020, 0.000013, 49.58, 0.788, 32.96, 0.655, 99.17, 0.538, 0.00, 0.000
13941,148736, 49.38, 0.00, 0.760, 0.000, 0.000020, 0.000016,0,0,0, 0.000030, 0.000026, 0.000024, 0.000012, 49.38, 0.760, 98.36, 0.629, 32.96, 0.512, 40.54, 0.043
13942,148746, 32.87, 0.00, 0.870, 0.000, 0.000020, 0.000012,0,0,0, 0.000030, 0.000026, 0.000024, 0.000012, 32.87, 0.870, 49.38, 0.863, 99.17, 0.784, 0.00, 0.000
13943,148757, 100.00, 0.00, 0.849, 0.000, 0.000020, 0.000009,0,0,0, 0.000030, 0.000024, 0.000023, 0.000013, 100.00, 0.849, 49.79, 0.834, 33.33, 0.662, 0.00, 0.000
13944,148768, 33.24, 0.00, 0.996, 0.000, 0.000020, 0.000011,0,0,0, 0.000030, 0.000026, 0.000024, 0.000012, 33.24, 0.996, 50.00, 0.914, 99.17, 0.874, 0.00, 0.000
13945,148778, 33.24, 0.00, 0.802, 0.000, 0.000019, 0.000008,0,0,0, 0.000030, 0.000023, 0.000020, 0.000013, 33.24, 0.802, 49.58, 0.782, 99.17, 0.772, 0.00, 0.000
13946,148789, 49.58, 0.00, 0.754, 0.000, 0.000020, 0.000012,0,0,0, 0.000030, 0.000023, 0.000024, 0.000013, 49.58, 0.754, 99.17, 0.678, 32.96, 0.594, 65.21, 0.024
13947,148800, 49.58, 0.00, 0.765, 0.000, 0.000019, 0.000008,0,0,0, 0.000030, 0.000022, 0.000018, 0.000014, 49.58, 0.765, 99.17, 0.654, 33.14, 0.587, 39.08, 0.465
13948,148810, 49.38, 0.00, 0.776, 0.000, 0.000018, 0.000006,0,0,0, 0.000030, 0.000022, 0.000019, 0.000013, 49.38, 0.776, 98.36, 0.692, 33.05, 0.636, 65.21, 0.628
13949,148821, 49.58, 0.00, 0.860, 0.000, 0.000018, 0.000004,0,0,0, 0.000030, 0.000024, 0.000019, 0.000013, 49.58, 0.860, 99.17, 0.777, 196.72, 0.691, 65.93, 0.636
13950,148832, 100.00, 0.00, 0.811, 0.000, 0.000018, 0.000005,0,0,0, 0.000030, 0.000024, 0.000020, 0.000012, 100.00, 0.811, 49.79, 0.784, 33.51, 0.712, 66.66, 0.617
13951,148842, 100.00, 0.00, 0.773, 0.000, 0.000019, 0.000010,0,0,0, 0.000030, 0.000022, 0.000022, 0.000014, 100.00, 0.773, 50.42, 0.682, 33.51, 0.443, 200.00, 0.318
13952,148853, 50.00, 0.00, 0.762, 0.000, 0.000020, 0.000015,0,0,0, 0.000030, 0.000025, 0.000023, 0.000012, 50.00, 0.762, 99.17, 0.747, 33.14, 0.454, 0.00, 0.000
13953,148864, 49.79, 0.00, 0.744, 0.000, 0.000019, 0.000010,0,0,0, 0.000030, 0.000018, 0.000022, 0.000013, 49.79, 0.744, 33.05, 0.653, 99.17, 0.647, 0.00, 0.000
13954,148874, 49.79, 0.00, 0.844, 0.000, 0.000020, 0.000007,0,0,0, 0.000030, 0.000024, 0.000021, 0.000013, 49.79, 0.844, 32.78, 0.695, 99.17, 0.557, 0.00, 0.000
13955,148885, 49.79, 0.00, 0.891, 0.000, 0.000019, 0.000005,0,0,0, 0.000030, 0.000020, 0.000019, 0.000013, 49.79, 0.891, 33.14, 0.678, 99.17, 0.553, 39.73, 0.112
13956,148896, 49.58, 0.00, 0.892, 0.000, 0.000020, 0.000015,0,0,0, 0.000030, 0.000025, 0.000023, 0.000013, 49.58, 0.892, 98.36, 0.569, 32.96, 0.488, 67.03, 0.110
13957,148906, 32.87, 0.00, 0.899, 0.000, 0.000020, 0.000014,0,0,0, 0.000030, 0.000026, 0.000024, 0.000012, 32.87, 0.899, 49.18, 0.790, 98.36, 0.731, 41.52, 0.070
13958,148917, 99.17, 0.00, 0.827, 0.000, 0.000021, 0.000012,0,0,0, 0.000030, 0.000025, 0.000024, 0.000012, 99.17, 0.827, 49.58, 0.783, 33.05, 0.671, 40.67, 0.065
13959,148928, 49.58, 0.00, 0.975, 0.000, 0.000021, 0.000011,0,0,0, 0.000030, 0.000026, 0.000024, 0.000012, 49.58, 0.975, 32.96, 0.969, 99.17, 0.950, 0.00, 0.000
13960,148938, 49.79, 0.00, 0.944, 0.000, 0.000020, 0.000008,0,0,0, 0.000030, 0.000024, 0.000022, 0.000013, 49.79, 0.944, 100.00, 0.902, 33.42, 0.856, 0.00, 0.000
13961,148949, 33.05, 0.00, 0.951, 0.000, 0.000020, 0.000011,0,0,0, 0.000030, 0.000025, 0.000024, 0.000012, 33.05, 0.951, 50.00, 0.927, 99.17, 0.851, 0.00, 0.000
13962,148960, 49.58, 0.00, 0.811, 0.000, 0.000019, 0.000007,0,0,0, 0.000030, 0.000022, 0.000019, 0.000014, 49.58, 0.811, 99.17, 0.771, 33.24, 0.710, 38.96, 0.133
13963,148970, 49.58, 0.00, 0.780, 0.000, 0.000019, 0.000005,0,0,0, 0.000030, 0.000022, 0.000021, 0.000013, 49.58, 0.780, 99.17, 0.764, 32.96, 0.621, 64.51, 0.307
13964,148981, 49.58, 0.00, 0.804, 0.000, 0.000018, 0.000003,0,0,0, 0.000030, 0.000023, 0.000019, 0.000013, 49.58, 0.804, 99.17, 0.798, 33.14, 0.652, 190.47, 0.514
13965,148992, 49.58, 0.00, 0.908, 0.000, 0.000018, 0.000002,0,0,0, 0.000030, 0.000023, 0.000019, 0.000013, 49.58, 0.908, 99.17, 0.902, 33.05, 0.878, 65.57, 0.715
13966,149002, 99.17, 0.00, 0.946, 0.000, 0.000018, 0.000003,0,0,0, 0.000030, 0.000024, 0.000019, 0.000013, 99.17, 0.946, 49.58, 0.934, 32.96, 0.879, 193.54, 0.733
13967,149013, 100.00, 0.00, 0.875, 0.000, 0.000017, 0.000004,0,0,0, 0.000030, 0.000024, 0.000020, 0.000012, 100.00, 0.875, 49.79, 0.804, 33.42, 0.646, 65.57, 0.559
13968,149024, 100.00, 0.00, 0.811, 0.000, 0.000019, 0.000012,0,0,0, 0.000030, 0.000023, 0.000023, 0.000013, 100.00, 0.811, 33.33, 0.796, 49.79, 0.779, 39.60, 0.373
13969,149034, 49.58, 0.00, 0.942, 0.000, 0.000020, 0.000013,0,0,0, 0.000030, 0.000024, 0.000023, 0.000013, 49.58, 0.942, 99.17, 0.792, 33.14, 0.719, 40.67, 0.171
13970,149045, 49.58, 0.00, 0.919, 0.000, 0.000019, 0.000009,0,0,0, 0.000030, 0.000021, 0.000021, 0.000014, 49.58, 0.919, 99.17, 0.818, 33.05, 0.751, 40.26, 0.140
13971,149056, 33.05, 0.00, 0.950, 0.000, 0.000019, 0.000006,0,0,0, 0.000030, 0.000022, 0.000020, 0.000013, 33.05, 0.950, 49.58, 0.863, 100.00, 0.849, 39.86, 0.297
13972,149066, 49.58, 0.00, 0.898, 0.000, 0.000018, 0.000006,0,0,0, 0.000030, 0.000022, 0.000020, 0.000013, 49.58, 0.898, 99.17, 0.885, 32.96, 0.882, 67.03, 0.407
13973,149077, 49.38, 0.00, 0.931, 0.000, 0.000019, 0.000012,0,0,0, 0.000030, 0.000024, 0.000022, 0.000013, 49.38, 0.931, 99.17, 0.925, 32.96, 0.837, 40.13, 0.440
13974,149088, 99.17, 0.00, 0.908, 0.000, 0.000020, 0.000013,0,0,0, 0.000030, 0.000025, 0.000023, 0.000012, 99.17, 0.908, 49.58, 0.878, 33.05, 0.805, 68.57, 0.271
13975,149098, 99.17, 0.00, 0.903, 0.000, 0.000020, 0.000011,0,0,0, 0.000030, 0.000025, 0.000023, 0.000012, 99.17, 0.903, 49.79, 0.858, 33.14, 0.848, 40.67, 0.167
13976,149109, 49.79, 0.00, 0.917, 0.000, 0.000020, 0.000012,0,0,0, 0.000030, 0.000026, 0.000024, 0.000012, 49.79, 0.917, 33.05, 0.909, 99.17, 0.908, 0.00, 0.000
13977,149120, 49.79, 0.00, 0.898, 0.000, 0.000019, 0.000009,0,0,0, 0.000030, 0.000023, 0.000020, 0.000013, 49.79, 0.898, 99.17, 0.869, 33.24, 0.834, 39.08, 0.098
13978,149130, 100.00, 0.00, 0.851, 0.000, 0.000019, 0.000006,0,0,0, 0.000030, 0.000023, 0.000021, 0.000013, 100.00, 0.851, 49.79, 0.844, 33.05, 0.842, 64.17, 0.163
13979,149141, 49.79, 0.00, 0.902, 0.000, 0.000018, 0.000004,0,0,0, 0.000030, 0.000022, 0.000020, 0.000014, 49.79, 0.902, 99.17, 0.858, 33.14, 0.753, 184.61, 0.322
13980,149152, 49.58, 0.00, 0.951, 0.000, 0.000018, 0.000006,0,0,0, 0.000030, 0.000022, 0.000021, 0.000013, 49.58, 0.951, 99.17, 0.915, 33.05, 0.869, 64.17, 0.510
13981,149162, 49.38, 0.00, 0.938, 0.000, 0.000018, 0.000004,0,0,0, 0.000030, 0.000023, 0.000020, 0.000013, 49.38, 0.938, 99.17, 0.924, 32.96, 0.856, 38.96, 0.598
13982,149173, 33.05, 0.00, 0.972, 0.000, 0.000018, 0.000004,0,0,0, 0.000030, 0.000023, 0.000020, 0.000013, 33.05, 0.972, 99.17, 0.949, 49.58, 0.945, 65.57, 0.618
13983,149184, 99.17, 0.00, 0.961, 0.000, 0.000018, 0.000006,0,0,0, 0.000030, 0.000024, 0.000020, 0.000013, 99.17, 0.961, 49.79, 0.941, 33.14, 0.935, 193.54, 0.596
13984,149194, 100.00, 0.00, 0.876, 0.000, 0.000017, 0.000005,0,0,0, 0.000030, 0.000025, 0.000020, 0.000012, 100.00, 0.876, 50.00, 0.811, 33.42, 0.618, 193.54, 0.416
13985,149205, 33.14, 0.00, 0.891, 0.000, 0.000019, 0.000013,0,0,0, 0.000030, 0.000022, 0.000023, 0.000014, 33.14, 0.891, 99.17, 0.786, 49.79, 0.779, 39.60, 0.341
13986,149216, 33.05, 0.00, 0.916, 0.000, 0.000019, 0.000009,0,0,0, 0.000030, 0.000023, 0.000021, 0.000013, 33.05, 0.916, 49.58, 0.858, 99.17, 0.778, 40.26, 0.323
13987,149226, 49.58, 0.00, 0.890, 0.000, 0.000018, 0.000006,0,0,0, 0.000030, 0.000021, 0.000019, 0.000014, 49.58, 0.890, 99.17, 0.852, 32.96, 0.735, 68.57, 0.328
13988,149237, 49.58, 0.00, 0.973, 0.000, 0.000018, 0.000007,0,0,0, 0.000030, 0.000022, 0.000020, 0.000013, 49.58, 0.973, 33.05, 0.966, 99.17, 0.932, 40.13, 0.464
13989,149248, 32.96, 0.00, 0.975, 0.000, 0.000018, 0.000008,0,0,0, 0.000030, 0.000022, 0.000021, 0.000013, 32.96, 0.975, 49.58, 0.955, 99.17, 0.945, 67.41, 0.452
13990,149258, 99.17, 0.00, 0.956, 0.000, 0.000019, 0.000009,0,0,0, 0.000030, 0.000023, 0.000021, 0.000013, 99.17, 0.956, 49.38, 0.939, 32.96, 0.875, 40.13, 0.422
13991,149269, 99.17, 0.00, 0.917, 0.000, 0.000020, 0.000015,0,0,0, 0.000030, 0.000025, 0.000024, 0.000013, 99.17, 0.917, 49.58, 0.870, 32.96, 0.788, 68.96, 0.243
13992,149280, 33.14, 0.00, 0.951, 0.000, 0.000020, 0.000010,0,0,0, 0.000030, 0.000024, 0.000022, 0.000013, 33.14, 0.951, 49.58, 0.886, 99.17, 0.871, 40.54, 0.220
13993,149290, 49.79, 0.00, 0.970, 0.000, 0.000020, 0.000011,0,0,0, 0.000030, 0.000025, 0.000023, 0.000012, 49.79, 0.970, 33.05, 0.924, 99.17, 0.861, 0.00, 0.000
13994,149301, 49.79, 0.00, 0.931, 0.000, 0.000019, 0.000007,0,0,0, 0.000030, 0.000023, 0.000020, 0.000013, 49.79, 0.931, 100.00, 0.849, 33.24, 0.758, 39.21, 0.123
13995,149312, 33.05, 0.00, 0.900, 0.000, 0.000019, 0.000005,0,0,0, 0.000030, 0.000022, 0.000021, 0.000013, 33.05, 0.900, 49.79, 0.899, 99.17, 0.874, 64.51, 0.281
13996,149322, 49.58, 0.00, 0.924, 0.000, 0.000018, 0.000004,0,0,0, 0.000030, 0.000022, 0.000020, 0.000014, 49.58, 0.924, 99.17, 0.890, 33.05, 0.833, 187.50, 0.375
13997,149333, 49.58, 0.00, 0.953, 0.000, 0.000018, 0.000005,0,0,0, 0.000030, 0.000023, 0.000020, 0.000013, 49.58, 0.953, 99.17, 0.950, 32.96, 0.920, 38.83, 0.511
13998,149344, 99.17, 0.00, 0.963, 0.000, 0.000018, 0.000005,0,0,0, 0.000030, 0.000023, 0.000020, 0.000013, 99.17, 0.963, 49.58, 0.952, 33.05, 0.906, 39.21, 0.520
13999,149354, 33.14, 0.00, 0.956, 0.000, 0.000018, 0.000004,0,0,0, 0.000030, 0.000024, 0.000020, 0.000013, 33.14, 0.956, 49.79, 0.950, 99.17, 0.949, 193.54, 0.513
14000,149365, 99.17, 0.00, 0.942, 0.000, 0.000018, 0.000007,0,0,0, 0.000030, 0.000023, 0.000021, 0.000013, 99.17, 0.942, 33.14, 0.939, 49.79, 0.936, 65.21, 0.480
14001,149376, 49.79, 0.00, 0.937, 0.000, 0.000018, 0.000005,0,0,0, 0.000030, 0.000024, 0.000020, 0.000013, 49.79, 0.937, 99.17, 0.915, 33.24, 0.825, 39.21, 0.432
14002,149386, 49.79, 0.00, 0.953, 0.000, 0.000018, 0.000008,0,0,0, 0.000030, 0.000022, 0.000021, 0.000014, 49.79, 0.953, 33.14, 0.944, 99.17, 0.920, 65.93, 0.339
14003,149397, 33.14, 0.00, 0.973, 0.000, 0.000018, 0.000007,0,0,0, 0.000030, 0.000022, 0.000020, 0.000014, 33.14, 0.973, 49.79, 0.947, 99.17, 0.929, 40.81, 0.436
14004,149408, 49.58, 0.00, 0.951, 0.000, 0.000018, 0.000006,0,0,0, 0.000030, 0.000022, 0.000020, 0.000014, 49.58, 0.951, 99.17, 0.948, 32.96, 0.894, 68.18, 0.430
14005,149418, 49.58, 0.00, 0.984, 0.000, 0.000018, 0.000006,0,0,0, 0.000030, 0.000022, 0.000020, 0.000013, 49.58, 0.984, 33.05, 0.965, 99.17, 0.965, 40.00, 0.479
14006,149429, 49.58, 0.00, 0.964, 0.000, 0.000018, 0.000009,0,0,0, 0.000030, 0.000023, 0.000021, 0.000013, 49.58, 0.964, 32.96, 0.959, 99.17, 0.951, 67.03, 0.444
14007,149440, 99.17, 0.00, 0.951, 0.000, 0.000019, 0.000009,0,0,0, 0.000030, 0.000023, 0.000021, 0.000013, 99.17, 0.951, 49.58, 0.922, 33.05, 0.857, 40.26, 0.361
14008,149450, 99.17, 0.00, 0.916, 0.000, 0.000020, 0.000015,0,0,0, 0.000030, 0.000025, 0.000023, 0.000013, 99.17, 0.916, 49.58, 0.872, 32.96, 0.788, 40.67, 0.167
14009,149461, 33.14, 0.00, 0.981, 0.000, 0.000019, 0.000010,0,0,0, 0.000030, 0.000023, 0.000021, 0.000013, 33.14, 0.981, 49.58, 0.892, 99.17, 0.865, 40.40, 0.205
14010,149472, 33.14, 0.00, 0.972, 0.000, 0.000019, 0.000007,0,0,0, 0.000030, 0.000024, 0.000021, 0.000013, 33.14, 0.972, 49.79, 0.885, 99.17, 0.878, 66.29, 0.108
14011,149482, 99.17, 0.00, 0.904, 0.000, 0.000018, 0.000005,0,0,0, 0.000030, 0.000023, 0.000020, 0.000013, 99.17, 0.904, 49.79, 0.900, 33.24, 0.766, 187.50, 0.224
14012,149493, 49.58, 0.00, 0.968, 0.000, 0.000018, 0.000005,0,0,0, 0.000030, 0.000022, 0.000020, 0.000014, 49.58, 0.968, 33.05, 0.966, 99.17, 0.962, 64.86, 0.381
14013,149504, 49.38, 0.00, 0.965, 0.000, 0.000018, 0.000005,0,0,0, 0.000030, 0.000022, 0.000020, 0.000014, 49.38, 0.965, 99.17, 0.954, 32.96, 0.935, 39.08, 0.453
14014,149514, 99.17, 0.00, 0.967, 0.000, 0.000018, 0.000005,0,0,0, 0.000030, 0.000023, 0.000020, 0.000013, 99.17, 0.967, 49.58, 0.961, 33.05, 0.957, 38.96, 0.495
14015,149525, 49.58, 0.00, 0.981, 0.000, 0.000018, 0.000006,0,0,0, 0.000030, 0.000023, 0.000020, 0.000013, 49.58, 0.981, 99.17, 0.975, 33.05, 0.971, 65.21, 0.486
14016,149536, 49.79, 0.00, 0.973, 0.000, 0.000018, 0.000004,0,0,0, 0.000030, 0.000024, 0.000020, 0.000013, 49.79, 0.973, 99.17, 0.964, 33.14, 0.944, 193.54, 0.460
14017,149546, 49.58, 0.00, 0.956, 0.000, 0.000018, 0.000007,0,0,0, 0.000030, 0.000023, 0.000021, 0.000013, 49.58, 0.956, 99.17, 0.951, 33.14, 0.939, 65.21, 0.426
14018,149557, 49.79, 0.00, 0.968, 0.000, 0.000017, 0.000005,0,0,0, 0.000030, 0.000023, 0.000019, 0.000013, 49.79, 0.968, 100.00, 0.947, 33.24, 0.924, 39.21, 0.450
14019,149568, 49.79, 0.00, 0.979, 0.000, 0.000018, 0.000006,0,0,0, 0.000030, 0.000022, 0.000020, 0.000014, 49.79, 0.979, 99.17, 0.944, 33.14, 0.940, 65.57, 0.393
14020,149578, 49.79, 0.00, 0.888, 0.000, 0.000018, 0.000004,0,0,0, 0.000030, 0.000019, 0.000019, 0.000014, 49.79, 0.888, 99.17, 0.886, 33.24, 0.829, 218.18, 0.354
14021,149589, 99.17, 0.00, 0.678, 0.000, 0.000018, 0.000009,0,0,0, 0.000030, 0.000026, 0.000021, 0.000011, 99.17, 0.678, 49.38, 0.596, 32.34, 0.511, 222.22, 0.178
14022,149600, 52.86, 0.00, 0.365, 0.000, 0.000020, 0.000023,0,0,0, 0.000030, 0.000022, 0.000026, 0.000012, 52.86, 0.365, 99.17, 0.310, 48.00, 0.308, 36.14, 0.167
14023,149610, 32.96, 0.00, 0.683, 0.000, 0.000020, 0.000016,0,0,0, 0.000030, 0.000021, 0.000021, 0.000013, 32.96, 0.683, 52.86, 0.374, 91.60, 0.230, 36.58, 0.012
14024,149621, 48.97, 0.00, 0.474, 0.000, 0.000019, 0.000011,0,0,0, 0.000030, 0.000014, 0.000022, 0.000011, 48.97, 0.474, 31.33, 0.418, 88.23, 0.300, 0.00, 0.000
14025,149632, 47.24, 0.00, 0.781, 0.000, 0.000020, 0.000011,0,0,0, 0.000030, 0.000021, 0.000024, 0.000014, 47.24, 0.781, 30.69, 0.692, 87.59, 0.585, 0.00, 0.000
14026,149642, 48.58, 0.00, 0.687, 0.000, 0.000019, 0.000007,0,0,0, 0.000030, 0.000021, 0.000022, 0.000014, 48.58, 0.687, 106.19, 0.386, 33.61, 0.215, 0.00, 0.000
14027,149653, 37.50, 0.00, 0.503, 0.000, 0.000019, 0.000005,0,0,0, 0.000030, 0.000022, 0.000021, 0.000013, 37.50, 0.503, 107.14, 0.456, 50.42, 0.313, 58.82, 0.263
14028,149664, 61.22, 0.00, 0.654, 0.000, 0.000019, 0.000005,0,0,0, 0.000030, 0.000019, 0.000021, 0.000013, 61.22, 0.654, 59.11, 0.653, 39.47, 0.444, 110.09, 0.414
14029,149674, 60.91, 0.00, 0.792, 0.000, 0.000019, 0.000011,0,0,0, 0.000030, 0.000017, 0.000022, 0.000013, 60.91, 0.792, 30.69, 0.770, 41.09, 0.477, 110.09, 0.443
14030,149685, 60.30, 0.00, 0.699, 0.000, 0.000019, 0.000008,0,0,0, 0.000030, 0.000021, 0.000021, 0.000013, 60.30, 0.699, 126.31, 0.335, 40.95, 0.174, 0.00, 0.000
14031,149696, 32.60, 0.00, 0.575, 0.000, 0.000019, 0.000008,0,0,0, 0.000030, 0.000026, 0.000022, 0.000011, 32.60, 0.575, 60.60, 0.504, 110.09, 0.084, 0.00, 0.000
14032,149706, 30.07, 0.00, 0.603, 0.000, 0.000021, 0.000021,0,0,0, 0.000030, 0.000022, 0.000026, 0.000012, 30.07, 0.603, 45.80, 0.503, 60.60, 0.077, 54.79, 0.031
14033,149717, 44.94, 0.00, 0.559, 0.000, 0.000021, 0.000015,0,0,0, 0.000030, 0.000017, 0.000025, 0.000012, 44.94, 0.559, 54.05, 0.155, 0.00, 0.000, 0.00, 0.000
14034,149728, 42.55, 0.00, 0.483, 0.000, 0.000020, 0.000010,0,0,0, 0.000030, 0.000018, 0.000020, 0.000014, 42.55, 0.483, 39.21, 0.476, 125.00, 0.223, 0.00, 0.000
14035,149738, 31.91, 0.00, 0.699, 0.000, 0.000019, 0.000007,0,0,0, 0.000030, 0.000018, 0.000019, 0.000012, 31.91, 0.699, 125.00, 0.463, 62.82, 0.425, 42.70, 0.143
14036,149749, 39.08, 0.00, 0.660, 0.000, 0.000019, 0.000008,0,0,0, 0.000030, 0.000023, 0.000023, 0.000014, 39.08, 0.660, 59.11, 0.605, 123.71, 0.544, 30.69, 0.464
14037,149760, 54.79, 0.00, 0.569, 0.000, 0.000019, 0.000007,0,0,0, 0.000030, 0.000015, 0.000022, 0.000011, 54.79, 0.569, 108.10, 0.357, 37.50, 0.323, 39.34, 0.322
14038,149770, 30.84, 0.00, 0.768, 0.000, 0.000020, 0.000013,0,0,0, 0.000030, 0.000020, 0.000024, 0.000014, 30.84, 0.768, 45.11, 0.338, 62.50, 0.210, 100.00, 0.095
14039,149781, 43.63, 0.00, 0.661, 0.000, 0.000020, 0.000009,0,0,0, 0.000030, 0.000024, 0.000022, 0.000013, 43.63, 0.661, 33.05, 0.164, 76.43, 0.160, 99.17, 0.007
14040,149792, 43.47, 0.00, 0.666, 0.000, 0.000019, 0.000006,0,0,0, 0.000030, 0.000020, 0.000021, 0.000013, 43.47, 0.666, 71.00, 0.343, 76.92, 0.333, 0.00, 0.000
14041,149802, 30.76, 0.00, 0.736, 0.000, 0.000019, 0.000005,0,0,0, 0.000030, 0.000022, 0.000021, 0.000013, 30.76, 0.736, 41.37, 0.643, 43.95, 0.405, 98.36, 0.380
14042,149813, 32.00, 0.00, 0.499, 0.000, 0.000018, 0.000004,0,0,0, 0.000030, 0.000016, 0.000020, 0.000011, 32.00, 0.499, 99.17, 0.289, 36.47, 0.279, 38.70, 0.228
14043,149824, 31.91, 0.00, 0.537, 0.000, 0.000020, 0.000015,0,0,0, 0.000030, 0.000027, 0.000025, 0.000012, 31.91, 0.537, 55.55, 0.306, 126.31, 0.132, 40.95, 0.002
14044,149834, 46.15, 0.00, 0.693, 0.000, 0.000021, 0.000016,0,0,0, 0.000030, 0.000018, 0.000025, 0.000012, 46.15, 0.693, 35.08, 0.282, 136.36, 0.036, 151.89, 0.033
14045,149845, 51.06, 0.00, 0.546, 0.000, 0.000020, 0.000011,0,0,0, 0.000030, 0.000025, 0.000022, 0.000014, 51.06, 0.546, 37.15, 0.031, 0.00, 0.000, 0.00, 0.000
14046,149856, 37.15, 0.00, 0.447, 0.000, 0.000019, 0.000007,0,0,0, 0.000030, 0.000021, 0.000020, 0.000013, 37.15, 0.447, 30.15, 0.239, 51.50, 0.236, 150.00, 0.148
14047,149866, 45.28, 0.00, 0.300, 0.000, 0.000018, 0.000005,0,0,0, 0.000030, 0.000018, 0.000019, 0.000012, 45.28, 0.300, 42.10, 0.246, 72.28, 0.229, 68.18, 0.226
14048,149877, 45.80, 0.00, 0.303, 0.000, 0.000019, 0.000007,0,0,0, 0.000030, 0.000023, 0.000021, 0.000014, 45.80, 0.303, 122.44, 0.255, 68.18, 0.157, 74.53, 0.154
14049,149888, 30.37, 0.00, 0.629, 0.000, 0.000020, 0.000015,0,0,0, 0.000030, 0.000016, 0.000024, 0.000012, 30.37, 0.629, 39.08, 0.409, 83.33, 0.161, 66.66, 0.102
14050,149898, 30.45, 0.00, 0.638, 0.000, 0.000020, 0.000011,0,0,0, 0.000030, 0.000023, 0.000021, 0.000013, 30.45, 0.638, 43.32, 0.458, 39.86, 0.423, 100.84, 0.155
14051,149909, 43.32, 0.00, 0.555, 0.000, 0.000020, 0.000010,0,0,0, 0.000030, 0.000019, 0.000022, 0.000013, 43.32, 0.555, 66.29, 0.341, 36.47, 0.219, 120.00, 0.103
14052,149920, 38.58, 0.00, 0.629, 0.000, 0.000019, 0.000007,0,0,0, 0.000030, 0.000023, 0.000019, 0.000013, 38.58, 0.629, 113.20, 0.460, 58.53, 0.292, 0.00, 0.000
14053,149930, 40.26, 0.00, 0.578, 0.000, 0.000020, 0.000017,0,0,0, 0.000030, 0.000021, 0.000024, 0.000012, 40.26, 0.578, 33.42, 0.304, 32.60, 0.285, 58.82, 0.208
14054,149941, 40.26, 0.00, 0.627, 0.000, 0.000019, 0.000011,0,0,0, 0.000030, 0.000018, 0.000020, 0.000012, 40.26, 0.627, 83.33, 0.308, 110.09, 0.232, 94.48, 0.214
14055,149952, 44.28, 0.00, 0.651, 0.000, 0.000019, 0.000009,0,0,0, 0.000030, 0.000023, 0.000022, 0.000014, 44.28, 0.651, 39.86, 0.488, 77.92, 0.368, 93.75, 0.271
14056,149962, 44.28, 0.00, 0.870, 0.000, 0.000019, 0.000006,0,0,0, 0.000030, 0.000017, 0.000022, 0.000012, 44.28, 0.870, 31.33, 0.579, 100.84, 0.479, 0.00, 0.000
14057,149973, 44.44, 0.00, 0.754, 0.000, 0.000020, 0.000016,0,0,0, 0.000030, 0.000027, 0.000024, 0.000013, 44.44, 0.754, 77.92, 0.351, 0.00, 0.000, 0.00, 0.000
14058,149984, 46.69, 0.00, 0.733, 0.000, 0.000019, 0.000011,0,0,0, 0.000030, 0.000013, 0.000018, 0.000012, 46.69, 0.733, 76.92, 0.141, 0.00, 0.000, 0.00, 0.000
14059,149994, 47.24, 0.00, 0.718, 0.000, 0.000020, 0.000010,0,0,0, 0.000030, 0.000023, 0.000023, 0.000014, 47.24, 0.718, 30.92, 0.380, 74.07, 0.092, 104.34, 0.017
14060,150005, 48.78, 0.00, 0.632, 0.000, 0.000019, 0.000007,0,0,0, 0.000030, 0.000019, 0.000020, 0.000013, 48.78, 0.632, 30.30, 0.398, 96.00, 0.220, 34.98, 0.196
14061,150016, 45.28, 0.00, 0.679, 0.000, 0.000020, 0.000009,0,0,0, 0.000030, 0.000024, 0.000023, 0.000013, 45.28, 0.679, 96.00, 0.347, 31.74, 0.315, 0.00, 0.000
14062,150026, 44.60, 0.00, 0.609, 0.000, 0.000018, 0.000006,0,0,0, 0.000000, 0.000000, 0.000017, 0.000007, 44.60, 0.609, 87.59, 0.269, 0.00, 0.000, 0.00, 0.000
14063,150037, 46.87, 0.00, 0.387, 0.000, 0.000020, 0.000018,0,0,0, 0.000030, 0.000027, 0.000026, 0.000012, 46.87, 0.387, 30.53, 0.318, 63.82, 0.024, 0.00, 0.000
14064,150048, 47.05, 0.00, 0.536, 0.000, 0.000018, 0.000012,0,0,0, 0.000030, 0.000030, 0.000004, 0.000001, 47.05, 0.536, 37.73, 0.332, 37.38, 0.328, 33.89, 0.292
14065,150058, 30.76, 0.00, 0.058, 0.000, 0.000020, 0.000031,0,0,0, 0.000030, 0.000028, 0.000027, 0.000008, 30.76, 0.058, 0.00, 0.000, 0.00, 0.000, 0.00, 0.000
14066,150069, 218.18, 0.00, 0.456, 0.000, 0.000019, 0.000022,0,0,0, 0.000030, 0.000004, 0.000023, 0.000010, 218.18, 0.456, 78.94, 0.029, 81.08, 0.027, 74.07, 0.017
14067,150080, 30.53, 0.00, 0.580, 0.000, 0.000020, 0.000015,0,0,0, 0.000030, 0.000019, 0.000025, 0.000014, 30.53, 0.580, 58.82, 0.370, 0.00, 0.000, 0.00, 0.000
14068,150090, 31.33, 0.00, 0.519, 0.000, 0.000020, 0.000011,0,0,0, 0.000030, 0.000024, 0.000024, 0.000013, 31.33, 0.519, 30.07, 0.458, 64.17, 0.270, 59.40, 0.269
14069,150101, 32.08, 0.00, 0.600, 0.000, 0.000019, 0.000007,0,0,0, 0.000030, 0.000014, 0.000018, 0.000011, 32.08, 0.600, 63.82, 0.310, 48.38, 0.110, 96.77, 0.037
14070,150112, 31.00, 0.00, 0.992, 0.000, 0.000020, 0.000011,0,0,0, 0.000030, 0.000018, 0.000024, 0.000013, 31.00, 0.992, 48.97, 0.380, 96.00, 0.282, 60.60, 0.198
14071,150122, 31.25, 0.00, 0.480, 0.000, 0.000020, 0.000009,0,0,0, 0.000030, 0.000017, 0.000023, 0.000012, 31.25, 0.480, 94.48, 0.475, 46.15, 0.390, 35.08, 0.341
14072,150133, 45.80, 0.00, 0.828, 0.000, 0.000020, 0.000008,0,0,0, 0.000030, 0.000017, 0.000023, 0.000012, 45.80, 0.828, 93.75, 0.718, 31.00, 0.599, 0.00, 0.000
14073,150144, 93.75, 0.00, 0.731, 0.000, 0.000019, 0.000007,0,0,0, 0.000030, 0.000026, 0.000023, 0.000012, 93.75, 0.731, 46.15, 0.704, 31.33, 0.607, 0.00, 0.000
14074,150154, 93.75, 0.00, 0.725, 0.000, 0.000018, 0.000006,0,0,0, 0.000030, 0.000028, 0.000020, 0.000009, 93.75, 0.725, 48.19, 0.485, 32.17, 0.464, 41.81, 0.401
14075,150165, 31.74, 0.00, 0.769, 0.000, 0.000020, 0.000010,0,0,0, 0.000030, 0.000018, 0.000023, 0.000013, 31.74, 0.769, 93.02, 0.515, 46.87, 0.299, 0.00, 0.000
14076,150176, 31.25, 0.00, 0.661, 0.000, 0.000019, 0.000007,0,0,0, 0.000030, 0.000020, 0.000022, 0.000013, 31.25, 0.661, 93.02, 0.580, 47.05, 0.342, 55.55, 0.230
14077,150186, 47.05, 0.00, 0.619, 0.000, 0.000019, 0.000007,0,0,0, 0.000030, 0.000017, 0.000022, 0.000012, 47.05, 0.619, 93.75, 0.588, 30.76, 0.476, 0.00, 0.000
14078,150197, 46.15, 0.00, 0.801, 0.000, 0.000019, 0.000010,0,0,0, 0.000030, 0.000018, 0.000023, 0.000013, 46.15, 0.801, 93.75, 0.773, 30.84, 0.771, 0.00, 0.000
14079,150208, 31.08, 0.00, 0.880, 0.000, 0.000020, 0.000007,0,0,0, 0.000030, 0.000022, 0.000023, 0.000014, 31.08, 0.880, 94.48, 0.791, 47.61, 0.732, 0.00, 0.000
14080,150218, 91.60, 0.00, 0.813, 0.000, 0.000019, 0.000006,0,0,0, 0.000030, 0.000024, 0.000021, 0.000013, 91.60, 0.813, 47.05, 0.637, 31.49, 0.619, 43.63, 0.604
14081,150229, 31.41, 0.00, 0.938, 0.000, 0.000018, 0.000004,0,0,0, 0.000030, 0.000017, 0.000019, 0.000012, 31.41, 0.938, 91.60, 0.697, 46.33, 0.609, 0.00, 0.000
14082,150240, 31.25, 0.00, 0.839, 0.000, 0.000019, 0.000010,0,0,0, 0.000030, 0.000020, 0.000023, 0.000013, 31.25, 0.839, 91.60, 0.727, 47.24, 0.650, 0.00, 0.000
14083,150250, 31.16, 0.00, 0.760, 0.000, 0.000019, 0.000008,0,0,0, 0.000030, 0.000020, 0.000022, 0.000013, 31.16, 0.760, 92.30, 0.758, 46.69, 0.726, 0.00, 0.000
14084,150261, 31.49, 0.00, 0.951, 0.000, 0.000019, 0.000006,0,0,0, 0.000030, 0.000016, 0.000022, 0.000012, 31.49, 0.951, 93.75, 0.785, 46.33, 0.750, 0.00, 0.000
14085,150272, 31.33, 0.00, 0.992, 0.000, 0.000019, 0.000011,0,0,0, 0.000030, 0.000020, 0.000023, 0.000014, 31.33, 0.992, 48.00, 0.867, 94.48, 0.767, 0.00, 0.000
14086,150282, 47.24, 0.00, 0.875, 0.000, 0.000019, 0.000008,0,0,0, 0.000030, 0.000015, 0.000023, 0.000011, 47.24, 0.875, 96.00, 0.693, 31.25, 0.691, 0.00, 0.000
14087,150293, 31.33, 0.00, 0.886, 0.000, 0.000020, 0.000011,0,0,0, 0.000030, 0.000014, 0.000024, 0.000011, 31.33, 0.886, 46.15, 0.772, 96.00, 0.749, 0.00, 0.000
14088,150304, 96.77, 0.00, 0.644, 0.000, 0.000021, 0.000011,0,0,0, 0.000030, 0.000026, 0.000024, 0.000014, 96.77, 0.644, 31.16, 0.631, 48.58, 0.498, 0.00, 0.000
14089,150314, 95.23, 0.00, 0.588, 0.000, 0.000019, 0.000008,0,0,0, 0.000030, 0.000028, 0.000017, 0.000008, 95.23, 0.588, 31.83, 0.406, 47.80, 0.374, 39.47, 0.310
14090,150325, 92.30, 0.00, 0.425, 0.000, 0.000017, 0.000005,0,0,0, 0.000030, 0.000030, 0.000001, 0.000000, 92.30, 0.425, 67.41, 0.321, 47.43, 0.278, 32.34, 0.188
14091,150336, 33.89, 0.00, 0.418, 0.000, 0.000020, 0.000029,0,0,0, 0.000030, 0.000023, 0.000026, 0.000012, 33.89, 0.418, 91.60, 0.327, 0.00, 0.000, 0.00, 0.000
14092,150346, 400.00, 0.00, 0.471, 0.000, 0.000018, 0.000020,0,0,0, 0.000000, 0.000000, 0.000010, 0.000004, 400.00, 0.471, 0.00, 0.000, 0.00, 0.000, 0.00, 0.000
14093,150357, 43.16, 0.00, 0.518, 0.000, 0.000021, 0.000020,0,0,0, 0.000030, 0.000021, 0.000026, 0.000014, 43.16, 0.518, 32.17, 0.284, 123.71, 0.045, 0.00, 0.000
14094,150368, 43.16, 0.00, 0.615, 0.000, 0.000018, 0.000014,0,0,0, 0.000000, 0.000000, 0.000011, 0.000005, 43.16, 0.615, 34.48, 0.258, 0.00, 0.000, 0.00, 0.000
14095,150378, 48.19, 0.00, 0.981, 0.000, 0.000020, 0.000018,0,0,0, 0.000030, 0.000021, 0.000026, 0.000014, 48.19, 0.981, 0.00, 0.000, 0.00, 0.000, 0.00, 0.000
14096,150389, 48.19, 0.00, 0.985, 0.000, 0.000018, 0.000012,0,0,0, 0.000000, 0.000000, 0.000009, 0.000004, 48.19, 0.985, 0.00, 0.000, 0.00, 0.000, 0.00, 0.000
14097,150400, 49.79, 0.00, 0.995, 0.000, 0.000020, 0.000016,0,0,0, 0.000030, 0.000021, 0.000026, 0.000015, 49.79, 0.995, 0.00, 0.000, 0.00, 0.000, 0.00, 0.000
14098,150410, 49.79, 0.00, 0.994, 0.000, 0.000019, 0.000023,0,0,0, 0.000030, 0.000006, 0.000026, 0.000005, 49.79, 0.994, 0.00, 0.000, 0.00, 0.000, 0.00, 0.000
14099,150421, 49.58, 0.00, 0.989, 0.000, 0.000020, 0.000016,0,0,0, 0.000030, 0.000020, 0.000026, 0.000014, 49.58, 0.989, 0.00, 0.000, 0.00, 0.000, 0.00, 0.000
14100,150432, 49.79, 0.00, 0.989, 0.000, 0.000021, 0.000021,0,0,0, 0.000030, 0.000012, 0.000026, 0.000009, 49.79, 0.989, 0.00, 0.000, 0.00, 0.000, 0.00, 0.000
14101,150442, 49.79, 0.00, 0.994, 0.000, 0.000020, 0.000015,0,0,0, 0.000030, 0.000018, 0.000020, 0.000012, 49.79, 0.994, 0.00, 0.000, 0.00, 0.000, 0.00, 0.000
14102,150453, 49.79, 0.00, 0.997, 0.000, 0.000021, 0.000020,0,0,0, 0.000030, 0.000016, 0.000026, 0.000011, 49.79, 0.997, 0.00, 0.000, 0.00, 0.000, 0.00, 0.000
14103,150464, 49.79, 0.00, 0.997, 0.000, 0.000020, 0.000014,0,0,0, 0.000030, 0.000015, 0.000020, 0.000011, 49.79, 0.997, 0.00, 0.000, 0.00, 0.000, 0.00, 0.000
14104,150474, 49.79, 0.00, 0.999, 0.000, 0.000021, 0.000020,0,0,0, 0.000030, 0.000019, 0.000026, 0.000011, 49.79, 0.999, 0.00, 0.000, 0.00, 0.000, 0.00, 0.000
14105,150485, 49.58, 0.00, 0.996, 0.000, 0.000019, 0.000014,0,0,0, 0.000030, 0.000011, 0.000020, 0.000010, 49.58, 0.996, 0.00, 0.000, 0.00, 0.000, 0.00, 0.000
14106,150496, 49.58, 0.00, 0.999, 0.000, 0.000021, 0.000019,0,0,0, 0.000030, 0.000021, 0.000026, 0.000012, 49.58, 0.999, 0.00, 0.000, 0.00, 0.000, 0.00, 0.000
14107,150506, 49.58, 0.00, 0.999, 0.000, 0.000019, 0.000013,0,0,0, 0.000030, 0.000005, 0.000020, 0.000010, 49.58, 0.999, 0.00, 0.000, 0.00, 0.000, 0.00, 0.000
14108,150517, 49.58, 0.00, 0.978, 0.000, 0.000021, 0.000018,0,0,0, 0.000030, 0.000021, 0.000026, 0.000013, 49.58, 0.978, 0.00, 0.000, 0.00, 0.000, 0.00, 0.000
14109,150528, 49.79, 0.00, 0.976, 0.000, 0.000019, 0.000013,0,0,0, 0.000000, 0.000000, 0.000017, 0.000007, 49.79, 0.976, 0.00, 0.000, 0.00, 0.000, 0.00, 0.000
14110,150538, 51.72, 0.00, 0.919, 0.000, 0.000021, 0.000016,0,0,0, 0.000030, 0.000022, 0.000026, 0.000014, 51.72, 0.919, 0.00, 0.000, 0.00, 0.000, 0.00, 0.000
14111,150549, 52.17, 0.00, 0.846, 0.000, 0.000020, 0.000015,0,0,0, 0.000030, 0.000012, 0.000024, 0.000009, 52.17, 0.846, 34.88, 0.115, 33.80, 0.022, 0.00, 0.000
14112,150560, 52.17, 0.00, 0.833, 0.000, 0.000020, 0.000011,0,0,0, 0.000030, 0.000024, 0.000024, 0.000015, 52.17, 0.833, 34.78, 0.123, 104.34, 0.103, 0.00, 0.000
14113,150570, 52.17, 0.00, 0.951, 0.000, 0.000020, 0.000013,0,0,0, 0.000030, 0.000017, 0.000023, 0.000012, 52.17, 0.951, 34.88, 0.332, 104.34, 0.280, 0.00, 0.000
14114,150581, 51.94, 0.00, 0.904, 0.000, 0.000020, 0.000009,0,0,0, 0.000030, 0.000021, 0.000021, 0.000013, 51.94, 0.904, 30.84, 0.423, 103.44, 0.242, 33.99, 0.213
14115,150592, 51.72, 0.00, 0.970, 0.000, 0.000020, 0.000013,0,0,0, 0.000030, 0.000020, 0.000024, 0.000012, 51.72, 0.970, 34.78, 0.256, 107.14, 0.230, 0.00, 0.000
14116,150602, 51.72, 0.00, 0.477, 0.000, 0.000020, 0.000013,0,0,0, 0.000030, 0.000020, 0.000024, 0.000012, 51.72, 0.477, 44.11, 0.397, 59.40, 0.193, 0.00, 0.000
14117,150613, 59.11, 0.00, 0.506, 0.000, 0.000020, 0.000009,0,0,0, 0.000030, 0.000025, 0.000023, 0.000011, 59.11, 0.506, 44.28, 0.355, 0.00, 0.000, 0.00, 0.000
14118,150624, 55.55, 0.00, 0.928, 0.000, 0.000020, 0.000014,0,0,0, 0.000030, 0.000011, 0.000024, 0.000012, 55.55, 0.928, 0.00, 0.000, 0.00, 0.000, 0.00, 0.000
14119,150634, 55.29, 0.00, 0.883, 0.000, 0.000021, 0.000014,0,0,0, 0.000030, 0.000027, 0.000024, 0.000013, 55.29, 0.883, 0.00, 0.000, 0.00, 0.000, 0.00, 0.000
14120,150645, 55.04, 0.00, 0.950, 0.000, 0.000021, 0.000010,0,0,0, 0.000030, 0.000017, 0.000023, 0.000013, 55.04, 0.950, 0.00, 0.000, 0.00, 0.000, 0.00, 0.000
14121,150656, 55.04, 0.00, 0.881, 0.000, 0.000020, 0.000009,0,0,0, 0.000030, 0.000020, 0.000024, 0.000012, 55.04, 0.881, 0.00, 0.000, 0.00, 0.000, 0.00, 0.000
14122,150666, 56.60, 0.00, 0.941, 0.000, 0.000020, 0.000010,0,0,0, 0.000030, 0.000024, 0.000024, 0.000011, 56.60, 0.941, 0.00, 0.000, 0.00, 0.000, 0.00, 0.000
14123,150677, 58.25, 0.00, 0.868, 0.000, 0.000020, 0.000015,0,0,0, 0.000030, 0.000007, 0.000024, 0.000011, 58.25, 0.868, 0.00, 0.000, 0.00, 0.000, 0.00, 0.000
14124,150688, 58.25, 0.00, 0.944, 0.000, 0.000020, 0.000010,0,0,0, 0.000030, 0.000023, 0.000024, 0.000014, 58.25, 0.944, 0.00, 0.000, 0.00, 0.000, 0.00, 0.000
14125,150698, 57.97, 0.00, 0.997, 0.000, 0.000021, 0.000013,0,0,0, 0.000030, 0.000020, 0.000024, 0.000012, 57.97, 0.997, 0.00, 0.000, 0.00, 0.000, 0.00, 0.000
14126,150709, 57.97, 0.00, 0.992, 0.000, 0.000020, 0.000009,0,0,0, 0.000030, 0.000015, 0.000022, 0.000011, 57.97, 0.992, 0.00, 0.000, 0.00, 0.000, 0.00, 0.000
14127,150720, 58.53, 0.00, 0.970, 0.000, 0.000021, 0.000011,0,0,0, 0.000030, 0.000024, 0.000024, 0.000014, 58.53, 0.970, 0.00, 0.000, 0.00, 0.000, 0.00, 0.000
14128,150730, 58.53, 0.00, 0.981, 0.000, 0.000021, 0.000014,0,0,0, 0.000030, 0.000014, 0.000024, 0.000012, 58.53, 0.981, 0.00, 0.000, 0.00, 0.000, 0.00, 0.000
14129,150741, 58.25, 0.00, 0.960, 0.000, 0.000020, 0.000010,0,0,0, 0.000030, 0.000020, 0.000022, 0.000012, 58.25, 0.960, 0.00, 0.000, 0.00, 0.000, 0.00, 0.000
14130,150752, 57.69, 0.00, 0.990, 0.000, 0.000020, 0.000012,0,0,0, 0.000030, 0.000023, 0.000024, 0.000011, 57.69, 0.990, 0.00, 0.000, 0.00, 0.000, 0.00, 0.000
14131,150762, 57.97, 0.00, 0.990, 0.000, 0.000019, 0.000008,0,0,0, 0.000030, 0.000008, 0.000022, 0.000010, 57.97, 0.990, 0.00, 0.000, 0.00, 0.000, 0.00, 0.000
14132,150773, 58.53, 0.00, 0.963, 0.000, 0.000020, 0.000011,0,0,0, 0.000030, 0.000023, 0.000024, 0.000015, 58.53, 0.963, 0.00, 0.000, 0.00, 0.000, 0.00, 0.000
14133,150784, 60.00, 0.00, 0.943, 0.000, 0.000021, 0.000013,0,0,0, 0.000030, 0.000020, 0.000024, 0.000012, 60.00, 0.943, 0.00, 0.000, 0.00, 0.000, 0.00, 0.000
14134,150794, 30.61, 0.00, 0.998, 0.000, 0.000019, 0.000009,0,0,0, 0.000030, 0.000011, 0.000021, 0.000010, 30.61, 0.998, 61.22, 0.961, 0.00, 0.000, 0.00, 0.000
14135,150805, 30.69, 0.00, 0.999, 0.000, 0.000020, 0.000011,0,0,0, 0.000030, 0.000023, 0.000024, 0.000015, 30.69, 0.999, 61.53, 0.976, 0.00, 0.000, 0.00, 0.000
14136,150816, 30.84, 0.00, 0.999, 0.000, 0.000021, 0.000013,0,0,0, 0.000030, 0.000019, 0.000024, 0.000012, 30.84, 0.999, 61.53, 0.983, 0.00, 0.000, 0.00, 0.000
14137,150826, 30.37, 0.00, 0.999, 0.000, 0.000019, 0.000009,0,0,0, 0.000030, 0.000014, 0.000022, 0.000011, 30.37, 0.999, 60.91, 0.984, 0.00, 0.000, 0.00, 0.000
14138,150837, 30.76, 0.00, 0.995, 0.000, 0.000020, 0.000011,0,0,0, 0.000030, 0.000024, 0.000024, 0.000014, 30.76, 0.995, 61.53, 0.990, 0.00, 0.000, 0.00, 0.000
14139,150848, 30.69, 0.00, 0.999, 0.000, 0.000021, 0.000013,0,0,0, 0.000030, 0.000018, 0.000024, 0.000012, 30.69, 0.999, 61.53, 0.994, 0.00, 0.000, 0.00, 0.000
14140,150858, 31.33, 0.00, 0.997, 0.000, 0.000019, 0.000009,0,0,0, 0.000030, 0.000014, 0.000021, 0.000010, 31.33, 0.997, 62.17, 0.960, 0.00, 0.000, 0.00, 0.000
14141,150869, 63.82, 0.00, 0.929, 0.000, 0.000020, 0.000011,0,0,0, 0.000030, 0.000022, 0.000024, 0.000014, 63.82, 0.929, 31.74, 0.920, 0.00, 0.000, 0.00, 0.000
14142,150880, 32.17, 0.00, 0.999, 0.000, 0.000020, 0.000013,0,0,0, 0.000030, 0.000020, 0.000024, 0.000012, 32.17, 0.999, 64.51, 0.993, 0.00, 0.000, 0.00, 0.000
14143,150890, 64.86, 0.00, 0.991, 0.000, 0.000019, 0.000009,0,0,0, 0.000030, 0.000009, 0.000020, 0.000010, 64.86, 0.991, 32.34, 0.978, 0.00, 0.000, 0.00, 0.000
14144,150901, 64.51, 0.00, 0.996, 0.000, 0.000020, 0.000011,0,0,0, 0.000030, 0.000022, 0.000024, 0.000014, 64.51, 0.996, 32.25, 0.990, 0.00, 0.000, 0.00, 0.000
14145,150912, 33.14, 0.00, 0.995, 0.000, 0.000020, 0.000011,0,0,0, 0.000030, 0.000022, 0.000024, 0.000012, 33.14, 0.995, 64.86, 0.874, 66.29, 0.874, 0.00, 0.000
14146,150922, 68.18, 0.00, 0.930, 0.000, 0.000021, 0.000013,0,0,0, 0.000030, 0.000015, 0.000024, 0.000013, 68.18, 0.930, 33.51, 0.885, 0.00, 0.000, 0.00, 0.000
14147,150933, 34.18, 0.00, 0.998, 0.000, 0.000019, 0.000009,0,0,0, 0.000030, 0.000016, 0.000020, 0.000011, 34.18, 0.998, 68.57, 0.997, 0.00, 0.000, 0.00, 0.000
14148,150944, 68.57, 0.00, 0.994, 0.000, 0.000020, 0.000011,0,0,0, 0.000030, 0.000021, 0.000024, 0.000014, 68.57, 0.994, 34.28, 0.990, 0.00, 0.000, 0.00, 0.000
14149,150954, 68.96, 0.00, 0.970, 0.000, 0.000020, 0.000012,0,0,0, 0.000030, 0.000021, 0.000024, 0.000012, 68.96, 0.970, 34.48, 0.964, 0.00, 0.000, 0.00, 0.000
14150,150965, 35.29, 0.00, 0.962, 0.000, 0.000020, 0.000013,0,0,0, 0.000030, 0.000014, 0.000024, 0.000013, 35.29, 0.962, 70.58, 0.945, 0.00, 0.000, 0.00, 0.000
14151,150976, 35.71, 0.00, 0.990, 0.000, 0.000019, 0.000009,0,0,0, 0.000030, 0.000015, 0.000020, 0.000011, 35.71, 0.990, 71.42, 0.963, 0.00, 0.000, 0.00, 0.000
14152,150986, 72.28, 0.00, 0.995, 0.000, 0.000020, 0.000010,0,0,0, 0.000030, 0.000021, 0.000023, 0.000014, 72.28, 0.995, 36.14, 0.983, 0.00, 0.000, 0.00, 0.000
14153,150997, 36.36, 0.00, 0.997, 0.000, 0.000020, 0.000010,0,0,0, 0.000030, 0.000021, 0.000023, 0.000013, 36.36, 0.997, 72.72, 0.994, 0.00, 0.000, 0.00, 0.000
14154,151008, 36.47, 0.00, 0.983, 0.000, 0.000020, 0.000011,0,0,0, 0.000030, 0.000018, 0.000023, 0.000012, 36.47, 0.983, 72.72, 0.982, 0.00, 0.000, 0.00, 0.000
14155,151018, 74.07, 0.00, 0.942, 0.000, 0.000020, 0.000012,0,0,0, 0.000030, 0.000015, 0.000023, 0.000013, 74.07, 0.942, 37.03, 0.922, 0.00, 0.000, 0.00, 0.000
14156,151029, 37.85, 0.00, 0.997, 0.000, 0.000019, 0.000008,0,0,0, 0.000030, 0.000017, 0.000020, 0.000011, 37.85, 0.997, 75.94, 0.961, 0.00, 0.000, 0.00, 0.000
14157,151040, 76.92, 0.00, 0.997, 0.000, 0.000019, 0.000009,0,0,0, 0.000030, 0.000021, 0.000023, 0.000014, 76.92, 0.997, 38.33, 0.994, 0.00, 0.000, 0.00, 0.000
14158,151050, 76.92, 0.00, 0.998, 0.000, 0.000020, 0.000009,0,0,0, 0.000030, 0.000021, 0.000023, 0.000013, 76.92, 0.998, 38.33, 0.998, 0.00, 0.000, 0.00, 0.000
14159,151061, 76.92, 0.00, 0.985, 0.000, 0.000020, 0.000010,0,0,0, 0.000030, 0.000020, 0.000023, 0.000012, 76.92, 0.985, 38.46, 0.976, 0.00, 0.000, 0.00, 0.000
14160,151072, 38.83, 0.00, 0.966, 0.000, 0.000020, 0.000011,0,0,0, 0.000030, 0.000017, 0.000023, 0.000013, 38.83, 0.966, 77.41, 0.964, 0.00, 0.000, 0.00, 0.000
14161,151082, 79.47, 0.00, 0.950, 0.000, 0.000020, 0.000011,0,0,0, 0.000030, 0.000017, 0.000023, 0.000013, 79.47, 0.950, 39.73, 0.930, 0.00, 0.000, 0.00, 0.000
14162,151093, 80.53, 0.00, 0.986, 0.000, 0.000019, 0.000011,0,0,0, 0.000030, 0.000017, 0.000022, 0.000012, 80.53, 0.986, 40.40, 0.979, 0.00, 0.000, 0.00, 0.000
14163,151104, 81.08, 0.00, 0.995, 0.000, 0.000019, 0.000008,0,0,0, 0.000030, 0.000019, 0.000022, 0.000013, 81.08, 0.995, 40.67, 0.995, 0.00, 0.000, 0.00, 0.000
14164,151114, 40.67, 0.00, 0.995, 0.000, 0.000019, 0.000008,0,0,0, 0.000030, 0.000021, 0.000022, 0.000014, 40.67, 0.995, 81.63, 0.994, 0.00, 0.000, 0.00, 0.000
14165,151125, 81.63, 0.00, 0.999, 0.000, 0.000019, 0.000009,0,0,0, 0.000030, 0.000021, 0.000023, 0.000013, 81.63, 0.999, 40.81, 0.999, 0.00, 0.000, 0.00, 0.000
14166,151136, 81.63, 0.00, 0.997, 0.000, 0.000019, 0.000009,0,0,0, 0.000030, 0.000020, 0.000023, 0.000013, 81.63, 0.997, 40.81, 0.996, 0.00, 0.000, 0.00, 0.000
14167,151146, 81.63, 0.00, 0.990, 0.000, 0.000020, 0.000009,0,0,0, 0.000030, 0.000020, 0.000022, 0.000012, 81.63, 0.990, 40.81, 0.990, 0.00, 0.000, 0.00, 0.000
14168,151157, 82.75, 0.00, 0.951, 0.000, 0.000020, 0.000009,0,0,0, 0.000030, 0.000018, 0.000022, 0.000013, 82.75, 0.951, 41.66, 0.941, 0.00, 0.000, 0.00, 0.000
14169,151168, 85.10, 0.00, 0.971, 0.000, 0.000020, 0.000010,0,0,0, 0.000030, 0.000018, 0.000022, 0.000013, 85.10, 0.971, 42.55, 0.966, 0.00, 0.000, 0.00, 0.000
14170,151178, 85.71, 0.00, 0.995, 0.000, 0.000020, 0.000010,0,0,0, 0.000030, 0.000018, 0.000022, 0.000013, 85.71, 0.995, 43.01, 0.992, 0.00, 0.000, 0.00, 0.000
14171,151189, 86.33, 0.00, 0.995, 0.000, 0.000020, 0.000010,0,0,0, 0.000030, 0.000018, 0.000022, 0.000013, 86.33, 0.995, 43.16, 0.987, 0.00, 0.000, 0.00, 0.000
14172,151200, 43.16, 0.00, 0.994, 0.000, 0.000019, 0.000008,0,0,0, 0.000030, 0.000018, 0.000021, 0.000012, 43.16, 0.994, 86.33, 0.994, 0.00, 0.000, 0.00, 0.000
14173,151210, 43.16, 0.00, 0.998, 0.000, 0.000019, 0.000007,0,0,0, 0.000030, 0.000019, 0.000022, 0.000013, 43.16, 0.998, 86.33, 0.996, 0.00, 0.000, 0.00, 0.000
14174,151221, 86.33, 0.00, 0.997, 0.000, 0.000019, 0.000008,0,0,0, 0.000030, 0.000020, 0.000022, 0.000013, 86.33, 0.997, 43.16, 0.995, 0.00, 0.000, 0.00, 0.000
14175,151232, 43.47, 0.00, 0.992, 0.000, 0.000019, 0.000007,0,0,0, 0.000030, 0.000020, 0.000022, 0.000013, 43.47, 0.992, 86.95, 0.987, 0.00, 0.000, 0.00, 0.000
14176,151242, 88.23, 0.00, 0.965, 0.000, 0.000019, 0.000007,0,0,0, 0.000030, 0.000020, 0.000022, 0.000013, 88.23, 0.965, 44.11, 0.951, 0.00, 0.000, 0.00, 0.000
14177,151253, 90.22, 0.00, 0.969, 0.000, 0.000019, 0.000007,0,0,0, 0.000030, 0.000020, 0.000022, 0.000013, 90.22, 0.969, 44.94, 0.955, 0.00, 0.000, 0.00, 0.000
14178,151264, 30.37, 0.00, 0.996, 0.000, 0.000019, 0.000007,0,0,0, 0.000030, 0.000020, 0.000022, 0.000013, 30.37, 0.996, 90.90, 0.995, 45.62, 0.993, 0.00, 0.000
14179,151274, 91.60, 0.00, 0.998, 0.000, 0.000019, 0.000007,0,0,0, 0.000030, 0.000020, 0.000022, 0.000013, 91.60, 0.998, 30.45, 0.997, 45.62, 0.997, 0.00, 0.000
14180,151285, 30.45, 0.00, 0.998, 0.000, 0.000019, 0.000007,0,0,0, 0.000030, 0.000020, 0.000022, 0.000013, 30.45, 0.998, 45.62, 0.997, 91.60, 0.996, 0.00, 0.000
14181,151296, 30.61, 0.00, 0.994, 0.000, 0.000019, 0.000007,0,0,0, 0.000030, 0.000020, 0.000021, 0.000013, 30.61, 0.994, 45.80, 0.991, 91.60, 0.989, 0.00, 0.000
14182,151306, 30.92, 0.00, 0.994, 0.000, 0.000019, 0.000006,0,0,0, 0.000030, 0.000020, 0.000021, 0.000013, 30.92, 0.994, 93.02, 0.973, 46.33, 0.964, 0.00, 0.000
14183,151317, 31.57, 0.00, 0.996, 0.000, 0.000019, 0.000005,0,0,0, 0.000030, 0.000020, 0.000021, 0.000013, 31.57, 0.996, 94.48, 0.957, 47.24, 0.940, 0.00, 0.000
14184,151328, 32.00, 0.00, 0.993, 0.000, 0.000019, 0.000005,0,0,0, 0.000030, 0.000020, 0.000021, 0.000013, 32.00, 0.993, 48.19, 0.978, 96.00, 0.977, 0.00, 0.000
14185,151338, 96.77, 0.00, 0.997, 0.000, 0.000019, 0.000005,0,0,0, 0.000030, 0.000020, 0.000021, 0.000013, 96.77, 0.997, 32.25, 0.996, 48.38, 0.995, 0.00, 0.000
14186,151349, 96.77, 0.00, 0.997, 0.000, 0.000019, 0.000005,0,0,0, 0.000030, 0.000020, 0.000021, 0.000013, 96.77, 0.997, 32.25, 0.997, 48.38, 0.995, 0.00, 0.000
14187,151360, 32.34, 0.00, 0.994, 0.000, 0.000018, 0.000005,0,0,0, 0.000030, 0.000020, 0.000021, 0.000013, 32.34, 0.994, 96.77, 0.994, 48.58, 0.993, 0.00, 0.000
14188,151370, 98.36, 0.00, 0.967, 0.000, 0.000018, 0.000005,0,0,0, 0.000030, 0.000020, 0.000021, 0.000013, 98.36, 0.967, 48.97, 0.954, 32.69, 0.950, 0.00, 0.000
14189,151381, 100.00, 0.00, 0.956, 0.000, 0.000019, 0.000005,0,0,0, 0.000030, 0.000021, 0.000020, 0.000014, 100.00, 0.956, 33.42, 0.951, 50.20, 0.919, 0.00, 0.000
14190,151392, 101.69, 0.00, 0.981, 0.000, 0.000019, 0.000005,0,0,0, 0.000030, 0.000021, 0.000020, 0.000013, 101.69, 0.981, 50.84, 0.979, 33.89, 0.976, 0.00, 0.000
14191,151402, 102.56, 0.00, 0.997, 0.000, 0.000019, 0.000005,0,0,0, 0.000030, 0.000022, 0.000020, 0.000013, 102.56, 0.997, 34.09, 0.997, 51.28, 0.996, 0.00, 0.000
14192,151413, 34.09, 0.00, 0.998, 0.000, 0.000019, 0.000004,0,0,0, 0.000030, 0.000022, 0.000020, 0.000013, 34.09, 0.998, 102.56, 0.995, 51.28, 0.993, 0.00, 0.000
14193,151424, 34.18, 0.00, 0.993, 0.000, 0.000018, 0.000006,0,0,0, 0.000030, 0.000021, 0.000020, 0.000013, 34.18, 0.993, 102.56, 0.989, 51.28, 0.981, 0.00, 0.000
14194,151434, 102.56, 0.00, 0.989, 0.000, 0.000019, 0.000005,0,0,0, 0.000030, 0.000019, 0.000020, 0.000014, 102.56, 0.989, 51.28, 0.986, 34.28, 0.982, 0.00, 0.000
14195,151445, 102.56, 0.00, 0.992, 0.000, 0.000019, 0.000005,0,0,0, 0.000030, 0.000020, 0.000020, 0.000013, 102.56, 0.992, 51.28, 0.987, 34.28, 0.984, 0.00, 0.000
14196,151456, 102.56, 0.00, 0.987, 0.000, 0.000018, 0.000004,0,0,0, 0.000030, 0.000019, 0.000020, 0.000013, 102.56, 0.987, 51.50, 0.985, 34.28, 0.985, 0.00, 0.000
14197,151466, 34.68, 0.00, 0.994, 0.000, 0.000018, 0.000004,0,0,0, 0.000030, 0.000019, 0.000020, 0.000013, 34.68, 0.994, 104.34, 0.976, 51.94, 0.962, 0.00, 0.000
14198,151477, 106.19, 0.00, 0.980, 0.000, 0.000019, 0.000004,0,0,0, 0.000030, 0.000021, 0.000020, 0.000014, 106.19, 0.980, 52.86, 0.973, 35.29, 0.958, 0.00, 0.000
14199,151488, 107.14, 0.00, 0.982, 0.000, 0.000018, 0.000003,0,0,0, 0.000030, 0.000022, 0.000020, 0.000014, 107.14, 0.982, 35.60, 0.971, 53.33, 0.965, 0.00, 0.000
14200,151498, 36.03, 0.00, 0.986, 0.000, 0.000018, 0.000004,0,0,0, 0.000030, 0.000022, 0.000020, 0.000013, 36.03, 0.986, 108.10, 0.981, 54.05, 0.970, 0.00, 0.000
14201,151509, 54.54, 0.00, 0.996, 0.000, 0.000018, 0.000004,0,0,0, 0.000030, 0.000021, 0.000020, 0.000013, 54.54, 0.996, 109.09, 0.994, 36.36, 0.993, 0.00, 0.000
14202,151520, 54.29, 0.00, 0.991, 0.000, 0.000018, 0.000004,0,0,0, 0.000030, 0.000019, 0.000020, 0.000014, 54.29, 0.991, 109.09, 0.990, 36.25, 0.985, 0.00, 0.000
14203,151530, 36.14, 0.00, 0.999, 0.000, 0.000018, 0.000004,0,0,0, 0.000030, 0.000019, 0.000020, 0.000013, 36.14, 0.999, 54.05, 0.994, 108.10, 0.994, 0.00, 0.000
14204,151541, 109.09, 0.00, 0.990, 0.000, 0.000018, 0.000005,0,0,0, 0.000030, 0.000021, 0.000020, 0.000013, 109.09, 0.990, 36.25, 0.986, 54.29, 0.986, 0.00, 0.000
14205,151552, 54.54, 0.00, 0.998, 0.000, 0.000018, 0.000004,0,0,0, 0.000030, 0.000022, 0.000020, 0.000014, 54.54, 0.998, 36.36, 0.997, 109.09, 0.995, 0.00, 0.000
14206,151562, 36.36, 0.00, 0.998, 0.000, 0.000018, 0.000004,0,0,0, 0.000030, 0.000022, 0.000020, 0.000013, 36.36, 0.998, 54.54, 0.997, 109.09, 0.995, 0.00, 0.000
14207,151573, 54.54, 0.00, 0.993, 0.000, 0.000018, 0.000005,0,0,0, 0.000030, 0.000021, 0.000020, 0.000013, 54.54, 0.993, 109.09, 0.991, 36.36, 0.991, 0.00, 0.000
14208,151584, 36.25, 0.00, 0.992, 0.000, 0.000018, 0.000005,0,0,0, 0.000030, 0.000019, 0.000020, 0.000014, 36.25, 0.992, 109.09, 0.990, 54.29, 0.981, 0.00, 0.000
14209,151594, 36.14, 0.00, 0.995, 0.000, 0.000018, 0.000004,0,0,0, 0.000030, 0.000019, 0.000020, 0.000013, 36.14, 0.995, 54.29, 0.990, 109.09, 0.989, 0.00, 0.000
14210,151605, 36.25, 0.00, 0.992, 0.000, 0.000018, 0.000004,0,0,0, 0.000030, 0.000020, 0.000020, 0.000013, 36.25, 0.992, 109.09, 0.992, 54.29, 0.992, 0.00, 0.000
14211,151616, 109.09, 0.00, 0.996, 0.000, 0.000018, 0.000004,0,0,0, 0.000030, 0.000022, 0.000020, 0.000014, 109.09, 0.996, 36.25, 0.996, 54.54, 0.994, 0.00, 0.000
14212,151626, 109.09, 0.00, 0.997, 0.000, 0.000018, 0.000003,0,0,0, 0.000030, 0.000022, 0.000020, 0.000013, 109.09, 0.997, 54.29, 0.992, 36.25, 0.991, 0.00, 0.000
14213,151637, 109.09, 0.00, 0.997, 0.000, 0.000018, 0.000003,0,0,0, 0.000030, 0.000022, 0.000020, 0.000013, 109.09, 0.997, 54.54, 0.996, 36.36, 0.993, 0.00, 0.000
14214,151648, 109.09, 0.00, 0.998, 0.000, 0.000018, 0.000004,0,0,0, 0.000030, 0.000019, 0.000020, 0.000014, 109.09, 0.998, 54.54, 0.998, 36.36, 0.997, 0.00, 0.000
14215,151658, 109.09, 0.00, 0.998, 0.000, 0.000018, 0.000004,0,0,0, 0.000030, 0.000019, 0.000020, 0.000013, 109.09, 0.998, 36.47, 0.998, 54.54, 0.996, 0.00, 0.000
14216,151669, 109.09, 0.00, 0.993, 0.000, 0.000018, 0.000004,0,0,0, 0.000030, 0.000020, 0.000020, 0.000013, 109.09, 0.993, 36.36, 0.989, 54.54, 0.988, 0.00, 0.000
14217,151680, 36.25, 0.00, 0.990, 0.000, 0.000018, 0.000004,0,0,0, 0.000030, 0.000023, 0.000020, 0.000014, 36.25, 0.990, 109.09, 0.988, 54.29, 0.987, 0.00, 0.000
14218,151690, 36.47, 0.00, 0.986, 0.000, 0.000018, 0.000004,0,0,0, 0.000030, 0.000023, 0.000020, 0.000013, 36.47, 0.986, 109.09, 0.982, 54.54, 0.965, 0.00, 0.000
14219,151701, 110.09, 0.00, 0.863, 0.000, 0.000019, 0.000009,0,0,0, 0.000030, 0.000014, 0.000021, 0.000013, 110.09, 0.863, 55.29, 0.793, 36.92, 0.699, 0.00, 0.000
14220,151712, 113.20, 0.00, 0.602, 0.000, 0.000020, 0.000018,0,0,0, 0.000030, 0.000015, 0.000024, 0.000011, 113.20, 0.602, 30.69, 0.536, 41.37, 0.263, 56.33, 0.238
14221,151722, 30.61, 0.00, 0.918, 0.000, 0.000020, 0.000012,0,0,0, 0.000030, 0.000022, 0.000021, 0.000014, 30.61, 0.918, 42.40, 0.678, 116.50, 0.436, 65.57, 0.224
14222,151733, 32.25, 0.00, 0.640, 0.000, 0.000019, 0.000008,0,0,0, 0.000030, 0.000019, 0.000022, 0.000013, 32.25, 0.640, 41.09, 0.545, 61.22, 0.421, 117.64, 0.299
14223,151744, 40.54, 0.00, 0.695, 0.000, 0.000019, 0.000006,0,0,0, 0.000030, 0.000018, 0.000020, 0.000013, 40.54, 0.695, 116.50, 0.591, 58.53, 0.568, 0.00, 0.000
14224,151754, 114.28, 0.00, 0.672, 0.000, 0.000019, 0.000006,0,0,0, 0.000030, 0.000020, 0.000021, 0.000013, 114.28, 0.672, 56.87, 0.586, 40.13, 0.465, 0.00, 0.000
14225,151765, 108.10, 0.00, 0.827, 0.000, 0.000018, 0.000004,0,0,0, 0.000030, 0.000018, 0.000021, 0.000012, 108.10, 0.827, 36.58, 0.778, 54.29, 0.756, 0.00, 0.000
14226,151776, 32.87, 0.00, 0.916, 0.000, 0.000019, 0.000011,0,0,0, 0.000030, 0.000021, 0.000023, 0.000014, 32.87, 0.916, 106.19, 0.658, 48.38, 0.509, 0.00, 0.000
14227,151786, 47.61, 0.00, 0.453, 0.000, 0.000019, 0.000007,0,0,0, 0.000030, 0.000023, 0.000021, 0.000012, 47.61, 0.453, 83.91, 0.376, 107.14, 0.346, 36.69, 0.321
14228,151797, 41.95, 0.00, 0.462, 0.000, 0.000019, 0.000005,0,0,0, 0.000030, 0.000019, 0.000021, 0.000014, 41.95, 0.462, 66.29, 0.297, 37.61, 0.279, 113.20, 0.223
14229,151808, 30.15, 0.00, 0.978, 0.000, 0.000018, 0.000004,0,0,0, 0.000030, 0.000020, 0.000020, 0.000013, 30.15, 0.978, 41.37, 0.508, 112.14, 0.508, 56.60, 0.381
14230,151818, 109.09, 0.00, 0.736, 0.000, 0.000018, 0.000003,0,0,0, 0.000030, 0.000020, 0.000020, 0.000013, 109.09, 0.736, 55.04, 0.712, 36.80, 0.589, 33.61, 0.056
14231,151829, 107.14, 0.00, 0.788, 0.000, 0.000018, 0.000005,0,0,0, 0.000030, 0.000018, 0.000021, 0.000012, 107.14, 0.788, 54.05, 0.628, 33.33, 0.598, 35.92, 0.394
14232,151840, 109.09, 0.00, 0.533, 0.000, 0.000018, 0.000008,0,0,0, 0.000030, 0.000024, 0.000021, 0.000012, 109.09, 0.533, 47.80, 0.377, 85.10, 0.282, 33.24, 0.210
14233,151850, 32.78, 0.00, 0.407, 0.000, 0.000018, 0.000005,0,0,0, 0.000030, 0.000012, 0.000020, 0.000012, 32.78, 0.407, 36.92, 0.379, 30.45, 0.297, 82.19, 0.264
14234,151861, 55.04, 0.00, 0.455, 0.000, 0.000020, 0.000016,0,0,0, 0.000030, 0.000022, 0.000025, 0.000014, 55.04, 0.455, 64.17, 0.355, 47.43, 0.301, 315.78, 0.215
14235,151872, 36.58, 0.00, 0.373, 0.000, 0.000019, 0.000011,0,0,0, 0.000030, 0.000019, 0.000020, 0.000013, 36.58, 0.373, 47.43, 0.277, 41.23, 0.221, 107.14, 0.170
14236,151882, 54.29, 0.00, 0.377, 0.000, 0.000019, 0.000008,0,0,0, 0.000030, 0.000023, 0.000021, 0.000014, 54.29, 0.377, 103.44, 0.333, 50.63, 0.280, 31.74, 0.196
14237,151893, 110.09, 0.00, 0.608, 0.000, 0.000018, 0.000005,0,0,0, 0.000030, 0.000017, 0.000020, 0.000012, 110.09, 0.608, 54.29, 0.592, 36.47, 0.572, 0.00, 0.000
14238,151904, 114.28, 0.00, 0.463, 0.000, 0.000020, 0.000027,0,0,0, 0.000030, 0.000009, 0.000026, 0.000008, 114.28, 0.463, 54.29, 0.384, 33.24, 0.335, 36.69, 0.327
14239,151914, 33.14, 0.00, 0.499, 0.000, 0.000019, 0.000019,0,0,0, 0.000030, 0.000030, 0.000023, 0.000010, 33.14, 0.499, 120.00, 0.369, 45.62, 0.198, 0.00, 0.000
14240,151925, 30.76, 0.00, 0.676, 0.000, 0.000021, 0.000018,0,0,0, 0.000030, 0.000016, 0.000026, 0.000012, 30.76, 0.676, 37.61, 0.393, 171.42, 0.176, 0.00, 0.000
14241,151936, 38.46, 0.00, 0.664, 0.000, 0.000021, 0.000012,0,0,0, 0.000030, 0.000020, 0.000025, 0.000013, 38.46, 0.664, 0.00, 0.000, 0.00, 0.000, 0.00, 0.000
14242,151946, 40.13, 0.00, 0.452, 0.000, 0.000019, 0.000008,0,0,0, 0.000030, 0.000012, 0.000020, 0.000010, 40.13, 0.452, 44.77, 0.385, 61.53, 0.023, 157.89, 0.016
14243,151957, 56.07, 0.00, 0.574, 0.000, 0.000020, 0.000010,0,0,0, 0.000030, 0.000022, 0.000024, 0.000014, 56.07, 0.574, 63.49, 0.307, 47.80, 0.056, 111.11, 0.045
14244,151968, 33.05, 0.00, 0.641, 0.000, 0.000020, 0.000010,0,0,0, 0.000030, 0.000025, 0.000023, 0.000013, 33.05, 0.641, 30.92, 0.627, 31.57, 0.625, 56.33, 0.315
14245,151978, 32.25, 0.00, 0.654, 0.000, 0.000020, 0.000007,0,0,0, 0.000030, 0.000021, 0.000021, 0.000013, 32.25, 0.654, 46.15, 0.409, 30.15, 0.350, 65.21, 0.175
14246,151989, 32.52, 0.00, 0.572, 0.000, 0.000020, 0.000012,0,0,0, 0.000030, 0.000026, 0.000023, 0.000012, 32.52, 0.572, 46.15, 0.504, 83.91, 0.145, 66.66, 0.126
14247,152000, 30.15, 0.00, 0.423, 0.000, 0.000019, 0.000008,0,0,0, 0.000030, 0.000017, 0.000019, 0.000013, 30.15, 0.423, 42.85, 0.393, 111.11, 0.306, 45.80, 0.260
14248,152010, 30.69, 0.00, 0.728, 0.000, 0.000019, 0.000005,0,0,0, 0.000030, 0.000022, 0.000021, 0.000013, 30.69, 0.728, 42.10, 0.664, 111.11, 0.393, 47.05, 0.275
14249,152021, 31.74, 0.00, 0.475, 0.000, 0.000019, 0.000007,0,0,0, 0.000030, 0.000018, 0.000021, 0.000012, 31.74, 0.475, 111.11, 0.459, 33.42, 0.425, 47.61, 0.249
14250,152032, 32.69, 0.00, 0.391, 0.000, 0.000019, 0.000011,0,0,0, 0.000030, 0.000023, 0.000023, 0.000013, 32.69, 0.391, 30.30, 0.348, 110.09, 0.320, 31.08, 0.299
14251,152042, 41.81, 0.00, 0.651, 0.000, 0.000020, 0.000014,0,0,0, 0.000030, 0.000023, 0.000024, 0.000012, 41.81, 0.651, 46.33, 0.634, 30.84, 0.582, 32.87, 0.277
14252,152053, 30.30, 0.00, 0.926, 0.000, 0.000019, 0.000010,0,0,0, 0.000030, 0.000018, 0.000020, 0.000012, 30.30, 0.926, 47.05, 0.424, 90.22, 0.261, 109.09, 0.240
14253,152064, 31.41, 0.00, 0.689, 0.000, 0.000020, 0.000010,0,0,0, 0.000030, 0.000022, 0.000023, 0.000014, 31.41, 0.689, 32.60, 0.649, 90.22, 0.483, 47.43, 0.457
14254,152074, 44.94, 0.00, 0.863, 0.000, 0.000019, 0.000007,0,0,0, 0.000030, 0.000015, 0.000020, 0.000011, 44.94, 0.863, 89.55, 0.566, 32.08, 0.462, 0.00, 0.000
14255,152085, 46.51, 0.00, 0.474, 0.000, 0.000020, 0.000011,0,0,0, 0.000030, 0.000023, 0.000024, 0.000014, 46.51, 0.474, 89.55, 0.443, 30.69, 0.438, 31.57, 0.393
14256,152096, 48.97, 0.00, 0.293, 0.000, 0.000018, 0.000008,0,0,0, 0.000030, 0.000004, 0.000016, 0.000007, 48.97, 0.293, 36.14, 0.252, 102.56, 0.252, 41.95, 0.243
14257,152106, 46.69, 0.00, 0.544, 0.000, 0.000020, 0.000019,0,0,0, 0.000030, 0.000023, 0.000026, 0.000014, 46.69, 0.544, 31.57, 0.446, 41.81, 0.286, 64.86, 0.280
14258,152117, 46.69, 0.00, 0.489, 0.000, 0.000020, 0.000013,0,0,0, 0.000030, 0.000020, 0.000023, 0.000012, 46.69, 0.489, 41.52, 0.489, 32.87, 0.450, 37.26, 0.343
14259,152128, 47.43, 0.00, 0.424, 0.000, 0.000020, 0.000009,0,0,0, 0.000030, 0.000018, 0.000023, 0.000012, 47.43, 0.424, 375.00, 0.338, 41.37, 0.309, 54.79, 0.155
14260,152138, 31.16, 0.00, 0.578, 0.000, 0.000020, 0.000008,0,0,0, 0.000030, 0.000023, 0.000022, 0.000013, 31.16, 0.578, 47.05, 0.557, 41.52, 0.419, 105.26, 0.314
14261,152149, 30.76, 0.00, 0.766, 0.000, 0.000019, 0.000005,0,0,0, 0.000030, 0.000017, 0.000020, 0.000012, 30.76, 0.766, 44.11, 0.522, 88.23, 0.420, 47.24, 0.398
14262,152160, 48.38, 0.00, 0.539, 0.000, 0.000020, 0.000015,0,0,0, 0.000030, 0.000028, 0.000023, 0.000012, 48.38, 0.539, 92.30, 0.406, 31.91, 0.377, 108.10, 0.350
14263,152170, 43.79, 0.00, 0.735, 0.000, 0.000019, 0.000010,0,0,0, 0.000030, 0.000014, 0.000020, 0.000012, 43.79, 0.735, 42.40, 0.701, 111.11, 0.201, 88.23, 0.163
14264,152181, 44.28, 0.00, 0.865, 0.000, 0.000019, 0.000009,0,0,0, 0.000030, 0.000028, 0.000023, 0.000011, 44.28, 0.865, 31.41, 0.401, 111.11, 0.056, 67.03, 0.053
14265,152192, 39.47, 0.00, 0.696, 0.000, 0.000019, 0.000011,0,0,0, 0.000030, 0.000014, 0.000023, 0.000012, 39.47, 0.696, 43.79, 0.483, 50.63, 0.118, 52.40, 0.113
14266,152202, 45.80, 0.00, 0.402, 0.000, 0.000021, 0.000011,0,0,0, 0.000030, 0.000025, 0.000024, 0.000013, 45.80, 0.402, 42.55, 0.367, 54.79, 0.333, 48.38, 0.332
14267,152213, 45.62, 0.00, 0.747, 0.000, 0.000019, 0.000008,0,0,0, 0.000030, 0.000014, 0.000020, 0.000012, 45.62, 0.747, 40.26, 0.340, 56.87, 0.204, 31.25, 0.036
14268,152224, 48.97, 0.00, 0.552, 0.000, 0.000020, 0.000009,0,0,0, 0.000030, 0.000023, 0.000024, 0.000014, 48.97, 0.552, 0.00, 0.000, 0.00, 0.000, 0.00, 0.000
14269,152234, 48.38, 0.00, 0.582, 0.000, 0.000019, 0.000006,0,0,0, 0.000030, 0.000018, 0.000019, 0.000013, 48.38, 0.582, 31.91, 0.484, 98.36, 0.299, 0.00, 0.000
14270,152245, 31.33, 0.00, 0.772, 0.000, 0.000019, 0.000008,0,0,0, 0.000030, 0.000016, 0.000022, 0.000012, 31.33, 0.772, 46.51, 0.572, 97.56, 0.527, 0.00, 0.000
14271,152256, 31.91, 0.00, 0.632, 0.000, 0.000020, 0.000017,0,0,0, 0.000030, 0.000028, 0.000024, 0.000012, 31.91, 0.632, 96.00, 0.547, 49.38, 0.413, 0.00, 0.000
14272,152266, 38.70, 0.00, 0.479, 0.000, 0.000019, 0.000012,0,0,0, 0.000000, 0.000000, 0.000023, 0.000010, 38.70, 0.479, 97.56, 0.143, 102.56, 0.139, 48.38, 0.036
14273,152277, 31.25, 0.00, 0.471, 0.000, 0.000021, 0.000014,0,0,0, 0.000030, 0.000025, 0.000025, 0.000015, 31.25, 0.471, 44.77, 0.344, 60.91, 0.247, 0.00, 0.000
14274,152288, 50.20, 0.00, 0.762, 0.000, 0.000019, 0.000013,0,0,0, 0.000030, 0.000006, 0.000023, 0.000007, 50.20, 0.762, 46.15, 0.708, 0.00, 0.000, 0.00, 0.000
14275,152298, 52.40, 0.00, 0.891, 0.000, 0.000020, 0.000012,0,0,0, 0.000030, 0.000021, 0.000025, 0.000015, 52.40, 0.891, 0.00, 0.000, 0.00, 0.000, 0.00, 0.000
14276,152309, 53.33, 0.00, 0.655, 0.000, 0.000020, 0.000008,0,0,0, 0.000030, 0.000024, 0.000022, 0.000014, 53.33, 0.655, 34.88, 0.128, 31.25, 0.109, 0.00, 0.000
14277,152320, 31.16, 0.00, 0.831, 0.000, 0.000019, 0.000010,0,0,0, 0.000030, 0.000009, 0.000022, 0.000010, 31.16, 0.831, 54.05, 0.396, 37.61, 0.069, 83.91, 0.062
14278,152330, 54.54, 0.00, 0.493, 0.000, 0.000020, 0.000014,0,0,0, 0.000030, 0.000025, 0.000023, 0.000013, 54.54, 0.493, 85.10, 0.008, 0.00, 0.000, 0.00, 0.000
14279,152341, 53.33, 0.00, 0.327, 0.000, 0.000019, 0.000010,0,0,0, 0.000030, 0.000018, 0.000021, 0.000013, 53.33, 0.327, 37.50, 0.286, 48.19, 0.150, 68.57, 0.082
14280,152352, 47.24, 0.00, 0.665, 0.000, 0.000020, 0.000017,0,0,0, 0.000030, 0.000026, 0.000024, 0.000012, 47.24, 0.665, 0.00, 0.000, 0.00, 0.000, 0.00, 0.000
14281,152362, 46.69, 0.00, 0.657, 0.000, 0.000018, 0.000012,0,0,0, 0.000000, 0.000000, 0.000014, 0.000006, 46.69, 0.657, 0.00, 0.000, 0.00, 0.000, 0.00, 0.000
14282,152373, 34.38, 0.00, 0.625, 0.000, 0.000021, 0.000024,0,0,0, 0.000030, 0.000019, 0.000026, 0.000012, 34.38, 0.625, 164.38, 0.141, 0.00, 0.000, 0.00, 0.000
14283,152384, 38.83, 0.00, 0.771, 0.000, 0.000019, 0.000017,0,0,0, 0.000030, 0.000011, 0.000020, 0.000010, 38.83, 0.771, 0.00, 0.000, 0.00, 0.000, 0.00, 0.000
14284,152394, 41.37, 0.00, 0.995, 0.000, 0.000021, 0.000026,0,0,0, 0.000030, 0.000011, 0.000026, 0.000009, 41.37, 0.995, 0.00, 0.000, 0.00, 0.000, 0.00, 0.000
14285,152405, 40.95, 0.00, 0.940, 0.000, 0.000020, 0.000018,0,0,0, 0.000030, 0.000020, 0.000021, 0.000013, 40.95, 0.940, 0.00, 0.000, 0.00, 0.000, 0.00, 0.000
14286,152416, 40.26, 0.00, 0.993, 0.000, 0.000018, 0.000012,0,0,0, 0.000000, 0.000000, 0.000006, 0.000002, 40.26, 0.993, 0.00, 0.000, 0.00, 0.000, 0.00, 0.000
14287,152426, 41.66, 0.00, 0.918, 0.000, 0.000021, 0.000019,0,0,0, 0.000030, 0.000022, 0.000026, 0.000015, 41.66, 0.918, 0.00, 0.000, 0.00, 0.000, 0.00, 0.000
14288,152437, 42.55, 0.00, 0.988, 0.000, 0.000018, 0.000013,0,0,0, 0.000030, 0.000001, 0.000010, 0.000004, 42.55, 0.988, 0.00, 0.000, 0.00, 0.000, 0.00, 0.000
14289,152448, 40.26, 0.00, 0.996, 0.000, 0.000021, 0.000023,0,0,0, 0.000030, 0.000022, 0.000026, 0.000012, 40.26, 0.996, 0.00, 0.000, 0.00, 0.000, 0.00, 0.000
14290,152458, 34.48, 0.00, 0.797, 0.000, 0.000021, 0.000016,0,0,0, 0.000030, 0.000019, 0.000024, 0.000012, 34.48, 0.797, 40.13, 0.617, 0.00, 0.000, 0.00, 0.000
14291,152469, 42.70, 0.00, 0.736, 0.000, 0.000021, 0.000014,0,0,0, 0.000030, 0.000019, 0.000025, 0.000011, 42.70, 0.736, 37.03, 0.543, 51.72, 0.128, 0.00, 0.000
14292,152480, 43.32, 0.00, 0.915, 0.000, 0.000021, 0.000010,0,0,0, 0.000030, 0.000021, 0.000024, 0.000012, 43.32, 0.915, 0.00, 0.000, 0.00, 0.000, 0.00, 0.000
14293,152490, 30.76, 0.00, 0.588, 0.000, 0.000020, 0.000007,0,0,0, 0.000030, 0.000019, 0.000021, 0.000013, 30.76, 0.588, 44.11, 0.530, 63.15, 0.025, 0.00, 0.000
14294,152501, 40.67, 0.00, 0.657, 0.000, 0.000020, 0.000008,0,0,0, 0.000030, 0.000026, 0.000022, 0.000013, 40.67, 0.657, 64.86, 0.103, 49.38, 0.051, 32.87, 0.027
14295,152512, 42.25, 0.00, 0.730, 0.000, 0.000019, 0.000006,0,0,0, 0.000030, 0.000018, 0.000019, 0.000013, 42.25, 0.730, 116.50, 0.273, 68.57, 0.125, 74.07, 0.059
14296,152522, 42.10, 0.00, 0.719, 0.000, 0.000019, 0.000007,0,0,0, 0.000030, 0.000026, 0.000022, 0.000011, 42.10, 0.719, 30.07, 0.430, 68.18, 0.245, 116.50, 0.201
14297,152533, 39.21, 0.00, 0.589, 0.000, 0.000020, 0.000015,0,0,0, 0.000030, 0.000014, 0.000025, 0.000012, 39.21, 0.589, 33.33, 0.320, 60.00, 0.062, 74.07, 0.036
14298,152544, 41.23, 0.00, 0.559, 0.000, 0.000021, 0.000017,0,0,0, 0.000030, 0.000021, 0.000026, 0.000012, 41.23, 0.559, 58.82, 0.115, 0.00, 0.000, 0.00, 0.000
14299,152554, 43.47, 0.00, 0.813, 0.000, 0.000021, 0.000012,0,0,0, 0.000030, 0.000019, 0.000024, 0.000012, 43.47, 0.813, 0.00, 0.000, 0.00, 0.000, 0.00, 0.000
14300,152565, 41.37, 0.00, 0.469, 0.000, 0.000020, 0.000008,0,0,0, 0.000030, 0.000023, 0.000021, 0.000014, 41.37, 0.469, 57.14, 0.059, 0.00, 0.000, 0.00, 0.000
14301,152576, 40.67, 0.00, 0.843, 0.000, 0.000021, 0.000016,0,0,0, 0.000030, 0.000024, 0.000025, 0.000012, 40.67, 0.843, 75.47, 0.248, 0.00, 0.000, 0.00, 0.000
14302,152586, 43.32, 0.00, 0.667, 0.000, 0.000020, 0.000011,0,0,0, 0.000030, 0.000018, 0.000019, 0.000012, 43.32, 0.667, 88.88, 0.344, 111.11, 0.185, 0.00, 0.000
14303,152597, 42.25, 0.00, 0.722, 0.000, 0.000021, 0.000014,0,0,0, 0.000030, 0.000027, 0.000024, 0.000013, 42.25, 0.722, 74.53, 0.286, 30.61, 0.106, 114.28, 0.034
14304,152608, 37.15, 0.00, 0.401, 0.000, 0.000021, 0.000014,0,0,0, 0.000030, 0.000013, 0.000024, 0.000013, 37.15, 0.401, 42.25, 0.311, 84.50, 0.121, 0.00, 0.000
14305,152618, 34.68, 0.00, 0.315, 0.000, 0.000019, 0.000009,0,0,0, 0.000030, 0.000030, 0.000017, 0.000007, 34.68, 0.315, 65.57, 0.310, 49.58, 0.164, 0.00, 0.000
14306,152629, 40.81, 0.00, 0.848, 0.000, 0.000021, 0.000016,0,0,0, 0.000030, 0.000013, 0.000026, 0.000012, 40.81, 0.848, 52.86, 0.275, 0.00, 0.000, 0.00, 0.000
14307,152640, 39.08, 0.00, 0.854, 0.000, 0.000021, 0.000011,0,0,0, 0.000030, 0.000024, 0.000025, 0.000013, 39.08, 0.854, 55.04, 0.070, 0.00, 0.000, 0.00, 0.000
14308,152650, 39.08, 0.00, 0.793, 0.000, 0.000021, 0.000010,0,0,0, 0.000030, 0.000022, 0.000024, 0.000012, 39.08, 0.793, 30.61, 0.198, 30.84, 0.189, 55.04, 0.054
14309,152661, 38.96, 0.00, 0.659, 0.000, 0.000019, 0.000007,0,0,0, 0.000030, 0.000004, 0.000017, 0.000005, 38.96, 0.659, 33.70, 0.507, 45.45, 0.046, 116.50, 0.033
14310,152672, 32.00, 0.00, 0.829, 0.000, 0.000021, 0.000015,0,0,0, 0.000030, 0.000026, 0.000026, 0.000015, 32.00, 0.829, 45.80, 0.254, 41.95, 0.120, 105.26, 0.076
14311,152682, 41.95, 0.00, 0.564, 0.000, 0.000021, 0.000011,0,0,0, 0.000030, 0.000017, 0.000023, 0.000013, 41.95, 0.564, 45.80, 0.409, 0.00, 0.000, 0.00, 0.000
14312,152693, 54.54, 0.00, 0.410, 0.000, 0.000020, 0.000007,0,0,0, 0.000030, 0.000020, 0.000021, 0.000013, 54.54, 0.410, 61.85, 0.379, 46.69, 0.375, 32.08, 0.170
14313,152704, 54.79, 0.00, 0.614, 0.000, 0.000020, 0.000007,0,0,0, 0.000030, 0.000024, 0.000023, 0.000012, 54.79, 0.614, 46.69, 0.134, 32.87, 0.131, 84.50, 0.040
14314,152714, 52.86, 0.00, 0.719, 0.000, 0.000020, 0.000014,0,0,0, 0.000030, 0.000020, 0.000024, 0.000012, 52.86, 0.719, 36.36, 0.119, 116.50, 0.001, 0.00, 0.000
14315,152725, 50.00, 0.00, 0.723, 0.000, 0.000020, 0.000014,0,0,0, 0.000030, 0.000028, 0.000024, 0.000011, 50.00, 0.723, 31.33, 0.424, 85.10, 0.076, 0.00, 0.000
14316,152736, 57.69, 0.00, 0.480, 0.000, 0.000020, 0.000010,0,0,0, 0.000030, 0.000014, 0.000024, 0.000014, 57.69, 0.480, 0.00, 0.000, 0.00, 0.000, 0.00, 0.000
14317,152746, 57.69, 0.00, 0.648, 0.000, 0.000020, 0.000010,0,0,0, 0.000030, 0.000024, 0.000023, 0.000013, 57.69, 0.648, 0.00, 0.000, 0.00, 0.000, 0.00, 0.000
14318,152757, 55.29, 0.00, 0.476, 0.000, 0.000019, 0.000007,0,0,0, 0.000030, 0.000020, 0.000020, 0.000013, 55.29, 0.476, 33.99, 0.132, 47.43, 0.077, 0.00, 0.000
14319,152768, 53.81, 0.00, 0.669, 0.000, 0.000019, 0.000007,0,0,0, 0.000030, 0.000020, 0.000022, 0.000013, 53.81, 0.669, 111.11, 0.162, 36.69, 0.062, 0.00, 0.000
14320,152778, 50.42, 0.00, 0.625, 0.000, 0.000019, 0.000007,0,0,0, 0.000030, 0.000028, 0.000022, 0.000011, 50.42, 0.625, 30.92, 0.556, 100.00, 0.267, 0.00, 0.000
14321,152789, 50.63, 0.00, 0.511, 0.000, 0.000019, 0.000010,0,0,0, 0.000030, 0.000016, 0.000024, 0.000013, 50.63, 0.511, 32.60, 0.344, 43.47, 0.095, 35.08, 0.081
14322,152800, 50.63, 0.00, 0.547, 0.000, 0.000020, 0.000010,0,0,0, 0.000030, 0.000023, 0.000022, 0.000013, 50.63, 0.547, 63.49, 0.271, 0.00, 0.000, 0.00, 0.000
14323,152810, 54.54, 0.00, 0.273, 0.000, 0.000019, 0.000007,0,0,0, 0.000030, 0.000022, 0.000021, 0.000012, 54.54, 0.273, 68.57, 0.236, 32.69, 0.162, 32.96, 0.161
14324,152821, 51.28, 0.00, 0.366, 0.000, 0.000019, 0.000013,0,0,0, 0.000030, 0.000021, 0.000023, 0.000012, 51.28, 0.366, 53.57, 0.319, 32.25, 0.105, 43.47, 0.095
14325,152832, 51.06, 0.00, 0.795, 0.000, 0.000019, 0.000009,0,0,0, 0.000030, 0.000028, 0.000022, 0.000010, 51.06, 0.795, 30.84, 0.485, 86.33, 0.086, 0.00, 0.000
14326,152842, 51.72, 0.00, 0.805, 0.000, 0.000020, 0.000016,0,0,0, 0.000030, 0.000020, 0.000025, 0.000013, 51.72, 0.805, 36.14, 0.126, 33.70, 0.022, 0.00, 0.000
14327,152853, 52.40, 0.00, 0.743, 0.000, 0.000021, 0.000014,0,0,0, 0.000030, 0.000026, 0.000024, 0.000012, 52.40, 0.743, 61.53, 0.392, 0.00, 0.000, 0.00, 0.000
14328,152864, 56.60, 0.00, 0.533, 0.000, 0.000020, 0.000010,0,0,0, 0.000030, 0.000015, 0.000022, 0.000012, 56.60, 0.533, 53.81, 0.498, 0.00, 0.000, 0.00, 0.000
14329,152874, 56.60, 0.00, 0.490, 0.000, 0.000019, 0.000007,0,0,0, 0.000030, 0.000021, 0.000021, 0.000013, 56.60, 0.490, 53.57, 0.473, 38.46, 0.010, 0.00, 0.000
14330,152885, 52.86, 0.00, 0.478, 0.000, 0.000019, 0.000005,0,0,0, 0.000030, 0.000027, 0.000021, 0.000010, 52.86, 0.478, 0.00, 0.000, 0.00, 0.000, 0.00, 0.000
14331,152896, 52.40, 0.00, 0.642, 0.000, 0.000020, 0.000017,0,0,0, 0.000030, 0.000019, 0.000025, 0.000012, 52.40, 0.642, 36.25, 0.058, 117.64, 0.010, 0.00, 0.000
14332,152906, 51.94, 0.00, 0.730, 0.000, 0.000021, 0.000014,0,0,0, 0.000030, 0.000027, 0.000024, 0.000012, 51.94, 0.730, 31.00, 0.525, 32.34, 0.448, 63.82, 0.288
14333,152917, 56.60, 0.00, 0.499, 0.000, 0.000020, 0.000010,0,0,0, 0.000030, 0.000014, 0.000022, 0.000013, 56.60, 0.499, 60.30, 0.485, 0.00, 0.000, 0.00, 0.000
14334,152928, 56.60, 0.00, 0.541, 0.000, 0.000020, 0.000007,0,0,0, 0.000030, 0.000021, 0.000021, 0.000013, 56.60, 0.541, 60.30, 0.515, 0.00, 0.000, 0.00, 0.000
14335,152938, 57.69, 0.00, 0.477, 0.000, 0.000019, 0.000006,0,0,0, 0.000030, 0.000026, 0.000022, 0.000011, 57.69, 0.477, 54.54, 0.463, 0.00, 0.000, 0.00, 0.000
14336,152949, 51.28, 0.00, 0.585, 0.000, 0.000020, 0.000015,0,0,0, 0.000030, 0.000019, 0.000024, 0.000012, 51.28, 0.585, 0.00, 0.000, 0.00, 0.000, 0.00, 0.000
14337,152960, 51.06, 0.00, 0.730, 0.000, 0.000020, 0.000015,0,0,0, 0.000030, 0.000028, 0.000024, 0.000012, 51.06, 0.730, 32.00, 0.509, 63.82, 0.162, 64.51, 0.162
14338,152970, 51.94, 0.00, 0.485, 0.000, 0.000019, 0.000010,0,0,0, 0.000000, 0.000000, 0.000021, 0.000009, 51.94, 0.485, 0.00, 0.000, 0.00, 0.000, 0.00, 0.000
14339,152981, 64.17, 0.00, 0.476, 0.000, 0.000016, 0.000007,0,0,0, 0.000000, 0.000000, 0.000001, 0.000000, 64.17, 0.476, 31.33, 0.175, 50.84, 0.086, 44.28, 0.085
14340,152992, 35.39, 0.00, 0.630, 0.000, 0.000020, 0.000021,0,0,0, 0.000030, 0.000021, 0.000027, 0.000015, 35.39, 0.630, 31.16, 0.610, 0.00, 0.000, 0.00, 0.000
14341,153002, 36.92, 0.00, 0.990, 0.000, 0.000018, 0.000015,0,0,0, 0.000030, 0.000002, 0.000013, 0.000003, 36.92, 0.990, 0.00, 0.000, 0.00, 0.000, 0.00, 0.000
14342,153013, 40.40, 0.00, 0.901, 0.000, 0.000020, 0.000021,0,0,0, 0.000030, 0.000022, 0.000026, 0.000014, 40.40, 0.901, 0.00, 0.000, 0.00, 0.000, 0.00, 0.000
14343,153024, 39.73, 0.00, 0.791, 0.000, 0.000021, 0.000016,0,0,0, 0.000030, 0.000013, 0.000025, 0.000011, 39.73, 0.791, 63.15, 0.126, 0.00, 0.000, 0.00, 0.000
14344,153034, 41.37, 0.00, 0.642, 0.000, 0.000020, 0.000011,0,0,0, 0.000030, 0.000021, 0.000022, 0.000013, 41.37, 0.642, 30.15, 0.335, 75.94, 0.156, 63.82, 0.132
14345,153045, 41.37, 0.00, 0.763, 0.000, 0.000020, 0.000008,0,0,0, 0.000030, 0.000018, 0.000022, 0.000013, 41.37, 0.763, 79.47, 0.334, 0.00, 0.000, 0.00, 0.000
14346,153056, 41.95, 0.00, 0.695, 0.000, 0.000020, 0.000005,0,0,0, 0.000030, 0.000021, 0.000021, 0.000013, 41.95, 0.695, 85.10, 0.619, 30.76, 0.405, 0.00, 0.000
14347,153066, 41.52, 0.00, 0.876, 0.000, 0.000019, 0.000008,0,0,0, 0.000030, 0.000020, 0.000022, 0.000012, 41.52, 0.876, 83.33, 0.772, 0.00, 0.000, 0.00, 0.000
14348,153077, 40.81, 0.00, 0.797, 0.000, 0.000019, 0.000005,0,0,0, 0.000030, 0.000019, 0.000022, 0.000013, 40.81, 0.797, 83.33, 0.795, 0.00, 0.000, 0.00, 0.000
14349,153088, 41.66, 0.00, 0.863, 0.000, 0.000020, 0.000009,0,0,0, 0.000030, 0.000023, 0.000023, 0.000014, 41.66, 0.863, 83.91, 0.738, 0.00, 0.000, 0.00, 0.000
14350,153098, 41.37, 0.00, 0.883, 0.000, 0.000020, 0.000006,0,0,0, 0.000030, 0.000021, 0.000022, 0.000013, 41.37, 0.883, 82.75, 0.730, 0.00, 0.000, 0.00, 0.000
14351,153109, 41.52, 0.00, 0.855, 0.000, 0.000019, 0.000007,0,0,0, 0.000030, 0.000022, 0.000022, 0.000012, 41.52, 0.855, 83.33, 0.754, 0.00, 0.000, 0.00, 0.000
14352,153120, 41.81, 0.00, 0.979, 0.000, 0.000020, 0.000008,0,0,0, 0.000030, 0.000020, 0.000022, 0.000014, 41.81, 0.979, 82.75, 0.831, 0.00, 0.000, 0.00, 0.000
14353,153130, 41.66, 0.00, 0.987, 0.000, 0.000019, 0.000005,0,0,0, 0.000030, 0.000020, 0.000021, 0.000013, 41.66, 0.987, 85.10, 0.867, 0.00, 0.000, 0.00, 0.000
14354,153141, 41.09, 0.00, 0.855, 0.000, 0.000020, 0.000010,0,0,0, 0.000030, 0.000021, 0.000023, 0.000013, 41.09, 0.855, 78.94, 0.833, 0.00, 0.000, 0.00, 0.000
14355,153152, 41.37, 0.00, 0.888, 0.000, 0.000020, 0.000007,0,0,0, 0.000030, 0.000020, 0.000021, 0.000013, 41.37, 0.888, 86.33, 0.714, 0.00, 0.000, 0.00, 0.000
14356,153162, 41.81, 0.00, 0.965, 0.000, 0.000020, 0.000009,0,0,0, 0.000030, 0.000022, 0.000023, 0.000013, 41.81, 0.965, 77.41, 0.698, 0.00, 0.000, 0.00, 0.000
14357,153173, 41.52, 0.00, 0.936, 0.000, 0.000019, 0.000006,0,0,0, 0.000030, 0.000021, 0.000021, 0.000013, 41.52, 0.936, 88.23, 0.735, 0.00, 0.000, 0.00, 0.000
14358,153184, 41.52, 0.00, 0.957, 0.000, 0.000020, 0.000010,0,0,0, 0.000030, 0.000024, 0.000022, 0.000013, 41.52, 0.957, 80.00, 0.780, 0.00, 0.000, 0.00, 0.000
14359,153194, 41.95, 0.00, 0.981, 0.000, 0.000020, 0.000007,0,0,0, 0.000030, 0.000022, 0.000021, 0.000013, 41.95, 0.981, 85.71, 0.845, 0.00, 0.000, 0.00, 0.000
14360,153205, 41.66, 0.00, 0.957, 0.000, 0.000019, 0.000005,0,0,0, 0.000030, 0.000023, 0.000021, 0.000012, 41.66, 0.957, 83.91, 0.855, 0.00, 0.000, 0.00, 0.000
14361,153216, 41.09, 0.00, 0.903, 0.000, 0.000020, 0.000010,0,0,0, 0.000030, 0.000022, 0.000023, 0.000014, 41.09, 0.903, 80.53, 0.812, 0.00, 0.000, 0.00, 0.000
14362,153226, 41.37, 0.00, 0.982, 0.000, 0.000020, 0.000007,0,0,0, 0.000030, 0.000020, 0.000021, 0.000014, 41.37, 0.982, 85.10, 0.733, 0.00, 0.000, 0.00, 0.000
14363,153237, 41.52, 0.00, 0.985, 0.000, 0.000020, 0.000010,0,0,0, 0.000030, 0.000022, 0.000023, 0.000013, 41.52, 0.985, 80.00, 0.730, 0.00, 0.000, 0.00, 0.000
14364,153248, 41.23, 0.00, 0.956, 0.000, 0.000020, 0.000007,0,0,0, 0.000030, 0.000020, 0.000022, 0.000013, 41.23, 0.956, 86.95, 0.705, 0.00, 0.000, 0.00, 0.000
14365,153258, 41.23, 0.00, 0.972, 0.000, 0.000020, 0.000011,0,0,0, 0.000030, 0.000024, 0.000023, 0.000013, 41.23, 0.972, 78.94, 0.745, 0.00, 0.000, 0.00, 0.000
14366,153269, 41.81, 0.00, 0.991, 0.000, 0.000020, 0.000007,0,0,0, 0.000030, 0.000022, 0.000022, 0.000013, 41.81, 0.991, 86.33, 0.780, 0.00, 0.000, 0.00, 0.000
14367,153280, 41.37, 0.00, 0.963, 0.000, 0.000020, 0.000012,0,0,0, 0.000030, 0.000025, 0.000023, 0.000012, 41.37, 0.963, 81.63, 0.754, 0.00, 0.000, 0.00, 0.000
14368,153290, 41.52, 0.00, 0.971, 0.000, 0.000020, 0.000009,0,0,0, 0.000030, 0.000022, 0.000022, 0.000014, 41.52, 0.971, 83.33, 0.757, 0.00, 0.000, 0.00, 0.000
14369,153301, 41.52, 0.00, 0.995, 0.000, 0.000019, 0.000006,0,0,0, 0.000030, 0.000022, 0.000021, 0.000013, 41.52, 0.995, 83.91, 0.777, 0.00, 0.000, 0.00, 0.000
14370,153312, 41.37, 0.00, 0.996, 0.000, 0.000020, 0.000010,0,0,0, 0.000030, 0.000023, 0.000023, 0.000013, 41.37, 0.996, 82.19, 0.759, 0.00, 0.000, 0.00, 0.000
14371,153322, 41.09, 0.00, 0.991, 0.000, 0.000020, 0.000007,0,0,0, 0.000030, 0.000020, 0.000022, 0.000014, 41.09, 0.991, 83.33, 0.776, 0.00, 0.000, 0.00, 0.000
14372,153333, 41.37, 0.00, 0.982, 0.000, 0.000020, 0.000010,0,0,0, 0.000030, 0.000023, 0.000023, 0.000013, 41.37, 0.982, 82.19, 0.763, 0.00, 0.000, 0.00, 0.000
14373,153344, 41.66, 0.00, 0.991, 0.000, 0.000020, 0.000007,0,0,0, 0.000030, 0.000020, 0.000022, 0.000012, 41.66, 0.991, 83.91, 0.722, 0.00, 0.000, 0.00, 0.000
14374,153354, 41.52, 0.00, 0.985, 0.000, 0.000020, 0.000010,0,0,0, 0.000030, 0.000025, 0.000023, 0.000014, 41.52, 0.985, 81.63, 0.702, 0.00, 0.000, 0.00, 0.000
14375,153365, 41.52, 0.00, 0.993, 0.000, 0.000020, 0.000007,0,0,0, 0.000030, 0.000022, 0.000022, 0.000013, 41.52, 0.993, 83.91, 0.676, 0.00, 0.000, 0.00, 0.000
14376,153376, 41.66, 0.00, 0.999, 0.000, 0.000019, 0.000006,0,0,0, 0.000030, 0.000025, 0.000021, 0.000011, 41.66, 0.999, 82.75, 0.673, 0.00, 0.000, 0.00, 0.000
14377,153386, 41.52, 0.00, 0.972, 0.000, 0.000019, 0.000008,0,0,0, 0.000030, 0.000022, 0.000023, 0.000013, 41.52, 0.972, 83.33, 0.758, 0.00, 0.000, 0.00, 0.000
14378,153397, 41.23, 0.00, 0.989, 0.000, 0.000020, 0.000005,0,0,0, 0.000030, 0.000020, 0.000022, 0.000014, 41.23, 0.989, 82.19, 0.791, 0.00, 0.000, 0.00, 0.000
14379,153408, 41.23, 0.00, 0.980, 0.000, 0.000020, 0.000009,0,0,0, 0.000030, 0.000023, 0.000023, 0.000013, 41.23, 0.980, 82.75, 0.779, 0.00, 0.000, 0.00, 0.000
14380,153418, 41.37, 0.00, 0.987, 0.000, 0.000020, 0.000006,0,0,0, 0.000030, 0.000019, 0.000022, 0.000013, 41.37, 0.987, 82.19, 0.751, 0.00, 0.000, 0.00, 0.000
14381,153429, 41.23, 0.00, 0.993, 0.000, 0.000020, 0.000009,0,0,0, 0.000030, 0.000023, 0.000023, 0.000013, 41.23, 0.993, 79.47, 0.657, 82.75, 0.652, 0.00, 0.000
14382,153440, 41.37, 0.00, 0.986, 0.000, 0.000020, 0.000006,0,0,0, 0.000030, 0.000021, 0.000022, 0.000013, 41.37, 0.986, 85.10, 0.651, 0.00, 0.000, 0.00, 0.000
14383,153450, 41.66, 0.00, 0.998, 0.000, 0.000020, 0.000009,0,0,0, 0.000030, 0.000024, 0.000023, 0.000014, 41.66, 0.998, 81.08, 0.658, 0.00, 0.000, 0.00, 0.000
14384,153461, 41.52, 0.00, 0.984, 0.000, 0.000020, 0.000008,0,0,0, 0.000030, 0.000022, 0.000022, 0.000013, 41.52, 0.984, 85.10, 0.678, 0.00, 0.000, 0.00, 0.000
14385,153472, 41.23, 0.00, 0.998, 0.000, 0.000019, 0.000006,0,0,0, 0.000030, 0.000024, 0.000022, 0.000012, 41.23, 0.998, 80.00, 0.702, 0.00, 0.000, 0.00, 0.000
14386,153482, 41.37, 0.00, 0.988, 0.000, 0.000019, 0.000007,0,0,0, 0.000030, 0.000023, 0.000022, 0.000013, 41.37, 0.988, 85.10, 0.742, 0.00, 0.000, 0.00, 0.000
14387,153493, 41.52, 0.00, 0.986, 0.000, 0.000020, 0.000007,0,0,0, 0.000030, 0.000018, 0.000022, 0.000014, 41.52, 0.986, 80.00, 0.717, 0.00, 0.000, 0.00, 0.000
14388,153504, 41.23, 0.00, 0.999, 0.000, 0.000020, 0.000007,0,0,0, 0.000030, 0.000023, 0.000022, 0.000013, 41.23, 0.999, 86.33, 0.705, 0.00, 0.000, 0.00, 0.000
14389,153514, 41.23, 0.00, 0.992, 0.000, 0.000020, 0.000007,0,0,0, 0.000030, 0.000018, 0.000022, 0.000013, 41.23, 0.992, 79.47, 0.681, 0.00, 0.000, 0.00, 0.000
14390,153525, 41.37, 0.00, 0.973, 0.000, 0.000020, 0.000007,0,0,0, 0.000030, 0.000022, 0.000022, 0.000013, 41.37, 0.973, 78.94, 0.661, 0.00, 0.000, 0.00, 0.000
14391,153536, 41.52, 0.00, 0.988, 0.000, 0.000020, 0.000008,0,0,0, 0.000030, 0.000022, 0.000022, 0.000013, 41.52, 0.988, 87.59, 0.698, 0.00, 0.000, 0.00, 0.000
14392,153546, 41.37, 0.00, 0.997, 0.000, 0.000020, 0.000008,0,0,0, 0.000030, 0.000024, 0.000022, 0.000013, 41.37, 0.997, 77.92, 0.702, 0.00, 0.000, 0.00, 0.000
14393,153557, 41.66, 0.00, 0.991, 0.000, 0.000020, 0.000008,0,0,0, 0.000030, 0.000022, 0.000022, 0.000013, 41.66, 0.991, 90.22, 0.707, 0.00, 0.000, 0.00, 0.000
14394,153568, 41.52, 0.00, 0.983, 0.000, 0.000020, 0.000007,0,0,0, 0.000030, 0.000022, 0.000022, 0.000012, 41.52, 0.983, 77.92, 0.699, 0.00, 0.000, 0.00, 0.000
14395,153578, 41.23, 0.00, 0.997, 0.000, 0.000019, 0.000005,0,0,0, 0.000030, 0.000023, 0.000022, 0.000013, 41.23, 0.997, 88.88, 0.686, 0.00, 0.000, 0.00, 0.000
14396,153589, 41.37, 0.00, 0.994, 0.000, 0.000020, 0.000008,0,0,0, 0.000030, 0.000017, 0.000022, 0.000014, 41.37, 0.994, 77.41, 0.680, 0.00, 0.000, 0.00, 0.000
14397,153600, 41.37, 0.00, 0.999, 0.000, 0.000020, 0.000006,0,0,0, 0.000030, 0.000023, 0.000022, 0.000013, 41.37, 0.999, 87.59, 0.691, 0.00, 0.000, 0.00, 0.000
14398,153610, 41.23, 0.00, 0.958, 0.000, 0.000019, 0.000008,0,0,0, 0.000030, 0.000018, 0.000022, 0.000012, 41.23, 0.958, 77.92, 0.650, 88.88, 0.619, 0.00, 0.000
14399,153621, 41.09, 0.00, 0.966, 0.000, 0.000020, 0.000006,0,0,0, 0.000030, 0.000023, 0.000022, 0.000014, 41.09, 0.966, 76.43, 0.716, 0.00, 0.000, 0.00, 0.000
14400,153632, 41.66, 0.00, 0.968, 0.000, 0.000020, 0.000008,0,0,0, 0.000030, 0.000022, 0.000022, 0.000013, 41.66, 0.968, 90.22, 0.713, 0.00, 0.000, 0.00, 0.000
14401,153642, 41.66, 0.00, 0.963, 0.000, 0.000020, 0.000007,0,0,0, 0.000030, 0.000023, 0.000022, 0.000013, 41.66, 0.963, 76.92, 0.662, 0.00, 0.000, 0.00, 0.000
14402,153653, 41.23, 0.00, 0.984, 0.000, 0.000020, 0.000009,0,0,0, 0.000030, 0.000023, 0.000022, 0.000013, 41.23, 0.984, 90.90, 0.686, 0.00, 0.000, 0.00, 0.000
14403,153664, 41.23, 0.00, 0.989, 0.000, 0.000020, 0.000007,0,0,0, 0.000030, 0.000020, 0.000022, 0.000013, 41.23, 0.989, 76.92, 0.692, 0.00, 0.000, 0.00, 0.000
14404,153674, 41.23, 0.00, 0.996, 0.000, 0.000019, 0.000005,0,0,0, 0.000030, 0.000022, 0.000022, 0.000013, 41.23, 0.996, 89.55, 0.711, 0.00, 0.000, 0.00, 0.000
14405,153685, 40.95, 0.00, 0.896, 0.000, 0.000020, 0.000010,0,0,0, 0.000030, 0.000020, 0.000023, 0.000013, 40.95, 0.896, 76.43, 0.768, 0.00, 0.000, 0.00, 0.000
14406,153696, 41.23, 0.00, 0.976, 0.000, 0.000020, 0.000007,0,0,0, 0.000030, 0.000023, 0.000022, 0.000013, 41.23, 0.976, 82.75, 0.778, 0.00, 0.000, 0.00, 0.000
14407,153706, 41.52, 0.00, 0.989, 0.000, 0.000020, 0.000011,0,0,0, 0.000030, 0.000021, 0.000023, 0.000012, 41.52, 0.989, 82.75, 0.801, 0.00, 0.000, 0.00, 0.000
14408,153717, 41.52, 0.00, 0.995, 0.000, 0.000020, 0.000008,0,0,0, 0.000030, 0.000023, 0.000022, 0.000014, 41.52, 0.995, 82.19, 0.813, 0.00, 0.000, 0.00, 0.000
14409,153728, 41.52, 0.00, 0.991, 0.000, 0.000020, 0.000011,0,0,0, 0.000030, 0.000024, 0.000023, 0.000013, 41.52, 0.991, 85.10, 0.816, 0.00, 0.000, 0.00, 0.000
14410,153738, 41.66, 0.00, 0.968, 0.000, 0.000020, 0.000008,0,0,0, 0.000030, 0.000022, 0.000021, 0.000013, 41.66, 0.968, 82.75, 0.814, 0.00, 0.000, 0.00, 0.000
14411,153749, 42.10, 0.00, 0.930, 0.000, 0.000019, 0.000005,0,0,0, 0.000030, 0.000025, 0.000019, 0.000011, 42.10, 0.930, 85.10, 0.742, 0.00, 0.000, 0.00, 0.000
14412,153760, 39.60, 0.00, 0.583, 0.000, 0.000019, 0.000013,0,0,0, 0.000030, 0.000010, 0.000024, 0.000012, 39.60, 0.583, 76.92, 0.538, 0.00, 0.000, 0.00, 0.000
14413,153770, 32.00, 0.00, 0.780, 0.000, 0.000021, 0.000017,0,0,0, 0.000030, 0.000020, 0.000026, 0.000013, 32.00, 0.780, 45.11, 0.270, 56.33, 0.081, 96.77, 0.051
14414,153781, 32.52, 0.00, 0.531, 0.000, 0.000020, 0.000012,0,0,0, 0.000030, 0.000017, 0.000020, 0.000012, 32.52, 0.531, 55.81, 0.391, 45.28, 0.147, 0.00, 0.000
14415,153792, 50.84, 0.00, 0.417, 0.000, 0.000019, 0.000008,0,0,0, 0.000030, 0.000024, 0.000022, 0.000013, 50.84, 0.417, 40.54, 0.143, 44.44, 0.126, 38.96, 0.064
14416,153802, 32.87, 0.00, 0.778, 0.000, 0.000019, 0.000008,0,0,0, 0.000030, 0.000021, 0.000022, 0.000013, 32.87, 0.778, 46.87, 0.513, 44.94, 0.489, 97.56, 0.303
14417,153813, 43.01, 0.00, 0.568, 0.000, 0.000020, 0.000011,0,0,0, 0.000030, 0.000018, 0.000023, 0.000013, 43.01, 0.568, 90.90, 0.453, 0.00, 0.000, 0.00, 0.000
14418,153824, 32.60, 0.00, 0.634, 0.000, 0.000019, 0.000007,0,0,0, 0.000030, 0.000020, 0.000021, 0.000013, 32.60, 0.634, 49.58, 0.608, 97.56, 0.312, 0.00, 0.000
14419,153834, 50.20, 0.00, 0.625, 0.000, 0.000020, 0.000011,0,0,0, 0.000030, 0.000023, 0.000023, 0.000013, 50.20, 0.625, 32.60, 0.191, 93.75, 0.158, 30.30, 0.117
14420,153845, 53.09, 0.00, 0.525, 0.000, 0.000021, 0.000016,0,0,0, 0.000030, 0.000022, 0.000025, 0.000012, 53.09, 0.525, 33.80, 0.260, 41.52, 0.029, 95.23, 0.019
14421,153856, 46.51, 0.00, 0.494, 0.000, 0.000020, 0.000011,0,0,0, 0.000030, 0.000021, 0.000024, 0.000013, 46.51, 0.494, 44.44, 0.491, 56.33, 0.326, 0.00, 0.000
14422,153866, 42.70, 0.00, 0.541, 0.000, 0.000020, 0.000008,0,0,0, 0.000030, 0.000018, 0.000023, 0.000011, 42.70, 0.541, 55.29, 0.406, 50.63, 0.383, 33.05, 0.061
14423,153877, 51.94, 0.00, 0.694, 0.000, 0.000020, 0.000008,0,0,0, 0.000030, 0.000021, 0.000023, 0.000014, 51.94, 0.694, 32.34, 0.183, 43.63, 0.169, 40.95, 0.097
14424,153888, 41.09, 0.00, 0.493, 0.000, 0.000019, 0.000006,0,0,0, 0.000030, 0.000018, 0.000019, 0.000013, 41.09, 0.493, 33.33, 0.445, 52.40, 0.236, 162.16, 0.148
14425,153898, 43.32, 0.00, 0.579, 0.000, 0.000019, 0.000007,0,0,0, 0.000030, 0.000020, 0.000022, 0.000013, 43.32, 0.579, 88.88, 0.472, 0.00, 0.000, 0.00, 0.000
14426,153909, 32.69, 0.00, 0.685, 0.000, 0.000020, 0.000014,0,0,0, 0.000030, 0.000026, 0.000023, 0.000013, 32.69, 0.685, 92.30, 0.516, 41.23, 0.365, 47.80, 0.191
14427,153920, 32.87, 0.00, 0.784, 0.000, 0.000019, 0.000010,0,0,0, 0.000030, 0.000019, 0.000021, 0.000012, 32.87, 0.784, 93.02, 0.521, 50.63, 0.387, 41.09, 0.002
14428,153930, 32.17, 0.00, 0.554, 0.000, 0.000019, 0.000007,0,0,0, 0.000030, 0.000022, 0.000022, 0.000014, 32.17, 0.554, 53.57, 0.402, 83.33, 0.388, 155.84, 0.097
14429,153941, 43.16, 0.00, 0.699, 0.000, 0.000019, 0.000008,0,0,0, 0.000030, 0.000016, 0.000021, 0.000013, 43.16, 0.699, 83.33, 0.497, 34.09, 0.445, 55.81, 0.433
14430,153952, 82.75, 0.00, 0.592, 0.000, 0.000020, 0.000013,0,0,0, 0.000030, 0.000024, 0.000023, 0.000013, 82.75, 0.592, 43.01, 0.521, 55.55, 0.436, 32.87, 0.211
14431,153962, 32.60, 0.00, 0.620, 0.000, 0.000019, 0.000009,0,0,0, 0.000030, 0.000023, 0.000019, 0.000013, 32.60, 0.620, 40.40, 0.476, 81.08, 0.475, 52.86, 0.422
14432,153973, 51.72, 0.00, 0.558, 0.000, 0.000019, 0.000006,0,0,0, 0.000030, 0.000017, 0.000021, 0.000012, 51.72, 0.558, 32.17, 0.515, 80.53, 0.256, 40.95, 0.152
14433,153984, 56.07, 0.00, 0.519, 0.000, 0.000020, 0.000012,0,0,0, 0.000030, 0.000023, 0.000024, 0.000014, 56.07, 0.519, 44.11, 0.361, 83.33, 0.300, 32.17, 0.260
14434,153994, 56.60, 0.00, 0.573, 0.000, 0.000018, 0.000008,0,0,0, 0.000030, 0.000007, 0.000017, 0.000008, 56.60, 0.573, 42.10, 0.441, 34.68, 0.439, 187.50, 0.294
14435,154005, 54.29, 0.00, 0.656, 0.000, 0.000021, 0.000014,0,0,0, 0.000030, 0.000026, 0.000025, 0.000015, 54.29, 0.656, 42.85, 0.251, 32.00, 0.236, 80.53, 0.186
14436,154016, 32.69, 0.00, 0.667, 0.000, 0.000020, 0.000010,0,0,0, 0.000030, 0.000024, 0.000020, 0.000013, 32.69, 0.667, 54.54, 0.346, 40.81, 0.310, 82.19, 0.221
14437,154026, 54.54, 0.00, 0.420, 0.000, 0.000019, 0.000007,0,0,0, 0.000030, 0.000020, 0.000020, 0.000013, 54.54, 0.420, 32.87, 0.353, 83.91, 0.302, 176.47, 0.089
14438,154037, 83.91, 0.00, 0.508, 0.000, 0.000019, 0.000007,0,0,0, 0.000030, 0.000024, 0.000021, 0.000013, 83.91, 0.508, 32.00, 0.468, 54.54, 0.378, 41.81, 0.296
14439,154048, 41.52, 0.00, 0.469, 0.000, 0.000018, 0.000005,0,0,0, 0.000030, 0.000011, 0.000020, 0.000010, 41.52, 0.469, 54.79, 0.448, 34.18, 0.419, 169.01, 0.288
14440,154058, 55.04, 0.00, 0.613, 0.000, 0.000020, 0.000015,0,0,0, 0.000030, 0.000025, 0.000025, 0.000014, 55.04, 0.613, 43.47, 0.344, 83.91, 0.173, 33.70, 0.159
14441,154069, 55.81, 0.00, 0.581, 0.000, 0.000019, 0.000010,0,0,0, 0.000030, 0.000020, 0.000020, 0.000013, 55.81, 0.581, 32.52, 0.392, 41.52, 0.361, 164.38, 0.193
14442,154080, 55.81, 0.00, 0.673, 0.000, 0.000019, 0.000008,0,0,0, 0.000030, 0.000022, 0.000022, 0.000013, 55.81, 0.673, 33.14, 0.298, 81.63, 0.285, 42.25, 0.222
14443,154090, 32.69, 0.00, 0.877, 0.000, 0.000020, 0.000017,0,0,0, 0.000030, 0.000025, 0.000024, 0.000012, 32.69, 0.877, 82.19, 0.530, 55.04, 0.454, 166.66, 0.141
14444,154101, 83.33, 0.00, 0.471, 0.000, 0.000019, 0.000012,0,0,0, 0.000030, 0.000016, 0.000020, 0.000011, 83.33, 0.471, 32.78, 0.414, 54.54, 0.372, 40.95, 0.353
14445,154112, 41.95, 0.00, 0.351, 0.000, 0.000020, 0.000013,0,0,0, 0.000030, 0.000028, 0.000024, 0.000012, 41.95, 0.351, 84.50, 0.330, 50.84, 0.259, 31.66, 0.194
14446,154122, 42.25, 0.00, 0.831, 0.000, 0.000020, 0.000009,0,0,0, 0.000030, 0.000016, 0.000024, 0.000013, 42.25, 0.831, 34.18, 0.316, 85.10, 0.107, 55.81, 0.078
14447,154133, 56.87, 0.00, 0.420, 0.000, 0.000019, 0.000006,0,0,0, 0.000030, 0.000018, 0.000020, 0.000013, 56.87, 0.420, 43.79, 0.412, 85.71, 0.193, 0.00, 0.000
14448,154144, 45.97, 0.00, 0.499, 0.000, 0.000019, 0.000010,0,0,0, 0.000030, 0.000016, 0.000023, 0.000011, 45.97, 0.499, 87.59, 0.442, 58.53, 0.049, 0.00, 0.000
14449,154154, 47.24, 0.00, 0.697, 0.000, 0.000019, 0.000008,0,0,0, 0.000030, 0.000018, 0.000022, 0.000013, 47.24, 0.697, 96.00, 0.633, 32.08, 0.485, 0.00, 0.000
14450,154165, 48.00, 0.00, 0.826, 0.000, 0.000020, 0.000009,0,0,0, 0.000030, 0.000022, 0.000023, 0.000014, 48.00, 0.826, 31.25, 0.729, 93.02, 0.722, 0.00, 0.000
14451,154176, 32.25, 0.00, 0.962, 0.000, 0.000019, 0.000006,0,0,0, 0.000030, 0.000018, 0.000020, 0.000012, 32.25, 0.962, 46.69, 0.798, 95.23, 0.683, 0.00, 0.000
14452,154186, 31.25, 0.00, 0.912, 0.000, 0.000019, 0.000009,0,0,0, 0.000030, 0.000020, 0.000022, 0.000013, 31.25, 0.912, 47.24, 0.877, 93.02, 0.739, 0.00, 0.000
14453,154197, 31.41, 0.00, 0.859, 0.000, 0.000019, 0.000007,0,0,0, 0.000030, 0.000020, 0.000022, 0.000013, 31.41, 0.859, 47.24, 0.821, 92.30, 0.819, 0.00, 0.000
14454,154208, 30.92, 0.00, 0.933, 0.000, 0.000019, 0.000007,0,0,0, 0.000030, 0.000019, 0.000022, 0.000013, 30.92, 0.933, 91.60, 0.911, 45.97, 0.879, 0.00, 0.000
14455,154218, 30.69, 0.00, 0.984, 0.000, 0.000019, 0.000008,0,0,0, 0.000030, 0.000019, 0.000023, 0.000013, 30.69, 0.984, 91.60, 0.964, 46.15, 0.957, 0.00, 0.000
14456,154229, 31.49, 0.00, 0.964, 0.000, 0.000019, 0.000006,0,0,0, 0.000030, 0.000019, 0.000021, 0.000013, 31.49, 0.964, 47.05, 0.933, 94.48, 0.924, 0.00, 0.000
14457,154240, 31.66, 0.00, 0.991, 0.000, 0.000019, 0.000008,0,0,0, 0.000030, 0.000018, 0.000022, 0.000013, 31.66, 0.991, 47.80, 0.973, 94.48, 0.940, 0.00, 0.000
14458,154250, 31.74, 0.00, 0.989, 0.000, 0.000019, 0.000008,0,0,0, 0.000030, 0.000019, 0.000023, 0.000013, 31.74, 0.989, 95.23, 0.946, 47.43, 0.933, 0.00, 0.000
14459,154261, 93.02, 0.00, 0.895, 0.000, 0.000019, 0.000008,0,0,0, 0.000030, 0.000022, 0.000022, 0.000014, 93.02, 0.895, 46.69, 0.847, 30.84, 0.771, 0.00, 0.000
14460,154272, 30.69, 0.00, 0.896, 0.000, 0.000019, 0.000005,0,0,0, 0.000030, 0.000020, 0.000020, 0.000013, 30.69, 0.896, 92.30, 0.856, 45.80, 0.829, 0.00, 0.000
14461,154282, 31.25, 0.00, 0.977, 0.000, 0.000018, 0.000005,0,0,0, 0.000030, 0.000018, 0.000021, 0.000013, 31.25, 0.977, 94.48, 0.784, 46.33, 0.748, 0.00, 0.000
14462,154293, 96.00, 0.00, 0.884, 0.000, 0.000019, 0.000009,0,0,0, 0.000030, 0.000019, 0.000022, 0.000013, 96.00, 0.884, 48.38, 0.821, 31.91, 0.796, 0.00, 0.000
14463,154304, 31.74, 0.00, 0.929, 0.000, 0.000019, 0.000008,0,0,0, 0.000030, 0.000019, 0.000022, 0.000013, 31.74, 0.929, 95.23, 0.897, 47.61, 0.867, 0.00, 0.000
14464,154314, 31.00, 0.00, 0.989, 0.000, 0.000019, 0.000009,0,0,0, 0.000030, 0.000018, 0.000023, 0.000013, 31.00, 0.989, 92.30, 0.957, 46.51, 0.948, 0.00, 0.000
14465,154325, 93.02, 0.00, 0.933, 0.000, 0.000019, 0.000008,0,0,0, 0.000030, 0.000017, 0.000023, 0.000012, 93.02, 0.933, 46.51, 0.903, 31.08, 0.879, 0.00, 0.000
14466,154336, 31.25, 0.00, 0.987, 0.000, 0.000020, 0.000009,0,0,0, 0.000030, 0.000019, 0.000023, 0.000013, 31.25, 0.987, 47.43, 0.937, 93.75, 0.909, 0.00, 0.000
14467,154346, 31.41, 0.00, 0.930, 0.000, 0.000019, 0.000006,0,0,0, 0.000030, 0.000020, 0.000022, 0.000013, 31.41, 0.930, 94.48, 0.918, 47.24, 0.894, 0.00, 0.000
14468,154357, 93.02, 0.00, 0.952, 0.000, 0.000019, 0.000005,0,0,0, 0.000030, 0.000021, 0.000022, 0.000013, 93.02, 0.952, 46.51, 0.882, 31.25, 0.775, 0.00, 0.000
14469,154368, 30.92, 0.00, 0.995, 0.000, 0.000019, 0.000004,0,0,0, 0.000030, 0.000019, 0.000021, 0.000013, 30.92, 0.995, 93.02, 0.962, 46.33, 0.953, 0.00, 0.000
14470,154378, 94.48, 0.00, 0.921, 0.000, 0.000019, 0.000007,0,0,0, 0.000030, 0.000018, 0.000022, 0.000012, 94.48, 0.921, 46.69, 0.893, 31.41, 0.883, 0.00, 0.000
14471,154389, 94.48, 0.00, 0.913, 0.000, 0.000019, 0.000011,0,0,0, 0.000030, 0.000017, 0.000023, 0.000012, 94.48, 0.913, 47.24, 0.847, 31.08, 0.753, 0.00, 0.000
14472,154400, 31.66, 0.00, 0.992, 0.000, 0.000019, 0.000009,0,0,0, 0.000030, 0.000019, 0.000023, 0.000013, 31.66, 0.992, 47.05, 0.901, 95.23, 0.897, 0.00, 0.000
14473,154410, 92.30, 0.00, 0.902, 0.000, 0.000019, 0.000007,0,0,0, 0.000030, 0.000021, 0.000022, 0.000014, 92.30, 0.902, 46.87, 0.835, 31.16, 0.806, 0.00, 0.000
14474,154421, 93.75, 0.00, 0.880, 0.000, 0.000019, 0.000005,0,0,0, 0.000030, 0.000020, 0.000021, 0.000013, 93.75, 0.880, 46.51, 0.858, 31.25, 0.839, 0.00, 0.000
14475,154432, 46.69, 0.00, 0.962, 0.000, 0.000019, 0.000007,0,0,0, 0.000030, 0.000021, 0.000022, 0.000013, 46.69, 0.962, 31.00, 0.925, 93.02, 0.906, 0.00, 0.000
14476,154442, 47.24, 0.00, 0.949, 0.000, 0.000018, 0.000005,0,0,0, 0.000030, 0.000019, 0.000020, 0.000013, 47.24, 0.949, 95.23, 0.901, 31.66, 0.854, 0.00, 0.000
14477,154453, 31.08, 0.00, 0.976, 0.000, 0.000019, 0.000010,0,0,0, 0.000030, 0.000019, 0.000023, 0.000013, 31.08, 0.976, 47.43, 0.924, 93.02, 0.875, 0.00, 0.000
14478,154464, 31.25, 0.00, 0.967, 0.000, 0.000019, 0.000008,0,0,0, 0.000030, 0.000020, 0.000022, 0.000013, 31.25, 0.967, 46.33, 0.907, 93.75, 0.878, 0.00, 0.000
14479,154474, 93.02, 0.00, 0.941, 0.000, 0.000019, 0.000006,0,0,0, 0.000030, 0.000020, 0.000021, 0.000013, 93.02, 0.941, 30.92, 0.929, 46.33, 0.912, 0.00, 0.000
14480,154485, 31.57, 0.00, 0.984, 0.000, 0.000019, 0.000006,0,0,0, 0.000030, 0.000018, 0.000021, 0.000013, 31.57, 0.984, 94.48, 0.945, 47.24, 0.918, 0.00, 0.000
14481,154496, 93.75, 0.00, 0.946, 0.000, 0.000019, 0.000009,0,0,0, 0.000030, 0.000019, 0.000023, 0.000013, 93.75, 0.946, 31.41, 0.937, 47.43, 0.916, 0.00, 0.000
14482,154506, 31.49, 0.00, 0.989, 0.000, 0.000019, 0.000007,0,0,0, 0.000030, 0.000021, 0.000022, 0.000013, 31.49, 0.989, 93.75, 0.920, 47.24, 0.908, 0.00, 0.000
14483,154517, 91.60, 0.00, 0.909, 0.000, 0.000019, 0.000006,0,0,0, 0.000030, 0.000022, 0.000022, 0.000013, 91.60, 0.909, 46.15, 0.835, 30.84, 0.770, 0.00, 0.000
14484,154528, 90.90, 0.00, 0.799, 0.000, 0.000018, 0.000004,0,0,0, 0.000030, 0.000028, 0.000020, 0.000010, 90.90, 0.799, 45.62, 0.720, 31.00, 0.547, 0.00, 0.000
14485,154538, 31.33, 0.00, 0.763, 0.000, 0.000020, 0.000018,0,0,0, 0.000030, 0.000021, 0.000025, 0.000012, 31.33, 0.763, 90.22, 0.514, 46.51, 0.462, 0.00, 0.000
14486,154549, 31.83, 0.00, 0.844, 0.000, 0.000019, 0.000012,0,0,0, 0.000030, 0.000019, 0.000020, 0.000013, 31.83, 0.844, 48.38, 0.576, 94.48, 0.501, 0.00, 0.000
14487,154560, 94.48, 0.00, 0.642, 0.000, 0.000019, 0.000008,0,0,0, 0.000030, 0.000020, 0.000022, 0.000013, 94.48, 0.642, 47.24, 0.634, 31.83, 0.581, 0.00, 0.000
14488,154570, 93.75, 0.00, 0.665, 0.000, 0.000017, 0.000006,0,0,0, 0.000000, 0.000000, 0.000007, 0.000003, 93.75, 0.665, 46.69, 0.498, 32.34, 0.245, 0.00, 0.000
14489,154581, 32.00, 0.00, 0.950, 0.000, 0.000020, 0.000020,0,0,0, 0.000030, 0.000020, 0.000026, 0.000014, 32.00, 0.950, 48.58, 0.648, 93.75, 0.332, 0.00, 0.000
14490,154592, 48.58, 0.00, 0.678, 0.000, 0.000020, 0.000014,0,0,0, 0.000030, 0.000021, 0.000023, 0.000014, 48.58, 0.678, 32.96, 0.269, 101.69, 0.042, 0.00, 0.000
14491,154602, 54.29, 0.00, 0.435, 0.000, 0.000020, 0.000015,0,0,0, 0.000030, 0.000028, 0.000025, 0.000009, 54.29, 0.435, 43.16, 0.196, 87.59, 0.163, 33.61, 0.001
14492,154613, 55.29, 0.00, 0.582, 0.000, 0.000020, 0.000010,0,0,0, 0.000030, 0.000021, 0.000022, 0.000014, 55.29, 0.582, 37.50, 0.301, 40.95, 0.284, 89.55, 0.055
14493,154624, 55.81, 0.00, 0.564, 0.000, 0.000020, 0.000010,0,0,0, 0.000030, 0.000012, 0.000023, 0.000012, 55.81, 0.564, 37.26, 0.301, 111.11, 0.135, 90.22, 0.127
14494,154634, 55.55, 0.00, 0.445, 0.000, 0.000020, 0.000009,0,0,0, 0.000030, 0.000025, 0.000023, 0.000013, 55.55, 0.445, 33.80, 0.249, 109.09, 0.193, 0.00, 0.000
14495,154645, 55.55, 0.00, 0.641, 0.000, 0.000020, 0.000006,0,0,0, 0.000030, 0.000022, 0.000021, 0.000013, 55.55, 0.641, 35.50, 0.510, 111.11, 0.268, 0.00, 0.000
14496,154656, 55.29, 0.00, 0.636, 0.000, 0.000020, 0.000010,0,0,0, 0.000030, 0.000022, 0.000023, 0.000013, 55.29, 0.636, 34.48, 0.267, 98.36, 0.183, 0.00, 0.000
14497,154666, 55.55, 0.00, 0.832, 0.000, 0.000019, 0.000007,0,0,0, 0.000030, 0.000023, 0.000020, 0.000013, 55.55, 0.832, 113.20, 0.145, 38.21, 0.124, 0.00, 0.000
14498,154677, 55.81, 0.00, 0.820, 0.000, 0.000019, 0.000005,0,0,0, 0.000030, 0.000016, 0.000021, 0.000014, 55.81, 0.820, 36.03, 0.468, 38.58, 0.331, 101.69, 0.258
14499,154688, 55.81, 0.00, 0.890, 0.000, 0.000020, 0.000009,0,0,0, 0.000030, 0.000023, 0.000022, 0.000013, 55.81, 0.890, 115.38, 0.299, 37.61, 0.290, 0.00, 0.000
14500,154698, 55.55, 0.00, 0.953, 0.000, 0.000019, 0.000006,0,0,0, 0.000030, 0.000018, 0.000020, 0.000013, 55.55, 0.953, 35.39, 0.406, 101.69, 0.309, 0.00, 0.000
14501,154709, 55.29, 0.00, 0.943, 0.000, 0.000019, 0.000010,0,0,0, 0.000030, 0.000022, 0.000022, 0.000013, 55.29, 0.943, 35.08, 0.274, 97.56, 0.260, 121.21, 0.232
14502,154720, 55.29, 0.00, 0.981, 0.000, 0.000019, 0.000007,0,0,0, 0.000030, 0.000024, 0.000019, 0.000013, 55.29, 0.981, 37.61, 0.308, 121.21, 0.275, 0.00, 0.000
14503,154730, 55.55, 0.00, 0.989, 0.000, 0.000019, 0.000010,0,0,0, 0.000030, 0.000020, 0.000023, 0.000014, 55.55, 0.989, 34.68, 0.470, 94.48, 0.312, 130.43, 0.193
14504,154741, 55.81, 0.00, 0.985, 0.000, 0.000020, 0.000011,0,0,0, 0.000030, 0.000023, 0.000022, 0.000013, 55.81, 0.985, 38.46, 0.386, 125.00, 0.295, 0.00, 0.000
14505,154752, 55.81, 0.00, 0.983, 0.000, 0.000019, 0.000008,0,0,0, 0.000030, 0.000018, 0.000020, 0.000013, 55.81, 0.983, 35.29, 0.466, 96.77, 0.335, 0.00, 0.000
14506,154762, 55.55, 0.00, 0.967, 0.000, 0.000019, 0.000010,0,0,0, 0.000030, 0.000022, 0.000022, 0.000013, 55.55, 0.967, 129.03, 0.246, 98.36, 0.212, 39.21, 0.204
14507,154773, 55.29, 0.00, 0.988, 0.000, 0.000019, 0.000007,0,0,0, 0.000030, 0.000024, 0.000020, 0.000014, 55.29, 0.988, 38.58, 0.337, 127.65, 0.304, 0.00, 0.000
14508,154784, 55.29, 0.00, 0.970, 0.000, 0.000019, 0.000009,0,0,0, 0.000030, 0.000022, 0.000022, 0.000013, 55.29, 0.970, 34.68, 0.416, 95.23, 0.300, 130.43, 0.207
14509,154794, 55.81, 0.00, 0.982, 0.000, 0.000019, 0.000012,0,0,0, 0.000030, 0.000023, 0.000022, 0.000012, 55.81, 0.982, 38.96, 0.304, 129.03, 0.264, 0.00, 0.000
14510,154805, 55.81, 0.00, 0.993, 0.000, 0.000019, 0.000008,0,0,0, 0.000030, 0.000016, 0.000021, 0.000014, 55.81, 0.993, 35.19, 0.601, 96.00, 0.393, 0.00, 0.000
14511,154816, 55.55, 0.00, 0.987, 0.000, 0.000019, 0.000010,0,0,0, 0.000030, 0.000023, 0.000022, 0.000013, 55.55, 0.987, 130.43, 0.273, 39.21, 0.258, 0.00, 0.000
14512,154826, 55.29, 0.00, 0.984, 0.000, 0.000019, 0.000007,0,0,0, 0.000030, 0.000022, 0.000020, 0.000014, 55.29, 0.984, 38.83, 0.292, 129.03, 0.282, 101.69, 0.248
14513,154837, 55.29, 0.00, 0.987, 0.000, 0.000019, 0.000009,0,0,0, 0.000030, 0.000022, 0.000022, 0.000013, 55.29, 0.987, 35.19, 0.353, 96.77, 0.302, 0.00, 0.000
14514,154848, 55.55, 0.00, 0.992, 0.000, 0.000018, 0.000006,0,0,0, 0.000030, 0.000023, 0.000020, 0.000012, 55.55, 0.992, 129.03, 0.220, 38.96, 0.205, 0.00, 0.000
14515,154858, 55.55, 0.00, 0.993, 0.000, 0.000019, 0.000008,0,0,0, 0.000030, 0.000015, 0.000022, 0.000014, 55.55, 0.993, 35.19, 0.544, 96.00, 0.359, 0.00, 0.000
14516,154869, 55.55, 0.00, 0.992, 0.000, 0.000019, 0.000010,0,0,0, 0.000030, 0.000023, 0.000022, 0.000013, 55.55, 0.992, 38.58, 0.309, 125.00, 0.285, 0.00, 0.000
14517,154880, 55.29, 0.00, 0.993, 0.000, 0.000019, 0.000007,0,0,0, 0.000030, 0.000021, 0.000020, 0.000014, 55.29, 0.993, 96.77, 0.259, 127.65, 0.253, 38.83, 0.234
14518,154890, 55.29, 0.00, 0.997, 0.000, 0.000019, 0.000009,0,0,0, 0.000030, 0.000022, 0.000022, 0.000013, 55.29, 0.997, 35.19, 0.346, 97.56, 0.310, 0.00, 0.000
14519,154901, 55.55, 0.00, 0.994, 0.000, 0.000018, 0.000006,0,0,0, 0.000030, 0.000023, 0.000020, 0.000012, 55.55, 0.994, 129.03, 0.257, 38.83, 0.256, 0.00, 0.000
14520,154912, 55.55, 0.00, 0.995, 0.000, 0.000019, 0.000008,0,0,0, 0.000030, 0.000017, 0.000022, 0.000014, 55.55, 0.995, 35.19, 0.494, 96.77, 0.345, 127.65, 0.245
14521,154922, 55.55, 0.00, 0.995, 0.000, 0.000019, 0.000010,0,0,0, 0.000030, 0.000023, 0.000022, 0.000013, 55.55, 0.995, 37.26, 0.400, 113.20, 0.328, 0.00, 0.000
14522,154933, 55.55, 0.00, 0.996, 0.000, 0.000019, 0.000007,0,0,0, 0.000030, 0.000020, 0.000020, 0.000014, 55.55, 0.996, 35.29, 0.318, 97.56, 0.290, 127.65, 0.253
14523,154944, 55.29, 0.00, 0.995, 0.000, 0.000019, 0.000010,0,0,0, 0.000030, 0.000022, 0.000022, 0.000013, 55.29, 0.995, 35.29, 0.309, 98.36, 0.297, 126.31, 0.269
14524,154954, 55.29, 0.00, 0.998, 0.000, 0.000018, 0.000007,0,0,0, 0.000030, 0.000024, 0.000020, 0.000013, 55.29, 0.998, 38.46, 0.328, 126.31, 0.309, 0.00, 0.000
14525,154965, 55.55, 0.00, 0.995, 0.000, 0.000019, 0.000009,0,0,0, 0.000030, 0.000019, 0.000022, 0.000014, 55.55, 0.995, 35.08, 0.459, 97.56, 0.350, 126.31, 0.264
14526,154976, 55.55, 0.00, 0.998, 0.000, 0.000019, 0.000011,0,0,0, 0.000030, 0.000023, 0.000022, 0.000013, 55.55, 0.998, 37.97, 0.451, 120.00, 0.361, 0.00, 0.000
14527,154986, 55.55, 0.00, 0.990, 0.000, 0.000019, 0.000007,0,0,0, 0.000030, 0.000019, 0.000019, 0.000013, 55.55, 0.990, 35.50, 0.430, 98.36, 0.348, 126.31, 0.268
14528,154997, 55.55, 0.00, 0.982, 0.000, 0.000019, 0.000010,0,0,0, 0.000030, 0.000022, 0.000022, 0.000013, 55.55, 0.982, 126.31, 0.292, 99.17, 0.287, 38.58, 0.256
14529,155008, 55.29, 0.00, 0.995, 0.000, 0.000018, 0.000007,0,0,0, 0.000030, 0.000024, 0.000019, 0.000013, 55.29, 0.995, 38.09, 0.395, 123.71, 0.358, 0.00, 0.000
14530,155018, 55.29, 0.00, 0.990, 0.000, 0.000019, 0.000009,0,0,0, 0.000030, 0.000020, 0.000022, 0.000014, 55.29, 0.990, 35.08, 0.417, 97.56, 0.342, 125.00, 0.273
14531,155029, 55.55, 0.00, 0.992, 0.000, 0.000019, 0.000011,0,0,0, 0.000030, 0.000023, 0.000022, 0.000013, 55.55, 0.992, 38.58, 0.414, 125.00, 0.350, 0.00, 0.000
14532,155040, 55.55, 0.00, 0.985, 0.000, 0.000019, 0.000008,0,0,0, 0.000030, 0.000017, 0.000019, 0.000013, 55.55, 0.985, 35.60, 0.566, 99.17, 0.410, 0.00, 0.000
14533,155050, 55.55, 0.00, 0.986, 0.000, 0.000019, 0.000010,0,0,0, 0.000030, 0.000022, 0.000022, 0.000013, 55.55, 0.986, 125.00, 0.307, 38.58, 0.271, 100.84, 0.268
14534,155061, 55.29, 0.00, 0.982, 0.000, 0.000019, 0.000007,0,0,0, 0.000030, 0.000024, 0.000020, 0.000014, 55.29, 0.982, 38.09, 0.363, 122.44, 0.345, 0.00, 0.000
14535,155072, 55.04, 0.00, 0.983, 0.000, 0.000019, 0.000010,0,0,0, 0.000030, 0.000022, 0.000022, 0.000013, 55.04, 0.983, 35.39, 0.366, 100.00, 0.341, 0.00, 0.000
14536,155082, 55.55, 0.00, 0.986, 0.000, 0.000019, 0.000012,0,0,0, 0.000030, 0.000023, 0.000022, 0.000012, 55.55, 0.986, 38.33, 0.298, 122.44, 0.298, 0.00, 0.000
14537,155093, 55.55, 0.00, 0.990, 0.000, 0.000019, 0.000008,0,0,0, 0.000030, 0.000016, 0.000022, 0.000014, 55.55, 0.990, 35.82, 0.574, 100.84, 0.417, 0.00, 0.000
14538,155104, 55.55, 0.00, 0.989, 0.000, 0.000019, 0.000011,0,0,0, 0.000030, 0.000023, 0.000022, 0.000013, 55.55, 0.989, 122.44, 0.335, 38.33, 0.333, 0.00, 0.000
14539,155114, 55.29, 0.00, 0.997, 0.000, 0.000019, 0.000007,0,0,0, 0.000030, 0.000022, 0.000019, 0.000014, 55.29, 0.997, 121.21, 0.320, 100.84, 0.310, 37.97, 0.297
14540,155125, 55.29, 0.00, 0.996, 0.000, 0.000019, 0.000010,0,0,0, 0.000030, 0.000022, 0.000022, 0.000013, 55.29, 0.996, 35.60, 0.364, 101.69, 0.349, 0.00, 0.000
14541,155136, 55.55, 0.00, 0.992, 0.000, 0.000018, 0.000007,0,0,0, 0.000030, 0.000024, 0.000019, 0.000012, 55.55, 0.992, 122.44, 0.289, 38.21, 0.262, 0.00, 0.000
14542,155146, 55.55, 0.00, 0.991, 0.000, 0.000019, 0.000008,0,0,0, 0.000030, 0.000016, 0.000022, 0.000015, 55.55, 0.991, 35.82, 0.512, 100.84, 0.394, 0.00, 0.000
14543,155157, 55.55, 0.00, 0.991, 0.000, 0.000019, 0.000011,0,0,0, 0.000030, 0.000023, 0.000022, 0.000013, 55.55, 0.991, 37.85, 0.408, 118.81, 0.373, 0.00, 0.000
14544,155168, 55.55, 0.00, 0.996, 0.000, 0.000019, 0.000008,0,0,0, 0.000030, 0.000021, 0.000019, 0.000014, 55.55, 0.996, 101.69, 0.335, 35.82, 0.333, 121.21, 0.321
14545,155178, 55.29, 0.00, 0.995, 0.000, 0.000019, 0.000010,0,0,0, 0.000030, 0.000022, 0.000022, 0.000013, 55.29, 0.995, 35.82, 0.375, 102.56, 0.362, 0.00, 0.000
14546,155189, 55.29, 0.00, 0.996, 0.000, 0.000018, 0.000007,0,0,0, 0.000030, 0.000024, 0.000019, 0.000012, 55.29, 0.996, 121.21, 0.339, 38.09, 0.338, 0.00, 0.000
14547,155200, 55.55, 0.00, 0.994, 0.000, 0.000019, 0.000009,0,0,0, 0.000030, 0.000018, 0.000022, 0.000014, 55.55, 0.994, 35.71, 0.450, 100.84, 0.375, 121.21, 0.316
14548,155210, 55.55, 0.00, 0.998, 0.000, 0.000019, 0.000012,0,0,0, 0.000030, 0.000023, 0.000022, 0.000013, 55.55, 0.998, 37.26, 0.513, 113.20, 0.424, 0.00, 0.000
14549,155221, 55.55, 0.00, 0.996, 0.000, 0.000019, 0.000008,0,0,0, 0.000030, 0.000020, 0.000019, 0.000014, 55.55, 0.996, 35.92, 0.408, 102.56, 0.373, 0.00, 0.000
14550,155232, 55.29, 0.00, 0.994, 0.000, 0.000019, 0.000011,0,0,0, 0.000030, 0.000022, 0.000022, 0.000013, 55.29, 0.994, 102.56, 0.341, 120.00, 0.338, 35.92, 0.316
14551,155242, 55.29, 0.00, 0.997, 0.000, 0.000018, 0.000007,0,0,0, 0.000030, 0.000024, 0.000019, 0.000013, 55.29, 0.997, 37.97, 0.418, 121.21, 0.386, 0.00, 0.000
14552,155253, 55.55, 0.00, 0.994, 0.000, 0.000019, 0.000010,0,0,0, 0.000030, 0.000020, 0.000022, 0.000014, 55.55, 0.994, 35.50, 0.410, 100.84, 0.361, 121.21, 0.308
14553,155264, 55.55, 0.00, 0.998, 0.000, 0.000019, 0.000012,0,0,0, 0.000030, 0.000023, 0.000022, 0.000013, 55.55, 0.998, 38.21, 0.491, 121.21, 0.411, 0.00, 0.000
14554,155274, 55.55, 0.00, 0.993, 0.000, 0.000019, 0.000008,0,0,0, 0.000030, 0.000018, 0.000019, 0.000014, 55.55, 0.993, 35.92, 0.503, 102.56, 0.410, 0.00, 0.000
14555,155285, 55.29, 0.00, 0.988, 0.000, 0.000019, 0.000011,0,0,0, 0.000030, 0.000022, 0.000022, 0.000013, 55.29, 0.988, 120.00, 0.329, 38.09, 0.289, 0.00, 0.000
14556,155296, 55.29, 0.00, 0.996, 0.000, 0.000018, 0.000008,0,0,0, 0.000030, 0.000024, 0.000019, 0.000014, 55.29, 0.996, 37.85, 0.382, 118.81, 0.372, 0.00, 0.000
14557,155306, 55.29, 0.00, 0.991, 0.000, 0.000019, 0.000010,0,0,0, 0.000030, 0.000022, 0.000022, 0.000013, 55.29, 0.991, 35.50, 0.356, 102.56, 0.346, 0.00, 0.000
14558,155317, 55.55, 0.00, 0.995, 0.000, 0.000020, 0.000013,0,0,0, 0.000030, 0.000023, 0.000022, 0.000013, 55.55, 0.995, 38.21, 0.383, 121.21, 0.356, 0.00, 0.000
14559,155328, 55.55, 0.00, 0.994, 0.000, 0.000019, 0.000009,0,0,0, 0.000030, 0.000017, 0.000020, 0.000014, 55.55, 0.994, 35.92, 0.602, 101.69, 0.447, 0.00, 0.000
14560,155338, 55.55, 0.00, 0.992, 0.000, 0.000019, 0.000011,0,0,0, 0.000030, 0.000023, 0.000022, 0.000013, 55.55, 0.992, 121.21, 0.335, 38.21, 0.321, 0.00, 0.000
14561,155349, 55.29, 0.00, 0.997, 0.000, 0.000019, 0.000008,0,0,0, 0.000030, 0.000024, 0.000019, 0.000014, 55.29, 0.997, 120.00, 0.339, 37.85, 0.321, 0.00, 0.000
14562,155360, 55.29, 0.00, 0.996, 0.000, 0.000019, 0.000010,0,0,0, 0.000030, 0.000022, 0.000023, 0.000013, 55.29, 0.996, 35.82, 0.369, 102.56, 0.358, 0.00, 0.000
14563,155370, 55.55, 0.00, 0.994, 0.000, 0.000018, 0.000007,0,0,0, 0.000030, 0.000024, 0.000020, 0.000012, 55.55, 0.994, 121.21, 0.306, 38.21, 0.273, 0.00, 0.000
14564,155381, 55.55, 0.00, 0.996, 0.000, 0.000019, 0.000009,0,0,0, 0.000030, 0.000017, 0.000022, 0.000015, 55.55, 0.996, 35.92, 0.564, 101.69, 0.433, 0.00, 0.000
14565,155392, 55.55, 0.00, 0.994, 0.000, 0.000019, 0.000011,0,0,0, 0.000030, 0.000023, 0.000022, 0.000013, 55.55, 0.994, 38.09, 0.394, 120.00, 0.377, 0.00, 0.000
14566,155402, 55.29, 0.00, 0.997, 0.000, 0.000019, 0.000008,0,0,0, 0.000030, 0.000022, 0.000019, 0.000014, 55.29, 0.997, 120.00, 0.344, 102.56, 0.342, 37.97, 0.318
14567,155413, 55.29, 0.00, 0.998, 0.000, 0.000019, 0.000010,0,0,0, 0.000030, 0.000022, 0.000022, 0.000013, 55.29, 0.998, 35.92, 0.405, 102.56, 0.386, 0.00, 0.000
14568,155424, 55.55, 0.00, 0.939, 0.000, 0.000019, 0.000008,0,0,0, 0.000030, 0.000023, 0.000021, 0.000013, 55.55, 0.939, 37.97, 0.426, 120.00, 0.396, 0.00, 0.000
14569,155434, 55.55, 0.00, 0.854, 0.000, 0.000019, 0.000007,0,0,0, 0.000030, 0.000018, 0.000021, 0.000014, 55.55, 0.854, 37.38, 0.564, 101.69, 0.402, 0.00, 0.000
14570,155445, 57.69, 0.00, 0.793, 0.000, 0.000019, 0.000010,0,0,0, 0.000030, 0.000021, 0.000022, 0.000012, 57.69, 0.793, 37.73, 0.455, 118.81, 0.353, 0.00, 0.000
14571,155456, 30.45, 0.00, 0.716, 0.000, 0.000020, 0.000016,0,0,0, 0.000030, 0.000021, 0.000025, 0.000012, 30.45, 0.716, 58.25, 0.419, 45.97, 0.128, 118.81, 0.018
14572,155466, 48.78, 0.00, 0.659, 0.000, 0.000021, 0.000012,0,0,0, 0.000030, 0.000020, 0.000024, 0.000012, 48.78, 0.659, 60.60, 0.337, 0.00, 0.000, 0.00, 0.000
14573,155477, 57.41, 0.00, 0.615, 0.000, 0.000021, 0.000012,0,0,0, 0.000030, 0.000027, 0.000024, 0.000012, 57.41, 0.615, 49.79, 0.604, 62.82, 0.509, 30.30, 0.400
14574,155488, 58.25, 0.00, 0.693, 0.000, 0.000019, 0.000008,0,0,0, 0.000000, 0.000000, 0.000023, 0.000010, 58.25, 0.693, 0.00, 0.000, 0.00, 0.000, 0.00, 0.000
14575,155498, 51.50, 0.00, 0.664, 0.000, 0.000021, 0.000012,0,0,0, 0.000030, 0.000026, 0.000025, 0.000015, 51.50, 0.664, 0.00, 0.000, 0.00, 0.000, 0.00, 0.000
14576,155509, 51.50, 0.00, 0.930, 0.000, 0.000021, 0.000016,0,0,0, 0.000030, 0.000013, 0.000025, 0.000011, 51.50, 0.930, 0.00, 0.000, 0.00, 0.000, 0.00, 0.000
14577,155520, 52.86, 0.00, 0.878, 0.000, 0.000020, 0.000011,0,0,0, 0.000030, 0.000019, 0.000021, 0.000012, 52.86, 0.878, 0.00, 0.000, 0.00, 0.000, 0.00, 0.000
14578,155530, 30.45, 0.00, 0.991, 0.000, 0.000021, 0.000010,0,0,0, 0.000030, 0.000026, 0.000023, 0.000013, 30.45, 0.991, 56.60, 0.489, 64.86, 0.460, 0.00, 0.000
14579,155541, 73.17, 0.00, 0.413, 0.000, 0.000020, 0.000007,0,0,0, 0.000030, 0.000014, 0.000018, 0.000012, 73.17, 0.413, 65.57, 0.353, 38.46, 0.169, 31.25, 0.026
14580,155552, 43.95, 0.00, 0.324, 0.000, 0.000020, 0.000007,0,0,0, 0.000030, 0.000023, 0.000023, 0.000014, 43.95, 0.324, 56.60, 0.236, 86.33, 0.217, 0.00, 0.000
14581,155562, 54.54, 0.00, 0.500, 0.000, 0.000019, 0.000005,0,0,0, 0.000030, 0.000022, 0.000019, 0.000013, 54.54, 0.500, 38.33, 0.335, 114.28, 0.312, 0.00, 0.000
14582,155573, 31.49, 0.00, 0.596, 0.000, 0.000019, 0.000008,0,0,0, 0.000030, 0.000021, 0.000021, 0.000013, 31.49, 0.596, 121.21, 0.475, 39.73, 0.306, 39.34, 0.306
14583,155584, 43.32, 0.00, 0.774, 0.000, 0.000018, 0.000006,0,0,0, 0.000030, 0.000018, 0.000019, 0.000012, 43.32, 0.774, 31.00, 0.658, 121.21, 0.563, 65.93, 0.360
14584,155594, 30.84, 0.00, 0.788, 0.000, 0.000019, 0.000008,0,0,0, 0.000030, 0.000022, 0.000021, 0.000014, 30.84, 0.788, 38.58, 0.639, 121.21, 0.376, 60.30, 0.363
14585,155605, 31.41, 0.00, 0.965, 0.000, 0.000019, 0.000009,0,0,0, 0.000030, 0.000021, 0.000022, 0.000013, 31.41, 0.965, 40.95, 0.348, 121.21, 0.265, 59.11, 0.052
14586,155616, 31.41, 0.00, 0.741, 0.000, 0.000019, 0.000007,0,0,0, 0.000030, 0.000020, 0.000021, 0.000013, 31.41, 0.741, 44.77, 0.716, 64.51, 0.310, 122.44, 0.251
14587,155626, 44.60, 0.00, 0.427, 0.000, 0.000019, 0.000008,0,0,0, 0.000030, 0.000025, 0.000022, 0.000013, 44.60, 0.427, 32.78, 0.358, 32.17, 0.355, 130.43, 0.258
14588,155637, 32.08, 0.00, 0.494, 0.000, 0.000018, 0.000006,0,0,0, 0.000030, 0.000012, 0.000017, 0.000010, 32.08, 0.494, 117.64, 0.403, 50.84, 0.255, 46.33, 0.229
14589,155648, 46.33, 0.00, 0.485, 0.000, 0.000019, 0.000013,0,0,0, 0.000030, 0.000030, 0.000024, 0.000011, 46.33, 0.485, 32.43, 0.362, 114.28, 0.110, 0.00, 0.000
14590,155658, 46.51, 0.00, 0.564, 0.000, 0.000020, 0.000018,0,0,0, 0.000030, 0.000017, 0.000026, 0.000012, 46.51, 0.564, 37.50, 0.544, 33.05, 0.471, 0.00, 0.000
14591,155669, 46.33, 0.00, 0.380, 0.000, 0.000020, 0.000013,0,0,0, 0.000030, 0.000015, 0.000024, 0.000011, 46.33, 0.380, 40.95, 0.333, 0.00, 0.000, 0.00, 0.000
14592,155680, 43.79, 0.00, 0.149, 0.000, 0.000020, 0.000009,0,0,0, 0.000030, 0.000022, 0.000024, 0.000014, 43.79, 0.149, 190.47, 0.115, 105.26, 0.010, 0.00, 0.000
14593,155690, 30.84, 0.00, 0.579, 0.000, 0.000019, 0.000006,0,0,0, 0.000030, 0.000019, 0.000020, 0.000013, 30.84, 0.579, 65.93, 0.317, 103.44, 0.300, 35.08, 0.153
14594,155701, 31.00, 0.00, 0.645, 0.000, 0.000019, 0.000005,0,0,0, 0.000030, 0.000020, 0.000021, 0.000013, 31.00, 0.645, 32.69, 0.631, 65.57, 0.444, 102.56, 0.306
14595,155712, 30.76, 0.00, 0.438, 0.000, 0.000019, 0.000006,0,0,0, 0.000030, 0.000017, 0.000022, 0.000013, 30.76, 0.438, 93.02, 0.415, 44.28, 0.321, 64.86, 0.187
14596,155722, 31.49, 0.00, 0.636, 0.000, 0.000019, 0.000008,0,0,0, 0.000030, 0.000023, 0.000022, 0.000014, 31.49, 0.636, 100.00, 0.377, 37.15, 0.305, 39.73, 0.140
14597,155733, 31.08, 0.00, 0.945, 0.000, 0.000019, 0.000011,0,0,0, 0.000030, 0.000021, 0.000023, 0.000013, 31.08, 0.945, 48.38, 0.460, 103.44, 0.340, 44.44, 0.165
14598,155744, 31.00, 0.00, 0.860, 0.000, 0.000019, 0.000008,0,0,0, 0.000030, 0.000020, 0.000020, 0.000013, 31.00, 0.860, 44.11, 0.578, 98.36, 0.307, 65.57, 0.051
14599,155754, 31.49, 0.00, 0.656, 0.000, 0.000019, 0.000005,0,0,0, 0.000030, 0.000023, 0.000021, 0.000013, 31.49, 0.656, 39.21, 0.392, 91.60, 0.175, 94.48, 0.174
14600,155765, 97.56, 0.00, 0.227, 0.000, 0.000020, 0.000020,0,0,0, 0.000030, 0.000026, 0.000024, 0.000010, 97.56, 0.227, 111.11, 0.194, 114.28, 0.193, 40.26, 0.119
14601,155776, 31.57, 0.00, 0.946, 0.000, 0.000020, 0.000014,0,0,0, 0.000030, 0.000020, 0.000022, 0.000013, 31.57, 0.946, 42.25, 0.483, 63.82, 0.369, 126.31, 0.307
14602,155786, 30.37, 0.00, 0.575, 0.000, 0.000019, 0.000010,0,0,0, 0.000030, 0.000023, 0.000019, 0.000014, 30.37, 0.575, 113.20, 0.524, 61.22, 0.407, 41.81, 0.296
14603,155797, 32.60, 0.00, 0.544, 0.000, 0.000018, 0.000007,0,0,0, 0.000030, 0.000020, 0.000019, 0.000012, 32.60, 0.544, 31.41, 0.527, 44.60, 0.385, 108.10, 0.291
14604,155808, 31.25, 0.00, 0.925, 0.000, 0.000018, 0.000007,0,0,0, 0.000030, 0.000019, 0.000021, 0.000013, 31.25, 0.925, 44.28, 0.872, 106.19, 0.421, 64.86, 0.074
14605,155818, 30.53, 0.00, 0.680, 0.000, 0.000018, 0.000008,0,0,0, 0.000030, 0.000017, 0.000022, 0.000012, 30.53, 0.680, 100.84, 0.472, 43.95, 0.336, 41.37, 0.326
14606,155829, 30.92, 0.00, 0.850, 0.000, 0.000020, 0.000014,0,0,0, 0.000030, 0.000019, 0.000024, 0.000013, 30.92, 0.850, 100.00, 0.549, 48.97, 0.406, 44.60, 0.386
14607,155840, 30.92, 0.00, 0.939, 0.000, 0.000019, 0.000010,0,0,0, 0.000030, 0.000020, 0.000021, 0.000013, 30.92, 0.939, 44.28, 0.847, 100.00, 0.569, 0.00, 0.000
14608,155850, 31.16, 0.00, 0.538, 0.000, 0.000019, 0.000007,0,0,0, 0.000030, 0.000026, 0.000020, 0.000012, 31.16, 0.538, 100.84, 0.499, 30.15, 0.479, 45.11, 0.345
14609,155861, 104.34, 0.00, 0.624, 0.000, 0.000020, 0.000010,0,0,0, 0.000030, 0.000024, 0.000022, 0.000013, 104.34, 0.624, 50.63, 0.254, 31.74, 0.242, 31.57, 0.242
14610,155872, 31.57, 0.00, 0.875, 0.000, 0.000019, 0.000007,0,0,0, 0.000030, 0.000022, 0.000022, 0.000013, 31.57, 0.875, 45.80, 0.443, 110.09, 0.386, 67.79, 0.085
14611,155882, 31.83, 0.00, 0.493, 0.000, 0.000019, 0.000008,0,0,0, 0.000030, 0.000021, 0.000022, 0.000012, 31.83, 0.493, 109.09, 0.417, 45.11, 0.375, 56.60, 0.029
14612,155893, 32.08, 0.00, 0.574, 0.000, 0.000020, 0.000008,0,0,0, 0.000030, 0.000024, 0.000022, 0.000013, 32.08, 0.574, 44.94, 0.373, 102.56, 0.363, 80.00, 0.254
14613,155904, 31.00, 0.00, 0.922, 0.000, 0.000019, 0.000006,0,0,0, 0.000030, 0.000020, 0.000020, 0.000013, 31.00, 0.922, 43.63, 0.731, 89.55, 0.511, 98.36, 0.479
14614,155914, 31.41, 0.00, 0.688, 0.000, 0.000019, 0.000005,0,0,0, 0.000030, 0.000017, 0.000021, 0.000012, 31.41, 0.688, 30.15, 0.667, 45.11, 0.605, 93.02, 0.583
14615,155925, 31.00, 0.00, 0.627, 0.000, 0.000019, 0.000015,0,0,0, 0.000030, 0.000018, 0.000024, 0.000012, 31.00, 0.627, 45.11, 0.552, 91.60, 0.465, 0.00, 0.000
14616,155936, 30.69, 0.00, 0.974, 0.000, 0.000019, 0.000010,0,0,0, 0.000030, 0.000019, 0.000022, 0.000013, 30.69, 0.974, 44.11, 0.839, 101.69, 0.498, 0.00, 0.000
14617,155946, 31.57, 0.00, 0.998, 0.000, 0.000018, 0.000007,0,0,0, 0.000030, 0.000017, 0.000021, 0.000012, 31.57, 0.998, 103.44, 0.468, 45.11, 0.282, 51.06, 0.152
14618,155957, 33.51, 0.00, 0.750, 0.000, 0.000019, 0.000011,0,0,0, 0.000030, 0.000017, 0.000023, 0.000013, 33.51, 0.750, 34.28, 0.739, 100.84, 0.718, 51.72, 0.682
14619,155968, 31.91, 0.00, 0.992, 0.000, 0.000020, 0.000011,0,0,0, 0.000030, 0.000019, 0.000024, 0.000013, 31.91, 0.992, 92.30, 0.648, 48.97, 0.499, 0.00, 0.000
14620,155978, 45.62, 0.00, 0.833, 0.000, 0.000019, 0.000008,0,0,0, 0.000030, 0.000019, 0.000022, 0.000013, 45.62, 0.833, 31.16, 0.833, 93.02, 0.794, 0.00, 0.000
14621,155989, 46.87, 0.00, 0.729, 0.000, 0.000020, 0.000009,0,0,0, 0.000030, 0.000025, 0.000022, 0.000013, 46.87, 0.729, 93.02, 0.672, 31.25, 0.550, 0.00, 0.000
14622,156000, 30.69, 0.00, 0.843, 0.000, 0.000020, 0.000006,0,0,0, 0.000030, 0.000021, 0.000022, 0.000013, 30.69, 0.843, 43.63, 0.722, 96.77, 0.658, 0.00, 0.000
14623,156010, 30.84, 0.00, 0.994, 0.000, 0.000019, 0.000004,0,0,0, 0.000030, 0.000019, 0.000020, 0.000013, 30.84, 0.994, 45.62, 0.669, 94.48, 0.653, 0.00, 0.000
14624,156021, 31.16, 0.00, 0.815, 0.000, 0.000019, 0.000008,0,0,0, 0.000030, 0.000023, 0.000022, 0.000014, 31.16, 0.815, 46.51, 0.713, 94.48, 0.691, 0.00, 0.000
14625,156032, 30.92, 0.00, 0.982, 0.000, 0.000019, 0.000005,0,0,0, 0.000030, 0.000021, 0.000020, 0.000013, 30.92, 0.982, 45.80, 0.815, 93.75, 0.782, 0.00, 0.000
14626,156042, 31.57, 0.00, 0.857, 0.000, 0.000018, 0.000004,0,0,0, 0.000030, 0.000017, 0.000020, 0.000012, 31.57, 0.857, 94.48, 0.685, 46.15, 0.612, 0.00, 0.000
14627,156053, 96.00, 0.00, 0.749, 0.000, 0.000019, 0.000011,0,0,0, 0.000030, 0.000019, 0.000023, 0.000013, 96.00, 0.749, 31.74, 0.720, 32.96, 0.710, 49.38, 0.671
14628,156064, 32.00, 0.00, 0.954, 0.000, 0.000019, 0.000008,0,0,0, 0.000030, 0.000020, 0.000022, 0.000013, 32.00, 0.954, 93.75, 0.696, 48.38, 0.593, 0.00, 0.000
14629,156074, 30.92, 0.00, 0.951, 0.000, 0.000019, 0.000006,0,0,0, 0.000030, 0.000018, 0.000022, 0.000013, 30.92, 0.951, 46.15, 0.849, 92.30, 0.823, 0.00, 0.000
14630,156085, 31.08, 0.00, 0.934, 0.000, 0.000019, 0.000009,0,0,0, 0.000030, 0.000017, 0.000023, 0.000012, 31.08, 0.934, 93.75, 0.838, 46.87, 0.837, 0.00, 0.000
14631,156096, 30.61, 0.00, 0.844, 0.000, 0.000020, 0.000011,0,0,0, 0.000030, 0.000022, 0.000024, 0.000014, 30.61, 0.844, 94.48, 0.739, 46.69, 0.649, 0.00, 0.000
14632,156106, 30.84, 0.00, 0.875, 0.000, 0.000019, 0.000008,0,0,0, 0.000030, 0.000020, 0.000020, 0.000013, 30.84, 0.875, 45.62, 0.740, 95.23, 0.687, 0.00, 0.000
14633,156117, 31.33, 0.00, 0.939, 0.000, 0.000019, 0.000006,0,0,0, 0.000030, 0.000016, 0.000021, 0.000012, 31.33, 0.939, 96.00, 0.606, 46.87, 0.574, 0.00, 0.000
14634,156128, 31.57, 0.00, 0.876, 0.000, 0.000020, 0.000013,0,0,0, 0.000030, 0.000020, 0.000024, 0.000013, 31.57, 0.876, 47.24, 0.637, 95.23, 0.628, 0.00, 0.000
14635,156138, 46.15, 0.00, 0.905, 0.000, 0.000019, 0.000009,0,0,0, 0.000030, 0.000018, 0.000021, 0.000013, 46.15, 0.905, 31.74, 0.897, 96.00, 0.650, 0.00, 0.000
14636,156149, 31.16, 0.00, 0.877, 0.000, 0.000019, 0.000008,0,0,0, 0.000030, 0.000018, 0.000023, 0.000013, 31.16, 0.877, 47.61, 0.743, 95.23, 0.740, 0.00, 0.000
14637,156160, 31.49, 0.00, 0.960, 0.000, 0.000020, 0.000009,0,0,0, 0.000030, 0.000021, 0.000023, 0.000014, 31.49, 0.960, 95.23, 0.780, 47.80, 0.683, 0.00, 0.000
14638,156170, 31.08, 0.00, 0.943, 0.000, 0.000019, 0.000006,0,0,0, 0.000030, 0.000019, 0.000020, 0.000013, 31.08, 0.943, 46.15, 0.838, 94.48, 0.809, 0.00, 0.000
14639,156181, 31.00, 0.00, 0.906, 0.000, 0.000019, 0.000007,0,0,0, 0.000030, 0.000020, 0.000022, 0.000013, 31.00, 0.906, 46.87, 0.848, 93.75, 0.814, 0.00, 0.000
14640,156192, 30.45, 0.00, 0.871, 0.000, 0.000019, 0.000008,0,0,0, 0.000030, 0.000023, 0.000022, 0.000013, 30.45, 0.871, 93.75, 0.763, 46.87, 0.639, 0.00, 0.000
14641,156202, 30.92, 0.00, 0.730, 0.000, 0.000019, 0.000008,0,0,0, 0.000030, 0.000023, 0.000022, 0.000013, 30.92, 0.730, 45.11, 0.706, 94.48, 0.698, 0.00, 0.000
14642,156213, 32.25, 0.00, 0.872, 0.000, 0.000019, 0.000008,0,0,0, 0.000030, 0.000020, 0.000022, 0.000012, 32.25, 0.872, 100.00, 0.516, 46.87, 0.357, 0.00, 0.000
14643,156224, 106.19, 0.00, 0.581, 0.000, 0.000017, 0.000005,0,0,0, 0.000030, 0.000003, 0.000016, 0.000003, 106.19, 0.581, 53.09, 0.448, 0.00, 0.000, 0.00, 0.000
14644,156234, 30.45, 0.00, 0.734, 0.000, 0.000020, 0.000023,0,0,0, 0.000030, 0.000019, 0.000026, 0.000014, 30.45, 0.734, 40.67, 0.534, 114.28, 0.337, 0.00, 0.000
14645,156245, 41.23, 0.00, 0.595, 0.000, 0.000021, 0.000016,0,0,0, 0.000030, 0.000018, 0.000024, 0.000012, 41.23, 0.595, 69.36, 0.315, 0.00, 0.000, 0.00, 0.000
14646,156256, 68.57, 0.00, 0.468, 0.000, 0.000020, 0.000011,0,0,0, 0.000030, 0.000018, 0.000019, 0.000013, 68.57, 0.468, 46.87, 0.150, 35.82, 0.134, 45.28, 0.120
14647,156266, 71.00, 0.00, 0.700, 0.000, 0.000019, 0.000008,0,0,0, 0.000030, 0.000022, 0.000021, 0.000013, 71.00, 0.700, 34.18, 0.660, 45.28, 0.064, 0.00, 0.000
14648,156277, 37.26, 0.00, 0.777, 0.000, 0.000019, 0.000005,0,0,0, 0.000030, 0.000018, 0.000020, 0.000013, 37.26, 0.777, 74.07, 0.685, 0.00, 0.000, 0.00, 0.000
14649,156288, 38.09, 0.00, 0.684, 0.000, 0.000020, 0.000017,0,0,0, 0.000030, 0.000020, 0.000025, 0.000013, 38.09, 0.684, 73.61, 0.675, 30.53, 0.258, 52.63, 0.052
14650,156298, 37.61, 0.00, 0.753, 0.000, 0.000019, 0.000012,0,0,0, 0.000030, 0.000022, 0.000018, 0.000014, 37.61, 0.753, 74.07, 0.637, 31.25, 0.260, 0.00, 0.000
14651,156309, 37.03, 0.00, 0.693, 0.000, 0.000019, 0.000009,0,0,0, 0.000030, 0.000017, 0.000022, 0.000011, 37.03, 0.693, 73.61, 0.517, 71.85, 0.515, 0.00, 0.000
14652,156320, 37.15, 0.00, 0.783, 0.000, 0.000019, 0.000007,0,0,0, 0.000030, 0.000020, 0.000023, 0.000014, 37.15, 0.783, 73.61, 0.465, 109.09, 0.005, 0.00, 0.000
14653,156330, 74.53, 0.00, 0.642, 0.000, 0.000019, 0.000008,0,0,0, 0.000030, 0.000020, 0.000023, 0.000013, 74.53, 0.642, 37.50, 0.635, 0.00, 0.000, 0.00, 0.000
14654,156341, 74.53, 0.00, 0.770, 0.000, 0.000019, 0.000006,0,0,0, 0.000030, 0.000024, 0.000020, 0.000013, 74.53, 0.770, 37.26, 0.533, 32.00, 0.089, 0.00, 0.000
14655,156352, 74.53, 0.00, 0.893, 0.000, 0.000019, 0.000004,0,0,0, 0.000030, 0.000019, 0.000021, 0.000014, 74.53, 0.893, 36.92, 0.877, 51.94, 0.020, 0.00, 0.000
14656,156362, 74.07, 0.00, 0.889, 0.000, 0.000018, 0.000006,0,0,0, 0.000030, 0.000018, 0.000021, 0.000012, 74.07, 0.889, 36.92, 0.851, 45.97, 0.055, 123.71, 0.025
14657,156373, 74.07, 0.00, 0.910, 0.000, 0.000019, 0.000005,0,0,0, 0.000030, 0.000023, 0.000021, 0.000014, 74.07, 0.910, 36.92, 0.909, 45.11, 0.201, 116.50, 0.094
14658,156384, 74.07, 0.00, 0.936, 0.000, 0.000019, 0.000006,0,0,0, 0.000030, 0.000020, 0.000020, 0.000013, 74.07, 0.936, 37.03, 0.911, 0.00, 0.000, 0.00, 0.000
14659,156394, 74.53, 0.00, 0.966, 0.000, 0.000018, 0.000004,0,0,0, 0.000030, 0.000023, 0.000020, 0.000013, 74.53, 0.966, 37.26, 0.915, 31.16, 0.230, 53.57, 0.029
14660,156405, 74.53, 0.00, 0.964, 0.000, 0.000019, 0.000008,0,0,0, 0.000030, 0.000016, 0.000021, 0.000014, 74.53, 0.964, 37.26, 0.934, 31.25, 0.089, 53.33, 0.019
14661,156416, 36.92, 0.00, 0.892, 0.000, 0.000019, 0.000007,0,0,0, 0.000030, 0.000020, 0.000021, 0.000013, 36.92, 0.892, 74.07, 0.875, 44.94, 0.075, 47.05, 0.011
14662,156426, 74.07, 0.00, 0.843, 0.000, 0.000019, 0.000006,0,0,0, 0.000030, 0.000021, 0.000021, 0.000013, 74.07, 0.843, 36.69, 0.831, 45.45, 0.016, 0.00, 0.000
14663,156437, 74.07, 0.00, 0.847, 0.000, 0.000019, 0.000010,0,0,0, 0.000030, 0.000021, 0.000022, 0.000013, 74.07, 0.847, 37.03, 0.767, 0.00, 0.000, 0.00, 0.000
14664,156448, 37.26, 0.00, 0.919, 0.000, 0.000019, 0.000007,0,0,0, 0.000030, 0.000022, 0.000020, 0.000013, 37.26, 0.919, 74.53, 0.868, 31.49, 0.157, 0.00, 0.000
14665,156458, 74.53, 0.00, 0.895, 0.000, 0.000019, 0.000007,0,0,0, 0.000030, 0.000016, 0.000021, 0.000014, 74.53, 0.895, 37.26, 0.813, 0.00, 0.000, 0.00, 0.000
14666,156469, 36.80, 0.00, 0.852, 0.000, 0.000019, 0.000007,0,0,0, 0.000030, 0.000021, 0.000021, 0.000013, 36.80, 0.852, 74.07, 0.830, 44.44, 0.039, 0.00, 0.000
14667,156480, 36.80, 0.00, 0.878, 0.000, 0.000019, 0.000005,0,0,0, 0.000030, 0.000020, 0.000021, 0.000013, 36.80, 0.878, 74.07, 0.825, 0.00, 0.000, 0.00, 0.000
14668,156490, 74.07, 0.00, 0.827, 0.000, 0.000019, 0.000007,0,0,0, 0.000030, 0.000022, 0.000021, 0.000013, 74.07, 0.827, 37.03, 0.813, 30.07, 0.184, 0.00, 0.000
14669,156501, 74.53, 0.00, 0.902, 0.000, 0.000018, 0.000005,0,0,0, 0.000030, 0.000021, 0.000020, 0.000013, 74.53, 0.902, 37.61, 0.808, 31.57, 0.060, 0.00, 0.000
14670,156512, 37.03, 0.00, 0.871, 0.000, 0.000019, 0.000008,0,0,0, 0.000030, 0.000018, 0.000022, 0.000013, 37.03, 0.871, 74.07, 0.843, 32.52, 0.027, 0.00, 0.000
14671,156522, 74.07, 0.00, 0.856, 0.000, 0.000019, 0.000007,0,0,0, 0.000030, 0.000022, 0.000021, 0.000013, 74.07, 0.856, 37.03, 0.782, 44.28, 0.076, 110.09, 0.004
14672,156533, 74.53, 0.00, 0.908, 0.000, 0.000019, 0.000005,0,0,0, 0.000030, 0.000021, 0.000021, 0.000013, 74.53, 0.908, 37.26, 0.815, 44.94, 0.020, 0.00, 0.000
14673,156544, 74.53, 0.00, 0.920, 0.000, 0.000018, 0.000005,0,0,0, 0.000030, 0.000024, 0.000021, 0.000012, 74.53, 0.920, 37.26, 0.889, 31.91, 0.224, 56.33, 0.008
14674,156554, 37.26, 0.00, 0.947, 0.000, 0.000019, 0.000005,0,0,0, 0.000030, 0.000019, 0.000021, 0.000014, 37.26, 0.947, 74.53, 0.928, 0.00, 0.000, 0.00, 0.000
14675,156565, 74.07, 0.00, 0.928, 0.000, 0.000019, 0.000008,0,0,0, 0.000030, 0.000019, 0.000022, 0.000012, 74.07, 0.928, 37.03, 0.864, 0.00, 0.000, 0.00, 0.000
14676,156576, 37.15, 0.00, 0.970, 0.000, 0.000019, 0.000006,0,0,0, 0.000030, 0.000023, 0.000021, 0.000014, 37.15, 0.970, 74.07, 0.900, 44.28, 0.145, 111.11, 0.095
14677,156586, 37.15, 0.00, 0.923, 0.000, 0.000019, 0.000006,0,0,0, 0.000030, 0.000021, 0.000021, 0.000013, 37.15, 0.923, 74.07, 0.922, 0.00, 0.000, 0.00, 0.000
14678,156597, 74.07, 0.00, 0.946, 0.000, 0.000018, 0.000004,0,0,0, 0.000030, 0.000023, 0.000020, 0.000012, 74.07, 0.946, 37.15, 0.899, 32.00, 0.179, 56.33, 0.005
14679,156608, 74.53, 0.00, 0.981, 0.000, 0.000019, 0.000005,0,0,0, 0.000030, 0.000018, 0.000021, 0.000014, 74.53, 0.981, 37.15, 0.977, 0.00, 0.000, 0.00, 0.000
14680,156618, 74.07, 0.00, 0.931, 0.000, 0.000019, 0.000008,0,0,0, 0.000030, 0.000020, 0.000022, 0.000013, 74.07, 0.931, 37.03, 0.919, 44.28, 0.084, 0.00, 0.000
14681,156629, 74.07, 0.00, 0.930, 0.000, 0.000019, 0.000008,0,0,0, 0.000030, 0.000024, 0.000022, 0.000014, 74.07, 0.930, 37.03, 0.923, 44.28, 0.195, 110.09, 0.103
14682,156640, 74.07, 0.00, 0.938, 0.000, 0.000019, 0.000009,0,0,0, 0.000030, 0.000022, 0.000022, 0.000013, 74.07, 0.938, 37.15, 0.919, 31.66, 0.077, 230.76, 0.043
14683,156650, 37.15, 0.00, 0.983, 0.000, 0.000019, 0.000006,0,0,0, 0.000030, 0.000022, 0.000019, 0.000013, 37.15, 0.983, 74.07, 0.979, 31.91, 0.102, 56.07, 0.062
14684,156661, 74.07, 0.00, 0.982, 0.000, 0.000019, 0.000008,0,0,0, 0.000030, 0.000019, 0.000022, 0.000014, 74.07, 0.982, 37.03, 0.972, 31.91, 0.219, 55.81, 0.149
14685,156672, 74.07, 0.00, 0.979, 0.000, 0.000019, 0.000008,0,0,0, 0.000030, 0.000021, 0.000022, 0.000013, 74.07, 0.979, 37.03, 0.973, 44.11, 0.162, 109.09, 0.142
14686,156682, 74.53, 0.00, 0.985, 0.000, 0.000019, 0.000008,0,0,0, 0.000030, 0.000023, 0.000022, 0.000014, 74.53, 0.985, 37.15, 0.964, 44.11, 0.217, 109.09, 0.152
14687,156693, 74.53, 0.00, 0.986, 0.000, 0.000019, 0.000009,0,0,0, 0.000030, 0.000023, 0.000022, 0.000013, 74.53, 0.986, 37.26, 0.975, 32.00, 0.175, 56.60, 0.092
14688,156704, 74.53, 0.00, 0.982, 0.000, 0.000019, 0.000006,0,0,0, 0.000030, 0.000021, 0.000019, 0.000013, 74.53, 0.982, 37.26, 0.957, 31.91, 0.023, 230.76, 0.021
14689,156714, 37.03, 0.00, 0.979, 0.000, 0.000019, 0.000008,0,0,0, 0.000030, 0.000019, 0.000022, 0.000013, 37.03, 0.979, 74.07, 0.966, 31.91, 0.253, 56.07, 0.156
14690,156725, 37.03, 0.00, 0.968, 0.000, 0.000019, 0.000008,0,0,0, 0.000030, 0.000022, 0.000022, 0.000013, 37.03, 0.968, 74.07, 0.967, 44.11, 0.182, 109.09, 0.159
14691,156736, 74.53, 0.00, 0.987, 0.000, 0.000019, 0.000008,0,0,0, 0.000030, 0.000022, 0.000022, 0.000013, 74.53, 0.987, 37.15, 0.965, 44.28, 0.166, 109.09, 0.119
14692,156746, 74.53, 0.00, 0.987, 0.000, 0.000019, 0.000009,0,0,0, 0.000030, 0.000024, 0.000021, 0.000012, 74.53, 0.987, 37.15, 0.980, 31.91, 0.261, 56.33, 0.138
14693,156757, 74.07, 0.00, 0.984, 0.000, 0.000019, 0.000006,0,0,0, 0.000030, 0.000020, 0.000022, 0.000014, 74.07, 0.984, 37.15, 0.967, 31.91, 0.053, 56.07, 0.051
14694,156768, 37.03, 0.00, 0.961, 0.000, 0.000019, 0.000009,0,0,0, 0.000030, 0.000020, 0.000022, 0.000013, 37.03, 0.961, 74.07, 0.957, 32.08, 0.223, 56.07, 0.144
14695,156778, 37.03, 0.00, 0.962, 0.000, 0.000019, 0.000009,0,0,0, 0.000030, 0.000023, 0.000022, 0.000013, 37.03, 0.962, 74.07, 0.954, 44.11, 0.223, 109.09, 0.177
14696,156789, 74.07, 0.00, 0.968, 0.000, 0.000019, 0.000009,0,0,0, 0.000030, 0.000022, 0.000022, 0.000013, 74.07, 0.968, 37.26, 0.947, 44.11, 0.122, 108.10, 0.087
14697,156800, 74.07, 0.00, 0.980, 0.000, 0.000019, 0.000006,0,0,0, 0.000030, 0.000024, 0.000020, 0.000012, 74.07, 0.980, 37.15, 0.953, 32.00, 0.210, 56.33, 0.115
14698,156810, 74.53, 0.00, 0.979, 0.000, 0.000019, 0.000006,0,0,0, 0.000030, 0.000019, 0.000022, 0.000014, 74.53, 0.979, 37.15, 0.971, 32.00, 0.088, 56.33, 0.067
14699,156821, 37.03, 0.00, 0.960, 0.000, 0.000019, 0.000009,0,0,0, 0.000030, 0.000019, 0.000022, 0.000012, 37.03, 0.960, 74.07, 0.953, 32.08, 0.087, 56.33, 0.074
14700,156832, 37.03, 0.00, 0.957, 0.000, 0.000019, 0.000008,0,0,0, 0.000030, 0.000024, 0.000022, 0.000014, 37.03, 0.957, 74.07, 0.950, 44.11, 0.224, 109.09, 0.160
14701,156842, 74.07, 0.00, 0.958, 0.000, 0.000019, 0.000009,0,0,0, 0.000030, 0.000022, 0.000022, 0.000013, 74.07, 0.958, 37.15, 0.946, 31.91, 0.095, 230.76, 0.058
14702,156853, 74.53, 0.00, 0.980, 0.000, 0.000019, 0.000006,0,0,0, 0.000030, 0.000023, 0.000019, 0.000012, 74.53, 0.980, 37.15, 0.954, 32.00, 0.165, 56.33, 0.091
14703,156864, 37.03, 0.00, 0.982, 0.000, 0.000019, 0.000008,0,0,0, 0.000030, 0.000020, 0.000022, 0.000014, 37.03, 0.982, 74.07, 0.974, 32.00, 0.183, 56.07, 0.137
14704,156874, 74.07, 0.00, 0.970, 0.000, 0.000019, 0.000009,0,0,0, 0.000030, 0.000020, 0.000022, 0.000012, 74.07, 0.970, 37.03, 0.950, 44.28, 0.114, 109.09, 0.108
14705,156885, 74.53, 0.00, 0.972, 0.000, 0.000019, 0.000009,0,0,0, 0.000030, 0.000024, 0.000022, 0.000014, 74.53, 0.972, 37.03, 0.952, 44.11, 0.255, 109.09, 0.168
14706,156896, 74.53, 0.00, 0.977, 0.000, 0.000020, 0.000009,0,0,0, 0.000030, 0.000023, 0.000022, 0.000013, 74.53, 0.977, 37.15, 0.959, 32.00, 0.122, 240.00, 0.065
14707,156906, 74.53, 0.00, 0.963, 0.000, 0.000019, 0.000006,0,0,0, 0.000030, 0.000022, 0.000019, 0.000013, 74.53, 0.963, 37.15, 0.948, 31.91, 0.077, 230.76, 0.037
14708,156917, 37.03, 0.00, 0.988, 0.000, 0.000019, 0.000008,0,0,0, 0.000030, 0.000019, 0.000022, 0.000014, 37.03, 0.988, 74.07, 0.950, 56.07, 0.154, 32.00, 0.152
14709,156928, 74.07, 0.00, 0.958, 0.000, 0.000019, 0.000008,0,0,0, 0.000030, 0.000021, 0.000022, 0.000013, 74.07, 0.958, 37.03, 0.954, 44.11, 0.151, 109.09, 0.131
14710,156938, 74.07, 0.00, 0.974, 0.000, 0.000019, 0.000008,0,0,0, 0.000030, 0.000023, 0.000022, 0.000014, 74.07, 0.974, 37.15, 0.943, 44.11, 0.203, 108.10, 0.128
14711,156949, 74.07, 0.00, 0.991, 0.000, 0.000019, 0.000009,0,0,0, 0.000030, 0.000023, 0.000022, 0.000012, 74.07, 0.991, 37.15, 0.982, 32.00, 0.170, 56.60, 0.085
14712,156960, 74.07, 0.00, 0.973, 0.000, 0.000019, 0.000006,0,0,0, 0.000030, 0.000021, 0.000021, 0.000014, 74.07, 0.973, 37.03, 0.958, 235.29, 0.021, 32.00, 0.007
14713,156970, 37.03, 0.00, 0.981, 0.000, 0.000019, 0.000008,0,0,0, 0.000030, 0.000019, 0.000022, 0.000013, 37.03, 0.981, 74.07, 0.966, 32.00, 0.222, 56.33, 0.159
14714,156981, 74.07, 0.00, 0.970, 0.000, 0.000019, 0.000008,0,0,0, 0.000030, 0.000022, 0.000022, 0.000013, 74.07, 0.970, 37.03, 0.960, 44.11, 0.172, 109.09, 0.136
14715,156992, 74.53, 0.00, 0.984, 0.000, 0.000019, 0.000008,0,0,0, 0.000030, 0.000022, 0.000022, 0.000013, 74.53, 0.984, 37.15, 0.966, 44.11, 0.133, 109.09, 0.084
14716,157002, 74.07, 0.00, 0.987, 0.000, 0.000019, 0.000006,0,0,0, 0.000030, 0.000024, 0.000021, 0.000012, 74.07, 0.987, 37.15, 0.970, 31.91, 0.216, 56.33, 0.098
14717,157013, 74.07, 0.00, 0.967, 0.000, 0.000019, 0.000006,0,0,0, 0.000030, 0.000020, 0.000022, 0.000014, 74.07, 0.967, 37.15, 0.965, 32.00, 0.031, 235.29, 0.017
14718,157024, 37.03, 0.00, 0.994, 0.000, 0.000019, 0.000008,0,0,0, 0.000030, 0.000018, 0.000022, 0.000013, 37.03, 0.994, 74.07, 0.947, 32.25, 0.165, 56.60, 0.093
14719,157034, 74.07, 0.00, 0.934, 0.000, 0.000019, 0.000007,0,0,0, 0.000030, 0.000022, 0.000022, 0.000013, 74.07, 0.934, 37.03, 0.915, 43.95, 0.159, 108.10, 0.107
14720,157045, 74.53, 0.00, 0.962, 0.000, 0.000020, 0.000006,0,0,0, 0.000030, 0.000022, 0.000022, 0.000013, 74.53, 0.962, 37.26, 0.916, 43.95, 0.029, 107.14, 0.004
14721,157056, 37.03, 0.00, 0.964, 0.000, 0.000019, 0.000004,0,0,0, 0.000030, 0.000024, 0.000020, 0.000012, 37.03, 0.964, 74.53, 0.952, 32.00, 0.196, 56.60, 0.031
14722,157066, 74.07, 0.00, 0.954, 0.000, 0.000019, 0.000006,0,0,0, 0.000030, 0.000019, 0.000022, 0.000014, 74.07, 0.954, 37.15, 0.923, 56.60, 0.036, 32.08, 0.031
14723,157077, 74.07, 0.00, 0.966, 0.000, 0.000019, 0.000008,0,0,0, 0.000030, 0.000019, 0.000022, 0.000012, 74.07, 0.966, 37.03, 0.960, 32.08, 0.081, 56.33, 0.076
14724,157088, 74.07, 0.00, 0.950, 0.000, 0.000019, 0.000008,0,0,0, 0.000030, 0.000023, 0.000022, 0.000014, 74.07, 0.950, 37.15, 0.940, 43.95, 0.203, 109.09, 0.134
14725,157098, 74.07, 0.00, 0.968, 0.000, 0.000020, 0.000007,0,0,0, 0.000030, 0.000022, 0.000021, 0.000013, 74.07, 0.968, 37.15, 0.942, 43.95, 0.033, 32.00, 0.022
14726,157109, 37.03, 0.00, 0.975, 0.000, 0.000019, 0.000005,0,0,0, 0.000030, 0.000023, 0.000020, 0.000013, 37.03, 0.975, 74.07, 0.959, 31.91, 0.131, 235.29, 0.034
14727,157120, 37.03, 0.00, 0.994, 0.000, 0.000019, 0.000007,0,0,0, 0.000030, 0.000018, 0.000022, 0.000014, 37.03, 0.994, 74.07, 0.961, 56.33, 0.060, 32.17, 0.046
14728,157130, 74.53, 0.00, 0.589, 0.000, 0.000020, 0.000010,0,0,0, 0.000030, 0.000017, 0.000023, 0.000013, 74.53, 0.589, 30.92, 0.463, 38.09, 0.350, 109.09, 0.220
14729,157141, 38.46, 0.00, 0.580, 0.000, 0.000019, 0.000007,0,0,0, 0.000030, 0.000020, 0.000022, 0.000012, 38.46, 0.580, 75.00, 0.281, 46.33, 0.236, 42.85, 0.117
14730,157152, 38.58, 0.00, 0.385, 0.000, 0.000020, 0.000012,0,0,0, 0.000030, 0.000026, 0.000023, 0.000013, 38.58, 0.385, 34.68, 0.268, 68.96, 0.245, 78.94, 0.202
14731,157162, 61.22, 0.00, 0.471, 0.000, 0.000019, 0.000008,0,0,0, 0.000030, 0.000011, 0.000021, 0.000010, 61.22, 0.471, 63.82, 0.462, 31.08, 0.375, 32.87, 0.297
14732,157173, 42.10, 0.00, 0.316, 0.000, 0.000020, 0.000014,0,0,0, 0.000030, 0.000018, 0.000025, 0.000013, 42.10, 0.316, 71.85, 0.295, 90.22, 0.211, 46.69, 0.190
14733,157184, 36.47, 0.00, 0.544, 0.000, 0.000019, 0.000010,0,0,0, 0.000030, 0.000017, 0.000018, 0.000012, 36.47, 0.544, 31.49, 0.402, 47.80, 0.257, 99.17, 0.127
14734,157194, 49.18, 0.00, 0.551, 0.000, 0.000020, 0.000013,0,0,0, 0.000030, 0.000021, 0.000024, 0.000014, 49.18, 0.551, 33.14, 0.389, 95.23, 0.189, 35.19, 0.156
14735,157205, 48.78, 0.00, 0.684, 0.000, 0.000019, 0.000009,0,0,0, 0.000030, 0.000013, 0.000020, 0.000011, 48.78, 0.684, 32.78, 0.485, 100.00, 0.208, 36.92, 0.060
14736,157216, 48.58, 0.00, 0.500, 0.000, 0.000020, 0.000014,0,0,0, 0.000030, 0.000025, 0.000025, 0.000014, 48.58, 0.500, 30.61, 0.463, 94.48, 0.235, 0.00, 0.000
14737,157226, 37.15, 0.00, 0.603, 0.000, 0.000020, 0.000011,0,0,0, 0.000030, 0.000024, 0.000024, 0.000012, 37.15, 0.603, 50.42, 0.438, 97.56, 0.288, 33.24, 0.235
14738,157237, 41.37, 0.00, 0.337, 0.000, 0.000019, 0.000008,0,0,0, 0.000030, 0.000021, 0.000020, 0.000013, 41.37, 0.337, 37.50, 0.331, 30.07, 0.327, 60.00, 0.303
14739,157248, 39.08, 0.00, 0.521, 0.000, 0.000019, 0.000008,0,0,0, 0.000030, 0.000021, 0.000021, 0.000013, 39.08, 0.521, 41.09, 0.380, 102.56, 0.375, 60.60, 0.110
14740,157258, 104.34, 0.00, 0.557, 0.000, 0.000019, 0.000006,0,0,0, 0.000030, 0.000018, 0.000020, 0.000013, 104.34, 0.557, 51.94, 0.309, 49.18, 0.290, 30.37, 0.223
14741,157269, 101.69, 0.00, 0.798, 0.000, 0.000019, 0.000008,0,0,0, 0.000030, 0.000021, 0.000022, 0.000014, 101.69, 0.798, 33.80, 0.750, 33.51, 0.749, 49.18, 0.744
14742,157280, 34.18, 0.00, 0.727, 0.000, 0.000018, 0.000005,0,0,0, 0.000030, 0.000017, 0.000019, 0.000012, 34.18, 0.727, 50.84, 0.665, 102.56, 0.617, 0.00, 0.000
14743,157290, 53.81, 0.00, 0.788, 0.000, 0.000019, 0.000011,0,0,0, 0.000030, 0.000025, 0.000023, 0.000014, 53.81, 0.788, 33.70, 0.564, 100.84, 0.433, 0.00, 0.000
14744,157301, 54.05, 0.00, 0.450, 0.000, 0.000018, 0.000008,0,0,0, 0.000030, 0.000014, 0.000020, 0.000012, 54.05, 0.450, 38.96, 0.400, 30.07, 0.288, 141.17, 0.235
14745,157312, 41.09, 0.00, 0.583, 0.000, 0.000020, 0.000015,0,0,0, 0.000030, 0.000020, 0.000024, 0.000014, 41.09, 0.583, 56.87, 0.466, 87.59, 0.169, 0.00, 0.000
14746,157322, 41.09, 0.00, 0.371, 0.000, 0.000019, 0.000010,0,0,0, 0.000030, 0.000021, 0.000021, 0.000013, 41.09, 0.371, 41.95, 0.366, 37.38, 0.272, 95.23, 0.216
14747,157333, 33.05, 0.00, 0.639, 0.000, 0.000018, 0.000007,0,0,0, 0.000030, 0.000016, 0.000019, 0.000012, 33.05, 0.639, 98.36, 0.571, 50.42, 0.460, 35.71, 0.014
14748,157344, 33.14, 0.00, 0.936, 0.000, 0.000019, 0.000011,0,0,0, 0.000030, 0.000019, 0.000024, 0.000013, 33.14, 0.936, 50.42, 0.716, 97.56, 0.710, 0.00, 0.000
14749,157354, 51.50, 0.00, 0.278, 0.000, 0.000020, 0.000015,0,0,0, 0.000030, 0.000023, 0.000025, 0.000012, 51.50, 0.278, 95.23, 0.221, 0.00, 0.000, 0.00, 0.000
14750,157365, 41.23, 0.00, 0.432, 0.000, 0.000021, 0.000020,0,0,0, 0.000030, 0.000026, 0.000026, 0.000011, 41.23, 0.432, 85.10, 0.075, 58.53, 0.063, 0.00, 0.000
14751,157376, 41.23, 0.00, 0.240, 0.000, 0.000020, 0.000014,0,0,0, 0.000030, 0.000013, 0.000019, 0.000011, 41.23, 0.240, 51.28, 0.232, 0.00, 0.000, 0.00, 0.000
14752,157386, 34.58, 0.00, 0.491, 0.000, 0.000020, 0.000010,0,0,0, 0.000030, 0.000016, 0.000024, 0.000012, 34.58, 0.491, 51.50, 0.315, 105.26, 0.229, 0.00, 0.000
14753,157397, 95.23, 0.00, 0.473, 0.000, 0.000020, 0.000008,0,0,0, 0.000030, 0.000023, 0.000024, 0.000015, 95.23, 0.473, 33.51, 0.416, 50.63, 0.363, 0.00, 0.000
14754,157408, 33.99, 0.00, 0.469, 0.000, 0.000019, 0.000005,0,0,0, 0.000030, 0.000012, 0.000018, 0.000009, 33.99, 0.469, 35.50, 0.459, 51.06, 0.431, 96.77, 0.376
14755,157418, 32.08, 0.00, 0.459, 0.000, 0.000021, 0.000011,0,0,0, 0.000030, 0.000027, 0.000024, 0.000014, 32.08, 0.459, 52.86, 0.409, 41.66, 0.163, 93.75, 0.161
14756,157429, 41.09, 0.00, 0.488, 0.000, 0.000020, 0.000008,0,0,0, 0.000030, 0.000018, 0.000019, 0.000013, 41.09, 0.488, 38.58, 0.435, 73.61, 0.077, 57.97, 0.051
14757,157440, 57.14, 0.00, 0.248, 0.000, 0.000019, 0.000005,0,0,0, 0.000030, 0.000019, 0.000021, 0.000013, 57.14, 0.248, 42.25, 0.198, 102.56, 0.093, 86.33, 0.068
14758,157450, 104.34, 0.00, 0.340, 0.000, 0.000020, 0.000009,0,0,0, 0.000030, 0.000019, 0.000022, 0.000013, 104.34, 0.340, 54.29, 0.328, 49.58, 0.215, 36.47, 0.147
14759,157461, 36.58, 0.00, 0.795, 0.000, 0.000020, 0.000006,0,0,0, 0.000030, 0.000021, 0.000021, 0.000014, 36.58, 0.795, 110.09, 0.758, 55.29, 0.751, 0.00, 0.000
14760,157472, 55.04, 0.00, 0.557, 0.000, 0.000019, 0.000007,0,0,0, 0.000030, 0.000024, 0.000022, 0.000013, 55.04, 0.557, 107.14, 0.555, 32.69, 0.432, 37.15, 0.383
14761,157482, 53.33, 0.00, 0.425, 0.000, 0.000020, 0.000015,0,0,0, 0.000030, 0.000016, 0.000024, 0.000012, 53.33, 0.425, 36.92, 0.376, 104.34, 0.333, 33.99, 0.193
14762,157493, 58.53, 0.00, 0.430, 0.000, 0.000020, 0.000010,0,0,0, 0.000030, 0.000021, 0.000022, 0.000013, 58.53, 0.430, 51.72, 0.313, 35.82, 0.261, 38.83, 0.210
14763,157504, 57.97, 0.00, 0.450, 0.000, 0.000019, 0.000007,0,0,0, 0.000030, 0.000018, 0.000021, 0.000013, 57.97, 0.450, 36.47, 0.263, 100.84, 0.164, 41.81, 0.158
14764,157514, 56.33, 0.00, 0.724, 0.000, 0.000019, 0.000005,0,0,0, 0.000030, 0.000022, 0.000021, 0.000014, 56.33, 0.724, 113.20, 0.560, 37.73, 0.524, 0.00, 0.000
14765,157525, 55.04, 0.00, 0.652, 0.000, 0.000018, 0.000003,0,0,0, 0.000030, 0.000021, 0.000019, 0.000013, 55.04, 0.652, 107.14, 0.631, 35.39, 0.520, 0.00, 0.000
14766,157536, 39.21, 0.00, 0.575, 0.000, 0.000018, 0.000003,0,0,0, 0.000030, 0.000025, 0.000020, 0.000011, 39.21, 0.575, 57.69, 0.495, 30.45, 0.492, 114.28, 0.423
14767,157546, 39.86, 0.00, 0.526, 0.000, 0.000020, 0.000024,0,0,0, 0.000030, 0.000023, 0.000025, 0.000011, 39.86, 0.526, 55.81, 0.422, 151.89, 0.178, 102.56, 0.131
14768,157557, 54.05, 0.00, 0.322, 0.000, 0.000019, 0.000016,0,0,0, 0.000030, 0.000019, 0.000021, 0.000013, 54.05, 0.322, 34.48, 0.280, 151.89, 0.057, 90.22, 0.056
14769,157568, 52.40, 0.00, 0.541, 0.000, 0.000018, 0.000011,0,0,0, 0.000030, 0.000017, 0.000019, 0.000012, 52.40, 0.541, 33.70, 0.497, 113.20, 0.199, 101.69, 0.197
14770,157578, 53.81, 0.00, 0.657, 0.000, 0.000020, 0.000011,0,0,0, 0.000030, 0.000021, 0.000023, 0.000014, 53.81, 0.657, 96.77, 0.396, 34.68, 0.311, 0.00, 0.000
14771,157589, 56.07, 0.00, 0.578, 0.000, 0.000019, 0.000008,0,0,0, 0.000030, 0.000016, 0.000021, 0.000012, 56.07, 0.578, 37.61, 0.574, 112.14, 0.353, 0.00, 0.000
14772,157600, 58.82, 0.00, 0.700, 0.000, 0.000019, 0.000007,0,0,0, 0.000030, 0.000018, 0.000022, 0.000013, 58.82, 0.700, 39.86, 0.440, 38.09, 0.354, 104.34, 0.293
14773,157610, 59.11, 0.00, 0.519, 0.000, 0.000020, 0.000006,0,0,0, 0.000030, 0.000022, 0.000022, 0.000013, 59.11, 0.519, 105.26, 0.407, 38.21, 0.341, 40.13, 0.326
14774,157621, 53.81, 0.00, 0.646, 0.000, 0.000019, 0.000004,0,0,0, 0.000030, 0.000017, 0.000020, 0.000012, 53.81, 0.646, 107.14, 0.531, 36.69, 0.286, 35.19, 0.262
14775,157632, 54.05, 0.00, 0.771, 0.000, 0.000019, 0.000011,0,0,0, 0.000030, 0.000022, 0.000023, 0.000014, 54.05, 0.771, 33.70, 0.714, 102.56, 0.435, 0.00, 0.000
14776,157642, 36.47, 0.00, 0.734, 0.000, 0.000019, 0.000008,0,0,0, 0.000030, 0.000019, 0.000021, 0.000012, 36.47, 0.734, 54.29, 0.627, 50.84, 0.593, 110.09, 0.384
14777,157653, 54.54, 0.00, 0.604, 0.000, 0.000018, 0.000005,0,0,0, 0.000030, 0.000022, 0.000018, 0.000014, 54.54, 0.604, 103.44, 0.290, 40.00, 0.218, 33.51, 0.191
14778,157664, 40.00, 0.00, 0.843, 0.000, 0.000018, 0.000005,0,0,0, 0.000030, 0.000021, 0.000019, 0.000012, 40.00, 0.843, 108.10, 0.333, 62.17, 0.258, 55.81, 0.235
14779,157674, 40.81, 0.00, 0.581, 0.000, 0.000018, 0.000004,0,0,0, 0.000030, 0.000019, 0.000019, 0.000013, 40.81, 0.581, 108.10, 0.436, 61.53, 0.383, 0.00, 0.000
14780,157685, 108.10, 0.00, 0.422, 0.000, 0.000019, 0.000009,0,0,0, 0.000030, 0.000024, 0.000022, 0.000014, 108.10, 0.422, 97.56, 0.409, 53.57, 0.369, 35.71, 0.352
14781,157696, 51.28, 0.00, 0.733, 0.000, 0.000018, 0.000006,0,0,0, 0.000030, 0.000016, 0.000021, 0.000011, 51.28, 0.733, 35.71, 0.591, 34.28, 0.499, 109.09, 0.481
14782,157706, 53.57, 0.00, 0.649, 0.000, 0.000019, 0.000011,0,0,0, 0.000030, 0.000024, 0.000024, 0.000015, 53.57, 0.649, 32.34, 0.300, 95.23, 0.285, 0.00, 0.000
14783,157717, 37.38, 0.00, 0.436, 0.000, 0.000020, 0.000012,0,0,0, 0.000030, 0.000014, 0.000023, 0.000013, 37.38, 0.436, 55.81, 0.388, 90.90, 0.127, 0.00, 0.000
14784,157728, 58.53, 0.00, 0.725, 0.000, 0.000019, 0.000008,0,0,0, 0.000030, 0.000017, 0.000021, 0.000013, 58.53, 0.725, 42.40, 0.110, 89.55, 0.057, 153.84, 0.021
14785,157738, 56.07, 0.00, 0.552, 0.000, 0.000019, 0.000006,0,0,0, 0.000030, 0.000020, 0.000022, 0.000013, 56.07, 0.552, 35.60, 0.305, 102.56, 0.242, 39.60, 0.086
14786,157749, 53.81, 0.00, 0.681, 0.000, 0.000018, 0.000004,0,0,0, 0.000030, 0.000017, 0.000019, 0.000012, 53.81, 0.681, 110.09, 0.525, 37.61, 0.446, 0.00, 0.000
14787,157760, 53.33, 0.00, 0.638, 0.000, 0.000019, 0.000010,0,0,0, 0.000030, 0.000026, 0.000023, 0.000014, 53.33, 0.638, 94.48, 0.475, 106.19, 0.451, 32.69, 0.437
14788,157770, 52.86, 0.00, 0.476, 0.000, 0.000019, 0.000012,0,0,0, 0.000030, 0.000014, 0.000023, 0.000011, 52.86, 0.476, 90.90, 0.181, 37.03, 0.176, 104.34, 0.071
14789,157781, 57.69, 0.00, 0.522, 0.000, 0.000019, 0.000009,0,0,0, 0.000030, 0.000020, 0.000020, 0.000013, 57.69, 0.522, 41.52, 0.363, 84.50, 0.138, 0.00, 0.000
14790,157792, 54.54, 0.00, 0.356, 0.000, 0.000019, 0.000006,0,0,0, 0.000030, 0.000020, 0.000021, 0.000013, 54.54, 0.356, 41.66, 0.245, 92.30, 0.195, 40.00, 0.169
14791,157802, 54.29, 0.00, 0.603, 0.000, 0.000018, 0.000004,0,0,0, 0.000030, 0.000018, 0.000019, 0.000012, 54.29, 0.603, 96.77, 0.336, 109.09, 0.309, 38.09, 0.079
14792,157813, 54.05, 0.00, 0.808, 0.000, 0.000019, 0.000008,0,0,0, 0.000030, 0.000025, 0.000022, 0.000015, 54.05, 0.808, 34.48, 0.746, 103.44, 0.633, 0.00, 0.000
14793,157824, 54.29, 0.00, 0.786, 0.000, 0.000020, 0.000016,0,0,0, 0.000030, 0.000015, 0.000023, 0.000012, 54.29, 0.786, 36.69, 0.463, 107.14, 0.407, 0.00, 0.000
14794,157834, 56.07, 0.00, 0.598, 0.000, 0.000021, 0.000016,0,0,0, 0.000030, 0.000025, 0.000024, 0.000012, 56.07, 0.598, 41.52, 0.093, 0.00, 0.000, 0.00, 0.000
14795,157845, 37.73, 0.00, 0.344, 0.000, 0.000020, 0.000011,0,0,0, 0.000030, 0.000020, 0.000020, 0.000013, 37.73, 0.344, 55.81, 0.305, 0.00, 0.000, 0.00, 0.000
14796,157856, 53.33, 0.00, 0.292, 0.000, 0.000019, 0.000007,0,0,0, 0.000030, 0.000020, 0.000020, 0.000013, 53.33, 0.292, 55.29, 0.283, 39.73, 0.178, 106.19, 0.105
14797,157866, 50.84, 0.00, 0.681, 0.000, 0.000019, 0.000007,0,0,0, 0.000030, 0.000022, 0.000022, 0.000014, 50.84, 0.681, 96.77, 0.608, 33.33, 0.360, 0.00, 0.000
14798,157877, 35.50, 0.00, 0.973, 0.000, 0.000019, 0.000005,0,0,0, 0.000030, 0.000023, 0.000021, 0.000013, 35.50, 0.973, 51.94, 0.787, 108.10, 0.784, 0.00, 0.000
14799,157888, 109.09, 0.00, 0.524, 0.000, 0.000020, 0.000010,0,0,0, 0.000030, 0.000024, 0.000022, 0.000012, 109.09, 0.524, 53.33, 0.492, 33.33, 0.206, 35.82, 0.109
14800,157898, 38.70, 0.00, 0.615, 0.000, 0.000019, 0.000007,0,0,0, 0.000030, 0.000020, 0.000020, 0.000013, 38.70, 0.615, 58.25, 0.571, 111.11, 0.456, 0.00, 0.000
14801,157909, 38.83, 0.00, 0.602, 0.000, 0.000018, 0.000005,0,0,0, 0.000030, 0.000018, 0.000020, 0.000012, 38.83, 0.602, 58.53, 0.575, 116.50, 0.325, 0.00, 0.000
14802,157920, 55.04, 0.00, 0.686, 0.000, 0.000019, 0.000010,0,0,0, 0.000030, 0.000022, 0.000023, 0.000014, 55.04, 0.686, 35.50, 0.319, 95.23, 0.258, 99.17, 0.257
14803,157930, 52.63, 0.00, 0.767, 0.000, 0.000019, 0.000008,0,0,0, 0.000030, 0.000022, 0.000022, 0.000013, 52.63, 0.767, 35.71, 0.732, 104.34, 0.506, 0.00, 0.000
14804,157941, 52.40, 0.00, 0.590, 0.000, 0.000019, 0.000006,0,0,0, 0.000030, 0.000024, 0.000021, 0.000013, 52.40, 0.590, 95.23, 0.491, 100.00, 0.488, 32.60, 0.395
14805,157952, 38.09, 0.00, 0.645, 0.000, 0.000019, 0.000012,0,0,0, 0.000030, 0.000023, 0.000022, 0.000012, 38.09, 0.645, 116.50, 0.284, 102.56, 0.264, 55.55, 0.216
14806,157962, 40.67, 0.00, 0.567, 0.000, 0.000019, 0.000008,0,0,0, 0.000030, 0.000018, 0.000021, 0.000013, 40.67, 0.567, 39.60, 0.554, 59.11, 0.470, 116.50, 0.240
14807,157973, 58.25, 0.00, 0.454, 0.000, 0.000019, 0.000008,0,0,0, 0.000030, 0.000012, 0.000022, 0.000010, 58.25, 0.454, 114.28, 0.220, 101.69, 0.211, 35.50, 0.183
14808,157984, 50.63, 0.00, 0.589, 0.000, 0.000020, 0.000013,0,0,0, 0.000030, 0.000019, 0.000024, 0.000014, 50.63, 0.589, 103.44, 0.555, 36.92, 0.542, 34.58, 0.352
14809,157994, 32.78, 0.00, 0.692, 0.000, 0.000019, 0.000009,0,0,0, 0.000030, 0.000022, 0.000021, 0.000014, 32.78, 0.692, 96.77, 0.658, 49.58, 0.543, 39.34, 0.096
14810,158005, 99.17, 0.00, 0.758, 0.000, 0.000019, 0.000006,0,0,0, 0.000030, 0.000022, 0.000020, 0.000013, 99.17, 0.758, 49.58, 0.619, 32.87, 0.560, 39.34, 0.135
14811,158016, 99.17, 0.00, 0.803, 0.000, 0.000019, 0.000007,0,0,0, 0.000030, 0.000024, 0.000021, 0.000013, 99.17, 0.803, 49.58, 0.731, 33.05, 0.597, 42.25, 0.136
14812,158026, 100.00, 0.00, 0.840, 0.000, 0.000019, 0.000008,0,0,0, 0.000030, 0.000025, 0.000021, 0.000012, 100.00, 0.840, 33.14, 0.808, 49.79, 0.744, 41.66, 0.349
14813,158037, 49.38, 0.00, 0.826, 0.000, 0.000020, 0.000015,0,0,0, 0.000030, 0.000026, 0.000024, 0.000012, 49.38, 0.826, 100.00, 0.814, 32.96, 0.661, 41.66, 0.175
14814,158048, 100.00, 0.00, 0.907, 0.000, 0.000020, 0.000013,0,0,0, 0.000030, 0.000026, 0.000024, 0.000012, 100.00, 0.907, 33.05, 0.874, 49.58, 0.867, 0.00, 0.000
14815,158058, 100.00, 0.00, 0.797, 0.000, 0.000020, 0.000009,0,0,0, 0.000030, 0.000021, 0.000021, 0.000014, 100.00, 0.797, 33.33, 0.726, 50.00, 0.717, 0.00, 0.000
14816,158069, 100.00, 0.00, 0.797, 0.000, 0.000019, 0.000006,0,0,0, 0.000030, 0.000020, 0.000018, 0.000013, 100.00, 0.797, 50.20, 0.598, 33.24, 0.595, 38.09, 0.381
14817,158080, 100.00, 0.00, 0.800, 0.000, 0.000018, 0.000004,0,0,0, 0.000030, 0.000021, 0.000019, 0.000014, 100.00, 0.800, 49.79, 0.743, 33.24, 0.651, 38.46, 0.131
14818,158090, 100.00, 0.00, 0.912, 0.000, 0.000018, 0.000003,0,0,0, 0.000030, 0.000020, 0.000018, 0.000014, 100.00, 0.912, 49.79, 0.878, 33.33, 0.782, 193.54, 0.187
14819,158101, 50.00, 0.00, 0.951, 0.000, 0.000017, 0.000003,0,0,0, 0.000030, 0.000022, 0.000018, 0.000014, 50.00, 0.951, 99.17, 0.945, 33.24, 0.929, 39.21, 0.397
14820,158112, 100.00, 0.00, 0.934, 0.000, 0.000017, 0.000004,0,0,0, 0.000030, 0.000022, 0.000019, 0.000013, 100.00, 0.934, 50.00, 0.934, 33.42, 0.900, 66.29, 0.476
14821,158122, 49.79, 0.00, 0.830, 0.000, 0.000017, 0.000007,0,0,0, 0.000030, 0.000022, 0.000019, 0.000013, 49.79, 0.830, 99.17, 0.827, 33.24, 0.633, 196.72, 0.422
14822,158133, 100.00, 0.00, 0.795, 0.000, 0.000018, 0.000010,0,0,0, 0.000030, 0.000022, 0.000021, 0.000013, 100.00, 0.795, 50.00, 0.618, 33.33, 0.483, 65.93, 0.217
14823,158144, 99.17, 0.00, 0.751, 0.000, 0.000018, 0.000007,0,0,0, 0.000030, 0.000019, 0.000019, 0.000013, 99.17, 0.751, 50.00, 0.686, 33.14, 0.597, 39.34, 0.045
14824,158154, 100.00, 0.00, 0.824, 0.000, 0.000018, 0.000007,0,0,0, 0.000030, 0.000020, 0.000021, 0.000013, 100.00, 0.824, 33.33, 0.811, 50.00, 0.795, 0.00, 0.000
14825,158165, 100.00, 0.00, 0.880, 0.000, 0.000018, 0.000005,0,0,0, 0.000030, 0.000018, 0.000020, 0.000013, 100.00, 0.880, 49.79, 0.877, 33.14, 0.740, 0.00, 0.000
14826,158176, 49.79, 0.00, 0.946, 0.000, 0.000018, 0.000007,0,0,0, 0.000030, 0.000020, 0.000021, 0.000013, 49.79, 0.946, 99.17, 0.940, 33.14, 0.903, 0.00, 0.000
14827,158186, 100.00, 0.00, 0.914, 0.000, 0.000018, 0.000005,0,0,0, 0.000030, 0.000022, 0.000020, 0.000014, 100.00, 0.914, 49.79, 0.875, 33.24, 0.795, 40.00, 0.133
14828,158197, 100.00, 0.00, 0.829, 0.000, 0.000019, 0.000016,0,0,0, 0.000030, 0.000025, 0.000023, 0.000013, 100.00, 0.829, 49.79, 0.739, 33.05, 0.646, 40.95, 0.324
14829,158208, 100.00, 0.00, 0.841, 0.000, 0.000020, 0.000013,0,0,0, 0.000030, 0.000025, 0.000024, 0.000012, 100.00, 0.841, 33.05, 0.692, 49.58, 0.683, 40.81, 0.338
14830,158218, 99.17, 0.00, 0.882, 0.000, 0.000020, 0.000011,0,0,0, 0.000030, 0.000025, 0.000024, 0.000012, 99.17, 0.882, 49.79, 0.838, 33.14, 0.727, 40.54, 0.004
14831,158229, 99.17, 0.00, 0.980, 0.000, 0.000020, 0.000008,0,0,0, 0.000030, 0.000025, 0.000023, 0.000012, 99.17, 0.980, 49.79, 0.975, 33.14, 0.950, 0.00, 0.000
14832,158240, 99.17, 0.00, 0.892, 0.000, 0.000019, 0.000005,0,0,0, 0.000030, 0.000022, 0.000019, 0.000013, 99.17, 0.892, 49.79, 0.832, 33.24, 0.730, 0.00, 0.000
14833,158250, 99.17, 0.00, 0.876, 0.000, 0.000018, 0.000004,0,0,0, 0.000030, 0.000021, 0.000019, 0.000014, 99.17, 0.876, 49.79, 0.787, 33.14, 0.705, 38.21, 0.191
14834,158261, 99.17, 0.00, 0.877, 0.000, 0.000018, 0.000002,0,0,0, 0.000030, 0.000020, 0.000019, 0.000014, 99.17, 0.877, 49.58, 0.840, 33.14, 0.740, 38.83, 0.444
14835,158272, 100.00, 0.00, 0.887, 0.000, 0.000017, 0.000002,0,0,0, 0.000030, 0.000021, 0.000019, 0.000013, 100.00, 0.887, 49.79, 0.811, 33.14, 0.788, 39.47, 0.548
14836,158282, 100.00, 0.00, 0.889, 0.000, 0.000017, 0.000002,0,0,0, 0.000030, 0.000023, 0.000018, 0.000013, 100.00, 0.889, 33.14, 0.883, 49.79, 0.848, 40.26, 0.540
14837,158293, 100.00, 0.00, 0.889, 0.000, 0.000017, 0.000003,0,0,0, 0.000030, 0.000023, 0.000018, 0.000013, 100.00, 0.889, 49.79, 0.834, 33.24, 0.796, 67.41, 0.548
14838,158304, 49.79, 0.00, 0.884, 0.000, 0.000017, 0.000004,0,0,0, 0.000030, 0.000020, 0.000019, 0.000014, 49.79, 0.884, 99.17, 0.878, 33.14, 0.762, 39.47, 0.485
14839,158314, 49.79, 0.00, 0.855, 0.000, 0.000019, 0.000017,0,0,0, 0.000030, 0.000024, 0.000023, 0.000013, 49.79, 0.855, 99.17, 0.833, 33.24, 0.777, 206.89, 0.227
14840,158325, 33.14, 0.00, 0.880, 0.000, 0.000018, 0.000012,0,0,0, 0.000030, 0.000020, 0.000020, 0.000013, 33.14, 0.880, 49.79, 0.848, 99.17, 0.751, 65.57, 0.135
14841,158336, 33.14, 0.00, 0.961, 0.000, 0.000018, 0.000008,0,0,0, 0.000030, 0.000021, 0.000019, 0.000013, 33.14, 0.961, 49.79, 0.824, 99.17, 0.751, 39.47, 0.145
14842,158346, 99.17, 0.00, 0.845, 0.000, 0.000017, 0.000006,0,0,0, 0.000030, 0.000020, 0.000018, 0.000013, 99.17, 0.845, 49.58, 0.799, 33.05, 0.690, 39.21, 0.237
14843,158357, 99.17, 0.00, 0.928, 0.000, 0.000017, 0.000004,0,0,0, 0.000030, 0.000021, 0.000019, 0.000014, 99.17, 0.928, 49.79, 0.917, 33.14, 0.860, 39.73, 0.377
14844,158368, 99.17, 0.00, 0.922, 0.000, 0.000018, 0.000007,0,0,0, 0.000030, 0.000023, 0.000020, 0.000014, 99.17, 0.922, 49.79, 0.888, 33.14, 0.846, 40.13, 0.458
14845,158378, 99.17, 0.00, 0.893, 0.000, 0.000019, 0.000014,0,0,0, 0.000030, 0.000024, 0.000023, 0.000013, 99.17, 0.893, 49.58, 0.774, 33.05, 0.698, 40.67, 0.384
14846,158389, 99.17, 0.00, 0.896, 0.000, 0.000020, 0.000013,0,0,0, 0.000030, 0.000025, 0.000023, 0.000013, 99.17, 0.896, 49.58, 0.787, 33.05, 0.746, 39.86, 0.095
14847,158400, 33.14, 0.00, 0.980, 0.000, 0.000019, 0.000009,0,0,0, 0.000030, 0.000023, 0.000020, 0.000013, 33.14, 0.980, 100.00, 0.866, 49.58, 0.834, 0.00, 0.000
14848,158410, 100.00, 0.00, 0.897, 0.000, 0.000019, 0.000006,0,0,0, 0.000030, 0.000023, 0.000020, 0.000013, 100.00, 0.897, 33.14, 0.866, 49.79, 0.836, 0.00, 0.000
14849,158421, 100.00, 0.00, 0.862, 0.000, 0.000018, 0.000004,0,0,0, 0.000030, 0.000020, 0.000019, 0.000014, 100.00, 0.862, 49.79, 0.861, 33.24, 0.717, 38.46, 0.216
14850,158432, 99.17, 0.00, 0.906, 0.000, 0.000017, 0.000003,0,0,0, 0.000030, 0.000021, 0.000017, 0.000014, 99.17, 0.906, 49.58, 0.833, 32.87, 0.795, 38.46, 0.481
14851,158442, 99.17, 0.00, 0.909, 0.000, 0.000017, 0.000002,0,0,0, 0.000030, 0.000022, 0.000018, 0.000014, 99.17, 0.909, 49.58, 0.830, 33.14, 0.750, 196.72, 0.577
14852,158453, 99.17, 0.00, 0.948, 0.000, 0.000017, 0.000001,0,0,0, 0.000030, 0.000022, 0.000018, 0.000014, 99.17, 0.948, 49.79, 0.929, 33.14, 0.917, 65.93, 0.688
14853,158464, 49.79, 0.00, 0.976, 0.000, 0.000017, 0.000003,0,0,0, 0.000030, 0.000022, 0.000018, 0.000014, 49.79, 0.976, 33.14, 0.967, 99.17, 0.959, 39.60, 0.764
14854,158474, 49.58, 0.00, 0.948, 0.000, 0.000017, 0.000004,0,0,0, 0.000030, 0.000022, 0.000018, 0.000013, 49.58, 0.948, 99.17, 0.917, 33.14, 0.888, 65.93, 0.656
14855,158485, 49.79, 0.00, 0.917, 0.000, 0.000017, 0.000003,0,0,0, 0.000030, 0.000021, 0.000018, 0.000014, 49.79, 0.917, 99.17, 0.915, 33.14, 0.854, 196.72, 0.519
14856,158496, 99.17, 0.00, 0.926, 0.000, 0.000017, 0.000003,0,0,0, 0.000030, 0.000021, 0.000018, 0.000014, 99.17, 0.926, 49.79, 0.922, 33.24, 0.835, 200.00, 0.376
14857,158506, 33.14, 0.00, 0.973, 0.000, 0.000017, 0.000003,0,0,0, 0.000030, 0.000021, 0.000018, 0.000014, 33.14, 0.973, 99.17, 0.948, 49.58, 0.929, 40.13, 0.303
14858,158517, 99.17, 0.00, 0.960, 0.000, 0.000017, 0.000004,0,0,0, 0.000030, 0.000021, 0.000018, 0.000014, 99.17, 0.960, 33.05, 0.936, 49.58, 0.918, 40.00, 0.362
14859,158528, 99.17, 0.00, 0.967, 0.000, 0.000017, 0.000003,0,0,0, 0.000030, 0.000021, 0.000018, 0.000013, 99.17, 0.967, 49.58, 0.933, 33.05, 0.881, 66.66, 0.448
14860,158538, 33.14, 0.00, 0.979, 0.000, 0.000017, 0.000005,0,0,0, 0.000030, 0.000022, 0.000019, 0.000013, 33.14, 0.979, 99.17, 0.971, 49.79, 0.967, 40.00, 0.519
14861,158549, 33.14, 0.00, 0.972, 0.000, 0.000017, 0.000006,0,0,0, 0.000030, 0.000023, 0.000019, 0.000014, 33.14, 0.972, 49.79, 0.969, 99.17, 0.966, 40.40, 0.542
14862,158560, 99.17, 0.00, 0.966, 0.000, 0.000018, 0.000007,0,0,0, 0.000030, 0.000023, 0.000020, 0.000013, 99.17, 0.966, 49.58, 0.965, 33.05, 0.934, 40.40, 0.503
14863,158570, 99.17, 0.00, 0.938, 0.000, 0.000019, 0.000014,0,0,0, 0.000030, 0.000025, 0.000022, 0.000013, 99.17, 0.938, 49.58, 0.889, 33.05, 0.829, 65.93, 0.268
14864,158581, 33.24, 0.00, 0.993, 0.000, 0.000018, 0.000009,0,0,0, 0.000030, 0.000022, 0.000019, 0.000013, 33.24, 0.993, 50.00, 0.899, 100.00, 0.882, 39.08, 0.336
14865,158592, 33.24, 0.00, 0.949, 0.000, 0.000018, 0.000006,0,0,0, 0.000030, 0.000022, 0.000019, 0.000014, 33.24, 0.949, 49.79, 0.886, 99.17, 0.879, 64.17, 0.264
14866,158602, 99.17, 0.00, 0.925, 0.000, 0.000017, 0.000004,0,0,0, 0.000030, 0.000021, 0.000018, 0.000014, 99.17, 0.925, 49.58, 0.899, 33.05, 0.795, 187.50, 0.367
14867,158613, 49.58, 0.00, 0.986, 0.000, 0.000017, 0.000003,0,0,0, 0.000030, 0.000021, 0.000019, 0.000014, 49.58, 0.986, 99.17, 0.986, 33.05, 0.977, 38.83, 0.558
14868,158624, 99.17, 0.00, 0.982, 0.000, 0.000017, 0.000004,0,0,0, 0.000030, 0.000023, 0.000019, 0.000013, 99.17, 0.982, 49.58, 0.978, 33.14, 0.959, 38.96, 0.606
14869,158634, 99.17, 0.00, 0.985, 0.000, 0.000017, 0.000004,0,0,0, 0.000030, 0.000023, 0.000019, 0.000013, 99.17, 0.985, 49.79, 0.974, 33.14, 0.968, 64.86, 0.591
14870,158645, 99.17, 0.00, 0.987, 0.000, 0.000017, 0.000005,0,0,0, 0.000030, 0.000023, 0.000019, 0.000013, 99.17, 0.987, 49.58, 0.984, 33.14, 0.970, 39.08, 0.609
14871,158656, 49.58, 0.00, 0.965, 0.000, 0.000017, 0.000003,0,0,0, 0.000030, 0.000023, 0.000018, 0.000013, 49.58, 0.965, 99.17, 0.964, 33.14, 0.931, 64.51, 0.529
14872,158666, 99.17, 0.00, 0.955, 0.000, 0.000017, 0.000005,0,0,0, 0.000030, 0.000021, 0.000019, 0.000014, 99.17, 0.955, 49.79, 0.949, 33.24, 0.923, 65.93, 0.440
14873,158677, 49.79, 0.00, 0.966, 0.000, 0.000018, 0.000007,0,0,0, 0.000030, 0.000022, 0.000019, 0.000014, 49.79, 0.966, 100.00, 0.943, 33.24, 0.901, 40.67, 0.416
14874,158688, 49.58, 0.00, 0.966, 0.000, 0.000017, 0.000005,0,0,0, 0.000030, 0.000020, 0.000017, 0.000013, 49.58, 0.966, 33.05, 0.948, 99.17, 0.943, 40.54, 0.328
14875,158698, 33.05, 0.00, 0.988, 0.000, 0.000017, 0.000004,0,0,0, 0.000030, 0.000021, 0.000018, 0.000013, 33.05, 0.988, 49.58, 0.962, 99.17, 0.947, 203.38, 0.382
14876,158709, 99.17, 0.00, 0.951, 0.000, 0.000017, 0.000005,0,0,0, 0.000030, 0.000021, 0.000019, 0.000013, 99.17, 0.951, 49.58, 0.951, 32.96, 0.929, 66.29, 0.454
14877,158720, 99.17, 0.00, 0.957, 0.000, 0.000017, 0.000006,0,0,0, 0.000030, 0.000022, 0.000019, 0.000013, 99.17, 0.957, 49.58, 0.955, 33.05, 0.949, 40.26, 0.520
14878,158730, 99.17, 0.00, 0.938, 0.000, 0.000018, 0.000010,0,0,0, 0.000030, 0.000024, 0.000021, 0.000013, 99.17, 0.938, 49.58, 0.921, 32.96, 0.904, 68.57, 0.410
14879,158741, 99.17, 0.00, 0.935, 0.000, 0.000018, 0.000007,0,0,0, 0.000030, 0.000023, 0.000020, 0.000013, 99.17, 0.935, 49.58, 0.918, 33.05, 0.904, 40.54, 0.376
14880,158752, 49.58, 0.00, 0.980, 0.000, 0.000018, 0.000008,0,0,0, 0.000030, 0.000024, 0.000021, 0.000013, 49.58, 0.980, 99.17, 0.942, 33.05, 0.931, 39.47, 0.164
14881,158762, 49.79, 0.00, 0.971, 0.000, 0.000018, 0.000006,0,0,0, 0.000030, 0.000022, 0.000019, 0.000013, 49.79, 0.971, 100.00, 0.935, 33.24, 0.914, 38.96, 0.191
14882,158773, 99.17, 0.00, 0.943, 0.000, 0.000018, 0.000004,0,0,0, 0.000030, 0.000021, 0.000019, 0.000014, 99.17, 0.943, 49.79, 0.937, 33.14, 0.919, 63.82, 0.281
14883,158784, 99.17, 0.00, 0.914, 0.000, 0.000017, 0.000003,0,0,0, 0.000030, 0.000021, 0.000017, 0.000014, 99.17, 0.914, 49.58, 0.887, 33.05, 0.816, 38.58, 0.481
14884,158794, 99.17, 0.00, 0.946, 0.000, 0.000017, 0.000002,0,0,0, 0.000030, 0.000020, 0.000018, 0.000014, 99.17, 0.946, 49.38, 0.873, 32.96, 0.852, 38.70, 0.646
14885,158805, 99.17, 0.00, 0.931, 0.000, 0.000017, 0.000003,0,0,0, 0.000030, 0.000022, 0.000018, 0.000014, 99.17, 0.931, 49.58, 0.912, 33.05, 0.888, 193.54, 0.723
14886,158816, 49.58, 0.00, 0.957, 0.000, 0.000017, 0.000002,0,0,0, 0.000030, 0.000022, 0.000018, 0.000014, 49.58, 0.957, 99.17, 0.952, 33.05, 0.946, 65.57, 0.750
14887,158826, 49.58, 0.00, 0.968, 0.000, 0.000017, 0.000004,0,0,0, 0.000030, 0.000022, 0.000019, 0.000014, 49.58, 0.968, 33.05, 0.951, 99.17, 0.946, 39.34, 0.726
14888,158837, 49.79, 0.00, 0.957, 0.000, 0.000017, 0.000003,0,0,0, 0.000030, 0.000022, 0.000018, 0.000013, 49.79, 0.957, 99.17, 0.937, 33.14, 0.862, 39.34, 0.661
14889,158848, 99.17, 0.00, 0.960, 0.000, 0.000017, 0.000002,0,0,0, 0.000030, 0.000021, 0.000018, 0.000014, 99.17, 0.960, 49.79, 0.930, 33.24, 0.897, 66.29, 0.542
14890,158858, 99.17, 0.00, 0.968, 0.000, 0.000017, 0.000002,0,0,0, 0.000030, 0.000021, 0.000018, 0.000014, 99.17, 0.968, 49.58, 0.948, 33.14, 0.920, 40.13, 0.501
14891,158869, 99.17, 0.00, 0.981, 0.000, 0.000017, 0.000003,0,0,0, 0.000030, 0.000021, 0.000018, 0.000014, 99.17, 0.981, 49.58, 0.969, 33.05, 0.952, 40.13, 0.471
14892,158880, 99.17, 0.00, 0.975, 0.000, 0.000017, 0.000003,0,0,0, 0.000030, 0.000021, 0.000018, 0.000014, 99.17, 0.975, 49.58, 0.959, 33.05, 0.944, 206.89, 0.516
14893,158890, 49.79, 0.00, 0.978, 0.000, 0.000017, 0.000005,0,0,0, 0.000030, 0.000021, 0.000018, 0.000014, 49.79, 0.978, 99.17, 0.970, 33.05, 0.951, 66.66, 0.581
14894,158901, 49.58, 0.00, 0.981, 0.000, 0.000017, 0.000004,0,0,0, 0.000030, 0.000022, 0.000018, 0.000013, 49.58, 0.981, 99.17, 0.980, 33.05, 0.954, 40.13, 0.608
14895,158912, 99.17, 0.00, 0.970, 0.000, 0.000017, 0.000004,0,0,0, 0.000030, 0.000022, 0.000018, 0.000014, 99.17, 0.970, 49.79, 0.959, 33.14, 0.949, 40.40, 0.547
14896,158922, 100.00, 0.00, 0.867, 0.000, 0.000019, 0.000014,0,0,0, 0.000030, 0.000024, 0.000022, 0.000013, 100.00, 0.867, 50.00, 0.775, 33.42, 0.652, 67.79, 0.306
14897,158933, 100.84, 0.00, 0.812, 0.000, 0.000019, 0.000012,0,0,0, 0.000030, 0.000022, 0.000023, 0.000013, 100.84, 0.812, 50.84, 0.578, 33.80, 0.513, 42.25, 0.128
14898,158944, 101.69, 0.00, 0.515, 0.000, 0.000018, 0.000008,0,0,0, 0.000030, 0.000022, 0.000019, 0.000012, 101.69, 0.515, 51.06, 0.277, 36.25, 0.266, 42.25, 0.183
14899,158954, 38.46, 0.00, 0.582, 0.000, 0.000017, 0.000005,0,0,0, 0.000030, 0.000015, 0.000018, 0.000012, 38.46, 0.582, 40.13, 0.428, 62.17, 0.333, 122.44, 0.332
14900,158965, 61.85, 0.00, 0.511, 0.000, 0.000019, 0.000013,0,0,0, 0.000030, 0.000026, 0.000023, 0.000012, 61.85, 0.511, 41.66, 0.452, 56.07, 0.326, 44.77, 0.267
14901,158976, 31.16, 0.00, 0.646, 0.000, 0.000019, 0.000009,0,0,0, 0.000030, 0.000018, 0.000021, 0.000014, 31.16, 0.646, 41.52, 0.437, 62.50, 0.338, 32.60, 0.269
14902,158986, 31.91, 0.00, 0.668, 0.000, 0.000019, 0.000006,0,0,0, 0.000030, 0.000019, 0.000021, 0.000013, 31.91, 0.668, 32.52, 0.663, 62.50, 0.483, 69.36, 0.324
14903,158997, 59.40, 0.00, 0.468, 0.000, 0.000019, 0.000006,0,0,0, 0.000030, 0.000022, 0.000021, 0.000014, 59.40, 0.468, 31.57, 0.439, 123.71, 0.272, 40.13, 0.116
14904,159008, 56.60, 0.00, 0.700, 0.000, 0.000019, 0.000005,0,0,0, 0.000030, 0.000020, 0.000020, 0.000013, 56.60, 0.700, 37.85, 0.538, 38.46, 0.534, 39.21, 0.529
14905,159018, 39.86, 0.00, 0.479, 0.000, 0.000019, 0.000007,0,0,0, 0.000030, 0.000021, 0.000021, 0.000013, 39.86, 0.479, 109.09, 0.473, 62.17, 0.428, 0.00, 0.000
14906,159029, 40.00, 0.00, 0.821, 0.000, 0.000018, 0.000005,0,0,0, 0.000030, 0.000018, 0.000019, 0.000013, 40.00, 0.821, 111.11, 0.493, 113.20, 0.492, 62.82, 0.472
14907,159040, 106.19, 0.00, 0.489, 0.000, 0.000018, 0.000006,0,0,0, 0.000030, 0.000019, 0.000021, 0.000013, 106.19, 0.489, 55.55, 0.406, 39.86, 0.241, 0.00, 0.000
14908,159050, 104.34, 0.00, 0.626, 0.000, 0.000019, 0.000010,0,0,0, 0.000030, 0.000025, 0.000023, 0.000012, 104.34, 0.626, 51.94, 0.546, 32.69, 0.374, 36.03, 0.139
14909,159061, 32.87, 0.00, 0.511, 0.000, 0.000019, 0.000012,0,0,0, 0.000030, 0.000017, 0.000023, 0.000012, 32.87, 0.511, 50.63, 0.445, 48.19, 0.354, 101.69, 0.316
14910,159072, 47.61, 0.00, 0.564, 0.000, 0.000019, 0.000008,0,0,0, 0.000030, 0.000023, 0.000022, 0.000013, 47.61, 0.564, 33.33, 0.209, 60.60, 0.146, 58.25, 0.145
14911,159082, 47.43, 0.00, 0.539, 0.000, 0.000020, 0.000016,0,0,0, 0.000030, 0.000022, 0.000025, 0.000012, 47.43, 0.539, 38.09, 0.414, 244.89, 0.137, 34.28, 0.128
14912,159093, 39.73, 0.00, 0.244, 0.000, 0.000020, 0.000011,0,0,0, 0.000030, 0.000024, 0.000023, 0.000013, 39.73, 0.244, 46.69, 0.242, 42.70, 0.242, 30.84, 0.140
14913,159104, 38.09, 0.00, 0.391, 0.000, 0.000019, 0.000008,0,0,0, 0.000030, 0.000021, 0.000019, 0.000014, 38.09, 0.391, 76.43, 0.351, 47.24, 0.209, 0.00, 0.000
14914,159114, 32.00, 0.00, 0.896, 0.000, 0.000019, 0.000007,0,0,0, 0.000030, 0.000019, 0.000022, 0.000012, 32.00, 0.896, 51.06, 0.335, 91.60, 0.275, 0.00, 0.000
14915,159125, 50.42, 0.00, 0.665, 0.000, 0.000019, 0.000006,0,0,0, 0.000030, 0.000023, 0.000022, 0.000014, 50.42, 0.665, 35.60, 0.374, 100.84, 0.305, 0.00, 0.000
14916,159136, 49.58, 0.00, 0.530, 0.000, 0.000018, 0.000004,0,0,0, 0.000030, 0.000014, 0.000018, 0.000012, 49.58, 0.530, 36.36, 0.478, 126.31, 0.190, 100.00, 0.069
14917,159146, 40.81, 0.00, 0.492, 0.000, 0.000020, 0.000017,0,0,0, 0.000030, 0.000021, 0.000025, 0.000013, 40.81, 0.492, 37.97, 0.405, 54.79, 0.355, 60.30, 0.121
14918,159157, 38.09, 0.00, 0.727, 0.000, 0.000019, 0.000012,0,0,0, 0.000030, 0.000021, 0.000019, 0.000013, 38.09, 0.727, 54.29, 0.361, 129.03, 0.352, 71.00, 0.022
14919,159168, 38.46, 0.00, 0.602, 0.000, 0.000020, 0.000014,0,0,0, 0.000030, 0.000018, 0.000023, 0.000013, 38.46, 0.602, 127.65, 0.283, 62.17, 0.091, 70.58, 0.005
14920,159178, 36.25, 0.00, 0.426, 0.000, 0.000020, 0.000010,0,0,0, 0.000030, 0.000020, 0.000023, 0.000012, 36.25, 0.426, 63.49, 0.261, 43.79, 0.115, 121.21, 0.094
14921,159189, 31.25, 0.00, 0.539, 0.000, 0.000019, 0.000007,0,0,0, 0.000030, 0.000021, 0.000022, 0.000014, 31.25, 0.539, 70.17, 0.428, 82.75, 0.235, 42.85, 0.107
14922,159200, 38.46, 0.00, 0.419, 0.000, 0.000019, 0.000005,0,0,0, 0.000030, 0.000022, 0.000022, 0.000014, 38.46, 0.419, 69.76, 0.348, 31.91, 0.251, 0.00, 0.000
14923,159210, 49.18, 0.00, 0.310, 0.000, 0.000021, 0.000021,0,0,0, 0.000030, 0.000026, 0.000025, 0.000011, 49.18, 0.310, 89.55, 0.085, 67.41, 0.063, 0.00, 0.000
14924,159221, 39.73, 0.00, 0.436, 0.000, 0.000020, 0.000015,0,0,0, 0.000030, 0.000018, 0.000023, 0.000013, 39.73, 0.436, 51.28, 0.297, 59.11, 0.149, 0.00, 0.000
14925,159232, 38.58, 0.00, 0.490, 0.000, 0.000019, 0.000010,0,0,0, 0.000030, 0.000018, 0.000020, 0.000012, 38.58, 0.490, 51.72, 0.401, 30.15, 0.347, 155.84, 0.114
14926,159242, 32.00, 0.00, 0.727, 0.000, 0.000020, 0.000007,0,0,0, 0.000030, 0.000023, 0.000022, 0.000014, 32.00, 0.727, 53.57, 0.491, 83.91, 0.105, 0.00, 0.000
14927,159253, 35.29, 0.00, 0.707, 0.000, 0.000019, 0.000005,0,0,0, 0.000030, 0.000020, 0.000021, 0.000013, 35.29, 0.707, 51.72, 0.317, 56.60, 0.306, 107.14, 0.025
14928,159264, 31.57, 0.00, 0.716, 0.000, 0.000019, 0.000008,0,0,0, 0.000030, 0.000020, 0.000022, 0.000012, 31.57, 0.716, 49.58, 0.468, 34.98, 0.199, 93.02, 0.150
14929,159274, 51.94, 0.00, 0.751, 0.000, 0.000020, 0.000008,0,0,0, 0.000030, 0.000021, 0.000023, 0.000013, 51.94, 0.751, 0.00, 0.000, 0.00, 0.000, 0.00, 0.000
14930,159285, 31.66, 0.00, 0.531, 0.000, 0.000021, 0.000013,0,0,0, 0.000030, 0.000016, 0.000024, 0.000013, 31.66, 0.531, 52.40, 0.434, 58.53, 0.348, 36.58, 0.218
14931,159296, 58.82, 0.00, 0.646, 0.000, 0.000021, 0.000012,0,0,0, 0.000030, 0.000023, 0.000024, 0.000012, 58.82, 0.646, 0.00, 0.000, 0.00, 0.000, 0.00, 0.000
14932,159306, 58.82, 0.00, 0.652, 0.000, 0.000020, 0.000009,0,0,0, 0.000030, 0.000025, 0.000023, 0.000011, 58.82, 0.652, 34.18, 0.435, 69.36, 0.366, 0.00, 0.000
14933,159317, 59.70, 0.00, 0.725, 0.000, 0.000021, 0.000016,0,0,0, 0.000030, 0.000009, 0.000025, 0.000012, 59.70, 0.725, 0.00, 0.000, 0.00, 0.000, 0.00, 0.000
14934,159328, 33.24, 0.00, 0.816, 0.000, 0.000020, 0.000011,0,0,0, 0.000030, 0.000019, 0.000022, 0.000013, 33.24, 0.816, 64.17, 0.757, 0.00, 0.000, 0.00, 0.000
14935,159338, 68.96, 0.00, 0.548, 0.000, 0.000020, 0.000011,0,0,0, 0.000030, 0.000017, 0.000024, 0.000013, 68.96, 0.548, 31.57, 0.545, 35.50, 0.519, 0.00, 0.000
14936,159349, 45.28, 0.00, 0.321, 0.000, 0.000020, 0.000008,0,0,0, 0.000030, 0.000018, 0.000022, 0.000013, 45.28, 0.321, 69.76, 0.239, 81.08, 0.181, 0.00, 0.000
14937,159360, 45.11, 0.00, 0.651, 0.000, 0.000020, 0.000008,0,0,0, 0.000030, 0.000025, 0.000023, 0.000014, 45.11, 0.651, 93.75, 0.397, 0.00, 0.000, 0.00, 0.000
14938,159370, 42.25, 0.00, 0.464, 0.000, 0.000019, 0.000005,0,0,0, 0.000030, 0.000008, 0.000021, 0.000008, 42.25, 0.464, 100.00, 0.352, 49.58, 0.155, 71.42, 0.087
14939,159381, 31.57, 0.00, 0.993, 0.000, 0.000020, 0.000012,0,0,0, 0.000030, 0.000018, 0.000024, 0.000013, 31.57, 0.993, 47.43, 0.227, 65.21, 0.172, 69.36, 0.136
14940,159392, 31.41, 0.00, 0.560, 0.000, 0.000020, 0.000009,0,0,0, 0.000030, 0.000017, 0.000023, 0.000013, 31.41, 0.560, 34.78, 0.497, 51.50, 0.354, 48.19, 0.252
14941,159402, 92.30, 0.00, 0.555, 0.000, 0.000020, 0.000008,0,0,0, 0.000030, 0.000021, 0.000023, 0.000014, 92.30, 0.555, 46.51, 0.349, 32.34, 0.100, 0.00, 0.000
14942,159413, 90.90, 0.00, 0.875, 0.000, 0.000020, 0.000005,0,0,0, 0.000030, 0.000022, 0.000021, 0.000014, 90.90, 0.875, 45.97, 0.743, 44.11, 0.731, 30.61, 0.691
14943,159424, 86.33, 0.00, 0.657, 0.000, 0.000019, 0.000003,0,0,0, 0.000030, 0.000024, 0.000019, 0.000012, 86.33, 0.657, 30.07, 0.654, 46.15, 0.592, 0.00, 0.000
14944,159434, 32.60, 0.00, 0.751, 0.000, 0.000020, 0.000015,0,0,0, 0.000030, 0.000020, 0.000024, 0.000011, 32.60, 0.751, 90.90, 0.372, 94.48, 0.371, 46.87, 0.361
14945,159445, 31.91, 0.00, 0.988, 0.000, 0.000019, 0.000010,0,0,0, 0.000030, 0.000022, 0.000021, 0.000013, 31.91, 0.988, 52.63, 0.390, 47.80, 0.340, 99.17, 0.270
14946,159456, 92.30, 0.00, 0.532, 0.000, 0.000019, 0.000007,0,0,0, 0.000030, 0.000022, 0.000021, 0.000013, 92.30, 0.532, 43.16, 0.435, 46.33, 0.416, 30.92, 0.393
14947,159466, 30.45, 0.00, 0.822, 0.000, 0.000019, 0.000005,0,0,0, 0.000030, 0.000019, 0.000020, 0.000013, 30.45, 0.822, 91.60, 0.761, 45.11, 0.662, 0.00, 0.000
14948,159477, 92.30, 0.00, 0.778, 0.000, 0.000019, 0.000009,0,0,0, 0.000030, 0.000012, 0.000022, 0.000009, 92.30, 0.778, 45.62, 0.590, 0.00, 0.000, 0.00, 0.000
14949,159488, 93.75, 0.00, 0.648, 0.000, 0.000020, 0.000015,0,0,0, 0.000030, 0.000016, 0.000025, 0.000012, 93.75, 0.648, 32.96, 0.598, 31.00, 0.591, 48.00, 0.580
14950,159498, 31.74, 0.00, 0.894, 0.000, 0.000020, 0.000010,0,0,0, 0.000030, 0.000020, 0.000024, 0.000014, 31.74, 0.894, 97.56, 0.643, 49.38, 0.632, 0.00, 0.000
14951,159509, 93.02, 0.00, 0.795, 0.000, 0.000020, 0.000007,0,0,0, 0.000030, 0.000019, 0.000022, 0.000013, 93.02, 0.795, 47.05, 0.596, 44.60, 0.587, 32.34, 0.527
14952,159520, 91.60, 0.00, 0.811, 0.000, 0.000019, 0.000007,0,0,0, 0.000030, 0.000023, 0.000022, 0.000013, 91.60, 0.811, 45.28, 0.810, 31.08, 0.595, 0.00, 0.000
14953,159530, 92.30, 0.00, 0.870, 0.000, 0.000019, 0.000005,0,0,0, 0.000030, 0.000023, 0.000020, 0.000012, 92.30, 0.870, 30.61, 0.817, 45.45, 0.796, 0.00, 0.000
14954,159541, 31.41, 0.00, 0.971, 0.000, 0.000018, 0.000004,0,0,0, 0.000030, 0.000019, 0.000020, 0.000013, 31.41, 0.971, 93.75, 0.771, 47.05, 0.660, 0.00, 0.000
14955,159552, 95.23, 0.00, 0.853, 0.000, 0.000019, 0.000008,0,0,0, 0.000030, 0.000020, 0.000022, 0.000013, 95.23, 0.853, 32.00, 0.843, 48.19, 0.748, 0.00, 0.000
14956,159562, 47.43, 0.00, 0.820, 0.000, 0.000019, 0.000008,0,0,0, 0.000030, 0.000018, 0.000022, 0.000013, 47.43, 0.820, 95.23, 0.815, 31.33, 0.725, 0.00, 0.000
14957,159573, 30.92, 0.00, 0.908, 0.000, 0.000019, 0.000010,0,0,0, 0.000030, 0.000017, 0.000023, 0.000012, 30.92, 0.908, 91.60, 0.892, 46.69, 0.873, 0.00, 0.000
14958,159584, 30.76, 0.00, 0.957, 0.000, 0.000019, 0.000009,0,0,0, 0.000030, 0.000019, 0.000023, 0.000013, 30.76, 0.957, 92.30, 0.900, 46.51, 0.873, 0.00, 0.000
14959,159594, 31.33, 0.00, 0.997, 0.000, 0.000019, 0.000006,0,0,0, 0.000030, 0.000018, 0.000022, 0.000013, 31.33, 0.997, 94.48, 0.924, 46.87, 0.923, 0.00, 0.000
14960,159605, 47.61, 0.00, 0.932, 0.000, 0.000019, 0.000008,0,0,0, 0.000030, 0.000021, 0.000023, 0.000014, 47.61, 0.932, 95.23, 0.876, 31.83, 0.742, 0.00, 0.000
14961,159616, 95.23, 0.00, 0.816, 0.000, 0.000020, 0.000012,0,0,0, 0.000030, 0.000025, 0.000023, 0.000013, 95.23, 0.816, 47.61, 0.722, 31.91, 0.644, 0.00, 0.000
14962,159626, 30.92, 0.00, 0.835, 0.000, 0.000019, 0.000008,0,0,0, 0.000030, 0.000021, 0.000020, 0.000013, 30.92, 0.835, 46.33, 0.725, 90.90, 0.715, 0.00, 0.000
14963,159637, 45.80, 0.00, 0.760, 0.000, 0.000018, 0.000005,0,0,0, 0.000030, 0.000028, 0.000021, 0.000010, 45.80, 0.760, 92.30, 0.625, 30.76, 0.566, 0.00, 0.000
14964,159648, 32.69, 0.00, 0.772, 0.000, 0.000021, 0.000024,0,0,0, 0.000030, 0.000023, 0.000026, 0.000012, 32.69, 0.772, 45.97, 0.594, 92.30, 0.319, 0.00, 0.000
14965,159658, 46.69, 0.00, 0.410, 0.000, 0.000019, 0.000017,0,0,0, 0.000000, 0.000000, 0.000011, 0.000004, 46.69, 0.410, 93.02, 0.104, 0.00, 0.000, 0.00, 0.000
14966,159669, 30.84, 0.00, 0.634, 0.000, 0.000021, 0.000018,0,0,0, 0.000030, 0.000021, 0.000026, 0.000014, 30.84, 0.634, 44.44, 0.362, 36.14, 0.167, 36.58, 0.166
14967,159680, 44.44, 0.00, 0.672, 0.000, 0.000019, 0.000013,0,0,0, 0.000000, 0.000000, 0.000010, 0.000004, 44.44, 0.672, 0.00, 0.000, 0.00, 0.000, 0.00, 0.000
14968,159690, 50.20, 0.00, 0.952, 0.000, 0.000020, 0.000016,0,0,0, 0.000030, 0.000020, 0.000026, 0.000014, 50.20, 0.952, 0.00, 0.000, 0.00, 0.000, 0.00, 0.000
14969,159701, 50.84, 0.00, 0.897, 0.000, 0.000021, 0.000021,0,0,0, 0.000030, 0.000011, 0.000026, 0.000009, 50.84, 0.897, 0.00, 0.000, 0.00, 0.000, 0.00, 0.000
14970,159712, 52.17, 0.00, 0.983, 0.000, 0.000020, 0.000014,0,0,0, 0.000030, 0.000018, 0.000020, 0.000012, 52.17, 0.983, 0.00, 0.000, 0.00, 0.000, 0.00, 0.000
14971,159722, 52.17, 0.00, 0.988, 0.000, 0.000021, 0.000019,0,0,0, 0.000030, 0.000017, 0.000026, 0.000011, 52.17, 0.988, 0.00, 0.000, 0.00, 0.000, 0.00, 0.000
14972,159733, 51.94, 0.00, 0.991, 0.000, 0.000019, 0.000013,0,0,0, 0.000030, 0.000012, 0.000020, 0.000010, 51.94, 0.991, 0.00, 0.000, 0.00, 0.000, 0.00, 0.000
14973,159744, 52.40, 0.00, 0.977, 0.000, 0.000021, 0.000017,0,0,0, 0.000030, 0.000021, 0.000026, 0.000012, 52.40, 0.977, 0.00, 0.000, 0.00, 0.000, 0.00, 0.000
14974,159754, 52.63, 0.00, 0.995, 0.000, 0.000019, 0.000012,0,0,0, 0.000000, 0.000000, 0.000019, 0.000008, 52.63, 0.995, 0.00, 0.000, 0.00, 0.000, 0.00, 0.000
14975,159765, 54.79, 0.00, 0.911, 0.000, 0.000020, 0.000015,0,0,0, 0.000030, 0.000022, 0.000025, 0.000014, 54.79, 0.911, 0.00, 0.000, 0.00, 0.000, 0.00, 0.000
14976,159776, 55.29, 0.00, 0.984, 0.000, 0.000021, 0.000019,0,0,0, 0.000030, 0.000013, 0.000025, 0.000010, 55.29, 0.984, 0.00, 0.000, 0.00, 0.000, 0.00, 0.000
14977,159786, 55.55, 0.00, 0.998, 0.000, 0.000020, 0.000013,0,0,0, 0.000030, 0.000017, 0.000020, 0.000012, 55.55, 0.998, 0.00, 0.000, 0.00, 0.000, 0.00, 0.000
14978,159797, 55.29, 0.00, 0.998, 0.000, 0.000021, 0.000017,0,0,0, 0.000030, 0.000021, 0.000025, 0.000012, 55.29, 0.998, 0.00, 0.000, 0.00, 0.000, 0.00, 0.000
14979,159808, 55.04, 0.00, 0.995, 0.000, 0.000019, 0.000012,0,0,0, 0.000030, 0.000007, 0.000020, 0.000010, 55.04, 0.995, 0.00, 0.000, 0.00, 0.000, 0.00, 0.000
14980,159818, 55.55, 0.00, 0.955, 0.000, 0.000020, 0.000015,0,0,0, 0.000030, 0.000021, 0.000025, 0.000014, 55.55, 0.955, 0.00, 0.000, 0.00, 0.000, 0.00, 0.000
14981,159829, 56.87, 0.00, 0.915, 0.000, 0.000021, 0.000018,0,0,0, 0.000030, 0.000013, 0.000025, 0.000010, 56.87, 0.915, 0.00, 0.000, 0.00, 0.000, 0.00, 0.000
14982,159840, 57.69, 0.00, 0.963, 0.000, 0.000020, 0.000012,0,0,0, 0.000030, 0.000017, 0.000020, 0.000011, 57.69, 0.963, 0.00, 0.000, 0.00, 0.000, 0.00, 0.000
14983,159850, 58.25, 0.00, 0.986, 0.000, 0.000020, 0.000015,0,0,0, 0.000030, 0.000022, 0.000025, 0.000012, 58.25, 0.986, 0.00, 0.000, 0.00, 0.000, 0.00, 0.000
14984,159861, 58.53, 0.00, 0.997, 0.000, 0.000019, 0.000010,0,0,0, 0.000030, 0.000001, 0.000020, 0.000008, 58.53, 0.997, 0.00, 0.000, 0.00, 0.000, 0.00, 0.000
14985,159872, 58.25, 0.00, 0.989, 0.000, 0.000020, 0.000013,0,0,0, 0.000030, 0.000022, 0.000025, 0.000015, 58.25, 0.989, 0.00, 0.000, 0.00, 0.000, 0.00, 0.000
14986,159882, 58.25, 0.00, 0.989, 0.000, 0.000021, 0.000016,0,0,0, 0.000030, 0.000018, 0.000025, 0.000011, 58.25, 0.989, 0.00, 0.000, 0.00, 0.000, 0.00, 0.000
14987,159893, 57.41, 0.00, 0.958, 0.000, 0.000019, 0.000011,0,0,0, 0.000030, 0.000014, 0.000021, 0.000011, 57.41, 0.958, 0.00, 0.000, 0.00, 0.000, 0.00, 0.000
14988,159904, 57.69, 0.00, 0.970, 0.000, 0.000020, 0.000013,0,0,0, 0.000030, 0.000023, 0.000025, 0.000013, 57.69, 0.970, 0.00, 0.000, 0.00, 0.000, 0.00, 0.000
14989,159914, 57.69, 0.00, 0.997, 0.000, 0.000021, 0.000016,0,0,0, 0.000030, 0.000011, 0.000025, 0.000011, 57.69, 0.997, 0.00, 0.000, 0.00, 0.000, 0.00, 0.000
14990,159925, 57.97, 0.00, 0.917, 0.000, 0.000020, 0.000011,0,0,0, 0.000030, 0.000018, 0.000020, 0.000012, 57.97, 0.917, 0.00, 0.000, 0.00, 0.000, 0.00, 0.000
14991,159936, 61.53, 0.00, 0.907, 0.000, 0.000020, 0.000014,0,0,0, 0.000030, 0.000022, 0.000025, 0.000013, 61.53, 0.907, 30.15, 0.842, 0.00, 0.000, 0.00, 0.000
14992,159946, 61.85, 0.00, 0.999, 0.000, 0.000021, 0.000017,0,0,0, 0.000030, 0.000010, 0.000025, 0.000011, 61.85, 0.999, 30.92, 0.998, 0.00, 0.000, 0.00, 0.000
14993,159957, 30.69, 0.00, 0.999, 0.000, 0.000020, 0.000012,0,0,0, 0.000030, 0.000019, 0.000021, 0.000013, 30.69, 0.999, 61.53, 0.991, 0.00, 0.000, 0.00, 0.000
14994,159968, 61.53, 0.00, 0.993, 0.000, 0.000020, 0.000014,0,0,0, 0.000030, 0.000022, 0.000025, 0.000012, 61.53, 0.993, 30.69, 0.979, 0.00, 0.000, 0.00, 0.000
14995,159978, 61.53, 0.00, 0.999, 0.000, 0.000020, 0.000017,0,0,0, 0.000030, 0.000008, 0.000025, 0.000011, 61.53, 0.999, 30.76, 0.999, 0.00, 0.000, 0.00, 0.000
14996,159989, 30.61, 0.00, 0.999, 0.000, 0.000020, 0.000012,0,0,0, 0.000030, 0.000021, 0.000023, 0.000013, 30.61, 0.999, 61.22, 0.995, 0.00, 0.000, 0.00, 0.000
14997,160000, 30.69, 0.00, 0.998, 0.000, 0.000020, 0.000014,0,0,0, 0.000030, 0.000022, 0.000025, 0.000011, 30.69, 0.998, 61.22, 0.996, 0.00, 0.000, 0.00, 0.000
14998,160010, 31.25, 0.00, 0.994, 0.000, 0.000021, 0.000016,0,0,0, 0.000030, 0.000008, 0.000024, 0.000011, 31.25, 0.994, 62.50, 0.947, 0.00, 0.000, 0.00, 0.000
14999,160021, 31.83, 0.00, 0.996, 0.000, 0.000020, 0.000011,0,0,0, 0.000030, 0.000019, 0.000023, 0.000013, 31.83, 0.996, 63.82, 0.975, 0.00, 0.000, 0.00, 0.000
15000,160032, 64.51, 0.00, 0.985, 0.000, 0.000020, 0.000013,0,0,0, 0.000030, 0.000021, 0.000024, 0.000013, 64.51, 0.985, 32.25, 0.984, 0.00, 0.000, 0.00, 0.000
15001,160042, 32.43, 0.00, 0.999, 0.000, 0.000021, 0.000016,0,0,0, 0.000030, 0.000012, 0.000024, 0.000011, 32.43, 0.999, 64.86, 0.997, 0.00, 0.000, 0.00, 0.000
15002,160053, 32.34, 0.00, 0.999, 0.000, 0.000020, 0.000011,0,0,0, 0.000030, 0.000017, 0.000020, 0.000011, 32.34, 0.999, 64.86, 0.995, 0.00, 0.000, 0.00, 0.000
15003,160064, 32.34, 0.00, 0.997, 0.000, 0.000020, 0.000013,0,0,0, 0.000030, 0.000021, 0.000024, 0.000014, 32.34, 0.997, 64.86, 0.996, 0.00, 0.000, 0.00, 0.000
15004,160074, 32.43, 0.00, 0.998, 0.000, 0.000021, 0.000015,0,0,0, 0.000030, 0.000016, 0.000024, 0.000011, 32.43, 0.998, 64.86, 0.998, 0.00, 0.000, 0.00, 0.000
15005,160085, 32.43, 0.00, 0.999, 0.000, 0.000019, 0.000010,0,0,0, 0.000030, 0.000014, 0.000020, 0.000010, 32.43, 0.999, 64.86, 0.998, 0.00, 0.000, 0.00, 0.000
15006,160096, 32.96, 0.00, 0.980, 0.000, 0.000020, 0.000011,0,0,0, 0.000030, 0.000021, 0.000024, 0.000014, 32.96, 0.980, 65.93, 0.936, 0.00, 0.000, 0.00, 0.000
15007,160106, 33.80, 0.00, 0.985, 0.000, 0.000020, 0.000013,0,0,0, 0.000030, 0.000021, 0.000024, 0.000011, 33.80, 0.985, 67.79, 0.974, 0.00, 0.000, 0.00, 0.000
15008,160117, 68.57, 0.00, 0.990, 0.000, 0.000021, 0.000015,0,0,0, 0.000030, 0.000011, 0.000024, 0.000012, 68.57, 0.990, 34.18, 0.985, 0.00, 0.000, 0.00, 0.000
15009,160128, 68.57, 0.00, 0.998, 0.000, 0.000020, 0.000010,0,0,0, 0.000030, 0.000017, 0.000020, 0.000012, 68.57, 0.998, 34.28, 0.997, 0.00, 0.000, 0.00, 0.000
15010,160138, 68.57, 0.00, 0.997, 0.000, 0.000020, 0.000011,0,0,0, 0.000030, 0.000021, 0.000024, 0.000014, 68.57, 0.997, 34.28, 0.991, 0.00, 0.000, 0.00, 0.000
15011,160149, 68.96, 0.00, 0.988, 0.000, 0.000020, 0.000012,0,0,0, 0.000030, 0.000019, 0.000024, 0.000012, 68.96, 0.988, 34.38, 0.980, 0.00, 0.000, 0.00, 0.000
15012,160160, 70.17, 0.00, 0.943, 0.000, 0.000021, 0.000013,0,0,0, 0.000030, 0.000013, 0.000024, 0.000012, 70.17, 0.943, 34.98, 0.923, 0.00, 0.000, 0.00, 0.000
15013,160170, 35.50, 0.00, 0.998, 0.000, 0.000019, 0.000009,0,0,0, 0.000030, 0.000018, 0.000020, 0.000012, 35.50, 0.998, 71.00, 0.961, 0.00, 0.000, 0.00, 0.000
15014,160181, 72.28, 0.00, 0.995, 0.000, 0.000020, 0.000010,0,0,0, 0.000030, 0.000021, 0.000023, 0.000014, 72.28, 0.995, 36.14, 0.986, 0.00, 0.000, 0.00, 0.000
15015,160192, 72.28, 0.00, 0.988, 0.000, 0.000020, 0.000011,0,0,0, 0.000030, 0.000021, 0.000023, 0.000012, 72.28, 0.988, 36.25, 0.979, 0.00, 0.000, 0.00, 0.000
15016,160202, 36.47, 0.00, 0.995, 0.000, 0.000020, 0.000012,0,0,0, 0.000030, 0.000016, 0.000023, 0.000013, 36.47, 0.995, 72.72, 0.986, 0.00, 0.000, 0.00, 0.000
15017,160213, 73.61, 0.00, 0.944, 0.000, 0.000020, 0.000012,0,0,0, 0.000030, 0.000015, 0.000023, 0.000011, 73.61, 0.944, 36.92, 0.909, 0.00, 0.000, 0.00, 0.000
15018,160224, 37.73, 0.00, 0.994, 0.000, 0.000019, 0.000008,0,0,0, 0.000030, 0.000019, 0.000022, 0.000013, 37.73, 0.994, 75.47, 0.951, 0.00, 0.000, 0.00, 0.000
15019,160234, 38.33, 0.00, 0.998, 0.000, 0.000020, 0.000009,0,0,0, 0.000030, 0.000021, 0.000023, 0.000014, 38.33, 0.998, 76.92, 0.997, 0.00, 0.000, 0.00, 0.000
15020,160245, 76.92, 0.00, 0.996, 0.000, 0.000020, 0.000010,0,0,0, 0.000030, 0.000020, 0.000023, 0.000013, 76.92, 0.996, 38.33, 0.996, 0.00, 0.000, 0.00, 0.000
15021,160256, 38.46, 0.00, 0.997, 0.000, 0.000020, 0.000011,0,0,0, 0.000030, 0.000019, 0.000023, 0.000012, 38.46, 0.997, 76.92, 0.997, 0.00, 0.000, 0.00, 0.000
15022,160266, 77.41, 0.00, 0.983, 0.000, 0.000020, 0.000012,0,0,0, 0.000030, 0.000015, 0.000023, 0.000013, 77.41, 0.983, 38.70, 0.977, 0.00, 0.000, 0.00, 0.000
15023,160277, 78.43, 0.00, 0.959, 0.000, 0.000020, 0.000012,0,0,0, 0.000030, 0.000016, 0.000023, 0.000011, 78.43, 0.959, 39.08, 0.932, 0.00, 0.000, 0.00, 0.000
15024,160288, 39.73, 0.00, 0.997, 0.000, 0.000019, 0.000008,0,0,0, 0.000030, 0.000019, 0.000023, 0.000013, 39.73, 0.997, 79.47, 0.981, 0.00, 0.000, 0.00, 0.000
15025,160298, 80.53, 0.00, 0.975, 0.000, 0.000019, 0.000008,0,0,0, 0.000030, 0.000020, 0.000023, 0.000014, 80.53, 0.975, 40.26, 0.952, 0.00, 0.000, 0.00, 0.000
15026,160309, 81.08, 0.00, 0.984, 0.000, 0.000019, 0.000009,0,0,0, 0.000030, 0.000020, 0.000023, 0.000013, 81.08, 0.984, 40.67, 0.978, 0.00, 0.000, 0.00, 0.000
15027,160320, 81.63, 0.00, 0.992, 0.000, 0.000020, 0.000010,0,0,0, 0.000030, 0.000020, 0.000023, 0.000013, 81.63, 0.992, 40.81, 0.991, 0.00, 0.000, 0.00, 0.000
15028,160330, 81.63, 0.00, 0.991, 0.000, 0.000020, 0.000011,0,0,0, 0.000030, 0.000019, 0.000023, 0.000012, 81.63, 0.991, 40.67, 0.988, 0.00, 0.000, 0.00, 0.000
15029,160341, 40.54, 0.00, 0.998, 0.000, 0.000020, 0.000011,0,0,0, 0.000030, 0.000016, 0.000023, 0.000013, 40.54, 0.998, 81.08, 0.997, 0.00, 0.000, 0.00, 0.000
15030,160352, 81.08, 0.00, 0.989, 0.000, 0.000020, 0.000011,0,0,0, 0.000030, 0.000017, 0.000023, 0.000012, 81.08, 0.989, 40.67, 0.986, 0.00, 0.000, 0.00, 0.000
15031,160362, 82.19, 0.00, 0.955, 0.000, 0.000020, 0.000010,0,0,0, 0.000030, 0.000018, 0.000022, 0.000012, 82.19, 0.955, 41.09, 0.935, 0.00, 0.000, 0.00, 0.000
15032,160373, 83.33, 0.00, 0.950, 0.000, 0.000019, 0.000007,0,0,0, 0.000030, 0.000019, 0.000022, 0.000013, 83.33, 0.950, 41.81, 0.948, 0.00, 0.000, 0.00, 0.000
15033,160384, 85.71, 0.00, 0.971, 0.000, 0.000019, 0.000007,0,0,0, 0.000030, 0.000020, 0.000022, 0.000013, 85.71, 0.971, 42.85, 0.948, 0.00, 0.000, 0.00, 0.000
15034,160394, 43.01, 0.00, 0.995, 0.000, 0.000019, 0.000008,0,0,0, 0.000030, 0.000020, 0.000022, 0.000013, 43.01, 0.995, 86.33, 0.991, 0.00, 0.000, 0.00, 0.000
15035,160405, 86.33, 0.00, 0.998, 0.000, 0.000019, 0.000008,0,0,0, 0.000030, 0.000020, 0.000022, 0.000013, 86.33, 0.998, 43.01, 0.998, 0.00, 0.000, 0.00, 0.000
15036,160416, 86.33, 0.00, 0.996, 0.000, 0.000019, 0.000008,0,0,0, 0.000030, 0.000020, 0.000022, 0.000013, 86.33, 0.996, 43.16, 0.994, 0.00, 0.000, 0.00, 0.000
15037,160426, 43.16, 0.00, 0.997, 0.000, 0.000019, 0.000009,0,0,0, 0.000030, 0.000020, 0.000022, 0.000013, 43.16, 0.997, 86.33, 0.994, 0.00, 0.000, 0.00, 0.000
15038,160437, 43.01, 0.00, 0.995, 0.000, 0.000019, 0.000009,0,0,0, 0.000030, 0.000020, 0.000022, 0.000013, 43.01, 0.995, 86.33, 0.992, 0.00, 0.000, 0.00, 0.000
15039,160448, 86.33, 0.00, 0.988, 0.000, 0.000019, 0.000009,0,0,0, 0.000030, 0.000020, 0.000022, 0.000013, 86.33, 0.988, 43.16, 0.987, 0.00, 0.000, 0.00, 0.000
15040,160458, 86.95, 0.00, 0.979, 0.000, 0.000019, 0.000008,0,0,0, 0.000030, 0.000019, 0.000022, 0.000013, 86.95, 0.979, 43.47, 0.964, 0.00, 0.000, 0.00, 0.000
15041,160469, 88.88, 0.00, 0.972, 0.000, 0.000019, 0.000008,0,0,0, 0.000030, 0.000019, 0.000022, 0.000013, 88.88, 0.972, 44.28, 0.969, 0.00, 0.000, 0.00, 0.000
15042,160480, 89.55, 0.00, 0.991, 0.000, 0.000019, 0.000007,0,0,0, 0.000030, 0.000020, 0.000021, 0.000013, 89.55, 0.991, 44.94, 0.985, 0.00, 0.000, 0.00, 0.000
15043,160490, 90.22, 0.00, 0.988, 0.000, 0.000019, 0.000008,0,0,0, 0.000030, 0.000019, 0.000021, 0.000013, 90.22, 0.988, 30.07, 0.982, 45.11, 0.981, 0.00, 0.000
15044,160501, 90.90, 0.00, 0.989, 0.000, 0.000019, 0.000008,0,0,0, 0.000030, 0.000020, 0.000021, 0.000013, 90.90, 0.989, 30.22, 0.988, 45.45, 0.987, 0.00, 0.000
15045,160512, 45.62, 0.00, 0.999, 0.000, 0.000019, 0.000008,0,0,0, 0.000030, 0.000020, 0.000021, 0.000013, 45.62, 0.999, 91.60, 0.996, 30.45, 0.996, 0.00, 0.000
15046,160522, 90.90, 0.00, 0.994, 0.000, 0.000019, 0.000009,0,0,0, 0.000030, 0.000019, 0.000022, 0.000013, 90.90, 0.994, 30.37, 0.994, 45.62, 0.992, 0.00, 0.000
15047,160533, 30.37, 0.00, 0.996, 0.000, 0.000019, 0.000008,0,0,0, 0.000030, 0.000020, 0.000021, 0.000013, 30.37, 0.996, 90.90, 0.994, 45.45, 0.993, 0.00, 0.000
15048,160544, 30.53, 0.00, 0.995, 0.000, 0.000019, 0.000008,0,0,0, 0.000030, 0.000020, 0.000021, 0.000013, 30.53, 0.995, 91.60, 0.978, 45.62, 0.972, 0.00, 0.000
15049,160554, 93.02, 0.00, 0.963, 0.000, 0.000019, 0.000007,0,0,0, 0.000030, 0.000020, 0.000021, 0.000013, 93.02, 0.963, 46.33, 0.941, 30.92, 0.929, 0.00, 0.000
15050,160565, 94.48, 0.00, 0.971, 0.000, 0.000019, 0.000006,0,0,0, 0.000030, 0.000021, 0.000021, 0.000013, 94.48, 0.971, 47.24, 0.946, 31.49, 0.935, 0.00, 0.000
15051,160576, 96.00, 0.00, 0.983, 0.000, 0.000019, 0.000006,0,0,0, 0.000030, 0.000021, 0.000021, 0.000013, 96.00, 0.983, 48.00, 0.970, 31.83, 0.965, 0.00, 0.000
15052,160586, 48.19, 0.00, 0.995, 0.000, 0.000019, 0.000006,0,0,0, 0.000030, 0.000021, 0.000021, 0.000013, 48.19, 0.995, 96.00, 0.995, 32.08, 0.988, 0.00, 0.000
15053,160597, 48.19, 0.00, 0.999, 0.000, 0.000019, 0.000007,0,0,0, 0.000030, 0.000020, 0.000021, 0.000013, 48.19, 0.999, 32.08, 0.995, 96.00, 0.994, 0.00, 0.000
15054,160608, 32.17, 0.00, 0.999, 0.000, 0.000019, 0.000006,0,0,0, 0.000030, 0.000021, 0.000021, 0.000013, 32.17, 0.999, 48.19, 0.997, 96.77, 0.994, 0.00, 0.000
15055,160618, 32.60, 0.00, 0.999, 0.000, 0.000019, 0.000007,0,0,0, 0.000030, 0.000021, 0.000021, 0.000013, 32.60, 0.999, 97.56, 0.963, 48.78, 0.955, 0.00, 0.000
15056,160629, 100.00, 0.00, 0.944, 0.000, 0.000019, 0.000005,0,0,0, 0.000030, 0.000020, 0.000020, 0.000013, 100.00, 0.944, 49.79, 0.935, 33.24, 0.918, 0.00, 0.000
15057,160640, 101.69, 0.00, 0.976, 0.000, 0.000019, 0.000005,0,0,0, 0.000030, 0.000020, 0.000020, 0.000014, 101.69, 0.976, 33.70, 0.953, 50.63, 0.947, 0.00, 0.000
15058,160650, 102.56, 0.00, 0.979, 0.000, 0.000019, 0.000004,0,0,0, 0.000030, 0.000020, 0.000020, 0.000013, 102.56, 0.979, 51.06, 0.974, 34.09, 0.950, 0.00, 0.000
15059,160661, 51.28, 0.00, 0.996, 0.000, 0.000019, 0.000004,0,0,0, 0.000030, 0.000020, 0.000020, 0.000013, 51.28, 0.996, 102.56, 0.994, 34.18, 0.994, 0.00, 0.000
15060,160672, 34.09, 0.00, 0.998, 0.000, 0.000018, 0.000004,0,0,0, 0.000030, 0.000020, 0.000020, 0.000013, 34.09, 0.998, 51.06, 0.995, 102.56, 0.993, 0.00, 0.000
15061,160682, 33.99, 0.00, 0.995, 0.000, 0.000018, 0.000004,0,0,0, 0.000030, 0.000020, 0.000020, 0.000013, 33.99, 0.995, 101.69, 0.994, 51.06, 0.992, 0.00, 0.000
15062,160693, 103.44, 0.00, 0.970, 0.000, 0.000019, 0.000005,0,0,0, 0.000030, 0.000022, 0.000020, 0.000014, 103.44, 0.970, 34.38, 0.960, 51.50, 0.951, 0.00, 0.000
15063,160704, 104.34, 0.00, 0.969, 0.000, 0.000019, 0.000005,0,0,0, 0.000030, 0.000022, 0.000020, 0.000013, 104.34, 0.969, 34.88, 0.965, 52.40, 0.949, 0.00, 0.000
15064,160714, 106.19, 0.00, 0.978, 0.000, 0.000018, 0.000004,0,0,0, 0.000030, 0.000022, 0.000020, 0.000013, 106.19, 0.978, 53.09, 0.967, 35.39, 0.962, 0.00, 0.000
15065,160725, 108.10, 0.00, 0.983, 0.000, 0.000018, 0.000004,0,0,0, 0.000030, 0.000020, 0.000020, 0.000014, 108.10, 0.983, 35.92, 0.977, 53.81, 0.970, 0.00, 0.000
15066,160736, 36.14, 0.00, 0.996, 0.000, 0.000018, 0.000004,0,0,0, 0.000030, 0.000019, 0.000020, 0.000014, 36.14, 0.996, 108.10, 0.996, 54.29, 0.995, 0.00, 0.000
15067,160746, 36.25, 0.00, 0.998, 0.000, 0.000018, 0.000004,0,0,0, 0.000030, 0.000019, 0.000020, 0.000013, 36.25, 0.998, 54.29, 0.997, 109.09, 0.995, 0.00, 0.000
15068,160757, 36.25, 0.00, 0.997, 0.000, 0.000018, 0.000005,0,0,0, 0.000030, 0.000021, 0.000020, 0.000013, 36.25, 0.997, 54.29, 0.994, 108.10, 0.993, 0.00, 0.000
15069,160768, 108.10, 0.00, 0.994, 0.000, 0.000018, 0.000004,0,0,0, 0.000030, 0.000022, 0.000020, 0.000014, 108.10, 0.994, 54.05, 0.993, 36.03, 0.993, 0.00, 0.000
15070,160778, 108.10, 0.00, 0.993, 0.000, 0.000018, 0.000004,0,0,0, 0.000030, 0.000022, 0.000020, 0.000013, 108.10, 0.993, 36.14, 0.992, 54.05, 0.992, 0.00, 0.000
15071,160789, 110.09, 0.00, 0.952, 0.000, 0.000018, 0.000003,0,0,0, 0.000030, 0.000020, 0.000019, 0.000014, 110.09, 0.952, 36.69, 0.915, 55.04, 0.909, 0.00, 0.000
15072,160800, 113.20, 0.00, 0.966, 0.000, 0.000018, 0.000003,0,0,0, 0.000030, 0.000019, 0.000019, 0.000013, 113.20, 0.966, 37.61, 0.964, 56.33, 0.946, 0.00, 0.000
15073,160810, 114.28, 0.00, 0.992, 0.000, 0.000018, 0.000004,0,0,0, 0.000030, 0.000020, 0.000019, 0.000013, 114.28, 0.992, 57.14, 0.989, 38.09, 0.986, 0.00, 0.000
15074,160821, 38.21, 0.00, 0.997, 0.000, 0.000018, 0.000004,0,0,0, 0.000030, 0.000023, 0.000019, 0.000014, 38.21, 0.997, 57.41, 0.996, 114.28, 0.996, 0.00, 0.000
15075,160832, 57.41, 0.00, 0.999, 0.000, 0.000018, 0.000003,0,0,0, 0.000030, 0.000022, 0.000019, 0.000013, 57.41, 0.999, 38.33, 0.995, 115.38, 0.994, 0.00, 0.000
15076,160842, 115.38, 0.00, 0.997, 0.000, 0.000018, 0.000003,0,0,0, 0.000030, 0.000019, 0.000019, 0.000014, 115.38, 0.997, 38.33, 0.996, 57.69, 0.994, 0.00, 0.000
15077,160853, 38.46, 0.00, 0.998, 0.000, 0.000018, 0.000003,0,0,0, 0.000030, 0.000019, 0.000019, 0.000013, 38.46, 0.998, 57.69, 0.997, 115.38, 0.996, 0.00, 0.000
15078,160864, 38.33, 0.00, 0.997, 0.000, 0.000018, 0.000004,0,0,0, 0.000030, 0.000023, 0.000019, 0.000014, 38.33, 0.997, 115.38, 0.994, 57.41, 0.991, 0.00, 0.000
15079,160874, 38.21, 0.00, 0.998, 0.000, 0.000018, 0.000003,0,0,0, 0.000030, 0.000023, 0.000019, 0.000013, 38.21, 0.998, 114.28, 0.998, 57.41, 0.998, 0.00, 0.000
15080,160885, 115.38, 0.00, 0.995, 0.000, 0.000018, 0.000003,0,0,0, 0.000030, 0.000020, 0.000019, 0.000014, 115.38, 0.995, 57.41, 0.993, 38.33, 0.992, 0.00, 0.000
15081,160896, 115.38, 0.00, 0.976, 0.000, 0.000018, 0.000003,0,0,0, 0.000030, 0.000018, 0.000019, 0.000013, 115.38, 0.976, 57.97, 0.961, 38.58, 0.959, 0.00, 0.000
15082,160906, 118.81, 0.00, 0.962, 0.000, 0.000018, 0.000004,0,0,0, 0.000030, 0.000023, 0.000019, 0.000014, 118.81, 0.962, 39.47, 0.939, 59.11, 0.929, 0.00, 0.000
15083,160917, 120.00, 0.00, 0.972, 0.000, 0.000018, 0.000003,0,0,0, 0.000030, 0.000022, 0.000019, 0.000013, 120.00, 0.972, 60.30, 0.950, 30.15, 0.946, 40.26, 0.945
15084,160928, 30.30, 0.00, 0.998, 0.000, 0.000018, 0.000003,0,0,0, 0.000030, 0.000018, 0.000019, 0.000014, 30.30, 0.998, 40.54, 0.997, 121.21, 0.995, 60.91, 0.992
15085,160938, 40.40, 0.00, 0.990, 0.000, 0.000018, 0.000003,0,0,0, 0.000030, 0.000021, 0.000019, 0.000014, 40.40, 0.990, 30.37, 0.990, 121.21, 0.988, 60.60, 0.986
15086,160949, 30.45, 0.00, 0.982, 0.000, 0.000018, 0.000003,0,0,0, 0.000030, 0.000024, 0.000019, 0.000013, 30.45, 0.982, 121.21, 0.982, 40.54, 0.979, 60.60, 0.967
15087,160960, 31.00, 0.00, 0.989, 0.000, 0.000018, 0.000004,0,0,0, 0.000030, 0.000018, 0.000019, 0.000014, 31.00, 0.989, 123.71, 0.952, 61.85, 0.927, 41.23, 0.919
15088,160970, 31.49, 0.00, 0.991, 0.000, 0.000018, 0.000004,0,0,0, 0.000030, 0.000021, 0.000019, 0.000014, 31.49, 0.991, 126.31, 0.968, 42.10, 0.967, 63.15, 0.940
15089,160981, 126.31, 0.00, 0.972, 0.000, 0.000018, 0.000007,0,0,0, 0.000030, 0.000021, 0.000020, 0.000013, 126.31, 0.972, 63.49, 0.951, 42.40, 0.928, 31.91, 0.916
15090,160992, 31.49, 0.00, 0.967, 0.000, 0.000018, 0.000005,0,0,0, 0.000030, 0.000018, 0.000020, 0.000014, 31.49, 0.967, 126.31, 0.961, 41.95, 0.950, 63.15, 0.935
15091,161002, 123.71, 0.00, 0.933, 0.000, 0.000019, 0.000009,0,0,0, 0.000030, 0.000018, 0.000021, 0.000013, 123.71, 0.933, 41.23, 0.894, 61.85, 0.893, 30.76, 0.890
15092,161013, 40.54, 0.00, 0.916, 0.000, 0.000018, 0.000006,0,0,0, 0.000030, 0.000024, 0.000020, 0.000014, 40.54, 0.916, 122.44, 0.888, 60.91, 0.887, 30.45, 0.867
15093,161024, 30.45, 0.00, 0.961, 0.000, 0.000018, 0.000004,0,0,0, 0.000030, 0.000019, 0.000020, 0.000014, 30.45, 0.961, 40.67, 0.908, 122.44, 0.866, 61.53, 0.839
15094,161034, 31.00, 0.00, 0.953, 0.000, 0.000018, 0.000007,0,0,0, 0.000030, 0.000019, 0.000020, 0.000013, 31.00, 0.953, 62.17, 0.925, 123.71, 0.853, 41.66, 0.835
15095,161045, 61.85, 0.00, 0.912, 0.000, 0.000018, 0.000005,0,0,0, 0.000030, 0.000025, 0.000020, 0.000013, 61.85, 0.912, 31.00, 0.895, 125.00, 0.839, 41.52, 0.812
15096,161056, 61.85, 0.00, 0.809, 0.000, 0.000018, 0.000005,0,0,0, 0.000030, 0.000015, 0.000020, 0.000014, 61.85, 0.809, 41.81, 0.779, 31.16, 0.743, 125.00, 0.740
15097,161066, 42.25, 0.00, 0.803, 0.000, 0.000019, 0.000006,0,0,0, 0.000030, 0.000021, 0.000021, 0.000013, 42.25, 0.803, 62.82, 0.791, 31.00, 0.776, 125.00, 0.634
15098,161077, 31.41, 0.00, 0.829, 0.000, 0.000018, 0.000004,0,0,0, 0.000030, 0.000023, 0.000019, 0.000014, 31.41, 0.829, 41.37, 0.803, 61.85, 0.779, 129.03, 0.717
15099,161088, 61.85, 0.00, 0.870, 0.000, 0.000018, 0.000004,0,0,0, 0.000030, 0.000019, 0.000019, 0.000014, 61.85, 0.870, 41.23, 0.821, 125.00, 0.811, 31.00, 0.804
15100,161098, 30.76, 0.00, 0.988, 0.000, 0.000018, 0.000005,0,0,0, 0.000030, 0.000019, 0.000020, 0.000013, 30.76, 0.988, 61.85, 0.881, 123.71, 0.866, 40.81, 0.826
15101,161109, 30.76, 0.00, 0.975, 0.000, 0.000018, 0.000006,0,0,0, 0.000030, 0.000023, 0.000020, 0.000014, 30.76, 0.975, 40.67, 0.950, 60.91, 0.916, 123.71, 0.902
15102,161120, 60.60, 0.00, 0.803, 0.000, 0.000019, 0.000009,0,0,0, 0.000030, 0.000022, 0.000021, 0.000013, 60.60, 0.803, 41.09, 0.792, 126.31, 0.768, 31.08, 0.738
15103,161130, 42.25, 0.00, 0.971, 0.000, 0.000018, 0.000006,0,0,0, 0.000030, 0.000018, 0.000020, 0.000013, 42.25, 0.971, 62.17, 0.742, 31.74, 0.727, 129.03, 0.720
15104,161141, 30.84, 0.00, 0.956, 0.000, 0.000018, 0.000004,0,0,0, 0.000030, 0.000023, 0.000020, 0.000014, 30.84, 0.956, 42.10, 0.845, 61.85, 0.834, 126.31, 0.694
15105,161152, 61.53, 0.00, 0.843, 0.000, 0.000018, 0.000004,0,0,0, 0.000030, 0.000020, 0.000019, 0.000014, 61.53, 0.843, 41.37, 0.787, 31.00, 0.773, 127.65, 0.745
15106,161162, 41.52, 0.00, 0.912, 0.000, 0.000018, 0.000004,0,0,0, 0.000030, 0.000019, 0.000019, 0.000013, 41.52, 0.912, 61.53, 0.900, 123.71, 0.823, 30.76, 0.823
15107,161173, 30.53, 0.00, 0.996, 0.000, 0.000018, 0.000006,0,0,0, 0.000030, 0.000023, 0.000020, 0.000014, 30.53, 0.996, 122.44, 0.849, 61.22, 0.783, 41.52, 0.755
15108,161184, 39.86, 0.00, 0.844, 0.000, 0.000019, 0.000011,0,0,0, 0.000030, 0.000020, 0.000022, 0.000013, 39.86, 0.844, 60.91, 0.803, 30.22, 0.785, 121.21, 0.775
15109,161194, 31.66, 0.00, 0.857, 0.000, 0.000019, 0.000011,0,0,0, 0.000030, 0.000021, 0.000022, 0.000013, 31.66, 0.857, 62.17, 0.657, 120.00, 0.550, 43.47, 0.538
15110,161205, 65.21, 0.00, 0.582, 0.000, 0.000020, 0.000011,0,0,0, 0.000030, 0.000027, 0.000022, 0.000012, 65.21, 0.582, 43.79, 0.576, 126.31, 0.395, 32.87, 0.380
15111,161216, 67.41, 0.00, 0.518, 0.000, 0.000019, 0.000008,0,0,0, 0.000030, 0.000016, 0.000021, 0.000013, 67.41, 0.518, 47.24, 0.432, 35.08, 0.431, 141.17, 0.368
15112,161226, 31.33, 0.00, 0.842, 0.000, 0.000019, 0.000007,0,0,0, 0.000030, 0.000021, 0.000022, 0.000014, 31.33, 0.842, 44.11, 0.413, 48.00, 0.316, 122.44, 0.212
15113,161237, 58.82, 0.00, 0.360, 0.000, 0.000021, 0.000020,0,0,0, 0.000030, 0.000017, 0.000025, 0.000011, 58.82, 0.360, 38.58, 0.266, 130.43, 0.002, 0.00, 0.000
15114,161248, 58.53, 0.00, 0.507, 0.000, 0.000021, 0.000014,0,0,0, 0.000030, 0.000022, 0.000024, 0.000012, 58.53, 0.507, 31.08, 0.459, 0.00, 0.000, 0.00, 0.000
15115,161258, 59.40, 0.00, 0.643, 0.000, 0.000019, 0.000009,0,0,0, 0.000030, 0.000027, 0.000022, 0.000011, 59.40, 0.643, 30.53, 0.575, 48.58, 0.562, 0.00, 0.000
15116,161269, 58.82, 0.00, 0.648, 0.000, 0.000020, 0.000012,0,0,0, 0.000030, 0.000012, 0.000025, 0.000012, 58.82, 0.648, 52.86, 0.491, 0.00, 0.000, 0.00, 0.000
15117,161280, 58.82, 0.00, 0.627, 0.000, 0.000021, 0.000012,0,0,0, 0.000030, 0.000021, 0.000025, 0.000014, 58.82, 0.627, 52.86, 0.474, 0.00, 0.000, 0.00, 0.000
15118,161290, 57.97, 0.00, 0.446, 0.000, 0.000020, 0.000008,0,0,0, 0.000030, 0.000019, 0.000022, 0.000013, 57.97, 0.446, 31.41, 0.329, 45.62, 0.256, 49.58, 0.226
15119,161301, 57.14, 0.00, 0.511, 0.000, 0.000020, 0.000006,0,0,0, 0.000030, 0.000020, 0.000022, 0.000012, 57.14, 0.511, 0.00, 0.000, 0.00, 0.000, 0.00, 0.000
15120,161312, 31.41, 0.00, 0.641, 0.000, 0.000019, 0.000008,0,0,0, 0.000030, 0.000027, 0.000023, 0.000011, 31.41, 0.641, 57.41, 0.434, 46.87, 0.166, 0.00, 0.000
15121,161322, 46.69, 0.00, 0.471, 0.000, 0.000021, 0.000017,0,0,0, 0.000030, 0.000018, 0.000026, 0.000012, 46.69, 0.471, 31.08, 0.379, 0.00, 0.000, 0.00, 0.000
15122,161333, 48.19, 0.00, 0.762, 0.000, 0.000021, 0.000012,0,0,0, 0.000030, 0.000024, 0.000023, 0.000014, 48.19, 0.762, 64.51, 0.215, 0.00, 0.000, 0.00, 0.000
15123,161344, 47.61, 0.00, 0.544, 0.000, 0.000021, 0.000012,0,0,0, 0.000030, 0.000014, 0.000023, 0.000011, 47.61, 0.544, 54.29, 0.336, 31.41, 0.037, 0.00, 0.000
15124,161354, 30.22, 0.00, 0.887, 0.000, 0.000020, 0.000008,0,0,0, 0.000030, 0.000021, 0.000021, 0.000013, 30.22, 0.887, 55.81, 0.585, 48.58, 0.324, 0.00, 0.000
15125,161365, 54.79, 0.00, 0.747, 0.000, 0.000020, 0.000007,0,0,0, 0.000030, 0.000022, 0.000023, 0.000012, 54.79, 0.747, 31.25, 0.085, 0.00, 0.000, 0.00, 0.000
15126,161376, 52.63, 0.00, 0.612, 0.000, 0.000019, 0.000006,0,0,0, 0.000030, 0.000016, 0.000022, 0.000011, 52.63, 0.612, 51.50, 0.607, 31.74, 0.196, 30.84, 0.116
15127,161386, 57.14, 0.00, 0.734, 0.000, 0.000021, 0.000013,0,0,0, 0.000030, 0.000024, 0.000025, 0.000013, 57.14, 0.734, 0.00, 0.000, 0.00, 0.000, 0.00, 0.000
15128,161397, 57.14, 0.00, 0.743, 0.000, 0.000020, 0.000018,0,0,0, 0.000030, 0.000007, 0.000025, 0.000009, 57.14, 0.743, 30.22, 0.139, 45.11, 0.120, 226.41, 0.017
15129,161408, 54.79, 0.00, 0.876, 0.000, 0.000020, 0.000012,0,0,0, 0.000030, 0.000023, 0.000025, 0.000015, 54.79, 0.876, 0.00, 0.000, 0.00, 0.000, 0.00, 0.000
15130,161418, 54.79, 0.00, 0.817, 0.000, 0.000020, 0.000008,0,0,0, 0.000030, 0.000022, 0.000022, 0.000013, 54.79, 0.817, 31.57, 0.180, 71.85, 0.018, 0.00, 0.000
15131,161429, 52.86, 0.00, 0.701, 0.000, 0.000019, 0.000009,0,0,0, 0.000030, 0.000019, 0.000023, 0.000011, 52.86, 0.701, 30.53, 0.261, 0.00, 0.000, 0.00, 0.000
15132,161440, 57.14, 0.00, 0.704, 0.000, 0.000020, 0.000012,0,0,0, 0.000030, 0.000025, 0.000024, 0.000012, 57.14, 0.704, 46.33, 0.366, 0.00, 0.000, 0.00, 0.000
15133,161450, 57.97, 0.00, 0.621, 0.000, 0.000019, 0.000008,0,0,0, 0.000030, 0.000008, 0.000023, 0.000011, 57.97, 0.621, 45.97, 0.296, 31.00, 0.173, 260.86, 0.173
15134,161461, 55.29, 0.00, 0.736, 0.000, 0.000020, 0.000010,0,0,0, 0.000030, 0.000024, 0.000024, 0.000015, 55.29, 0.736, 0.00, 0.000, 0.00, 0.000, 0.00, 0.000
15135,161472, 53.81, 0.00, 0.806, 0.000, 0.000021, 0.000012,0,0,0, 0.000030, 0.000016, 0.000024, 0.000012, 53.81, 0.806, 31.08, 0.210, 0.00, 0.000, 0.00, 0.000
15136,161482, 54.29, 0.00, 0.864, 0.000, 0.000020, 0.000009,0,0,0, 0.000030, 0.000018, 0.000021, 0.000012, 54.29, 0.864, 30.61, 0.185, 0.00, 0.000, 0.00, 0.000
15137,161493, 54.54, 0.00, 0.868, 0.000, 0.000021, 0.000015,0,0,0, 0.000030, 0.000023, 0.000025, 0.000012, 54.54, 0.868, 0.00, 0.000, 0.00, 0.000, 0.00, 0.000
15138,161504, 56.87, 0.00, 0.913, 0.000, 0.000019, 0.000010,0,0,0, 0.000030, 0.000004, 0.000021, 0.000010, 56.87, 0.913, 0.00, 0.000, 0.00, 0.000, 0.00, 0.000
15139,161514, 56.33, 0.00, 0.981, 0.000, 0.000021, 0.000014,0,0,0, 0.000030, 0.000023, 0.000025, 0.000015, 56.33, 0.981, 0.00, 0.000, 0.00, 0.000, 0.00, 0.000
15140,161525, 55.81, 0.00, 0.959, 0.000, 0.000021, 0.000018,0,0,0, 0.000030, 0.000013, 0.000025, 0.000010, 55.81, 0.959, 0.00, 0.000, 0.00, 0.000, 0.00, 0.000
15141,161536, 54.29, 0.00, 0.956, 0.000, 0.000020, 0.000012,0,0,0, 0.000030, 0.000020, 0.000021, 0.000012, 54.29, 0.956, 0.00, 0.000, 0.00, 0.000, 0.00, 0.000
15142,161546, 54.54, 0.00, 0.908, 0.000, 0.000020, 0.000012,0,0,0, 0.000030, 0.000022, 0.000024, 0.000012, 54.54, 0.908, 0.00, 0.000, 0.00, 0.000, 0.00, 0.000
15143,161557, 56.87, 0.00, 0.735, 0.000, 0.000020, 0.000010,0,0,0, 0.000030, 0.000017, 0.000024, 0.000012, 56.87, 0.735, 50.42, 0.719, 54.54, 0.718, 0.00, 0.000
15144,161568, 55.29, 0.00, 0.657, 0.000, 0.000021, 0.000007,0,0,0, 0.000030, 0.000024, 0.000023, 0.000014, 55.29, 0.657, 50.63, 0.608, 0.00, 0.000, 0.00, 0.000
15145,161578, 55.81, 0.00, 0.685, 0.000, 0.000021, 0.000018,0,0,0, 0.000030, 0.000009, 0.000025, 0.000009, 55.81, 0.685, 0.00, 0.000, 0.00, 0.000, 0.00, 0.000
15146,161589, 54.79, 0.00, 0.712, 0.000, 0.000020, 0.000013,0,0,0, 0.000030, 0.000021, 0.000023, 0.000014, 54.79, 0.712, 0.00, 0.000, 0.00, 0.000, 0.00, 0.000
15147,161600, 54.79, 0.00, 0.891, 0.000, 0.000021, 0.000016,0,0,0, 0.000030, 0.000020, 0.000025, 0.000012, 54.79, 0.891, 0.00, 0.000, 0.00, 0.000, 0.00, 0.000
15148,161610, 55.81, 0.00, 0.811, 0.000, 0.000020, 0.000011,0,0,0, 0.000030, 0.000017, 0.000023, 0.000011, 55.81, 0.811, 51.94, 0.794, 0.00, 0.000, 0.00, 0.000
15149,161621, 59.11, 0.00, 0.756, 0.000, 0.000021, 0.000009,0,0,0, 0.000030, 0.000025, 0.000024, 0.000014, 59.11, 0.756, 0.00, 0.000, 0.00, 0.000, 0.00, 0.000
15150,161632, 59.40, 0.00, 0.764, 0.000, 0.000020, 0.000019,0,0,0, 0.000030, 0.000005, 0.000025, 0.000008, 59.40, 0.764, 0.00, 0.000, 0.00, 0.000, 0.00, 0.000
15151,161642, 54.79, 0.00, 0.731, 0.000, 0.000020, 0.000013,0,0,0, 0.000030, 0.000022, 0.000025, 0.000015, 54.79, 0.731, 0.00, 0.000, 0.00, 0.000, 0.00, 0.000
15152,161653, 54.54, 0.00, 0.914, 0.000, 0.000021, 0.000017,0,0,0, 0.000030, 0.000017, 0.000025, 0.000011, 54.54, 0.914, 0.00, 0.000, 0.00, 0.000, 0.00, 0.000
15153,161664, 54.05, 0.00, 0.917, 0.000, 0.000020, 0.000011,0,0,0, 0.000030, 0.000017, 0.000022, 0.000011, 54.05, 0.917, 0.00, 0.000, 0.00, 0.000, 0.00, 0.000
15154,161674, 55.55, 0.00, 0.714, 0.000, 0.000021, 0.000010,0,0,0, 0.000030, 0.000025, 0.000024, 0.000013, 55.55, 0.714, 60.00, 0.708, 0.00, 0.000, 0.00, 0.000
15155,161685, 60.30, 0.00, 0.808, 0.000, 0.000019, 0.000007,0,0,0, 0.000000, 0.000000, 0.000020, 0.000009, 60.30, 0.808, 0.00, 0.000, 0.00, 0.000, 0.00, 0.000
15156,161696, 55.04, 0.00, 0.721, 0.000, 0.000020, 0.000014,0,0,0, 0.000030, 0.000022, 0.000025, 0.000015, 55.04, 0.721, 0.00, 0.000, 0.00, 0.000, 0.00, 0.000
15157,161706, 54.79, 0.00, 0.868, 0.000, 0.000021, 0.000018,0,0,0, 0.000030, 0.000015, 0.000025, 0.000011, 54.79, 0.868, 0.00, 0.000, 0.00, 0.000, 0.00, 0.000
15158,161717, 54.54, 0.00, 0.915, 0.000, 0.000020, 0.000012,0,0,0, 0.000030, 0.000018, 0.000022, 0.000012, 54.54, 0.915, 0.00, 0.000, 0.00, 0.000, 0.00, 0.000
15159,161728, 55.29, 0.00, 0.766, 0.000, 0.000020, 0.000011,0,0,0, 0.000030, 0.000025, 0.000024, 0.000012, 55.29, 0.766, 0.00, 0.000, 0.00, 0.000, 0.00, 0.000
15160,161738, 59.11, 0.00, 0.774, 0.000, 0.000019, 0.000007,0,0,0, 0.000000, 0.000000, 0.000023, 0.000011, 59.11, 0.774, 0.00, 0.000, 0.00, 0.000, 0.00, 0.000
15161,161749, 55.55, 0.00, 0.767, 0.000, 0.000021, 0.000013,0,0,0, 0.000030, 0.000023, 0.000025, 0.000015, 55.55, 0.767, 0.00, 0.000, 0.00, 0.000, 0.00, 0.000
15162,161760, 54.05, 0.00, 0.866, 0.000, 0.000021, 0.000018,0,0,0, 0.000030, 0.000013, 0.000025, 0.000010, 54.05, 0.866, 31.00, 0.067, 0.00, 0.000, 0.00, 0.000
15163,161770, 53.57, 0.00, 0.972, 0.000, 0.000020, 0.000012,0,0,0, 0.000030, 0.000020, 0.000021, 0.000012, 53.57, 0.972, 0.00, 0.000, 0.00, 0.000, 0.00, 0.000
15164,161781, 53.81, 0.00, 0.763, 0.000, 0.000020, 0.000011,0,0,0, 0.000030, 0.000025, 0.000024, 0.000012, 53.81, 0.763, 0.00, 0.000, 0.00, 0.000, 0.00, 0.000
15165,161792, 58.25, 0.00, 0.721, 0.000, 0.000020, 0.000007,0,0,0, 0.000030, 0.000006, 0.000023, 0.000011, 58.25, 0.721, 0.00, 0.000, 0.00, 0.000, 0.00, 0.000
15166,161802, 55.81, 0.00, 0.780, 0.000, 0.000021, 0.000013,0,0,0, 0.000030, 0.000023, 0.000025, 0.000015, 55.81, 0.780, 0.00, 0.000, 0.00, 0.000, 0.00, 0.000
15167,161813, 52.63, 0.00, 0.848, 0.000, 0.000021, 0.000019,0,0,0, 0.000030, 0.000009, 0.000026, 0.000009, 52.63, 0.848, 0.00, 0.000, 0.00, 0.000, 0.00, 0.000
15168,161824, 53.09, 0.00, 0.933, 0.000, 0.000020, 0.000013,0,0,0, 0.000030, 0.000021, 0.000022, 0.000013, 53.09, 0.933, 0.00, 0.000, 0.00, 0.000, 0.00, 0.000
15169,161834, 53.33, 0.00, 0.803, 0.000, 0.000021, 0.000013,0,0,0, 0.000030, 0.000023, 0.000025, 0.000012, 53.33, 0.803, 0.00, 0.000, 0.00, 0.000, 0.00, 0.000
15170,161845, 59.70, 0.00, 0.745, 0.000, 0.000020, 0.000009,0,0,0, 0.000030, 0.000015, 0.000023, 0.000011, 59.70, 0.745, 53.57, 0.732, 0.00, 0.000, 0.00, 0.000
15171,161856, 54.79, 0.00, 0.794, 0.000, 0.000021, 0.000009,0,0,0, 0.000030, 0.000024, 0.000024, 0.000014, 54.79, 0.794, 0.00, 0.000, 0.00, 0.000, 0.00, 0.000
15172,161866, 55.04, 0.00, 0.735, 0.000, 0.000020, 0.000019,0,0,0, 0.000030, 0.000006, 0.000025, 0.000008, 55.04, 0.735, 0.00, 0.000, 0.00, 0.000, 0.00, 0.000
15173,161877, 53.81, 0.00, 0.754, 0.000, 0.000020, 0.000013,0,0,0, 0.000030, 0.000022, 0.000025, 0.000015, 53.81, 0.754, 0.00, 0.000, 0.00, 0.000, 0.00, 0.000
15174,161888, 53.81, 0.00, 0.769, 0.000, 0.000021, 0.000014,0,0,0, 0.000030, 0.000021, 0.000025, 0.000012, 53.81, 0.769, 0.00, 0.000, 0.00, 0.000, 0.00, 0.000
15175,161898, 60.00, 0.00, 0.782, 0.000, 0.000020, 0.000009,0,0,0, 0.000030, 0.000017, 0.000024, 0.000011, 60.00, 0.782, 53.57, 0.765, 0.00, 0.000, 0.00, 0.000
15176,161909, 55.55, 0.00, 0.799, 0.000, 0.000021, 0.000009,0,0,0, 0.000030, 0.000025, 0.000024, 0.000014, 55.55, 0.799, 0.00, 0.000, 0.00, 0.000, 0.00, 0.000
15177,161920, 56.07, 0.00, 0.731, 0.000, 0.000019, 0.000006,0,0,0, 0.000000, 0.000000, 0.000018, 0.000008, 56.07, 0.731, 0.00, 0.000, 0.00, 0.000, 0.00, 0.000
15178,161930, 54.05, 0.00, 0.707, 0.000, 0.000020, 0.000013,0,0,0, 0.000030, 0.000022, 0.000025, 0.000015, 54.05, 0.707, 0.00, 0.000, 0.00, 0.000, 0.00, 0.000
15179,161941, 54.05, 0.00, 0.719, 0.000, 0.000021, 0.000015,0,0,0, 0.000030, 0.000019, 0.000025, 0.000012, 54.05, 0.719, 0.00, 0.000, 0.00, 0.000, 0.00, 0.000
15180,161952, 58.53, 0.00, 0.783, 0.000, 0.000020, 0.000010,0,0,0, 0.000030, 0.000017, 0.000023, 0.000011, 58.53, 0.783, 54.05, 0.775, 0.00, 0.000, 0.00, 0.000
15181,161962, 58.25, 0.00, 0.826, 0.000, 0.000021, 0.000009,0,0,0, 0.000030, 0.000026, 0.000024, 0.000012, 58.25, 0.826, 0.00, 0.000, 0.00, 0.000, 0.00, 0.000
15182,161973, 58.25, 0.00, 0.821, 0.000, 0.000019, 0.000006,0,0,0, 0.000000, 0.000000, 0.000022, 0.000010, 58.25, 0.821, 0.00, 0.000, 0.00, 0.000, 0.00, 0.000
15183,161984, 54.54, 0.00, 0.730, 0.000, 0.000021, 0.000013,0,0,0, 0.000030, 0.000023, 0.000025, 0.000015, 54.54, 0.730, 0.00, 0.000, 0.00, 0.000, 0.00, 0.000
15184,161994, 54.29, 0.00, 0.725, 0.000, 0.000021, 0.000014,0,0,0, 0.000030, 0.000018, 0.000024, 0.000011, 54.29, 0.725, 30.37, 0.253, 0.00, 0.000, 0.00, 0.000
15185,162005, 54.54, 0.00, 0.836, 0.000, 0.000020, 0.000009,0,0,0, 0.000030, 0.000019, 0.000023, 0.000012, 54.54, 0.836, 0.00, 0.000, 0.00, 0.000, 0.00, 0.000
15186,162016, 59.40, 0.00, 0.815, 0.000, 0.000020, 0.000007,0,0,0, 0.000030, 0.000027, 0.000023, 0.000011, 59.40, 0.815, 54.79, 0.750, 30.22, 0.695, 0.00, 0.000
15187,162026, 59.11, 0.00, 0.761, 0.000, 0.000020, 0.000008,0,0,0, 0.000000, 0.000000, 0.000024, 0.000011, 59.11, 0.761, 0.00, 0.000, 0.00, 0.000, 0.00, 0.000
15188,162037, 54.54, 0.00, 0.700, 0.000, 0.000021, 0.000012,0,0,0, 0.000030, 0.000024, 0.000025, 0.000015, 54.54, 0.700, 0.00, 0.000, 0.00, 0.000, 0.00, 0.000
15189,162048, 54.54, 0.00, 0.759, 0.000, 0.000020, 0.000013,0,0,0, 0.000030, 0.000015, 0.000024, 0.000011, 54.54, 0.759, 0.00, 0.000, 0.00, 0.000, 0.00, 0.000
15190,162058, 54.79, 0.00, 0.938, 0.000, 0.000020, 0.000009,0,0,0, 0.000030, 0.000020, 0.000022, 0.000012, 54.79, 0.938, 0.00, 0.000, 0.00, 0.000, 0.00, 0.000
15191,162069, 56.87, 0.00, 0.773, 0.000, 0.000019, 0.000007,0,0,0, 0.000030, 0.000027, 0.000023, 0.000011, 56.87, 0.773, 30.30, 0.720, 0.00, 0.000, 0.00, 0.000
15192,162080, 51.50, 0.00, 0.589, 0.000, 0.000019, 0.000010,0,0,0, 0.000030, 0.000015, 0.000023, 0.000011, 51.50, 0.589, 58.82, 0.488, 0.00, 0.000, 0.00, 0.000
15193,162090, 50.20, 0.00, 0.721, 0.000, 0.000020, 0.000010,0,0,0, 0.000030, 0.000024, 0.000024, 0.000014, 50.20, 0.721, 58.82, 0.431, 0.00, 0.000, 0.00, 0.000
15194,162101, 54.05, 0.00, 0.610, 0.000, 0.000020, 0.000011,0,0,0, 0.000030, 0.000012, 0.000023, 0.000010, 54.05, 0.610, 48.78, 0.482, 0.00, 0.000, 0.00, 0.000
15195,162112, 54.79, 0.00, 0.833, 0.000, 0.000020, 0.000008,0,0,0, 0.000030, 0.000021, 0.000022, 0.000013, 54.79, 0.833, 0.00, 0.000, 0.00, 0.000, 0.00, 0.000
15196,162122, 55.29, 0.00, 0.750, 0.000, 0.000019, 0.000007,0,0,0, 0.000030, 0.000027, 0.000023, 0.000011, 55.29, 0.750, 30.45, 0.748, 0.00, 0.000, 0.00, 0.000
15197,162133, 51.50, 0.00, 0.579, 0.000, 0.000020, 0.000016,0,0,0, 0.000030, 0.000017, 0.000025, 0.000012, 51.50, 0.579, 0.00, 0.000, 0.00, 0.000, 0.00, 0.000
15198,162144, 50.63, 0.00, 0.717, 0.000, 0.000021, 0.000011,0,0,0, 0.000030, 0.000026, 0.000023, 0.000013, 50.63, 0.717, 60.00, 0.404, 0.00, 0.000, 0.00, 0.000
15199,162154, 55.29, 0.00, 0.618, 0.000, 0.000021, 0.000013,0,0,0, 0.000030, 0.000013, 0.000024, 0.000012, 55.29, 0.618, 48.78, 0.448, 0.00, 0.000, 0.00, 0.000
15200,162165, 55.55, 0.00, 0.867, 0.000, 0.000021, 0.000009,0,0,0, 0.000030, 0.000022, 0.000023, 0.000013, 55.55, 0.867, 0.00, 0.000, 0.00, 0.000, 0.00, 0.000
15201,162176, 30.37, 0.00, 0.743, 0.000, 0.000020, 0.000006,0,0,0, 0.000030, 0.000026, 0.000022, 0.000011, 30.37, 0.743, 55.55, 0.703, 0.00, 0.000, 0.00, 0.000
15202,162186, 51.50, 0.00, 0.602, 0.000, 0.000020, 0.000015,0,0,0, 0.000030, 0.000018, 0.000025, 0.000012, 51.50, 0.602, 0.00, 0.000, 0.00, 0.000, 0.00, 0.000
15203,162197, 51.50, 0.00, 0.660, 0.000, 0.000021, 0.000010,0,0,0, 0.000030, 0.000026, 0.000023, 0.000013, 51.50, 0.660, 60.30, 0.291, 61.53, 0.290, 0.00, 0.000
15204,162208, 54.54, 0.00, 0.537, 0.000, 0.000021, 0.000013,0,0,0, 0.000030, 0.000010, 0.000024, 0.000012, 54.54, 0.537, 48.00, 0.419, 0.00, 0.000, 0.00, 0.000
15205,162218, 55.29, 0.00, 0.858, 0.000, 0.000021, 0.000009,0,0,0, 0.000030, 0.000023, 0.000023, 0.000013, 55.29, 0.858, 0.00, 0.000, 0.00, 0.000, 0.00, 0.000
15206,162229, 30.53, 0.00, 0.867, 0.000, 0.000019, 0.000006,0,0,0, 0.000030, 0.000026, 0.000022, 0.000011, 30.53, 0.867, 55.04, 0.693, 0.00, 0.000, 0.00, 0.000
15207,162240, 52.17, 0.00, 0.607, 0.000, 0.000020, 0.000016,0,0,0, 0.000030, 0.000019, 0.000025, 0.000012, 52.17, 0.607, 0.00, 0.000, 0.00, 0.000, 0.00, 0.000
15208,162250, 51.94, 0.00, 0.738, 0.000, 0.000020, 0.000011,0,0,0, 0.000030, 0.000027, 0.000023, 0.000011, 51.94, 0.738, 0.00, 0.000, 0.00, 0.000, 0.00, 0.000
15209,162261, 52.17, 0.00, 0.577, 0.000, 0.000020, 0.000013,0,0,0, 0.000030, 0.000007, 0.000024, 0.000012, 52.17, 0.577, 48.78, 0.531, 58.25, 0.479, 0.00, 0.000
15210,162272, 55.81, 0.00, 0.798, 0.000, 0.000020, 0.000009,0,0,0, 0.000030, 0.000023, 0.000023, 0.000014, 55.81, 0.798, 0.00, 0.000, 0.00, 0.000, 0.00, 0.000
15211,162282, 30.22, 0.00, 0.564, 0.000, 0.000019, 0.000006,0,0,0, 0.000030, 0.000021, 0.000021, 0.000013, 30.22, 0.564, 52.63, 0.563, 0.00, 0.000, 0.00, 0.000
15212,162293, 52.86, 0.00, 0.647, 0.000, 0.000020, 0.000010,0,0,0, 0.000030, 0.000019, 0.000023, 0.000012, 52.86, 0.647, 0.00, 0.000, 0.00, 0.000, 0.00, 0.000
15213,162304, 51.06, 0.00, 0.616, 0.000, 0.000019, 0.000008,0,0,0, 0.000030, 0.000027, 0.000023, 0.000011, 51.06, 0.616, 49.58, 0.616, 68.18, 0.065, 0.00, 0.000
15214,162314, 58.82, 0.00, 0.369, 0.000, 0.000020, 0.000013,0,0,0, 0.000030, 0.000007, 0.000024, 0.000012, 58.82, 0.369, 52.40, 0.357, 48.97, 0.355, 0.00, 0.000
15215,162325, 55.55, 0.00, 0.814, 0.000, 0.000021, 0.000010,0,0,0, 0.000030, 0.000025, 0.000024, 0.000015, 55.55, 0.814, 0.00, 0.000, 0.00, 0.000, 0.00, 0.000
15216,162336, 30.22, 0.00, 0.619, 0.000, 0.000020, 0.000007,0,0,0, 0.000030, 0.000021, 0.000021, 0.000012, 30.22, 0.619, 55.04, 0.540, 52.17, 0.529, 0.00, 0.000
15217,162346, 54.54, 0.00, 0.577, 0.000, 0.000020, 0.000012,0,0,0, 0.000030, 0.000021, 0.000023, 0.000012, 54.54, 0.577, 53.33, 0.573, 0.00, 0.000, 0.00, 0.000
15218,162357, 50.00, 0.00, 0.698, 0.000, 0.000019, 0.000008,0,0,0, 0.000030, 0.000027, 0.000022, 0.000011, 50.00, 0.698, 71.00, 0.086, 62.17, 0.078, 0.00, 0.000
15219,162368, 50.20, 0.00, 0.597, 0.000, 0.000020, 0.000014,0,0,0, 0.000030, 0.000013, 0.000025, 0.000012, 50.20, 0.597, 0.00, 0.000, 0.00, 0.000, 0.00, 0.000
15220,162378, 54.79, 0.00, 0.704, 0.000, 0.000021, 0.000010,0,0,0, 0.000030, 0.000025, 0.000024, 0.000014, 54.79, 0.704, 0.00, 0.000, 0.00, 0.000, 0.00, 0.000
15221,162389, 49.58, 0.00, 0.678, 0.000, 0.000020, 0.000019,0,0,0, 0.000030, 0.000006, 0.000026, 0.000008, 49.58, 0.678, 0.00, 0.000, 0.00, 0.000, 0.00, 0.000
15222,162400, 53.33, 0.00, 0.736, 0.000, 0.000020, 0.000013,0,0,0, 0.000030, 0.000022, 0.000026, 0.000014, 53.33, 0.736, 50.20, 0.717, 0.00, 0.000, 0.00, 0.000
15223,162410, 53.09, 0.00, 0.571, 0.000, 0.000020, 0.000009,0,0,0, 0.000030, 0.000027, 0.000023, 0.000011, 53.09, 0.571, 0.00, 0.000, 0.00, 0.000, 0.00, 0.000
15224,162421, 52.63, 0.00, 0.538, 0.000, 0.000021, 0.000015,0,0,0, 0.000030, 0.000016, 0.000025, 0.000012, 52.63, 0.538, 0.00, 0.000, 0.00, 0.000, 0.00, 0.000
15225,162432, 52.40, 0.00, 0.682, 0.000, 0.000021, 0.000010,0,0,0, 0.000030, 0.000027, 0.000024, 0.000013, 52.40, 0.682, 0.00, 0.000, 0.00, 0.000, 0.00, 0.000
15226,162442, 50.20, 0.00, 0.623, 0.000, 0.000019, 0.000007,0,0,0, 0.000030, 0.000005, 0.000019, 0.000008, 50.20, 0.623, 0.00, 0.000, 0.00, 0.000, 0.00, 0.000
15227,162453, 54.54, 0.00, 0.714, 0.000, 0.000020, 0.000010,0,0,0, 0.000030, 0.000023, 0.000024, 0.000015, 54.54, 0.714, 49.38, 0.580, 0.00, 0.000, 0.00, 0.000
15228,162464, 54.29, 0.00, 0.585, 0.000, 0.000020, 0.000007,0,0,0, 0.000030, 0.000026, 0.000023, 0.000011, 54.29, 0.585, 0.00, 0.000, 0.00, 0.000, 0.00, 0.000
15229,162474, 53.57, 0.00, 0.631, 0.000, 0.000021, 0.000015,0,0,0, 0.000030, 0.000017, 0.000025, 0.000012, 53.57, 0.631, 0.00, 0.000, 0.00, 0.000, 0.00, 0.000
15230,162485, 52.86, 0.00, 0.720, 0.000, 0.000021, 0.000011,0,0,0, 0.000030, 0.000027, 0.000024, 0.000013, 52.86, 0.720, 59.40, 0.511, 0.00, 0.000, 0.00, 0.000
15231,162496, 50.84, 0.00, 0.632, 0.000, 0.000019, 0.000008,0,0,0, 0.000000, 0.000000, 0.000020, 0.000009, 50.84, 0.632, 0.00, 0.000, 0.00, 0.000, 0.00, 0.000
15232,162506, 53.81, 0.00, 0.644, 0.000, 0.000021, 0.000014,0,0,0, 0.000030, 0.000022, 0.000026, 0.000015, 53.81, 0.644, 47.61, 0.536, 0.00, 0.000, 0.00, 0.000
15233,162517, 53.57, 0.00, 0.494, 0.000, 0.000020, 0.000009,0,0,0, 0.000030, 0.000025, 0.000023, 0.000011, 53.57, 0.494, 0.00, 0.000, 0.00, 0.000, 0.00, 0.000
15234,162528, 54.05, 0.00, 0.599, 0.000, 0.000021, 0.000015,0,0,0, 0.000030, 0.000018, 0.000025, 0.000012, 54.05, 0.599, 0.00, 0.000, 0.00, 0.000, 0.00, 0.000
15235,162538, 52.86, 0.00, 0.810, 0.000, 0.000020, 0.000010,0,0,0, 0.000030, 0.000029, 0.000022, 0.000011, 52.86, 0.810, 31.00, 0.647, 0.00, 0.000, 0.00, 0.000
15236,162549, 52.40, 0.00, 0.808, 0.000, 0.000021, 0.000011,0,0,0, 0.000030, 0.000010, 0.000024, 0.000014, 52.40, 0.808, 0.00, 0.000, 0.00, 0.000, 0.00, 0.000
15237,162560, 55.04, 0.00, 0.816, 0.000, 0.000021, 0.000008,0,0,0, 0.000030, 0.000024, 0.000023, 0.000013, 55.04, 0.816, 0.00, 0.000, 0.00, 0.000, 0.00, 0.000
15238,162570, 54.79, 0.00, 0.759, 0.000, 0.000020, 0.000005,0,0,0, 0.000030, 0.000022, 0.000022, 0.000011, 54.79, 0.759, 47.43, 0.353, 0.00, 0.000, 0.00, 0.000
15239,162581, 54.79, 0.00, 0.850, 0.000, 0.000020, 0.000014,0,0,0, 0.000030, 0.000020, 0.000025, 0.000012, 54.79, 0.850, 0.00, 0.000, 0.00, 0.000, 0.00, 0.000
15240,162592, 54.79, 0.00, 0.944, 0.000, 0.000019, 0.000010,0,0,0, 0.000030, 0.000028, 0.000022, 0.000011, 54.79, 0.944, 30.84, 0.478, 0.00, 0.000, 0.00, 0.000
15241,162602, 55.81, 0.00, 0.798, 0.000, 0.000021, 0.000011,0,0,0, 0.000030, 0.000009, 0.000025, 0.000013, 55.81, 0.798, 0.00, 0.000, 0.00, 0.000, 0.00, 0.000
15242,162613, 54.29, 0.00, 0.797, 0.000, 0.000021, 0.000010,0,0,0, 0.000030, 0.000026, 0.000024, 0.000014, 54.29, 0.797, 0.00, 0.000, 0.00, 0.000, 0.00, 0.000
15243,162624, 54.05, 0.00, 0.793, 0.000, 0.000020, 0.000007,0,0,0, 0.000030, 0.000021, 0.000022, 0.000012, 54.05, 0.793, 0.00, 0.000, 0.00, 0.000, 0.00, 0.000
15244,162634, 54.79, 0.00, 0.877, 0.000, 0.000021, 0.000014,0,0,0, 0.000030, 0.000021, 0.000025, 0.000012, 54.79, 0.877, 0.00, 0.000, 0.00, 0.000, 0.00, 0.000
15245,162645, 55.81, 0.00, 0.951, 0.000, 0.000020, 0.000010,0,0,0, 0.000030, 0.000027, 0.000022, 0.000011, 55.81, 0.951, 0.00, 0.000, 0.00, 0.000, 0.00, 0.000
15246,162656, 54.05, 0.00, 0.823, 0.000, 0.000020, 0.000014,0,0,0, 0.000030, 0.000014, 0.000025, 0.000012, 54.05, 0.823, 0.00, 0.000, 0.00, 0.000, 0.00, 0.000
15247,162666, 53.81, 0.00, 0.716, 0.000, 0.000021, 0.000010,0,0,0, 0.000030, 0.000026, 0.000024, 0.000014, 53.81, 0.716, 0.00, 0.000, 0.00, 0.000, 0.00, 0.000
15248,162677, 58.82, 0.00, 0.729, 0.000, 0.000020, 0.000007,0,0,0, 0.000030, 0.000018, 0.000022, 0.000012, 58.82, 0.729, 0.00, 0.000, 0.00, 0.000, 0.00, 0.000
15249,162688, 58.53, 0.00, 0.869, 0.000, 0.000021, 0.000012,0,0,0, 0.000030, 0.000022, 0.000024, 0.000012, 58.53, 0.869, 0.00, 0.000, 0.00, 0.000, 0.00, 0.000
15250,162698, 59.40, 0.00, 0.836, 0.000, 0.000019, 0.000009,0,0,0, 0.000030, 0.000027, 0.000022, 0.000011, 59.40, 0.836, 54.79, 0.771, 0.00, 0.000, 0.00, 0.000
15251,162709, 53.33, 0.00, 0.779, 0.000, 0.000021, 0.000016,0,0,0, 0.000030, 0.000019, 0.000026, 0.000013, 53.33, 0.779, 0.00, 0.000, 0.00, 0.000, 0.00, 0.000
15252,162720, 53.09, 0.00, 0.892, 0.000, 0.000021, 0.000017,0,0,0, 0.000030, 0.000029, 0.000025, 0.000011, 53.09, 0.892, 0.00, 0.000, 0.00, 0.000, 0.00, 0.000
15253,162730, 53.57, 0.00, 0.831, 0.000, 0.000021, 0.000012,0,0,0, 0.000030, 0.000016, 0.000023, 0.000014, 53.57, 0.831, 0.00, 0.000, 0.00, 0.000, 0.00, 0.000
15254,162741, 56.60, 0.00, 0.844, 0.000, 0.000021, 0.000011,0,0,0, 0.000030, 0.000023, 0.000024, 0.000012, 56.60, 0.844, 0.00, 0.000, 0.00, 0.000, 0.00, 0.000
15255,162752, 56.60, 0.00, 0.858, 0.000, 0.000020, 0.000008,0,0,0, 0.000030, 0.000026, 0.000022, 0.000011, 56.60, 0.858, 0.00, 0.000, 0.00, 0.000, 0.00, 0.000
15256,162762, 53.81, 0.00, 0.792, 0.000, 0.000021, 0.000015,0,0,0, 0.000030, 0.000017, 0.000025, 0.000012, 53.81, 0.792, 0.00, 0.000, 0.00, 0.000, 0.00, 0.000
15257,162773, 52.40, 0.00, 0.927, 0.000, 0.000020, 0.000010,0,0,0, 0.000030, 0.000028, 0.000023, 0.000011, 52.40, 0.927, 0.00, 0.000, 0.00, 0.000, 0.00, 0.000
15258,162784, 56.33, 0.00, 0.822, 0.000, 0.000021, 0.000009,0,0,0, 0.000030, 0.000015, 0.000024, 0.000015, 56.33, 0.822, 0.00, 0.000, 0.00, 0.000, 0.00, 0.000
15259,162794, 56.33, 0.00, 0.962, 0.000, 0.000021, 0.000013,0,0,0, 0.000030, 0.000024, 0.000024, 0.000012, 56.33, 0.962, 0.00, 0.000, 0.00, 0.000, 0.00, 0.000
15260,162805, 56.33, 0.00, 0.868, 0.000, 0.000020, 0.000009,0,0,0, 0.000030, 0.000025, 0.000021, 0.000011, 56.33, 0.868, 0.00, 0.000, 0.00, 0.000, 0.00, 0.000
15261,162816, 54.29, 0.00, 0.819, 0.000, 0.000021, 0.000016,0,0,0, 0.000030, 0.000019, 0.000025, 0.000012, 54.29, 0.819, 0.00, 0.000, 0.00, 0.000, 0.00, 0.000
15262,162826, 53.09, 0.00, 0.919, 0.000, 0.000019, 0.000011,0,0,0, 0.000030, 0.000029, 0.000022, 0.000010, 53.09, 0.919, 0.00, 0.000, 0.00, 0.000, 0.00, 0.000
15263,162837, 53.57, 0.00, 0.831, 0.000, 0.000021, 0.000011,0,0,0, 0.000030, 0.000013, 0.000024, 0.000014, 53.57, 0.831, 0.00, 0.000, 0.00, 0.000, 0.00, 0.000
15264,162848, 55.81, 0.00, 0.897, 0.000, 0.000021, 0.000011,0,0,0, 0.000030, 0.000025, 0.000024, 0.000012, 55.81, 0.897, 0.00, 0.000, 0.00, 0.000, 0.00, 0.000
15265,162858, 55.81, 0.00, 0.824, 0.000, 0.000020, 0.000008,0,0,0, 0.000030, 0.000023, 0.000022, 0.000011, 55.81, 0.824, 0.00, 0.000, 0.00, 0.000, 0.00, 0.000
15266,162869, 55.81, 0.00, 0.834, 0.000, 0.000021, 0.000016,0,0,0, 0.000030, 0.000020, 0.000025, 0.000012, 55.81, 0.834, 0.00, 0.000, 0.00, 0.000, 0.00, 0.000
15267,162880, 54.05, 0.00, 0.963, 0.000, 0.000019, 0.000011,0,0,0, 0.000030, 0.000028, 0.000021, 0.000010, 54.05, 0.963, 0.00, 0.000, 0.00, 0.000, 0.00, 0.000
15268,162890, 53.09, 0.00, 0.950, 0.000, 0.000021, 0.000015,0,0,0, 0.000030, 0.000018, 0.000025, 0.000014, 53.09, 0.950, 0.00, 0.000, 0.00, 0.000, 0.00, 0.000
15269,162901, 52.86, 0.00, 0.835, 0.000, 0.000021, 0.000015,0,0,0, 0.000030, 0.000027, 0.000025, 0.000012, 52.86, 0.835, 0.00, 0.000, 0.00, 0.000, 0.00, 0.000
15270,162912, 57.69, 0.00, 0.746, 0.000, 0.000020, 0.000010,0,0,0, 0.000030, 0.000020, 0.000022, 0.000013, 57.69, 0.746, 0.00, 0.000, 0.00, 0.000, 0.00, 0.000
15271,162922, 30.07, 0.00, 0.875, 0.000, 0.000019, 0.000007,0,0,0, 0.000030, 0.000014, 0.000019, 0.000011, 30.07, 0.875, 60.00, 0.822, 34.58, 0.031, 0.00, 0.000
15272,162933, 31.08, 0.00, 0.600, 0.000, 0.000020, 0.000015,0,0,0, 0.000030, 0.000021, 0.000025, 0.000014, 31.08, 0.600, 61.22, 0.504, 51.50, 0.480, 77.92, 0.092
15273,162944, 51.06, 0.00, 0.549, 0.000, 0.000021, 0.000020,0,0,0, 0.000030, 0.000008, 0.000026, 0.000008, 51.06, 0.549, 57.69, 0.448, 33.14, 0.375, 0.00, 0.000
15274,162954, 40.54, 0.00, 0.389, 0.000, 0.000021, 0.000014,0,0,0, 0.000030, 0.000021, 0.000024, 0.000014, 40.54, 0.389, 33.24, 0.385, 63.82, 0.352, 0.00, 0.000
15275,162965, 40.40, 0.00, 0.991, 0.000, 0.000019, 0.000010,0,0,0, 0.000030, 0.000010, 0.000020, 0.000010, 40.40, 0.991, 67.79, 0.068, 0.00, 0.000, 0.00, 0.000
15276,162976, 41.52, 0.00, 0.977, 0.000, 0.000021, 0.000014,0,0,0, 0.000030, 0.000018, 0.000025, 0.000013, 41.52, 0.977, 31.91, 0.330, 133.33, 0.098, 72.72, 0.070
15277,162986, 41.37, 0.00, 0.914, 0.000, 0.000020, 0.000010,0,0,0, 0.000030, 0.000020, 0.000021, 0.000012, 41.37, 0.914, 95.23, 0.108, 0.00, 0.000, 0.00, 0.000
15278,162997, 47.80, 0.00, 0.310, 0.000, 0.000019, 0.000007,0,0,0, 0.000030, 0.000017, 0.000022, 0.000012, 47.80, 0.310, 40.13, 0.297, 80.53, 0.297, 100.84, 0.233
15279,163008, 41.37, 0.00, 0.570, 0.000, 0.000020, 0.000010,0,0,0, 0.000030, 0.000023, 0.000024, 0.000014, 41.37, 0.570, 87.59, 0.534, 47.61, 0.369, 0.00, 0.000
15280,163018, 40.81, 0.00, 0.713, 0.000, 0.000020, 0.000008,0,0,0, 0.000030, 0.000021, 0.000023, 0.000013, 40.81, 0.713, 82.19, 0.567, 0.00, 0.000, 0.00, 0.000
15281,163029, 40.81, 0.00, 0.610, 0.000, 0.000020, 0.000006,0,0,0, 0.000030, 0.000022, 0.000021, 0.000013, 40.81, 0.610, 40.00, 0.599, 82.19, 0.573, 86.95, 0.565
15282,163040, 42.40, 0.00, 0.924, 0.000, 0.000020, 0.000010,0,0,0, 0.000030, 0.000019, 0.000023, 0.000013, 42.40, 0.924, 81.08, 0.675, 0.00, 0.000, 0.00, 0.000
15283,163050, 41.81, 0.00, 0.934, 0.000, 0.000019, 0.000007,0,0,0, 0.000030, 0.000020, 0.000021, 0.000013, 41.81, 0.934, 88.88, 0.743, 0.00, 0.000, 0.00, 0.000
15284,163061, 78.43, 0.00, 0.885, 0.000, 0.000020, 0.000009,0,0,0, 0.000030, 0.000020, 0.000023, 0.000013, 78.43, 0.885, 41.23, 0.861, 0.00, 0.000, 0.00, 0.000
15285,163072, 41.66, 0.00, 0.856, 0.000, 0.000019, 0.000008,0,0,0, 0.000030, 0.000019, 0.000022, 0.000013, 41.66, 0.856, 80.53, 0.719, 87.59, 0.718, 0.00, 0.000
15286,163082, 41.95, 0.00, 0.954, 0.000, 0.000020, 0.000009,0,0,0, 0.000030, 0.000022, 0.000022, 0.000013, 41.95, 0.954, 78.94, 0.737, 0.00, 0.000, 0.00, 0.000
15287,163093, 41.23, 0.00, 0.921, 0.000, 0.000019, 0.000006,0,0,0, 0.000030, 0.000020, 0.000021, 0.000013, 41.23, 0.921, 88.23, 0.715, 0.00, 0.000, 0.00, 0.000
15288,163104, 41.52, 0.00, 0.851, 0.000, 0.000019, 0.000006,0,0,0, 0.000030, 0.000022, 0.000021, 0.000013, 41.52, 0.851, 86.33, 0.729, 0.00, 0.000, 0.00, 0.000
15289,163114, 42.70, 0.00, 0.895, 0.000, 0.000020, 0.000008,0,0,0, 0.000030, 0.000022, 0.000022, 0.000013, 42.70, 0.895, 85.10, 0.763, 0.00, 0.000, 0.00, 0.000
15290,163125, 41.37, 0.00, 0.912, 0.000, 0.000019, 0.000005,0,0,0, 0.000030, 0.000022, 0.000021, 0.000012, 41.37, 0.912, 85.71, 0.799, 0.00, 0.000, 0.00, 0.000
15291,163136, 78.94, 0.00, 0.897, 0.000, 0.000019, 0.000009,0,0,0, 0.000030, 0.000021, 0.000023, 0.000014, 78.94, 0.897, 41.23, 0.851, 0.00, 0.000, 0.00, 0.000
15292,163146, 41.66, 0.00, 0.918, 0.000, 0.000020, 0.000008,0,0,0, 0.000030, 0.000019, 0.000022, 0.000013, 41.66, 0.918, 86.95, 0.741, 0.00, 0.000, 0.00, 0.000
15293,163157, 41.37, 0.00, 0.966, 0.000, 0.000020, 0.000010,0,0,0, 0.000030, 0.000020, 0.000023, 0.000013, 41.37, 0.966, 78.94, 0.660, 0.00, 0.000, 0.00, 0.000
15294,163168, 41.09, 0.00, 0.915, 0.000, 0.000019, 0.000007,0,0,0, 0.000030, 0.000021, 0.000021, 0.000013, 41.09, 0.915, 89.55, 0.648, 0.00, 0.000, 0.00, 0.000
15295,163178, 41.52, 0.00, 0.828, 0.000, 0.000020, 0.000009,0,0,0, 0.000030, 0.000022, 0.000022, 0.000013, 41.52, 0.828, 82.19, 0.681, 0.00, 0.000, 0.00, 0.000
15296,163189, 42.40, 0.00, 0.938, 0.000, 0.000020, 0.000006,0,0,0, 0.000030, 0.000022, 0.000021, 0.000014, 42.40, 0.938, 84.50, 0.833, 0.00, 0.000, 0.00, 0.000
15297,163200, 41.23, 0.00, 0.907, 0.000, 0.000020, 0.000012,0,0,0, 0.000030, 0.000025, 0.000023, 0.000012, 41.23, 0.907, 82.19, 0.869, 0.00, 0.000, 0.00, 0.000
15298,163210, 41.52, 0.00, 0.806, 0.000, 0.000019, 0.000009,0,0,0, 0.000030, 0.000020, 0.000021, 0.000014, 41.52, 0.806, 82.75, 0.790, 0.00, 0.000, 0.00, 0.000
15299,163221, 41.81, 0.00, 0.885, 0.000, 0.000019, 0.000008,0,0,0, 0.000030, 0.000022, 0.000022, 0.000012, 41.81, 0.885, 83.91, 0.700, 0.00, 0.000, 0.00, 0.000
15300,163232, 41.23, 0.00, 0.973, 0.000, 0.000020, 0.000009,0,0,0, 0.000030, 0.000022, 0.000023, 0.000014, 41.23, 0.973, 80.53, 0.630, 0.00, 0.000, 0.00, 0.000
15301,163242, 41.09, 0.00, 0.903, 0.000, 0.000020, 0.000006,0,0,0, 0.000030, 0.000020, 0.000022, 0.000013, 41.09, 0.903, 86.95, 0.686, 0.00, 0.000, 0.00, 0.000
15302,163253, 41.81, 0.00, 0.956, 0.000, 0.000020, 0.000010,0,0,0, 0.000030, 0.000022, 0.000023, 0.000013, 41.81, 0.956, 80.00, 0.746, 0.00, 0.000, 0.00, 0.000
15303,163264, 41.81, 0.00, 0.974, 0.000, 0.000019, 0.000007,0,0,0, 0.000030, 0.000020, 0.000022, 0.000012, 41.81, 0.974, 86.33, 0.758, 0.00, 0.000, 0.00, 0.000
15304,163274, 41.09, 0.00, 0.955, 0.000, 0.000020, 0.000011,0,0,0, 0.000030, 0.000025, 0.000023, 0.000014, 41.09, 0.955, 81.08, 0.770, 0.00, 0.000, 0.00, 0.000
15305,163285, 41.52, 0.00, 0.929, 0.000, 0.000020, 0.000008,0,0,0, 0.000030, 0.000022, 0.000022, 0.000013, 41.52, 0.929, 83.91, 0.719, 0.00, 0.000, 0.00, 0.000
15306,163296, 41.95, 0.00, 0.983, 0.000, 0.000019, 0.000008,0,0,0, 0.000030, 0.000025, 0.000022, 0.000011, 41.95, 0.983, 83.33, 0.662, 0.00, 0.000, 0.00, 0.000
15307,163306, 41.23, 0.00, 0.950, 0.000, 0.000019, 0.000008,0,0,0, 0.000030, 0.000022, 0.000023, 0.000014, 41.23, 0.950, 82.75, 0.696, 0.00, 0.000, 0.00, 0.000
15308,163317, 41.09, 0.00, 0.993, 0.000, 0.000019, 0.000006,0,0,0, 0.000030, 0.000020, 0.000022, 0.000014, 41.09, 0.993, 84.50, 0.735, 0.00, 0.000, 0.00, 0.000
15309,163328, 41.52, 0.00, 0.972, 0.000, 0.000020, 0.000009,0,0,0, 0.000030, 0.000022, 0.000023, 0.000013, 41.52, 0.972, 82.19, 0.760, 0.00, 0.000, 0.00, 0.000
15310,163338, 41.52, 0.00, 0.967, 0.000, 0.000020, 0.000006,0,0,0, 0.000030, 0.000019, 0.000022, 0.000013, 41.52, 0.967, 83.33, 0.789, 0.00, 0.000, 0.00, 0.000
15311,163349, 41.09, 0.00, 0.998, 0.000, 0.000020, 0.000009,0,0,0, 0.000030, 0.000022, 0.000023, 0.000013, 41.09, 0.998, 82.19, 0.736, 0.00, 0.000, 0.00, 0.000
15312,163360, 41.23, 0.00, 0.952, 0.000, 0.000019, 0.000006,0,0,0, 0.000030, 0.000020, 0.000021, 0.000012, 41.23, 0.952, 83.33, 0.674, 0.00, 0.000, 0.00, 0.000
15313,163370, 41.81, 0.00, 0.985, 0.000, 0.000020, 0.000011,0,0,0, 0.000030, 0.000025, 0.000023, 0.000014, 41.81, 0.985, 82.75, 0.647, 0.00, 0.000, 0.00, 0.000
15314,163381, 41.23, 0.00, 0.968, 0.000, 0.000020, 0.000007,0,0,0, 0.000030, 0.000022, 0.000022, 0.000013, 41.23, 0.968, 83.91, 0.646, 0.00, 0.000, 0.00, 0.000
15315,163392, 40.95, 0.00, 0.985, 0.000, 0.000019, 0.000005,0,0,0, 0.000030, 0.000024, 0.000021, 0.000011, 40.95, 0.985, 81.63, 0.695, 0.00, 0.000, 0.00, 0.000
15316,163402, 41.52, 0.00, 0.975, 0.000, 0.000019, 0.000008,0,0,0, 0.000030, 0.000022, 0.000023, 0.000013, 41.52, 0.975, 83.33, 0.784, 0.00, 0.000, 0.00, 0.000
15317,163413, 41.66, 0.00, 0.957, 0.000, 0.000020, 0.000007,0,0,0, 0.000030, 0.000018, 0.000022, 0.000014, 41.66, 0.957, 83.33, 0.772, 0.00, 0.000, 0.00, 0.000
15318,163424, 41.09, 0.00, 0.988, 0.000, 0.000020, 0.000008,0,0,0, 0.000030, 0.000023, 0.000023, 0.000013, 41.09, 0.988, 83.91, 0.735, 0.00, 0.000, 0.00, 0.000
15319,163434, 41.52, 0.00, 0.967, 0.000, 0.000020, 0.000008,0,0,0, 0.000030, 0.000018, 0.000022, 0.000013, 41.52, 0.967, 81.63, 0.696, 0.00, 0.000, 0.00, 0.000
15320,163445, 41.66, 0.00, 0.982, 0.000, 0.000020, 0.000008,0,0,0, 0.000030, 0.000022, 0.000023, 0.000013, 41.66, 0.982, 81.08, 0.613, 0.00, 0.000, 0.00, 0.000
15321,163456, 41.23, 0.00, 0.951, 0.000, 0.000020, 0.000006,0,0,0, 0.000030, 0.000022, 0.000022, 0.000013, 41.23, 0.951, 83.91, 0.650, 0.00, 0.000, 0.00, 0.000
15322,163466, 41.23, 0.00, 0.974, 0.000, 0.000020, 0.000009,0,0,0, 0.000030, 0.000024, 0.000022, 0.000013, 41.23, 0.974, 81.08, 0.691, 0.00, 0.000, 0.00, 0.000
15323,163477, 41.66, 0.00, 0.986, 0.000, 0.000020, 0.000008,0,0,0, 0.000030, 0.000022, 0.000022, 0.000013, 41.66, 0.986, 86.95, 0.709, 0.00, 0.000, 0.00, 0.000
15324,163488, 41.52, 0.00, 0.976, 0.000, 0.000020, 0.000007,0,0,0, 0.000030, 0.000023, 0.000022, 0.000012, 41.52, 0.976, 78.43, 0.713, 0.00, 0.000, 0.00, 0.000
15325,163498, 41.23, 0.00, 0.995, 0.000, 0.000019, 0.000006,0,0,0, 0.000030, 0.000023, 0.000022, 0.000013, 41.23, 0.995, 86.33, 0.703, 0.00, 0.000, 0.00, 0.000
15326,163509, 41.66, 0.00, 0.979, 0.000, 0.000020, 0.000008,0,0,0, 0.000030, 0.000017, 0.000022, 0.000014, 41.66, 0.979, 79.47, 0.682, 0.00, 0.000, 0.00, 0.000
15327,163520, 41.52, 0.00, 0.988, 0.000, 0.000020, 0.000007,0,0,0, 0.000030, 0.000022, 0.000022, 0.000013, 41.52, 0.988, 85.71, 0.691, 0.00, 0.000, 0.00, 0.000
15328,163530, 41.09, 0.00, 0.949, 0.000, 0.000020, 0.000007,0,0,0, 0.000030, 0.000018, 0.000022, 0.000012, 41.09, 0.949, 80.00, 0.675, 0.00, 0.000, 0.00, 0.000
15329,163541, 41.09, 0.00, 0.955, 0.000, 0.000020, 0.000007,0,0,0, 0.000030, 0.000023, 0.000022, 0.000014, 41.09, 0.955, 78.43, 0.689, 0.00, 0.000, 0.00, 0.000
15330,163552, 41.81, 0.00, 0.980, 0.000, 0.000020, 0.000007,0,0,0, 0.000030, 0.000022, 0.000022, 0.000013, 41.81, 0.980, 89.55, 0.698, 0.00, 0.000, 0.00, 0.000
15331,163562, 41.52, 0.00, 0.968, 0.000, 0.000020, 0.000007,0,0,0, 0.000030, 0.000024, 0.000022, 0.000013, 41.52, 0.968, 76.92, 0.650, 0.00, 0.000, 0.00, 0.000
15332,163573, 41.52, 0.00, 0.986, 0.000, 0.000020, 0.000007,0,0,0, 0.000030, 0.000022, 0.000022, 0.000013, 41.52, 0.986, 89.55, 0.638, 0.00, 0.000, 0.00, 0.000
15333,163584, 41.52, 0.00, 0.985, 0.000, 0.000020, 0.000009,0,0,0, 0.000030, 0.000021, 0.000023, 0.000012, 41.52, 0.985, 77.92, 0.661, 0.00, 0.000, 0.00, 0.000
15334,163594, 41.37, 0.00, 0.991, 0.000, 0.000019, 0.000006,0,0,0, 0.000030, 0.000022, 0.000022, 0.000013, 41.37, 0.991, 87.59, 0.655, 0.00, 0.000, 0.00, 0.000
15335,163605, 40.95, 0.00, 0.927, 0.000, 0.000020, 0.000007,0,0,0, 0.000030, 0.000019, 0.000022, 0.000014, 40.95, 0.927, 77.92, 0.707, 0.00, 0.000, 0.00, 0.000
15336,163616, 41.23, 0.00, 0.971, 0.000, 0.000020, 0.000007,0,0,0, 0.000030, 0.000023, 0.000022, 0.000013, 41.23, 0.971, 86.95, 0.732, 0.00, 0.000, 0.00, 0.000
15337,163626, 41.66, 0.00, 0.954, 0.000, 0.000019, 0.000007,0,0,0, 0.000030, 0.000018, 0.000022, 0.000012, 41.66, 0.954, 88.88, 0.656, 78.43, 0.627, 0.00, 0.000
15338,163637, 41.66, 0.00, 0.966, 0.000, 0.000020, 0.000006,0,0,0, 0.000030, 0.000023, 0.000022, 0.000014, 41.66, 0.966, 76.43, 0.680, 0.00, 0.000, 0.00, 0.000
15339,163648, 41.66, 0.00, 0.964, 0.000, 0.000020, 0.000006,0,0,0, 0.000030, 0.000022, 0.000022, 0.000013, 41.66, 0.964, 90.90, 0.640, 0.00, 0.000, 0.00, 0.000
15340,163658, 41.81, 0.00, 0.979, 0.000, 0.000020, 0.000008,0,0,0, 0.000030, 0.000023, 0.000023, 0.000013, 41.81, 0.979, 76.92, 0.605, 0.00, 0.000, 0.00, 0.000
15341,163669, 41.52, 0.00, 0.875, 0.000, 0.000019, 0.000006,0,0,0, 0.000030, 0.000024, 0.000019, 0.000012, 41.52, 0.875, 88.23, 0.639, 0.00, 0.000, 0.00, 0.000
15342,163680, 40.95, 0.00, 0.868, 0.000, 0.000020, 0.000008,0,0,0, 0.000030, 0.000019, 0.000023, 0.000014, 40.95, 0.868, 77.41, 0.738, 0.00, 0.000, 0.00, 0.000
15343,163690, 41.23, 0.00, 0.976, 0.000, 0.000019, 0.000006,0,0,0, 0.000030, 0.000023, 0.000022, 0.000013, 41.23, 0.976, 85.71, 0.770, 0.00, 0.000, 0.00, 0.000
15344,163701, 41.37, 0.00, 0.979, 0.000, 0.000020, 0.000010,0,0,0, 0.000030, 0.000020, 0.000023, 0.000013, 41.37, 0.979, 79.47, 0.774, 0.00, 0.000, 0.00, 0.000
15345,163712, 41.37, 0.00, 0.980, 0.000, 0.000020, 0.000007,0,0,0, 0.000030, 0.000022, 0.000022, 0.000013, 41.37, 0.980, 82.75, 0.752, 0.00, 0.000, 0.00, 0.000
15346,163722, 41.37, 0.00, 0.990, 0.000, 0.000020, 0.000011,0,0,0, 0.000030, 0.000022, 0.000023, 0.000012, 41.37, 0.990, 83.33, 0.837, 0.00, 0.000, 0.00, 0.000
15347,163733, 41.37, 0.00, 0.986, 0.000, 0.000020, 0.000008,0,0,0, 0.000030, 0.000023, 0.000022, 0.000013, 41.37, 0.986, 82.75, 0.853, 0.00, 0.000, 0.00, 0.000
15348,163744, 41.52, 0.00, 0.995, 0.000, 0.000020, 0.000012,0,0,0, 0.000030, 0.000025, 0.000023, 0.000013, 41.52, 0.995, 83.33, 0.859, 0.00, 0.000, 0.00, 0.000
15349,163754, 41.37, 0.00, 0.985, 0.000, 0.000019, 0.000008,0,0,0, 0.000030, 0.000023, 0.000022, 0.000012, 41.37, 0.985, 82.75, 0.835, 0.00, 0.000, 0.00, 0.000
15350,163765, 41.37, 0.00, 0.983, 0.000, 0.000019, 0.000006,0,0,0, 0.000030, 0.000023, 0.000022, 0.000013, 41.37, 0.983, 82.75, 0.764, 0.00, 0.000, 0.00, 0.000
15351,163776, 41.52, 0.00, 0.996, 0.000, 0.000020, 0.000010,0,0,0, 0.000030, 0.000020, 0.000023, 0.000014, 41.52, 0.996, 81.63, 0.749, 0.00, 0.000, 0.00, 0.000
15352,163786, 41.37, 0.00, 0.993, 0.000, 0.000019, 0.000007,0,0,0, 0.000030, 0.000022, 0.000022, 0.000013, 41.37, 0.993, 85.10, 0.763, 0.00, 0.000, 0.00, 0.000
15353,163797, 40.95, 0.00, 0.990, 0.000, 0.000020, 0.000011,0,0,0, 0.000030, 0.000020, 0.000023, 0.000013, 40.95, 0.990, 81.08, 0.787, 0.00, 0.000, 0.00, 0.000
15354,163808, 41.09, 0.00, 0.959, 0.000, 0.000020, 0.000008,0,0,0, 0.000030, 0.000022, 0.000021, 0.000013, 41.09, 0.959, 82.19, 0.779, 0.00, 0.000, 0.00, 0.000
15355,163818, 41.52, 0.00, 0.986, 0.000, 0.000020, 0.000011,0,0,0, 0.000030, 0.000023, 0.000023, 0.000013, 41.52, 0.986, 82.75, 0.816, 0.00, 0.000, 0.00, 0.000
15356,163829, 41.23, 0.00, 0.971, 0.000, 0.000020, 0.000008,0,0,0, 0.000030, 0.000022, 0.000021, 0.000013, 41.23, 0.971, 82.75, 0.801, 0.00, 0.000, 0.00, 0.000
15357,163840, 41.37, 0.00, 0.977, 0.000, 0.000020, 0.000013,0,0,0, 0.000030, 0.000025, 0.000023, 0.000012, 41.37, 0.977, 82.75, 0.777, 0.00, 0.000, 0.00, 0.000
15358,163850, 41.66, 0.00, 0.995, 0.000, 0.000019, 0.000009,0,0,0, 0.000030, 0.000022, 0.000021, 0.000013, 41.66, 0.995, 81.63, 0.737, 0.00, 0.000, 0.00, 0.000
15359,163861, 41.52, 0.00, 0.987, 0.000, 0.000019, 0.000006,0,0,0, 0.000030, 0.000022, 0.000021, 0.000013, 41.52, 0.987, 84.50, 0.717, 0.00, 0.000, 0.00, 0.000
15360,163872, 41.09, 0.00, 0.984, 0.000, 0.000020, 0.000011,0,0,0, 0.000030, 0.000020, 0.000023, 0.000014, 41.09, 0.984, 81.08, 0.734, 0.00, 0.000, 0.00, 0.000
15361,163882, 41.23, 0.00, 0.991, 0.000, 0.000019, 0.000007,0,0,0, 0.000030, 0.000022, 0.000021, 0.000013, 41.23, 0.991, 84.50, 0.715, 0.00, 0.000, 0.00, 0.000
15362,163893, 41.37, 0.00, 0.981, 0.000, 0.000020, 0.000011,0,0,0, 0.000030, 0.000019, 0.000023, 0.000012, 41.37, 0.981, 82.19, 0.705, 0.00, 0.000, 0.00, 0.000
15363,163904, 41.95, 0.00, 0.875, 0.000, 0.000019, 0.000008,0,0,0, 0.000030, 0.000022, 0.000022, 0.000014, 41.95, 0.875, 84.50, 0.703, 0.00, 0.000, 0.00, 0.000
15364,163914, 41.95, 0.00, 0.913, 0.000, 0.000020, 0.000015,0,0,0, 0.000030, 0.000025, 0.000024, 0.000013, 41.95, 0.913, 83.33, 0.636, 0.00, 0.000, 0.00, 0.000
15365,163925, 43.95, 0.00, 0.819, 0.000, 0.000019, 0.000010,0,0,0, 0.000030, 0.000020, 0.000020, 0.000013, 43.95, 0.819, 84.50, 0.555, 0.00, 0.000, 0.00, 0.000
15366,163936, 31.25, 0.00, 0.676, 0.000, 0.000019, 0.000007,0,0,0, 0.000030, 0.000026, 0.000021, 0.000013, 31.25, 0.676, 43.95, 0.634, 100.84, 0.447, 78.94, 0.223
15367,163946, 33.99, 0.00, 0.890, 0.000, 0.000020, 0.000015,0,0,0, 0.000030, 0.000020, 0.000024, 0.000012, 33.99, 0.890, 101.69, 0.452, 50.20, 0.402, 0.00, 0.000
15368,163957, 32.96, 0.00, 0.484, 0.000, 0.000019, 0.000011,0,0,0, 0.000030, 0.000029, 0.000021, 0.000010, 32.96, 0.484, 51.06, 0.452, 107.14, 0.297, 0.00, 0.000
15369,163968, 47.80, 0.00, 0.598, 0.000, 0.000020, 0.000017,0,0,0, 0.000030, 0.000014, 0.000026, 0.000012, 47.80, 0.598, 35.08, 0.217, 0.00, 0.000, 0.00, 0.000
15370,163978, 51.72, 0.00, 0.723, 0.000, 0.000020, 0.000012,0,0,0, 0.000030, 0.000029, 0.000023, 0.000011, 51.72, 0.723, 46.51, 0.693, 0.00, 0.000, 0.00, 0.000
15371,163989, 44.44, 0.00, 0.718, 0.000, 0.000020, 0.000011,0,0,0, 0.000030, 0.000015, 0.000025, 0.000014, 44.44, 0.718, 50.20, 0.551, 0.00, 0.000, 0.00, 0.000
15372,164000, 50.00, 0.00, 0.446, 0.000, 0.000020, 0.000007,0,0,0, 0.000030, 0.000026, 0.000022, 0.000014, 50.00, 0.446, 56.87, 0.411, 44.44, 0.411, 0.00, 0.000
15373,164010, 49.79, 0.00, 0.421, 0.000, 0.000019, 0.000005,0,0,0, 0.000030, 0.000019, 0.000020, 0.000013, 49.79, 0.421, 56.87, 0.415, 34.78, 0.230, 44.11, 0.169
15374,164021, 56.87, 0.00, 0.541, 0.000, 0.000018, 0.000006,0,0,0, 0.000030, 0.000016, 0.000020, 0.000011, 56.87, 0.541, 34.58, 0.307, 50.20, 0.297, 85.71, 0.201
15375,164032, 57.69, 0.00, 0.449, 0.000, 0.000020, 0.000014,0,0,0, 0.000030, 0.000027, 0.000024, 0.000013, 57.69, 0.449, 85.71, 0.207, 34.58, 0.129, 0.00, 0.000
15376,164042, 58.82, 0.00, 0.446, 0.000, 0.000020, 0.000011,0,0,0, 0.000030, 0.000014, 0.000023, 0.000013, 58.82, 0.446, 34.58, 0.339, 84.50, 0.239, 42.85, 0.204
15377,164053, 55.29, 0.00, 0.676, 0.000, 0.000020, 0.000007,0,0,0, 0.000030, 0.000022, 0.000022, 0.000013, 55.29, 0.676, 43.16, 0.091, 81.63, 0.012, 0.00, 0.000
15378,164064, 56.33, 0.00, 0.797, 0.000, 0.000021, 0.000016,0,0,0, 0.000030, 0.000020, 0.000025, 0.000012, 56.33, 0.797, 0.00, 0.000, 0.00, 0.000, 0.00, 0.000
15379,164074, 55.81, 0.00, 0.762, 0.000, 0.000020, 0.000011,0,0,0, 0.000030, 0.000018, 0.000023, 0.000012, 55.81, 0.762, 31.41, 0.106, 0.00, 0.000, 0.00, 0.000
15380,164085, 55.81, 0.00, 0.795, 0.000, 0.000021, 0.000008,0,0,0, 0.000030, 0.000025, 0.000023, 0.000012, 55.81, 0.795, 0.00, 0.000, 0.00, 0.000, 0.00, 0.000
15381,164096, 56.07, 0.00, 0.723, 0.000, 0.000020, 0.000006,0,0,0, 0.000030, 0.000017, 0.000022, 0.000014, 56.07, 0.723, 33.89, 0.262, 75.47, 0.000, 0.00, 0.000
15382,164106, 55.55, 0.00, 0.720, 0.000, 0.000020, 0.000013,0,0,0, 0.000030, 0.000024, 0.000024, 0.000013, 55.55, 0.720, 31.57, 0.320, 83.91, 0.120, 0.00, 0.000
15383,164117, 54.29, 0.00, 0.856, 0.000, 0.000020, 0.000009,0,0,0, 0.000030, 0.000020, 0.000023, 0.000013, 54.29, 0.856, 162.16, 0.053, 40.40, 0.045, 83.33, 0.005
15384,164128, 53.81, 0.00, 0.827, 0.000, 0.000020, 0.000009,0,0,0, 0.000030, 0.000019, 0.000023, 0.000012, 53.81, 0.827, 166.66, 0.045, 41.09, 0.021, 32.87, 0.012
15385,164138, 54.79, 0.00, 0.773, 0.000, 0.000020, 0.000010,0,0,0, 0.000030, 0.000026, 0.000024, 0.000011, 54.79, 0.773, 43.47, 0.071, 0.00, 0.000, 0.00, 0.000
15386,164149, 58.25, 0.00, 0.761, 0.000, 0.000019, 0.000007,0,0,0, 0.000030, 0.000004, 0.000023, 0.000011, 58.25, 0.761, 33.70, 0.123, 33.51, 0.122, 0.00, 0.000
15387,164160, 56.33, 0.00, 0.823, 0.000, 0.000020, 0.000011,0,0,0, 0.000030, 0.000023, 0.000025, 0.000015, 56.33, 0.823, 0.00, 0.000, 0.00, 0.000, 0.00, 0.000
15388,164170, 56.07, 0.00, 0.688, 0.000, 0.000019, 0.000008,0,0,0, 0.000030, 0.000022, 0.000020, 0.000013, 56.07, 0.688, 32.52, 0.173, 0.00, 0.000, 0.00, 0.000
15389,164181, 52.86, 0.00, 0.614, 0.000, 0.000020, 0.000013,0,0,0, 0.000030, 0.000020, 0.000024, 0.000012, 52.86, 0.614, 0.00, 0.000, 0.00, 0.000, 0.00, 0.000
15390,164192, 57.41, 0.00, 0.628, 0.000, 0.000020, 0.000009,0,0,0, 0.000030, 0.000025, 0.000023, 0.000011, 57.41, 0.628, 44.11, 0.156, 0.00, 0.000, 0.00, 0.000
15391,164202, 58.82, 0.00, 0.620, 0.000, 0.000019, 0.000006,0,0,0, 0.000030, 0.000003, 0.000023, 0.000011, 58.82, 0.620, 35.19, 0.183, 43.63, 0.040, 0.00, 0.000
15392,164213, 30.07, 0.00, 0.905, 0.000, 0.000020, 0.000010,0,0,0, 0.000030, 0.000022, 0.000024, 0.000015, 30.07, 0.905, 60.00, 0.842, 0.00, 0.000, 0.00, 0.000
15393,164224, 53.81, 0.00, 0.555, 0.000, 0.000019, 0.000007,0,0,0, 0.000030, 0.000021, 0.000022, 0.000012, 53.81, 0.555, 32.78, 0.190, 35.60, 0.066, 36.25, 0.057
15394,164234, 50.42, 0.00, 0.425, 0.000, 0.000019, 0.000005,0,0,0, 0.000030, 0.000019, 0.000021, 0.000012, 50.42, 0.425, 84.50, 0.083, 0.00, 0.000, 0.00, 0.000
15395,164245, 49.18, 0.00, 0.422, 0.000, 0.000020, 0.000010,0,0,0, 0.000030, 0.000025, 0.000023, 0.000013, 49.18, 0.422, 46.33, 0.364, 87.59, 0.317, 67.41, 0.039
15396,164256, 31.33, 0.00, 0.535, 0.000, 0.000019, 0.000007,0,0,0, 0.000030, 0.000015, 0.000018, 0.000011, 31.33, 0.535, 47.05, 0.371, 40.26, 0.240, 96.00, 0.224
15397,164266, 31.16, 0.00, 0.877, 0.000, 0.000020, 0.000011,0,0,0, 0.000030, 0.000017, 0.000024, 0.000013, 31.16, 0.877, 47.61, 0.609, 91.60, 0.351, 0.00, 0.000
15398,164277, 31.74, 0.00, 0.657, 0.000, 0.000020, 0.000008,0,0,0, 0.000030, 0.000020, 0.000023, 0.000013, 31.74, 0.657, 93.02, 0.550, 47.05, 0.491, 0.00, 0.000
15399,164288, 90.90, 0.00, 0.830, 0.000, 0.000020, 0.000006,0,0,0, 0.000030, 0.000021, 0.000022, 0.000014, 90.90, 0.830, 46.51, 0.623, 43.47, 0.609, 31.08, 0.420
15400,164298, 88.88, 0.00, 0.876, 0.000, 0.000019, 0.000005,0,0,0, 0.000030, 0.000020, 0.000021, 0.000012, 88.88, 0.876, 30.84, 0.775, 45.11, 0.754, 0.00, 0.000
15401,164309, 31.66, 0.00, 0.919, 0.000, 0.000018, 0.000003,0,0,0, 0.000030, 0.000018, 0.000020, 0.000012, 31.66, 0.919, 91.60, 0.734, 47.61, 0.673, 0.00, 0.000
15402,164320, 31.49, 0.00, 0.780, 0.000, 0.000019, 0.000011,0,0,0, 0.000030, 0.000018, 0.000023, 0.000013, 31.49, 0.780, 47.80, 0.767, 91.60, 0.740, 0.00, 0.000
15403,164330, 31.49, 0.00, 0.838, 0.000, 0.000019, 0.000011,0,0,0, 0.000030, 0.000017, 0.000023, 0.000012, 31.49, 0.838, 93.75, 0.795, 47.24, 0.757, 0.00, 0.000
15404,164341, 30.53, 0.00, 0.936, 0.000, 0.000020, 0.000010,0,0,0, 0.000030, 0.000019, 0.000023, 0.000013, 30.53, 0.936, 45.97, 0.869, 91.60, 0.865, 0.00, 0.000
15405,164352, 93.02, 0.00, 0.832, 0.000, 0.000020, 0.000007,0,0,0, 0.000030, 0.000022, 0.000022, 0.000014, 93.02, 0.832, 46.15, 0.790, 31.00, 0.746, 0.00, 0.000
15406,164362, 31.41, 0.00, 0.935, 0.000, 0.000019, 0.000004,0,0,0, 0.000030, 0.000017, 0.000020, 0.000012, 31.41, 0.935, 94.48, 0.756, 47.43, 0.741, 0.00, 0.000
15407,164373, 31.83, 0.00, 0.996, 0.000, 0.000019, 0.000009,0,0,0, 0.000030, 0.000020, 0.000023, 0.000014, 31.83, 0.996, 48.38, 0.842, 94.48, 0.765, 0.00, 0.000
15408,164384, 31.33, 0.00, 0.994, 0.000, 0.000019, 0.000007,0,0,0, 0.000030, 0.000022, 0.000022, 0.000014, 31.33, 0.994, 92.30, 0.729, 47.61, 0.713, 0.00, 0.000
15409,164394, 88.88, 0.00, 0.869, 0.000, 0.000019, 0.000005,0,0,0, 0.000030, 0.000022, 0.000021, 0.000013, 88.88, 0.869, 42.85, 0.758, 30.69, 0.622, 0.00, 0.000
15410,164405, 30.84, 0.00, 0.971, 0.000, 0.000019, 0.000003,0,0,0, 0.000030, 0.000019, 0.000020, 0.000013, 30.84, 0.971, 90.22, 0.763, 45.45, 0.677, 0.00, 0.000
15411,164416, 31.49, 0.00, 0.801, 0.000, 0.000019, 0.000007,0,0,0, 0.000030, 0.000019, 0.000022, 0.000013, 31.49, 0.801, 95.23, 0.785, 48.38, 0.763, 0.00, 0.000
15412,164426, 96.00, 0.00, 0.866, 0.000, 0.000019, 0.000009,0,0,0, 0.000030, 0.000018, 0.000023, 0.000013, 96.00, 0.866, 48.19, 0.820, 31.83, 0.719, 0.00, 0.000
15413,164437, 31.33, 0.00, 0.979, 0.000, 0.000019, 0.000009,0,0,0, 0.000030, 0.000019, 0.000023, 0.000013, 31.33, 0.979, 94.48, 0.942, 46.87, 0.937, 0.00, 0.000
15414,164448, 91.60, 0.00, 0.898, 0.000, 0.000019, 0.000007,0,0,0, 0.000030, 0.000022, 0.000022, 0.000014, 91.60, 0.898, 46.51, 0.864, 30.69, 0.812, 0.00, 0.000
15415,164458, 31.25, 0.00, 0.867, 0.000, 0.000019, 0.000005,0,0,0, 0.000030, 0.000016, 0.000020, 0.000012, 31.25, 0.867, 92.30, 0.776, 46.33, 0.745, 0.00, 0.000
15416,164469, 31.41, 0.00, 0.990, 0.000, 0.000019, 0.000011,0,0,0, 0.000030, 0.000020, 0.000023, 0.000014, 31.41, 0.990, 48.38, 0.798, 92.30, 0.694, 0.00, 0.000
15417,164480, 31.74, 0.00, 0.965, 0.000, 0.000019, 0.000007,0,0,0, 0.000030, 0.000021, 0.000022, 0.000014, 31.74, 0.965, 48.00, 0.752, 92.30, 0.737, 0.00, 0.000
15418,164490, 92.30, 0.00, 0.824, 0.000, 0.000019, 0.000005,0,0,0, 0.000030, 0.000019, 0.000021, 0.000013, 92.30, 0.824, 31.25, 0.798, 46.51, 0.789, 0.00, 0.000
15419,164501, 30.76, 0.00, 0.995, 0.000, 0.000019, 0.000008,0,0,0, 0.000030, 0.000019, 0.000022, 0.000013, 30.76, 0.995, 46.51, 0.940, 91.60, 0.909, 0.00, 0.000
15420,164512, 47.24, 0.00, 0.872, 0.000, 0.000019, 0.000006,0,0,0, 0.000030, 0.000016, 0.000022, 0.000012, 47.24, 0.872, 93.75, 0.816, 31.33, 0.682, 0.00, 0.000
15421,164522, 31.49, 0.00, 0.865, 0.000, 0.000019, 0.000012,0,0,0, 0.000030, 0.000017, 0.000024, 0.000012, 31.49, 0.865, 47.80, 0.829, 91.60, 0.827, 0.00, 0.000
15422,164533, 31.49, 0.00, 0.987, 0.000, 0.000020, 0.000009,0,0,0, 0.000030, 0.000020, 0.000023, 0.000014, 31.49, 0.987, 93.75, 0.768, 46.87, 0.767, 0.00, 0.000
15423,164544, 90.22, 0.00, 0.896, 0.000, 0.000019, 0.000006,0,0,0, 0.000030, 0.000021, 0.000022, 0.000014, 90.22, 0.896, 46.51, 0.715, 44.11, 0.694, 31.00, 0.653
15424,164554, 90.22, 0.00, 0.852, 0.000, 0.000019, 0.000004,0,0,0, 0.000030, 0.000020, 0.000021, 0.000012, 90.22, 0.852, 31.00, 0.844, 45.97, 0.728, 0.00, 0.000
15425,164565, 31.66, 0.00, 0.948, 0.000, 0.000018, 0.000003,0,0,0, 0.000030, 0.000019, 0.000020, 0.000013, 31.66, 0.948, 92.30, 0.792, 47.61, 0.764, 0.00, 0.000
15426,164576, 31.41, 0.00, 0.975, 0.000, 0.000019, 0.000009,0,0,0, 0.000030, 0.000022, 0.000022, 0.000014, 31.41, 0.975, 48.58, 0.846, 93.02, 0.735, 0.00, 0.000
15427,164586, 31.66, 0.00, 0.887, 0.000, 0.000019, 0.000006,0,0,0, 0.000030, 0.000022, 0.000021, 0.000013, 31.66, 0.887, 92.30, 0.793, 46.15, 0.667, 0.00, 0.000
15428,164597, 30.76, 0.00, 0.962, 0.000, 0.000019, 0.000004,0,0,0, 0.000030, 0.000020, 0.000020, 0.000013, 30.76, 0.962, 92.30, 0.832, 46.15, 0.786, 0.00, 0.000
15429,164608, 93.02, 0.00, 0.787, 0.000, 0.000018, 0.000007,0,0,0, 0.000030, 0.000014, 0.000022, 0.000011, 93.02, 0.787, 46.87, 0.685, 30.92, 0.489, 0.00, 0.000
15430,164618, 95.23, 0.00, 0.559, 0.000, 0.000020, 0.000029,0,0,0, 0.000030, 0.000008, 0.000026, 0.000007, 95.23, 0.559, 52.86, 0.354, 33.61, 0.265, 47.05, 0.215
15431,164629, 33.42, 0.00, 0.884, 0.000, 0.000020, 0.000020,0,0,0, 0.000030, 0.000018, 0.000024, 0.000013, 33.42, 0.884, 52.17, 0.348, 93.02, 0.198, 0.00, 0.000
15432,164640, 32.69, 0.00, 0.566, 0.000, 0.000020, 0.000014,0,0,0, 0.000030, 0.000024, 0.000023, 0.000015, 32.69, 0.566, 52.63, 0.529, 47.43, 0.407, 101.69, 0.221
15433,164650, 53.33, 0.00, 0.707, 0.000, 0.000020, 0.000010,0,0,0, 0.000030, 0.000017, 0.000022, 0.000013, 53.33, 0.707, 33.14, 0.465, 102.56, 0.313, 36.14, 0.062
15434,164661, 53.81, 0.00, 0.845, 0.000, 0.000020, 0.000007,0,0,0, 0.000030, 0.000022, 0.000022, 0.000013, 53.81, 0.845, 36.14, 0.462, 108.10, 0.412, 0.00, 0.000
15435,164672, 55.29, 0.00, 0.802, 0.000, 0.000019, 0.000005,0,0,0, 0.000030, 0.000016, 0.000019, 0.000013, 55.29, 0.802, 35.92, 0.696, 111.11, 0.443, 0.00, 0.000
15436,164682, 55.04, 0.00, 0.839, 0.000, 0.000019, 0.000011,0,0,0, 0.000030, 0.000023, 0.000022, 0.000013, 55.04, 0.839, 113.20, 0.297, 37.15, 0.263, 35.19, 0.219
15437,164693, 55.29, 0.00, 0.951, 0.000, 0.000019, 0.000007,0,0,0, 0.000030, 0.000023, 0.000019, 0.000014, 55.29, 0.951, 38.09, 0.335, 125.00, 0.335, 0.00, 0.000
15438,164704, 55.55, 0.00, 0.981, 0.000, 0.000019, 0.000010,0,0,0, 0.000030, 0.000023, 0.000023, 0.000013, 55.55, 0.981, 34.98, 0.450, 96.77, 0.363, 0.00, 0.000
15439,164714, 55.55, 0.00, 0.953, 0.000, 0.000019, 0.000010,0,0,0, 0.000030, 0.000022, 0.000022, 0.000013, 55.55, 0.953, 129.03, 0.307, 39.08, 0.306, 0.00, 0.000
15440,164725, 55.55, 0.00, 0.935, 0.000, 0.000019, 0.000007,0,0,0, 0.000030, 0.000015, 0.000021, 0.000014, 55.55, 0.935, 36.03, 0.584, 101.69, 0.445, 0.00, 0.000
15441,164736, 55.55, 0.00, 0.926, 0.000, 0.000019, 0.000009,0,0,0, 0.000030, 0.000023, 0.000022, 0.000013, 55.55, 0.926, 122.44, 0.383, 38.70, 0.366, 0.00, 0.000
15442,164746, 55.29, 0.00, 0.979, 0.000, 0.000019, 0.000006,0,0,0, 0.000030, 0.000021, 0.000020, 0.000014, 55.29, 0.979, 35.60, 0.347, 122.44, 0.344, 101.69, 0.344
15443,164757, 55.29, 0.00, 0.985, 0.000, 0.000019, 0.000009,0,0,0, 0.000030, 0.000023, 0.000022, 0.000013, 55.29, 0.985, 35.08, 0.412, 98.36, 0.361, 0.00, 0.000
15444,164768, 55.55, 0.00, 0.982, 0.000, 0.000018, 0.000006,0,0,0, 0.000030, 0.000024, 0.000020, 0.000012, 55.55, 0.982, 38.46, 0.295, 126.31, 0.292, 0.00, 0.000
15445,164778, 55.81, 0.00, 0.993, 0.000, 0.000019, 0.000008,0,0,0, 0.000030, 0.000017, 0.000022, 0.000014, 55.81, 0.993, 35.19, 0.530, 96.77, 0.383, 127.65, 0.283
15446,164789, 55.81, 0.00, 0.992, 0.000, 0.000019, 0.000011,0,0,0, 0.000030, 0.000023, 0.000022, 0.000013, 55.81, 0.992, 37.61, 0.425, 115.38, 0.368, 0.00, 0.000
15447,164800, 55.55, 0.00, 0.997, 0.000, 0.000019, 0.000008,0,0,0, 0.000030, 0.000020, 0.000019, 0.000014, 55.55, 0.997, 35.39, 0.356, 98.36, 0.335, 126.31, 0.308
15448,164810, 55.29, 0.00, 0.993, 0.000, 0.000019, 0.000010,0,0,0, 0.000030, 0.000022, 0.000022, 0.000013, 55.29, 0.993, 35.39, 0.357, 98.36, 0.346, 126.31, 0.316
15449,164821, 55.29, 0.00, 0.992, 0.000, 0.000018, 0.000007,0,0,0, 0.000030, 0.000024, 0.000019, 0.000013, 55.29, 0.992, 38.46, 0.361, 126.31, 0.342, 0.00, 0.000
15450,164832, 55.55, 0.00, 0.989, 0.000, 0.000019, 0.000009,0,0,0, 0.000030, 0.000019, 0.000022, 0.000014, 55.55, 0.989, 35.08, 0.503, 96.77, 0.376, 127.65, 0.281
15451,164842, 55.55, 0.00, 0.997, 0.000, 0.000019, 0.000011,0,0,0, 0.000030, 0.000023, 0.000022, 0.000013, 55.55, 0.997, 37.85, 0.459, 118.81, 0.364, 0.00, 0.000
15452,164853, 55.55, 0.00, 0.992, 0.000, 0.000019, 0.000008,0,0,0, 0.000030, 0.000019, 0.000019, 0.000014, 55.55, 0.992, 35.39, 0.426, 97.56, 0.348, 129.03, 0.276
15453,164864, 55.55, 0.00, 0.992, 0.000, 0.000019, 0.000010,0,0,0, 0.000030, 0.000023, 0.000022, 0.000013, 55.55, 0.992, 97.56, 0.303, 127.65, 0.297, 35.29, 0.277
15454,164874, 55.29, 0.00, 0.997, 0.000, 0.000019, 0.000007,0,0,0, 0.000030, 0.000024, 0.000019, 0.000013, 55.29, 0.997, 38.09, 0.397, 122.44, 0.358, 0.00, 0.000
15455,164885, 55.55, 0.00, 0.995, 0.000, 0.000019, 0.000009,0,0,0, 0.000030, 0.000021, 0.000022, 0.000014, 55.55, 0.995, 34.98, 0.468, 96.00, 0.376, 129.03, 0.287
15456,164896, 55.55, 0.00, 0.995, 0.000, 0.000020, 0.000011,0,0,0, 0.000030, 0.000023, 0.000022, 0.000013, 55.55, 0.995, 38.83, 0.444, 129.03, 0.374, 0.00, 0.000
15457,164906, 55.55, 0.00, 0.988, 0.000, 0.000019, 0.000008,0,0,0, 0.000030, 0.000017, 0.000019, 0.000013, 55.55, 0.988, 35.29, 0.588, 96.77, 0.427, 0.00, 0.000
15458,164917, 55.55, 0.00, 0.977, 0.000, 0.000019, 0.000010,0,0,0, 0.000030, 0.000022, 0.000022, 0.000013, 55.55, 0.977, 129.03, 0.314, 38.96, 0.278, 97.56, 0.277
15459,164928, 55.29, 0.00, 0.990, 0.000, 0.000019, 0.000007,0,0,0, 0.000030, 0.000023, 0.000020, 0.000014, 55.29, 0.990, 38.70, 0.397, 127.65, 0.366, 0.00, 0.000
15460,164938, 55.29, 0.00, 0.984, 0.000, 0.000019, 0.000009,0,0,0, 0.000030, 0.000022, 0.000022, 0.000013, 55.29, 0.984, 34.88, 0.413, 97.56, 0.359, 129.03, 0.288
15461,164949, 55.55, 0.00, 0.992, 0.000, 0.000019, 0.000011,0,0,0, 0.000030, 0.000023, 0.000022, 0.000013, 55.55, 0.992, 38.83, 0.325, 129.03, 0.317, 0.00, 0.000
15462,164960, 55.81, 0.00, 0.992, 0.000, 0.000019, 0.000008,0,0,0, 0.000030, 0.000016, 0.000021, 0.000014, 55.81, 0.992, 35.39, 0.632, 97.56, 0.447, 0.00, 0.000
15463,164970, 55.55, 0.00, 0.992, 0.000, 0.000019, 0.000010,0,0,0, 0.000030, 0.000023, 0.000022, 0.000013, 55.55, 0.992, 127.65, 0.336, 38.83, 0.331, 0.00, 0.000
15464,164981, 55.29, 0.00, 0.994, 0.000, 0.000019, 0.000007,0,0,0, 0.000030, 0.000022, 0.000020, 0.000014, 55.29, 0.994, 125.00, 0.334, 38.46, 0.331, 100.00, 0.311
15465,164992, 55.29, 0.00, 0.993, 0.000, 0.000019, 0.000009,0,0,0, 0.000030, 0.000022, 0.000022, 0.000013, 55.29, 0.993, 35.29, 0.412, 98.36, 0.369, 0.00, 0.000
15466,165002, 55.55, 0.00, 0.992, 0.000, 0.000018, 0.000006,0,0,0, 0.000030, 0.000023, 0.000020, 0.000012, 55.55, 0.992, 126.31, 0.294, 38.70, 0.276, 0.00, 0.000
15467,165013, 55.55, 0.00, 0.991, 0.000, 0.000019, 0.000008,0,0,0, 0.000030, 0.000016, 0.000022, 0.000015, 55.55, 0.991, 35.39, 0.565, 97.56, 0.414, 0.00, 0.000
15468,165024, 55.55, 0.00, 0.993, 0.000, 0.000019, 0.000010,0,0,0, 0.000030, 0.000023, 0.000022, 0.000013, 55.55, 0.993, 38.33, 0.398, 123.71, 0.367, 0.00, 0.000
15469,165034, 55.55, 0.00, 0.995, 0.000, 0.000019, 0.000007,0,0,0, 0.000030, 0.000021, 0.000019, 0.000014, 55.55, 0.995, 98.36, 0.340, 35.39, 0.334, 125.00, 0.333
15470,165045, 55.29, 0.00, 0.996, 0.000, 0.000019, 0.000009,0,0,0, 0.000030, 0.000022, 0.000022, 0.000013, 55.29, 0.996, 35.50, 0.426, 99.17, 0.393, 0.00, 0.000
15471,165056, 55.29, 0.00, 0.996, 0.000, 0.000018, 0.000006,0,0,0, 0.000030, 0.000024, 0.000019, 0.000012, 55.29, 0.996, 38.46, 0.359, 125.00, 0.359, 0.00, 0.000
15472,165066, 55.55, 0.00, 0.995, 0.000, 0.000019, 0.000008,0,0,0, 0.000030, 0.000018, 0.000022, 0.000014, 55.55, 0.995, 35.39, 0.523, 98.36, 0.417, 123.71, 0.343
15473,165077, 55.55, 0.00, 0.997, 0.000, 0.000019, 0.000011,0,0,0, 0.000030, 0.000023, 0.000022, 0.000013, 55.55, 0.997, 37.38, 0.532, 114.28, 0.444, 0.00, 0.000
15474,165088, 55.55, 0.00, 0.995, 0.000, 0.000019, 0.000007,0,0,0, 0.000030, 0.000020, 0.000019, 0.000014, 55.55, 0.995, 35.60, 0.437, 100.00, 0.402, 123.71, 0.358
15475,165098, 55.29, 0.00, 0.985, 0.000, 0.000019, 0.000010,0,0,0, 0.000030, 0.000022, 0.000022, 0.000013, 55.29, 0.985, 100.84, 0.387, 122.44, 0.371, 35.60, 0.371
15476,165109, 55.29, 0.00, 0.986, 0.000, 0.000018, 0.000007,0,0,0, 0.000030, 0.000024, 0.000019, 0.000013, 55.29, 0.986, 38.09, 0.449, 122.44, 0.417, 0.00, 0.000
15477,165120, 55.29, 0.00, 0.980, 0.000, 0.000019, 0.000009,0,0,0, 0.000030, 0.000020, 0.000022, 0.000014, 55.29, 0.980, 35.39, 0.479, 100.00, 0.399, 122.44, 0.348
15478,165130, 55.55, 0.00, 0.999, 0.000, 0.000019, 0.000011,0,0,0, 0.000030, 0.000023, 0.000022, 0.000013, 55.55, 0.999, 38.21, 0.521, 122.44, 0.442, 0.00, 0.000
15479,165141, 55.55, 0.00, 0.996, 0.000, 0.000019, 0.000008,0,0,0, 0.000030, 0.000018, 0.000019, 0.000013, 55.55, 0.996, 35.82, 0.523, 101.69, 0.441, 0.00, 0.000
15480,165152, 55.29, 0.00, 0.987, 0.000, 0.000019, 0.000010,0,0,0, 0.000030, 0.000022, 0.000022, 0.000013, 55.29, 0.987, 121.21, 0.361, 102.56, 0.336, 38.21, 0.324
15481,165162, 55.29, 0.00, 0.989, 0.000, 0.000018, 0.000007,0,0,0, 0.000030, 0.000024, 0.000019, 0.000014, 55.29, 0.989, 37.73, 0.433, 120.00, 0.408, 0.00, 0.000
15482,165173, 55.29, 0.00, 0.983, 0.000, 0.000019, 0.000010,0,0,0, 0.000030, 0.000021, 0.000022, 0.000013, 55.29, 0.983, 35.39, 0.401, 102.56, 0.379, 38.09, 0.269
15483,165184, 55.55, 0.00, 0.996, 0.000, 0.000019, 0.000012,0,0,0, 0.000030, 0.000023, 0.000022, 0.000013, 55.55, 0.996, 38.09, 0.427, 120.00, 0.398, 0.00, 0.000
15484,165194, 55.55, 0.00, 0.994, 0.000, 0.000019, 0.000008,0,0,0, 0.000030, 0.000017, 0.000019, 0.000014, 55.55, 0.994, 36.03, 0.629, 102.56, 0.487, 0.00, 0.000
15485,165205, 55.55, 0.00, 0.992, 0.000, 0.000019, 0.000011,0,0,0, 0.000030, 0.000023, 0.000022, 0.000013, 55.55, 0.992, 120.00, 0.383, 38.09, 0.361, 0.00, 0.000
15486,165216, 55.29, 0.00, 0.996, 0.000, 0.000018, 0.000007,0,0,0, 0.000030, 0.000024, 0.000019, 0.000014, 55.29, 0.996, 118.81, 0.390, 37.73, 0.377, 0.00, 0.000
15487,165226, 55.29, 0.00, 0.994, 0.000, 0.000019, 0.000010,0,0,0, 0.000030, 0.000022, 0.000022, 0.000013, 55.29, 0.994, 35.82, 0.409, 102.56, 0.397, 0.00, 0.000
15488,165237, 55.55, 0.00, 0.992, 0.000, 0.000019, 0.000012,0,0,0, 0.000030, 0.000023, 0.000022, 0.000012, 55.55, 0.992, 120.00, 0.350, 37.97, 0.325, 0.00, 0.000
15489,165248, 55.55, 0.00, 0.995, 0.000, 0.000019, 0.000008,0,0,0, 0.000030, 0.000017, 0.000022, 0.000014, 55.55, 0.995, 36.03, 0.589, 103.44, 0.471, 0.00, 0.000
15490,165258, 55.55, 0.00, 0.993, 0.000, 0.000019, 0.000011,0,0,0, 0.000030, 0.000023, 0.000022, 0.000013, 55.55, 0.993, 37.97, 0.431, 118.81, 0.419, 0.00, 0.000
15491,165269, 55.29, 0.00, 0.995, 0.000, 0.000019, 0.000007,0,0,0, 0.000030, 0.000022, 0.000019, 0.000014, 55.29, 0.995, 117.64, 0.389, 103.44, 0.382, 37.73, 0.362
15492,165280, 55.29, 0.00, 0.996, 0.000, 0.000019, 0.000010,0,0,0, 0.000030, 0.000022, 0.000022, 0.000013, 55.29, 0.996, 35.92, 0.430, 103.44, 0.418, 0.00, 0.000
15493,165290, 55.55, 0.00, 0.995, 0.000, 0.000018, 0.000007,0,0,0, 0.000030, 0.000024, 0.000019, 0.000012, 55.55, 0.995, 118.81, 0.375, 37.85, 0.352, 0.00, 0.000
15494,165301, 55.55, 0.00, 0.997, 0.000, 0.000019, 0.000009,0,0,0, 0.000030, 0.000017, 0.000022, 0.000015, 55.55, 0.997, 36.03, 0.524, 103.44, 0.450, 0.00, 0.000
15495,165312, 55.55, 0.00, 0.997, 0.000, 0.000019, 0.000011,0,0,0, 0.000030, 0.000023, 0.000022, 0.000013, 55.55, 0.997, 37.15, 0.536, 115.38, 0.471, 0.00, 0.000
15496,165322, 55.55, 0.00, 0.997, 0.000, 0.000019, 0.000008,0,0,0, 0.000030, 0.000021, 0.000019, 0.000014, 55.55, 0.997, 36.14, 0.412, 104.34, 0.409, 117.64, 0.385
15497,165333, 55.29, 0.00, 0.996, 0.000, 0.000019, 0.000010,0,0,0, 0.000030, 0.000022, 0.000022, 0.000013, 55.29, 0.996, 36.03, 0.418, 104.34, 0.417, 37.61, 0.381
15498,165344, 55.29, 0.00, 0.996, 0.000, 0.000018, 0.000007,0,0,0, 0.000030, 0.000024, 0.000018, 0.000013, 55.29, 0.996, 37.85, 0.429, 118.81, 0.419, 0.00, 0.000
15499,165354, 55.55, 0.00, 0.997, 0.000, 0.000019, 0.000009,0,0,0, 0.000030, 0.000019, 0.000022, 0.000014, 55.55, 0.997, 35.82, 0.443, 102.56, 0.409, 118.81, 0.369
15500,165365, 55.55, 0.00, 0.999, 0.000, 0.000019, 0.000012,0,0,0, 0.000030, 0.000023, 0.000022, 0.000013, 55.55, 0.999, 37.73, 0.569, 117.64, 0.476, 0.00, 0.000
15501,165376, 55.55, 0.00, 0.997, 0.000, 0.000019, 0.000008,0,0,0, 0.000030, 0.000019, 0.000019, 0.000014, 55.55, 0.997, 36.14, 0.473, 103.44, 0.425, 0.00, 0.000
15502,165386, 55.55, 0.00, 0.996, 0.000, 0.000019, 0.000011,0,0,0, 0.000030, 0.000022, 0.000022, 0.000013, 55.55, 0.996, 118.81, 0.382, 104.34, 0.371, 37.85, 0.357
15503,165397, 55.29, 0.00, 0.997, 0.000, 0.000018, 0.000007,0,0,0, 0.000030, 0.000025, 0.000019, 0.000013, 55.29, 0.997, 37.73, 0.458, 118.81, 0.431, 0.00, 0.000
15504,165408, 55.55, 0.00, 0.994, 0.000, 0.000019, 0.000010,0,0,0, 0.000030, 0.000021, 0.000022, 0.000014, 55.55, 0.994, 35.60, 0.399, 102.56, 0.388, 118.81, 0.353
15505,165418, 55.55, 0.00, 0.996, 0.000, 0.000019, 0.000012,0,0,0, 0.000030, 0.000023, 0.000022, 0.000013, 55.55, 0.996, 37.97, 0.500, 118.81, 0.441, 0.00, 0.000
15506,165429, 55.55, 0.00, 0.994, 0.000, 0.000019, 0.000008,0,0,0, 0.000030, 0.000018, 0.000019, 0.000013, 55.55, 0.994, 36.14, 0.580, 103.44, 0.471, 0.00, 0.000
15507,165440, 55.55, 0.00, 0.994, 0.000, 0.000019, 0.000011,0,0,0, 0.000030, 0.000022, 0.000022, 0.000013, 55.55, 0.994, 118.81, 0.381, 37.97, 0.352, 0.00, 0.000
15508,165450, 55.29, 0.00, 0.997, 0.000, 0.000018, 0.000007,0,0,0, 0.000030, 0.000024, 0.000019, 0.000014, 55.29, 0.997, 37.61, 0.429, 116.50, 0.423, 0.00, 0.000
15509,165461, 55.29, 0.00, 0.997, 0.000, 0.000019, 0.000010,0,0,0, 0.000030, 0.000022, 0.000022, 0.000013, 55.29, 0.997, 104.34, 0.422, 36.03, 0.418, 0.00, 0.000
15510,165472, 55.55, 0.00, 0.993, 0.000, 0.000019, 0.000013,0,0,0, 0.000030, 0.000023, 0.000022, 0.000013, 55.55, 0.993, 117.64, 0.411, 37.85, 0.408, 0.00, 0.000
15511,165482, 55.55, 0.00, 0.996, 0.000, 0.000019, 0.000009,0,0,0, 0.000030, 0.000017, 0.000021, 0.000014, 55.55, 0.996, 36.14, 0.646, 104.34, 0.514, 0.00, 0.000
15512,165493, 55.55, 0.00, 0.993, 0.000, 0.000019, 0.000011,0,0,0, 0.000030, 0.000023, 0.000022, 0.000013, 55.55, 0.993, 117.64, 0.425, 37.85, 0.420, 0.00, 0.000
15513,165504, 55.29, 0.00, 0.998, 0.000, 0.000019, 0.000008,0,0,0, 0.000030, 0.000023, 0.000019, 0.000014, 55.29, 0.998, 115.38, 0.421, 37.50, 0.403, 0.00, 0.000
15514,165514, 55.29, 0.00, 0.998, 0.000, 0.000019, 0.000010,0,0,0, 0.000030, 0.000022, 0.000022, 0.000013, 55.29, 0.998, 36.03, 0.449, 104.34, 0.445, 0.00, 0.000
15515,165525, 55.55, 0.00, 0.994, 0.000, 0.000018, 0.000007,0,0,0, 0.000030, 0.000024, 0.000018, 0.000012, 55.55, 0.994, 117.64, 0.396, 37.73, 0.351, 0.00, 0.000
15516,165536, 55.55, 0.00, 0.997, 0.000, 0.000019, 0.000009,0,0,0, 0.000030, 0.000017, 0.000022, 0.000015, 55.55, 0.997, 36.14, 0.588, 104.34, 0.498, 0.00, 0.000
15517,165546, 55.55, 0.00, 0.996, 0.000, 0.000019, 0.000011,0,0,0, 0.000030, 0.000023, 0.000022, 0.000013, 55.55, 0.996, 37.61, 0.514, 115.38, 0.477, 0.00, 0.000
15518,165557, 55.29, 0.00, 0.992, 0.000, 0.000019, 0.000008,0,0,0, 0.000030, 0.000022, 0.000019, 0.000014, 55.29, 0.992, 105.26, 0.435, 115.38, 0.432, 36.25, 0.430
15519,165568, 55.29, 0.00, 0.994, 0.000, 0.000019, 0.000010,0,0,0, 0.000030, 0.000022, 0.000022, 0.000013, 55.29, 0.994, 36.14, 0.493, 105.26, 0.481, 0.00, 0.000
15520,165578, 55.29, 0.00, 0.994, 0.000, 0.000018, 0.000007,0,0,0, 0.000030, 0.000024, 0.000018, 0.000012, 55.29, 0.994, 116.50, 0.473, 37.61, 0.457, 0.00, 0.000
15521,165589, 55.55, 0.00, 0.996, 0.000, 0.000019, 0.000009,0,0,0, 0.000030, 0.000019, 0.000022, 0.000014, 55.55, 0.996, 36.25, 0.520, 105.26, 0.501, 37.61, 0.436
15522,165600, 55.55, 0.00, 0.999, 0.000, 0.000019, 0.000011,0,0,0, 0.000030, 0.000022, 0.000022, 0.000013, 55.55, 0.999, 37.50, 0.665, 115.38, 0.577, 0.00, 0.000
15523,165610, 55.55, 0.00, 0.984, 0.000, 0.000019, 0.000008,0,0,0, 0.000030, 0.000020, 0.000019, 0.000014, 55.55, 0.984, 36.36, 0.560, 106.19, 0.520, 0.00, 0.000
15524,165621, 55.29, 0.00, 0.987, 0.000, 0.000019, 0.000009,0,0,0, 0.000030, 0.000022, 0.000022, 0.000013, 55.29, 0.987, 114.28, 0.510, 106.19, 0.507, 37.50, 0.490
15525,165632, 55.29, 0.00, 0.991, 0.000, 0.000018, 0.000006,0,0,0, 0.000030, 0.000024, 0.000019, 0.000013, 55.29, 0.991, 37.61, 0.559, 116.50, 0.553, 0.00, 0.000
15526,165642, 55.55, 0.00, 0.995, 0.000, 0.000019, 0.000008,0,0,0, 0.000030, 0.000021, 0.000022, 0.000014, 55.55, 0.995, 106.19, 0.522, 115.38, 0.520, 36.25, 0.486
15527,165653, 55.55, 0.00, 0.994, 0.000, 0.000019, 0.000012,0,0,0, 0.000030, 0.000022, 0.000022, 0.000013, 55.55, 0.994, 37.50, 0.632, 115.38, 0.592, 0.00, 0.000
15528,165664, 55.55, 0.00, 0.975, 0.000, 0.000018, 0.000008,0,0,0, 0.000030, 0.000018, 0.000019, 0.000013, 55.55, 0.975, 36.36, 0.718, 106.19, 0.613, 0.00, 0.000
15529,165674, 55.29, 0.00, 0.980, 0.000, 0.000019, 0.000009,0,0,0, 0.000030, 0.000022, 0.000022, 0.000013, 55.29, 0.980, 114.28, 0.547, 37.38, 0.518, 0.00, 0.000
15530,165685, 55.04, 0.00, 0.987, 0.000, 0.000018, 0.000006,0,0,0, 0.000030, 0.000024, 0.000020, 0.000014, 55.04, 0.987, 114.28, 0.601, 37.26, 0.601, 0.00, 0.000
15531,165696, 55.29, 0.00, 0.996, 0.000, 0.000019, 0.000008,0,0,0, 0.000030, 0.000022, 0.000022, 0.000013, 55.29, 0.996, 107.14, 0.594, 36.36, 0.586, 0.00, 0.000
15532,165706, 55.55, 0.00, 0.997, 0.000, 0.000019, 0.000011,0,0,0, 0.000030, 0.000022, 0.000022, 0.000013, 55.55, 0.997, 113.20, 0.587, 37.38, 0.571, 0.00, 0.000
15533,165717, 55.55, 0.00, 0.996, 0.000, 0.000018, 0.000007,0,0,0, 0.000030, 0.000018, 0.000019, 0.000014, 55.55, 0.996, 36.58, 0.765, 108.10, 0.668, 0.00, 0.000
15534,165728, 55.29, 0.00, 0.984, 0.000, 0.000019, 0.000009,0,0,0, 0.000030, 0.000021, 0.000021, 0.000013, 55.29, 0.984, 112.14, 0.618, 37.26, 0.602, 0.00, 0.000
15535,165738, 55.29, 0.00, 0.991, 0.000, 0.000018, 0.000006,0,0,0, 0.000030, 0.000023, 0.000020, 0.000014, 55.29, 0.991, 111.11, 0.631, 36.92, 0.609, 0.00, 0.000
15536,165749, 55.55, 0.00, 0.946, 0.000, 0.000019, 0.000007,0,0,0, 0.000030, 0.000021, 0.000021, 0.000013, 55.55, 0.946, 37.50, 0.685, 114.28, 0.652, 0.00, 0.000
15537,165760, 56.60, 0.00, 0.565, 0.000, 0.000021, 0.000020,0,0,0, 0.000030, 0.000025, 0.000025, 0.000011, 56.60, 0.565, 114.28, 0.280, 40.13, 0.066, 0.00, 0.000
15538,165770, 55.81, 0.00, 0.348, 0.000, 0.000021, 0.000015,0,0,0, 0.000030, 0.000015, 0.000025, 0.000012, 55.81, 0.348, 31.33, 0.305, 46.15, 0.162, 40.40, 0.066
15539,165781, 46.87, 0.00, 0.666, 0.000, 0.000020, 0.000011,0,0,0, 0.000030, 0.000023, 0.000023, 0.000012, 46.87, 0.666, 53.09, 0.429, 0.00, 0.000, 0.00, 0.000
15540,165792, 54.05, 0.00, 0.621, 0.000, 0.000020, 0.000008,0,0,0, 0.000030, 0.000017, 0.000023, 0.000012, 54.05, 0.621, 30.69, 0.449, 0.00, 0.000, 0.00, 0.000
15541,165802, 55.29, 0.00, 0.537, 0.000, 0.000018, 0.000006,0,0,0, 0.000030, 0.000004, 0.000020, 0.000005, 55.29, 0.537, 61.53, 0.430, 0.00, 0.000, 0.00, 0.000
15542,165813, 61.22, 0.00, 0.419, 0.000, 0.000020, 0.000016,0,0,0, 0.000030, 0.000030, 0.000026, 0.000012, 61.22, 0.419, 0.00, 0.000, 0.00, 0.000, 0.00, 0.000
15543,165824, 36.47, 0.00, 0.548, 0.000, 0.000021, 0.000017,0,0,0, 0.000030, 0.000018, 0.000026, 0.000012, 36.47, 0.548, 0.00, 0.000, 0.00, 0.000, 0.00, 0.000
15544,165834, 43.01, 0.00, 0.517, 0.000, 0.000020, 0.000012,0,0,0, 0.000030, 0.000021, 0.000023, 0.000013, 43.01, 0.517, 32.43, 0.209, 0.00, 0.000, 0.00, 0.000
15545,165845, 41.95, 0.00, 0.650, 0.000, 0.000020, 0.000010,0,0,0, 0.000030, 0.000023, 0.000023, 0.000013, 41.95, 0.650, 32.34, 0.485, 32.52, 0.485, 88.23, 0.112
15546,165856, 41.66, 0.00, 0.631, 0.000, 0.000018, 0.000007,0,0,0, 0.000000, 0.000000, 0.000009, 0.000004, 41.66, 0.631, 32.96, 0.328, 86.95, 0.218, 0.00, 0.000
15547,165866, 41.81, 0.00, 0.576, 0.000, 0.000021, 0.000018,0,0,0, 0.000030, 0.000026, 0.000026, 0.000014, 41.81, 0.576, 31.66, 0.254, 89.55, 0.090, 0.00, 0.000
15548,165877, 41.37, 0.00, 0.996, 0.000, 0.000019, 0.000012,0,0,0, 0.000000, 0.000000, 0.000019, 0.000008, 41.37, 0.996, 0.00, 0.000, 0.00, 0.000, 0.00, 0.000
15549,165888, 47.24, 0.00, 0.777, 0.000, 0.000020, 0.000014,0,0,0, 0.000030, 0.000029, 0.000026, 0.000012, 47.24, 0.777, 0.00, 0.000, 0.00, 0.000, 0.00, 0.000
15550,165898, 40.54, 0.00, 0.849, 0.000, 0.000021, 0.000012,0,0,0, 0.000030, 0.000012, 0.000025, 0.000012, 40.54, 0.849, 47.24, 0.678, 0.00, 0.000, 0.00, 0.000
15551,165909, 45.28, 0.00, 0.697, 0.000, 0.000021, 0.000009,0,0,0, 0.000030, 0.000024, 0.000024, 0.000014, 45.28, 0.697, 34.28, 0.267, 37.26, 0.050, 0.00, 0.000
15552,165920, 41.66, 0.00, 0.653, 0.000, 0.000020, 0.000009,0,0,0, 0.000030, 0.000020, 0.000023, 0.000012, 41.66, 0.653, 45.11, 0.606, 34.28, 0.374, 37.38, 0.205
15553,165930, 44.11, 0.00, 0.561, 0.000, 0.000020, 0.000008,0,0,0, 0.000030, 0.000013, 0.000023, 0.000010, 44.11, 0.561, 0.00, 0.000, 0.00, 0.000, 0.00, 0.000
15554,165941, 43.95, 0.00, 0.551, 0.000, 0.000020, 0.000008,0,0,0, 0.000030, 0.000023, 0.000024, 0.000014, 43.95, 0.551, 31.00, 0.508, 96.77, 0.257, 0.00, 0.000
15555,165952, 41.81, 0.00, 0.554, 0.000, 0.000019, 0.000006,0,0,0, 0.000030, 0.000009, 0.000021, 0.000008, 41.81, 0.554, 47.61, 0.352, 32.08, 0.334, 83.33, 0.245
15556,165962, 47.43, 0.00, 0.302, 0.000, 0.000020, 0.000015,0,0,0, 0.000030, 0.000023, 0.000025, 0.000015, 47.43, 0.302, 31.91, 0.243, 37.61, 0.170, 101.69, 0.164
15557,165973, 42.55, 0.00, 0.421, 0.000, 0.000019, 0.000010,0,0,0, 0.000030, 0.000023, 0.000021, 0.000012, 42.55, 0.421, 39.73, 0.216, 59.11, 0.127, 70.17, 0.014
15558,165984, 68.96, 0.00, 0.365, 0.000, 0.000017, 0.000007,0,0,0, 0.000030, 0.000030, 0.000005, 0.000002, 68.96, 0.365, 42.85, 0.132, 104.34, 0.039, 49.18, 0.026
15559,165994, 40.26, 0.00, 0.358, 0.000, 0.000020, 0.000022,0,0,0, 0.000030, 0.000014, 0.000026, 0.000012, 40.26, 0.358, 72.72, 0.161, 214.28, 0.075, 173.91, 0.061
15560,166005, 34.28, 0.00, 0.597, 0.000, 0.000020, 0.000015,0,0,0, 0.000030, 0.000023, 0.000024, 0.000014, 34.28, 0.597, 151.89, 0.064, 0.00, 0.000, 0.00, 0.000
15561,166016, 40.81, 0.00, 0.688, 0.000, 0.000021, 0.000011,0,0,0, 0.000030, 0.000021, 0.000024, 0.000012, 40.81, 0.688, 33.70, 0.524, 0.00, 0.000, 0.00, 0.000
15562,166026, 40.67, 0.00, 0.669, 0.000, 0.000018, 0.000008,0,0,0, 0.000000, 0.000000, 0.000008, 0.000003, 40.67, 0.669, 32.78, 0.534, 155.84, 0.015, 0.00, 0.000
15563,166037, 41.37, 0.00, 0.575, 0.000, 0.000021, 0.000018,0,0,0, 0.000030, 0.000024, 0.000026, 0.000015, 41.37, 0.575, 31.33, 0.147, 91.60, 0.057, 0.00, 0.000
15564,166048, 41.52, 0.00, 0.811, 0.000, 0.000019, 0.000012,0,0,0, 0.000030, 0.000009, 0.000019, 0.000008, 41.52, 0.811, 0.00, 0.000, 0.00, 0.000, 0.00, 0.000
15565,166058, 43.47, 0.00, 0.764, 0.000, 0.000020, 0.000017,0,0,0, 0.000030, 0.000025, 0.000026, 0.000012, 43.47, 0.764, 40.54, 0.659, 0.00, 0.000, 0.00, 0.000
15566,166069, 42.40, 0.00, 0.805, 0.000, 0.000019, 0.000012,0,0,0, 0.000030, 0.000003, 0.000023, 0.000011, 42.40, 0.805, 55.04, 0.019, 0.00, 0.000, 0.00, 0.000
15567,166080, 47.43, 0.00, 0.445, 0.000, 0.000020, 0.000013,0,0,0, 0.000030, 0.000027, 0.000025, 0.000013, 47.43, 0.445, 41.95, 0.425, 54.79, 0.335, 32.60, 0.008
15568,166090, 39.73, 0.00, 0.807, 0.000, 0.000021, 0.000014,0,0,0, 0.000030, 0.000018, 0.000025, 0.000012, 39.73, 0.807, 49.58, 0.406, 0.00, 0.000, 0.00, 0.000
15569,166101, 45.11, 0.00, 0.454, 0.000, 0.000021, 0.000010,0,0,0, 0.000030, 0.000017, 0.000023, 0.000013, 45.11, 0.454, 39.47, 0.261, 33.24, 0.245, 235.29, 0.060
15570,166112, 44.94, 0.00, 0.524, 0.000, 0.000020, 0.000007,0,0,0, 0.000030, 0.000023, 0.000022, 0.000014, 44.94, 0.524, 42.85, 0.495, 33.05, 0.418, 38.96, 0.223
15571,166122, 42.40, 0.00, 0.674, 0.000, 0.000018, 0.000004,0,0,0, 0.000030, 0.000006, 0.000016, 0.000004, 42.40, 0.674, 30.37, 0.430, 88.23, 0.286, 31.83, 0.180
15572,166133, 42.25, 0.00, 0.740, 0.000, 0.000021, 0.000018,0,0,0, 0.000030, 0.000024, 0.000026, 0.000015, 42.25, 0.740, 30.53, 0.390, 81.08, 0.123, 104.34, 0.041
15573,166144, 42.10, 0.00, 0.969, 0.000, 0.000019, 0.000012,0,0,0, 0.000000, 0.000000, 0.000016, 0.000007, 42.10, 0.969, 0.00, 0.000, 0.00, 0.000, 0.00, 0.000
15574,166154, 43.79, 0.00, 0.722, 0.000, 0.000021, 0.000019,0,0,0, 0.000030, 0.000024, 0.000026, 0.000013, 43.79, 0.722, 38.58, 0.567, 0.00, 0.000, 0.00, 0.000
15575,166165, 38.46, 0.00, 0.918, 0.000, 0.000020, 0.000013,0,0,0, 0.000030, 0.000015, 0.000023, 0.000011, 38.46, 0.918, 43.95, 0.556, 0.00, 0.000, 0.00, 0.000
15576,166176, 36.58, 0.00, 0.549, 0.000, 0.000021, 0.000009,0,0,0, 0.000030, 0.000019, 0.000024, 0.000014, 36.58, 0.549, 41.37, 0.337, 49.38, 0.279, 0.00, 0.000
15577,166186, 41.66, 0.00, 0.494, 0.000, 0.000020, 0.000006,0,0,0, 0.000030, 0.000020, 0.000022, 0.000012, 41.66, 0.494, 36.58, 0.419, 49.18, 0.271, 83.91, 0.116
15578,166197, 43.79, 0.00, 0.839, 0.000, 0.000020, 0.000009,0,0,0, 0.000030, 0.000016, 0.000023, 0.000012, 43.79, 0.839, 86.33, 0.491, 0.00, 0.000, 0.00, 0.000
15579,166208, 42.10, 0.00, 0.744, 0.000, 0.000020, 0.000008,0,0,0, 0.000030, 0.000023, 0.000023, 0.000014, 42.10, 0.744, 43.79, 0.739, 88.23, 0.586, 0.00, 0.000
15580,166218, 42.10, 0.00, 0.632, 0.000, 0.000018, 0.000005,0,0,0, 0.000030, 0.000004, 0.000017, 0.000005, 42.10, 0.632, 44.60, 0.482, 81.63, 0.466, 0.00, 0.000
15581,166229, 45.28, 0.00, 0.518, 0.000, 0.000021, 0.000018,0,0,0, 0.000030, 0.000026, 0.000026, 0.000013, 45.28, 0.518, 31.49, 0.466, 100.84, 0.158, 81.08, 0.135
15582,166240, 41.52, 0.00, 0.757, 0.000, 0.000019, 0.000013,0,0,0, 0.000030, 0.000006, 0.000022, 0.000010, 41.52, 0.757, 45.45, 0.688, 35.29, 0.010, 0.00, 0.000
15583,166250, 37.50, 0.00, 0.932, 0.000, 0.000020, 0.000018,0,0,0, 0.000030, 0.000018, 0.000025, 0.000011, 37.50, 0.932, 41.37, 0.507, 44.44, 0.423, 235.29, 0.182
15584,166261, 37.85, 0.00, 0.825, 0.000, 0.000020, 0.000012,0,0,0, 0.000030, 0.000017, 0.000022, 0.000011, 37.85, 0.825, 38.70, 0.813, 47.05, 0.117, 0.00, 0.000
15585,166272, 40.95, 0.00, 0.442, 0.000, 0.000021, 0.000010,0,0,0, 0.000030, 0.000018, 0.000024, 0.000013, 40.95, 0.442, 40.40, 0.441, 37.50, 0.315, 32.87, 0.141
15586,166282, 41.66, 0.00, 0.727, 0.000, 0.000020, 0.000007,0,0,0, 0.000030, 0.000021, 0.000022, 0.000013, 41.66, 0.727, 85.10, 0.349, 0.00, 0.000, 0.00, 0.000
15587,166293, 43.47, 0.00, 0.875, 0.000, 0.000020, 0.000007,0,0,0, 0.000030, 0.000018, 0.000023, 0.000013, 43.47, 0.875, 86.33, 0.615, 0.00, 0.000, 0.00, 0.000
15588,166304, 43.16, 0.00, 0.829, 0.000, 0.000020, 0.000006,0,0,0, 0.000030, 0.000024, 0.000022, 0.000014, 43.16, 0.829, 85.10, 0.610, 30.53, 0.471, 0.00, 0.000
15589,166314, 41.95, 0.00, 0.563, 0.000, 0.000018, 0.000004,0,0,0, 0.000030, 0.000008, 0.000019, 0.000007, 41.95, 0.563, 84.50, 0.480, 0.00, 0.000, 0.00, 0.000
15590,166325, 31.00, 0.00, 0.487, 0.000, 0.000020, 0.000017,0,0,0, 0.000030, 0.000026, 0.000026, 0.000012, 31.00, 0.487, 45.45, 0.444, 94.48, 0.201, 0.00, 0.000
15591,166336, 41.37, 0.00, 0.726, 0.000, 0.000019, 0.000012,0,0,0, 0.000030, 0.000003, 0.000023, 0.000011, 41.37, 0.726, 44.28, 0.701, 55.29, 0.000, 0.00, 0.000
15592,166346, 37.26, 0.00, 0.699, 0.000, 0.000020, 0.000015,0,0,0, 0.000030, 0.000018, 0.000024, 0.000012, 37.26, 0.699, 46.69, 0.341, 32.96, 0.112, 31.49, 0.097
15593,166357, 37.61, 0.00, 0.810, 0.000, 0.000020, 0.000011,0,0,0, 0.000030, 0.000018, 0.000022, 0.000012, 37.61, 0.810, 46.51, 0.092, 0.00, 0.000, 0.00, 0.000
15594,166368, 39.73, 0.00, 0.391, 0.000, 0.000020, 0.000008,0,0,0, 0.000030, 0.000017, 0.000023, 0.000012, 39.73, 0.391, 41.23, 0.365, 44.11, 0.243, 43.47, 0.242
15595,166378, 41.66, 0.00, 0.719, 0.000, 0.000020, 0.000006,0,0,0, 0.000030, 0.000022, 0.000022, 0.000014, 41.66, 0.719, 88.23, 0.512, 0.00, 0.000, 0.00, 0.000
15596,166389, 42.85, 0.00, 0.912, 0.000, 0.000019, 0.000007,0,0,0, 0.000030, 0.000018, 0.000022, 0.000013, 42.85, 0.912, 88.23, 0.690, 0.00, 0.000, 0.00, 0.000
15597,166400, 43.32, 0.00, 0.878, 0.000, 0.000020, 0.000009,0,0,0, 0.000030, 0.000024, 0.000022, 0.000013, 43.32, 0.878, 81.08, 0.648, 30.45, 0.522, 0.00, 0.000
15598,166410, 41.66, 0.00, 0.733, 0.000, 0.000019, 0.000006,0,0,0, 0.000030, 0.000015, 0.000021, 0.000011, 41.66, 0.733, 88.88, 0.521, 78.43, 0.434, 0.00, 0.000
15599,166421, 30.92, 0.00, 0.540, 0.000, 0.000019, 0.000007,0,0,0, 0.000030, 0.000026, 0.000022, 0.000011, 30.92, 0.540, 41.95, 0.480, 90.90, 0.357, 0.00, 0.000
15600,166432, 37.73, 0.00, 0.665, 0.000, 0.000019, 0.000012,0,0,0, 0.000030, 0.000016, 0.000023, 0.000011, 37.73, 0.665, 44.60, 0.375, 0.00, 0.000, 0.00, 0.000
15601,166442, 37.97, 0.00, 0.621, 0.000, 0.000020, 0.000012,0,0,0, 0.000030, 0.000017, 0.000023, 0.000013, 37.97, 0.621, 51.28, 0.144, 0.00, 0.000, 0.00, 0.000
15602,166453, 35.08, 0.00, 0.586, 0.000, 0.000020, 0.000008,0,0,0, 0.000030, 0.000019, 0.000022, 0.000013, 35.08, 0.586, 83.91, 0.139, 50.42, 0.092, 0.00, 0.000
15603,166464, 44.11, 0.00, 0.760, 0.000, 0.000020, 0.000007,0,0,0, 0.000030, 0.000019, 0.000023, 0.000013, 44.11, 0.760, 85.10, 0.649, 0.00, 0.000, 0.00, 0.000
15604,166474, 43.01, 0.00, 0.873, 0.000, 0.000020, 0.000007,0,0,0, 0.000030, 0.000022, 0.000023, 0.000014, 43.01, 0.873, 84.50, 0.779, 30.53, 0.504, 0.00, 0.000
15605,166485, 43.63, 0.00, 0.890, 0.000, 0.000019, 0.000005,0,0,0, 0.000030, 0.000020, 0.000021, 0.000013, 43.63, 0.890, 86.95, 0.827, 0.00, 0.000, 0.00, 0.000
15606,166496, 91.60, 0.00, 0.441, 0.000, 0.000021, 0.000022,0,0,0, 0.000030, 0.000013, 0.000026, 0.000010, 91.60, 0.441, 40.26, 0.286, 43.16, 0.242, 34.88, 0.223
15607,166506, 35.08, 0.00, 0.615, 0.000, 0.000019, 0.000015,0,0,0, 0.000030, 0.000011, 0.000017, 0.000009, 35.08, 0.615, 62.82, 0.273, 59.11, 0.256, 88.88, 0.194
15608,166517, 32.69, 0.00, 0.623, 0.000, 0.000021, 0.000014,0,0,0, 0.000030, 0.000024, 0.000025, 0.000015, 32.69, 0.623, 68.57, 0.511, 0.00, 0.000, 0.00, 0.000
15609,166528, 72.72, 0.00, 0.684, 0.000, 0.000020, 0.000009,0,0,0, 0.000030, 0.000020, 0.000020, 0.000014, 72.72, 0.684, 36.14, 0.638, 48.00, 0.284, 148.14, 0.235
15610,166538, 36.80, 0.00, 0.702, 0.000, 0.000019, 0.000006,0,0,0, 0.000030, 0.000021, 0.000020, 0.000013, 36.80, 0.702, 74.07, 0.645, 49.18, 0.383, 151.89, 0.367
15611,166549, 37.38, 0.00, 0.758, 0.000, 0.000019, 0.000011,0,0,0, 0.000030, 0.000022, 0.000022, 0.000013, 37.38, 0.758, 30.61, 0.704, 74.53, 0.640, 153.84, 0.479
15612,166560, 37.15, 0.00, 0.582, 0.000, 0.000019, 0.000007,0,0,0, 0.000030, 0.000019, 0.000021, 0.000012, 37.15, 0.582, 75.00, 0.409, 139.53, 0.207, 51.94, 0.188
15613,166570, 75.00, 0.00, 0.413, 0.000, 0.000020, 0.000011,0,0,0, 0.000030, 0.000023, 0.000023, 0.000014, 75.00, 0.413, 37.26, 0.278, 45.62, 0.225, 38.83, 0.207
15614,166581, 38.58, 0.00, 0.463, 0.000, 0.000020, 0.000008,0,0,0, 0.000030, 0.000019, 0.000023, 0.000013, 38.58, 0.463, 74.07, 0.460, 0.00, 0.000, 0.00, 0.000
15615,166592, 37.50, 0.00, 0.719, 0.000, 0.000019, 0.000005,0,0,0, 0.000030, 0.000020, 0.000021, 0.000013, 37.50, 0.719, 74.07, 0.695, 0.00, 0.000, 0.00, 0.000
15616,166602, 74.07, 0.00, 0.707, 0.000, 0.000019, 0.000014,0,0,0, 0.000030, 0.000013, 0.000023, 0.000011, 74.07, 0.707, 37.26, 0.675, 43.01, 0.158, 0.00, 0.000
15617,166613, 36.92, 0.00, 0.870, 0.000, 0.000019, 0.000010,0,0,0, 0.000030, 0.000020, 0.000023, 0.000014, 36.92, 0.870, 74.07, 0.803, 0.00, 0.000, 0.00, 0.000
15618,166624, 37.15, 0.00, 0.915, 0.000, 0.000019, 0.000007,0,0,0, 0.000030, 0.000018, 0.000022, 0.000013, 37.15, 0.915, 74.07, 0.867, 0.00, 0.000, 0.00, 0.000
15619,166634, 74.07, 0.00, 0.881, 0.000, 0.000019, 0.000004,0,0,0, 0.000030, 0.000022, 0.000021, 0.000014, 74.07, 0.881, 37.50, 0.865, 30.22, 0.239, 51.06, 0.096
15620,166645, 74.53, 0.00, 0.889, 0.000, 0.000018, 0.000003,0,0,0, 0.000030, 0.000020, 0.000019, 0.000013, 74.53, 0.889, 37.38, 0.866, 30.45, 0.214, 153.84, 0.153
15621,166656, 73.61, 0.00, 0.701, 0.000, 0.000019, 0.000012,0,0,0, 0.000030, 0.000020, 0.000023, 0.000012, 73.61, 0.701, 36.80, 0.591, 33.51, 0.348, 50.20, 0.069
15622,166666, 74.07, 0.00, 0.719, 0.000, 0.000020, 0.000011,0,0,0, 0.000030, 0.000025, 0.000023, 0.000013, 74.07, 0.719, 36.58, 0.450, 34.18, 0.310, 43.32, 0.104
15623,166677, 74.07, 0.00, 0.707, 0.000, 0.000019, 0.000008,0,0,0, 0.000030, 0.000020, 0.000020, 0.000013, 74.07, 0.707, 37.15, 0.456, 40.26, 0.153, 43.01, 0.127
15624,166688, 74.07, 0.00, 0.822, 0.000, 0.000019, 0.000007,0,0,0, 0.000030, 0.000023, 0.000021, 0.000012, 74.07, 0.822, 37.26, 0.725, 39.73, 0.511, 32.43, 0.046
15625,166698, 37.15, 0.00, 0.945, 0.000, 0.000019, 0.000007,0,0,0, 0.000030, 0.000018, 0.000022, 0.000014, 37.15, 0.945, 74.07, 0.733, 32.52, 0.037, 0.00, 0.000
15626,166709, 37.15, 0.00, 0.969, 0.000, 0.000018, 0.000004,0,0,0, 0.000030, 0.000016, 0.000020, 0.000011, 37.15, 0.969, 74.53, 0.769, 0.00, 0.000, 0.00, 0.000
15627,166720, 74.53, 0.00, 0.865, 0.000, 0.000019, 0.000007,0,0,0, 0.000030, 0.000021, 0.000022, 0.000014, 74.53, 0.865, 37.26, 0.758, 39.47, 0.431, 43.47, 0.168
15628,166730, 74.53, 0.00, 0.909, 0.000, 0.000019, 0.000008,0,0,0, 0.000030, 0.000019, 0.000022, 0.000013, 74.53, 0.909, 37.26, 0.785, 0.00, 0.000, 0.00, 0.000
15629,166741, 74.53, 0.00, 0.947, 0.000, 0.000019, 0.000005,0,0,0, 0.000030, 0.000021, 0.000021, 0.000013, 74.53, 0.947, 37.50, 0.870, 30.45, 0.138, 50.84, 0.002
15630,166752, 74.53, 0.00, 0.963, 0.000, 0.000019, 0.000007,0,0,0, 0.000030, 0.000016, 0.000021, 0.000013, 74.53, 0.963, 37.26, 0.920, 151.89, 0.023, 50.20, 0.000
15631,166762, 74.07, 0.00, 0.890, 0.000, 0.000018, 0.000005,0,0,0, 0.000030, 0.000020, 0.000019, 0.000013, 74.07, 0.890, 37.03, 0.857, 48.78, 0.106, 146.34, 0.081
15632,166773, 74.07, 0.00, 0.851, 0.000, 0.000018, 0.000005,0,0,0, 0.000030, 0.000023, 0.000020, 0.000013, 74.07, 0.851, 37.03, 0.748, 34.09, 0.234, 33.24, 0.146
15633,166784, 74.07, 0.00, 0.850, 0.000, 0.000018, 0.000006,0,0,0, 0.000030, 0.000024, 0.000020, 0.000012, 74.07, 0.850, 37.03, 0.699, 34.88, 0.376, 35.50, 0.369
15634,166794, 74.07, 0.00, 0.892, 0.000, 0.000019, 0.000009,0,0,0, 0.000030, 0.000021, 0.000022, 0.000014, 74.07, 0.892, 37.03, 0.870, 57.41, 0.066, 30.76, 0.005
15635,166805, 37.15, 0.00, 0.956, 0.000, 0.000019, 0.000009,0,0,0, 0.000030, 0.000019, 0.000022, 0.000013, 37.15, 0.956, 74.07, 0.955, 32.34, 0.239, 57.14, 0.167
15636,166816, 74.07, 0.00, 0.971, 0.000, 0.000019, 0.000009,0,0,0, 0.000030, 0.000022, 0.000022, 0.000013, 74.07, 0.971, 37.15, 0.937, 43.63, 0.204, 106.19, 0.135
15637,166826, 74.53, 0.00, 0.878, 0.000, 0.000019, 0.000006,0,0,0, 0.000030, 0.000019, 0.000021, 0.000013, 74.53, 0.878, 37.26, 0.778, 105.26, 0.083, 43.47, 0.080
15638,166837, 74.53, 0.00, 0.859, 0.000, 0.000019, 0.000007,0,0,0, 0.000030, 0.000021, 0.000022, 0.000014, 74.53, 0.859, 37.26, 0.579, 40.13, 0.571, 0.00, 0.000
15639,166848, 74.53, 0.00, 0.850, 0.000, 0.000019, 0.000006,0,0,0, 0.000030, 0.000020, 0.000021, 0.000013, 74.53, 0.850, 37.26, 0.698, 0.00, 0.000, 0.00, 0.000
15640,166858, 74.07, 0.00, 0.880, 0.000, 0.000019, 0.000004,0,0,0, 0.000030, 0.000019, 0.000020, 0.000013, 74.07, 0.880, 37.03, 0.811, 34.68, 0.283, 32.52, 0.050
15641,166869, 37.03, 0.00, 0.921, 0.000, 0.000018, 0.000003,0,0,0, 0.000030, 0.000021, 0.000020, 0.000013, 37.03, 0.921, 74.07, 0.828, 34.88, 0.152, 108.10, 0.009
15642,166880, 74.53, 0.00, 0.894, 0.000, 0.000018, 0.000005,0,0,0, 0.000030, 0.000019, 0.000020, 0.000013, 74.53, 0.894, 37.15, 0.824, 0.00, 0.000, 0.00, 0.000
15643,166890, 74.53, 0.00, 0.843, 0.000, 0.000018, 0.000005,0,0,0, 0.000030, 0.000024, 0.000020, 0.000013, 74.53, 0.843, 37.26, 0.701, 32.08, 0.258, 39.60, 0.124
15644,166901, 37.15, 0.00, 0.874, 0.000, 0.000018, 0.000006,0,0,0, 0.000030, 0.000020, 0.000021, 0.000014, 37.15, 0.874, 74.07, 0.851, 32.17, 0.105, 51.50, 0.008
15645,166912, 74.07, 0.00, 0.843, 0.000, 0.000019, 0.000011,0,0,0, 0.000030, 0.000020, 0.000023, 0.000012, 74.07, 0.843, 37.03, 0.668, 34.09, 0.265, 57.14, 0.075
15646,166922, 74.07, 0.00, 0.907, 0.000, 0.000019, 0.000009,0,0,0, 0.000030, 0.000024, 0.000022, 0.000014, 74.07, 0.907, 37.15, 0.891, 44.11, 0.228, 108.10, 0.192
15647,166933, 74.07, 0.00, 0.938, 0.000, 0.000020, 0.000010,0,0,0, 0.000030, 0.000023, 0.000022, 0.000013, 74.07, 0.938, 37.15, 0.932, 43.95, 0.137, 32.08, 0.101
15648,166944, 74.53, 0.00, 0.906, 0.000, 0.000019, 0.000007,0,0,0, 0.000030, 0.000021, 0.000020, 0.000013, 74.53, 0.906, 37.15, 0.819, 43.63, 0.082, 107.14, 0.072
15649,166954, 74.53, 0.00, 0.934, 0.000, 0.000019, 0.000006,0,0,0, 0.000030, 0.000019, 0.000020, 0.000013, 74.53, 0.934, 37.26, 0.886, 43.79, 0.115, 235.29, 0.070
15650,166965, 37.15, 0.00, 0.994, 0.000, 0.000019, 0.000009,0,0,0, 0.000030, 0.000020, 0.000022, 0.000013, 37.15, 0.994, 74.53, 0.861, 44.28, 0.168, 109.09, 0.107
15651,166976, 74.07, 0.00, 0.922, 0.000, 0.000019, 0.000009,0,0,0, 0.000030, 0.000024, 0.000022, 0.000014, 74.07, 0.922, 37.15, 0.884, 44.28, 0.202, 34.78, 0.194
15652,166986, 74.07, 0.00, 0.907, 0.000, 0.000018, 0.000006,0,0,0, 0.000030, 0.000020, 0.000019, 0.000013, 74.07, 0.907, 37.15, 0.828, 43.95, 0.101, 109.09, 0.083
15653,166997, 74.53, 0.00, 0.899, 0.000, 0.000018, 0.000004,0,0,0, 0.000030, 0.000021, 0.000020, 0.000013, 74.53, 0.899, 37.15, 0.755, 40.00, 0.332, 31.66, 0.216
15654,167008, 74.53, 0.00, 0.874, 0.000, 0.000018, 0.000004,0,0,0, 0.000030, 0.000019, 0.000019, 0.000014, 74.53, 0.874, 37.03, 0.801, 31.66, 0.325, 55.29, 0.107
15655,167018, 74.07, 0.00, 0.865, 0.000, 0.000019, 0.000012,0,0,0, 0.000030, 0.000022, 0.000022, 0.000013, 74.07, 0.865, 37.03, 0.759, 34.18, 0.159, 32.52, 0.136
15656,167029, 74.53, 0.00, 0.893, 0.000, 0.000019, 0.000011,0,0,0, 0.000030, 0.000024, 0.000022, 0.000013, 74.53, 0.893, 37.03, 0.782, 44.28, 0.191, 32.43, 0.150
15657,167040, 74.53, 0.00, 0.906, 0.000, 0.000019, 0.000010,0,0,0, 0.000030, 0.000024, 0.000022, 0.000012, 74.53, 0.906, 37.15, 0.829, 32.34, 0.242, 57.14, 0.150
15658,167050, 74.53, 0.00, 0.968, 0.000, 0.000019, 0.000007,0,0,0, 0.000030, 0.000021, 0.000021, 0.000014, 74.53, 0.968, 37.15, 0.957, 235.29, 0.049, 56.60, 0.022
15659,167061, 37.15, 0.00, 0.987, 0.000, 0.000019, 0.000009,0,0,0, 0.000030, 0.000019, 0.000022, 0.000013, 37.15, 0.987, 74.07, 0.947, 32.08, 0.200, 56.60, 0.152
15660,167072, 74.07, 0.00, 0.967, 0.000, 0.000019, 0.000009,0,0,0, 0.000030, 0.000022, 0.000022, 0.000013, 74.07, 0.967, 37.03, 0.966, 43.95, 0.207, 108.10, 0.163
15661,167082, 74.53, 0.00, 0.956, 0.000, 0.000019, 0.000006,0,0,0, 0.000030, 0.000022, 0.000020, 0.000013, 74.53, 0.956, 37.26, 0.917, 44.11, 0.186, 107.14, 0.134
15662,167093, 74.53, 0.00, 0.931, 0.000, 0.000018, 0.000006,0,0,0, 0.000030, 0.000025, 0.000020, 0.000012, 74.53, 0.931, 37.26, 0.885, 32.08, 0.266, 240.00, 0.099
15663,167104, 74.07, 0.00, 0.927, 0.000, 0.000018, 0.000007,0,0,0, 0.000030, 0.000021, 0.000021, 0.000014, 74.07, 0.927, 37.15, 0.921, 56.33, 0.067, 32.00, 0.063
15664,167114, 74.07, 0.00, 0.918, 0.000, 0.000018, 0.000005,0,0,0, 0.000030, 0.000019, 0.000020, 0.000013, 74.07, 0.918, 37.15, 0.884, 31.91, 0.241, 55.81, 0.179
15665,167125, 37.15, 0.00, 0.957, 0.000, 0.000019, 0.000011,0,0,0, 0.000030, 0.000024, 0.000022, 0.000013, 37.15, 0.957, 74.07, 0.892, 111.11, 0.261, 44.44, 0.258
15666,167136, 74.07, 0.00, 0.942, 0.000, 0.000019, 0.000012,0,0,0, 0.000030, 0.000023, 0.000022, 0.000013, 74.07, 0.942, 37.15, 0.915, 32.17, 0.175, 110.09, 0.162
15667,167146, 74.07, 0.00, 0.940, 0.000, 0.000019, 0.000008,0,0,0, 0.000030, 0.000024, 0.000019, 0.000012, 74.07, 0.940, 37.15, 0.894, 31.91, 0.374, 56.33, 0.205
15668,167157, 37.15, 0.00, 0.991, 0.000, 0.000019, 0.000008,0,0,0, 0.000030, 0.000020, 0.000022, 0.000014, 37.15, 0.991, 74.07, 0.978, 31.83, 0.118, 56.33, 0.097
15669,167168, 37.15, 0.00, 0.993, 0.000, 0.000019, 0.000009,0,0,0, 0.000030, 0.000020, 0.000022, 0.000012, 37.15, 0.993, 74.07, 0.985, 44.44, 0.105, 109.09, 0.098
15670,167178, 74.53, 0.00, 0.979, 0.000, 0.000019, 0.000009,0,0,0, 0.000030, 0.000024, 0.000022, 0.000014, 74.53, 0.979, 37.15, 0.966, 43.95, 0.271, 108.10, 0.182
15671,167189, 74.53, 0.00, 0.972, 0.000, 0.000019, 0.000006,0,0,0, 0.000030, 0.000022, 0.000021, 0.000013, 74.53, 0.972, 37.26, 0.946, 43.95, 0.136, 107.14, 0.092
15672,167200, 74.53, 0.00, 0.966, 0.000, 0.000018, 0.000004,0,0,0, 0.000030, 0.000022, 0.000020, 0.000013, 74.53, 0.966, 37.15, 0.912, 31.83, 0.172, 40.26, 0.150
15673,167210, 74.07, 0.00, 0.966, 0.000, 0.000018, 0.000004,0,0,0, 0.000030, 0.000020, 0.000020, 0.000014, 74.07, 0.966, 37.15, 0.920, 32.00, 0.184, 56.07, 0.144
15674,167221, 74.07, 0.00, 0.959, 0.000, 0.000019, 0.000010,0,0,0, 0.000030, 0.000021, 0.000022, 0.000013, 74.07, 0.959, 37.03, 0.956, 111.11, 0.185, 44.44, 0.184
15675,167232, 74.07, 0.00, 0.965, 0.000, 0.000019, 0.000010,0,0,0, 0.000030, 0.000025, 0.000022, 0.000013, 74.07, 0.965, 37.03, 0.939, 44.44, 0.318, 110.09, 0.263
15676,167242, 74.07, 0.00, 0.957, 0.000, 0.000019, 0.000007,0,0,0, 0.000030, 0.000022, 0.000020, 0.000013, 74.07, 0.957, 37.15, 0.928, 31.83, 0.301, 55.81, 0.201
15677,167253, 37.15, 0.00, 0.920, 0.000, 0.000018, 0.000005,0,0,0, 0.000030, 0.000023, 0.000019, 0.000013, 37.15, 0.920, 74.07, 0.910, 31.74, 0.195, 55.81, 0.173
15678,167264, 37.03, 0.00, 0.995, 0.000, 0.000019, 0.000010,0,0,0, 0.000030, 0.000020, 0.000022, 0.000014, 37.03, 0.995, 74.07, 0.903, 55.81, 0.271, 31.83, 0.233
15679,167274, 74.07, 0.00, 0.935, 0.000, 0.000019, 0.000009,0,0,0, 0.000030, 0.000021, 0.000022, 0.000013, 74.07, 0.935, 37.03, 0.872, 44.28, 0.236, 110.09, 0.176
15680,167285, 74.53, 0.00, 0.967, 0.000, 0.000019, 0.000009,0,0,0, 0.000030, 0.000024, 0.000022, 0.000013, 74.53, 0.967, 37.15, 0.927, 44.11, 0.238, 109.09, 0.158
15681,167296, 74.53, 0.00, 0.983, 0.000, 0.000019, 0.000009,0,0,0, 0.000030, 0.000023, 0.000022, 0.000013, 74.53, 0.983, 37.26, 0.975, 31.91, 0.176, 235.29, 0.087
15682,167306, 74.07, 0.00, 0.981, 0.000, 0.000019, 0.000006,0,0,0, 0.000030, 0.000021, 0.000020, 0.000014, 74.07, 0.981, 37.15, 0.964, 235.29, 0.026, 0.00, 0.000
15683,167317, 37.03, 0.00, 0.992, 0.000, 0.000019, 0.000008,0,0,0, 0.000030, 0.000019, 0.000022, 0.000013, 37.03, 0.992, 74.07, 0.982, 32.08, 0.194, 56.33, 0.145
15684,167328, 37.15, 0.00, 0.997, 0.000, 0.000019, 0.000008,0,0,0, 0.000030, 0.000022, 0.000022, 0.000013, 37.15, 0.997, 74.07, 0.973, 44.11, 0.201, 108.10, 0.156
15685,167338, 37.15, 0.00, 0.985, 0.000, 0.000019, 0.000009,0,0,0, 0.000030, 0.000023, 0.000022, 0.000013, 37.15, 0.985, 74.53, 0.981, 44.11, 0.147, 109.09, 0.109
15686,167349, 74.07, 0.00, 0.977, 0.000, 0.000018, 0.000008,0,0,0, 0.000030, 0.000025, 0.000021, 0.000012, 74.07, 0.977, 37.15, 0.942, 31.91, 0.321, 56.07, 0.171
15687,167360, 74.53, 0.00, 0.979, 0.000, 0.000019, 0.000007,0,0,0, 0.000030, 0.000020, 0.000022, 0.000014, 74.53, 0.979, 37.15, 0.978, 55.81, 0.098, 226.41, 0.089
15688,167370, 74.07, 0.00, 0.953, 0.000, 0.000018, 0.000005,0,0,0, 0.000030, 0.000019, 0.000020, 0.000013, 74.07, 0.953, 37.03, 0.893, 31.91, 0.326, 55.81, 0.226
15689,167381, 37.03, 0.00, 0.928, 0.000, 0.000019, 0.000010,0,0,0, 0.000030, 0.000023, 0.000022, 0.000013, 37.03, 0.928, 74.07, 0.907, 44.28, 0.265, 110.09, 0.261
15690,167392, 74.53, 0.00, 0.943, 0.000, 0.000019, 0.000009,0,0,0, 0.000030, 0.000022, 0.000022, 0.000013, 74.53, 0.943, 37.15, 0.898, 44.11, 0.170, 109.09, 0.147
15691,167402, 74.07, 0.00, 0.939, 0.000, 0.000019, 0.000006,0,0,0, 0.000030, 0.000024, 0.000020, 0.000012, 74.07, 0.939, 37.15, 0.881, 31.74, 0.316, 56.33, 0.140
15692,167413, 74.53, 0.00, 0.980, 0.000, 0.000019, 0.000006,0,0,0, 0.000030, 0.000019, 0.000022, 0.000014, 74.53, 0.980, 37.26, 0.977, 32.08, 0.060, 56.60, 0.046
15693,167424, 37.15, 0.00, 0.996, 0.000, 0.000019, 0.000008,0,0,0, 0.000030, 0.000018, 0.000022, 0.000012, 37.15, 0.996, 74.07, 0.955, 32.25, 0.051, 108.10, 0.044
15694,167434, 74.07, 0.00, 0.950, 0.000, 0.000019, 0.000007,0,0,0, 0.000030, 0.000023, 0.000022, 0.000014, 74.07, 0.950, 37.15, 0.940, 43.79, 0.192, 108.10, 0.110
15695,167445, 74.07, 0.00, 0.964, 0.000, 0.000020, 0.000007,0,0,0, 0.000030, 0.000022, 0.000021, 0.000013, 74.07, 0.964, 37.15, 0.930, 43.95, 0.011, 32.08, 0.006
15696,167456, 37.15, 0.00, 0.939, 0.000, 0.000019, 0.000005,0,0,0, 0.000030, 0.000023, 0.000019, 0.000012, 37.15, 0.939, 74.53, 0.938, 31.91, 0.189, 56.60, 0.026
15697,167466, 74.53, 0.00, 0.951, 0.000, 0.000019, 0.000007,0,0,0, 0.000030, 0.000019, 0.000022, 0.000014, 74.53, 0.951, 37.15, 0.897, 55.81, 0.084, 32.00, 0.062
15698,167477, 74.07, 0.00, 0.955, 0.000, 0.000019, 0.000009,0,0,0, 0.000030, 0.000020, 0.000022, 0.000012, 74.07, 0.955, 37.03, 0.949, 44.28, 0.124, 111.11, 0.098
15699,167488, 74.07, 0.00, 0.962, 0.000, 0.000019, 0.000008,0,0,0, 0.000030, 0.000024, 0.000022, 0.000014, 74.07, 0.962, 37.03, 0.946, 44.28, 0.259, 110.09, 0.174
15700,167498, 74.07, 0.00, 0.969, 0.000, 0.000019, 0.000009,0,0,0, 0.000030, 0.000022, 0.000022, 0.000013, 74.07, 0.969, 37.03, 0.950, 31.83, 0.180, 56.07, 0.098
15701,167509, 74.07, 0.00, 0.994, 0.000, 0.000019, 0.000006,0,0,0, 0.000030, 0.000022, 0.000020, 0.000013, 74.07, 0.994, 37.03, 0.990, 31.91, 0.059, 230.76, 0.048
15702,167520, 37.03, 0.00, 0.981, 0.000, 0.000019, 0.000007,0,0,0, 0.000030, 0.000018, 0.000022, 0.000014, 37.03, 0.981, 74.07, 0.981, 32.00, 0.128, 56.33, 0.091
15703,167530, 74.07, 0.00, 0.964, 0.000, 0.000019, 0.000006,0,0,0, 0.000030, 0.000019, 0.000021, 0.000012, 74.07, 0.964, 37.15, 0.927, 43.95, 0.091, 108.10, 0.065
15704,167541, 74.53, 0.00, 0.969, 0.000, 0.000019, 0.000007,0,0,0, 0.000030, 0.000022, 0.000022, 0.000014, 74.53, 0.969, 37.15, 0.898, 43.79, 0.087, 106.19, 0.024
15705,167552, 74.53, 0.00, 0.855, 0.000, 0.000019, 0.000008,0,0,0, 0.000030, 0.000017, 0.000022, 0.000013, 74.53, 0.855, 37.26, 0.739, 43.47, 0.054, 104.34, 0.001
15706,167562, 74.53, 0.00, 0.667, 0.000, 0.000019, 0.000007,0,0,0, 0.000030, 0.000024, 0.000022, 0.000012, 74.53, 0.667, 37.73, 0.494, 0.00, 0.000, 0.00, 0.000
15707,167573, 37.61, 0.00, 0.927, 0.000, 0.000020, 0.000011,0,0,0, 0.000030, 0.000015, 0.000023, 0.000013, 37.61, 0.927, 74.53, 0.438, 0.00, 0.000, 0.00, 0.000
15708,167584, 34.98, 0.00, 0.694, 0.000, 0.000020, 0.000008,0,0,0, 0.000030, 0.000021, 0.000021, 0.000013, 34.98, 0.694, 72.28, 0.532, 0.00, 0.000, 0.00, 0.000
15709,167594, 40.13, 0.00, 0.464, 0.000, 0.000019, 0.000005,0,0,0, 0.000030, 0.000024, 0.000021, 0.000014, 40.13, 0.464, 86.95, 0.409, 82.75, 0.406, 47.05, 0.146
15710,167605, 92.30, 0.00, 0.523, 0.000, 0.000019, 0.000006,0,0,0, 0.000030, 0.000016, 0.000021, 0.000012, 92.30, 0.523, 40.95, 0.379, 47.24, 0.332, 32.43, 0.153
15711,167616, 99.17, 0.00, 0.717, 0.000, 0.000018, 0.000008,0,0,0, 0.000030, 0.000014, 0.000022, 0.000011, 99.17, 0.717, 30.15, 0.615, 43.47, 0.447, 48.19, 0.439
15712,167626, 30.07, 0.00, 0.838, 0.000, 0.000020, 0.000014,0,0,0, 0.000030, 0.000019, 0.000025, 0.000014, 30.07, 0.838, 97.56, 0.583, 43.63, 0.449, 47.61, 0.368
15713,167637, 96.00, 0.00, 0.749, 0.000, 0.000019, 0.000010,0,0,0, 0.000030, 0.000020, 0.000022, 0.000014, 96.00, 0.749, 42.70, 0.470, 43.63, 0.456, 47.61, 0.454
15714,167648, 43.32, 0.00, 0.668, 0.000, 0.000020, 0.000008,0,0,0, 0.000030, 0.000024, 0.000023, 0.000014, 43.32, 0.668, 92.30, 0.646, 30.61, 0.400, 0.00, 0.000
15715,167658, 85.10, 0.00, 0.479, 0.000, 0.000019, 0.000005,0,0,0, 0.000030, 0.000015, 0.000021, 0.000012, 85.10, 0.479, 43.16, 0.423, 38.09, 0.162, 50.63, 0.003
15716,167669, 77.41, 0.00, 0.359, 0.000, 0.000019, 0.000008,0,0,0, 0.000030, 0.000023, 0.000022, 0.000013, 77.41, 0.359, 40.67, 0.350, 41.95, 0.347, 58.82, 0.033
15717,167680, 76.43, 0.00, 0.409, 0.000, 0.000019, 0.000006,0,0,0, 0.000030, 0.000017, 0.000021, 0.000013, 76.43, 0.409, 42.25, 0.407, 49.58, 0.220, 150.00, 0.136
15718,167690, 33.24, 0.00, 0.693, 0.000, 0.000018, 0.000004,0,0,0, 0.000030, 0.000018, 0.000018, 0.000012, 33.24, 0.693, 57.97, 0.382, 50.42, 0.302, 150.00, 0.255
15719,167701, 37.15, 0.00, 0.587, 0.000, 0.000019, 0.000006,0,0,0, 0.000030, 0.000022, 0.000021, 0.000014, 37.15, 0.587, 58.53, 0.586, 96.77, 0.333, 33.70, 0.322
15720,167712, 37.50, 0.00, 0.530, 0.000, 0.000018, 0.000005,0,0,0, 0.000030, 0.000019, 0.000020, 0.000012, 37.50, 0.530, 100.00, 0.503, 56.87, 0.284, 51.28, 0.193
15721,167722, 101.69, 0.00, 0.495, 0.000, 0.000019, 0.000014,0,0,0, 0.000030, 0.000027, 0.000023, 0.000012, 101.69, 0.495, 51.06, 0.397, 33.14, 0.237, 34.88, 0.082
15722,167733, 41.09, 0.00, 0.718, 0.000, 0.000019, 0.000010,0,0,0, 0.000030, 0.000019, 0.000022, 0.000014, 41.09, 0.718, 93.02, 0.238, 99.17, 0.237, 77.41, 0.104
15723,167744, 41.66, 0.00, 0.699, 0.000, 0.000019, 0.000007,0,0,0, 0.000030, 0.000020, 0.000021, 0.000013, 41.66, 0.699, 93.02, 0.312, 57.97, 0.104, 55.29, 0.083
15724,167754, 32.25, 0.00, 0.403, 0.000, 0.000019, 0.000010,0,0,0, 0.000030, 0.000024, 0.000022, 0.000013, 32.25, 0.403, 88.88, 0.398, 42.25, 0.342, 33.61, 0.311
15725,167765, 33.51, 0.00, 0.490, 0.000, 0.000019, 0.000007,0,0,0, 0.000030, 0.000024, 0.000020, 0.000013, 33.51, 0.490, 51.50, 0.316, 92.30, 0.310, 37.15, 0.101
15726,167776, 33.89, 0.00, 0.580, 0.000, 0.000020, 0.000013,0,0,0, 0.000030, 0.000024, 0.000024, 0.000013, 33.89, 0.580, 34.68, 0.546, 37.26, 0.532, 54.54, 0.497
15727,167786, 55.81, 0.00, 0.503, 0.000, 0.000018, 0.000009,0,0,0, 0.000030, 0.000006, 0.000017, 0.000009, 55.81, 0.503, 148.14, 0.166, 37.50, 0.156, 88.23, 0.140
15728,167797, 33.89, 0.00, 0.628, 0.000, 0.000021, 0.000022,0,0,0, 0.000030, 0.000022, 0.000026, 0.000012, 33.89, 0.628, 55.04, 0.345, 88.23, 0.282, 148.14, 0.049
15729,167808, 36.58, 0.00, 0.430, 0.000, 0.000021, 0.000016,0,0,0, 0.000030, 0.000023, 0.000025, 0.000012, 36.58, 0.430, 150.00, 0.135, 55.55, 0.118, 0.00, 0.000
15730,167818, 36.80, 0.00, 0.613, 0.000, 0.000020, 0.000011,0,0,0, 0.000030, 0.000017, 0.000020, 0.000012, 36.80, 0.613, 107.14, 0.083, 56.60, 0.055, 0.00, 0.000
15731,167829, 34.09, 0.00, 0.720, 0.000, 0.000020, 0.000010,0,0,0, 0.000030, 0.000024, 0.000024, 0.000013, 34.09, 0.720, 88.23, 0.062, 75.00, 0.034, 0.00, 0.000
15732,167840, 38.33, 0.00, 0.506, 0.000, 0.000020, 0.000007,0,0,0, 0.000030, 0.000020, 0.000021, 0.000013, 38.33, 0.506, 75.00, 0.455, 34.98, 0.051, 0.00, 0.000
15733,167850, 74.07, 0.00, 0.377, 0.000, 0.000019, 0.000005,0,0,0, 0.000030, 0.000021, 0.000019, 0.000013, 74.07, 0.377, 40.95, 0.313, 58.53, 0.277, 90.90, 0.223
15734,167861, 42.70, 0.00, 0.352, 0.000, 0.000019, 0.000013,0,0,0, 0.000030, 0.000018, 0.000022, 0.000011, 42.70, 0.352, 45.28, 0.240, 57.69, 0.222, 74.53, 0.215
15735,167872, 56.07, 0.00, 0.394, 0.000, 0.000019, 0.000009,0,0,0, 0.000030, 0.000019, 0.000022, 0.000012, 56.07, 0.394, 42.70, 0.388, 48.78, 0.251, 82.75, 0.031
15736,167882, 37.15, 0.00, 0.424, 0.000, 0.000019, 0.000006,0,0,0, 0.000030, 0.000022, 0.000021, 0.000014, 37.15, 0.424, 60.30, 0.348, 97.56, 0.160, 83.33, 0.118
15737,167893, 38.83, 0.00, 0.402, 0.000, 0.000018, 0.000004,0,0,0, 0.000030, 0.000018, 0.000020, 0.000012, 38.83, 0.402, 99.17, 0.391, 50.63, 0.144, 59.11, 0.092
15738,167904, 98.36, 0.00, 0.553, 0.000, 0.000019, 0.000011,0,0,0, 0.000030, 0.000021, 0.000023, 0.000014, 98.36, 0.553, 30.53, 0.489, 43.63, 0.411, 31.49, 0.303
15739,167914, 41.81, 0.00, 0.655, 0.000, 0.000020, 0.000013,0,0,0, 0.000030, 0.000025, 0.000023, 0.000012, 41.81, 0.655, 88.88, 0.491, 78.43, 0.434, 0.00, 0.000
15740,167925, 88.23, 0.00, 0.486, 0.000, 0.000019, 0.000009,0,0,0, 0.000030, 0.000018, 0.000021, 0.000013, 88.23, 0.486, 43.16, 0.366, 36.14, 0.076, 36.47, 0.075
15741,167936, 44.77, 0.00, 0.579, 0.000, 0.000020, 0.000010,0,0,0, 0.000030, 0.000024, 0.000023, 0.000012, 44.77, 0.579, 88.23, 0.490, 47.80, 0.402, 0.00, 0.000
15742,167946, 38.70, 0.00, 0.401, 0.000, 0.000020, 0.000009,0,0,0, 0.000030, 0.000020, 0.000023, 0.000013, 38.70, 0.401, 53.81, 0.362, 101.69, 0.031, 0.00, 0.000
15743,167957, 35.71, 0.00, 0.544, 0.000, 0.000019, 0.000006,0,0,0, 0.000030, 0.000024, 0.000021, 0.000013, 35.71, 0.544, 54.54, 0.533, 103.44, 0.126, 88.88, 0.055
15744,167968, 40.26, 0.00, 0.606, 0.000, 0.000019, 0.000004,0,0,0, 0.000030, 0.000018, 0.000020, 0.000014, 40.26, 0.606, 31.49, 0.467, 60.30, 0.360, 142.85, 0.181
15745,167978, 40.95, 0.00, 0.837, 0.000, 0.000019, 0.000006,0,0,0, 0.000030, 0.000021, 0.000021, 0.000013, 40.95, 0.837, 111.11, 0.270, 59.11, 0.161, 73.17, 0.010
15746,167989, 41.95, 0.00, 0.346, 0.000, 0.000020, 0.000010,0,0,0, 0.000030, 0.000023, 0.000022, 0.000013, 41.95, 0.346, 96.77, 0.215, 110.09, 0.184, 0.00, 0.000
15747,168000, 33.05, 0.00, 0.811, 0.000, 0.000018, 0.000007,0,0,0, 0.000030, 0.000017, 0.000018, 0.000012, 33.05, 0.811, 96.77, 0.631, 48.97, 0.554, 0.00, 0.000
15748,168010, 46.69, 0.00, 0.537, 0.000, 0.000019, 0.000012,0,0,0, 0.000030, 0.000028, 0.000024, 0.000011, 46.69, 0.537, 91.60, 0.532, 30.76, 0.518, 0.00, 0.000
15749,168021, 37.85, 0.00, 0.564, 0.000, 0.000020, 0.000010,0,0,0, 0.000030, 0.000018, 0.000024, 0.000015, 37.85, 0.564, 90.22, 0.184, 59.40, 0.134, 45.11, 0.090
15750,168032, 37.97, 0.00, 0.422, 0.000, 0.000019, 0.000007,0,0,0, 0.000030, 0.000016, 0.000021, 0.000014, 37.97, 0.422, 59.70, 0.232, 65.57, 0.202, 96.00, 0.160
15751,168042, 31.08, 0.00, 0.969, 0.000, 0.000018, 0.000004,0,0,0, 0.000030, 0.000027, 0.000020, 0.000010, 31.08, 0.969, 102.56, 0.165, 115.38, 0.140, 59.11, 0.132
15752,168053, 55.04, 0.00, 0.436, 0.000, 0.000020, 0.000020,0,0,0, 0.000030, 0.000022, 0.000026, 0.000013, 55.04, 0.436, 38.58, 0.372, 110.09, 0.324, 0.00, 0.000
15753,168064, 56.60, 0.00, 0.341, 0.000, 0.000020, 0.000014,0,0,0, 0.000030, 0.000021, 0.000023, 0.000012, 56.60, 0.341, 34.28, 0.331, 86.95, 0.071, 115.38, 0.018
15754,168074, 54.54, 0.00, 0.360, 0.000, 0.000018, 0.000010,0,0,0, 0.000000, 0.000000, 0.000007, 0.000003, 54.54, 0.360, 85.10, 0.126, 0.00, 0.000, 0.00, 0.000
15755,168085, 42.25, 0.00, 0.695, 0.000, 0.000021, 0.000018,0,0,0, 0.000030, 0.000025, 0.000026, 0.000015, 42.25, 0.695, 85.10, 0.188, 0.00, 0.000, 0.00, 0.000
15756,168096, 41.81, 0.00, 0.576, 0.000, 0.000020, 0.000013,0,0,0, 0.000030, 0.000022, 0.000021, 0.000013, 41.81, 0.576, 91.60, 0.219, 0.00, 0.000, 0.00, 0.000
15757,168106, 94.48, 0.00, 0.435, 0.000, 0.000019, 0.000009,0,0,0, 0.000030, 0.000018, 0.000019, 0.000013, 94.48, 0.435, 44.60, 0.288, 32.08, 0.222, 0.00, 0.000
15758,168117, 96.77, 0.00, 0.585, 0.000, 0.000019, 0.000006,0,0,0, 0.000030, 0.000023, 0.000021, 0.000014, 96.77, 0.585, 50.63, 0.397, 33.89, 0.327, 0.00, 0.000
15759,168128, 37.73, 0.00, 0.679, 0.000, 0.000019, 0.000007,0,0,0, 0.000030, 0.000021, 0.000021, 0.000013, 37.73, 0.679, 111.11, 0.641, 57.69, 0.633, 0.00, 0.000
15760,168138, 32.43, 0.00, 0.503, 0.000, 0.000020, 0.000013,0,0,0, 0.000030, 0.000021, 0.000023, 0.000012, 32.43, 0.503, 58.53, 0.499, 106.19, 0.261, 36.03, 0.117
15761,168149, 30.61, 0.00, 0.816, 0.000, 0.000019, 0.000009,0,0,0, 0.000030, 0.000019, 0.000021, 0.000013, 30.61, 0.816, 41.09, 0.376, 59.70, 0.184, 71.00, 0.151
15762,168160, 41.09, 0.00, 0.732, 0.000, 0.000019, 0.000009,0,0,0, 0.000030, 0.000022, 0.000022, 0.000013, 41.09, 0.732, 89.55, 0.375, 76.43, 0.207, 0.00, 0.000
15763,168170, 45.11, 0.00, 0.784, 0.000, 0.000019, 0.000006,0,0,0, 0.000030, 0.000021, 0.000021, 0.000013, 45.11, 0.784, 88.88, 0.636, 32.96, 0.004, 0.00, 0.000
15764,168181, 32.00, 0.00, 0.911, 0.000, 0.000019, 0.000004,0,0,0, 0.000030, 0.000019, 0.000020, 0.000013, 32.00, 0.911, 90.90, 0.586, 47.61, 0.542, 0.00, 0.000
15765,168192, 47.05, 0.00, 0.458, 0.000, 0.000020, 0.000019,0,0,0, 0.000030, 0.000027, 0.000024, 0.000012, 47.05, 0.458, 88.88, 0.447, 48.97, 0.436, 102.56, 0.298
15766,168202, 40.26, 0.00, 0.626, 0.000, 0.000020, 0.000013,0,0,0, 0.000030, 0.000021, 0.000020, 0.000013, 40.26, 0.626, 64.17, 0.215, 93.75, 0.160, 110.09, 0.137
15767,168213, 30.37, 0.00, 0.928, 0.000, 0.000019, 0.000009,0,0,0, 0.000030, 0.000018, 0.000021, 0.000013, 30.37, 0.928, 61.85, 0.478, 40.13, 0.261, 38.09, 0.126
15768,168224, 58.53, 0.00, 0.621, 0.000, 0.000019, 0.000007,0,0,0, 0.000030, 0.000023, 0.000022, 0.000014, 58.53, 0.621, 99.17, 0.076, 113.20, 0.018, 127.65, 0.003
15769,168234, 56.07, 0.00, 0.498, 0.000, 0.000020, 0.000011,0,0,0, 0.000030, 0.000019, 0.000023, 0.000012, 56.07, 0.498, 37.85, 0.460, 101.69, 0.325, 0.00, 0.000
15770,168245, 32.69, 0.00, 0.603, 0.000, 0.000019, 0.000007,0,0,0, 0.000030, 0.000020, 0.000021, 0.000013, 32.69, 0.603, 97.56, 0.440, 50.00, 0.364, 0.00, 0.000
15771,168256, 83.33, 0.00, 0.454, 0.000, 0.000020, 0.000007,0,0,0, 0.000030, 0.000024, 0.000022, 0.000014, 83.33, 0.454, 31.74, 0.325, 45.97, 0.258, 38.46, 0.233
15772,168266, 42.10, 0.00, 0.614, 0.000, 0.000019, 0.000006,0,0,0, 0.000030, 0.000021, 0.000021, 0.000013, 42.10, 0.614, 85.71, 0.504, 0.00, 0.000, 0.00, 0.000
15773,168277, 43.32, 0.00, 0.554, 0.000, 0.000019, 0.000004,0,0,0, 0.000030, 0.000021, 0.000021, 0.000013, 43.32, 0.554, 88.88, 0.496, 0.00, 0.000, 0.00, 0.000
15774,168288, 93.02, 0.00, 0.541, 0.000, 0.000018, 0.000003,0,0,0, 0.000030, 0.000014, 0.000020, 0.000011, 93.02, 0.541, 47.61, 0.479, 30.76, 0.397, 36.80, 0.019
15775,168298, 96.00, 0.00, 0.554, 0.000, 0.000019, 0.000013,0,0,0, 0.000030, 0.000028, 0.000024, 0.000012, 96.00, 0.554, 49.18, 0.439, 54.29, 0.308, 32.17, 0.211
15776,168309, 57.41, 0.00, 0.487, 0.000, 0.000020, 0.000009,0,0,0, 0.000030, 0.000016, 0.000023, 0.000014, 57.41, 0.487, 36.58, 0.335, 39.08, 0.257, 40.67, 0.239
15777,168320, 31.41, 0.00, 0.656, 0.000, 0.000020, 0.000006,0,0,0, 0.000030, 0.000018, 0.000022, 0.000011, 31.41, 0.656, 57.97, 0.601, 67.41, 0.483, 36.36, 0.055
15778,168330, 67.79, 0.00, 0.652, 0.000, 0.000020, 0.000007,0,0,0, 0.000030, 0.000022, 0.000023, 0.000014, 67.79, 0.652, 35.29, 0.520, 30.92, 0.409, 0.00, 0.000
15779,168341, 71.85, 0.00, 0.360, 0.000, 0.000019, 0.000005,0,0,0, 0.000030, 0.000018, 0.000019, 0.000013, 71.85, 0.360, 39.47, 0.324, 0.00, 0.000, 0.00, 0.000
15780,168352, 30.45, 0.00, 0.916, 0.000, 0.000019, 0.000007,0,0,0, 0.000030, 0.000018, 0.000022, 0.000013, 30.45, 0.916, 96.77, 0.560, 47.80, 0.514, 45.11, 0.508
15781,168362, 97.56, 0.00, 0.571, 0.000, 0.000021, 0.000027,0,0,0, 0.000030, 0.000010, 0.000026, 0.000008, 97.56, 0.571, 51.50, 0.549, 33.61, 0.207, 0.00, 0.000
15782,168373, 33.42, 0.00, 0.531, 0.000, 0.000021, 0.000019,0,0,0, 0.000030, 0.000026, 0.000023, 0.000014, 33.42, 0.531, 96.77, 0.383, 51.06, 0.307, 0.00, 0.000
15783,168384, 33.33, 0.00, 0.401, 0.000, 0.000021, 0.000013,0,0,0, 0.000030, 0.000026, 0.000024, 0.000011, 33.33, 0.401, 48.97, 0.397, 43.01, 0.369, 98.36, 0.331
15784,168394, 99.17, 0.00, 0.646, 0.000, 0.000021, 0.000012,0,0,0, 0.000030, 0.000026, 0.000025, 0.000011, 99.17, 0.646, 49.58, 0.603, 32.69, 0.357, 0.00, 0.000
15785,168405, 99.17, 0.00, 0.969, 0.000, 0.000021, 0.000011,0,0,0, 0.000030, 0.000026, 0.000025, 0.000011, 99.17, 0.969, 49.79, 0.946, 33.14, 0.932, 0.00, 0.000
15786,168416, 99.17, 0.00, 0.978, 0.000, 0.000020, 0.000008,0,0,0, 0.000030, 0.000025, 0.000024, 0.000012, 99.17, 0.978, 49.58, 0.961, 33.14, 0.925, 0.00, 0.000
15787,168426, 33.05, 0.00, 0.996, 0.000, 0.000020, 0.000011,0,0,0, 0.000030, 0.000026, 0.000024, 0.000011, 33.05, 0.996, 99.17, 0.964, 49.58, 0.954, 0.00, 0.000
15788,168437, 99.17, 0.00, 0.882, 0.000, 0.000021, 0.000011,0,0,0, 0.000030, 0.000024, 0.000025, 0.000013, 99.17, 0.882, 49.58, 0.832, 33.05, 0.821, 37.85, 0.023
15789,168448, 100.00, 0.00, 0.819, 0.000, 0.000020, 0.000008,0,0,0, 0.000030, 0.000023, 0.000020, 0.000012, 100.00, 0.819, 49.58, 0.699, 33.05, 0.551, 38.33, 0.417
15790,168458, 99.17, 0.00, 0.721, 0.000, 0.000018, 0.000005,0,0,0, 0.000030, 0.000025, 0.000017, 0.000011, 99.17, 0.721, 33.14, 0.692, 49.58, 0.536, 62.17, 0.164
15791,168469, 100.00, 0.00, 0.726, 0.000, 0.000019, 0.000012,0,0,0, 0.000030, 0.000026, 0.000024, 0.000011, 100.00, 0.726, 33.14, 0.723, 49.79, 0.597, 41.37, 0.127
15792,168480, 99.17, 0.00, 0.821, 0.000, 0.000019, 0.000011,0,0,0, 0.000030, 0.000026, 0.000024, 0.000011, 99.17, 0.821, 49.79, 0.743, 33.14, 0.616, 41.52, 0.222
15793,168490, 99.17, 0.00, 0.899, 0.000, 0.000021, 0.000010,0,0,0, 0.000030, 0.000024, 0.000024, 0.000013, 99.17, 0.899, 49.79, 0.868, 33.14, 0.745, 0.00, 0.000
15794,168501, 99.17, 0.00, 0.939, 0.000, 0.000020, 0.000007,0,0,0, 0.000030, 0.000024, 0.000023, 0.000013, 99.17, 0.939, 49.79, 0.898, 33.14, 0.897, 0.00, 0.000
15795,168512, 33.24, 0.00, 0.927, 0.000, 0.000020, 0.000011,0,0,0, 0.000030, 0.000024, 0.000023, 0.000012, 33.24, 0.927, 99.17, 0.867, 49.79, 0.851, 0.00, 0.000
15796,168522, 33.14, 0.00, 0.931, 0.000, 0.000020, 0.000012,0,0,0, 0.000030, 0.000024, 0.000023, 0.000012, 33.14, 0.931, 49.79, 0.877, 99.17, 0.864, 0.00, 0.000
15797,168533, 49.58, 0.00, 0.912, 0.000, 0.000021, 0.000014,0,0,0, 0.000030, 0.000026, 0.000024, 0.000012, 49.58, 0.912, 33.05, 0.890, 99.17, 0.873, 0.00, 0.000
15798,168544, 99.17, 0.00, 0.947, 0.000, 0.000021, 0.000013,0,0,0, 0.000030, 0.000026, 0.000024, 0.000012, 99.17, 0.947, 49.58, 0.936, 33.05, 0.914, 0.00, 0.000
15799,168554, 99.17, 0.00, 0.976, 0.000, 0.000021, 0.000011,0,0,0, 0.000030, 0.000026, 0.000024, 0.000012, 99.17, 0.976, 49.58, 0.957, 33.05, 0.938, 0.00, 0.000
15800,168565, 99.17, 0.00, 0.929, 0.000, 0.000020, 0.000007,0,0,0, 0.000030, 0.000024, 0.000022, 0.000013, 99.17, 0.929, 49.58, 0.856, 33.05, 0.759, 40.13, 0.040
15801,168576, 33.14, 0.00, 0.935, 0.000, 0.000020, 0.000010,0,0,0, 0.000030, 0.000025, 0.000023, 0.000012, 33.14, 0.935, 99.17, 0.877, 49.79, 0.859, 65.21, 0.143
15802,168586, 33.05, 0.00, 0.925, 0.000, 0.000020, 0.000012,0,0,0, 0.000030, 0.000026, 0.000024, 0.000012, 33.05, 0.925, 99.17, 0.865, 49.79, 0.848, 184.61, 0.029
15803,168597, 99.17, 0.00, 0.870, 0.000, 0.000020, 0.000008,0,0,0, 0.000030, 0.000025, 0.000023, 0.000012, 99.17, 0.870, 33.14, 0.845, 49.38, 0.833, 38.83, 0.091
15804,168608, 49.38, 0.00, 0.881, 0.000, 0.000020, 0.000012,0,0,0, 0.000030, 0.000023, 0.000024, 0.000013, 49.38, 0.881, 99.17, 0.822, 33.05, 0.657, 39.08, 0.037
15805,168618, 99.17, 0.00, 0.821, 0.000, 0.000019, 0.000008,0,0,0, 0.000030, 0.000024, 0.000020, 0.000013, 99.17, 0.821, 49.58, 0.769, 33.05, 0.612, 39.08, 0.325
15806,168629, 99.17, 0.00, 0.844, 0.000, 0.000019, 0.000006,0,0,0, 0.000030, 0.000025, 0.000021, 0.000013, 99.17, 0.844, 49.58, 0.793, 33.05, 0.757, 65.21, 0.489
15807,168640, 99.17, 0.00, 0.885, 0.000, 0.000018, 0.000004,0,0,0, 0.000030, 0.000024, 0.000019, 0.000013, 99.17, 0.885, 49.58, 0.850, 33.05, 0.803, 193.54, 0.528
15808,168650, 100.00, 0.00, 0.910, 0.000, 0.000018, 0.000007,0,0,0, 0.000030, 0.000025, 0.000021, 0.000012, 100.00, 0.910, 33.14, 0.897, 49.79, 0.887, 39.34, 0.502
15809,168661, 100.00, 0.00, 0.901, 0.000, 0.000019, 0.000010,0,0,0, 0.000030, 0.000025, 0.000022, 0.000012, 100.00, 0.901, 49.79, 0.882, 33.24, 0.831, 65.57, 0.319
15810,168672, 99.17, 0.00, 0.922, 0.000, 0.000020, 0.000010,0,0,0, 0.000030, 0.000024, 0.000023, 0.000013, 99.17, 0.922, 49.79, 0.908, 33.14, 0.878, 40.95, 0.272
15811,168682, 99.17, 0.00, 0.929, 0.000, 0.000019, 0.000007,0,0,0, 0.000030, 0.000023, 0.000022, 0.000014, 99.17, 0.929, 49.79, 0.914, 33.14, 0.901, 40.13, 0.345
15812,168693, 33.14, 0.00, 0.935, 0.000, 0.000020, 0.000016,0,0,0, 0.000030, 0.000025, 0.000024, 0.000012, 33.14, 0.935, 49.79, 0.861, 99.17, 0.855, 67.41, 0.245
15813,168704, 33.05, 0.00, 0.960, 0.000, 0.000020, 0.000011,0,0,0, 0.000030, 0.000024, 0.000023, 0.000012, 33.05, 0.960, 49.79, 0.854, 99.17, 0.849, 67.03, 0.162
15814,168714, 49.58, 0.00, 0.905, 0.000, 0.000021, 0.000014,0,0,0, 0.000030, 0.000026, 0.000024, 0.000012, 49.58, 0.905, 99.17, 0.854, 33.05, 0.783, 40.67, 0.067
15815,168725, 49.58, 0.00, 0.959, 0.000, 0.000021, 0.000010,0,0,0, 0.000030, 0.000026, 0.000023, 0.000012, 49.58, 0.959, 99.17, 0.920, 32.96, 0.903, 0.00, 0.000
15816,168736, 99.17, 0.00, 0.899, 0.000, 0.000020, 0.000007,0,0,0, 0.000030, 0.000024, 0.000021, 0.000013, 99.17, 0.899, 33.05, 0.865, 49.58, 0.845, 40.81, 0.148
15817,168746, 99.17, 0.00, 0.925, 0.000, 0.000019, 0.000006,0,0,0, 0.000030, 0.000024, 0.000021, 0.000013, 99.17, 0.925, 49.58, 0.837, 33.05, 0.808, 66.66, 0.302
15818,168757, 99.17, 0.00, 0.940, 0.000, 0.000019, 0.000008,0,0,0, 0.000030, 0.000025, 0.000022, 0.000012, 99.17, 0.940, 33.14, 0.928, 49.79, 0.922, 65.21, 0.361
15819,168768, 99.17, 0.00, 0.973, 0.000, 0.000019, 0.000009,0,0,0, 0.000030, 0.000024, 0.000022, 0.000013, 99.17, 0.973, 49.79, 0.947, 33.05, 0.936, 39.21, 0.413
15820,168778, 33.05, 0.00, 0.981, 0.000, 0.000019, 0.000006,0,0,0, 0.000030, 0.000024, 0.000021, 0.000013, 33.05, 0.981, 49.58, 0.945, 99.17, 0.937, 39.21, 0.363
15821,168789, 49.58, 0.00, 0.948, 0.000, 0.000019, 0.000010,0,0,0, 0.000030, 0.000023, 0.000023, 0.000013, 49.58, 0.948, 99.17, 0.900, 33.05, 0.870, 64.86, 0.365
15822,168800, 99.17, 0.00, 0.886, 0.000, 0.000019, 0.000007,0,0,0, 0.000030, 0.000023, 0.000020, 0.000013, 99.17, 0.886, 49.79, 0.881, 32.96, 0.836, 39.34, 0.576
15823,168810, 99.17, 0.00, 0.892, 0.000, 0.000018, 0.000004,0,0,0, 0.000030, 0.000024, 0.000020, 0.000013, 99.17, 0.892, 49.58, 0.882, 33.05, 0.848, 65.57, 0.607
15824,168821, 99.17, 0.00, 0.938, 0.000, 0.000018, 0.000006,0,0,0, 0.000030, 0.000025, 0.000021, 0.000012, 99.17, 0.938, 33.05, 0.917, 49.58, 0.891, 65.57, 0.660
15825,168832, 100.00, 0.00, 0.954, 0.000, 0.000018, 0.000007,0,0,0, 0.000030, 0.000024, 0.000021, 0.000013, 100.00, 0.954, 49.79, 0.909, 33.24, 0.852, 39.47, 0.586
15826,168842, 33.14, 0.00, 0.986, 0.000, 0.000018, 0.000007,0,0,0, 0.000030, 0.000023, 0.000022, 0.000013, 33.14, 0.986, 99.17, 0.959, 49.58, 0.934, 40.26, 0.552
15827,168853, 33.14, 0.00, 0.987, 0.000, 0.000019, 0.000009,0,0,0, 0.000030, 0.000023, 0.000021, 0.000013, 33.14, 0.987, 49.58, 0.969, 99.17, 0.962, 40.40, 0.511
15828,168864, 49.58, 0.00, 0.975, 0.000, 0.000019, 0.000006,0,0,0, 0.000030, 0.000022, 0.000020, 0.000014, 49.58, 0.975, 99.17, 0.950, 33.05, 0.930, 67.03, 0.517
15829,168874, 49.58, 0.00, 0.950, 0.000, 0.000019, 0.000012,0,0,0, 0.000030, 0.000024, 0.000022, 0.000013, 49.58, 0.950, 99.17, 0.918, 33.24, 0.905, 67.03, 0.455
15830,168885, 33.05, 0.00, 0.979, 0.000, 0.000019, 0.000008,0,0,0, 0.000030, 0.000023, 0.000021, 0.000013, 33.05, 0.979, 49.58, 0.942, 99.17, 0.906, 67.41, 0.389
15831,168896, 49.58, 0.00, 0.942, 0.000, 0.000019, 0.000008,0,0,0, 0.000030, 0.000024, 0.000021, 0.000013, 49.58, 0.942, 33.05, 0.926, 99.17, 0.915, 40.26, 0.441
15832,168906, 99.17, 0.00, 0.943, 0.000, 0.000019, 0.000010,0,0,0, 0.000030, 0.000025, 0.000022, 0.000013, 99.17, 0.943, 49.58, 0.916, 33.05, 0.914, 68.18, 0.309
15833,168917, 33.14, 0.00, 0.957, 0.000, 0.000019, 0.000007,0,0,0, 0.000030, 0.000023, 0.000020, 0.000013, 33.14, 0.957, 100.00, 0.924, 49.79, 0.910, 40.26, 0.468
15834,168928, 33.14, 0.00, 0.960, 0.000, 0.000019, 0.000005,0,0,0, 0.000030, 0.000024, 0.000021, 0.000013, 33.14, 0.960, 99.17, 0.928, 49.79, 0.914, 65.93, 0.479
15835,168938, 99.17, 0.00, 0.943, 0.000, 0.000018, 0.000006,0,0,0, 0.000030, 0.000023, 0.000020, 0.000013, 99.17, 0.943, 49.58, 0.936, 33.05, 0.883, 193.54, 0.497
15836,168949, 99.17, 0.00, 0.962, 0.000, 0.000019, 0.000009,0,0,0, 0.000030, 0.000023, 0.000022, 0.000013, 99.17, 0.962, 49.58, 0.952, 33.05, 0.909, 65.21, 0.515
15837,168960, 33.05, 0.00, 0.989, 0.000, 0.000019, 0.000006,0,0,0, 0.000030, 0.000023, 0.000020, 0.000013, 33.05, 0.989, 99.17, 0.943, 49.58, 0.915, 39.34, 0.581
15838,168970, 99.17, 0.00, 0.940, 0.000, 0.000018, 0.000005,0,0,0, 0.000030, 0.000023, 0.000020, 0.000013, 99.17, 0.940, 49.58, 0.929, 33.05, 0.881, 39.34, 0.520
15839,168981, 99.17, 0.00, 0.967, 0.000, 0.000018, 0.000004,0,0,0, 0.000030, 0.000023, 0.000020, 0.000013, 99.17, 0.967, 49.58, 0.942, 33.05, 0.910, 196.72, 0.603
15840,168992, 33.14, 0.00, 0.982, 0.000, 0.000018, 0.000004,0,0,0, 0.000030, 0.000024, 0.000020, 0.000013, 33.14, 0.982, 99.17, 0.977, 49.58, 0.970, 65.93, 0.646
15841,169002, 33.14, 0.00, 0.980, 0.000, 0.000018, 0.000006,0,0,0, 0.000030, 0.000023, 0.000020, 0.000013, 33.14, 0.980, 99.17, 0.978, 49.79, 0.966, 65.93, 0.631
15842,169013, 49.79, 0.00, 0.988, 0.000, 0.000018, 0.000005,0,0,0, 0.000030, 0.000023, 0.000020, 0.000013, 49.79, 0.988, 100.00, 0.974, 33.24, 0.945, 39.60, 0.628
15843,169024, 99.17, 0.00, 0.977, 0.000, 0.000018, 0.000007,0,0,0, 0.000030, 0.000022, 0.000021, 0.000014, 99.17, 0.977, 33.14, 0.975, 49.58, 0.975, 40.13, 0.561
15844,169034, 33.05, 0.00, 0.993, 0.000, 0.000018, 0.000007,0,0,0, 0.000030, 0.000022, 0.000020, 0.000014, 33.05, 0.993, 49.58, 0.983, 99.17, 0.977, 40.13, 0.591
15845,169045, 99.17, 0.00, 0.982, 0.000, 0.000018, 0.000006,0,0,0, 0.000030, 0.000022, 0.000020, 0.000014, 99.17, 0.982, 49.58, 0.977, 33.05, 0.974, 40.00, 0.586
15846,169056, 99.17, 0.00, 0.972, 0.000, 0.000019, 0.000009,0,0,0, 0.000030, 0.000023, 0.000021, 0.000013, 99.17, 0.972, 49.58, 0.970, 33.14, 0.960, 66.29, 0.543
15847,169066, 99.17, 0.00, 0.963, 0.000, 0.000019, 0.000009,0,0,0, 0.000030, 0.000023, 0.000021, 0.000013, 99.17, 0.963, 32.96, 0.939, 49.58, 0.928, 67.03, 0.478
15848,169077, 99.17, 0.00, 0.961, 0.000, 0.000019, 0.000008,0,0,0, 0.000030, 0.000024, 0.000021, 0.000013, 99.17, 0.961, 49.58, 0.933, 32.96, 0.918, 40.26, 0.455
15849,169088, 99.17, 0.00, 0.961, 0.000, 0.000019, 0.000006,0,0,0, 0.000030, 0.000023, 0.000020, 0.000013, 99.17, 0.961, 49.58, 0.954, 33.14, 0.915, 40.54, 0.397
15850,169098, 99.17, 0.00, 0.969, 0.000, 0.000018, 0.000004,0,0,0, 0.000030, 0.000023, 0.000020, 0.000013, 99.17, 0.969, 49.79, 0.926, 33.14, 0.910, 40.26, 0.420
15851,169109, 33.14, 0.00, 0.976, 0.000, 0.000018, 0.000007,0,0,0, 0.000030, 0.000023, 0.000021, 0.000013, 33.14, 0.976, 99.17, 0.962, 49.79, 0.950, 65.93, 0.503
15852,169120, 99.17, 0.00, 0.976, 0.000, 0.000018, 0.000006,0,0,0, 0.000030, 0.000023, 0.000020, 0.000013, 99.17, 0.976, 49.58, 0.968, 33.05, 0.947, 39.47, 0.520
15853,169130, 99.17, 0.00, 0.969, 0.000, 0.000018, 0.000006,0,0,0, 0.000030, 0.000022, 0.000021, 0.000014, 99.17, 0.969, 49.58, 0.960, 33.05, 0.945, 39.47, 0.544
15854,169141, 99.17, 0.00, 0.972, 0.000, 0.000018, 0.000004,0,0,0, 0.000030, 0.000023, 0.000020, 0.000013, 99.17, 0.972, 49.58, 0.963, 33.05, 0.954, 39.60, 0.509
15855,169152, 99.17, 0.00, 0.971, 0.000, 0.000018, 0.000006,0,0,0, 0.000030, 0.000023, 0.000020, 0.000013, 99.17, 0.971, 49.58, 0.963, 33.05, 0.941, 65.93, 0.519
15856,169162, 99.17, 0.00, 0.978, 0.000, 0.000018, 0.000004,0,0,0, 0.000030, 0.000023, 0.000020, 0.000013, 99.17, 0.978, 49.58, 0.972, 32.96, 0.949, 196.72, 0.577
15857,169173, 99.17, 0.00, 0.970, 0.000, 0.000018, 0.000004,0,0,0, 0.000030, 0.000023, 0.000019, 0.000013, 99.17, 0.970, 33.14, 0.962, 49.58, 0.957, 196.72, 0.593
15858,169184, 99.17, 0.00, 0.972, 0.000, 0.000018, 0.000006,0,0,0, 0.000030, 0.000023, 0.000020, 0.000013, 99.17, 0.972, 33.14, 0.968, 49.79, 0.949, 65.93, 0.590
15859,169194, 99.17, 0.00, 0.970, 0.000, 0.000018, 0.000005,0,0,0, 0.000030, 0.000024, 0.000020, 0.000013, 99.17, 0.970, 49.79, 0.945, 33.14, 0.892, 39.47, 0.565
15860,169205, 33.05, 0.00, 0.968, 0.000, 0.000018, 0.000007,0,0,0, 0.000030, 0.000022, 0.000021, 0.000014, 33.05, 0.968, 99.17, 0.963, 49.58, 0.963, 40.13, 0.535
15861,169216, 33.05, 0.00, 0.967, 0.000, 0.000018, 0.000006,0,0,0, 0.000030, 0.000022, 0.000020, 0.000014, 33.05, 0.967, 99.17, 0.959, 49.58, 0.954, 40.13, 0.577
15862,169226, 33.05, 0.00, 0.970, 0.000, 0.000018, 0.000007,0,0,0, 0.000030, 0.000022, 0.000020, 0.000014, 33.05, 0.970, 99.17, 0.964, 49.58, 0.955, 66.66, 0.572
15863,169237, 99.17, 0.00, 0.978, 0.000, 0.000018, 0.000008,0,0,0, 0.000030, 0.000022, 0.000021, 0.000013, 99.17, 0.978, 49.58, 0.959, 33.14, 0.945, 200.00, 0.513
15864,169248, 99.17, 0.00, 0.977, 0.000, 0.000019, 0.000008,0,0,0, 0.000030, 0.000022, 0.000021, 0.000013, 99.17, 0.977, 49.58, 0.951, 32.96, 0.949, 39.86, 0.436
15865,169258, 99.17, 0.00, 0.974, 0.000, 0.000018, 0.000006,0,0,0, 0.000030, 0.000023, 0.000020, 0.000013, 99.17, 0.974, 49.38, 0.956, 32.96, 0.951, 40.26, 0.413
15866,169269, 99.17, 0.00, 0.973, 0.000, 0.000018, 0.000007,0,0,0, 0.000030, 0.000023, 0.000021, 0.000013, 99.17, 0.973, 49.58, 0.952, 33.05, 0.934, 67.41, 0.333
15867,169280, 49.79, 0.00, 0.975, 0.000, 0.000018, 0.000005,0,0,0, 0.000030, 0.000023, 0.000020, 0.000013, 49.79, 0.975, 99.17, 0.963, 33.14, 0.946, 40.00, 0.432
15868,169290, 33.14, 0.00, 0.983, 0.000, 0.000018, 0.000006,0,0,0, 0.000030, 0.000023, 0.000020, 0.000013, 33.14, 0.983, 49.79, 0.966, 99.17, 0.964, 65.93, 0.452
15869,169301, 49.58, 0.00, 0.986, 0.000, 0.000018, 0.000005,0,0,0, 0.000030, 0.000022, 0.000020, 0.000014, 49.58, 0.986, 99.17, 0.970, 33.05, 0.960, 39.47, 0.476
15870,169312, 49.58, 0.00, 0.995, 0.000, 0.000018, 0.000006,0,0,0, 0.000030, 0.000022, 0.000020, 0.000014, 49.58, 0.995, 99.17, 0.987, 33.05, 0.977, 39.47, 0.532
15871,169322, 99.17, 0.00, 0.980, 0.000, 0.000018, 0.000005,0,0,0, 0.000030, 0.000022, 0.000020, 0.000013, 99.17, 0.980, 49.58, 0.975, 33.05, 0.962, 39.60, 0.535
15872,169333, 99.17, 0.00, 0.982, 0.000, 0.000018, 0.000004,0,0,0, 0.000030, 0.000023, 0.000019, 0.000014, 99.17, 0.982, 49.58, 0.957, 33.05, 0.952, 39.60, 0.552
15873,169344, 99.17, 0.00, 0.984, 0.000, 0.000017, 0.000004,0,0,0, 0.000030, 0.000023, 0.000019, 0.000014, 99.17, 0.984, 49.58, 0.970, 33.05, 0.964, 66.29, 0.554
15874,169354, 99.17, 0.00, 0.973, 0.000, 0.000017, 0.000004,0,0,0, 0.000030, 0.000023, 0.000019, 0.000013, 99.17, 0.973, 49.58, 0.961, 33.14, 0.927, 196.72, 0.560
15875,169365, 99.17, 0.00, 0.969, 0.000, 0.000018, 0.000006,0,0,0, 0.000030, 0.000023, 0.000020, 0.000013, 99.17, 0.969, 33.14, 0.967, 49.79, 0.958, 65.93, 0.543
15876,169376, 33.14, 0.00, 0.972, 0.000, 0.000017, 0.000004,0,0,0, 0.000030, 0.000023, 0.000020, 0.000013, 33.14, 0.972, 99.17, 0.969, 49.79, 0.968, 39.60, 0.584
15877,169386, 99.17, 0.00, 0.984, 0.000, 0.000018, 0.000005,0,0,0, 0.000030, 0.000021, 0.000020, 0.000014, 99.17, 0.984, 49.58, 0.982, 33.05, 0.965, 40.00, 0.532
15878,169397, 99.17, 0.00, 0.977, 0.000, 0.000018, 0.000005,0,0,0, 0.000030, 0.000021, 0.000019, 0.000014, 99.17, 0.977, 33.05, 0.974, 49.58, 0.971, 40.00, 0.598
15879,169408, 33.05, 0.00, 0.991, 0.000, 0.000018, 0.000006,0,0,0, 0.000030, 0.000022, 0.000019, 0.000014, 33.05, 0.991, 99.17, 0.971, 49.58, 0.968, 66.66, 0.598
15880,169418, 33.14, 0.00, 0.984, 0.000, 0.000018, 0.000006,0,0,0, 0.000030, 0.000021, 0.000020, 0.000013, 33.14, 0.984, 99.17, 0.969, 49.58, 0.968, 66.29, 0.548
15881,169429, 99.17, 0.00, 0.976, 0.000, 0.000018, 0.000007,0,0,0, 0.000030, 0.000022, 0.000020, 0.000013, 99.17, 0.976, 49.58, 0.951, 32.96, 0.920, 66.66, 0.485
15882,169440, 99.17, 0.00, 0.981, 0.000, 0.000018, 0.000006,0,0,0, 0.000030, 0.000022, 0.000020, 0.000013, 99.17, 0.981, 49.58, 0.956, 33.05, 0.935, 40.13, 0.415
15883,169450, 99.17, 0.00, 0.984, 0.000, 0.000018, 0.000006,0,0,0, 0.000030, 0.000023, 0.000020, 0.000014, 99.17, 0.984, 49.79, 0.975, 33.14, 0.959, 203.38, 0.349
15884,169461, 99.17, 0.00, 0.972, 0.000, 0.000018, 0.000004,0,0,0, 0.000030, 0.000021, 0.000019, 0.000013, 99.17, 0.972, 49.79, 0.960, 33.14, 0.929, 39.86, 0.402
15885,169472, 99.17, 0.00, 0.757, 0.000, 0.000018, 0.000006,0,0,0, 0.000030, 0.000023, 0.000020, 0.000012, 99.17, 0.757, 40.00, 0.675, 49.79, 0.642, 66.66, 0.569
15886,169482, 67.41, 0.00, 0.483, 0.000, 0.000019, 0.000015,0,0,0, 0.000030, 0.000023, 0.000024, 0.000013, 67.41, 0.483, 34.88, 0.416, 33.99, 0.415, 99.17, 0.383
15887,169493, 38.58, 0.00, 0.472, 0.000, 0.000018, 0.000011,0,0,0, 0.000000, 0.000000, 0.000019, 0.000009, 38.58, 0.472, 32.17, 0.195, 68.18, 0.177, 105.26, 0.128
15888,169504, 40.26, 0.00, 0.465, 0.000, 0.000020, 0.000018,0,0,0, 0.000030, 0.000017, 0.000026, 0.000013, 40.26, 0.465, 62.82, 0.454, 31.49, 0.170, 32.69, 0.150
15889,169514, 38.33, 0.00, 0.661, 0.000, 0.000020, 0.000013,0,0,0, 0.000030, 0.000018, 0.000023, 0.000013, 38.33, 0.661, 61.85, 0.338, 101.69, 0.318, 115.38, 0.269
15890,169525, 41.52, 0.00, 0.352, 0.000, 0.000020, 0.000009,0,0,0, 0.000030, 0.000024, 0.000022, 0.000013, 41.52, 0.352, 97.56, 0.269, 44.94, 0.200, 48.38, 0.199
15891,169536, 30.53, 0.00, 0.630, 0.000, 0.000020, 0.000008,0,0,0, 0.000030, 0.000023, 0.000022, 0.000013, 30.53, 0.630, 41.81, 0.618, 96.77, 0.533, 0.00, 0.000
15892,169546, 31.25, 0.00, 0.818, 0.000, 0.000020, 0.000009,0,0,0, 0.000030, 0.000017, 0.000022, 0.000013, 31.25, 0.818, 96.00, 0.331, 41.81, 0.257, 39.60, 0.245
15893,169557, 33.05, 0.00, 0.411, 0.000, 0.000018, 0.000006,0,0,0, 0.000030, 0.000028, 0.000021, 0.000010, 33.05, 0.411, 31.08, 0.406, 97.56, 0.362, 57.41, 0.211
15894,169568, 39.73, 0.00, 0.481, 0.000, 0.000019, 0.000014,0,0,0, 0.000030, 0.000011, 0.000024, 0.000011, 39.73, 0.481, 54.29, 0.322, 57.14, 0.258, 49.58, 0.141
15895,169578, 32.34, 0.00, 0.521, 0.000, 0.000019, 0.000009,0,0,0, 0.000030, 0.000017, 0.000023, 0.000013, 32.34, 0.521, 53.57, 0.251, 48.58, 0.199, 44.60, 0.195
15896,169589, 31.25, 0.00, 0.366, 0.000, 0.000019, 0.000007,0,0,0, 0.000030, 0.000019, 0.000023, 0.000013, 31.25, 0.366, 30.37, 0.289, 83.33, 0.283, 32.25, 0.272
15897,169600, 84.50, 0.00, 0.724, 0.000, 0.000020, 0.000009,0,0,0, 0.000030, 0.000017, 0.000023, 0.000013, 84.50, 0.724, 42.70, 0.686, 0.00, 0.000, 0.00, 0.000
15898,169610, 43.01, 0.00, 0.830, 0.000, 0.000020, 0.000006,0,0,0, 0.000030, 0.000023, 0.000022, 0.000014, 43.01, 0.830, 85.71, 0.791, 30.61, 0.602, 0.00, 0.000
15899,169621, 85.10, 0.00, 0.609, 0.000, 0.000019, 0.000004,0,0,0, 0.000030, 0.000014, 0.000020, 0.000011, 85.10, 0.609, 47.43, 0.539, 31.25, 0.424, 30.61, 0.393
15900,169632, 47.43, 0.00, 0.446, 0.000, 0.000020, 0.000012,0,0,0, 0.000030, 0.000027, 0.000024, 0.000012, 47.43, 0.446, 31.91, 0.425, 85.71, 0.330, 96.77, 0.328
15901,169642, 43.16, 0.00, 0.621, 0.000, 0.000019, 0.000008,0,0,0, 0.000030, 0.000023, 0.000023, 0.000013, 43.16, 0.621, 44.28, 0.615, 83.91, 0.259, 58.82, 0.094
15902,169653, 43.63, 0.00, 0.365, 0.000, 0.000019, 0.000005,0,0,0, 0.000030, 0.000018, 0.000020, 0.000013, 43.63, 0.365, 82.75, 0.292, 37.03, 0.272, 75.00, 0.155
15903,169664, 31.66, 0.00, 0.476, 0.000, 0.000019, 0.000010,0,0,0, 0.000030, 0.000021, 0.000022, 0.000013, 31.66, 0.476, 35.19, 0.264, 101.69, 0.148, 52.63, 0.144
15904,169674, 55.04, 0.00, 0.489, 0.000, 0.000019, 0.000007,0,0,0, 0.000030, 0.000021, 0.000021, 0.000014, 55.04, 0.489, 118.81, 0.442, 38.46, 0.336, 33.42, 0.197
15905,169685, 54.05, 0.00, 0.511, 0.000, 0.000019, 0.000010,0,0,0, 0.000030, 0.000021, 0.000022, 0.000012, 54.05, 0.511, 115.38, 0.423, 35.50, 0.297, 0.00, 0.000
15906,169696, 30.61, 0.00, 0.650, 0.000, 0.000020, 0.000013,0,0,0, 0.000030, 0.000016, 0.000024, 0.000012, 30.61, 0.650, 41.52, 0.422, 94.48, 0.206, 86.33, 0.189
15907,169706, 41.52, 0.00, 0.974, 0.000, 0.000020, 0.000009,0,0,0, 0.000030, 0.000024, 0.000022, 0.000014, 41.52, 0.974, 85.10, 0.443, 0.00, 0.000, 0.00, 0.000
15908,169717, 43.32, 0.00, 0.664, 0.000, 0.000020, 0.000006,0,0,0, 0.000030, 0.000023, 0.000021, 0.000013, 43.32, 0.664, 86.95, 0.470, 32.34, 0.015, 0.00, 0.000
15909,169728, 85.71, 0.00, 0.578, 0.000, 0.000018, 0.000004,0,0,0, 0.000030, 0.000023, 0.000018, 0.000012, 85.71, 0.578, 43.32, 0.578, 32.96, 0.401, 54.05, 0.076
15910,169738, 34.78, 0.00, 0.504, 0.000, 0.000019, 0.000010,0,0,0, 0.000030, 0.000019, 0.000022, 0.000013, 34.78, 0.504, 86.33, 0.395, 58.25, 0.266, 31.41, 0.240
15911,169749, 58.53, 0.00, 0.531, 0.000, 0.000019, 0.000008,0,0,0, 0.000030, 0.000021, 0.000021, 0.000014, 58.53, 0.531, 38.21, 0.475, 116.50, 0.151, 0.00, 0.000
15912,169760, 38.09, 0.00, 0.422, 0.000, 0.000020, 0.000012,0,0,0, 0.000030, 0.000020, 0.000023, 0.000012, 38.09, 0.422, 44.60, 0.304, 45.97, 0.296, 42.40, 0.188
15913,169770, 30.45, 0.00, 0.713, 0.000, 0.000019, 0.000008,0,0,0, 0.000030, 0.000019, 0.000023, 0.000013, 30.45, 0.713, 42.25, 0.396, 76.92, 0.188, 107.14, 0.064
15914,169781, 39.73, 0.00, 0.707, 0.000, 0.000019, 0.000006,0,0,0, 0.000030, 0.000020, 0.000021, 0.000013, 39.73, 0.707, 85.10, 0.442, 0.00, 0.000, 0.00, 0.000
15915,169792, 45.62, 0.00, 0.820, 0.000, 0.000019, 0.000006,0,0,0, 0.000030, 0.000021, 0.000022, 0.000014, 45.62, 0.820, 90.90, 0.721, 0.00, 0.000, 0.00, 0.000
15916,169802, 92.30, 0.00, 0.733, 0.000, 0.000018, 0.000004,0,0,0, 0.000030, 0.000028, 0.000021, 0.000010, 92.30, 0.733, 45.97, 0.684, 31.41, 0.530, 0.00, 0.000
15917,169813, 36.47, 0.00, 0.449, 0.000, 0.000020, 0.000018,0,0,0, 0.000030, 0.000022, 0.000025, 0.000013, 36.47, 0.449, 90.90, 0.402, 0.00, 0.000, 0.00, 0.000
15918,169824, 61.53, 0.00, 0.430, 0.000, 0.000019, 0.000013,0,0,0, 0.000030, 0.000020, 0.000020, 0.000013, 61.53, 0.430, 40.81, 0.263, 125.00, 0.051, 108.10, 0.048
15919,169834, 41.81, 0.00, 0.584, 0.000, 0.000019, 0.000009,0,0,0, 0.000030, 0.000019, 0.000020, 0.000013, 41.81, 0.584, 60.60, 0.469, 125.00, 0.290, 0.00, 0.000
15920,169845, 58.25, 0.00, 0.563, 0.000, 0.000017, 0.000006,0,0,0, 0.000030, 0.000030, 0.000016, 0.000007, 58.25, 0.563, 126.31, 0.406, 41.37, 0.397, 0.00, 0.000
15921,169856, 37.38, 0.00, 0.560, 0.000, 0.000020, 0.000023,0,0,0, 0.000030, 0.000020, 0.000026, 0.000014, 37.38, 0.560, 54.29, 0.316, 118.81, 0.286, 0.00, 0.000
15922,169866, 33.42, 0.00, 0.523, 0.000, 0.000020, 0.000016,0,0,0, 0.000030, 0.000024, 0.000022, 0.000013, 33.42, 0.523, 53.57, 0.289, 111.11, 0.085, 0.00, 0.000
15923,169877, 57.41, 0.00, 0.208, 0.000, 0.000019, 0.000011,0,0,0, 0.000030, 0.000021, 0.000021, 0.000013, 57.41, 0.208, 37.61, 0.195, 34.58, 0.179, 34.18, 0.178
15924,169888, 39.73, 0.00, 0.604, 0.000, 0.000019, 0.000008,0,0,0, 0.000030, 0.000019, 0.000020, 0.000013, 39.73, 0.604, 58.82, 0.347, 111.11, 0.323, 0.00, 0.000
15925,169898, 105.26, 0.00, 0.511, 0.000, 0.000018, 0.000005,0,0,0, 0.000030, 0.000019, 0.000021, 0.000013, 105.26, 0.511, 55.81, 0.300, 38.83, 0.221, 42.10, 0.041
15926,169909, 103.44, 0.00, 0.725, 0.000, 0.000019, 0.000009,0,0,0, 0.000030, 0.000023, 0.000022, 0.000013, 103.44, 0.725, 52.17, 0.644, 35.71, 0.536, 0.00, 0.000
15927,169920, 51.06, 0.00, 0.608, 0.000, 0.000019, 0.000012,0,0,0, 0.000030, 0.000019, 0.000023, 0.000011, 51.06, 0.608, 102.56, 0.490, 33.80, 0.438, 0.00, 0.000
15928,169930, 30.84, 0.00, 0.718, 0.000, 0.000020, 0.000009,0,0,0, 0.000030, 0.000023, 0.000023, 0.000014, 30.84, 0.718, 63.15, 0.305, 50.20, 0.269, 95.23, 0.149
15929,169941, 40.54, 0.00, 0.524, 0.000, 0.000019, 0.000006,0,0,0, 0.000030, 0.000019, 0.000020, 0.000013, 40.54, 0.524, 30.53, 0.380, 96.77, 0.260, 64.51, 0.006
15930,169952, 44.60, 0.00, 0.792, 0.000, 0.000020, 0.000013,0,0,0, 0.000030, 0.000026, 0.000023, 0.000013, 44.60, 0.792, 94.48, 0.340, 0.00, 0.000, 0.00, 0.000
15931,169962, 45.11, 0.00, 0.736, 0.000, 0.000019, 0.000009,0,0,0, 0.000030, 0.000017, 0.000018, 0.000013, 45.11, 0.736, 96.00, 0.367, 30.45, 0.359, 32.78, 0.267
15932,169973, 32.43, 0.00, 0.935, 0.000, 0.000018, 0.000006,0,0,0, 0.000030, 0.000019, 0.000020, 0.000013, 32.43, 0.935, 46.87, 0.384, 97.56, 0.189, 70.58, 0.072
15933,169984, 30.76, 0.00, 0.687, 0.000, 0.000019, 0.000012,0,0,0, 0.000030, 0.000021, 0.000024, 0.000014, 30.76, 0.687, 32.78, 0.666, 49.18, 0.380, 76.92, 0.144
15934,169994, 75.47, 0.00, 0.428, 0.000, 0.000019, 0.000008,0,0,0, 0.000030, 0.000026, 0.000021, 0.000011, 75.47, 0.428, 42.40, 0.297, 31.66, 0.292, 43.95, 0.269
15935,170005, 31.08, 0.00, 0.757, 0.000, 0.000020, 0.000015,0,0,0, 0.000030, 0.000018, 0.000024, 0.000012, 31.08, 0.757, 30.61, 0.710, 81.63, 0.282, 37.15, 0.030
15936,170016, 31.91, 0.00, 0.990, 0.000, 0.000019, 0.000010,0,0,0, 0.000030, 0.000021, 0.000022, 0.000014, 31.91, 0.990, 49.38, 0.507, 90.90, 0.275, 0.00, 0.000
15937,170026, 31.57, 0.00, 0.598, 0.000, 0.000019, 0.000007,0,0,0, 0.000030, 0.000019, 0.000022, 0.000013, 31.57, 0.598, 92.30, 0.375, 48.78, 0.316, 0.00, 0.000
15938,170037, 31.16, 0.00, 0.697, 0.000, 0.000019, 0.000008,0,0,0, 0.000030, 0.000014, 0.000022, 0.000011, 31.16, 0.697, 92.30, 0.637, 44.77, 0.563, 0.00, 0.000
15939,170048, 31.57, 0.00, 0.902, 0.000, 0.000020, 0.000012,0,0,0, 0.000030, 0.000019, 0.000024, 0.000013, 31.57, 0.902, 48.58, 0.738, 93.75, 0.704, 0.00, 0.000
15940,170058, 31.57, 0.00, 0.800, 0.000, 0.000020, 0.000008,0,0,0, 0.000030, 0.000022, 0.000023, 0.000014, 31.57, 0.800, 48.38, 0.743, 92.30, 0.676, 0.00, 0.000
15941,170069, 91.60, 0.00, 0.720, 0.000, 0.000019, 0.000006,0,0,0, 0.000030, 0.000019, 0.000020, 0.000013, 91.60, 0.720, 45.97, 0.707, 31.33, 0.677, 0.00, 0.000
15942,170080, 31.41, 0.00, 0.986, 0.000, 0.000019, 0.000006,0,0,0, 0.000030, 0.000019, 0.000022, 0.000013, 31.41, 0.986, 94.48, 0.761, 46.69, 0.761, 0.00, 0.000
15943,170090, 31.49, 0.00, 0.994, 0.000, 0.000019, 0.000008,0,0,0, 0.000030, 0.000022, 0.000022, 0.000014, 31.49, 0.994, 47.80, 0.775, 95.23, 0.769, 0.00, 0.000
15944,170101, 31.41, 0.00, 0.992, 0.000, 0.000018, 0.000006,0,0,0, 0.000030, 0.000018, 0.000020, 0.000013, 31.41, 0.992, 45.97, 0.857, 96.00, 0.771, 0.00, 0.000
15945,170112, 31.16, 0.00, 0.916, 0.000, 0.000019, 0.000009,0,0,0, 0.000030, 0.000017, 0.000022, 0.000012, 31.16, 0.916, 46.33, 0.814, 94.48, 0.786, 0.00, 0.000
15946,170122, 31.41, 0.00, 0.864, 0.000, 0.000019, 0.000010,0,0,0, 0.000030, 0.000020, 0.000023, 0.000013, 31.41, 0.864, 94.48, 0.820, 47.05, 0.818, 0.00, 0.000
15947,170133, 93.02, 0.00, 0.861, 0.000, 0.000019, 0.000007,0,0,0, 0.000030, 0.000021, 0.000022, 0.000013, 93.02, 0.861, 31.08, 0.852, 46.51, 0.840, 0.00, 0.000
15948,170144, 31.16, 0.00, 0.990, 0.000, 0.000019, 0.000005,0,0,0, 0.000030, 0.000018, 0.000020, 0.000012, 31.16, 0.990, 93.02, 0.835, 46.51, 0.810, 0.00, 0.000
15949,170154, 31.41, 0.00, 0.939, 0.000, 0.000019, 0.000008,0,0,0, 0.000030, 0.000021, 0.000022, 0.000014, 31.41, 0.939, 48.00, 0.908, 93.75, 0.806, 0.00, 0.000
15950,170165, 31.25, 0.00, 0.967, 0.000, 0.000019, 0.000006,0,0,0, 0.000030, 0.000020, 0.000022, 0.000013, 31.25, 0.967, 47.05, 0.817, 93.75, 0.802, 0.00, 0.000
15951,170176, 31.16, 0.00, 0.994, 0.000, 0.000019, 0.000006,0,0,0, 0.000030, 0.000018, 0.000021, 0.000012, 31.16, 0.994, 46.15, 0.835, 93.75, 0.823, 0.00, 0.000
15952,170186, 94.48, 0.00, 0.889, 0.000, 0.000019, 0.000010,0,0,0, 0.000030, 0.000018, 0.000023, 0.000013, 94.48, 0.889, 47.80, 0.838, 31.16, 0.817, 0.00, 0.000
15953,170197, 31.57, 0.00, 0.993, 0.000, 0.000019, 0.000009,0,0,0, 0.000030, 0.000020, 0.000023, 0.000013, 31.57, 0.993, 94.48, 0.897, 47.43, 0.852, 0.00, 0.000
15954,170208, 92.30, 0.00, 0.848, 0.000, 0.000019, 0.000006,0,0,0, 0.000030, 0.000024, 0.000022, 0.000012, 92.30, 0.848, 45.97, 0.770, 31.00, 0.660, 0.00, 0.000
15955,170218, 90.90, 0.00, 0.765, 0.000, 0.000017, 0.000004,0,0,0, 0.000030, 0.000029, 0.000016, 0.000008, 90.90, 0.765, 46.15, 0.586, 31.33, 0.470, 0.00, 0.000
15956,170229, 31.16, 0.00, 0.654, 0.000, 0.000020, 0.000023,0,0,0, 0.000030, 0.000023, 0.000025, 0.000011, 31.16, 0.654, 91.60, 0.424, 47.43, 0.340, 0.00, 0.000
15957,170240, 99.17, 0.00, 0.237, 0.000, 0.000018, 0.000016,0,0,0, 0.000000, 0.000000, 0.000010, 0.000004, 99.17, 0.237, 52.63, 0.186, 51.94, 0.184, 0.00, 0.000
15958,170250, 31.66, 0.00, 0.554, 0.000, 0.000020, 0.000017,0,0,0, 0.000030, 0.000021, 0.000026, 0.000015, 31.66, 0.554, 46.69, 0.421, 0.00, 0.000, 0.00, 0.000
15959,170261, 46.87, 0.00, 0.587, 0.000, 0.000021, 0.000021,0,0,0, 0.000030, 0.000008, 0.000026, 0.000007, 46.87, 0.587, 0.00, 0.000, 0.00, 0.000, 0.00, 0.000
15960,170272, 50.63, 0.00, 0.991, 0.000, 0.000020, 0.000015,0,0,0, 0.000030, 0.000019, 0.000024, 0.000013, 50.63, 0.991, 0.00, 0.000, 0.00, 0.000, 0.00, 0.000
15961,170282, 51.06, 0.00, 0.936, 0.000, 0.000021, 0.000019,0,0,0, 0.000030, 0.000016, 0.000026, 0.000011, 51.06, 0.936, 0.00, 0.000, 0.00, 0.000, 0.00, 0.000
15962,170293, 52.63, 0.00, 0.995, 0.000, 0.000020, 0.000013,0,0,0, 0.000030, 0.000014, 0.000019, 0.000010, 52.63, 0.995, 0.00, 0.000, 0.00, 0.000, 0.00, 0.000
15963,170304, 52.63, 0.00, 0.997, 0.000, 0.000021, 0.000018,0,0,0, 0.000030, 0.000021, 0.000026, 0.000012, 52.63, 0.997, 0.00, 0.000, 0.00, 0.000, 0.00, 0.000
15964,170314, 52.40, 0.00, 0.993, 0.000, 0.000019, 0.000012,0,0,0, 0.000030, 0.000003, 0.000020, 0.000009, 52.40, 0.993, 0.00, 0.000, 0.00, 0.000, 0.00, 0.000
15965,170325, 52.40, 0.00, 0.990, 0.000, 0.000021, 0.000016,0,0,0, 0.000030, 0.000022, 0.000026, 0.000014, 52.40, 0.990, 0.00, 0.000, 0.00, 0.000, 0.00, 0.000
15966,170336, 52.40, 0.00, 0.988, 0.000, 0.000019, 0.000011,0,0,0, 0.000000, 0.000000, 0.000014, 0.000006, 52.40, 0.988, 0.00, 0.000, 0.00, 0.000, 0.00, 0.000
15967,170346, 52.17, 0.00, 0.989, 0.000, 0.000020, 0.000015,0,0,0, 0.000030, 0.000022, 0.000026, 0.000015, 52.17, 0.989, 0.00, 0.000, 0.00, 0.000, 0.00, 0.000
15968,170357, 52.40, 0.00, 0.988, 0.000, 0.000021, 0.000020,0,0,0, 0.000030, 0.000012, 0.000025, 0.000010, 52.40, 0.988, 0.00, 0.000, 0.00, 0.000, 0.00, 0.000
15969,170368, 52.40, 0.00, 0.999, 0.000, 0.000020, 0.000014,0,0,0, 0.000030, 0.000019, 0.000020, 0.000012, 52.40, 0.999, 0.00, 0.000, 0.00, 0.000, 0.00, 0.000
15970,170378, 52.40, 0.00, 0.997, 0.000, 0.000021, 0.000018,0,0,0, 0.000030, 0.000018, 0.000025, 0.000011, 52.40, 0.997, 0.00, 0.000, 0.00, 0.000, 0.00, 0.000
15971,170389, 51.94, 0.00, 0.811, 0.000, 0.000020, 0.000013,0,0,0, 0.000030, 0.000019, 0.000021, 0.000013, 51.94, 0.811, 0.00, 0.000, 0.00, 0.000, 0.00, 0.000
15972,170400, 52.17, 0.00, 0.766, 0.000, 0.000020, 0.000011,0,0,0, 0.000030, 0.000021, 0.000023, 0.000012, 52.17, 0.766, 39.34, 0.172, 0.00, 0.000, 0.00, 0.000
15973,170410, 52.86, 0.00, 0.704, 0.000, 0.000018, 0.000007,0,0,0, 0.000000, 0.000000, 0.000020, 0.000008, 52.86, 0.704, 101.69, 0.047, 0.00, 0.000, 0.00, 0.000
15974,170421, 54.79, 0.00, 0.825, 0.000, 0.000020, 0.000016,0,0,0, 0.000030, 0.000022, 0.000025, 0.000015, 54.79, 0.825, 36.36, 0.153, 0.00, 0.000, 0.00, 0.000
15975,170432, 55.29, 0.00, 0.927, 0.000, 0.000021, 0.000017,0,0,0, 0.000030, 0.000015, 0.000025, 0.000011, 55.29, 0.927, 0.00, 0.000, 0.00, 0.000, 0.00, 0.000
15976,170442, 55.29, 0.00, 0.869, 0.000, 0.000020, 0.000012,0,0,0, 0.000030, 0.000021, 0.000021, 0.000013, 55.29, 0.869, 44.11, 0.119, 0.00, 0.000, 0.00, 0.000
15977,170453, 55.29, 0.00, 0.916, 0.000, 0.000020, 0.000012,0,0,0, 0.000030, 0.000021, 0.000024, 0.000012, 55.29, 0.916, 0.00, 0.000, 0.00, 0.000, 0.00, 0.000
15978,170464, 55.04, 0.00, 0.866, 0.000, 0.000019, 0.000008,0,0,0, 0.000030, 0.000017, 0.000021, 0.000013, 55.04, 0.866, 43.63, 0.074, 37.85, 0.025, 113.20, 0.015
15979,170474, 55.04, 0.00, 0.882, 0.000, 0.000020, 0.000008,0,0,0, 0.000030, 0.000024, 0.000023, 0.000013, 55.04, 0.882, 31.33, 0.015, 43.32, 0.014, 0.00, 0.000
15980,170485, 55.55, 0.00, 0.885, 0.000, 0.000020, 0.000013,0,0,0, 0.000030, 0.000015, 0.000023, 0.000012, 55.55, 0.885, 45.45, 0.080, 37.97, 0.036, 255.31, 0.007
15981,170496, 56.87, 0.00, 0.683, 0.000, 0.000021, 0.000012,0,0,0, 0.000030, 0.000025, 0.000024, 0.000013, 56.87, 0.683, 45.80, 0.265, 255.31, 0.042, 0.00, 0.000
15982,170506, 58.25, 0.00, 0.731, 0.000, 0.000020, 0.000009,0,0,0, 0.000030, 0.000021, 0.000023, 0.000012, 58.25, 0.731, 0.00, 0.000, 0.00, 0.000, 0.00, 0.000
15983,170517, 58.25, 0.00, 0.930, 0.000, 0.000020, 0.000010,0,0,0, 0.000030, 0.000017, 0.000024, 0.000011, 58.25, 0.930, 0.00, 0.000, 0.00, 0.000, 0.00, 0.000
15984,170528, 57.97, 0.00, 0.995, 0.000, 0.000020, 0.000012,0,0,0, 0.000030, 0.000027, 0.000024, 0.000012, 57.97, 0.995, 0.00, 0.000, 0.00, 0.000, 0.00, 0.000
15985,170538, 57.97, 0.00, 0.998, 0.000, 0.000021, 0.000009,0,0,0, 0.000030, 0.000015, 0.000024, 0.000014, 57.97, 0.998, 0.00, 0.000, 0.00, 0.000, 0.00, 0.000
15986,170549, 57.69, 0.00, 0.995, 0.000, 0.000021, 0.000011,0,0,0, 0.000030, 0.000023, 0.000024, 0.000012, 57.69, 0.995, 0.00, 0.000, 0.00, 0.000, 0.00, 0.000
15987,170560, 57.69, 0.00, 0.995, 0.000, 0.000020, 0.000008,0,0,0, 0.000030, 0.000024, 0.000023, 0.000011, 57.69, 0.995, 0.00, 0.000, 0.00, 0.000, 0.00, 0.000
15988,170570, 58.82, 0.00, 0.828, 0.000, 0.000021, 0.000012,0,0,0, 0.000030, 0.000012, 0.000024, 0.000013, 58.82, 0.828, 0.00, 0.000, 0.00, 0.000, 0.00, 0.000
15989,170581, 31.25, 0.00, 0.973, 0.000, 0.000020, 0.000008,0,0,0, 0.000030, 0.000023, 0.000022, 0.000013, 31.25, 0.973, 61.53, 0.952, 0.00, 0.000, 0.00, 0.000
15990,170592, 30.69, 0.00, 0.997, 0.000, 0.000020, 0.000010,0,0,0, 0.000030, 0.000023, 0.000024, 0.000011, 30.69, 0.997, 61.53, 0.994, 0.00, 0.000, 0.00, 0.000
15991,170602, 61.53, 0.00, 0.997, 0.000, 0.000020, 0.000012,0,0,0, 0.000030, 0.000012, 0.000024, 0.000012, 61.53, 0.997, 30.76, 0.995, 0.00, 0.000, 0.00, 0.000
15992,170613, 30.76, 0.00, 0.998, 0.000, 0.000020, 0.000009,0,0,0, 0.000030, 0.000024, 0.000023, 0.000014, 30.76, 0.998, 61.22, 0.995, 0.00, 0.000, 0.00, 0.000
15993,170624, 61.22, 0.00, 0.999, 0.000, 0.000020, 0.000011,0,0,0, 0.000030, 0.000021, 0.000024, 0.000012, 61.22, 0.999, 30.61, 0.998, 0.00, 0.000, 0.00, 0.000
15994,170634, 31.33, 0.00, 0.982, 0.000, 0.000020, 0.000013,0,0,0, 0.000030, 0.000012, 0.000024, 0.000012, 31.33, 0.982, 62.17, 0.896, 0.00, 0.000, 0.00, 0.000
15995,170645, 32.00, 0.00, 0.981, 0.000, 0.000020, 0.000009,0,0,0, 0.000030, 0.000022, 0.000022, 0.000014, 32.00, 0.981, 64.17, 0.967, 0.00, 0.000, 0.00, 0.000
15996,170656, 32.52, 0.00, 0.994, 0.000, 0.000020, 0.000010,0,0,0, 0.000030, 0.000023, 0.000024, 0.000011, 32.52, 0.994, 64.86, 0.993, 0.00, 0.000, 0.00, 0.000
15997,170666, 32.60, 0.00, 0.999, 0.000, 0.000021, 0.000012,0,0,0, 0.000030, 0.000013, 0.000024, 0.000013, 32.60, 0.999, 65.21, 0.998, 0.00, 0.000, 0.00, 0.000
15998,170677, 32.60, 0.00, 0.999, 0.000, 0.000020, 0.000009,0,0,0, 0.000030, 0.000019, 0.000022, 0.000012, 32.60, 0.999, 65.21, 0.998, 0.00, 0.000, 0.00, 0.000
15999,170688, 32.52, 0.00, 0.999, 0.000, 0.000020, 0.000010,0,0,0, 0.000030, 0.000023, 0.000024, 0.000013, 32.52, 0.999, 65.21, 0.997, 0.00, 0.000, 0.00, 0.000
16000,170698, 32.43, 0.00, 0.999, 0.000, 0.000021, 0.000012,0,0,0, 0.000030, 0.000016, 0.000024, 0.000012, 32.43, 0.999, 64.86, 0.998, 0.00, 0.000, 0.00, 0.000
16001,170709, 33.51, 0.00, 0.988, 0.000, 0.000019, 0.000008,0,0,0, 0.000030, 0.000014, 0.000020, 0.000010, 33.51, 0.988, 65.57, 0.926, 0.00, 0.000, 0.00, 0.000
16002,170720, 68.18, 0.00, 0.936, 0.000, 0.000020, 0.000011,0,0,0, 0.000030, 0.000021, 0.000024, 0.000014, 68.18, 0.936, 33.61, 0.865, 0.00, 0.000, 0.00, 0.000
16003,170730, 34.18, 0.00, 0.997, 0.000, 0.000020, 0.000012,0,0,0, 0.000030, 0.000022, 0.000024, 0.000012, 34.18, 0.997, 68.57, 0.993, 0.00, 0.000, 0.00, 0.000
16004,170741, 34.18, 0.00, 0.998, 0.000, 0.000021, 0.000014,0,0,0, 0.000030, 0.000013, 0.000024, 0.000013, 34.18, 0.998, 68.57, 0.995, 0.00, 0.000, 0.00, 0.000
16005,170752, 68.18, 0.00, 0.996, 0.000, 0.000019, 0.000010,0,0,0, 0.000030, 0.000017, 0.000020, 0.000011, 68.18, 0.996, 34.18, 0.995, 0.00, 0.000, 0.00, 0.000
16006,170762, 68.57, 0.00, 0.967, 0.000, 0.000020, 0.000011,0,0,0, 0.000030, 0.000021, 0.000024, 0.000014, 68.57, 0.967, 34.48, 0.964, 0.00, 0.000, 0.00, 0.000
16007,170773, 35.08, 0.00, 0.937, 0.000, 0.000020, 0.000011,0,0,0, 0.000030, 0.000021, 0.000024, 0.000012, 35.08, 0.937, 69.76, 0.918, 0.00, 0.000, 0.00, 0.000
16008,170784, 72.28, 0.00, 0.978, 0.000, 0.000020, 0.000013,0,0,0, 0.000030, 0.000014, 0.000024, 0.000013, 72.28, 0.978, 36.03, 0.965, 0.00, 0.000, 0.00, 0.000
16009,170794, 72.28, 0.00, 0.992, 0.000, 0.000019, 0.000009,0,0,0, 0.000030, 0.000015, 0.000020, 0.000011, 72.28, 0.992, 36.14, 0.986, 0.00, 0.000, 0.00, 0.000
16010,170805, 72.28, 0.00, 0.991, 0.000, 0.000020, 0.000009,0,0,0, 0.000030, 0.000021, 0.000023, 0.000014, 72.28, 0.991, 36.14, 0.980, 0.00, 0.000, 0.00, 0.000
16011,170816, 36.36, 0.00, 0.988, 0.000, 0.000020, 0.000010,0,0,0, 0.000030, 0.000021, 0.000023, 0.000013, 36.36, 0.988, 72.72, 0.985, 0.00, 0.000, 0.00, 0.000
16012,170826, 36.80, 0.00, 0.962, 0.000, 0.000020, 0.000011,0,0,0, 0.000030, 0.000019, 0.000023, 0.000012, 36.80, 0.962, 73.17, 0.947, 0.00, 0.000, 0.00, 0.000
16013,170837, 75.47, 0.00, 0.934, 0.000, 0.000020, 0.000012,0,0,0, 0.000030, 0.000015, 0.000023, 0.000013, 75.47, 0.934, 37.61, 0.926, 0.00, 0.000, 0.00, 0.000
16014,170848, 38.21, 0.00, 0.998, 0.000, 0.000019, 0.000008,0,0,0, 0.000030, 0.000016, 0.000020, 0.000011, 38.21, 0.998, 76.43, 0.997, 0.00, 0.000, 0.00, 0.000
16015,170858, 76.92, 0.00, 0.995, 0.000, 0.000019, 0.000008,0,0,0, 0.000030, 0.000021, 0.000023, 0.000014, 76.92, 0.995, 38.33, 0.994, 0.00, 0.000, 0.00, 0.000
16016,170869, 76.92, 0.00, 0.995, 0.000, 0.000020, 0.000009,0,0,0, 0.000030, 0.000021, 0.000023, 0.000013, 76.92, 0.995, 38.46, 0.993, 0.00, 0.000, 0.00, 0.000
16017,170880, 76.92, 0.00, 0.997, 0.000, 0.000020, 0.000010,0,0,0, 0.000030, 0.000021, 0.000023, 0.000012, 76.92, 0.997, 38.46, 0.996, 0.00, 0.000, 0.00, 0.000
16018,170890, 38.58, 0.00, 0.995, 0.000, 0.000020, 0.000011,0,0,0, 0.000030, 0.000017, 0.000023, 0.000013, 38.58, 0.995, 76.92, 0.994, 0.00, 0.000, 0.00, 0.000
16019,170901, 77.92, 0.00, 0.958, 0.000, 0.000020, 0.000011,0,0,0, 0.000030, 0.000017, 0.000023, 0.000013, 77.92, 0.958, 39.08, 0.940, 0.00, 0.000, 0.00, 0.000
16020,170912, 39.60, 0.00, 0.951, 0.000, 0.000019, 0.000010,0,0,0, 0.000030, 0.000017, 0.000022, 0.000012, 39.60, 0.951, 80.00, 0.947, 0.00, 0.000, 0.00, 0.000
16021,170922, 81.08, 0.00, 0.989, 0.000, 0.000019, 0.000007,0,0,0, 0.000030, 0.000020, 0.000022, 0.000013, 81.08, 0.989, 40.40, 0.985, 0.00, 0.000, 0.00, 0.000
16022,170933, 81.63, 0.00, 0.987, 0.000, 0.000019, 0.000008,0,0,0, 0.000030, 0.000021, 0.000022, 0.000014, 81.63, 0.987, 40.67, 0.979, 0.00, 0.000, 0.00, 0.000
16023,170944, 81.63, 0.00, 0.998, 0.000, 0.000019, 0.000008,0,0,0, 0.000030, 0.000021, 0.000022, 0.000013, 81.63, 0.998, 40.81, 0.998, 0.00, 0.000, 0.00, 0.000
16024,170954, 81.63, 0.00, 0.996, 0.000, 0.000019, 0.000009,0,0,0, 0.000030, 0.000021, 0.000022, 0.000012, 81.63, 0.996, 40.81, 0.993, 0.00, 0.000, 0.00, 0.000
16025,170965, 40.67, 0.00, 0.998, 0.000, 0.000020, 0.000009,0,0,0, 0.000030, 0.000019, 0.000022, 0.000013, 40.67, 0.998, 81.63, 0.995, 0.00, 0.000, 0.00, 0.000
16026,170976, 40.67, 0.00, 0.998, 0.000, 0.000020, 0.000010,0,0,0, 0.000030, 0.000017, 0.000022, 0.000013, 40.67, 0.998, 81.08, 0.996, 0.00, 0.000, 0.00, 0.000
16027,170986, 81.63, 0.00, 0.998, 0.000, 0.000020, 0.000010,0,0,0, 0.000030, 0.000017, 0.000022, 0.000013, 81.63, 0.998, 40.81, 0.997, 0.00, 0.000, 0.00, 0.000
16028,170997, 82.19, 0.00, 0.962, 0.000, 0.000019, 0.000010,0,0,0, 0.000030, 0.000018, 0.000022, 0.000012, 82.19, 0.962, 41.37, 0.953, 0.00, 0.000, 0.00, 0.000
16029,171008, 41.81, 0.00, 0.958, 0.000, 0.000019, 0.000007,0,0,0, 0.000030, 0.000019, 0.000022, 0.000013, 41.81, 0.958, 83.33, 0.952, 0.00, 0.000, 0.00, 0.000
16030,171018, 85.71, 0.00, 0.980, 0.000, 0.000019, 0.000007,0,0,0, 0.000030, 0.000020, 0.000022, 0.000013, 85.71, 0.980, 42.85, 0.969, 0.00, 0.000, 0.00, 0.000
16031,171029, 86.33, 0.00, 0.996, 0.000, 0.000019, 0.000007,0,0,0, 0.000030, 0.000021, 0.000022, 0.000013, 86.33, 0.996, 43.01, 0.991, 0.00, 0.000, 0.00, 0.000
16032,171040, 86.33, 0.00, 0.998, 0.000, 0.000019, 0.000007,0,0,0, 0.000030, 0.000020, 0.000022, 0.000013, 86.33, 0.998, 43.16, 0.997, 0.00, 0.000, 0.00, 0.000
16033,171050, 43.16, 0.00, 0.998, 0.000, 0.000019, 0.000008,0,0,0, 0.000030, 0.000020, 0.000022, 0.000013, 43.16, 0.998, 86.33, 0.998, 0.00, 0.000, 0.00, 0.000
16034,171061, 86.33, 0.00, 0.994, 0.000, 0.000019, 0.000008,0,0,0, 0.000030, 0.000020, 0.000022, 0.000013, 86.33, 0.994, 43.32, 0.993, 0.00, 0.000, 0.00, 0.000
16035,171072, 86.95, 0.00, 0.982, 0.000, 0.000019, 0.000008,0,0,0, 0.000030, 0.000020, 0.000022, 0.000013, 86.95, 0.982, 43.47, 0.973, 0.00, 0.000, 0.00, 0.000
16036,171082, 88.23, 0.00, 0.949, 0.000, 0.000019, 0.000008,0,0,0, 0.000030, 0.000020, 0.000022, 0.000013, 88.23, 0.949, 44.28, 0.920, 0.00, 0.000, 0.00, 0.000
16037,171093, 90.22, 0.00, 0.970, 0.000, 0.000019, 0.000008,0,0,0, 0.000030, 0.000020, 0.000022, 0.000013, 90.22, 0.970, 45.11, 0.960, 0.00, 0.000, 0.00, 0.000
16038,171104, 90.90, 0.00, 0.998, 0.000, 0.000019, 0.000007,0,0,0, 0.000030, 0.000020, 0.000022, 0.000013, 90.90, 0.998, 45.45, 0.995, 30.37, 0.995, 0.00, 0.000
16039,171114, 30.37, 0.00, 0.998, 0.000, 0.000019, 0.000008,0,0,0, 0.000030, 0.000019, 0.000022, 0.000013, 30.37, 0.998, 90.90, 0.998, 45.62, 0.997, 0.00, 0.000
16040,171125, 45.62, 0.00, 0.999, 0.000, 0.000019, 0.000008,0,0,0, 0.000030, 0.000019, 0.000022, 0.000013, 45.62, 0.999, 30.37, 0.998, 90.90, 0.998, 0.00, 0.000
16041,171136, 30.37, 0.00, 0.999, 0.000, 0.000019, 0.000008,0,0,0, 0.000030, 0.000019, 0.000022, 0.000013, 30.37, 0.999, 45.62, 0.999, 90.90, 0.997, 0.00, 0.000
16042,171146, 30.45, 0.00, 0.998, 0.000, 0.000019, 0.000008,0,0,0, 0.000030, 0.000019, 0.000022, 0.000013, 30.45, 0.998, 91.60, 0.997, 45.80, 0.995, 0.00, 0.000
16043,171157, 30.76, 0.00, 0.982, 0.000, 0.000019, 0.000007,0,0,0, 0.000030, 0.000020, 0.000021, 0.000013, 30.76, 0.982, 92.30, 0.979, 45.97, 0.969, 0.00, 0.000
16044,171168, 93.75, 0.00, 0.962, 0.000, 0.000019, 0.000007,0,0,0, 0.000030, 0.000020, 0.000021, 0.000013, 93.75, 0.962, 31.25, 0.943, 46.87, 0.941, 0.00, 0.000
16045,171178, 95.23, 0.00, 0.976, 0.000, 0.000019, 0.000006,0,0,0, 0.000030, 0.000020, 0.000021, 0.000013, 95.23, 0.976, 47.80, 0.955, 31.74, 0.945, 0.00, 0.000
16046,171189, 96.77, 0.00, 0.989, 0.000, 0.000019, 0.000007,0,0,0, 0.000030, 0.000020, 0.000021, 0.000013, 96.77, 0.989, 48.19, 0.982, 32.17, 0.979, 0.00, 0.000
16047,171200, 48.38, 0.00, 0.999, 0.000, 0.000019, 0.000007,0,0,0, 0.000030, 0.000020, 0.000021, 0.000013, 48.38, 0.999, 96.77, 0.998, 32.25, 0.998, 0.00, 0.000
16048,171210, 32.25, 0.00, 0.999, 0.000, 0.000019, 0.000006,0,0,0, 0.000030, 0.000020, 0.000021, 0.000013, 32.25, 0.999, 48.38, 0.999, 96.77, 0.999, 0.00, 0.000
16049,171221, 96.77, 0.00, 0.999, 0.000, 0.000019, 0.000006,0,0,0, 0.000030, 0.000020, 0.000021, 0.000013, 96.77, 0.999, 32.25, 0.998, 48.38, 0.998, 0.00, 0.000
16050,171232, 96.77, 0.00, 0.998, 0.000, 0.000019, 0.000007,0,0,0, 0.000030, 0.000019, 0.000021, 0.000013, 96.77, 0.998, 48.38, 0.995, 32.34, 0.994, 0.00, 0.000
16051,171242, 32.52, 0.00, 0.987, 0.000, 0.000019, 0.000006,0,0,0, 0.000030, 0.000019, 0.000021, 0.000013, 32.52, 0.987, 97.56, 0.985, 48.78, 0.979, 0.00, 0.000
16052,171253, 32.96, 0.00, 0.997, 0.000, 0.000019, 0.000006,0,0,0, 0.000030, 0.000019, 0.000021, 0.000013, 32.96, 0.997, 99.17, 0.973, 49.58, 0.962, 0.00, 0.000
16053,171264, 33.61, 0.00, 0.994, 0.000, 0.000019, 0.000004,0,0,0, 0.000030, 0.000020, 0.000020, 0.000013, 33.61, 0.994, 100.84, 0.979, 50.42, 0.970, 0.00, 0.000
16054,171274, 101.69, 0.00, 0.990, 0.000, 0.000018, 0.000004,0,0,0, 0.000030, 0.000020, 0.000020, 0.000013, 101.69, 0.990, 33.89, 0.990, 51.06, 0.986, 0.00, 0.000
16055,171285, 102.56, 0.00, 0.998, 0.000, 0.000019, 0.000006,0,0,0, 0.000030, 0.000021, 0.000020, 0.000013, 102.56, 0.998, 34.09, 0.997, 51.28, 0.996, 0.00, 0.000
16056,171296, 102.56, 0.00, 0.997, 0.000, 0.000019, 0.000005,0,0,0, 0.000030, 0.000022, 0.000020, 0.000014, 102.56, 0.997, 34.09, 0.994, 51.28, 0.993, 0.00, 0.000
16057,171306, 34.18, 0.00, 0.998, 0.000, 0.000019, 0.000005,0,0,0, 0.000030, 0.000021, 0.000020, 0.000013, 34.18, 0.998, 102.56, 0.995, 51.28, 0.995, 0.00, 0.000
16058,171317, 34.18, 0.00, 0.999, 0.000, 0.000019, 0.000005,0,0,0, 0.000030, 0.000021, 0.000020, 0.000013, 34.18, 0.999, 102.56, 0.995, 51.28, 0.995, 0.00, 0.000
16059,171328, 102.56, 0.00, 0.997, 0.000, 0.000019, 0.000005,0,0,0, 0.000030, 0.000021, 0.000020, 0.000013, 102.56, 0.997, 34.28, 0.995, 51.28, 0.995, 0.00, 0.000
16060,171338, 34.28, 0.00, 0.997, 0.000, 0.000019, 0.000005,0,0,0, 0.000030, 0.000020, 0.000020, 0.000013, 34.28, 0.997, 51.50, 0.996, 102.56, 0.996, 0.00, 0.000
16061,171349, 103.44, 0.00, 0.993, 0.000, 0.000019, 0.000005,0,0,0, 0.000030, 0.000019, 0.000020, 0.000014, 103.44, 0.993, 51.72, 0.992, 34.48, 0.989, 0.00, 0.000
16062,171360, 104.34, 0.00, 0.990, 0.000, 0.000018, 0.000005,0,0,0, 0.000030, 0.000019, 0.000020, 0.000013, 104.34, 0.990, 34.68, 0.988, 51.94, 0.979, 0.00, 0.000
16063,171370, 105.26, 0.00, 0.983, 0.000, 0.000018, 0.000004,0,0,0, 0.000030, 0.000019, 0.000020, 0.000013, 105.26, 0.983, 35.08, 0.975, 52.63, 0.971, 0.00, 0.000
16064,171381, 106.19, 0.00, 0.989, 0.000, 0.000019, 0.000005,0,0,0, 0.000030, 0.000021, 0.000020, 0.000013, 106.19, 0.989, 53.33, 0.986, 35.50, 0.984, 0.00, 0.000
16065,171392, 35.71, 0.00, 0.999, 0.000, 0.000019, 0.000005,0,0,0, 0.000030, 0.000022, 0.000020, 0.000014, 35.71, 0.999, 107.14, 0.998, 53.57, 0.997, 0.00, 0.000
16066,171402, 107.14, 0.00, 0.993, 0.000, 0.000019, 0.000006,0,0,0, 0.000030, 0.000022, 0.000020, 0.000013, 107.14, 0.993, 35.60, 0.993, 53.57, 0.990, 0.00, 0.000
16067,171413, 35.19, 0.00, 0.965, 0.000, 0.000019, 0.000004,0,0,0, 0.000030, 0.000022, 0.000020, 0.000013, 35.19, 0.965, 106.19, 0.964, 52.86, 0.944, 0.00, 0.000
16068,171424, 34.68, 0.00, 0.963, 0.000, 0.000019, 0.000006,0,0,0, 0.000030, 0.000020, 0.000021, 0.000014, 34.68, 0.963, 104.34, 0.960, 51.94, 0.952, 0.00, 0.000
16069,171434, 101.69, 0.00, 0.937, 0.000, 0.000019, 0.000010,0,0,0, 0.000030, 0.000018, 0.000022, 0.000014, 101.69, 0.937, 51.28, 0.901, 34.48, 0.869, 0.00, 0.000
16070,171445, 35.29, 0.00, 0.825, 0.000, 0.000019, 0.000007,0,0,0, 0.000030, 0.000021, 0.000021, 0.000013, 35.29, 0.825, 52.63, 0.778, 104.34, 0.770, 0.00, 0.000
16071,171456, 108.10, 0.00, 0.529, 0.000, 0.000018, 0.000005,0,0,0, 0.000030, 0.000024, 0.000019, 0.000013, 108.10, 0.529, 56.87, 0.522, 36.36, 0.522, 0.00, 0.000
16072,171466, 31.41, 0.00, 0.560, 0.000, 0.000019, 0.000010,0,0,0, 0.000030, 0.000023, 0.000022, 0.000013, 31.41, 0.560, 115.38, 0.553, 59.70, 0.494, 41.09, 0.420
16073,171477, 30.30, 0.00, 0.690, 0.000, 0.000019, 0.000007,0,0,0, 0.000030, 0.000017, 0.000020, 0.000013, 30.30, 0.690, 31.49, 0.685, 42.25, 0.674, 117.64, 0.603
16074,171488, 30.30, 0.00, 0.699, 0.000, 0.000019, 0.000008,0,0,0, 0.000030, 0.000020, 0.000022, 0.000014, 30.30, 0.699, 114.28, 0.663, 41.37, 0.520, 59.11, 0.394
16075,171498, 32.34, 0.00, 0.457, 0.000, 0.000020, 0.000017,0,0,0, 0.000030, 0.000025, 0.000024, 0.000012, 32.34, 0.457, 111.11, 0.374, 55.04, 0.317, 41.23, 0.060
16076,171509, 33.14, 0.00, 0.282, 0.000, 0.000018, 0.000012,0,0,0, 0.000000, 0.000000, 0.000014, 0.000006, 33.14, 0.282, 44.77, 0.238, 105.26, 0.237, 58.53, 0.013
16077,171520, 33.24, 0.00, 0.700, 0.000, 0.000021, 0.000019,0,0,0, 0.000030, 0.000019, 0.000026, 0.000013, 33.24, 0.700, 40.81, 0.248, 146.34, 0.090, 79.47, 0.067
16078,171530, 34.48, 0.00, 0.926, 0.000, 0.000020, 0.000013,0,0,0, 0.000030, 0.000020, 0.000021, 0.000011, 34.48, 0.926, 33.80, 0.912, 41.66, 0.059, 0.00, 0.000
16079,171541, 41.52, 0.00, 0.459, 0.000, 0.000020, 0.000010,0,0,0, 0.000030, 0.000017, 0.000023, 0.000012, 41.52, 0.459, 33.61, 0.184, 37.26, 0.102, 62.17, 0.099
16080,171552, 41.95, 0.00, 0.657, 0.000, 0.000020, 0.000007,0,0,0, 0.000030, 0.000022, 0.000022, 0.000014, 41.95, 0.657, 88.88, 0.333, 0.00, 0.000, 0.00, 0.000
16081,171562, 38.83, 0.00, 0.389, 0.000, 0.000019, 0.000005,0,0,0, 0.000030, 0.000021, 0.000021, 0.000013, 38.83, 0.389, 91.60, 0.233, 50.84, 0.170, 31.91, 0.155
16082,171573, 50.42, 0.00, 0.374, 0.000, 0.000021, 0.000022,0,0,0, 0.000030, 0.000027, 0.000025, 0.000010, 50.42, 0.374, 38.21, 0.227, 113.20, 0.222, 0.00, 0.000
16083,171584, 45.80, 0.00, 0.481, 0.000, 0.000020, 0.000015,0,0,0, 0.000030, 0.000016, 0.000020, 0.000012, 45.80, 0.481, 42.85, 0.428, 30.76, 0.425, 62.50, 0.196
16084,171594, 39.73, 0.00, 0.562, 0.000, 0.000019, 0.000011,0,0,0, 0.000030, 0.000028, 0.000023, 0.000011, 39.73, 0.562, 45.80, 0.439, 42.55, 0.333, 31.57, 0.313
16085,171605, 44.94, 0.00, 0.782, 0.000, 0.000020, 0.000010,0,0,0, 0.000030, 0.000016, 0.000024, 0.000014, 44.94, 0.782, 36.03, 0.404, 187.50, 0.032, 0.00, 0.000
16086,171616, 45.80, 0.00, 0.704, 0.000, 0.000020, 0.000007,0,0,0, 0.000030, 0.000023, 0.000023, 0.000014, 45.80, 0.704, 31.25, 0.428, 55.55, 0.234, 95.23, 0.096
16087,171626, 33.70, 0.00, 0.488, 0.000, 0.000020, 0.000007,0,0,0, 0.000030, 0.000019, 0.000022, 0.000012, 33.70, 0.488, 46.87, 0.420, 50.42, 0.269, 95.23, 0.148
16088,171637, 54.29, 0.00, 0.344, 0.000, 0.000020, 0.000008,0,0,0, 0.000030, 0.000021, 0.000023, 0.000014, 54.29, 0.344, 32.17, 0.296, 38.83, 0.284, 99.17, 0.261
16089,171648, 30.22, 0.00, 0.776, 0.000, 0.000020, 0.000007,0,0,0, 0.000030, 0.000022, 0.000022, 0.000013, 30.22, 0.776, 41.09, 0.715, 100.00, 0.251, 71.00, 0.009
16090,171658, 30.45, 0.00, 0.620, 0.000, 0.000019, 0.000005,0,0,0, 0.000030, 0.000014, 0.000021, 0.000011, 30.45, 0.620, 43.95, 0.547, 97.56, 0.288, 57.69, 0.006
16091,171669, 31.57, 0.00, 0.547, 0.000, 0.000020, 0.000012,0,0,0, 0.000030, 0.000027, 0.000024, 0.000012, 31.57, 0.547, 44.77, 0.395, 106.19, 0.334, 36.80, 0.125
16092,171680, 49.58, 0.00, 0.405, 0.000, 0.000019, 0.000008,0,0,0, 0.000030, 0.000015, 0.000023, 0.000011, 49.58, 0.405, 35.19, 0.398, 33.33, 0.374, 36.69, 0.320
16093,171690, 32.34, 0.00, 0.517, 0.000, 0.000020, 0.000009,0,0,0, 0.000030, 0.000022, 0.000023, 0.000014, 32.34, 0.517, 48.78, 0.443, 52.40, 0.352, 292.68, 0.033
16094,171701, 36.80, 0.00, 0.186, 0.000, 0.000019, 0.000006,0,0,0, 0.000030, 0.000021, 0.000021, 0.000013, 36.80, 0.186, 47.61, 0.167, 307.69, 0.078, 70.17, 0.072
16095,171712, 38.58, 0.00, 0.568, 0.000, 0.000019, 0.000014,0,0,0, 0.000030, 0.000025, 0.000023, 0.000012, 38.58, 0.568, 81.63, 0.493, 41.81, 0.343, 43.95, 0.215
16096,171722, 37.85, 0.00, 0.366, 0.000, 0.000019, 0.000010,0,0,0, 0.000030, 0.000014, 0.000022, 0.000013, 37.85, 0.366, 37.50, 0.365, 30.37, 0.349, 95.23, 0.344
16097,171733, 35.71, 0.00, 0.619, 0.000, 0.000019, 0.000010,0,0,0, 0.000030, 0.000020, 0.000023, 0.000013, 35.71, 0.619, 98.36, 0.421, 56.87, 0.339, 51.06, 0.191
16098,171744, 35.82, 0.00, 0.716, 0.000, 0.000019, 0.000008,0,0,0, 0.000030, 0.000021, 0.000022, 0.000012, 35.82, 0.716, 100.00, 0.417, 51.94, 0.272, 0.00, 0.000
16099,171754, 45.80, 0.00, 0.373, 0.000, 0.000019, 0.000006,0,0,0, 0.000030, 0.000021, 0.000022, 0.000012, 45.80, 0.373, 31.49, 0.362, 36.58, 0.360, 102.56, 0.347
16100,171765, 30.22, 0.00, 0.596, 0.000, 0.000019, 0.000017,0,0,0, 0.000030, 0.000023, 0.000024, 0.000011, 30.22, 0.596, 46.33, 0.575, 103.44, 0.036, 85.71, 0.028
16101,171776, 30.07, 0.00, 0.728, 0.000, 0.000019, 0.000012,0,0,0, 0.000030, 0.000017, 0.000021, 0.000013, 30.07, 0.728, 44.11, 0.606, 57.41, 0.103, 77.41, 0.023
16102,171786, 43.16, 0.00, 0.443, 0.000, 0.000019, 0.000008,0,0,0, 0.000030, 0.000020, 0.000021, 0.000013, 43.16, 0.443, 97.56, 0.282, 100.00, 0.281, 38.46, 0.042
16103,171797, 48.58, 0.00, 0.788, 0.000, 0.000019, 0.000006,0,0,0, 0.000030, 0.000019, 0.000022, 0.000013, 48.58, 0.788, 96.00, 0.730, 32.08, 0.688, 0.00, 0.000
16104,171808, 96.00, 0.00, 0.739, 0.000, 0.000019, 0.000009,0,0,0, 0.000030, 0.000022, 0.000022, 0.000013, 96.00, 0.739, 32.17, 0.680, 48.38, 0.646, 0.00, 0.000
16105,171818, 95.23, 0.00, 0.689, 0.000, 0.000018, 0.000006,0,0,0, 0.000030, 0.000017, 0.000018, 0.000011, 95.23, 0.689, 47.24, 0.566, 31.25, 0.478, 0.00, 0.000
16106,171829, 46.69, 0.00, 0.559, 0.000, 0.000019, 0.000012,0,0,0, 0.000030, 0.000024, 0.000023, 0.000013, 46.69, 0.559, 93.02, 0.339, 39.73, 0.106, 61.53, 0.019
16107,171840, 45.28, 0.00, 0.714, 0.000, 0.000018, 0.000008,0,0,0, 0.000030, 0.000018, 0.000019, 0.000012, 45.28, 0.714, 31.25, 0.571, 97.56, 0.189, 40.13, 0.088
16108,171850, 45.80, 0.00, 0.410, 0.000, 0.000019, 0.000008,0,0,0, 0.000030, 0.000025, 0.000022, 0.000012, 45.80, 0.410, 48.97, 0.341, 31.00, 0.242, 30.22, 0.238
16109,171861, 50.20, 0.00, 0.771, 0.000, 0.000019, 0.000009,0,0,0, 0.000030, 0.000018, 0.000022, 0.000011, 50.20, 0.771, 35.71, 0.468, 105.26, 0.303, 0.00, 0.000
16110,171872, 53.57, 0.00, 0.580, 0.000, 0.000019, 0.000008,0,0,0, 0.000030, 0.000025, 0.000022, 0.000013, 53.57, 0.580, 47.80, 0.464, 50.00, 0.457, 49.18, 0.450
16111,171882, 47.24, 0.00, 0.518, 0.000, 0.000018, 0.000006,0,0,0, 0.000030, 0.000020, 0.000020, 0.000010, 47.24, 0.518, 44.44, 0.374, 43.95, 0.373, 32.43, 0.294
16112,171893, 43.79, 0.00, 0.616, 0.000, 0.000019, 0.000010,0,0,0, 0.000030, 0.000019, 0.000022, 0.000013, 43.79, 0.616, 92.30, 0.197, 58.25, 0.051, 0.00, 0.000
16113,171904, 43.79, 0.00, 0.528, 0.000, 0.000019, 0.000008,0,0,0, 0.000030, 0.000022, 0.000022, 0.000014, 43.79, 0.528, 85.71, 0.446, 89.55, 0.441, 30.76, 0.109
16114,171914, 30.84, 0.00, 0.678, 0.000, 0.000018, 0.000005,0,0,0, 0.000030, 0.000016, 0.000020, 0.000012, 30.84, 0.678, 93.75, 0.611, 47.80, 0.490, 0.00, 0.000
16115,171925, 32.52, 0.00, 0.911, 0.000, 0.000019, 0.000010,0,0,0, 0.000030, 0.000017, 0.000023, 0.000013, 32.52, 0.911, 96.00, 0.743, 48.58, 0.734, 0.00, 0.000
16116,171936, 48.58, 0.00, 0.762, 0.000, 0.000019, 0.000011,0,0,0, 0.000030, 0.000014, 0.000024, 0.000011, 48.58, 0.762, 96.77, 0.751, 31.83, 0.523, 0.00, 0.000
16117,171946, 30.69, 0.00, 0.690, 0.000, 0.000020, 0.000012,0,0,0, 0.000030, 0.000020, 0.000024, 0.000014, 30.69, 0.690, 93.75, 0.661, 47.24, 0.585, 0.00, 0.000
16118,171957, 90.22, 0.00, 0.703, 0.000, 0.000020, 0.000008,0,0,0, 0.000030, 0.000022, 0.000022, 0.000014, 90.22, 0.703, 44.44, 0.689, 30.07, 0.677, 0.00, 0.000
16119,171968, 30.76, 0.00, 0.663, 0.000, 0.000019, 0.000006,0,0,0, 0.000030, 0.000019, 0.000020, 0.000013, 30.76, 0.663, 89.55, 0.597, 47.43, 0.484, 45.80, 0.481
16120,171978, 32.25, 0.00, 0.952, 0.000, 0.000018, 0.000004,0,0,0, 0.000030, 0.000020, 0.000020, 0.000013, 32.25, 0.952, 48.97, 0.764, 96.77, 0.726, 0.00, 0.000
16121,171989, 50.84, 0.00, 0.733, 0.000, 0.000019, 0.000009,0,0,0, 0.000030, 0.000020, 0.000022, 0.000014, 50.84, 0.733, 100.00, 0.694, 34.78, 0.641, 0.00, 0.000
16122,172000, 30.76, 0.00, 0.550, 0.000, 0.000020, 0.000017,0,0,0, 0.000030, 0.000025, 0.000024, 0.000012, 30.76, 0.550, 49.58, 0.530, 47.24, 0.496, 96.00, 0.378
16123,172010, 41.95, 0.00, 0.698, 0.000, 0.000020, 0.000012,0,0,0, 0.000030, 0.000022, 0.000021, 0.000013, 41.95, 0.698, 90.90, 0.330, 67.41, 0.010, 0.00, 0.000
16124,172021, 40.67, 0.00, 0.471, 0.000, 0.000019, 0.000008,0,0,0, 0.000030, 0.000019, 0.000020, 0.000013, 40.67, 0.471, 93.02, 0.291, 104.34, 0.234, 0.00, 0.000
16125,172032, 93.75, 0.00, 0.664, 0.000, 0.000019, 0.000007,0,0,0, 0.000030, 0.000019, 0.000022, 0.000013, 93.75, 0.664, 49.58, 0.631, 33.33, 0.589, 30.22, 0.425
16126,172042, 48.97, 0.00, 0.797, 0.000, 0.000019, 0.000007,0,0,0, 0.000030, 0.000017, 0.000022, 0.000012, 48.97, 0.797, 98.36, 0.767, 32.69, 0.673, 0.00, 0.000
16127,172053, 94.48, 0.00, 0.839, 0.000, 0.000019, 0.000010,0,0,0, 0.000030, 0.000021, 0.000023, 0.000013, 94.48, 0.839, 47.24, 0.827, 31.16, 0.776, 0.00, 0.000
16128,172064, 30.37, 0.00, 0.916, 0.000, 0.000019, 0.000007,0,0,0, 0.000030, 0.000020, 0.000021, 0.000013, 30.37, 0.916, 93.02, 0.743, 45.11, 0.732, 43.01, 0.673
16129,172074, 30.45, 0.00, 0.882, 0.000, 0.000018, 0.000005,0,0,0, 0.000030, 0.000019, 0.000021, 0.000013, 30.45, 0.882, 93.02, 0.742, 45.28, 0.735, 0.00, 0.000
16130,172085, 96.77, 0.00, 0.845, 0.000, 0.000019, 0.000007,0,0,0, 0.000030, 0.000019, 0.000022, 0.000013, 96.77, 0.845, 31.16, 0.823, 47.80, 0.792, 0.00, 0.000
16131,172096, 97.56, 0.00, 0.928, 0.000, 0.000019, 0.000007,0,0,0, 0.000030, 0.000017, 0.000022, 0.000012, 97.56, 0.928, 48.78, 0.902, 32.52, 0.794, 0.00, 0.000
16132,172106, 96.00, 0.00, 0.934, 0.000, 0.000019, 0.000010,0,0,0, 0.000030, 0.000017, 0.000023, 0.000012, 96.00, 0.934, 48.78, 0.862, 32.43, 0.843, 0.00, 0.000
16133,172117, 30.92, 0.00, 0.980, 0.000, 0.000020, 0.000011,0,0,0, 0.000030, 0.000019, 0.000024, 0.000013, 30.92, 0.980, 94.48, 0.760, 47.24, 0.652, 0.00, 0.000
16134,172128, 44.94, 0.00, 0.772, 0.000, 0.000020, 0.000007,0,0,0, 0.000030, 0.000023, 0.000023, 0.000013, 44.94, 0.772, 92.30, 0.759, 30.45, 0.621, 0.00, 0.000
16135,172138, 88.23, 0.00, 0.771, 0.000, 0.000020, 0.000013,0,0,0, 0.000030, 0.000024, 0.000023, 0.000013, 88.23, 0.771, 42.25, 0.608, 44.94, 0.597, 30.92, 0.512
16136,172149, 31.74, 0.00, 0.857, 0.000, 0.000019, 0.000009,0,0,0, 0.000030, 0.000017, 0.000019, 0.000012, 31.74, 0.857, 93.02, 0.708, 47.80, 0.573, 0.00, 0.000
16137,172160, 92.30, 0.00, 0.750, 0.000, 0.000019, 0.000009,0,0,0, 0.000030, 0.000018, 0.000023, 0.000013, 92.30, 0.750, 31.57, 0.706, 48.00, 0.554, 0.00, 0.000
16138,172170, 31.57, 0.00, 0.831, 0.000, 0.000019, 0.000008,0,0,0, 0.000030, 0.000022, 0.000023, 0.000013, 31.57, 0.831, 92.30, 0.718, 46.51, 0.602, 0.00, 0.000
16139,172181, 93.75, 0.00, 0.819, 0.000, 0.000019, 0.000005,0,0,0, 0.000030, 0.000020, 0.000020, 0.000013, 93.75, 0.819, 31.25, 0.783, 46.69, 0.758, 0.00, 0.000
16140,172192, 47.43, 0.00, 0.913, 0.000, 0.000019, 0.000005,0,0,0, 0.000030, 0.000021, 0.000021, 0.000013, 47.43, 0.913, 94.48, 0.870, 31.33, 0.850, 0.00, 0.000
16141,172202, 31.41, 0.00, 0.950, 0.000, 0.000019, 0.000005,0,0,0, 0.000030, 0.000021, 0.000021, 0.000013, 31.41, 0.950, 93.75, 0.930, 46.87, 0.915, 0.00, 0.000
16142,172213, 93.02, 0.00, 0.946, 0.000, 0.000018, 0.000005,0,0,0, 0.000030, 0.000019, 0.000021, 0.000013, 93.02, 0.946, 31.16, 0.936, 46.51, 0.924, 0.00, 0.000
16143,172224, 93.75, 0.00, 0.932, 0.000, 0.000019, 0.000009,0,0,0, 0.000030, 0.000018, 0.000022, 0.000013, 93.75, 0.932, 46.69, 0.848, 31.16, 0.818, 0.00, 0.000
16144,172234, 31.49, 0.00, 0.925, 0.000, 0.000019, 0.000009,0,0,0, 0.000030, 0.000019, 0.000023, 0.000013, 31.49, 0.925, 94.48, 0.920, 47.24, 0.893, 0.00, 0.000
16145,172245, 47.24, 0.00, 0.986, 0.000, 0.000019, 0.000007,0,0,0, 0.000030, 0.000018, 0.000022, 0.000013, 47.24, 0.986, 31.49, 0.969, 94.48, 0.940, 0.00, 0.000
16146,172256, 94.48, 0.00, 0.920, 0.000, 0.000019, 0.000009,0,0,0, 0.000030, 0.000016, 0.000023, 0.000012, 94.48, 0.920, 31.49, 0.916, 47.05, 0.895, 0.00, 0.000
16147,172266, 31.16, 0.00, 0.994, 0.000, 0.000020, 0.000010,0,0,0, 0.000030, 0.000019, 0.000024, 0.000013, 31.16, 0.994, 93.75, 0.875, 46.69, 0.866, 0.00, 0.000
16148,172277, 93.75, 0.00, 0.793, 0.000, 0.000020, 0.000007,0,0,0, 0.000030, 0.000024, 0.000022, 0.000013, 93.75, 0.793, 46.69, 0.738, 31.25, 0.616, 0.00, 0.000
16149,172288, 31.00, 0.00, 0.847, 0.000, 0.000019, 0.000005,0,0,0, 0.000030, 0.000019, 0.000019, 0.000012, 31.00, 0.847, 47.24, 0.724, 93.75, 0.685, 0.00, 0.000
16150,172298, 31.33, 0.00, 0.933, 0.000, 0.000019, 0.000007,0,0,0, 0.000030, 0.000021, 0.000022, 0.000013, 31.33, 0.933, 47.43, 0.835, 93.75, 0.690, 0.00, 0.000
16151,172309, 47.43, 0.00, 0.852, 0.000, 0.000019, 0.000006,0,0,0, 0.000030, 0.000018, 0.000021, 0.000013, 47.43, 0.852, 94.48, 0.731, 31.33, 0.609, 0.00, 0.000
16152,172320, 31.33, 0.00, 0.953, 0.000, 0.000019, 0.000009,0,0,0, 0.000030, 0.000019, 0.000023, 0.000013, 31.33, 0.953, 47.05, 0.925, 94.48, 0.867, 0.00, 0.000
16153,172330, 30.69, 0.00, 0.872, 0.000, 0.000019, 0.000009,0,0,0, 0.000030, 0.000023, 0.000023, 0.000012, 30.69, 0.872, 92.30, 0.827, 46.51, 0.793, 0.00, 0.000
16154,172341, 31.16, 0.00, 0.955, 0.000, 0.000018, 0.000006,0,0,0, 0.000030, 0.000017, 0.000018, 0.000012, 31.16, 0.955, 46.33, 0.807, 93.75, 0.744, 0.00, 0.000
16155,172352, 47.24, 0.00, 0.852, 0.000, 0.000019, 0.000010,0,0,0, 0.000030, 0.000021, 0.000023, 0.000014, 47.24, 0.852, 30.92, 0.842, 93.02, 0.642, 0.00, 0.000
16156,172362, 46.87, 0.00, 0.860, 0.000, 0.000019, 0.000007,0,0,0, 0.000030, 0.000019, 0.000021, 0.000013, 46.87, 0.860, 31.49, 0.765, 95.23, 0.705, 0.00, 0.000
16157,172373, 46.87, 0.00, 0.939, 0.000, 0.000019, 0.000007,0,0,0, 0.000030, 0.000022, 0.000022, 0.000014, 46.87, 0.939, 94.48, 0.757, 31.57, 0.662, 0.00, 0.000
16158,172384, 31.00, 0.00, 0.898, 0.000, 0.000018, 0.000005,0,0,0, 0.000030, 0.000023, 0.000021, 0.000013, 31.00, 0.898, 47.05, 0.851, 91.60, 0.821, 0.00, 0.000
16159,172394, 31.41, 0.00, 0.979, 0.000, 0.000018, 0.000005,0,0,0, 0.000030, 0.000019, 0.000020, 0.000013, 31.41, 0.979, 92.30, 0.752, 46.87, 0.743, 0.00, 0.000
16160,172405, 31.08, 0.00, 0.957, 0.000, 0.000019, 0.000009,0,0,0, 0.000030, 0.000021, 0.000022, 0.000013, 31.08, 0.957, 47.24, 0.812, 92.30, 0.786, 0.00, 0.000
16161,172416, 47.24, 0.00, 0.876, 0.000, 0.000018, 0.000006,0,0,0, 0.000030, 0.000017, 0.000021, 0.000012, 47.24, 0.876, 93.75, 0.763, 31.16, 0.640, 0.00, 0.000
16162,172426, 31.33, 0.00, 0.952, 0.000, 0.000019, 0.000010,0,0,0, 0.000030, 0.000018, 0.000023, 0.000013, 31.33, 0.952, 47.05, 0.876, 93.75, 0.855, 0.00, 0.000
16163,172437, 47.43, 0.00, 0.915, 0.000, 0.000019, 0.000009,0,0,0, 0.000030, 0.000018, 0.000023, 0.000013, 47.43, 0.915, 94.48, 0.904, 31.41, 0.844, 0.00, 0.000
16164,172448, 31.57, 0.00, 0.989, 0.000, 0.000019, 0.000008,0,0,0, 0.000030, 0.000018, 0.000023, 0.000013, 31.57, 0.989, 47.24, 0.983, 94.48, 0.976, 0.00, 0.000
16165,172458, 93.75, 0.00, 0.903, 0.000, 0.000020, 0.000009,0,0,0, 0.000030, 0.000021, 0.000023, 0.000014, 93.75, 0.903, 47.05, 0.886, 31.08, 0.821, 0.00, 0.000
16166,172469, 31.00, 0.00, 0.973, 0.000, 0.000019, 0.000006,0,0,0, 0.000030, 0.000019, 0.000021, 0.000012, 31.00, 0.973, 46.15, 0.877, 93.75, 0.857, 0.00, 0.000
16167,172480, 31.00, 0.00, 0.889, 0.000, 0.000019, 0.000007,0,0,0, 0.000030, 0.000020, 0.000022, 0.000013, 31.00, 0.889, 46.69, 0.885, 93.75, 0.846, 0.00, 0.000
16168,172490, 47.24, 0.00, 0.922, 0.000, 0.000019, 0.000008,0,0,0, 0.000030, 0.000017, 0.000022, 0.000012, 47.24, 0.922, 94.48, 0.875, 31.16, 0.731, 0.00, 0.000
16169,172501, 31.57, 0.00, 0.962, 0.000, 0.000019, 0.000009,0,0,0, 0.000030, 0.000020, 0.000023, 0.000013, 31.57, 0.962, 47.24, 0.960, 95.23, 0.873, 0.00, 0.000
16170,172512, 31.00, 0.00, 0.898, 0.000, 0.000019, 0.000007,0,0,0, 0.000030, 0.000022, 0.000022, 0.000013, 31.00, 0.898, 47.24, 0.854, 91.60, 0.840, 0.00, 0.000
16171,172522, 31.08, 0.00, 0.990, 0.000, 0.000019, 0.000005,0,0,0, 0.000030, 0.000017, 0.000021, 0.000012, 31.08, 0.990, 91.60, 0.797, 46.51, 0.765, 0.00, 0.000
16172,172533, 30.84, 0.00, 0.941, 0.000, 0.000019, 0.000010,0,0,0, 0.000030, 0.000021, 0.000023, 0.000014, 30.84, 0.941, 46.87, 0.901, 90.90, 0.772, 0.00, 0.000
16173,172544, 47.24, 0.00, 0.976, 0.000, 0.000019, 0.000007,0,0,0, 0.000030, 0.000018, 0.000021, 0.000013, 47.24, 0.976, 94.48, 0.740, 31.33, 0.724, 0.00, 0.000
16174,172554, 31.74, 0.00, 0.938, 0.000, 0.000019, 0.000009,0,0,0, 0.000030, 0.000018, 0.000023, 0.000013, 31.74, 0.938, 47.43, 0.914, 96.00, 0.827, 0.00, 0.000
16175,172565, 31.00, 0.00, 0.901, 0.000, 0.000019, 0.000009,0,0,0, 0.000030, 0.000023, 0.000023, 0.000014, 31.00, 0.901, 93.02, 0.777, 47.24, 0.729, 0.00, 0.000
16176,172576, 31.00, 0.00, 0.878, 0.000, 0.000019, 0.000006,0,0,0, 0.000030, 0.000020, 0.000019, 0.000013, 31.00, 0.878, 45.97, 0.782, 93.75, 0.769, 0.00, 0.000
16177,172586, 30.69, 0.00, 0.937, 0.000, 0.000019, 0.000007,0,0,0, 0.000030, 0.000020, 0.000022, 0.000013, 30.69, 0.937, 46.51, 0.828, 93.02, 0.792, 0.00, 0.000
16178,172597, 93.75, 0.00, 0.881, 0.000, 0.000019, 0.000008,0,0,0, 0.000030, 0.000018, 0.000022, 0.000013, 93.75, 0.881, 47.05, 0.862, 31.16, 0.698, 0.00, 0.000
16179,172608, 31.49, 0.00, 0.979, 0.000, 0.000019, 0.000008,0,0,0, 0.000030, 0.000019, 0.000022, 0.000013, 31.49, 0.979, 47.43, 0.943, 93.75, 0.930, 0.00, 0.000
16180,172618, 47.61, 0.00, 0.992, 0.000, 0.000019, 0.000008,0,0,0, 0.000030, 0.000018, 0.000022, 0.000013, 47.61, 0.992, 95.23, 0.913, 31.57, 0.883, 0.00, 0.000
16181,172629, 31.41, 0.00, 0.995, 0.000, 0.000019, 0.000009,0,0,0, 0.000030, 0.000018, 0.000023, 0.000013, 31.41, 0.995, 47.24, 0.950, 93.75, 0.934, 0.00, 0.000
16182,172640, 93.02, 0.00, 0.890, 0.000, 0.000020, 0.000008,0,0,0, 0.000030, 0.000022, 0.000023, 0.000014, 93.02, 0.890, 30.84, 0.857, 46.51, 0.840, 0.00, 0.000
16183,172650, 93.75, 0.00, 0.892, 0.000, 0.000019, 0.000005,0,0,0, 0.000030, 0.000021, 0.000020, 0.000013, 93.75, 0.892, 31.16, 0.797, 46.69, 0.784, 0.00, 0.000
16184,172661, 46.87, 0.00, 0.831, 0.000, 0.000019, 0.000009,0,0,0, 0.000030, 0.000024, 0.000022, 0.000013, 46.87, 0.831, 94.48, 0.825, 31.66, 0.626, 0.00, 0.000
16185,172672, 47.24, 0.00, 0.890, 0.000, 0.000019, 0.000007,0,0,0, 0.000030, 0.000020, 0.000021, 0.000013, 47.24, 0.890, 31.57, 0.851, 95.23, 0.791, 0.00, 0.000
16186,172682, 93.02, 0.00, 0.495, 0.000, 0.000020, 0.000027,0,0,0, 0.000030, 0.000008, 0.000026, 0.000007, 93.02, 0.495, 47.24, 0.426, 32.96, 0.144, 0.00, 0.000
16187,172693, 32.87, 0.00, 0.730, 0.000, 0.000020, 0.000019,0,0,0, 0.000030, 0.000019, 0.000024, 0.000013, 32.87, 0.730, 50.84, 0.499, 91.60, 0.153, 0.00, 0.000
16188,172704, 50.63, 0.00, 0.518, 0.000, 0.000020, 0.000020,0,0,0, 0.000030, 0.000010, 0.000026, 0.000008, 50.63, 0.518, 54.54, 0.440, 0.00, 0.000, 0.00, 0.000
16189,172714, 40.26, 0.00, 0.779, 0.000, 0.000020, 0.000014,0,0,0, 0.000030, 0.000022, 0.000024, 0.000014, 40.26, 0.779, 65.93, 0.134, 0.00, 0.000, 0.00, 0.000
16190,172725, 40.00, 0.00, 0.684, 0.000, 0.000020, 0.000009,0,0,0, 0.000030, 0.000020, 0.000023, 0.000012, 40.00, 0.684, 71.42, 0.131, 48.00, 0.040, 59.70, 0.039
16191,172736, 41.52, 0.00, 0.660, 0.000, 0.000019, 0.000006,0,0,0, 0.000030, 0.000021, 0.000021, 0.000013, 41.52, 0.660, 31.16, 0.375, 88.88, 0.352, 76.92, 0.345
16192,172746, 41.23, 0.00, 0.944, 0.000, 0.000020, 0.000008,0,0,0, 0.000030, 0.000017, 0.000022, 0.000014, 41.23, 0.944, 78.94, 0.625, 0.00, 0.000, 0.00, 0.000
16193,172757, 41.52, 0.00, 0.816, 0.000, 0.000020, 0.000009,0,0,0, 0.000030, 0.000018, 0.000022, 0.000013, 41.52, 0.816, 88.88, 0.707, 47.43, 0.200, 31.41, 0.165
16194,172768, 41.23, 0.00, 0.935, 0.000, 0.000020, 0.000007,0,0,0, 0.000030, 0.000019, 0.000022, 0.000012, 41.23, 0.935, 79.47, 0.618, 0.00, 0.000, 0.00, 0.000
16195,172778, 41.23, 0.00, 0.780, 0.000, 0.000019, 0.000005,0,0,0, 0.000030, 0.000021, 0.000022, 0.000013, 41.23, 0.780, 81.08, 0.710, 0.00, 0.000, 0.00, 0.000
16196,172789, 41.66, 0.00, 0.839, 0.000, 0.000019, 0.000007,0,0,0, 0.000030, 0.000023, 0.000022, 0.000014, 41.66, 0.839, 84.50, 0.802, 0.00, 0.000, 0.00, 0.000
16197,172800, 41.81, 0.00, 0.994, 0.000, 0.000020, 0.000006,0,0,0, 0.000030, 0.000022, 0.000022, 0.000014, 41.81, 0.994, 82.75, 0.897, 0.00, 0.000, 0.00, 0.000
16198,172810, 41.52, 0.00, 0.987, 0.000, 0.000020, 0.000008,0,0,0, 0.000030, 0.000023, 0.000022, 0.000013, 41.52, 0.987, 83.33, 0.905, 0.00, 0.000, 0.00, 0.000
16199,172821, 41.37, 0.00, 0.942, 0.000, 0.000019, 0.000006,0,0,0, 0.000030, 0.000020, 0.000022, 0.000013, 41.37, 0.942, 82.19, 0.857, 0.00, 0.000, 0.00, 0.000
16200,172832, 41.52, 0.00, 0.931, 0.000, 0.000019, 0.000008,0,0,0, 0.000030, 0.000020, 0.000022, 0.000013, 41.52, 0.931, 83.91, 0.852, 0.00, 0.000, 0.00, 0.000
16201,172842, 41.09, 0.00, 0.933, 0.000, 0.000020, 0.000008,0,0,0, 0.000030, 0.000020, 0.000022, 0.000014, 41.09, 0.933, 78.94, 0.775, 0.00, 0.000, 0.00, 0.000
16202,172853, 41.37, 0.00, 0.937, 0.000, 0.000020, 0.000006,0,0,0, 0.000030, 0.000020, 0.000021, 0.000013, 41.37, 0.937, 88.23, 0.755, 0.00, 0.000, 0.00, 0.000
16203,172864, 41.66, 0.00, 0.972, 0.000, 0.000019, 0.000008,0,0,0, 0.000030, 0.000019, 0.000022, 0.000012, 41.66, 0.972, 78.94, 0.758, 0.00, 0.000, 0.00, 0.000
16204,172874, 41.66, 0.00, 0.978, 0.000, 0.000019, 0.000005,0,0,0, 0.000030, 0.000021, 0.000021, 0.000014, 41.66, 0.978, 86.95, 0.804, 0.00, 0.000, 0.00, 0.000
16205,172885, 41.37, 0.00, 0.988, 0.000, 0.000020, 0.000009,0,0,0, 0.000030, 0.000024, 0.000022, 0.000014, 41.37, 0.988, 80.00, 0.815, 0.00, 0.000, 0.00, 0.000
16206,172896, 41.81, 0.00, 0.963, 0.000, 0.000019, 0.000006,0,0,0, 0.000030, 0.000021, 0.000021, 0.000013, 41.81, 0.963, 86.95, 0.811, 0.00, 0.000, 0.00, 0.000
16207,172906, 41.66, 0.00, 0.953, 0.000, 0.000019, 0.000006,0,0,0, 0.000030, 0.000024, 0.000022, 0.000011, 41.66, 0.953, 80.00, 0.766, 0.00, 0.000, 0.00, 0.000
16208,172917, 41.37, 0.00, 0.980, 0.000, 0.000019, 0.000008,0,0,0, 0.000030, 0.000021, 0.000023, 0.000014, 41.37, 0.980, 79.47, 0.773, 0.00, 0.000, 0.00, 0.000
16209,172928, 41.37, 0.00, 0.999, 0.000, 0.000019, 0.000007,0,0,0, 0.000030, 0.000019, 0.000022, 0.000014, 41.37, 0.999, 86.95, 0.759, 0.00, 0.000, 0.00, 0.000
16210,172938, 41.23, 0.00, 0.968, 0.000, 0.000020, 0.000009,0,0,0, 0.000030, 0.000021, 0.000023, 0.000013, 41.23, 0.968, 79.47, 0.730, 0.00, 0.000, 0.00, 0.000
16211,172949, 41.09, 0.00, 0.947, 0.000, 0.000020, 0.000006,0,0,0, 0.000030, 0.000020, 0.000022, 0.000013, 41.09, 0.947, 86.33, 0.764, 0.00, 0.000, 0.00, 0.000
16212,172960, 41.23, 0.00, 0.950, 0.000, 0.000020, 0.000011,0,0,0, 0.000030, 0.000022, 0.000023, 0.000012, 41.23, 0.950, 78.94, 0.727, 0.00, 0.000, 0.00, 0.000
16213,172970, 41.66, 0.00, 0.991, 0.000, 0.000019, 0.000007,0,0,0, 0.000030, 0.000022, 0.000021, 0.000013, 41.66, 0.991, 86.33, 0.760, 0.00, 0.000, 0.00, 0.000
16214,172981, 41.52, 0.00, 0.977, 0.000, 0.000020, 0.000012,0,0,0, 0.000030, 0.000025, 0.000023, 0.000013, 41.52, 0.977, 80.53, 0.731, 0.00, 0.000, 0.00, 0.000
16215,172992, 41.52, 0.00, 0.982, 0.000, 0.000020, 0.000008,0,0,0, 0.000030, 0.000022, 0.000022, 0.000013, 41.52, 0.982, 86.33, 0.720, 0.00, 0.000, 0.00, 0.000
16216,173002, 41.52, 0.00, 0.992, 0.000, 0.000019, 0.000006,0,0,0, 0.000030, 0.000024, 0.000021, 0.000012, 41.52, 0.992, 81.63, 0.737, 0.00, 0.000, 0.00, 0.000
16217,173013, 41.52, 0.00, 0.999, 0.000, 0.000019, 0.000009,0,0,0, 0.000030, 0.000022, 0.000023, 0.000014, 41.52, 0.999, 81.63, 0.770, 0.00, 0.000, 0.00, 0.000
16218,173024, 41.37, 0.00, 0.989, 0.000, 0.000020, 0.000006,0,0,0, 0.000030, 0.000019, 0.000022, 0.000014, 41.37, 0.989, 83.33, 0.780, 0.00, 0.000, 0.00, 0.000
16219,173034, 41.23, 0.00, 0.986, 0.000, 0.000020, 0.000009,0,0,0, 0.000030, 0.000023, 0.000023, 0.000013, 41.23, 0.986, 82.19, 0.782, 0.00, 0.000, 0.00, 0.000
16220,173045, 41.37, 0.00, 0.988, 0.000, 0.000020, 0.000007,0,0,0, 0.000030, 0.000019, 0.000022, 0.000013, 41.37, 0.988, 83.33, 0.737, 0.00, 0.000, 0.00, 0.000
16221,173056, 41.52, 0.00, 0.996, 0.000, 0.000020, 0.000010,0,0,0, 0.000030, 0.000023, 0.000023, 0.000013, 41.52, 0.996, 82.19, 0.689, 0.00, 0.000, 0.00, 0.000
16222,173066, 41.52, 0.00, 0.996, 0.000, 0.000020, 0.000007,0,0,0, 0.000030, 0.000022, 0.000022, 0.000013, 41.52, 0.996, 83.33, 0.690, 0.00, 0.000, 0.00, 0.000
16223,173077, 41.52, 0.00, 0.996, 0.000, 0.000020, 0.000011,0,0,0, 0.000030, 0.000025, 0.000023, 0.000013, 41.52, 0.996, 82.19, 0.691, 0.00, 0.000, 0.00, 0.000
16224,173088, 41.52, 0.00, 0.996, 0.000, 0.000020, 0.000007,0,0,0, 0.000030, 0.000022, 0.000022, 0.000013, 41.52, 0.996, 83.91, 0.692, 0.00, 0.000, 0.00, 0.000
16225,173098, 41.52, 0.00, 0.988, 0.000, 0.000019, 0.000005,0,0,0, 0.000030, 0.000022, 0.000022, 0.000012, 41.52, 0.988, 82.75, 0.760, 0.00, 0.000, 0.00, 0.000
16226,173109, 41.23, 0.00, 0.999, 0.000, 0.000020, 0.000008,0,0,0, 0.000030, 0.000023, 0.000023, 0.000013, 41.23, 0.999, 83.33, 0.757, 0.00, 0.000, 0.00, 0.000
16227,173120, 41.23, 0.00, 0.996, 0.000, 0.000020, 0.000007,0,0,0, 0.000030, 0.000018, 0.000022, 0.000014, 41.23, 0.996, 82.19, 0.752, 0.00, 0.000, 0.00, 0.000
16228,173130, 41.23, 0.00, 0.997, 0.000, 0.000020, 0.000009,0,0,0, 0.000030, 0.000023, 0.000023, 0.000013, 41.23, 0.997, 82.75, 0.746, 0.00, 0.000, 0.00, 0.000
16229,173141, 41.37, 0.00, 0.997, 0.000, 0.000019, 0.000006,0,0,0, 0.000030, 0.000018, 0.000022, 0.000012, 41.37, 0.997, 82.19, 0.654, 0.00, 0.000, 0.00, 0.000
16230,173152, 41.37, 0.00, 0.993, 0.000, 0.000020, 0.000009,0,0,0, 0.000030, 0.000024, 0.000023, 0.000014, 41.37, 0.993, 81.63, 0.661, 0.00, 0.000, 0.00, 0.000
16231,173162, 41.52, 0.00, 0.998, 0.000, 0.000020, 0.000006,0,0,0, 0.000030, 0.000022, 0.000022, 0.000013, 41.52, 0.998, 85.10, 0.664, 0.00, 0.000, 0.00, 0.000
16232,173173, 41.52, 0.00, 0.997, 0.000, 0.000020, 0.000010,0,0,0, 0.000030, 0.000024, 0.000023, 0.000012, 41.52, 0.997, 81.08, 0.651, 0.00, 0.000, 0.00, 0.000
16233,173184, 41.52, 0.00, 0.997, 0.000, 0.000020, 0.000007,0,0,0, 0.000030, 0.000022, 0.000022, 0.000014, 41.52, 0.997, 84.50, 0.672, 0.00, 0.000, 0.00, 0.000
16234,173194, 41.52, 0.00, 0.989, 0.000, 0.000020, 0.000007,0,0,0, 0.000030, 0.000020, 0.000022, 0.000013, 41.52, 0.989, 81.08, 0.713, 0.00, 0.000, 0.00, 0.000
16235,173205, 41.37, 0.00, 0.996, 0.000, 0.000020, 0.000007,0,0,0, 0.000030, 0.000023, 0.000023, 0.000013, 41.37, 0.996, 85.10, 0.700, 0.00, 0.000, 0.00, 0.000
16236,173216, 41.23, 0.00, 0.995, 0.000, 0.000020, 0.000007,0,0,0, 0.000030, 0.000018, 0.000022, 0.000013, 41.23, 0.995, 80.00, 0.699, 0.00, 0.000, 0.00, 0.000
16237,173226, 41.52, 0.00, 0.994, 0.000, 0.000020, 0.000007,0,0,0, 0.000030, 0.000023, 0.000022, 0.000013, 41.52, 0.994, 85.10, 0.668, 0.00, 0.000, 0.00, 0.000
16238,173237, 41.52, 0.00, 0.997, 0.000, 0.000019, 0.000007,0,0,0, 0.000030, 0.000019, 0.000022, 0.000012, 41.52, 0.997, 86.33, 0.636, 0.00, 0.000, 0.00, 0.000
16239,173248, 41.37, 0.00, 0.994, 0.000, 0.000020, 0.000008,0,0,0, 0.000030, 0.000024, 0.000022, 0.000014, 41.37, 0.994, 78.43, 0.658, 0.00, 0.000, 0.00, 0.000
16240,173258, 41.66, 0.00, 0.995, 0.000, 0.000020, 0.000007,0,0,0, 0.000030, 0.000022, 0.000022, 0.000013, 41.66, 0.995, 88.88, 0.658, 0.00, 0.000, 0.00, 0.000
16241,173269, 41.52, 0.00, 0.992, 0.000, 0.000019, 0.000007,0,0,0, 0.000030, 0.000024, 0.000022, 0.000012, 41.52, 0.992, 78.43, 0.620, 0.00, 0.000, 0.00, 0.000
16242,173280, 41.37, 0.00, 0.997, 0.000, 0.000020, 0.000008,0,0,0, 0.000030, 0.000022, 0.000022, 0.000014, 41.37, 0.997, 87.59, 0.656, 0.00, 0.000, 0.00, 0.000
16243,173290, 41.37, 0.00, 0.995, 0.000, 0.000020, 0.000008,0,0,0, 0.000030, 0.000019, 0.000022, 0.000014, 41.37, 0.995, 78.43, 0.683, 0.00, 0.000, 0.00, 0.000
16244,173301, 41.23, 0.00, 0.995, 0.000, 0.000020, 0.000006,0,0,0, 0.000030, 0.000023, 0.000022, 0.000013, 41.23, 0.995, 87.59, 0.676, 0.00, 0.000, 0.00, 0.000
16245,173312, 41.23, 0.00, 0.994, 0.000, 0.000020, 0.000009,0,0,0, 0.000030, 0.000017, 0.000022, 0.000013, 41.23, 0.994, 77.92, 0.657, 0.00, 0.000, 0.00, 0.000
16246,173322, 41.37, 0.00, 0.993, 0.000, 0.000020, 0.000006,0,0,0, 0.000030, 0.000023, 0.000022, 0.000013, 41.37, 0.993, 76.43, 0.626, 88.23, 0.573, 0.00, 0.000
16247,173333, 41.52, 0.00, 0.993, 0.000, 0.000019, 0.000006,0,0,0, 0.000030, 0.000020, 0.000022, 0.000012, 41.52, 0.993, 89.55, 0.621, 0.00, 0.000, 0.00, 0.000
16248,173344, 41.52, 0.00, 0.993, 0.000, 0.000020, 0.000007,0,0,0, 0.000030, 0.000024, 0.000022, 0.000014, 41.52, 0.993, 76.92, 0.616, 0.00, 0.000, 0.00, 0.000
16249,173354, 41.37, 0.00, 0.999, 0.000, 0.000020, 0.000007,0,0,0, 0.000030, 0.000022, 0.000022, 0.000013, 41.37, 0.999, 90.22, 0.631, 0.00, 0.000, 0.00, 0.000
16250,173365, 41.37, 0.00, 0.999, 0.000, 0.000020, 0.000008,0,0,0, 0.000030, 0.000023, 0.000022, 0.000012, 41.37, 0.999, 76.92, 0.615, 0.00, 0.000, 0.00, 0.000
16251,173376, 41.37, 0.00, 0.999, 0.000, 0.000019, 0.000005,0,0,0, 0.000030, 0.000023, 0.000022, 0.000013, 41.37, 0.999, 88.88, 0.664, 0.00, 0.000, 0.00, 0.000
16252,173386, 41.23, 0.00, 0.993, 0.000, 0.000020, 0.000009,0,0,0, 0.000030, 0.000017, 0.000023, 0.000014, 41.23, 0.993, 76.92, 0.655, 0.00, 0.000, 0.00, 0.000
16253,173397, 41.23, 0.00, 0.995, 0.000, 0.000020, 0.000006,0,0,0, 0.000030, 0.000023, 0.000022, 0.000013, 41.23, 0.995, 89.55, 0.658, 0.00, 0.000, 0.00, 0.000
16254,173408, 41.23, 0.00, 0.872, 0.000, 0.000020, 0.000010,0,0,0, 0.000030, 0.000020, 0.000023, 0.000012, 41.23, 0.872, 76.43, 0.689, 0.00, 0.000, 0.00, 0.000
16255,173418, 41.37, 0.00, 0.865, 0.000, 0.000020, 0.000007,0,0,0, 0.000030, 0.000022, 0.000022, 0.000013, 41.37, 0.865, 80.53, 0.721, 0.00, 0.000, 0.00, 0.000
16256,173429, 41.52, 0.00, 0.993, 0.000, 0.000020, 0.000011,0,0,0, 0.000030, 0.000024, 0.000023, 0.000013, 41.52, 0.993, 85.10, 0.820, 0.00, 0.000, 0.00, 0.000
16257,173440, 41.52, 0.00, 0.999, 0.000, 0.000020, 0.000008,0,0,0, 0.000030, 0.000023, 0.000022, 0.000013, 41.52, 0.999, 81.08, 0.824, 0.00, 0.000, 0.00, 0.000
16258,173450, 41.37, 0.00, 0.990, 0.000, 0.000020, 0.000013,0,0,0, 0.000030, 0.000025, 0.000023, 0.000012, 41.37, 0.990, 84.50, 0.821, 0.00, 0.000, 0.00, 0.000
16259,173461, 41.23, 0.00, 0.998, 0.000, 0.000019, 0.000009,0,0,0, 0.000030, 0.000021, 0.000022, 0.000013, 41.23, 0.998, 80.53, 0.785, 0.00, 0.000, 0.00, 0.000
16260,173472, 41.37, 0.00, 0.998, 0.000, 0.000019, 0.000006,0,0,0, 0.000030, 0.000022, 0.000022, 0.000013, 41.37, 0.998, 83.91, 0.776, 0.00, 0.000, 0.00, 0.000
16261,173482, 41.37, 0.00, 0.995, 0.000, 0.000020, 0.000010,0,0,0, 0.000030, 0.000020, 0.000023, 0.000014, 41.37, 0.995, 81.63, 0.784, 0.00, 0.000, 0.00, 0.000
16262,173493, 41.37, 0.00, 0.998, 0.000, 0.000020, 0.000007,0,0,0, 0.000030, 0.000022, 0.000022, 0.000013, 41.37, 0.998, 83.33, 0.796, 0.00, 0.000, 0.00, 0.000
16263,173504, 41.37, 0.00, 0.995, 0.000, 0.000020, 0.000011,0,0,0, 0.000030, 0.000020, 0.000023, 0.000012, 41.37, 0.995, 82.75, 0.793, 0.00, 0.000, 0.00, 0.000
16264,173514, 41.37, 0.00, 0.994, 0.000, 0.000020, 0.000007,0,0,0, 0.000030, 0.000023, 0.000022, 0.000014, 41.37, 0.994, 82.19, 0.837, 0.00, 0.000, 0.00, 0.000
16265,173525, 41.37, 0.00, 0.999, 0.000, 0.000020, 0.000012,0,0,0, 0.000030, 0.000025, 0.000023, 0.000013, 41.37, 0.999, 83.33, 0.827, 0.00, 0.000, 0.00, 0.000
16266,173536, 41.52, 0.00, 0.996, 0.000, 0.000020, 0.000008,0,0,0, 0.000030, 0.000023, 0.000022, 0.000013, 41.52, 0.996, 82.19, 0.828, 0.00, 0.000, 0.00, 0.000
16267,173546, 41.37, 0.00, 0.950, 0.000, 0.000019, 0.000006,0,0,0, 0.000030, 0.000024, 0.000020, 0.000012, 41.37, 0.950, 83.33, 0.851, 0.00, 0.000, 0.00, 0.000
16268,173557, 41.09, 0.00, 0.897, 0.000, 0.000019, 0.000009,0,0,0, 0.000030, 0.000022, 0.000023, 0.000014, 41.09, 0.897, 82.19, 0.880, 0.00, 0.000, 0.00, 0.000
16269,173568, 81.63, 0.00, 0.792, 0.000, 0.000020, 0.000010,0,0,0, 0.000030, 0.000016, 0.000023, 0.000013, 81.63, 0.792, 40.54, 0.649, 0.00, 0.000, 0.00, 0.000
16270,173578, 82.19, 0.00, 0.437, 0.000, 0.000021, 0.000017,0,0,0, 0.000030, 0.000019, 0.000025, 0.000012, 82.19, 0.437, 43.79, 0.437, 0.00, 0.000, 0.00, 0.000
16271,173589, 42.55, 0.00, 0.540, 0.000, 0.000021, 0.000012,0,0,0, 0.000030, 0.000023, 0.000024, 0.000012, 42.55, 0.540, 78.94, 0.009, 0.00, 0.000, 0.00, 0.000
16272,173600, 40.13, 0.00, 0.742, 0.000, 0.000021, 0.000020,0,0,0, 0.000030, 0.000008, 0.000026, 0.000007, 40.13, 0.742, 0.00, 0.000, 0.00, 0.000, 0.00, 0.000
16273,173610, 43.16, 0.00, 0.795, 0.000, 0.000021, 0.000014,0,0,0, 0.000030, 0.000025, 0.000025, 0.000014, 43.16, 0.795, 40.67, 0.794, 0.00, 0.000, 0.00, 0.000
16274,173621, 43.47, 0.00, 0.980, 0.000, 0.000019, 0.000010,0,0,0, 0.000000, 0.000000, 0.000013, 0.000006, 43.47, 0.980, 0.00, 0.000, 0.00, 0.000, 0.00, 0.000
16275,173632, 42.85, 0.00, 0.907, 0.000, 0.000021, 0.000015,0,0,0, 0.000030, 0.000028, 0.000026, 0.000013, 42.85, 0.907, 0.00, 0.000, 0.00, 0.000, 0.00, 0.000
16276,173642, 41.95, 0.00, 0.937, 0.000, 0.000020, 0.000011,0,0,0, 0.000030, 0.000006, 0.000024, 0.000011, 41.95, 0.937, 36.25, 0.341, 0.00, 0.000, 0.00, 0.000
16277,173653, 43.16, 0.00, 0.710, 0.000, 0.000021, 0.000014,0,0,0, 0.000030, 0.000022, 0.000026, 0.000014, 43.16, 0.710, 53.57, 0.288, 33.51, 0.195, 0.00, 0.000
16278,173664, 33.51, 0.00, 0.679, 0.000, 0.000021, 0.000011,0,0,0, 0.000030, 0.000023, 0.000024, 0.000012, 33.51, 0.679, 43.01, 0.422, 54.05, 0.179, 0.00, 0.000
16279,173674, 55.04, 0.00, 0.395, 0.000, 0.000020, 0.000008,0,0,0, 0.000030, 0.000023, 0.000019, 0.000013, 55.04, 0.395, 40.54, 0.312, 33.14, 0.250, 34.48, 0.235
16280,173685, 51.50, 0.00, 0.423, 0.000, 0.000019, 0.000005,0,0,0, 0.000030, 0.000019, 0.000021, 0.000012, 51.50, 0.423, 33.14, 0.422, 42.10, 0.382, 169.01, 0.180
16281,173696, 42.55, 0.00, 0.474, 0.000, 0.000020, 0.000019,0,0,0, 0.000030, 0.000014, 0.000024, 0.000010, 42.55, 0.474, 44.44, 0.413, 33.89, 0.336, 55.55, 0.281
16282,173706, 41.95, 0.00, 0.577, 0.000, 0.000021, 0.000013,0,0,0, 0.000030, 0.000025, 0.000024, 0.000013, 41.95, 0.577, 33.61, 0.458, 176.47, 0.351, 55.55, 0.141
16283,173717, 41.81, 0.00, 0.413, 0.000, 0.000020, 0.000009,0,0,0, 0.000030, 0.000022, 0.000020, 0.000013, 41.81, 0.413, 32.69, 0.399, 85.10, 0.157, 53.33, 0.095
16284,173728, 41.52, 0.00, 0.551, 0.000, 0.000019, 0.000006,0,0,0, 0.000030, 0.000026, 0.000020, 0.000012, 41.52, 0.551, 33.51, 0.535, 78.43, 0.350, 53.33, 0.118
16285,173738, 34.28, 0.00, 0.503, 0.000, 0.000019, 0.000006,0,0,0, 0.000030, 0.000017, 0.000022, 0.000013, 34.28, 0.503, 44.11, 0.356, 90.90, 0.353, 55.55, 0.233
16286,173749, 55.29, 0.00, 0.406, 0.000, 0.000020, 0.000014,0,0,0, 0.000030, 0.000024, 0.000024, 0.000012, 55.29, 0.406, 42.85, 0.304, 44.11, 0.303, 193.54, 0.172
16287,173760, 41.09, 0.00, 0.644, 0.000, 0.000021, 0.000012,0,0,0, 0.000030, 0.000022, 0.000025, 0.000013, 41.09, 0.644, 33.33, 0.530, 193.54, 0.317, 54.29, 0.233
16288,173770, 40.40, 0.00, 0.877, 0.000, 0.000021, 0.000016,0,0,0, 0.000030, 0.000017, 0.000025, 0.000011, 40.40, 0.877, 50.00, 0.255, 206.89, 0.144, 240.00, 0.143
16289,173781, 40.40, 0.00, 0.782, 0.000, 0.000019, 0.000011,0,0,0, 0.000030, 0.000030, 0.000013, 0.000005, 40.40, 0.782, 285.71, 0.292, 0.00, 0.000, 0.00, 0.000
16290,173792, 33.51, 0.00, 0.737, 0.000, 0.000021, 0.000021,0,0,0, 0.000030, 0.000021, 0.000026, 0.000012, 33.51, 0.737, 260.86, 0.325, 0.00, 0.000, 0.00, 0.000
16291,173802, 400.00, 0.00, 0.512, 0.000, 0.000020, 0.000021,0,0,0, 0.000030, 0.000006, 0.000026, 0.000005, 400.00, 0.512, 0.00, 0.000, 0.00, 0.000, 0.00, 0.000
16292,173813, 31.66, 0.00, 0.667, 0.000, 0.000021, 0.000015,0,0,0, 0.000030, 0.000025, 0.000026, 0.000015, 31.66, 0.667, 39.47, 0.412, 187.50, 0.282, 0.00, 0.000
16293,173824, 171.42, 0.00, 0.426, 0.000, 0.000020, 0.000010,0,0,0, 0.000030, 0.000022, 0.000019, 0.000013, 171.42, 0.426, 39.60, 0.307, 31.83, 0.277, 86.33, 0.143
16294,173834, 169.01, 0.00, 0.527, 0.000, 0.000019, 0.000007,0,0,0, 0.000030, 0.000016, 0.000018, 0.000012, 169.01, 0.527, 86.33, 0.409, 55.55, 0.375, 41.81, 0.224
16295,173845, 86.33, 0.00, 0.702, 0.000, 0.000020, 0.000014,0,0,0, 0.000030, 0.000017, 0.000024, 0.000013, 86.33, 0.702, 56.33, 0.507, 43.32, 0.483, 171.42, 0.398
16296,173856, 32.52, 0.00, 0.910, 0.000, 0.000019, 0.000009,0,0,0, 0.000030, 0.000020, 0.000020, 0.000014, 32.52, 0.910, 39.86, 0.461, 85.71, 0.378, 171.42, 0.337
16297,173866, 32.96, 0.00, 0.618, 0.000, 0.000018, 0.000006,0,0,0, 0.000030, 0.000022, 0.000019, 0.000014, 32.96, 0.618, 52.40, 0.493, 86.33, 0.485, 40.40, 0.401
16298,173877, 31.49, 0.00, 0.512, 0.000, 0.000018, 0.000004,0,0,0, 0.000030, 0.000026, 0.000020, 0.000011, 31.49, 0.512, 41.09, 0.415, 56.07, 0.381, 157.89, 0.364
16299,173888, 41.23, 0.00, 0.435, 0.000, 0.000020, 0.000025,0,0,0, 0.000030, 0.000024, 0.000026, 0.000011, 41.23, 0.435, 164.38, 0.319, 56.87, 0.319, 86.95, 0.315
16300,173898, 51.28, 0.00, 0.406, 0.000, 0.000019, 0.000017,0,0,0, 0.000030, 0.000020, 0.000020, 0.000013, 51.28, 0.406, 90.22, 0.074, 80.00, 0.058, 150.00, 0.018
16301,173909, 50.00, 0.00, 0.494, 0.000, 0.000019, 0.000012,0,0,0, 0.000030, 0.000015, 0.000021, 0.000011, 50.00, 0.494, 104.34, 0.465, 32.78, 0.438, 0.00, 0.000
16302,173920, 47.43, 0.00, 0.694, 0.000, 0.000020, 0.000012,0,0,0, 0.000030, 0.000019, 0.000024, 0.000014, 47.43, 0.694, 32.60, 0.649, 94.48, 0.643, 0.00, 0.000
16303,173930, 31.74, 0.00, 0.839, 0.000, 0.000020, 0.000008,0,0,0, 0.000030, 0.000017, 0.000023, 0.000013, 31.74, 0.839, 46.69, 0.811, 94.48, 0.730, 0.00, 0.000
16304,173941, 30.92, 0.00, 0.970, 0.000, 0.000019, 0.000009,0,0,0, 0.000030, 0.000014, 0.000023, 0.000011, 30.92, 0.970, 93.75, 0.783, 45.97, 0.743, 0.00, 0.000
16305,173952, 30.61, 0.00, 0.766, 0.000, 0.000020, 0.000012,0,0,0, 0.000030, 0.000023, 0.000025, 0.000014, 30.61, 0.766, 93.02, 0.711, 46.33, 0.641, 0.00, 0.000
16306,173962, 30.76, 0.00, 0.735, 0.000, 0.000020, 0.000009,0,0,0, 0.000030, 0.000021, 0.000021, 0.000013, 30.76, 0.735, 96.77, 0.623, 46.33, 0.596, 42.70, 0.568
16307,173973, 31.25, 0.00, 0.783, 0.000, 0.000019, 0.000006,0,0,0, 0.000030, 0.000018, 0.000021, 0.000012, 31.25, 0.783, 96.00, 0.628, 48.00, 0.614, 0.00, 0.000
16308,173984, 96.00, 0.00, 0.793, 0.000, 0.000019, 0.000009,0,0,0, 0.000030, 0.000018, 0.000023, 0.000013, 96.00, 0.793, 48.00, 0.741, 31.74, 0.705, 0.00, 0.000
16309,173994, 93.75, 0.00, 0.926, 0.000, 0.000019, 0.000008,0,0,0, 0.000030, 0.000019, 0.000023, 0.000013, 93.75, 0.926, 46.87, 0.889, 31.41, 0.870, 0.00, 0.000
16310,174005, 93.75, 0.00, 0.874, 0.000, 0.000020, 0.000007,0,0,0, 0.000030, 0.000024, 0.000022, 0.000014, 93.75, 0.874, 46.87, 0.797, 31.33, 0.625, 0.00, 0.000
16311,174016, 31.25, 0.00, 0.965, 0.000, 0.000019, 0.000004,0,0,0, 0.000030, 0.000019, 0.000019, 0.000012, 31.25, 0.965, 46.87, 0.802, 93.75, 0.765, 0.00, 0.000
16312,174026, 31.00, 0.00, 0.940, 0.000, 0.000019, 0.000007,0,0,0, 0.000030, 0.000020, 0.000022, 0.000013, 31.00, 0.940, 46.87, 0.859, 93.02, 0.737, 0.00, 0.000
16313,174037, 46.87, 0.00, 0.862, 0.000, 0.000019, 0.000005,0,0,0, 0.000030, 0.000019, 0.000021, 0.000013, 46.87, 0.862, 93.75, 0.813, 31.25, 0.681, 0.00, 0.000
16314,174048, 31.08, 0.00, 0.968, 0.000, 0.000019, 0.000008,0,0,0, 0.000030, 0.000019, 0.000022, 0.000013, 31.08, 0.968, 46.87, 0.966, 93.02, 0.930, 0.00, 0.000
16315,174058, 46.87, 0.00, 0.970, 0.000, 0.000019, 0.000007,0,0,0, 0.000030, 0.000019, 0.000022, 0.000013, 46.87, 0.970, 94.48, 0.955, 31.49, 0.915, 0.00, 0.000
16316,174069, 93.75, 0.00, 0.969, 0.000, 0.000019, 0.000009,0,0,0, 0.000030, 0.000018, 0.000023, 0.000013, 93.75, 0.969, 46.87, 0.958, 31.25, 0.935, 0.00, 0.000
16317,174080, 93.75, 0.00, 0.971, 0.000, 0.000019, 0.000009,0,0,0, 0.000030, 0.000018, 0.000023, 0.000012, 93.75, 0.971, 31.08, 0.947, 46.69, 0.940, 0.00, 0.000
16318,174090, 93.02, 0.00, 0.947, 0.000, 0.000020, 0.000008,0,0,0, 0.000030, 0.000020, 0.000023, 0.000013, 93.02, 0.947, 31.00, 0.921, 46.33, 0.910, 0.00, 0.000
16319,174101, 93.75, 0.00, 0.955, 0.000, 0.000019, 0.000005,0,0,0, 0.000030, 0.000020, 0.000021, 0.000013, 93.75, 0.955, 46.87, 0.858, 31.25, 0.820, 0.00, 0.000
16320,174112, 94.48, 0.00, 0.938, 0.000, 0.000019, 0.000004,0,0,0, 0.000030, 0.000019, 0.000021, 0.000013, 94.48, 0.938, 31.49, 0.935, 47.43, 0.912, 0.00, 0.000
16321,174122, 94.48, 0.00, 0.970, 0.000, 0.000019, 0.000007,0,0,0, 0.000030, 0.000019, 0.000022, 0.000013, 94.48, 0.970, 31.49, 0.958, 47.43, 0.950, 0.00, 0.000
16322,174133, 94.48, 0.00, 0.902, 0.000, 0.000019, 0.000007,0,0,0, 0.000030, 0.000022, 0.000022, 0.000013, 94.48, 0.902, 31.25, 0.875, 47.05, 0.857, 0.00, 0.000
16323,174144, 30.92, 0.00, 0.985, 0.000, 0.000018, 0.000005,0,0,0, 0.000030, 0.000020, 0.000020, 0.000013, 30.92, 0.985, 46.33, 0.878, 93.75, 0.867, 0.00, 0.000
16324,174154, 31.08, 0.00, 0.977, 0.000, 0.000018, 0.000007,0,0,0, 0.000030, 0.000019, 0.000022, 0.000012, 31.08, 0.977, 46.33, 0.876, 94.48, 0.853, 0.00, 0.000
16325,174165, 94.48, 0.00, 0.917, 0.000, 0.000019, 0.000009,0,0,0, 0.000030, 0.000019, 0.000022, 0.000013, 94.48, 0.917, 47.43, 0.871, 31.25, 0.796, 0.00, 0.000
16326,174176, 31.57, 0.00, 0.985, 0.000, 0.000019, 0.000007,0,0,0, 0.000030, 0.000019, 0.000022, 0.000013, 31.57, 0.985, 94.48, 0.981, 47.43, 0.977, 0.00, 0.000
16327,174186, 94.48, 0.00, 0.986, 0.000, 0.000019, 0.000007,0,0,0, 0.000030, 0.000019, 0.000022, 0.000013, 94.48, 0.986, 47.24, 0.985, 31.49, 0.977, 0.00, 0.000
16328,174197, 31.16, 0.00, 0.994, 0.000, 0.000019, 0.000008,0,0,0, 0.000030, 0.000019, 0.000022, 0.000013, 31.16, 0.994, 46.87, 0.984, 93.75, 0.983, 0.00, 0.000
16329,174208, 46.51, 0.00, 0.967, 0.000, 0.000019, 0.000007,0,0,0, 0.000030, 0.000018, 0.000022, 0.000012, 46.51, 0.967, 93.02, 0.956, 31.08, 0.906, 0.00, 0.000
16330,174218, 46.51, 0.00, 0.950, 0.000, 0.000019, 0.000009,0,0,0, 0.000030, 0.000020, 0.000023, 0.000014, 46.51, 0.950, 30.92, 0.934, 93.02, 0.910, 0.00, 0.000
16331,174229, 31.16, 0.00, 0.970, 0.000, 0.000019, 0.000006,0,0,0, 0.000030, 0.000020, 0.000021, 0.000013, 31.16, 0.970, 94.48, 0.915, 46.51, 0.910, 0.00, 0.000
16332,174240, 95.23, 0.00, 0.938, 0.000, 0.000019, 0.000005,0,0,0, 0.000030, 0.000020, 0.000021, 0.000013, 95.23, 0.938, 47.43, 0.915, 31.49, 0.876, 0.00, 0.000
16333,174250, 94.48, 0.00, 0.957, 0.000, 0.000019, 0.000007,0,0,0, 0.000030, 0.000018, 0.000022, 0.000013, 94.48, 0.957, 47.43, 0.936, 31.33, 0.879, 0.00, 0.000
16334,174261, 95.23, 0.00, 0.923, 0.000, 0.000019, 0.000010,0,0,0, 0.000030, 0.000016, 0.000023, 0.000012, 95.23, 0.923, 47.05, 0.819, 31.08, 0.725, 0.00, 0.000
16335,174272, 30.84, 0.00, 0.957, 0.000, 0.000020, 0.000011,0,0,0, 0.000030, 0.000019, 0.000024, 0.000013, 30.84, 0.957, 93.02, 0.874, 46.33, 0.860, 0.00, 0.000
16336,174282, 31.25, 0.00, 0.993, 0.000, 0.000019, 0.000008,0,0,0, 0.000030, 0.000018, 0.000022, 0.000013, 31.25, 0.993, 46.33, 0.915, 94.48, 0.892, 0.00, 0.000
16337,174293, 94.48, 0.00, 0.886, 0.000, 0.000019, 0.000006,0,0,0, 0.000030, 0.000021, 0.000022, 0.000014, 94.48, 0.886, 47.05, 0.884, 31.66, 0.700, 0.00, 0.000
16338,174304, 92.30, 0.00, 0.667, 0.000, 0.000020, 0.000012,0,0,0, 0.000030, 0.000019, 0.000024, 0.000013, 92.30, 0.667, 42.70, 0.627, 45.28, 0.563, 0.00, 0.000
16339,174314, 42.25, 0.00, 0.616, 0.000, 0.000018, 0.000008,0,0,0, 0.000000, 0.000000, 0.000011, 0.000005, 42.25, 0.616, 79.47, 0.570, 0.00, 0.000, 0.00, 0.000
16340,174325, 31.83, 0.00, 0.940, 0.000, 0.000020, 0.000017,0,0,0, 0.000030, 0.000019, 0.000026, 0.000014, 31.83, 0.940, 53.57, 0.447, 78.43, 0.290, 0.00, 0.000
16341,174336, 54.05, 0.00, 0.946, 0.000, 0.000021, 0.000020,0,0,0, 0.000030, 0.000014, 0.000026, 0.000010, 54.05, 0.946, 0.00, 0.000, 0.00, 0.000, 0.00, 0.000
16342,174346, 54.79, 0.00, 0.747, 0.000, 0.000020, 0.000014,0,0,0, 0.000030, 0.000021, 0.000020, 0.000013, 54.79, 0.747, 34.58, 0.161, 0.00, 0.000, 0.00, 0.000
16343,174357, 55.04, 0.00, 0.735, 0.000, 0.000019, 0.000010,0,0,0, 0.000030, 0.000023, 0.000020, 0.000012, 55.04, 0.735, 36.14, 0.282, 118.81, 0.053, 0.00, 0.000
16344,174368, 55.81, 0.00, 0.750, 0.000, 0.000019, 0.000007,0,0,0, 0.000030, 0.000016, 0.000022, 0.000014, 55.81, 0.750, 96.77, 0.285, 34.98, 0.225, 34.28, 0.213
16345,174378, 55.81, 0.00, 0.867, 0.000, 0.000019, 0.000005,0,0,0, 0.000030, 0.000021, 0.000021, 0.000013, 55.81, 0.867, 37.38, 0.609, 116.50, 0.445, 112.14, 0.445
16346,174389, 55.55, 0.00, 0.901, 0.000, 0.000019, 0.000005,0,0,0, 0.000030, 0.000020, 0.000021, 0.000014, 55.55, 0.901, 38.70, 0.401, 106.19, 0.397, 37.26, 0.370
16347,174400, 55.04, 0.00, 0.872, 0.000, 0.000019, 0.000009,0,0,0, 0.000030, 0.000023, 0.000022, 0.000013, 55.04, 0.872, 107.14, 0.440, 35.08, 0.370, 38.58, 0.275
16348,174410, 55.29, 0.00, 0.913, 0.000, 0.000018, 0.000006,0,0,0, 0.000030, 0.000024, 0.000019, 0.000013, 55.29, 0.913, 37.26, 0.453, 114.28, 0.385, 0.00, 0.000
16349,174421, 55.55, 0.00, 0.948, 0.000, 0.000019, 0.000008,0,0,0, 0.000030, 0.000017, 0.000022, 0.000014, 55.55, 0.948, 35.29, 0.452, 97.56, 0.367, 127.65, 0.290
16350,174432, 55.81, 0.00, 0.939, 0.000, 0.000019, 0.000007,0,0,0, 0.000030, 0.000022, 0.000021, 0.000013, 55.81, 0.939, 37.73, 0.444, 117.64, 0.355, 0.00, 0.000
16351,174442, 55.81, 0.00, 0.957, 0.000, 0.000019, 0.000005,0,0,0, 0.000030, 0.000018, 0.000020, 0.000013, 55.81, 0.957, 35.92, 0.419, 100.00, 0.327, 0.00, 0.000
16352,174453, 55.55, 0.00, 0.934, 0.000, 0.000019, 0.000008,0,0,0, 0.000030, 0.000022, 0.000022, 0.000013, 55.55, 0.934, 100.84, 0.292, 122.44, 0.281, 35.39, 0.217
16353,174464, 55.29, 0.00, 0.978, 0.000, 0.000019, 0.000006,0,0,0, 0.000030, 0.000024, 0.000020, 0.000013, 55.29, 0.978, 37.85, 0.405, 122.44, 0.365, 0.00, 0.000
16354,174474, 55.29, 0.00, 0.982, 0.000, 0.000019, 0.000009,0,0,0, 0.000030, 0.000020, 0.000022, 0.000014, 55.29, 0.982, 34.88, 0.453, 96.77, 0.341, 126.31, 0.252
16355,174485, 55.55, 0.00, 0.973, 0.000, 0.000019, 0.000010,0,0,0, 0.000030, 0.000023, 0.000022, 0.000013, 55.55, 0.973, 38.58, 0.417, 126.31, 0.331, 0.00, 0.000
16356,174496, 55.81, 0.00, 0.966, 0.000, 0.000019, 0.000007,0,0,0, 0.000030, 0.000017, 0.000019, 0.000013, 55.81, 0.966, 35.60, 0.527, 98.36, 0.376, 0.00, 0.000
16357,174506, 55.55, 0.00, 0.940, 0.000, 0.000019, 0.000010,0,0,0, 0.000030, 0.000022, 0.000022, 0.000013, 55.55, 0.940, 126.31, 0.296, 100.00, 0.265, 38.96, 0.233
16358,174517, 55.29, 0.00, 0.979, 0.000, 0.000019, 0.000007,0,0,0, 0.000030, 0.000024, 0.000020, 0.000014, 55.29, 0.979, 38.33, 0.384, 125.00, 0.358, 0.00, 0.000
16359,174528, 55.29, 0.00, 0.960, 0.000, 0.000019, 0.000009,0,0,0, 0.000030, 0.000022, 0.000022, 0.000013, 55.29, 0.960, 34.68, 0.423, 97.56, 0.319, 38.70, 0.208
16360,174538, 55.55, 0.00, 0.973, 0.000, 0.000019, 0.000011,0,0,0, 0.000030, 0.000023, 0.000022, 0.000013, 55.55, 0.973, 38.58, 0.309, 126.31, 0.276, 0.00, 0.000
16361,174549, 55.81, 0.00, 0.991, 0.000, 0.000019, 0.000008,0,0,0, 0.000030, 0.000016, 0.000021, 0.000014, 55.81, 0.991, 35.39, 0.589, 97.56, 0.398, 0.00, 0.000
16362,174560, 55.55, 0.00, 0.983, 0.000, 0.000019, 0.000010,0,0,0, 0.000030, 0.000023, 0.000022, 0.000013, 55.55, 0.983, 127.65, 0.289, 39.08, 0.272, 0.00, 0.000
16363,174570, 55.29, 0.00, 0.995, 0.000, 0.000019, 0.000007,0,0,0, 0.000030, 0.000022, 0.000020, 0.000014, 55.29, 0.995, 38.70, 0.297, 127.65, 0.296, 101.69, 0.266
16364,174581, 55.29, 0.00, 0.989, 0.000, 0.000019, 0.000009,0,0,0, 0.000030, 0.000023, 0.000022, 0.000013, 55.29, 0.989, 35.19, 0.383, 97.56, 0.326, 0.00, 0.000
16365,174592, 55.55, 0.00, 0.990, 0.000, 0.000018, 0.000006,0,0,0, 0.000030, 0.000023, 0.000020, 0.000012, 55.55, 0.990, 129.03, 0.251, 38.96, 0.235, 0.00, 0.000
16366,174602, 55.81, 0.00, 0.993, 0.000, 0.000019, 0.000008,0,0,0, 0.000030, 0.000016, 0.000022, 0.000015, 55.81, 0.993, 35.19, 0.562, 96.77, 0.393, 0.00, 0.000
16367,174613, 55.55, 0.00, 0.992, 0.000, 0.000019, 0.000010,0,0,0, 0.000030, 0.000023, 0.000022, 0.000013, 55.55, 0.992, 38.70, 0.345, 126.31, 0.326, 0.00, 0.000
16368,174624, 55.29, 0.00, 0.995, 0.000, 0.000019, 0.000007,0,0,0, 0.000030, 0.000021, 0.000020, 0.000014, 55.29, 0.995, 96.77, 0.291, 129.03, 0.284, 35.19, 0.267
16369,174634, 55.29, 0.00, 0.984, 0.000, 0.000019, 0.000009,0,0,0, 0.000030, 0.000022, 0.000022, 0.000013, 55.29, 0.984, 35.29, 0.352, 97.56, 0.320, 0.00, 0.000
16370,174645, 55.29, 0.00, 0.979, 0.000, 0.000019, 0.000006,0,0,0, 0.000030, 0.000023, 0.000020, 0.000012, 55.29, 0.979, 38.96, 0.260, 129.03, 0.258, 0.00, 0.000
16371,174656, 55.55, 0.00, 0.969, 0.000, 0.000019, 0.000007,0,0,0, 0.000030, 0.000016, 0.000022, 0.000014, 55.55, 0.969, 35.19, 0.495, 96.77, 0.331, 38.96, 0.257
16372,174666, 55.55, 0.00, 0.989, 0.000, 0.000019, 0.000010,0,0,0, 0.000030, 0.000023, 0.000022, 0.000013, 55.55, 0.989, 37.26, 0.399, 112.14, 0.319, 0.00, 0.000
16373,174677, 55.55, 0.00, 0.993, 0.000, 0.000019, 0.000007,0,0,0, 0.000030, 0.000019, 0.000020, 0.000013, 55.55, 0.993, 35.29, 0.330, 97.56, 0.290, 127.65, 0.250
16374,174688, 55.29, 0.00, 0.990, 0.000, 0.000019, 0.000009,0,0,0, 0.000030, 0.000022, 0.000022, 0.000013, 55.29, 0.990, 35.29, 0.289, 97.56, 0.288, 127.65, 0.261
16375,174698, 55.29, 0.00, 0.996, 0.000, 0.000019, 0.000006,0,0,0, 0.000030, 0.000024, 0.000020, 0.000013, 55.29, 0.996, 38.33, 0.327, 125.00, 0.304, 0.00, 0.000
16376,174709, 55.55, 0.00, 0.987, 0.000, 0.000019, 0.000008,0,0,0, 0.000030, 0.000019, 0.000022, 0.000014, 55.55, 0.987, 34.98, 0.462, 96.77, 0.343, 127.65, 0.258
16377,174720, 55.55, 0.00, 0.996, 0.000, 0.000019, 0.000010,0,0,0, 0.000030, 0.000023, 0.000022, 0.000013, 55.55, 0.996, 38.09, 0.436, 121.21, 0.353, 0.00, 0.000
16378,174730, 55.55, 0.00, 0.993, 0.000, 0.000019, 0.000007,0,0,0, 0.000030, 0.000018, 0.000020, 0.000013, 55.55, 0.993, 35.39, 0.441, 97.56, 0.351, 127.65, 0.264
16379,174741, 55.55, 0.00, 0.986, 0.000, 0.000019, 0.000009,0,0,0, 0.000030, 0.000022, 0.000022, 0.000013, 55.55, 0.986, 127.65, 0.280, 98.36, 0.269, 38.83, 0.250
16380,174752, 55.29, 0.00, 0.989, 0.000, 0.000019, 0.000006,0,0,0, 0.000030, 0.000024, 0.000020, 0.000014, 55.29, 0.989, 38.21, 0.387, 125.00, 0.344, 0.00, 0.000
16381,174762, 55.29, 0.00, 0.982, 0.000, 0.000019, 0.000009,0,0,0, 0.000030, 0.000020, 0.000022, 0.000014, 55.29, 0.982, 34.98, 0.420, 97.56, 0.336, 126.31, 0.272
16382,174773, 55.55, 0.00, 0.994, 0.000, 0.000019, 0.000011,0,0,0, 0.000030, 0.000023, 0.000022, 0.000013, 55.55, 0.994, 38.70, 0.401, 126.31, 0.348, 0.00, 0.000
16383,174784, 55.81, 0.00, 0.986, 0.000, 0.000019, 0.000007,0,0,0, 0.000030, 0.000016, 0.000019, 0.000013, 55.81, 0.986, 35.60, 0.597, 99.17, 0.430, 0.00, 0.000
16384,174794, 55.55, 0.00, 0.986, 0.000, 0.000019, 0.000009,0,0,0, 0.000030, 0.000022, 0.000022, 0.000013, 55.55, 0.986, 126.31, 0.318, 38.70, 0.287, 100.00, 0.277
16385,174805, 55.04, 0.00, 0.954, 0.000, 0.000019, 0.000007,0,0,0, 0.000030, 0.000023, 0.000020, 0.000014, 55.04, 0.954, 38.09, 0.352, 122.44, 0.328, 0.00, 0.000
16386,174816, 55.04, 0.00, 0.951, 0.000, 0.000019, 0.000009,0,0,0, 0.000030, 0.000021, 0.000022, 0.000013, 55.04, 0.951, 35.39, 0.366, 100.84, 0.326, 0.00, 0.000
16387,174826, 55.55, 0.00, 0.991, 0.000, 0.000019, 0.000010,0,0,0, 0.000030, 0.000023, 0.000022, 0.000012, 55.55, 0.991, 122.44, 0.269, 38.46, 0.251, 0.00, 0.000
16388,174837, 55.55, 0.00, 0.988, 0.000, 0.000019, 0.000007,0,0,0, 0.000030, 0.000015, 0.000022, 0.000014, 55.55, 0.988, 35.82, 0.534, 100.84, 0.387, 0.00, 0.000
16389,174848, 55.55, 0.00, 0.992, 0.000, 0.000019, 0.000010,0,0,0, 0.000030, 0.000023, 0.000022, 0.000013, 55.55, 0.992, 38.21, 0.331, 122.44, 0.315, 0.00, 0.000
16390,174858, 55.29, 0.00, 0.986, 0.000, 0.000019, 0.000007,0,0,0, 0.000030, 0.000022, 0.000020, 0.000014, 55.29, 0.986, 100.84, 0.293, 118.81, 0.292, 35.60, 0.280
16391,174869, 55.29, 0.00, 0.987, 0.000, 0.000019, 0.000010,0,0,0, 0.000030, 0.000021, 0.000022, 0.000013, 55.29, 0.987, 35.71, 0.346, 102.56, 0.341, 0.00, 0.000
16392,174880, 55.55, 0.00, 0.995, 0.000, 0.000018, 0.000007,0,0,0, 0.000030, 0.000024, 0.000019, 0.000012, 55.55, 0.995, 118.81, 0.307, 37.97, 0.271, 0.00, 0.000
16393,174890, 55.55, 0.00, 0.996, 0.000, 0.000019, 0.000008,0,0,0, 0.000030, 0.000016, 0.000022, 0.000015, 55.55, 0.996, 36.03, 0.488, 103.44, 0.399, 0.00, 0.000
16394,174901, 55.55, 0.00, 0.996, 0.000, 0.000019, 0.000011,0,0,0, 0.000030, 0.000023, 0.000022, 0.000013, 55.55, 0.996, 37.26, 0.459, 114.28, 0.403, 0.00, 0.000
16395,174912, 55.55, 0.00, 0.996, 0.000, 0.000019, 0.000008,0,0,0, 0.000030, 0.000021, 0.000020, 0.000014, 55.55, 0.996, 36.14, 0.354, 103.44, 0.351, 117.64, 0.327
16396,174922, 55.29, 0.00, 0.996, 0.000, 0.000019, 0.000010,0,0,0, 0.000030, 0.000021, 0.000022, 0.000013, 55.29, 0.996, 104.34, 0.364, 36.03, 0.361, 0.00, 0.000
16397,174933, 55.29, 0.00, 0.997, 0.000, 0.000018, 0.000007,0,0,0, 0.000030, 0.000025, 0.000019, 0.000012, 55.29, 0.997, 117.64, 0.356, 37.73, 0.353, 0.00, 0.000
16398,174944, 55.55, 0.00, 0.994, 0.000, 0.000019, 0.000009,0,0,0, 0.000030, 0.000018, 0.000022, 0.000014, 55.55, 0.994, 36.03, 0.396, 104.34, 0.372, 117.64, 0.334
16399,174954, 55.55, 0.00, 0.997, 0.000, 0.000019, 0.000011,0,0,0, 0.000030, 0.000023, 0.000022, 0.000013, 55.55, 0.997, 37.50, 0.535, 115.38, 0.450, 0.00, 0.000
16400,174965, 55.55, 0.00, 0.996, 0.000, 0.000019, 0.000008,0,0,0, 0.000030, 0.000020, 0.000020, 0.000014, 55.55, 0.996, 36.25, 0.440, 105.26, 0.401, 0.00, 0.000
16401,174976, 55.29, 0.00, 0.993, 0.000, 0.000019, 0.000010,0,0,0, 0.000030, 0.000021, 0.000022, 0.000013, 55.29, 0.993, 116.50, 0.362, 106.19, 0.354, 37.61, 0.331
16402,174986, 55.29, 0.00, 0.997, 0.000, 0.000018, 0.000007,0,0,0, 0.000030, 0.000025, 0.000020, 0.000013, 55.29, 0.997, 37.73, 0.410, 117.64, 0.396, 0.00, 0.000
16403,174997, 55.55, 0.00, 0.993, 0.000, 0.000019, 0.000009,0,0,0, 0.000030, 0.000020, 0.000022, 0.000014, 55.55, 0.993, 104.34, 0.355, 35.92, 0.351, 116.50, 0.336
16404,175008, 55.55, 0.00, 0.998, 0.000, 0.000020, 0.000012,0,0,0, 0.000030, 0.000023, 0.000022, 0.000013, 55.55, 0.998, 37.73, 0.492, 116.50, 0.430, 0.00, 0.000
16405,175018, 55.55, 0.00, 0.995, 0.000, 0.000019, 0.000008,0,0,0, 0.000030, 0.000018, 0.000020, 0.000013, 55.55, 0.995, 36.25, 0.534, 105.26, 0.444, 0.00, 0.000
16406,175029, 55.55, 0.00, 0.994, 0.000, 0.000019, 0.000010,0,0,0, 0.000030, 0.000022, 0.000022, 0.000013, 55.55, 0.994, 115.38, 0.365, 37.61, 0.331, 0.00, 0.000
16407,175040, 55.29, 0.00, 0.996, 0.000, 0.000019, 0.000007,0,0,0, 0.000030, 0.000025, 0.000020, 0.000014, 55.29, 0.996, 114.28, 0.394, 37.38, 0.390, 0.00, 0.000
16408,175050, 55.29, 0.00, 0.993, 0.000, 0.000019, 0.000010,0,0,0, 0.000030, 0.000022, 0.000022, 0.000013, 55.29, 0.993, 105.26, 0.364, 36.14, 0.348, 0.00, 0.000
16409,175061, 55.55, 0.00, 0.992, 0.000, 0.000020, 0.000012,0,0,0, 0.000030, 0.000023, 0.000022, 0.000013, 55.55, 0.992, 37.73, 0.383, 116.50, 0.367, 0.00, 0.000
16410,175072, 55.55, 0.00, 0.995, 0.000, 0.000019, 0.000009,0,0,0, 0.000030, 0.000016, 0.000020, 0.000014, 55.55, 0.995, 36.25, 0.591, 105.26, 0.457, 0.00, 0.000
16411,175082, 55.55, 0.00, 0.993, 0.000, 0.000019, 0.000011,0,0,0, 0.000030, 0.000023, 0.000022, 0.000013, 55.55, 0.993, 116.50, 0.366, 37.73, 0.360, 0.00, 0.000
16412,175093, 55.29, 0.00, 0.994, 0.000, 0.000019, 0.000007,0,0,0, 0.000030, 0.000023, 0.000020, 0.000014, 55.29, 0.994, 115.38, 0.359, 37.50, 0.334, 0.00, 0.000
16413,175104, 55.29, 0.00, 0.994, 0.000, 0.000019, 0.000010,0,0,0, 0.000030, 0.000022, 0.000023, 0.000013, 55.29, 0.994, 105.26, 0.369, 36.14, 0.359, 0.00, 0.000
16414,175114, 55.55, 0.00, 0.993, 0.000, 0.000018, 0.000007,0,0,0, 0.000030, 0.000024, 0.000020, 0.000012, 55.55, 0.993, 117.64, 0.323, 37.73, 0.281, 0.00, 0.000
16415,175125, 55.55, 0.00, 0.996, 0.000, 0.000019, 0.000009,0,0,0, 0.000030, 0.000017, 0.000022, 0.000015, 55.55, 0.996, 36.25, 0.543, 104.34, 0.436, 0.00, 0.000
16416,175136, 55.55, 0.00, 0.993, 0.000, 0.000019, 0.000011,0,0,0, 0.000030, 0.000023, 0.000022, 0.000013, 55.55, 0.993, 37.61, 0.431, 115.38, 0.405, 0.00, 0.000
16417,175146, 55.29, 0.00, 0.994, 0.000, 0.000019, 0.000008,0,0,0, 0.000030, 0.000022, 0.000019, 0.000014, 55.29, 0.994, 105.26, 0.367, 115.38, 0.367, 36.25, 0.345
16418,175157, 55.29, 0.00, 0.995, 0.000, 0.000019, 0.000010,0,0,0, 0.000030, 0.000022, 0.000023, 0.000013, 55.29, 0.995, 106.19, 0.400, 36.25, 0.399, 0.00, 0.000
16419,175168, 55.55, 0.00, 0.995, 0.000, 0.000018, 0.000007,0,0,0, 0.000030, 0.000025, 0.000018, 0.000012, 55.55, 0.995, 116.50, 0.368, 37.61, 0.338, 0.00, 0.000
16420,175178, 55.55, 0.00, 0.996, 0.000, 0.000019, 0.000009,0,0,0, 0.000030, 0.000018, 0.000023, 0.000015, 55.55, 0.996, 36.25, 0.475, 106.19, 0.420, 0.00, 0.000
16421,175189, 55.55, 0.00, 0.999, 0.000, 0.000020, 0.000012,0,0,0, 0.000030, 0.000023, 0.000023, 0.000013, 55.55, 0.999, 37.03, 0.550, 111.11, 0.466, 0.00, 0.000
16422,175200, 55.55, 0.00, 0.997, 0.000, 0.000019, 0.000008,0,0,0, 0.000030, 0.000021, 0.000019, 0.000014, 55.55, 0.997, 36.36, 0.407, 106.19, 0.395, 0.00, 0.000
16423,175210, 55.29, 0.00, 0.994, 0.000, 0.000019, 0.000011,0,0,0, 0.000030, 0.000022, 0.000023, 0.000013, 55.29, 0.994, 107.14, 0.384, 114.28, 0.383, 36.36, 0.359
16424,175221, 55.29, 0.00, 0.994, 0.000, 0.000018, 0.000007,0,0,0, 0.000030, 0.000025, 0.000018, 0.000013, 55.29, 0.994, 116.50, 0.391, 37.61, 0.383, 0.00, 0.000
16425,175232, 55.55, 0.00, 0.992, 0.000, 0.000019, 0.000010,0,0,0, 0.000030, 0.000020, 0.000023, 0.000014, 55.55, 0.992, 36.03, 0.381, 105.26, 0.369, 115.38, 0.345
16426,175242, 55.55, 0.00, 0.997, 0.000, 0.000020, 0.000012,0,0,0, 0.000030, 0.000023, 0.000023, 0.000013, 55.55, 0.997, 37.61, 0.554, 115.38, 0.459, 0.00, 0.000
16427,175253, 55.55, 0.00, 0.994, 0.000, 0.000019, 0.000008,0,0,0, 0.000030, 0.000020, 0.000020, 0.000014, 55.55, 0.994, 36.58, 0.473, 107.14, 0.424, 0.00, 0.000
16428,175264, 55.55, 0.00, 0.885, 0.000, 0.000019, 0.000011,0,0,0, 0.000030, 0.000018, 0.000022, 0.000012, 55.55, 0.885, 38.21, 0.472, 117.64, 0.408, 0.00, 0.000
16429,175274, 55.55, 0.00, 0.635, 0.000, 0.000018, 0.000007,0,0,0, 0.000030, 0.000030, 0.000022, 0.000010, 55.55, 0.635, 33.99, 0.510, 115.38, 0.218, 0.00, 0.000
16430,175285, 56.07, 0.00, 0.528, 0.000, 0.000020, 0.000015,0,0,0, 0.000030, 0.000006, 0.000025, 0.000012, 56.07, 0.528, 30.69, 0.273, 39.21, 0.136, 0.00, 0.000
16431,175296, 55.29, 0.00, 0.676, 0.000, 0.000021, 0.000010,0,0,0, 0.000030, 0.000025, 0.000024, 0.000015, 55.29, 0.676, 0.00, 0.000, 0.00, 0.000, 0.00, 0.000
16432,175306, 55.29, 0.00, 0.752, 0.000, 0.000021, 0.000013,0,0,0, 0.000030, 0.000018, 0.000024, 0.000012, 55.29, 0.752, 0.00, 0.000, 0.00, 0.000, 0.00, 0.000
16433,175317, 55.04, 0.00, 0.940, 0.000, 0.000021, 0.000009,0,0,0, 0.000030, 0.000019, 0.000024, 0.000012, 55.04, 0.940, 0.00, 0.000, 0.00, 0.000, 0.00, 0.000
16434,175328, 57.41, 0.00, 0.890, 0.000, 0.000020, 0.000007,0,0,0, 0.000030, 0.000026, 0.000023, 0.000011, 57.41, 0.890, 0.00, 0.000, 0.00, 0.000, 0.00, 0.000
16435,175338, 53.09, 0.00, 0.556, 0.000, 0.000021, 0.000016,0,0,0, 0.000030, 0.000021, 0.000025, 0.000012, 53.09, 0.556, 46.69, 0.536, 0.00, 0.000, 0.00, 0.000
16436,175349, 50.42, 0.00, 0.683, 0.000, 0.000021, 0.000015,0,0,0, 0.000030, 0.000028, 0.000024, 0.000011, 50.42, 0.683, 46.87, 0.663, 63.82, 0.102, 0.00, 0.000
16437,175360, 50.84, 0.00, 0.549, 0.000, 0.000019, 0.000010,0,0,0, 0.000030, 0.000003, 0.000023, 0.000010, 50.84, 0.549, 0.00, 0.000, 0.00, 0.000, 0.00, 0.000
16438,175370, 59.11, 0.00, 0.536, 0.000, 0.000020, 0.000011,0,0,0, 0.000030, 0.000024, 0.000025, 0.000015, 59.11, 0.536, 30.92, 0.510, 46.15, 0.193, 0.00, 0.000
16439,175381, 32.78, 0.00, 0.414, 0.000, 0.000019, 0.000008,0,0,0, 0.000030, 0.000019, 0.000021, 0.000013, 32.78, 0.414, 39.34, 0.258, 56.60, 0.235, 49.18, 0.018
16440,175392, 41.66, 0.00, 0.705, 0.000, 0.000019, 0.000005,0,0,0, 0.000030, 0.000020, 0.000021, 0.000013, 41.66, 0.705, 67.79, 0.279, 117.64, 0.183, 0.00, 0.000
16441,175402, 42.55, 0.00, 0.836, 0.000, 0.000018, 0.000004,0,0,0, 0.000030, 0.000019, 0.000020, 0.000013, 42.55, 0.836, 30.45, 0.730, 114.28, 0.512, 67.03, 0.137
16442,175413, 30.07, 0.00, 0.718, 0.000, 0.000019, 0.000009,0,0,0, 0.000030, 0.000021, 0.000023, 0.000012, 30.07, 0.718, 111.11, 0.319, 38.46, 0.301, 36.92, 0.224
16443,175424, 30.76, 0.00, 0.718, 0.000, 0.000020, 0.000016,0,0,0, 0.000030, 0.000024, 0.000024, 0.000012, 30.76, 0.718, 106.19, 0.373, 50.20, 0.283, 40.95, 0.255
16444,175434, 30.45, 0.00, 0.828, 0.000, 0.000019, 0.000011,0,0,0, 0.000030, 0.000017, 0.000019, 0.000012, 30.45, 0.828, 43.79, 0.643, 96.00, 0.272, 102.56, 0.263
16445,175445, 31.74, 0.00, 0.705, 0.000, 0.000019, 0.000008,0,0,0, 0.000030, 0.000027, 0.000022, 0.000012, 31.74, 0.705, 44.28, 0.340, 105.26, 0.249, 120.00, 0.225
16446,175456, 40.95, 0.00, 0.453, 0.000, 0.000018, 0.000008,0,0,0, 0.000030, 0.000001, 0.000022, 0.000011, 40.95, 0.453, 37.85, 0.355, 111.11, 0.145, 61.22, 0.123
16447,175466, 31.49, 0.00, 0.639, 0.000, 0.000020, 0.000016,0,0,0, 0.000030, 0.000021, 0.000025, 0.000014, 31.49, 0.639, 61.53, 0.504, 44.11, 0.397, 0.00, 0.000
16448,175477, 39.73, 0.00, 0.568, 0.000, 0.000019, 0.000011,0,0,0, 0.000030, 0.000018, 0.000020, 0.000012, 39.73, 0.568, 32.17, 0.460, 59.11, 0.157, 118.81, 0.130
16449,175488, 38.96, 0.00, 0.253, 0.000, 0.000019, 0.000011,0,0,0, 0.000030, 0.000013, 0.000024, 0.000010, 38.96, 0.253, 113.20, 0.203, 53.33, 0.147, 46.51, 0.143
16450,175498, 32.87, 0.00, 0.593, 0.000, 0.000020, 0.000011,0,0,0, 0.000030, 0.000030, 0.000024, 0.000012, 32.87, 0.593, 46.51, 0.406, 110.09, 0.378, 0.00, 0.000
16451,175509, 31.83, 0.00, 0.821, 0.000, 0.000021, 0.000017,0,0,0, 0.000030, 0.000017, 0.000026, 0.000012, 31.83, 0.821, 46.87, 0.395, 98.36, 0.120, 0.00, 0.000
16452,175520, 30.61, 0.00, 0.461, 0.000, 0.000021, 0.000012,0,0,0, 0.000030, 0.000021, 0.000024, 0.000014, 30.61, 0.461, 46.87, 0.376, 42.25, 0.214, 0.00, 0.000
16453,175530, 67.79, 0.00, 0.234, 0.000, 0.000020, 0.000008,0,0,0, 0.000030, 0.000021, 0.000022, 0.000011, 67.79, 0.234, 0.00, 0.000, 0.00, 0.000, 0.00, 0.000
16454,175541, 30.37, 0.00, 0.683, 0.000, 0.000020, 0.000012,0,0,0, 0.000030, 0.000023, 0.000024, 0.000013, 30.37, 0.683, 67.79, 0.617, 35.50, 0.239, 0.00, 0.000
16455,175552, 35.82, 0.00, 0.396, 0.000, 0.000019, 0.000008,0,0,0, 0.000030, 0.000006, 0.000019, 0.000008, 35.82, 0.396, 55.04, 0.310, 71.00, 0.269, 60.30, 0.197
16456,175562, 36.25, 0.00, 0.599, 0.000, 0.000020, 0.000016,0,0,0, 0.000030, 0.000022, 0.000025, 0.000015, 36.25, 0.599, 43.47, 0.422, 40.40, 0.338, 73.61, 0.159
16457,175573, 31.33, 0.00, 0.689, 0.000, 0.000020, 0.000011,0,0,0, 0.000030, 0.000019, 0.000021, 0.000012, 31.33, 0.689, 43.16, 0.507, 44.44, 0.481, 114.28, 0.258
16458,175584, 44.94, 0.00, 0.675, 0.000, 0.000020, 0.000010,0,0,0, 0.000030, 0.000021, 0.000024, 0.000014, 44.94, 0.675, 74.07, 0.105, 107.14, 0.101, 0.00, 0.000
16459,175594, 31.00, 0.00, 0.866, 0.000, 0.000019, 0.000007,0,0,0, 0.000030, 0.000020, 0.000020, 0.000013, 31.00, 0.866, 43.01, 0.744, 98.36, 0.426, 0.00, 0.000
16460,175605, 31.16, 0.00, 0.427, 0.000, 0.000019, 0.000005,0,0,0, 0.000030, 0.000020, 0.000021, 0.000013, 31.16, 0.427, 96.77, 0.419, 43.47, 0.291, 40.67, 0.166
16461,175616, 32.52, 0.00, 0.474, 0.000, 0.000020, 0.000021,0,0,0, 0.000030, 0.000027, 0.000025, 0.000011, 32.52, 0.474, 96.77, 0.449, 50.63, 0.346, 48.78, 0.342
16462,175626, 44.28, 0.00, 0.631, 0.000, 0.000019, 0.000014,0,0,0, 0.000030, 0.000016, 0.000019, 0.000013, 44.28, 0.631, 30.45, 0.612, 117.64, 0.251, 96.00, 0.130
16463,175637, 30.45, 0.00, 0.618, 0.000, 0.000019, 0.000010,0,0,0, 0.000030, 0.000022, 0.000022, 0.000014, 30.45, 0.618, 43.95, 0.548, 31.57, 0.521, 114.28, 0.264
16464,175648, 33.99, 0.00, 0.420, 0.000, 0.000018, 0.000007,0,0,0, 0.000030, 0.000015, 0.000019, 0.000011, 33.99, 0.420, 33.24, 0.398, 55.04, 0.368, 115.38, 0.311
16465,175658, 41.66, 0.00, 0.377, 0.000, 0.000020, 0.000014,0,0,0, 0.000030, 0.000024, 0.000024, 0.000014, 41.66, 0.377, 32.34, 0.332, 60.60, 0.288, 107.14, 0.153
16466,175669, 42.25, 0.00, 0.803, 0.000, 0.000020, 0.000010,0,0,0, 0.000030, 0.000020, 0.000022, 0.000012, 42.25, 0.803, 31.41, 0.573, 122.44, 0.105, 103.44, 0.085
16467,175680, 46.51, 0.00, 0.604, 0.000, 0.000019, 0.000007,0,0,0, 0.000030, 0.000020, 0.000022, 0.000013, 46.51, 0.604, 85.10, 0.325, 0.00, 0.000, 0.00, 0.000
16468,175690, 31.08, 0.00, 0.743, 0.000, 0.000019, 0.000006,0,0,0, 0.000030, 0.000021, 0.000022, 0.000014, 31.08, 0.743, 88.88, 0.634, 44.94, 0.568, 46.15, 0.567
16469,175701, 89.55, 0.00, 0.714, 0.000, 0.000018, 0.000004,0,0,0, 0.000030, 0.000012, 0.000021, 0.000010, 89.55, 0.714, 45.11, 0.529, 32.25, 0.492, 30.37, 0.471
16470,175712, 91.60, 0.00, 0.575, 0.000, 0.000020, 0.000015,0,0,0, 0.000030, 0.000026, 0.000025, 0.000013, 91.60, 0.575, 30.53, 0.569, 45.97, 0.520, 0.00, 0.000
16471,175722, 44.44, 0.00, 0.657, 0.000, 0.000019, 0.000011,0,0,0, 0.000030, 0.000013, 0.000023, 0.000012, 44.44, 0.657, 30.15, 0.396, 92.30, 0.206, 0.00, 0.000
16472,175733, 32.00, 0.00, 0.506, 0.000, 0.000020, 0.000008,0,0,0, 0.000030, 0.000021, 0.000023, 0.000014, 32.00, 0.506, 59.40, 0.375, 44.77, 0.290, 35.19, 0.097
16473,175744, 35.08, 0.00, 0.623, 0.000, 0.000019, 0.000005,0,0,0, 0.000030, 0.000019, 0.000021, 0.000012, 35.08, 0.623, 50.00, 0.222, 100.00, 0.212, 0.00, 0.000
16474,175754, 41.95, 0.00, 0.353, 0.000, 0.000020, 0.000010,0,0,0, 0.000030, 0.000021, 0.000023, 0.000014, 41.95, 0.353, 32.25, 0.313, 99.17, 0.284, 45.45, 0.241
16475,175765, 42.25, 0.00, 0.807, 0.000, 0.000019, 0.000007,0,0,0, 0.000030, 0.000020, 0.000020, 0.000013, 42.25, 0.807, 30.07, 0.769, 96.00, 0.511, 0.00, 0.000
16476,175776, 44.94, 0.00, 0.845, 0.000, 0.000019, 0.000007,0,0,0, 0.000030, 0.000019, 0.000021, 0.000013, 44.94, 0.845, 84.50, 0.611, 0.00, 0.000, 0.00, 0.000
16477,175786, 30.92, 0.00, 0.958, 0.000, 0.000019, 0.000007,0,0,0, 0.000030, 0.000022, 0.000021, 0.000014, 30.92, 0.958, 45.45, 0.802, 90.22, 0.717, 0.00, 0.000
16478,175797, 87.59, 0.00, 0.706, 0.000, 0.000018, 0.000004,0,0,0, 0.000030, 0.000012, 0.000020, 0.000010, 87.59, 0.706, 45.62, 0.556, 30.22, 0.477, 0.00, 0.000
16479,175808, 31.00, 0.00, 0.519, 0.000, 0.000020, 0.000015,0,0,0, 0.000030, 0.000027, 0.000025, 0.000012, 31.00, 0.519, 46.33, 0.501, 93.02, 0.471, 0.00, 0.000
16480,175818, 32.43, 0.00, 0.726, 0.000, 0.000021, 0.000020,0,0,0, 0.000030, 0.000023, 0.000026, 0.000012, 32.43, 0.726, 45.80, 0.491, 95.23, 0.078, 0.00, 0.000
16481,175829, 32.43, 0.00, 0.540, 0.000, 0.000020, 0.000014,0,0,0, 0.000030, 0.000020, 0.000020, 0.000013, 32.43, 0.540, 49.18, 0.319, 97.56, 0.176, 104.34, 0.161
16482,175840, 49.38, 0.00, 0.501, 0.000, 0.000019, 0.000010,0,0,0, 0.000030, 0.000019, 0.000020, 0.000012, 49.38, 0.501, 105.26, 0.472, 33.80, 0.438, 0.00, 0.000
16483,175850, 45.97, 0.00, 0.717, 0.000, 0.000020, 0.000011,0,0,0, 0.000030, 0.000018, 0.000024, 0.000013, 45.97, 0.717, 32.17, 0.622, 102.56, 0.525, 0.00, 0.000
16484,175861, 30.84, 0.00, 0.827, 0.000, 0.000020, 0.000007,0,0,0, 0.000030, 0.000021, 0.000023, 0.000014, 30.84, 0.827, 45.28, 0.750, 86.95, 0.628, 0.00, 0.000
16485,175872, 86.33, 0.00, 0.746, 0.000, 0.000019, 0.000006,0,0,0, 0.000030, 0.000016, 0.000022, 0.000011, 86.33, 0.746, 44.77, 0.713, 30.61, 0.591, 0.00, 0.000
16486,175882, 45.97, 0.00, 0.730, 0.000, 0.000020, 0.000010,0,0,0, 0.000030, 0.000025, 0.000023, 0.000014, 45.97, 0.730, 94.48, 0.626, 31.41, 0.550, 0.00, 0.000
16487,175893, 46.15, 0.00, 0.725, 0.000, 0.000019, 0.000007,0,0,0, 0.000030, 0.000016, 0.000019, 0.000013, 46.15, 0.725, 30.61, 0.569, 89.55, 0.446, 0.00, 0.000
16488,175904, 46.51, 0.00, 0.755, 0.000, 0.000019, 0.000007,0,0,0, 0.000030, 0.000028, 0.000023, 0.000011, 46.51, 0.755, 31.83, 0.433, 98.36, 0.288, 0.00, 0.000
16489,175914, 48.38, 0.00, 0.624, 0.000, 0.000021, 0.000018,0,0,0, 0.000030, 0.000019, 0.000026, 0.000012, 48.38, 0.624, 36.58, 0.511, 99.17, 0.045, 0.00, 0.000
16490,175925, 31.91, 0.00, 0.893, 0.000, 0.000020, 0.000013,0,0,0, 0.000030, 0.000017, 0.000022, 0.000012, 31.91, 0.893, 48.58, 0.530, 96.77, 0.120, 0.00, 0.000
16491,175936, 31.83, 0.00, 0.512, 0.000, 0.000020, 0.000009,0,0,0, 0.000030, 0.000019, 0.000023, 0.000013, 31.83, 0.512, 46.51, 0.483, 93.02, 0.410, 0.00, 0.000
16492,175946, 45.45, 0.00, 0.819, 0.000, 0.000020, 0.000009,0,0,0, 0.000030, 0.000018, 0.000023, 0.000013, 45.45, 0.819, 89.55, 0.790, 0.00, 0.000, 0.00, 0.000
16493,175957, 45.28, 0.00, 0.844, 0.000, 0.000020, 0.000006,0,0,0, 0.000030, 0.000022, 0.000022, 0.000014, 45.28, 0.844, 89.55, 0.807, 30.92, 0.669, 0.00, 0.000
16494,175968, 87.59, 0.00, 0.881, 0.000, 0.000019, 0.000004,0,0,0, 0.000030, 0.000021, 0.000020, 0.000012, 87.59, 0.881, 30.15, 0.808, 45.62, 0.772, 43.79, 0.751
16495,175978, 90.22, 0.00, 0.797, 0.000, 0.000020, 0.000015,0,0,0, 0.000030, 0.000026, 0.000023, 0.000012, 90.22, 0.797, 45.97, 0.755, 31.16, 0.563, 0.00, 0.000
16496,175989, 90.22, 0.00, 0.648, 0.000, 0.000019, 0.000010,0,0,0, 0.000030, 0.000014, 0.000020, 0.000012, 90.22, 0.648, 46.15, 0.593, 30.53, 0.321, 0.00, 0.000
16497,176000, 31.66, 0.00, 0.721, 0.000, 0.000019, 0.000012,0,0,0, 0.000030, 0.000016, 0.000024, 0.000012, 31.66, 0.721, 93.75, 0.517, 47.05, 0.471, 0.00, 0.000
16498,176010, 98.36, 0.00, 0.588, 0.000, 0.000020, 0.000009,0,0,0, 0.000030, 0.000016, 0.000024, 0.000012, 98.36, 0.588, 48.78, 0.563, 32.08, 0.471, 36.80, 0.275
16499,176021, 47.80, 0.00, 0.794, 0.000, 0.000020, 0.000011,0,0,0, 0.000030, 0.000016, 0.000024, 0.000012, 47.80, 0.794, 96.77, 0.772, 31.91, 0.646, 0.00, 0.000
16500,176032, 46.87, 0.00, 0.847, 0.000, 0.000020, 0.000009,0,0,0, 0.000030, 0.000019, 0.000024, 0.000013, 46.87, 0.847, 31.49, 0.828, 93.75, 0.823, 0.00, 0.000
16501,176042, 30.15, 0.00, 0.994, 0.000, 0.000020, 0.000009,0,0,0, 0.000030, 0.000016, 0.000024, 0.000012, 30.15, 0.994, 45.28, 0.894, 90.22, 0.878, 0.00, 0.000
16502,176053, 45.28, 0.00, 0.896, 0.000, 0.000020, 0.000009,0,0,0, 0.000030, 0.000021, 0.000024, 0.000014, 45.28, 0.896, 92.30, 0.751, 30.84, 0.682, 0.00, 0.000
16503,176064, 91.60, 0.00, 0.670, 0.000, 0.000019, 0.000013,0,0,0, 0.000030, 0.000027, 0.000023, 0.000011, 91.60, 0.670, 45.80, 0.631, 30.61, 0.548, 0.00, 0.000
16504,176074, 31.33, 0.00, 0.525, 0.000, 0.000020, 0.000010,0,0,0, 0.000030, 0.000023, 0.000024, 0.000013, 31.33, 0.525, 94.48, 0.480, 48.00, 0.382, 37.61, 0.039
16505,176085, 93.75, 0.00, 0.434, 0.000, 0.000019, 0.000007,0,0,0, 0.000030, 0.000020, 0.000020, 0.000013, 93.75, 0.434, 35.60, 0.258, 57.97, 0.176, 46.87, 0.165
16506,176096, 38.83, 0.00, 0.363, 0.000, 0.000019, 0.000005,0,0,0, 0.000030, 0.000018, 0.000019, 0.000013, 38.83, 0.363, 176.47, 0.280, 56.87, 0.246, 42.40, 0.245
16507,176106, 32.17, 0.00, 0.668, 0.000, 0.000018, 0.000003,0,0,0, 0.000030, 0.000018, 0.000019, 0.000012, 32.17, 0.668, 41.09, 0.324, 72.28, 0.258, 176.47, 0.254
16508,176117, 72.72, 0.00, 0.646, 0.000, 0.000019, 0.000016,0,0,0, 0.000030, 0.000025, 0.000024, 0.000012, 72.72, 0.646, 36.58, 0.458, 30.61, 0.277, 52.17, 0.169
16509,176128, 30.22, 0.00, 0.824, 0.000, 0.000020, 0.000014,0,0,0, 0.000030, 0.000022, 0.000025, 0.000013, 30.22, 0.824, 37.03, 0.405, 74.07, 0.395, 52.86, 0.334
16510,176138, 37.03, 0.00, 0.664, 0.000, 0.000020, 0.000010,0,0,0, 0.000030, 0.000016, 0.000022, 0.000012, 37.03, 0.664, 74.07, 0.348, 49.79, 0.268, 30.22, 0.026
16511,176149, 36.92, 0.00, 0.893, 0.000, 0.000020, 0.000011,0,0,0, 0.000030, 0.000026, 0.000023, 0.000012, 36.92, 0.893, 47.24, 0.346, 73.61, 0.272, 146.34, 0.165
16512,176160, 37.15, 0.00, 0.580, 0.000, 0.000019, 0.000008,0,0,0, 0.000030, 0.000028, 0.000020, 0.000008, 37.15, 0.580, 73.61, 0.439, 47.43, 0.331, 150.00, 0.212
16513,176170, 37.03, 0.00, 0.651, 0.000, 0.000020, 0.000012,0,0,0, 0.000030, 0.000023, 0.000024, 0.000014, 37.03, 0.651, 75.00, 0.631, 31.41, 0.198, 54.29, 0.057
16514,176181, 37.03, 0.00, 0.798, 0.000, 0.000020, 0.000008,0,0,0, 0.000030, 0.000023, 0.000021, 0.000013, 37.03, 0.798, 74.07, 0.795, 44.60, 0.044, 0.00, 0.000
16515,176192, 74.07, 0.00, 0.892, 0.000, 0.000019, 0.000006,0,0,0, 0.000030, 0.000021, 0.000022, 0.000014, 74.07, 0.892, 37.03, 0.785, 45.62, 0.254, 116.50, 0.085
16516,176202, 74.07, 0.00, 0.946, 0.000, 0.000020, 0.000008,0,0,0, 0.000030, 0.000022, 0.000022, 0.000013, 74.07, 0.946, 37.03, 0.900, 44.94, 0.317, 114.28, 0.198
16517,176213, 74.53, 0.00, 0.839, 0.000, 0.000019, 0.000006,0,0,0, 0.000030, 0.000022, 0.000020, 0.000014, 74.53, 0.839, 37.26, 0.808, 46.15, 0.198, 120.00, 0.146
16518,176224, 37.38, 0.00, 0.843, 0.000, 0.000019, 0.000011,0,0,0, 0.000030, 0.000024, 0.000022, 0.000013, 37.38, 0.843, 74.53, 0.777, 31.41, 0.217, 54.54, 0.102
16519,176234, 37.38, 0.00, 0.900, 0.000, 0.000019, 0.000008,0,0,0, 0.000030, 0.000022, 0.000020, 0.000014, 37.38, 0.900, 74.07, 0.791, 31.41, 0.238, 51.72, 0.167
16520,176245, 73.61, 0.00, 0.875, 0.000, 0.000019, 0.000011,0,0,0, 0.000030, 0.000022, 0.000023, 0.000013, 73.61, 0.875, 36.92, 0.751, 30.84, 0.233, 53.33, 0.152
16521,176256, 37.15, 0.00, 0.915, 0.000, 0.000019, 0.000007,0,0,0, 0.000030, 0.000022, 0.000021, 0.000013, 37.15, 0.915, 74.07, 0.839, 117.64, 0.226, 45.45, 0.215
16522,176266, 74.53, 0.00, 0.875, 0.000, 0.000019, 0.000005,0,0,0, 0.000030, 0.000020, 0.000020, 0.000013, 74.53, 0.875, 37.26, 0.782, 46.15, 0.220, 121.21, 0.082
16523,176277, 74.53, 0.00, 0.811, 0.000, 0.000018, 0.000003,0,0,0, 0.000030, 0.000025, 0.000019, 0.000012, 74.53, 0.811, 37.15, 0.678, 31.49, 0.306, 53.57, 0.176
16524,176288, 37.15, 0.00, 0.876, 0.000, 0.000019, 0.000009,0,0,0, 0.000030, 0.000021, 0.000022, 0.000014, 37.15, 0.876, 74.53, 0.874, 30.92, 0.285, 52.86, 0.240
16525,176298, 74.07, 0.00, 0.851, 0.000, 0.000019, 0.000012,0,0,0, 0.000030, 0.000022, 0.000023, 0.000013, 74.07, 0.851, 37.15, 0.729, 30.69, 0.212, 54.05, 0.137
16526,176309, 37.15, 0.00, 0.908, 0.000, 0.000019, 0.000009,0,0,0, 0.000030, 0.000024, 0.000022, 0.000013, 37.15, 0.908, 74.07, 0.864, 44.77, 0.241, 114.28, 0.208
16527,176320, 37.15, 0.00, 0.884, 0.000, 0.000020, 0.000010,0,0,0, 0.000030, 0.000023, 0.000022, 0.000013, 37.15, 0.884, 73.61, 0.869, 44.44, 0.249, 111.11, 0.091
16528,176330, 74.07, 0.00, 0.845, 0.000, 0.000019, 0.000007,0,0,0, 0.000030, 0.000022, 0.000020, 0.000013, 74.07, 0.845, 37.15, 0.750, 31.00, 0.158, 54.29, 0.059
16529,176341, 74.53, 0.00, 0.846, 0.000, 0.000018, 0.000005,0,0,0, 0.000030, 0.000019, 0.000019, 0.000014, 74.53, 0.846, 37.38, 0.811, 31.49, 0.177, 55.04, 0.109
16530,176352, 37.15, 0.00, 0.994, 0.000, 0.000019, 0.000009,0,0,0, 0.000030, 0.000020, 0.000022, 0.000013, 37.15, 0.994, 74.07, 0.722, 45.28, 0.180, 117.64, 0.058
16531,176362, 74.07, 0.00, 0.821, 0.000, 0.000019, 0.000011,0,0,0, 0.000030, 0.000026, 0.000022, 0.000013, 74.07, 0.821, 36.92, 0.756, 44.94, 0.255, 117.64, 0.116
16532,176373, 74.07, 0.00, 0.899, 0.000, 0.000020, 0.000010,0,0,0, 0.000030, 0.000022, 0.000022, 0.000013, 74.07, 0.899, 36.92, 0.843, 31.25, 0.112, 112.14, 0.108
16533,176384, 37.26, 0.00, 0.963, 0.000, 0.000019, 0.000007,0,0,0, 0.000030, 0.000024, 0.000018, 0.000013, 37.26, 0.963, 74.53, 0.953, 31.57, 0.302, 55.29, 0.159
16534,176394, 37.15, 0.00, 0.917, 0.000, 0.000019, 0.000009,0,0,0, 0.000030, 0.000022, 0.000023, 0.000014, 37.15, 0.917, 74.53, 0.916, 31.66, 0.391, 55.04, 0.248
16535,176405, 74.07, 0.00, 0.872, 0.000, 0.000020, 0.000011,0,0,0, 0.000030, 0.000021, 0.000023, 0.000013, 74.07, 0.872, 36.69, 0.867, 112.14, 0.139, 44.28, 0.103
16536,176416, 74.53, 0.00, 0.900, 0.000, 0.000020, 0.000009,0,0,0, 0.000030, 0.000025, 0.000022, 0.000013, 74.53, 0.900, 37.03, 0.808, 44.11, 0.373, 109.09, 0.184
16537,176426, 74.53, 0.00, 0.899, 0.000, 0.000020, 0.000009,0,0,0, 0.000030, 0.000023, 0.000022, 0.000013, 74.53, 0.899, 37.26, 0.850, 44.28, 0.148, 109.09, 0.116
16538,176437, 74.53, 0.00, 0.955, 0.000, 0.000019, 0.000006,0,0,0, 0.000030, 0.000022, 0.000019, 0.000013, 74.53, 0.955, 37.26, 0.895, 31.91, 0.078, 222.22, 0.050
16539,176448, 37.03, 0.00, 0.991, 0.000, 0.000019, 0.000009,0,0,0, 0.000030, 0.000021, 0.000023, 0.000014, 37.03, 0.991, 74.07, 0.926, 31.91, 0.278, 55.81, 0.202
16540,176458, 37.03, 0.00, 0.953, 0.000, 0.000019, 0.000009,0,0,0, 0.000030, 0.000022, 0.000022, 0.000013, 37.03, 0.953, 74.07, 0.945, 44.44, 0.196, 110.09, 0.187
16541,176469, 74.53, 0.00, 0.977, 0.000, 0.000020, 0.000009,0,0,0, 0.000030, 0.000023, 0.000022, 0.000013, 74.53, 0.977, 37.26, 0.944, 44.44, 0.257, 110.09, 0.183
16542,176480, 74.53, 0.00, 0.972, 0.000, 0.000019, 0.000011,0,0,0, 0.000030, 0.000025, 0.000022, 0.000012, 74.53, 0.972, 37.15, 0.940, 31.91, 0.293, 56.07, 0.171
16543,176490, 74.07, 0.00, 0.974, 0.000, 0.000019, 0.000007,0,0,0, 0.000030, 0.000021, 0.000022, 0.000014, 74.07, 0.974, 37.15, 0.959, 222.22, 0.111, 55.81, 0.107
16544,176501, 74.07, 0.00, 0.967, 0.000, 0.000019, 0.000010,0,0,0, 0.000030, 0.000021, 0.000023, 0.000013, 74.07, 0.967, 37.03, 0.934, 31.91, 0.326, 55.55, 0.220
16545,176512, 37.15, 0.00, 0.968, 0.000, 0.000020, 0.000009,0,0,0, 0.000030, 0.000024, 0.000022, 0.000013, 37.15, 0.968, 74.07, 0.966, 44.60, 0.240, 112.14, 0.213
16546,176522, 37.15, 0.00, 0.986, 0.000, 0.000020, 0.000011,0,0,0, 0.000030, 0.000023, 0.000022, 0.000013, 37.15, 0.986, 74.53, 0.983, 44.28, 0.190, 109.09, 0.141
16547,176533, 74.07, 0.00, 0.981, 0.000, 0.000019, 0.000007,0,0,0, 0.000030, 0.000025, 0.000019, 0.000012, 74.07, 0.981, 37.15, 0.966, 31.66, 0.265, 55.55, 0.177
16548,176544, 37.15, 0.00, 0.990, 0.000, 0.000019, 0.000008,0,0,0, 0.000030, 0.000021, 0.000022, 0.000014, 37.15, 0.990, 74.07, 0.977, 31.74, 0.155, 56.07, 0.125
16549,176554, 37.15, 0.00, 0.984, 0.000, 0.000019, 0.000009,0,0,0, 0.000030, 0.000021, 0.000023, 0.000013, 37.15, 0.984, 74.07, 0.981, 32.17, 0.192, 56.60, 0.145
16550,176565, 74.07, 0.00, 0.974, 0.000, 0.000020, 0.000009,0,0,0, 0.000030, 0.000024, 0.000022, 0.000013, 74.07, 0.974, 37.15, 0.964, 44.44, 0.290, 110.09, 0.206
16551,176576, 74.53, 0.00, 0.985, 0.000, 0.000020, 0.000010,0,0,0, 0.000030, 0.000023, 0.000022, 0.000013, 74.53, 0.985, 37.26, 0.969, 44.11, 0.159, 108.10, 0.116
16552,176586, 74.53, 0.00, 0.980, 0.000, 0.000019, 0.000007,0,0,0, 0.000030, 0.000024, 0.000018, 0.000012, 74.53, 0.980, 37.15, 0.977, 31.83, 0.247, 56.07, 0.153
16553,176597, 74.53, 0.00, 0.976, 0.000, 0.000019, 0.000008,0,0,0, 0.000030, 0.000020, 0.000022, 0.000014, 74.53, 0.976, 37.15, 0.946, 31.83, 0.189, 56.07, 0.163
16554,176608, 37.03, 0.00, 0.981, 0.000, 0.000019, 0.000010,0,0,0, 0.000030, 0.000021, 0.000023, 0.000013, 37.03, 0.981, 74.07, 0.966, 44.77, 0.161, 112.14, 0.156
16555,176618, 74.07, 0.00, 0.963, 0.000, 0.000020, 0.000010,0,0,0, 0.000030, 0.000026, 0.000023, 0.000013, 74.07, 0.963, 37.03, 0.961, 44.44, 0.304, 111.11, 0.242
16556,176629, 74.07, 0.00, 0.975, 0.000, 0.000020, 0.000011,0,0,0, 0.000030, 0.000023, 0.000022, 0.000013, 74.07, 0.975, 37.15, 0.960, 31.83, 0.186, 55.81, 0.148
16557,176640, 37.15, 0.00, 0.990, 0.000, 0.000019, 0.000008,0,0,0, 0.000030, 0.000024, 0.000019, 0.000013, 37.15, 0.990, 74.53, 0.982, 31.66, 0.209, 55.55, 0.138
16558,176650, 37.03, 0.00, 0.996, 0.000, 0.000019, 0.000009,0,0,0, 0.000030, 0.000021, 0.000023, 0.000014, 37.03, 0.996, 74.07, 0.978, 31.66, 0.242, 55.29, 0.188
16559,176661, 74.07, 0.00, 0.985, 0.000, 0.000020, 0.000009,0,0,0, 0.000030, 0.000022, 0.000023, 0.000013, 74.07, 0.985, 37.03, 0.970, 44.44, 0.168, 111.11, 0.141
16560,176672, 74.53, 0.00, 0.979, 0.000, 0.000020, 0.000009,0,0,0, 0.000030, 0.000025, 0.000022, 0.000013, 74.53, 0.979, 37.15, 0.964, 44.44, 0.276, 111.11, 0.193
16561,176682, 74.53, 0.00, 0.986, 0.000, 0.000020, 0.000011,0,0,0, 0.000030, 0.000024, 0.000022, 0.000012, 74.53, 0.986, 37.26, 0.976, 32.00, 0.177, 230.76, 0.109
16562,176693, 74.07, 0.00, 0.981, 0.000, 0.000019, 0.000007,0,0,0, 0.000030, 0.000022, 0.000021, 0.000013, 74.07, 0.981, 37.15, 0.968, 226.41, 0.078, 55.55, 0.066
16563,176704, 37.15, 0.00, 0.987, 0.000, 0.000019, 0.000009,0,0,0, 0.000030, 0.000021, 0.000023, 0.000014, 37.15, 0.987, 74.07, 0.984, 31.83, 0.298, 55.81, 0.216
16564,176714, 37.15, 0.00, 0.996, 0.000, 0.000020, 0.000009,0,0,0, 0.000030, 0.000023, 0.000022, 0.000013, 37.15, 0.996, 74.07, 0.982, 44.44, 0.213, 110.09, 0.184
16565,176725, 37.15, 0.00, 0.988, 0.000, 0.000020, 0.000010,0,0,0, 0.000030, 0.000024, 0.000022, 0.000013, 37.15, 0.988, 74.53, 0.987, 44.44, 0.233, 110.09, 0.176
16566,176736, 74.07, 0.00, 0.990, 0.000, 0.000019, 0.000010,0,0,0, 0.000030, 0.000025, 0.000022, 0.000012, 74.07, 0.990, 37.15, 0.977, 31.83, 0.336, 55.81, 0.204
16567,176746, 37.15, 0.00, 0.993, 0.000, 0.000019, 0.000008,0,0,0, 0.000030, 0.000021, 0.000023, 0.000014, 37.15, 0.993, 74.07, 0.986, 55.81, 0.116, 222.22, 0.109
16568,176757, 74.07, 0.00, 0.983, 0.000, 0.000019, 0.000009,0,0,0, 0.000030, 0.000021, 0.000023, 0.000013, 74.07, 0.983, 37.15, 0.964, 32.08, 0.306, 56.07, 0.205
16569,176768, 74.07, 0.00, 0.972, 0.000, 0.000020, 0.000009,0,0,0, 0.000030, 0.000023, 0.000023, 0.000013, 74.07, 0.972, 37.03, 0.950, 44.44, 0.228, 111.11, 0.183
16570,176778, 74.53, 0.00, 0.979, 0.000, 0.000020, 0.000010,0,0,0, 0.000030, 0.000023, 0.000022, 0.000013, 74.53, 0.979, 37.15, 0.950, 43.95, 0.190, 108.10, 0.114
16571,176789, 37.15, 0.00, 0.977, 0.000, 0.000019, 0.000007,0,0,0, 0.000030, 0.000025, 0.000018, 0.000012, 37.15, 0.977, 74.53, 0.971, 31.57, 0.280, 55.81, 0.144
16572,176800, 74.53, 0.00, 0.982, 0.000, 0.000019, 0.000008,0,0,0, 0.000030, 0.000020, 0.000022, 0.000014, 74.53, 0.982, 37.15, 0.957, 56.07, 0.094, 31.83, 0.093
16573,176810, 37.15, 0.00, 0.992, 0.000, 0.000019, 0.000009,0,0,0, 0.000030, 0.000020, 0.000022, 0.000013, 37.15, 0.992, 74.07, 0.972, 32.25, 0.182, 56.33, 0.125
16574,176821, 74.07, 0.00, 0.980, 0.000, 0.000020, 0.000009,0,0,0, 0.000030, 0.000024, 0.000022, 0.000013, 74.07, 0.980, 37.03, 0.971, 44.44, 0.271, 111.11, 0.196
16575,176832, 74.53, 0.00, 0.978, 0.000, 0.000020, 0.000010,0,0,0, 0.000030, 0.000023, 0.000022, 0.000013, 74.53, 0.978, 37.15, 0.961, 44.11, 0.127, 108.10, 0.098
16576,176842, 74.53, 0.00, 0.974, 0.000, 0.000019, 0.000007,0,0,0, 0.000030, 0.000024, 0.000018, 0.000012, 74.53, 0.974, 37.15, 0.968, 31.66, 0.270, 55.81, 0.151
16577,176853, 74.53, 0.00, 0.974, 0.000, 0.000019, 0.000008,0,0,0, 0.000030, 0.000021, 0.000022, 0.000014, 74.53, 0.974, 37.15, 0.954, 31.83, 0.176, 55.55, 0.156
16578,176864, 74.07, 0.00, 0.971, 0.000, 0.000019, 0.000009,0,0,0, 0.000030, 0.000020, 0.000022, 0.000013, 74.07, 0.971, 37.03, 0.959, 44.94, 0.142, 113.20, 0.129
16579,176874, 74.07, 0.00, 0.972, 0.000, 0.000020, 0.000009,0,0,0, 0.000030, 0.000025, 0.000022, 0.000013, 74.07, 0.972, 37.15, 0.956, 44.60, 0.282, 112.14, 0.202
16580,176885, 74.07, 0.00, 0.981, 0.000, 0.000020, 0.000011,0,0,0, 0.000030, 0.000023, 0.000022, 0.000013, 74.07, 0.981, 37.15, 0.974, 31.83, 0.110, 44.11, 0.086
16581,176896, 74.07, 0.00, 0.992, 0.000, 0.000019, 0.000007,0,0,0, 0.000030, 0.000023, 0.000019, 0.000013, 74.07, 0.992, 37.03, 0.982, 31.57, 0.131, 222.22, 0.088
16582,176906, 37.15, 0.00, 0.997, 0.000, 0.000019, 0.000008,0,0,0, 0.000030, 0.000020, 0.000022, 0.000014, 37.15, 0.997, 74.07, 0.980, 31.66, 0.204, 55.55, 0.143
16583,176917, 37.15, 0.00, 0.987, 0.000, 0.000019, 0.000009,0,0,0, 0.000030, 0.000021, 0.000022, 0.000013, 37.15, 0.987, 74.53, 0.982, 44.60, 0.145, 111.11, 0.127
16584,176928, 74.53, 0.00, 0.977, 0.000, 0.000019, 0.000009,0,0,0, 0.000030, 0.000024, 0.000022, 0.000013, 74.53, 0.977, 37.15, 0.955, 44.28, 0.269, 110.09, 0.167
16585,176938, 74.53, 0.00, 0.980, 0.000, 0.000020, 0.000010,0,0,0, 0.000030, 0.000023, 0.000022, 0.000013, 74.53, 0.980, 37.15, 0.955, 31.91, 0.117, 43.95, 0.088
16586,176949, 37.15, 0.00, 0.976, 0.000, 0.000019, 0.000007,0,0,0, 0.000030, 0.000022, 0.000020, 0.000013, 37.15, 0.976, 74.07, 0.966, 31.66, 0.075, 230.76, 0.051
16587,176960, 74.07, 0.00, 0.969, 0.000, 0.000019, 0.000008,0,0,0, 0.000030, 0.000020, 0.000022, 0.000014, 74.07, 0.969, 37.03, 0.948, 31.91, 0.258, 56.07, 0.193
16588,176970, 74.07, 0.00, 0.980, 0.000, 0.000019, 0.000009,0,0,0, 0.000030, 0.000022, 0.000022, 0.000013, 74.07, 0.980, 37.03, 0.971, 44.44, 0.178, 111.11, 0.152
16589,176981, 74.07, 0.00, 0.988, 0.000, 0.000020, 0.000010,0,0,0, 0.000030, 0.000024, 0.000022, 0.000013, 74.07, 0.988, 37.15, 0.985, 44.44, 0.214, 111.11, 0.153
16590,176992, 74.07, 0.00, 0.984, 0.000, 0.000019, 0.000010,0,0,0, 0.000030, 0.000024, 0.000022, 0.000012, 74.07, 0.984, 37.15, 0.966, 31.74, 0.262, 55.55, 0.155
16591,177002, 37.03, 0.00, 0.986, 0.000, 0.000019, 0.000007,0,0,0, 0.000030, 0.000021, 0.000022, 0.000014, 37.03, 0.986, 74.07, 0.969, 31.74, 0.068, 222.22, 0.045
16592,177013, 36.92, 0.00, 0.992, 0.000, 0.000019, 0.000009,0,0,0, 0.000030, 0.000019, 0.000022, 0.000013, 36.92, 0.992, 74.07, 0.952, 31.91, 0.196, 56.33, 0.121
16593,177024, 74.07, 0.00, 0.956, 0.000, 0.000019, 0.000008,0,0,0, 0.000030, 0.000023, 0.000022, 0.000013, 74.07, 0.956, 37.03, 0.936, 44.11, 0.195, 110.09, 0.117
16594,177034, 74.53, 0.00, 0.968, 0.000, 0.000020, 0.000008,0,0,0, 0.000030, 0.000023, 0.000022, 0.000013, 74.53, 0.968, 37.26, 0.935, 43.95, 0.127, 108.10, 0.071
16595,177045, 74.53, 0.00, 0.988, 0.000, 0.000019, 0.000006,0,0,0, 0.000030, 0.000024, 0.000020, 0.000012, 74.53, 0.988, 37.15, 0.980, 31.91, 0.209, 56.33, 0.081
16596,177056, 74.07, 0.00, 0.985, 0.000, 0.000019, 0.000006,0,0,0, 0.000030, 0.000019, 0.000022, 0.000014, 74.07, 0.985, 37.15, 0.977, 235.29, 0.018, 56.33, 0.013
16597,177066, 37.03, 0.00, 0.990, 0.000, 0.000019, 0.000008,0,0,0, 0.000030, 0.000019, 0.000022, 0.000012, 37.03, 0.990, 74.07, 0.973, 32.34, 0.134, 56.60, 0.076
16598,177077, 37.03, 0.00, 0.991, 0.000, 0.000019, 0.000007,0,0,0, 0.000030, 0.000024, 0.000022, 0.000014, 37.03, 0.991, 74.07, 0.956, 44.11, 0.190, 108.10, 0.119
16599,177088, 37.15, 0.00, 0.991, 0.000, 0.000020, 0.000009,0,0,0, 0.000030, 0.000022, 0.000022, 0.000013, 37.15, 0.991, 74.07, 0.965, 31.91, 0.043, 107.14, 0.031
16600,177098, 74.07, 0.00, 0.975, 0.000, 0.000019, 0.000006,0,0,0, 0.000030, 0.000024, 0.000019, 0.000012, 74.07, 0.975, 37.15, 0.946, 32.00, 0.214, 56.33, 0.108
16601,177109, 37.15, 0.00, 0.976, 0.000, 0.000019, 0.000008,0,0,0, 0.000030, 0.000020, 0.000022, 0.000014, 37.15, 0.976, 74.07, 0.972, 31.91, 0.139, 56.07, 0.112
16602,177120, 74.07, 0.00, 0.952, 0.000, 0.000019, 0.000009,0,0,0, 0.000030, 0.000019, 0.000022, 0.000012, 74.07, 0.952, 37.03, 0.945, 32.34, 0.066, 56.60, 0.065
16603,177130, 74.53, 0.00, 0.898, 0.000, 0.000019, 0.000008,0,0,0, 0.000030, 0.000023, 0.000022, 0.000014, 74.53, 0.898, 37.15, 0.819, 43.63, 0.149, 107.14, 0.072
16604,177141, 73.61, 0.00, 0.821, 0.000, 0.000019, 0.000010,0,0,0, 0.000030, 0.000025, 0.000023, 0.000011, 73.61, 0.821, 36.80, 0.673, 31.33, 0.182, 250.00, 0.013
16605,177152, 72.28, 0.00, 0.657, 0.000, 0.000020, 0.000012,0,0,0, 0.000030, 0.000022, 0.000024, 0.000014, 72.28, 0.657, 35.39, 0.514, 33.42, 0.488, 37.26, 0.454
16606,177162, 33.99, 0.00, 0.953, 0.000, 0.000020, 0.000009,0,0,0, 0.000030, 0.000017, 0.000023, 0.000011, 33.99, 0.953, 69.36, 0.670, 0.00, 0.000, 0.00, 0.000
16607,177173, 69.76, 0.00, 0.522, 0.000, 0.000018, 0.000010,0,0,0, 0.000030, 0.000006, 0.000024, 0.000005, 69.76, 0.522, 32.00, 0.176, 0.00, 0.000, 0.00, 0.000
16608,177184, 41.52, 0.00, 0.617, 0.000, 0.000021, 0.000017,0,0,0, 0.000030, 0.000020, 0.000026, 0.000014, 41.52, 0.617, 80.53, 0.313, 0.00, 0.000, 0.00, 0.000
16609,177194, 97.56, 0.00, 0.557, 0.000, 0.000020, 0.000012,0,0,0, 0.000030, 0.000021, 0.000021, 0.000013, 97.56, 0.557, 41.81, 0.516, 0.00, 0.000, 0.00, 0.000
16610,177205, 97.56, 0.00, 0.674, 0.000, 0.000019, 0.000008,0,0,0, 0.000030, 0.000023, 0.000020, 0.000014, 97.56, 0.674, 48.58, 0.554, 42.85, 0.293, 32.52, 0.203
16611,177216, 96.77, 0.00, 0.673, 0.000, 0.000019, 0.000006,0,0,0, 0.000030, 0.000013, 0.000021, 0.000011, 96.77, 0.673, 48.58, 0.576, 42.85, 0.449, 0.00, 0.000
16612,177226, 76.92, 0.00, 0.413, 0.000, 0.000021, 0.000020,0,0,0, 0.000030, 0.000021, 0.000026, 0.000012, 76.92, 0.413, 37.97, 0.296, 42.40, 0.287, 96.77, 0.232
16613,177237, 32.34, 0.00, 0.644, 0.000, 0.000021, 0.000017,0,0,0, 0.000030, 0.000025, 0.000025, 0.000011, 32.34, 0.644, 41.95, 0.235, 38.33, 0.085, 155.84, 0.030
16614,177248, 54.29, 0.00, 0.422, 0.000, 0.000020, 0.000012,0,0,0, 0.000030, 0.000026, 0.000020, 0.000010, 54.29, 0.422, 31.74, 0.411, 42.40, 0.343, 0.00, 0.000
16615,177258, 54.29, 0.00, 0.792, 0.000, 0.000021, 0.000016,0,0,0, 0.000030, 0.000019, 0.000026, 0.000012, 54.29, 0.792, 0.00, 0.000, 0.00, 0.000, 0.00, 0.000
16616,177269, 54.54, 0.00, 0.721, 0.000, 0.000020, 0.000011,0,0,0, 0.000030, 0.000026, 0.000021, 0.000014, 54.54, 0.721, 33.80, 0.245, 0.00, 0.000, 0.00, 0.000
16617,177280, 55.81, 0.00, 0.506, 0.000, 0.000019, 0.000008,0,0,0, 0.000030, 0.000015, 0.000021, 0.000013, 55.81, 0.506, 37.85, 0.380, 134.83, 0.091, 0.00, 0.000
16618,177290, 57.41, 0.00, 0.425, 0.000, 0.000020, 0.000011,0,0,0, 0.000030, 0.000024, 0.000023, 0.000013, 57.41, 0.425, 40.81, 0.236, 102.56, 0.008, 0.00, 0.000
16619,177301, 57.69, 0.00, 0.285, 0.000, 0.000019, 0.000007,0,0,0, 0.000030, 0.000024, 0.000020, 0.000012, 57.69, 0.285, 59.40, 0.272, 37.73, 0.256, 42.25, 0.213
16620,177312, 52.40, 0.00, 0.430, 0.000, 0.000019, 0.000010,0,0,0, 0.000030, 0.000019, 0.000022, 0.000013, 52.40, 0.430, 56.33, 0.362, 101.69, 0.143, 33.99, 0.065
16621,177322, 31.08, 0.00, 0.523, 0.000, 0.000019, 0.000007,0,0,0, 0.000030, 0.000029, 0.000021, 0.000010, 31.08, 0.523, 48.78, 0.495, 51.72, 0.495, 96.77, 0.221
16622,177333, 56.60, 0.00, 0.559, 0.000, 0.000020, 0.000015,0,0,0, 0.000030, 0.000020, 0.000025, 0.000014, 56.60, 0.559, 37.50, 0.296, 0.00, 0.000, 0.00, 0.000
16623,177344, 57.14, 0.00, 0.797, 0.000, 0.000021, 0.000011,0,0,0, 0.000030, 0.000025, 0.000023, 0.000012, 57.14, 0.797, 32.17, 0.302, 0.00, 0.000, 0.00, 0.000
16624,177354, 58.25, 0.00, 0.696, 0.000, 0.000020, 0.000007,0,0,0, 0.000030, 0.000021, 0.000020, 0.000013, 58.25, 0.696, 70.58, 0.174, 38.21, 0.091, 0.00, 0.000
16625,177365, 57.97, 0.00, 0.594, 0.000, 0.000019, 0.000008,0,0,0, 0.000030, 0.000019, 0.000022, 0.000012, 57.97, 0.594, 38.58, 0.159, 114.28, 0.094, 43.16, 0.041
16626,177376, 52.17, 0.00, 0.422, 0.000, 0.000019, 0.000006,0,0,0, 0.000030, 0.000029, 0.000022, 0.000010, 52.17, 0.422, 45.45, 0.186, 114.28, 0.046, 108.10, 0.033
16627,177386, 55.81, 0.00, 0.686, 0.000, 0.000020, 0.000016,0,0,0, 0.000030, 0.000019, 0.000025, 0.000014, 55.81, 0.686, 37.26, 0.252, 0.00, 0.000, 0.00, 0.000
16628,177397, 55.55, 0.00, 0.745, 0.000, 0.000020, 0.000011,0,0,0, 0.000030, 0.000026, 0.000023, 0.000012, 55.55, 0.745, 31.49, 0.451, 71.00, 0.179, 35.50, 0.163
16629,177408, 54.05, 0.00, 0.739, 0.000, 0.000020, 0.000007,0,0,0, 0.000030, 0.000020, 0.000022, 0.000013, 54.05, 0.739, 0.00, 0.000, 0.00, 0.000, 0.00, 0.000
16630,177418, 54.05, 0.00, 0.648, 0.000, 0.000020, 0.000008,0,0,0, 0.000030, 0.000020, 0.000022, 0.000013, 54.05, 0.648, 44.11, 0.080, 0.00, 0.000, 0.00, 0.000
16631,177429, 59.11, 0.00, 0.718, 0.000, 0.000019, 0.000006,0,0,0, 0.000030, 0.000021, 0.000021, 0.000013, 59.11, 0.718, 37.26, 0.232, 39.34, 0.201, 101.69, 0.093
16632,177440, 55.29, 0.00, 0.725, 0.000, 0.000019, 0.000010,0,0,0, 0.000030, 0.000020, 0.000022, 0.000013, 55.29, 0.725, 39.08, 0.410, 118.81, 0.338, 105.26, 0.317
16633,177450, 54.29, 0.00, 0.623, 0.000, 0.000020, 0.000010,0,0,0, 0.000030, 0.000027, 0.000023, 0.000012, 54.29, 0.623, 100.84, 0.411, 32.08, 0.185, 35.08, 0.112
16634,177461, 54.54, 0.00, 0.528, 0.000, 0.000020, 0.000008,0,0,0, 0.000030, 0.000015, 0.000023, 0.000013, 54.54, 0.528, 37.50, 0.475, 107.14, 0.228, 116.50, 0.224
16635,177472, 55.29, 0.00, 0.589, 0.000, 0.000020, 0.000012,0,0,0, 0.000030, 0.000024, 0.000024, 0.000013, 55.29, 0.589, 44.28, 0.116, 107.14, 0.051, 37.85, 0.019
16636,177482, 57.69, 0.00, 0.417, 0.000, 0.000020, 0.000012,0,0,0, 0.000030, 0.000025, 0.000023, 0.000012, 57.69, 0.417, 31.16, 0.339, 44.60, 0.225, 74.07, 0.160
16637,177493, 54.79, 0.00, 0.512, 0.000, 0.000019, 0.000008,0,0,0, 0.000030, 0.000016, 0.000021, 0.000012, 54.79, 0.512, 36.25, 0.097, 44.77, 0.091, 46.33, 0.090
16638,177504, 57.14, 0.00, 0.413, 0.000, 0.000020, 0.000008,0,0,0, 0.000030, 0.000025, 0.000023, 0.000013, 57.14, 0.413, 50.42, 0.209, 32.52, 0.179, 97.56, 0.124
16639,177514, 57.41, 0.00, 0.665, 0.000, 0.000020, 0.000009,0,0,0, 0.000030, 0.000018, 0.000022, 0.000014, 57.41, 0.665, 37.03, 0.340, 100.84, 0.115, 0.00, 0.000
16640,177525, 58.53, 0.00, 0.733, 0.000, 0.000021, 0.000019,0,0,0, 0.000030, 0.000025, 0.000025, 0.000011, 58.53, 0.733, 0.00, 0.000, 0.00, 0.000, 0.00, 0.000
16641,177536, 58.82, 0.00, 0.624, 0.000, 0.000020, 0.000013,0,0,0, 0.000030, 0.000022, 0.000020, 0.000013, 58.82, 0.624, 37.15, 0.113, 0.00, 0.000, 0.00, 0.000
16642,177546, 55.55, 0.00, 0.681, 0.000, 0.000020, 0.000009,0,0,0, 0.000030, 0.000019, 0.000023, 0.000012, 55.55, 0.681, 0.00, 0.000, 0.00, 0.000, 0.00, 0.000
16643,177557, 49.58, 0.00, 0.733, 0.000, 0.000020, 0.000006,0,0,0, 0.000030, 0.000026, 0.000022, 0.000014, 49.58, 0.733, 32.52, 0.316, 98.36, 0.088, 0.00, 0.000
16644,177568, 50.42, 0.00, 0.635, 0.000, 0.000020, 0.000005,0,0,0, 0.000030, 0.000021, 0.000022, 0.000014, 50.42, 0.635, 36.25, 0.554, 125.00, 0.169, 0.00, 0.000
16645,177578, 57.14, 0.00, 0.535, 0.000, 0.000021, 0.000021,0,0,0, 0.000030, 0.000027, 0.000025, 0.000011, 57.14, 0.535, 0.00, 0.000, 0.00, 0.000, 0.00, 0.000
16646,177589, 57.69, 0.00, 0.760, 0.000, 0.000020, 0.000014,0,0,0, 0.000030, 0.000022, 0.000020, 0.000013, 57.69, 0.760, 36.92, 0.115, 0.00, 0.000, 0.00, 0.000
16647,177600, 57.14, 0.00, 0.748, 0.000, 0.000019, 0.000010,0,0,0, 0.000030, 0.000017, 0.000020, 0.000013, 57.14, 0.748, 38.33, 0.166, 0.00, 0.000, 0.00, 0.000
16648,177610, 56.07, 0.00, 0.588, 0.000, 0.000019, 0.000008,0,0,0, 0.000030, 0.000025, 0.000023, 0.000014, 56.07, 0.588, 34.09, 0.232, 97.56, 0.154, 0.00, 0.000
16649,177621, 54.29, 0.00, 0.783, 0.000, 0.000020, 0.000006,0,0,0, 0.000030, 0.000020, 0.000021, 0.000013, 54.29, 0.783, 36.92, 0.526, 115.38, 0.328, 0.00, 0.000
16650,177632, 56.87, 0.00, 0.618, 0.000, 0.000021, 0.000019,0,0,0, 0.000030, 0.000027, 0.000025, 0.000011, 56.87, 0.618, 41.95, 0.080, 99.17, 0.071, 0.00, 0.000
16651,177642, 56.60, 0.00, 0.633, 0.000, 0.000020, 0.000013,0,0,0, 0.000030, 0.000019, 0.000021, 0.000014, 56.60, 0.633, 35.71, 0.198, 0.00, 0.000, 0.00, 0.000
16652,177653, 56.60, 0.00, 0.629, 0.000, 0.000019, 0.000009,0,0,0, 0.000030, 0.000020, 0.000021, 0.000013, 56.60, 0.629, 38.33, 0.182, 0.00, 0.000, 0.00, 0.000
16653,177664, 53.09, 0.00, 0.588, 0.000, 0.000019, 0.000006,0,0,0, 0.000030, 0.000022, 0.000022, 0.000014, 53.09, 0.588, 32.69, 0.563, 92.30, 0.249, 0.00, 0.000
16654,177674, 54.54, 0.00, 0.774, 0.000, 0.000020, 0.000009,0,0,0, 0.000030, 0.000020, 0.000022, 0.000013, 54.54, 0.774, 36.58, 0.540, 111.11, 0.445, 0.00, 0.000
16655,177685, 55.29, 0.00, 0.619, 0.000, 0.000020, 0.000010,0,0,0, 0.000030, 0.000026, 0.000022, 0.000012, 55.29, 0.619, 110.09, 0.320, 34.88, 0.261, 33.24, 0.157
16656,177696, 55.55, 0.00, 0.781, 0.000, 0.000020, 0.000007,0,0,0, 0.000030, 0.000020, 0.000022, 0.000013, 55.55, 0.781, 38.83, 0.190, 111.11, 0.167, 0.00, 0.000
16657,177706, 56.33, 0.00, 0.787, 0.000, 0.000021, 0.000017,0,0,0, 0.000030, 0.000023, 0.000025, 0.000012, 56.33, 0.787, 0.00, 0.000, 0.00, 0.000, 0.00, 0.000
16658,177717, 57.14, 0.00, 0.668, 0.000, 0.000020, 0.000012,0,0,0, 0.000030, 0.000020, 0.000021, 0.000013, 57.14, 0.668, 34.88, 0.259, 0.00, 0.000, 0.00, 0.000
16659,177728, 53.09, 0.00, 0.523, 0.000, 0.000019, 0.000011,0,0,0, 0.000030, 0.000018, 0.000022, 0.000012, 53.09, 0.523, 37.50, 0.312, 109.09, 0.060, 0.00, 0.000
16660,177738, 52.17, 0.00, 0.643, 0.000, 0.000019, 0.000007,0,0,0, 0.000030, 0.000025, 0.000022, 0.000014, 52.17, 0.643, 32.00, 0.501, 102.56, 0.369, 90.90, 0.323
16661,177749, 55.04, 0.00, 0.605, 0.000, 0.000020, 0.000011,0,0,0, 0.000030, 0.000019, 0.000023, 0.000013, 55.04, 0.605, 36.69, 0.561, 111.11, 0.340, 0.00, 0.000
16662,177760, 58.82, 0.00, 0.548, 0.000, 0.000019, 0.000008,0,0,0, 0.000030, 0.000020, 0.000021, 0.000014, 58.82, 0.548, 36.92, 0.260, 117.64, 0.244, 40.81, 0.235
16663,177770, 55.29, 0.00, 0.374, 0.000, 0.000020, 0.000009,0,0,0, 0.000030, 0.000023, 0.000022, 0.000013, 55.29, 0.374, 59.11, 0.364, 115.38, 0.157, 43.01, 0.071
16664,177781, 51.50, 0.00, 0.661, 0.000, 0.000019, 0.000006,0,0,0, 0.000030, 0.000017, 0.000020, 0.000012, 51.50, 0.661, 54.05, 0.659, 113.20, 0.184, 37.38, 0.181
16665,177792, 33.99, 0.00, 0.644, 0.000, 0.000019, 0.000006,0,0,0, 0.000030, 0.000025, 0.000022, 0.000015, 33.99, 0.644, 54.29, 0.643, 104.34, 0.301, 0.00, 0.000
16666,177802, 54.29, 0.00, 0.905, 0.000, 0.000020, 0.000010,0,0,0, 0.000030, 0.000019, 0.000022, 0.000013, 54.29, 0.905, 36.25, 0.441, 108.10, 0.376, 0.00, 0.000
16667,177813, 54.54, 0.00, 0.620, 0.000, 0.000021, 0.000018,0,0,0, 0.000030, 0.000025, 0.000025, 0.000011, 54.54, 0.620, 42.70, 0.178, 105.26, 0.110, 0.00, 0.000
16668,177824, 58.82, 0.00, 0.500, 0.000, 0.000020, 0.000012,0,0,0, 0.000030, 0.000021, 0.000020, 0.000013, 58.82, 0.500, 37.97, 0.316, 105.26, 0.039, 0.00, 0.000
16669,177834, 58.53, 0.00, 0.452, 0.000, 0.000019, 0.000009,0,0,0, 0.000030, 0.000018, 0.000019, 0.000012, 58.53, 0.452, 38.83, 0.288, 111.11, 0.072, 0.00, 0.000
16670,177845, 51.94, 0.00, 0.596, 0.000, 0.000019, 0.000008,0,0,0, 0.000030, 0.000025, 0.000022, 0.000014, 51.94, 0.596, 31.91, 0.506, 96.77, 0.345, 0.00, 0.000
16671,177856, 53.57, 0.00, 0.630, 0.000, 0.000020, 0.000013,0,0,0, 0.000030, 0.000017, 0.000023, 0.000013, 53.57, 0.630, 36.03, 0.547, 110.09, 0.355, 0.00, 0.000
16672,177866, 55.04, 0.00, 0.792, 0.000, 0.000019, 0.000009,0,0,0, 0.000030, 0.000023, 0.000021, 0.000013, 55.04, 0.792, 32.60, 0.291, 35.92, 0.282, 109.09, 0.131
16673,177877, 55.04, 0.00, 0.916, 0.000, 0.000020, 0.000010,0,0,0, 0.000030, 0.000021, 0.000023, 0.000012, 55.04, 0.916, 111.11, 0.102, 37.26, 0.049, 0.00, 0.000
16674,177888, 56.07, 0.00, 0.812, 0.000, 0.000019, 0.000007,0,0,0, 0.000030, 0.000017, 0.000020, 0.000013, 56.07, 0.812, 112.14, 0.096, 38.21, 0.052, 0.00, 0.000
16675,177898, 57.14, 0.00, 0.854, 0.000, 0.000019, 0.000007,0,0,0, 0.000030, 0.000022, 0.000022, 0.000014, 57.14, 0.854, 37.73, 0.190, 108.10, 0.146, 0.00, 0.000
16676,177909, 53.57, 0.00, 0.747, 0.000, 0.000019, 0.000010,0,0,0, 0.000030, 0.000020, 0.000022, 0.000013, 53.57, 0.747, 37.61, 0.489, 111.11, 0.358, 0.00, 0.000
16677,177920, 53.33, 0.00, 0.601, 0.000, 0.000020, 0.000008,0,0,0, 0.000030, 0.000026, 0.000022, 0.000012, 53.33, 0.601, 103.44, 0.308, 31.25, 0.109, 0.00, 0.000
16678,177930, 56.60, 0.00, 0.522, 0.000, 0.000020, 0.000007,0,0,0, 0.000030, 0.000021, 0.000022, 0.000012, 56.60, 0.522, 37.26, 0.306, 112.14, 0.103, 0.00, 0.000
16679,177941, 58.53, 0.00, 0.623, 0.000, 0.000019, 0.000005,0,0,0, 0.000030, 0.000018, 0.000021, 0.000014, 58.53, 0.623, 38.21, 0.275, 117.64, 0.063, 0.00, 0.000
16680,177952, 53.33, 0.00, 0.645, 0.000, 0.000020, 0.000006,0,0,0, 0.000030, 0.000022, 0.000022, 0.000014, 53.33, 0.645, 32.08, 0.385, 107.14, 0.075, 0.00, 0.000
16681,177962, 53.33, 0.00, 0.811, 0.000, 0.000018, 0.000004,0,0,0, 0.000030, 0.000014, 0.000017, 0.000011, 53.33, 0.811, 105.26, 0.322, 35.92, 0.310, 0.00, 0.000
16682,177973, 51.94, 0.00, 0.534, 0.000, 0.000020, 0.000016,0,0,0, 0.000030, 0.000023, 0.000025, 0.000014, 51.94, 0.534, 31.83, 0.381, 105.26, 0.123, 98.36, 0.117
16683,177984, 30.76, 0.00, 0.682, 0.000, 0.000020, 0.000016,0,0,0, 0.000030, 0.000025, 0.000024, 0.000012, 30.76, 0.682, 43.79, 0.327, 52.86, 0.108, 97.56, 0.077
16684,177994, 30.30, 0.00, 0.508, 0.000, 0.000020, 0.000011,0,0,0, 0.000030, 0.000021, 0.000023, 0.000014, 30.30, 0.508, 96.77, 0.239, 43.95, 0.185, 56.87, 0.086
16685,178005, 32.87, 0.00, 0.663, 0.000, 0.000021, 0.000011,0,0,0, 0.000030, 0.000025, 0.000023, 0.000013, 32.87, 0.663, 98.36, 0.541, 49.79, 0.431, 0.00, 0.000
16686,178016, 50.00, 0.00, 0.812, 0.000, 0.000019, 0.000007,0,0,0, 0.000030, 0.000017, 0.000020, 0.000011, 50.00, 0.812, 33.24, 0.495, 100.00, 0.490, 38.83, 0.009
16687,178026, 49.79, 0.00, 0.837, 0.000, 0.000020, 0.000010,0,0,0, 0.000030, 0.000026, 0.000023, 0.000014, 49.79, 0.837, 33.05, 0.502, 99.17, 0.387, 30.53, 0.283
16688,178037, 33.14, 0.00, 0.851, 0.000, 0.000020, 0.000008,0,0,0, 0.000030, 0.000025, 0.000022, 0.000012, 33.14, 0.851, 49.58, 0.733, 100.00, 0.481, 41.09, 0.044
16689,178048, 100.00, 0.00, 0.639, 0.000, 0.000019, 0.000005,0,0,0, 0.000030, 0.000024, 0.000021, 0.000012, 100.00, 0.639, 33.14, 0.631, 49.79, 0.577, 0.00, 0.000
16690,178058, 100.00, 0.00, 0.722, 0.000, 0.000019, 0.000004,0,0,0, 0.000030, 0.000024, 0.000020, 0.000013, 100.00, 0.722, 33.14, 0.716, 49.58, 0.643, 0.00, 0.000
16691,178069, 33.14, 0.00, 0.774, 0.000, 0.000019, 0.000012,0,0,0, 0.000030, 0.000025, 0.000023, 0.000012, 33.14, 0.774, 99.17, 0.689, 49.58, 0.580, 64.86, 0.176
16692,178080, 99.17, 0.00, 0.698, 0.000, 0.000020, 0.000014,0,0,0, 0.000030, 0.000026, 0.000024, 0.000011, 99.17, 0.698, 33.05, 0.627, 49.79, 0.610, 30.45, 0.157
16693,178090, 100.00, 0.00, 0.863, 0.000, 0.000020, 0.000012,0,0,0, 0.000030, 0.000026, 0.000024, 0.000011, 100.00, 0.863, 49.79, 0.784, 33.14, 0.612, 39.21, 0.125
16694,178101, 99.17, 0.00, 0.830, 0.000, 0.000021, 0.000011,0,0,0, 0.000030, 0.000023, 0.000024, 0.000013, 99.17, 0.830, 49.79, 0.782, 33.14, 0.579, 39.21, 0.134
16695,178112, 49.79, 0.00, 0.671, 0.000, 0.000020, 0.000008,0,0,0, 0.000030, 0.000023, 0.000021, 0.000012, 49.79, 0.671, 100.00, 0.607, 33.24, 0.423, 37.15, 0.287
16696,178122, 49.79, 0.00, 0.687, 0.000, 0.000019, 0.000005,0,0,0, 0.000030, 0.000017, 0.000021, 0.000014, 49.79, 0.687, 33.24, 0.507, 99.17, 0.461, 34.98, 0.397
16697,178133, 49.58, 0.00, 0.725, 0.000, 0.000019, 0.000004,0,0,0, 0.000030, 0.000024, 0.000021, 0.000012, 49.58, 0.725, 99.17, 0.394, 39.21, 0.298, 33.14, 0.291
16698,178144, 49.58, 0.00, 0.617, 0.000, 0.000018, 0.000006,0,0,0, 0.000030, 0.000024, 0.000021, 0.000013, 49.58, 0.617, 99.17, 0.550, 32.96, 0.232, 67.79, 0.160
16699,178154, 100.00, 0.00, 0.716, 0.000, 0.000019, 0.000008,0,0,0, 0.000030, 0.000023, 0.000021, 0.000013, 100.00, 0.716, 50.00, 0.614, 33.24, 0.441, 40.67, 0.426
16700,178165, 99.17, 0.00, 0.794, 0.000, 0.000020, 0.000018,0,0,0, 0.000030, 0.000025, 0.000024, 0.000012, 99.17, 0.794, 49.79, 0.742, 33.14, 0.694, 67.79, 0.464
16701,178176, 99.17, 0.00, 0.775, 0.000, 0.000019, 0.000013,0,0,0, 0.000030, 0.000021, 0.000022, 0.000013, 99.17, 0.775, 49.58, 0.718, 33.14, 0.704, 203.38, 0.287
16702,178186, 49.58, 0.00, 0.844, 0.000, 0.000020, 0.000014,0,0,0, 0.000030, 0.000025, 0.000024, 0.000013, 49.58, 0.844, 33.14, 0.778, 99.17, 0.665, 0.00, 0.000
16703,178197, 49.79, 0.00, 0.942, 0.000, 0.000019, 0.000010,0,0,0, 0.000030, 0.000023, 0.000020, 0.000012, 49.79, 0.942, 33.24, 0.749, 100.00, 0.663, 0.00, 0.000
16704,178208, 49.58, 0.00, 0.933, 0.000, 0.000019, 0.000009,0,0,0, 0.000030, 0.000026, 0.000022, 0.000013, 49.58, 0.933, 33.14, 0.737, 99.17, 0.693, 30.92, 0.126
16705,178218, 49.58, 0.00, 0.772, 0.000, 0.000019, 0.000006,0,0,0, 0.000030, 0.000023, 0.000020, 0.000013, 49.58, 0.772, 99.17, 0.662, 33.05, 0.625, 39.34, 0.212
16706,178229, 33.05, 0.00, 0.751, 0.000, 0.000019, 0.000006,0,0,0, 0.000030, 0.000024, 0.000021, 0.000013, 33.05, 0.751, 99.17, 0.736, 49.58, 0.644, 66.29, 0.379
16707,178240, 100.00, 0.00, 0.796, 0.000, 0.000019, 0.000009,0,0,0, 0.000030, 0.000025, 0.000022, 0.000012, 100.00, 0.796, 49.58, 0.771, 33.05, 0.757, 65.93, 0.506
16708,178250, 99.17, 0.00, 0.900, 0.000, 0.000019, 0.000007,0,0,0, 0.000030, 0.000024, 0.000021, 0.000013, 99.17, 0.900, 49.79, 0.867, 33.05, 0.775, 39.47, 0.575
16709,178261, 49.79, 0.00, 0.884, 0.000, 0.000020, 0.000014,0,0,0, 0.000030, 0.000024, 0.000024, 0.000012, 49.79, 0.884, 99.17, 0.833, 33.05, 0.813, 64.86, 0.390
16710,178272, 49.38, 0.00, 0.895, 0.000, 0.000019, 0.000010,0,0,0, 0.000030, 0.000025, 0.000021, 0.000012, 49.38, 0.895, 33.05, 0.860, 99.17, 0.780, 39.21, 0.361
16711,178282, 49.58, 0.00, 0.905, 0.000, 0.000020, 0.000011,0,0,0, 0.000030, 0.000023, 0.000023, 0.000013, 49.58, 0.905, 99.17, 0.705, 33.05, 0.596, 64.51, 0.378
16712,178293, 49.79, 0.00, 0.806, 0.000, 0.000019, 0.000008,0,0,0, 0.000030, 0.000023, 0.000018, 0.000013, 49.79, 0.806, 99.17, 0.699, 33.14, 0.647, 39.60, 0.450
16713,178304, 33.14, 0.00, 0.734, 0.000, 0.000018, 0.000005,0,0,0, 0.000030, 0.000023, 0.000018, 0.000013, 33.14, 0.734, 99.17, 0.726, 49.58, 0.695, 65.57, 0.440
16714,178314, 99.17, 0.00, 0.808, 0.000, 0.000018, 0.000006,0,0,0, 0.000030, 0.000024, 0.000020, 0.000013, 99.17, 0.808, 33.05, 0.776, 49.58, 0.767, 39.60, 0.619
16715,178325, 99.17, 0.00, 0.882, 0.000, 0.000018, 0.000006,0,0,0, 0.000030, 0.000024, 0.000021, 0.000013, 99.17, 0.882, 49.79, 0.829, 33.14, 0.676, 66.66, 0.517
16716,178336, 49.79, 0.00, 0.916, 0.000, 0.000019, 0.000006,0,0,0, 0.000030, 0.000023, 0.000021, 0.000014, 49.79, 0.916, 100.00, 0.891, 33.24, 0.858, 203.38, 0.601
16717,178346, 49.79, 0.00, 0.916, 0.000, 0.000020, 0.000014,0,0,0, 0.000030, 0.000024, 0.000023, 0.000013, 49.79, 0.916, 100.00, 0.881, 33.14, 0.856, 67.03, 0.589
16718,178357, 99.17, 0.00, 0.845, 0.000, 0.000019, 0.000010,0,0,0, 0.000030, 0.000022, 0.000020, 0.000013, 99.17, 0.845, 49.79, 0.825, 33.05, 0.806, 200.00, 0.395
16719,178368, 49.79, 0.00, 0.840, 0.000, 0.000020, 0.000016,0,0,0, 0.000030, 0.000025, 0.000024, 0.000013, 49.79, 0.840, 99.17, 0.776, 33.14, 0.730, 66.29, 0.134
16720,178378, 33.14, 0.00, 0.899, 0.000, 0.000019, 0.000011,0,0,0, 0.000030, 0.000024, 0.000021, 0.000013, 33.14, 0.899, 49.79, 0.849, 99.17, 0.743, 40.00, 0.190
16721,178389, 49.58, 0.00, 0.829, 0.000, 0.000020, 0.000011,0,0,0, 0.000030, 0.000025, 0.000023, 0.000012, 49.58, 0.829, 33.14, 0.826, 99.17, 0.774, 40.95, 0.179
16722,178400, 49.58, 0.00, 0.915, 0.000, 0.000019, 0.000007,0,0,0, 0.000030, 0.000024, 0.000021, 0.000013, 49.58, 0.915, 99.17, 0.821, 32.96, 0.694, 196.72, 0.341
16723,178410, 33.14, 0.00, 0.969, 0.000, 0.000019, 0.000005,0,0,0, 0.000030, 0.000023, 0.000021, 0.000013, 33.14, 0.969, 49.79, 0.933, 99.17, 0.909, 39.86, 0.560
16724,178421, 33.14, 0.00, 0.927, 0.000, 0.000019, 0.000008,0,0,0, 0.000030, 0.000024, 0.000021, 0.000013, 33.14, 0.927, 49.79, 0.920, 99.17, 0.918, 66.29, 0.553
16725,178432, 99.17, 0.00, 0.916, 0.000, 0.000019, 0.000007,0,0,0, 0.000030, 0.000024, 0.000021, 0.000013, 99.17, 0.916, 49.79, 0.885, 33.14, 0.816, 196.72, 0.520
16726,178442, 49.58, 0.00, 0.855, 0.000, 0.000020, 0.000014,0,0,0, 0.000030, 0.000023, 0.000024, 0.000013, 49.58, 0.855, 99.17, 0.818, 33.05, 0.752, 65.57, 0.438
16727,178453, 33.05, 0.00, 0.879, 0.000, 0.000019, 0.000010,0,0,0, 0.000030, 0.000024, 0.000020, 0.000013, 33.05, 0.879, 99.17, 0.779, 49.58, 0.727, 39.60, 0.558
16728,178464, 49.79, 0.00, 0.831, 0.000, 0.000019, 0.000007,0,0,0, 0.000030, 0.000023, 0.000021, 0.000013, 49.79, 0.831, 99.17, 0.759, 33.05, 0.712, 65.93, 0.536
16729,178474, 49.58, 0.00, 0.923, 0.000, 0.000018, 0.000005,0,0,0, 0.000030, 0.000024, 0.000019, 0.000013, 49.58, 0.923, 99.17, 0.831, 33.05, 0.743, 196.72, 0.656
16730,178485, 49.58, 0.00, 0.970, 0.000, 0.000018, 0.000006,0,0,0, 0.000030, 0.000023, 0.000021, 0.000013, 49.58, 0.970, 33.14, 0.918, 99.17, 0.877, 65.93, 0.720
16731,178496, 33.14, 0.00, 0.965, 0.000, 0.000018, 0.000004,0,0,0, 0.000030, 0.000023, 0.000020, 0.000013, 33.14, 0.965, 49.79, 0.950, 99.17, 0.920, 39.60, 0.794
16732,178506, 100.00, 0.00, 0.920, 0.000, 0.000018, 0.000004,0,0,0, 0.000030, 0.000024, 0.000020, 0.000013, 100.00, 0.920, 49.79, 0.920, 33.24, 0.871, 66.66, 0.693
16733,178517, 33.14, 0.00, 0.970, 0.000, 0.000019, 0.000008,0,0,0, 0.000030, 0.000022, 0.000021, 0.000014, 33.14, 0.970, 49.79, 0.943, 99.17, 0.915, 66.66, 0.685
16734,178528, 49.79, 0.00, 0.930, 0.000, 0.000020, 0.000015,0,0,0, 0.000030, 0.000024, 0.000023, 0.000012, 49.79, 0.930, 99.17, 0.863, 33.24, 0.793, 39.86, 0.586
16735,178538, 49.79, 0.00, 0.936, 0.000, 0.000019, 0.000011,0,0,0, 0.000030, 0.000022, 0.000020, 0.000014, 49.79, 0.936, 33.05, 0.891, 99.17, 0.838, 39.86, 0.452
16736,178549, 49.58, 0.00, 0.986, 0.000, 0.000020, 0.000014,0,0,0, 0.000030, 0.000024, 0.000023, 0.000012, 49.58, 0.986, 33.14, 0.819, 99.17, 0.798, 203.38, 0.324
16737,178560, 49.58, 0.00, 0.969, 0.000, 0.000019, 0.000010,0,0,0, 0.000030, 0.000024, 0.000021, 0.000013, 49.58, 0.969, 33.05, 0.853, 99.17, 0.786, 68.18, 0.323
16738,178570, 33.05, 0.00, 0.967, 0.000, 0.000019, 0.000007,0,0,0, 0.000030, 0.000023, 0.000020, 0.000013, 33.05, 0.967, 49.58, 0.886, 99.17, 0.846, 40.26, 0.470
16739,178581, 99.17, 0.00, 0.901, 0.000, 0.000018, 0.000005,0,0,0, 0.000030, 0.000024, 0.000020, 0.000013, 99.17, 0.901, 49.58, 0.882, 32.96, 0.747, 66.66, 0.505
16740,178592, 99.17, 0.00, 0.956, 0.000, 0.000018, 0.000004,0,0,0, 0.000030, 0.000023, 0.000020, 0.000013, 99.17, 0.956, 49.79, 0.956, 33.24, 0.938, 66.66, 0.660
16741,178602, 100.00, 0.00, 0.910, 0.000, 0.000019, 0.000011,0,0,0, 0.000030, 0.000024, 0.000022, 0.000013, 100.00, 0.910, 49.79, 0.879, 33.05, 0.874, 65.93, 0.590
16742,178613, 33.05, 0.00, 0.915, 0.000, 0.000018, 0.000008,0,0,0, 0.000030, 0.000022, 0.000020, 0.000014, 33.05, 0.915, 49.58, 0.903, 99.17, 0.888, 39.60, 0.629
16743,178624, 49.58, 0.00, 0.954, 0.000, 0.000019, 0.000007,0,0,0, 0.000030, 0.000022, 0.000021, 0.000013, 49.58, 0.954, 99.17, 0.869, 33.05, 0.810, 65.57, 0.514
16744,178634, 49.58, 0.00, 0.932, 0.000, 0.000018, 0.000005,0,0,0, 0.000030, 0.000024, 0.000020, 0.000013, 49.58, 0.932, 99.17, 0.900, 33.14, 0.844, 39.60, 0.495
16745,178645, 49.58, 0.00, 0.954, 0.000, 0.000018, 0.000006,0,0,0, 0.000030, 0.000023, 0.000020, 0.000013, 49.58, 0.954, 33.14, 0.932, 99.17, 0.930, 65.93, 0.602
16746,178656, 49.58, 0.00, 0.958, 0.000, 0.000018, 0.000004,0,0,0, 0.000030, 0.000024, 0.000020, 0.000013, 49.58, 0.958, 99.17, 0.941, 32.96, 0.906, 39.60, 0.670
16747,178666, 49.79, 0.00, 0.952, 0.000, 0.000018, 0.000004,0,0,0, 0.000030, 0.000023, 0.000020, 0.000013, 49.79, 0.952, 33.14, 0.941, 100.00, 0.937, 66.29, 0.675
16748,178677, 33.14, 0.00, 0.953, 0.000, 0.000018, 0.000005,0,0,0, 0.000030, 0.000023, 0.000020, 0.000013, 33.14, 0.953, 49.79, 0.952, 99.17, 0.941, 66.29, 0.692
16749,178688, 49.79, 0.00, 0.953, 0.000, 0.000018, 0.000009,0,0,0, 0.000030, 0.000023, 0.000020, 0.000013, 49.79, 0.953, 99.17, 0.934, 33.14, 0.863, 40.00, 0.655
16750,178698, 49.58, 0.00, 0.978, 0.000, 0.000018, 0.000006,0,0,0, 0.000030, 0.000022, 0.000021, 0.000014, 49.58, 0.978, 33.05, 0.961, 99.17, 0.949, 39.86, 0.623
16751,178709, 49.58, 0.00, 0.959, 0.000, 0.000019, 0.000009,0,0,0, 0.000030, 0.000023, 0.000021, 0.000013, 49.58, 0.959, 33.14, 0.931, 100.00, 0.926, 39.86, 0.572
16752,178720, 33.14, 0.00, 0.978, 0.000, 0.000018, 0.000006,0,0,0, 0.000030, 0.000022, 0.000020, 0.000013, 33.14, 0.978, 49.79, 0.951, 99.17, 0.932, 66.66, 0.489
16753,178730, 49.58, 0.00, 0.974, 0.000, 0.000019, 0.000009,0,0,0, 0.000030, 0.000023, 0.000021, 0.000013, 49.58, 0.974, 99.17, 0.928, 33.14, 0.897, 40.00, 0.454
16754,178741, 49.58, 0.00, 0.971, 0.000, 0.000019, 0.000006,0,0,0, 0.000030, 0.000024, 0.000020, 0.000013, 49.58, 0.971, 99.17, 0.917, 33.05, 0.898, 40.00, 0.422
16755,178752, 33.05, 0.00, 0.948, 0.000, 0.000018, 0.000005,0,0,0, 0.000030, 0.000023, 0.000020, 0.000013, 33.05, 0.948, 49.58, 0.927, 99.17, 0.914, 40.00, 0.470
16756,178762, 49.79, 0.00, 0.933, 0.000, 0.000018, 0.000006,0,0,0, 0.000030, 0.000023, 0.000020, 0.000013, 49.79, 0.933, 99.17, 0.923, 33.14, 0.870, 66.66, 0.528
16757,178773, 49.79, 0.00, 0.977, 0.000, 0.000018, 0.000005,0,0,0, 0.000030, 0.000023, 0.000020, 0.000013, 49.79, 0.977, 99.17, 0.962, 33.14, 0.951, 39.73, 0.591
16758,178784, 49.58, 0.00, 0.952, 0.000, 0.000018, 0.000009,0,0,0, 0.000030, 0.000022, 0.000021, 0.000013, 49.58, 0.952, 99.17, 0.937, 33.05, 0.918, 65.93, 0.544
16759,178794, 49.58, 0.00, 0.955, 0.000, 0.000018, 0.000006,0,0,0, 0.000030, 0.000022, 0.000020, 0.000014, 49.58, 0.955, 33.05, 0.936, 99.17, 0.914, 39.60, 0.549
16760,178805, 49.58, 0.00, 0.983, 0.000, 0.000018, 0.000008,0,0,0, 0.000030, 0.000022, 0.000021, 0.000013, 49.58, 0.983, 99.17, 0.876, 33.05, 0.839, 65.93, 0.485
16761,178816, 49.79, 0.00, 0.925, 0.000, 0.000018, 0.000006,0,0,0, 0.000030, 0.000023, 0.000019, 0.000014, 49.79, 0.925, 99.17, 0.878, 32.96, 0.846, 39.47, 0.549
16762,178826, 49.58, 0.00, 0.930, 0.000, 0.000018, 0.000004,0,0,0, 0.000030, 0.000022, 0.000019, 0.000014, 49.58, 0.930, 99.17, 0.906, 32.96, 0.901, 66.29, 0.586
16763,178837, 49.58, 0.00, 0.950, 0.000, 0.000018, 0.000004,0,0,0, 0.000030, 0.000023, 0.000019, 0.000013, 49.58, 0.950, 99.17, 0.931, 33.05, 0.919, 196.72, 0.645
16764,178848, 49.79, 0.00, 0.958, 0.000, 0.000017, 0.000004,0,0,0, 0.000030, 0.000023, 0.000019, 0.000013, 49.79, 0.958, 100.00, 0.945, 33.24, 0.900, 196.72, 0.644
16765,178858, 33.14, 0.00, 0.992, 0.000, 0.000018, 0.000007,0,0,0, 0.000030, 0.000022, 0.000020, 0.000013, 33.14, 0.992, 49.79, 0.948, 99.17, 0.939, 66.29, 0.630
16766,178869, 49.58, 0.00, 0.969, 0.000, 0.000018, 0.000010,0,0,0, 0.000030, 0.000022, 0.000021, 0.000013, 49.58, 0.969, 99.17, 0.922, 33.05, 0.911, 40.00, 0.609
16767,178880, 49.58, 0.00, 0.983, 0.000, 0.000018, 0.000007,0,0,0, 0.000030, 0.000021, 0.000020, 0.000014, 49.58, 0.983, 33.05, 0.944, 99.17, 0.930, 66.66, 0.545
16768,178890, 49.79, 0.00, 0.963, 0.000, 0.000018, 0.000009,0,0,0, 0.000030, 0.000023, 0.000021, 0.000013, 49.79, 0.963, 100.00, 0.919, 33.33, 0.910, 39.86, 0.538
16769,178901, 33.05, 0.00, 0.973, 0.000, 0.000018, 0.000006,0,0,0, 0.000030, 0.000022, 0.000020, 0.000013, 33.05, 0.973, 49.79, 0.959, 99.17, 0.914, 66.66, 0.474
16770,178912, 49.58, 0.00, 0.960, 0.000, 0.000018, 0.000006,0,0,0, 0.000030, 0.000022, 0.000020, 0.000013, 49.58, 0.960, 33.05, 0.936, 99.17, 0.924, 40.00, 0.505
16771,178922, 49.38, 0.00, 0.959, 0.000, 0.000018, 0.000007,0,0,0, 0.000030, 0.000023, 0.000020, 0.000014, 49.38, 0.959, 99.17, 0.946, 32.96, 0.897, 67.03, 0.467
16772,178933, 33.14, 0.00, 0.958, 0.000, 0.000018, 0.000005,0,0,0, 0.000030, 0.000022, 0.000019, 0.000014, 33.14, 0.958, 100.00, 0.953, 49.79, 0.951, 40.13, 0.519
16773,178944, 49.79, 0.00, 0.959, 0.000, 0.000018, 0.000007,0,0,0, 0.000030, 0.000023, 0.000020, 0.000013, 49.79, 0.959, 33.14, 0.948, 99.17, 0.930, 66.29, 0.518
16774,178954, 49.58, 0.00, 0.979, 0.000, 0.000018, 0.000005,0,0,0, 0.000030, 0.000022, 0.000019, 0.000013, 49.58, 0.979, 99.17, 0.928, 33.05, 0.926, 39.73, 0.520
16775,178965, 49.58, 0.00, 0.969, 0.000, 0.000018, 0.000008,0,0,0, 0.000030, 0.000022, 0.000021, 0.000013, 49.58, 0.969, 99.17, 0.916, 33.05, 0.889, 65.93, 0.498
16776,178976, 49.79, 0.00, 0.958, 0.000, 0.000018, 0.000006,0,0,0, 0.000030, 0.000022, 0.000019, 0.000014, 49.79, 0.958, 33.14, 0.928, 99.17, 0.912, 39.73, 0.531
16777,178986, 49.58, 0.00, 0.955, 0.000, 0.000018, 0.000005,0,0,0, 0.000030, 0.000022, 0.000020, 0.000013, 49.58, 0.955, 99.17, 0.913, 33.05, 0.908, 39.60, 0.517
16778,178997, 49.58, 0.00, 0.933, 0.000, 0.000018, 0.000004,0,0,0, 0.000030, 0.000023, 0.000019, 0.000014, 49.58, 0.933, 98.36, 0.928, 32.87, 0.854, 39.47, 0.555
16779,179008, 33.05, 0.00, 0.960, 0.000, 0.000017, 0.000003,0,0,0, 0.000030, 0.000023, 0.000019, 0.000014, 33.05, 0.960, 49.58, 0.948, 99.17, 0.930, 66.29, 0.594
16780,179018, 33.14, 0.00, 0.975, 0.000, 0.000017, 0.000006,0,0,0, 0.000030, 0.000023, 0.000020, 0.000013, 33.14, 0.975, 49.79, 0.957, 99.17, 0.933, 66.29, 0.623
16781,179029, 49.79, 0.00, 0.970, 0.000, 0.000017, 0.000004,0,0,0, 0.000030, 0.000023, 0.000019, 0.000013, 49.79, 0.970, 99.17, 0.930, 33.24, 0.864, 200.00, 0.600
16782,179040, 33.05, 0.00, 0.961, 0.000, 0.000017, 0.000006,0,0,0, 0.000030, 0.000022, 0.000020, 0.000014, 33.05, 0.961, 49.58, 0.958, 99.17, 0.936, 66.29, 0.566
16783,179050, 49.58, 0.00, 0.956, 0.000, 0.000018, 0.000007,0,0,0, 0.000030, 0.000022, 0.000020, 0.000014, 49.58, 0.956, 33.14, 0.951, 99.17, 0.922, 40.00, 0.594
16784,179061, 49.79, 0.00, 0.970, 0.000, 0.000018, 0.000005,0,0,0, 0.000030, 0.000021, 0.000019, 0.000014, 49.79, 0.970, 33.14, 0.958, 99.17, 0.943, 66.66, 0.552
16785,179072, 49.79, 0.00, 0.965, 0.000, 0.000018, 0.000006,0,0,0, 0.000030, 0.000022, 0.000019, 0.000014, 49.79, 0.965, 100.00, 0.948, 33.24, 0.919, 39.86, 0.583
16786,179082, 33.05, 0.00, 0.984, 0.000, 0.000018, 0.000007,0,0,0, 0.000030, 0.000021, 0.000020, 0.000013, 33.05, 0.984, 49.58, 0.965, 99.17, 0.944, 66.66, 0.538
16787,179093, 100.00, 0.00, 0.649, 0.000, 0.000018, 0.000011,0,0,0, 0.000030, 0.000024, 0.000022, 0.000011, 100.00, 0.649, 49.79, 0.478, 67.79, 0.345, 33.89, 0.305
16788,179104, 30.45, 0.00, 0.581, 0.000, 0.000021, 0.000016,0,0,0, 0.000030, 0.000025, 0.000024, 0.000012, 30.45, 0.581, 100.00, 0.454, 43.63, 0.423, 52.40, 0.254
16789,179114, 44.44, 0.00, 0.319, 0.000, 0.000019, 0.000011,0,0,0, 0.000030, 0.000008, 0.000019, 0.000010, 44.44, 0.319, 105.26, 0.279, 36.03, 0.209, 52.86, 0.144
16790,179125, 34.18, 0.00, 0.458, 0.000, 0.000020, 0.000013,0,0,0, 0.000030, 0.000014, 0.000025, 0.000011, 34.18, 0.458, 103.44, 0.327, 50.63, 0.239, 0.00, 0.000
16791,179136, 60.60, 0.00, 0.537, 0.000, 0.000021, 0.000021,0,0,0, 0.000030, 0.000018, 0.000026, 0.000011, 60.60, 0.537, 115.38, 0.146, 39.73, 0.037, 0.00, 0.000
16792,179146, 60.30, 0.00, 0.447, 0.000, 0.000020, 0.000014,0,0,0, 0.000030, 0.000017, 0.000022, 0.000011, 60.30, 0.447, 48.19, 0.314, 31.74, 0.221, 0.00, 0.000
16793,179157, 61.22, 0.00, 0.650, 0.000, 0.000021, 0.000010,0,0,0, 0.000030, 0.000026, 0.000023, 0.000014, 61.22, 0.650, 31.08, 0.435, 0.00, 0.000, 0.00, 0.000
16794,179168, 61.85, 0.00, 0.474, 0.000, 0.000020, 0.000007,0,0,0, 0.000030, 0.000012, 0.000019, 0.000011, 61.85, 0.474, 35.50, 0.110, 0.00, 0.000, 0.00, 0.000
16795,179178, 44.28, 0.00, 0.401, 0.000, 0.000020, 0.000009,0,0,0, 0.000030, 0.000022, 0.000024, 0.000014, 44.28, 0.401, 52.86, 0.363, 81.08, 0.112, 0.00, 0.000
16796,179189, 51.94, 0.00, 0.553, 0.000, 0.000019, 0.000006,0,0,0, 0.000030, 0.000025, 0.000020, 0.000013, 51.94, 0.553, 31.25, 0.242, 102.56, 0.214, 34.88, 0.142
16797,179200, 55.81, 0.00, 0.454, 0.000, 0.000020, 0.000010,0,0,0, 0.000030, 0.000020, 0.000023, 0.000013, 55.81, 0.454, 104.34, 0.398, 35.92, 0.376, 32.69, 0.137
16798,179210, 56.07, 0.00, 0.613, 0.000, 0.000020, 0.000012,0,0,0, 0.000030, 0.000021, 0.000024, 0.000012, 56.07, 0.613, 38.21, 0.399, 111.11, 0.348, 0.00, 0.000
16799,179221, 56.87, 0.00, 0.409, 0.000, 0.000019, 0.000008,0,0,0, 0.000030, 0.000015, 0.000021, 0.000011, 56.87, 0.409, 37.97, 0.372, 36.36, 0.346, 117.64, 0.165
16800,179232, 58.53, 0.00, 0.406, 0.000, 0.000019, 0.000007,0,0,0, 0.000030, 0.000021, 0.000022, 0.000014, 58.53, 0.406, 40.95, 0.117, 39.60, 0.110, 0.00, 0.000
16801,179242, 36.80, 0.00, 0.700, 0.000, 0.000019, 0.000007,0,0,0, 0.000030, 0.000021, 0.000022, 0.000014, 36.80, 0.700, 35.50, 0.607, 80.00, 0.359, 64.17, 0.313
16802,179253, 87.59, 0.00, 0.552, 0.000, 0.000020, 0.000013,0,0,0, 0.000030, 0.000024, 0.000023, 0.000013, 87.59, 0.552, 44.44, 0.453, 48.19, 0.412, 0.00, 0.000
16803,179264, 40.54, 0.00, 0.547, 0.000, 0.000020, 0.000011,0,0,0, 0.000030, 0.000022, 0.000024, 0.000012, 40.54, 0.547, 85.71, 0.334, 0.00, 0.000, 0.00, 0.000
16804,179274, 38.58, 0.00, 0.694, 0.000, 0.000019, 0.000008,0,0,0, 0.000030, 0.000021, 0.000020, 0.000013, 38.58, 0.694, 85.71, 0.395, 0.00, 0.000, 0.00, 0.000
16805,179285, 37.61, 0.00, 0.400, 0.000, 0.000019, 0.000005,0,0,0, 0.000030, 0.000015, 0.000021, 0.000014, 37.61, 0.400, 92.30, 0.354, 30.07, 0.198, 69.76, 0.078
16806,179296, 94.48, 0.00, 0.337, 0.000, 0.000020, 0.000008,0,0,0, 0.000030, 0.000018, 0.000022, 0.000013, 94.48, 0.337, 46.87, 0.250, 53.57, 0.064, 39.08, 0.062
16807,179306, 39.34, 0.00, 0.670, 0.000, 0.000019, 0.000005,0,0,0, 0.000030, 0.000018, 0.000022, 0.000012, 39.34, 0.670, 56.87, 0.237, 120.00, 0.193, 97.56, 0.135
16808,179317, 36.03, 0.00, 0.698, 0.000, 0.000019, 0.000007,0,0,0, 0.000030, 0.000025, 0.000022, 0.000014, 36.03, 0.698, 122.44, 0.145, 67.03, 0.136, 50.84, 0.126
16809,179328, 48.58, 0.00, 0.573, 0.000, 0.000020, 0.000017,0,0,0, 0.000030, 0.000022, 0.000025, 0.000012, 48.58, 0.573, 39.34, 0.294, 43.32, 0.191, 92.30, 0.093
16810,179338, 43.16, 0.00, 0.476, 0.000, 0.000020, 0.000012,0,0,0, 0.000030, 0.000023, 0.000022, 0.000013, 43.16, 0.476, 40.40, 0.435, 81.63, 0.179, 57.41, 0.091
16811,179349, 38.46, 0.00, 0.496, 0.000, 0.000020, 0.000008,0,0,0, 0.000030, 0.000022, 0.000022, 0.000013, 38.46, 0.496, 81.63, 0.341, 0.00, 0.000, 0.00, 0.000
16812,179360, 32.43, 0.00, 0.508, 0.000, 0.000019, 0.000005,0,0,0, 0.000030, 0.000015, 0.000017, 0.000012, 32.43, 0.508, 94.48, 0.354, 41.23, 0.152, 76.43, 0.093
16813,179370, 31.00, 0.00, 0.711, 0.000, 0.000020, 0.000015,0,0,0, 0.000030, 0.000026, 0.000025, 0.000012, 31.00, 0.711, 48.78, 0.401, 93.75, 0.332, 0.00, 0.000
16814,179381, 53.33, 0.00, 0.382, 0.000, 0.000020, 0.000010,0,0,0, 0.000030, 0.000011, 0.000024, 0.000011, 53.33, 0.382, 39.73, 0.318, 0.00, 0.000, 0.00, 0.000
16815,179392, 42.85, 0.00, 0.575, 0.000, 0.000020, 0.000014,0,0,0, 0.000030, 0.000022, 0.000025, 0.000011, 42.85, 0.575, 41.09, 0.544, 52.86, 0.367, 0.00, 0.000
16816,179402, 42.85, 0.00, 0.970, 0.000, 0.000020, 0.000011,0,0,0, 0.000030, 0.000018, 0.000024, 0.000012, 42.85, 0.970, 0.00, 0.000, 0.00, 0.000, 0.00, 0.000
16817,179413, 42.55, 0.00, 0.156, 0.000, 0.000020, 0.000008,0,0,0, 0.000030, 0.000021, 0.000022, 0.000014, 42.55, 0.156, 59.70, 0.138, 0.00, 0.000, 0.00, 0.000
16818,179424, 81.63, 0.00, 0.561, 0.000, 0.000020, 0.000008,0,0,0, 0.000030, 0.000020, 0.000023, 0.000014, 81.63, 0.561, 34.58, 0.491, 35.82, 0.450, 0.00, 0.000
16819,179434, 83.33, 0.00, 0.719, 0.000, 0.000019, 0.000005,0,0,0, 0.000030, 0.000019, 0.000021, 0.000013, 83.33, 0.719, 43.95, 0.660, 0.00, 0.000, 0.00, 0.000
16820,179445, 45.45, 0.00, 0.761, 0.000, 0.000020, 0.000010,0,0,0, 0.000030, 0.000025, 0.000023, 0.000013, 45.45, 0.761, 88.23, 0.623, 0.00, 0.000, 0.00, 0.000
16821,179456, 88.23, 0.00, 0.306, 0.000, 0.000020, 0.000015,0,0,0, 0.000030, 0.000010, 0.000024, 0.000010, 88.23, 0.306, 41.66, 0.289, 45.80, 0.252, 38.09, 0.203
16822,179466, 33.89, 0.00, 0.809, 0.000, 0.000019, 0.000010,0,0,0, 0.000030, 0.000020, 0.000021, 0.000013, 33.89, 0.809, 61.85, 0.494, 86.95, 0.072, 0.00, 0.000
16823,179477, 34.28, 0.00, 0.915, 0.000, 0.000019, 0.000008,0,0,0, 0.000030, 0.000022, 0.000022, 0.000013, 34.28, 0.915, 80.00, 0.283, 61.85, 0.244, 0.00, 0.000
16824,179488, 80.00, 0.00, 0.520, 0.000, 0.000019, 0.000006,0,0,0, 0.000030, 0.000014, 0.000021, 0.000011, 80.00, 0.520, 41.23, 0.286, 36.47, 0.037, 0.00, 0.000
16825,179498, 43.79, 0.00, 0.804, 0.000, 0.000020, 0.000012,0,0,0, 0.000030, 0.000022, 0.000024, 0.000014, 43.79, 0.804, 80.53, 0.521, 0.00, 0.000, 0.00, 0.000
16826,179509, 44.60, 0.00, 0.715, 0.000, 0.000019, 0.000008,0,0,0, 0.000030, 0.000027, 0.000021, 0.000010, 44.60, 0.715, 85.71, 0.464, 0.00, 0.000, 0.00, 0.000
16827,179520, 74.53, 0.00, 0.432, 0.000, 0.000017, 0.000006,0,0,0, 0.000030, 0.000030, 0.000019, 0.000002, 74.53, 0.432, 86.33, 0.428, 45.80, 0.275, 30.84, 0.175
16828,179530, 32.87, 0.00, 0.641, 0.000, 0.000020, 0.000027,0,0,0, 0.000030, 0.000021, 0.000026, 0.000012, 32.87, 0.641, 85.71, 0.330, 62.50, 0.072, 0.00, 0.000
16829,179541, 31.57, 0.00, 0.558, 0.000, 0.000019, 0.000019,0,0,0, 0.000030, 0.000020, 0.000021, 0.000013, 31.57, 0.558, 85.71, 0.335, 0.00, 0.000, 0.00, 0.000
16830,179552, 87.59, 0.00, 0.320, 0.000, 0.000018, 0.000013,0,0,0, 0.000030, 0.000007, 0.000021, 0.000006, 87.59, 0.320, 51.28, 0.232, 30.07, 0.049, 41.37, 0.036
16831,179562, 48.58, 0.00, 0.672, 0.000, 0.000020, 0.000018,0,0,0, 0.000030, 0.000018, 0.000026, 0.000013, 48.58, 0.672, 31.41, 0.559, 87.59, 0.350, 0.00, 0.000
16832,179573, 31.74, 0.00, 0.827, 0.000, 0.000020, 0.000013,0,0,0, 0.000030, 0.000017, 0.000023, 0.000012, 31.74, 0.827, 48.00, 0.663, 95.23, 0.535, 0.00, 0.000
16833,179584, 95.23, 0.00, 0.774, 0.000, 0.000020, 0.000009,0,0,0, 0.000030, 0.000016, 0.000023, 0.000012, 95.23, 0.774, 47.80, 0.674, 31.91, 0.412, 0.00, 0.000
16834,179594, 95.23, 0.00, 0.875, 0.000, 0.000020, 0.000009,0,0,0, 0.000030, 0.000021, 0.000024, 0.000014, 95.23, 0.875, 31.25, 0.837, 47.24, 0.833, 0.00, 0.000
16835,179605, 93.75, 0.00, 0.836, 0.000, 0.000020, 0.000006,0,0,0, 0.000030, 0.000022, 0.000021, 0.000014, 93.75, 0.836, 46.87, 0.689, 31.25, 0.652, 0.00, 0.000
16836,179616, 93.75, 0.00, 0.835, 0.000, 0.000019, 0.000006,0,0,0, 0.000030, 0.000022, 0.000021, 0.000013, 93.75, 0.835, 46.51, 0.771, 31.25, 0.623, 0.00, 0.000
16837,179626, 93.75, 0.00, 0.825, 0.000, 0.000019, 0.000004,0,0,0, 0.000030, 0.000017, 0.000020, 0.000012, 93.75, 0.825, 46.69, 0.775, 31.33, 0.738, 0.00, 0.000
16838,179637, 94.48, 0.00, 0.852, 0.000, 0.000019, 0.000010,0,0,0, 0.000030, 0.000018, 0.000023, 0.000013, 94.48, 0.852, 31.57, 0.713, 47.43, 0.684, 0.00, 0.000
16839,179648, 31.49, 0.00, 0.962, 0.000, 0.000019, 0.000009,0,0,0, 0.000030, 0.000021, 0.000023, 0.000013, 31.49, 0.962, 93.75, 0.821, 47.24, 0.745, 0.00, 0.000
16840,179658, 93.02, 0.00, 0.928, 0.000, 0.000019, 0.000006,0,0,0, 0.000030, 0.000021, 0.000021, 0.000013, 93.02, 0.928, 46.33, 0.791, 31.08, 0.743, 0.00, 0.000
16841,179669, 31.00, 0.00, 0.979, 0.000, 0.000019, 0.000005,0,0,0, 0.000030, 0.000018, 0.000021, 0.000013, 31.00, 0.979, 93.02, 0.879, 46.33, 0.820, 0.00, 0.000
16842,179680, 93.02, 0.00, 0.904, 0.000, 0.000019, 0.000010,0,0,0, 0.000030, 0.000019, 0.000023, 0.000013, 93.02, 0.904, 31.25, 0.891, 47.24, 0.834, 0.00, 0.000
16843,179690, 31.08, 0.00, 0.929, 0.000, 0.000019, 0.000008,0,0,0, 0.000030, 0.000022, 0.000023, 0.000014, 31.08, 0.929, 93.02, 0.836, 47.24, 0.790, 0.00, 0.000
16844,179701, 94.48, 0.00, 0.866, 0.000, 0.000019, 0.000006,0,0,0, 0.000030, 0.000022, 0.000021, 0.000013, 94.48, 0.866, 46.87, 0.752, 31.57, 0.720, 30.15, 0.691
16845,179712, 31.00, 0.00, 0.818, 0.000, 0.000019, 0.000005,0,0,0, 0.000030, 0.000016, 0.000021, 0.000012, 31.00, 0.818, 94.48, 0.756, 46.15, 0.703, 0.00, 0.000
16846,179722, 31.74, 0.00, 0.876, 0.000, 0.000019, 0.000011,0,0,0, 0.000030, 0.000020, 0.000023, 0.000014, 31.74, 0.876, 97.56, 0.765, 46.87, 0.736, 0.00, 0.000
16847,179733, 47.24, 0.00, 0.864, 0.000, 0.000019, 0.000007,0,0,0, 0.000030, 0.000018, 0.000022, 0.000013, 47.24, 0.864, 31.66, 0.781, 93.02, 0.745, 0.00, 0.000
16848,179744, 31.49, 0.00, 0.990, 0.000, 0.000019, 0.000007,0,0,0, 0.000030, 0.000016, 0.000022, 0.000012, 31.49, 0.990, 94.48, 0.823, 46.87, 0.781, 0.00, 0.000
16849,179754, 93.02, 0.00, 0.907, 0.000, 0.000020, 0.000012,0,0,0, 0.000030, 0.000015, 0.000024, 0.000012, 93.02, 0.907, 46.51, 0.773, 30.76, 0.712, 31.74, 0.705
16850,179765, 93.02, 0.00, 0.745, 0.000, 0.000020, 0.000010,0,0,0, 0.000030, 0.000026, 0.000024, 0.000012, 93.02, 0.745, 47.24, 0.647, 31.25, 0.560, 0.00, 0.000
16851,179776, 92.30, 0.00, 0.665, 0.000, 0.000018, 0.000007,0,0,0, 0.000030, 0.000029, 0.000019, 0.000006, 92.30, 0.665, 47.24, 0.400, 31.91, 0.381, 39.34, 0.300
16852,179786, 31.25, 0.00, 0.564, 0.000, 0.000021, 0.000023,0,0,0, 0.000030, 0.000020, 0.000026, 0.000012, 31.25, 0.564, 98.36, 0.324, 49.58, 0.116, 62.82, 0.044
16853,179797, 99.17, 0.00, 0.195, 0.000, 0.000018, 0.000016,0,0,0, 0.000000, 0.000000, 0.000007, 0.000003, 99.17, 0.195, 57.97, 0.168, 0.00, 0.000, 0.00, 0.000
16854,179808, 44.11, 0.00, 0.531, 0.000, 0.000021, 0.000017,0,0,0, 0.000030, 0.000022, 0.000026, 0.000015, 44.11, 0.531, 32.00, 0.503, 0.00, 0.000, 0.00, 0.000
16855,179818, 44.11, 0.00, 0.686, 0.000, 0.000020, 0.000021,0,0,0, 0.000030, 0.000007, 0.000026, 0.000006, 44.11, 0.686, 48.19, 0.352, 0.00, 0.000, 0.00, 0.000
16856,179829, 49.38, 0.00, 0.895, 0.000, 0.000020, 0.000015,0,0,0, 0.000030, 0.000019, 0.000025, 0.000013, 49.38, 0.895, 0.00, 0.000, 0.00, 0.000, 0.00, 0.000
16857,179840, 50.63, 0.00, 0.861, 0.000, 0.000021, 0.000020,0,0,0, 0.000030, 0.000015, 0.000026, 0.000010, 50.63, 0.861, 0.00, 0.000, 0.00, 0.000, 0.00, 0.000
16858,179850, 52.17, 0.00, 0.989, 0.000, 0.000020, 0.000014,0,0,0, 0.000030, 0.000014, 0.000019, 0.000010, 52.17, 0.989, 0.00, 0.000, 0.00, 0.000, 0.00, 0.000
16859,179861, 52.17, 0.00, 0.992, 0.000, 0.000021, 0.000018,0,0,0, 0.000030, 0.000020, 0.000026, 0.000012, 52.17, 0.992, 0.00, 0.000, 0.00, 0.000, 0.00, 0.000
16860,179872, 52.17, 0.00, 0.994, 0.000, 0.000019, 0.000013,0,0,0, 0.000030, 0.000005, 0.000019, 0.000009, 52.17, 0.994, 0.00, 0.000, 0.00, 0.000, 0.00, 0.000
16861,179882, 52.17, 0.00, 0.994, 0.000, 0.000021, 0.000017,0,0,0, 0.000030, 0.000021, 0.000026, 0.000014, 52.17, 0.994, 0.00, 0.000, 0.00, 0.000, 0.00, 0.000
16862,179893, 52.40, 0.00, 0.994, 0.000, 0.000019, 0.000012,0,0,0, 0.000000, 0.000000, 0.000014, 0.000006, 52.40, 0.994, 0.00, 0.000, 0.00, 0.000, 0.00, 0.000
16863,179904, 52.17, 0.00, 0.995, 0.000, 0.000020, 0.000016,0,0,0, 0.000030, 0.000022, 0.000026, 0.000015, 52.17, 0.995, 0.00, 0.000, 0.00, 0.000, 0.00, 0.000
16864,179914, 52.40, 0.00, 0.987, 0.000, 0.000021, 0.000020,0,0,0, 0.000030, 0.000010, 0.000026, 0.000009, 52.40, 0.987, 0.00, 0.000, 0.00, 0.000, 0.00, 0.000
16865,179925, 52.40, 0.00, 0.995, 0.000, 0.000020, 0.000014,0,0,0, 0.000030, 0.000019, 0.000021, 0.000013, 52.40, 0.995, 0.00, 0.000, 0.00, 0.000, 0.00, 0.000
16866,179936, 52.63, 0.00, 0.981, 0.000, 0.000021, 0.000018,0,0,0, 0.000030, 0.000018, 0.000025, 0.000011, 52.63, 0.981, 0.00, 0.000, 0.00, 0.000, 0.00, 0.000
16867,179946, 53.33, 0.00, 0.997, 0.000, 0.000019, 0.000013,0,0,0, 0.000030, 0.000012, 0.000020, 0.000010, 53.33, 0.997, 0.00, 0.000, 0.00, 0.000, 0.00, 0.000
16868,179957, 54.05, 0.00, 0.976, 0.000, 0.000021, 0.000016,0,0,0, 0.000030, 0.000022, 0.000025, 0.000013, 54.05, 0.976, 0.00, 0.000, 0.00, 0.000, 0.00, 0.000
16869,179968, 54.54, 0.00, 0.994, 0.000, 0.000019, 0.000011,0,0,0, 0.000000, 0.000000, 0.000019, 0.000008, 54.54, 0.994, 0.00, 0.000, 0.00, 0.000, 0.00, 0.000
16870,179978, 55.04, 0.00, 0.978, 0.000, 0.000020, 0.000014,0,0,0, 0.000030, 0.000022, 0.000025, 0.000015, 55.04, 0.978, 0.00, 0.000, 0.00, 0.000, 0.00, 0.000
16871,179989, 55.29, 0.00, 0.996, 0.000, 0.000021, 0.000018,0,0,0, 0.000030, 0.000015, 0.000025, 0.000011, 55.29, 0.996, 0.00, 0.000, 0.00, 0.000, 0.00, 0.000
16872,180000, 55.29, 0.00, 0.994, 0.000, 0.000020, 0.000012,0,0,0, 0.000030, 0.000016, 0.000020, 0.000011, 55.29, 0.994, 0.00, 0.000, 0.00, 0.000, 0.00, 0.000
16873,180010, 55.55, 0.00, 0.987, 0.000, 0.000021, 0.000016,0,0,0, 0.000030, 0.000022, 0.000025, 0.000012, 55.55, 0.987, 0.00, 0.000, 0.00, 0.000, 0.00, 0.000
16874,180021, 55.81, 0.00, 0.995, 0.000, 0.000019, 0.000011,0,0,0, 0.000000, 0.000000, 0.000020, 0.000009, 55.81, 0.995, 0.00, 0.000, 0.00, 0.000, 0.00, 0.000
16875,180032, 55.55, 0.00, 0.990, 0.000, 0.000020, 0.000014,0,0,0, 0.000030, 0.000022, 0.000025, 0.000015, 55.55, 0.990, 0.00, 0.000, 0.00, 0.000, 0.00, 0.000
16876,180042, 55.29, 0.00, 0.998, 0.000, 0.000021, 0.000018,0,0,0, 0.000030, 0.000013, 0.000025, 0.000010, 55.29, 0.998, 0.00, 0.000, 0.00, 0.000, 0.00, 0.000
16877,180053, 55.04, 0.00, 0.995, 0.000, 0.000020, 0.000013,0,0,0, 0.000030, 0.000018, 0.000021, 0.000012, 55.04, 0.995, 0.00, 0.000, 0.00, 0.000, 0.00, 0.000
16878,180064, 55.29, 0.00, 0.993, 0.000, 0.000021, 0.000016,0,0,0, 0.000030, 0.000021, 0.000025, 0.000012, 55.29, 0.993, 0.00, 0.000, 0.00, 0.000, 0.00, 0.000
16879,180074, 55.55, 0.00, 0.999, 0.000, 0.000019, 0.000011,0,0,0, 0.000030, 0.000007, 0.000021, 0.000010, 55.55, 0.999, 0.00, 0.000, 0.00, 0.000, 0.00, 0.000
16880,180085, 55.55, 0.00, 0.998, 0.000, 0.000020, 0.000014,0,0,0, 0.000030, 0.000022, 0.000025, 0.000014, 55.55, 0.998, 0.00, 0.000, 0.00, 0.000, 0.00, 0.000
16881,180096, 55.55, 0.00, 0.998, 0.000, 0.000021, 0.000019,0,0,0, 0.000030, 0.000011, 0.000025, 0.000010, 55.55, 0.998, 0.00, 0.000, 0.00, 0.000, 0.00, 0.000
16882,180106, 55.29, 0.00, 0.982, 0.000, 0.000020, 0.000013,0,0,0, 0.000030, 0.000020, 0.000021, 0.000013, 55.29, 0.982, 0.00, 0.000, 0.00, 0.000, 0.00, 0.000
16883,180117, 55.29, 0.00, 0.984, 0.000, 0.000021, 0.000016,0,0,0, 0.000030, 0.000020, 0.000025, 0.000011, 55.29, 0.984, 0.00, 0.000, 0.00, 0.000, 0.00, 0.000
16884,180128, 55.04, 0.00, 0.987, 0.000, 0.000020, 0.000011,0,0,0, 0.000030, 0.000013, 0.000021, 0.000011, 55.04, 0.987, 0.00, 0.000, 0.00, 0.000, 0.00, 0.000
16885,180138, 55.04, 0.00, 0.994, 0.000, 0.000021, 0.000014,0,0,0, 0.000030, 0.000024, 0.000025, 0.000013, 55.04, 0.994, 0.00, 0.000, 0.00, 0.000, 0.00, 0.000
16886,180149, 54.79, 0.00, 0.991, 0.000, 0.000019, 0.000014,0,0,0, 0.000030, 0.000004, 0.000023, 0.000008, 54.79, 0.991, 0.00, 0.000, 0.00, 0.000, 0.00, 0.000
16887,180160, 55.04, 0.00, 0.960, 0.000, 0.000020, 0.000013,0,0,0, 0.000030, 0.000022, 0.000025, 0.000015, 55.04, 0.960, 0.00, 0.000, 0.00, 0.000, 0.00, 0.000
16888,180170, 56.33, 0.00, 0.919, 0.000, 0.000021, 0.000016,0,0,0, 0.000030, 0.000019, 0.000025, 0.000011, 56.33, 0.919, 0.00, 0.000, 0.00, 0.000, 0.00, 0.000
16889,180181, 57.69, 0.00, 0.998, 0.000, 0.000019, 0.000011,0,0,0, 0.000030, 0.000012, 0.000021, 0.000010, 57.69, 0.998, 0.00, 0.000, 0.00, 0.000, 0.00, 0.000
16890,180192, 57.97, 0.00, 0.992, 0.000, 0.000020, 0.000014,0,0,0, 0.000030, 0.000022, 0.000025, 0.000014, 57.97, 0.992, 0.00, 0.000, 0.00, 0.000, 0.00, 0.000
16891,180202, 57.97, 0.00, 0.993, 0.000, 0.000021, 0.000018,0,0,0, 0.000030, 0.000012, 0.000025, 0.000010, 57.97, 0.993, 0.00, 0.000, 0.00, 0.000, 0.00, 0.000
16892,180213, 57.97, 0.00, 0.994, 0.000, 0.000020, 0.000012,0,0,0, 0.000030, 0.000019, 0.000020, 0.000012, 57.97, 0.994, 0.00, 0.000, 0.00, 0.000, 0.00, 0.000
16893,180224, 57.97, 0.00, 0.997, 0.000, 0.000021, 0.000015,0,0,0, 0.000030, 0.000022, 0.000025, 0.000012, 57.97, 0.997, 0.00, 0.000, 0.00, 0.000, 0.00, 0.000
16894,180234, 58.25, 0.00, 0.999, 0.000, 0.000019, 0.000010,0,0,0, 0.000030, 0.000004, 0.000021, 0.000010, 58.25, 0.999, 0.00, 0.000, 0.00, 0.000, 0.00, 0.000
16895,180245, 57.69, 0.00, 0.993, 0.000, 0.000020, 0.000013,0,0,0, 0.000030, 0.000022, 0.000025, 0.000015, 57.69, 0.993, 0.00, 0.000, 0.00, 0.000, 0.00, 0.000
16896,180256, 57.69, 0.00, 0.999, 0.000, 0.000021, 0.000017,0,0,0, 0.000030, 0.000016, 0.000025, 0.000011, 57.69, 0.999, 0.00, 0.000, 0.00, 0.000, 0.00, 0.000
16897,180266, 57.69, 0.00, 0.996, 0.000, 0.000020, 0.000012,0,0,0, 0.000030, 0.000015, 0.000020, 0.000011, 57.69, 0.996, 0.00, 0.000, 0.00, 0.000, 0.00, 0.000
16898,180277, 59.40, 0.00, 0.885, 0.000, 0.000020, 0.000013,0,0,0, 0.000030, 0.000022, 0.000025, 0.000014, 59.40, 0.885, 0.00, 0.000, 0.00, 0.000, 0.00, 0.000
16899,180288, 30.53, 0.00, 0.996, 0.000, 0.000021, 0.000016,0,0,0, 0.000030, 0.000014, 0.000025, 0.000011, 30.53, 0.996, 61.22, 0.991, 0.00, 0.000, 0.00, 0.000
16900,180298, 30.53, 0.00, 0.999, 0.000, 0.000020, 0.000011,0,0,0, 0.000030, 0.000017, 0.000021, 0.000011, 30.53, 0.999, 61.22, 0.997, 0.00, 0.000, 0.00, 0.000
16901,180309, 61.22, 0.00, 0.965, 0.000, 0.000020, 0.000013,0,0,0, 0.000030, 0.000023, 0.000025, 0.000013, 61.22, 0.965, 30.61, 0.906, 0.00, 0.000, 0.00, 0.000
16902,180320, 30.76, 0.00, 0.993, 0.000, 0.000021, 0.000014,0,0,0, 0.000030, 0.000013, 0.000024, 0.000012, 30.76, 0.993, 61.22, 0.959, 0.00, 0.000, 0.00, 0.000
16903,180330, 30.15, 0.00, 0.994, 0.000, 0.000020, 0.000010,0,0,0, 0.000030, 0.000020, 0.000022, 0.000012, 30.15, 0.994, 60.91, 0.970, 0.00, 0.000, 0.00, 0.000
16904,180341, 60.91, 0.00, 0.987, 0.000, 0.000020, 0.000012,0,0,0, 0.000030, 0.000024, 0.000024, 0.000011, 60.91, 0.987, 30.45, 0.975, 0.00, 0.000, 0.00, 0.000
16905,180352, 30.69, 0.00, 0.997, 0.000, 0.000021, 0.000013,0,0,0, 0.000030, 0.000011, 0.000024, 0.000013, 30.69, 0.997, 60.91, 0.974, 0.00, 0.000, 0.00, 0.000
16906,180362, 30.92, 0.00, 0.999, 0.000, 0.000020, 0.000009,0,0,0, 0.000030, 0.000020, 0.000021, 0.000013, 30.92, 0.999, 61.85, 0.933, 0.00, 0.000, 0.00, 0.000
16907,180373, 32.00, 0.00, 0.915, 0.000, 0.000020, 0.000010,0,0,0, 0.000030, 0.000023, 0.000024, 0.000013, 32.00, 0.915, 64.51, 0.909, 0.00, 0.000, 0.00, 0.000
16908,180384, 32.43, 0.00, 0.996, 0.000, 0.000021, 0.000013,0,0,0, 0.000030, 0.000015, 0.000024, 0.000012, 32.43, 0.996, 64.86, 0.967, 0.00, 0.000, 0.00, 0.000
16909,180394, 32.43, 0.00, 0.999, 0.000, 0.000020, 0.000009,0,0,0, 0.000030, 0.000018, 0.000021, 0.000012, 32.43, 0.999, 64.86, 0.972, 0.00, 0.000, 0.00, 0.000
16910,180405, 64.17, 0.00, 0.984, 0.000, 0.000020, 0.000010,0,0,0, 0.000030, 0.000024, 0.000024, 0.000014, 64.17, 0.984, 32.17, 0.949, 0.00, 0.000, 0.00, 0.000
16911,180416, 32.43, 0.00, 0.996, 0.000, 0.000020, 0.000011,0,0,0, 0.000030, 0.000018, 0.000023, 0.000012, 32.43, 0.996, 64.51, 0.988, 0.00, 0.000, 0.00, 0.000
16912,180426, 31.91, 0.00, 0.997, 0.000, 0.000020, 0.000007,0,0,0, 0.000030, 0.000016, 0.000022, 0.000011, 31.91, 0.997, 64.17, 0.987, 0.00, 0.000, 0.00, 0.000
16913,180437, 32.34, 0.00, 0.994, 0.000, 0.000020, 0.000008,0,0,0, 0.000030, 0.000024, 0.000023, 0.000014, 32.34, 0.994, 64.86, 0.982, 0.00, 0.000, 0.00, 0.000
16914,180448, 32.43, 0.00, 0.999, 0.000, 0.000020, 0.000010,0,0,0, 0.000030, 0.000020, 0.000023, 0.000012, 32.43, 0.999, 65.21, 0.995, 0.00, 0.000, 0.00, 0.000
16915,180458, 33.14, 0.00, 0.986, 0.000, 0.000020, 0.000011,0,0,0, 0.000030, 0.000014, 0.000023, 0.000012, 33.14, 0.986, 65.93, 0.943, 0.00, 0.000, 0.00, 0.000
16916,180469, 67.41, 0.00, 0.921, 0.000, 0.000020, 0.000008,0,0,0, 0.000030, 0.000021, 0.000021, 0.000013, 67.41, 0.921, 33.61, 0.910, 0.00, 0.000, 0.00, 0.000
16917,180480, 68.96, 0.00, 0.984, 0.000, 0.000020, 0.000010,0,0,0, 0.000030, 0.000023, 0.000023, 0.000013, 68.96, 0.984, 34.48, 0.975, 0.00, 0.000, 0.00, 0.000
16918,180490, 68.96, 0.00, 0.990, 0.000, 0.000020, 0.000011,0,0,0, 0.000030, 0.000018, 0.000023, 0.000012, 68.96, 0.990, 34.58, 0.986, 0.00, 0.000, 0.00, 0.000
16919,180501, 34.18, 0.00, 0.995, 0.000, 0.000019, 0.000008,0,0,0, 0.000030, 0.000014, 0.000021, 0.000011, 34.18, 0.995, 68.57, 0.989, 0.00, 0.000, 0.00, 0.000
16920,180512, 68.57, 0.00, 0.991, 0.000, 0.000020, 0.000008,0,0,0, 0.000030, 0.000023, 0.000023, 0.000014, 68.57, 0.991, 34.18, 0.989, 0.00, 0.000, 0.00, 0.000
16921,180522, 68.57, 0.00, 0.999, 0.000, 0.000020, 0.000009,0,0,0, 0.000030, 0.000023, 0.000023, 0.000012, 68.57, 0.999, 34.28, 0.996, 0.00, 0.000, 0.00, 0.000
16922,180533, 68.96, 0.00, 0.983, 0.000, 0.000020, 0.000010,0,0,0, 0.000030, 0.000016, 0.000023, 0.000014, 68.96, 0.983, 34.48, 0.971, 0.00, 0.000, 0.00, 0.000
16923,180544, 34.98, 0.00, 0.944, 0.000, 0.000019, 0.000007,0,0,0, 0.000030, 0.000015, 0.000021, 0.000011, 34.98, 0.944, 69.36, 0.931, 0.00, 0.000, 0.00, 0.000
16924,180554, 71.85, 0.00, 0.965, 0.000, 0.000020, 0.000009,0,0,0, 0.000030, 0.000022, 0.000023, 0.000014, 71.85, 0.965, 35.82, 0.949, 0.00, 0.000, 0.00, 0.000
16925,180565, 72.28, 0.00, 0.993, 0.000, 0.000020, 0.000009,0,0,0, 0.000030, 0.000022, 0.000023, 0.000013, 72.28, 0.993, 36.03, 0.990, 0.00, 0.000, 0.00, 0.000
16926,180576, 72.28, 0.00, 0.994, 0.000, 0.000020, 0.000010,0,0,0, 0.000030, 0.000019, 0.000023, 0.000012, 72.28, 0.994, 36.03, 0.987, 0.00, 0.000, 0.00, 0.000
16927,180586, 72.28, 0.00, 0.996, 0.000, 0.000020, 0.000011,0,0,0, 0.000030, 0.000016, 0.000023, 0.000013, 72.28, 0.996, 36.03, 0.993, 0.00, 0.000, 0.00, 0.000
16928,180597, 36.14, 0.00, 0.997, 0.000, 0.000019, 0.000007,0,0,0, 0.000030, 0.000020, 0.000021, 0.000012, 36.14, 0.997, 72.28, 0.992, 0.00, 0.000, 0.00, 0.000
16929,180608, 73.61, 0.00, 0.951, 0.000, 0.000020, 0.000008,0,0,0, 0.000030, 0.000021, 0.000023, 0.000014, 73.61, 0.951, 37.03, 0.945, 0.00, 0.000, 0.00, 0.000
16930,180618, 75.94, 0.00, 0.932, 0.000, 0.000020, 0.000009,0,0,0, 0.000030, 0.000021, 0.000023, 0.000013, 75.94, 0.932, 37.73, 0.926, 0.00, 0.000, 0.00, 0.000
16931,180629, 76.92, 0.00, 0.997, 0.000, 0.000020, 0.000010,0,0,0, 0.000030, 0.000019, 0.000023, 0.000013, 76.92, 0.997, 38.33, 0.994, 0.00, 0.000, 0.00, 0.000
16932,180640, 38.33, 0.00, 0.998, 0.000, 0.000020, 0.000011,0,0,0, 0.000030, 0.000016, 0.000023, 0.000013, 38.33, 0.998, 76.92, 0.997, 0.00, 0.000, 0.00, 0.000
16933,180650, 76.43, 0.00, 0.998, 0.000, 0.000019, 0.000008,0,0,0, 0.000030, 0.000017, 0.000020, 0.000011, 76.43, 0.998, 38.33, 0.997, 0.00, 0.000, 0.00, 0.000
16934,180661, 38.33, 0.00, 0.998, 0.000, 0.000019, 0.000008,0,0,0, 0.000030, 0.000021, 0.000023, 0.000014, 38.33, 0.998, 76.43, 0.998, 0.00, 0.000, 0.00, 0.000
16935,180672, 76.92, 0.00, 0.989, 0.000, 0.000020, 0.000009,0,0,0, 0.000030, 0.000021, 0.000023, 0.000013, 76.92, 0.989, 38.46, 0.984, 0.00, 0.000, 0.00, 0.000
16936,180682, 77.92, 0.00, 0.963, 0.000, 0.000020, 0.000010,0,0,0, 0.000030, 0.000020, 0.000023, 0.000012, 77.92, 0.963, 38.83, 0.942, 0.00, 0.000, 0.00, 0.000
16937,180693, 78.43, 0.00, 0.948, 0.000, 0.000020, 0.000010,0,0,0, 0.000030, 0.000018, 0.000023, 0.000013, 78.43, 0.948, 39.60, 0.941, 0.00, 0.000, 0.00, 0.000
16938,180704, 81.08, 0.00, 0.970, 0.000, 0.000020, 0.000011,0,0,0, 0.000030, 0.000017, 0.000023, 0.000013, 81.08, 0.970, 40.40, 0.959, 0.00, 0.000, 0.00, 0.000
16939,180714, 81.08, 0.00, 0.997, 0.000, 0.000020, 0.000011,0,0,0, 0.000030, 0.000017, 0.000023, 0.000012, 81.08, 0.997, 40.67, 0.992, 0.00, 0.000, 0.00, 0.000
16940,180725, 81.08, 0.00, 0.997, 0.000, 0.000019, 0.000008,0,0,0, 0.000030, 0.000018, 0.000020, 0.000012, 81.08, 0.997, 40.67, 0.994, 0.00, 0.000, 0.00, 0.000
16941,180736, 81.08, 0.00, 0.996, 0.000, 0.000019, 0.000008,0,0,0, 0.000030, 0.000021, 0.000023, 0.000014, 81.08, 0.996, 40.67, 0.993, 0.00, 0.000, 0.00, 0.000
16942,180746, 40.67, 0.00, 0.998, 0.000, 0.000019, 0.000008,0,0,0, 0.000030, 0.000021, 0.000023, 0.000013, 40.67, 0.998, 81.08, 0.997, 0.00, 0.000, 0.00, 0.000
16943,180757, 81.63, 0.00, 0.989, 0.000, 0.000020, 0.000009,0,0,0, 0.000030, 0.000020, 0.000023, 0.000013, 81.63, 0.989, 40.67, 0.985, 0.00, 0.000, 0.00, 0.000
16944,180768, 82.19, 0.00, 0.949, 0.000, 0.000020, 0.000009,0,0,0, 0.000030, 0.000020, 0.000022, 0.000012, 82.19, 0.949, 41.09, 0.928, 0.00, 0.000, 0.00, 0.000
16945,180778, 83.91, 0.00, 0.948, 0.000, 0.000020, 0.000009,0,0,0, 0.000030, 0.000020, 0.000022, 0.000013, 83.91, 0.948, 41.95, 0.930, 0.00, 0.000, 0.00, 0.000
16946,180789, 42.85, 0.00, 0.987, 0.000, 0.000020, 0.000009,0,0,0, 0.000030, 0.000018, 0.000022, 0.000013, 42.85, 0.987, 85.71, 0.984, 0.00, 0.000, 0.00, 0.000
16947,180800, 86.33, 0.00, 0.998, 0.000, 0.000020, 0.000009,0,0,0, 0.000030, 0.000018, 0.000022, 0.000013, 86.33, 0.998, 43.16, 0.998, 0.00, 0.000, 0.00, 0.000
16948,180810, 86.33, 0.00, 0.997, 0.000, 0.000020, 0.000009,0,0,0, 0.000030, 0.000018, 0.000022, 0.000013, 86.33, 0.997, 43.01, 0.994, 0.00, 0.000, 0.00, 0.000
16949,180821, 85.71, 0.00, 0.996, 0.000, 0.000020, 0.000010,0,0,0, 0.000030, 0.000018, 0.000022, 0.000012, 85.71, 0.996, 43.01, 0.993, 0.00, 0.000, 0.00, 0.000
16950,180832, 85.71, 0.00, 0.997, 0.000, 0.000019, 0.000007,0,0,0, 0.000030, 0.000018, 0.000020, 0.000012, 85.71, 0.997, 43.01, 0.996, 0.00, 0.000, 0.00, 0.000
16951,180842, 86.33, 0.00, 0.993, 0.000, 0.000019, 0.000007,0,0,0, 0.000030, 0.000020, 0.000022, 0.000013, 86.33, 0.993, 43.01, 0.991, 0.00, 0.000, 0.00, 0.000
16952,180853, 86.95, 0.00, 0.976, 0.000, 0.000019, 0.000007,0,0,0, 0.000030, 0.000020, 0.000022, 0.000013, 86.95, 0.976, 43.47, 0.969, 0.00, 0.000, 0.00, 0.000
16953,180864, 44.77, 0.00, 0.958, 0.000, 0.000019, 0.000007,0,0,0, 0.000030, 0.000020, 0.000022, 0.000013, 44.77, 0.958, 89.55, 0.956, 0.00, 0.000, 0.00, 0.000
16954,180874, 30.07, 0.00, 0.992, 0.000, 0.000019, 0.000007,0,0,0, 0.000030, 0.000020, 0.000022, 0.000013, 30.07, 0.992, 90.22, 0.968, 45.28, 0.966, 0.00, 0.000
16955,180885, 45.62, 0.00, 0.997, 0.000, 0.000019, 0.000007,0,0,0, 0.000030, 0.000020, 0.000022, 0.000013, 45.62, 0.997, 30.45, 0.997, 91.60, 0.995, 0.00, 0.000
16956,180896, 45.62, 0.00, 0.997, 0.000, 0.000019, 0.000007,0,0,0, 0.000030, 0.000020, 0.000022, 0.000013, 45.62, 0.997, 30.37, 0.996, 90.90, 0.996, 0.00, 0.000
16957,180906, 91.60, 0.00, 0.998, 0.000, 0.000019, 0.000007,0,0,0, 0.000030, 0.000020, 0.000022, 0.000013, 91.60, 0.998, 45.62, 0.997, 30.45, 0.997, 0.00, 0.000
16958,180917, 30.76, 0.00, 0.992, 0.000, 0.000019, 0.000006,0,0,0, 0.000030, 0.000020, 0.000021, 0.000013, 30.76, 0.992, 92.30, 0.973, 45.97, 0.966, 0.00, 0.000
16959,180928, 31.33, 0.00, 0.997, 0.000, 0.000019, 0.000006,0,0,0, 0.000030, 0.000020, 0.000021, 0.000013, 31.33, 0.997, 94.48, 0.949, 47.05, 0.926, 0.00, 0.000
16960,180938, 31.91, 0.00, 0.997, 0.000, 0.000019, 0.000005,0,0,0, 0.000030, 0.000020, 0.000021, 0.000013, 31.91, 0.997, 96.00, 0.981, 48.00, 0.976, 0.00, 0.000
16961,180949, 96.77, 0.00, 0.996, 0.000, 0.000019, 0.000005,0,0,0, 0.000030, 0.000020, 0.000021, 0.000013, 96.77, 0.996, 48.19, 0.995, 32.17, 0.994, 0.00, 0.000
16962,180960, 32.17, 0.00, 0.998, 0.000, 0.000018, 0.000005,0,0,0, 0.000030, 0.000020, 0.000021, 0.000013, 32.17, 0.998, 48.19, 0.997, 96.77, 0.997, 0.00, 0.000
16963,180970, 96.77, 0.00, 0.998, 0.000, 0.000018, 0.000005,0,0,0, 0.000030, 0.000020, 0.000021, 0.000013, 96.77, 0.998, 48.38, 0.997, 32.17, 0.996, 0.00, 0.000
16964,180981, 97.56, 0.00, 0.980, 0.000, 0.000019, 0.000006,0,0,0, 0.000030, 0.000021, 0.000021, 0.000014, 97.56, 0.980, 48.58, 0.968, 32.43, 0.964, 0.00, 0.000
16965,180992, 98.36, 0.00, 0.959, 0.000, 0.000019, 0.000005,0,0,0, 0.000030, 0.000021, 0.000020, 0.000014, 98.36, 0.959, 32.78, 0.934, 49.18, 0.923, 0.00, 0.000
16966,181002, 100.00, 0.00, 0.955, 0.000, 0.000019, 0.000004,0,0,0, 0.000030, 0.000022, 0.000020, 0.000013, 100.00, 0.955, 33.33, 0.929, 50.20, 0.924, 0.00, 0.000
16967,181013, 101.69, 0.00, 0.983, 0.000, 0.000019, 0.000004,0,0,0, 0.000030, 0.000022, 0.000020, 0.000013, 101.69, 0.983, 33.99, 0.974, 51.06, 0.969, 0.00, 0.000
16968,181024, 34.18, 0.00, 0.999, 0.000, 0.000018, 0.000005,0,0,0, 0.000030, 0.000022, 0.000020, 0.000013, 34.18, 0.999, 102.56, 0.995, 51.28, 0.995, 0.00, 0.000
16969,181034, 51.28, 0.00, 0.997, 0.000, 0.000018, 0.000004,0,0,0, 0.000030, 0.000021, 0.000020, 0.000013, 51.28, 0.997, 102.56, 0.996, 34.18, 0.992, 0.00, 0.000
16970,181045, 51.28, 0.00, 0.997, 0.000, 0.000019, 0.000005,0,0,0, 0.000030, 0.000020, 0.000020, 0.000014, 51.28, 0.997, 102.56, 0.997, 34.18, 0.994, 0.00, 0.000
16971,181056, 102.56, 0.00, 0.997, 0.000, 0.000019, 0.000004,0,0,0, 0.000030, 0.000020, 0.000020, 0.000013, 102.56, 0.997, 34.18, 0.996, 51.28, 0.996, 0.00, 0.000
16972,181066, 102.56, 0.00, 0.979, 0.000, 0.000018, 0.000003,0,0,0, 0.000030, 0.000019, 0.000020, 0.000013, 102.56, 0.979, 34.38, 0.979, 51.50, 0.978, 0.00, 0.000
16973,181077, 34.88, 0.00, 0.976, 0.000, 0.000018, 0.000003,0,0,0, 0.000030, 0.000020, 0.000020, 0.000013, 34.88, 0.976, 105.26, 0.955, 52.17, 0.927, 0.00, 0.000
16974,181088, 107.14, 0.00, 0.981, 0.000, 0.000018, 0.000004,0,0,0, 0.000030, 0.000022, 0.000020, 0.000014, 107.14, 0.981, 53.81, 0.975, 35.82, 0.970, 0.00, 0.000
16975,181098, 108.10, 0.00, 0.996, 0.000, 0.000018, 0.000004,0,0,0, 0.000030, 0.000022, 0.000020, 0.000013, 108.10, 0.996, 54.05, 0.992, 36.03, 0.992, 0.00, 0.000
16976,181109, 36.25, 0.00, 0.997, 0.000, 0.000018, 0.000004,0,0,0, 0.000030, 0.000022, 0.000020, 0.000013, 36.25, 0.997, 108.10, 0.991, 54.29, 0.991, 0.00, 0.000
16977,181120, 36.25, 0.00, 0.997, 0.000, 0.000018, 0.000004,0,0,0, 0.000030, 0.000020, 0.000020, 0.000014, 36.25, 0.997, 54.29, 0.995, 109.09, 0.993, 0.00, 0.000
16978,181130, 36.36, 0.00, 0.995, 0.000, 0.000018, 0.000003,0,0,0, 0.000030, 0.000019, 0.000020, 0.000013, 36.36, 0.995, 109.09, 0.993, 54.29, 0.990, 0.00, 0.000
16979,181141, 109.09, 0.00, 0.985, 0.000, 0.000018, 0.000003,0,0,0, 0.000030, 0.000019, 0.000020, 0.000013, 109.09, 0.985, 36.47, 0.974, 54.79, 0.972, 0.00, 0.000
16980,181152, 111.11, 0.00, 0.962, 0.000, 0.000018, 0.000003,0,0,0, 0.000030, 0.000023, 0.000020, 0.000014, 111.11, 0.962, 55.55, 0.933, 37.03, 0.929, 0.00, 0.000
16981,181162, 113.20, 0.00, 0.967, 0.000, 0.000018, 0.000003,0,0,0, 0.000030, 0.000023, 0.000019, 0.000013, 113.20, 0.967, 37.73, 0.966, 56.87, 0.939, 0.00, 0.000
16982,181173, 38.33, 0.00, 0.985, 0.000, 0.000018, 0.000004,0,0,0, 0.000030, 0.000019, 0.000019, 0.000014, 38.33, 0.985, 115.38, 0.984, 57.69, 0.984, 0.00, 0.000
16983,181184, 115.38, 0.00, 0.998, 0.000, 0.000018, 0.000003,0,0,0, 0.000030, 0.000019, 0.000019, 0.000013, 115.38, 0.998, 57.69, 0.998, 38.46, 0.996, 0.00, 0.000
16984,181194, 57.69, 0.00, 0.996, 0.000, 0.000018, 0.000003,0,0,0, 0.000030, 0.000022, 0.000019, 0.000014, 57.69, 0.996, 115.38, 0.995, 38.46, 0.993, 0.00, 0.000
16985,181205, 116.50, 0.00, 0.965, 0.000, 0.000018, 0.000003,0,0,0, 0.000030, 0.000023, 0.000019, 0.000013, 116.50, 0.965, 57.97, 0.950, 38.70, 0.943, 0.00, 0.000
16986,181216, 120.00, 0.00, 0.949, 0.000, 0.000018, 0.000003,0,0,0, 0.000030, 0.000018, 0.000019, 0.000014, 120.00, 0.949, 39.86, 0.924, 60.00, 0.910, 0.00, 0.000
16987,181226, 60.60, 0.00, 0.974, 0.000, 0.000018, 0.000004,0,0,0, 0.000030, 0.000020, 0.000019, 0.000013, 60.60, 0.974, 121.21, 0.973, 40.40, 0.968, 30.30, 0.926
16988,181237, 122.44, 0.00, 0.983, 0.000, 0.000018, 0.000003,0,0,0, 0.000030, 0.000024, 0.000019, 0.000013, 122.44, 0.983, 40.67, 0.981, 60.91, 0.973, 30.53, 0.964
16989,181248, 123.71, 0.00, 0.928, 0.000, 0.000018, 0.000003,0,0,0, 0.000030, 0.000018, 0.000019, 0.000014, 123.71, 0.928, 31.00, 0.886, 62.17, 0.883, 41.37, 0.861
16990,181258, 31.49, 0.00, 0.963, 0.000, 0.000018, 0.000005,0,0,0, 0.000030, 0.000021, 0.000020, 0.000014, 31.49, 0.963, 42.10, 0.956, 62.82, 0.923, 126.31, 0.915
16991,181269, 41.81, 0.00, 0.956, 0.000, 0.000018, 0.000004,0,0,0, 0.000030, 0.000023, 0.000020, 0.000013, 41.81, 0.956, 31.41, 0.937, 126.31, 0.900, 62.82, 0.849
16992,181280, 41.66, 0.00, 0.930, 0.000, 0.000019, 0.000009,0,0,0, 0.000030, 0.000017, 0.000021, 0.000014, 41.66, 0.930, 30.84, 0.900, 123.71, 0.848, 62.17, 0.847
16993,181290, 41.23, 0.00, 0.912, 0.000, 0.000018, 0.000006,0,0,0, 0.000030, 0.000020, 0.000020, 0.000013, 41.23, 0.912, 30.84, 0.887, 122.44, 0.827, 62.17, 0.781
16994,181301, 40.54, 0.00, 0.919, 0.000, 0.000019, 0.000009,0,0,0, 0.000030, 0.000021, 0.000021, 0.000014, 40.54, 0.919, 30.84, 0.852, 120.00, 0.808, 61.85, 0.786
16995,181312, 40.54, 0.00, 0.904, 0.000, 0.000019, 0.000006,0,0,0, 0.000030, 0.000020, 0.000020, 0.000014, 40.54, 0.904, 30.69, 0.857, 61.53, 0.819, 121.21, 0.792
16996,181322, 41.66, 0.00, 0.904, 0.000, 0.000018, 0.000004,0,0,0, 0.000030, 0.000018, 0.000019, 0.000013, 41.66, 0.904, 31.00, 0.891, 123.71, 0.784, 62.50, 0.742
16997,181333, 41.09, 0.00, 0.916, 0.000, 0.000019, 0.000007,0,0,0, 0.000030, 0.000022, 0.000021, 0.000014, 41.09, 0.916, 30.61, 0.837, 61.22, 0.757, 123.71, 0.754
16998,181344, 40.81, 0.00, 0.899, 0.000, 0.000019, 0.000008,0,0,0, 0.000030, 0.000023, 0.000021, 0.000013, 40.81, 0.899, 31.16, 0.795, 129.03, 0.740, 61.22, 0.623
16999,181354, 30.61, 0.00, 0.970, 0.000, 0.000018, 0.000006,0,0,0, 0.000030, 0.000017, 0.000019, 0.000013, 30.61, 0.970, 42.10, 0.903, 122.44, 0.705, 63.49, 0.641
17000,181365, 31.83, 0.00, 0.904, 0.000, 0.000018, 0.000004,0,0,0, 0.000030, 0.000024, 0.000020, 0.000014, 31.83, 0.904, 42.10, 0.901, 63.49, 0.793, 125.00, 0.793
17001,181376, 40.95, 0.00, 0.887, 0.000, 0.000018, 0.000006,0,0,0, 0.000030, 0.000020, 0.000020, 0.000014, 40.95, 0.887, 123.71, 0.804, 61.53, 0.796, 30.84, 0.637
17002,181386, 61.53, 0.00, 0.902, 0.000, 0.000018, 0.000005,0,0,0, 0.000030, 0.000019, 0.000020, 0.000013, 61.53, 0.902, 40.95, 0.893, 31.25, 0.868, 123.71, 0.820
17003,181397, 40.95, 0.00, 0.940, 0.000, 0.000018, 0.000004,0,0,0, 0.000030, 0.000022, 0.000020, 0.000014, 40.95, 0.940, 61.22, 0.838, 30.69, 0.819, 122.44, 0.814
17004,181408, 41.37, 0.00, 0.932, 0.000, 0.000018, 0.000006,0,0,0, 0.000030, 0.000021, 0.000020, 0.000013, 41.37, 0.932, 31.16, 0.891, 123.71, 0.831, 61.85, 0.829
17005,181418, 31.16, 0.00, 0.985, 0.000, 0.000018, 0.000008,0,0,0, 0.000030, 0.000020, 0.000021, 0.000014, 31.16, 0.985, 41.52, 0.901, 123.71, 0.862, 61.85, 0.789
17006,181429, 41.23, 0.00, 0.923, 0.000, 0.000018, 0.000006,0,0,0, 0.000030, 0.000021, 0.000020, 0.000014, 41.23, 0.923, 31.16, 0.896, 123.71, 0.821, 61.53, 0.815
17007,181440, 40.81, 0.00, 0.913, 0.000, 0.000018, 0.000006,0,0,0, 0.000030, 0.000023, 0.000020, 0.000013, 40.81, 0.913, 61.53, 0.832, 31.16, 0.824, 123.71, 0.794
17008,181450, 41.23, 0.00, 0.942, 0.000, 0.000018, 0.000004,0,0,0, 0.000030, 0.000017, 0.000020, 0.000014, 41.23, 0.942, 62.17, 0.827, 30.76, 0.818, 122.44, 0.804
17009,181461, 41.23, 0.00, 0.997, 0.000, 0.000018, 0.000004,0,0,0, 0.000030, 0.000023, 0.000020, 0.000014, 41.23, 0.997, 30.92, 0.820, 122.44, 0.810, 62.50, 0.804
17010,181472, 41.09, 0.00, 0.898, 0.000, 0.000018, 0.000007,0,0,0, 0.000030, 0.000022, 0.000021, 0.000013, 41.09, 0.898, 60.30, 0.809, 122.44, 0.792, 30.84, 0.782
17011,181482, 31.16, 0.00, 0.990, 0.000, 0.000018, 0.000005,0,0,0, 0.000030, 0.000018, 0.000020, 0.000014, 31.16, 0.990, 41.37, 0.881, 125.00, 0.827, 61.53, 0.812
17012,181493, 41.66, 0.00, 0.909, 0.000, 0.000018, 0.000005,0,0,0, 0.000030, 0.000020, 0.000020, 0.000013, 41.66, 0.909, 126.31, 0.740, 61.22, 0.689, 31.33, 0.687
17013,181504, 41.09, 0.00, 0.854, 0.000, 0.000018, 0.000005,0,0,0, 0.000030, 0.000025, 0.000020, 0.000014, 41.09, 0.854, 30.84, 0.768, 127.65, 0.713, 60.60, 0.706
17014,181514, 41.37, 0.00, 0.917, 0.000, 0.000018, 0.000007,0,0,0, 0.000030, 0.000019, 0.000020, 0.000014, 41.37, 0.917, 31.16, 0.910, 127.65, 0.715, 61.53, 0.639
17015,181525, 41.81, 0.00, 0.808, 0.000, 0.000018, 0.000009,0,0,0, 0.000030, 0.000018, 0.000021, 0.000013, 41.81, 0.808, 31.25, 0.724, 30.84, 0.718, 62.17, 0.688
17016,181536, 31.08, 0.00, 0.995, 0.000, 0.000018, 0.000006,0,0,0, 0.000030, 0.000025, 0.000021, 0.000014, 31.08, 0.995, 40.40, 0.806, 125.00, 0.791, 61.53, 0.739
17017,181546, 40.81, 0.00, 0.917, 0.000, 0.000018, 0.000004,0,0,0, 0.000030, 0.000018, 0.000020, 0.000014, 40.81, 0.917, 30.69, 0.845, 122.44, 0.815, 61.85, 0.779
17018,181557, 41.52, 0.00, 0.959, 0.000, 0.000018, 0.000005,0,0,0, 0.000030, 0.000020, 0.000020, 0.000014, 41.52, 0.959, 62.50, 0.838, 126.31, 0.818, 31.08, 0.813
17019,181568, 41.23, 0.00, 0.930, 0.000, 0.000018, 0.000005,0,0,0, 0.000030, 0.000022, 0.000020, 0.000014, 41.23, 0.930, 125.00, 0.838, 61.22, 0.834, 31.16, 0.792
17020,181578, 31.25, 0.00, 0.924, 0.000, 0.000018, 0.000006,0,0,0, 0.000030, 0.000019, 0.000020, 0.000014, 31.25, 0.924, 41.37, 0.923, 61.53, 0.849, 126.31, 0.832
17021,181589, 41.81, 0.00, 0.987, 0.000, 0.000018, 0.000007,0,0,0, 0.000030, 0.000020, 0.000021, 0.000013, 41.81, 0.987, 61.53, 0.767, 125.00, 0.760, 31.25, 0.719
17022,181600, 30.69, 0.00, 0.899, 0.000, 0.000018, 0.000005,0,0,0, 0.000030, 0.000022, 0.000020, 0.000014, 30.69, 0.899, 40.67, 0.871, 123.71, 0.747, 60.60, 0.684
17023,181610, 31.00, 0.00, 0.899, 0.000, 0.000019, 0.000006,0,0,0, 0.000030, 0.000021, 0.000020, 0.000014, 31.00, 0.899, 40.95, 0.882, 125.00, 0.701, 61.22, 0.634
17024,181621, 41.66, 0.00, 0.817, 0.000, 0.000018, 0.000004,0,0,0, 0.000030, 0.000016, 0.000019, 0.000012, 41.66, 0.817, 62.82, 0.715, 30.15, 0.669, 126.31, 0.635
17025,181632, 31.66, 0.00, 0.894, 0.000, 0.000018, 0.000006,0,0,0, 0.000030, 0.000024, 0.000021, 0.000014, 31.66, 0.894, 62.82, 0.829, 129.03, 0.739, 42.10, 0.730
17026,181642, 130.43, 0.00, 0.551, 0.000, 0.000018, 0.000004,0,0,0, 0.000030, 0.000019, 0.000020, 0.000013, 130.43, 0.551, 63.15, 0.490, 32.69, 0.484, 41.95, 0.328
17027,181653, 31.25, 0.00, 0.572, 0.000, 0.000019, 0.000013,0,0,0, 0.000030, 0.000022, 0.000023, 0.000013, 31.25, 0.572, 44.60, 0.523, 61.53, 0.490, 131.86, 0.241
17028,181664, 41.81, 0.00, 0.602, 0.000, 0.000021, 0.000023,0,0,0, 0.000030, 0.000028, 0.000025, 0.000009, 41.81, 0.602, 33.42, 0.532, 166.66, 0.162, 61.22, 0.137
17029,181674, 33.05, 0.00, 0.596, 0.000, 0.000020, 0.000016,0,0,0, 0.000030, 0.000023, 0.000022, 0.000014, 33.05, 0.596, 50.42, 0.400, 166.66, 0.271, 40.00, 0.227
17030,181685, 30.61, 0.00, 0.633, 0.000, 0.000019, 0.000011,0,0,0, 0.000030, 0.000016, 0.000018, 0.000013, 30.61, 0.633, 155.84, 0.594, 50.63, 0.526, 76.43, 0.480
17031,181696, 157.89, 0.00, 0.505, 0.000, 0.000017, 0.000008,0,0,0, 0.000030, 0.000006, 0.000019, 0.000005, 157.89, 0.505, 78.43, 0.466, 51.72, 0.276, 39.47, 0.239
17032,181706, 51.50, 0.00, 0.566, 0.000, 0.000019, 0.000018,0,0,0, 0.000030, 0.000017, 0.000025, 0.000013, 51.50, 0.566, 31.25, 0.499, 38.33, 0.383, 153.84, 0.351
17033,181717, 34.28, 0.00, 0.824, 0.000, 0.000019, 0.000012,0,0,0, 0.000030, 0.000018, 0.000022, 0.000013, 34.28, 0.824, 99.17, 0.412, 51.50, 0.386, 0.00, 0.000
17034,181728, 95.23, 0.00, 0.589, 0.000, 0.000019, 0.000009,0,0,0, 0.000030, 0.000019, 0.000023, 0.000013, 95.23, 0.589, 47.24, 0.532, 35.82, 0.014, 0.00, 0.000
17035,181738, 30.30, 0.00, 0.678, 0.000, 0.000020, 0.000008,0,0,0, 0.000030, 0.000023, 0.000023, 0.000013, 30.30, 0.678, 89.55, 0.659, 46.15, 0.560, 44.44, 0.544
17036,181749, 30.22, 0.00, 0.930, 0.000, 0.000019, 0.000005,0,0,0, 0.000030, 0.000017, 0.000019, 0.000012, 30.22, 0.930, 44.44, 0.664, 88.88, 0.581, 0.00, 0.000
17037,181760, 31.25, 0.00, 0.753, 0.000, 0.000019, 0.000008,0,0,0, 0.000030, 0.000023, 0.000022, 0.000013, 31.25, 0.753, 46.33, 0.713, 95.23, 0.462, 0.00, 0.000
17038,181770, 48.78, 0.00, 0.682, 0.000, 0.000017, 0.000005,0,0,0, 0.000030, 0.000028, 0.000018, 0.000009, 48.78, 0.682, 32.08, 0.617, 94.48, 0.552, 0.00, 0.000
17039,181781, 31.16, 0.00, 0.793, 0.000, 0.000020, 0.000015,0,0,0, 0.000030, 0.000020, 0.000024, 0.000013, 31.16, 0.793, 93.02, 0.411, 47.24, 0.395, 0.00, 0.000
17040,181792, 31.08, 0.00, 0.696, 0.000, 0.000019, 0.000010,0,0,0, 0.000030, 0.000018, 0.000021, 0.000012, 31.08, 0.696, 93.02, 0.494, 46.87, 0.464, 50.84, 0.277
17041,181802, 93.02, 0.00, 0.624, 0.000, 0.000019, 0.000009,0,0,0, 0.000030, 0.000018, 0.000023, 0.000013, 93.02, 0.624, 47.05, 0.594, 30.92, 0.489, 0.00, 0.000
17042,181813, 93.02, 0.00, 0.816, 0.000, 0.000019, 0.000009,0,0,0, 0.000030, 0.000014, 0.000023, 0.000011, 93.02, 0.816, 47.24, 0.724, 32.52, 0.604, 0.00, 0.000
17043,181824, 30.92, 0.00, 0.948, 0.000, 0.000020, 0.000012,0,0,0, 0.000030, 0.000017, 0.000025, 0.000013, 30.92, 0.948, 46.87, 0.863, 92.30, 0.849, 0.00, 0.000
17044,181834, 31.08, 0.00, 0.969, 0.000, 0.000020, 0.000008,0,0,0, 0.000030, 0.000019, 0.000024, 0.000013, 31.08, 0.969, 46.87, 0.830, 93.02, 0.824, 0.00, 0.000
17045,181845, 92.30, 0.00, 0.821, 0.000, 0.000020, 0.000006,0,0,0, 0.000030, 0.000022, 0.000022, 0.000014, 92.30, 0.821, 47.05, 0.660, 31.91, 0.500, 0.00, 0.000
17046,181856, 31.57, 0.00, 0.958, 0.000, 0.000019, 0.000004,0,0,0, 0.000030, 0.000017, 0.000020, 0.000012, 31.57, 0.958, 91.60, 0.744, 47.80, 0.741, 0.00, 0.000
17047,181866, 31.41, 0.00, 0.934, 0.000, 0.000019, 0.000010,0,0,0, 0.000030, 0.000020, 0.000023, 0.000014, 31.41, 0.934, 47.61, 0.848, 93.02, 0.680, 0.00, 0.000
17048,181877, 46.33, 0.00, 0.801, 0.000, 0.000019, 0.000007,0,0,0, 0.000030, 0.000018, 0.000022, 0.000013, 46.33, 0.801, 91.60, 0.728, 30.61, 0.721, 0.00, 0.000
17049,181888, 45.80, 0.00, 0.899, 0.000, 0.000019, 0.000006,0,0,0, 0.000030, 0.000021, 0.000022, 0.000014, 45.80, 0.899, 92.30, 0.793, 31.41, 0.643, 0.00, 0.000
17050,181898, 91.60, 0.00, 0.754, 0.000, 0.000018, 0.000004,0,0,0, 0.000030, 0.000028, 0.000020, 0.000010, 91.60, 0.754, 46.69, 0.707, 31.08, 0.552, 0.00, 0.000
17051,181909, 30.61, 0.00, 0.627, 0.000, 0.000020, 0.000024,0,0,0, 0.000030, 0.000023, 0.000026, 0.000011, 30.61, 0.627, 47.80, 0.592, 93.02, 0.438, 0.00, 0.000
17052,181920, 31.16, 0.00, 0.712, 0.000, 0.000019, 0.000017,0,0,0, 0.000030, 0.000018, 0.000019, 0.000012, 31.16, 0.712, 46.87, 0.545, 93.75, 0.310, 0.00, 0.000
17053,181930, 30.76, 0.00, 0.485, 0.000, 0.000019, 0.000011,0,0,0, 0.000030, 0.000017, 0.000023, 0.000012, 30.76, 0.485, 93.02, 0.456, 47.05, 0.431, 0.00, 0.000
17054,181941, 97.56, 0.00, 0.753, 0.000, 0.000019, 0.000008,0,0,0, 0.000030, 0.000017, 0.000023, 0.000012, 97.56, 0.753, 48.00, 0.739, 32.78, 0.534, 0.00, 0.000
17055,181952, 47.61, 0.00, 0.765, 0.000, 0.000020, 0.000010,0,0,0, 0.000030, 0.000025, 0.000024, 0.000013, 47.61, 0.765, 93.02, 0.717, 31.16, 0.538, 0.00, 0.000
17056,181962, 31.08, 0.00, 0.756, 0.000, 0.000019, 0.000007,0,0,0, 0.000030, 0.000020, 0.000021, 0.000012, 31.08, 0.756, 47.05, 0.648, 97.56, 0.605, 0.00, 0.000
17057,181973, 46.87, 0.00, 0.735, 0.000, 0.000019, 0.000005,0,0,0, 0.000030, 0.000022, 0.000021, 0.000013, 46.87, 0.735, 30.84, 0.681, 90.90, 0.609, 0.00, 0.000
17058,181984, 46.33, 0.00, 0.769, 0.000, 0.000019, 0.000005,0,0,0, 0.000030, 0.000021, 0.000021, 0.000013, 46.33, 0.769, 93.02, 0.742, 31.41, 0.728, 0.00, 0.000
17059,181994, 31.25, 0.00, 0.897, 0.000, 0.000018, 0.000003,0,0,0, 0.000030, 0.000019, 0.000020, 0.000013, 31.25, 0.897, 93.75, 0.848, 46.51, 0.780, 0.00, 0.000
17060,182005, 93.75, 0.00, 0.918, 0.000, 0.000019, 0.000009,0,0,0, 0.000030, 0.000019, 0.000022, 0.000013, 93.75, 0.918, 31.49, 0.881, 47.43, 0.846, 0.00, 0.000
17061,182016, 47.43, 0.00, 0.904, 0.000, 0.000019, 0.000007,0,0,0, 0.000030, 0.000017, 0.000022, 0.000012, 47.43, 0.904, 94.48, 0.867, 31.49, 0.715, 0.00, 0.000
17062,182026, 30.92, 0.00, 0.984, 0.000, 0.000020, 0.000011,0,0,0, 0.000030, 0.000019, 0.000024, 0.000013, 30.92, 0.984, 46.87, 0.928, 92.30, 0.871, 0.00, 0.000
17063,182037, 46.51, 0.00, 0.978, 0.000, 0.000019, 0.000008,0,0,0, 0.000030, 0.000018, 0.000022, 0.000012, 46.51, 0.978, 31.25, 0.929, 94.48, 0.842, 0.00, 0.000
17064,182048, 47.24, 0.00, 0.929, 0.000, 0.000019, 0.000008,0,0,0, 0.000030, 0.000019, 0.000023, 0.000013, 47.24, 0.929, 31.16, 0.899, 93.75, 0.875, 0.00, 0.000
17065,182058, 31.25, 0.00, 0.971, 0.000, 0.000019, 0.000008,0,0,0, 0.000030, 0.000020, 0.000023, 0.000013, 31.25, 0.971, 93.75, 0.906, 47.05, 0.894, 0.00, 0.000
17066,182069, 46.69, 0.00, 0.940, 0.000, 0.000019, 0.000005,0,0,0, 0.000030, 0.000020, 0.000021, 0.000013, 46.69, 0.940, 31.49, 0.920, 94.48, 0.895, 0.00, 0.000
17067,182080, 47.05, 0.00, 0.970, 0.000, 0.000019, 0.000007,0,0,0, 0.000030, 0.000021, 0.000022, 0.000013, 47.05, 0.970, 30.92, 0.917, 91.60, 0.882, 0.00, 0.000
17068,182090, 46.87, 0.00, 0.846, 0.000, 0.000019, 0.000005,0,0,0, 0.000030, 0.000016, 0.000021, 0.000012, 46.87, 0.846, 93.75, 0.791, 31.49, 0.714, 0.00, 0.000
17069,182101, 47.43, 0.00, 0.654, 0.000, 0.000020, 0.000011,0,0,0, 0.000030, 0.000027, 0.000024, 0.000013, 47.43, 0.654, 92.30, 0.630, 31.33, 0.532, 0.00, 0.000
17070,182112, 47.24, 0.00, 0.731, 0.000, 0.000019, 0.000008,0,0,0, 0.000030, 0.000016, 0.000020, 0.000012, 47.24, 0.731, 31.33, 0.509, 93.02, 0.354, 0.00, 0.000
17071,182122, 46.87, 0.00, 0.737, 0.000, 0.000020, 0.000010,0,0,0, 0.000030, 0.000022, 0.000023, 0.000014, 46.87, 0.737, 31.00, 0.583, 90.90, 0.286, 0.00, 0.000
17072,182133, 46.51, 0.00, 0.570, 0.000, 0.000019, 0.000007,0,0,0, 0.000030, 0.000021, 0.000021, 0.000013, 46.51, 0.570, 31.08, 0.567, 92.30, 0.452, 0.00, 0.000
17073,182144, 31.41, 0.00, 0.914, 0.000, 0.000018, 0.000004,0,0,0, 0.000030, 0.000016, 0.000020, 0.000012, 31.41, 0.914, 96.00, 0.624, 47.61, 0.513, 0.00, 0.000
17074,182154, 96.00, 0.00, 0.803, 0.000, 0.000019, 0.000011,0,0,0, 0.000030, 0.000018, 0.000023, 0.000013, 96.00, 0.803, 32.08, 0.780, 48.38, 0.705, 0.00, 0.000
17075,182165, 31.41, 0.00, 0.860, 0.000, 0.000019, 0.000009,0,0,0, 0.000030, 0.000019, 0.000023, 0.000013, 31.41, 0.860, 91.60, 0.739, 46.87, 0.651, 0.00, 0.000
17076,182176, 89.55, 0.00, 0.876, 0.000, 0.000019, 0.000006,0,0,0, 0.000030, 0.000021, 0.000022, 0.000014, 89.55, 0.876, 45.11, 0.820, 30.92, 0.658, 0.00, 0.000
17077,182186, 89.55, 0.00, 0.897, 0.000, 0.000019, 0.000004,0,0,0, 0.000030, 0.000022, 0.000021, 0.000013, 89.55, 0.897, 45.97, 0.803, 30.69, 0.749, 0.00, 0.000
17078,182197, 31.91, 0.00, 0.932, 0.000, 0.000018, 0.000003,0,0,0, 0.000030, 0.000018, 0.000019, 0.000012, 31.91, 0.932, 94.48, 0.802, 47.43, 0.779, 0.00, 0.000
17079,182208, 93.02, 0.00, 0.812, 0.000, 0.000019, 0.000011,0,0,0, 0.000030, 0.000018, 0.000023, 0.000013, 93.02, 0.812, 31.41, 0.791, 47.61, 0.749, 0.00, 0.000
17080,182218, 31.57, 0.00, 0.859, 0.000, 0.000019, 0.000009,0,0,0, 0.000030, 0.000020, 0.000023, 0.000013, 31.57, 0.859, 93.75, 0.803, 46.69, 0.779, 0.00, 0.000
17081,182229, 91.60, 0.00, 0.899, 0.000, 0.000019, 0.000006,0,0,0, 0.000030, 0.000022, 0.000022, 0.000014, 91.60, 0.899, 46.33, 0.789, 31.00, 0.682, 0.00, 0.000
17082,182240, 91.60, 0.00, 0.882, 0.000, 0.000020, 0.000010,0,0,0, 0.000030, 0.000024, 0.000022, 0.000013, 91.60, 0.882, 46.51, 0.715, 43.47, 0.706, 31.33, 0.615
17083,182250, 31.16, 0.00, 0.866, 0.000, 0.000019, 0.000007,0,0,0, 0.000030, 0.000018, 0.000019, 0.000013, 31.16, 0.866, 92.30, 0.788, 46.51, 0.699, 0.00, 0.000
17084,182261, 93.02, 0.00, 0.814, 0.000, 0.000019, 0.000009,0,0,0, 0.000030, 0.000019, 0.000022, 0.000013, 93.02, 0.814, 31.25, 0.764, 46.69, 0.664, 0.00, 0.000
17085,182272, 95.23, 0.00, 0.822, 0.000, 0.000019, 0.000007,0,0,0, 0.000030, 0.000019, 0.000022, 0.000013, 95.23, 0.822, 47.43, 0.794, 31.66, 0.673, 0.00, 0.000
17086,182282, 94.48, 0.00, 0.863, 0.000, 0.000019, 0.000007,0,0,0, 0.000030, 0.000023, 0.000022, 0.000014, 94.48, 0.863, 47.43, 0.827, 31.57, 0.626, 0.00, 0.000
17087,182293, 31.41, 0.00, 0.800, 0.000, 0.000018, 0.000005,0,0,0, 0.000030, 0.000016, 0.000020, 0.000012, 31.41, 0.800, 47.05, 0.742, 94.48, 0.717, 0.00, 0.000
17088,182304, 31.08, 0.00, 0.911, 0.000, 0.000019, 0.000012,0,0,0, 0.000030, 0.000017, 0.000024, 0.000013, 31.08, 0.911, 91.60, 0.712, 46.33, 0.709, 0.00, 0.000
17089,182314, 31.25, 0.00, 0.767, 0.000, 0.000020, 0.000009,0,0,0, 0.000030, 0.000019, 0.000023, 0.000013, 31.25, 0.767, 92.30, 0.762, 46.69, 0.683, 0.00, 0.000
17090,182325, 94.48, 0.00, 0.888, 0.000, 0.000019, 0.000006,0,0,0, 0.000030, 0.000019, 0.000022, 0.000013, 94.48, 0.888, 47.24, 0.831, 31.57, 0.808, 0.00, 0.000
17091,182336, 95.23, 0.00, 0.810, 0.000, 0.000020, 0.000007,0,0,0, 0.000030, 0.000024, 0.000022, 0.000013, 95.23, 0.810, 47.43, 0.798, 31.74, 0.586, 0.00, 0.000
17092,182346, 31.25, 0.00, 0.915, 0.000, 0.000019, 0.000005,0,0,0, 0.000030, 0.000018, 0.000020, 0.000012, 31.25, 0.915, 46.15, 0.800, 94.48, 0.685, 0.00, 0.000
17093,182357, 30.37, 0.00, 0.987, 0.000, 0.000019, 0.000009,0,0,0, 0.000030, 0.000019, 0.000023, 0.000013, 30.37, 0.987, 45.97, 0.805, 90.22, 0.693, 0.00, 0.000
17094,182368, 31.33, 0.00, 0.786, 0.000, 0.000019, 0.000006,0,0,0, 0.000030, 0.000021, 0.000021, 0.000013, 31.33, 0.786, 90.90, 0.752, 46.87, 0.699, 0.00, 0.000
17095,182378, 31.57, 0.00, 0.985, 0.000, 0.000018, 0.000004,0,0,0, 0.000030, 0.000018, 0.000020, 0.000013, 31.57, 0.985, 93.02, 0.811, 48.19, 0.792, 0.00, 0.000
17096,182389, 96.77, 0.00, 0.845, 0.000, 0.000019, 0.000010,0,0,0, 0.000030, 0.000016, 0.000023, 0.000012, 96.77, 0.845, 32.17, 0.802, 48.78, 0.793, 0.00, 0.000
17097,182400, 93.02, 0.00, 0.787, 0.000, 0.000020, 0.000013,0,0,0, 0.000030, 0.000016, 0.000024, 0.000012, 93.02, 0.787, 46.69, 0.752, 30.69, 0.672, 32.08, 0.670
17098,182410, 91.60, 0.00, 0.724, 0.000, 0.000020, 0.000009,0,0,0, 0.000030, 0.000023, 0.000023, 0.000014, 91.60, 0.724, 46.33, 0.709, 31.00, 0.649, 0.00, 0.000
17099,182421, 91.60, 0.00, 0.756, 0.000, 0.000020, 0.000008,0,0,0, 0.000030, 0.000023, 0.000022, 0.000013, 91.60, 0.756, 42.55, 0.574, 46.51, 0.556, 31.25, 0.552
17100,182432, 31.49, 0.00, 0.871, 0.000, 0.000019, 0.000005,0,0,0, 0.000030, 0.000018, 0.000019, 0.000012, 31.49, 0.871, 95.23, 0.731, 47.24, 0.582, 0.00, 0.000
17101,182442, 93.75, 0.00, 0.845, 0.000, 0.000019, 0.000008,0,0,0, 0.000030, 0.000019, 0.000023, 0.000013, 93.75, 0.845, 31.41, 0.715, 47.24, 0.653, 0.00, 0.000
17102,182453, 93.02, 0.00, 0.860, 0.000, 0.000019, 0.000008,0,0,0, 0.000030, 0.000018, 0.000023, 0.000013, 93.02, 0.860, 46.51, 0.826, 32.52, 0.676, 31.08, 0.672
17103,182464, 92.30, 0.00, 0.915, 0.000, 0.000019, 0.000007,0,0,0, 0.000030, 0.000021, 0.000022, 0.000014, 92.30, 0.915, 46.33, 0.902, 30.92, 0.743, 0.00, 0.000
17104,182474, 93.02, 0.00, 0.864, 0.000, 0.000019, 0.000009,0,0,0, 0.000030, 0.000024, 0.000022, 0.000013, 93.02, 0.864, 46.33, 0.723, 31.49, 0.649, 0.00, 0.000
17105,182485, 30.92, 0.00, 0.871, 0.000, 0.000019, 0.000006,0,0,0, 0.000030, 0.000020, 0.000021, 0.000013, 30.92, 0.871, 47.61, 0.779, 92.30, 0.769, 0.00, 0.000
17106,182496, 94.48, 0.00, 0.739, 0.000, 0.000018, 0.000005,0,0,0, 0.000030, 0.000016, 0.000021, 0.000012, 94.48, 0.739, 47.43, 0.713, 31.57, 0.657, 0.00, 0.000
17107,182506, 94.48, 0.00, 0.443, 0.000, 0.000021, 0.000026,0,0,0, 0.000030, 0.000013, 0.000026, 0.000010, 94.48, 0.443, 55.55, 0.334, 34.88, 0.268, 47.05, 0.096
17108,182517, 34.58, 0.00, 0.689, 0.000, 0.000019, 0.000018,0,0,0, 0.000030, 0.000016, 0.000019, 0.000011, 34.58, 0.689, 55.29, 0.406, 94.48, 0.141, 0.00, 0.000
17109,182528, 49.79, 0.00, 0.512, 0.000, 0.000017, 0.000013,0,0,0, 0.000000, 0.000000, 0.000003, 0.000001, 49.79, 0.512, 55.29, 0.439, 0.00, 0.000, 0.00, 0.000
17110,182538, 40.26, 0.00, 0.994, 0.000, 0.000020, 0.000020,0,0,0, 0.000030, 0.000021, 0.000026, 0.000015, 40.26, 0.994, 0.00, 0.000, 0.00, 0.000, 0.00, 0.000
17111,182549, 40.40, 0.00, 0.999, 0.000, 0.000018, 0.000014,0,0,0, 0.000000, 0.000000, 0.000008, 0.000003, 40.40, 0.999, 0.00, 0.000, 0.00, 0.000, 0.00, 0.000
17112,182560, 41.23, 0.00, 0.978, 0.000, 0.000020, 0.000022,0,0,0, 0.000030, 0.000021, 0.000026, 0.000013, 41.23, 0.978, 0.00, 0.000, 0.00, 0.000, 0.00, 0.000
17113,182570, 41.23, 0.00, 0.983, 0.000, 0.000019, 0.000015,0,0,0, 0.000000, 0.000000, 0.000018, 0.000008, 41.23, 0.983, 0.00, 0.000, 0.00, 0.000, 0.00, 0.000
17114,182581, 41.52, 0.00, 0.999, 0.000, 0.000021, 0.000024,0,0,0, 0.000030, 0.000017, 0.000026, 0.000011, 41.52, 0.999, 0.00, 0.000, 0.00, 0.000, 0.00, 0.000
17115,182592, 41.09, 0.00, 0.867, 0.000, 0.000021, 0.000017,0,0,0, 0.000030, 0.000016, 0.000023, 0.000012, 41.09, 0.867, 0.00, 0.000, 0.00, 0.000, 0.00, 0.000
17116,182602, 41.52, 0.00, 0.561, 0.000, 0.000020, 0.000012,0,0,0, 0.000030, 0.000020, 0.000021, 0.000013, 41.52, 0.561, 79.47, 0.341, 92.30, 0.228, 0.00, 0.000
17117,182613, 41.23, 0.00, 0.844, 0.000, 0.000020, 0.000008,0,0,0, 0.000030, 0.000021, 0.000022, 0.000013, 41.23, 0.844, 81.63, 0.604, 75.47, 0.533, 0.00, 0.000
17118,182624, 41.52, 0.00, 0.893, 0.000, 0.000020, 0.000006,0,0,0, 0.000030, 0.000022, 0.000022, 0.000014, 41.52, 0.893, 82.19, 0.786, 0.00, 0.000, 0.00, 0.000
17119,182634, 41.37, 0.00, 0.959, 0.000, 0.000020, 0.000009,0,0,0, 0.000030, 0.000023, 0.000022, 0.000013, 41.37, 0.959, 83.33, 0.857, 0.00, 0.000, 0.00, 0.000
17120,182645, 41.66, 0.00, 0.979, 0.000, 0.000020, 0.000006,0,0,0, 0.000030, 0.000022, 0.000021, 0.000013, 41.66, 0.979, 82.75, 0.896, 0.00, 0.000, 0.00, 0.000
17121,182656, 41.66, 0.00, 0.990, 0.000, 0.000019, 0.000004,0,0,0, 0.000030, 0.000022, 0.000021, 0.000012, 41.66, 0.990, 84.50, 0.872, 0.00, 0.000, 0.00, 0.000
17122,182666, 41.37, 0.00, 0.993, 0.000, 0.000020, 0.000007,0,0,0, 0.000030, 0.000019, 0.000022, 0.000014, 41.37, 0.993, 81.08, 0.862, 0.00, 0.000, 0.00, 0.000
17123,182677, 41.37, 0.00, 0.992, 0.000, 0.000019, 0.000005,0,0,0, 0.000030, 0.000020, 0.000021, 0.000013, 41.37, 0.992, 85.10, 0.849, 0.00, 0.000, 0.00, 0.000
17124,182688, 41.23, 0.00, 0.993, 0.000, 0.000020, 0.000008,0,0,0, 0.000030, 0.000019, 0.000022, 0.000013, 41.23, 0.993, 80.53, 0.825, 0.00, 0.000, 0.00, 0.000
17125,182698, 41.37, 0.00, 0.990, 0.000, 0.000019, 0.000006,0,0,0, 0.000030, 0.000020, 0.000021, 0.000013, 41.37, 0.990, 84.50, 0.818, 0.00, 0.000, 0.00, 0.000
17126,182709, 41.52, 0.00, 0.997, 0.000, 0.000020, 0.000008,0,0,0, 0.000030, 0.000022, 0.000022, 0.000013, 41.52, 0.997, 81.08, 0.829, 0.00, 0.000, 0.00, 0.000
17127,182720, 41.81, 0.00, 0.987, 0.000, 0.000019, 0.000005,0,0,0, 0.000030, 0.000021, 0.000021, 0.000013, 41.81, 0.987, 85.71, 0.837, 0.00, 0.000, 0.00, 0.000
17128,182730, 41.66, 0.00, 0.983, 0.000, 0.000020, 0.000008,0,0,0, 0.000030, 0.000023, 0.000022, 0.000013, 41.66, 0.983, 80.53, 0.834, 0.00, 0.000, 0.00, 0.000
17129,182741, 41.52, 0.00, 0.998, 0.000, 0.000020, 0.000006,0,0,0, 0.000030, 0.000021, 0.000021, 0.000013, 41.52, 0.998, 85.10, 0.797, 82.19, 0.796, 0.00, 0.000
17130,182752, 41.52, 0.00, 0.997, 0.000, 0.000019, 0.000006,0,0,0, 0.000030, 0.000021, 0.000022, 0.000012, 41.52, 0.997, 86.33, 0.835, 0.00, 0.000, 0.00, 0.000
17131,182762, 41.37, 0.00, 0.992, 0.000, 0.000020, 0.000007,0,0,0, 0.000030, 0.000020, 0.000022, 0.000014, 41.37, 0.992, 79.47, 0.830, 0.00, 0.000, 0.00, 0.000
17132,182773, 41.23, 0.00, 0.961, 0.000, 0.000019, 0.000005,0,0,0, 0.000030, 0.000020, 0.000021, 0.000013, 41.23, 0.961, 85.10, 0.839, 0.00, 0.000, 0.00, 0.000
17133,182784, 41.23, 0.00, 0.952, 0.000, 0.000020, 0.000010,0,0,0, 0.000030, 0.000021, 0.000023, 0.000013, 41.23, 0.952, 79.47, 0.855, 0.00, 0.000, 0.00, 0.000
17134,182794, 41.37, 0.00, 0.941, 0.000, 0.000019, 0.000007,0,0,0, 0.000030, 0.000020, 0.000021, 0.000013, 41.37, 0.941, 85.10, 0.819, 0.00, 0.000, 0.00, 0.000
17135,182805, 41.52, 0.00, 0.992, 0.000, 0.000020, 0.000011,0,0,0, 0.000030, 0.000025, 0.000023, 0.000014, 41.52, 0.992, 79.47, 0.788, 0.00, 0.000, 0.00, 0.000
17136,182816, 41.52, 0.00, 0.993, 0.000, 0.000020, 0.000007,0,0,0, 0.000030, 0.000022, 0.000021, 0.000013, 41.52, 0.993, 86.95, 0.786, 0.00, 0.000, 0.00, 0.000
17137,182826, 41.52, 0.00, 0.995, 0.000, 0.000019, 0.000012,0,0,0, 0.000030, 0.000025, 0.000023, 0.000011, 41.52, 0.995, 80.53, 0.763, 0.00, 0.000, 0.00, 0.000
17138,182837, 41.52, 0.00, 0.995, 0.000, 0.000019, 0.000008,0,0,0, 0.000030, 0.000022, 0.000023, 0.000013, 41.52, 0.995, 81.08, 0.790, 0.00, 0.000, 0.00, 0.000
17139,182848, 41.52, 0.00, 0.988, 0.000, 0.000019, 0.000006,0,0,0, 0.000030, 0.000020, 0.000022, 0.000014, 41.52, 0.988, 84.50, 0.804, 0.00, 0.000, 0.00, 0.000
17140,182858, 41.23, 0.00, 0.985, 0.000, 0.000020, 0.000009,0,0,0, 0.000030, 0.000022, 0.000023, 0.000013, 41.23, 0.985, 81.63, 0.799, 0.00, 0.000, 0.00, 0.000
17141,182869, 41.37, 0.00, 0.997, 0.000, 0.000020, 0.000006,0,0,0, 0.000030, 0.000020, 0.000022, 0.000013, 41.37, 0.997, 83.91, 0.800, 0.00, 0.000, 0.00, 0.000
17142,182880, 41.37, 0.00, 0.997, 0.000, 0.000020, 0.000010,0,0,0, 0.000030, 0.000022, 0.000023, 0.000013, 41.37, 0.997, 81.63, 0.741, 0.00, 0.000, 0.00, 0.000
17143,182890, 41.52, 0.00, 0.998, 0.000, 0.000020, 0.000007,0,0,0, 0.000030, 0.000021, 0.000022, 0.000013, 41.52, 0.998, 83.91, 0.728, 0.00, 0.000, 0.00, 0.000
17144,182901, 41.52, 0.00, 0.996, 0.000, 0.000020, 0.000011,0,0,0, 0.000030, 0.000025, 0.000023, 0.000014, 41.52, 0.996, 81.63, 0.728, 0.00, 0.000, 0.00, 0.000
17145,182912, 41.66, 0.00, 0.997, 0.000, 0.000020, 0.000007,0,0,0, 0.000030, 0.000022, 0.000022, 0.000013, 41.66, 0.997, 83.91, 0.731, 0.00, 0.000, 0.00, 0.000
17146,182922, 41.52, 0.00, 0.996, 0.000, 0.000019, 0.000005,0,0,0, 0.000030, 0.000024, 0.000021, 0.000011, 41.52, 0.996, 82.19, 0.740, 0.00, 0.000, 0.00, 0.000
17147,182933, 41.37, 0.00, 0.999, 0.000, 0.000019, 0.000008,0,0,0, 0.000030, 0.000022, 0.000023, 0.000014, 41.37, 0.999, 82.75, 0.804, 0.00, 0.000, 0.00, 0.000
17148,182944, 41.37, 0.00, 0.997, 0.000, 0.000020, 0.000006,0,0,0, 0.000030, 0.000019, 0.000022, 0.000014, 41.37, 0.997, 82.75, 0.802, 0.00, 0.000, 0.00, 0.000
17149,182954, 41.23, 0.00, 0.990, 0.000, 0.000020, 0.000009,0,0,0, 0.000030, 0.000022, 0.000023, 0.000013, 41.23, 0.990, 82.75, 0.784, 0.00, 0.000, 0.00, 0.000
17150,182965, 41.09, 0.00, 0.993, 0.000, 0.000020, 0.000006,0,0,0, 0.000030, 0.000019, 0.000022, 0.000013, 41.09, 0.993, 82.75, 0.771, 0.00, 0.000, 0.00, 0.000
17151,182976, 41.37, 0.00, 0.976, 0.000, 0.000020, 0.000009,0,0,0, 0.000030, 0.000022, 0.000023, 0.000013, 41.37, 0.976, 82.19, 0.702, 0.00, 0.000, 0.00, 0.000
17152,182986, 41.66, 0.00, 0.997, 0.000, 0.000020, 0.000006,0,0,0, 0.000030, 0.000022, 0.000022, 0.000013, 41.66, 0.997, 83.91, 0.718, 0.00, 0.000, 0.00, 0.000
17153,182997, 41.52, 0.00, 0.992, 0.000, 0.000020, 0.000010,0,0,0, 0.000030, 0.000025, 0.000023, 0.000013, 41.52, 0.992, 82.19, 0.716, 0.00, 0.000, 0.00, 0.000
17154,183008, 41.52, 0.00, 0.997, 0.000, 0.000020, 0.000007,0,0,0, 0.000030, 0.000022, 0.000022, 0.000013, 41.52, 0.997, 84.50, 0.704, 0.00, 0.000, 0.00, 0.000
17155,183018, 41.37, 0.00, 0.994, 0.000, 0.000019, 0.000006,0,0,0, 0.000030, 0.000023, 0.000022, 0.000012, 41.37, 0.994, 81.08, 0.742, 0.00, 0.000, 0.00, 0.000
17156,183029, 41.37, 0.00, 0.999, 0.000, 0.000019, 0.000007,0,0,0, 0.000030, 0.000022, 0.000023, 0.000013, 41.37, 0.999, 83.91, 0.758, 0.00, 0.000, 0.00, 0.000
17157,183040, 41.37, 0.00, 0.998, 0.000, 0.000020, 0.000007,0,0,0, 0.000030, 0.000018, 0.000022, 0.000014, 41.37, 0.998, 81.63, 0.755, 0.00, 0.000, 0.00, 0.000
17158,183050, 41.37, 0.00, 0.996, 0.000, 0.000020, 0.000008,0,0,0, 0.000030, 0.000023, 0.000023, 0.000013, 41.37, 0.996, 84.50, 0.755, 0.00, 0.000, 0.00, 0.000
17159,183061, 41.37, 0.00, 0.990, 0.000, 0.000020, 0.000007,0,0,0, 0.000030, 0.000019, 0.000022, 0.000012, 41.37, 0.990, 81.08, 0.698, 0.00, 0.000, 0.00, 0.000
17160,183072, 41.37, 0.00, 0.986, 0.000, 0.000020, 0.000008,0,0,0, 0.000030, 0.000023, 0.000022, 0.000014, 41.37, 0.986, 80.00, 0.692, 0.00, 0.000, 0.00, 0.000
17161,183082, 41.66, 0.00, 0.995, 0.000, 0.000020, 0.000007,0,0,0, 0.000030, 0.000022, 0.000022, 0.000013, 41.66, 0.995, 86.33, 0.695, 0.00, 0.000, 0.00, 0.000
17162,183093, 41.52, 0.00, 0.994, 0.000, 0.000020, 0.000009,0,0,0, 0.000030, 0.000024, 0.000022, 0.000013, 41.52, 0.994, 79.47, 0.684, 0.00, 0.000, 0.00, 0.000
17163,183104, 41.52, 0.00, 0.998, 0.000, 0.000020, 0.000008,0,0,0, 0.000030, 0.000022, 0.000022, 0.000013, 41.52, 0.998, 86.95, 0.693, 0.00, 0.000, 0.00, 0.000
17164,183114, 41.37, 0.00, 0.992, 0.000, 0.000020, 0.000007,0,0,0, 0.000030, 0.000021, 0.000022, 0.000012, 41.37, 0.992, 80.00, 0.731, 0.00, 0.000, 0.00, 0.000
17165,183125, 41.23, 0.00, 0.996, 0.000, 0.000019, 0.000006,0,0,0, 0.000030, 0.000022, 0.000022, 0.000013, 41.23, 0.996, 86.33, 0.725, 0.00, 0.000, 0.00, 0.000
17166,183136, 41.37, 0.00, 0.997, 0.000, 0.000020, 0.000008,0,0,0, 0.000030, 0.000018, 0.000022, 0.000014, 41.37, 0.997, 78.94, 0.715, 0.00, 0.000, 0.00, 0.000
17167,183146, 41.37, 0.00, 0.995, 0.000, 0.000020, 0.000006,0,0,0, 0.000030, 0.000022, 0.000022, 0.000013, 41.37, 0.995, 86.33, 0.702, 0.00, 0.000, 0.00, 0.000
17168,183157, 41.37, 0.00, 0.997, 0.000, 0.000019, 0.000007,0,0,0, 0.000030, 0.000018, 0.000022, 0.000012, 41.37, 0.997, 87.59, 0.632, 79.47, 0.629, 0.00, 0.000
17169,183168, 41.37, 0.00, 0.998, 0.000, 0.000020, 0.000007,0,0,0, 0.000030, 0.000023, 0.000022, 0.000014, 41.37, 0.998, 77.41, 0.679, 0.00, 0.000, 0.00, 0.000
17170,183178, 41.37, 0.00, 0.997, 0.000, 0.000020, 0.000007,0,0,0, 0.000030, 0.000022, 0.000022, 0.000013, 41.37, 0.997, 88.88, 0.679, 0.00, 0.000, 0.00, 0.000
17171,183189, 41.52, 0.00, 0.995, 0.000, 0.000020, 0.000008,0,0,0, 0.000030, 0.000024, 0.000022, 0.000012, 41.52, 0.995, 78.43, 0.654, 0.00, 0.000, 0.00, 0.000
17172,183200, 41.37, 0.00, 0.995, 0.000, 0.000020, 0.000008,0,0,0, 0.000030, 0.000022, 0.000022, 0.000013, 41.37, 0.995, 88.23, 0.674, 0.00, 0.000, 0.00, 0.000
17173,183210, 41.37, 0.00, 0.992, 0.000, 0.000020, 0.000008,0,0,0, 0.000030, 0.000020, 0.000022, 0.000013, 41.37, 0.992, 78.43, 0.699, 0.00, 0.000, 0.00, 0.000
17174,183221, 41.23, 0.00, 0.998, 0.000, 0.000019, 0.000006,0,0,0, 0.000030, 0.000023, 0.000022, 0.000013, 41.23, 0.998, 88.23, 0.697, 0.00, 0.000, 0.00, 0.000
17175,183232, 41.09, 0.00, 0.982, 0.000, 0.000020, 0.000007,0,0,0, 0.000030, 0.000018, 0.000022, 0.000013, 41.09, 0.982, 77.41, 0.699, 0.00, 0.000, 0.00, 0.000
17176,183242, 41.37, 0.00, 0.992, 0.000, 0.000020, 0.000006,0,0,0, 0.000030, 0.000022, 0.000022, 0.000013, 41.37, 0.992, 77.92, 0.682, 87.59, 0.663, 0.00, 0.000
17177,183253, 41.52, 0.00, 0.992, 0.000, 0.000019, 0.000007,0,0,0, 0.000030, 0.000020, 0.000022, 0.000012, 41.52, 0.992, 88.88, 0.690, 0.00, 0.000, 0.00, 0.000
17178,183264, 41.52, 0.00, 0.995, 0.000, 0.000020, 0.000006,0,0,0, 0.000030, 0.000023, 0.000022, 0.000014, 41.52, 0.995, 76.92, 0.713, 0.00, 0.000, 0.00, 0.000
17179,183274, 41.52, 0.00, 0.998, 0.000, 0.000020, 0.000008,0,0,0, 0.000030, 0.000023, 0.000022, 0.000013, 41.52, 0.998, 90.22, 0.719, 0.00, 0.000, 0.00, 0.000
17180,183285, 41.52, 0.00, 0.997, 0.000, 0.000019, 0.000007,0,0,0, 0.000030, 0.000023, 0.000022, 0.000012, 41.52, 0.997, 76.92, 0.690, 0.00, 0.000, 0.00, 0.000
17181,183296, 41.52, 0.00, 0.997, 0.000, 0.000019, 0.000005,0,0,0, 0.000030, 0.000023, 0.000022, 0.000013, 41.52, 0.997, 89.55, 0.719, 0.00, 0.000, 0.00, 0.000
17182,183306, 41.37, 0.00, 0.902, 0.000, 0.000019, 0.000007,0,0,0, 0.000030, 0.000020, 0.000022, 0.000014, 41.37, 0.902, 76.92, 0.777, 0.00, 0.000, 0.00, 0.000
17183,183317, 41.23, 0.00, 0.995, 0.000, 0.000019, 0.000006,0,0,0, 0.000030, 0.000022, 0.000022, 0.000013, 41.23, 0.995, 83.33, 0.785, 0.00, 0.000, 0.00, 0.000
17184,183328, 41.37, 0.00, 0.986, 0.000, 0.000020, 0.000011,0,0,0, 0.000030, 0.000020, 0.000023, 0.000013, 41.37, 0.986, 81.63, 0.809, 0.00, 0.000, 0.00, 0.000
17185,183338, 41.37, 0.00, 0.990, 0.000, 0.000020, 0.000007,0,0,0, 0.000030, 0.000022, 0.000022, 0.000013, 41.37, 0.990, 82.75, 0.830, 0.00, 0.000, 0.00, 0.000
17186,183349, 41.37, 0.00, 0.997, 0.000, 0.000020, 0.000012,0,0,0, 0.000030, 0.000024, 0.000023, 0.000013, 41.37, 0.997, 83.33, 0.870, 0.00, 0.000, 0.00, 0.000
17187,183360, 41.52, 0.00, 0.998, 0.000, 0.000020, 0.000008,0,0,0, 0.000030, 0.000023, 0.000022, 0.000013, 41.52, 0.998, 82.75, 0.872, 0.00, 0.000, 0.00, 0.000
17188,183370, 41.52, 0.00, 0.995, 0.000, 0.000020, 0.000013,0,0,0, 0.000030, 0.000025, 0.000023, 0.000012, 41.52, 0.995, 82.75, 0.864, 0.00, 0.000, 0.00, 0.000
17189,183381, 41.23, 0.00, 0.933, 0.000, 0.000020, 0.000009,0,0,0, 0.000030, 0.000021, 0.000021, 0.000013, 41.23, 0.933, 82.19, 0.798, 0.00, 0.000, 0.00, 0.000
17190,183392, 41.37, 0.00, 0.888, 0.000, 0.000019, 0.000006,0,0,0, 0.000030, 0.000022, 0.000021, 0.000013, 41.37, 0.888, 88.88, 0.790, 0.00, 0.000, 0.00, 0.000
17191,183402, 41.23, 0.00, 0.863, 0.000, 0.000020, 0.000010,0,0,0, 0.000030, 0.000023, 0.000023, 0.000013, 41.23, 0.863, 82.19, 0.708, 0.00, 0.000, 0.00, 0.000
17192,183413, 43.01, 0.00, 0.789, 0.000, 0.000020, 0.000013,0,0,0, 0.000030, 0.000015, 0.000024, 0.000013, 43.01, 0.789, 82.75, 0.651, 0.00, 0.000, 0.00, 0.000
17193,183424, 84.50, 0.00, 0.668, 0.000, 0.000021, 0.000014,0,0,0, 0.000030, 0.000016, 0.000024, 0.000012, 84.50, 0.668, 42.25, 0.646, 0.00, 0.000, 0.00, 0.000
17194,183434, 81.08, 0.00, 0.536, 0.000, 0.000021, 0.000010,0,0,0, 0.000030, 0.000024, 0.000023, 0.000013, 81.08, 0.536, 42.10, 0.438, 0.00, 0.000, 0.00, 0.000
17195,183445, 36.14, 0.00, 0.550, 0.000, 0.000019, 0.000007,0,0,0, 0.000000, 0.000000, 0.000011, 0.000004, 36.14, 0.550, 32.69, 0.452, 86.95, 0.263, 63.15, 0.196
17196,183456, 41.81, 0.00, 0.833, 0.000, 0.000021, 0.000017,0,0,0, 0.000030, 0.000027, 0.000026, 0.000014, 41.81, 0.833, 0.00, 0.000, 0.00, 0.000, 0.00, 0.000
17197,183466, 41.66, 0.00, 0.998, 0.000, 0.000019, 0.000011,0,0,0, 0.000000, 0.000000, 0.000020, 0.000009, 41.66, 0.998, 0.00, 0.000, 0.00, 0.000, 0.00, 0.000
17198,183477, 43.32, 0.00, 0.992, 0.000, 0.000021, 0.000016,0,0,0, 0.000030, 0.000026, 0.000026, 0.000012, 43.32, 0.992, 0.00, 0.000, 0.00, 0.000, 0.00, 0.000
17199,183488, 36.03, 0.00, 0.857, 0.000, 0.000021, 0.000015,0,0,0, 0.000030, 0.000021, 0.000026, 0.000012, 36.03, 0.857, 43.16, 0.622, 0.00, 0.000, 0.00, 0.000
17200,183498, 41.52, 0.00, 0.433, 0.000, 0.000020, 0.000011,0,0,0, 0.000030, 0.000020, 0.000021, 0.000013, 41.52, 0.433, 34.58, 0.383, 250.00, 0.249, 49.58, 0.174
17201,183509, 49.58, 0.00, 0.569, 0.000, 0.000019, 0.000007,0,0,0, 0.000030, 0.000019, 0.000021, 0.000012, 49.58, 0.569, 41.66, 0.446, 34.38, 0.256, 255.31, 0.129
17202,183520, 53.57, 0.00, 0.493, 0.000, 0.000020, 0.000011,0,0,0, 0.000030, 0.000022, 0.000024, 0.000014, 53.57, 0.493, 42.25, 0.458, 31.33, 0.169, 82.75, 0.102
17203,183530, 42.10, 0.00, 0.768, 0.000, 0.000020, 0.000008,0,0,0, 0.000030, 0.000021, 0.000022, 0.000013, 42.10, 0.768, 83.91, 0.289, 54.54, 0.215, 53.09, 0.202
17204,183541, 43.16, 0.00, 0.582, 0.000, 0.000020, 0.000007,0,0,0, 0.000030, 0.000022, 0.000022, 0.000013, 43.16, 0.582, 84.50, 0.374, 90.22, 0.356, 0.00, 0.000
17205,183552, 32.78, 0.00, 0.531, 0.000, 0.000019, 0.000005,0,0,0, 0.000030, 0.000018, 0.000019, 0.000012, 32.78, 0.531, 97.56, 0.448, 50.42, 0.337, 43.79, 0.174
17206,183562, 52.86, 0.00, 0.647, 0.000, 0.000020, 0.000012,0,0,0, 0.000030, 0.000023, 0.000024, 0.000014, 52.86, 0.647, 98.36, 0.510, 33.61, 0.490, 0.00, 0.000
17207,183573, 42.25, 0.00, 0.391, 0.000, 0.000019, 0.000008,0,0,0, 0.000030, 0.000017, 0.000019, 0.000013, 42.25, 0.391, 85.71, 0.334, 53.57, 0.199, 153.84, 0.136
17208,183584, 41.95, 0.00, 0.879, 0.000, 0.000020, 0.000013,0,0,0, 0.000030, 0.000017, 0.000024, 0.000013, 41.95, 0.879, 84.50, 0.567, 56.33, 0.321, 162.16, 0.085
17209,183594, 41.81, 0.00, 0.524, 0.000, 0.000020, 0.000010,0,0,0, 0.000030, 0.000024, 0.000022, 0.000013, 41.81, 0.524, 85.10, 0.507, 55.55, 0.120, 33.70, 0.071
17210,183605, 33.05, 0.00, 0.922, 0.000, 0.000019, 0.000007,0,0,0, 0.000030, 0.000016, 0.000018, 0.000011, 33.05, 0.922, 90.90, 0.524, 51.94, 0.461, 0.00, 0.000
17211,183616, 34.58, 0.00, 0.611, 0.000, 0.000021, 0.000017,0,0,0, 0.000030, 0.000016, 0.000025, 0.000011, 34.58, 0.611, 54.79, 0.532, 93.02, 0.373, 117.64, 0.212
17212,183626, 34.48, 0.00, 0.521, 0.000, 0.000019, 0.000012,0,0,0, 0.000030, 0.000030, 0.000016, 0.000007, 34.48, 0.521, 32.34, 0.371, 95.23, 0.215, 55.04, 0.136
17213,183637, 31.16, 0.00, 0.721, 0.000, 0.000020, 0.000019,0,0,0, 0.000030, 0.000018, 0.000026, 0.000012, 31.16, 0.721, 171.42, 0.119, 45.62, 0.015, 0.00, 0.000
17214,183648, 171.42, 0.00, 0.262, 0.000, 0.000018, 0.000013,0,0,0, 0.000000, 0.000000, 0.000006, 0.000002, 171.42, 0.262, 0.00, 0.000, 0.00, 0.000, 0.00, 0.000
17215,183658, 30.15, 0.00, 0.649, 0.000, 0.000021, 0.000019,0,0,0, 0.000030, 0.000023, 0.000026, 0.000015, 30.15, 0.649, 36.47, 0.210, 148.14, 0.197, 44.11, 0.141
17216,183669, 88.88, 0.00, 0.331, 0.000, 0.000020, 0.000013,0,0,0, 0.000030, 0.000021, 0.000019, 0.000014, 88.88, 0.331, 169.01, 0.219, 44.11, 0.191, 36.58, 0.122
17217,183680, 54.54, 0.00, 0.405, 0.000, 0.000019, 0.000009,0,0,0, 0.000030, 0.000019, 0.000020, 0.000012, 54.54, 0.405, 85.10, 0.279, 166.66, 0.180, 40.81, 0.044
17218,183690, 32.96, 0.00, 0.665, 0.000, 0.000019, 0.000006,0,0,0, 0.000030, 0.000019, 0.000020, 0.000013, 32.96, 0.665, 54.05, 0.560, 83.91, 0.454, 40.40, 0.415
17219,183701, 41.23, 0.00, 0.640, 0.000, 0.000018, 0.000004,0,0,0, 0.000030, 0.000019, 0.000020, 0.000012, 41.23, 0.640, 32.00, 0.481, 83.33, 0.438, 53.33, 0.357
17220,183712, 42.55, 0.00, 0.728, 0.000, 0.000019, 0.000009,0,0,0, 0.000030, 0.000020, 0.000022, 0.000013, 42.55, 0.728, 86.33, 0.579, 55.04, 0.356, 33.80, 0.328
17221,183722, 87.59, 0.00, 0.721, 0.000, 0.000018, 0.000006,0,0,0, 0.000030, 0.000020, 0.000019, 0.000013, 87.59, 0.721, 42.85, 0.565, 33.80, 0.429, 176.47, 0.249
17222,183733, 86.33, 0.00, 0.625, 0.000, 0.000020, 0.000018,0,0,0, 0.000030, 0.000028, 0.000024, 0.000011, 86.33, 0.625, 33.05, 0.463, 44.60, 0.331, 31.16, 0.313
17223,183744, 32.96, 0.00, 0.682, 0.000, 0.000020, 0.000013,0,0,0, 0.000030, 0.000023, 0.000023, 0.000013, 32.96, 0.682, 88.23, 0.503, 52.63, 0.469, 40.40, 0.327
17224,183754, 87.59, 0.00, 0.429, 0.000, 0.000019, 0.000009,0,0,0, 0.000030, 0.000019, 0.000018, 0.000014, 87.59, 0.429, 166.66, 0.329, 53.57, 0.319, 31.25, 0.309
17225,183765, 87.59, 0.00, 0.532, 0.000, 0.000019, 0.000006,0,0,0, 0.000030, 0.000017, 0.000021, 0.000013, 87.59, 0.532, 42.55, 0.459, 171.42, 0.447, 57.41, 0.388
17226,183776, 87.59, 0.00, 0.658, 0.000, 0.000019, 0.000010,0,0,0, 0.000030, 0.000020, 0.000023, 0.000014, 87.59, 0.658, 42.85, 0.362, 55.81, 0.191, 171.42, 0.107
17227,183786, 32.34, 0.00, 0.713, 0.000, 0.000018, 0.000007,0,0,0, 0.000030, 0.000016, 0.000020, 0.000012, 32.34, 0.713, 51.72, 0.467, 90.90, 0.435, 0.00, 0.000
17228,183797, 33.14, 0.00, 0.687, 0.000, 0.000020, 0.000012,0,0,0, 0.000030, 0.000021, 0.000024, 0.000014, 33.14, 0.687, 52.40, 0.676, 96.77, 0.544, 0.00, 0.000
17229,183808, 31.83, 0.00, 0.802, 0.000, 0.000019, 0.000009,0,0,0, 0.000030, 0.000018, 0.000019, 0.000013, 31.83, 0.802, 91.60, 0.383, 48.78, 0.206, 54.29, 0.160
17230,183818, 43.63, 0.00, 0.757, 0.000, 0.000019, 0.000011,0,0,0, 0.000030, 0.000018, 0.000023, 0.000013, 43.63, 0.757, 88.88, 0.667, 57.41, 0.034, 0.00, 0.000
17231,183829, 88.88, 0.00, 0.689, 0.000, 0.000019, 0.000008,0,0,0, 0.000030, 0.000021, 0.000022, 0.000014, 88.88, 0.689, 44.60, 0.529, 0.00, 0.000, 0.00, 0.000
17232,183840, 31.83, 0.00, 0.893, 0.000, 0.000019, 0.000005,0,0,0, 0.000030, 0.000016, 0.000021, 0.000012, 31.83, 0.893, 48.38, 0.752, 90.90, 0.737, 0.00, 0.000
17233,183850, 31.91, 0.00, 0.857, 0.000, 0.000019, 0.000011,0,0,0, 0.000030, 0.000021, 0.000024, 0.000014, 31.91, 0.857, 47.80, 0.801, 94.48, 0.688, 0.00, 0.000
17234,183861, 31.41, 0.00, 0.949, 0.000, 0.000019, 0.000008,0,0,0, 0.000030, 0.000020, 0.000021, 0.000013, 31.41, 0.949, 46.69, 0.855, 95.23, 0.749, 0.00, 0.000
17235,183872, 94.48, 0.00, 0.859, 0.000, 0.000019, 0.000006,0,0,0, 0.000030, 0.000019, 0.000022, 0.000013, 94.48, 0.859, 47.43, 0.829, 31.25, 0.760, 0.00, 0.000
17236,183882, 94.48, 0.00, 0.965, 0.000, 0.000019, 0.000008,0,0,0, 0.000030, 0.000019, 0.000022, 0.000013, 94.48, 0.965, 46.87, 0.934, 31.33, 0.913, 0.00, 0.000
17237,183893, 93.75, 0.00, 0.967, 0.000, 0.000019, 0.000008,0,0,0, 0.000030, 0.000017, 0.000022, 0.000012, 93.75, 0.967, 46.69, 0.931, 31.16, 0.854, 0.00, 0.000
17238,183904, 93.75, 0.00, 0.873, 0.000, 0.000020, 0.000009,0,0,0, 0.000030, 0.000022, 0.000023, 0.000014, 93.75, 0.873, 46.69, 0.844, 30.92, 0.809, 0.00, 0.000
17239,183914, 31.25, 0.00, 0.990, 0.000, 0.000019, 0.000006,0,0,0, 0.000030, 0.000019, 0.000020, 0.000013, 31.25, 0.990, 46.51, 0.856, 94.48, 0.793, 0.00, 0.000
17240,183925, 47.05, 0.00, 0.894, 0.000, 0.000019, 0.000008,0,0,0, 0.000030, 0.000020, 0.000022, 0.000013, 47.05, 0.894, 31.08, 0.835, 93.75, 0.782, 0.00, 0.000
17241,183936, 47.05, 0.00, 0.929, 0.000, 0.000019, 0.000006,0,0,0, 0.000030, 0.000019, 0.000021, 0.000013, 47.05, 0.929, 94.48, 0.856, 31.49, 0.784, 0.00, 0.000
17242,183946, 31.25, 0.00, 0.931, 0.000, 0.000019, 0.000009,0,0,0, 0.000030, 0.000018, 0.000022, 0.000013, 31.25, 0.931, 93.75, 0.918, 46.87, 0.915, 0.00, 0.000
17243,183957, 31.08, 0.00, 0.953, 0.000, 0.000019, 0.000009,0,0,0, 0.000030, 0.000021, 0.000023, 0.000014, 31.08, 0.953, 94.48, 0.878, 46.51, 0.842, 0.00, 0.000
17244,183968, 31.16, 0.00, 0.976, 0.000, 0.000019, 0.000006,0,0,0, 0.000030, 0.000020, 0.000021, 0.000013, 31.16, 0.976, 46.33, 0.879, 94.48, 0.875, 0.00, 0.000
17245,183978, 46.87, 0.00, 0.905, 0.000, 0.000019, 0.000007,0,0,0, 0.000030, 0.000020, 0.000022, 0.000013, 46.87, 0.905, 30.92, 0.889, 93.75, 0.885, 0.00, 0.000
17246,183989, 31.57, 0.00, 0.979, 0.000, 0.000019, 0.000006,0,0,0, 0.000030, 0.000020, 0.000021, 0.000013, 31.57, 0.979, 47.05, 0.944, 94.48, 0.940, 0.00, 0.000
17247,184000, 47.05, 0.00, 0.942, 0.000, 0.000019, 0.000007,0,0,0, 0.000030, 0.000018, 0.000022, 0.000013, 47.05, 0.942, 93.02, 0.922, 31.16, 0.918, 0.00, 0.000
17248,184010, 31.57, 0.00, 0.952, 0.000, 0.000019, 0.000008,0,0,0, 0.000030, 0.000021, 0.000022, 0.000013, 31.57, 0.952, 47.05, 0.947, 96.00, 0.878, 0.00, 0.000
17249,184021, 31.00, 0.00, 0.993, 0.000, 0.000019, 0.000006,0,0,0, 0.000030, 0.000021, 0.000021, 0.000013, 31.00, 0.993, 47.05, 0.902, 91.60, 0.882, 0.00, 0.000
17250,184032, 93.02, 0.00, 0.917, 0.000, 0.000019, 0.000004,0,0,0, 0.000030, 0.000021, 0.000021, 0.000013, 93.02, 0.917, 46.33, 0.900, 31.33, 0.807, 0.00, 0.000
17251,184042, 93.02, 0.00, 0.902, 0.000, 0.000018, 0.000005,0,0,0, 0.000030, 0.000018, 0.000021, 0.000012, 93.02, 0.902, 46.69, 0.870, 31.08, 0.805, 0.00, 0.000
17252,184053, 31.33, 0.00, 0.959, 0.000, 0.000019, 0.000010,0,0,0, 0.000030, 0.000020, 0.000023, 0.000013, 31.33, 0.959, 93.75, 0.874, 47.05, 0.873, 0.00, 0.000
17253,184064, 47.24, 0.00, 0.964, 0.000, 0.000019, 0.000007,0,0,0, 0.000030, 0.000018, 0.000022, 0.000013, 47.24, 0.964, 95.23, 0.818, 31.66, 0.813, 0.00, 0.000
17254,184074, 47.05, 0.00, 0.937, 0.000, 0.000019, 0.000010,0,0,0, 0.000030, 0.000021, 0.000023, 0.000013, 47.05, 0.937, 93.02, 0.796, 31.16, 0.752, 0.00, 0.000
17255,184085, 46.69, 0.00, 0.893, 0.000, 0.000018, 0.000007,0,0,0, 0.000030, 0.000016, 0.000020, 0.000012, 46.69, 0.893, 93.75, 0.723, 31.33, 0.709, 0.00, 0.000
17256,184096, 92.30, 0.00, 0.572, 0.000, 0.000016, 0.000004,0,0,0, 0.000000, 0.000000, 0.000004, 0.000001, 92.30, 0.572, 46.69, 0.545, 0.00, 0.000, 0.00, 0.000
17257,184106, 31.41, 0.00, 0.895, 0.000, 0.000020, 0.000022,0,0,0, 0.000030, 0.000023, 0.000026, 0.000015, 31.41, 0.895, 47.24, 0.304, 111.11, 0.245, 94.48, 0.237
17258,184117, 33.14, 0.00, 0.513, 0.000, 0.000020, 0.000015,0,0,0, 0.000030, 0.000023, 0.000022, 0.000013, 33.14, 0.513, 31.08, 0.506, 111.11, 0.452, 47.24, 0.345
17259,184128, 52.40, 0.00, 0.553, 0.000, 0.000020, 0.000011,0,0,0, 0.000030, 0.000022, 0.000022, 0.000013, 52.40, 0.553, 105.26, 0.550, 33.99, 0.363, 0.00, 0.000
17260,184138, 53.81, 0.00, 0.707, 0.000, 0.000019, 0.000007,0,0,0, 0.000030, 0.000023, 0.000020, 0.000013, 53.81, 0.707, 109.09, 0.577, 36.25, 0.499, 0.00, 0.000
17261,184149, 55.55, 0.00, 0.751, 0.000, 0.000019, 0.000007,0,0,0, 0.000030, 0.000014, 0.000021, 0.000013, 55.55, 0.751, 35.71, 0.644, 99.17, 0.446, 0.00, 0.000
17262,184160, 55.55, 0.00, 0.735, 0.000, 0.000019, 0.000007,0,0,0, 0.000030, 0.000027, 0.000022, 0.000011, 55.55, 0.735, 39.21, 0.337, 126.31, 0.293, 0.00, 0.000
17263,184170, 55.55, 0.00, 0.629, 0.000, 0.000021, 0.000021,0,0,0, 0.000030, 0.000024, 0.000026, 0.000012, 55.55, 0.629, 38.21, 0.459, 41.37, 0.371, 123.71, 0.074
17264,184181, 35.39, 0.00, 0.348, 0.000, 0.000021, 0.000014,0,0,0, 0.000030, 0.000024, 0.000023, 0.000013, 35.39, 0.348, 55.29, 0.318, 37.97, 0.293, 96.77, 0.141
17265,184192, 55.55, 0.00, 0.695, 0.000, 0.000020, 0.000010,0,0,0, 0.000030, 0.000023, 0.000019, 0.000013, 55.55, 0.695, 35.29, 0.373, 117.64, 0.183, 0.00, 0.000
17266,184202, 55.81, 0.00, 0.856, 0.000, 0.000020, 0.000007,0,0,0, 0.000030, 0.000021, 0.000022, 0.000014, 55.81, 0.856, 35.19, 0.756, 96.77, 0.488, 0.00, 0.000
17267,184213, 55.81, 0.00, 0.983, 0.000, 0.000020, 0.000010,0,0,0, 0.000030, 0.000023, 0.000022, 0.000013, 55.81, 0.983, 38.83, 0.482, 127.65, 0.418, 0.00, 0.000
17268,184224, 55.81, 0.00, 0.986, 0.000, 0.000019, 0.000007,0,0,0, 0.000030, 0.000019, 0.000019, 0.000013, 55.81, 0.986, 35.50, 0.585, 97.56, 0.460, 127.65, 0.358
17269,184234, 55.55, 0.00, 0.941, 0.000, 0.000019, 0.000011,0,0,0, 0.000030, 0.000023, 0.000022, 0.000013, 55.55, 0.941, 127.65, 0.355, 98.36, 0.339, 38.96, 0.288
17270,184245, 55.04, 0.00, 0.967, 0.000, 0.000019, 0.000007,0,0,0, 0.000030, 0.000023, 0.000019, 0.000013, 55.04, 0.967, 38.58, 0.440, 126.31, 0.396, 0.00, 0.000
17271,184256, 55.55, 0.00, 0.956, 0.000, 0.000019, 0.000010,0,0,0, 0.000030, 0.000023, 0.000023, 0.000013, 55.55, 0.956, 34.88, 0.502, 94.48, 0.385, 0.00, 0.000
17272,184266, 55.81, 0.00, 0.989, 0.000, 0.000019, 0.000012,0,0,0, 0.000030, 0.000023, 0.000022, 0.000012, 55.81, 0.989, 39.21, 0.356, 131.86, 0.321, 0.00, 0.000
17273,184277, 55.81, 0.00, 0.987, 0.000, 0.000019, 0.000008,0,0,0, 0.000030, 0.000017, 0.000022, 0.000014, 55.81, 0.987, 35.29, 0.649, 96.77, 0.451, 0.00, 0.000
17274,184288, 55.55, 0.00, 0.972, 0.000, 0.000019, 0.000011,0,0,0, 0.000030, 0.000023, 0.000022, 0.000013, 55.55, 0.972, 127.65, 0.330, 39.08, 0.290, 98.36, 0.280
17275,184298, 55.29, 0.00, 0.979, 0.000, 0.000019, 0.000008,0,0,0, 0.000030, 0.000023, 0.000020, 0.000014, 55.29, 0.979, 38.70, 0.371, 127.65, 0.358, 100.00, 0.330
17276,184309, 55.29, 0.00, 0.976, 0.000, 0.000019, 0.000010,0,0,0, 0.000030, 0.000023, 0.000022, 0.000013, 55.29, 0.976, 35.08, 0.481, 96.00, 0.394, 0.00, 0.000
17277,184320, 55.55, 0.00, 0.991, 0.000, 0.000018, 0.000007,0,0,0, 0.000030, 0.000023, 0.000020, 0.000012, 55.55, 0.991, 131.86, 0.297, 39.21, 0.289, 0.00, 0.000
17278,184330, 55.81, 0.00, 0.990, 0.000, 0.000019, 0.000008,0,0,0, 0.000030, 0.000017, 0.000022, 0.000015, 55.81, 0.990, 35.29, 0.649, 96.00, 0.453, 0.00, 0.000
17279,184341, 55.81, 0.00, 0.986, 0.000, 0.000019, 0.000010,0,0,0, 0.000030, 0.000023, 0.000022, 0.000013, 55.81, 0.986, 129.03, 0.369, 39.08, 0.364, 0.00, 0.000
17280,184352, 55.55, 0.00, 0.998, 0.000, 0.000019, 0.000007,0,0,0, 0.000030, 0.000022, 0.000020, 0.000014, 55.55, 0.998, 129.03, 0.362, 38.83, 0.350, 96.77, 0.348
17281,184362, 55.55, 0.00, 0.996, 0.000, 0.000019, 0.000009,0,0,0, 0.000030, 0.000023, 0.000022, 0.000013, 55.55, 0.996, 35.19, 0.498, 96.77, 0.429, 0.00, 0.000
17282,184373, 55.55, 0.00, 0.994, 0.000, 0.000018, 0.000006,0,0,0, 0.000030, 0.000023, 0.000020, 0.000012, 55.55, 0.994, 38.96, 0.354, 129.03, 0.351, 0.00, 0.000
17283,184384, 55.81, 0.00, 0.994, 0.000, 0.000019, 0.000008,0,0,0, 0.000030, 0.000018, 0.000022, 0.000014, 55.81, 0.994, 35.19, 0.615, 96.77, 0.449, 38.96, 0.341
17284,184394, 55.81, 0.00, 0.993, 0.000, 0.000019, 0.000010,0,0,0, 0.000030, 0.000023, 0.000022, 0.000013, 55.81, 0.993, 38.46, 0.445, 123.71, 0.405, 0.00, 0.000
17285,184405, 55.55, 0.00, 0.996, 0.000, 0.000019, 0.000007,0,0,0, 0.000030, 0.000020, 0.000020, 0.000014, 55.55, 0.996, 96.77, 0.372, 35.19, 0.371, 129.03, 0.354
17286,184416, 55.29, 0.00, 0.990, 0.000, 0.000019, 0.000009,0,0,0, 0.000030, 0.000023, 0.000022, 0.000013, 55.29, 0.990, 35.08, 0.439, 96.77, 0.400, 129.03, 0.354
17287,184426, 55.29, 0.00, 0.989, 0.000, 0.000018, 0.000006,0,0,0, 0.000030, 0.000023, 0.000020, 0.000013, 55.29, 0.989, 38.58, 0.386, 127.65, 0.365, 0.00, 0.000
17288,184437, 55.55, 0.00, 0.988, 0.000, 0.000019, 0.000008,0,0,0, 0.000030, 0.000019, 0.000022, 0.000014, 55.55, 0.988, 34.98, 0.578, 95.23, 0.421, 130.43, 0.312
17289,184448, 55.55, 0.00, 0.998, 0.000, 0.000019, 0.000010,0,0,0, 0.000030, 0.000023, 0.000022, 0.000013, 55.55, 0.998, 37.85, 0.476, 118.81, 0.384, 0.00, 0.000
17290,184458, 55.55, 0.00, 0.990, 0.000, 0.000019, 0.000007,0,0,0, 0.000030, 0.000019, 0.000020, 0.000013, 55.55, 0.990, 35.19, 0.455, 96.00, 0.375, 130.43, 0.310
17291,184469, 55.55, 0.00, 0.984, 0.000, 0.000019, 0.000010,0,0,0, 0.000030, 0.000023, 0.000022, 0.000013, 55.55, 0.984, 96.77, 0.348, 35.19, 0.331, 129.03, 0.331
17292,184480, 55.29, 0.00, 0.994, 0.000, 0.000018, 0.000007,0,0,0, 0.000030, 0.000023, 0.000020, 0.000013, 55.29, 0.994, 37.85, 0.429, 121.21, 0.388, 0.00, 0.000
17293,184490, 55.55, 0.00, 0.988, 0.000, 0.000019, 0.000009,0,0,0, 0.000030, 0.000020, 0.000022, 0.000014, 55.55, 0.988, 35.08, 0.516, 96.00, 0.411, 129.03, 0.327
17294,184501, 55.81, 0.00, 0.996, 0.000, 0.000019, 0.000011,0,0,0, 0.000030, 0.000023, 0.000022, 0.000013, 55.81, 0.996, 38.83, 0.477, 127.65, 0.407, 0.00, 0.000
17295,184512, 55.55, 0.00, 0.987, 0.000, 0.000019, 0.000008,0,0,0, 0.000030, 0.000018, 0.000019, 0.000013, 55.55, 0.987, 35.29, 0.596, 96.77, 0.452, 0.00, 0.000
17296,184522, 55.55, 0.00, 0.984, 0.000, 0.000019, 0.000010,0,0,0, 0.000030, 0.000023, 0.000022, 0.000013, 55.55, 0.984, 129.03, 0.353, 97.56, 0.333, 38.83, 0.323
17297,184533, 55.29, 0.00, 0.994, 0.000, 0.000018, 0.000007,0,0,0, 0.000030, 0.000024, 0.000019, 0.000014, 55.29, 0.994, 38.58, 0.451, 126.31, 0.417, 0.00, 0.000
17298,184544, 55.29, 0.00, 0.986, 0.000, 0.000019, 0.000009,0,0,0, 0.000030, 0.000022, 0.000022, 0.000013, 55.29, 0.986, 34.98, 0.471, 97.56, 0.408, 127.65, 0.337
17299,184554, 55.55, 0.00, 0.988, 0.000, 0.000019, 0.000012,0,0,0, 0.000030, 0.000023, 0.000022, 0.000013, 55.55, 0.988, 38.83, 0.390, 127.65, 0.374, 0.00, 0.000
17300,184565, 55.81, 0.00, 0.990, 0.000, 0.000019, 0.000008,0,0,0, 0.000030, 0.000017, 0.000021, 0.000014, 55.81, 0.990, 35.39, 0.673, 97.56, 0.489, 0.00, 0.000
17301,184576, 55.55, 0.00, 0.986, 0.000, 0.000019, 0.000011,0,0,0, 0.000030, 0.000023, 0.000022, 0.000013, 55.55, 0.986, 126.31, 0.370, 38.83, 0.344, 0.00, 0.000
17302,184586, 55.29, 0.00, 0.973, 0.000, 0.000019, 0.000007,0,0,0, 0.000030, 0.000023, 0.000019, 0.000014, 55.29, 0.973, 38.33, 0.370, 125.00, 0.366, 101.69, 0.346
17303,184597, 55.29, 0.00, 0.971, 0.000, 0.000019, 0.000010,0,0,0, 0.000030, 0.000022, 0.000022, 0.000013, 55.29, 0.971, 35.29, 0.437, 99.17, 0.382, 0.00, 0.000
17304,184608, 55.55, 0.00, 0.990, 0.000, 0.000018, 0.000007,0,0,0, 0.000030, 0.000024, 0.000019, 0.000012, 55.55, 0.990, 125.00, 0.295, 38.58, 0.275, 0.00, 0.000
17305,184618, 55.81, 0.00, 0.992, 0.000, 0.000019, 0.000008,0,0,0, 0.000030, 0.000016, 0.000022, 0.000015, 55.81, 0.992, 35.60, 0.568, 99.17, 0.419, 0.00, 0.000
17306,184629, 55.55, 0.00, 0.993, 0.000, 0.000019, 0.000011,0,0,0, 0.000030, 0.000023, 0.000022, 0.000013, 55.55, 0.993, 38.46, 0.380, 125.00, 0.357, 0.00, 0.000
17307,184640, 55.55, 0.00, 0.996, 0.000, 0.000019, 0.000008,0,0,0, 0.000030, 0.000022, 0.000019, 0.000014, 55.55, 0.996, 100.00, 0.323, 123.71, 0.321, 35.50, 0.306
17308,184650, 55.55, 0.00, 0.997, 0.000, 0.000019, 0.000010,0,0,0, 0.000030, 0.000022, 0.000022, 0.000013, 55.55, 0.997, 35.60, 0.413, 100.00, 0.377, 0.00, 0.000
17309,184661, 55.55, 0.00, 0.999, 0.000, 0.000018, 0.000007,0,0,0, 0.000030, 0.000024, 0.000019, 0.000012, 55.55, 0.999, 123.71, 0.336, 38.46, 0.328, 0.00, 0.000
17310,184672, 55.55, 0.00, 0.997, 0.000, 0.000019, 0.000009,0,0,0, 0.000030, 0.000018, 0.000022, 0.000014, 55.55, 0.997, 35.60, 0.505, 100.00, 0.410, 123.71, 0.329
17311,184682, 55.55, 0.00, 0.997, 0.000, 0.000019, 0.000011,0,0,0, 0.000030, 0.000023, 0.000022, 0.000013, 55.55, 0.997, 37.38, 0.486, 115.38, 0.417, 0.00, 0.000
17312,184693, 55.55, 0.00, 0.999, 0.000, 0.000019, 0.000008,0,0,0, 0.000030, 0.000020, 0.000019, 0.000014, 55.55, 0.999, 35.71, 0.376, 100.84, 0.365, 123.71, 0.335
17313,184704, 55.55, 0.00, 0.997, 0.000, 0.000019, 0.000010,0,0,0, 0.000030, 0.000022, 0.000022, 0.000013, 55.55, 0.997, 35.71, 0.379, 100.84, 0.370, 122.44, 0.348
17314,184714, 55.29, 0.00, 0.996, 0.000, 0.000018, 0.000007,0,0,0, 0.000030, 0.000024, 0.000019, 0.000013, 55.29, 0.996, 38.21, 0.400, 123.71, 0.378, 0.00, 0.000
17315,184725, 55.55, 0.00, 0.998, 0.000, 0.000019, 0.000009,0,0,0, 0.000030, 0.000019, 0.000022, 0.000014, 55.55, 0.998, 35.39, 0.481, 99.17, 0.397, 123.71, 0.325
17316,184736, 55.55, 0.00, 0.999, 0.000, 0.000019, 0.000012,0,0,0, 0.000030, 0.000023, 0.000022, 0.000013, 55.55, 0.999, 37.85, 0.520, 118.81, 0.428, 0.00, 0.000
17317,184746, 55.55, 0.00, 0.997, 0.000, 0.000019, 0.000008,0,0,0, 0.000030, 0.000019, 0.000019, 0.000014, 55.55, 0.997, 35.71, 0.455, 100.00, 0.395, 0.00, 0.000
17318,184757, 55.55, 0.00, 0.994, 0.000, 0.000019, 0.000011,0,0,0, 0.000030, 0.000022, 0.000022, 0.000013, 55.55, 0.994, 123.71, 0.341, 100.84, 0.335, 38.33, 0.316
17319,184768, 55.29, 0.00, 0.996, 0.000, 0.000018, 0.000007,0,0,0, 0.000030, 0.000024, 0.000019, 0.000013, 55.29, 0.996, 38.21, 0.430, 122.44, 0.393, 0.00, 0.000
17320,184778, 55.55, 0.00, 0.994, 0.000, 0.000019, 0.000010,0,0,0, 0.000030, 0.000021, 0.000022, 0.000014, 55.55, 0.994, 35.19, 0.438, 99.17, 0.374, 123.71, 0.310
17321,184789, 55.55, 0.00, 0.996, 0.000, 0.000019, 0.000012,0,0,0, 0.000030, 0.000023, 0.000022, 0.000013, 55.55, 0.996, 38.46, 0.459, 123.71, 0.395, 0.00, 0.000
17322,184800, 55.55, 0.00, 0.996, 0.000, 0.000019, 0.000008,0,0,0, 0.000030, 0.000018, 0.000019, 0.000013, 55.55, 0.996, 35.71, 0.559, 100.00, 0.433, 0.00, 0.000
17323,184810, 55.55, 0.00, 0.995, 0.000, 0.000019, 0.000011,0,0,0, 0.000030, 0.000022, 0.000022, 0.000013, 55.55, 0.995, 123.71, 0.327, 38.46, 0.298, 0.00, 0.000
17324,184821, 55.55, 0.00, 0.996, 0.000, 0.000018, 0.000007,0,0,0, 0.000030, 0.000024, 0.000019, 0.000014, 55.55, 0.996, 38.21, 0.379, 122.44, 0.366, 0.00, 0.000
17325,184832, 55.55, 0.00, 0.995, 0.000, 0.000019, 0.000010,0,0,0, 0.000030, 0.000022, 0.000022, 0.000013, 55.55, 0.995, 35.60, 0.390, 100.84, 0.367, 0.00, 0.000
17326,184842, 55.55, 0.00, 0.995, 0.000, 0.000019, 0.000012,0,0,0, 0.000030, 0.000023, 0.000022, 0.000013, 55.55, 0.995, 38.46, 0.353, 123.71, 0.345, 0.00, 0.000
17327,184853, 55.55, 0.00, 0.995, 0.000, 0.000019, 0.000009,0,0,0, 0.000030, 0.000017, 0.000022, 0.000014, 55.55, 0.995, 35.71, 0.623, 100.00, 0.462, 0.00, 0.000
17328,184864, 55.55, 0.00, 0.995, 0.000, 0.000019, 0.000011,0,0,0, 0.000030, 0.000023, 0.000022, 0.000013, 55.55, 0.995, 123.71, 0.357, 38.46, 0.352, 0.00, 0.000
17329,184874, 55.55, 0.00, 0.997, 0.000, 0.000019, 0.000007,0,0,0, 0.000030, 0.000023, 0.000019, 0.000014, 55.55, 0.997, 122.44, 0.354, 103.44, 0.339, 38.21, 0.337
17330,184885, 55.55, 0.00, 0.997, 0.000, 0.000019, 0.000010,0,0,0, 0.000030, 0.000022, 0.000022, 0.000013, 55.55, 0.997, 35.60, 0.418, 100.84, 0.391, 0.00, 0.000
17331,184896, 55.55, 0.00, 0.997, 0.000, 0.000018, 0.000007,0,0,0, 0.000030, 0.000024, 0.000019, 0.000012, 55.55, 0.997, 123.71, 0.332, 38.33, 0.306, 0.00, 0.000
17332,184906, 55.55, 0.00, 0.997, 0.000, 0.000019, 0.000009,0,0,0, 0.000030, 0.000017, 0.000022, 0.000015, 55.55, 0.997, 35.71, 0.580, 100.00, 0.452, 0.00, 0.000
17333,184917, 55.55, 0.00, 0.996, 0.000, 0.000019, 0.000011,0,0,0, 0.000030, 0.000023, 0.000022, 0.000013, 55.55, 0.996, 38.33, 0.434, 122.44, 0.406, 0.00, 0.000
17334,184928, 55.55, 0.00, 0.996, 0.000, 0.000019, 0.000007,0,0,0, 0.000030, 0.000022, 0.000019, 0.000014, 55.55, 0.996, 100.84, 0.369, 122.44, 0.367, 35.71, 0.350
17335,184938, 55.55, 0.00, 0.996, 0.000, 0.000019, 0.000010,0,0,0, 0.000030, 0.000022, 0.000022, 0.000013, 55.55, 0.996, 35.71, 0.447, 101.69, 0.419, 0.00, 0.000
17336,184949, 55.55, 0.00, 0.996, 0.000, 0.000018, 0.000007,0,0,0, 0.000030, 0.000024, 0.000019, 0.000012, 55.55, 0.996, 38.21, 0.386, 122.44, 0.384, 0.00, 0.000
17337,184960, 55.55, 0.00, 0.995, 0.000, 0.000019, 0.000009,0,0,0, 0.000030, 0.000018, 0.000022, 0.000014, 55.55, 0.995, 35.60, 0.513, 100.84, 0.442, 121.21, 0.372
17338,184970, 55.55, 0.00, 0.996, 0.000, 0.000019, 0.000011,0,0,0, 0.000030, 0.000023, 0.000022, 0.000013, 55.55, 0.996, 37.50, 0.551, 115.38, 0.472, 0.00, 0.000
17339,184981, 55.81, 0.00, 0.700, 0.000, 0.000021, 0.000020,0,0,0, 0.000030, 0.000014, 0.000025, 0.000011, 55.81, 0.700, 101.69, 0.188, 0.00, 0.000, 0.00, 0.000
17340,184992, 55.55, 0.00, 0.567, 0.000, 0.000020, 0.000014,0,0,0, 0.000030, 0.000023, 0.000023, 0.000012, 55.55, 0.567, 41.23, 0.074, 0.00, 0.000, 0.00, 0.000
17341,185002, 54.54, 0.00, 0.740, 0.000, 0.000020, 0.000013,0,0,0, 0.000030, 0.000021, 0.000024, 0.000012, 54.54, 0.740, 51.72, 0.666, 0.00, 0.000, 0.00, 0.000
17342,185013, 54.79, 0.00, 0.948, 0.000, 0.000020, 0.000009,0,0,0, 0.000030, 0.000015, 0.000023, 0.000011, 54.79, 0.948, 0.00, 0.000, 0.00, 0.000, 0.00, 0.000
17343,185024, 30.61, 0.00, 0.951, 0.000, 0.000020, 0.000007,0,0,0, 0.000030, 0.000023, 0.000023, 0.000014, 30.61, 0.951, 60.91, 0.773, 0.00, 0.000, 0.00, 0.000
17344,185034, 61.22, 0.00, 0.805, 0.000, 0.000021, 0.000016,0,0,0, 0.000030, 0.000018, 0.000025, 0.000012, 61.22, 0.805, 0.00, 0.000, 0.00, 0.000, 0.00, 0.000
17345,185045, 30.61, 0.00, 0.997, 0.000, 0.000020, 0.000011,0,0,0, 0.000030, 0.000017, 0.000022, 0.000011, 30.61, 0.997, 58.25, 0.717, 0.00, 0.000, 0.00, 0.000
17346,185056, 55.04, 0.00, 0.846, 0.000, 0.000021, 0.000015,0,0,0, 0.000030, 0.000021, 0.000025, 0.000012, 55.04, 0.846, 30.84, 0.053, 0.00, 0.000, 0.00, 0.000
17347,185066, 35.19, 0.00, 0.477, 0.000, 0.000019, 0.000010,0,0,0, 0.000030, 0.000027, 0.000018, 0.000010, 35.19, 0.477, 57.41, 0.469, 31.74, 0.341, 69.76, 0.172
17348,185077, 30.92, 0.00, 0.945, 0.000, 0.000021, 0.000017,0,0,0, 0.000030, 0.000018, 0.000026, 0.000012, 30.92, 0.945, 66.66, 0.155, 324.32, 0.120, 0.00, 0.000
17349,185088, 35.19, 0.00, 0.615, 0.000, 0.000021, 0.000012,0,0,0, 0.000030, 0.000018, 0.000023, 0.000013, 35.19, 0.615, 113.20, 0.213, 39.86, 0.212, 55.29, 0.061
17350,185098, 35.29, 0.00, 0.563, 0.000, 0.000020, 0.000008,0,0,0, 0.000030, 0.000022, 0.000023, 0.000013, 35.29, 0.563, 40.67, 0.523, 49.79, 0.150, 99.17, 0.048
17351,185109, 42.40, 0.00, 0.774, 0.000, 0.000020, 0.000006,0,0,0, 0.000030, 0.000019, 0.000022, 0.000013, 42.40, 0.774, 86.95, 0.384, 0.00, 0.000, 0.00, 0.000
17352,185120, 41.09, 0.00, 0.823, 0.000, 0.000020, 0.000012,0,0,0, 0.000030, 0.000026, 0.000023, 0.000013, 41.09, 0.823, 77.92, 0.506, 0.00, 0.000, 0.00, 0.000
17353,185130, 41.09, 0.00, 0.839, 0.000, 0.000020, 0.000008,0,0,0, 0.000030, 0.000015, 0.000022, 0.000013, 41.09, 0.839, 77.92, 0.473, 0.00, 0.000, 0.00, 0.000
17354,185141, 42.10, 0.00, 0.802, 0.000, 0.000020, 0.000008,0,0,0, 0.000030, 0.000024, 0.000023, 0.000011, 42.10, 0.802, 99.17, 0.318, 78.43, 0.276, 0.00, 0.000
17355,185152, 41.66, 0.00, 0.910, 0.000, 0.000020, 0.000009,0,0,0, 0.000030, 0.000014, 0.000023, 0.000013, 41.66, 0.910, 71.85, 0.177, 0.00, 0.000, 0.00, 0.000
17356,185162, 40.13, 0.00, 0.863, 0.000, 0.000020, 0.000006,0,0,0, 0.000030, 0.000022, 0.000021, 0.000014, 40.13, 0.863, 83.33, 0.195, 109.09, 0.078, 0.00, 0.000
17357,185173, 40.13, 0.00, 0.989, 0.000, 0.000020, 0.000011,0,0,0, 0.000030, 0.000020, 0.000024, 0.000012, 40.13, 0.989, 77.92, 0.359, 0.00, 0.000, 0.00, 0.000
17358,185184, 41.09, 0.00, 0.804, 0.000, 0.000020, 0.000008,0,0,0, 0.000030, 0.000016, 0.000023, 0.000012, 41.09, 0.804, 82.75, 0.435, 0.00, 0.000, 0.00, 0.000
17359,185194, 42.10, 0.00, 0.887, 0.000, 0.000020, 0.000007,0,0,0, 0.000030, 0.000024, 0.000023, 0.000014, 42.10, 0.887, 77.92, 0.419, 0.00, 0.000, 0.00, 0.000
17360,185205, 42.10, 0.00, 0.656, 0.000, 0.000018, 0.000005,0,0,0, 0.000000, 0.000000, 0.000011, 0.000004, 42.10, 0.656, 93.02, 0.279, 82.75, 0.269, 0.00, 0.000
17361,185216, 45.28, 0.00, 0.438, 0.000, 0.000020, 0.000017,0,0,0, 0.000030, 0.000029, 0.000026, 0.000012, 45.28, 0.438, 32.00, 0.392, 0.00, 0.000, 0.00, 0.000
17362,185226, 39.73, 0.00, 0.950, 0.000, 0.000020, 0.000012,0,0,0, 0.000030, 0.000005, 0.000024, 0.000012, 39.73, 0.950, 0.00, 0.000, 0.00, 0.000, 0.00, 0.000
17363,185237, 43.01, 0.00, 0.973, 0.000, 0.000021, 0.000014,0,0,0, 0.000030, 0.000026, 0.000026, 0.000012, 43.01, 0.973, 0.00, 0.000, 0.00, 0.000, 0.00, 0.000
17364,185248, 43.47, 0.00, 0.903, 0.000, 0.000021, 0.000010,0,0,0, 0.000030, 0.000015, 0.000024, 0.000013, 43.47, 0.903, 55.04, 0.183, 0.00, 0.000, 0.00, 0.000
17365,185258, 35.92, 0.00, 0.345, 0.000, 0.000021, 0.000011,0,0,0, 0.000030, 0.000017, 0.000024, 0.000012, 35.92, 0.345, 43.63, 0.315, 51.28, 0.099, 0.00, 0.000
17366,185269, 35.92, 0.00, 0.663, 0.000, 0.000020, 0.000008,0,0,0, 0.000030, 0.000021, 0.000022, 0.000013, 35.92, 0.663, 40.00, 0.593, 73.17, 0.186, 0.00, 0.000
17367,185280, 40.40, 0.00, 0.832, 0.000, 0.000020, 0.000005,0,0,0, 0.000030, 0.000019, 0.000022, 0.000013, 40.40, 0.832, 90.22, 0.569, 0.00, 0.000, 0.00, 0.000
17368,185290, 41.52, 0.00, 0.902, 0.000, 0.000020, 0.000009,0,0,0, 0.000030, 0.000024, 0.000023, 0.000014, 41.52, 0.902, 76.43, 0.614, 0.00, 0.000, 0.00, 0.000
17369,185301, 43.63, 0.00, 0.873, 0.000, 0.000019, 0.000006,0,0,0, 0.000030, 0.000020, 0.000020, 0.000013, 43.63, 0.873, 84.50, 0.649, 0.00, 0.000, 0.00, 0.000
17370,185312, 43.47, 0.00, 0.885, 0.000, 0.000019, 0.000006,0,0,0, 0.000030, 0.000026, 0.000022, 0.000011, 43.47, 0.885, 92.30, 0.552, 81.63, 0.533, 0.00, 0.000
17371,185322, 40.40, 0.00, 0.740, 0.000, 0.000020, 0.000010,0,0,0, 0.000030, 0.000018, 0.000023, 0.000015, 40.40, 0.740, 81.08, 0.456, 0.00, 0.000, 0.00, 0.000
17372,185333, 39.08, 0.00, 0.904, 0.000, 0.000020, 0.000011,0,0,0, 0.000030, 0.000017, 0.000023, 0.000013, 39.08, 0.904, 91.60, 0.545, 70.58, 0.323, 0.00, 0.000
17373,185344, 39.21, 0.00, 0.875, 0.000, 0.000020, 0.000008,0,0,0, 0.000030, 0.000020, 0.000023, 0.000012, 39.21, 0.875, 75.00, 0.453, 68.96, 0.406, 0.00, 0.000
17374,185354, 40.00, 0.00, 0.851, 0.000, 0.000020, 0.000008,0,0,0, 0.000030, 0.000019, 0.000022, 0.000013, 40.00, 0.851, 92.30, 0.573, 0.00, 0.000, 0.00, 0.000
17375,185365, 41.37, 0.00, 0.862, 0.000, 0.000020, 0.000009,0,0,0, 0.000030, 0.000023, 0.000022, 0.000014, 41.37, 0.862, 75.47, 0.548, 0.00, 0.000, 0.00, 0.000
17376,185376, 42.40, 0.00, 0.984, 0.000, 0.000019, 0.000006,0,0,0, 0.000030, 0.000020, 0.000020, 0.000013, 42.40, 0.984, 93.02, 0.664, 0.00, 0.000, 0.00, 0.000
17377,185386, 42.40, 0.00, 0.977, 0.000, 0.000020, 0.000008,0,0,0, 0.000030, 0.000024, 0.000022, 0.000014, 42.40, 0.977, 79.47, 0.677, 0.00, 0.000, 0.00, 0.000
17378,185397, 42.70, 0.00, 0.863, 0.000, 0.000020, 0.000007,0,0,0, 0.000030, 0.000016, 0.000022, 0.000013, 42.70, 0.863, 84.50, 0.595, 0.00, 0.000, 0.00, 0.000
17379,185408, 41.23, 0.00, 0.839, 0.000, 0.000020, 0.000011,0,0,0, 0.000030, 0.000022, 0.000023, 0.000012, 41.23, 0.839, 88.88, 0.534, 75.94, 0.520, 0.00, 0.000
17380,185418, 40.26, 0.00, 0.884, 0.000, 0.000020, 0.000008,0,0,0, 0.000030, 0.000019, 0.000023, 0.000013, 40.26, 0.884, 72.72, 0.453, 0.00, 0.000, 0.00, 0.000
17381,185429, 40.13, 0.00, 0.933, 0.000, 0.000021, 0.000016,0,0,0, 0.000030, 0.000015, 0.000024, 0.000012, 40.13, 0.933, 93.02, 0.431, 0.00, 0.000, 0.00, 0.000
17382,185440, 41.37, 0.00, 0.823, 0.000, 0.000020, 0.000011,0,0,0, 0.000030, 0.000020, 0.000021, 0.000012, 41.37, 0.823, 72.28, 0.378, 80.53, 0.377, 0.00, 0.000
17383,185450, 41.95, 0.00, 0.797, 0.000, 0.000019, 0.000008,0,0,0, 0.000030, 0.000019, 0.000021, 0.000013, 41.95, 0.797, 90.90, 0.579, 0.00, 0.000, 0.00, 0.000
17384,185461, 41.66, 0.00, 0.858, 0.000, 0.000020, 0.000008,0,0,0, 0.000030, 0.000023, 0.000023, 0.000014, 41.66, 0.858, 81.08, 0.685, 0.00, 0.000, 0.00, 0.000
17385,185472, 42.25, 0.00, 0.975, 0.000, 0.000019, 0.000005,0,0,0, 0.000030, 0.000019, 0.000021, 0.000013, 42.25, 0.975, 85.71, 0.764, 0.00, 0.000, 0.00, 0.000
17386,185482, 42.70, 0.00, 0.900, 0.000, 0.000020, 0.000011,0,0,0, 0.000030, 0.000025, 0.000023, 0.000012, 42.70, 0.900, 83.91, 0.689, 0.00, 0.000, 0.00, 0.000
17387,185493, 41.37, 0.00, 0.810, 0.000, 0.000020, 0.000009,0,0,0, 0.000030, 0.000023, 0.000022, 0.000013, 41.37, 0.810, 89.55, 0.657, 0.00, 0.000, 0.00, 0.000
17388,185504, 41.09, 0.00, 0.772, 0.000, 0.000020, 0.000009,0,0,0, 0.000030, 0.000019, 0.000023, 0.000013, 41.09, 0.772, 86.33, 0.619, 0.00, 0.000, 0.00, 0.000
17389,185514, 39.60, 0.00, 0.879, 0.000, 0.000020, 0.000006,0,0,0, 0.000030, 0.000020, 0.000022, 0.000013, 39.60, 0.879, 77.41, 0.596, 0.00, 0.000, 0.00, 0.000
17390,185525, 39.60, 0.00, 0.843, 0.000, 0.000020, 0.000012,0,0,0, 0.000030, 0.000018, 0.000023, 0.000012, 39.60, 0.843, 75.47, 0.617, 0.00, 0.000, 0.00, 0.000
17391,185536, 40.54, 0.00, 0.868, 0.000, 0.000019, 0.000008,0,0,0, 0.000030, 0.000021, 0.000021, 0.000013, 40.54, 0.868, 77.92, 0.723, 0.00, 0.000, 0.00, 0.000
17392,185546, 42.10, 0.00, 0.979, 0.000, 0.000019, 0.000005,0,0,0, 0.000030, 0.000020, 0.000021, 0.000013, 42.10, 0.979, 84.50, 0.791, 0.00, 0.000, 0.00, 0.000
17393,185557, 42.10, 0.00, 0.961, 0.000, 0.000020, 0.000009,0,0,0, 0.000030, 0.000023, 0.000023, 0.000014, 42.10, 0.961, 82.75, 0.761, 0.00, 0.000, 0.00, 0.000
17394,185568, 41.81, 0.00, 0.859, 0.000, 0.000020, 0.000009,0,0,0, 0.000030, 0.000023, 0.000022, 0.000013, 41.81, 0.859, 89.55, 0.835, 0.00, 0.000, 0.00, 0.000
17395,185578, 41.81, 0.00, 0.856, 0.000, 0.000019, 0.000006,0,0,0, 0.000030, 0.000025, 0.000020, 0.000011, 41.81, 0.856, 86.95, 0.720, 0.00, 0.000, 0.00, 0.000
17396,185589, 41.81, 0.00, 0.797, 0.000, 0.000019, 0.000008,0,0,0, 0.000030, 0.000020, 0.000023, 0.000014, 41.81, 0.797, 82.19, 0.722, 0.00, 0.000, 0.00, 0.000
17397,185600, 77.41, 0.00, 0.792, 0.000, 0.000020, 0.000015,0,0,0, 0.000030, 0.000014, 0.000024, 0.000013, 77.41, 0.792, 39.60, 0.759, 0.00, 0.000, 0.00, 0.000
17398,185610, 38.96, 0.00, 0.774, 0.000, 0.000020, 0.000010,0,0,0, 0.000030, 0.000023, 0.000022, 0.000013, 38.96, 0.774, 76.92, 0.624, 0.00, 0.000, 0.00, 0.000
17399,185621, 39.34, 0.00, 0.825, 0.000, 0.000019, 0.000008,0,0,0, 0.000030, 0.000018, 0.000022, 0.000011, 39.34, 0.825, 77.92, 0.537, 90.22, 0.518, 0.00, 0.000
17400,185632, 40.00, 0.00, 0.752, 0.000, 0.000020, 0.000008,0,0,0, 0.000030, 0.000019, 0.000023, 0.000013, 40.00, 0.752, 81.08, 0.514, 0.00, 0.000, 0.00, 0.000
17401,185642, 41.95, 0.00, 0.816, 0.000, 0.000020, 0.000006,0,0,0, 0.000030, 0.000021, 0.000022, 0.000014, 41.95, 0.816, 86.95, 0.656, 0.00, 0.000, 0.00, 0.000
17402,185653, 85.71, 0.00, 0.784, 0.000, 0.000020, 0.000008,0,0,0, 0.000030, 0.000024, 0.000022, 0.000013, 85.71, 0.784, 41.95, 0.776, 0.00, 0.000, 0.00, 0.000
17403,185664, 88.88, 0.00, 0.836, 0.000, 0.000020, 0.000010,0,0,0, 0.000030, 0.000023, 0.000023, 0.000013, 88.88, 0.836, 42.40, 0.753, 43.95, 0.735, 30.07, 0.673
17404,185674, 42.10, 0.00, 0.744, 0.000, 0.000020, 0.000009,0,0,0, 0.000030, 0.000021, 0.000023, 0.000012, 42.10, 0.744, 86.33, 0.654, 0.00, 0.000, 0.00, 0.000
17405,185685, 39.73, 0.00, 0.797, 0.000, 0.000020, 0.000007,0,0,0, 0.000030, 0.000019, 0.000022, 0.000014, 39.73, 0.797, 83.33, 0.675, 0.00, 0.000, 0.00, 0.000
17406,185696, 80.53, 0.00, 0.823, 0.000, 0.000020, 0.000008,0,0,0, 0.000030, 0.000019, 0.000022, 0.000013, 80.53, 0.823, 39.34, 0.811, 0.00, 0.000, 0.00, 0.000
17407,185706, 81.63, 0.00, 0.915, 0.000, 0.000020, 0.000006,0,0,0, 0.000030, 0.000021, 0.000022, 0.000013, 81.63, 0.915, 41.09, 0.886, 0.00, 0.000, 0.00, 0.000
17408,185717, 41.52, 0.00, 0.865, 0.000, 0.000019, 0.000006,0,0,0, 0.000030, 0.000020, 0.000021, 0.000012, 41.52, 0.865, 81.63, 0.840, 0.00, 0.000, 0.00, 0.000
17409,185728, 41.81, 0.00, 0.909, 0.000, 0.000019, 0.000007,0,0,0, 0.000030, 0.000021, 0.000022, 0.000014, 41.81, 0.909, 80.53, 0.821, 0.00, 0.000, 0.00, 0.000
17410,185738, 42.40, 0.00, 0.973, 0.000, 0.000019, 0.000005,0,0,0, 0.000030, 0.000021, 0.000021, 0.000013, 42.40, 0.973, 88.88, 0.820, 0.00, 0.000, 0.00, 0.000
17411,185749, 42.40, 0.00, 0.919, 0.000, 0.000020, 0.000008,0,0,0, 0.000030, 0.000023, 0.000022, 0.000013, 42.40, 0.919, 83.33, 0.817, 0.00, 0.000, 0.00, 0.000
17412,185760, 88.88, 0.00, 0.831, 0.000, 0.000020, 0.000012,0,0,0, 0.000030, 0.000024, 0.000023, 0.000012, 88.88, 0.831, 42.85, 0.825, 0.00, 0.000, 0.00, 0.000
17413,185770, 41.37, 0.00, 0.737, 0.000, 0.000020, 0.000010,0,0,0, 0.000030, 0.000018, 0.000023, 0.000014, 41.37, 0.737, 83.33, 0.699, 0.00, 0.000, 0.00, 0.000
17414,185781, 39.21, 0.00, 0.887, 0.000, 0.000020, 0.000007,0,0,0, 0.000030, 0.000020, 0.000021, 0.000013, 39.21, 0.887, 85.71, 0.629, 0.00, 0.000, 0.00, 0.000
17415,185792, 38.83, 0.00, 0.837, 0.000, 0.000020, 0.000008,0,0,0, 0.000030, 0.000019, 0.000022, 0.000012, 38.83, 0.837, 80.53, 0.687, 0.00, 0.000, 0.00, 0.000
17416,185802, 41.09, 0.00, 0.895, 0.000, 0.000019, 0.000005,0,0,0, 0.000030, 0.000020, 0.000021, 0.000013, 41.09, 0.895, 83.33, 0.882, 0.00, 0.000, 0.00, 0.000
17417,185813, 84.50, 0.00, 0.917, 0.000, 0.000019, 0.000004,0,0,0, 0.000030, 0.000021, 0.000021, 0.000013, 84.50, 0.917, 42.10, 0.916, 0.00, 0.000, 0.00, 0.000
17418,185824, 42.70, 0.00, 0.941, 0.000, 0.000020, 0.000008,0,0,0, 0.000030, 0.000022, 0.000022, 0.000014, 42.70, 0.941, 85.10, 0.908, 0.00, 0.000, 0.00, 0.000
17419,185834, 42.70, 0.00, 0.928, 0.000, 0.000019, 0.000005,0,0,0, 0.000030, 0.000021, 0.000021, 0.000013, 42.70, 0.928, 87.59, 0.879, 0.00, 0.000, 0.00, 0.000
17420,185845, 42.55, 0.00, 0.837, 0.000, 0.000020, 0.000012,0,0,0, 0.000030, 0.000019, 0.000023, 0.000013, 42.55, 0.837, 79.47, 0.734, 0.00, 0.000, 0.00, 0.000
17421,185856, 78.94, 0.00, 0.621, 0.000, 0.000021, 0.000017,0,0,0, 0.000030, 0.000011, 0.000025, 0.000011, 78.94, 0.621, 40.13, 0.606, 0.00, 0.000, 0.00, 0.000
17422,185866, 31.74, 0.00, 0.706, 0.000, 0.000020, 0.000012,0,0,0, 0.000030, 0.000020, 0.000022, 0.000013, 31.74, 0.706, 78.94, 0.441, 52.86, 0.200, 0.00, 0.000
17423,185877, 30.15, 0.00, 0.606, 0.000, 0.000019, 0.000008,0,0,0, 0.000030, 0.000025, 0.000018, 0.000013, 30.15, 0.606, 52.86, 0.422, 72.28, 0.305, 37.97, 0.256
17424,185888, 30.53, 0.00, 0.866, 0.000, 0.000020, 0.000009,0,0,0, 0.000030, 0.000016, 0.000022, 0.000013, 30.53, 0.866, 71.42, 0.373, 148.14, 0.278, 37.50, 0.176
17425,185898, 72.28, 0.00, 0.661, 0.000, 0.000019, 0.000006,0,0,0, 0.000030, 0.000017, 0.000020, 0.000011, 72.28, 0.661, 34.98, 0.496, 45.97, 0.122, 136.36, 0.112
17426,185909, 74.07, 0.00, 0.699, 0.000, 0.000020, 0.000010,0,0,0, 0.000030, 0.000025, 0.000023, 0.000015, 74.07, 0.699, 36.92, 0.506, 45.28, 0.130, 0.00, 0.000
17427,185920, 75.00, 0.00, 0.774, 0.000, 0.000019, 0.000007,0,0,0, 0.000030, 0.000020, 0.000020, 0.000014, 75.00, 0.774, 37.15, 0.688, 0.00, 0.000, 0.00, 0.000
17428,185930, 74.53, 0.00, 0.764, 0.000, 0.000018, 0.000005,0,0,0, 0.000030, 0.000023, 0.000019, 0.000013, 74.53, 0.764, 38.21, 0.668, 31.33, 0.055, 53.09, 0.053
17429,185941, 37.15, 0.00, 0.904, 0.000, 0.000018, 0.000004,0,0,0, 0.000030, 0.000019, 0.000020, 0.000014, 37.15, 0.904, 74.07, 0.870, 31.08, 0.190, 169.01, 0.145
17430,185952, 74.07, 0.00, 0.905, 0.000, 0.000019, 0.000009,0,0,0, 0.000030, 0.000023, 0.000021, 0.000013, 74.07, 0.905, 37.15, 0.816, 46.51, 0.301, 129.03, 0.243
17431,185962, 37.26, 0.00, 0.836, 0.000, 0.000018, 0.000006,0,0,0, 0.000030, 0.000020, 0.000020, 0.000013, 37.26, 0.836, 74.53, 0.824, 48.78, 0.249, 139.53, 0.219
17432,185973, 36.92, 0.00, 0.898, 0.000, 0.000018, 0.000013,0,0,0, 0.000030, 0.000025, 0.000022, 0.000012, 36.92, 0.898, 73.61, 0.734, 52.63, 0.337, 30.69, 0.336
17433,185984, 37.03, 0.00, 0.882, 0.000, 0.000019, 0.000009,0,0,0, 0.000030, 0.000024, 0.000022, 0.000013, 37.03, 0.882, 74.07, 0.708, 30.69, 0.531, 50.00, 0.319
17434,185994, 74.53, 0.00, 0.715, 0.000, 0.000021, 0.000020,0,0,0, 0.000030, 0.000025, 0.000025, 0.000012, 74.53, 0.715, 31.00, 0.605, 30.15, 0.593, 37.15, 0.532
17435,186005, 74.53, 0.00, 0.686, 0.000, 0.000020, 0.000014,0,0,0, 0.000030, 0.000022, 0.000023, 0.000012, 74.53, 0.686, 37.03, 0.621, 112.14, 0.018, 0.00, 0.000
17436,186016, 75.00, 0.00, 0.732, 0.000, 0.000020, 0.000009,0,0,0, 0.000030, 0.000022, 0.000021, 0.000013, 75.00, 0.732, 43.95, 0.537, 37.15, 0.491, 105.26, 0.051
17437,186026, 75.00, 0.00, 0.708, 0.000, 0.000019, 0.000006,0,0,0, 0.000030, 0.000022, 0.000021, 0.000013, 75.00, 0.708, 37.15, 0.484, 38.83, 0.410, 43.63, 0.289
17438,186037, 75.00, 0.00, 0.866, 0.000, 0.000019, 0.000005,0,0,0, 0.000030, 0.000019, 0.000021, 0.000013, 75.00, 0.866, 37.38, 0.759, 0.00, 0.000, 0.00, 0.000
17439,186048, 74.53, 0.00, 0.884, 0.000, 0.000019, 0.000005,0,0,0, 0.000030, 0.000018, 0.000021, 0.000013, 74.53, 0.884, 37.38, 0.872, 44.77, 0.043, 0.00, 0.000
17440,186058, 74.07, 0.00, 0.883, 0.000, 0.000019, 0.000004,0,0,0, 0.000030, 0.000021, 0.000020, 0.000014, 74.07, 0.883, 37.15, 0.856, 45.28, 0.007, 46.33, 0.005
17441,186069, 74.53, 0.00, 0.931, 0.000, 0.000019, 0.000006,0,0,0, 0.000030, 0.000020, 0.000021, 0.000013, 74.53, 0.931, 37.15, 0.866, 0.00, 0.000, 0.00, 0.000
17442,186080, 74.53, 0.00, 0.860, 0.000, 0.000018, 0.000004,0,0,0, 0.000030, 0.000022, 0.000019, 0.000014, 74.53, 0.860, 37.50, 0.842, 30.84, 0.448, 51.72, 0.118
17443,186090, 75.00, 0.00, 0.902, 0.000, 0.000018, 0.000003,0,0,0, 0.000030, 0.000020, 0.000019, 0.000014, 75.00, 0.902, 37.50, 0.784, 30.53, 0.273, 51.50, 0.226
17444,186101, 74.07, 0.00, 0.778, 0.000, 0.000019, 0.000012,0,0,0, 0.000030, 0.000022, 0.000023, 0.000013, 74.07, 0.778, 37.03, 0.709, 51.06, 0.231, 30.61, 0.184
17445,186112, 74.07, 0.00, 0.790, 0.000, 0.000020, 0.000013,0,0,0, 0.000030, 0.000026, 0.000023, 0.000012, 74.07, 0.790, 36.92, 0.600, 45.62, 0.213, 121.21, 0.125
17446,186122, 74.07, 0.00, 0.861, 0.000, 0.000020, 0.000011,0,0,0, 0.000030, 0.000023, 0.000022, 0.000013, 74.07, 0.861, 37.15, 0.720, 31.08, 0.205, 43.95, 0.107
17447,186133, 74.07, 0.00, 0.928, 0.000, 0.000019, 0.000008,0,0,0, 0.000030, 0.000022, 0.000020, 0.000013, 74.07, 0.928, 37.15, 0.860, 43.79, 0.078, 105.26, 0.022
17448,186144, 74.07, 0.00, 0.941, 0.000, 0.000019, 0.000007,0,0,0, 0.000030, 0.000019, 0.000022, 0.000014, 74.07, 0.941, 37.15, 0.905, 43.95, 0.134, 240.00, 0.074
17449,186154, 74.53, 0.00, 0.966, 0.000, 0.000019, 0.000007,0,0,0, 0.000030, 0.000019, 0.000022, 0.000012, 74.53, 0.966, 37.26, 0.944, 43.95, 0.195, 108.10, 0.136
17450,186165, 75.00, 0.00, 0.937, 0.000, 0.000019, 0.000005,0,0,0, 0.000030, 0.000023, 0.000021, 0.000014, 75.00, 0.937, 37.26, 0.875, 44.28, 0.161, 108.10, 0.092
17451,186176, 75.00, 0.00, 0.896, 0.000, 0.000019, 0.000004,0,0,0, 0.000030, 0.000021, 0.000020, 0.000013, 75.00, 0.896, 37.38, 0.775, 0.00, 0.000, 0.00, 0.000
17452,186186, 74.53, 0.00, 0.886, 0.000, 0.000018, 0.000004,0,0,0, 0.000030, 0.000022, 0.000020, 0.000013, 74.53, 0.886, 37.38, 0.758, 31.74, 0.022, 0.00, 0.000
17453,186197, 36.92, 0.00, 0.858, 0.000, 0.000019, 0.000006,0,0,0, 0.000030, 0.000020, 0.000021, 0.000014, 36.92, 0.858, 74.53, 0.853, 31.66, 0.183, 31.33, 0.178
17454,186208, 74.07, 0.00, 0.852, 0.000, 0.000019, 0.000008,0,0,0, 0.000030, 0.000022, 0.000022, 0.000013, 74.07, 0.852, 37.03, 0.851, 45.11, 0.075, 114.28, 0.059
17455,186218, 37.03, 0.00, 0.927, 0.000, 0.000019, 0.000012,0,0,0, 0.000030, 0.000024, 0.000022, 0.000013, 37.03, 0.927, 74.07, 0.878, 44.94, 0.186, 113.20, 0.122
17456,186229, 74.07, 0.00, 0.890, 0.000, 0.000018, 0.000008,0,0,0, 0.000030, 0.000025, 0.000018, 0.000012, 74.07, 0.890, 36.92, 0.868, 31.66, 0.392, 54.79, 0.267
17457,186240, 74.07, 0.00, 0.935, 0.000, 0.000019, 0.000009,0,0,0, 0.000030, 0.000021, 0.000023, 0.000014, 74.07, 0.935, 36.92, 0.861, 31.49, 0.203, 55.04, 0.113
17458,186250, 74.07, 0.00, 0.977, 0.000, 0.000019, 0.000009,0,0,0, 0.000030, 0.000020, 0.000023, 0.000013, 74.07, 0.977, 37.03, 0.946, 32.25, 0.217, 56.87, 0.133
17459,186261, 74.07, 0.00, 0.964, 0.000, 0.000019, 0.000008,0,0,0, 0.000030, 0.000023, 0.000022, 0.000013, 74.07, 0.964, 37.26, 0.936, 43.95, 0.231, 108.10, 0.141
17460,186272, 74.53, 0.00, 0.957, 0.000, 0.000020, 0.000009,0,0,0, 0.000030, 0.000023, 0.000022, 0.000013, 74.53, 0.957, 37.26, 0.924, 43.79, 0.149, 107.14, 0.075
17461,186282, 74.53, 0.00, 0.955, 0.000, 0.000019, 0.000006,0,0,0, 0.000030, 0.000023, 0.000021, 0.000012, 74.53, 0.955, 37.26, 0.891, 32.08, 0.081, 244.89, 0.054
17462,186293, 74.53, 0.00, 0.935, 0.000, 0.000019, 0.000005,0,0,0, 0.000030, 0.000020, 0.000021, 0.000014, 74.53, 0.935, 37.26, 0.910, 32.08, 0.032, 235.29, 0.008
17463,186304, 37.03, 0.00, 0.941, 0.000, 0.000019, 0.000008,0,0,0, 0.000030, 0.000019, 0.000022, 0.000013, 37.03, 0.941, 74.07, 0.934, 44.28, 0.091, 32.17, 0.079
17464,186314, 74.07, 0.00, 0.940, 0.000, 0.000019, 0.000009,0,0,0, 0.000030, 0.000025, 0.000022, 0.000014, 74.07, 0.940, 37.03, 0.920, 44.28, 0.253, 110.09, 0.200
17465,186325, 74.07, 0.00, 0.962, 0.000, 0.000019, 0.000006,0,0,0, 0.000030, 0.000022, 0.000020, 0.000013, 74.07, 0.962, 37.03, 0.949, 31.57, 0.102, 55.55, 0.099
17466,186336, 74.07, 0.00, 0.940, 0.000, 0.000018, 0.000004,0,0,0, 0.000030, 0.000024, 0.000019, 0.000012, 74.07, 0.940, 37.15, 0.929, 31.74, 0.347, 55.29, 0.193
17467,186346, 37.03, 0.00, 0.948, 0.000, 0.000019, 0.000010,0,0,0, 0.000030, 0.000021, 0.000022, 0.000014, 37.03, 0.948, 74.07, 0.916, 31.74, 0.262, 55.55, 0.180
17468,186357, 73.61, 0.00, 0.915, 0.000, 0.000019, 0.000011,0,0,0, 0.000030, 0.000021, 0.000023, 0.000012, 73.61, 0.915, 36.92, 0.836, 32.08, 0.163, 44.77, 0.101
17469,186368, 74.53, 0.00, 0.939, 0.000, 0.000020, 0.000010,0,0,0, 0.000030, 0.000025, 0.000023, 0.000013, 74.53, 0.939, 37.03, 0.884, 44.11, 0.241, 109.09, 0.161
17470,186378, 74.53, 0.00, 0.939, 0.000, 0.000020, 0.000009,0,0,0, 0.000030, 0.000023, 0.000022, 0.000013, 74.53, 0.939, 37.26, 0.881, 43.79, 0.101, 106.19, 0.050
17471,186389, 74.53, 0.00, 0.959, 0.000, 0.000019, 0.000006,0,0,0, 0.000030, 0.000023, 0.000019, 0.000013, 74.53, 0.959, 37.15, 0.933, 235.29, 0.024, 43.63, 0.010
17472,186400, 37.15, 0.00, 0.974, 0.000, 0.000019, 0.000008,0,0,0, 0.000030, 0.000019, 0.000022, 0.000014, 37.15, 0.974, 74.53, 0.958, 56.60, 0.085, 240.00, 0.071
17473,186410, 37.15, 0.00, 0.996, 0.000, 0.000019, 0.000008,0,0,0, 0.000030, 0.000021, 0.000022, 0.000013, 37.15, 0.996, 74.07, 0.972, 43.95, 0.166, 108.10, 0.118
17474,186421, 37.26, 0.00, 0.963, 0.000, 0.000019, 0.000008,0,0,0, 0.000030, 0.000024, 0.000022, 0.000014, 37.26, 0.963, 74.53, 0.960, 44.11, 0.240, 108.10, 0.154
17475,186432, 74.07, 0.00, 0.950, 0.000, 0.000020, 0.000011,0,0,0, 0.000030, 0.000024, 0.000022, 0.000012, 74.07, 0.950, 37.15, 0.925, 32.17, 0.226, 56.60, 0.131
17476,186442, 74.07, 0.00, 0.921, 0.000, 0.000019, 0.000008,0,0,0, 0.000030, 0.000022, 0.000021, 0.000014, 74.07, 0.921, 37.03, 0.905, 31.74, 0.131, 55.55, 0.100
17477,186453, 74.07, 0.00, 0.905, 0.000, 0.000018, 0.000005,0,0,0, 0.000030, 0.000020, 0.000020, 0.000014, 74.07, 0.905, 37.03, 0.822, 31.66, 0.439, 55.04, 0.270
17478,186464, 37.03, 0.00, 0.934, 0.000, 0.000019, 0.000012,0,0,0, 0.000030, 0.000023, 0.000023, 0.000013, 37.03, 0.934, 74.07, 0.881, 111.11, 0.212, 44.44, 0.190
17479,186474, 74.07, 0.00, 0.930, 0.000, 0.000020, 0.000012,0,0,0, 0.000030, 0.000024, 0.000023, 0.000013, 74.07, 0.930, 37.03, 0.866, 44.60, 0.234, 110.09, 0.187
17480,186485, 74.07, 0.00, 0.940, 0.000, 0.000019, 0.000008,0,0,0, 0.000030, 0.000024, 0.000019, 0.000012, 74.07, 0.940, 37.03, 0.865, 31.91, 0.331, 56.60, 0.158
17481,186496, 74.07, 0.00, 0.978, 0.000, 0.000019, 0.000008,0,0,0, 0.000030, 0.000020, 0.000022, 0.000014, 74.07, 0.978, 37.15, 0.977, 230.76, 0.023, 0.00, 0.000
17482,186506, 37.15, 0.00, 0.991, 0.000, 0.000019, 0.000008,0,0,0, 0.000030, 0.000020, 0.000022, 0.000013, 37.15, 0.991, 74.07, 0.987, 32.08, 0.184, 56.60, 0.101
17483,186517, 74.07, 0.00, 0.963, 0.000, 0.000019, 0.000009,0,0,0, 0.000030, 0.000022, 0.000022, 0.000013, 74.07, 0.963, 37.15, 0.926, 43.79, 0.177, 106.19, 0.106
17484,186528, 74.53, 0.00, 0.967, 0.000, 0.000020, 0.000007,0,0,0, 0.000030, 0.000023, 0.000022, 0.000013, 74.53, 0.967, 37.38, 0.933, 43.63, 0.098, 105.26, 0.031
17485,186538, 37.15, 0.00, 0.957, 0.000, 0.000019, 0.000005,0,0,0, 0.000030, 0.000025, 0.000019, 0.000012, 37.15, 0.957, 74.53, 0.925, 32.08, 0.237, 244.89, 0.061
17486,186549, 74.53, 0.00, 0.938, 0.000, 0.000019, 0.000007,0,0,0, 0.000030, 0.000020, 0.000022, 0.000014, 74.53, 0.938, 37.15, 0.858, 56.60, 0.056, 32.17, 0.028
17487,186560, 74.07, 0.00, 0.960, 0.000, 0.000019, 0.000009,0,0,0, 0.000030, 0.000021, 0.000022, 0.000013, 74.07, 0.960, 36.92, 0.944, 32.00, 0.217, 56.07, 0.154
17488,186570, 74.07, 0.00, 0.958, 0.000, 0.000020, 0.000010,0,0,0, 0.000030, 0.000025, 0.000022, 0.000013, 74.07, 0.958, 37.03, 0.926, 44.28, 0.250, 110.09, 0.217
17489,186581, 74.07, 0.00, 0.975, 0.000, 0.000020, 0.000011,0,0,0, 0.000030, 0.000023, 0.000022, 0.000013, 74.07, 0.975, 37.03, 0.970, 31.83, 0.170, 55.81, 0.132
17490,186592, 37.03, 0.00, 0.991, 0.000, 0.000019, 0.000007,0,0,0, 0.000030, 0.000024, 0.000018, 0.000012, 37.03, 0.991, 74.07, 0.985, 31.57, 0.238, 55.55, 0.153
17491,186602, 74.07, 0.00, 0.982, 0.000, 0.000019, 0.000008,0,0,0, 0.000030, 0.000020, 0.000022, 0.000014, 74.07, 0.982, 37.03, 0.979, 31.74, 0.157, 55.55, 0.121
17492,186613, 74.07, 0.00, 0.943, 0.000, 0.000019, 0.000009,0,0,0, 0.000030, 0.000019, 0.000022, 0.000012, 74.07, 0.943, 37.03, 0.883, 44.28, 0.102, 110.09, 0.070
17493,186624, 74.53, 0.00, 0.930, 0.000, 0.000020, 0.000006,0,0,0, 0.000030, 0.000024, 0.000022, 0.000014, 74.53, 0.930, 37.15, 0.826, 43.79, 0.223, 107.14, 0.084
17494,186634, 74.53, 0.00, 0.940, 0.000, 0.000020, 0.000008,0,0,0, 0.000030, 0.000023, 0.000022, 0.000013, 74.53, 0.940, 37.38, 0.934, 43.63, 0.025, 0.00, 0.000
17495,186645, 74.07, 0.00, 0.968, 0.000, 0.000019, 0.000005,0,0,0, 0.000030, 0.000022, 0.000021, 0.000013, 74.07, 0.968, 37.15, 0.928, 0.00, 0.000, 0.00, 0.000
17496,186656, 74.07, 0.00, 0.970, 0.000, 0.000019, 0.000006,0,0,0, 0.000030, 0.000020, 0.000022, 0.000014, 74.07, 0.970, 37.15, 0.945, 32.17, 0.118, 56.87, 0.068
17497,186666, 74.07, 0.00, 0.978, 0.000, 0.000019, 0.000008,0,0,0, 0.000030, 0.000021, 0.000022, 0.000013, 74.07, 0.978, 37.03, 0.944, 44.11, 0.126, 108.10, 0.099
17498,186677, 74.07, 0.00, 0.974, 0.000, 0.000019, 0.000010,0,0,0, 0.000030, 0.000024, 0.000022, 0.000013, 74.07, 0.974, 37.15, 0.940, 44.11, 0.200, 109.09, 0.152
17499,186688, 74.07, 0.00, 0.960, 0.000, 0.000019, 0.000007,0,0,0, 0.000030, 0.000023, 0.000020, 0.000013, 74.07, 0.960, 37.03, 0.921, 31.91, 0.390, 56.07, 0.243
17500,186698, 74.07, 0.00, 0.933, 0.000, 0.000018, 0.000004,0,0,0, 0.000030, 0.000022, 0.000019, 0.000013, 74.07, 0.933, 37.03, 0.908, 55.55, 0.161, 222.22, 0.155
17501,186709, 37.03, 0.00, 0.940, 0.000, 0.000019, 0.000011,0,0,0, 0.000030, 0.000020, 0.000023, 0.000013, 37.03, 0.940, 74.07, 0.909, 31.83, 0.319, 55.81, 0.300
17502,186720, 74.07, 0.00, 0.904, 0.000, 0.000019, 0.000010,0,0,0, 0.000030, 0.000022, 0.000022, 0.000013, 74.07, 0.904, 37.03, 0.803, 44.11, 0.196, 110.09, 0.154
17503,186730, 74.53, 0.00, 0.946, 0.000, 0.000020, 0.000008,0,0,0, 0.000030, 0.000023, 0.000022, 0.000014, 74.53, 0.946, 37.03, 0.846, 43.79, 0.196, 106.19, 0.061
17504,186741, 74.53, 0.00, 0.914, 0.000, 0.000020, 0.000009,0,0,0, 0.000030, 0.000023, 0.000023, 0.000012, 74.53, 0.914, 37.38, 0.815, 43.16, 0.042, 0.00, 0.000
17505,186752, 37.15, 0.00, 0.974, 0.000, 0.000019, 0.000006,0,0,0, 0.000030, 0.000019, 0.000021, 0.000014, 37.15, 0.974, 74.53, 0.906, 0.00, 0.000, 0.00, 0.000
17506,186762, 37.15, 0.00, 0.996, 0.000, 0.000020, 0.000011,0,0,0, 0.000030, 0.000017, 0.000023, 0.000012, 37.15, 0.996, 74.53, 0.890, 0.00, 0.000, 0.00, 0.000
17507,186773, 37.03, 0.00, 0.972, 0.000, 0.000020, 0.000007,0,0,0, 0.000030, 0.000022, 0.000021, 0.000013, 37.03, 0.972, 74.53, 0.862, 43.32, 0.031, 0.00, 0.000
17508,186784, 37.15, 0.00, 0.964, 0.000, 0.000020, 0.000006,0,0,0, 0.000030, 0.000023, 0.000022, 0.000014, 37.15, 0.964, 74.53, 0.925, 0.00, 0.000, 0.00, 0.000
17509,186794, 74.53, 0.00, 0.918, 0.000, 0.000019, 0.000004,0,0,0, 0.000030, 0.000024, 0.000019, 0.000012, 74.53, 0.918, 37.15, 0.812, 32.17, 0.175, 57.14, 0.018
17510,186805, 74.07, 0.00, 0.933, 0.000, 0.000019, 0.000007,0,0,0, 0.000030, 0.000020, 0.000022, 0.000014, 74.07, 0.933, 37.03, 0.864, 32.08, 0.076, 56.07, 0.075
17511,186816, 74.53, 0.00, 0.779, 0.000, 0.000019, 0.000016,0,0,0, 0.000030, 0.000014, 0.000023, 0.000012, 74.53, 0.779, 37.38, 0.662, 111.11, 0.129, 44.60, 0.117
17512,186826, 75.00, 0.00, 0.624, 0.000, 0.000020, 0.000012,0,0,0, 0.000030, 0.000025, 0.000023, 0.000014, 75.00, 0.624, 34.78, 0.426, 40.67, 0.330, 37.38, 0.311
17513,186837, 36.14, 0.00, 0.491, 0.000, 0.000020, 0.000008,0,0,0, 0.000030, 0.000018, 0.000022, 0.000013, 36.14, 0.491, 66.66, 0.464, 75.47, 0.458, 34.78, 0.406
17514,186848, 36.36, 0.00, 0.792, 0.000, 0.000020, 0.000014,0,0,0, 0.000030, 0.000019, 0.000024, 0.000012, 36.36, 0.792, 34.18, 0.557, 66.66, 0.513, 75.94, 0.494
17515,186858, 37.38, 0.00, 0.730, 0.000, 0.000021, 0.000014,0,0,0, 0.000030, 0.000013, 0.000024, 0.000012, 37.38, 0.730, 73.17, 0.706, 0.00, 0.000, 0.00, 0.000
17516,186869, 73.61, 0.00, 0.838, 0.000, 0.000020, 0.000009,0,0,0, 0.000030, 0.000020, 0.000022, 0.000013, 73.61, 0.838, 37.15, 0.773, 0.00, 0.000, 0.00, 0.000
17517,186880, 40.40, 0.00, 0.853, 0.000, 0.000019, 0.000006,0,0,0, 0.000030, 0.000020, 0.000020, 0.000013, 40.40, 0.853, 75.47, 0.701, 38.33, 0.685, 85.10, 0.570
17518,186890, 41.81, 0.00, 0.823, 0.000, 0.000019, 0.000006,0,0,0, 0.000030, 0.000021, 0.000022, 0.000014, 41.81, 0.823, 78.43, 0.727, 88.88, 0.619, 0.00, 0.000
17519,186901, 42.25, 0.00, 0.902, 0.000, 0.000019, 0.000004,0,0,0, 0.000030, 0.000021, 0.000021, 0.000013, 42.25, 0.902, 90.22, 0.782, 79.47, 0.643, 0.00, 0.000
17520,186912, 42.55, 0.00, 0.919, 0.000, 0.000020, 0.000010,0,0,0, 0.000030, 0.000022, 0.000023, 0.000013, 42.55, 0.919, 88.88, 0.727, 80.53, 0.720, 0.00, 0.000
17521,186922, 42.70, 0.00, 0.728, 0.000, 0.000019, 0.000007,0,0,0, 0.000030, 0.000024, 0.000020, 0.000012, 42.70, 0.728, 78.94, 0.680, 90.90, 0.640, 39.60, 0.492
17522,186933, 77.92, 0.00, 0.719, 0.000, 0.000019, 0.000006,0,0,0, 0.000030, 0.000024, 0.000022, 0.000013, 77.92, 0.719, 39.34, 0.678, 41.95, 0.535, 92.30, 0.492
17523,186944, 37.61, 0.00, 0.636, 0.000, 0.000020, 0.000014,0,0,0, 0.000030, 0.000021, 0.000024, 0.000013, 37.61, 0.636, 75.94, 0.555, 40.81, 0.481, 94.48, 0.366
17524,186954, 73.17, 0.00, 0.545, 0.000, 0.000019, 0.000010,0,0,0, 0.000030, 0.000016, 0.000021, 0.000011, 73.17, 0.545, 37.73, 0.525, 40.40, 0.512, 94.48, 0.413
17525,186965, 75.94, 0.00, 0.656, 0.000, 0.000019, 0.000008,0,0,0, 0.000030, 0.000020, 0.000023, 0.000014, 75.94, 0.656, 38.09, 0.571, 40.40, 0.567, 33.80, 0.035
17526,186976, 42.70, 0.00, 0.913, 0.000, 0.000019, 0.000005,0,0,0, 0.000030, 0.000021, 0.000021, 0.000013, 42.70, 0.913, 91.60, 0.732, 0.00, 0.000, 0.00, 0.000
17527,186986, 43.01, 0.00, 0.934, 0.000, 0.000020, 0.000009,0,0,0, 0.000030, 0.000022, 0.000023, 0.000014, 43.01, 0.934, 81.63, 0.744, 0.00, 0.000, 0.00, 0.000
17528,186997, 42.40, 0.00, 0.982, 0.000, 0.000019, 0.000006,0,0,0, 0.000030, 0.000021, 0.000021, 0.000013, 42.40, 0.982, 88.88, 0.785, 0.00, 0.000, 0.00, 0.000
17529,187008, 42.25, 0.00, 0.817, 0.000, 0.000020, 0.000013,0,0,0, 0.000030, 0.000025, 0.000023, 0.000012, 42.25, 0.817, 81.63, 0.659, 87.59, 0.650, 0.00, 0.000
17530,187018, 41.23, 0.00, 0.645, 0.000, 0.000020, 0.000010,0,0,0, 0.000030, 0.000018, 0.000023, 0.000013, 41.23, 0.645, 87.59, 0.537, 80.53, 0.507, 0.00, 0.000
17531,187029, 38.09, 0.00, 0.891, 0.000, 0.000019, 0.000007,0,0,0, 0.000030, 0.000021, 0.000021, 0.000013, 38.09, 0.891, 75.94, 0.591, 0.00, 0.000, 0.00, 0.000
17532,187040, 37.85, 0.00, 0.798, 0.000, 0.000020, 0.000011,0,0,0, 0.000030, 0.000021, 0.000023, 0.000013, 37.85, 0.798, 76.43, 0.699, 41.37, 0.504, 0.00, 0.000
17533,187050, 78.43, 0.00, 0.728, 0.000, 0.000019, 0.000007,0,0,0, 0.000030, 0.000018, 0.000021, 0.000012, 78.43, 0.728, 41.81, 0.726, 0.00, 0.000, 0.00, 0.000
17534,187061, 77.41, 0.00, 0.681, 0.000, 0.000019, 0.000014,0,0,0, 0.000030, 0.000028, 0.000024, 0.000011, 77.41, 0.681, 38.46, 0.564, 0.00, 0.000, 0.00, 0.000
17535,187072, 30.07, 0.00, 0.985, 0.000, 0.000021, 0.000014,0,0,0, 0.000030, 0.000020, 0.000025, 0.000012, 30.07, 0.985, 43.63, 0.459, 93.02, 0.244, 0.00, 0.000
17536,187082, 44.11, 0.00, 0.652, 0.000, 0.000020, 0.000010,0,0,0, 0.000030, 0.000019, 0.000023, 0.000013, 44.11, 0.652, 84.50, 0.112, 74.07, 0.061, 0.00, 0.000
17537,187093, 41.81, 0.00, 0.474, 0.000, 0.000020, 0.000007,0,0,0, 0.000030, 0.000022, 0.000022, 0.000013, 41.81, 0.474, 31.57, 0.332, 89.55, 0.262, 75.00, 0.075
17538,187104, 39.86, 0.00, 0.657, 0.000, 0.000020, 0.000007,0,0,0, 0.000030, 0.000020, 0.000022, 0.000012, 39.86, 0.657, 41.66, 0.654, 74.07, 0.515, 84.50, 0.443
17539,187114, 41.95, 0.00, 0.668, 0.000, 0.000020, 0.000013,0,0,0, 0.000030, 0.000016, 0.000023, 0.000013, 41.95, 0.668, 80.00, 0.632, 38.96, 0.599, 0.00, 0.000
17540,187125, 37.85, 0.00, 0.669, 0.000, 0.000019, 0.000009,0,0,0, 0.000030, 0.000021, 0.000020, 0.000013, 37.85, 0.669, 79.47, 0.666, 0.00, 0.000, 0.00, 0.000
17541,187136, 40.40, 0.00, 0.821, 0.000, 0.000019, 0.000006,0,0,0, 0.000030, 0.000018, 0.000021, 0.000011, 40.40, 0.821, 80.53, 0.547, 88.88, 0.524, 71.42, 0.407
17542,187146, 41.66, 0.00, 0.753, 0.000, 0.000019, 0.000007,0,0,0, 0.000030, 0.000021, 0.000022, 0.000014, 41.66, 0.753, 80.00, 0.622, 0.00, 0.000, 0.00, 0.000
17543,187157, 42.70, 0.00, 0.828, 0.000, 0.000019, 0.000005,0,0,0, 0.000030, 0.000020, 0.000021, 0.000013, 42.70, 0.828, 86.95, 0.722, 0.00, 0.000, 0.00, 0.000
17544,187168, 42.70, 0.00, 0.995, 0.000, 0.000020, 0.000009,0,0,0, 0.000030, 0.000021, 0.000023, 0.000014, 42.70, 0.995, 83.91, 0.838, 0.00, 0.000, 0.00, 0.000
17545,187178, 42.85, 0.00, 0.951, 0.000, 0.000019, 0.000006,0,0,0, 0.000030, 0.000022, 0.000021, 0.000013, 42.85, 0.951, 88.88, 0.834, 0.00, 0.000, 0.00, 0.000
17546,187189, 42.25, 0.00, 0.850, 0.000, 0.000020, 0.000011,0,0,0, 0.000030, 0.000020, 0.000023, 0.000013, 42.25, 0.850, 81.63, 0.708, 0.00, 0.000, 0.00, 0.000
17547,187200, 79.47, 0.00, 0.648, 0.000, 0.000019, 0.000008,0,0,0, 0.000030, 0.000021, 0.000020, 0.000013, 79.47, 0.648, 41.23, 0.601, 0.00, 0.000, 0.00, 0.000
17548,187210, 38.33, 0.00, 0.768, 0.000, 0.000019, 0.000006,0,0,0, 0.000030, 0.000021, 0.000022, 0.000013, 38.33, 0.768, 77.92, 0.620, 61.53, 0.004, 0.00, 0.000
17549,187221, 76.92, 0.00, 0.681, 0.000, 0.000020, 0.000012,0,0,0, 0.000030, 0.000021, 0.000023, 0.000013, 76.92, 0.681, 41.81, 0.642, 37.85, 0.392, 0.00, 0.000
17550,187232, 41.95, 0.00, 0.690, 0.000, 0.000019, 0.000008,0,0,0, 0.000030, 0.000020, 0.000021, 0.000012, 41.95, 0.690, 77.41, 0.646, 87.59, 0.557, 0.00, 0.000
17551,187242, 42.10, 0.00, 0.905, 0.000, 0.000020, 0.000008,0,0,0, 0.000030, 0.000023, 0.000022, 0.000014, 42.10, 0.905, 79.47, 0.768, 0.00, 0.000, 0.00, 0.000
17552,187253, 42.85, 0.00, 0.993, 0.000, 0.000019, 0.000006,0,0,0, 0.000030, 0.000021, 0.000021, 0.000013, 42.85, 0.993, 87.59, 0.812, 0.00, 0.000, 0.00, 0.000
17553,187264, 42.70, 0.00, 0.896, 0.000, 0.000019, 0.000006,0,0,0, 0.000030, 0.000021, 0.000022, 0.000013, 42.70, 0.896, 85.71, 0.822, 0.00, 0.000, 0.00, 0.000
17554,187274, 42.40, 0.00, 0.898, 0.000, 0.000019, 0.000008,0,0,0, 0.000030, 0.000021, 0.000022, 0.000013, 42.40, 0.898, 85.10, 0.799, 0.00, 0.000, 0.00, 0.000
17555,187285, 80.53, 0.00, 0.771, 0.000, 0.000020, 0.000012,0,0,0, 0.000030, 0.000020, 0.000023, 0.000012, 80.53, 0.771, 42.10, 0.745, 0.00, 0.000, 0.00, 0.000
17556,187296, 79.47, 0.00, 0.718, 0.000, 0.000020, 0.000008,0,0,0, 0.000030, 0.000023, 0.000023, 0.000013, 79.47, 0.718, 39.47, 0.705, 35.39, 0.320, 0.00, 0.000
17557,187306, 38.70, 0.00, 0.745, 0.000, 0.000020, 0.000008,0,0,0, 0.000030, 0.000021, 0.000023, 0.000013, 38.70, 0.745, 38.33, 0.743, 80.53, 0.572, 0.00, 0.000
17558,187317, 41.52, 0.00, 0.661, 0.000, 0.000019, 0.000005,0,0,0, 0.000030, 0.000019, 0.000022, 0.000012, 41.52, 0.661, 82.75, 0.653, 40.13, 0.609, 0.00, 0.000
17559,187328, 85.71, 0.00, 0.844, 0.000, 0.000019, 0.000005,0,0,0, 0.000030, 0.000021, 0.000022, 0.000014, 85.71, 0.844, 43.16, 0.795, 0.00, 0.000, 0.00, 0.000
17560,187338, 83.91, 0.00, 0.936, 0.000, 0.000019, 0.000007,0,0,0, 0.000030, 0.000021, 0.000022, 0.000014, 83.91, 0.936, 41.95, 0.899, 0.00, 0.000, 0.00, 0.000
17561,187349, 84.50, 0.00, 0.968, 0.000, 0.000020, 0.000006,0,0,0, 0.000030, 0.000022, 0.000021, 0.000014, 84.50, 0.968, 42.40, 0.956, 0.00, 0.000, 0.00, 0.000
17562,187360, 85.10, 0.00, 0.956, 0.000, 0.000020, 0.000008,0,0,0, 0.000030, 0.000023, 0.000022, 0.000013, 85.10, 0.956, 42.40, 0.939, 0.00, 0.000, 0.00, 0.000
17563,187370, 84.50, 0.00, 0.876, 0.000, 0.000019, 0.000007,0,0,0, 0.000030, 0.000021, 0.000022, 0.000013, 84.50, 0.876, 41.66, 0.836, 0.00, 0.000, 0.00, 0.000
17564,187381, 82.19, 0.00, 0.905, 0.000, 0.000020, 0.000011,0,0,0, 0.000030, 0.000018, 0.000023, 0.000014, 82.19, 0.905, 40.40, 0.885, 0.00, 0.000, 0.00, 0.000
17565,187392, 39.60, 0.00, 0.823, 0.000, 0.000020, 0.000007,0,0,0, 0.000030, 0.000022, 0.000022, 0.000013, 39.60, 0.823, 81.63, 0.802, 0.00, 0.000, 0.00, 0.000
17566,187402, 82.75, 0.00, 0.836, 0.000, 0.000020, 0.000009,0,0,0, 0.000030, 0.000021, 0.000023, 0.000013, 82.75, 0.836, 40.81, 0.799, 0.00, 0.000, 0.00, 0.000
17567,187413, 83.33, 0.00, 0.847, 0.000, 0.000020, 0.000008,0,0,0, 0.000030, 0.000021, 0.000022, 0.000013, 83.33, 0.847, 41.52, 0.779, 0.00, 0.000, 0.00, 0.000
17568,187424, 84.50, 0.00, 0.918, 0.000, 0.000019, 0.000005,0,0,0, 0.000030, 0.000021, 0.000021, 0.000013, 84.50, 0.918, 42.55, 0.869, 0.00, 0.000, 0.00, 0.000
17569,187434, 42.25, 0.00, 0.911, 0.000, 0.000020, 0.000008,0,0,0, 0.000030, 0.000024, 0.000022, 0.000013, 42.25, 0.911, 84.50, 0.863, 0.00, 0.000, 0.00, 0.000
17570,187445, 41.66, 0.00, 0.905, 0.000, 0.000020, 0.000010,0,0,0, 0.000030, 0.000023, 0.000022, 0.000013, 41.66, 0.905, 85.71, 0.879, 0.00, 0.000, 0.00, 0.000
17571,187456, 83.91, 0.00, 0.874, 0.000, 0.000019, 0.000007,0,0,0, 0.000030, 0.000022, 0.000021, 0.000013, 83.91, 0.874, 41.52, 0.841, 0.00, 0.000, 0.00, 0.000
17572,187466, 83.33, 0.00, 0.903, 0.000, 0.000020, 0.000010,0,0,0, 0.000030, 0.000019, 0.000022, 0.000013, 83.33, 0.903, 41.52, 0.834, 0.00, 0.000, 0.00, 0.000
17573,187477, 39.47, 0.00, 0.898, 0.000, 0.000019, 0.000007,0,0,0, 0.000030, 0.000020, 0.000022, 0.000013, 39.47, 0.898, 80.53, 0.799, 0.00, 0.000, 0.00, 0.000
17574,187488, 39.21, 0.00, 0.829, 0.000, 0.000019, 0.000008,0,0,0, 0.000030, 0.000021, 0.000022, 0.000013, 39.21, 0.829, 80.00, 0.792, 0.00, 0.000, 0.00, 0.000
17575,187498, 82.19, 0.00, 0.754, 0.000, 0.000019, 0.000006,0,0,0, 0.000030, 0.000019, 0.000022, 0.000012, 82.19, 0.754, 41.09, 0.730, 0.00, 0.000, 0.00, 0.000
17576,187509, 42.70, 0.00, 0.937, 0.000, 0.000019, 0.000006,0,0,0, 0.000030, 0.000022, 0.000022, 0.000014, 42.70, 0.937, 82.75, 0.859, 0.00, 0.000, 0.00, 0.000
17577,187520, 41.66, 0.00, 0.929, 0.000, 0.000019, 0.000005,0,0,0, 0.000030, 0.000022, 0.000021, 0.000014, 41.66, 0.929, 83.33, 0.883, 0.00, 0.000, 0.00, 0.000
17578,187530, 42.70, 0.00, 0.912, 0.000, 0.000020, 0.000008,0,0,0, 0.000030, 0.000023, 0.000022, 0.000013, 42.70, 0.912, 85.10, 0.905, 0.00, 0.000, 0.00, 0.000
17579,187541, 85.10, 0.00, 0.913, 0.000, 0.000020, 0.000011,0,0,0, 0.000030, 0.000024, 0.000023, 0.000012, 85.10, 0.913, 43.01, 0.902, 0.00, 0.000, 0.00, 0.000
17580,187552, 84.50, 0.00, 0.812, 0.000, 0.000020, 0.000008,0,0,0, 0.000030, 0.000020, 0.000022, 0.000014, 84.50, 0.812, 41.37, 0.747, 0.00, 0.000, 0.00, 0.000
17581,187562, 38.96, 0.00, 0.916, 0.000, 0.000019, 0.000005,0,0,0, 0.000030, 0.000020, 0.000020, 0.000013, 38.96, 0.916, 80.53, 0.798, 0.00, 0.000, 0.00, 0.000
17582,187573, 39.34, 0.00, 0.864, 0.000, 0.000019, 0.000009,0,0,0, 0.000030, 0.000021, 0.000022, 0.000013, 39.34, 0.864, 82.75, 0.795, 0.00, 0.000, 0.00, 0.000
17583,187584, 82.19, 0.00, 0.924, 0.000, 0.000019, 0.000009,0,0,0, 0.000030, 0.000021, 0.000022, 0.000012, 82.19, 0.924, 41.09, 0.901, 0.00, 0.000, 0.00, 0.000
17584,187594, 82.75, 0.00, 0.916, 0.000, 0.000019, 0.000006,0,0,0, 0.000030, 0.000021, 0.000021, 0.000013, 82.75, 0.916, 41.52, 0.872, 0.00, 0.000, 0.00, 0.000
17585,187605, 84.50, 0.00, 0.887, 0.000, 0.000019, 0.000005,0,0,0, 0.000030, 0.000021, 0.000022, 0.000013, 84.50, 0.887, 42.85, 0.854, 0.00, 0.000, 0.00, 0.000
17586,187616, 86.95, 0.00, 0.908, 0.000, 0.000019, 0.000007,0,0,0, 0.000030, 0.000022, 0.000022, 0.000014, 86.95, 0.908, 42.85, 0.892, 0.00, 0.000, 0.00, 0.000
17587,187626, 42.25, 0.00, 0.896, 0.000, 0.000020, 0.000009,0,0,0, 0.000030, 0.000023, 0.000022, 0.000013, 42.25, 0.896, 83.91, 0.885, 0.00, 0.000, 0.00, 0.000
17588,187637, 81.63, 0.00, 0.880, 0.000, 0.000019, 0.000006,0,0,0, 0.000030, 0.000021, 0.000021, 0.000013, 81.63, 0.880, 42.10, 0.819, 0.00, 0.000, 0.00, 0.000
17589,187648, 81.63, 0.00, 0.866, 0.000, 0.000020, 0.000012,0,0,0, 0.000030, 0.000018, 0.000023, 0.000013, 81.63, 0.866, 41.37, 0.825, 0.00, 0.000, 0.00, 0.000
17590,187658, 39.08, 0.00, 0.923, 0.000, 0.000020, 0.000008,0,0,0, 0.000030, 0.000021, 0.000022, 0.000013, 39.08, 0.923, 79.47, 0.721, 0.00, 0.000, 0.00, 0.000
17591,187669, 38.83, 0.00, 0.910, 0.000, 0.000020, 0.000007,0,0,0, 0.000030, 0.000019, 0.000022, 0.000012, 38.83, 0.910, 78.43, 0.680, 0.00, 0.000, 0.00, 0.000
17592,187680, 85.10, 0.00, 0.579, 0.000, 0.000019, 0.000005,0,0,0, 0.000030, 0.000022, 0.000021, 0.000014, 85.10, 0.579, 40.95, 0.427, 45.97, 0.373, 0.00, 0.000
17593,187690, 91.60, 0.00, 0.727, 0.000, 0.000020, 0.000013,0,0,0, 0.000030, 0.000026, 0.000023, 0.000012, 91.60, 0.727, 46.33, 0.711, 31.33, 0.512, 0.00, 0.000
17594,187701, 97.56, 0.00, 0.767, 0.000, 0.000020, 0.000014,0,0,0, 0.000030, 0.000026, 0.000024, 0.000011, 97.56, 0.767, 48.78, 0.534, 43.79, 0.533, 33.33, 0.504
17595,187712, 99.17, 0.00, 0.732, 0.000, 0.000020, 0.000010,0,0,0, 0.000030, 0.000024, 0.000021, 0.000013, 99.17, 0.732, 49.38, 0.616, 32.78, 0.304, 30.22, 0.267
17596,187722, 99.17, 0.00, 0.774, 0.000, 0.000019, 0.000007,0,0,0, 0.000030, 0.000020, 0.000020, 0.000014, 99.17, 0.774, 49.79, 0.571, 33.24, 0.476, 38.33, 0.313
17597,187733, 98.36, 0.00, 0.679, 0.000, 0.000019, 0.000006,0,0,0, 0.000030, 0.000021, 0.000021, 0.000013, 98.36, 0.679, 49.38, 0.441, 33.24, 0.342, 35.29, 0.242
17598,187744, 98.36, 0.00, 0.657, 0.000, 0.000019, 0.000011,0,0,0, 0.000030, 0.000026, 0.000023, 0.000011, 98.36, 0.657, 33.05, 0.466, 49.38, 0.455, 41.09, 0.325
17599,187754, 98.36, 0.00, 0.735, 0.000, 0.000020, 0.000013,0,0,0, 0.000030, 0.000026, 0.000024, 0.000011, 98.36, 0.735, 49.58, 0.481, 41.66, 0.458, 33.05, 0.394
17600,187765, 99.17, 0.00, 0.708, 0.000, 0.000020, 0.000012,0,0,0, 0.000030, 0.000022, 0.000025, 0.000014, 99.17, 0.708, 49.58, 0.593, 33.05, 0.252, 39.47, 0.170
17601,187776, 99.17, 0.00, 0.747, 0.000, 0.000019, 0.000008,0,0,0, 0.000030, 0.000020, 0.000020, 0.000013, 99.17, 0.747, 49.79, 0.590, 38.58, 0.564, 33.05, 0.471
17602,187786, 98.36, 0.00, 0.588, 0.000, 0.000019, 0.000007,0,0,0, 0.000030, 0.000023, 0.000021, 0.000013, 98.36, 0.588, 33.33, 0.503, 35.39, 0.466, 50.00, 0.292
17603,187797, 97.56, 0.00, 0.623, 0.000, 0.000020, 0.000014,0,0,0, 0.000030, 0.000025, 0.000023, 0.000012, 97.56, 0.623, 33.51, 0.430, 50.00, 0.246, 41.66, 0.116
17604,187808, 97.56, 0.00, 0.696, 0.000, 0.000021, 0.000015,0,0,0, 0.000030, 0.000025, 0.000024, 0.000012, 97.56, 0.696, 33.14, 0.499, 49.38, 0.455, 41.95, 0.264
17605,187818, 98.36, 0.00, 0.859, 0.000, 0.000021, 0.000014,0,0,0, 0.000030, 0.000025, 0.000024, 0.000012, 98.36, 0.859, 49.38, 0.779, 32.96, 0.661, 31.41, 0.599
17606,187829, 99.17, 0.00, 0.937, 0.000, 0.000021, 0.000010,0,0,0, 0.000030, 0.000024, 0.000023, 0.000012, 99.17, 0.937, 49.38, 0.904, 32.96, 0.856, 0.00, 0.000
17607,187840, 100.00, 0.00, 0.831, 0.000, 0.000020, 0.000008,0,0,0, 0.000030, 0.000024, 0.000023, 0.000012, 100.00, 0.831, 50.00, 0.829, 33.24, 0.811, 0.00, 0.000
17608,187850, 33.33, 0.00, 0.865, 0.000, 0.000020, 0.000008,0,0,0, 0.000030, 0.000024, 0.000023, 0.000013, 33.33, 0.865, 100.00, 0.791, 50.00, 0.754, 0.00, 0.000
17609,187861, 33.14, 0.00, 0.873, 0.000, 0.000020, 0.000013,0,0,0, 0.000030, 0.000026, 0.000024, 0.000012, 33.14, 0.873, 99.17, 0.781, 49.79, 0.727, 0.00, 0.000
17610,187872, 98.36, 0.00, 0.906, 0.000, 0.000021, 0.000013,0,0,0, 0.000030, 0.000026, 0.000024, 0.000012, 98.36, 0.906, 49.38, 0.798, 32.87, 0.770, 0.00, 0.000
17611,187882, 99.17, 0.00, 0.863, 0.000, 0.000020, 0.000009,0,0,0, 0.000030, 0.000024, 0.000022, 0.000013, 99.17, 0.863, 49.38, 0.776, 32.96, 0.600, 0.00, 0.000
17612,187893, 98.36, 0.00, 0.861, 0.000, 0.000019, 0.000006,0,0,0, 0.000030, 0.000023, 0.000020, 0.000013, 98.36, 0.861, 49.38, 0.672, 33.05, 0.610, 196.72, 0.251
17613,187904, 99.17, 0.00, 0.808, 0.000, 0.000019, 0.000006,0,0,0, 0.000030, 0.000025, 0.000021, 0.000013, 99.17, 0.808, 49.38, 0.673, 33.24, 0.636, 65.57, 0.410
17614,187914, 99.17, 0.00, 0.846, 0.000, 0.000019, 0.000010,0,0,0, 0.000030, 0.000025, 0.000023, 0.000012, 99.17, 0.846, 49.58, 0.644, 33.24, 0.481, 64.17, 0.289
17615,187925, 99.17, 0.00, 0.853, 0.000, 0.000020, 0.000013,0,0,0, 0.000030, 0.000026, 0.000024, 0.000011, 99.17, 0.853, 49.58, 0.679, 33.14, 0.537, 38.83, 0.252
17616,187936, 99.17, 0.00, 0.834, 0.000, 0.000020, 0.000012,0,0,0, 0.000030, 0.000025, 0.000024, 0.000013, 99.17, 0.834, 49.38, 0.782, 32.96, 0.658, 38.83, 0.053
17617,187946, 98.36, 0.00, 0.870, 0.000, 0.000020, 0.000008,0,0,0, 0.000030, 0.000023, 0.000022, 0.000013, 98.36, 0.870, 49.38, 0.698, 32.96, 0.599, 39.08, 0.197
17618,187957, 98.36, 0.00, 0.837, 0.000, 0.000019, 0.000005,0,0,0, 0.000030, 0.000022, 0.000020, 0.000013, 98.36, 0.837, 49.38, 0.667, 33.14, 0.596, 65.21, 0.358
17619,187968, 99.17, 0.00, 0.776, 0.000, 0.000018, 0.000014,0,0,0, 0.000030, 0.000025, 0.000022, 0.000011, 99.17, 0.776, 33.42, 0.615, 49.79, 0.597, 65.57, 0.376
17620,187978, 99.17, 0.00, 0.785, 0.000, 0.000020, 0.000017,0,0,0, 0.000030, 0.000025, 0.000024, 0.000012, 99.17, 0.785, 33.33, 0.669, 49.79, 0.557, 65.93, 0.173
17621,187989, 98.36, 0.00, 0.834, 0.000, 0.000021, 0.000015,0,0,0, 0.000030, 0.000025, 0.000024, 0.000012, 98.36, 0.834, 49.38, 0.743, 32.96, 0.625, 31.25, 0.084
17622,188000, 98.36, 0.00, 0.908, 0.000, 0.000020, 0.000010,0,0,0, 0.000030, 0.000023, 0.000022, 0.000013, 98.36, 0.908, 49.18, 0.863, 32.78, 0.786, 0.00, 0.000
17623,188010, 99.17, 0.00, 0.914, 0.000, 0.000020, 0.000007,0,0,0, 0.000030, 0.000023, 0.000021, 0.000013, 99.17, 0.914, 32.96, 0.792, 49.58, 0.789, 40.40, 0.133
17624,188021, 33.33, 0.00, 0.921, 0.000, 0.000020, 0.000011,0,0,0, 0.000030, 0.000025, 0.000023, 0.000012, 33.33, 0.921, 99.17, 0.791, 50.00, 0.736, 67.79, 0.238
17625,188032, 99.17, 0.00, 0.817, 0.000, 0.000020, 0.000013,0,0,0, 0.000030, 0.000025, 0.000024, 0.000012, 99.17, 0.817, 33.24, 0.777, 50.00, 0.693, 40.95, 0.104
17626,188042, 99.17, 0.00, 0.809, 0.000, 0.000021, 0.000013,0,0,0, 0.000030, 0.000026, 0.000024, 0.000012, 99.17, 0.809, 49.58, 0.766, 33.05, 0.753, 0.00, 0.000
17627,188053, 98.36, 0.00, 0.936, 0.000, 0.000020, 0.000010,0,0,0, 0.000030, 0.000026, 0.000024, 0.000012, 98.36, 0.936, 49.18, 0.911, 32.87, 0.869, 0.00, 0.000
17628,188064, 98.36, 0.00, 0.890, 0.000, 0.000020, 0.000007,0,0,0, 0.000030, 0.000024, 0.000021, 0.000013, 98.36, 0.890, 49.38, 0.779, 32.96, 0.641, 39.34, 0.061
17629,188074, 98.36, 0.00, 0.891, 0.000, 0.000019, 0.000005,0,0,0, 0.000030, 0.000023, 0.000021, 0.000013, 98.36, 0.891, 49.58, 0.719, 33.14, 0.713, 65.93, 0.358
17630,188085, 99.17, 0.00, 0.876, 0.000, 0.000019, 0.000005,0,0,0, 0.000030, 0.000024, 0.000021, 0.000013, 99.17, 0.876, 49.58, 0.781, 33.14, 0.716, 196.72, 0.478
17631,188096, 99.17, 0.00, 0.917, 0.000, 0.000019, 0.000012,0,0,0, 0.000030, 0.000026, 0.000023, 0.000012, 99.17, 0.917, 49.58, 0.775, 33.05, 0.632, 64.17, 0.406
17632,188106, 99.17, 0.00, 0.903, 0.000, 0.000020, 0.000012,0,0,0, 0.000030, 0.000025, 0.000024, 0.000012, 99.17, 0.903, 49.58, 0.790, 33.14, 0.718, 38.70, 0.359
17633,188117, 99.17, 0.00, 0.877, 0.000, 0.000020, 0.000008,0,0,0, 0.000030, 0.000024, 0.000023, 0.000013, 99.17, 0.877, 49.58, 0.781, 33.14, 0.755, 39.34, 0.324
17634,188128, 99.17, 0.00, 0.901, 0.000, 0.000019, 0.000006,0,0,0, 0.000030, 0.000023, 0.000021, 0.000013, 99.17, 0.901, 49.58, 0.759, 33.05, 0.675, 39.47, 0.427
17635,188138, 99.17, 0.00, 0.898, 0.000, 0.000018, 0.000004,0,0,0, 0.000030, 0.000024, 0.000019, 0.000013, 99.17, 0.898, 49.79, 0.852, 33.14, 0.836, 65.93, 0.604
17636,188149, 100.00, 0.00, 0.893, 0.000, 0.000019, 0.000013,0,0,0, 0.000030, 0.000024, 0.000022, 0.000012, 100.00, 0.893, 49.79, 0.825, 33.33, 0.823, 66.29, 0.623
17637,188160, 99.17, 0.00, 0.881, 0.000, 0.000020, 0.000017,0,0,0, 0.000030, 0.000025, 0.000024, 0.000012, 99.17, 0.881, 49.79, 0.729, 33.24, 0.657, 40.54, 0.398
17638,188170, 33.05, 0.00, 0.869, 0.000, 0.000020, 0.000011,0,0,0, 0.000030, 0.000024, 0.000022, 0.000013, 33.05, 0.869, 99.17, 0.863, 49.58, 0.815, 40.26, 0.221
17639,188181, 99.17, 0.00, 0.888, 0.000, 0.000020, 0.000008,0,0,0, 0.000030, 0.000022, 0.000021, 0.000013, 99.17, 0.888, 32.87, 0.886, 49.38, 0.846, 40.40, 0.169
17640,188192, 99.17, 0.00, 0.908, 0.000, 0.000019, 0.000005,0,0,0, 0.000030, 0.000023, 0.000020, 0.000013, 99.17, 0.908, 49.58, 0.828, 33.14, 0.798, 66.66, 0.326
17641,188202, 99.17, 0.00, 0.916, 0.000, 0.000019, 0.000009,0,0,0, 0.000030, 0.000024, 0.000022, 0.000013, 99.17, 0.916, 33.14, 0.907, 49.79, 0.887, 67.79, 0.472
17642,188213, 99.17, 0.00, 0.895, 0.000, 0.000020, 0.000015,0,0,0, 0.000030, 0.000026, 0.000024, 0.000012, 99.17, 0.895, 49.79, 0.804, 33.24, 0.751, 40.54, 0.336
17643,188224, 99.17, 0.00, 0.902, 0.000, 0.000020, 0.000013,0,0,0, 0.000030, 0.000026, 0.000024, 0.000012, 99.17, 0.902, 49.58, 0.785, 32.96, 0.781, 40.26, 0.198
17644,188234, 98.36, 0.00, 0.900, 0.000, 0.000020, 0.000009,0,0,0, 0.000030, 0.000025, 0.000022, 0.000012, 98.36, 0.900, 33.05, 0.846, 49.38, 0.844, 39.60, 0.066
17645,188245, 99.17, 0.00, 0.901, 0.000, 0.000019, 0.000006,0,0,0, 0.000030, 0.000023, 0.000020, 0.000013, 99.17, 0.901, 49.79, 0.746, 33.05, 0.631, 39.60, 0.201
17646,188256, 99.17, 0.00, 0.894, 0.000, 0.000019, 0.000004,0,0,0, 0.000030, 0.000023, 0.000020, 0.000014, 99.17, 0.894, 49.58, 0.755, 33.05, 0.716, 65.93, 0.490
17647,188266, 99.17, 0.00, 0.916, 0.000, 0.000018, 0.000005,0,0,0, 0.000030, 0.000023, 0.000020, 0.000013, 99.17, 0.916, 49.58, 0.849, 32.96, 0.814, 65.93, 0.612
17648,188277, 99.17, 0.00, 0.952, 0.000, 0.000019, 0.000008,0,0,0, 0.000030, 0.000024, 0.000022, 0.000013, 99.17, 0.952, 49.58, 0.865, 33.05, 0.775, 39.08, 0.567
17649,188288, 99.17, 0.00, 0.941, 0.000, 0.000019, 0.000008,0,0,0, 0.000030, 0.000023, 0.000022, 0.000013, 99.17, 0.941, 33.14, 0.892, 49.58, 0.880, 39.21, 0.516
17650,188298, 99.17, 0.00, 0.940, 0.000, 0.000018, 0.000006,0,0,0, 0.000030, 0.000023, 0.000020, 0.000013, 99.17, 0.940, 33.05, 0.869, 49.58, 0.860, 39.47, 0.505
17651,188309, 99.17, 0.00, 0.950, 0.000, 0.000018, 0.000004,0,0,0, 0.000030, 0.000023, 0.000020, 0.000013, 99.17, 0.950, 49.58, 0.893, 33.05, 0.830, 66.29, 0.550
17652,188320, 99.17, 0.00, 0.965, 0.000, 0.000018, 0.000003,0,0,0, 0.000030, 0.000024, 0.000020, 0.000013, 99.17, 0.965, 33.05, 0.929, 49.58, 0.927, 65.93, 0.693
17653,188330, 99.17, 0.00, 0.952, 0.000, 0.000018, 0.000011,0,0,0, 0.000030, 0.000023, 0.000021, 0.000013, 99.17, 0.952, 49.79, 0.897, 33.33, 0.878, 200.00, 0.636
17654,188341, 99.17, 0.00, 0.950, 0.000, 0.000019, 0.000009,0,0,0, 0.000030, 0.000023, 0.000021, 0.000014, 99.17, 0.950, 49.79, 0.886, 33.14, 0.872, 40.26, 0.551
17655,188352, 99.17, 0.00, 0.955, 0.000, 0.000019, 0.000007,0,0,0, 0.000030, 0.000022, 0.000021, 0.000014, 99.17, 0.955, 49.58, 0.913, 33.05, 0.901, 40.13, 0.474
17656,188362, 99.17, 0.00, 0.964, 0.000, 0.000019, 0.000005,0,0,0, 0.000030, 0.000022, 0.000020, 0.000014, 99.17, 0.964, 49.58, 0.926, 32.96, 0.923, 40.00, 0.414
17657,188373, 99.17, 0.00, 0.971, 0.000, 0.000018, 0.000006,0,0,0, 0.000030, 0.000022, 0.000020, 0.000013, 99.17, 0.971, 33.14, 0.956, 49.79, 0.942, 66.66, 0.481
17658,188384, 99.17, 0.00, 0.944, 0.000, 0.000019, 0.000010,0,0,0, 0.000030, 0.000024, 0.000022, 0.000013, 99.17, 0.944, 49.79, 0.905, 33.14, 0.892, 67.41, 0.474
17659,188394, 99.17, 0.00, 0.940, 0.000, 0.000019, 0.000011,0,0,0, 0.000030, 0.000024, 0.000022, 0.000013, 99.17, 0.940, 49.79, 0.844, 33.14, 0.818, 40.40, 0.373
17660,188405, 99.17, 0.00, 0.926, 0.000, 0.000019, 0.000008,0,0,0, 0.000030, 0.000024, 0.000022, 0.000013, 99.17, 0.926, 32.96, 0.899, 49.58, 0.861, 40.13, 0.295
17661,188416, 99.17, 0.00, 0.926, 0.000, 0.000019, 0.000005,0,0,0, 0.000030, 0.000023, 0.000020, 0.000013, 99.17, 0.926, 49.38, 0.848, 32.96, 0.832, 39.60, 0.288
17662,188426, 99.17, 0.00, 0.933, 0.000, 0.000018, 0.000004,0,0,0, 0.000030, 0.000022, 0.000020, 0.000013, 99.17, 0.933, 49.58, 0.829, 33.33, 0.752, 66.29, 0.395
17663,188437, 99.17, 0.00, 0.943, 0.000, 0.000018, 0.000004,0,0,0, 0.000030, 0.000022, 0.000020, 0.000014, 99.17, 0.943, 49.58, 0.880, 33.14, 0.855, 65.93, 0.543
17664,188448, 99.17, 0.00, 0.962, 0.000, 0.000018, 0.000006,0,0,0, 0.000030, 0.000023, 0.000020, 0.000013, 99.17, 0.962, 49.58, 0.910, 33.05, 0.864, 65.57, 0.573
17665,188458, 99.17, 0.00, 0.964, 0.000, 0.000018, 0.000008,0,0,0, 0.000030, 0.000023, 0.000021, 0.000013, 99.17, 0.964, 49.58, 0.916, 33.05, 0.862, 39.08, 0.527
17666,188469, 99.17, 0.00, 0.966, 0.000, 0.000018, 0.000006,0,0,0, 0.000030, 0.000023, 0.000021, 0.000013, 99.17, 0.966, 33.14, 0.935, 49.58, 0.929, 39.34, 0.446
17667,188480, 99.17, 0.00, 0.955, 0.000, 0.000018, 0.000005,0,0,0, 0.000030, 0.000023, 0.000020, 0.000013, 99.17, 0.955, 49.58, 0.897, 33.05, 0.865, 39.73, 0.445
17668,188490, 99.17, 0.00, 0.960, 0.000, 0.000018, 0.000003,0,0,0, 0.000030, 0.000023, 0.000019, 0.000013, 99.17, 0.960, 49.58, 0.900, 33.05, 0.875, 39.73, 0.541
17669,188501, 99.17, 0.00, 0.942, 0.000, 0.000017, 0.000003,0,0,0, 0.000030, 0.000024, 0.000019, 0.000013, 99.17, 0.942, 33.14, 0.920, 49.79, 0.904, 66.29, 0.646
17670,188512, 99.17, 0.00, 0.947, 0.000, 0.000018, 0.000011,0,0,0, 0.000030, 0.000023, 0.000021, 0.000013, 99.17, 0.947, 50.00, 0.876, 33.33, 0.858, 67.03, 0.595
17671,188522, 99.17, 0.00, 0.945, 0.000, 0.000019, 0.000009,0,0,0, 0.000030, 0.000023, 0.000021, 0.000014, 99.17, 0.945, 49.58, 0.882, 33.05, 0.855, 40.13, 0.522
17672,188533, 99.17, 0.00, 0.965, 0.000, 0.000019, 0.000006,0,0,0, 0.000030, 0.000022, 0.000020, 0.000014, 99.17, 0.965, 32.96, 0.933, 49.38, 0.928, 40.00, 0.432
17673,188544, 99.17, 0.00, 0.972, 0.000, 0.000018, 0.000004,0,0,0, 0.000030, 0.000021, 0.000019, 0.000014, 99.17, 0.972, 49.38, 0.933, 32.96, 0.924, 39.86, 0.396
17674,188554, 99.17, 0.00, 0.967, 0.000, 0.000018, 0.000006,0,0,0, 0.000030, 0.000022, 0.000020, 0.000013, 99.17, 0.967, 33.14, 0.940, 49.58, 0.935, 67.03, 0.470
17675,188565, 99.17, 0.00, 0.959, 0.000, 0.000018, 0.000009,0,0,0, 0.000030, 0.000024, 0.000021, 0.000013, 99.17, 0.959, 33.24, 0.929, 49.79, 0.914, 67.41, 0.455
17676,188576, 99.17, 0.00, 0.949, 0.000, 0.000019, 0.000010,0,0,0, 0.000030, 0.000024, 0.000022, 0.000013, 99.17, 0.949, 49.58, 0.885, 33.14, 0.849, 40.40, 0.366
17677,188586, 99.17, 0.00, 0.954, 0.000, 0.000019, 0.000007,0,0,0, 0.000030, 0.000023, 0.000021, 0.000013, 99.17, 0.954, 49.58, 0.903, 32.96, 0.885, 40.13, 0.321
17678,188597, 99.17, 0.00, 0.942, 0.000, 0.000018, 0.000005,0,0,0, 0.000030, 0.000022, 0.000020, 0.000013, 99.17, 0.942, 49.38, 0.870, 32.96, 0.859, 39.73, 0.356
17679,188608, 99.17, 0.00, 0.951, 0.000, 0.000018, 0.000003,0,0,0, 0.000030, 0.000022, 0.000019, 0.000014, 99.17, 0.951, 49.58, 0.869, 33.24, 0.839, 39.73, 0.431
17680,188618, 99.17, 0.00, 0.951, 0.000, 0.000018, 0.000004,0,0,0, 0.000030, 0.000022, 0.000019, 0.000014, 99.17, 0.951, 49.58, 0.889, 33.14, 0.859, 65.93, 0.546
17681,188629, 99.17, 0.00, 0.961, 0.000, 0.000018, 0.000007,0,0,0, 0.000030, 0.000023, 0.000020, 0.000013, 99.17, 0.961, 49.58, 0.899, 33.05, 0.877, 65.57, 0.549
17682,188640, 99.17, 0.00, 0.963, 0.000, 0.000018, 0.000007,0,0,0, 0.000030, 0.000023, 0.000021, 0.000013, 99.17, 0.963, 49.58, 0.913, 33.05, 0.881, 39.21, 0.502
17683,188650, 99.17, 0.00, 0.964, 0.000, 0.000018, 0.000005,0,0,0, 0.000030, 0.000022, 0.000020, 0.000013, 99.17, 0.964, 49.58, 0.917, 33.05, 0.901, 39.47, 0.420
17684,188661, 99.17, 0.00, 0.962, 0.000, 0.000018, 0.000004,0,0,0, 0.000030, 0.000023, 0.000019, 0.000013, 99.17, 0.962, 49.58, 0.905, 33.05, 0.879, 39.73, 0.428
17685,188672, 99.17, 0.00, 0.904, 0.000, 0.000018, 0.000008,0,0,0, 0.000030, 0.000019, 0.000020, 0.000013, 99.17, 0.904, 49.79, 0.840, 33.05, 0.748, 66.66, 0.446
17686,188682, 99.17, 0.00, 0.448, 0.000, 0.000020, 0.000023,0,0,0, 0.000030, 0.000027, 0.000025, 0.000011, 99.17, 0.448, 200.00, 0.355, 30.22, 0.350, 69.36, 0.316
17687,188693, 35.71, 0.00, 0.422, 0.000, 0.000020, 0.000016,0,0,0, 0.000030, 0.000021, 0.000021, 0.000014, 35.71, 0.422, 70.17, 0.328, 99.17, 0.275, 56.33, 0.057
17688,188704, 35.71, 0.00, 0.682, 0.000, 0.000020, 0.000011,0,0,0, 0.000030, 0.000019, 0.000022, 0.000013, 35.71, 0.682, 81.08, 0.317, 41.09, 0.084, 0.00, 0.000
17689,188714, 82.75, 0.00, 0.671, 0.000, 0.000020, 0.000012,0,0,0, 0.000030, 0.000016, 0.000024, 0.000012, 82.75, 0.671, 41.23, 0.516, 45.45, 0.370, 38.96, 0.337
17690,188725, 81.63, 0.00, 0.608, 0.000, 0.000020, 0.000014,0,0,0, 0.000030, 0.000015, 0.000024, 0.000012, 81.63, 0.608, 38.70, 0.444, 41.37, 0.435, 35.60, 0.059
17691,188736, 38.09, 0.00, 0.717, 0.000, 0.000020, 0.000010,0,0,0, 0.000030, 0.000022, 0.000020, 0.000014, 38.09, 0.717, 95.23, 0.359, 81.08, 0.350, 70.17, 0.250
17692,188746, 41.23, 0.00, 0.527, 0.000, 0.000019, 0.000008,0,0,0, 0.000030, 0.000019, 0.000022, 0.000012, 41.23, 0.527, 38.83, 0.467, 79.47, 0.409, 93.02, 0.374
17693,188757, 41.81, 0.00, 0.713, 0.000, 0.000020, 0.000009,0,0,0, 0.000030, 0.000018, 0.000023, 0.000013, 41.81, 0.713, 81.08, 0.529, 88.23, 0.490, 0.00, 0.000
17694,188768, 41.37, 0.00, 0.921, 0.000, 0.000020, 0.000006,0,0,0, 0.000030, 0.000022, 0.000022, 0.000014, 41.37, 0.921, 85.10, 0.643, 0.00, 0.000, 0.00, 0.000
17695,188778, 90.22, 0.00, 0.684, 0.000, 0.000019, 0.000006,0,0,0, 0.000030, 0.000022, 0.000021, 0.000013, 90.22, 0.684, 44.44, 0.654, 0.00, 0.000, 0.00, 0.000
17696,188789, 90.90, 0.00, 0.756, 0.000, 0.000020, 0.000014,0,0,0, 0.000030, 0.000026, 0.000023, 0.000011, 90.90, 0.756, 44.94, 0.745, 31.00, 0.561, 0.00, 0.000
17697,188800, 40.40, 0.00, 0.577, 0.000, 0.000020, 0.000010,0,0,0, 0.000030, 0.000017, 0.000023, 0.000014, 40.40, 0.577, 89.55, 0.565, 0.00, 0.000, 0.00, 0.000
17698,188810, 37.97, 0.00, 0.843, 0.000, 0.000020, 0.000009,0,0,0, 0.000030, 0.000018, 0.000023, 0.000013, 37.97, 0.843, 85.71, 0.568, 0.00, 0.000, 0.00, 0.000
17699,188821, 38.33, 0.00, 0.737, 0.000, 0.000019, 0.000006,0,0,0, 0.000030, 0.000013, 0.000020, 0.000010, 38.33, 0.737, 40.13, 0.732, 81.63, 0.532, 0.00, 0.000
17700,188832, 39.34, 0.00, 0.951, 0.000, 0.000020, 0.000012,0,0,0, 0.000030, 0.000018, 0.000024, 0.000013, 39.34, 0.951, 79.47, 0.659, 0.00, 0.000, 0.00, 0.000
17701,188842, 40.00, 0.00, 0.931, 0.000, 0.000020, 0.000008,0,0,0, 0.000030, 0.000022, 0.000022, 0.000014, 40.00, 0.931, 81.08, 0.601, 0.00, 0.000, 0.00, 0.000
17702,188853, 84.50, 0.00, 0.696, 0.000, 0.000019, 0.000006,0,0,0, 0.000030, 0.000021, 0.000021, 0.000013, 84.50, 0.696, 43.63, 0.636, 0.00, 0.000, 0.00, 0.000
17703,188864, 43.47, 0.00, 0.821, 0.000, 0.000020, 0.000010,0,0,0, 0.000030, 0.000024, 0.000023, 0.000013, 43.47, 0.821, 85.71, 0.793, 30.37, 0.572, 0.00, 0.000
17704,188874, 41.09, 0.00, 0.943, 0.000, 0.000020, 0.000007,0,0,0, 0.000030, 0.000022, 0.000021, 0.000013, 41.09, 0.943, 86.33, 0.773, 0.00, 0.000, 0.00, 0.000
17705,188885, 41.09, 0.00, 0.825, 0.000, 0.000019, 0.000011,0,0,0, 0.000030, 0.000023, 0.000022, 0.000012, 41.09, 0.825, 87.59, 0.745, 0.00, 0.000, 0.00, 0.000
17706,188896, 88.88, 0.00, 0.574, 0.000, 0.000019, 0.000007,0,0,0, 0.000030, 0.000018, 0.000022, 0.000014, 88.88, 0.574, 30.15, 0.386, 44.11, 0.364, 0.00, 0.000
17707,188906, 38.21, 0.00, 0.484, 0.000, 0.000019, 0.000005,0,0,0, 0.000030, 0.000023, 0.000020, 0.000014, 38.21, 0.484, 122.44, 0.413, 56.87, 0.099, 62.82, 0.058
17708,188917, 38.83, 0.00, 0.764, 0.000, 0.000019, 0.000010,0,0,0, 0.000030, 0.000019, 0.000022, 0.000012, 38.83, 0.764, 56.60, 0.356, 122.44, 0.326, 0.00, 0.000
17709,188928, 33.51, 0.00, 0.393, 0.000, 0.000019, 0.000007,0,0,0, 0.000030, 0.000020, 0.000021, 0.000013, 33.51, 0.393, 78.43, 0.210, 121.21, 0.176, 85.71, 0.163
17710,188938, 83.33, 0.00, 0.489, 0.000, 0.000020, 0.000013,0,0,0, 0.000030, 0.000025, 0.000024, 0.000012, 83.33, 0.489, 36.92, 0.277, 43.79, 0.185, 0.00, 0.000
17711,188949, 41.52, 0.00, 0.348, 0.000, 0.000021, 0.000021,0,0,0, 0.000030, 0.000025, 0.000026, 0.000011, 41.52, 0.348, 84.50, 0.152, 0.00, 0.000, 0.00, 0.000
17712,188960, 49.79, 0.00, 0.267, 0.000, 0.000020, 0.000015,0,0,0, 0.000030, 0.000013, 0.000018, 0.000011, 49.79, 0.267, 41.66, 0.217, 0.00, 0.000, 0.00, 0.000
17713,188970, 33.24, 0.00, 0.999, 0.000, 0.000020, 0.000010,0,0,0, 0.000030, 0.000028, 0.000024, 0.000012, 33.24, 0.999, 100.84, 0.065, 142.85, 0.043, 49.79, 0.001
17714,188981, 34.68, 0.00, 0.771, 0.000, 0.000021, 0.000016,0,0,0, 0.000030, 0.000018, 0.000026, 0.000012, 34.68, 0.771, 46.33, 0.299, 100.84, 0.000, 0.00, 0.000
17715,188992, 45.97, 0.00, 0.640, 0.000, 0.000020, 0.000011,0,0,0, 0.000030, 0.000025, 0.000023, 0.000012, 45.97, 0.640, 39.34, 0.282, 30.30, 0.184, 0.00, 0.000
17716,189002, 43.16, 0.00, 0.820, 0.000, 0.000021, 0.000008,0,0,0, 0.000030, 0.000020, 0.000023, 0.000013, 43.16, 0.820, 31.08, 0.150, 0.00, 0.000, 0.00, 0.000
17717,189013, 43.32, 0.00, 0.549, 0.000, 0.000020, 0.000005,0,0,0, 0.000030, 0.000025, 0.000021, 0.000012, 43.32, 0.549, 59.11, 0.022, 0.00, 0.000, 0.00, 0.000
17718,189024, 51.94, 0.00, 0.717, 0.000, 0.000020, 0.000009,0,0,0, 0.000030, 0.000017, 0.000023, 0.000011, 51.94, 0.717, 36.14, 0.209, 104.34, 0.125, 38.83, 0.043
17719,189034, 48.78, 0.00, 0.553, 0.000, 0.000021, 0.000011,0,0,0, 0.000030, 0.000026, 0.000023, 0.000013, 48.78, 0.553, 52.17, 0.522, 31.25, 0.300, 44.11, 0.244
17720,189045, 46.87, 0.00, 0.493, 0.000, 0.000019, 0.000008,0,0,0, 0.000030, 0.000012, 0.000020, 0.000012, 46.87, 0.493, 43.63, 0.470, 30.76, 0.197, 39.86, 0.169
17721,189056, 46.51, 0.00, 0.571, 0.000, 0.000020, 0.000010,0,0,0, 0.000030, 0.000021, 0.000024, 0.000014, 46.51, 0.571, 54.54, 0.364, 84.50, 0.029, 0.00, 0.000
17722,189066, 48.19, 0.00, 0.569, 0.000, 0.000019, 0.000007,0,0,0, 0.000030, 0.000018, 0.000021, 0.000013, 48.19, 0.569, 31.08, 0.504, 91.60, 0.305, 0.00, 0.000
17723,189077, 46.33, 0.00, 0.729, 0.000, 0.000019, 0.000007,0,0,0, 0.000030, 0.000021, 0.000022, 0.000014, 46.33, 0.729, 94.48, 0.578, 32.25, 0.315, 0.00, 0.000
17724,189088, 47.24, 0.00, 0.804, 0.000, 0.000018, 0.000005,0,0,0, 0.000030, 0.000019, 0.000019, 0.000012, 47.24, 0.804, 31.91, 0.772, 96.77, 0.713, 0.00, 0.000
17725,189098, 99.17, 0.00, 0.518, 0.000, 0.000019, 0.000011,0,0,0, 0.000030, 0.000023, 0.000023, 0.000014, 99.17, 0.518, 48.00, 0.476, 32.52, 0.224, 0.00, 0.000
17726,189109, 43.32, 0.00, 0.348, 0.000, 0.000018, 0.000007,0,0,0, 0.000030, 0.000012, 0.000018, 0.000011, 43.32, 0.348, 45.80, 0.339, 96.77, 0.280, 30.53, 0.249
17727,189120, 30.84, 0.00, 0.756, 0.000, 0.000020, 0.000013,0,0,0, 0.000030, 0.000021, 0.000024, 0.000014, 30.84, 0.756, 48.38, 0.331, 62.82, 0.310, 43.32, 0.135
17728,189130, 30.30, 0.00, 0.680, 0.000, 0.000019, 0.000009,0,0,0, 0.000030, 0.000027, 0.000022, 0.000011, 30.30, 0.680, 60.30, 0.209, 86.33, 0.207, 48.19, 0.169
17729,189141, 30.69, 0.00, 0.576, 0.000, 0.000020, 0.000017,0,0,0, 0.000030, 0.000020, 0.000024, 0.000012, 30.69, 0.576, 30.22, 0.560, 46.87, 0.298, 52.63, 0.161
17730,189152, 31.16, 0.00, 0.930, 0.000, 0.000019, 0.000012,0,0,0, 0.000030, 0.000020, 0.000021, 0.000013, 31.16, 0.930, 50.00, 0.577, 84.50, 0.232, 65.21, 0.043
17731,189162, 31.83, 0.00, 0.450, 0.000, 0.000019, 0.000008,0,0,0, 0.000030, 0.000016, 0.000022, 0.000012, 31.83, 0.450, 48.00, 0.443, 92.30, 0.362, 0.00, 0.000
17732,189173, 96.00, 0.00, 0.713, 0.000, 0.000019, 0.000010,0,0,0, 0.000030, 0.000015, 0.000024, 0.000012, 96.00, 0.713, 46.33, 0.676, 31.66, 0.638, 0.00, 0.000
17733,189184, 95.23, 0.00, 0.819, 0.000, 0.000020, 0.000011,0,0,0, 0.000030, 0.000017, 0.000024, 0.000013, 95.23, 0.819, 31.66, 0.810, 47.43, 0.803, 0.00, 0.000
17734,189194, 31.00, 0.00, 0.832, 0.000, 0.000020, 0.000009,0,0,0, 0.000030, 0.000019, 0.000024, 0.000013, 31.00, 0.832, 93.02, 0.829, 46.69, 0.787, 0.00, 0.000
17735,189205, 46.15, 0.00, 0.853, 0.000, 0.000019, 0.000006,0,0,0, 0.000030, 0.000018, 0.000022, 0.000013, 46.15, 0.853, 31.00, 0.844, 93.02, 0.828, 0.00, 0.000
17736,189216, 46.69, 0.00, 0.790, 0.000, 0.000020, 0.000008,0,0,0, 0.000030, 0.000024, 0.000022, 0.000014, 46.69, 0.790, 95.23, 0.723, 31.57, 0.586, 0.00, 0.000
17737,189226, 31.16, 0.00, 0.837, 0.000, 0.000020, 0.000005,0,0,0, 0.000030, 0.000022, 0.000021, 0.000013, 31.16, 0.837, 97.56, 0.758, 47.05, 0.699, 44.28, 0.691
17738,189237, 31.25, 0.00, 0.951, 0.000, 0.000019, 0.000004,0,0,0, 0.000030, 0.000017, 0.000020, 0.000012, 31.25, 0.951, 93.75, 0.673, 45.80, 0.639, 0.00, 0.000
17739,189248, 31.08, 0.00, 0.658, 0.000, 0.000019, 0.000010,0,0,0, 0.000030, 0.000028, 0.000023, 0.000011, 31.08, 0.658, 96.00, 0.616, 46.87, 0.465, 0.00, 0.000
17740,189258, 98.36, 0.00, 0.389, 0.000, 0.000021, 0.000026,0,0,0, 0.000030, 0.000027, 0.000026, 0.000010, 98.36, 0.389, 40.67, 0.384, 47.05, 0.369, 0.00, 0.000
17741,189269, 40.54, 0.00, 0.360, 0.000, 0.000019, 0.000018,0,0,0, 0.000000, 0.000000, 0.000018, 0.000008, 40.54, 0.360, 98.36, 0.156, 0.00, 0.000, 0.00, 0.000
17742,189280, 31.49, 0.00, 0.618, 0.000, 0.000021, 0.000014,0,0,0, 0.000030, 0.000021, 0.000026, 0.000015, 31.49, 0.618, 51.72, 0.025, 0.00, 0.000, 0.00, 0.000
17743,189290, 51.28, 0.00, 0.647, 0.000, 0.000020, 0.000021,0,0,0, 0.000030, 0.000007, 0.000026, 0.000006, 51.28, 0.647, 0.00, 0.000, 0.00, 0.000, 0.00, 0.000
17744,189301, 50.20, 0.00, 0.965, 0.000, 0.000020, 0.000015,0,0,0, 0.000030, 0.000020, 0.000025, 0.000014, 50.20, 0.965, 0.00, 0.000, 0.00, 0.000, 0.00, 0.000
17745,189312, 50.42, 0.00, 0.852, 0.000, 0.000021, 0.000013,0,0,0, 0.000030, 0.000018, 0.000024, 0.000012, 50.42, 0.852, 0.00, 0.000, 0.00, 0.000, 0.00, 0.000
17746,189322, 52.17, 0.00, 0.790, 0.000, 0.000019, 0.000009,0,0,0, 0.000030, 0.000015, 0.000020, 0.000011, 52.17, 0.790, 0.00, 0.000, 0.00, 0.000, 0.00, 0.000
17747,189333, 52.40, 0.00, 0.908, 0.000, 0.000021, 0.000019,0,0,0, 0.000030, 0.000020, 0.000026, 0.000012, 52.40, 0.908, 0.00, 0.000, 0.00, 0.000, 0.00, 0.000
17748,189344, 52.40, 0.00, 0.856, 0.000, 0.000019, 0.000013,0,0,0, 0.000030, 0.000008, 0.000020, 0.000010, 52.40, 0.856, 32.87, 0.257, 0.00, 0.000, 0.00, 0.000
17749,189354, 52.63, 0.00, 0.980, 0.000, 0.000020, 0.000015,0,0,0, 0.000030, 0.000021, 0.000025, 0.000013, 52.63, 0.980, 0.00, 0.000, 0.00, 0.000, 0.00, 0.000
17750,189365, 52.63, 0.00, 0.958, 0.000, 0.000018, 0.000011,0,0,0, 0.000030, 0.000005, 0.000015, 0.000007, 52.63, 0.958, 0.00, 0.000, 0.00, 0.000, 0.00, 0.000
17751,189376, 52.40, 0.00, 0.955, 0.000, 0.000020, 0.000015,0,0,0, 0.000030, 0.000022, 0.000025, 0.000015, 52.40, 0.955, 0.00, 0.000, 0.00, 0.000, 0.00, 0.000
17752,189386, 52.40, 0.00, 0.841, 0.000, 0.000020, 0.000010,0,0,0, 0.000030, 0.000018, 0.000022, 0.000013, 52.40, 0.841, 33.80, 0.234, 35.82, 0.228, 37.26, 0.174
17753,189397, 52.63, 0.00, 0.821, 0.000, 0.000019, 0.000007,0,0,0, 0.000030, 0.000023, 0.000021, 0.000014, 52.63, 0.821, 96.77, 0.259, 33.99, 0.216, 0.00, 0.000
17754,189408, 52.63, 0.00, 0.966, 0.000, 0.000020, 0.000010,0,0,0, 0.000030, 0.000020, 0.000022, 0.000013, 52.63, 0.966, 35.50, 0.393, 112.14, 0.373, 0.00, 0.000
17755,189418, 52.86, 0.00, 0.954, 0.000, 0.000019, 0.000007,0,0,0, 0.000030, 0.000021, 0.000021, 0.000014, 52.86, 0.954, 34.09, 0.467, 97.56, 0.410, 0.00, 0.000
17756,189429, 52.63, 0.00, 0.968, 0.000, 0.000019, 0.000009,0,0,0, 0.000030, 0.000022, 0.000022, 0.000012, 52.63, 0.968, 35.92, 0.485, 111.11, 0.394, 0.00, 0.000
17757,189440, 52.63, 0.00, 0.982, 0.000, 0.000019, 0.000006,0,0,0, 0.000030, 0.000016, 0.000021, 0.000014, 52.63, 0.982, 34.38, 0.358, 100.84, 0.353, 0.00, 0.000
17758,189450, 52.40, 0.00, 0.970, 0.000, 0.000019, 0.000008,0,0,0, 0.000030, 0.000023, 0.000022, 0.000013, 52.40, 0.970, 109.09, 0.363, 35.71, 0.338, 0.00, 0.000
17759,189461, 54.29, 0.00, 0.682, 0.000, 0.000019, 0.000006,0,0,0, 0.000030, 0.000017, 0.000021, 0.000011, 54.29, 0.682, 107.14, 0.257, 36.47, 0.240, 0.00, 0.000
17760,189472, 55.55, 0.00, 0.755, 0.000, 0.000019, 0.000007,0,0,0, 0.000030, 0.000028, 0.000022, 0.000013, 55.55, 0.755, 36.14, 0.476, 109.09, 0.188, 0.00, 0.000
17761,189482, 55.29, 0.00, 0.936, 0.000, 0.000020, 0.000009,0,0,0, 0.000030, 0.000017, 0.000022, 0.000014, 55.29, 0.936, 0.00, 0.000, 0.00, 0.000, 0.00, 0.000
17762,189493, 55.55, 0.00, 0.887, 0.000, 0.000021, 0.000017,0,0,0, 0.000030, 0.000025, 0.000025, 0.000011, 55.55, 0.887, 0.00, 0.000, 0.00, 0.000, 0.00, 0.000
17763,189504, 55.04, 0.00, 0.894, 0.000, 0.000020, 0.000012,0,0,0, 0.000030, 0.000023, 0.000022, 0.000011, 55.04, 0.894, 43.79, 0.101, 0.00, 0.000, 0.00, 0.000
17764,189514, 55.29, 0.00, 0.986, 0.000, 0.000020, 0.000013,0,0,0, 0.000030, 0.000018, 0.000024, 0.000012, 55.29, 0.986, 0.00, 0.000, 0.00, 0.000, 0.00, 0.000
17765,189525, 55.29, 0.00, 0.905, 0.000, 0.000021, 0.000013,0,0,0, 0.000030, 0.000027, 0.000024, 0.000012, 55.29, 0.905, 0.00, 0.000, 0.00, 0.000, 0.00, 0.000
17766,189536, 57.97, 0.00, 0.853, 0.000, 0.000021, 0.000009,0,0,0, 0.000030, 0.000016, 0.000023, 0.000014, 57.97, 0.853, 0.00, 0.000, 0.00, 0.000, 0.00, 0.000
17767,189546, 58.82, 0.00, 0.961, 0.000, 0.000021, 0.000010,0,0,0, 0.000030, 0.000022, 0.000024, 0.000012, 58.82, 0.961, 0.00, 0.000, 0.00, 0.000, 0.00, 0.000
17768,189557, 58.25, 0.00, 0.995, 0.000, 0.000020, 0.000007,0,0,0, 0.000030, 0.000025, 0.000023, 0.000011, 58.25, 0.995, 0.00, 0.000, 0.00, 0.000, 0.00, 0.000
17769,189568, 57.97, 0.00, 0.993, 0.000, 0.000021, 0.000009,0,0,0, 0.000030, 0.000014, 0.000024, 0.000013, 57.97, 0.993, 0.00, 0.000, 0.00, 0.000, 0.00, 0.000
17770,189578, 57.69, 0.00, 0.999, 0.000, 0.000021, 0.000011,0,0,0, 0.000030, 0.000026, 0.000024, 0.000013, 57.69, 0.999, 0.00, 0.000, 0.00, 0.000, 0.00, 0.000
17771,189589, 57.69, 0.00, 0.993, 0.000, 0.000021, 0.000008,0,0,0, 0.000030, 0.000019, 0.000023, 0.000012, 57.69, 0.993, 0.00, 0.000, 0.00, 0.000, 0.00, 0.000
17772,189600, 57.97, 0.00, 0.934, 0.000, 0.000020, 0.000007,0,0,0, 0.000030, 0.000017, 0.000023, 0.000011, 57.97, 0.934, 0.00, 0.000, 0.00, 0.000, 0.00, 0.000
17773,189610, 60.00, 0.00, 0.950, 0.000, 0.000021, 0.000008,0,0,0, 0.000030, 0.000025, 0.000023, 0.000013, 60.00, 0.950, 30.30, 0.857, 0.00, 0.000, 0.00, 0.000
17774,189621, 30.07, 0.00, 0.996, 0.000, 0.000021, 0.000011,0,0,0, 0.000030, 0.000016, 0.000024, 0.000012, 30.07, 0.996, 60.91, 0.961, 0.00, 0.000, 0.00, 0.000
17775,189632, 30.76, 0.00, 0.996, 0.000, 0.000020, 0.000008,0,0,0, 0.000030, 0.000018, 0.000022, 0.000011, 30.76, 0.996, 61.22, 0.987, 0.00, 0.000, 0.00, 0.000
17776,189642, 61.22, 0.00, 0.990, 0.000, 0.000021, 0.000009,0,0,0, 0.000030, 0.000025, 0.000024, 0.000013, 61.22, 0.990, 30.61, 0.990, 0.00, 0.000, 0.00, 0.000
17777,189653, 30.45, 0.00, 0.998, 0.000, 0.000021, 0.000012,0,0,0, 0.000030, 0.000014, 0.000024, 0.000013, 30.45, 0.998, 61.22, 0.981, 0.00, 0.000, 0.00, 0.000
17778,189664, 30.61, 0.00, 0.998, 0.000, 0.000020, 0.000009,0,0,0, 0.000030, 0.000020, 0.000022, 0.000012, 30.61, 0.998, 60.91, 0.981, 0.00, 0.000, 0.00, 0.000
17779,189674, 30.53, 0.00, 0.995, 0.000, 0.000020, 0.000010,0,0,0, 0.000030, 0.000024, 0.000024, 0.000012, 30.53, 0.995, 61.22, 0.980, 0.00, 0.000, 0.00, 0.000
17780,189685, 30.69, 0.00, 0.999, 0.000, 0.000021, 0.000013,0,0,0, 0.000030, 0.000012, 0.000024, 0.000013, 30.69, 0.999, 61.53, 0.996, 0.00, 0.000, 0.00, 0.000
17781,189696, 30.61, 0.00, 0.998, 0.000, 0.000020, 0.000009,0,0,0, 0.000030, 0.000021, 0.000022, 0.000012, 30.61, 0.998, 61.22, 0.997, 0.00, 0.000, 0.00, 0.000
17782,189706, 61.22, 0.00, 0.975, 0.000, 0.000020, 0.000010,0,0,0, 0.000030, 0.000023, 0.000024, 0.000012, 61.22, 0.975, 30.61, 0.939, 0.00, 0.000, 0.00, 0.000
17783,189717, 31.41, 0.00, 0.998, 0.000, 0.000021, 0.000013,0,0,0, 0.000030, 0.000013, 0.000024, 0.000013, 31.41, 0.998, 62.82, 0.904, 0.00, 0.000, 0.00, 0.000
17784,189728, 64.51, 0.00, 0.994, 0.000, 0.000020, 0.000009,0,0,0, 0.000030, 0.000019, 0.000021, 0.000012, 64.51, 0.994, 32.34, 0.991, 0.00, 0.000, 0.00, 0.000
17785,189738, 32.43, 0.00, 0.999, 0.000, 0.000020, 0.000011,0,0,0, 0.000030, 0.000023, 0.000024, 0.000013, 32.43, 0.999, 64.86, 0.997, 0.00, 0.000, 0.00, 0.000
17786,189749, 32.25, 0.00, 0.999, 0.000, 0.000021, 0.000013,0,0,0, 0.000030, 0.000016, 0.000024, 0.000012, 32.25, 0.999, 64.86, 0.987, 0.00, 0.000, 0.00, 0.000
17787,189760, 32.34, 0.00, 0.999, 0.000, 0.000019, 0.000009,0,0,0, 0.000030, 0.000016, 0.000021, 0.000011, 32.34, 0.999, 64.51, 0.990, 0.00, 0.000, 0.00, 0.000
17788,189770, 64.51, 0.00, 0.992, 0.000, 0.000020, 0.000011,0,0,0, 0.000030, 0.000023, 0.000024, 0.000014, 64.51, 0.992, 32.25, 0.990, 0.00, 0.000, 0.00, 0.000
17789,189781, 32.17, 0.00, 0.999, 0.000, 0.000021, 0.000013,0,0,0, 0.000030, 0.000018, 0.000024, 0.000012, 32.17, 0.999, 64.51, 0.994, 0.00, 0.000, 0.00, 0.000
17790,189792, 32.60, 0.00, 0.997, 0.000, 0.000019, 0.000009,0,0,0, 0.000030, 0.000012, 0.000020, 0.000010, 32.60, 0.997, 64.86, 0.979, 0.00, 0.000, 0.00, 0.000
17791,189802, 33.24, 0.00, 0.921, 0.000, 0.000020, 0.000010,0,0,0, 0.000030, 0.000021, 0.000024, 0.000014, 33.24, 0.921, 66.66, 0.913, 0.00, 0.000, 0.00, 0.000
17792,189813, 68.18, 0.00, 0.985, 0.000, 0.000020, 0.000012,0,0,0, 0.000030, 0.000022, 0.000024, 0.000012, 68.18, 0.985, 34.18, 0.983, 0.00, 0.000, 0.00, 0.000
17793,189824, 34.28, 0.00, 0.999, 0.000, 0.000021, 0.000014,0,0,0, 0.000030, 0.000015, 0.000024, 0.000012, 34.28, 0.999, 68.57, 0.998, 0.00, 0.000, 0.00, 0.000
17794,189834, 68.57, 0.00, 0.995, 0.000, 0.000019, 0.000009,0,0,0, 0.000030, 0.000016, 0.000020, 0.000011, 68.57, 0.995, 34.18, 0.992, 0.00, 0.000, 0.00, 0.000
17795,189845, 34.38, 0.00, 0.993, 0.000, 0.000020, 0.000010,0,0,0, 0.000030, 0.000021, 0.000024, 0.000014, 34.38, 0.993, 68.57, 0.977, 0.00, 0.000, 0.00, 0.000
17796,189856, 35.39, 0.00, 0.956, 0.000, 0.000020, 0.000011,0,0,0, 0.000030, 0.000021, 0.000024, 0.000012, 35.39, 0.956, 71.00, 0.937, 0.00, 0.000, 0.00, 0.000
17797,189866, 35.82, 0.00, 0.980, 0.000, 0.000020, 0.000013,0,0,0, 0.000030, 0.000016, 0.000024, 0.000012, 35.82, 0.980, 71.85, 0.965, 0.00, 0.000, 0.00, 0.000
17798,189877, 36.14, 0.00, 0.995, 0.000, 0.000019, 0.000009,0,0,0, 0.000030, 0.000014, 0.000020, 0.000010, 36.14, 0.995, 72.28, 0.992, 0.00, 0.000, 0.00, 0.000
17799,189888, 72.28, 0.00, 0.997, 0.000, 0.000020, 0.000010,0,0,0, 0.000030, 0.000021, 0.000024, 0.000014, 72.28, 0.997, 36.14, 0.993, 0.00, 0.000, 0.00, 0.000
17800,189898, 72.28, 0.00, 0.998, 0.000, 0.000020, 0.000011,0,0,0, 0.000030, 0.000021, 0.000024, 0.000013, 72.28, 0.998, 36.25, 0.997, 0.00, 0.000, 0.00, 0.000
17801,189909, 72.72, 0.00, 0.993, 0.000, 0.000020, 0.000011,0,0,0, 0.000030, 0.000019, 0.000023, 0.000012, 72.72, 0.993, 36.25, 0.988, 0.00, 0.000, 0.00, 0.000
17802,189920, 73.61, 0.00, 0.933, 0.000, 0.000020, 0.000012,0,0,0, 0.000030, 0.000015, 0.000023, 0.000013, 73.61, 0.933, 36.92, 0.931, 0.00, 0.000, 0.00, 0.000
17803,189930, 37.73, 0.00, 0.975, 0.000, 0.000019, 0.000008,0,0,0, 0.000030, 0.000015, 0.000019, 0.000011, 37.73, 0.975, 75.47, 0.960, 0.00, 0.000, 0.00, 0.000
17804,189941, 38.33, 0.00, 0.998, 0.000, 0.000019, 0.000009,0,0,0, 0.000030, 0.000020, 0.000023, 0.000014, 38.33, 0.998, 76.92, 0.995, 0.00, 0.000, 0.00, 0.000
17805,189952, 76.92, 0.00, 0.996, 0.000, 0.000020, 0.000010,0,0,0, 0.000030, 0.000021, 0.000023, 0.000013, 76.92, 0.996, 38.46, 0.995, 0.00, 0.000, 0.00, 0.000
17806,189962, 76.92, 0.00, 0.999, 0.000, 0.000020, 0.000010,0,0,0, 0.000030, 0.000021, 0.000023, 0.000012, 76.92, 0.999, 38.46, 0.999, 0.00, 0.000, 0.00, 0.000
17807,189973, 76.92, 0.00, 0.999, 0.000, 0.000020, 0.000011,0,0,0, 0.000030, 0.000017, 0.000023, 0.000013, 76.92, 0.999, 38.46, 0.998, 0.00, 0.000, 0.00, 0.000
17808,189984, 77.41, 0.00, 0.974, 0.000, 0.000020, 0.000011,0,0,0, 0.000030, 0.000016, 0.000023, 0.000012, 77.41, 0.974, 38.58, 0.968, 0.00, 0.000, 0.00, 0.000
17809,189994, 39.08, 0.00, 0.992, 0.000, 0.000019, 0.000008,0,0,0, 0.000030, 0.000017, 0.000019, 0.000011, 39.08, 0.992, 78.43, 0.964, 0.00, 0.000, 0.00, 0.000
17810,190005, 40.26, 0.00, 0.993, 0.000, 0.000019, 0.000008,0,0,0, 0.000030, 0.000020, 0.000023, 0.000014, 40.26, 0.993, 80.53, 0.975, 0.00, 0.000, 0.00, 0.000
17811,190016, 81.08, 0.00, 0.982, 0.000, 0.000019, 0.000008,0,0,0, 0.000030, 0.000020, 0.000023, 0.000014, 81.08, 0.982, 40.67, 0.974, 0.00, 0.000, 0.00, 0.000
17812,190026, 81.63, 0.00, 0.999, 0.000, 0.000020, 0.000009,0,0,0, 0.000030, 0.000021, 0.000023, 0.000013, 81.63, 0.999, 40.67, 0.997, 0.00, 0.000, 0.00, 0.000
17813,190037, 81.63, 0.00, 0.999, 0.000, 0.000020, 0.000009,0,0,0, 0.000030, 0.000021, 0.000023, 0.000012, 81.63, 0.999, 40.67, 0.997, 0.00, 0.000, 0.00, 0.000
17814,190048, 81.63, 0.00, 0.997, 0.000, 0.000020, 0.000010,0,0,0, 0.000030, 0.000019, 0.000023, 0.000013, 81.63, 0.997, 40.67, 0.997, 0.00, 0.000, 0.00, 0.000
17815,190058, 81.63, 0.00, 0.989, 0.000, 0.000020, 0.000010,0,0,0, 0.000030, 0.000017, 0.000023, 0.000013, 81.63, 0.989, 40.81, 0.989, 0.00, 0.000, 0.00, 0.000
17816,190069, 82.75, 0.00, 0.958, 0.000, 0.000020, 0.000009,0,0,0, 0.000030, 0.000018, 0.000022, 0.000013, 82.75, 0.958, 41.37, 0.940, 0.00, 0.000, 0.00, 0.000
17817,190080, 85.10, 0.00, 0.965, 0.000, 0.000020, 0.000010,0,0,0, 0.000030, 0.000018, 0.000022, 0.000013, 85.10, 0.965, 42.40, 0.961, 0.00, 0.000, 0.00, 0.000
17818,190090, 85.71, 0.00, 0.971, 0.000, 0.000019, 0.000007,0,0,0, 0.000030, 0.000018, 0.000020, 0.000012, 85.71, 0.971, 43.01, 0.950, 0.00, 0.000, 0.00, 0.000
17819,190101, 43.16, 0.00, 0.999, 0.000, 0.000019, 0.000007,0,0,0, 0.000030, 0.000020, 0.000022, 0.000013, 43.16, 0.999, 86.33, 0.993, 0.00, 0.000, 0.00, 0.000
17820,190112, 43.16, 0.00, 0.997, 0.000, 0.000019, 0.000007,0,0,0, 0.000030, 0.000020, 0.000022, 0.000013, 43.16, 0.997, 86.33, 0.995, 0.00, 0.000, 0.00, 0.000
17821,190122, 86.33, 0.00, 0.997, 0.000, 0.000019, 0.000008,0,0,0, 0.000030, 0.000020, 0.000022, 0.000013, 86.33, 0.997, 43.01, 0.997, 0.00, 0.000, 0.00, 0.000
17822,190133, 86.33, 0.00, 0.996, 0.000, 0.000019, 0.000008,0,0,0, 0.000030, 0.000020, 0.000022, 0.000013, 86.33, 0.996, 43.16, 0.992, 0.00, 0.000, 0.00, 0.000
17823,190144, 86.95, 0.00, 0.977, 0.000, 0.000019, 0.000008,0,0,0, 0.000030, 0.000020, 0.000022, 0.000013, 86.95, 0.977, 43.47, 0.967, 0.00, 0.000, 0.00, 0.000
17824,190154, 88.23, 0.00, 0.951, 0.000, 0.000019, 0.000007,0,0,0, 0.000030, 0.000020, 0.000022, 0.000013, 88.23, 0.951, 44.28, 0.927, 0.00, 0.000, 0.00, 0.000
17825,190165, 90.22, 0.00, 0.975, 0.000, 0.000019, 0.000008,0,0,0, 0.000030, 0.000020, 0.000022, 0.000013, 90.22, 0.975, 45.11, 0.970, 0.00, 0.000, 0.00, 0.000
17826,190176, 30.37, 0.00, 0.998, 0.000, 0.000019, 0.000007,0,0,0, 0.000030, 0.000020, 0.000022, 0.000013, 30.37, 0.998, 90.90, 0.997, 45.45, 0.995, 0.00, 0.000
17827,190186, 30.45, 0.00, 0.996, 0.000, 0.000019, 0.000007,0,0,0, 0.000030, 0.000020, 0.000022, 0.000013, 30.45, 0.996, 91.60, 0.995, 45.62, 0.994, 0.00, 0.000
17828,190197, 45.80, 0.00, 0.997, 0.000, 0.000019, 0.000008,0,0,0, 0.000030, 0.000020, 0.000022, 0.000013, 45.80, 0.997, 91.60, 0.997, 30.53, 0.994, 0.00, 0.000
17829,190208, 30.45, 0.00, 0.997, 0.000, 0.000019, 0.000008,0,0,0, 0.000030, 0.000020, 0.000022, 0.000013, 30.45, 0.997, 91.60, 0.995, 45.62, 0.992, 0.00, 0.000
17830,190218, 30.69, 0.00, 0.984, 0.000, 0.000019, 0.000007,0,0,0, 0.000030, 0.000019, 0.000022, 0.000013, 30.69, 0.984, 91.60, 0.976, 45.80, 0.975, 0.00, 0.000
17831,190229, 31.16, 0.00, 0.998, 0.000, 0.000019, 0.000007,0,0,0, 0.000030, 0.000020, 0.000021, 0.000013, 31.16, 0.998, 93.75, 0.946, 46.69, 0.921, 0.00, 0.000
17832,190240, 31.83, 0.00, 0.994, 0.000, 0.000019, 0.000006,0,0,0, 0.000030, 0.000020, 0.000021, 0.000013, 31.83, 0.994, 96.00, 0.972, 47.80, 0.962, 0.00, 0.000
17833,190250, 96.77, 0.00, 0.995, 0.000, 0.000019, 0.000006,0,0,0, 0.000030, 0.000020, 0.000021, 0.000013, 96.77, 0.995, 48.38, 0.995, 32.17, 0.991, 0.00, 0.000
17834,190261, 32.34, 0.00, 0.997, 0.000, 0.000019, 0.000006,0,0,0, 0.000030, 0.000020, 0.000021, 0.000013, 32.34, 0.997, 48.38, 0.996, 96.77, 0.995, 0.00, 0.000
17835,190272, 48.58, 0.00, 0.997, 0.000, 0.000019, 0.000006,0,0,0, 0.000030, 0.000020, 0.000021, 0.000013, 48.58, 0.997, 32.25, 0.997, 96.77, 0.995, 0.00, 0.000
17836,190282, 32.34, 0.00, 0.996, 0.000, 0.000019, 0.000006,0,0,0, 0.000030, 0.000020, 0.000021, 0.000013, 32.34, 0.996, 96.77, 0.996, 48.38, 0.995, 0.00, 0.000
17837,190293, 96.77, 0.00, 0.999, 0.000, 0.000019, 0.000006,0,0,0, 0.000030, 0.000020, 0.000021, 0.000013, 96.77, 0.999, 48.38, 0.999, 32.25, 0.998, 0.00, 0.000
17838,190304, 32.52, 0.00, 0.992, 0.000, 0.000019, 0.000006,0,0,0, 0.000030, 0.000019, 0.000021, 0.000013, 32.52, 0.992, 48.58, 0.986, 97.56, 0.985, 0.00, 0.000
17839,190314, 32.87, 0.00, 0.998, 0.000, 0.000019, 0.000005,0,0,0, 0.000030, 0.000020, 0.000021, 0.000013, 32.87, 0.998, 98.36, 0.970, 49.38, 0.959, 0.00, 0.000
17840,190325, 33.42, 0.00, 0.992, 0.000, 0.000018, 0.000004,0,0,0, 0.000030, 0.000020, 0.000020, 0.000013, 33.42, 0.992, 100.00, 0.976, 50.20, 0.971, 0.00, 0.000
17841,190336, 33.89, 0.00, 0.986, 0.000, 0.000019, 0.000006,0,0,0, 0.000030, 0.000021, 0.000020, 0.000014, 33.89, 0.986, 101.69, 0.986, 50.84, 0.980, 0.00, 0.000
17842,190346, 51.28, 0.00, 0.994, 0.000, 0.000019, 0.000006,0,0,0, 0.000030, 0.000021, 0.000020, 0.000014, 51.28, 0.994, 102.56, 0.993, 34.18, 0.989, 0.00, 0.000
17843,190357, 51.28, 0.00, 0.997, 0.000, 0.000019, 0.000005,0,0,0, 0.000030, 0.000022, 0.000020, 0.000013, 51.28, 0.997, 102.56, 0.990, 34.18, 0.988, 0.00, 0.000
17844,190368, 34.18, 0.00, 0.998, 0.000, 0.000019, 0.000005,0,0,0, 0.000030, 0.000022, 0.000020, 0.000013, 34.18, 0.998, 51.06, 0.997, 102.56, 0.990, 0.00, 0.000
17845,190378, 34.18, 0.00, 0.998, 0.000, 0.000018, 0.000005,0,0,0, 0.000030, 0.000021, 0.000020, 0.000013, 34.18, 0.998, 102.56, 0.990, 51.28, 0.988, 0.00, 0.000
17846,190389, 34.28, 0.00, 0.999, 0.000, 0.000019, 0.000005,0,0,0, 0.000030, 0.000020, 0.000020, 0.000014, 34.28, 0.999, 102.56, 0.996, 51.50, 0.993, 0.00, 0.000
17847,190400, 34.38, 0.00, 0.994, 0.000, 0.000019, 0.000004,0,0,0, 0.000030, 0.000019, 0.000020, 0.000014, 34.38, 0.994, 103.44, 0.989, 51.50, 0.988, 0.00, 0.000
17848,190410, 104.34, 0.00, 0.965, 0.000, 0.000018, 0.000003,0,0,0, 0.000030, 0.000019, 0.000020, 0.000013, 104.34, 0.965, 34.78, 0.957, 51.94, 0.940, 0.00, 0.000
17849,190421, 106.19, 0.00, 0.961, 0.000, 0.000018, 0.000003,0,0,0, 0.000030, 0.000019, 0.000020, 0.000013, 106.19, 0.961, 35.29, 0.948, 53.09, 0.936, 0.00, 0.000
17850,190432, 108.10, 0.00, 0.993, 0.000, 0.000019, 0.000005,0,0,0, 0.000030, 0.000022, 0.000020, 0.000014, 108.10, 0.993, 35.92, 0.991, 54.05, 0.990, 0.00, 0.000
17851,190442, 108.10, 0.00, 0.996, 0.000, 0.000018, 0.000004,0,0,0, 0.000030, 0.000022, 0.000020, 0.000013, 108.10, 0.996, 36.14, 0.996, 54.05, 0.991, 0.00, 0.000
17852,190453, 54.29, 0.00, 0.997, 0.000, 0.000018, 0.000004,0,0,0, 0.000030, 0.000022, 0.000020, 0.000013, 54.29, 0.997, 36.14, 0.996, 108.10, 0.995, 0.00, 0.000
17853,190464, 54.29, 0.00, 0.997, 0.000, 0.000018, 0.000004,0,0,0, 0.000030, 0.000019, 0.000020, 0.000014, 54.29, 0.997, 36.25, 0.996, 109.09, 0.996, 0.00, 0.000
17854,190474, 109.09, 0.00, 0.995, 0.000, 0.000018, 0.000004,0,0,0, 0.000030, 0.000019, 0.000020, 0.000013, 109.09, 0.995, 36.36, 0.995, 54.54, 0.994, 0.00, 0.000
17855,190485, 109.09, 0.00, 0.976, 0.000, 0.000018, 0.000003,0,0,0, 0.000030, 0.000020, 0.000020, 0.000013, 109.09, 0.976, 54.79, 0.974, 36.47, 0.954, 0.00, 0.000
17856,190496, 111.11, 0.00, 0.941, 0.000, 0.000018, 0.000004,0,0,0, 0.000030, 0.000023, 0.000019, 0.000014, 111.11, 0.941, 37.15, 0.926, 55.55, 0.892, 0.00, 0.000
17857,190506, 114.28, 0.00, 0.968, 0.000, 0.000018, 0.000003,0,0,0, 0.000030, 0.000023, 0.000019, 0.000013, 114.28, 0.968, 37.97, 0.966, 57.14, 0.956, 0.00, 0.000
17858,190517, 57.41, 0.00, 0.991, 0.000, 0.000018, 0.000004,0,0,0, 0.000030, 0.000019, 0.000020, 0.000014, 57.41, 0.991, 38.33, 0.989, 114.28, 0.988, 0.00, 0.000
17859,190528, 38.33, 0.00, 0.997, 0.000, 0.000018, 0.000003,0,0,0, 0.000030, 0.000019, 0.000019, 0.000013, 38.33, 0.997, 57.41, 0.990, 115.38, 0.984, 0.00, 0.000
17860,190538, 116.50, 0.00, 0.945, 0.000, 0.000018, 0.000003,0,0,0, 0.000030, 0.000023, 0.000019, 0.000014, 116.50, 0.945, 38.83, 0.914, 58.25, 0.905, 0.00, 0.000
17861,190549, 120.00, 0.00, 0.937, 0.000, 0.000018, 0.000003,0,0,0, 0.000030, 0.000022, 0.000019, 0.000013, 120.00, 0.937, 40.00, 0.882, 60.00, 0.870, 0.00, 0.000
17862,190560, 60.91, 0.00, 0.989, 0.000, 0.000018, 0.000004,0,0,0, 0.000030, 0.000018, 0.000019, 0.000014, 60.91, 0.989, 30.37, 0.982, 121.21, 0.979, 40.67, 0.972
17863,190570, 123.71, 0.00, 0.976, 0.000, 0.000018, 0.000004,0,0,0, 0.000030, 0.000022, 0.000019, 0.000014, 123.71, 0.976, 30.76, 0.965, 40.95, 0.957, 61.22, 0.957
17864,190581, 125.00, 0.00, 0.940, 0.000, 0.000018, 0.000005,0,0,0, 0.000030, 0.000022, 0.000019, 0.000013, 125.00, 0.940, 31.49, 0.909, 62.82, 0.884, 41.95, 0.880
17865,190592, 31.91, 0.00, 0.988, 0.000, 0.000018, 0.000004,0,0,0, 0.000030, 0.000019, 0.000019, 0.000013, 31.91, 0.988, 127.65, 0.973, 42.70, 0.968, 64.17, 0.958
17866,190602, 32.17, 0.00, 0.994, 0.000, 0.000018, 0.000005,0,0,0, 0.000030, 0.000024, 0.000020, 0.000014, 32.17, 0.994, 129.03, 0.987, 42.85, 0.984, 64.51, 0.981
17867,190613, 31.66, 0.00, 0.983, 0.000, 0.000018, 0.000005,0,0,0, 0.000030, 0.000021, 0.000020, 0.000014, 31.66, 0.983, 127.65, 0.964, 42.25, 0.942, 63.49, 0.940
17868,190624, 41.81, 0.00, 0.971, 0.000, 0.000018, 0.000003,0,0,0, 0.000030, 0.000018, 0.000019, 0.000013, 41.81, 0.971, 126.31, 0.968, 62.82, 0.966, 31.49, 0.953
17869,190634, 41.66, 0.00, 0.973, 0.000, 0.000018, 0.000004,0,0,0, 0.000030, 0.000023, 0.000019, 0.000014, 41.66, 0.973, 31.08, 0.973, 123.71, 0.968, 62.50, 0.964
17870,190645, 125.00, 0.00, 0.969, 0.000, 0.000018, 0.000005,0,0,0, 0.000030, 0.000020, 0.000020, 0.000014, 125.00, 0.969, 41.52, 0.964, 31.25, 0.958, 62.17, 0.949
17871,190656, 31.25, 0.00, 0.997, 0.000, 0.000018, 0.000004,0,0,0, 0.000030, 0.000018, 0.000019, 0.000013, 31.25, 0.997, 123.71, 0.965, 41.66, 0.956, 62.50, 0.951
17872,190666, 123.71, 0.00, 0.915, 0.000, 0.000019, 0.000009,0,0,0, 0.000030, 0.000021, 0.000021, 0.000014, 123.71, 0.915, 41.23, 0.910, 30.76, 0.891, 61.85, 0.875
17873,190677, 40.26, 0.00, 0.796, 0.000, 0.000018, 0.000008,0,0,0, 0.000030, 0.000025, 0.000020, 0.000013, 40.26, 0.796, 122.44, 0.789, 61.22, 0.757, 30.15, 0.720
17874,190688, 30.92, 0.00, 0.920, 0.000, 0.000019, 0.000007,0,0,0, 0.000030, 0.000019, 0.000021, 0.000014, 30.92, 0.920, 41.09, 0.832, 123.71, 0.745, 62.17, 0.578
17875,190698, 31.08, 0.00, 0.835, 0.000, 0.000019, 0.000005,0,0,0, 0.000030, 0.000021, 0.000020, 0.000014, 31.08, 0.835, 41.66, 0.805, 130.43, 0.740, 63.49, 0.663
17876,190709, 31.41, 0.00, 0.870, 0.000, 0.000019, 0.000011,0,0,0, 0.000030, 0.000026, 0.000022, 0.000012, 31.41, 0.870, 130.43, 0.747, 41.23, 0.743, 60.91, 0.571
17877,190720, 41.09, 0.00, 0.885, 0.000, 0.000019, 0.000008,0,0,0, 0.000030, 0.000014, 0.000022, 0.000014, 41.09, 0.885, 31.41, 0.701, 130.43, 0.652, 60.30, 0.636
17878,190730, 41.37, 0.00, 0.920, 0.000, 0.000019, 0.000006,0,0,0, 0.000030, 0.000025, 0.000022, 0.000014, 41.37, 0.920, 31.41, 0.696, 133.33, 0.615, 60.00, 0.573
17879,190741, 41.23, 0.00, 0.935, 0.000, 0.000019, 0.000006,0,0,0, 0.000030, 0.000020, 0.000021, 0.000014, 41.23, 0.935, 59.70, 0.585, 133.33, 0.566, 31.57, 0.495
17880,190752, 41.37, 0.00, 0.926, 0.000, 0.000019, 0.000005,0,0,0, 0.000030, 0.000020, 0.000021, 0.000013, 41.37, 0.926, 60.00, 0.695, 31.83, 0.643, 131.86, 0.606
17881,190762, 41.52, 0.00, 0.927, 0.000, 0.000019, 0.000005,0,0,0, 0.000030, 0.000021, 0.000021, 0.000013, 41.52, 0.927, 60.00, 0.666, 129.03, 0.645, 31.41, 0.635
17882,190773, 40.81, 0.00, 0.937, 0.000, 0.000019, 0.000005,0,0,0, 0.000030, 0.000023, 0.000020, 0.000014, 40.81, 0.937, 30.84, 0.788, 126.31, 0.756, 60.00, 0.739
17883,190784, 41.37, 0.00, 0.862, 0.000, 0.000019, 0.000011,0,0,0, 0.000030, 0.000022, 0.000022, 0.000014, 41.37, 0.862, 31.57, 0.814, 127.65, 0.756, 60.91, 0.704
17884,190794, 41.52, 0.00, 0.817, 0.000, 0.000020, 0.000010,0,0,0, 0.000030, 0.000016, 0.000022, 0.000013, 41.52, 0.817, 31.49, 0.634, 60.30, 0.632, 130.43, 0.616
17885,190805, 40.95, 0.00, 0.732, 0.000, 0.000019, 0.000007,0,0,0, 0.000030, 0.000027, 0.000020, 0.000013, 40.95, 0.732, 31.41, 0.630, 133.33, 0.589, 60.30, 0.557
17886,190816, 41.23, 0.00, 0.784, 0.000, 0.000019, 0.000006,0,0,0, 0.000030, 0.000013, 0.000022, 0.000014, 41.23, 0.784, 31.57, 0.555, 133.33, 0.534, 59.40, 0.525
17887,190826, 41.66, 0.00, 0.876, 0.000, 0.000019, 0.000007,0,0,0, 0.000030, 0.000022, 0.000022, 0.000014, 41.66, 0.876, 60.60, 0.554, 31.33, 0.526, 133.33, 0.501
17888,190837, 41.37, 0.00, 0.798, 0.000, 0.000019, 0.000005,0,0,0, 0.000030, 0.000022, 0.000021, 0.000013, 41.37, 0.798, 31.83, 0.660, 125.00, 0.570, 60.60, 0.548
17889,190848, 40.95, 0.00, 0.865, 0.000, 0.000019, 0.000011,0,0,0, 0.000030, 0.000019, 0.000023, 0.000013, 40.95, 0.865, 60.00, 0.623, 31.57, 0.621, 125.00, 0.581
17890,190858, 41.81, 0.00, 0.790, 0.000, 0.000019, 0.000009,0,0,0, 0.000030, 0.000021, 0.000022, 0.000013, 41.81, 0.790, 31.57, 0.726, 60.60, 0.564, 126.31, 0.539
17891,190869, 40.81, 0.00, 0.769, 0.000, 0.000019, 0.000006,0,0,0, 0.000030, 0.000021, 0.000021, 0.000014, 40.81, 0.769, 31.25, 0.719, 60.30, 0.593, 133.33, 0.513
17892,190880, 41.23, 0.00, 0.646, 0.000, 0.000021, 0.000020,0,0,0, 0.000030, 0.000027, 0.000025, 0.000011, 41.23, 0.646, 60.00, 0.339, 32.17, 0.285, 131.86, 0.262
17893,190890, 41.81, 0.00, 0.794, 0.000, 0.000020, 0.000014,0,0,0, 0.000030, 0.000017, 0.000019, 0.000013, 41.81, 0.794, 30.53, 0.726, 118.81, 0.274, 61.53, 0.262
17894,190901, 31.83, 0.00, 0.713, 0.000, 0.000019, 0.000010,0,0,0, 0.000030, 0.000026, 0.000020, 0.000014, 31.83, 0.713, 41.37, 0.660, 63.49, 0.374, 121.21, 0.339
17895,190912, 40.13, 0.00, 0.407, 0.000, 0.000019, 0.000007,0,0,0, 0.000030, 0.000013, 0.000022, 0.000011, 40.13, 0.407, 125.00, 0.378, 34.98, 0.342, 60.30, 0.279
17896,190922, 41.52, 0.00, 0.649, 0.000, 0.000020, 0.000015,0,0,0, 0.000030, 0.000022, 0.000025, 0.000013, 41.52, 0.649, 31.00, 0.569, 60.60, 0.505, 130.43, 0.434
17897,190933, 41.52, 0.00, 0.848, 0.000, 0.000020, 0.000011,0,0,0, 0.000030, 0.000023, 0.000023, 0.000013, 41.52, 0.848, 31.33, 0.606, 60.60, 0.351, 130.43, 0.334
17898,190944, 41.37, 0.00, 0.739, 0.000, 0.000020, 0.000007,0,0,0, 0.000030, 0.000020, 0.000022, 0.000012, 41.37, 0.739, 32.87, 0.352, 60.60, 0.312, 136.36, 0.226
17899,190954, 45.62, 0.00, 0.534, 0.000, 0.000019, 0.000006,0,0,0, 0.000030, 0.000018, 0.000021, 0.000011, 45.62, 0.534, 67.41, 0.269, 144.57, 0.230, 33.70, 0.194
17900,190965, 48.78, 0.00, 0.434, 0.000, 0.000019, 0.000004,0,0,0, 0.000030, 0.000020, 0.000020, 0.000013, 48.78, 0.434, 68.96, 0.416, 37.03, 0.055, 148.14, 0.033
17901,190976, 34.88, 0.00, 0.604, 0.000, 0.000018, 0.000004,0,0,0, 0.000030, 0.000017, 0.000021, 0.000011, 34.88, 0.604, 72.28, 0.230, 71.42, 0.230, 69.36, 0.214
17902,190986, 48.19, 0.00, 0.493, 0.000, 0.000019, 0.000010,0,0,0, 0.000030, 0.000019, 0.000023, 0.000013, 48.19, 0.493, 96.00, 0.450, 0.00, 0.000, 0.00, 0.000
17903,190997, 30.45, 0.00, 0.550, 0.000, 0.000019, 0.000012,0,0,0, 0.000030, 0.000026, 0.000023, 0.000011, 30.45, 0.550, 96.00, 0.503, 50.42, 0.378, 48.58, 0.375
17904,191008, 33.61, 0.00, 0.706, 0.000, 0.000020, 0.000014,0,0,0, 0.000030, 0.000020, 0.000024, 0.000013, 33.61, 0.706, 51.50, 0.146, 57.41, 0.138, 60.60, 0.113
17905,191018, 30.15, 0.00, 0.755, 0.000, 0.000020, 0.000010,0,0,0, 0.000030, 0.000023, 0.000022, 0.000012, 30.15, 0.755, 57.14, 0.507, 60.91, 0.462, 50.84, 0.442
17906,191029, 32.60, 0.00, 0.880, 0.000, 0.000018, 0.000007,0,0,0, 0.000030, 0.000028, 0.000018, 0.000009, 32.60, 0.880, 67.03, 0.399, 68.18, 0.398, 0.00, 0.000
17907,191040, 75.00, 0.00, 0.250, 0.000, 0.000020, 0.000017,0,0,0, 0.000030, 0.000021, 0.000025, 0.000013, 75.00, 0.250, 48.19, 0.173, 94.48, 0.023, 0.00, 0.000
17908,191050, 48.38, 0.00, 0.409, 0.000, 0.000021, 0.000017,0,0,0, 0.000030, 0.000014, 0.000025, 0.000011, 48.38, 0.409, 45.45, 0.177, 37.26, 0.093, 36.69, 0.088
17909,191061, 36.80, 0.00, 0.369, 0.000, 0.000019, 0.000012,0,0,0, 0.000000, 0.000000, 0.000010, 0.000004, 36.80, 0.369, 169.01, 0.061, 59.40, 0.038, 0.00, 0.000
17910,191072, 62.82, 0.00, 0.459, 0.000, 0.000021, 0.000016,0,0,0, 0.000030, 0.000023, 0.000026, 0.000015, 62.82, 0.459, 30.30, 0.348, 50.00, 0.250, 0.00, 0.000
17911,191082, 36.92, 0.00, 0.547, 0.000, 0.000019, 0.000011,0,0,0, 0.000030, 0.000012, 0.000020, 0.000010, 36.92, 0.547, 50.84, 0.329, 90.90, 0.002, 0.00, 0.000
17912,191093, 48.97, 0.00, 0.815, 0.000, 0.000020, 0.000011,0,0,0, 0.000030, 0.000023, 0.000024, 0.000015, 48.97, 0.815, 100.84, 0.032, 0.00, 0.000, 0.00, 0.000
17913,191104, 48.58, 0.00, 0.715, 0.000, 0.000019, 0.000008,0,0,0, 0.000030, 0.000023, 0.000021, 0.000013, 48.58, 0.715, 33.42, 0.251, 102.56, 0.207, 0.00, 0.000
17914,191114, 31.16, 0.00, 0.550, 0.000, 0.000019, 0.000008,0,0,0, 0.000030, 0.000018, 0.000022, 0.000011, 31.16, 0.550, 48.78, 0.418, 53.81, 0.378, 106.19, 0.341
17915,191125, 53.57, 0.00, 0.311, 0.000, 0.000020, 0.000009,0,0,0, 0.000030, 0.000024, 0.000023, 0.000013, 53.57, 0.311, 46.87, 0.221, 101.69, 0.132, 63.49, 0.070
17916,191136, 40.13, 0.00, 0.351, 0.000, 0.000019, 0.000006,0,0,0, 0.000030, 0.000007, 0.000019, 0.000009, 40.13, 0.351, 64.86, 0.298, 46.51, 0.197, 30.15, 0.151
17917,191146, 52.17, 0.00, 0.510, 0.000, 0.000020, 0.000014,0,0,0, 0.000030, 0.000022, 0.000025, 0.000015, 52.17, 0.510, 48.38, 0.496, 0.00, 0.000, 0.00, 0.000
17918,191157, 31.08, 0.00, 0.755, 0.000, 0.000019, 0.000010,0,0,0, 0.000030, 0.000027, 0.000021, 0.000010, 31.08, 0.755, 49.38, 0.559, 52.17, 0.460, 85.71, 0.082
17919,191168, 30.69, 0.00, 0.474, 0.000, 0.000021, 0.000018,0,0,0, 0.000030, 0.000019, 0.000026, 0.000012, 30.69, 0.474, 53.09, 0.402, 49.79, 0.292, 0.00, 0.000
17920,191178, 30.84, 0.00, 0.683, 0.000, 0.000021, 0.000013,0,0,0, 0.000030, 0.000027, 0.000024, 0.000012, 30.84, 0.683, 52.63, 0.611, 61.22, 0.304, 0.00, 0.000
17921,191189, 30.92, 0.00, 0.734, 0.000, 0.000020, 0.000009,0,0,0, 0.000030, 0.000025, 0.000022, 0.000011, 30.92, 0.734, 48.58, 0.225, 57.69, 0.203, 62.17, 0.198
17922,191200, 30.22, 0.00, 0.992, 0.000, 0.000020, 0.000015,0,0,0, 0.000030, 0.000021, 0.000025, 0.000012, 30.22, 0.992, 58.53, 0.363, 85.10, 0.106, 0.00, 0.000
17923,191210, 31.16, 0.00, 0.500, 0.000, 0.000020, 0.000011,0,0,0, 0.000030, 0.000019, 0.000021, 0.000013, 31.16, 0.500, 89.55, 0.374, 49.18, 0.330, 57.14, 0.298
17924,191221, 48.78, 0.00, 0.608, 0.000, 0.000019, 0.000008,0,0,0, 0.000030, 0.000015, 0.000023, 0.000012, 48.78, 0.608, 93.02, 0.532, 31.74, 0.524, 37.15, 0.009
17925,191232, 46.87, 0.00, 0.796, 0.000, 0.000020, 0.000011,0,0,0, 0.000030, 0.000018, 0.000024, 0.000013, 46.87, 0.796, 91.60, 0.791, 31.08, 0.726, 0.00, 0.000
17926,191242, 95.23, 0.00, 0.760, 0.000, 0.000020, 0.000007,0,0,0, 0.000030, 0.000023, 0.000023, 0.000013, 95.23, 0.760, 31.33, 0.756, 46.87, 0.735, 0.00, 0.000
17927,191253, 94.48, 0.00, 0.802, 0.000, 0.000019, 0.000005,0,0,0, 0.000030, 0.000021, 0.000020, 0.000013, 94.48, 0.802, 47.43, 0.684, 31.83, 0.649, 0.00, 0.000
17928,191264, 31.33, 0.00, 0.954, 0.000, 0.000019, 0.000005,0,0,0, 0.000030, 0.000019, 0.000021, 0.000013, 31.33, 0.954, 94.48, 0.833, 46.69, 0.802, 0.00, 0.000
17929,191274, 93.75, 0.00, 0.914, 0.000, 0.000019, 0.000008,0,0,0, 0.000030, 0.000020, 0.000022, 0.000013, 93.75, 0.914, 46.69, 0.864, 31.16, 0.829, 0.00, 0.000
17930,191285, 46.69, 0.00, 0.980, 0.000, 0.000019, 0.000007,0,0,0, 0.000030, 0.000019, 0.000022, 0.000013, 46.69, 0.980, 93.75, 0.960, 31.25, 0.955, 0.00, 0.000
17931,191296, 46.87, 0.00, 0.984, 0.000, 0.000019, 0.000007,0,0,0, 0.000030, 0.000020, 0.000022, 0.000013, 46.87, 0.984, 93.75, 0.981, 31.25, 0.977, 0.00, 0.000
17932,191306, 93.75, 0.00, 0.980, 0.000, 0.000019, 0.000006,0,0,0, 0.000030, 0.000021, 0.000022, 0.000013, 93.75, 0.980, 47.05, 0.967, 31.25, 0.964, 0.00, 0.000
17933,191317, 93.75, 0.00, 0.958, 0.000, 0.000019, 0.000004,0,0,0, 0.000030, 0.000022, 0.000021, 0.000013, 93.75, 0.958, 46.87, 0.900, 31.33, 0.833, 0.00, 0.000
17934,191328, 31.16, 0.00, 0.973, 0.000, 0.000018, 0.000003,0,0,0, 0.000030, 0.000019, 0.000020, 0.000013, 31.16, 0.973, 93.02, 0.892, 46.87, 0.877, 0.00, 0.000
17935,191338, 93.75, 0.00, 0.858, 0.000, 0.000019, 0.000009,0,0,0, 0.000030, 0.000017, 0.000022, 0.000012, 93.75, 0.858, 46.69, 0.773, 31.08, 0.741, 0.00, 0.000
17936,191349, 93.02, 0.00, 0.865, 0.000, 0.000019, 0.000011,0,0,0, 0.000030, 0.000018, 0.000023, 0.000013, 93.02, 0.865, 46.87, 0.791, 30.92, 0.723, 0.00, 0.000
17937,191360, 46.87, 0.00, 0.965, 0.000, 0.000019, 0.000009,0,0,0, 0.000030, 0.000017, 0.000023, 0.000012, 46.87, 0.965, 93.75, 0.923, 31.41, 0.860, 0.00, 0.000
17938,191370, 31.49, 0.00, 0.995, 0.000, 0.000020, 0.000009,0,0,0, 0.000030, 0.000017, 0.000023, 0.000013, 31.49, 0.995, 47.24, 0.961, 94.48, 0.954, 0.00, 0.000
17939,191381, 93.75, 0.00, 0.838, 0.000, 0.000020, 0.000009,0,0,0, 0.000030, 0.000022, 0.000024, 0.000014, 93.75, 0.838, 47.43, 0.798, 31.25, 0.719, 0.00, 0.000
17940,191392, 30.92, 0.00, 0.892, 0.000, 0.000019, 0.000006,0,0,0, 0.000030, 0.000019, 0.000020, 0.000013, 30.92, 0.892, 93.75, 0.772, 45.97, 0.759, 0.00, 0.000
17941,191402, 46.87, 0.00, 0.791, 0.000, 0.000019, 0.000006,0,0,0, 0.000030, 0.000021, 0.000022, 0.000013, 46.87, 0.791, 93.02, 0.753, 30.07, 0.751, 31.25, 0.750
17942,191413, 93.02, 0.00, 0.752, 0.000, 0.000020, 0.000011,0,0,0, 0.000030, 0.000025, 0.000023, 0.000013, 93.02, 0.752, 31.33, 0.749, 47.80, 0.745, 0.00, 0.000
17943,191424, 31.49, 0.00, 0.904, 0.000, 0.000019, 0.000008,0,0,0, 0.000030, 0.000020, 0.000022, 0.000012, 31.49, 0.904, 47.05, 0.743, 93.75, 0.663, 0.00, 0.000
17944,191434, 47.05, 0.00, 0.869, 0.000, 0.000020, 0.000008,0,0,0, 0.000030, 0.000023, 0.000022, 0.000014, 47.05, 0.869, 30.76, 0.792, 91.60, 0.579, 0.00, 0.000
17945,191445, 46.69, 0.00, 0.764, 0.000, 0.000019, 0.000005,0,0,0, 0.000030, 0.000016, 0.000019, 0.000012, 46.69, 0.764, 92.30, 0.515, 30.92, 0.394, 0.00, 0.000
17946,191456, 30.84, 0.00, 0.909, 0.000, 0.000019, 0.000011,0,0,0, 0.000030, 0.000020, 0.000023, 0.000014, 30.84, 0.909, 46.87, 0.741, 91.60, 0.580, 0.00, 0.000
17947,191466, 47.24, 0.00, 0.751, 0.000, 0.000019, 0.000008,0,0,0, 0.000030, 0.000020, 0.000021, 0.000013, 47.24, 0.751, 31.49, 0.722, 95.23, 0.691, 0.00, 0.000
17948,191477, 95.23, 0.00, 0.866, 0.000, 0.000019, 0.000006,0,0,0, 0.000030, 0.000019, 0.000022, 0.000013, 95.23, 0.866, 47.43, 0.837, 31.49, 0.742, 0.00, 0.000
17949,191488, 31.33, 0.00, 0.954, 0.000, 0.000019, 0.000007,0,0,0, 0.000030, 0.000021, 0.000022, 0.000013, 31.33, 0.954, 94.48, 0.930, 47.05, 0.897, 0.00, 0.000
17950,191498, 93.75, 0.00, 0.832, 0.000, 0.000018, 0.000005,0,0,0, 0.000030, 0.000016, 0.000020, 0.000012, 93.75, 0.832, 46.69, 0.826, 31.25, 0.704, 0.00, 0.000
17951,191509, 31.66, 0.00, 0.891, 0.000, 0.000019, 0.000012,0,0,0, 0.000030, 0.000017, 0.000024, 0.000013, 31.66, 0.891, 93.02, 0.792, 47.43, 0.745, 0.00, 0.000
17952,191520, 93.75, 0.00, 0.829, 0.000, 0.000020, 0.000009,0,0,0, 0.000030, 0.000017, 0.000023, 0.000013, 93.75, 0.829, 47.24, 0.814, 31.57, 0.763, 0.00, 0.000
17953,191530, 93.75, 0.00, 0.885, 0.000, 0.000020, 0.000008,0,0,0, 0.000030, 0.000021, 0.000023, 0.000014, 93.75, 0.885, 46.87, 0.836, 31.66, 0.637, 0.00, 0.000
17954,191541, 93.02, 0.00, 0.832, 0.000, 0.000019, 0.000005,0,0,0, 0.000030, 0.000025, 0.000021, 0.000012, 93.02, 0.832, 47.05, 0.701, 31.33, 0.603, 0.00, 0.000
17955,191552, 31.25, 0.00, 0.906, 0.000, 0.000018, 0.000004,0,0,0, 0.000030, 0.000019, 0.000019, 0.000012, 31.25, 0.906, 46.87, 0.692, 93.02, 0.681, 0.00, 0.000
17956,191562, 31.16, 0.00, 0.910, 0.000, 0.000019, 0.000009,0,0,0, 0.000030, 0.000019, 0.000022, 0.000013, 31.16, 0.910, 46.69, 0.721, 92.30, 0.719, 0.00, 0.000
17957,191573, 93.02, 0.00, 0.743, 0.000, 0.000019, 0.000011,0,0,0, 0.000030, 0.000016, 0.000023, 0.000012, 93.02, 0.743, 46.51, 0.732, 30.30, 0.540, 0.00, 0.000
17958,191584, 31.00, 0.00, 0.898, 0.000, 0.000020, 0.000010,0,0,0, 0.000030, 0.000017, 0.000024, 0.000013, 31.00, 0.898, 46.51, 0.864, 93.75, 0.863, 0.00, 0.000
17959,191594, 93.75, 0.00, 0.730, 0.000, 0.000020, 0.000009,0,0,0, 0.000030, 0.000025, 0.000024, 0.000013, 93.75, 0.730, 47.24, 0.700, 30.69, 0.586, 0.00, 0.000
17960,191605, 31.25, 0.00, 0.808, 0.000, 0.000019, 0.000006,0,0,0, 0.000030, 0.000019, 0.000020, 0.000012, 31.25, 0.808, 47.05, 0.666, 95.23, 0.573, 0.00, 0.000
17961,191616, 47.43, 0.00, 0.865, 0.000, 0.000020, 0.000010,0,0,0, 0.000030, 0.000025, 0.000023, 0.000013, 47.43, 0.865, 31.41, 0.550, 93.75, 0.422, 0.00, 0.000
17962,191626, 47.80, 0.00, 0.847, 0.000, 0.000020, 0.000008,0,0,0, 0.000030, 0.000022, 0.000022, 0.000013, 47.80, 0.847, 31.91, 0.612, 96.00, 0.495, 0.00, 0.000
17963,191637, 31.16, 0.00, 0.743, 0.000, 0.000019, 0.000005,0,0,0, 0.000030, 0.000021, 0.000021, 0.000013, 31.16, 0.743, 47.24, 0.724, 94.48, 0.677, 0.00, 0.000
17964,191648, 94.48, 0.00, 0.834, 0.000, 0.000019, 0.000004,0,0,0, 0.000030, 0.000020, 0.000021, 0.000013, 94.48, 0.834, 47.05, 0.778, 31.25, 0.624, 0.00, 0.000
17965,191658, 93.75, 0.00, 0.884, 0.000, 0.000019, 0.000008,0,0,0, 0.000030, 0.000017, 0.000022, 0.000012, 93.75, 0.884, 47.24, 0.774, 32.52, 0.671, 0.00, 0.000
17966,191669, 31.83, 0.00, 0.916, 0.000, 0.000019, 0.000010,0,0,0, 0.000030, 0.000020, 0.000023, 0.000014, 31.83, 0.916, 47.43, 0.843, 96.00, 0.835, 0.00, 0.000
17967,191680, 47.43, 0.00, 0.941, 0.000, 0.000019, 0.000007,0,0,0, 0.000030, 0.000019, 0.000022, 0.000013, 47.43, 0.941, 31.57, 0.938, 93.75, 0.841, 0.00, 0.000
17968,191690, 47.05, 0.00, 0.920, 0.000, 0.000019, 0.000007,0,0,0, 0.000030, 0.000021, 0.000022, 0.000013, 47.05, 0.920, 94.48, 0.863, 31.83, 0.729, 0.00, 0.000
17969,191701, 47.24, 0.00, 0.928, 0.000, 0.000019, 0.000005,0,0,0, 0.000030, 0.000017, 0.000021, 0.000012, 47.24, 0.928, 93.75, 0.849, 31.33, 0.818, 0.00, 0.000
17970,191712, 32.00, 0.00, 0.874, 0.000, 0.000019, 0.000010,0,0,0, 0.000030, 0.000016, 0.000023, 0.000012, 32.00, 0.874, 96.77, 0.847, 47.43, 0.816, 0.00, 0.000
17971,191722, 95.23, 0.00, 0.860, 0.000, 0.000020, 0.000010,0,0,0, 0.000030, 0.000017, 0.000024, 0.000013, 95.23, 0.860, 47.61, 0.850, 31.57, 0.770, 0.00, 0.000
17972,191733, 31.00, 0.00, 0.979, 0.000, 0.000020, 0.000009,0,0,0, 0.000030, 0.000018, 0.000024, 0.000013, 31.00, 0.979, 93.02, 0.869, 47.05, 0.815, 0.00, 0.000
17973,191744, 90.90, 0.00, 0.910, 0.000, 0.000020, 0.000008,0,0,0, 0.000030, 0.000020, 0.000023, 0.000014, 90.90, 0.910, 45.45, 0.892, 30.76, 0.776, 0.00, 0.000
17974,191754, 88.88, 0.00, 0.814, 0.000, 0.000019, 0.000006,0,0,0, 0.000030, 0.000027, 0.000022, 0.000011, 88.88, 0.814, 45.80, 0.694, 30.30, 0.510, 0.00, 0.000
17975,191765, 31.49, 0.00, 0.696, 0.000, 0.000020, 0.000016,0,0,0, 0.000030, 0.000020, 0.000025, 0.000012, 31.49, 0.696, 46.87, 0.478, 89.55, 0.414, 0.00, 0.000
17976,191776, 31.25, 0.00, 0.939, 0.000, 0.000019, 0.000011,0,0,0, 0.000030, 0.000021, 0.000021, 0.000013, 31.25, 0.939, 48.78, 0.602, 88.23, 0.262, 0.00, 0.000
17977,191786, 47.05, 0.00, 0.505, 0.000, 0.000019, 0.000008,0,0,0, 0.000030, 0.000017, 0.000021, 0.000012, 47.05, 0.505, 47.61, 0.504, 31.25, 0.466, 92.30, 0.354
17978,191797, 45.45, 0.00, 0.834, 0.000, 0.000020, 0.000010,0,0,0, 0.000030, 0.000022, 0.000023, 0.000014, 45.45, 0.834, 87.59, 0.635, 90.90, 0.632, 30.45, 0.356
17979,191808, 30.61, 0.00, 0.938, 0.000, 0.000019, 0.000007,0,0,0, 0.000030, 0.000019, 0.000020, 0.000012, 30.61, 0.938, 45.62, 0.835, 93.75, 0.739, 0.00, 0.000
17980,191818, 31.83, 0.00, 0.946, 0.000, 0.000018, 0.000005,0,0,0, 0.000030, 0.000019, 0.000021, 0.000012, 31.83, 0.946, 47.61, 0.770, 96.77, 0.760, 0.00, 0.000
17981,191829, 31.74, 0.00, 0.924, 0.000, 0.000019, 0.000010,0,0,0, 0.000030, 0.000021, 0.000022, 0.000014, 31.74, 0.924, 48.00, 0.856, 93.75, 0.801, 0.00, 0.000
17982,191840, 31.66, 0.00, 0.959, 0.000, 0.000019, 0.000007,0,0,0, 0.000030, 0.000021, 0.000021, 0.000013, 31.66, 0.959, 93.75, 0.860, 46.87, 0.837, 0.00, 0.000
17983,191850, 93.02, 0.00, 0.946, 0.000, 0.000019, 0.000005,0,0,0, 0.000030, 0.000021, 0.000021, 0.000013, 93.02, 0.946, 46.69, 0.929, 31.00, 0.911, 0.00, 0.000
17984,191861, 93.75, 0.00, 0.947, 0.000, 0.000019, 0.000005,0,0,0, 0.000030, 0.000019, 0.000021, 0.000013, 93.75, 0.947, 47.05, 0.930, 31.49, 0.844, 0.00, 0.000
17985,191872, 96.00, 0.00, 0.926, 0.000, 0.000019, 0.000008,0,0,0, 0.000030, 0.000018, 0.000022, 0.000013, 96.00, 0.926, 48.00, 0.845, 32.00, 0.835, 0.00, 0.000
17986,191882, 96.00, 0.00, 0.910, 0.000, 0.000019, 0.000009,0,0,0, 0.000030, 0.000018, 0.000023, 0.000013, 96.00, 0.910, 47.80, 0.885, 32.25, 0.792, 31.83, 0.791
17987,191893, 31.33, 0.00, 0.963, 0.000, 0.000019, 0.000009,0,0,0, 0.000030, 0.000018, 0.000023, 0.000012, 31.33, 0.963, 94.48, 0.927, 47.24, 0.900, 0.00, 0.000
17988,191904, 93.02, 0.00, 0.935, 0.000, 0.000019, 0.000007,0,0,0, 0.000030, 0.000021, 0.000023, 0.000013, 93.02, 0.935, 46.33, 0.862, 30.92, 0.800, 0.00, 0.000
17989,191914, 93.75, 0.00, 0.915, 0.000, 0.000019, 0.000005,0,0,0, 0.000030, 0.000021, 0.000020, 0.000013, 93.75, 0.915, 46.69, 0.835, 31.00, 0.799, 0.00, 0.000
17990,191925, 31.49, 0.00, 0.921, 0.000, 0.000018, 0.000005,0,0,0, 0.000030, 0.000020, 0.000020, 0.000013, 31.49, 0.921, 95.23, 0.895, 47.24, 0.869, 0.00, 0.000
17991,191936, 94.48, 0.00, 0.758, 0.000, 0.000018, 0.000007,0,0,0, 0.000030, 0.000029, 0.000022, 0.000010, 94.48, 0.758, 47.43, 0.706, 31.33, 0.613, 0.00, 0.000
17992,191946, 94.48, 0.00, 0.594, 0.000, 0.000016, 0.000005,0,0,0, 0.000030, 0.000030, 0.000011, 0.000001, 94.48, 0.594, 47.05, 0.418, 30.76, 0.390, 34.28, 0.260
17993,191957, 30.37, 0.00, 0.768, 0.000, 0.000020, 0.000022,0,0,0, 0.000030, 0.000021, 0.000026, 0.000012, 30.37, 0.768, 93.02, 0.243, 86.33, 0.178, 46.51, 0.053
17994,191968, 153.84, 0.00, 0.299, 0.000, 0.000018, 0.000015,0,0,0, 0.000000, 0.000000, 0.000010, 0.000004, 153.84, 0.299, 129.03, 0.245, 95.23, 0.151, 76.92, 0.032
17995,191978, 42.25, 0.00, 0.455, 0.000, 0.000020, 0.000022,0,0,0, 0.000030, 0.000021, 0.000026, 0.000014, 42.25, 0.455, 32.60, 0.395, 31.41, 0.305, 31.25, 0.299
17996,191989, 42.25, 0.00, 0.603, 0.000, 0.000019, 0.000015,0,0,0, 0.000000, 0.000000, 0.000014, 0.000006, 42.25, 0.603, 33.05, 0.362, 0.00, 0.000, 0.00, 0.000
17997,192000, 40.00, 0.00, 0.988, 0.000, 0.000021, 0.000024,0,0,0, 0.000030, 0.000017, 0.000026, 0.000011, 40.00, 0.988, 0.00, 0.000, 0.00, 0.000, 0.00, 0.000
17998,192010, 40.26, 0.00, 0.978, 0.000, 0.000019, 0.000017,0,0,0, 0.000030, 0.000011, 0.000019, 0.000010, 40.26, 0.978, 0.00, 0.000, 0.00, 0.000, 0.00, 0.000
17999,192021, 41.52, 0.00, 0.996, 0.000, 0.000020, 0.000026,0,0,0, 0.000030, 0.000009, 0.000026, 0.000007, 41.52, 0.996, 0.00, 0.000, 0.00, 0.000, 0.00, 0.000
18000,192032, 41.23, 0.00, 0.963, 0.000, 0.000020, 0.000018,0,0,0, 0.000030, 0.000019, 0.000023, 0.000013, 41.23, 0.963, 0.00, 0.000, 0.00, 0.000, 0.00, 0.000
18001,192042, 40.81, 0.00, 0.750, 0.000, 0.000019, 0.000013,0,0,0, 0.000030, 0.000010, 0.000024, 0.000008, 40.81, 0.750, 100.84, 0.028, 73.17, 0.022, 0.00, 0.000
18002,192053, 41.09, 0.00, 0.879, 0.000, 0.000021, 0.000014,0,0,0, 0.000030, 0.000022, 0.000025, 0.000014, 41.09, 0.879, 71.85, 0.145, 96.00, 0.108, 0.00, 0.000
18003,192064, 41.09, 0.00, 0.762, 0.000, 0.000020, 0.000010,0,0,0, 0.000030, 0.000018, 0.000023, 0.000013, 41.09, 0.762, 90.22, 0.361, 76.92, 0.354, 0.00, 0.000
18004,192074, 41.52, 0.00, 0.715, 0.000, 0.000020, 0.000009,0,0,0, 0.000030, 0.000022, 0.000023, 0.000011, 41.52, 0.715, 90.22, 0.478, 76.43, 0.447, 0.00, 0.000
18005,192085, 41.52, 0.00, 0.992, 0.000, 0.000020, 0.000008,0,0,0, 0.000030, 0.000018, 0.000023, 0.000014, 41.52, 0.992, 76.43, 0.711, 0.00, 0.000, 0.00, 0.000
18006,192096, 41.37, 0.00, 0.905, 0.000, 0.000020, 0.000006,0,0,0, 0.000030, 0.000019, 0.000021, 0.000013, 41.37, 0.905, 88.88, 0.687, 80.53, 0.684, 0.00, 0.000
18007,192106, 41.37, 0.00, 0.898, 0.000, 0.000020, 0.000007,0,0,0, 0.000030, 0.000020, 0.000022, 0.000013, 41.37, 0.898, 80.00, 0.781, 0.00, 0.000, 0.00, 0.000
18008,192117, 41.66, 0.00, 0.868, 0.000, 0.000019, 0.000005,0,0,0, 0.000030, 0.000020, 0.000021, 0.000013, 41.66, 0.868, 81.08, 0.760, 86.95, 0.750, 0.00, 0.000
18009,192128, 41.52, 0.00, 0.924, 0.000, 0.000020, 0.000010,0,0,0, 0.000030, 0.000023, 0.000023, 0.000013, 41.52, 0.924, 80.53, 0.790, 0.00, 0.000, 0.00, 0.000
18010,192138, 41.66, 0.00, 0.961, 0.000, 0.000019, 0.000007,0,0,0, 0.000030, 0.000022, 0.000021, 0.000013, 41.66, 0.961, 86.95, 0.806, 0.00, 0.000, 0.00, 0.000
18011,192149, 41.66, 0.00, 0.984, 0.000, 0.000020, 0.000010,0,0,0, 0.000030, 0.000024, 0.000022, 0.000013, 41.66, 0.984, 79.47, 0.806, 0.00, 0.000, 0.00, 0.000
18012,192160, 41.81, 0.00, 0.992, 0.000, 0.000020, 0.000007,0,0,0, 0.000030, 0.000022, 0.000021, 0.000013, 41.81, 0.992, 85.71, 0.805, 0.00, 0.000, 0.00, 0.000
18013,192170, 41.66, 0.00, 0.993, 0.000, 0.000019, 0.000005,0,0,0, 0.000030, 0.000022, 0.000021, 0.000012, 41.66, 0.993, 85.71, 0.845, 0.00, 0.000, 0.00, 0.000
18014,192181, 41.23, 0.00, 0.988, 0.000, 0.000019, 0.000008,0,0,0, 0.000030, 0.000021, 0.000023, 0.000014, 41.23, 0.988, 80.00, 0.824, 0.00, 0.000, 0.00, 0.000
18015,192192, 41.52, 0.00, 0.991, 0.000, 0.000019, 0.000006,0,0,0, 0.000030, 0.000019, 0.000021, 0.000013, 41.52, 0.991, 86.33, 0.800, 0.00, 0.000, 0.00, 0.000
18016,192202, 41.52, 0.00, 0.998, 0.000, 0.000020, 0.000009,0,0,0, 0.000030, 0.000021, 0.000023, 0.000013, 41.52, 0.998, 80.00, 0.784, 0.00, 0.000, 0.00, 0.000
18017,192213, 41.52, 0.00, 0.996, 0.000, 0.000019, 0.000006,0,0,0, 0.000030, 0.000020, 0.000021, 0.000012, 41.52, 0.996, 86.95, 0.753, 0.00, 0.000, 0.00, 0.000
18018,192224, 41.52, 0.00, 0.972, 0.000, 0.000020, 0.000009,0,0,0, 0.000030, 0.000023, 0.000022, 0.000014, 41.52, 0.972, 79.47, 0.771, 0.00, 0.000, 0.00, 0.000
18019,192234, 41.95, 0.00, 0.983, 0.000, 0.000019, 0.000006,0,0,0, 0.000030, 0.000021, 0.000021, 0.000013, 41.95, 0.983, 86.95, 0.783, 0.00, 0.000, 0.00, 0.000
18020,192245, 41.52, 0.00, 0.963, 0.000, 0.000020, 0.000010,0,0,0, 0.000030, 0.000024, 0.000022, 0.000013, 41.52, 0.963, 80.00, 0.771, 0.00, 0.000, 0.00, 0.000
18021,192256, 41.52, 0.00, 0.988, 0.000, 0.000019, 0.000007,0,0,0, 0.000030, 0.000020, 0.000020, 0.000014, 41.52, 0.988, 81.63, 0.728, 0.00, 0.000, 0.00, 0.000
18022,192266, 41.52, 0.00, 0.993, 0.000, 0.000019, 0.000008,0,0,0, 0.000030, 0.000021, 0.000022, 0.000012, 41.52, 0.993, 85.10, 0.764, 0.00, 0.000, 0.00, 0.000
18023,192277, 41.37, 0.00, 0.974, 0.000, 0.000019, 0.000008,0,0,0, 0.000030, 0.000021, 0.000023, 0.000014, 41.37, 0.974, 80.53, 0.740, 0.00, 0.000, 0.00, 0.000
18024,192288, 41.23, 0.00, 0.952, 0.000, 0.000020, 0.000005,0,0,0, 0.000030, 0.000020, 0.000021, 0.000013, 41.23, 0.952, 85.10, 0.763, 0.00, 0.000, 0.00, 0.000
18025,192298, 41.52, 0.00, 0.992, 0.000, 0.000020, 0.000009,0,0,0, 0.000030, 0.000021, 0.000023, 0.000013, 41.52, 0.992, 80.53, 0.785, 0.00, 0.000, 0.00, 0.000
18026,192309, 41.66, 0.00, 0.997, 0.000, 0.000019, 0.000006,0,0,0, 0.000030, 0.000020, 0.000021, 0.000012, 41.66, 0.997, 85.71, 0.754, 0.00, 0.000, 0.00, 0.000
18027,192320, 41.66, 0.00, 0.988, 0.000, 0.000020, 0.000009,0,0,0, 0.000030, 0.000024, 0.000022, 0.000014, 41.66, 0.988, 81.08, 0.760, 0.00, 0.000, 0.00, 0.000
18028,192330, 41.66, 0.00, 0.999, 0.000, 0.000019, 0.000006,0,0,0, 0.000030, 0.000021, 0.000021, 0.000013, 41.66, 0.999, 84.50, 0.759, 0.00, 0.000, 0.00, 0.000
18029,192341, 41.52, 0.00, 0.983, 0.000, 0.000019, 0.000011,0,0,0, 0.000030, 0.000024, 0.000023, 0.000012, 41.52, 0.983, 82.75, 0.746, 0.00, 0.000, 0.00, 0.000
18030,192352, 41.37, 0.00, 0.989, 0.000, 0.000019, 0.000007,0,0,0, 0.000030, 0.000022, 0.000023, 0.000014, 41.37, 0.989, 82.75, 0.776, 0.00, 0.000, 0.00, 0.000
18031,192362, 41.37, 0.00, 0.997, 0.000, 0.000019, 0.000006,0,0,0, 0.000030, 0.000020, 0.000022, 0.000013, 41.37, 0.997, 83.33, 0.796, 0.00, 0.000, 0.00, 0.000
18032,192373, 41.37, 0.00, 0.991, 0.000, 0.000020, 0.000008,0,0,0, 0.000030, 0.000022, 0.000023, 0.000013, 41.37, 0.991, 82.75, 0.792, 0.00, 0.000, 0.00, 0.000
18033,192384, 41.37, 0.00, 0.994, 0.000, 0.000020, 0.000007,0,0,0, 0.000030, 0.000019, 0.000022, 0.000013, 41.37, 0.994, 83.33, 0.793, 0.00, 0.000, 0.00, 0.000
18034,192394, 41.37, 0.00, 0.999, 0.000, 0.000020, 0.000009,0,0,0, 0.000030, 0.000022, 0.000023, 0.000013, 41.37, 0.999, 82.75, 0.735, 0.00, 0.000, 0.00, 0.000
18035,192405, 41.52, 0.00, 0.995, 0.000, 0.000019, 0.000006,0,0,0, 0.000030, 0.000020, 0.000021, 0.000013, 41.52, 0.995, 83.33, 0.699, 0.00, 0.000, 0.00, 0.000
18036,192416, 41.52, 0.00, 0.999, 0.000, 0.000020, 0.000010,0,0,0, 0.000030, 0.000024, 0.000023, 0.000014, 41.52, 0.999, 82.75, 0.697, 0.00, 0.000, 0.00, 0.000
18037,192426, 41.52, 0.00, 0.999, 0.000, 0.000020, 0.000007,0,0,0, 0.000030, 0.000021, 0.000021, 0.000013, 41.52, 0.999, 83.33, 0.697, 0.00, 0.000, 0.00, 0.000
18038,192437, 41.52, 0.00, 0.999, 0.000, 0.000019, 0.000006,0,0,0, 0.000030, 0.000024, 0.000022, 0.000011, 41.52, 0.999, 82.75, 0.706, 0.00, 0.000, 0.00, 0.000
18039,192448, 41.52, 0.00, 0.998, 0.000, 0.000019, 0.000007,0,0,0, 0.000030, 0.000022, 0.000023, 0.000014, 41.52, 0.998, 83.33, 0.777, 0.00, 0.000, 0.00, 0.000
18040,192458, 41.52, 0.00, 0.992, 0.000, 0.000020, 0.000007,0,0,0, 0.000030, 0.000019, 0.000022, 0.000014, 41.52, 0.992, 82.75, 0.776, 0.00, 0.000, 0.00, 0.000
18041,192469, 41.23, 0.00, 0.991, 0.000, 0.000020, 0.000008,0,0,0, 0.000030, 0.000022, 0.000023, 0.000013, 41.23, 0.991, 83.33, 0.758, 0.00, 0.000, 0.00, 0.000
18042,192480, 41.37, 0.00, 0.992, 0.000, 0.000020, 0.000008,0,0,0, 0.000030, 0.000018, 0.000022, 0.000013, 41.37, 0.992, 82.75, 0.742, 0.00, 0.000, 0.00, 0.000
18043,192490, 41.52, 0.00, 0.994, 0.000, 0.000020, 0.000008,0,0,0, 0.000030, 0.000022, 0.000023, 0.000013, 41.52, 0.994, 81.63, 0.655, 0.00, 0.000, 0.00, 0.000
18044,192501, 41.52, 0.00, 0.999, 0.000, 0.000019, 0.000006,0,0,0, 0.000030, 0.000021, 0.000022, 0.000013, 41.52, 0.999, 85.10, 0.662, 0.00, 0.000, 0.00, 0.000
18045,192512, 41.52, 0.00, 0.999, 0.000, 0.000020, 0.000009,0,0,0, 0.000030, 0.000024, 0.000022, 0.000013, 41.52, 0.999, 81.08, 0.662, 0.00, 0.000, 0.00, 0.000
18046,192522, 41.52, 0.00, 0.998, 0.000, 0.000020, 0.000007,0,0,0, 0.000030, 0.000022, 0.000022, 0.000013, 41.52, 0.998, 85.71, 0.669, 0.00, 0.000, 0.00, 0.000
18047,192533, 41.52, 0.00, 0.996, 0.000, 0.000019, 0.000007,0,0,0, 0.000030, 0.000023, 0.000022, 0.000012, 41.52, 0.996, 80.53, 0.693, 0.00, 0.000, 0.00, 0.000
18048,192544, 41.52, 0.00, 0.996, 0.000, 0.000019, 0.000006,0,0,0, 0.000030, 0.000022, 0.000022, 0.000013, 41.52, 0.996, 85.10, 0.730, 0.00, 0.000, 0.00, 0.000
18049,192554, 41.52, 0.00, 0.997, 0.000, 0.000020, 0.000008,0,0,0, 0.000030, 0.000018, 0.000022, 0.000014, 41.52, 0.997, 80.53, 0.726, 0.00, 0.000, 0.00, 0.000
18050,192565, 41.37, 0.00, 0.999, 0.000, 0.000020, 0.000007,0,0,0, 0.000030, 0.000022, 0.000022, 0.000013, 41.37, 0.999, 85.71, 0.724, 0.00, 0.000, 0.00, 0.000
18051,192576, 41.23, 0.00, 0.993, 0.000, 0.000020, 0.000008,0,0,0, 0.000030, 0.000018, 0.000022, 0.000012, 41.23, 0.993, 80.53, 0.690, 0.00, 0.000, 0.00, 0.000
18052,192586, 41.37, 0.00, 0.983, 0.000, 0.000020, 0.000007,0,0,0, 0.000030, 0.000022, 0.000022, 0.000013, 41.37, 0.983, 78.94, 0.669, 0.00, 0.000, 0.00, 0.000
18053,192597, 41.66, 0.00, 0.995, 0.000, 0.000020, 0.000006,0,0,0, 0.000030, 0.000022, 0.000022, 0.000013, 41.66, 0.995, 87.59, 0.678, 0.00, 0.000, 0.00, 0.000
18054,192608, 41.52, 0.00, 0.996, 0.000, 0.000020, 0.000008,0,0,0, 0.000030, 0.000024, 0.000022, 0.000013, 41.52, 0.996, 78.94, 0.671, 0.00, 0.000, 0.00, 0.000
18055,192618, 41.52, 0.00, 0.998, 0.000, 0.000020, 0.000007,0,0,0, 0.000030, 0.000022, 0.000022, 0.000013, 41.52, 0.998, 88.23, 0.680, 0.00, 0.000, 0.00, 0.000
18056,192629, 41.52, 0.00, 0.992, 0.000, 0.000020, 0.000008,0,0,0, 0.000030, 0.000022, 0.000022, 0.000012, 41.52, 0.992, 78.94, 0.708, 0.00, 0.000, 0.00, 0.000
18057,192640, 41.23, 0.00, 0.998, 0.000, 0.000019, 0.000006,0,0,0, 0.000030, 0.000022, 0.000022, 0.000013, 41.23, 0.998, 86.95, 0.694, 0.00, 0.000, 0.00, 0.000
18058,192650, 41.23, 0.00, 0.998, 0.000, 0.000020, 0.000008,0,0,0, 0.000030, 0.000017, 0.000022, 0.000014, 41.23, 0.998, 78.94, 0.685, 0.00, 0.000, 0.00, 0.000
18059,192661, 41.37, 0.00, 0.998, 0.000, 0.000020, 0.000006,0,0,0, 0.000030, 0.000023, 0.000022, 0.000013, 41.37, 0.998, 86.33, 0.687, 0.00, 0.000, 0.00, 0.000
18060,192672, 41.37, 0.00, 0.985, 0.000, 0.000019, 0.000007,0,0,0, 0.000030, 0.000018, 0.000022, 0.000011, 41.37, 0.985, 78.94, 0.627, 88.23, 0.601, 0.00, 0.000
18061,192682, 41.37, 0.00, 0.982, 0.000, 0.000020, 0.000007,0,0,0, 0.000030, 0.000023, 0.000022, 0.000014, 41.37, 0.982, 77.92, 0.673, 0.00, 0.000, 0.00, 0.000
18062,192693, 41.66, 0.00, 0.990, 0.000, 0.000020, 0.000007,0,0,0, 0.000030, 0.000022, 0.000022, 0.000013, 41.66, 0.990, 88.88, 0.686, 0.00, 0.000, 0.00, 0.000
18063,192704, 41.52, 0.00, 0.987, 0.000, 0.000020, 0.000007,0,0,0, 0.000030, 0.000024, 0.000022, 0.000013, 41.52, 0.987, 77.92, 0.661, 0.00, 0.000, 0.00, 0.000
18064,192714, 41.37, 0.00, 0.979, 0.000, 0.000020, 0.000009,0,0,0, 0.000030, 0.000023, 0.000022, 0.000013, 41.37, 0.979, 88.88, 0.691, 0.00, 0.000, 0.00, 0.000
18065,192725, 41.23, 0.00, 0.978, 0.000, 0.000020, 0.000007,0,0,0, 0.000030, 0.000020, 0.000022, 0.000013, 41.23, 0.978, 77.92, 0.710, 0.00, 0.000, 0.00, 0.000
18066,192736, 41.37, 0.00, 0.997, 0.000, 0.000019, 0.000005,0,0,0, 0.000030, 0.000022, 0.000022, 0.000013, 41.37, 0.997, 88.23, 0.730, 0.00, 0.000, 0.00, 0.000
18067,192746, 41.23, 0.00, 0.900, 0.000, 0.000020, 0.000010,0,0,0, 0.000030, 0.000020, 0.000023, 0.000013, 41.23, 0.900, 77.41, 0.789, 0.00, 0.000, 0.00, 0.000
18068,192757, 41.37, 0.00, 0.985, 0.000, 0.000020, 0.000007,0,0,0, 0.000030, 0.000022, 0.000022, 0.000013, 41.37, 0.985, 82.75, 0.808, 0.00, 0.000, 0.00, 0.000
18069,192768, 41.52, 0.00, 0.997, 0.000, 0.000020, 0.000011,0,0,0, 0.000030, 0.000021, 0.000023, 0.000012, 41.52, 0.997, 82.75, 0.846, 0.00, 0.000, 0.00, 0.000
18070,192778, 41.52, 0.00, 0.998, 0.000, 0.000020, 0.000007,0,0,0, 0.000030, 0.000023, 0.000022, 0.000014, 41.52, 0.998, 82.19, 0.858, 0.00, 0.000, 0.00, 0.000
18071,192789, 41.52, 0.00, 0.999, 0.000, 0.000020, 0.000012,0,0,0, 0.000030, 0.000024, 0.000023, 0.000013, 41.52, 0.999, 83.91, 0.855, 0.00, 0.000, 0.00, 0.000
18072,192800, 41.37, 0.00, 0.735, 0.000, 0.000019, 0.000008,0,0,0, 0.000030, 0.000020, 0.000021, 0.000013, 41.37, 0.735, 82.19, 0.707, 0.00, 0.000, 0.00, 0.000
18073,192810, 41.37, 0.00, 0.715, 0.000, 0.000018, 0.000006,0,0,0, 0.000030, 0.000024, 0.000019, 0.000012, 41.37, 0.715, 80.53, 0.557, 0.00, 0.000, 0.00, 0.000
18074,192821, 40.67, 0.00, 0.534, 0.000, 0.000020, 0.000011,0,0,0, 0.000030, 0.000020, 0.000024, 0.000015, 40.67, 0.534, 83.91, 0.456, 30.22, 0.212, 51.28, 0.041
18075,192832, 32.34, 0.00, 0.665, 0.000, 0.000019, 0.000010,0,0,0, 0.000030, 0.000025, 0.000022, 0.000012, 32.34, 0.665, 51.28, 0.563, 85.71, 0.382, 44.60, 0.064
18076,192842, 54.79, 0.00, 0.442, 0.000, 0.000019, 0.000007,0,0,0, 0.000030, 0.000020, 0.000021, 0.000014, 54.79, 0.442, 40.13, 0.402, 86.33, 0.322, 32.78, 0.178
18077,192853, 39.73, 0.00, 0.436, 0.000, 0.000020, 0.000016,0,0,0, 0.000030, 0.000027, 0.000024, 0.000011, 39.73, 0.436, 54.54, 0.389, 32.78, 0.211, 162.16, 0.196
18078,192864, 57.14, 0.00, 0.309, 0.000, 0.000019, 0.000011,0,0,0, 0.000030, 0.000006, 0.000021, 0.000010, 57.14, 0.309, 54.79, 0.279, 39.86, 0.232, 173.91, 0.211
18079,192874, 43.63, 0.00, 0.451, 0.000, 0.000021, 0.000013,0,0,0, 0.000030, 0.000028, 0.000025, 0.000014, 43.63, 0.451, 53.33, 0.425, 32.00, 0.210, 324.32, 0.145
18080,192885, 41.37, 0.00, 0.580, 0.000, 0.000019, 0.000009,0,0,0, 0.000030, 0.000009, 0.000021, 0.000010, 41.37, 0.580, 48.38, 0.517, 43.79, 0.441, 36.58, 0.112
18081,192896, 45.28, 0.00, 0.538, 0.000, 0.000021, 0.000013,0,0,0, 0.000030, 0.000022, 0.000025, 0.000015, 45.28, 0.538, 41.81, 0.419, 57.69, 0.298, 34.78, 0.185
18082,192906, 44.94, 0.00, 0.611, 0.000, 0.000020, 0.000020,0,0,0, 0.000030, 0.000006, 0.000025, 0.000008, 44.94, 0.611, 57.69, 0.336, 34.78, 0.187, 210.52, 0.164
18083,192917, 56.33, 0.00, 0.508, 0.000, 0.000020, 0.000014,0,0,0, 0.000030, 0.000022, 0.000025, 0.000015, 56.33, 0.508, 41.95, 0.462, 200.00, 0.220, 76.92, 0.004
18084,192928, 32.43, 0.00, 0.753, 0.000, 0.000020, 0.000009,0,0,0, 0.000030, 0.000020, 0.000019, 0.000014, 32.43, 0.753, 55.55, 0.558, 40.81, 0.511, 166.66, 0.409
18085,192938, 56.07, 0.00, 0.634, 0.000, 0.000019, 0.000006,0,0,0, 0.000030, 0.000022, 0.000018, 0.000014, 56.07, 0.634, 85.10, 0.505, 166.66, 0.490, 42.10, 0.475
18086,192949, 85.10, 0.00, 0.793, 0.000, 0.000018, 0.000004,0,0,0, 0.000030, 0.000020, 0.000019, 0.000014, 85.10, 0.793, 42.25, 0.787, 56.33, 0.740, 33.70, 0.721
18087,192960, 83.91, 0.00, 0.787, 0.000, 0.000018, 0.000003,0,0,0, 0.000030, 0.000019, 0.000019, 0.000013, 83.91, 0.787, 41.95, 0.742, 55.81, 0.699, 33.61, 0.662
18088,192970, 54.79, 0.00, 0.689, 0.000, 0.000020, 0.000021,0,0,0, 0.000030, 0.000016, 0.000025, 0.000012, 54.79, 0.689, 82.75, 0.613, 40.95, 0.595, 166.66, 0.428
18089,192981, 40.54, 0.00, 0.510, 0.000, 0.000018, 0.000014,0,0,0, 0.000030, 0.000030, 0.000016, 0.000008, 40.54, 0.510, 32.96, 0.409, 55.55, 0.393, 173.91, 0.387
18090,192992, 32.69, 0.00, 0.410, 0.000, 0.000020, 0.000022,0,0,0, 0.000030, 0.000026, 0.000026, 0.000011, 32.69, 0.410, 55.29, 0.370, 42.25, 0.301, 200.00, 0.267
18091,193002, 181.81, 0.00, 0.405, 0.000, 0.000020, 0.000016,0,0,0, 0.000030, 0.000017, 0.000020, 0.000014, 181.81, 0.405, 34.38, 0.364, 42.40, 0.340, 54.54, 0.169
18092,193013, 179.10, 0.00, 0.582, 0.000, 0.000019, 0.000011,0,0,0, 0.000030, 0.000019, 0.000020, 0.000013, 179.10, 0.582, 80.00, 0.486, 54.79, 0.404, 41.66, 0.310
18093,193024, 82.19, 0.00, 0.730, 0.000, 0.000018, 0.000007,0,0,0, 0.000030, 0.000021, 0.000020, 0.000014, 82.19, 0.730, 33.42, 0.714, 40.81, 0.676, 176.47, 0.608
18094,193034, 32.96, 0.00, 0.834, 0.000, 0.000018, 0.000005,0,0,0, 0.000030, 0.000020, 0.000020, 0.000013, 32.96, 0.834, 82.75, 0.791, 41.23, 0.734, 166.66, 0.678
18095,193045, 33.70, 0.00, 0.862, 0.000, 0.000018, 0.000003,0,0,0, 0.000030, 0.000020, 0.000019, 0.000014, 33.70, 0.862, 84.50, 0.850, 41.95, 0.822, 56.07, 0.780
18096,193056, 83.91, 0.00, 0.763, 0.000, 0.000019, 0.000014,0,0,0, 0.000030, 0.000024, 0.000023, 0.000012, 83.91, 0.763, 33.42, 0.698, 42.55, 0.657, 55.04, 0.656
18097,193066, 33.24, 0.00, 0.752, 0.000, 0.000019, 0.000010,0,0,0, 0.000030, 0.000023, 0.000020, 0.000013, 33.24, 0.752, 83.33, 0.752, 41.52, 0.679, 55.04, 0.622
18098,193077, 32.87, 0.00, 0.814, 0.000, 0.000018, 0.000007,0,0,0, 0.000030, 0.000021, 0.000018, 0.000014, 32.87, 0.814, 83.33, 0.763, 41.37, 0.680, 54.54, 0.673
18099,193088, 83.91, 0.00, 0.817, 0.000, 0.000018, 0.000005,0,0,0, 0.000030, 0.000021, 0.000019, 0.000014, 83.91, 0.817, 42.10, 0.723, 55.55, 0.692, 164.38, 0.687
18100,193098, 84.50, 0.00, 0.876, 0.000, 0.000018, 0.000004,0,0,0, 0.000030, 0.000020, 0.000019, 0.000014, 84.50, 0.876, 42.10, 0.849, 166.66, 0.793, 33.70, 0.775
18101,193109, 33.14, 0.00, 0.881, 0.000, 0.000018, 0.000005,0,0,0, 0.000030, 0.000022, 0.000019, 0.000014, 33.14, 0.881, 83.33, 0.848, 41.81, 0.813, 55.55, 0.776
18102,193120, 32.96, 0.00, 0.870, 0.000, 0.000017, 0.000003,0,0,0, 0.000030, 0.000021, 0.000018, 0.000014, 32.96, 0.870, 82.75, 0.865, 41.23, 0.819, 54.79, 0.731
18103,193130, 82.19, 0.00, 0.814, 0.000, 0.000018, 0.000009,0,0,0, 0.000030, 0.000019, 0.000021, 0.000013, 82.19, 0.814, 32.69, 0.793, 54.79, 0.752, 160.00, 0.727
18104,193141, 83.33, 0.00, 0.666, 0.000, 0.000017, 0.000006,0,0,0, 0.000030, 0.000026, 0.000020, 0.000010, 83.33, 0.666, 162.16, 0.654, 56.07, 0.551, 33.99, 0.542
18105,193152, 33.05, 0.00, 0.530, 0.000, 0.000020, 0.000027,0,0,0, 0.000030, 0.000024, 0.000026, 0.000011, 33.05, 0.530, 164.38, 0.520, 41.81, 0.442, 83.33, 0.342
18106,193162, 41.66, 0.00, 0.505, 0.000, 0.000020, 0.000019,0,0,0, 0.000030, 0.000022, 0.000023, 0.000012, 41.66, 0.505, 35.08, 0.273, 169.01, 0.136, 56.07, 0.097
18107,193173, 46.33, 0.00, 0.645, 0.000, 0.000021, 0.000018,0,0,0, 0.000030, 0.000025, 0.000025, 0.000011, 46.33, 0.645, 41.52, 0.612, 53.33, 0.277, 0.00, 0.000
18108,193184, 46.33, 0.00, 0.578, 0.000, 0.000019, 0.000013,0,0,0, 0.000030, 0.000006, 0.000017, 0.000006, 46.33, 0.578, 52.40, 0.273, 35.39, 0.168, 0.00, 0.000
18109,193194, 35.60, 0.00, 0.509, 0.000, 0.000020, 0.000015,0,0,0, 0.000030, 0.000016, 0.000026, 0.000012, 35.60, 0.509, 53.57, 0.417, 0.00, 0.000, 0.00, 0.000
18110,193205, 33.14, 0.00, 0.612, 0.000, 0.000020, 0.000010,0,0,0, 0.000030, 0.000018, 0.000024, 0.000013, 33.14, 0.612, 90.22, 0.412, 49.58, 0.272, 53.57, 0.132
18111,193216, 91.60, 0.00, 0.684, 0.000, 0.000020, 0.000007,0,0,0, 0.000030, 0.000020, 0.000023, 0.000013, 91.60, 0.684, 47.05, 0.459, 32.52, 0.088, 0.00, 0.000
18112,193226, 92.30, 0.00, 0.905, 0.000, 0.000019, 0.000005,0,0,0, 0.000030, 0.000020, 0.000021, 0.000013, 92.30, 0.905, 46.87, 0.801, 31.16, 0.710, 0.00, 0.000
18113,193237, 31.49, 0.00, 0.978, 0.000, 0.000019, 0.000005,0,0,0, 0.000030, 0.000018, 0.000021, 0.000012, 31.49, 0.978, 93.75, 0.904, 47.05, 0.857, 0.00, 0.000
18114,193248, 93.75, 0.00, 0.910, 0.000, 0.000019, 0.000010,0,0,0, 0.000030, 0.000016, 0.000023, 0.000012, 93.75, 0.910, 47.05, 0.779, 31.16, 0.731, 0.00, 0.000
18115,193258, 31.25, 0.00, 0.933, 0.000, 0.000020, 0.000011,0,0,0, 0.000030, 0.000019, 0.000024, 0.000013, 31.25, 0.933, 93.75, 0.843, 46.51, 0.817, 0.00, 0.000
18116,193269, 94.48, 0.00, 0.901, 0.000, 0.000019, 0.000007,0,0,0, 0.000030, 0.000020, 0.000022, 0.000013, 94.48, 0.901, 31.25, 0.895, 46.51, 0.849, 0.00, 0.000
18117,193280, 30.92, 0.00, 0.926, 0.000, 0.000019, 0.000007,0,0,0, 0.000030, 0.000017, 0.000022, 0.000013, 30.92, 0.926, 93.75, 0.885, 46.69, 0.841, 0.00, 0.000
18118,193290, 94.48, 0.00, 0.867, 0.000, 0.000019, 0.000008,0,0,0, 0.000030, 0.000019, 0.000023, 0.000012, 94.48, 0.867, 46.33, 0.749, 30.84, 0.632, 31.49, 0.615
18119,193301, 30.76, 0.00, 0.832, 0.000, 0.000019, 0.000006,0,0,0, 0.000030, 0.000022, 0.000021, 0.000013, 30.76, 0.832, 96.77, 0.781, 45.45, 0.644, 47.05, 0.627
18120,193312, 30.69, 0.00, 0.823, 0.000, 0.000019, 0.000004,0,0,0, 0.000030, 0.000020, 0.000020, 0.000013, 30.69, 0.823, 96.77, 0.782, 47.05, 0.670, 43.47, 0.595
18121,193322, 96.00, 0.00, 0.855, 0.000, 0.000019, 0.000006,0,0,0, 0.000030, 0.000020, 0.000021, 0.000013, 96.00, 0.855, 46.87, 0.745, 31.33, 0.636, 30.07, 0.519
18122,193333, 94.48, 0.00, 0.943, 0.000, 0.000019, 0.000007,0,0,0, 0.000030, 0.000020, 0.000022, 0.000013, 94.48, 0.943, 47.24, 0.899, 30.92, 0.816, 0.00, 0.000
18123,193344, 95.23, 0.00, 0.956, 0.000, 0.000018, 0.000006,0,0,0, 0.000030, 0.000020, 0.000021, 0.000012, 95.23, 0.956, 47.61, 0.932, 31.74, 0.893, 0.00, 0.000
18124,193354, 31.74, 0.00, 0.948, 0.000, 0.000019, 0.000007,0,0,0, 0.000030, 0.000019, 0.000022, 0.000013, 31.74, 0.948, 95.23, 0.945, 48.00, 0.939, 0.00, 0.000
18125,193365, 31.25, 0.00, 0.980, 0.000, 0.000019, 0.000009,0,0,0, 0.000030, 0.000020, 0.000023, 0.000013, 31.25, 0.980, 94.48, 0.895, 47.61, 0.867, 0.00, 0.000
18126,193376, 93.75, 0.00, 0.942, 0.000, 0.000019, 0.000006,0,0,0, 0.000030, 0.000020, 0.000022, 0.000013, 93.75, 0.942, 46.15, 0.926, 31.08, 0.903, 0.00, 0.000
18127,193386, 31.00, 0.00, 0.986, 0.000, 0.000019, 0.000006,0,0,0, 0.000030, 0.000019, 0.000022, 0.000013, 31.00, 0.986, 93.75, 0.940, 46.87, 0.923, 0.00, 0.000
18128,193397, 31.74, 0.00, 0.981, 0.000, 0.000019, 0.000006,0,0,0, 0.000030, 0.000020, 0.000022, 0.000013, 31.74, 0.981, 47.61, 0.977, 95.23, 0.963, 0.00, 0.000
18129,193408, 47.80, 0.00, 0.988, 0.000, 0.000019, 0.000005,0,0,0, 0.000030, 0.000019, 0.000021, 0.000013, 47.80, 0.988, 31.83, 0.977, 95.23, 0.945, 0.00, 0.000
18130,193418, 31.66, 0.00, 0.971, 0.000, 0.000019, 0.000008,0,0,0, 0.000030, 0.000018, 0.000022, 0.000013, 31.66, 0.971, 94.48, 0.935, 47.80, 0.929, 0.00, 0.000
18131,193429, 94.48, 0.00, 0.937, 0.000, 0.000019, 0.000009,0,0,0, 0.000030, 0.000017, 0.000023, 0.000012, 94.48, 0.937, 47.05, 0.859, 31.08, 0.753, 31.91, 0.749
18132,193440, 93.75, 0.00, 0.954, 0.000, 0.000019, 0.000011,0,0,0, 0.000030, 0.000017, 0.000024, 0.000012, 93.75, 0.954, 46.51, 0.885, 30.92, 0.859, 0.00, 0.000
18133,193450, 31.25, 0.00, 0.948, 0.000, 0.000020, 0.000009,0,0,0, 0.000030, 0.000020, 0.000023, 0.000013, 31.25, 0.948, 93.75, 0.919, 46.69, 0.885, 0.00, 0.000
18134,193461, 93.75, 0.00, 0.930, 0.000, 0.000019, 0.000006,0,0,0, 0.000030, 0.000019, 0.000021, 0.000013, 93.75, 0.930, 31.25, 0.890, 47.24, 0.874, 0.00, 0.000
18135,193472, 93.75, 0.00, 0.788, 0.000, 0.000020, 0.000008,0,0,0, 0.000030, 0.000024, 0.000023, 0.000014, 93.75, 0.788, 46.33, 0.714, 31.33, 0.577, 0.00, 0.000
18136,193482, 93.02, 0.00, 0.771, 0.000, 0.000020, 0.000007,0,0,0, 0.000030, 0.000022, 0.000022, 0.000013, 93.02, 0.771, 42.85, 0.687, 45.45, 0.671, 0.00, 0.000
18137,193493, 92.30, 0.00, 0.719, 0.000, 0.000019, 0.000005,0,0,0, 0.000030, 0.000018, 0.000021, 0.000013, 92.30, 0.719, 44.60, 0.686, 0.00, 0.000, 0.00, 0.000
18138,193504, 98.36, 0.00, 0.809, 0.000, 0.000019, 0.000006,0,0,0, 0.000030, 0.000019, 0.000022, 0.000013, 98.36, 0.809, 47.05, 0.673, 31.00, 0.661, 0.00, 0.000
18139,193514, 49.18, 0.00, 0.895, 0.000, 0.000019, 0.000007,0,0,0, 0.000030, 0.000018, 0.000022, 0.000013, 49.18, 0.895, 97.56, 0.870, 32.43, 0.756, 0.00, 0.000
18140,193525, 97.56, 0.00, 0.788, 0.000, 0.000020, 0.000010,0,0,0, 0.000030, 0.000027, 0.000022, 0.000012, 97.56, 0.788, 48.58, 0.691, 32.43, 0.527, 0.00, 0.000
18141,193536, 30.61, 0.00, 0.708, 0.000, 0.000020, 0.000011,0,0,0, 0.000030, 0.000023, 0.000023, 0.000012, 30.61, 0.708, 96.77, 0.670, 47.43, 0.580, 43.47, 0.510
18142,193546, 31.08, 0.00, 0.550, 0.000, 0.000019, 0.000007,0,0,0, 0.000030, 0.000013, 0.000019, 0.000010, 31.08, 0.550, 96.77, 0.461, 45.45, 0.452, 0.00, 0.000
18143,193557, 97.56, 0.00, 0.265, 0.000, 0.000021, 0.000025,0,0,0, 0.000030, 0.000015, 0.000026, 0.000010, 97.56, 0.265, 35.29, 0.158, 0.00, 0.000, 0.00, 0.000
18144,193568, 36.47, 0.00, 0.704, 0.000, 0.000020, 0.000018,0,0,0, 0.000030, 0.000021, 0.000021, 0.000013, 36.47, 0.704, 94.48, 0.300, 59.70, 0.185, 0.00, 0.000
18145,193578, 54.79, 0.00, 0.426, 0.000, 0.000019, 0.000012,0,0,0, 0.000030, 0.000022, 0.000021, 0.000013, 54.79, 0.426, 36.47, 0.383, 110.09, 0.354, 51.28, 0.335
18146,193589, 55.04, 0.00, 0.475, 0.000, 0.000018, 0.000008,0,0,0, 0.000030, 0.000006, 0.000020, 0.000010, 55.04, 0.475, 108.10, 0.426, 0.00, 0.000, 0.00, 0.000
18147,193600, 55.55, 0.00, 0.610, 0.000, 0.000020, 0.000015,0,0,0, 0.000030, 0.000024, 0.000025, 0.000014, 55.55, 0.610, 111.11, 0.388, 36.92, 0.331, 38.46, 0.300
18148,193610, 55.29, 0.00, 0.570, 0.000, 0.000019, 0.000011,0,0,0, 0.000030, 0.000021, 0.000020, 0.000014, 55.29, 0.570, 35.71, 0.543, 37.03, 0.501, 122.44, 0.209
18149,193621, 55.04, 0.00, 0.677, 0.000, 0.000020, 0.000011,0,0,0, 0.000030, 0.000026, 0.000023, 0.000012, 55.04, 0.677, 36.25, 0.360, 103.44, 0.235, 0.00, 0.000
18150,193632, 55.29, 0.00, 0.918, 0.000, 0.000019, 0.000008,0,0,0, 0.000030, 0.000024, 0.000022, 0.000013, 55.29, 0.918, 37.03, 0.339, 117.64, 0.335, 0.00, 0.000
18151,193642, 56.07, 0.00, 0.870, 0.000, 0.000020, 0.000009,0,0,0, 0.000030, 0.000020, 0.000023, 0.000014, 56.07, 0.870, 34.88, 0.592, 101.69, 0.353, 118.81, 0.290
18152,193653, 56.33, 0.00, 0.878, 0.000, 0.000020, 0.000010,0,0,0, 0.000030, 0.000023, 0.000022, 0.000013, 56.33, 0.878, 37.73, 0.540, 120.00, 0.401, 0.00, 0.000
18153,193664, 55.81, 0.00, 0.946, 0.000, 0.000019, 0.000007,0,0,0, 0.000030, 0.000019, 0.000020, 0.000013, 55.81, 0.946, 35.60, 0.407, 96.77, 0.356, 130.43, 0.265
18154,193674, 55.29, 0.00, 0.925, 0.000, 0.000019, 0.000010,0,0,0, 0.000030, 0.000022, 0.000022, 0.000013, 55.29, 0.925, 130.43, 0.282, 97.56, 0.275, 39.21, 0.215
18155,193685, 55.29, 0.00, 0.966, 0.000, 0.000019, 0.000007,0,0,0, 0.000030, 0.000023, 0.000020, 0.000013, 55.29, 0.966, 37.61, 0.353, 117.64, 0.303, 0.00, 0.000
18156,193696, 55.81, 0.00, 0.947, 0.000, 0.000019, 0.000008,0,0,0, 0.000030, 0.000020, 0.000022, 0.000014, 55.81, 0.947, 34.98, 0.484, 94.48, 0.322, 39.21, 0.256
18157,193706, 55.81, 0.00, 0.970, 0.000, 0.000020, 0.000012,0,0,0, 0.000030, 0.000023, 0.000022, 0.000013, 55.81, 0.970, 38.70, 0.365, 126.31, 0.308, 0.00, 0.000
18158,193717, 55.55, 0.00, 0.971, 0.000, 0.000019, 0.000008,0,0,0, 0.000030, 0.000018, 0.000019, 0.000014, 55.55, 0.971, 35.08, 0.518, 96.00, 0.379, 131.86, 0.278
18159,193728, 55.55, 0.00, 0.940, 0.000, 0.000019, 0.000011,0,0,0, 0.000030, 0.000022, 0.000022, 0.000013, 55.55, 0.940, 130.43, 0.274, 96.77, 0.246, 38.96, 0.244
18160,193738, 55.55, 0.00, 0.961, 0.000, 0.000019, 0.000007,0,0,0, 0.000030, 0.000023, 0.000020, 0.000014, 55.55, 0.961, 38.70, 0.341, 127.65, 0.306, 0.00, 0.000
18161,193749, 55.55, 0.00, 0.956, 0.000, 0.000019, 0.000009,0,0,0, 0.000030, 0.000021, 0.000022, 0.000014, 55.55, 0.956, 34.78, 0.433, 95.23, 0.313, 131.86, 0.233
18162,193760, 55.81, 0.00, 0.991, 0.000, 0.000019, 0.000012,0,0,0, 0.000030, 0.000023, 0.000022, 0.000012, 55.81, 0.991, 39.21, 0.312, 131.86, 0.271, 0.00, 0.000
18163,193770, 55.81, 0.00, 0.989, 0.000, 0.000019, 0.000008,0,0,0, 0.000030, 0.000016, 0.000021, 0.000014, 55.81, 0.989, 35.19, 0.620, 95.23, 0.407, 0.00, 0.000
18164,193781, 55.81, 0.00, 0.987, 0.000, 0.000019, 0.000010,0,0,0, 0.000030, 0.000023, 0.000022, 0.000013, 55.81, 0.987, 131.86, 0.278, 39.34, 0.256, 96.77, 0.225
18165,193792, 55.55, 0.00, 0.997, 0.000, 0.000019, 0.000007,0,0,0, 0.000030, 0.000023, 0.000019, 0.000014, 55.55, 0.997, 39.08, 0.339, 130.43, 0.322, 102.56, 0.283
18166,193802, 55.55, 0.00, 0.992, 0.000, 0.000019, 0.000010,0,0,0, 0.000030, 0.000023, 0.000022, 0.000013, 55.55, 0.992, 35.08, 0.416, 96.00, 0.356, 0.00, 0.000
18167,193813, 55.81, 0.00, 0.990, 0.000, 0.000018, 0.000007,0,0,0, 0.000030, 0.000023, 0.000021, 0.000012, 55.81, 0.990, 131.86, 0.283, 39.21, 0.273, 0.00, 0.000
18168,193824, 55.81, 0.00, 0.997, 0.000, 0.000019, 0.000008,0,0,0, 0.000030, 0.000016, 0.000022, 0.000014, 55.81, 0.997, 35.19, 0.634, 96.00, 0.437, 0.00, 0.000
18169,193834, 55.81, 0.00, 0.995, 0.000, 0.000019, 0.000010,0,0,0, 0.000030, 0.000023, 0.000022, 0.000013, 55.81, 0.995, 39.21, 0.326, 131.86, 0.322, 0.00, 0.000
18170,193845, 55.55, 0.00, 0.996, 0.000, 0.000019, 0.000007,0,0,0, 0.000030, 0.000022, 0.000020, 0.000014, 55.55, 0.996, 131.86, 0.302, 39.08, 0.299, 96.00, 0.289
18171,193856, 55.55, 0.00, 0.996, 0.000, 0.000019, 0.000009,0,0,0, 0.000030, 0.000023, 0.000022, 0.000013, 55.55, 0.996, 35.08, 0.434, 96.00, 0.363, 0.00, 0.000
18172,193866, 55.55, 0.00, 0.996, 0.000, 0.000018, 0.000006,0,0,0, 0.000030, 0.000023, 0.000020, 0.000012, 55.55, 0.996, 131.86, 0.293, 39.21, 0.285, 0.00, 0.000
18173,193877, 55.81, 0.00, 0.995, 0.000, 0.000019, 0.000008,0,0,0, 0.000030, 0.000016, 0.000022, 0.000014, 55.81, 0.995, 35.08, 0.583, 95.23, 0.411, 131.86, 0.288
18174,193888, 55.55, 0.00, 0.996, 0.000, 0.000019, 0.000010,0,0,0, 0.000030, 0.000023, 0.000022, 0.000013, 55.55, 0.996, 38.33, 0.369, 123.71, 0.331, 0.00, 0.000
18175,193898, 55.55, 0.00, 0.997, 0.000, 0.000019, 0.000007,0,0,0, 0.000030, 0.000021, 0.000020, 0.000014, 55.55, 0.997, 35.08, 0.298, 96.00, 0.296, 130.43, 0.279
18176,193909, 55.55, 0.00, 0.996, 0.000, 0.000019, 0.000009,0,0,0, 0.000030, 0.000023, 0.000022, 0.000013, 55.55, 0.996, 35.08, 0.379, 96.00, 0.333, 130.43, 0.285
18177,193920, 55.55, 0.00, 0.996, 0.000, 0.000018, 0.000006,0,0,0, 0.000030, 0.000023, 0.000020, 0.000012, 55.55, 0.996, 38.96, 0.307, 130.43, 0.295, 0.00, 0.000
18178,193930, 55.55, 0.00, 0.991, 0.000, 0.000019, 0.000008,0,0,0, 0.000030, 0.000018, 0.000022, 0.000014, 55.55, 0.991, 35.08, 0.536, 95.23, 0.381, 39.21, 0.272
18179,193941, 55.81, 0.00, 0.996, 0.000, 0.000019, 0.000010,0,0,0, 0.000030, 0.000023, 0.000022, 0.000013, 55.81, 0.996, 37.50, 0.447, 114.28, 0.357, 0.00, 0.000
18180,193952, 55.55, 0.00, 0.995, 0.000, 0.000019, 0.000007,0,0,0, 0.000030, 0.000020, 0.000020, 0.000014, 55.55, 0.995, 35.19, 0.383, 96.00, 0.337, 130.43, 0.292
18181,193962, 55.55, 0.00, 0.996, 0.000, 0.000019, 0.000009,0,0,0, 0.000030, 0.000023, 0.000022, 0.000013, 55.55, 0.996, 35.29, 0.354, 97.56, 0.341, 129.03, 0.313
18182,193973, 55.55, 0.00, 0.998, 0.000, 0.000018, 0.000006,0,0,0, 0.000030, 0.000023, 0.000020, 0.000013, 55.55, 0.998, 38.21, 0.380, 122.44, 0.356, 0.00, 0.000
18183,193984, 55.55, 0.00, 0.998, 0.000, 0.000019, 0.000009,0,0,0, 0.000030, 0.000019, 0.000022, 0.000014, 55.55, 0.998, 35.08, 0.506, 96.77, 0.395, 129.03, 0.308
18184,193994, 55.55, 0.00, 0.998, 0.000, 0.000019, 0.000011,0,0,0, 0.000030, 0.000023, 0.000022, 0.000013, 55.55, 0.998, 38.21, 0.474, 122.44, 0.389, 0.00, 0.000
18185,194005, 55.55, 0.00, 0.993, 0.000, 0.000019, 0.000008,0,0,0, 0.000030, 0.000018, 0.000019, 0.000013, 55.55, 0.993, 35.29, 0.487, 96.77, 0.390, 129.03, 0.303
18186,194016, 55.55, 0.00, 0.993, 0.000, 0.000019, 0.000010,0,0,0, 0.000030, 0.000023, 0.000022, 0.000013, 55.55, 0.993, 129.03, 0.326, 97.56, 0.325, 38.83, 0.305
18187,194026, 55.55, 0.00, 0.993, 0.000, 0.000018, 0.000007,0,0,0, 0.000030, 0.000024, 0.000019, 0.000013, 55.55, 0.993, 38.21, 0.430, 125.00, 0.392, 0.00, 0.000
18188,194037, 55.29, 0.00, 0.985, 0.000, 0.000019, 0.000009,0,0,0, 0.000030, 0.000021, 0.000022, 0.000014, 55.29, 0.985, 34.88, 0.460, 96.77, 0.381, 127.65, 0.310
18189,194048, 55.55, 0.00, 0.981, 0.000, 0.000019, 0.000011,0,0,0, 0.000030, 0.000023, 0.000022, 0.000013, 55.55, 0.981, 38.83, 0.426, 127.65, 0.370, 0.00, 0.000
18190,194058, 55.55, 0.00, 0.988, 0.000, 0.000019, 0.000008,0,0,0, 0.000030, 0.000017, 0.000019, 0.000013, 55.55, 0.988, 35.50, 0.590, 98.36, 0.422, 0.00, 0.000
18191,194069, 55.55, 0.00, 0.990, 0.000, 0.000019, 0.000010,0,0,0, 0.000030, 0.000022, 0.000022, 0.000013, 55.55, 0.990, 126.31, 0.303, 38.70, 0.276, 100.00, 0.261
18192,194080, 55.29, 0.00, 0.992, 0.000, 0.000018, 0.000007,0,0,0, 0.000030, 0.000024, 0.000019, 0.000014, 55.29, 0.992, 38.33, 0.351, 123.71, 0.340, 0.00, 0.000
18193,194090, 55.29, 0.00, 0.991, 0.000, 0.000019, 0.000010,0,0,0, 0.000030, 0.000022, 0.000022, 0.000013, 55.29, 0.991, 35.50, 0.374, 100.00, 0.345, 0.00, 0.000
18194,194101, 55.81, 0.00, 0.990, 0.000, 0.000019, 0.000012,0,0,0, 0.000030, 0.000023, 0.000022, 0.000013, 55.81, 0.990, 123.71, 0.301, 38.58, 0.298, 0.00, 0.000
18195,194112, 55.81, 0.00, 0.989, 0.000, 0.000019, 0.000008,0,0,0, 0.000030, 0.000016, 0.000022, 0.000014, 55.81, 0.989, 35.71, 0.594, 100.00, 0.429, 0.00, 0.000
18196,194122, 55.55, 0.00, 0.989, 0.000, 0.000019, 0.000011,0,0,0, 0.000030, 0.000023, 0.000022, 0.000013, 55.55, 0.989, 123.71, 0.335, 38.46, 0.333, 0.00, 0.000
18197,194133, 55.55, 0.00, 0.998, 0.000, 0.000019, 0.000007,0,0,0, 0.000030, 0.000023, 0.000019, 0.000014, 55.55, 0.998, 121.21, 0.330, 103.44, 0.314, 38.21, 0.309
18198,194144, 55.55, 0.00, 0.998, 0.000, 0.000019, 0.000010,0,0,0, 0.000030, 0.000022, 0.000022, 0.000013, 55.55, 0.998, 35.71, 0.388, 101.69, 0.366, 0.00, 0.000
18199,194154, 55.55, 0.00, 0.996, 0.000, 0.000018, 0.000007,0,0,0, 0.000030, 0.000024, 0.000019, 0.000012, 55.55, 0.996, 123.71, 0.307, 38.33, 0.278, 0.00, 0.000
18200,194165, 55.55, 0.00, 0.996, 0.000, 0.000019, 0.000009,0,0,0, 0.000030, 0.000016, 0.000022, 0.000015, 55.55, 0.996, 35.71, 0.546, 100.84, 0.420, 0.00, 0.000
18201,194176, 55.55, 0.00, 0.996, 0.000, 0.000019, 0.000011,0,0,0, 0.000030, 0.000023, 0.000022, 0.000013, 55.55, 0.996, 38.21, 0.414, 122.44, 0.377, 0.00, 0.000
18202,194186, 55.55, 0.00, 0.997, 0.000, 0.000019, 0.000008,0,0,0, 0.000030, 0.000022, 0.000019, 0.000014, 55.55, 0.997, 101.69, 0.338, 121.21, 0.334, 35.82, 0.321
18203,194197, 55.55, 0.00, 0.996, 0.000, 0.000019, 0.000010,0,0,0, 0.000030, 0.000022, 0.000022, 0.000013, 55.55, 0.996, 35.82, 0.401, 101.69, 0.383, 0.00, 0.000
18204,194208, 55.55, 0.00, 0.996, 0.000, 0.000018, 0.000007,0,0,0, 0.000030, 0.000024, 0.000019, 0.000012, 55.55, 0.996, 122.44, 0.346, 38.21, 0.340, 0.00, 0.000
18205,194218, 55.55, 0.00, 0.997, 0.000, 0.000019, 0.000009,0,0,0, 0.000030, 0.000018, 0.000022, 0.000014, 55.55, 0.997, 35.82, 0.476, 100.84, 0.398, 122.44, 0.328
18206,194229, 55.55, 0.00, 0.997, 0.000, 0.000019, 0.000012,0,0,0, 0.000030, 0.000023, 0.000022, 0.000013, 55.55, 0.997, 37.26, 0.503, 113.20, 0.421, 0.00, 0.000
18207,194240, 55.55, 0.00, 0.997, 0.000, 0.000019, 0.000008,0,0,0, 0.000030, 0.000021, 0.000019, 0.000014, 55.55, 0.997, 35.82, 0.382, 101.69, 0.362, 121.21, 0.328
18208,194250, 55.55, 0.00, 0.994, 0.000, 0.000019, 0.000011,0,0,0, 0.000030, 0.000022, 0.000022, 0.000013, 55.55, 0.994, 101.69, 0.358, 35.82, 0.351, 121.21, 0.342
18209,194261, 55.55, 0.00, 0.996, 0.000, 0.000018, 0.000007,0,0,0, 0.000030, 0.000024, 0.000019, 0.000013, 55.55, 0.996, 38.09, 0.398, 121.21, 0.373, 0.00, 0.000
18210,194272, 55.55, 0.00, 0.997, 0.000, 0.000019, 0.000009,0,0,0, 0.000030, 0.000019, 0.000022, 0.000014, 55.55, 0.997, 35.60, 0.441, 100.00, 0.374, 122.44, 0.314
18211,194282, 55.55, 0.00, 0.997, 0.000, 0.000019, 0.000012,0,0,0, 0.000030, 0.000023, 0.000022, 0.000013, 55.55, 0.997, 37.85, 0.507, 118.81, 0.419, 0.00, 0.000
18212,194293, 55.55, 0.00, 0.995, 0.000, 0.000019, 0.000008,0,0,0, 0.000030, 0.000019, 0.000019, 0.000014, 55.55, 0.995, 35.92, 0.446, 101.69, 0.388, 0.00, 0.000
18213,194304, 55.55, 0.00, 0.995, 0.000, 0.000019, 0.000011,0,0,0, 0.000030, 0.000022, 0.000022, 0.000013, 55.55, 0.995, 121.21, 0.339, 102.56, 0.327, 38.21, 0.311
18214,194314, 55.55, 0.00, 0.997, 0.000, 0.000018, 0.000007,0,0,0, 0.000030, 0.000024, 0.000019, 0.000013, 55.55, 0.997, 38.09, 0.414, 121.21, 0.389, 0.00, 0.000
18215,194325, 55.55, 0.00, 0.997, 0.000, 0.000019, 0.000010,0,0,0, 0.000030, 0.000021, 0.000022, 0.000014, 55.55, 0.997, 35.50, 0.398, 100.84, 0.359, 122.44, 0.312
18216,194336, 55.81, 0.00, 0.996, 0.000, 0.000019, 0.000012,0,0,0, 0.000030, 0.000023, 0.000022, 0.000013, 55.81, 0.996, 38.33, 0.466, 122.44, 0.403, 0.00, 0.000
18217,194346, 55.81, 0.00, 0.993, 0.000, 0.000019, 0.000008,0,0,0, 0.000030, 0.000018, 0.000019, 0.000013, 55.81, 0.993, 35.92, 0.544, 101.69, 0.434, 0.00, 0.000
18218,194357, 55.55, 0.00, 0.991, 0.000, 0.000019, 0.000011,0,0,0, 0.000030, 0.000022, 0.000022, 0.000013, 55.55, 0.991, 121.21, 0.342, 38.33, 0.309, 0.00, 0.000
18219,194368, 55.55, 0.00, 0.996, 0.000, 0.000018, 0.000007,0,0,0, 0.000030, 0.000024, 0.000019, 0.000014, 55.55, 0.996, 37.97, 0.389, 120.00, 0.382, 0.00, 0.000
18220,194378, 55.55, 0.00, 0.997, 0.000, 0.000019, 0.000010,0,0,0, 0.000030, 0.000022, 0.000022, 0.000013, 55.55, 0.997, 35.82, 0.391, 101.69, 0.377, 0.00, 0.000
18221,194389, 55.55, 0.00, 0.994, 0.000, 0.000019, 0.000013,0,0,0, 0.000030, 0.000023, 0.000022, 0.000013, 55.55, 0.994, 38.21, 0.383, 121.21, 0.371, 0.00, 0.000
18222,194400, 55.81, 0.00, 0.996, 0.000, 0.000019, 0.000009,0,0,0, 0.000030, 0.000017, 0.000021, 0.000014, 55.81, 0.996, 35.92, 0.627, 102.56, 0.478, 0.00, 0.000
18223,194410, 55.55, 0.00, 0.994, 0.000, 0.000019, 0.000011,0,0,0, 0.000030, 0.000023, 0.000022, 0.000013, 55.55, 0.994, 120.00, 0.371, 38.21, 0.358, 0.00, 0.000
18224,194421, 55.55, 0.00, 0.997, 0.000, 0.000018, 0.000008,0,0,0, 0.000030, 0.000024, 0.000019, 0.000014, 55.55, 0.997, 120.00, 0.366, 37.97, 0.347, 0.00, 0.000
18225,194432, 55.55, 0.00, 0.998, 0.000, 0.000019, 0.000010,0,0,0, 0.000030, 0.000022, 0.000022, 0.000013, 55.55, 0.998, 35.92, 0.402, 102.56, 0.386, 0.00, 0.000
18226,194442, 55.55, 0.00, 0.902, 0.000, 0.000019, 0.000007,0,0,0, 0.000030, 0.000022, 0.000021, 0.000012, 55.55, 0.902, 38.46, 0.380, 121.21, 0.357, 0.00, 0.000
18227,194453, 55.04, 0.00, 0.796, 0.000, 0.000019, 0.000007,0,0,0, 0.000030, 0.000020, 0.000022, 0.000014, 55.04, 0.796, 34.78, 0.652, 101.69, 0.461, 0.00, 0.000
18228,194464, 37.61, 0.00, 0.747, 0.000, 0.000019, 0.000005,0,0,0, 0.000030, 0.000020, 0.000021, 0.000013, 37.61, 0.747, 56.33, 0.665, 125.00, 0.563, 0.00, 0.000
18229,194474, 58.25, 0.00, 0.530, 0.000, 0.000021, 0.000022,0,0,0, 0.000030, 0.000016, 0.000026, 0.000011, 58.25, 0.530, 122.44, 0.239, 40.67, 0.161, 0.00, 0.000
18230,194485, 58.53, 0.00, 0.401, 0.000, 0.000020, 0.000015,0,0,0, 0.000030, 0.000021, 0.000023, 0.000012, 58.53, 0.401, 48.00, 0.214, 133.33, 0.068, 34.38, 0.063
18231,194496, 59.11, 0.00, 0.611, 0.000, 0.000020, 0.000011,0,0,0, 0.000030, 0.000027, 0.000023, 0.000011, 59.11, 0.611, 48.58, 0.532, 30.15, 0.419, 0.00, 0.000
18232,194506, 61.22, 0.00, 0.780, 0.000, 0.000021, 0.000013,0,0,0, 0.000030, 0.000009, 0.000024, 0.000012, 61.22, 0.780, 0.00, 0.000, 0.00, 0.000, 0.00, 0.000
18233,194517, 59.11, 0.00, 0.819, 0.000, 0.000021, 0.000009,0,0,0, 0.000030, 0.000023, 0.000023, 0.000014, 59.11, 0.819, 0.00, 0.000, 0.00, 0.000, 0.00, 0.000
18234,194528, 54.29, 0.00, 0.665, 0.000, 0.000020, 0.000006,0,0,0, 0.000030, 0.000021, 0.000022, 0.000012, 54.29, 0.665, 30.61, 0.607, 63.15, 0.480, 0.00, 0.000
18235,194538, 53.81, 0.00, 0.656, 0.000, 0.000019, 0.000004,0,0,0, 0.000030, 0.000015, 0.000020, 0.000011, 53.81, 0.656, 68.57, 0.295, 31.49, 0.206, 250.00, 0.192
18236,194549, 31.33, 0.00, 0.809, 0.000, 0.000019, 0.000011,0,0,0, 0.000030, 0.000021, 0.000024, 0.000014, 31.33, 0.809, 30.45, 0.808, 54.79, 0.460, 68.57, 0.334
18237,194560, 31.91, 0.00, 0.689, 0.000, 0.000019, 0.000008,0,0,0, 0.000030, 0.000020, 0.000022, 0.000014, 31.91, 0.689, 36.47, 0.257, 45.45, 0.192, 70.58, 0.190
18238,194570, 31.08, 0.00, 0.524, 0.000, 0.000018, 0.000005,0,0,0, 0.000030, 0.000022, 0.000017, 0.000012, 31.08, 0.524, 90.22, 0.398, 46.33, 0.309, 35.39, 0.302
18239,194581, 34.58, 0.00, 0.551, 0.000, 0.000017, 0.000003,0,0,0, 0.000030, 0.000010, 0.000018, 0.000009, 34.58, 0.551, 56.07, 0.391, 102.56, 0.240, 90.22, 0.232
18240,194592, 56.87, 0.00, 0.272, 0.000, 0.000020, 0.000018,0,0,0, 0.000030, 0.000022, 0.000025, 0.000015, 56.87, 0.272, 40.00, 0.267, 59.40, 0.219, 31.66, 0.195
18241,194602, 40.67, 0.00, 0.588, 0.000, 0.000019, 0.000012,0,0,0, 0.000030, 0.000021, 0.000020, 0.000013, 40.67, 0.588, 30.15, 0.479, 31.83, 0.315, 100.84, 0.107
18242,194613, 41.81, 0.00, 0.317, 0.000, 0.000019, 0.000009,0,0,0, 0.000030, 0.000021, 0.000022, 0.000014, 41.81, 0.317, 45.62, 0.287, 85.10, 0.237, 100.00, 0.207
18243,194624, 31.00, 0.00, 0.940, 0.000, 0.000019, 0.000010,0,0,0, 0.000030, 0.000022, 0.000022, 0.000013, 31.00, 0.940, 45.45, 0.569, 97.56, 0.457, 85.10, 0.453
18244,194634, 44.60, 0.00, 0.796, 0.000, 0.000019, 0.000007,0,0,0, 0.000030, 0.000018, 0.000022, 0.000013, 44.60, 0.796, 84.50, 0.569, 30.92, 0.351, 0.00, 0.000
18245,194645, 32.25, 0.00, 0.632, 0.000, 0.000019, 0.000005,0,0,0, 0.000030, 0.000024, 0.000021, 0.000013, 32.25, 0.632, 44.60, 0.485, 95.23, 0.349, 40.26, 0.036
18246,194656, 31.25, 0.00, 0.464, 0.000, 0.000018, 0.000003,0,0,0, 0.000030, 0.000015, 0.000018, 0.000012, 31.25, 0.464, 91.60, 0.327, 50.00, 0.322, 34.58, 0.205
18247,194666, 32.78, 0.00, 0.779, 0.000, 0.000019, 0.000013,0,0,0, 0.000030, 0.000021, 0.000024, 0.000014, 32.78, 0.779, 93.02, 0.249, 45.80, 0.214, 52.86, 0.199
18248,194677, 45.80, 0.00, 0.410, 0.000, 0.000019, 0.000009,0,0,0, 0.000030, 0.000019, 0.000022, 0.000012, 45.80, 0.410, 94.48, 0.369, 34.48, 0.354, 31.33, 0.211
18249,194688, 46.51, 0.00, 0.449, 0.000, 0.000020, 0.000007,0,0,0, 0.000030, 0.000023, 0.000022, 0.000014, 46.51, 0.449, 32.00, 0.373, 93.75, 0.359, 30.07, 0.152
18250,194698, 43.16, 0.00, 0.677, 0.000, 0.000019, 0.000005,0,0,0, 0.000030, 0.000019, 0.000020, 0.000013, 43.16, 0.677, 31.41, 0.659, 93.75, 0.446, 0.00, 0.000
18251,194709, 45.28, 0.00, 0.807, 0.000, 0.000019, 0.000009,0,0,0, 0.000030, 0.000018, 0.000023, 0.000013, 45.28, 0.807, 89.55, 0.679, 0.00, 0.000, 0.00, 0.000
18252,194720, 45.80, 0.00, 0.840, 0.000, 0.000019, 0.000008,0,0,0, 0.000030, 0.000019, 0.000023, 0.000013, 45.80, 0.840, 93.02, 0.838, 30.84, 0.755, 32.17, 0.665
18253,194730, 89.55, 0.00, 0.726, 0.000, 0.000019, 0.000009,0,0,0, 0.000030, 0.000026, 0.000023, 0.000011, 89.55, 0.726, 45.45, 0.709, 0.00, 0.000, 0.00, 0.000
18254,194741, 31.49, 0.00, 0.669, 0.000, 0.000021, 0.000019,0,0,0, 0.000030, 0.000021, 0.000026, 0.000012, 31.49, 0.669, 46.87, 0.417, 92.30, 0.288, 0.00, 0.000
18255,194752, 47.61, 0.00, 0.422, 0.000, 0.000020, 0.000018,0,0,0, 0.000030, 0.000007, 0.000025, 0.000006, 47.61, 0.422, 0.00, 0.000, 0.00, 0.000, 0.00, 0.000
18256,194762, 33.05, 0.00, 0.470, 0.000, 0.000020, 0.000012,0,0,0, 0.000030, 0.000022, 0.000023, 0.000014, 33.05, 0.470, 35.39, 0.460, 47.05, 0.301, 176.47, 0.023
18257,194773, 32.00, 0.00, 0.833, 0.000, 0.000019, 0.000009,0,0,0, 0.000030, 0.000019, 0.000021, 0.000012, 32.00, 0.833, 47.24, 0.255, 95.23, 0.212, 0.00, 0.000
18258,194784, 43.79, 0.00, 0.414, 0.000, 0.000019, 0.000012,0,0,0, 0.000030, 0.000014, 0.000024, 0.000011, 43.79, 0.414, 92.30, 0.344, 40.26, 0.131, 37.38, 0.008
18259,194794, 30.53, 0.00, 0.707, 0.000, 0.000020, 0.000011,0,0,0, 0.000030, 0.000024, 0.000024, 0.000013, 30.53, 0.707, 43.63, 0.598, 91.60, 0.470, 0.00, 0.000
18260,194805, 43.95, 0.00, 0.595, 0.000, 0.000020, 0.000007,0,0,0, 0.000030, 0.000021, 0.000022, 0.000013, 43.95, 0.595, 90.90, 0.529, 0.00, 0.000, 0.00, 0.000
18261,194816, 45.45, 0.00, 0.732, 0.000, 0.000020, 0.000007,0,0,0, 0.000030, 0.000023, 0.000022, 0.000013, 45.45, 0.732, 90.22, 0.527, 31.33, 0.505, 0.00, 0.000
18262,194826, 45.80, 0.00, 0.641, 0.000, 0.000019, 0.000005,0,0,0, 0.000030, 0.000012, 0.000017, 0.000010, 45.80, 0.641, 93.75, 0.395, 31.08, 0.189, 41.95, 0.083
18263,194837, 91.60, 0.00, 0.297, 0.000, 0.000020, 0.000015,0,0,0, 0.000030, 0.000021, 0.000025, 0.000013, 91.60, 0.297, 47.24, 0.198, 54.05, 0.149, 33.89, 0.135
18264,194848, 32.17, 0.00, 0.462, 0.000, 0.000020, 0.000010,0,0,0, 0.000030, 0.000020, 0.000022, 0.000012, 32.17, 0.462, 34.09, 0.367, 37.15, 0.298, 47.24, 0.221
18265,194858, 92.30, 0.00, 0.375, 0.000, 0.000019, 0.000007,0,0,0, 0.000030, 0.000021, 0.000021, 0.000013, 92.30, 0.375, 32.00, 0.363, 42.70, 0.361, 45.45, 0.320
18266,194869, 96.77, 0.00, 0.540, 0.000, 0.000019, 0.000007,0,0,0, 0.000030, 0.000021, 0.000021, 0.000013, 96.77, 0.540, 45.62, 0.371, 43.01, 0.370, 30.84, 0.120
18267,194880, 31.08, 0.00, 0.750, 0.000, 0.000019, 0.000007,0,0,0, 0.000030, 0.000021, 0.000022, 0.000013, 31.08, 0.750, 46.51, 0.727, 96.77, 0.686, 0.00, 0.000
18268,194890, 30.69, 0.00, 0.804, 0.000, 0.000019, 0.000005,0,0,0, 0.000030, 0.000022, 0.000020, 0.000014, 30.69, 0.804, 45.28, 0.714, 91.60, 0.665, 0.00, 0.000
18269,194901, 31.91, 0.00, 0.760, 0.000, 0.000018, 0.000003,0,0,0, 0.000030, 0.000017, 0.000019, 0.000012, 31.91, 0.760, 91.60, 0.580, 45.28, 0.486, 0.00, 0.000
18270,194912, 31.00, 0.00, 0.485, 0.000, 0.000019, 0.000012,0,0,0, 0.000030, 0.000023, 0.000023, 0.000014, 31.00, 0.485, 93.75, 0.375, 46.33, 0.334, 106.19, 0.300
18271,194922, 31.91, 0.00, 0.527, 0.000, 0.000018, 0.000008,0,0,0, 0.000030, 0.000016, 0.000019, 0.000012, 31.91, 0.527, 47.43, 0.382, 40.67, 0.329, 41.81, 0.301
18272,194933, 31.83, 0.00, 0.388, 0.000, 0.000020, 0.000013,0,0,0, 0.000030, 0.000021, 0.000024, 0.000014, 31.83, 0.388, 46.51, 0.381, 59.40, 0.178, 94.48, 0.158
18273,194944, 34.09, 0.00, 0.446, 0.000, 0.000020, 0.000014,0,0,0, 0.000030, 0.000023, 0.000024, 0.000012, 34.09, 0.446, 45.62, 0.375, 89.55, 0.149, 55.81, 0.146
18274,194954, 31.25, 0.00, 0.968, 0.000, 0.000019, 0.000010,0,0,0, 0.000030, 0.000016, 0.000020, 0.000012, 31.25, 0.968, 46.51, 0.484, 91.60, 0.232, 0.00, 0.000
18275,194965, 46.87, 0.00, 0.665, 0.000, 0.000020, 0.000009,0,0,0, 0.000030, 0.000021, 0.000023, 0.000014, 46.87, 0.665, 80.53, 0.342, 40.26, 0.235, 0.00, 0.000
18276,194976, 44.60, 0.00, 0.768, 0.000, 0.000019, 0.000008,0,0,0, 0.000030, 0.000018, 0.000023, 0.000013, 44.60, 0.768, 31.00, 0.679, 90.90, 0.593, 84.50, 0.573
18277,194986, 44.11, 0.00, 0.843, 0.000, 0.000020, 0.000009,0,0,0, 0.000030, 0.000019, 0.000023, 0.000013, 44.11, 0.843, 90.22, 0.743, 0.00, 0.000, 0.00, 0.000
18278,194997, 89.55, 0.00, 0.744, 0.000, 0.000019, 0.000006,0,0,0, 0.000030, 0.000023, 0.000019, 0.000012, 89.55, 0.744, 44.28, 0.651, 0.00, 0.000, 0.00, 0.000
18279,195008, 88.88, 0.00, 0.705, 0.000, 0.000018, 0.000004,0,0,0, 0.000030, 0.000019, 0.000020, 0.000013, 88.88, 0.705, 41.23, 0.505, 46.33, 0.283, 0.00, 0.000
18280,195018, 32.43, 0.00, 0.765, 0.000, 0.000018, 0.000003,0,0,0, 0.000030, 0.000017, 0.000019, 0.000012, 32.43, 0.765, 88.23, 0.372, 46.33, 0.261, 42.55, 0.111
18281,195029, 31.57, 0.00, 0.440, 0.000, 0.000018, 0.000011,0,0,0, 0.000030, 0.000018, 0.000022, 0.000013, 31.57, 0.440, 60.60, 0.388, 34.38, 0.378, 94.48, 0.360
18282,195040, 34.09, 0.00, 0.490, 0.000, 0.000020, 0.000008,0,0,0, 0.000030, 0.000024, 0.000022, 0.000014, 34.09, 0.490, 98.36, 0.402, 50.63, 0.162, 38.83, 0.160
18283,195050, 31.66, 0.00, 0.981, 0.000, 0.000019, 0.000006,0,0,0, 0.000030, 0.000018, 0.000020, 0.000012, 31.66, 0.981, 46.15, 0.658, 99.17, 0.609, 0.00, 0.000
18284,195061, 46.51, 0.00, 0.818, 0.000, 0.000019, 0.000010,0,0,0, 0.000030, 0.000020, 0.000023, 0.000014, 46.51, 0.818, 30.92, 0.788, 85.71, 0.635, 0.00, 0.000
18285,195072, 44.60, 0.00, 0.778, 0.000, 0.000019, 0.000008,0,0,0, 0.000030, 0.000020, 0.000023, 0.000013, 44.60, 0.778, 86.33, 0.771, 30.92, 0.665, 0.00, 0.000
18286,195082, 43.95, 0.00, 0.914, 0.000, 0.000020, 0.000008,0,0,0, 0.000030, 0.000019, 0.000023, 0.000013, 43.95, 0.914, 88.23, 0.913, 0.00, 0.000, 0.00, 0.000
18287,195093, 31.83, 0.00, 0.571, 0.000, 0.000019, 0.000006,0,0,0, 0.000030, 0.000019, 0.000020, 0.000013, 31.83, 0.571, 89.55, 0.538, 49.18, 0.321, 0.00, 0.000
18288,195104, 52.86, 0.00, 0.563, 0.000, 0.000018, 0.000004,0,0,0, 0.000030, 0.000022, 0.000019, 0.000014, 52.86, 0.563, 94.48, 0.542, 32.78, 0.445, 36.36, 0.285
18289,195114, 32.87, 0.00, 0.646, 0.000, 0.000018, 0.000008,0,0,0, 0.000030, 0.000019, 0.000021, 0.000012, 32.87, 0.646, 94.48, 0.406, 51.28, 0.144, 59.70, 0.142
18290,195125, 31.16, 0.00, 0.709, 0.000, 0.000018, 0.000005,0,0,0, 0.000030, 0.000019, 0.000021, 0.000013, 31.16, 0.709, 94.48, 0.700, 46.15, 0.613, 0.00, 0.000
18291,195136, 94.48, 0.00, 0.597, 0.000, 0.000020, 0.000010,0,0,0, 0.000030, 0.000025, 0.000022, 0.000014, 94.48, 0.597, 42.40, 0.510, 47.24, 0.457, 32.25, 0.112
18292,195146, 31.16, 0.00, 0.862, 0.000, 0.000019, 0.000007,0,0,0, 0.000030, 0.000020, 0.000019, 0.000012, 31.16, 0.862, 96.77, 0.644, 42.70, 0.627, 45.28, 0.619
18293,195157, 45.80, 0.00, 0.726, 0.000, 0.000019, 0.000007,0,0,0, 0.000030, 0.000022, 0.000022, 0.000013, 45.80, 0.726, 91.60, 0.632, 0.00, 0.000, 0.00, 0.000
18294,195168, 43.01, 0.00, 0.705, 0.000, 0.000019, 0.000007,0,0,0, 0.000030, 0.000019, 0.000021, 0.000013, 43.01, 0.705, 89.55, 0.679, 30.92, 0.445, 0.00, 0.000
18295,195178, 43.01, 0.00, 0.844, 0.000, 0.000019, 0.000008,0,0,0, 0.000030, 0.000019, 0.000022, 0.000013, 43.01, 0.844, 89.55, 0.810, 0.00, 0.000, 0.00, 0.000
18296,195189, 88.23, 0.00, 0.462, 0.000, 0.000018, 0.000006,0,0,0, 0.000030, 0.000022, 0.000019, 0.000013, 88.23, 0.462, 32.08, 0.415, 42.25, 0.245, 51.50, 0.175
18297,195200, 52.17, 0.00, 0.467, 0.000, 0.000017, 0.000004,0,0,0, 0.000030, 0.000011, 0.000017, 0.000009, 52.17, 0.467, 37.38, 0.308, 90.90, 0.283, 32.87, 0.246
18298,195210, 30.53, 0.00, 0.894, 0.000, 0.000020, 0.000024,0,0,0, 0.000030, 0.000018, 0.000026, 0.000013, 30.53, 0.894, 40.00, 0.526, 125.00, 0.199, 51.94, 0.120
18299,195221, 30.69, 0.00, 0.655, 0.000, 0.000019, 0.000017,0,0,0, 0.000030, 0.000020, 0.000021, 0.000013, 30.69, 0.655, 37.50, 0.256, 71.00, 0.245, 41.37, 0.138
18300,195232, 71.00, 0.00, 0.385, 0.000, 0.000019, 0.000012,0,0,0, 0.000030, 0.000020, 0.000022, 0.000012, 71.00, 0.385, 31.16, 0.383, 60.00, 0.220, 63.82, 0.219
18301,195242, 36.03, 0.00, 0.709, 0.000, 0.000019, 0.000008,0,0,0, 0.000030, 0.000019, 0.000020, 0.000013, 36.03, 0.709, 71.85, 0.448, 110.09, 0.077, 0.00, 0.000
18302,195253, 37.03, 0.00, 0.527, 0.000, 0.000020, 0.000015,0,0,0, 0.000030, 0.000026, 0.000024, 0.000012, 37.03, 0.527, 74.07, 0.466, 31.33, 0.454, 0.00, 0.000
18303,195264, 36.69, 0.00, 0.600, 0.000, 0.000020, 0.000013,0,0,0, 0.000030, 0.000025, 0.000025, 0.000012, 36.69, 0.600, 74.53, 0.460, 32.25, 0.451, 56.33, 0.068
18304,195274, 37.03, 0.00, 0.722, 0.000, 0.000020, 0.000009,0,0,0, 0.000030, 0.000019, 0.000022, 0.000014, 37.03, 0.722, 74.07, 0.486, 51.06, 0.133, 30.22, 0.022
18305,195285, 37.15, 0.00, 0.695, 0.000, 0.000020, 0.000011,0,0,0, 0.000030, 0.000023, 0.000023, 0.000012, 37.15, 0.695, 73.61, 0.528, 44.28, 0.240, 0.00, 0.000
18306,195296, 37.15, 0.00, 0.784, 0.000, 0.000019, 0.000007,0,0,0, 0.000030, 0.000022, 0.000021, 0.000014, 37.15, 0.784, 74.53, 0.600, 125.00, 0.096, 109.09, 0.082
18307,195306, 37.26, 0.00, 0.720, 0.000, 0.000019, 0.000005,0,0,0, 0.000030, 0.000019, 0.000020, 0.000013, 37.26, 0.720, 74.53, 0.675, 47.80, 0.172, 0.00, 0.000
18308,195317, 74.53, 0.00, 0.810, 0.000, 0.000019, 0.000004,0,0,0, 0.000030, 0.000022, 0.000020, 0.000013, 74.53, 0.810, 37.26, 0.641, 136.36, 0.036, 48.19, 0.014
18309,195328, 74.53, 0.00, 0.808, 0.000, 0.000019, 0.000011,0,0,0, 0.000030, 0.000022, 0.000023, 0.000013, 74.53, 0.808, 37.03, 0.716, 31.49, 0.295, 34.09, 0.223
18310,195338, 74.53, 0.00, 0.775, 0.000, 0.000020, 0.000011,0,0,0, 0.000030, 0.000023, 0.000023, 0.000013, 74.53, 0.775, 37.15, 0.730, 34.28, 0.239, 59.40, 0.100
18311,195349, 74.53, 0.00, 0.900, 0.000, 0.000020, 0.000009,0,0,0, 0.000030, 0.000024, 0.000022, 0.000013, 74.53, 0.900, 37.26, 0.834, 44.44, 0.300, 110.09, 0.175
18312,195360, 74.53, 0.00, 0.935, 0.000, 0.000019, 0.000011,0,0,0, 0.000030, 0.000024, 0.000022, 0.000012, 74.53, 0.935, 37.26, 0.832, 44.28, 0.182, 109.09, 0.125
18313,195370, 74.53, 0.00, 0.972, 0.000, 0.000019, 0.000007,0,0,0, 0.000030, 0.000022, 0.000022, 0.000014, 74.53, 0.972, 37.26, 0.963, 226.41, 0.095, 55.81, 0.075
18314,195381, 74.07, 0.00, 0.929, 0.000, 0.000020, 0.000011,0,0,0, 0.000030, 0.000021, 0.000023, 0.000013, 74.07, 0.929, 37.03, 0.893, 32.08, 0.374, 56.07, 0.233
18315,195392, 37.03, 0.00, 0.924, 0.000, 0.000020, 0.000009,0,0,0, 0.000030, 0.000023, 0.000023, 0.000013, 37.03, 0.924, 74.07, 0.894, 43.79, 0.190, 108.10, 0.173
18316,195402, 74.07, 0.00, 0.921, 0.000, 0.000020, 0.000010,0,0,0, 0.000030, 0.000023, 0.000022, 0.000013, 74.07, 0.921, 37.15, 0.885, 43.63, 0.253, 106.19, 0.133
18317,195413, 74.07, 0.00, 0.917, 0.000, 0.000019, 0.000007,0,0,0, 0.000030, 0.000023, 0.000020, 0.000012, 74.07, 0.917, 37.15, 0.821, 43.47, 0.153, 105.26, 0.110
18318,195424, 74.53, 0.00, 0.902, 0.000, 0.000018, 0.000004,0,0,0, 0.000030, 0.000020, 0.000020, 0.000014, 74.53, 0.902, 37.26, 0.888, 32.08, 0.145, 57.14, 0.052
18319,195434, 37.03, 0.00, 0.921, 0.000, 0.000019, 0.000011,0,0,0, 0.000030, 0.000021, 0.000023, 0.000013, 37.03, 0.921, 74.07, 0.872, 32.43, 0.270, 57.41, 0.117
18320,195445, 73.61, 0.00, 0.896, 0.000, 0.000020, 0.000011,0,0,0, 0.000030, 0.000024, 0.000023, 0.000013, 73.61, 0.896, 37.03, 0.781, 34.88, 0.251, 43.79, 0.167
18321,195456, 74.07, 0.00, 0.943, 0.000, 0.000020, 0.000010,0,0,0, 0.000030, 0.000023, 0.000022, 0.000013, 74.07, 0.943, 37.03, 0.880, 43.63, 0.156, 106.19, 0.111
18322,195466, 37.15, 0.00, 0.959, 0.000, 0.000019, 0.000007,0,0,0, 0.000030, 0.000024, 0.000019, 0.000012, 37.15, 0.959, 74.07, 0.958, 31.91, 0.172, 244.89, 0.114
18323,195477, 74.53, 0.00, 0.953, 0.000, 0.000019, 0.000007,0,0,0, 0.000030, 0.000020, 0.000022, 0.000014, 74.53, 0.953, 37.38, 0.891, 32.25, 0.115, 56.87, 0.106
18324,195488, 37.15, 0.00, 0.977, 0.000, 0.000019, 0.000010,0,0,0, 0.000030, 0.000020, 0.000023, 0.000012, 37.15, 0.977, 74.07, 0.906, 32.34, 0.126, 56.60, 0.104
18325,195498, 74.07, 0.00, 0.916, 0.000, 0.000020, 0.000010,0,0,0, 0.000030, 0.000025, 0.000022, 0.000014, 74.07, 0.916, 37.15, 0.898, 43.79, 0.242, 108.10, 0.167
18326,195509, 74.53, 0.00, 0.940, 0.000, 0.000020, 0.000010,0,0,0, 0.000030, 0.000023, 0.000022, 0.000013, 74.53, 0.940, 37.15, 0.890, 32.00, 0.124, 43.79, 0.088
18327,195520, 74.53, 0.00, 0.977, 0.000, 0.000019, 0.000007,0,0,0, 0.000030, 0.000023, 0.000019, 0.000013, 74.53, 0.977, 37.15, 0.964, 32.17, 0.121, 240.00, 0.083
18328,195530, 37.15, 0.00, 0.981, 0.000, 0.000019, 0.000008,0,0,0, 0.000030, 0.000020, 0.000022, 0.000014, 37.15, 0.981, 74.53, 0.977, 32.25, 0.146, 56.87, 0.141
18329,195541, 74.07, 0.00, 0.990, 0.000, 0.000019, 0.000009,0,0,0, 0.000030, 0.000021, 0.000022, 0.000013, 74.07, 0.990, 37.15, 0.988, 44.11, 0.167, 108.10, 0.143
18330,195552, 37.26, 0.00, 0.990, 0.000, 0.000019, 0.000009,0,0,0, 0.000030, 0.000025, 0.000022, 0.000014, 37.26, 0.990, 74.53, 0.987, 43.95, 0.270, 108.10, 0.206
18331,195562, 37.15, 0.00, 0.996, 0.000, 0.000020, 0.000011,0,0,0, 0.000030, 0.000023, 0.000022, 0.000012, 37.15, 0.996, 74.07, 0.982, 32.17, 0.243, 56.60, 0.149
18332,195573, 37.03, 0.00, 0.988, 0.000, 0.000019, 0.000008,0,0,0, 0.000030, 0.000022, 0.000020, 0.000013, 37.03, 0.988, 74.07, 0.981, 235.29, 0.088, 56.33, 0.088
18333,195584, 74.07, 0.00, 0.984, 0.000, 0.000019, 0.000009,0,0,0, 0.000030, 0.000020, 0.000023, 0.000014, 74.07, 0.984, 37.03, 0.973, 32.00, 0.275, 56.33, 0.202
18334,195594, 37.15, 0.00, 0.992, 0.000, 0.000019, 0.000009,0,0,0, 0.000030, 0.000022, 0.000022, 0.000013, 37.15, 0.992, 74.07, 0.985, 43.95, 0.190, 108.10, 0.168
18335,195605, 74.53, 0.00, 0.989, 0.000, 0.000020, 0.000010,0,0,0, 0.000030, 0.000024, 0.000022, 0.000013, 74.53, 0.989, 37.15, 0.979, 43.95, 0.235, 108.10, 0.177
18336,195616, 74.53, 0.00, 0.987, 0.000, 0.000019, 0.000011,0,0,0, 0.000030, 0.000024, 0.000022, 0.000012, 74.53, 0.987, 37.26, 0.981, 32.08, 0.244, 56.60, 0.159
18337,195626, 37.15, 0.00, 0.996, 0.000, 0.000019, 0.000008,0,0,0, 0.000030, 0.000021, 0.000022, 0.000014, 37.15, 0.996, 74.53, 0.978, 240.00, 0.082, 56.60, 0.064
18338,195637, 74.07, 0.00, 0.982, 0.000, 0.000019, 0.000009,0,0,0, 0.000030, 0.000020, 0.000023, 0.000013, 74.07, 0.982, 37.03, 0.978, 32.08, 0.301, 56.60, 0.212
18339,195648, 37.03, 0.00, 0.986, 0.000, 0.000019, 0.000009,0,0,0, 0.000030, 0.000023, 0.000022, 0.000013, 37.03, 0.986, 74.07, 0.980, 43.95, 0.227, 108.10, 0.188
18340,195658, 74.53, 0.00, 0.986, 0.000, 0.000020, 0.000010,0,0,0, 0.000030, 0.000023, 0.000022, 0.000013, 74.53, 0.986, 37.15, 0.977, 43.95, 0.194, 107.14, 0.142
18341,195669, 74.53, 0.00, 0.986, 0.000, 0.000019, 0.000007,0,0,0, 0.000030, 0.000025, 0.000019, 0.000012, 74.53, 0.986, 37.26, 0.977, 32.00, 0.308, 56.60, 0.193
18342,195680, 74.53, 0.00, 0.992, 0.000, 0.000019, 0.000008,0,0,0, 0.000030, 0.000020, 0.000022, 0.000014, 74.53, 0.992, 37.15, 0.982, 32.08, 0.112, 56.60, 0.110
18343,195690, 74.07, 0.00, 0.977, 0.000, 0.000019, 0.000010,0,0,0, 0.000030, 0.000021, 0.000023, 0.000013, 74.07, 0.977, 37.03, 0.973, 32.17, 0.271, 56.60, 0.186
18344,195701, 37.03, 0.00, 0.976, 0.000, 0.000020, 0.000010,0,0,0, 0.000030, 0.000024, 0.000023, 0.000013, 37.03, 0.976, 74.07, 0.975, 44.11, 0.241, 109.09, 0.197
18345,195712, 74.07, 0.00, 0.973, 0.000, 0.000020, 0.000010,0,0,0, 0.000030, 0.000023, 0.000022, 0.000013, 74.07, 0.973, 37.15, 0.963, 43.79, 0.128, 106.19, 0.108
18346,195722, 74.53, 0.00, 0.989, 0.000, 0.000019, 0.000007,0,0,0, 0.000030, 0.000025, 0.000019, 0.000012, 74.53, 0.989, 37.15, 0.978, 32.00, 0.238, 56.33, 0.146
18347,195733, 74.53, 0.00, 0.991, 0.000, 0.000019, 0.000008,0,0,0, 0.000030, 0.000020, 0.000022, 0.000014, 74.53, 0.991, 37.26, 0.988, 56.33, 0.117, 235.29, 0.110
18348,195744, 74.07, 0.00, 0.974, 0.000, 0.000019, 0.000010,0,0,0, 0.000030, 0.000020, 0.000023, 0.000012, 74.07, 0.974, 37.15, 0.969, 32.34, 0.149, 56.87, 0.125
18349,195754, 37.15, 0.00, 0.972, 0.000, 0.000020, 0.000010,0,0,0, 0.000030, 0.000025, 0.000022, 0.000013, 37.15, 0.972, 74.53, 0.968, 43.95, 0.266, 108.10, 0.201
18350,195765, 74.07, 0.00, 0.972, 0.000, 0.000020, 0.000010,0,0,0, 0.000030, 0.000023, 0.000022, 0.000013, 74.07, 0.972, 37.15, 0.965, 43.79, 0.119, 32.08, 0.113
18351,195776, 74.53, 0.00, 0.982, 0.000, 0.000019, 0.000007,0,0,0, 0.000030, 0.000024, 0.000019, 0.000012, 74.53, 0.982, 37.15, 0.959, 32.00, 0.147, 235.29, 0.108
18352,195786, 37.15, 0.00, 0.984, 0.000, 0.000019, 0.000008,0,0,0, 0.000030, 0.000021, 0.000022, 0.000014, 37.15, 0.984, 74.53, 0.982, 32.08, 0.210, 56.33, 0.169
18353,195797, 74.07, 0.00, 0.983, 0.000, 0.000019, 0.000010,0,0,0, 0.000030, 0.000021, 0.000023, 0.000013, 74.07, 0.983, 37.15, 0.972, 44.28, 0.151, 109.09, 0.143
18354,195808, 74.07, 0.00, 0.979, 0.000, 0.000020, 0.000010,0,0,0, 0.000030, 0.000025, 0.000022, 0.000013, 74.07, 0.979, 37.15, 0.974, 43.95, 0.294, 108.10, 0.213
18355,195818, 74.07, 0.00, 0.986, 0.000, 0.000020, 0.000011,0,0,0, 0.000030, 0.000023, 0.000022, 0.000013, 74.07, 0.986, 37.15, 0.979, 32.08, 0.173, 240.00, 0.118
18356,195829, 74.07, 0.00, 0.986, 0.000, 0.000019, 0.000007,0,0,0, 0.000030, 0.000023, 0.000019, 0.000013, 74.07, 0.986, 37.15, 0.985, 235.29, 0.082, 56.33, 0.078
18357,195840, 74.53, 0.00, 0.987, 0.000, 0.000019, 0.000009,0,0,0, 0.000030, 0.000020, 0.000023, 0.000014, 74.53, 0.987, 37.15, 0.986, 32.00, 0.246, 56.33, 0.183
18358,195850, 74.07, 0.00, 0.986, 0.000, 0.000019, 0.000009,0,0,0, 0.000030, 0.000022, 0.000022, 0.000013, 74.07, 0.986, 37.15, 0.982, 44.11, 0.166, 109.09, 0.147
18359,195861, 74.53, 0.00, 0.991, 0.000, 0.000020, 0.000010,0,0,0, 0.000030, 0.000024, 0.000022, 0.000013, 74.53, 0.991, 37.15, 0.980, 44.11, 0.238, 108.10, 0.164
18360,195872, 74.53, 0.00, 0.991, 0.000, 0.000019, 0.000011,0,0,0, 0.000030, 0.000024, 0.000022, 0.000012, 74.53, 0.991, 37.15, 0.985, 32.00, 0.220, 56.33, 0.134
18361,195882, 74.07, 0.00, 0.986, 0.000, 0.000019, 0.000007,0,0,0, 0.000030, 0.000022, 0.000022, 0.000014, 74.07, 0.986, 37.15, 0.979, 235.29, 0.060, 56.60, 0.042
18362,195893, 37.15, 0.00, 0.990, 0.000, 0.000019, 0.000009,0,0,0, 0.000030, 0.000020, 0.000022, 0.000014, 37.15, 0.990, 74.07, 0.984, 32.00, 0.248, 56.33, 0.187
18363,195904, 74.07, 0.00, 0.987, 0.000, 0.000019, 0.000009,0,0,0, 0.000030, 0.000023, 0.000022, 0.000013, 74.07, 0.987, 37.15, 0.983, 44.11, 0.203, 109.09, 0.166
18364,195914, 74.53, 0.00, 0.995, 0.000, 0.000020, 0.000010,0,0,0, 0.000030, 0.000023, 0.000022, 0.000013, 74.53, 0.995, 37.15, 0.992, 43.95, 0.170, 108.10, 0.135
18365,195925, 37.15, 0.00, 0.996, 0.000, 0.000019, 0.000007,0,0,0, 0.000030, 0.000025, 0.000019, 0.000012, 37.15, 0.996, 74.53, 0.996, 32.00, 0.307, 56.33, 0.179
18366,195936, 74.07, 0.00, 0.989, 0.000, 0.000019, 0.000008,0,0,0, 0.000030, 0.000021, 0.000022, 0.000014, 74.07, 0.989, 37.15, 0.988, 235.29, 0.077, 56.33, 0.070
18367,195946, 37.03, 0.00, 0.996, 0.000, 0.000019, 0.000009,0,0,0, 0.000030, 0.000020, 0.000022, 0.000013, 37.03, 0.996, 74.07, 0.983, 32.25, 0.245, 56.60, 0.161
18368,195957, 74.07, 0.00, 0.984, 0.000, 0.000019, 0.000009,0,0,0, 0.000030, 0.000023, 0.000022, 0.000013, 74.07, 0.984, 37.03, 0.979, 44.11, 0.226, 109.09, 0.172
18369,195968, 74.53, 0.00, 0.990, 0.000, 0.000020, 0.000010,0,0,0, 0.000030, 0.000023, 0.000022, 0.000013, 74.53, 0.990, 37.15, 0.981, 43.95, 0.116, 107.14, 0.093
18370,195978, 74.53, 0.00, 0.989, 0.000, 0.000019, 0.000007,0,0,0, 0.000030, 0.000024, 0.000020, 0.000012, 74.53, 0.989, 37.15, 0.983, 31.91, 0.221, 56.33, 0.125
18371,195989, 37.15, 0.00, 0.990, 0.000, 0.000019, 0.000008,0,0,0, 0.000030, 0.000020, 0.000022, 0.000014, 37.15, 0.990, 74.07, 0.982, 32.00, 0.084, 56.60, 0.077
18372,196000, 37.15, 0.00, 0.987, 0.000, 0.000019, 0.000009,0,0,0, 0.000030, 0.000020, 0.000022, 0.000013, 37.15, 0.987, 74.07, 0.979, 32.34, 0.156, 56.87, 0.118
18373,196010, 37.15, 0.00, 0.977, 0.000, 0.000019, 0.000009,0,0,0, 0.000030, 0.000024, 0.000022, 0.000014, 37.15, 0.977, 74.07, 0.974, 43.95, 0.249, 108.10, 0.176
18374,196021, 74.07, 0.00, 0.984, 0.000, 0.000020, 0.000010,0,0,0, 0.000030, 0.000023, 0.000022, 0.000013, 74.07, 0.984, 37.15, 0.975, 43.79, 0.103, 107.14, 0.079
18375,196032, 74.53, 0.00, 0.985, 0.000, 0.000019, 0.000007,0,0,0, 0.000030, 0.000024, 0.000019, 0.000012, 74.53, 0.985, 37.15, 0.983, 32.00, 0.185, 56.60, 0.116
18376,196042, 74.07, 0.00, 0.987, 0.000, 0.000019, 0.000008,0,0,0, 0.000030, 0.000020, 0.000022, 0.000014, 74.07, 0.987, 37.15, 0.984, 32.08, 0.156, 56.60, 0.131
18377,196053, 74.07, 0.00, 0.986, 0.000, 0.000019, 0.000009,0,0,0, 0.000030, 0.000020, 0.000022, 0.000012, 74.07, 0.986, 37.03, 0.984, 44.11, 0.120, 109.09, 0.112
18378,196064, 74.53, 0.00, 0.982, 0.000, 0.000019, 0.000009,0,0,0, 0.000030, 0.000025, 0.000022, 0.000014, 74.53, 0.982, 37.15, 0.974, 43.95, 0.285, 108.10, 0.188
18379,196074, 37.15, 0.00, 0.987, 0.000, 0.000020, 0.000010,0,0,0, 0.000030, 0.000023, 0.000022, 0.000013, 37.15, 0.987, 74.07, 0.986, 32.08, 0.118, 240.00, 0.083
18380,196085, 74.53, 0.00, 0.990, 0.000, 0.000019, 0.000007,0,0,0, 0.000030, 0.000022, 0.000019, 0.000013, 74.53, 0.990, 37.15, 0.987, 32.00, 0.086, 56.60, 0.073
18381,196096, 37.15, 0.00, 0.986, 0.000, 0.000019, 0.000008,0,0,0, 0.000030, 0.000019, 0.000022, 0.000014, 37.15, 0.986, 74.07, 0.979, 32.08, 0.132, 56.33, 0.116
18382,196106, 74.07, 0.00, 0.980, 0.000, 0.000019, 0.000008,0,0,0, 0.000030, 0.000020, 0.000022, 0.000012, 74.07, 0.980, 37.03, 0.968, 43.95, 0.147, 108.10, 0.099
18383,196117, 74.07, 0.00, 0.977, 0.000, 0.000019, 0.000008,0,0,0, 0.000030, 0.000024, 0.000022, 0.000014, 74.07, 0.977, 37.03, 0.961, 43.79, 0.200, 107.14, 0.121
18384,196128, 74.07, 0.00, 0.990, 0.000, 0.000020, 0.000009,0,0,0, 0.000030, 0.000023, 0.000022, 0.000012, 74.07, 0.990, 37.15, 0.979, 32.17, 0.123, 56.87, 0.060
18385,196138, 74.53, 0.00, 0.963, 0.000, 0.000019, 0.000006,0,0,0, 0.000030, 0.000022, 0.000020, 0.000013, 74.53, 0.963, 37.15, 0.950, 244.89, 0.006, 0.00, 0.000
18386,196149, 37.15, 0.00, 0.978, 0.000, 0.000019, 0.000008,0,0,0, 0.000030, 0.000019, 0.000022, 0.000013, 37.15, 0.978, 74.07, 0.953, 32.17, 0.164, 56.60, 0.145
18387,196160, 74.07, 0.00, 0.969, 0.000, 0.000019, 0.000008,0,0,0, 0.000030, 0.000022, 0.000022, 0.000013, 74.07, 0.969, 37.03, 0.954, 43.95, 0.144, 108.10, 0.111
18388,196170, 74.07, 0.00, 0.975, 0.000, 0.000020, 0.000009,0,0,0, 0.000030, 0.000023, 0.000022, 0.000013, 74.07, 0.975, 37.15, 0.949, 43.79, 0.153, 107.14, 0.096
18389,196181, 74.07, 0.00, 0.944, 0.000, 0.000019, 0.000006,0,0,0, 0.000030, 0.000024, 0.000021, 0.000012, 74.07, 0.944, 37.03, 0.915, 31.91, 0.297, 56.60, 0.127
18390,196192, 74.07, 0.00, 0.683, 0.000, 0.000020, 0.000016,0,0,0, 0.000030, 0.000027, 0.000025, 0.000010, 74.07, 0.683, 31.91, 0.540, 37.85, 0.447, 56.60, 0.195
18391,196202, 38.09, 0.00, 0.600, 0.000, 0.000021, 0.000014,0,0,0, 0.000030, 0.000010, 0.000024, 0.000013, 38.09, 0.600, 74.07, 0.257, 42.25, 0.128, 55.04, 0.018
18392,196213, 37.50, 0.00, 0.418, 0.000, 0.000020, 0.000009,0,0,0, 0.000030, 0.000019, 0.000022, 0.000013, 37.50, 0.418, 42.55, 0.326, 73.61, 0.292, 69.76, 0.260
18393,196224, 74.07, 0.00, 0.510, 0.000, 0.000019, 0.000007,0,0,0, 0.000030, 0.000017, 0.000023, 0.000012, 74.07, 0.510, 38.46, 0.468, 30.53, 0.421, 0.00, 0.000
18394,196234, 75.47, 0.00, 0.361, 0.000, 0.000020, 0.000011,0,0,0, 0.000030, 0.000016, 0.000024, 0.000012, 75.47, 0.361, 40.67, 0.297, 81.08, 0.273, 86.33, 0.257
18395,196245, 94.48, 0.00, 0.524, 0.000, 0.000019, 0.000008,0,0,0, 0.000030, 0.000026, 0.000022, 0.000011, 94.48, 0.524, 41.95, 0.302, 44.60, 0.271, 75.47, 0.221
18396,196256, 96.77, 0.00, 0.415, 0.000, 0.000021, 0.000015,0,0,0, 0.000030, 0.000025, 0.000025, 0.000012, 96.77, 0.415, 43.63, 0.319, 36.92, 0.280, 48.38, 0.246
18397,196266, 32.69, 0.00, 0.611, 0.000, 0.000020, 0.000010,0,0,0, 0.000030, 0.000014, 0.000022, 0.000012, 32.69, 0.611, 151.89, 0.416, 37.03, 0.409, 96.77, 0.383
18398,196277, 36.92, 0.00, 0.443, 0.000, 0.000019, 0.000007,0,0,0, 0.000030, 0.000017, 0.000021, 0.000012, 36.92, 0.443, 33.14, 0.406, 307.69, 0.349, 49.38, 0.323
18399,196288, 32.96, 0.00, 0.637, 0.000, 0.000019, 0.000007,0,0,0, 0.000030, 0.000021, 0.000022, 0.000014, 32.96, 0.637, 74.53, 0.477, 97.56, 0.472, 37.15, 0.381
18400,196298, 75.47, 0.00, 0.531, 0.000, 0.000019, 0.000004,0,0,0, 0.000030, 0.000021, 0.000021, 0.000013, 75.47, 0.531, 37.50, 0.522, 97.56, 0.455, 43.01, 0.326
18401,196309, 48.78, 0.00, 0.486, 0.000, 0.000018, 0.000003,0,0,0, 0.000030, 0.000022, 0.000019, 0.000013, 48.78, 0.486, 95.23, 0.482, 41.95, 0.411, 74.53, 0.236
18402,196320, 49.18, 0.00, 0.463, 0.000, 0.000019, 0.000009,0,0,0, 0.000030, 0.000025, 0.000021, 0.000013, 49.18, 0.463, 42.10, 0.448, 93.75, 0.360, 75.94, 0.278
18403,196330, 42.70, 0.00, 0.494, 0.000, 0.000019, 0.000010,0,0,0, 0.000030, 0.000020, 0.000022, 0.000012, 42.70, 0.494, 92.30, 0.436, 49.18, 0.306, 32.60, 0.110
18404,196341, 30.30, 0.00, 0.548, 0.000, 0.000020, 0.000011,0,0,0, 0.000030, 0.000016, 0.000023, 0.000012, 30.30, 0.548, 43.63, 0.447, 49.58, 0.340, 99.17, 0.325
18405,196352, 32.96, 0.00, 0.778, 0.000, 0.000019, 0.000007,0,0,0, 0.000030, 0.000022, 0.000020, 0.000013, 32.96, 0.778, 49.38, 0.563, 99.17, 0.379, 42.85, 0.345
18406,196362, 49.38, 0.00, 0.781, 0.000, 0.000019, 0.000005,0,0,0, 0.000030, 0.000019, 0.000021, 0.000013, 49.38, 0.781, 42.55, 0.361, 32.78, 0.322, 99.17, 0.310
18407,196373, 42.40, 0.00, 0.607, 0.000, 0.000019, 0.000009,0,0,0, 0.000030, 0.000024, 0.000022, 0.000013, 42.40, 0.607, 49.38, 0.545, 98.36, 0.447, 33.05, 0.410
18408,196384, 30.15, 0.00, 0.723, 0.000, 0.000019, 0.000008,0,0,0, 0.000030, 0.000020, 0.000021, 0.000013, 30.15, 0.723, 42.85, 0.553, 97.56, 0.529, 33.14, 0.410
18409,196394, 96.77, 0.00, 0.603, 0.000, 0.000019, 0.000006,0,0,0, 0.000030, 0.000025, 0.000021, 0.000013, 96.77, 0.603, 48.97, 0.505, 32.52, 0.483, 42.70, 0.460
18410,196405, 48.78, 0.00, 0.764, 0.000, 0.000019, 0.000009,0,0,0, 0.000030, 0.000022, 0.000022, 0.000012, 48.78, 0.764, 32.87, 0.687, 96.77, 0.618, 42.55, 0.380
18411,196416, 48.97, 0.00, 0.585, 0.000, 0.000019, 0.000006,0,0,0, 0.000030, 0.000022, 0.000022, 0.000013, 48.97, 0.585, 96.77, 0.482, 43.01, 0.457, 76.92, 0.188
18412,196426, 43.47, 0.00, 0.497, 0.000, 0.000018, 0.000004,0,0,0, 0.000030, 0.000015, 0.000018, 0.000012, 43.47, 0.497, 49.18, 0.435, 98.36, 0.418, 33.33, 0.307
18413,196437, 43.79, 0.00, 0.361, 0.000, 0.000019, 0.000015,0,0,0, 0.000030, 0.000025, 0.000024, 0.000012, 43.79, 0.361, 48.97, 0.332, 50.42, 0.330, 47.80, 0.322
18414,196448, 43.47, 0.00, 0.528, 0.000, 0.000021, 0.000020,0,0,0, 0.000030, 0.000022, 0.000026, 0.000012, 43.47, 0.528, 315.78, 0.374, 47.05, 0.361, 50.63, 0.328
18415,196458, 32.78, 0.00, 0.637, 0.000, 0.000019, 0.000014,0,0,0, 0.000030, 0.000009, 0.000020, 0.000008, 32.78, 0.637, 43.63, 0.278, 292.68, 0.226, 48.97, 0.176
18416,196469, 32.87, 0.00, 0.457, 0.000, 0.000020, 0.000014,0,0,0, 0.000030, 0.000020, 0.000025, 0.000014, 32.87, 0.457, 34.88, 0.432, 333.33, 0.266, 42.55, 0.183
18417,196480, 32.25, 0.00, 0.619, 0.000, 0.000019, 0.000009,0,0,0, 0.000030, 0.000015, 0.000019, 0.000011, 32.25, 0.619, 42.85, 0.482, 96.77, 0.268, 84.50, 0.206
18418,196490, 42.40, 0.00, 0.658, 0.000, 0.000020, 0.000013,0,0,0, 0.000030, 0.000022, 0.000024, 0.000014, 42.40, 0.658, 49.79, 0.335, 96.77, 0.327, 74.53, 0.238
18419,196501, 42.55, 0.00, 0.572, 0.000, 0.000019, 0.000009,0,0,0, 0.000030, 0.000023, 0.000021, 0.000013, 42.55, 0.572, 99.17, 0.524, 48.78, 0.485, 33.24, 0.255
18420,196512, 98.36, 0.00, 0.638, 0.000, 0.000018, 0.000006,0,0,0, 0.000030, 0.000021, 0.000019, 0.000013, 98.36, 0.638, 49.18, 0.530, 43.16, 0.441, 74.53, 0.340
18421,196522, 99.17, 0.00, 0.791, 0.000, 0.000018, 0.000007,0,0,0, 0.000030, 0.000023, 0.000021, 0.000013, 99.17, 0.791, 48.97, 0.756, 32.87, 0.697, 42.70, 0.312
18422,196533, 98.36, 0.00, 0.762, 0.000, 0.000018, 0.000005,0,0,0, 0.000030, 0.000020, 0.000019, 0.000013, 98.36, 0.762, 49.38, 0.750, 32.96, 0.625, 37.15, 0.449
18423,196544, 99.17, 0.00, 0.748, 0.000, 0.000017, 0.000003,0,0,0, 0.000030, 0.000021, 0.000019, 0.000013, 99.17, 0.748, 49.79, 0.720, 33.14, 0.621, 74.53, 0.418
18424,196554, 99.17, 0.00, 0.636, 0.000, 0.000017, 0.000003,0,0,0, 0.000030, 0.000015, 0.000018, 0.000011, 99.17, 0.636, 49.38, 0.567, 30.61, 0.447, 33.05, 0.396
18425,196565, 98.36, 0.00, 0.607, 0.000, 0.000019, 0.000016,0,0,0, 0.000030, 0.000020, 0.000024, 0.000014, 98.36, 0.607, 48.97, 0.433, 43.01, 0.429, 75.00, 0.360
18426,196576, 96.77, 0.00, 0.696, 0.000, 0.000019, 0.000011,0,0,0, 0.000030, 0.000022, 0.000021, 0.000013, 96.77, 0.696, 43.16, 0.495, 48.58, 0.469, 32.34, 0.403
18427,196586, 96.77, 0.00, 0.750, 0.000, 0.000018, 0.000007,0,0,0, 0.000030, 0.000023, 0.000020, 0.000014, 96.77, 0.750, 48.58, 0.630, 32.08, 0.525, 42.85, 0.313
18428,196597, 98.36, 0.00, 0.772, 0.000, 0.000018, 0.000005,0,0,0, 0.000030, 0.000023, 0.000018, 0.000013, 98.36, 0.772, 49.18, 0.568, 32.78, 0.430, 42.70, 0.346
18429,196608, 98.36, 0.00, 0.669, 0.000, 0.000017, 0.000005,0,0,0, 0.000030, 0.000018, 0.000019, 0.000013, 98.36, 0.669, 42.85, 0.465, 33.14, 0.462, 49.79, 0.429
18430,196618, 99.17, 0.00, 0.678, 0.000, 0.000017, 0.000004,0,0,0, 0.000030, 0.000020, 0.000018, 0.000013, 99.17, 0.678, 33.05, 0.673, 49.79, 0.610, 30.07, 0.596
18431,196629, 49.79, 0.00, 0.698, 0.000, 0.000017, 0.000013,0,0,0, 0.000030, 0.000016, 0.000021, 0.000012, 49.79, 0.698, 99.17, 0.675, 32.87, 0.605, 148.14, 0.529
18432,196640, 49.38, 0.00, 0.637, 0.000, 0.000018, 0.000010,0,0,0, 0.000030, 0.000022, 0.000022, 0.000014, 49.38, 0.637, 98.36, 0.591, 32.87, 0.558, 42.40, 0.397
18433,196650, 97.56, 0.00, 0.628, 0.000, 0.000018, 0.000007,0,0,0, 0.000030, 0.000020, 0.000020, 0.000012, 97.56, 0.628, 32.52, 0.542, 48.78, 0.468, 42.70, 0.429
18434,196661, 42.55, 0.00, 0.595, 0.000, 0.000018, 0.000006,0,0,0, 0.000030, 0.000021, 0.000021, 0.000013, 42.55, 0.595, 96.77, 0.509, 48.78, 0.371, 76.92, 0.303
18435,196672, 98.36, 0.00, 0.663, 0.000, 0.000018, 0.000004,0,0,0, 0.000030, 0.000020, 0.000020, 0.000013, 98.36, 0.663, 42.85, 0.600, 48.97, 0.318, 32.60, 0.307
18436,196682, 98.36, 0.00, 0.628, 0.000, 0.000018, 0.000007,0,0,0, 0.000030, 0.000021, 0.000021, 0.000013, 98.36, 0.628, 42.55, 0.619, 49.18, 0.409, 75.00, 0.408
18437,196693, 97.56, 0.00, 0.794, 0.000, 0.000018, 0.000007,0,0,0, 0.000030, 0.000022, 0.000021, 0.000013, 97.56, 0.794, 32.96, 0.603, 49.18, 0.588, 43.01, 0.435
18438,196704, 96.77, 0.00, 0.582, 0.000, 0.000018, 0.000008,0,0,0, 0.000030, 0.000023, 0.000021, 0.000012, 96.77, 0.582, 43.01, 0.467, 48.00, 0.390, 76.43, 0.305
18439,196714, 43.63, 0.00, 0.387, 0.000, 0.000020, 0.000018,0,0,0, 0.000030, 0.000024, 0.000024, 0.000011, 43.63, 0.387, 42.40, 0.384, 33.70, 0.358, 96.00, 0.356
18440,196725, 32.08, 0.00, 0.696, 0.000, 0.000019, 0.000013,0,0,0, 0.000030, 0.000017, 0.000019, 0.000012, 32.08, 0.696, 52.17, 0.519, 93.75, 0.231, 81.63, 0.177
18441,196736, 32.34, 0.00, 0.491, 0.000, 0.000019, 0.000011,0,0,0, 0.000030, 0.000018, 0.000024, 0.000013, 32.34, 0.491, 50.42, 0.435, 86.95, 0.432, 108.10, 0.214
18442,196746, 88.23, 0.00, 0.723, 0.000, 0.000020, 0.000008,0,0,0, 0.000030, 0.000020, 0.000023, 0.000014, 88.23, 0.723, 31.74, 0.719, 45.62, 0.635, 0.00, 0.000
18443,196757, 88.88, 0.00, 0.879, 0.000, 0.000019, 0.000005,0,0,0, 0.000030, 0.000021, 0.000022, 0.000013, 88.88, 0.879, 45.45, 0.785, 30.30, 0.683, 0.00, 0.000
18444,196768, 90.22, 0.00, 0.888, 0.000, 0.000019, 0.000008,0,0,0, 0.000030, 0.000023, 0.000022, 0.000013, 90.22, 0.888, 46.15, 0.800, 31.57, 0.656, 0.00, 0.000
18445,196778, 30.53, 0.00, 0.808, 0.000, 0.000018, 0.000005,0,0,0, 0.000030, 0.000018, 0.000020, 0.000012, 30.53, 0.808, 89.55, 0.792, 46.15, 0.765, 0.00, 0.000
18446,196789, 31.25, 0.00, 0.970, 0.000, 0.000019, 0.000009,0,0,0, 0.000030, 0.000020, 0.000022, 0.000013, 31.25, 0.970, 46.15, 0.759, 93.75, 0.727, 0.00, 0.000
18447,196800, 49.79, 0.00, 0.757, 0.000, 0.000018, 0.000006,0,0,0, 0.000030, 0.000019, 0.000021, 0.000013, 49.79, 0.757, 31.57, 0.746, 96.00, 0.702, 0.00, 0.000
18448,196810, 32.52, 0.00, 0.984, 0.000, 0.000018, 0.000007,0,0,0, 0.000030, 0.000018, 0.000022, 0.000013, 32.52, 0.984, 49.79, 0.825, 94.48, 0.799, 0.00, 0.000
18449,196821, 32.25, 0.00, 0.855, 0.000, 0.000019, 0.000010,0,0,0, 0.000030, 0.000018, 0.000023, 0.000013, 32.25, 0.855, 94.48, 0.850, 47.61, 0.730, 0.00, 0.000
18450,196832, 93.02, 0.00, 0.826, 0.000, 0.000020, 0.000010,0,0,0, 0.000030, 0.000021, 0.000023, 0.000014, 93.02, 0.826, 31.08, 0.804, 46.51, 0.775, 0.00, 0.000
18451,196842, 92.30, 0.00, 0.852, 0.000, 0.000019, 0.000007,0,0,0, 0.000030, 0.000022, 0.000021, 0.000014, 92.30, 0.852, 45.80, 0.752, 43.63, 0.738, 30.92, 0.694
18452,196853, 31.00, 0.00, 0.932, 0.000, 0.000018, 0.000005,0,0,0, 0.000030, 0.000019, 0.000020, 0.000012, 31.00, 0.932, 91.60, 0.813, 46.51, 0.734, 0.00, 0.000
18453,196864, 92.30, 0.00, 0.772, 0.000, 0.000020, 0.000009,0,0,0, 0.000030, 0.000025, 0.000022, 0.000013, 92.30, 0.772, 46.33, 0.680, 31.00, 0.547, 0.00, 0.000
18454,196874, 44.11, 0.00, 0.636, 0.000, 0.000019, 0.000006,0,0,0, 0.000030, 0.000015, 0.000019, 0.000012, 44.11, 0.636, 91.60, 0.524, 0.00, 0.000, 0.00, 0.000
18455,196885, 31.08, 0.00, 0.883, 0.000, 0.000019, 0.000009,0,0,0, 0.000030, 0.000020, 0.000023, 0.000013, 31.08, 0.883, 46.33, 0.543, 90.90, 0.385, 53.33, 0.081
18456,196896, 49.58, 0.00, 0.652, 0.000, 0.000018, 0.000006,0,0,0, 0.000030, 0.000017, 0.000021, 0.000012, 49.58, 0.652, 31.91, 0.501, 96.00, 0.420, 37.26, 0.095
18457,196906, 48.78, 0.00, 0.755, 0.000, 0.000019, 0.000012,0,0,0, 0.000030, 0.000018, 0.000024, 0.000013, 48.78, 0.755, 32.43, 0.619, 95.23, 0.615, 0.00, 0.000
18458,196917, 31.49, 0.00, 0.909, 0.000, 0.000019, 0.000008,0,0,0, 0.000030, 0.000018, 0.000023, 0.000013, 31.49, 0.909, 46.69, 0.835, 93.75, 0.819, 0.00, 0.000
18459,196928, 91.60, 0.00, 0.864, 0.000, 0.000020, 0.000008,0,0,0, 0.000030, 0.000022, 0.000023, 0.000014, 91.60, 0.864, 45.80, 0.823, 30.76, 0.629, 0.00, 0.000
18460,196938, 92.30, 0.00, 0.884, 0.000, 0.000020, 0.000008,0,0,0, 0.000030, 0.000023, 0.000022, 0.000013, 92.30, 0.884, 46.15, 0.731, 43.47, 0.727, 30.92, 0.680
18461,196949, 31.08, 0.00, 0.926, 0.000, 0.000019, 0.000006,0,0,0, 0.000030, 0.000017, 0.000019, 0.000012, 31.08, 0.926, 92.30, 0.762, 46.69, 0.664, 0.00, 0.000
18462,196960, 93.02, 0.00, 0.647, 0.000, 0.000019, 0.000013,0,0,0, 0.000030, 0.000028, 0.000023, 0.000011, 93.02, 0.647, 46.69, 0.633, 31.16, 0.604, 0.00, 0.000
18463,196970, 46.51, 0.00, 0.742, 0.000, 0.000020, 0.000011,0,0,0, 0.000030, 0.000018, 0.000024, 0.000013, 46.51, 0.742, 31.16, 0.467, 93.75, 0.354, 33.33, 0.313
18464,196981, 31.33, 0.00, 0.868, 0.000, 0.000019, 0.000007,0,0,0, 0.000030, 0.000019, 0.000021, 0.000013, 31.33, 0.868, 46.87, 0.671, 94.48, 0.418, 60.60, 0.034
18465,196992, 47.80, 0.00, 0.536, 0.000, 0.000019, 0.000006,0,0,0, 0.000030, 0.000014, 0.000022, 0.000011, 47.80, 0.536, 94.48, 0.484, 31.41, 0.322, 0.00, 0.000
18466,197002, 39.08, 0.00, 0.650, 0.000, 0.000021, 0.000021,0,0,0, 0.000030, 0.000018, 0.000026, 0.000012, 39.08, 0.650, 96.00, 0.399, 61.22, 0.083, 49.79, 0.061
18467,197013, 39.08, 0.00, 0.619, 0.000, 0.000020, 0.000015,0,0,0, 0.000030, 0.000024, 0.000018, 0.000012, 39.08, 0.619, 96.00, 0.298, 65.57, 0.203, 0.00, 0.000
18468,197024, 32.60, 0.00, 0.337, 0.000, 0.000020, 0.000010,0,0,0, 0.000030, 0.000026, 0.000024, 0.000011, 32.60, 0.337, 99.17, 0.300, 47.61, 0.291, 70.58, 0.286
18469,197034, 99.17, 0.00, 0.643, 0.000, 0.000020, 0.000009,0,0,0, 0.000030, 0.000024, 0.000022, 0.000013, 99.17, 0.643, 31.00, 0.516, 32.52, 0.501, 49.18, 0.467
18470,197045, 100.00, 0.00, 0.707, 0.000, 0.000019, 0.000007,0,0,0, 0.000030, 0.000018, 0.000022, 0.000014, 100.00, 0.707, 49.79, 0.570, 54.29, 0.444, 35.29, 0.321
18471,197056, 100.00, 0.00, 0.647, 0.000, 0.000018, 0.000005,0,0,0, 0.000030, 0.000026, 0.000021, 0.000011, 100.00, 0.647, 50.00, 0.565, 33.14, 0.503, 53.33, 0.451
18472,197066, 100.00, 0.00, 0.677, 0.000, 0.000021, 0.000016,0,0,0, 0.000030, 0.000025, 0.000024, 0.000012, 100.00, 0.677, 33.05, 0.667, 49.58, 0.622, 31.83, 0.561
18473,197077, 100.00, 0.00, 0.730, 0.000, 0.000020, 0.000011,0,0,0, 0.000030, 0.000023, 0.000023, 0.000013, 100.00, 0.730, 32.25, 0.667, 32.69, 0.657, 31.57, 0.629
18474,197088, 33.14, 0.00, 0.934, 0.000, 0.000021, 0.000013,0,0,0, 0.000030, 0.000025, 0.000024, 0.000012, 33.14, 0.934, 99.17, 0.828, 49.58, 0.827, 0.00, 0.000
18475,197098, 33.14, 0.00, 0.973, 0.000, 0.000020, 0.000010,0,0,0, 0.000030, 0.000025, 0.000023, 0.000012, 33.14, 0.973, 49.58, 0.949, 99.17, 0.873, 0.00, 0.000
18476,197109, 49.58, 0.00, 0.933, 0.000, 0.000020, 0.000009,0,0,0, 0.000030, 0.000025, 0.000023, 0.000012, 49.58, 0.933, 33.05, 0.923, 99.17, 0.915, 0.00, 0.000
18477,197120, 33.14, 0.00, 0.990, 0.000, 0.000021, 0.000013,0,0,0, 0.000030, 0.000026, 0.000024, 0.000012, 33.14, 0.990, 99.17, 0.966, 49.79, 0.955, 0.00, 0.000
18478,197130, 99.17, 0.00, 0.983, 0.000, 0.000021, 0.000012,0,0,0, 0.000030, 0.000026, 0.000024, 0.000012, 99.17, 0.983, 33.14, 0.969, 49.58, 0.963, 0.00, 0.000
18479,197141, 99.17, 0.00, 0.987, 0.000, 0.000021, 0.000012,0,0,0, 0.000030, 0.000026, 0.000024, 0.000011, 99.17, 0.987, 49.58, 0.980, 33.05, 0.964, 0.00, 0.000
18480,197152, 33.14, 0.00, 0.998, 0.000, 0.000021, 0.000011,0,0,0, 0.000030, 0.000026, 0.000024, 0.000012, 33.14, 0.998, 99.17, 0.997, 49.79, 0.996, 0.00, 0.000
18481,197162, 33.14, 0.00, 0.999, 0.000, 0.000021, 0.000011,0,0,0, 0.000030, 0.000026, 0.000024, 0.000011, 33.14, 0.999, 49.79, 0.998, 99.17, 0.996, 0.00, 0.000
18482,197173, 99.17, 0.00, 0.987, 0.000, 0.000021, 0.000011,0,0,0, 0.000030, 0.000026, 0.000024, 0.000011, 99.17, 0.987, 49.79, 0.980, 33.14, 0.975, 0.00, 0.000
18483,197184, 99.17, 0.00, 0.980, 0.000, 0.000020, 0.000009,0,0,0, 0.000030, 0.000026, 0.000024, 0.000011, 99.17, 0.980, 49.58, 0.977, 33.05, 0.961, 0.00, 0.000
18484,197194, 49.58, 0.00, 0.967, 0.000, 0.000020, 0.000011,0,0,0, 0.000030, 0.000026, 0.000024, 0.000011, 49.58, 0.967, 99.17, 0.959, 33.05, 0.945, 0.00, 0.000
18485,197205, 99.17, 0.00, 0.923, 0.000, 0.000020, 0.000007,0,0,0, 0.000030, 0.000024, 0.000022, 0.000013, 99.17, 0.923, 49.79, 0.882, 33.14, 0.853, 0.00, 0.000
18486,197216, 33.24, 0.00, 0.962, 0.000, 0.000019, 0.000005,0,0,0, 0.000030, 0.000026, 0.000021, 0.000011, 33.24, 0.962, 100.00, 0.877, 50.00, 0.820, 0.00, 0.000
18487,197226, 33.24, 0.00, 0.894, 0.000, 0.000019, 0.000012,0,0,0, 0.000030, 0.000026, 0.000024, 0.000011, 33.24, 0.894, 100.00, 0.888, 49.79, 0.842, 0.00, 0.000
18488,197237, 99.17, 0.00, 0.926, 0.000, 0.000021, 0.000014,0,0,0, 0.000030, 0.000025, 0.000024, 0.000013, 99.17, 0.926, 49.79, 0.882, 33.14, 0.817, 31.91, 0.371
18489,197248, 99.17, 0.00, 0.973, 0.000, 0.000021, 0.000012,0,0,0, 0.000030, 0.000025, 0.000024, 0.000013, 99.17, 0.973, 49.58, 0.961, 33.14, 0.951, 0.00, 0.000
18490,197258, 99.17, 0.00, 0.975, 0.000, 0.000021, 0.000010,0,0,0, 0.000030, 0.000024, 0.000023, 0.000012, 99.17, 0.975, 49.58, 0.954, 33.05, 0.945, 0.00, 0.000
18491,197269, 33.14, 0.00, 0.994, 0.000, 0.000021, 0.000013,0,0,0, 0.000030, 0.000025, 0.000024, 0.000012, 33.14, 0.994, 99.17, 0.956, 49.58, 0.956, 0.00, 0.000
18492,197280, 33.14, 0.00, 0.971, 0.000, 0.000021, 0.000012,0,0,0, 0.000030, 0.000026, 0.000024, 0.000012, 33.14, 0.971, 100.00, 0.963, 49.79, 0.947, 0.00, 0.000
18493,197290, 99.17, 0.00, 0.968, 0.000, 0.000021, 0.000012,0,0,0, 0.000030, 0.000026, 0.000024, 0.000012, 99.17, 0.968, 49.58, 0.955, 33.14, 0.940, 0.00, 0.000
18494,197301, 33.05, 0.00, 0.995, 0.000, 0.000021, 0.000012,0,0,0, 0.000030, 0.000026, 0.000024, 0.000012, 33.05, 0.995, 99.17, 0.992, 49.58, 0.990, 0.00, 0.000
18495,197312, 99.17, 0.00, 0.992, 0.000, 0.000021, 0.000011,0,0,0, 0.000030, 0.000026, 0.000024, 0.000011, 99.17, 0.992, 49.58, 0.987, 33.05, 0.985, 0.00, 0.000
18496,197322, 99.17, 0.00, 0.962, 0.000, 0.000021, 0.000008,0,0,0, 0.000030, 0.000025, 0.000023, 0.000012, 99.17, 0.962, 49.79, 0.948, 33.14, 0.911, 0.00, 0.000
18497,197333, 99.17, 0.00, 0.949, 0.000, 0.000020, 0.000006,0,0,0, 0.000030, 0.000024, 0.000022, 0.000012, 99.17, 0.949, 49.79, 0.864, 33.14, 0.814, 184.61, 0.013
18498,197344, 99.17, 0.00, 0.941, 0.000, 0.000020, 0.000009,0,0,0, 0.000030, 0.000025, 0.000023, 0.000012, 99.17, 0.941, 49.58, 0.900, 33.14, 0.899, 64.51, 0.163
18499,197354, 33.14, 0.00, 0.978, 0.000, 0.000020, 0.000008,0,0,0, 0.000030, 0.000025, 0.000023, 0.000012, 33.14, 0.978, 49.58, 0.969, 99.17, 0.968, 38.83, 0.250
18500,197365, 99.17, 0.00, 0.972, 0.000, 0.000020, 0.000007,0,0,0, 0.000030, 0.000025, 0.000022, 0.000012, 99.17, 0.972, 49.58, 0.950, 33.05, 0.936, 38.96, 0.330
18501,197376, 99.17, 0.00, 0.983, 0.000, 0.000019, 0.000006,0,0,0, 0.000030, 0.000024, 0.000022, 0.000013, 99.17, 0.983, 49.58, 0.948, 33.05, 0.914, 39.34, 0.353
18502,197386, 33.14, 0.00, 0.990, 0.000, 0.000019, 0.000006,0,0,0, 0.000030, 0.000025, 0.000022, 0.000012, 33.14, 0.990, 99.17, 0.977, 49.79, 0.968, 190.47, 0.401
18503,197397, 100.00, 0.00, 0.982, 0.000, 0.000019, 0.000008,0,0,0, 0.000030, 0.000025, 0.000022, 0.000012, 100.00, 0.982, 49.79, 0.968, 33.14, 0.967, 65.21, 0.439
18504,197408, 99.17, 0.00, 0.977, 0.000, 0.000019, 0.000007,0,0,0, 0.000030, 0.000024, 0.000022, 0.000013, 99.17, 0.977, 33.24, 0.975, 49.79, 0.971, 39.73, 0.414
18505,197418, 33.14, 0.00, 0.987, 0.000, 0.000020, 0.000009,0,0,0, 0.000030, 0.000024, 0.000022, 0.000013, 33.14, 0.987, 99.17, 0.986, 49.79, 0.980, 40.67, 0.423
18506,197429, 33.14, 0.00, 0.988, 0.000, 0.000020, 0.000010,0,0,0, 0.000030, 0.000024, 0.000022, 0.000013, 33.14, 0.988, 99.17, 0.988, 49.79, 0.983, 40.26, 0.368
18507,197440, 33.14, 0.00, 0.994, 0.000, 0.000020, 0.000009,0,0,0, 0.000030, 0.000024, 0.000022, 0.000013, 33.14, 0.994, 99.17, 0.992, 49.58, 0.987, 203.38, 0.335
18508,197450, 99.17, 0.00, 0.990, 0.000, 0.000020, 0.000010,0,0,0, 0.000030, 0.000024, 0.000022, 0.000013, 99.17, 0.990, 49.58, 0.988, 33.05, 0.978, 206.89, 0.282
18509,197461, 99.17, 0.00, 0.953, 0.000, 0.000020, 0.000015,0,0,0, 0.000030, 0.000026, 0.000024, 0.000012, 99.17, 0.953, 49.58, 0.915, 33.05, 0.870, 67.41, 0.193
18510,197472, 33.14, 0.00, 0.946, 0.000, 0.000020, 0.000010,0,0,0, 0.000030, 0.000025, 0.000023, 0.000012, 33.14, 0.946, 99.17, 0.924, 49.79, 0.896, 40.40, 0.148
18511,197482, 33.14, 0.00, 0.968, 0.000, 0.000020, 0.000008,0,0,0, 0.000030, 0.000025, 0.000023, 0.000012, 33.14, 0.968, 99.17, 0.923, 49.79, 0.919, 40.67, 0.067
18512,197493, 99.17, 0.00, 0.956, 0.000, 0.000020, 0.000007,0,0,0, 0.000030, 0.000024, 0.000022, 0.000013, 99.17, 0.956, 49.79, 0.912, 33.14, 0.838, 200.00, 0.126
18513,197504, 99.17, 0.00, 0.977, 0.000, 0.000019, 0.000005,0,0,0, 0.000030, 0.000024, 0.000021, 0.000013, 99.17, 0.977, 49.79, 0.937, 33.14, 0.896, 193.54, 0.297
18514,197514, 99.17, 0.00, 0.982, 0.000, 0.000019, 0.000006,0,0,0, 0.000030, 0.000023, 0.000021, 0.000013, 99.17, 0.982, 49.58, 0.956, 33.14, 0.948, 65.57, 0.414
18515,197525, 33.05, 0.00, 0.982, 0.000, 0.000019, 0.000007,0,0,0, 0.000030, 0.000023, 0.000021, 0.000013, 33.05, 0.982, 99.17, 0.981, 49.58, 0.980, 39.34, 0.487
18516,197536, 99.17, 0.00, 0.984, 0.000, 0.000019, 0.000005,0,0,0, 0.000030, 0.000024, 0.000021, 0.000013, 99.17, 0.984, 49.58, 0.968, 33.05, 0.965, 39.34, 0.525
18517,197546, 99.17, 0.00, 0.985, 0.000, 0.000018, 0.000005,0,0,0, 0.000030, 0.000024, 0.000021, 0.000013, 99.17, 0.985, 49.58, 0.969, 33.05, 0.959, 65.93, 0.538
18518,197557, 99.17, 0.00, 0.985, 0.000, 0.000018, 0.000005,0,0,0, 0.000030, 0.000024, 0.000020, 0.000013, 99.17, 0.985, 49.58, 0.979, 33.05, 0.973, 196.72, 0.578
18519,197568, 99.17, 0.00, 0.994, 0.000, 0.000018, 0.000005,0,0,0, 0.000030, 0.000024, 0.000021, 0.000013, 99.17, 0.994, 49.79, 0.982, 33.14, 0.981, 196.72, 0.595
18520,197578, 99.17, 0.00, 0.983, 0.000, 0.000018, 0.000005,0,0,0, 0.000030, 0.000024, 0.000020, 0.000013, 99.17, 0.983, 49.79, 0.978, 33.24, 0.977, 65.93, 0.605
18521,197589, 99.17, 0.00, 0.985, 0.000, 0.000018, 0.000008,0,0,0, 0.000030, 0.000023, 0.000021, 0.000013, 99.17, 0.985, 33.24, 0.984, 49.79, 0.980, 40.26, 0.578
18522,197600, 33.14, 0.00, 0.985, 0.000, 0.000019, 0.000007,0,0,0, 0.000030, 0.000023, 0.000021, 0.000014, 33.14, 0.985, 99.17, 0.985, 49.58, 0.977, 40.26, 0.597
18523,197610, 99.17, 0.00, 0.995, 0.000, 0.000019, 0.000007,0,0,0, 0.000030, 0.000022, 0.000020, 0.000013, 99.17, 0.995, 49.58, 0.994, 33.05, 0.991, 40.00, 0.562
18524,197621, 33.05, 0.00, 0.998, 0.000, 0.000019, 0.000007,0,0,0, 0.000030, 0.000023, 0.000021, 0.000013, 33.05, 0.998, 99.17, 0.995, 49.58, 0.993, 66.29, 0.523
18525,197632, 99.17, 0.00, 0.986, 0.000, 0.000019, 0.000009,0,0,0, 0.000030, 0.000023, 0.000021, 0.000013, 99.17, 0.986, 49.58, 0.973, 33.05, 0.963, 66.66, 0.487
18526,197642, 99.17, 0.00, 0.984, 0.000, 0.000019, 0.000009,0,0,0, 0.000030, 0.000024, 0.000021, 0.000013, 99.17, 0.984, 49.58, 0.957, 33.05, 0.942, 40.26, 0.438
18527,197653, 99.17, 0.00, 0.977, 0.000, 0.000019, 0.000007,0,0,0, 0.000030, 0.000024, 0.000021, 0.000013, 99.17, 0.977, 33.05, 0.972, 49.58, 0.962, 40.40, 0.395
18528,197664, 99.17, 0.00, 0.985, 0.000, 0.000019, 0.000006,0,0,0, 0.000030, 0.000024, 0.000021, 0.000013, 99.17, 0.985, 49.58, 0.965, 33.05, 0.961, 40.13, 0.381
18529,197674, 99.17, 0.00, 0.982, 0.000, 0.000018, 0.000005,0,0,0, 0.000030, 0.000023, 0.000020, 0.000013, 99.17, 0.982, 49.79, 0.962, 33.14, 0.939, 39.60, 0.453
18530,197685, 99.17, 0.00, 0.990, 0.000, 0.000018, 0.000006,0,0,0, 0.000030, 0.000022, 0.000020, 0.000013, 99.17, 0.990, 33.14, 0.986, 49.79, 0.982, 39.60, 0.522
18531,197696, 99.17, 0.00, 0.991, 0.000, 0.000018, 0.000006,0,0,0, 0.000030, 0.000022, 0.000020, 0.000014, 99.17, 0.991, 33.14, 0.990, 49.58, 0.990, 39.60, 0.567
18532,197706, 99.17, 0.00, 0.995, 0.000, 0.000018, 0.000006,0,0,0, 0.000030, 0.000023, 0.000020, 0.000013, 99.17, 0.995, 49.58, 0.987, 33.14, 0.983, 39.60, 0.554
18533,197717, 99.17, 0.00, 0.995, 0.000, 0.000018, 0.000005,0,0,0, 0.000030, 0.000023, 0.000020, 0.000013, 99.17, 0.995, 49.58, 0.989, 33.14, 0.989, 39.60, 0.523
18534,197728, 99.17, 0.00, 0.995, 0.000, 0.000018, 0.000005,0,0,0, 0.000030, 0.000023, 0.000020, 0.000013, 99.17, 0.995, 49.58, 0.992, 33.05, 0.989, 196.72, 0.520
18535,197738, 99.17, 0.00, 0.995, 0.000, 0.000018, 0.000005,0,0,0, 0.000030, 0.000023, 0.000020, 0.000013, 99.17, 0.995, 49.58, 0.987, 33.05, 0.985, 196.72, 0.531
18536,197749, 99.17, 0.00, 0.990, 0.000, 0.000018, 0.000005,0,0,0, 0.000030, 0.000023, 0.000020, 0.000013, 99.17, 0.990, 49.79, 0.990, 33.14, 0.986, 196.72, 0.542
18537,197760, 99.17, 0.00, 0.990, 0.000, 0.000018, 0.000006,0,0,0, 0.000030, 0.000023, 0.000020, 0.000013, 99.17, 0.990, 49.79, 0.983, 33.14, 0.980, 66.29, 0.557
18538,197770, 99.17, 0.00, 0.991, 0.000, 0.000018, 0.000007,0,0,0, 0.000030, 0.000022, 0.000020, 0.000014, 99.17, 0.991, 33.14, 0.989, 49.79, 0.985, 40.00, 0.568
18539,197781, 99.17, 0.00, 0.996, 0.000, 0.000019, 0.000007,0,0,0, 0.000030, 0.000022, 0.000020, 0.000014, 99.17, 0.996, 33.14, 0.994, 49.58, 0.993, 40.00, 0.552
18540,197792, 99.17, 0.00, 0.995, 0.000, 0.000018, 0.000007,0,0,0, 0.000030, 0.000022, 0.000020, 0.000014, 99.17, 0.995, 33.14, 0.994, 49.58, 0.994, 39.86, 0.521
18541,197802, 99.17, 0.00, 0.995, 0.000, 0.000018, 0.000007,0,0,0, 0.000030, 0.000022, 0.000020, 0.000013, 99.17, 0.995, 49.79, 0.991, 33.14, 0.989, 200.00, 0.470
18542,197813, 99.17, 0.00, 0.989, 0.000, 0.000019, 0.000009,0,0,0, 0.000030, 0.000023, 0.000021, 0.000013, 99.17, 0.989, 49.58, 0.977, 33.05, 0.965, 67.41, 0.413
18543,197824, 99.17, 0.00, 0.984, 0.000, 0.000019, 0.000008,0,0,0, 0.000030, 0.000024, 0.000021, 0.000013, 99.17, 0.984, 49.58, 0.971, 33.05, 0.970, 40.13, 0.366
18544,197834, 99.17, 0.00, 0.980, 0.000, 0.000019, 0.000006,0,0,0, 0.000030, 0.000023, 0.000021, 0.000013, 99.17, 0.980, 33.14, 0.973, 49.58, 0.966, 40.13, 0.333
18545,197845, 99.17, 0.00, 0.984, 0.000, 0.000018, 0.000006,0,0,0, 0.000030, 0.000023, 0.000020, 0.000013, 99.17, 0.984, 49.79, 0.962, 33.14, 0.950, 40.00, 0.370
18546,197856, 99.17, 0.00, 0.988, 0.000, 0.000018, 0.000006,0,0,0, 0.000030, 0.000023, 0.000020, 0.000013, 99.17, 0.988, 49.79, 0.978, 33.14, 0.968, 39.73, 0.443
18547,197866, 99.17, 0.00, 0.992, 0.000, 0.000018, 0.000005,0,0,0, 0.000030, 0.000022, 0.000020, 0.000014, 99.17, 0.992, 49.58, 0.983, 33.14, 0.981, 39.60, 0.497
18548,197877, 99.17, 0.00, 0.994, 0.000, 0.000018, 0.000005,0,0,0, 0.000030, 0.000022, 0.000020, 0.000013, 99.17, 0.994, 33.05, 0.994, 49.58, 0.991, 39.60, 0.522
18549,197888, 33.05, 0.00, 0.995, 0.000, 0.000018, 0.000006,0,0,0, 0.000030, 0.000023, 0.000020, 0.000013, 33.05, 0.995, 99.17, 0.991, 49.58, 0.991, 39.60, 0.502
18550,197898, 99.17, 0.00, 0.993, 0.000, 0.000018, 0.000005,0,0,0, 0.000030, 0.000023, 0.000020, 0.000013, 99.17, 0.993, 33.05, 0.991, 49.58, 0.986, 39.47, 0.485
18551,197909, 99.17, 0.00, 0.990, 0.000, 0.000018, 0.000005,0,0,0, 0.000030, 0.000023, 0.000020, 0.000013, 99.17, 0.990, 49.58, 0.987, 33.05, 0.976, 196.72, 0.488
18552,197920, 99.17, 0.00, 0.990, 0.000, 0.000018, 0.000004,0,0,0, 0.000030, 0.000023, 0.000020, 0.000013, 99.17, 0.990, 49.79, 0.986, 33.14, 0.984, 196.72, 0.507
18553,197930, 99.17, 0.00, 0.991, 0.000, 0.000018, 0.000005,0,0,0, 0.000030, 0.000023, 0.000020, 0.000013, 99.17, 0.991, 49.79, 0.988, 33.14, 0.986, 196.72, 0.530
18554,197941, 99.17, 0.00, 0.992, 0.000, 0.000018, 0.000005,0,0,0, 0.000030, 0.000022, 0.000020, 0.000013, 99.17, 0.992, 49.79, 0.987, 33.14, 0.980, 39.86, 0.546
18555,197952, 49.79, 0.00, 0.992, 0.000, 0.000018, 0.000005,0,0,0, 0.000030, 0.000021, 0.000020, 0.000014, 49.79, 0.992, 99.17, 0.991, 33.14, 0.990, 40.13, 0.546
18556,197962, 99.17, 0.00, 0.686, 0.000, 0.000018, 0.000007,0,0,0, 0.000030, 0.000023, 0.000021, 0.000012, 99.17, 0.686, 49.58, 0.551, 30.84, 0.493, 206.89, 0.245
18557,197973, 54.05, 0.00, 0.302, 0.000, 0.000020, 0.000024,0,0,0, 0.000030, 0.000024, 0.000026, 0.000011, 54.05, 0.302, 99.17, 0.286, 35.08, 0.260, 43.63, 0.191
