seq,ms,raw_freq_hz,tracked_freq_hz,raw_confidence,tracked_confidence,envelope,attack,gate,pitch_valid,onset,input_peak,input_rms,filtered_peak,filtered_rms,c1_freq,c1_score,c2_freq,c2_score,c3_freq,c3_score,c4_freq,c4_score
11461,122282, 54.54, 53.52, 0.605, 0.645, 0.016158, 0.013791,1,1,0, 0.040487, 0.026110, 0.018963, 0.011648, 54.54, 0.605, 37.73, 0.368, 131.86, 0.283, 0.00, 0.000
11462,122293, 37.97, 52.90, 0.552, 0.493, 0.015128, 0.009665,1,1,0, 0.023559, 0.011961, 0.016590, 0.008719, 37.97, 0.552, 52.63, 0.462, 144.57, 0.021, 0.00, 0.000
11463,122304, 33.24, 52.90, 0.255, 0.443, 0.013904, 0.006773,1,1,0, 0.010457, 0.005393, 0.011475, 0.006545, 33.24, 0.255, 169.01, 0.123, 0.00, 0.000, 0.00, 0.000
11464,122314, 173.91, 52.90, 0.119, 0.399, 0.012406, 0.004746,1,1,0, 0.004529, 0.002038, 0.006388, 0.002544, 173.91, 0.119, 0.00, 0.000, 0.00, 0.000, 0.00, 0.000
11465,122325, 57.97, 56.44, 0.520, 0.520, 0.011734, 0.003326,1,1,0, 0.016706, 0.008826, 0.012467, 0.007301, 57.97, 0.520, 94.48, 0.464, 146.34, 0.353, 40.81, 0.293
11466,122336, 54.29, 56.44, 0.399, 0.468, 0.010886, 0.002330,1,1,0, 0.011177, 0.006861, 0.009933, 0.005739, 54.29, 0.399, 100.84, 0.334, 40.40, 0.230, 0.00, 0.000
11467,122346, 52.17, 53.45, 0.774, 0.816, 0.010300, 0.001633,1,1,0, 0.013454, 0.006395, 0.011500, 0.006024, 52.17, 0.774, 33.89, 0.688, 101.69, 0.649, 0.00, 0.000
11468,122357, 53.09, 53.20, 0.721, 0.753, 0.009509, 0.001144,1,1,0, 0.007976, 0.004787, 0.007417, 0.004421, 53.09, 0.721, 100.00, 0.690, 34.88, 0.603, 0.00, 0.000
11469,122368, 55.55, 54.85, 0.681, 0.705, 0.008435, 0.000802,1,1,0, 0.003374, 0.001424, 0.001935, 0.001048, 55.55, 0.681, 98.36, 0.501, 36.14, 0.433, 0.00, 0.000
11470,122378, 57.14, 55.81, 0.602, 0.614, 0.009126, 0.006764,1,1,0, 0.018057, 0.009657, 0.011226, 0.006050, 57.14, 0.602, 40.67, 0.363, 92.30, 0.234, 0.00, 0.000
11471,122389, 39.60, 49.00, 0.573, 0.538, 0.009071, 0.004740,1,1,0, 0.014912, 0.008835, 0.009748, 0.005476, 39.60, 0.573, 102.56, 0.343, 55.81, 0.204, 0.00, 0.000
11472,122400, 100.00, 50.43, 0.572, 0.551, 0.008893, 0.003321,1,1,0, 0.015391, 0.007221, 0.009848, 0.005787, 100.00, 0.572, 52.40, 0.508, 34.28, 0.185, 0.00, 0.000
11473,122410, 54.29, 52.05, 0.633, 0.621, 0.016292, 0.015755,1,1,0, 0.035741, 0.019802, 0.020030, 0.010907, 54.29, 0.633, 100.00, 0.501, 35.08, 0.326, 0.00, 0.000
11474,122421, 36.47, 41.14, 0.623, 0.608, 0.610087, 0.936155,1,1,1, 1.000000, 0.522888, 0.852289, 0.388001, 36.47, 0.623, 101.69, 0.193, 0.00, 0.000, 0.00, 0.000
11475,122432, 36.03, 37.56, 0.786, 0.782, 0.594776, 0.656039,1,1,0, 0.712363, 0.327470, 0.675788, 0.357551, 36.03, 0.786, 49.38, 0.285, 84.50, 0.068, 0.00, 0.000
11476,122442, 40.13, 39.36, 0.856, 0.870, 0.715798, 1.000000,1,1,0, 0.958623, 0.550649, 1.235268, 0.399973, 40.13, 0.856, 30.22, 0.769, 67.41, 0.315, 0.00, 0.000
11477,122453, 40.95, 40.47, 0.851, 0.893, 0.911527, 0.716029,1,1,0, 1.000000, 0.595842, 1.296081, 0.601404, 40.95, 0.851, 73.61, 0.237, 85.10, 0.232, 0.00, 0.000
11478,122464, 40.54, 40.52, 0.921, 0.943, 0.817787, 0.501779,1,1,0, 0.952031, 0.368353, 0.645583, 0.267685, 40.54, 0.921, 74.53, 0.246, 0.00, 0.000, 0.00, 0.000
11479,122474, 41.52, 41.22, 0.996, 0.997, 0.973099, 0.778797,1,1,0, 1.000000, 0.701473, 1.247322, 0.648740, 41.52, 0.996, 92.30, 0.234, 0.00, 0.000, 0.00, 0.000
11480,122485, 41.52, 41.43, 0.998, 0.998, 0.862084, 0.545765,1,1,0, 0.273631, 0.099029, 0.321303, 0.122196, 41.52, 0.998, 81.08, 0.197, 0.00, 0.000, 0.00, 0.000
11481,122496, 41.52, 41.49, 0.998, 0.998, 0.995522, 0.853562,1,1,0, 1.000000, 0.783743, 1.224227, 0.670337, 41.52, 0.998, 85.10, 0.211, 0.00, 0.000, 0.00, 0.000
11482,122506, 41.52, 41.51, 0.998, 0.998, 0.893289, 0.598159,1,1,0, 0.195173, 0.120843, 0.377243, 0.223059, 41.52, 0.998, 81.63, 0.251, 0.00, 0.000, 0.00, 0.000
11483,122517, 41.52, 41.52, 0.998, 0.999, 1.007397, 0.906877,1,1,0, 1.000000, 0.698563, 1.204687, 0.622318, 41.52, 0.998, 84.50, 0.291, 0.00, 0.000, 0.00, 0.000
11484,122528, 41.52, 41.52, 0.999, 0.999, 0.913156, 0.635521,1,1,0, 1.000000, 0.348742, 0.780617, 0.310676, 41.52, 0.999, 81.63, 0.341, 0.00, 0.000, 0.00, 0.000
11485,122538, 41.52, 41.52, 0.997, 0.998, 0.833575, 0.445360,1,1,0, 0.985447, 0.505603, 0.711772, 0.349367, 41.52, 0.997, 81.08, 0.392, 0.00, 0.000, 0.00, 0.000
11486,122549, 41.52, 41.52, 0.999, 0.999, 0.927771, 0.578991,1,1,0, 1.000000, 0.579285, 1.145610, 0.589274, 41.52, 0.999, 84.50, 0.419, 0.00, 0.000, 0.00, 0.000
11487,122560, 41.52, 41.52, 0.997, 0.998, 0.835620, 0.405745,1,1,0, 0.868574, 0.329349, 0.564599, 0.256929, 41.52, 0.997, 82.75, 0.421, 0.00, 0.000, 0.00, 0.000
11488,122570, 41.52, 41.52, 0.998, 0.999, 0.930583, 0.535600,1,1,0, 1.000000, 0.679653, 1.082475, 0.613826, 41.52, 0.998, 82.75, 0.407, 0.00, 0.000, 0.00, 0.000
11489,122581, 41.52, 41.52, 0.999, 0.999, 0.832092, 0.375337,1,1,0, 0.230662, 0.153503, 0.314780, 0.173185, 41.52, 0.999, 81.63, 0.393, 0.00, 0.000, 0.00, 0.000
11490,122592, 41.52, 41.52, 0.999, 0.999, 0.925754, 0.471077,1,1,0, 1.000000, 0.732125, 1.026265, 0.631326, 41.52, 0.999, 83.91, 0.400, 0.00, 0.000, 0.00, 0.000
11491,122602, 41.52, 41.52, 0.998, 0.999, 0.836041, 0.330121,1,1,0, 0.241710, 0.166252, 0.317082, 0.226353, 41.52, 0.998, 82.19, 0.439, 0.00, 0.000, 0.00, 0.000
11492,122613, 41.52, 41.52, 0.998, 0.999, 0.915372, 0.384147,1,1,0, 1.000000, 0.628740, 1.003819, 0.563748, 41.52, 0.998, 84.50, 0.476, 0.00, 0.000, 0.00, 0.000
11493,122624, 41.52, 41.52, 0.998, 0.999, 0.833962, 0.269202,1,1,0, 1.000000, 0.368041, 0.905964, 0.328623, 41.52, 0.998, 81.63, 0.516, 0.00, 0.000, 0.00, 0.000
11494,122634, 41.52, 41.52, 0.997, 0.998, 0.766855, 0.188651,1,1,0, 0.999999, 0.511598, 0.687933, 0.359688, 41.52, 0.997, 82.19, 0.559, 0.00, 0.000, 0.00, 0.000
11495,122645, 41.52, 41.52, 0.999, 0.999, 0.834493, 0.318017,1,1,0, 1.000000, 0.503985, 0.971306, 0.533065, 41.52, 0.999, 83.33, 0.582, 0.00, 0.000, 0.00, 0.000
11496,122656, 41.52, 41.52, 0.998, 0.999, 0.756299, 0.222859,1,1,0, 0.755145, 0.296901, 0.543717, 0.254863, 41.52, 0.998, 83.33, 0.578, 0.00, 0.000, 0.00, 0.000
11497,122666, 41.52, 41.52, 0.999, 0.999, 0.822467, 0.323073,1,1,0, 0.999999, 0.626429, 0.941393, 0.556820, 41.52, 0.999, 82.19, 0.572, 0.00, 0.000, 0.00, 0.000
11498,122677, 41.52, 41.52, 0.998, 0.999, 0.742734, 0.226403,1,1,0, 0.350448, 0.215636, 0.327269, 0.214977, 41.52, 0.998, 82.19, 0.579, 0.00, 0.000, 0.00, 0.000
11499,122688, 41.52, 41.52, 0.998, 0.999, 0.808774, 0.372771,1,1,0, 0.999999, 0.647141, 0.901575, 0.568735, 41.52, 0.998, 83.33, 0.602, 0.00, 0.000, 0.00, 0.000
11500,122698, 41.52, 41.52, 0.998, 0.998, 0.735939, 0.261230,1,1,0, 0.387023, 0.230765, 0.331106, 0.242304, 41.52, 0.998, 82.19, 0.648, 0.00, 0.000, 0.00, 0.000
11501,122709, 41.52, 41.52, 0.998, 0.998, 0.765215, 0.409443,1,1,0, 0.999999, 0.538138, 0.865451, 0.477355, 41.52, 0.998, 83.91, 0.678, 0.00, 0.000, 0.00, 0.000
11502,122720, 41.52, 41.52, 0.999, 0.999, 0.723030, 0.286929,1,1,0, 0.863704, 0.371808, 0.861818, 0.343316, 41.52, 0.999, 82.19, 0.704, 0.00, 0.000, 0.00, 0.000
11503,122730, 41.52, 41.52, 0.998, 0.999, 0.678605, 0.201074,1,1,0, 0.999999, 0.500955, 0.707374, 0.376651, 41.52, 0.998, 82.75, 0.726, 0.00, 0.000, 0.00, 0.000
11504,122741, 41.52, 41.52, 0.999, 0.999, 0.721732, 0.299712,1,1,0, 0.829131, 0.422082, 0.847708, 0.453770, 41.52, 0.999, 82.19, 0.737, 0.00, 0.000, 0.00, 0.000
11505,122752, 41.52, 41.52, 0.998, 0.998, 0.661085, 0.210032,1,1,0, 0.578711, 0.298822, 0.477460, 0.271358, 41.52, 0.998, 83.91, 0.743, 0.00, 0.000, 0.00, 0.000
11506,122762, 41.52, 41.52, 0.998, 0.998, 0.709494, 0.291386,1,1,0, 0.999999, 0.562294, 0.808588, 0.493282, 41.52, 0.998, 82.19, 0.753, 0.00, 0.000, 0.00, 0.000
11507,122773, 41.37, 41.46, 0.998, 0.998, 0.649633, 0.204197,1,1,0, 0.471553, 0.283335, 0.421913, 0.263070, 41.37, 0.998, 82.75, 0.771, 0.00, 0.000, 0.00, 0.000
11508,122784, 41.52, 41.48, 0.999, 0.999, 0.708079, 0.307667,1,1,0, 0.985210, 0.565981, 0.784199, 0.509996, 41.52, 0.999, 82.75, 0.788, 0.00, 0.000, 0.00, 0.000
11509,122794, 41.52, 41.50, 0.998, 0.999, 0.649360, 0.215607,1,1,0, 0.475079, 0.281632, 0.443326, 0.267905, 41.52, 0.998, 82.75, 0.814, 0.00, 0.000, 0.00, 0.000
11510,122805, 41.37, 41.45, 0.998, 0.999, 0.653336, 0.266328,1,1,0, 0.978109, 0.476971, 0.729509, 0.409152, 41.37, 0.998, 83.33, 0.825, 0.00, 0.000, 0.00, 0.000
11511,122816, 41.52, 41.48, 0.999, 0.999, 0.647448, 0.240158,1,1,0, 0.724918, 0.372411, 0.773800, 0.357059, 41.52, 0.999, 82.19, 0.832, 0.00, 0.000, 0.00, 0.000
11512,122826, 41.52, 41.49, 0.999, 0.999, 0.642070, 0.249475,1,1,0, 0.951175, 0.480590, 0.704406, 0.389602, 41.52, 0.999, 83.33, 0.844, 0.00, 0.000, 0.00, 0.000
11513,122837, 41.37, 41.44, 0.998, 0.999, 0.640488, 0.211303,1,1,0, 0.676899, 0.371907, 0.733956, 0.388441, 41.37, 0.998, 82.19, 0.855, 0.00, 0.000, 0.00, 0.000
11514,122848, 41.52, 41.47, 0.998, 0.998, 0.593406, 0.148077,1,1,0, 0.505254, 0.328638, 0.476531, 0.300233, 41.52, 0.998, 83.91, 0.860, 0.00, 0.000, 0.00, 0.000
11515,122858, 41.52, 41.49, 0.998, 0.999, 0.635433, 0.206746,1,1,0, 0.925379, 0.511989, 0.709711, 0.447934, 41.52, 0.998, 82.19, 0.874, 0.00, 0.000, 0.00, 0.000
11516,122869, 41.37, 41.44, 0.998, 0.999, 0.589594, 0.144883,1,1,0, 0.510204, 0.338467, 0.485595, 0.305714, 41.37, 0.998, 82.75, 0.888, 0.00, 0.000, 0.00, 0.000
11517,122880, 41.37, 41.41, 0.998, 0.999, 0.639094, 0.255297,1,1,0, 0.909016, 0.499230, 0.695784, 0.461427, 41.37, 0.998, 82.75, 0.896, 0.00, 0.000, 0.00, 0.000
11518,122890, 41.52, 41.46, 0.998, 0.999, 0.591717, 0.178907,1,1,0, 0.547163, 0.325426, 0.497921, 0.300358, 41.52, 0.998, 82.75, 0.908, 0.00, 0.000, 0.00, 0.000
11519,122901, 41.52, 41.48, 0.998, 0.999, 0.604225, 0.291423,1,1,0, 0.884706, 0.443323, 0.689773, 0.363828, 41.52, 0.998, 83.33, 0.905, 0.00, 0.000, 0.00, 0.000
11520,122912, 41.37, 41.44, 0.998, 0.999, 0.582103, 0.204223,1,1,0, 0.593887, 0.369120, 0.651533, 0.361918, 41.37, 0.998, 82.19, 0.903, 0.00, 0.000, 0.00, 0.000
11521,122922, 41.52, 41.47, 0.998, 0.999, 0.604391, 0.313666,1,1,0, 0.862277, 0.455147, 0.675902, 0.394912, 41.52, 0.998, 83.33, 0.905, 0.00, 0.000, 0.00, 0.000
11522,122933, 41.52, 41.49, 0.999, 0.999, 0.579505, 0.219810,1,1,0, 0.723265, 0.353276, 0.634003, 0.347111, 41.52, 0.999, 82.19, 0.904, 0.00, 0.000, 0.00, 0.000
11523,122944, 41.52, 41.50, 0.999, 0.999, 0.543186, 0.154039,1,1,0, 0.586675, 0.365243, 0.530739, 0.329214, 41.52, 0.999, 83.91, 0.913, 0.00, 0.000, 0.00, 0.000
11524,122954, 41.52, 41.51, 0.999, 0.999, 0.582571, 0.259604,1,1,0, 0.848998, 0.471731, 0.676600, 0.418065, 41.52, 0.999, 82.19, 0.925, 0.00, 0.000, 0.00, 0.000
11525,122965, 41.52, 41.51, 0.998, 0.999, 0.547685, 0.181925,1,1,0, 0.599929, 0.382120, 0.553244, 0.342401, 41.52, 0.998, 83.33, 0.934, 0.00, 0.000, 0.00, 0.000
11526,122976, 41.52, 41.51, 0.998, 0.999, 0.584822, 0.283041,1,1,0, 0.828431, 0.440981, 0.668470, 0.414097, 41.52, 0.998, 82.75, 0.936, 0.00, 0.000, 0.00, 0.000
11527,122986, 41.37, 41.46, 0.998, 0.999, 0.555364, 0.198349,1,1,0, 0.619303, 0.360559, 0.575141, 0.331830, 41.37, 0.998, 83.33, 0.936, 0.00, 0.000, 0.00, 0.000
11528,122997, 41.52, 41.48, 0.999, 0.999, 0.574951, 0.293010,1,1,0, 0.806010, 0.438098, 0.658381, 0.353720, 41.52, 0.999, 82.75, 0.925, 0.00, 0.000, 0.00, 0.000
11529,123008, 41.52, 41.50, 0.999, 0.999, 0.543708, 0.205335,1,1,0, 0.554018, 0.369479, 0.575454, 0.362429, 41.52, 0.999, 82.19, 0.921, 0.00, 0.000, 0.00, 0.000
11530,123018, 41.52, 41.51, 0.999, 0.999, 0.587605, 0.333786,1,1,0, 0.800689, 0.422404, 0.663910, 0.385941, 41.52, 0.999, 83.91, 0.918, 0.00, 0.000, 0.00, 0.000
11531,123029, 41.37, 41.45, 0.999, 0.999, 0.549247, 0.233910,1,1,0, 0.756628, 0.353922, 0.589673, 0.326771, 41.37, 0.999, 82.19, 0.918, 0.00, 0.000, 0.00, 0.000
11532,123040, 41.52, 41.48, 0.999, 0.999, 0.540722, 0.163919,1,1,0, 0.621512, 0.401188, 0.604639, 0.357583, 41.52, 0.999, 83.91, 0.924, 0.00, 0.000, 0.00, 0.000
11533,123050, 41.37, 41.43, 0.998, 0.999, 0.559737, 0.236213,1,1,0, 0.771910, 0.435523, 0.654984, 0.394173, 41.37, 0.998, 81.63, 0.928, 0.00, 0.000, 0.00, 0.000
11534,123061, 41.37, 41.41, 0.998, 0.999, 0.559274, 0.191636,1,1,0, 0.623981, 0.415963, 0.613601, 0.373833, 41.37, 0.998, 83.33, 0.931, 0.00, 0.000, 0.00, 0.000
11535,123072, 41.52, 41.45, 0.999, 0.999, 0.567172, 0.237457,1,1,0, 0.746880, 0.397758, 0.647682, 0.372692, 41.52, 0.999, 82.19, 0.929, 0.00, 0.000, 0.00, 0.000
11536,123082, 41.52, 41.48, 0.999, 0.999, 0.555045, 0.217792,1,1,0, 0.614626, 0.375814, 0.613424, 0.346134, 41.52, 0.999, 83.33, 0.925, 0.00, 0.000, 0.00, 0.000
11537,123093, 41.37, 41.44, 0.999, 0.999, 0.571427, 0.236606,1,1,0, 0.729683, 0.443648, 0.638706, 0.365451, 41.37, 0.999, 82.75, 0.916, 0.00, 0.000, 0.00, 0.000
11538,123104, 41.37, 41.41, 0.999, 0.999, 0.541235, 0.165809,1,1,0, 0.634145, 0.369367, 0.531311, 0.359255, 41.37, 0.999, 82.19, 0.913, 0.00, 0.000, 0.00, 0.000
11539,123114, 41.52, 41.46, 0.999, 0.999, 0.572004, 0.237658,1,1,0, 0.707541, 0.394565, 0.630353, 0.369542, 41.52, 0.999, 83.91, 0.908, 0.00, 0.000, 0.00, 0.000
11540,123125, 41.37, 41.42, 0.999, 0.999, 0.540268, 0.166546,1,1,0, 0.707601, 0.365995, 0.618549, 0.324571, 41.37, 0.999, 82.19, 0.902, 0.00, 0.000, 0.00, 0.000
11541,123136, 41.37, 41.40, 0.998, 0.999, 0.550651, 0.199951,1,1,0, 0.658283, 0.431071, 0.620831, 0.384421, 41.37, 0.998, 83.91, 0.896, 0.00, 0.000, 0.00, 0.000
11542,123146, 41.52, 41.45, 0.999, 0.999, 0.545190, 0.141952,1,1,0, 0.674879, 0.401003, 0.610936, 0.372245, 41.52, 0.999, 81.63, 0.900, 0.00, 0.000, 0.00, 0.000
11543,123157, 41.37, 41.42, 0.999, 0.999, 0.563957, 0.219547,1,1,0, 0.671921, 0.430681, 0.618882, 0.390616, 41.37, 0.999, 83.91, 0.908, 0.00, 0.000, 0.00, 0.000
11544,123168, 41.37, 41.40, 0.999, 0.999, 0.552369, 0.153854,1,1,0, 0.672244, 0.372722, 0.605225, 0.337915, 41.37, 0.999, 82.19, 0.909, 0.00, 0.000, 0.00, 0.000
11545,123178, 41.52, 41.45, 0.999, 0.999, 0.540680, 0.183463,1,1,0, 0.672850, 0.385506, 0.593151, 0.353915, 41.52, 0.999, 83.33, 0.905, 0.00, 0.000, 0.00, 0.000
11546,123189, 41.52, 41.48, 0.999, 0.999, 0.560939, 0.173234,1,1,0, 0.656576, 0.443001, 0.626320, 0.380845, 41.52, 0.999, 82.75, 0.900, 0.00, 0.000, 0.00, 0.000
11547,123200, 41.37, 41.43, 0.999, 0.999, 0.550449, 0.162005,1,1,0, 0.685582, 0.370576, 0.590076, 0.355084, 41.37, 0.999, 82.19, 0.892, 0.00, 0.000, 0.00, 0.000
11548,123210, 41.37, 41.41, 0.999, 0.999, 0.554894, 0.185406,1,1,0, 0.609906, 0.383295, 0.630113, 0.355637, 41.37, 0.999, 83.91, 0.880, 0.00, 0.000, 0.00, 0.000
11549,123221, 41.37, 41.39, 0.999, 0.999, 0.528508, 0.129928,1,1,0, 0.623167, 0.373330, 0.589299, 0.328308, 41.37, 0.999, 82.19, 0.871, 0.00, 0.000, 0.00, 0.000
11550,123232, 41.37, 41.39, 0.999, 0.999, 0.558139, 0.196583,1,1,0, 0.687892, 0.445770, 0.626545, 0.398539, 41.37, 0.999, 84.50, 0.863, 0.00, 0.000, 0.00, 0.000
11551,123242, 41.37, 41.38, 0.999, 0.999, 0.538731, 0.137761,1,1,0, 0.614826, 0.376077, 0.583134, 0.357348, 41.37, 0.999, 81.63, 0.876, 0.00, 0.000, 0.00, 0.000
11552,123253, 41.52, 41.44, 0.999, 0.999, 0.571334, 0.230409,1,1,0, 0.681105, 0.436927, 0.629875, 0.400357, 41.52, 0.999, 83.91, 0.887, 0.00, 0.000, 0.00, 0.000
11553,123264, 41.37, 41.41, 0.999, 0.999, 0.538727, 0.161466,1,1,0, 0.596850, 0.363718, 0.568961, 0.311947, 41.37, 0.999, 81.63, 0.880, 0.00, 0.000, 0.00, 0.000
11554,123274, 41.37, 41.40, 0.999, 0.999, 0.545172, 0.200160,1,1,0, 0.690043, 0.397488, 0.603098, 0.362611, 41.37, 0.999, 83.33, 0.876, 0.00, 0.000, 0.00, 0.000
11555,123285, 41.52, 41.45, 0.999, 0.999, 0.546061, 0.157057,1,1,0, 0.573226, 0.426978, 0.622590, 0.387707, 41.52, 0.999, 83.33, 0.871, 0.00, 0.000, 0.00, 0.000
11556,123296, 41.37, 41.42, 0.999, 0.999, 0.555699, 0.234952,1,1,0, 0.697504, 0.363409, 0.607611, 0.342080, 41.37, 0.999, 82.19, 0.862, 0.00, 0.000, 0.00, 0.000
11557,123306, 41.37, 41.40, 0.999, 0.999, 0.544945, 0.164650,1,1,0, 0.688900, 0.393155, 0.614639, 0.352305, 41.37, 0.999, 83.91, 0.857, 0.00, 0.000, 0.00, 0.000
11558,123317, 41.37, 41.39, 0.999, 0.999, 0.516378, 0.115383,1,1,0, 0.573330, 0.381310, 0.551914, 0.341394, 41.37, 0.999, 81.63, 0.849, 0.00, 0.000, 0.00, 0.000
11559,123328, 41.52, 41.44, 0.999, 0.999, 0.548362, 0.173343,1,1,0, 0.687635, 0.447484, 0.601398, 0.403114, 41.52, 0.999, 84.50, 0.844, 0.00, 0.000, 0.00, 0.000
11560,123338, 41.37, 41.41, 0.999, 0.999, 0.518256, 0.121475,1,1,0, 0.557898, 0.353296, 0.540356, 0.338015, 41.37, 0.999, 81.63, 0.856, 0.00, 0.000, 0.00, 0.000
11561,123349, 41.37, 41.40, 0.999, 0.999, 0.558683, 0.216147,1,1,0, 0.702778, 0.441444, 0.609167, 0.408312, 41.37, 0.999, 84.50, 0.860, 0.00, 0.000, 0.00, 0.000
11562,123360, 41.37, 41.39, 0.999, 0.999, 0.520639, 0.151472,1,1,0, 0.533991, 0.367537, 0.536516, 0.303351, 41.37, 0.999, 81.63, 0.851, 0.00, 0.000, 0.00, 0.000
11563,123370, 41.37, 41.38, 0.999, 0.999, 0.546351, 0.252132,1,1,0, 0.702133, 0.405640, 0.613042, 0.365793, 41.37, 0.999, 83.33, 0.859, 0.00, 0.000, 0.00, 0.000
11564,123381, 41.37, 41.38, 0.999, 0.999, 0.527600, 0.176689,1,1,0, 0.542514, 0.401619, 0.572976, 0.382822, 41.37, 0.999, 83.33, 0.854, 0.00, 0.000, 0.00, 0.000
11565,123392, 41.37, 41.38, 0.999, 0.999, 0.533840, 0.285548,1,1,0, 0.681961, 0.355349, 0.610132, 0.328502, 41.37, 0.999, 82.19, 0.850, 0.00, 0.000, 0.00, 0.000
11566,123402, 41.52, 41.44, 0.997, 0.997, 0.523329, 0.200106,1,1,0, 0.694357, 0.389902, 0.609520, 0.352420, 41.52, 0.997, 83.91, 0.831, 0.00, 0.000, 0.00, 0.000
11567,123413, 41.81, 41.59, 0.972, 0.979, 0.482423, 0.140230,1,1,0, 0.402764, 0.240313, 0.415674, 0.224480, 41.81, 0.972, 82.75, 0.778, 0.00, 0.000, 0.00, 0.000
11568,123424, 42.25, 41.87, 0.966, 0.976, 0.442573, 0.098270,1,1,0, 0.329400, 0.209978, 0.327698, 0.191003, 42.25, 0.966, 86.95, 0.749, 0.00, 0.000, 0.00, 0.000
11569,123434, 42.55, 42.15, 0.915, 0.939, 0.393436, 0.068866,1,1,0, 0.117825, 0.062807, 0.167575, 0.068356, 42.55, 0.915, 82.19, 0.686, 0.00, 0.000, 0.00, 0.000
11570,123445, 31.74, 43.18, 0.798, 0.645, 0.352354, 0.048260,1,1,0, 0.160166, 0.087356, 0.150112, 0.075130, 31.74, 0.798, 44.60, 0.579, 90.22, 0.578, 0.00, 0.000
11571,123456, 32.34, 38.63, 0.818, 0.768, 0.312767, 0.033819,1,1,0, 0.065097, 0.043385, 0.067433, 0.039784, 32.34, 0.818, 47.61, 0.707, 86.95, 0.232, 0.00, 0.000
11572,123466, 50.63, 43.67, 0.722, 0.716, 0.278657, 0.023700,1,1,0, 0.092030, 0.054492, 0.081295, 0.049273, 50.63, 0.722, 34.68, 0.609, 104.34, 0.493, 0.00, 0.000
11573,123477, 49.58, 46.15, 0.860, 0.867, 0.247718, 0.016608,1,1,0, 0.081898, 0.039273, 0.062930, 0.036120, 49.58, 0.860, 98.36, 0.619, 32.52, 0.576, 0.00, 0.000
11574,123488, 31.08, 47.17, 0.815, 0.754, 0.220190, 0.011638,1,1,0, 0.076622, 0.035953, 0.052701, 0.030165, 31.08, 0.815, 48.58, 0.745, 91.60, 0.598, 0.00, 0.000
11575,123498, 33.14, 48.53, 0.754, 0.730, 0.195942, 0.008156,1,1,0, 0.049658, 0.031457, 0.046838, 0.028124, 33.14, 0.754, 50.42, 0.735, 94.48, 0.402, 0.00, 0.000
11576,123509, 51.72, 49.87, 0.697, 0.694, 0.174156, 0.005715,1,1,0, 0.052081, 0.028368, 0.053046, 0.025165, 51.72, 0.697, 33.70, 0.663, 93.02, 0.348, 0.00, 0.000
11577,123520, 51.94, 50.74, 0.628, 0.638, 0.154982, 0.004005,1,1,0, 0.044436, 0.026265, 0.045465, 0.024178, 51.94, 0.628, 34.18, 0.495, 96.00, 0.236, 0.00, 0.000
11578,123530, 33.51, 51.83, 0.525, 0.529, 0.137303, 0.002806,1,1,0, 0.032872, 0.017392, 0.032008, 0.016603, 33.51, 0.525, 53.33, 0.520, 86.33, 0.434, 42.40, 0.285
11579,123541, 33.33, 52.86, 0.624, 0.578, 0.122061, 0.001967,1,1,0, 0.038071, 0.019350, 0.031935, 0.018394, 33.33, 0.624, 83.91, 0.594, 54.29, 0.579, 41.52, 0.525
11580,123552, 83.91, 48.22, 0.648, 0.658, 0.108653, 0.001378,1,1,0, 0.042706, 0.018962, 0.033707, 0.016775, 83.91, 0.648, 41.81, 0.647, 54.54, 0.505, 33.33, 0.480
11581,123562, 41.95, 45.59, 0.914, 0.930, 0.096695, 0.000966,1,1,0, 0.030537, 0.016831, 0.027078, 0.015792, 41.95, 0.914, 83.91, 0.848, 55.81, 0.552, 33.42, 0.510
11582,123573, 41.81, 44.00, 0.911, 0.936, 0.086096, 0.000676,1,1,0, 0.034469, 0.017115, 0.025714, 0.014041, 41.81, 0.911, 33.42, 0.813, 83.33, 0.715, 166.66, 0.602
11583,123584, 33.33, 42.90, 0.814, 0.793, 0.077528, 0.000474,1,1,0, 0.038553, 0.021085, 0.031412, 0.019652, 33.33, 0.814, 41.37, 0.734, 83.33, 0.655, 55.04, 0.651
11584,123594, 33.24, 42.32, 0.787, 0.617, 0.069413, 0.000332,1,1,0, 0.034234, 0.017535, 0.025190, 0.014353, 33.24, 0.787, 83.91, 0.675, 55.04, 0.600, 41.52, 0.538
11585,123605, 33.14, 41.98, 0.738, 0.727, 0.062213, 0.000232,1,1,0, 0.030626, 0.013281, 0.034975, 0.014934, 33.14, 0.738, 41.52, 0.665, 83.91, 0.663, 55.04, 0.602
11586,123616, 41.52, 41.79, 0.766, 0.831, 0.056044, 0.000163,1,1,0, 0.035868, 0.017737, 0.032218, 0.015592, 41.52, 0.766, 55.29, 0.750, 33.51, 0.715, 83.91, 0.697
11587,123626, 41.66, 41.73, 0.844, 0.888, 0.050765, 0.000114,1,1,0, 0.026585, 0.018121, 0.027291, 0.015573, 41.66, 0.844, 55.81, 0.714, 166.66, 0.629, 83.33, 0.554
11588,123637, 41.81, 41.76, 0.867, 0.904, 0.046403, 0.000080,1,1,0, 0.037039, 0.018380, 0.032141, 0.018011, 41.81, 0.867, 33.80, 0.734, 56.07, 0.699, 171.42, 0.588
11589,123648, 41.37, 41.60, 0.838, 0.883, 0.042184, 0.000056,1,1,0, 0.034211, 0.018314, 0.023918, 0.014441, 41.37, 0.838, 33.24, 0.676, 82.75, 0.663, 55.81, 0.560
11590,123658, 40.67, 41.21, 0.818, 0.869, 0.038432, 0.000039,1,1,0, 0.031016, 0.016073, 0.033241, 0.015959, 40.67, 0.818, 82.19, 0.749, 33.33, 0.504, 166.66, 0.386
11591,123669, 84.50, 41.46, 0.522, 0.604, 0.036310, 0.003381,1,1,0, 0.039993, 0.024929, 0.038426, 0.021164, 84.50, 0.522, 41.81, 0.520, 33.61, 0.444, 55.81, 0.275
11592,123680, 34.28, 41.46, 0.583, 0.544, 0.033406, 0.002369,1,1,0, 0.029394, 0.020374, 0.027568, 0.015597, 34.28, 0.583, 42.10, 0.348, 56.33, 0.299, 88.88, 0.080
11593,123690, 34.48, 38.53, 0.695, 0.652, 0.030336, 0.001660,1,1,0, 0.027499, 0.015225, 0.021878, 0.010054, 34.48, 0.695, 41.09, 0.355, 54.54, 0.219, 150.00, 0.079
11594,123701, 30.69, 39.49, 0.866, 0.826, 0.026998, 0.001163,1,1,0, 0.011043, 0.006000, 0.008242, 0.004215, 30.69, 0.866, 40.81, 0.839, 139.53, 0.202, 56.33, 0.079
11595,123712, 153.84, 39.49, 0.062, 0.743, 0.024124, 0.000815,1,1,0, 0.010272, 0.005394, 0.011514, 0.004697, 153.84, 0.062, 59.40, 0.043, 0.00, 0.000, 0.00, 0.000
11596,123722, 31.25, 38.46, 0.529, 0.529, 0.021578, 0.000571,1,1,0, 0.010302, 0.005763, 0.011515, 0.004704, 31.25, 0.529, 37.03, 0.512, 50.00, 0.251, 75.94, 0.104
11597,123733, 50.84, 38.46, 0.235, 0.476, 0.019309, 0.000400,1,1,0, 0.009216, 0.005120, 0.008678, 0.004192, 50.84, 0.235, 58.53, 0.188, 88.88, 0.123, 279.06, 0.097
11598,123744, 60.30, 47.63, 0.498, 0.467, 0.017208, 0.000280,1,1,0, 0.008450, 0.004712, 0.005257, 0.002945, 60.30, 0.498, 76.92, 0.202, 34.48, 0.175, 48.97, 0.087
11599,123754, 36.25, 47.63, 0.438, 0.420, 0.015351, 0.000196,1,1,0, 0.006466, 0.003119, 0.004728, 0.002649, 36.25, 0.438, 266.66, 0.371, 60.00, 0.291, 48.78, 0.275
11600,123765, 292.68, 47.63, 0.552, 0.378, 0.013776, 0.000137,1,1,0, 0.007638, 0.005010, 0.005774, 0.003123, 292.68, 0.552, 148.14, 0.422, 75.00, 0.335, 49.58, 0.335
11601,123776, 285.71, 48.36, 0.559, 0.482, 0.012329, 0.000096,1,1,0, 0.003999, 0.002275, 0.006023, 0.002737, 285.71, 0.559, 144.57, 0.518, 36.69, 0.500, 49.38, 0.456
11602,123786, 33.33, 48.79, 0.655, 0.468, 0.011005, 0.000067,1,1,0, 0.005106, 0.002287, 0.004738, 0.002067, 33.33, 0.655, 292.68, 0.604, 37.15, 0.548, 49.38, 0.434
11603,123797, 36.80, 48.79, 0.680, 0.421, 0.009908, 0.000047,1,1,0, 0.009795, 0.005123, 0.005929, 0.002781, 36.80, 0.680, 292.68, 0.649, 32.60, 0.647, 144.57, 0.456
11604,123808, 30.07, 40.93, 0.850, 0.798, 0.008908, 0.000033,1,1,0, 0.006985, 0.003141, 0.004526, 0.002227, 30.07, 0.850, 37.26, 0.693, 292.68, 0.628, 148.14, 0.600
11605,123818, 49.38, 41.48, 0.559, 0.483, 0.008113, 0.000023,1,1,0, 0.007943, 0.003342, 0.006115, 0.003054, 49.38, 0.559, 292.68, 0.543, 144.57, 0.535, 74.07, 0.476
11606,123829, 300.00, 44.80, 0.582, 0.551, 0.007545, 0.000539,1,1,0, 0.012934, 0.008770, 0.008336, 0.004239, 300.00, 0.582, 49.38, 0.569, 74.53, 0.490, 59.70, 0.481
11607,123840, 300.00, 44.80, 0.586, 0.496, 0.007420, 0.002801,1,1,0, 0.007899, 0.004450, 0.008745, 0.004729, 300.00, 0.586, 36.92, 0.425, 146.34, 0.400, 42.10, 0.188
11608,123850, 300.00, 44.80, 0.618, 0.447, 0.006807, 0.001963,1,1,0, 0.010680, 0.006565, 0.005131, 0.002876, 300.00, 0.618, 150.00, 0.393, 33.05, 0.273, 37.03, 0.203
11609,123861, 300.00, 88.20, 0.643, 0.510, 0.006315, 0.001375,1,1,0, 0.009856, 0.004858, 0.006691, 0.002939, 300.00, 0.643, 148.14, 0.497, 36.92, 0.345, 32.69, 0.186
11610,123872, 148.14, 113.38, 0.715, 0.694, 0.005861, 0.000964,1,1,0, 0.009621, 0.004406, 0.006052, 0.003075, 148.14, 0.715, 292.68, 0.700, 100.84, 0.445, 75.00, 0.423
11611,123882, 292.68, 96.87, 0.731, 0.606, 0.005934, 0.003744,1,1,0, 0.013223, 0.009413, 0.007624, 0.003230, 292.68, 0.731, 146.34, 0.695, 98.36, 0.595, 74.07, 0.588
11612,123893, 148.14, 118.40, 0.745, 0.713, 0.005911, 0.004070,1,1,0, 0.009913, 0.005156, 0.007018, 0.003108, 148.14, 0.745, 300.00, 0.731, 74.53, 0.503, 100.00, 0.428
11613,123904, 292.68, 130.89, 0.757, 0.727, 0.005540, 0.002852,1,1,0, 0.006979, 0.002805, 0.006075, 0.003056, 292.68, 0.757, 148.14, 0.739, 98.36, 0.432, 74.07, 0.376
11614,123914, 300.00, 91.47, 0.681, 0.644, 0.005083, 0.001998,1,1,0, 0.005979, 0.002953, 0.004051, 0.002237, 300.00, 0.681, 148.14, 0.651, 37.03, 0.648, 74.53, 0.466
11615,123925, 37.15, 68.66, 0.834, 0.834, 0.005646, 0.005234,1,1,0, 0.011468, 0.006214, 0.007042, 0.003165, 37.15, 0.834, 32.78, 0.800, 148.14, 0.677, 292.68, 0.671
11616,123936, 37.03, 55.37, 0.681, 0.679, 0.005476, 0.003667,1,1,0, 0.009704, 0.003832, 0.006481, 0.003014, 37.03, 0.681, 300.00, 0.549, 49.79, 0.512, 42.40, 0.509
11617,123946, 74.07, 55.37, 0.623, 0.611, 0.006823, 0.006897,1,1,0, 0.010790, 0.005464, 0.008620, 0.004534, 74.07, 0.623, 59.70, 0.402, 300.00, 0.390, 32.96, 0.367
11618,123957, 74.53, 55.37, 0.597, 0.550, 0.006182, 0.004833,1,1,0, 0.008294, 0.004515, 0.004798, 0.002142, 74.53, 0.597, 33.14, 0.465, 300.00, 0.367, 59.70, 0.304
11619,123968, 74.53, 47.72, 0.637, 0.484, 0.006262, 0.004353,1,1,0, 0.005938, 0.002559, 0.008143, 0.003248, 74.53, 0.637, 37.15, 0.463, 49.38, 0.399, 97.56, 0.387
11620,123978, 75.00, 43.33, 0.624, 0.607, 0.005677, 0.003051,1,1,0, 0.005824, 0.002476, 0.004397, 0.001977, 75.00, 0.624, 37.26, 0.594, 49.58, 0.408, 148.14, 0.395
11621,123989, 74.07, 40.68, 0.840, 0.796, 0.005221, 0.002138,1,1,0, 0.007455, 0.003025, 0.005056, 0.002512, 74.07, 0.840, 37.03, 0.778, 49.58, 0.665, 148.14, 0.584
11622,124000, 74.53, 39.20, 0.806, 0.719, 0.005040, 0.001844,1,1,0, 0.006347, 0.003222, 0.005764, 0.002758, 74.53, 0.806, 37.15, 0.666, 148.14, 0.653, 49.58, 0.576
11623,124010, 37.03, 38.29, 0.866, 0.903, 0.004626, 0.001292,1,1,0, 0.005399, 0.002659, 0.003705, 0.002018, 37.03, 0.866, 74.07, 0.752, 148.14, 0.544, 300.00, 0.504
11624,124021, 74.53, 37.76, 0.814, 0.833, 0.004497, 0.001885,1,1,0, 0.005743, 0.002739, 0.005000, 0.002581, 74.53, 0.814, 37.03, 0.768, 150.00, 0.619, 49.58, 0.562
11625,124032, 74.07, 37.45, 0.852, 0.808, 0.004269, 0.001500,1,1,0, 0.005572, 0.002572, 0.004911, 0.002238, 74.07, 0.852, 37.03, 0.733, 148.14, 0.599, 49.38, 0.499
11626,124042, 37.26, 37.37, 0.815, 0.866, 0.004401, 0.003262,1,1,0, 0.005566, 0.002908, 0.005633, 0.002660, 37.26, 0.815, 74.53, 0.808, 42.25, 0.461, 148.14, 0.444
11627,124053, 37.03, 37.23, 0.904, 0.931, 0.004270, 0.002286,1,1,0, 0.005436, 0.002483, 0.004778, 0.002364, 37.03, 0.904, 74.07, 0.700, 33.14, 0.695, 49.58, 0.515
11628,124064, 32.96, 37.15, 0.745, 0.718, 0.004086, 0.001726,1,1,0, 0.006524, 0.002664, 0.004710, 0.002070, 32.96, 0.745, 74.07, 0.741, 59.40, 0.675, 37.03, 0.612
11629,124074, 49.58, 37.10, 0.633, 0.658, 0.004244, 0.002236,1,1,0, 0.007349, 0.003418, 0.004941, 0.002495, 49.58, 0.633, 74.07, 0.612, 59.40, 0.585, 37.03, 0.578
11630,124085, 74.53, 42.43, 0.667, 0.685, 0.004062, 0.001567,1,1,0, 0.007217, 0.003328, 0.004262, 0.002619, 74.53, 0.667, 49.79, 0.659, 150.00, 0.654, 300.00, 0.434
11631,124096, 32.78, 42.43, 0.500, 0.617, 0.004999, 0.006410,1,1,0, 0.006583, 0.003740, 0.006758, 0.003183, 32.78, 0.500, 307.69, 0.404, 148.14, 0.356, 74.53, 0.341
11632,124106, 36.92, 42.43, 0.486, 0.555, 0.014822, 0.019819,1,1,0, 0.019725, 0.011549, 0.018839, 0.009601, 36.92, 0.486, 48.78, 0.479, 42.55, 0.312, 32.96, 0.223
11633,124117, 31.49, 37.83, 0.705, 0.687, 0.031333, 0.047029,1,1,0, 0.084361, 0.035579, 0.043990, 0.017204, 31.49, 0.705, 96.00, 0.498, 35.92, 0.208, 0.00, 0.000
11634,124128, 38.70, 38.44, 0.494, 0.526, 0.442854, 0.788948,1,1,1, 0.653953, 0.324022, 0.562963, 0.270740, 38.70, 0.494, 0.00, 0.000, 0.00, 0.000, 0.00, 0.000
11635,124138, 38.70, 38.63, 0.467, 0.488, 0.397298, 0.552879,1,1,0, 0.213191, 0.062097, 0.161099, 0.091232, 38.70, 0.467, 83.33, 0.088, 59.70, 0.051, 0.00, 0.000
11636,124149, 54.54, 49.77, 0.741, 0.714, 0.608765, 0.387446,1,1,0, 0.893428, 0.462652, 0.712432, 0.424183, 54.54, 0.741, 95.23, 0.076, 126.31, 0.043, 30.53, 0.003
11637,124160, 55.04, 53.46, 0.901, 0.902, 0.612158, 0.352946,1,1,0, 0.960628, 0.378102, 0.703179, 0.294246, 55.04, 0.901, 34.78, 0.287, 96.00, 0.114, 0.00, 0.000
11638,124170, 55.55, 54.92, 0.986, 0.990, 0.591214, 0.247337,1,1,0, 0.620843, 0.260186, 0.691169, 0.308511, 55.55, 0.986, 35.39, 0.185, 97.56, 0.085, 0.00, 0.000
11639,124181, 55.55, 55.36, 0.998, 0.998, 0.651375, 0.303943,1,1,0, 0.974029, 0.457446, 0.725641, 0.416077, 55.55, 0.998, 35.08, 0.064, 96.00, 0.041, 131.86, 0.037
11640,124192, 55.55, 55.49, 0.994, 0.996, 0.579073, 0.212997,1,1,0, 0.409794, 0.131590, 0.419389, 0.101774, 55.55, 0.994, 34.48, 0.078, 94.48, 0.059, 125.00, 0.026
11641,124202, 55.55, 55.53, 0.996, 0.997, 0.622729, 0.278355,1,1,0, 0.888140, 0.452011, 0.712908, 0.414637, 55.55, 0.996, 129.03, 0.041, 38.96, 0.039, 35.60, 0.032
11642,124213, 55.55, 55.55, 0.995, 0.996, 0.618477, 0.388866,1,1,0, 0.922938, 0.321285, 0.713765, 0.270487, 55.55, 0.995, 34.88, 0.186, 96.00, 0.119, 0.00, 0.000
11643,124224, 55.55, 55.55, 0.996, 0.997, 0.604321, 0.272509,1,1,0, 0.861576, 0.331534, 0.710534, 0.335419, 55.55, 0.996, 36.80, 0.153, 110.09, 0.112, 0.00, 0.000
11644,124234, 55.55, 55.55, 0.999, 0.999, 0.654053, 0.342446,1,1,0, 0.933827, 0.426388, 0.725113, 0.391453, 55.55, 0.999, 35.29, 0.121, 100.84, 0.093, 0.00, 0.000
11645,124245, 55.55, 55.55, 0.998, 0.999, 0.588315, 0.239980,1,1,0, 0.616065, 0.194949, 0.652283, 0.182466, 55.55, 0.998, 35.60, 0.102, 103.44, 0.100, 0.00, 0.000
11646,124256, 55.55, 55.55, 0.999, 0.999, 0.638377, 0.318879,1,1,0, 0.941405, 0.462390, 0.725545, 0.421193, 55.55, 0.999, 117.64, 0.086, 37.97, 0.068, 0.00, 0.000
11647,124266, 55.55, 55.55, 0.999, 0.999, 0.588919, 0.315174,1,1,0, 0.875482, 0.245021, 0.679062, 0.215491, 55.55, 0.999, 34.68, 0.246, 96.77, 0.129, 0.00, 0.000
11648,124277, 55.55, 55.55, 0.999, 0.999, 0.616959, 0.293815,1,1,0, 0.934134, 0.402054, 0.725768, 0.379315, 55.55, 0.999, 37.38, 0.219, 113.20, 0.157, 0.00, 0.000
11649,124288, 55.55, 55.55, 0.999, 0.999, 0.631549, 0.353583,1,1,0, 0.913468, 0.393320, 0.719153, 0.351328, 55.55, 0.999, 35.29, 0.190, 101.69, 0.134, 0.00, 0.000
11650,124298, 55.55, 55.55, 0.999, 0.999, 0.592938, 0.247784,1,1,0, 0.639216, 0.257393, 0.714387, 0.256901, 55.55, 0.999, 108.10, 0.128, 36.36, 0.124, 0.00, 0.000
11651,124309, 55.55, 55.55, 0.999, 0.999, 0.637426, 0.315661,1,1,0, 0.904800, 0.457193, 0.716261, 0.416783, 55.55, 0.999, 115.38, 0.139, 37.50, 0.131, 0.00, 0.000
11652,124320, 55.55, 55.55, 0.999, 0.999, 0.575682, 0.221208,1,1,0, 0.568377, 0.177981, 0.476686, 0.172619, 55.55, 0.999, 34.48, 0.250, 98.36, 0.148, 0.00, 0.000
11653,124330, 55.55, 55.55, 0.999, 0.999, 0.613435, 0.269601,1,1,0, 0.901240, 0.438153, 0.710282, 0.400673, 55.55, 0.999, 37.61, 0.250, 115.38, 0.197, 0.00, 0.000
11654,124341, 55.55, 55.55, 0.999, 0.999, 0.614193, 0.330471,1,1,0, 0.894287, 0.374714, 0.704258, 0.318307, 55.55, 0.999, 35.50, 0.310, 102.56, 0.204, 0.00, 0.000
11655,124352, 55.55, 55.55, 0.999, 0.999, 0.590902, 0.231587,1,1,0, 0.609668, 0.291804, 0.696047, 0.306642, 55.55, 0.999, 110.09, 0.158, 36.92, 0.143, 0.00, 0.000
11656,124362, 55.55, 55.55, 0.999, 0.999, 0.630645, 0.294487,1,1,0, 0.894932, 0.449121, 0.703196, 0.411609, 55.55, 0.999, 37.26, 0.185, 113.20, 0.183, 0.00, 0.000
11657,124373, 55.55, 55.55, 0.999, 0.999, 0.569762, 0.206371,1,1,0, 0.304388, 0.170468, 0.300315, 0.162776, 55.55, 0.999, 34.68, 0.209, 102.56, 0.167, 0.00, 0.000
11658,124384, 55.55, 55.55, 0.999, 0.999, 0.603531, 0.268013,1,1,0, 0.883348, 0.446034, 0.700932, 0.402799, 55.55, 0.999, 37.61, 0.219, 115.38, 0.204, 0.00, 0.000
11659,124394, 55.55, 55.55, 0.999, 0.999, 0.607028, 0.345772,1,1,0, 0.886497, 0.369958, 0.700489, 0.309284, 55.55, 0.999, 35.60, 0.421, 103.44, 0.272, 0.00, 0.000
11660,124405, 55.55, 55.55, 0.999, 0.999, 0.583134, 0.242310,1,1,0, 0.581585, 0.304244, 0.670426, 0.325420, 55.55, 0.999, 111.11, 0.193, 37.03, 0.177, 0.00, 0.000
11661,124416, 55.55, 55.55, 0.999, 0.999, 0.618455, 0.311808,1,1,0, 0.878177, 0.432711, 0.696730, 0.400219, 55.55, 0.999, 112.14, 0.211, 37.15, 0.208, 0.00, 0.000
11662,124426, 55.55, 55.55, 0.999, 0.999, 0.561462, 0.218508,1,1,0, 0.368730, 0.203708, 0.317365, 0.184463, 55.55, 0.999, 35.60, 0.222, 108.10, 0.212, 0.00, 0.000
11663,124437, 55.55, 55.55, 0.999, 0.999, 0.593750, 0.298707,1,1,0, 0.882516, 0.443604, 0.703475, 0.396220, 55.55, 0.999, 114.28, 0.202, 37.61, 0.174, 0.00, 0.000
11664,124448, 55.55, 55.55, 0.999, 0.999, 0.602024, 0.378873,1,1,0, 0.864713, 0.365550, 0.696371, 0.316822, 55.55, 0.999, 35.60, 0.472, 104.34, 0.316, 0.00, 0.000
11665,124458, 55.55, 55.55, 0.999, 0.999, 0.575059, 0.265506,1,1,0, 0.549660, 0.316815, 0.648106, 0.329577, 55.55, 0.999, 37.03, 0.263, 111.11, 0.252, 0.00, 0.000
11666,124469, 55.55, 55.55, 0.999, 0.999, 0.602633, 0.345449,1,1,0, 0.858743, 0.409831, 0.695713, 0.381647, 55.55, 0.999, 111.11, 0.234, 36.80, 0.218, 0.00, 0.000
11667,124480, 55.55, 55.55, 0.999, 0.999, 0.552357, 0.242083,1,1,0, 0.440007, 0.248765, 0.401143, 0.224104, 55.55, 0.999, 36.03, 0.282, 108.10, 0.262, 0.00, 0.000
11668,124490, 55.55, 55.55, 0.999, 0.999, 0.579678, 0.300286,1,1,0, 0.847835, 0.434753, 0.686615, 0.384705, 55.55, 0.999, 114.28, 0.226, 37.61, 0.182, 0.00, 0.000
11669,124501, 55.55, 55.55, 0.999, 0.999, 0.590155, 0.395687,1,1,0, 0.842462, 0.340621, 0.685642, 0.311810, 55.55, 0.999, 35.50, 0.461, 103.44, 0.325, 0.00, 0.000
11670,124512, 55.55, 55.55, 0.999, 0.999, 0.562022, 0.277289,1,1,0, 0.669176, 0.344192, 0.623495, 0.337795, 55.55, 0.999, 37.15, 0.388, 112.14, 0.324, 0.00, 0.000
11671,124522, 55.55, 55.55, 0.999, 0.999, 0.583225, 0.366752,1,1,0, 0.826371, 0.386217, 0.682971, 0.357486, 55.55, 0.999, 110.09, 0.262, 36.58, 0.246, 0.00, 0.000
11672,124533, 55.55, 55.55, 0.999, 0.999, 0.539647, 0.257012,1,1,0, 0.476951, 0.286899, 0.514004, 0.264811, 55.55, 0.999, 36.36, 0.298, 109.09, 0.293, 0.00, 0.000
11673,124544, 55.55, 55.55, 0.999, 0.999, 0.561885, 0.299880,1,1,0, 0.801650, 0.427774, 0.664847, 0.379089, 55.55, 0.999, 114.28, 0.280, 37.61, 0.263, 0.00, 0.000
11674,124554, 55.55, 55.55, 0.999, 0.999, 0.552082, 0.369040,1,1,0, 0.786044, 0.291428, 0.653186, 0.281371, 55.55, 0.999, 35.08, 0.437, 103.44, 0.314, 0.00, 0.000
11675,124565, 55.55, 55.55, 0.999, 0.999, 0.540507, 0.258615,1,1,0, 0.788606, 0.384876, 0.652538, 0.358077, 55.55, 0.999, 37.38, 0.478, 113.20, 0.383, 0.00, 0.000
11676,124576, 55.55, 55.55, 0.999, 0.999, 0.554977, 0.336311,1,1,0, 0.780293, 0.366701, 0.650126, 0.333448, 55.55, 0.999, 36.14, 0.328, 108.10, 0.313, 0.00, 0.000
11677,124586, 55.55, 55.55, 0.999, 0.999, 0.518536, 0.235679,1,1,0, 0.458553, 0.315741, 0.557536, 0.300166, 55.55, 0.999, 110.09, 0.307, 36.80, 0.288, 0.00, 0.000
11678,124597, 55.55, 55.55, 0.999, 0.999, 0.539014, 0.299415,1,1,0, 0.761063, 0.414695, 0.639596, 0.373745, 55.55, 0.999, 37.50, 0.338, 113.20, 0.331, 0.00, 0.000
11679,124608, 55.55, 55.55, 0.999, 0.999, 0.499376, 0.209823,1,1,0, 0.568641, 0.262188, 0.486819, 0.256767, 55.55, 0.999, 34.88, 0.410, 105.26, 0.308, 0.00, 0.000
11680,124618, 55.55, 55.55, 0.999, 0.999, 0.517948, 0.251517,1,1,0, 0.739310, 0.408272, 0.624329, 0.367619, 55.55, 0.999, 37.50, 0.480, 114.28, 0.402, 0.00, 0.000
11681,124629, 55.55, 55.55, 0.999, 0.999, 0.531382, 0.293996,1,1,0, 0.732607, 0.361416, 0.610822, 0.322873, 55.55, 0.999, 35.82, 0.479, 107.14, 0.389, 0.00, 0.000
11682,124640, 55.55, 55.55, 0.999, 0.999, 0.501332, 0.206027,1,1,0, 0.449149, 0.336289, 0.515843, 0.328591, 55.55, 0.999, 111.11, 0.327, 37.03, 0.291, 0.00, 0.000
11683,124650, 55.55, 55.55, 0.999, 0.999, 0.518712, 0.253895,1,1,0, 0.720798, 0.389395, 0.600991, 0.359505, 55.55, 0.999, 37.38, 0.370, 113.20, 0.365, 0.00, 0.000
11684,124661, 55.55, 55.55, 0.999, 0.999, 0.482489, 0.177924,1,1,0, 0.466023, 0.282319, 0.479387, 0.266765, 55.55, 0.999, 35.29, 0.357, 107.14, 0.338, 0.00, 0.000
11685,124672, 55.55, 55.55, 0.999, 0.999, 0.498518, 0.227875,1,1,0, 0.711987, 0.405089, 0.595145, 0.355125, 55.55, 0.999, 37.50, 0.406, 114.28, 0.383, 0.00, 0.000
11686,124682, 55.55, 55.55, 0.999, 0.999, 0.511262, 0.287860,1,1,0, 0.698497, 0.364468, 0.587083, 0.330313, 55.55, 0.999, 35.82, 0.603, 106.19, 0.455, 0.00, 0.000
11687,124693, 55.55, 55.55, 0.999, 0.999, 0.486712, 0.201726,1,1,0, 0.491514, 0.347551, 0.492358, 0.341717, 55.55, 0.999, 112.14, 0.362, 37.15, 0.335, 0.00, 0.000
11688,124704, 55.55, 55.55, 0.999, 0.999, 0.498677, 0.247110,1,1,0, 0.681083, 0.360291, 0.576897, 0.339401, 55.55, 0.999, 112.14, 0.379, 37.26, 0.366, 0.00, 0.000
11689,124714, 55.55, 55.55, 0.999, 0.999, 0.471898, 0.173169,1,1,0, 0.511229, 0.319889, 0.498974, 0.294705, 55.55, 0.999, 36.25, 0.394, 109.09, 0.388, 0.00, 0.000
11690,124725, 55.55, 55.55, 0.999, 0.999, 0.480889, 0.207773,1,1,0, 0.664302, 0.394313, 0.566055, 0.336940, 55.55, 0.999, 113.20, 0.369, 37.38, 0.334, 0.00, 0.000
11691,124736, 55.55, 55.55, 0.999, 0.999, 0.495374, 0.244841,1,1,0, 0.654670, 0.359887, 0.556845, 0.340422, 55.55, 0.999, 35.92, 0.632, 106.19, 0.486, 0.00, 0.000
11692,124746, 55.55, 55.55, 0.999, 0.999, 0.483119, 0.171580,1,1,0, 0.523022, 0.354161, 0.508147, 0.342571, 55.55, 0.999, 37.15, 0.431, 112.14, 0.419, 0.00, 0.000
11693,124757, 55.55, 55.55, 0.999, 0.999, 0.481706, 0.194913,1,1,0, 0.635921, 0.334224, 0.544140, 0.316214, 55.55, 0.999, 111.11, 0.386, 37.15, 0.350, 0.00, 0.000
11694,124768, 55.55, 55.55, 0.999, 0.999, 0.474586, 0.136591,1,1,0, 0.538147, 0.347995, 0.515746, 0.320168, 55.55, 0.999, 36.36, 0.433, 109.09, 0.422, 0.00, 0.000
11695,124778, 55.55, 55.55, 0.999, 0.999, 0.469790, 0.144019,1,1,0, 0.615264, 0.386412, 0.531839, 0.326617, 55.55, 0.999, 113.20, 0.389, 37.38, 0.348, 0.00, 0.000
11696,124789, 55.55, 55.55, 0.999, 0.999, 0.482795, 0.138027,1,1,0, 0.592164, 0.339485, 0.519056, 0.336154, 55.55, 0.999, 35.92, 0.592, 106.19, 0.481, 0.00, 0.000
11697,124800, 55.55, 55.55, 0.999, 0.999, 0.490516, 0.155872,1,1,0, 0.553771, 0.367690, 0.526204, 0.344838, 55.55, 0.999, 37.15, 0.548, 112.14, 0.487, 0.00, 0.000
11698,124810, 55.55, 55.55, 0.999, 0.999, 0.469915, 0.109232,1,1,0, 0.584347, 0.320560, 0.499381, 0.299703, 55.55, 0.999, 110.09, 0.411, 36.80, 0.375, 0.00, 0.000
11699,124821, 55.55, 55.55, 0.999, 0.999, 0.483997, 0.177777,1,1,0, 0.556309, 0.365523, 0.539698, 0.337404, 55.55, 0.999, 109.09, 0.436, 36.47, 0.432, 0.00, 0.000
11700,124832, 55.55, 55.55, 0.999, 0.999, 0.462644, 0.124582,1,1,0, 0.573720, 0.373103, 0.483760, 0.321812, 55.55, 0.999, 113.20, 0.434, 37.50, 0.423, 0.00, 0.000
11701,124842, 55.55, 55.55, 0.999, 0.999, 0.475988, 0.173210,1,1,0, 0.557387, 0.320269, 0.543734, 0.320956, 55.55, 0.999, 35.82, 0.523, 106.19, 0.457, 0.00, 0.000
11702,124853, 55.55, 55.55, 0.999, 0.999, 0.493756, 0.238168,1,1,0, 0.566383, 0.374707, 0.551361, 0.341867, 55.55, 0.999, 37.38, 0.622, 113.20, 0.532, 0.00, 0.000
11703,124864, 55.55, 55.55, 0.999, 0.999, 0.469987, 0.166903,1,1,0, 0.555005, 0.326090, 0.539781, 0.302213, 55.55, 0.999, 36.58, 0.462, 109.09, 0.460, 0.00, 0.000
11704,124874, 55.55, 55.55, 0.999, 0.999, 0.495906, 0.237512,1,1,0, 0.573085, 0.375255, 0.562580, 0.346087, 55.55, 0.999, 110.09, 0.442, 36.80, 0.409, 0.00, 0.000
11705,124885, 55.55, 55.55, 0.999, 0.999, 0.470884, 0.166443,1,1,0, 0.573063, 0.348440, 0.454931, 0.315106, 55.55, 0.999, 37.50, 0.480, 113.20, 0.475, 0.00, 0.000
11706,124896, 55.55, 55.55, 0.999, 0.999, 0.488174, 0.209629,1,1,0, 0.563055, 0.328006, 0.566492, 0.319229, 55.55, 0.999, 35.71, 0.477, 107.14, 0.454, 0.00, 0.000
11707,124906, 55.55, 55.55, 0.999, 0.999, 0.474859, 0.227749,1,1,0, 0.584481, 0.367358, 0.539997, 0.323884, 55.55, 0.999, 37.38, 0.622, 113.20, 0.543, 0.00, 0.000
11708,124917, 55.55, 55.55, 0.999, 0.999, 0.481360, 0.191949,1,1,0, 0.533165, 0.340569, 0.569089, 0.320655, 55.55, 0.999, 36.25, 0.579, 108.10, 0.522, 0.00, 0.000
11709,124928, 55.55, 55.55, 0.999, 0.999, 0.508170, 0.268382,1,1,0, 0.591605, 0.381350, 0.579428, 0.350740, 55.55, 0.999, 111.11, 0.457, 37.03, 0.415, 0.00, 0.000
11710,124938, 55.55, 55.55, 0.999, 0.999, 0.479047, 0.188077,1,1,0, 0.551557, 0.306723, 0.423011, 0.293628, 55.55, 0.999, 112.14, 0.490, 37.26, 0.484, 0.00, 0.000
11711,124949, 55.55, 55.55, 0.999, 0.999, 0.500146, 0.229453,1,1,0, 0.596667, 0.362665, 0.577026, 0.340531, 55.55, 0.999, 109.09, 0.481, 36.25, 0.470, 0.00, 0.000
11712,124960, 55.55, 55.55, 0.999, 0.999, 0.471590, 0.160796,1,1,0, 0.605400, 0.350923, 0.454143, 0.295949, 55.55, 0.999, 37.26, 0.558, 113.20, 0.526, 0.00, 0.000
11713,124970, 55.55, 55.55, 0.999, 0.999, 0.492277, 0.199651,1,1,0, 0.543855, 0.350514, 0.575399, 0.340977, 55.55, 0.999, 36.14, 0.684, 107.14, 0.580, 0.00, 0.000
11714,124981, 55.55, 55.55, 0.999, 0.999, 0.520894, 0.258297,1,1,0, 0.609287, 0.385652, 0.581200, 0.354525, 55.55, 0.999, 111.11, 0.499, 37.03, 0.477, 0.00, 0.000
11715,124992, 55.55, 55.55, 0.999, 0.999, 0.485960, 0.181009,1,1,0, 0.464356, 0.265134, 0.388306, 0.263596, 55.55, 0.999, 112.14, 0.494, 37.15, 0.465, 0.00, 0.000
11716,125002, 55.55, 55.55, 0.999, 0.999, 0.511139, 0.221676,1,1,0, 0.606767, 0.390313, 0.579243, 0.361230, 55.55, 0.999, 110.09, 0.518, 36.58, 0.515, 0.00, 0.000
11717,125013, 55.55, 55.55, 0.999, 0.999, 0.478040, 0.155346,1,1,0, 0.610352, 0.338620, 0.470655, 0.275110, 55.55, 0.999, 112.14, 0.512, 37.15, 0.494, 0.00, 0.000
11718,125024, 55.55, 55.55, 0.999, 0.999, 0.502063, 0.197886,1,1,0, 0.559559, 0.347225, 0.579884, 0.349211, 55.55, 0.999, 36.14, 0.724, 108.10, 0.606, 0.00, 0.000
11719,125034, 55.55, 55.55, 0.999, 0.999, 0.529996, 0.256395,1,1,0, 0.614189, 0.380674, 0.585927, 0.350321, 55.55, 0.999, 37.15, 0.565, 112.14, 0.552, 0.00, 0.000
11720,125045, 55.55, 55.55, 0.999, 0.999, 0.491943, 0.179676,1,1,0, 0.461216, 0.255396, 0.364925, 0.249838, 55.55, 0.999, 111.11, 0.507, 37.03, 0.464, 0.00, 0.000
11721,125056, 55.55, 55.55, 0.999, 0.999, 0.518854, 0.224932,1,1,0, 0.612668, 0.399458, 0.587888, 0.368067, 55.55, 0.999, 110.09, 0.540, 36.69, 0.534, 0.00, 0.000
11722,125066, 55.55, 55.55, 0.999, 0.999, 0.485113, 0.157627,1,1,0, 0.611367, 0.334619, 0.483152, 0.274611, 55.55, 0.999, 112.14, 0.530, 37.15, 0.502, 0.00, 0.000
11723,125077, 55.55, 55.55, 0.999, 0.999, 0.507008, 0.212510,1,1,0, 0.558843, 0.335091, 0.590170, 0.342546, 55.55, 0.999, 36.36, 0.681, 108.10, 0.598, 0.00, 0.000
11724,125088, 55.55, 55.55, 0.999, 0.999, 0.532462, 0.286832,1,1,0, 0.602428, 0.367576, 0.595016, 0.337697, 55.55, 0.999, 37.15, 0.647, 112.14, 0.600, 0.00, 0.000
11725,125098, 55.55, 55.55, 0.999, 0.999, 0.494102, 0.201006,1,1,0, 0.538859, 0.272799, 0.477669, 0.257505, 55.55, 0.999, 111.11, 0.536, 36.92, 0.505, 0.00, 0.000
11726,125109, 55.55, 55.55, 0.999, 0.999, 0.520836, 0.250568,1,1,0, 0.606664, 0.398148, 0.593357, 0.364230, 55.55, 0.999, 110.09, 0.543, 36.80, 0.515, 0.00, 0.000
11727,125120, 55.55, 55.55, 0.999, 0.999, 0.486796, 0.175593,1,1,0, 0.607688, 0.320859, 0.481652, 0.278824, 55.55, 0.999, 112.14, 0.564, 37.26, 0.558, 0.00, 0.000
11728,125130, 55.55, 55.55, 0.999, 0.999, 0.509814, 0.239466,1,1,0, 0.557648, 0.339227, 0.597388, 0.338339, 55.55, 0.999, 36.47, 0.614, 109.09, 0.587, 0.00, 0.000
11729,125141, 55.55, 55.55, 0.999, 0.999, 0.524428, 0.296615,1,1,0, 0.600407, 0.348200, 0.591784, 0.315921, 55.55, 0.999, 37.15, 0.710, 112.14, 0.637, 0.00, 0.000
11730,125152, 55.55, 55.55, 0.999, 0.999, 0.492939, 0.207862,1,1,0, 0.561013, 0.303186, 0.569736, 0.279124, 55.55, 0.999, 110.09, 0.581, 36.80, 0.578, 0.00, 0.000
11731,125162, 55.55, 55.55, 0.943, 0.959, 0.455010, 0.145665,1,1,0, 0.479853, 0.232798, 0.420835, 0.218952, 55.55, 0.943, 37.38, 0.597, 112.14, 0.575, 0.00, 0.000
11732,125173, 55.81, 55.66, 0.850, 0.892, 0.409311, 0.102079,1,1,0, 0.185293, 0.111648, 0.200412, 0.104547, 55.81, 0.850, 113.20, 0.508, 38.58, 0.424, 0.00, 0.000
11733,125184, 40.40, 56.75, 0.807, 0.803, 0.364069, 0.071535,1,1,0, 0.106181, 0.056158, 0.112071, 0.055157, 40.40, 0.807, 58.25, 0.753, 118.81, 0.469, 0.00, 0.000
11734,125194, 31.66, 46.21, 0.926, 0.940, 0.322474, 0.050130,1,1,0, 0.058937, 0.036332, 0.061168, 0.034419, 31.66, 0.926, 63.15, 0.900, 41.66, 0.664, 125.00, 0.570
11735,125205, 31.25, 39.92, 0.885, 0.899, 0.285449, 0.035130,1,1,0, 0.062569, 0.034265, 0.036985, 0.027447, 31.25, 0.885, 121.21, 0.872, 61.85, 0.871, 41.37, 0.794
11736,125216, 42.70, 41.09, 0.710, 0.746, 0.253117, 0.024618,1,1,0, 0.061347, 0.035365, 0.055787, 0.030270, 42.70, 0.710, 63.15, 0.670, 129.03, 0.623, 31.57, 0.215
11737,125226, 42.70, 41.77, 0.769, 0.789, 0.222854, 0.017252,1,1,0, 0.039073, 0.016538, 0.037536, 0.013853, 42.70, 0.769, 61.85, 0.392, 129.03, 0.269, 31.57, 0.156
11738,125237, 57.97, 48.57, 0.622, 0.583, 0.196948, 0.012090,1,1,0, 0.039444, 0.021705, 0.037535, 0.017980, 57.97, 0.622, 46.69, 0.327, 0.00, 0.000, 0.00, 0.000
11739,125248, 56.33, 51.83, 0.826, 0.777, 0.173913, 0.008472,1,1,0, 0.027141, 0.015421, 0.022735, 0.014297, 56.33, 0.826, 0.00, 0.000, 0.00, 0.000, 0.00, 0.000
11740,125258, 56.60, 53.83, 0.577, 0.572, 0.152754, 0.005937,1,1,0, 0.016054, 0.005739, 0.013247, 0.005406, 56.60, 0.577, 65.93, 0.567, 33.42, 0.143, 0.00, 0.000
11741,125269, 31.33, 54.88, 0.655, 0.530, 0.134442, 0.004160,1,1,0, 0.016069, 0.008088, 0.016925, 0.007525, 31.33, 0.655, 69.36, 0.526, 56.33, 0.524, 34.18, 0.236
11742,125280, 31.08, 55.27, 0.723, 0.577, 0.118207, 0.002915,1,1,0, 0.018061, 0.007100, 0.013017, 0.005352, 31.08, 0.723, 55.81, 0.567, 69.76, 0.317, 33.80, 0.223
11743,125290, 55.55, 55.39, 0.842, 0.843, 0.104073, 0.002043,1,1,0, 0.018668, 0.007777, 0.019116, 0.007294, 55.55, 0.842, 31.00, 0.714, 70.58, 0.550, 255.31, 0.367
11744,125301, 55.55, 55.46, 0.878, 0.903, 0.091840, 0.001431,1,1,0, 0.013326, 0.007261, 0.013671, 0.006932, 55.55, 0.878, 31.08, 0.603, 45.80, 0.514, 70.58, 0.456
11745,125312, 55.55, 55.50, 0.838, 0.872, 0.080938, 0.001003,1,1,0, 0.018654, 0.006769, 0.016693, 0.006233, 55.55, 0.838, 45.62, 0.722, 260.86, 0.468, 69.76, 0.272
11746,125322, 55.55, 55.52, 0.854, 0.884, 0.071598, 0.000703,1,1,0, 0.013903, 0.007409, 0.014171, 0.006929, 55.55, 0.854, 45.80, 0.664, 31.16, 0.542, 260.86, 0.531
11747,125333, 55.81, 55.64, 0.914, 0.938, 0.063121, 0.000492,1,1,0, 0.013683, 0.005118, 0.013958, 0.004689, 55.81, 0.914, 71.00, 0.432, 260.86, 0.415, 46.15, 0.367
11748,125344, 55.55, 55.60, 0.863, 0.898, 0.055872, 0.000345,1,1,0, 0.012092, 0.007369, 0.011452, 0.005768, 55.55, 0.863, 31.25, 0.740, 71.42, 0.555, 45.62, 0.453
11749,125354, 55.55, 55.58, 0.489, 0.544, 0.049808, 0.000242,1,1,0, 0.018028, 0.009637, 0.013727, 0.008224, 55.55, 0.489, 39.21, 0.467, 45.11, 0.427, 71.42, 0.400
11750,125365, 38.33, 55.58, 0.514, 0.489, 0.044250, 0.000169,1,1,0, 0.015979, 0.007697, 0.014745, 0.006590, 38.33, 0.514, 45.11, 0.409, 55.55, 0.386, 250.00, 0.376
11751,125376, 44.94, 51.11, 0.640, 0.600, 0.039455, 0.000118,1,1,0, 0.021214, 0.009058, 0.021086, 0.007969, 44.94, 0.640, 31.16, 0.539, 39.86, 0.391, 255.31, 0.353
11752,125386, 44.94, 48.52, 0.569, 0.543, 0.035054, 0.000083,1,1,0, 0.013811, 0.005564, 0.011726, 0.005273, 44.94, 0.569, 40.00, 0.479, 37.73, 0.350, 260.86, 0.349
11753,125397, 45.28, 47.16, 0.684, 0.670, 0.034905, 0.013667,1,1,0, 0.062045, 0.036790, 0.038776, 0.020876, 45.28, 0.684, 272.72, 0.572, 54.79, 0.340, 0.00, 0.000
11754,125408, 44.60, 46.09, 0.495, 0.505, 0.065735, 0.040040,1,1,0, 0.103045, 0.060764, 0.073082, 0.046111, 44.60, 0.495, 40.00, 0.409, 54.29, 0.252, 0.00, 0.000
11755,125418, 44.28, 45.33, 0.595, 0.593, 0.061536, 0.028059,1,1,0, 0.095292, 0.060222, 0.057500, 0.035514, 44.28, 0.595, 40.13, 0.587, 31.83, 0.089, 0.00, 0.000
11756,125429, 38.96, 42.65, 0.692, 0.650, 0.056426, 0.019663,1,1,0, 0.048270, 0.035377, 0.051190, 0.025349, 38.96, 0.692, 0.00, 0.000, 0.00, 0.000, 0.00, 0.000
11757,125440, 37.85, 40.63, 0.786, 0.751, 0.050119, 0.013779,1,1,0, 0.015098, 0.008528, 0.017907, 0.007095, 37.85, 0.786, 32.08, 0.234, 0.00, 0.000, 0.00, 0.000
11758,125450, 30.45, 40.63, 0.164, 0.676, 0.044385, 0.009656,1,1,0, 0.013974, 0.006232, 0.008177, 0.004651, 30.45, 0.164, 44.28, 0.113, 51.94, 0.038, 0.00, 0.000
11759,125461, 55.29, 40.63, 0.132, 0.608, 0.039359, 0.006767,1,1,0, 0.010994, 0.005139, 0.007587, 0.004609, 55.29, 0.132, 36.92, 0.018, 34.48, 0.016, 0.00, 0.000
11760,125472, 226.41, 39.27, 0.694, 0.475, 0.034996, 0.004742,1,1,0, 0.016875, 0.007546, 0.014714, 0.006098, 226.41, 0.694, 44.77, 0.547, 55.81, 0.507, 112.14, 0.496
11761,125482, 31.83, 38.28, 0.801, 0.700, 0.031167, 0.003323,1,1,0, 0.011512, 0.005555, 0.011556, 0.005456, 31.83, 0.801, 36.92, 0.681, 230.76, 0.607, 55.81, 0.521
11762,125493, 36.92, 37.71, 0.818, 0.859, 0.027765, 0.002328,1,1,0, 0.013499, 0.008404, 0.010351, 0.004788, 36.92, 0.818, 31.83, 0.793, 226.41, 0.552, 44.28, 0.481
11763,125504, 37.15, 37.47, 0.803, 0.858, 0.024832, 0.001632,1,1,0, 0.015245, 0.009055, 0.009137, 0.004795, 37.15, 0.803, 222.22, 0.614, 31.74, 0.550, 74.07, 0.506
11764,125514, 74.07, 37.29, 0.779, 0.518, 0.022141, 0.001143,1,1,0, 0.010253, 0.005618, 0.010676, 0.004477, 74.07, 0.779, 226.41, 0.640, 55.81, 0.623, 111.11, 0.539
11765,125525, 74.07, 37.23, 0.831, 0.691, 0.019825, 0.000801,1,1,0, 0.011348, 0.004719, 0.009619, 0.004570, 74.07, 0.831, 222.22, 0.794, 55.81, 0.719, 112.14, 0.681
11766,125536, 222.22, 37.19, 0.860, 0.828, 0.017756, 0.000561,1,1,0, 0.010016, 0.005002, 0.008535, 0.003818, 222.22, 0.860, 74.07, 0.855, 111.11, 0.796, 55.55, 0.783
11767,125546, 222.22, 37.17, 0.844, 0.723, 0.015969, 0.000393,1,1,0, 0.009704, 0.004435, 0.007611, 0.004280, 222.22, 0.844, 74.53, 0.790, 111.11, 0.760, 55.55, 0.723
11768,125557, 37.03, 37.11, 0.943, 0.959, 0.014499, 0.000275,1,1,0, 0.012493, 0.006438, 0.010567, 0.005161, 37.03, 0.943, 31.83, 0.924, 222.22, 0.823, 44.44, 0.775
11769,125568, 37.03, 37.08, 0.933, 0.952, 0.013104, 0.000193,1,1,0, 0.012259, 0.005359, 0.007997, 0.003978, 37.03, 0.933, 31.74, 0.791, 44.44, 0.788, 222.22, 0.753
11770,125578, 37.03, 37.06, 0.827, 0.875, 0.011951, 0.000135,1,1,0, 0.010102, 0.005057, 0.008188, 0.004449, 37.03, 0.827, 74.07, 0.797, 44.44, 0.747, 222.22, 0.744
11771,125589, 74.07, 37.10, 0.834, 0.734, 0.010977, 0.000094,1,1,0, 0.013270, 0.006041, 0.010226, 0.005103, 74.07, 0.834, 55.81, 0.805, 222.22, 0.762, 111.11, 0.660
11772,125600, 37.03, 37.07, 0.758, 0.826, 0.010323, 0.003167,1,1,0, 0.012992, 0.005815, 0.011465, 0.004837, 37.03, 0.758, 222.22, 0.728, 74.07, 0.652, 111.11, 0.649
11773,125610, 37.15, 37.10, 0.889, 0.920, 0.009596, 0.002219,1,1,0, 0.011791, 0.005665, 0.009863, 0.005227, 37.15, 0.889, 31.83, 0.718, 44.28, 0.701, 226.41, 0.673
11774,125621, 37.03, 37.07, 0.826, 0.874, 0.008862, 0.001555,1,1,0, 0.012489, 0.006920, 0.006676, 0.004254, 37.03, 0.826, 31.74, 0.789, 44.44, 0.712, 222.22, 0.675
11775,125632, 37.03, 37.06, 0.853, 0.894, 0.009620, 0.005701,1,1,0, 0.012782, 0.005989, 0.011426, 0.005844, 37.03, 0.853, 31.91, 0.843, 226.41, 0.652, 74.07, 0.522
11776,125642, 37.03, 37.05, 0.799, 0.855, 0.008859, 0.003995,1,1,0, 0.009285, 0.004769, 0.007308, 0.004133, 37.03, 0.799, 31.74, 0.743, 222.22, 0.717, 74.07, 0.645
11777,125653, 37.15, 37.09, 0.811, 0.864, 0.008462, 0.002799,1,1,0, 0.010974, 0.005125, 0.009220, 0.004913, 37.15, 0.811, 44.28, 0.761, 31.74, 0.672, 74.07, 0.620
11778,125664, 44.44, 37.11, 0.835, 0.835, 0.007867, 0.001962,1,1,0, 0.007659, 0.004294, 0.006736, 0.004156, 44.44, 0.835, 74.07, 0.780, 37.15, 0.771, 111.11, 0.679
11779,125674, 37.15, 37.13, 0.906, 0.932, 0.007668, 0.002761,1,1,0, 0.009602, 0.004988, 0.008441, 0.004585, 37.15, 0.906, 74.07, 0.839, 31.74, 0.831, 44.60, 0.809
11780,125685, 74.07, 37.14, 0.883, 0.890, 0.007126, 0.001934,1,1,0, 0.007362, 0.003833, 0.006011, 0.003719, 74.07, 0.883, 37.15, 0.847, 55.81, 0.843, 44.60, 0.799
11781,125696, 44.44, 37.14, 0.925, 0.940, 0.006830, 0.002826,1,1,0, 0.009395, 0.004074, 0.007930, 0.003498, 44.44, 0.925, 37.15, 0.916, 74.07, 0.887, 222.22, 0.881
11782,125706, 222.22, 37.19, 0.856, 0.763, 0.006304, 0.001980,1,1,0, 0.007334, 0.003837, 0.005669, 0.003022, 222.22, 0.856, 55.81, 0.833, 44.60, 0.828, 74.53, 0.759
11783,125717, 226.41, 37.27, 0.790, 0.641, 0.005859, 0.001388,1,1,0, 0.013363, 0.009821, 0.005973, 0.003172, 226.41, 0.790, 112.14, 0.712, 75.00, 0.622, 37.38, 0.518
11784,125728, 235.29, 120.44, 0.656, 0.603, 0.005909, 0.001947,1,1,0, 0.006526, 0.002996, 0.006652, 0.004221, 235.29, 0.656, 32.17, 0.471, 113.20, 0.180, 37.26, 0.064
11785,125738, 244.89, 172.71, 0.683, 0.641, 0.005454, 0.001364,1,1,0, 0.009722, 0.006133, 0.003784, 0.002479, 244.89, 0.683, 155.84, 0.312, 114.28, 0.286, 75.94, 0.087
11786,125749, 117.64, 172.71, 0.115, 0.577, 0.004884, 0.000956,1,1,0, 0.009679, 0.008344, 0.002868, 0.001124, 117.64, 0.115, 75.47, 0.000, 0.00, 0.000, 0.00, 0.000
11787,125760, 151.89, 163.97, 0.752, 0.687, 0.004559, 0.000670,1,1,0, 0.007532, 0.003077, 0.004791, 0.002613, 151.89, 0.752, 111.11, 0.603, 75.47, 0.384, 63.15, 0.221
11788,125770, 153.84, 159.71, 0.482, 0.490, 0.004113, 0.000469,1,1,0, 0.003877, 0.001777, 0.001958, 0.001155, 153.84, 0.482, 110.09, 0.264, 0.00, 0.000, 0.00, 0.000
11789,125781, 42.25, 110.38, 0.785, 0.737, 0.004169, 0.001754,1,1,0, 0.007571, 0.005028, 0.004720, 0.002990, 42.25, 0.785, 48.97, 0.668, 37.97, 0.655, 160.00, 0.267
11790,125792, 44.77, 82.82, 0.789, 0.740, 0.004235, 0.001451,1,1,0, 0.010886, 0.006378, 0.004625, 0.002933, 44.77, 0.789, 48.00, 0.772, 37.73, 0.478, 34.48, 0.320
11791,125802, 400.00, 216.04, 0.706, 0.662, 0.003915, 0.001017,1,1,0, 0.003228, 0.001469, 0.003577, 0.001923, 400.00, 0.706, 0.00, 0.000, 0.00, 0.000, 0.00, 0.000
11792,125813, 33.05, 139.18, 0.712, 0.668, 0.003565, 0.000712,1,1,0, 0.002658, 0.001671, 0.002575, 0.001365, 33.05, 0.712, 0.00, 0.000, 0.00, 0.000, 0.00, 0.000
11793,125824, 31.83, 94.09, 0.867, 0.818, 0.003256, 0.000499,1,1,0, 0.003708, 0.002328, 0.001919, 0.001190, 31.83, 0.867, 45.62, 0.240, 100.00, 0.071, 0.00, 0.000
11794,125834, 32.96, 68.42, 0.822, 0.777, 0.002988, 0.000350,1,1,0, 0.003168, 0.001568, 0.002947, 0.001358, 32.96, 0.822, 30.92, 0.726, 101.69, 0.116, 0.00, 0.000
11795,125845, 32.78, 53.45, 0.838, 0.806, 0.002714, 0.000245,1,1,0, 0.002040, 0.000875, 0.002064, 0.000984, 32.78, 0.838, 100.00, 0.404, 49.58, 0.262, 0.00, 0.000
11796,125856, 47.61, 51.00, 0.812, 0.798, 0.002490, 0.000171,1,1,0, 0.003754, 0.002294, 0.002079, 0.001200, 47.61, 0.812, 33.33, 0.651, 99.17, 0.218, 0.00, 0.000
11797,125866, 33.51, 50.07, 0.631, 0.629, 0.002245, 0.000120,1,1,0, 0.003598, 0.002251, 0.001492, 0.000647, 33.51, 0.631, 48.78, 0.603, 36.58, 0.479, 98.36, 0.122
11798,125877, 157.89, 95.35, 0.515, 0.483, 0.003541, 0.002902,1,1,0, 0.007117, 0.004522, 0.004252, 0.002677, 157.89, 0.515, 107.14, 0.311, 32.96, 0.148, 0.00, 0.000
11799,125888, 32.00, 68.74, 0.597, 0.561, 0.003272, 0.002034,1,1,0, 0.007142, 0.003690, 0.002343, 0.001507, 32.00, 0.597, 0.00, 0.000, 0.00, 0.000, 0.00, 0.000
11800,125898, 32.60, 68.74, 0.195, 0.504, 0.003046, 0.001425,1,1,0, 0.003197, 0.001754, 0.003202, 0.001827, 32.60, 0.195, 0.00, 0.000, 0.00, 0.000, 0.00, 0.000
11801,125909, 400.00, 207.87, 0.796, 0.747, 0.002721, 0.000999,1,1,0, 0.003149, 0.001752, 0.001301, 0.000538, 400.00, 0.796, 0.00, 0.000, 0.00, 0.000, 0.00, 0.000
11802,125920, 324.32, 256.78, 0.718, 0.674, 0.002479, 0.000700,1,1,0, 0.003684, 0.001355, 0.001694, 0.000894, 324.32, 0.718, 151.89, 0.529, 100.00, 0.327, 58.82, 0.311
11803,125930, 49.58, 256.78, 0.222, 0.607, 0.007578, 0.015486,1,1,0, 0.015529, 0.005033, 0.012007, 0.004195, 49.58, 0.222, 0.00, 0.000, 0.00, 0.000, 0.00, 0.000
11804,125941, 32.34, 206.20, 0.723, 0.545, 0.019552, 0.037075,1,1,0, 0.056548, 0.025617, 0.029510, 0.012339, 32.34, 0.723, 266.66, 0.657, 136.36, 0.525, 102.56, 0.440
11805,125952, 52.63, 98.70, 0.497, 0.493, 0.209156, 0.506715,1,1,1, 0.400646, 0.162480, 0.333815, 0.147153, 52.63, 0.497, 105.26, 0.344, 44.44, 0.298, 32.78, 0.103
11806,125962, 72.28, 80.21, 0.658, 0.640, 0.355272, 0.429003,1,1,0, 0.441589, 0.236146, 0.467904, 0.220111, 72.28, 0.658, 43.32, 0.304, 30.15, 0.166, 157.89, 0.041
11807,125973, 73.17, 49.51, 0.826, 0.705, 0.387911, 0.318159,1,1,0, 0.446066, 0.235944, 0.458969, 0.221717, 73.17, 0.826, 36.36, 0.682, 31.16, 0.122, 51.72, 0.015
11808,125984, 73.61, 40.62, 0.916, 0.889, 0.350857, 0.222959,1,1,0, 0.443237, 0.167270, 0.346260, 0.136204, 73.61, 0.916, 36.80, 0.846, 48.19, 0.072, 139.53, 0.034
11809,125994, 74.07, 38.11, 0.997, 0.997, 0.359635, 0.196506,1,1,0, 0.436362, 0.168673, 0.451815, 0.179511, 74.07, 0.997, 37.03, 0.997, 47.61, 0.036, 136.36, 0.029
11810,126005, 37.15, 37.43, 0.998, 0.998, 0.371382, 0.201658,1,1,0, 0.467830, 0.231572, 0.452189, 0.217779, 37.15, 0.998, 74.07, 0.996, 157.89, 0.001, 0.00, 0.000
11811,126016, 37.15, 37.23, 0.995, 0.996, 0.388531, 0.249975,1,1,0, 0.460304, 0.233767, 0.466335, 0.214724, 37.15, 0.995, 74.07, 0.994, 30.45, 0.143, 51.28, 0.049
11812,126026, 37.15, 37.17, 0.998, 0.998, 0.394979, 0.234643,1,1,0, 0.439519, 0.227190, 0.452906, 0.217032, 37.15, 0.998, 74.07, 0.994, 0.00, 0.000, 0.00, 0.000
11813,126037, 37.15, 37.15, 0.997, 0.998, 0.357538, 0.164433,1,1,0, 0.432616, 0.166561, 0.337616, 0.133010, 37.15, 0.997, 74.07, 0.995, 47.43, 0.035, 131.86, 0.014
11814,126048, 74.07, 37.15, 0.996, 0.997, 0.359666, 0.192910,1,1,0, 0.431149, 0.164323, 0.453436, 0.176071, 74.07, 0.996, 37.15, 0.996, 46.51, 0.008, 0.00, 0.000
11815,126058, 74.07, 37.15, 0.999, 0.998, 0.369915, 0.216732,1,1,0, 0.437910, 0.228099, 0.452460, 0.213737, 74.07, 0.999, 37.15, 0.997, 0.00, 0.000, 0.00, 0.000
11816,126069, 74.07, 37.15, 0.998, 0.998, 0.373855, 0.220133,1,1,0, 0.437969, 0.223769, 0.441674, 0.210002, 74.07, 0.998, 37.15, 0.998, 30.61, 0.132, 52.17, 0.013
11817,126080, 37.15, 37.15, 0.998, 0.999, 0.388373, 0.294162,1,1,0, 0.426167, 0.214568, 0.456503, 0.201060, 37.15, 0.998, 74.07, 0.998, 0.00, 0.000, 0.00, 0.000
11818,126090, 37.15, 37.15, 0.998, 0.998, 0.351818, 0.206143,1,1,0, 0.423839, 0.162199, 0.351851, 0.137515, 37.15, 0.998, 74.07, 0.997, 46.69, 0.013, 0.00, 0.000
11819,126101, 37.15, 37.15, 0.998, 0.998, 0.354368, 0.199793,1,1,0, 0.419953, 0.176061, 0.445170, 0.179474, 37.15, 0.998, 74.07, 0.997, 45.80, 0.004, 0.00, 0.000
11820,126112, 74.07, 37.15, 0.999, 0.999, 0.363283, 0.226776,1,1,0, 0.423251, 0.222510, 0.444261, 0.207321, 74.07, 0.999, 37.15, 0.998, 30.15, 0.031, 0.00, 0.000
11821,126122, 74.07, 37.15, 0.999, 0.999, 0.371333, 0.244992,1,1,0, 0.418609, 0.221471, 0.440519, 0.206683, 74.07, 0.999, 37.15, 0.998, 30.76, 0.020, 0.00, 0.000
11822,126133, 74.07, 37.15, 0.999, 0.999, 0.364860, 0.261693,1,1,0, 0.417292, 0.186324, 0.435052, 0.173161, 74.07, 0.999, 37.15, 0.999, 0.00, 0.000, 0.00, 0.000
11823,126144, 74.07, 37.15, 0.999, 0.999, 0.340322, 0.183389,1,1,0, 0.406529, 0.157063, 0.432242, 0.145207, 74.07, 0.999, 37.15, 0.999, 0.00, 0.000, 0.00, 0.000
11824,126154, 74.07, 37.15, 0.999, 0.999, 0.347489, 0.209123,1,1,0, 0.420678, 0.196058, 0.435850, 0.191308, 74.07, 0.999, 37.15, 0.999, 0.00, 0.000, 0.00, 0.000
11825,126165, 74.07, 37.15, 0.999, 0.999, 0.355695, 0.225052,1,1,0, 0.414675, 0.216393, 0.432249, 0.200856, 74.07, 0.999, 37.15, 0.999, 30.45, 0.067, 0.00, 0.000
11826,126176, 74.07, 37.15, 0.999, 0.999, 0.363603, 0.238758,1,1,0, 0.411209, 0.215732, 0.427187, 0.201942, 74.07, 0.999, 37.15, 0.999, 0.00, 0.000, 0.00, 0.000
11827,126186, 74.07, 37.15, 0.999, 0.999, 0.332821, 0.167317,1,1,0, 0.414679, 0.166179, 0.362936, 0.142721, 74.07, 0.999, 37.15, 0.999, 0.00, 0.000, 0.00, 0.000
11828,126197, 74.07, 37.15, 0.999, 0.999, 0.333266, 0.187005,1,1,0, 0.388545, 0.155171, 0.426279, 0.158811, 74.07, 0.999, 37.15, 0.999, 0.00, 0.000, 0.00, 0.000
11829,126208, 74.07, 37.15, 0.999, 0.999, 0.341630, 0.206447,1,1,0, 0.404011, 0.207746, 0.423702, 0.196971, 74.07, 0.999, 37.15, 0.999, 0.00, 0.000, 0.00, 0.000
11830,126218, 74.07, 37.15, 0.999, 0.999, 0.347519, 0.213074,1,1,0, 0.404305, 0.210761, 0.417537, 0.194536, 74.07, 0.999, 37.15, 0.999, 30.84, 0.089, 0.00, 0.000
11831,126229, 74.07, 37.15, 0.999, 0.999, 0.356824, 0.240434,1,1,0, 0.398566, 0.210557, 0.417550, 0.198499, 74.07, 0.999, 37.15, 0.999, 0.00, 0.000, 0.00, 0.000
11832,126240, 74.07, 37.15, 0.999, 0.999, 0.323816, 0.168491,1,1,0, 0.396273, 0.152946, 0.308875, 0.123973, 74.07, 0.999, 37.15, 0.999, 0.00, 0.000, 0.00, 0.000
11833,126250, 74.07, 37.15, 0.999, 0.999, 0.325554, 0.182046,1,1,0, 0.378724, 0.155188, 0.412972, 0.163867, 74.07, 0.999, 37.15, 0.999, 45.28, 0.026, 0.00, 0.000
11834,126261, 74.07, 37.15, 0.999, 0.999, 0.333706, 0.197393,1,1,0, 0.393939, 0.209003, 0.409189, 0.195627, 74.07, 0.999, 37.15, 0.999, 0.00, 0.000, 0.00, 0.000
11835,126272, 74.07, 37.15, 0.999, 0.999, 0.339319, 0.208945,1,1,0, 0.393826, 0.205690, 0.405189, 0.189728, 74.07, 0.999, 37.15, 0.999, 31.00, 0.117, 0.00, 0.000
11836,126282, 74.07, 37.15, 0.999, 0.999, 0.347399, 0.235266,1,1,0, 0.395632, 0.202273, 0.403221, 0.192193, 74.07, 0.999, 37.15, 0.999, 0.00, 0.000, 0.00, 0.000
11837,126293, 74.07, 37.15, 0.999, 0.999, 0.315627, 0.164869,1,1,0, 0.384387, 0.152328, 0.300059, 0.122449, 74.07, 0.999, 37.15, 0.999, 0.00, 0.000, 0.00, 0.000
11838,126304, 74.07, 37.15, 0.999, 0.999, 0.319016, 0.179557,1,1,0, 0.367921, 0.155616, 0.399586, 0.163237, 74.07, 0.999, 37.15, 0.999, 44.94, 0.043, 0.00, 0.000
11839,126314, 37.15, 37.15, 0.999, 0.999, 0.325884, 0.184145,1,1,0, 0.385760, 0.203837, 0.393760, 0.189690, 37.15, 0.999, 74.07, 0.999, 0.00, 0.000, 0.00, 0.000
11840,126325, 74.07, 37.15, 0.999, 0.999, 0.333368, 0.203438,1,1,0, 0.383291, 0.203498, 0.393868, 0.187729, 74.07, 0.999, 37.15, 0.999, 31.08, 0.069, 0.00, 0.000
11841,126336, 74.07, 37.15, 0.999, 0.999, 0.338268, 0.216119,1,1,0, 0.381505, 0.187961, 0.388252, 0.178785, 74.07, 0.999, 37.15, 0.999, 31.74, 0.008, 0.00, 0.000
11842,126346, 74.07, 37.15, 0.999, 0.999, 0.308370, 0.151451,1,1,0, 0.377718, 0.154591, 0.302918, 0.129438, 74.07, 0.999, 37.15, 0.999, 0.00, 0.000, 0.00, 0.000
11843,126357, 74.07, 37.15, 0.999, 0.999, 0.312996, 0.173627,1,1,0, 0.355088, 0.162764, 0.388339, 0.166074, 74.07, 0.999, 37.15, 0.999, 44.77, 0.044, 0.00, 0.000
11844,126368, 74.07, 37.15, 0.999, 0.999, 0.318875, 0.185368,1,1,0, 0.378837, 0.197523, 0.384632, 0.182277, 74.07, 0.999, 37.15, 0.999, 0.00, 0.000, 0.00, 0.000
11845,126378, 74.07, 37.15, 0.999, 0.999, 0.326188, 0.199232,1,1,0, 0.368183, 0.200041, 0.380720, 0.185335, 74.07, 0.999, 37.15, 0.999, 0.00, 0.000, 0.00, 0.000
11846,126389, 37.15, 37.15, 0.999, 0.999, 0.322912, 0.215433,1,1,0, 0.364671, 0.168229, 0.377092, 0.156642, 37.15, 0.999, 74.07, 0.999, 32.00, 0.070, 0.00, 0.000
11847,126400, 74.07, 37.15, 0.999, 0.999, 0.302154, 0.150971,1,1,0, 0.355090, 0.151075, 0.372763, 0.138276, 74.07, 0.999, 37.15, 0.999, 45.28, 0.005, 0.00, 0.000
11848,126410, 74.07, 37.15, 0.999, 0.999, 0.307622, 0.157467,1,1,0, 0.359237, 0.179123, 0.373060, 0.173657, 74.07, 0.999, 37.15, 0.999, 44.60, 0.024, 0.00, 0.000
11849,126421, 74.07, 37.15, 0.999, 0.999, 0.312369, 0.166671,1,1,0, 0.358302, 0.192543, 0.371169, 0.175942, 74.07, 0.999, 37.15, 0.999, 31.08, 0.050, 0.00, 0.000
11850,126432, 74.07, 37.15, 0.999, 0.999, 0.320511, 0.189693,1,1,0, 0.357364, 0.196520, 0.371275, 0.184211, 74.07, 0.999, 37.15, 0.999, 0.00, 0.000, 0.00, 0.000
11851,126442, 74.07, 37.15, 0.999, 0.999, 0.294827, 0.132933,1,1,0, 0.352356, 0.148482, 0.324327, 0.129239, 74.07, 0.999, 37.15, 0.999, 32.00, 0.028, 0.00, 0.000
11852,126453, 74.07, 37.15, 0.999, 0.999, 0.294790, 0.149604,1,1,0, 0.342218, 0.150819, 0.370383, 0.149796, 74.07, 0.999, 37.15, 0.999, 44.94, 0.033, 0.00, 0.000
11853,126464, 74.07, 37.15, 0.999, 0.999, 0.302001, 0.169283,1,1,0, 0.350450, 0.190097, 0.369360, 0.179449, 74.07, 0.999, 37.15, 0.999, 0.00, 0.000, 0.00, 0.000
11854,126474, 74.07, 37.15, 0.999, 0.999, 0.307457, 0.184983,1,1,0, 0.339665, 0.188751, 0.367031, 0.171234, 74.07, 0.999, 37.15, 0.999, 31.16, 0.121, 0.00, 0.000
11855,126485, 74.07, 37.15, 0.999, 0.999, 0.314878, 0.190951,1,1,0, 0.335091, 0.190725, 0.361041, 0.180462, 74.07, 0.999, 37.15, 0.999, 0.00, 0.000, 0.00, 0.000
11856,126496, 74.07, 37.15, 0.999, 0.999, 0.286621, 0.133815,1,1,0, 0.334762, 0.141105, 0.258177, 0.114356, 74.07, 0.999, 37.15, 0.999, 0.00, 0.000, 0.00, 0.000
11857,126506, 74.07, 37.15, 0.999, 0.999, 0.289867, 0.146719,1,1,0, 0.332208, 0.150941, 0.359301, 0.156483, 74.07, 0.999, 37.15, 0.999, 44.77, 0.063, 113.20, 0.005
11858,126517, 74.07, 37.15, 0.999, 0.999, 0.297808, 0.159704,1,1,0, 0.334290, 0.190896, 0.358376, 0.177860, 74.07, 0.999, 37.15, 0.999, 0.00, 0.000, 0.00, 0.000
11859,126528, 74.07, 37.15, 0.999, 0.999, 0.303056, 0.171084,1,1,0, 0.333152, 0.185178, 0.356856, 0.168355, 74.07, 0.999, 37.15, 0.999, 31.25, 0.133, 0.00, 0.000
11860,126538, 74.07, 37.15, 0.999, 0.999, 0.310068, 0.189476,1,1,0, 0.332309, 0.183372, 0.354986, 0.174311, 74.07, 0.999, 37.15, 0.999, 0.00, 0.000, 0.00, 0.000
11861,126549, 74.07, 37.15, 0.999, 0.999, 0.282653, 0.132781,1,1,0, 0.321065, 0.143563, 0.244336, 0.115394, 74.07, 0.999, 37.15, 0.999, 45.11, 0.002, 0.00, 0.000
11862,126560, 74.07, 37.15, 0.999, 0.999, 0.286583, 0.150291,1,1,0, 0.329142, 0.150972, 0.354716, 0.156587, 74.07, 0.999, 37.15, 0.999, 44.60, 0.098, 112.14, 0.021
11863,126570, 74.07, 37.15, 0.999, 0.999, 0.292294, 0.160421,1,1,0, 0.326539, 0.184130, 0.351543, 0.169759, 74.07, 0.999, 37.15, 0.999, 0.00, 0.000, 0.00, 0.000
11864,126581, 74.07, 37.15, 0.999, 0.999, 0.299087, 0.177939,1,1,0, 0.325232, 0.184168, 0.350355, 0.168780, 74.07, 0.999, 37.15, 0.999, 31.25, 0.071, 0.00, 0.000
11865,126592, 74.07, 37.15, 0.999, 0.999, 0.305170, 0.190638,1,1,0, 0.324549, 0.171570, 0.347566, 0.162795, 74.07, 0.999, 37.15, 0.999, 31.91, 0.055, 0.00, 0.000
11866,126602, 74.07, 37.15, 0.999, 0.999, 0.278803, 0.133595,1,1,0, 0.297441, 0.144812, 0.286854, 0.122171, 74.07, 0.999, 37.15, 0.999, 45.11, 0.013, 0.00, 0.000
11867,126613, 74.07, 37.15, 0.999, 0.999, 0.283621, 0.146547,1,1,0, 0.325606, 0.157124, 0.346756, 0.157518, 74.07, 0.999, 37.15, 0.999, 44.44, 0.093, 111.11, 0.013
11868,126624, 74.07, 37.15, 0.999, 0.999, 0.289401, 0.160012,1,1,0, 0.326526, 0.178887, 0.346162, 0.162445, 74.07, 0.999, 37.15, 0.999, 0.00, 0.000, 0.00, 0.000
11869,126634, 74.07, 37.15, 0.999, 0.999, 0.295318, 0.166321,1,1,0, 0.320774, 0.181993, 0.341239, 0.169403, 74.07, 0.999, 37.15, 0.999, 0.00, 0.000, 0.00, 0.000
11870,126645, 74.07, 37.15, 0.999, 0.999, 0.291529, 0.191730,1,1,0, 0.321164, 0.152921, 0.342158, 0.141816, 74.07, 0.999, 37.15, 0.999, 32.08, 0.102, 0.00, 0.000
11871,126656, 37.15, 37.15, 0.999, 0.999, 0.274672, 0.134360,1,1,0, 0.321651, 0.147220, 0.340515, 0.133553, 37.15, 0.999, 74.07, 0.999, 44.94, 0.024, 0.00, 0.000
11872,126666, 74.07, 37.15, 0.999, 0.999, 0.282150, 0.150900,1,1,0, 0.323469, 0.169425, 0.343256, 0.163624, 74.07, 0.999, 37.15, 0.999, 44.28, 0.055, 110.09, 0.000
11873,126677, 74.07, 37.15, 0.999, 0.999, 0.287154, 0.160556,1,1,0, 0.325285, 0.173747, 0.341851, 0.156096, 74.07, 0.999, 37.15, 0.999, 31.33, 0.094, 0.00, 0.000
11874,126688, 74.07, 37.15, 0.999, 0.999, 0.294521, 0.169470,1,1,0, 0.323493, 0.180515, 0.338477, 0.169325, 74.07, 0.999, 37.15, 0.999, 0.00, 0.000, 0.00, 0.000
11875,126698, 74.07, 37.15, 0.999, 0.999, 0.270466, 0.118761,1,1,0, 0.282600, 0.137125, 0.294207, 0.119545, 74.07, 0.999, 37.15, 0.999, 32.17, 0.080, 0.00, 0.000
11876,126709, 74.07, 37.15, 0.999, 0.999, 0.272700, 0.135516,1,1,0, 0.318876, 0.149379, 0.339217, 0.146005, 74.07, 0.999, 37.15, 0.999, 44.60, 0.037, 0.00, 0.000
11877,126720, 74.07, 37.15, 0.999, 0.999, 0.280888, 0.151213,1,1,0, 0.323490, 0.177578, 0.340112, 0.167170, 74.07, 0.999, 37.15, 0.999, 44.11, 0.022, 0.00, 0.000
11878,126730, 74.07, 37.15, 0.999, 0.999, 0.284186, 0.159713,1,1,0, 0.320675, 0.169229, 0.336689, 0.151307, 74.07, 0.999, 37.15, 0.999, 31.33, 0.156, 55.04, 0.003
11879,126741, 74.07, 37.15, 0.999, 0.999, 0.293337, 0.180997,1,1,0, 0.321141, 0.177676, 0.337212, 0.167972, 74.07, 0.999, 37.15, 0.999, 0.00, 0.000, 0.00, 0.000
11880,126752, 74.07, 37.15, 0.999, 0.999, 0.266634, 0.126839,1,1,0, 0.265370, 0.127828, 0.192609, 0.104458, 74.07, 0.999, 37.15, 0.999, 0.00, 0.000, 0.00, 0.000
11881,126762, 74.07, 37.15, 0.999, 0.999, 0.271316, 0.139640,1,1,0, 0.321023, 0.151539, 0.336786, 0.152747, 74.07, 0.999, 37.15, 0.999, 44.44, 0.085, 111.11, 0.021
11882,126773, 74.07, 37.15, 0.999, 0.999, 0.278139, 0.149730,1,1,0, 0.317427, 0.176132, 0.334645, 0.163603, 74.07, 0.999, 37.15, 0.999, 0.00, 0.000, 0.00, 0.000
11883,126784, 74.07, 37.15, 0.999, 0.999, 0.283762, 0.167834,1,1,0, 0.319383, 0.169173, 0.335291, 0.151870, 74.07, 0.999, 37.15, 0.999, 31.33, 0.163, 55.04, 0.006
11884,126794, 74.07, 37.15, 0.999, 0.999, 0.292067, 0.183737,1,1,0, 0.319359, 0.172121, 0.334694, 0.163448, 74.07, 0.999, 37.15, 0.999, 0.00, 0.000, 0.00, 0.000
11885,126805, 74.07, 37.15, 0.999, 0.999, 0.265715, 0.128759,1,1,0, 0.254810, 0.130254, 0.190876, 0.105060, 74.07, 0.999, 37.15, 0.999, 44.77, 0.017, 0.00, 0.000
11886,126816, 74.07, 37.15, 0.999, 0.999, 0.269784, 0.138672,1,1,0, 0.316850, 0.149800, 0.332409, 0.151732, 74.07, 0.999, 37.15, 0.999, 44.28, 0.104, 110.09, 0.029
11887,126826, 74.07, 37.15, 0.999, 0.999, 0.276096, 0.154108,1,1,0, 0.315484, 0.170564, 0.331836, 0.156528, 74.07, 0.999, 37.15, 0.999, 0.00, 0.000, 0.00, 0.000
11888,126837, 74.07, 37.15, 0.999, 0.999, 0.282971, 0.170434,1,1,0, 0.319357, 0.170269, 0.331968, 0.154634, 74.07, 0.999, 37.15, 0.999, 31.41, 0.085, 0.00, 0.000
11889,126848, 74.07, 37.15, 0.999, 0.999, 0.287863, 0.176576,1,1,0, 0.314006, 0.159496, 0.327655, 0.151484, 74.07, 0.999, 37.15, 0.999, 32.08, 0.042, 0.00, 0.000
11890,126858, 74.07, 37.15, 0.999, 0.999, 0.262633, 0.123741,1,1,0, 0.284024, 0.135031, 0.273636, 0.113469, 74.07, 0.999, 37.15, 0.999, 44.77, 0.019, 0.00, 0.000
11891,126869, 74.07, 37.15, 0.999, 0.999, 0.269155, 0.144355,1,1,0, 0.315076, 0.155102, 0.329851, 0.153339, 74.07, 0.999, 37.15, 0.999, 44.11, 0.086, 109.09, 0.023
11892,126880, 74.07, 37.15, 0.999, 0.999, 0.274327, 0.154702,1,1,0, 0.316986, 0.163421, 0.328620, 0.147636, 74.07, 0.999, 37.15, 0.999, 0.00, 0.000, 0.00, 0.000
11893,126890, 74.07, 37.15, 0.999, 0.999, 0.280211, 0.161866,1,1,0, 0.311602, 0.169492, 0.324544, 0.157009, 74.07, 0.999, 37.15, 0.999, 0.00, 0.000, 0.00, 0.000
11894,126901, 74.07, 37.15, 0.999, 0.999, 0.276354, 0.187630,1,1,0, 0.312504, 0.143666, 0.326863, 0.132755, 74.07, 0.999, 37.15, 0.999, 32.25, 0.095, 56.60, 0.004
11895,126912, 74.07, 37.10, 0.999, 0.999, 0.261645, 0.131487,1,1,0, 0.314732, 0.140091, 0.326442, 0.127482, 74.07, 0.999, 37.03, 0.999, 44.60, 0.019, 0.00, 0.000
11896,126922, 74.07, 37.12, 0.999, 0.999, 0.268692, 0.141351,1,1,0, 0.318428, 0.163984, 0.326264, 0.156478, 74.07, 0.999, 37.15, 0.999, 43.95, 0.070, 108.10, 0.012
11897,126933, 74.07, 37.13, 0.999, 0.999, 0.271075, 0.148927,1,1,0, 0.312246, 0.157377, 0.322718, 0.140120, 74.07, 0.999, 37.15, 0.999, 31.41, 0.085, 0.00, 0.000
11898,126944, 74.07, 37.14, 0.999, 0.999, 0.279359, 0.170090,1,1,0, 0.311170, 0.169593, 0.323443, 0.158986, 74.07, 0.999, 37.15, 0.999, 0.00, 0.000, 0.00, 0.000
11899,126954, 74.07, 37.14, 0.999, 0.999, 0.256002, 0.119196,1,1,0, 0.244143, 0.126230, 0.277230, 0.110025, 74.07, 0.999, 37.15, 0.999, 32.25, 0.070, 0.00, 0.000
11900,126965, 74.07, 37.14, 0.999, 0.999, 0.259491, 0.134127,1,1,0, 0.312967, 0.146603, 0.324644, 0.141244, 74.07, 0.999, 37.15, 0.999, 44.28, 0.055, 110.09, 0.008
11901,126976, 74.07, 37.14, 0.999, 0.999, 0.266050, 0.143254,1,1,0, 0.309930, 0.166716, 0.322254, 0.156378, 74.07, 0.999, 37.15, 0.999, 43.79, 0.030, 0.00, 0.000
11902,126986, 74.07, 37.15, 0.999, 0.999, 0.269159, 0.157570,1,1,0, 0.306742, 0.155652, 0.320501, 0.138000, 74.07, 0.999, 37.15, 0.999, 31.41, 0.167, 55.55, 0.020
11903,126997, 74.07, 37.15, 0.999, 0.999, 0.279089, 0.180675,1,1,0, 0.310917, 0.167996, 0.322880, 0.158184, 74.07, 0.999, 37.15, 0.999, 0.00, 0.000, 0.00, 0.000
11904,127008, 74.07, 37.15, 0.999, 0.999, 0.253261, 0.126613,1,1,0, 0.221932, 0.115515, 0.191703, 0.095560, 74.07, 0.999, 37.15, 0.999, 44.60, 0.009, 0.00, 0.000
11905,127018, 74.07, 37.15, 0.999, 0.999, 0.256895, 0.130274,1,1,0, 0.312151, 0.148818, 0.318810, 0.146611, 74.07, 0.999, 37.15, 0.999, 44.11, 0.082, 109.09, 0.025
11906,127029, 74.07, 37.15, 0.999, 0.999, 0.263250, 0.146671,1,1,0, 0.308585, 0.164970, 0.318585, 0.152649, 74.07, 0.999, 37.15, 0.999, 0.00, 0.000, 0.00, 0.000
11907,127040, 74.07, 37.15, 0.999, 0.999, 0.267988, 0.165127,1,1,0, 0.307368, 0.157287, 0.318949, 0.139814, 74.07, 0.999, 37.15, 0.999, 31.49, 0.164, 55.55, 0.010
11908,127050, 74.07, 37.15, 0.999, 0.999, 0.273659, 0.171947,1,1,0, 0.302016, 0.159567, 0.314156, 0.151780, 74.07, 0.999, 37.15, 0.999, 0.00, 0.000, 0.00, 0.000
11909,127061, 74.07, 37.15, 0.999, 0.999, 0.248930, 0.120497,1,1,0, 0.223619, 0.122567, 0.195575, 0.098481, 74.07, 0.999, 37.15, 0.999, 44.44, 0.021, 0.00, 0.000
11910,127072, 74.07, 37.15, 0.999, 0.999, 0.254790, 0.139788,1,1,0, 0.300882, 0.147023, 0.315780, 0.146791, 74.07, 0.999, 37.15, 0.999, 44.11, 0.085, 109.09, 0.030
11911,127082, 74.07, 37.15, 0.999, 0.999, 0.259930, 0.149070,1,1,0, 0.300464, 0.156252, 0.313432, 0.143327, 74.07, 0.999, 37.15, 0.999, 0.00, 0.000, 0.00, 0.000
11912,127093, 74.07, 37.15, 0.999, 0.999, 0.264174, 0.155055,1,1,0, 0.291572, 0.158292, 0.308986, 0.143728, 74.07, 0.999, 37.15, 0.999, 31.57, 0.065, 0.00, 0.000
11913,127104, 37.15, 37.15, 0.999, 0.999, 0.272514, 0.184191,1,1,0, 0.305677, 0.150749, 0.313342, 0.141930, 37.15, 0.999, 74.07, 0.999, 32.17, 0.043, 0.00, 0.000
11914,127114, 74.07, 37.10, 0.999, 0.999, 0.248790, 0.129077,1,1,0, 0.277219, 0.129169, 0.261134, 0.109163, 74.07, 0.999, 37.03, 0.998, 44.44, 0.013, 0.00, 0.000
11915,127125, 37.15, 37.12, 0.998, 0.999, 0.251376, 0.122014,1,1,0, 0.292030, 0.149115, 0.304665, 0.144927, 37.15, 0.998, 74.07, 0.998, 43.95, 0.087, 108.10, 0.030
11916,127136, 74.07, 37.13, 0.996, 0.997, 0.257217, 0.149938,1,1,0, 0.292814, 0.152400, 0.308718, 0.139066, 74.07, 0.996, 37.15, 0.996, 0.00, 0.000, 0.00, 0.000
11917,127146, 74.07, 37.14, 0.940, 0.917, 0.243190, 0.105073,1,1,0, 0.262896, 0.190389, 0.249646, 0.160371, 74.07, 0.940, 37.15, 0.885, 0.00, 0.000, 0.00, 0.000
11918,127157, 73.17, 36.67, 0.834, 0.818, 0.222906, 0.073633,1,1,0, 0.249098, 0.108890, 0.163424, 0.095597, 73.17, 0.834, 36.03, 0.747, 0.00, 0.000, 0.00, 0.000
11919,127168, 35.39, 36.14, 0.785, 0.845, 0.199101, 0.051600,1,1,0, 0.075167, 0.042032, 0.065084, 0.037270, 35.39, 0.785, 72.28, 0.696, 0.00, 0.000, 0.00, 0.000
11920,127178, 38.46, 37.11, 0.699, 0.703, 0.176795, 0.036160,1,1,0, 0.067967, 0.032011, 0.036348, 0.023130, 38.46, 0.699, 69.36, 0.676, 0.00, 0.000, 0.00, 0.000
11921,127189, 80.53, 38.38, 0.839, 0.835, 0.155879, 0.025340,1,1,0, 0.068306, 0.035027, 0.036302, 0.012488, 80.53, 0.839, 40.13, 0.785, 0.00, 0.000, 0.00, 0.000
11922,127200, 86.33, 58.52, 0.525, 0.492, 0.137843, 0.017758,1,1,0, 0.018883, 0.008923, 0.024485, 0.012998, 86.33, 0.525, 0.00, 0.000, 0.00, 0.000, 0.00, 0.000
11923,127210, 32.60, 47.63, 0.803, 0.754, 0.121553, 0.012444,1,1,0, 0.018178, 0.010994, 0.018182, 0.008373, 32.60, 0.803, 30.45, 0.775, 41.95, 0.029, 0.00, 0.000
11924,127221, 342.85, 171.62, 0.594, 0.534, 0.106898, 0.008720,1,1,0, 0.016743, 0.006814, 0.014041, 0.005606, 342.85, 0.594, 33.33, 0.358, 162.16, 0.352, 98.36, 0.297
11925,127232, 342.85, 243.54, 0.632, 0.593, 0.094168, 0.006111,1,1,0, 0.014235, 0.006235, 0.010669, 0.005887, 342.85, 0.632, 98.36, 0.391, 32.69, 0.352, 42.55, 0.261
11926,127242, 42.55, 159.12, 0.744, 0.698, 0.082950, 0.004282,1,1,0, 0.013549, 0.006230, 0.011580, 0.005423, 42.55, 0.744, 96.77, 0.656, 75.47, 0.570, 342.85, 0.356
11927,127253, 36.80, 107.75, 0.693, 0.675, 0.073879, 0.003001,1,1,0, 0.033420, 0.015731, 0.021010, 0.011852, 36.80, 0.693, 34.09, 0.414, 74.07, 0.317, 60.00, 0.194
11928,127264, 37.15, 78.10, 0.714, 0.670, 0.066144, 0.002103,1,1,0, 0.037550, 0.018340, 0.023252, 0.014118, 37.15, 0.714, 98.36, 0.285, 58.53, 0.075, 137.93, 0.017
11929,127274, 52.17, 78.10, 0.448, 0.603, 0.059240, 0.001473,1,1,0, 0.034268, 0.016442, 0.026587, 0.012809, 52.17, 0.448, 101.69, 0.283, 37.50, 0.073, 0.00, 0.000
11930,127285, 56.07, 68.85, 0.551, 0.542, 0.053570, 0.001032,1,1,0, 0.036380, 0.018914, 0.034822, 0.017405, 56.07, 0.551, 107.14, 0.311, 0.00, 0.000, 0.00, 0.000
11931,127296, 56.87, 63.81, 0.678, 0.636, 0.048267, 0.000723,1,1,0, 0.039874, 0.016654, 0.026972, 0.014049, 56.87, 0.678, 104.34, 0.243, 36.92, 0.226, 0.00, 0.000
11932,127306, 55.29, 60.24, 0.754, 0.719, 0.044089, 0.000507,1,1,0, 0.031375, 0.020678, 0.031672, 0.017225, 55.29, 0.754, 37.15, 0.428, 106.19, 0.095, 0.00, 0.000
11933,127317, 55.29, 58.16, 0.771, 0.772, 0.039989, 0.000355,1,1,0, 0.024804, 0.012046, 0.021421, 0.012871, 55.29, 0.771, 36.47, 0.491, 106.19, 0.235, 0.00, 0.000
11934,127328, 57.14, 57.73, 0.828, 0.876, 0.036899, 0.000249,1,1,0, 0.027709, 0.019484, 0.027022, 0.017090, 57.14, 0.828, 37.38, 0.610, 109.09, 0.441, 0.00, 0.000
11935,127338, 56.60, 57.26, 0.772, 0.797, 0.033707, 0.000174,1,1,0, 0.027258, 0.012791, 0.020424, 0.012290, 56.60, 0.772, 36.58, 0.593, 104.34, 0.470, 0.00, 0.000
11936,127349, 53.57, 55.71, 0.687, 0.710, 0.031163, 0.000122,1,1,0, 0.026556, 0.018815, 0.028237, 0.014943, 53.57, 0.687, 104.34, 0.291, 36.58, 0.237, 0.00, 0.000
11937,127360, 55.55, 55.64, 0.712, 0.735, 0.028875, 0.001532,1,1,0, 0.029003, 0.018863, 0.029763, 0.015159, 55.55, 0.712, 37.50, 0.179, 43.16, 0.022, 0.00, 0.000
11938,127370, 56.07, 55.82, 0.641, 0.668, 0.026641, 0.001074,1,1,0, 0.027949, 0.011825, 0.021060, 0.012384, 56.07, 0.641, 37.15, 0.317, 0.00, 0.000, 0.00, 0.000
11939,127381, 55.81, 55.82, 0.782, 0.798, 0.025014, 0.000752,1,1,0, 0.029021, 0.016300, 0.023397, 0.014843, 55.81, 0.782, 37.50, 0.204, 0.00, 0.000, 0.00, 0.000
11940,127392, 56.07, 55.92, 0.826, 0.849, 0.023155, 0.000527,1,1,0, 0.022776, 0.012260, 0.019764, 0.011630, 56.07, 0.826, 101.69, 0.185, 36.47, 0.086, 32.96, 0.005
11941,127402, 56.60, 56.21, 0.888, 0.908, 0.023883, 0.014734,1,1,0, 0.028119, 0.016314, 0.028381, 0.014056, 56.60, 0.888, 37.03, 0.286, 104.34, 0.230, 0.00, 0.000
11942,127413, 56.33, 56.26, 0.889, 0.920, 0.025419, 0.017784,1,1,0, 0.031491, 0.017993, 0.030164, 0.015267, 56.33, 0.889, 37.26, 0.337, 107.14, 0.214, 0.00, 0.000
11943,127424, 55.55, 55.96, 0.805, 0.836, 0.023584, 0.012462,1,1,0, 0.032916, 0.013917, 0.022133, 0.012902, 55.55, 0.805, 102.56, 0.066, 0.00, 0.000, 0.00, 0.000
11944,127434, 55.55, 55.79, 0.770, 0.799, 0.022110, 0.008733,1,1,0, 0.029639, 0.016314, 0.021996, 0.013969, 55.55, 0.770, 37.73, 0.291, 110.09, 0.002, 0.00, 0.000
11945,127445, 56.60, 56.13, 0.735, 0.758, 0.020139, 0.006120,1,1,0, 0.020351, 0.008666, 0.019307, 0.008244, 56.60, 0.735, 37.15, 0.401, 0.00, 0.000, 0.00, 0.000
11946,127456, 57.97, 56.90, 0.655, 0.671, 0.020633, 0.007253,1,1,0, 0.030264, 0.015450, 0.023980, 0.013656, 57.97, 0.655, 37.61, 0.160, 142.85, 0.073, 0.00, 0.000
11947,127466, 56.60, 56.77, 0.802, 0.814, 0.029285, 0.042676,1,1,0, 0.036127, 0.019188, 0.037856, 0.016493, 56.60, 0.802, 139.53, 0.047, 37.03, 0.041, 100.00, 0.016
11948,127477, 56.07, 56.48, 0.767, 0.791, 0.026395, 0.029906,1,1,0, 0.014989, 0.007450, 0.014096, 0.007034, 56.07, 0.767, 36.92, 0.037, 101.69, 0.017, 0.00, 0.000
11949,127488, 55.04, 55.87, 0.805, 0.818, 0.024626, 0.020957,1,1,0, 0.033247, 0.016315, 0.024357, 0.014668, 55.04, 0.805, 37.15, 0.247, 0.00, 0.000, 0.00, 0.000
11950,127498, 55.81, 55.85, 0.753, 0.784, 0.022449, 0.014686,1,1,0, 0.020393, 0.011022, 0.016803, 0.008582, 55.81, 0.753, 34.68, 0.433, 98.36, 0.216, 0.00, 0.000
11951,127509, 56.33, 56.05, 0.819, 0.839, 0.023885, 0.011751,1,1,0, 0.032964, 0.015025, 0.028701, 0.013999, 56.33, 0.819, 101.69, 0.158, 36.69, 0.110, 0.00, 0.000
11952,127520, 56.33, 56.17, 0.895, 0.917, 0.024542, 0.015723,1,1,0, 0.028149, 0.014506, 0.028359, 0.013026, 56.33, 0.895, 36.80, 0.167, 100.00, 0.100, 136.36, 0.029
11953,127530, 56.07, 56.13, 0.875, 0.907, 0.022248, 0.011018,1,1,0, 0.020856, 0.008854, 0.017460, 0.007788, 56.07, 0.875, 37.38, 0.072, 0.00, 0.000, 0.00, 0.000
11954,127541, 55.81, 55.99, 0.921, 0.943, 0.022261, 0.008987,1,1,0, 0.029296, 0.016171, 0.025393, 0.014035, 55.81, 0.921, 0.00, 0.000, 0.00, 0.000, 0.00, 0.000
11955,127552, 56.33, 56.14, 0.901, 0.929, 0.020484, 0.006298,1,1,0, 0.020820, 0.010563, 0.019015, 0.009832, 56.33, 0.901, 34.58, 0.232, 97.56, 0.102, 0.00, 0.000
11956,127562, 56.07, 56.11, 0.849, 0.885, 0.020444, 0.007919,1,1,0, 0.024214, 0.010843, 0.024133, 0.010670, 56.07, 0.849, 37.50, 0.264, 131.86, 0.104, 0.00, 0.000
11957,127573, 56.33, 56.20, 0.891, 0.918, 0.022242, 0.017159,1,1,0, 0.024207, 0.014921, 0.025823, 0.013897, 56.33, 0.891, 37.38, 0.332, 102.56, 0.264, 0.00, 0.000
11958,127584, 56.33, 56.26, 0.807, 0.843, 0.020500, 0.012024,1,1,0, 0.024165, 0.011831, 0.022091, 0.010247, 56.33, 0.807, 105.26, 0.339, 37.38, 0.256, 0.00, 0.000
11959,127594, 55.55, 55.96, 0.795, 0.841, 0.021453, 0.015337,1,1,0, 0.029925, 0.013893, 0.025822, 0.011898, 55.55, 0.795, 36.80, 0.334, 105.26, 0.263, 0.00, 0.000
11960,127605, 55.81, 55.90, 0.701, 0.737, 0.020012, 0.010748,1,1,0, 0.030460, 0.016517, 0.019417, 0.011694, 55.81, 0.701, 34.09, 0.206, 35.60, 0.203, 98.36, 0.095
11961,127616, 55.55, 55.75, 0.705, 0.729, 0.025441, 0.023221,1,1,0, 0.026402, 0.016893, 0.032816, 0.015139, 55.55, 0.705, 41.66, 0.286, 0.00, 0.000, 0.00, 0.000
11962,127626, 55.29, 55.56, 0.627, 0.654, 0.025012, 0.016273,1,1,0, 0.029370, 0.015562, 0.027317, 0.013778, 55.29, 0.627, 41.66, 0.547, 0.00, 0.000, 0.00, 0.000
11963,127637, 55.55, 55.56, 0.406, 0.589, 0.023087, 0.011404,1,1,0, 0.031350, 0.013660, 0.023944, 0.011325, 55.55, 0.406, 33.14, 0.247, 36.36, 0.153, 42.55, 0.126
11964,127648, 34.09, 55.56, 0.563, 0.530, 0.023289, 0.014612,1,1,0, 0.039292, 0.018059, 0.027425, 0.013226, 34.09, 0.563, 56.33, 0.344, 160.00, 0.115, 99.17, 0.032
11965,127658, 35.92, 47.31, 0.620, 0.582, 0.025350, 0.019756,1,1,0, 0.026556, 0.016262, 0.032264, 0.014434, 35.92, 0.620, 57.14, 0.387, 97.56, 0.029, 0.00, 0.000
11966,127669, 55.04, 50.56, 0.666, 0.625, 0.031107, 0.023503,1,1,0, 0.036340, 0.021556, 0.038146, 0.018497, 55.04, 0.666, 38.83, 0.419, 0.00, 0.000, 0.00, 0.000
11967,127680, 54.05, 52.02, 0.733, 0.721, 0.028453, 0.016470,1,1,0, 0.027952, 0.012882, 0.019529, 0.011529, 54.05, 0.733, 37.38, 0.293, 41.09, 0.221, 0.00, 0.000
11968,127690, 54.29, 52.98, 0.784, 0.785, 0.025770, 0.011542,1,1,0, 0.012646, 0.006648, 0.016723, 0.008446, 54.29, 0.784, 37.26, 0.270, 42.25, 0.075, 0.00, 0.000
11969,127701, 55.55, 54.06, 0.728, 0.735, 0.023629, 0.008088,1,1,0, 0.026679, 0.012138, 0.020376, 0.009975, 55.55, 0.728, 36.80, 0.147, 103.44, 0.005, 0.00, 0.000
11970,127712, 56.60, 55.13, 0.661, 0.669, 0.021703, 0.005668,1,1,0, 0.021697, 0.010452, 0.018820, 0.009913, 56.60, 0.661, 32.96, 0.258, 36.47, 0.256, 99.17, 0.126
11971,127722, 55.81, 55.41, 0.797, 0.807, 0.021215, 0.008228,1,1,0, 0.027506, 0.013854, 0.024634, 0.011462, 55.81, 0.797, 37.38, 0.203, 126.31, 0.126, 0.00, 0.000
11972,127733, 55.55, 55.47, 0.934, 0.952, 0.019549, 0.005766,1,1,0, 0.020257, 0.011350, 0.020109, 0.009959, 55.55, 0.934, 34.78, 0.539, 97.56, 0.044, 0.00, 0.000
11973,127744, 55.29, 55.40, 0.974, 0.981, 0.021579, 0.012012,1,1,0, 0.030057, 0.016124, 0.026440, 0.014551, 55.29, 0.974, 0.00, 0.000, 0.00, 0.000, 0.00, 0.000
11974,127754, 55.29, 55.35, 0.944, 0.959, 0.020224, 0.008418,1,1,0, 0.022661, 0.012955, 0.020806, 0.011514, 55.29, 0.944, 0.00, 0.000, 0.00, 0.000, 0.00, 0.000
11975,127765, 55.29, 55.33, 0.885, 0.917, 0.018520, 0.005899,1,1,0, 0.013875, 0.008021, 0.012698, 0.007513, 55.29, 0.885, 37.38, 0.178, 0.00, 0.000, 0.00, 0.000
11976,127776, 55.55, 55.42, 0.902, 0.929, 0.017670, 0.005131,1,1,0, 0.023765, 0.011216, 0.019851, 0.009339, 55.55, 0.902, 37.15, 0.160, 114.28, 0.090, 0.00, 0.000
11977,127786, 55.55, 55.48, 0.831, 0.867, 0.017874, 0.005858,1,1,0, 0.023601, 0.012075, 0.020898, 0.010663, 55.55, 0.831, 34.88, 0.796, 98.36, 0.419, 0.00, 0.000
11978,127797, 55.55, 55.51, 0.902, 0.929, 0.019908, 0.013591,1,1,0, 0.027788, 0.015430, 0.024754, 0.013726, 55.55, 0.902, 37.38, 0.235, 113.20, 0.092, 0.00, 0.000
11979,127808, 55.29, 55.42, 0.930, 0.950, 0.019350, 0.009524,1,1,0, 0.022798, 0.010851, 0.021200, 0.009937, 55.29, 0.930, 37.97, 0.076, 0.00, 0.000, 0.00, 0.000
11980,127818, 55.55, 55.47, 0.961, 0.972, 0.018138, 0.006674,1,1,0, 0.020826, 0.010941, 0.019459, 0.009849, 55.55, 0.961, 37.61, 0.032, 0.00, 0.000, 0.00, 0.000
11981,127829, 55.29, 55.40, 0.982, 0.987, 0.018058, 0.008021,1,1,0, 0.020684, 0.012437, 0.020569, 0.010628, 55.29, 0.982, 0.00, 0.000, 0.00, 0.000, 0.00, 0.000
11982,127840, 55.29, 55.35, 0.977, 0.983, 0.017008, 0.005621,1,1,0, 0.022465, 0.010936, 0.018697, 0.009244, 55.29, 0.977, 34.58, 0.571, 97.56, 0.194, 0.00, 0.000
11983,127850, 55.55, 55.44, 0.976, 0.983, 0.017619, 0.008737,1,1,0, 0.021424, 0.012225, 0.020897, 0.011491, 55.55, 0.976, 37.61, 0.200, 115.38, 0.141, 0.00, 0.000
11984,127861, 55.55, 55.48, 0.979, 0.985, 0.017247, 0.010367,1,1,0, 0.022998, 0.009436, 0.020126, 0.008836, 55.55, 0.979, 34.68, 0.165, 106.19, 0.076, 0.00, 0.000
11985,127872, 55.55, 55.51, 0.974, 0.981, 0.019472, 0.009628,1,1,0, 0.024907, 0.013990, 0.022307, 0.012038, 55.55, 0.974, 110.09, 0.063, 0.00, 0.000, 0.00, 0.000
11986,127882, 55.55, 55.53, 0.974, 0.981, 0.019313, 0.008327,1,1,0, 0.022081, 0.012271, 0.021864, 0.010292, 55.55, 0.974, 113.20, 0.015, 0.00, 0.000, 0.00, 0.000
11987,127893, 55.29, 55.43, 0.963, 0.973, 0.017941, 0.005835,1,1,0, 0.020622, 0.009470, 0.019464, 0.009509, 55.29, 0.963, 34.78, 0.327, 100.84, 0.010, 0.00, 0.000
11988,127904, 55.29, 55.37, 0.972, 0.980, 0.017408, 0.006639,1,1,0, 0.019496, 0.011428, 0.019307, 0.010269, 55.29, 0.972, 37.61, 0.297, 115.38, 0.117, 0.00, 0.000
11989,127914, 55.55, 55.45, 0.964, 0.974, 0.017324, 0.007731,1,1,0, 0.023906, 0.010455, 0.021344, 0.009180, 55.55, 0.964, 34.18, 0.238, 97.56, 0.110, 0.00, 0.000
11990,127925, 55.55, 55.49, 0.982, 0.987, 0.018501, 0.007046,1,1,0, 0.023374, 0.013706, 0.021145, 0.012245, 55.55, 0.982, 37.38, 0.050, 112.14, 0.021, 0.00, 0.000
11991,127936, 55.81, 55.62, 0.984, 0.988, 0.018052, 0.006327,1,1,0, 0.023337, 0.011764, 0.020010, 0.009535, 55.81, 0.984, 37.38, 0.072, 0.00, 0.000, 0.00, 0.000
11992,127946, 55.55, 55.59, 0.973, 0.980, 0.020718, 0.013250,1,1,0, 0.027683, 0.013746, 0.025482, 0.011711, 55.55, 0.973, 0.00, 0.000, 0.00, 0.000, 0.00, 0.000
11993,127957, 53.33, 54.64, 0.672, 0.699, 0.034761, 0.032357,1,1,0, 0.077904, 0.040663, 0.040700, 0.024747, 53.33, 0.672, 0.00, 0.000, 0.00, 0.000, 0.00, 0.000
11994,127968, 47.61, 49.72, 0.641, 0.653, 0.277163, 0.794089,1,1,1, 0.536598, 0.192690, 0.501038, 0.177123, 47.61, 0.641, 31.41, 0.531, 75.94, 0.206, 0.00, 0.000
11995,127978, 97.56, 36.90, 0.612, 0.541, 0.410818, 0.556481,1,1,0, 0.682542, 0.271310, 0.563762, 0.258389, 97.56, 0.612, 31.41, 0.528, 38.83, 0.109, 45.11, 0.105
11996,127989, 98.36, 45.49, 0.795, 0.632, 0.448067, 0.389971,1,1,0, 0.672369, 0.290670, 0.554822, 0.271841, 98.36, 0.795, 49.18, 0.578, 33.61, 0.108, 0.00, 0.000
11997,128000, 99.17, 48.36, 0.928, 0.933, 0.473415, 0.317138,1,1,0, 0.656250, 0.295359, 0.555444, 0.276304, 99.17, 0.928, 49.58, 0.907, 32.96, 0.859, 0.00, 0.000
11998,128010, 33.14, 49.36, 0.998, 0.996, 0.465121, 0.285097,1,1,0, 0.649712, 0.258851, 0.540775, 0.242716, 33.14, 0.998, 99.17, 0.996, 49.79, 0.995, 0.00, 0.000
11999,128021, 33.14, 49.66, 0.997, 0.996, 0.472536, 0.280081,1,1,0, 0.628234, 0.269194, 0.550996, 0.266204, 33.14, 0.997, 99.17, 0.995, 49.79, 0.995, 0.00, 0.000
12000,128032, 33.14, 49.75, 0.997, 0.998, 0.478522, 0.220221,1,1,0, 0.606307, 0.273131, 0.534608, 0.267910, 33.14, 0.997, 49.79, 0.997, 99.17, 0.994, 0.00, 0.000
12001,128042, 49.79, 49.78, 0.997, 0.998, 0.473927, 0.254653,1,1,0, 0.617767, 0.264040, 0.538510, 0.255041, 49.79, 0.997, 99.17, 0.995, 33.14, 0.995, 0.00, 0.000
12002,128053, 33.14, 49.78, 0.998, 0.998, 0.467321, 0.210042,1,1,0, 0.608404, 0.251640, 0.522099, 0.240541, 33.14, 0.998, 49.79, 0.997, 99.17, 0.997, 0.00, 0.000
12003,128064, 49.79, 49.79, 0.998, 0.998, 0.463080, 0.252632,1,1,0, 0.623453, 0.251230, 0.537601, 0.240232, 49.79, 0.998, 99.17, 0.998, 33.14, 0.997, 0.00, 0.000
12004,128074, 33.14, 49.79, 0.998, 0.998, 0.457705, 0.244851,1,1,0, 0.618045, 0.249729, 0.534144, 0.238819, 33.14, 0.998, 49.79, 0.998, 99.17, 0.998, 40.00, 0.007
12005,128085, 33.14, 49.79, 0.998, 0.998, 0.451190, 0.213916,1,1,0, 0.606343, 0.249777, 0.520186, 0.238021, 33.14, 0.998, 99.17, 0.998, 49.79, 0.997, 66.29, 0.009
12006,128096, 33.14, 49.79, 0.998, 0.998, 0.444984, 0.230383,1,1,0, 0.601625, 0.245640, 0.526736, 0.235875, 33.14, 0.998, 99.17, 0.998, 49.79, 0.998, 39.73, 0.016
12007,128106, 49.79, 49.79, 0.998, 0.998, 0.442870, 0.201245,1,1,0, 0.597617, 0.250604, 0.513085, 0.238486, 49.79, 0.998, 33.14, 0.998, 99.17, 0.997, 39.60, 0.031
12008,128117, 49.79, 49.79, 0.998, 0.998, 0.434003, 0.215722,1,1,0, 0.599222, 0.242559, 0.523410, 0.232851, 49.79, 0.998, 33.14, 0.997, 99.17, 0.997, 66.29, 0.020
12009,128128, 33.14, 49.79, 0.998, 0.998, 0.425412, 0.175607,1,1,0, 0.581414, 0.241682, 0.501921, 0.230298, 33.14, 0.998, 49.79, 0.998, 99.17, 0.997, 196.72, 0.025
12010,128138, 49.79, 49.79, 0.997, 0.998, 0.423156, 0.235807,1,1,0, 0.611848, 0.244231, 0.529045, 0.233712, 49.79, 0.997, 99.17, 0.997, 33.14, 0.996, 66.29, 0.028
12011,128149, 49.58, 49.70, 0.998, 0.998, 0.416879, 0.207653,1,1,0, 0.596641, 0.241220, 0.517090, 0.231080, 49.58, 0.998, 33.14, 0.998, 99.17, 0.997, 200.00, 0.036
12012,128160, 99.17, 49.74, 0.998, 0.998, 0.416377, 0.221155,1,1,0, 0.609185, 0.257979, 0.522523, 0.243866, 99.17, 0.998, 49.79, 0.998, 33.14, 0.997, 66.66, 0.047
12013,128170, 33.14, 49.76, 0.999, 0.998, 0.437367, 0.283860,1,1,0, 0.600234, 0.274111, 0.522622, 0.256084, 33.14, 0.999, 99.17, 0.998, 49.79, 0.998, 39.86, 0.060
12014,128181, 33.14, 49.68, 0.998, 0.998, 0.441814, 0.312046,1,1,0, 0.594176, 0.261817, 0.521261, 0.248193, 33.14, 0.998, 99.17, 0.998, 49.58, 0.998, 66.29, 0.046
12015,128192, 33.14, 49.64, 0.998, 0.998, 0.431155, 0.267169,1,1,0, 0.581326, 0.236019, 0.503456, 0.225758, 33.14, 0.998, 99.17, 0.998, 49.58, 0.998, 39.73, 0.065
12016,128202, 33.14, 49.70, 0.998, 0.998, 0.434612, 0.295938,1,1,0, 0.584506, 0.252994, 0.514709, 0.247724, 33.14, 0.998, 49.79, 0.998, 99.17, 0.998, 66.66, 0.061
12017,128213, 49.58, 49.65, 0.998, 0.998, 0.426004, 0.237487,1,1,0, 0.560042, 0.242733, 0.491466, 0.238383, 49.58, 0.998, 33.14, 0.997, 99.17, 0.997, 200.00, 0.063
12018,128224, 49.58, 49.62, 0.998, 0.998, 0.427759, 0.308186,1,1,0, 0.585469, 0.242899, 0.515012, 0.233767, 49.58, 0.998, 99.17, 0.998, 33.14, 0.997, 39.73, 0.075
12019,128234, 49.58, 49.61, 0.998, 0.998, 0.422176, 0.263096,1,1,0, 0.559533, 0.233266, 0.501135, 0.223100, 49.58, 0.998, 99.17, 0.998, 33.14, 0.997, 196.72, 0.079
12020,128245, 33.14, 49.60, 0.998, 0.998, 0.417926, 0.258158,1,1,0, 0.566807, 0.232741, 0.499081, 0.222789, 33.14, 0.998, 99.17, 0.998, 49.58, 0.998, 65.93, 0.086
12021,128256, 49.79, 49.68, 0.998, 0.998, 0.413860, 0.254727,1,1,0, 0.558437, 0.229578, 0.499635, 0.219981, 49.79, 0.998, 33.14, 0.998, 99.17, 0.998, 39.73, 0.092
12022,128266, 49.58, 49.64, 0.998, 0.998, 0.408016, 0.234175,1,1,0, 0.557609, 0.232017, 0.490429, 0.221586, 49.58, 0.998, 99.17, 0.997, 33.14, 0.997, 39.60, 0.100
12023,128277, 49.58, 49.61, 0.998, 0.998, 0.404806, 0.241835,1,1,0, 0.548593, 0.227473, 0.493073, 0.218106, 49.58, 0.998, 99.17, 0.997, 33.14, 0.997, 65.93, 0.095
12024,128288, 49.79, 49.69, 0.998, 0.998, 0.396291, 0.193853,1,1,0, 0.535055, 0.227267, 0.474052, 0.216453, 49.79, 0.998, 33.14, 0.998, 99.17, 0.997, 39.73, 0.113
12025,128298, 99.17, 49.73, 0.998, 0.998, 0.393841, 0.218977,1,1,0, 0.542289, 0.223981, 0.483570, 0.214786, 99.17, 0.998, 49.79, 0.998, 33.14, 0.997, 66.29, 0.113
12026,128309, 49.58, 49.67, 0.998, 0.999, 0.385783, 0.181618,1,1,0, 0.526426, 0.221627, 0.468042, 0.211885, 49.58, 0.998, 99.17, 0.998, 33.14, 0.998, 39.73, 0.124
12027,128320, 49.58, 49.63, 0.998, 0.998, 0.388128, 0.218486,1,1,0, 0.557550, 0.230345, 0.485440, 0.219016, 49.58, 0.998, 99.17, 0.997, 33.14, 0.995, 66.29, 0.131
12028,128330, 49.79, 49.70, 0.997, 0.998, 0.383120, 0.184593,1,1,0, 0.530724, 0.225470, 0.474825, 0.216468, 49.79, 0.997, 33.14, 0.997, 99.17, 0.997, 40.00, 0.129
12029,128341, 49.79, 49.73, 0.998, 0.998, 0.391278, 0.241994,1,1,0, 0.540471, 0.247245, 0.476586, 0.233555, 49.79, 0.998, 33.14, 0.997, 99.17, 0.997, 66.66, 0.135
12030,128352, 33.14, 49.67, 0.998, 0.998, 0.409079, 0.236187,1,1,0, 0.531909, 0.252289, 0.474035, 0.237093, 33.14, 0.998, 49.58, 0.998, 99.17, 0.998, 39.73, 0.140
12031,128362, 33.14, 49.63, 0.998, 0.998, 0.409844, 0.260614,1,1,0, 0.537833, 0.237026, 0.475522, 0.225129, 33.14, 0.998, 99.17, 0.998, 49.58, 0.998, 200.00, 0.127
12032,128373, 33.14, 49.70, 0.998, 0.998, 0.399456, 0.202783,1,1,0, 0.516291, 0.215208, 0.454990, 0.209100, 33.14, 0.998, 49.79, 0.998, 99.17, 0.998, 66.66, 0.150
12033,128384, 33.14, 49.65, 0.998, 0.998, 0.403255, 0.266044,1,1,0, 0.537259, 0.233406, 0.475144, 0.227570, 33.14, 0.998, 49.58, 0.998, 99.17, 0.997, 200.00, 0.156
12034,128394, 49.58, 49.62, 0.998, 0.998, 0.400064, 0.229726,1,1,0, 0.519122, 0.226143, 0.464749, 0.221108, 49.58, 0.998, 99.17, 0.998, 33.14, 0.997, 66.29, 0.162
12035,128405, 49.58, 49.60, 0.998, 0.998, 0.400659, 0.245458,1,1,0, 0.535188, 0.225463, 0.471207, 0.216897, 49.58, 0.998, 99.17, 0.998, 33.14, 0.998, 39.73, 0.187
12036,128416, 49.79, 49.68, 0.998, 0.998, 0.398206, 0.231172,1,1,0, 0.521949, 0.217428, 0.469556, 0.208067, 49.79, 0.998, 33.14, 0.998, 99.17, 0.998, 66.29, 0.174
12037,128426, 33.14, 49.64, 0.998, 0.998, 0.391234, 0.202942,1,1,0, 0.523106, 0.216666, 0.459046, 0.207593, 33.14, 0.998, 49.58, 0.998, 99.17, 0.997, 39.60, 0.185
12038,128437, 49.58, 49.62, 0.998, 0.998, 0.389835, 0.230646,1,1,0, 0.524554, 0.214386, 0.469601, 0.205897, 49.58, 0.998, 99.17, 0.997, 33.14, 0.996, 39.60, 0.178
12039,128448, 49.58, 49.60, 0.997, 0.998, 0.382157, 0.196462,1,1,0, 0.516783, 0.215822, 0.456016, 0.206399, 49.58, 0.997, 99.17, 0.997, 33.14, 0.997, 39.60, 0.186
12040,128458, 49.79, 49.68, 0.998, 0.998, 0.380813, 0.223301,1,1,0, 0.519137, 0.213136, 0.465296, 0.203817, 49.79, 0.998, 99.17, 0.997, 33.14, 0.997, 66.29, 0.190
12041,128469, 33.14, 49.64, 0.998, 0.998, 0.370848, 0.171024,1,1,0, 0.493072, 0.208096, 0.443377, 0.198844, 33.14, 0.998, 49.58, 0.998, 99.17, 0.998, 196.72, 0.205
12042,128480, 49.58, 49.61, 0.998, 0.998, 0.373290, 0.222519,1,1,0, 0.520127, 0.214319, 0.463495, 0.204494, 49.58, 0.998, 99.17, 0.997, 33.14, 0.996, 66.29, 0.209
12043,128490, 49.58, 49.60, 0.998, 0.999, 0.369558, 0.190200,1,1,0, 0.502647, 0.209927, 0.454923, 0.200819, 49.58, 0.998, 99.17, 0.997, 33.14, 0.997, 39.73, 0.229
12044,128501, 49.58, 49.59, 0.997, 0.998, 0.368125, 0.193238,1,1,0, 0.517022, 0.214989, 0.458060, 0.204442, 49.58, 0.997, 99.17, 0.997, 33.14, 0.997, 66.66, 0.226
12045,128512, 33.14, 49.67, 0.998, 0.998, 0.366949, 0.188746,1,1,0, 0.507620, 0.215542, 0.459011, 0.207518, 33.14, 0.998, 49.79, 0.998, 99.17, 0.997, 40.00, 0.225
12046,128522, 33.14, 49.64, 0.998, 0.998, 0.383098, 0.271261,1,1,0, 0.508466, 0.238697, 0.458678, 0.225477, 33.14, 0.998, 49.58, 0.998, 99.17, 0.997, 39.86, 0.228
12047,128533, 49.58, 49.61, 0.998, 0.999, 0.387567, 0.220805,1,1,0, 0.505293, 0.230585, 0.458001, 0.218214, 49.58, 0.998, 99.17, 0.998, 33.14, 0.998, 39.73, 0.219
12048,128544, 33.14, 49.69, 0.998, 0.998, 0.387471, 0.254305,1,1,0, 0.498771, 0.216012, 0.452191, 0.205769, 33.14, 0.998, 49.79, 0.998, 99.17, 0.998, 200.00, 0.231
12049,128554, 49.58, 49.64, 0.998, 0.998, 0.379509, 0.201708,1,1,0, 0.476715, 0.202731, 0.434543, 0.198373, 49.58, 0.998, 99.17, 0.997, 33.14, 0.997, 66.66, 0.247
12050,128565, 49.58, 49.62, 0.998, 0.999, 0.383425, 0.252494,1,1,0, 0.501755, 0.218547, 0.451726, 0.212086, 49.58, 0.998, 99.17, 0.997, 33.14, 0.997, 39.86, 0.253
12051,128576, 49.58, 49.60, 0.998, 0.998, 0.382714, 0.222297,1,1,0, 0.487224, 0.215244, 0.446149, 0.209998, 49.58, 0.998, 99.17, 0.998, 33.05, 0.996, 66.29, 0.264
12052,128586, 33.14, 49.59, 0.998, 0.998, 0.379280, 0.210010,1,1,0, 0.493596, 0.209526, 0.442433, 0.201500, 33.14, 0.998, 49.58, 0.998, 99.17, 0.998, 39.73, 0.292
12053,128597, 49.79, 49.68, 0.998, 0.999, 0.376862, 0.216374,1,1,0, 0.486016, 0.204115, 0.445224, 0.195588, 49.79, 0.998, 33.14, 0.998, 99.17, 0.998, 65.93, 0.264
12054,128608, 49.58, 49.64, 0.998, 0.998, 0.370352, 0.186377,1,1,0, 0.481589, 0.205288, 0.433747, 0.197071, 49.58, 0.998, 33.14, 0.997, 99.17, 0.997, 39.60, 0.286
12055,128618, 49.58, 49.61, 0.998, 0.998, 0.369769, 0.212042,1,1,0, 0.485514, 0.203057, 0.443547, 0.195091, 49.58, 0.998, 99.17, 0.997, 33.14, 0.996, 65.93, 0.269
12056,128629, 49.79, 49.69, 0.998, 0.998, 0.360629, 0.161160,1,1,0, 0.465109, 0.201015, 0.423790, 0.192250, 49.79, 0.998, 99.17, 0.997, 33.14, 0.997, 196.72, 0.274
12057,128640, 49.79, 49.73, 0.998, 0.998, 0.360560, 0.198887,1,1,0, 0.479676, 0.202523, 0.436764, 0.193730, 49.79, 0.998, 99.17, 0.997, 33.14, 0.997, 66.29, 0.288
12058,128650, 49.58, 49.67, 0.998, 0.999, 0.354326, 0.164124,1,1,0, 0.461850, 0.198527, 0.424210, 0.189880, 49.58, 0.998, 99.17, 0.997, 33.14, 0.997, 196.72, 0.299
12059,128661, 49.58, 49.63, 0.998, 0.998, 0.355114, 0.189321,1,1,0, 0.480868, 0.206862, 0.434782, 0.196134, 49.58, 0.998, 99.17, 0.997, 33.14, 0.996, 66.29, 0.305
12060,128672, 49.79, 49.70, 0.998, 0.998, 0.353308, 0.178362,1,1,0, 0.469806, 0.199668, 0.434027, 0.191990, 49.79, 0.998, 99.17, 0.997, 33.14, 0.997, 39.86, 0.322
12061,128682, 49.79, 49.73, 0.998, 0.998, 0.347613, 0.152747,1,1,0, 0.469854, 0.202910, 0.423279, 0.193344, 49.79, 0.998, 33.14, 0.998, 99.17, 0.997, 40.00, 0.323
12062,128693, 49.58, 49.67, 0.998, 0.998, 0.349673, 0.172790,1,1,0, 0.470954, 0.211768, 0.431966, 0.203610, 49.58, 0.998, 33.14, 0.998, 99.17, 0.998, 39.86, 0.314
12063,128704, 33.14, 49.63, 0.998, 0.998, 0.370586, 0.240966,1,1,0, 0.467902, 0.228614, 0.429865, 0.216841, 33.14, 0.998, 49.58, 0.998, 99.17, 0.998, 39.86, 0.324
12064,128714, 49.79, 49.70, 0.998, 0.998, 0.364677, 0.179830,1,1,0, 0.446314, 0.209580, 0.409742, 0.200002, 49.79, 0.998, 99.17, 0.997, 33.14, 0.997, 66.29, 0.316
12065,128725, 33.14, 49.74, 0.998, 0.998, 0.366040, 0.232383,1,1,0, 0.467119, 0.201146, 0.425844, 0.190924, 33.14, 0.998, 49.79, 0.998, 99.17, 0.997, 200.00, 0.333
12066,128736, 49.58, 49.67, 0.998, 0.998, 0.363625, 0.202778,1,1,0, 0.451932, 0.197876, 0.419244, 0.194084, 49.58, 0.998, 99.17, 0.998, 33.05, 0.996, 66.29, 0.337
12067,128746, 49.58, 49.63, 0.998, 0.999, 0.365171, 0.215815,1,1,0, 0.469648, 0.207686, 0.425571, 0.201776, 49.58, 0.998, 33.14, 0.998, 99.17, 0.997, 39.86, 0.349
12068,128757, 49.58, 49.61, 0.998, 0.998, 0.365017, 0.203353,1,1,0, 0.458148, 0.205097, 0.424606, 0.199177, 49.58, 0.998, 99.17, 0.997, 33.14, 0.997, 66.29, 0.360
12069,128768, 33.14, 49.69, 0.998, 0.998, 0.359042, 0.177864,1,1,0, 0.457919, 0.197399, 0.414958, 0.189910, 33.14, 0.998, 49.79, 0.998, 99.17, 0.997, 39.60, 0.383
12070,128778, 49.58, 49.64, 0.998, 0.999, 0.357811, 0.201361,1,1,0, 0.458038, 0.195056, 0.423262, 0.187190, 49.58, 0.998, 99.17, 0.997, 33.14, 0.997, 39.60, 0.351
12071,128789, 49.58, 49.62, 0.998, 0.998, 0.350923, 0.164273,1,1,0, 0.446757, 0.195361, 0.409201, 0.188045, 49.58, 0.998, 99.17, 0.997, 33.14, 0.997, 39.60, 0.375
12072,128800, 49.79, 49.69, 0.998, 0.998, 0.349561, 0.190408,1,1,0, 0.455682, 0.193329, 0.418496, 0.185479, 49.79, 0.998, 99.17, 0.997, 33.14, 0.997, 65.93, 0.357
12073,128810, 49.58, 49.64, 0.997, 0.998, 0.340790, 0.146380,1,1,0, 0.432242, 0.190003, 0.400591, 0.182103, 49.58, 0.997, 99.17, 0.997, 33.14, 0.997, 196.72, 0.367
12074,128821, 49.58, 49.62, 0.998, 0.998, 0.342189, 0.192812,1,1,0, 0.456363, 0.196306, 0.417824, 0.187553, 49.58, 0.998, 99.17, 0.997, 33.14, 0.996, 196.72, 0.374
12075,128832, 49.58, 49.60, 0.998, 0.999, 0.340453, 0.178552,1,1,0, 0.443594, 0.194191, 0.415481, 0.185757, 49.58, 0.998, 99.17, 0.997, 33.14, 0.996, 196.72, 0.379
12076,128842, 49.58, 49.59, 0.998, 0.998, 0.338513, 0.173666,1,1,0, 0.451447, 0.199106, 0.414738, 0.187875, 49.58, 0.998, 33.14, 0.997, 99.17, 0.997, 39.73, 0.396
12077,128853, 49.79, 49.68, 0.998, 0.999, 0.336957, 0.177116,1,1,0, 0.444554, 0.190777, 0.417740, 0.184245, 49.79, 0.998, 33.14, 0.998, 99.17, 0.997, 39.86, 0.401
12078,128864, 49.58, 49.64, 0.998, 0.998, 0.331478, 0.149982,1,1,0, 0.439272, 0.196248, 0.405671, 0.187788, 49.58, 0.998, 33.14, 0.998, 99.17, 0.997, 39.86, 0.425
12079,128874, 49.58, 49.61, 0.998, 0.999, 0.340239, 0.183925,1,1,0, 0.445071, 0.209521, 0.416292, 0.201327, 49.58, 0.998, 99.17, 0.998, 33.14, 0.997, 39.86, 0.401
12080,128885, 33.14, 49.69, 0.998, 0.998, 0.352794, 0.228393,1,1,0, 0.437890, 0.213889, 0.408529, 0.203839, 33.14, 0.998, 49.79, 0.998, 99.17, 0.997, 39.86, 0.412
12081,128896, 49.58, 49.64, 0.998, 0.998, 0.346315, 0.187195,1,1,0, 0.416003, 0.195219, 0.394680, 0.186957, 49.58, 0.998, 99.17, 0.997, 33.14, 0.997, 66.29, 0.408
12082,128906, 49.58, 49.62, 0.998, 0.999, 0.346037, 0.223348,1,1,0, 0.433936, 0.191345, 0.405569, 0.181868, 49.58, 0.998, 33.14, 0.997, 99.17, 0.997, 200.00, 0.417
12083,128917, 49.58, 49.60, 0.998, 0.998, 0.346722, 0.217036,1,1,0, 0.423049, 0.195132, 0.406728, 0.191313, 49.58, 0.998, 99.17, 0.998, 33.05, 0.997, 66.66, 0.412
12084,128928, 33.14, 49.68, 0.998, 0.998, 0.343695, 0.188233,1,1,0, 0.423980, 0.198534, 0.397986, 0.192910, 33.14, 0.998, 49.79, 0.998, 99.17, 0.997, 39.86, 0.432
12085,128938, 49.79, 49.73, 0.998, 0.998, 0.343549, 0.200242,1,1,0, 0.420045, 0.194674, 0.402438, 0.188760, 49.79, 0.998, 99.17, 0.997, 33.14, 0.997, 65.93, 0.432
12086,128949, 49.58, 49.66, 0.998, 0.998, 0.336366, 0.158796,1,1,0, 0.409394, 0.189057, 0.387525, 0.181732, 49.58, 0.998, 99.17, 0.997, 33.14, 0.997, 39.60, 0.454
12087,128960, 49.58, 49.63, 0.998, 0.999, 0.336810, 0.194507,1,1,0, 0.419248, 0.189336, 0.399784, 0.181909, 49.58, 0.998, 99.17, 0.997, 33.14, 0.997, 39.60, 0.444
12088,128970, 49.58, 49.61, 0.997, 0.998, 0.328118, 0.137711,1,1,0, 0.395353, 0.185264, 0.378954, 0.178775, 49.58, 0.997, 99.17, 0.997, 33.14, 0.996, 39.60, 0.442
12089,128981, 49.58, 49.60, 0.997, 0.998, 0.326693, 0.172156,1,1,0, 0.409060, 0.185935, 0.389129, 0.178175, 49.58, 0.997, 33.14, 0.997, 99.17, 0.997, 196.72, 0.440
12090,128992, 49.58, 49.59, 0.998, 0.999, 0.322025, 0.144425,1,1,0, 0.389848, 0.186444, 0.379161, 0.179004, 49.58, 0.998, 99.17, 0.997, 33.05, 0.996, 196.72, 0.444
12091,129002, 49.58, 49.59, 0.998, 0.999, 0.322619, 0.164803,1,1,0, 0.407603, 0.191843, 0.387209, 0.182985, 49.58, 0.998, 99.17, 0.997, 33.14, 0.996, 196.72, 0.447
12092,129013, 49.79, 49.67, 0.998, 0.998, 0.322546, 0.156973,1,1,0, 0.399620, 0.189912, 0.387724, 0.181644, 49.79, 0.998, 99.17, 0.997, 33.14, 0.997, 66.29, 0.445
12093,129024, 49.79, 49.72, 0.998, 0.998, 0.317089, 0.127506,1,1,0, 0.398732, 0.190620, 0.376153, 0.179888, 49.79, 0.998, 33.14, 0.997, 99.17, 0.997, 39.73, 0.482
12094,129034, 49.58, 49.66, 0.998, 0.998, 0.315955, 0.143869,1,1,0, 0.398312, 0.185806, 0.382328, 0.179547, 49.58, 0.998, 33.14, 0.998, 99.17, 0.997, 39.86, 0.473
12095,129045, 49.58, 49.63, 0.998, 0.998, 0.310354, 0.113254,1,1,0, 0.386877, 0.192087, 0.368809, 0.184892, 49.58, 0.998, 33.14, 0.997, 99.17, 0.997, 39.86, 0.508
12096,129056, 49.58, 49.61, 0.998, 0.998, 0.323373, 0.141223,1,1,0, 0.398857, 0.203665, 0.380119, 0.196329, 49.58, 0.998, 99.17, 0.997, 33.14, 0.996, 66.66, 0.486
12097,129066, 33.14, 49.60, 0.998, 0.998, 0.327983, 0.186971,1,1,0, 0.391397, 0.199921, 0.372724, 0.190501, 33.14, 0.998, 49.58, 0.998, 99.17, 0.997, 39.86, 0.486
12098,129077, 49.58, 49.59, 0.998, 0.999, 0.326995, 0.174646,1,1,0, 0.381219, 0.190301, 0.371056, 0.182512, 49.58, 0.998, 99.17, 0.997, 33.05, 0.997, 66.29, 0.476
12099,129088, 49.58, 49.59, 0.998, 0.999, 0.325316, 0.173675,1,1,0, 0.390572, 0.184580, 0.372027, 0.176425, 49.58, 0.998, 33.14, 0.998, 99.17, 0.998, 200.00, 0.479
12100,129098, 49.58, 49.58, 0.998, 0.998, 0.326633, 0.176364,1,1,0, 0.385222, 0.191773, 0.375364, 0.187186, 49.58, 0.998, 99.17, 0.998, 33.14, 0.997, 66.29, 0.469
12101,129109, 33.14, 49.67, 0.998, 0.998, 0.321288, 0.137548,1,1,0, 0.378270, 0.190076, 0.362006, 0.185268, 33.14, 0.998, 49.79, 0.998, 99.17, 0.997, 39.73, 0.493
12102,129120, 49.58, 49.63, 0.998, 0.999, 0.322213, 0.167918,1,1,0, 0.385771, 0.187313, 0.371832, 0.181170, 49.58, 0.998, 99.17, 0.997, 33.14, 0.997, 39.60, 0.510
12103,129130, 49.58, 49.61, 0.998, 0.998, 0.314027, 0.120741,1,1,0, 0.368301, 0.182061, 0.354864, 0.175041, 49.58, 0.998, 99.17, 0.997, 33.14, 0.997, 39.60, 0.514
12104,129141, 49.58, 49.60, 0.998, 0.998, 0.312783, 0.147798,1,1,0, 0.377566, 0.183440, 0.362440, 0.176408, 49.58, 0.998, 33.14, 0.998, 99.17, 0.997, 39.60, 0.528
12105,129152, 49.58, 49.59, 0.997, 0.998, 0.304690, 0.109085,1,1,0, 0.354521, 0.178588, 0.346681, 0.172353, 49.58, 0.997, 99.17, 0.997, 33.14, 0.996, 65.93, 0.515
12106,129162, 49.58, 49.59, 0.998, 0.999, 0.303788, 0.140104,1,1,0, 0.371825, 0.181331, 0.355934, 0.173981, 49.58, 0.998, 99.17, 0.997, 33.14, 0.997, 196.72, 0.511
12107,129173, 49.58, 49.59, 0.998, 0.999, 0.304772, 0.142789,1,1,0, 0.366649, 0.185683, 0.359882, 0.178444, 49.58, 0.998, 99.17, 0.997, 33.05, 0.995, 65.93, 0.502
12108,129184, 49.58, 49.58, 0.998, 0.998, 0.301994, 0.121164,1,1,0, 0.370089, 0.187028, 0.352984, 0.178131, 49.58, 0.998, 33.14, 0.997, 99.17, 0.997, 196.72, 0.501
12109,129194, 49.79, 49.67, 0.998, 0.998, 0.302835, 0.134213,1,1,0, 0.369956, 0.186841, 0.359475, 0.178253, 49.79, 0.998, 33.14, 0.998, 99.17, 0.997, 66.29, 0.502
12110,129205, 49.58, 49.63, 0.998, 0.998, 0.296331, 0.099469,1,1,0, 0.360486, 0.183981, 0.345193, 0.174285, 49.58, 0.998, 99.17, 0.997, 33.14, 0.997, 39.73, 0.558
12111,129216, 49.58, 49.61, 0.998, 0.999, 0.297659, 0.130891,1,1,0, 0.371042, 0.183765, 0.357872, 0.177429, 49.58, 0.998, 99.17, 0.998, 33.14, 0.997, 39.86, 0.542
12112,129226, 49.58, 49.60, 0.998, 0.998, 0.293659, 0.104427,1,1,0, 0.350190, 0.186540, 0.340836, 0.181046, 49.58, 0.998, 99.17, 0.997, 33.14, 0.997, 40.00, 0.579
12113,129237, 49.58, 49.59, 0.998, 0.998, 0.306035, 0.134022,1,1,0, 0.363890, 0.196666, 0.349377, 0.189650, 49.58, 0.998, 99.17, 0.997, 33.14, 0.996, 66.66, 0.561
12114,129248, 49.58, 49.59, 0.998, 0.999, 0.308448, 0.162781,1,1,0, 0.364281, 0.191994, 0.347709, 0.182978, 49.58, 0.998, 99.17, 0.998, 33.14, 0.997, 200.00, 0.546
12115,129258, 49.58, 49.59, 0.998, 0.999, 0.310278, 0.165229,1,1,0, 0.359418, 0.187001, 0.352158, 0.179325, 49.58, 0.998, 99.17, 0.998, 33.05, 0.997, 66.29, 0.527
12116,129269, 33.14, 49.67, 0.998, 0.998, 0.305405, 0.133428,1,1,0, 0.356938, 0.178535, 0.342753, 0.171835, 33.14, 0.998, 49.79, 0.998, 99.17, 0.997, 200.00, 0.522
12117,129280, 99.17, 49.63, 0.994, 0.994, 0.285477, 0.093503,1,1,0, 0.303635, 0.166152, 0.293422, 0.162351, 99.17, 0.994, 49.58, 0.992, 33.14, 0.988, 200.00, 0.505
12118,129290, 100.00, 49.70, 0.950, 0.931, 0.258219, 0.065525,1,1,0, 0.145107, 0.076316, 0.183875, 0.078467, 100.00, 0.950, 49.79, 0.904, 33.24, 0.876, 200.00, 0.463
12119,129301, 100.00, 50.00, 0.902, 0.839, 0.230248, 0.045919,1,1,0, 0.088621, 0.046610, 0.094205, 0.042539, 100.00, 0.902, 50.42, 0.776, 33.99, 0.714, 200.00, 0.414
12120,129312, 101.69, 50.82, 0.868, 0.827, 0.203735, 0.032179,1,1,0, 0.044143, 0.021532, 0.037354, 0.020405, 101.69, 0.868, 51.94, 0.760, 34.68, 0.615, 203.38, 0.270
12121,129322, 107.14, 52.07, 0.770, 0.748, 0.180052, 0.022550,1,1,0, 0.041721, 0.019266, 0.032333, 0.015803, 107.14, 0.770, 53.81, 0.680, 35.50, 0.476, 0.00, 0.000
12122,129333, 102.56, 53.21, 0.745, 0.725, 0.158428, 0.015802,1,1,0, 0.023311, 0.009747, 0.022511, 0.008718, 102.56, 0.745, 54.79, 0.722, 37.85, 0.257, 35.82, 0.185
12123,129344, 55.04, 53.98, 0.573, 0.592, 0.139444, 0.011074,1,1,0, 0.019802, 0.008834, 0.014405, 0.007516, 55.04, 0.573, 35.60, 0.454, 50.00, 0.445, 100.84, 0.418
12124,129354, 55.04, 54.43, 0.841, 0.838, 0.122788, 0.007760,1,1,0, 0.019727, 0.008847, 0.018081, 0.007673, 55.04, 0.841, 49.79, 0.770, 61.53, 0.401, 45.45, 0.349
12125,129365, 55.04, 54.68, 0.821, 0.845, 0.108231, 0.005438,1,1,0, 0.016979, 0.007769, 0.017808, 0.007488, 55.04, 0.821, 49.79, 0.716, 32.96, 0.658, 31.00, 0.658
12126,129376, 55.29, 54.94, 0.867, 0.888, 0.096125, 0.003811,1,1,0, 0.029862, 0.013892, 0.024337, 0.012819, 55.29, 0.867, 61.53, 0.535, 50.20, 0.378, 123.71, 0.342
12127,129386, 55.29, 55.09, 0.761, 0.796, 0.084949, 0.002670,1,1,0, 0.019598, 0.009138, 0.015827, 0.008008, 55.29, 0.761, 33.05, 0.715, 50.00, 0.374, 31.16, 0.357
12128,129397, 31.00, 44.97, 0.654, 0.658, 0.075302, 0.001871,1,1,0, 0.028068, 0.011134, 0.023566, 0.010314, 31.00, 0.654, 61.53, 0.575, 55.81, 0.517, 41.52, 0.259
12129,129408, 41.52, 43.52, 0.532, 0.571, 0.066978, 0.001311,1,1,0, 0.024244, 0.010928, 0.021585, 0.009988, 41.52, 0.532, 82.75, 0.529, 35.39, 0.469, 55.55, 0.354
12130,129418, 83.91, 42.74, 0.561, 0.514, 0.060466, 0.000919,1,1,0, 0.040203, 0.019702, 0.038881, 0.017841, 83.91, 0.561, 41.66, 0.460, 96.77, 0.429, 44.44, 0.335
12131,129429, 32.96, 38.63, 0.785, 0.759, 0.053855, 0.000644,1,1,0, 0.026499, 0.009311, 0.016828, 0.009105, 32.96, 0.785, 31.41, 0.583, 83.91, 0.464, 97.56, 0.439
12132,129440, 38.21, 38.46, 0.517, 0.552, 0.048022, 0.000451,1,1,0, 0.027121, 0.011018, 0.022663, 0.009072, 38.21, 0.517, 35.50, 0.449, 98.36, 0.436, 41.09, 0.386
12133,129450, 32.96, 36.15, 0.507, 0.482, 0.043093, 0.000316,1,1,0, 0.034064, 0.013307, 0.027351, 0.011187, 32.96, 0.507, 55.55, 0.425, 61.53, 0.333, 70.58, 0.217
12134,129461, 35.60, 36.15, 0.413, 0.434, 0.038831, 0.000221,1,1,0, 0.020264, 0.010874, 0.019565, 0.010363, 35.60, 0.413, 54.79, 0.411, 71.42, 0.367, 49.79, 0.297
12135,129472, 54.54, 36.96, 0.501, 0.466, 0.034855, 0.000155,1,1,0, 0.022376, 0.010464, 0.023274, 0.009182, 54.54, 0.501, 38.09, 0.440, 31.00, 0.421, 50.00, 0.363
12136,129482, 54.79, 37.49, 0.696, 0.526, 0.031755, 0.000108,1,1,0, 0.033864, 0.012527, 0.031056, 0.012408, 54.79, 0.696, 38.21, 0.453, 79.47, 0.436, 74.07, 0.407
12137,129493, 55.55, 45.07, 0.488, 0.463, 0.029588, 0.000076,1,1,0, 0.032781, 0.018574, 0.028494, 0.016281, 55.55, 0.488, 60.60, 0.242, 71.42, 0.199, 44.94, 0.143
12138,129504, 32.87, 39.95, 0.615, 0.577, 0.026917, 0.000053,1,1,0, 0.027369, 0.010427, 0.025102, 0.010507, 32.87, 0.615, 55.81, 0.410, 44.60, 0.383, 61.22, 0.365
12139,129514, 55.81, 46.61, 0.645, 0.605, 0.028990, 0.034290,1,1,0, 0.037803, 0.015431, 0.036962, 0.014486, 55.81, 0.645, 37.73, 0.417, 71.85, 0.122, 122.44, 0.106
12140,129525, 38.33, 43.13, 0.582, 0.546, 0.026915, 0.024030,1,1,0, 0.034456, 0.014315, 0.033549, 0.013035, 38.33, 0.582, 55.29, 0.561, 40.95, 0.393, 30.76, 0.283
12141,129536, 41.66, 42.52, 0.480, 0.513, 0.028045, 0.020798,1,1,0, 0.039353, 0.017028, 0.036050, 0.015944, 41.66, 0.480, 44.28, 0.409, 72.72, 0.357, 55.04, 0.350
12142,129546, 71.85, 54.84, 0.526, 0.494, 0.025645, 0.014575,1,1,0, 0.020013, 0.012065, 0.018686, 0.009947, 71.85, 0.526, 55.29, 0.307, 41.37, 0.186, 38.21, 0.144
12143,129557, 33.05, 55.35, 0.575, 0.516, 0.023456, 0.010214,1,1,0, 0.018566, 0.008924, 0.017226, 0.009412, 33.05, 0.575, 72.28, 0.535, 56.07, 0.507, 80.00, 0.414
12144,129568, 55.81, 55.55, 0.486, 0.503, 0.024907, 0.018828,1,1,0, 0.027050, 0.015792, 0.029872, 0.014894, 55.81, 0.486, 81.08, 0.336, 44.77, 0.284, 72.72, 0.281
12145,129578, 55.29, 55.55, 0.364, 0.452, 0.025050, 0.015741,1,1,0, 0.034719, 0.015582, 0.032315, 0.014376, 55.29, 0.364, 44.77, 0.303, 164.38, 0.276, 41.81, 0.216
12146,129589, 55.04, 55.33, 0.655, 0.670, 0.023238, 0.011031,1,1,0, 0.025014, 0.013814, 0.022040, 0.012584, 55.04, 0.655, 38.33, 0.528, 41.23, 0.422, 166.66, 0.297
12147,129600, 55.04, 55.21, 0.864, 0.882, 0.021694, 0.007730,1,1,0, 0.023189, 0.012922, 0.022293, 0.012085, 55.04, 0.864, 31.00, 0.330, 38.33, 0.233, 164.38, 0.188
12148,129610, 55.55, 55.35, 0.762, 0.796, 0.022276, 0.015869,1,1,0, 0.032986, 0.015187, 0.027083, 0.012669, 55.55, 0.762, 31.00, 0.238, 71.85, 0.157, 44.77, 0.130
12149,129621, 44.60, 55.44, 0.609, 0.462, 0.021305, 0.011121,1,1,0, 0.029890, 0.014697, 0.023177, 0.011783, 44.60, 0.609, 33.14, 0.568, 55.55, 0.400, 166.66, 0.257
12150,129632, 33.05, 55.44, 0.440, 0.416, 0.019737, 0.007793,1,1,0, 0.020168, 0.010685, 0.018794, 0.010059, 33.05, 0.440, 35.50, 0.385, 31.00, 0.341, 166.66, 0.257
12151,129642, 32.25, 45.70, 0.744, 0.698, 0.021187, 0.015537,1,1,0, 0.039181, 0.017509, 0.026626, 0.013518, 32.25, 0.744, 55.04, 0.422, 80.00, 0.350, 169.01, 0.255
12152,129653, 30.84, 45.70, 0.419, 0.628, 0.021074, 0.010888,1,1,0, 0.031253, 0.019167, 0.022680, 0.016461, 30.84, 0.419, 55.04, 0.379, 38.21, 0.245, 41.52, 0.166
12153,129664, 55.04, 45.70, 0.450, 0.566, 0.019346, 0.007630,1,1,0, 0.019914, 0.009385, 0.018099, 0.008735, 55.04, 0.450, 44.94, 0.383, 32.87, 0.180, 244.89, 0.161
12154,129674, 55.29, 45.70, 0.636, 0.509, 0.017870, 0.005347,1,1,0, 0.020614, 0.010800, 0.016195, 0.008690, 55.29, 0.636, 44.94, 0.433, 36.03, 0.073, 244.89, 0.064
12155,129685, 55.04, 45.70, 0.496, 0.458, 0.017106, 0.006467,1,1,0, 0.020770, 0.008604, 0.020507, 0.008569, 55.04, 0.496, 44.94, 0.399, 37.03, 0.226, 73.61, 0.081
12156,129696, 54.54, 49.41, 0.512, 0.480, 0.019334, 0.016583,1,1,0, 0.026902, 0.011385, 0.024201, 0.010518, 54.54, 0.512, 75.47, 0.457, 31.83, 0.384, 37.50, 0.258
12157,129706, 30.15, 44.21, 0.724, 0.593, 0.018815, 0.011621,1,1,0, 0.019050, 0.011406, 0.021064, 0.009982, 30.15, 0.724, 73.61, 0.635, 37.03, 0.579, 55.04, 0.359
12158,129717, 73.61, 41.01, 0.674, 0.570, 0.017692, 0.008144,1,1,0, 0.021937, 0.009724, 0.019459, 0.008664, 73.61, 0.674, 36.58, 0.551, 32.52, 0.542, 57.14, 0.326
12159,129728, 55.81, 47.22, 0.536, 0.503, 0.016280, 0.005707,1,1,0, 0.020937, 0.009033, 0.015102, 0.007447, 55.81, 0.536, 72.72, 0.461, 45.11, 0.274, 31.41, 0.081
12160,129738, 54.54, 50.30, 0.508, 0.479, 0.015947, 0.004127,1,1,0, 0.024950, 0.012362, 0.017845, 0.011057, 54.54, 0.508, 44.28, 0.381, 36.92, 0.316, 72.72, 0.278
12161,129749, 53.81, 51.77, 0.570, 0.560, 0.017831, 0.016056,1,1,0, 0.026984, 0.010449, 0.022961, 0.009460, 53.81, 0.570, 43.47, 0.391, 74.53, 0.333, 37.50, 0.179
12162,129760, 73.17, 53.25, 0.509, 0.476, 0.019558, 0.015517,1,1,0, 0.020841, 0.012839, 0.023515, 0.011561, 73.17, 0.509, 30.76, 0.501, 55.29, 0.474, 37.38, 0.340
12163,129770, 73.61, 46.49, 0.649, 0.534, 0.017902, 0.010874,1,1,0, 0.015577, 0.008112, 0.012835, 0.007299, 73.61, 0.649, 37.15, 0.515, 56.87, 0.463, 32.60, 0.448
12164,129781, 73.61, 45.91, 0.495, 0.468, 0.016506, 0.007620,1,1,0, 0.022425, 0.009373, 0.017177, 0.007584, 73.61, 0.495, 45.11, 0.455, 56.07, 0.233, 36.69, 0.088
12165,129792, 73.61, 45.29, 0.527, 0.515, 0.015475, 0.005340,1,1,0, 0.017115, 0.009382, 0.014321, 0.008891, 73.61, 0.527, 44.44, 0.511, 54.54, 0.230, 36.80, 0.095
12166,129802, 54.29, 49.07, 0.667, 0.626, 0.017665, 0.019844,1,1,0, 0.024294, 0.009807, 0.023660, 0.009113, 54.29, 0.667, 75.00, 0.493, 37.73, 0.453, 196.72, 0.223
12167,129813, 73.61, 51.37, 0.608, 0.577, 0.016700, 0.013906,1,1,0, 0.029519, 0.014838, 0.016012, 0.010640, 73.61, 0.608, 54.54, 0.596, 31.16, 0.540, 37.15, 0.364
12168,129824, 55.55, 53.13, 0.509, 0.504, 0.015168, 0.009745,1,1,0, 0.007923, 0.004086, 0.009519, 0.005039, 55.55, 0.509, 73.61, 0.474, 36.92, 0.319, 45.11, 0.148
12169,129834, 45.11, 53.13, 0.483, 0.454, 0.013925, 0.006829,1,1,0, 0.012470, 0.006929, 0.011247, 0.006232, 45.11, 0.483, 55.29, 0.351, 73.17, 0.318, 235.29, 0.043
12170,129845, 54.79, 53.13, 0.300, 0.408, 0.013073, 0.004785,1,1,0, 0.015960, 0.008764, 0.011682, 0.007698, 54.79, 0.300, 45.80, 0.274, 73.61, 0.239, 226.41, 0.034
12171,129856, 54.54, 53.72, 0.713, 0.701, 0.018852, 0.024603,1,1,0, 0.027799, 0.013349, 0.024517, 0.010822, 54.54, 0.713, 75.00, 0.381, 31.49, 0.333, 37.61, 0.155
12172,129866, 31.08, 54.49, 0.656, 0.532, 0.017661, 0.017241,1,1,0, 0.016251, 0.010063, 0.017836, 0.010087, 31.08, 0.656, 72.28, 0.609, 55.55, 0.512, 36.92, 0.245
12173,129877, 72.28, 55.37, 0.626, 0.538, 0.016354, 0.012082,1,1,0, 0.016339, 0.009888, 0.014756, 0.007980, 72.28, 0.626, 56.60, 0.532, 31.49, 0.508, 36.47, 0.239
12174,129888, 57.14, 56.12, 0.579, 0.584, 0.014835, 0.008467,1,1,0, 0.014973, 0.007727, 0.013005, 0.005848, 57.14, 0.579, 67.79, 0.487, 0.00, 0.000, 0.00, 0.000
12175,129898, 47.43, 52.47, 0.703, 0.660, 0.013826, 0.005933,1,1,0, 0.017898, 0.010135, 0.013587, 0.007908, 47.43, 0.703, 0.00, 0.000, 0.00, 0.000, 0.00, 0.000
12176,129909, 53.09, 52.73, 0.765, 0.775, 0.014659, 0.007595,1,1,0, 0.018797, 0.009849, 0.016597, 0.008426, 53.09, 0.765, 72.72, 0.071, 0.00, 0.000, 0.00, 0.000
12177,129920, 31.41, 43.77, 0.857, 0.804, 0.016771, 0.014668,1,1,0, 0.028887, 0.010467, 0.020151, 0.008676, 31.41, 0.857, 56.60, 0.670, 70.58, 0.523, 0.00, 0.000
12178,129930, 64.86, 52.63, 0.709, 0.665, 0.016813, 0.010279,1,1,0, 0.031035, 0.017113, 0.020076, 0.010147, 64.86, 0.709, 0.00, 0.000, 0.00, 0.000, 0.00, 0.000
12179,129941, 64.17, 52.63, 0.340, 0.599, 0.015352, 0.007203,1,1,0, 0.007796, 0.005364, 0.013352, 0.005786, 64.17, 0.340, 0.00, 0.000, 0.00, 0.000, 0.00, 0.000
12180,129952, 46.87, 50.21, 0.696, 0.667, 0.014307, 0.005048,1,1,0, 0.022198, 0.011208, 0.014597, 0.008095, 46.87, 0.696, 0.00, 0.000, 0.00, 0.000, 0.00, 0.000
12181,129962, 51.72, 50.84, 0.560, 0.577, 0.018901, 0.014851,1,1,0, 0.023897, 0.015779, 0.021534, 0.012440, 51.72, 0.560, 0.00, 0.000, 0.00, 0.000, 0.00, 0.000
12182,129973, 30.15, 42.15, 0.736, 0.744, 0.017331, 0.010407,1,1,0, 0.012585, 0.006705, 0.013555, 0.007559, 30.15, 0.736, 58.82, 0.686, 0.00, 0.000, 0.00, 0.000
12183,129984, 34.38, 38.89, 0.692, 0.683, 0.015725, 0.007293,1,1,0, 0.011908, 0.007746, 0.007290, 0.004785, 34.38, 0.692, 67.79, 0.428, 0.00, 0.000, 0.00, 0.000
12184,129994, 32.43, 36.17, 0.884, 0.830, 0.014303, 0.005110,1,1,0, 0.012165, 0.005676, 0.008009, 0.004803, 32.43, 0.884, 68.96, 0.481, 0.00, 0.000, 0.00, 0.000
12185,130005, 56.07, 36.17, 0.386, 0.747, 0.014729, 0.009324,1,1,0, 0.022639, 0.011400, 0.017216, 0.007549, 56.07, 0.386, 40.54, 0.014, 0.00, 0.000, 0.00, 0.000
12186,130016, 49.58, 41.81, 0.724, 0.679, 0.013894, 0.006534,1,1,0, 0.017451, 0.010850, 0.014348, 0.008998, 49.58, 0.724, 0.00, 0.000, 0.00, 0.000, 0.00, 0.000
12187,130026, 56.87, 48.13, 0.793, 0.744, 0.017172, 0.013903,1,1,0, 0.024059, 0.013102, 0.021188, 0.012177, 56.87, 0.793, 0.00, 0.000, 0.00, 0.000, 0.00, 0.000
12188,130037, 58.25, 52.38, 0.871, 0.817, 0.016009, 0.009743,1,1,0, 0.016956, 0.011343, 0.014464, 0.009212, 58.25, 0.871, 0.00, 0.000, 0.00, 0.000, 0.00, 0.000
12189,130048, 60.60, 55.83, 0.807, 0.738, 0.014441, 0.006827,1,1,0, 0.009659, 0.004212, 0.010409, 0.004014, 60.60, 0.807, 31.25, 0.337, 0.00, 0.000, 0.00, 0.000
12190,130058, 60.00, 57.58, 0.772, 0.761, 0.013117, 0.004784,1,1,0, 0.012338, 0.008674, 0.006919, 0.004306, 60.00, 0.772, 0.00, 0.000, 0.00, 0.000, 0.00, 0.000
12191,130069, 55.55, 57.58, 0.161, 0.685, 0.012946, 0.003353,1,1,0, 0.020234, 0.014603, 0.013992, 0.009460, 55.55, 0.161, 0.00, 0.000, 0.00, 0.000, 0.00, 0.000
12192,130080, 53.09, 55.70, 0.609, 0.602, 0.012215, 0.002349,1,1,0, 0.015931, 0.007930, 0.010610, 0.007631, 53.09, 0.609, 0.00, 0.000, 0.00, 0.000, 0.00, 0.000
12193,130090, 30.30, 45.03, 0.920, 0.901, 0.011948, 0.002525,1,1,0, 0.015266, 0.009119, 0.012925, 0.007655, 30.30, 0.920, 60.30, 0.479, 0.00, 0.000, 0.00, 0.000
12194,130101, 63.49, 39.66, 0.585, 0.572, 0.010626, 0.001769,1,1,0, 0.008977, 0.003524, 0.004968, 0.001681, 63.49, 0.585, 32.25, 0.560, 0.00, 0.000, 0.00, 0.000
12195,130112, 32.96, 36.85, 0.932, 0.936, 0.009724, 0.001240,1,1,0, 0.014497, 0.009424, 0.007537, 0.004141, 32.96, 0.932, 62.50, 0.786, 0.00, 0.000, 0.00, 0.000
12196,130122, 58.53, 45.96, 0.844, 0.792, 0.008765, 0.000869,1,1,0, 0.012553, 0.006994, 0.004776, 0.002481, 58.53, 0.844, 0.00, 0.000, 0.00, 0.000, 0.00, 0.000
12197,130133, 52.63, 48.76, 0.785, 0.745, 0.007937, 0.000609,1,1,0, 0.012674, 0.009512, 0.006221, 0.002634, 52.63, 0.785, 0.00, 0.000, 0.00, 0.000, 0.00, 0.000
12198,130144, 56.33, 51.94, 0.512, 0.491, 0.007412, 0.001800,1,1,0, 0.008796, 0.005141, 0.007927, 0.003996, 56.33, 0.512, 38.46, 0.389, 116.50, 0.078, 0.00, 0.000
12199,130154, 32.17, 43.63, 0.956, 0.897, 0.018402, 0.013246,1,1,0, 0.027002, 0.015498, 0.020595, 0.013204, 32.17, 0.956, 72.72, 0.432, 0.00, 0.000, 0.00, 0.000
12200,130165, 33.14, 39.23, 0.762, 0.715, 0.019243, 0.009282,1,1,0, 0.028675, 0.018812, 0.020123, 0.014680, 33.14, 0.762, 62.50, 0.596, 0.00, 0.000, 0.00, 0.000
12201,130176, 30.53, 35.57, 0.817, 0.787, 0.018058, 0.012696,1,1,0, 0.050221, 0.027069, 0.021689, 0.008653, 30.53, 0.817, 58.25, 0.259, 0.00, 0.000, 0.00, 0.000
12202,130186, 54.29, 43.44, 0.718, 0.674, 0.083688, 0.058740,1,1,0, 0.249379, 0.172403, 0.096207, 0.065204, 54.29, 0.718, 0.00, 0.000, 0.00, 0.000, 0.00, 0.000
12203,130197, 59.40, 54.61, 0.560, 0.556, 0.701223, 0.770191,1,1,1, 1.000000, 0.680941, 0.992224, 0.608872, 59.40, 0.560, 0.00, 0.000, 0.00, 0.000, 0.00, 0.000
12204,130208, 32.87, 39.39, 0.917, 0.868, 0.641982, 0.539735,1,1,0, 0.999999, 0.508083, 0.663027, 0.296488, 32.87, 0.917, 83.33, 0.297, 0.00, 0.000, 0.00, 0.000
12205,130218, 45.97, 44.00, 0.851, 0.880, 1.004983, 0.770726,1,1,0, 1.000000, 0.719454, 1.418386, 0.704406, 45.97, 0.851, 90.22, 0.260, 0.00, 0.000, 0.00, 0.000
12206,130229, 46.33, 45.63, 0.905, 0.932, 0.908803, 0.540110,1,1,0, 0.999999, 0.501540, 0.756537, 0.348292, 46.33, 0.905, 30.37, 0.622, 90.22, 0.299, 0.00, 0.000
12207,130240, 47.24, 46.76, 0.993, 0.995, 1.052343, 0.759568,1,1,0, 1.000000, 0.706744, 1.371649, 0.684399, 47.24, 0.993, 32.25, 0.409, 97.56, 0.256, 0.00, 0.000
12208,130250, 47.05, 46.96, 0.998, 0.998, 0.951345, 0.532290,1,1,0, 0.999999, 0.501071, 0.759531, 0.351854, 47.05, 0.998, 31.08, 0.266, 93.75, 0.234, 0.00, 0.000
12209,130261, 47.05, 47.03, 0.998, 0.998, 1.052555, 0.754835,1,1,0, 1.000000, 0.697183, 1.339480, 0.676750, 47.05, 0.998, 32.08, 0.351, 97.56, 0.234, 0.00, 0.000
12210,130272, 47.24, 47.18, 0.998, 0.998, 0.952831, 0.528973,1,1,0, 0.999999, 0.520065, 0.759428, 0.362094, 47.24, 0.998, 31.41, 0.310, 94.48, 0.239, 0.00, 0.000
12211,130282, 47.24, 47.22, 0.998, 0.999, 1.047095, 0.751175,1,1,0, 1.000000, 0.681391, 1.330793, 0.670228, 47.24, 0.998, 32.00, 0.301, 96.00, 0.264, 0.00, 0.000
12212,130293, 47.24, 47.23, 0.999, 0.999, 0.947911, 0.526408,1,1,0, 0.999999, 0.521027, 0.712387, 0.357746, 47.24, 0.999, 31.49, 0.322, 94.48, 0.276, 0.00, 0.000
12213,130304, 47.24, 47.24, 0.999, 0.999, 1.036952, 0.748051,1,1,0, 1.000000, 0.669216, 1.311602, 0.664941, 47.24, 0.999, 31.74, 0.347, 95.23, 0.278, 0.00, 0.000
12214,130314, 47.24, 47.24, 0.998, 0.998, 0.941292, 0.524219,1,1,0, 0.999999, 0.542143, 0.702007, 0.365561, 47.24, 0.998, 31.66, 0.354, 95.23, 0.288, 0.00, 0.000
12215,130325, 47.24, 47.24, 0.998, 0.999, 1.027208, 0.743390,1,1,0, 1.000000, 0.649920, 1.292538, 0.657637, 47.24, 0.998, 31.83, 0.331, 95.23, 0.299, 0.00, 0.000
12216,130336, 47.24, 47.24, 0.999, 0.999, 0.933413, 0.520953,1,1,0, 0.999999, 0.554202, 0.706758, 0.367478, 47.24, 0.999, 31.66, 0.343, 95.23, 0.300, 0.00, 0.000
12217,130346, 47.24, 47.24, 0.999, 0.999, 1.012726, 0.680463,1,1,0, 1.000000, 0.632460, 1.263179, 0.650794, 47.24, 0.999, 31.41, 0.354, 94.48, 0.294, 0.00, 0.000
12218,130357, 47.24, 47.24, 0.999, 0.999, 0.921941, 0.476855,1,1,0, 0.999999, 0.561644, 0.701529, 0.366570, 47.24, 0.999, 31.74, 0.336, 95.23, 0.290, 0.00, 0.000
12219,130368, 47.24, 47.24, 0.999, 0.999, 0.999079, 0.657650,1,1,0, 1.000000, 0.614887, 1.245236, 0.642948, 47.24, 0.999, 31.41, 0.335, 94.48, 0.292, 0.00, 0.000
12220,130378, 47.24, 47.24, 0.999, 0.999, 0.910132, 0.460867,1,1,0, 0.999999, 0.562796, 0.707561, 0.365722, 47.24, 0.999, 31.66, 0.355, 95.23, 0.298, 0.00, 0.000
12221,130389, 47.05, 47.16, 0.999, 0.999, 0.986223, 0.660373,1,1,0, 1.000000, 0.605298, 1.232270, 0.636923, 47.05, 0.999, 31.25, 0.339, 93.75, 0.303, 0.00, 0.000
12222,130400, 47.05, 47.12, 0.999, 0.999, 0.899945, 0.462776,1,1,0, 0.999999, 0.565886, 0.710386, 0.367591, 47.05, 0.999, 31.66, 0.378, 95.23, 0.315, 0.00, 0.000
12223,130410, 47.05, 47.09, 0.998, 0.999, 0.976873, 0.690963,1,1,0, 1.000000, 0.597429, 1.229255, 0.630915, 47.05, 0.998, 30.76, 0.352, 31.16, 0.352, 93.75, 0.320
12224,130421, 47.05, 47.07, 0.999, 0.999, 0.892743, 0.484213,1,1,0, 0.999999, 0.569873, 0.708877, 0.369780, 47.05, 0.999, 31.74, 0.387, 95.23, 0.327, 0.00, 0.000
12225,130432, 46.87, 46.99, 0.999, 0.999, 0.976114, 0.694874,1,1,0, 1.000000, 0.600232, 1.227998, 0.634278, 46.87, 0.999, 93.02, 0.328, 0.00, 0.000, 0.00, 0.000
12226,130442, 46.87, 46.94, 0.999, 0.999, 0.892307, 0.486954,1,1,0, 0.999999, 0.566366, 0.713632, 0.367764, 46.87, 0.999, 31.74, 0.396, 95.23, 0.333, 0.00, 0.000
12227,130453, 46.87, 46.91, 0.999, 0.999, 0.975010, 0.714521,1,1,0, 1.000000, 0.600181, 1.230459, 0.633296, 46.87, 0.999, 93.02, 0.335, 0.00, 0.000, 0.00, 0.000
12228,130464, 46.87, 46.89, 0.998, 0.998, 0.892303, 0.500721,1,1,0, 0.999999, 0.578303, 0.732858, 0.377341, 46.87, 0.998, 31.83, 0.422, 95.23, 0.342, 0.00, 0.000
12229,130474, 47.05, 46.96, 0.997, 0.997, 0.981128, 0.739280,1,1,0, 1.000000, 0.603516, 1.243394, 0.637052, 47.05, 0.997, 30.37, 0.356, 93.02, 0.335, 0.00, 0.000
12230,130485, 47.24, 47.08, 0.982, 0.987, 0.902425, 0.518073,1,1,0, 0.999999, 0.610288, 0.670122, 0.396476, 47.24, 0.982, 32.69, 0.451, 98.36, 0.321, 0.00, 0.000
12231,130496, 48.00, 47.46, 0.983, 0.988, 0.997164, 0.730089,1,1,0, 1.000000, 0.607085, 1.277487, 0.643788, 48.00, 0.983, 31.49, 0.283, 94.48, 0.268, 0.00, 0.000
12232,130506, 48.78, 48.01, 0.960, 0.971, 1.002039, 0.968251,1,1,0, 1.000000, 0.645175, 1.267875, 0.514082, 48.78, 0.960, 33.61, 0.341, 102.56, 0.219, 0.00, 0.000
12233,130517, 49.79, 48.76, 0.998, 0.998, 0.986351, 0.678530,1,1,0, 1.000000, 0.567606, 1.265105, 0.548627, 49.79, 0.998, 31.25, 0.323, 95.23, 0.161, 0.00, 0.000
12234,130528, 49.79, 49.19, 0.999, 0.999, 1.066985, 0.921097,1,1,0, 1.000000, 0.722707, 1.264473, 0.641757, 49.79, 0.999, 33.51, 0.168, 101.69, 0.146, 0.00, 0.000
12235,130538, 49.79, 49.44, 0.998, 0.999, 0.971676, 0.645487,1,1,0, 1.000000, 0.458406, 0.951124, 0.395842, 49.79, 0.998, 30.45, 0.182, 97.56, 0.132, 0.00, 0.000
12236,130549, 49.79, 49.59, 0.999, 0.999, 1.056247, 0.856112,1,1,0, 1.000000, 0.791212, 1.251942, 0.693388, 49.79, 0.999, 99.17, 0.103, 32.96, 0.035, 0.00, 0.000
12237,130560, 49.79, 49.67, 0.999, 0.999, 0.957367, 0.599946,1,1,0, 1.000000, 0.335440, 0.705248, 0.313047, 49.79, 0.999, 100.84, 0.086, 33.80, 0.016, 0.00, 0.000
12238,130570, 49.58, 49.63, 0.999, 0.999, 1.050642, 0.851751,1,1,0, 1.000000, 0.822485, 1.262263, 0.701816, 49.58, 0.999, 94.48, 0.098, 31.83, 0.073, 0.00, 0.000
12239,130581, 49.58, 49.61, 0.996, 0.997, 0.960525, 0.596889,1,1,0, 0.735723, 0.371318, 0.647812, 0.374129, 49.58, 0.996, 105.26, 0.112, 34.28, 0.105, 0.00, 0.000
12240,130592, 49.58, 49.60, 0.993, 0.995, 1.035117, 0.756754,1,1,0, 1.000000, 0.776682, 1.245239, 0.662825, 49.58, 0.993, 31.33, 0.393, 93.02, 0.121, 0.00, 0.000
12241,130602, 50.00, 49.77, 0.972, 0.979, 0.953697, 0.530319,1,1,0, 0.985306, 0.546725, 0.701764, 0.433896, 50.00, 0.972, 34.88, 0.077, 109.09, 0.005, 0.00, 0.000
12242,130613, 51.94, 50.68, 0.971, 0.978, 1.012146, 0.696988,1,1,0, 1.000000, 0.672522, 1.245291, 0.620902, 51.94, 0.971, 32.34, 0.482, 0.00, 0.000, 0.00, 0.000
12243,130624, 52.40, 51.40, 0.998, 0.999, 0.936163, 0.488435,1,1,0, 0.999999, 0.655690, 0.714536, 0.455725, 52.40, 0.998, 36.36, 0.135, 0.00, 0.000, 0.00, 0.000
12244,130634, 52.63, 51.92, 0.998, 0.999, 0.989537, 0.632755,1,1,0, 1.000000, 0.606808, 1.244434, 0.605246, 52.63, 0.998, 32.87, 0.186, 0.00, 0.000, 0.00, 0.000
12245,130645, 52.63, 52.21, 0.999, 0.999, 1.057126, 0.809255,1,1,0, 1.000000, 0.723003, 1.232823, 0.649589, 52.63, 0.999, 0.00, 0.000, 0.00, 0.000, 0.00, 0.000
12246,130656, 52.63, 52.39, 0.998, 0.999, 0.962323, 0.567109,1,1,0, 1.000000, 0.474838, 1.004557, 0.393313, 52.63, 0.998, 30.61, 0.277, 0.00, 0.000, 0.00, 0.000
12247,130666, 52.63, 52.49, 0.998, 0.999, 1.044182, 0.744787,1,1,0, 1.000000, 0.817142, 1.230630, 0.708102, 52.63, 0.998, 0.00, 0.000, 0.00, 0.000, 0.00, 0.000
12248,130677, 52.63, 52.55, 0.998, 0.998, 0.950543, 0.521931,1,1,0, 0.856112, 0.406253, 0.640191, 0.355712, 52.63, 0.998, 0.00, 0.000, 0.00, 0.000, 0.00, 0.000
12249,130688, 52.40, 52.48, 0.997, 0.998, 1.021399, 0.725715,1,1,0, 1.000000, 0.750496, 1.239040, 0.649817, 52.40, 0.997, 0.00, 0.000, 0.00, 0.000, 0.00, 0.000
12250,130698, 52.40, 52.45, 0.999, 0.999, 0.942590, 0.508566,1,1,0, 0.999999, 0.608407, 0.654630, 0.445058, 52.40, 0.999, 0.00, 0.000, 0.00, 0.000, 0.00, 0.000
12251,130709, 52.40, 52.43, 0.999, 0.999, 0.997244, 0.661642,1,1,0, 1.000000, 0.616226, 1.236754, 0.590316, 52.40, 0.999, 32.43, 0.187, 0.00, 0.000, 0.00, 0.000
12252,130720, 52.17, 52.32, 0.999, 0.999, 0.926374, 0.463666,1,1,0, 0.999999, 0.646090, 0.805461, 0.476697, 52.17, 0.999, 36.69, 0.091, 0.00, 0.000, 0.00, 0.000
12253,130730, 52.40, 52.35, 0.994, 0.996, 0.970545, 0.567069,1,1,0, 1.000000, 0.595410, 1.218489, 0.567790, 52.40, 0.994, 32.00, 0.081, 0.00, 0.000, 0.00, 0.000
12254,130741, 52.40, 52.37, 0.991, 0.994, 1.044406, 0.758749,1,1,0, 1.000000, 0.742159, 1.212923, 0.674117, 52.40, 0.991, 0.00, 0.000, 0.00, 0.000, 0.00, 0.000
12255,130752, 53.09, 52.67, 0.961, 0.971, 0.958682, 0.531716,1,1,0, 1.000000, 0.540091, 0.901899, 0.444209, 53.09, 0.961, 0.00, 0.000, 0.00, 0.000, 0.00, 0.000
12256,130762, 54.54, 53.46, 0.947, 0.960, 1.014458, 0.629301,1,1,0, 1.000000, 0.751409, 1.203666, 0.629941, 54.54, 0.947, 0.00, 0.000, 0.00, 0.000, 0.00, 0.000
12257,130773, 55.81, 54.45, 0.996, 0.997, 0.940985, 0.441002,1,1,0, 0.999999, 0.649361, 0.673682, 0.468460, 55.81, 0.996, 0.00, 0.000, 0.00, 0.000, 0.00, 0.000
12258,130784, 55.55, 54.91, 0.994, 0.996, 0.984243, 0.587162,1,1,0, 1.000000, 0.618690, 1.214615, 0.564798, 55.55, 0.994, 0.00, 0.000, 0.00, 0.000, 0.00, 0.000
12259,130794, 55.29, 55.07, 0.997, 0.998, 1.032591, 0.646922,1,1,0, 1.000000, 0.692246, 1.165646, 0.628222, 55.29, 0.997, 0.00, 0.000, 0.00, 0.000, 0.00, 0.000
12260,130805, 55.29, 55.16, 0.997, 0.997, 0.954815, 0.453350,1,1,0, 1.000000, 0.543028, 1.097428, 0.466216, 55.29, 0.997, 0.00, 0.000, 0.00, 0.000, 0.00, 0.000
12261,130816, 55.55, 55.33, 0.997, 0.998, 1.002688, 0.492762,1,1,0, 0.999999, 0.750017, 1.139432, 0.637870, 55.55, 0.997, 0.00, 0.000, 0.00, 0.000, 0.00, 0.000
12262,130826, 55.55, 55.42, 0.998, 0.998, 0.929788, 0.345317,1,1,0, 0.999999, 0.614859, 0.654228, 0.463854, 55.55, 0.998, 0.00, 0.000, 0.00, 0.000, 0.00, 0.000
12263,130837, 55.29, 55.37, 0.988, 0.991, 0.973117, 0.503167,1,1,0, 1.000000, 0.702008, 1.160138, 0.572660, 55.29, 0.988, 0.00, 0.000, 0.00, 0.000, 0.00, 0.000
12264,130848, 56.33, 55.77, 0.964, 0.974, 0.986124, 0.493515,1,1,0, 0.999999, 0.702328, 1.097121, 0.652058, 56.33, 0.964, 0.00, 0.000, 0.00, 0.000, 0.00, 0.000
12265,130858, 58.25, 56.81, 0.987, 0.990, 0.923888, 0.345845,1,1,0, 0.829356, 0.613299, 0.981916, 0.531525, 58.25, 0.987, 0.00, 0.000, 0.00, 0.000, 0.00, 0.000
12266,130869, 58.53, 57.53, 0.997, 0.997, 0.944947, 0.443916,1,1,0, 0.999999, 0.753599, 1.091879, 0.620776, 58.53, 0.997, 0.00, 0.000, 0.00, 0.000, 0.00, 0.000
12267,130880, 58.53, 57.95, 0.998, 0.998, 0.886843, 0.311087,1,1,0, 0.999999, 0.705686, 0.727864, 0.527586, 58.53, 0.998, 0.00, 0.000, 0.00, 0.000, 0.00, 0.000
12268,130890, 58.53, 58.20, 0.998, 0.998, 0.872324, 0.250697,1,1,0, 0.854748, 0.588538, 0.997970, 0.565137, 58.53, 0.998, 0.00, 0.000, 0.00, 0.000, 0.00, 0.000
12269,130901, 58.53, 58.34, 0.998, 0.998, 0.879006, 0.319262,1,1,0, 0.999999, 0.709259, 0.967642, 0.639226, 58.53, 0.998, 0.00, 0.000, 0.00, 0.000, 0.00, 0.000
12270,130912, 58.53, 58.42, 0.998, 0.998, 0.833578, 0.223732,1,1,0, 0.999999, 0.685377, 0.695205, 0.542486, 58.53, 0.998, 0.00, 0.000, 0.00, 0.000, 0.00, 0.000
12271,130922, 58.25, 58.35, 0.997, 0.998, 0.816121, 0.156787,1,1,0, 0.999999, 0.691703, 0.884505, 0.545079, 58.25, 0.997, 0.00, 0.000, 0.00, 0.000, 0.00, 0.000
12272,130933, 58.25, 58.31, 0.997, 0.998, 0.802821, 0.191172,1,1,0, 0.999999, 0.657588, 0.847623, 0.598882, 58.25, 0.997, 0.00, 0.000, 0.00, 0.000, 0.00, 0.000
12273,130944, 59.11, 58.64, 0.984, 0.988, 0.782348, 0.133969,1,1,0, 1.000000, 0.718794, 0.806005, 0.638189, 59.11, 0.984, 0.00, 0.000, 0.00, 0.000, 0.00, 0.000
12274,130954, 60.30, 46.64, 0.977, 0.982, 0.776272, 0.107560,1,1,0, 1.000000, 0.780501, 0.807602, 0.612216, 60.30, 0.977, 30.07, 0.976, 0.00, 0.000, 0.00, 0.000
12275,130965, 61.53, 39.97, 0.997, 0.998, 0.753415, 0.082090,1,1,0, 0.999999, 0.662689, 0.788036, 0.585866, 61.53, 0.997, 30.76, 0.997, 0.00, 0.000, 0.00, 0.000
12276,130976, 61.85, 33.64, 0.998, 0.998, 0.755958, 0.142773,1,1,1, 1.000000, 0.684791, 0.818144, 0.626379, 61.85, 0.998, 30.92, 0.997, 0.00, 0.000, 0.00, 0.000
12277,130986, 61.85, 31.74, 0.998, 0.995, 0.774905, 0.239398,1,1,0, 1.000000, 0.767089, 0.839375, 0.610551, 61.85, 0.998, 30.92, 0.993, 0.00, 0.000, 0.00, 0.000
12278,130997, 30.92, 31.17, 0.999, 0.999, 0.743252, 0.167765,1,1,0, 0.999999, 0.662416, 0.763372, 0.562429, 30.92, 0.999, 61.85, 0.998, 0.00, 0.000, 0.00, 0.000
12279,131008, 61.85, 30.94, 0.998, 0.998, 0.748723, 0.175916,1,1,0, 1.000000, 0.663492, 0.821071, 0.616501, 61.85, 0.998, 30.84, 0.997, 0.00, 0.000, 0.00, 0.000
12280,131018, 61.53, 30.87, 0.998, 0.998, 0.780311, 0.355648,1,1,0, 1.000000, 0.749920, 0.867704, 0.613794, 61.53, 0.998, 30.84, 0.998, 0.00, 0.000, 0.00, 0.000
12281,131029, 61.53, 30.80, 0.999, 0.999, 0.746841, 0.249231,1,1,0, 1.000000, 0.693100, 0.768379, 0.557229, 61.53, 0.999, 30.76, 0.998, 0.00, 0.000, 0.00, 0.000
12282,131040, 61.85, 30.88, 0.996, 0.995, 0.818524, 0.471999,1,1,0, 1.000000, 0.680716, 0.951589, 0.647156, 61.85, 0.996, 30.92, 0.994, 0.00, 0.000, 0.00, 0.000
12283,131050, 31.66, 31.43, 0.990, 0.993, 0.858962, 0.422835,1,1,0, 1.000000, 0.782012, 0.967365, 0.635267, 31.66, 0.990, 62.82, 0.984, 0.00, 0.000, 0.00, 0.000
12284,131061, 64.51, 31.88, 0.983, 0.982, 0.824345, 0.296314,1,1,0, 1.000000, 0.653580, 0.867360, 0.576932, 64.51, 0.983, 32.08, 0.975, 0.00, 0.000, 0.00, 0.000
12285,131072, 65.21, 32.45, 0.998, 0.997, 0.856368, 0.351685,1,1,0, 1.000000, 0.759683, 0.985724, 0.687544, 65.21, 0.998, 32.69, 0.995, 0.00, 0.000, 0.00, 0.000
12286,131082, 65.57, 32.55, 0.998, 0.997, 0.870420, 0.409450,1,1,0, 1.000000, 0.725136, 0.991803, 0.563719, 65.57, 0.998, 32.69, 0.996, 0.00, 0.000, 0.00, 0.000
12287,131093, 65.57, 32.61, 0.999, 0.998, 0.829994, 0.286934,1,1,0, 0.999999, 0.601714, 0.874963, 0.577261, 65.57, 0.999, 32.69, 0.997, 0.00, 0.000, 0.00, 0.000
12288,131104, 65.21, 32.65, 0.999, 0.999, 0.858193, 0.299886,1,1,0, 1.000000, 0.811222, 0.983009, 0.686547, 65.21, 0.999, 32.69, 0.999, 0.00, 0.000, 0.00, 0.000
12289,131114, 65.21, 32.63, 0.999, 0.998, 0.864126, 0.311827,1,1,0, 1.000000, 0.643085, 0.973201, 0.547520, 65.21, 0.999, 32.60, 0.998, 0.00, 0.000, 0.00, 0.000
12290,131125, 65.21, 32.62, 0.999, 0.998, 0.897212, 0.513529,1,1,0, 1.000000, 0.688363, 1.014026, 0.639917, 65.21, 0.999, 32.60, 0.997, 0.00, 0.000, 0.00, 0.000
12291,131136, 65.57, 32.72, 0.993, 0.991, 0.862426, 0.359870,1,1,0, 1.000000, 0.749280, 0.906316, 0.615041, 65.57, 0.993, 32.87, 0.988, 0.00, 0.000, 0.00, 0.000
12292,131146, 33.33, 32.98, 0.989, 0.992, 0.907441, 0.452270,1,1,0, 1.000000, 0.724349, 1.057299, 0.684053, 33.33, 0.989, 66.66, 0.985, 0.00, 0.000, 0.00, 0.000
12293,131157, 68.57, 33.48, 0.995, 0.996, 0.923264, 0.442573,1,1,0, 1.000000, 0.749167, 1.048455, 0.589244, 68.57, 0.995, 34.18, 0.995, 0.00, 0.000, 0.00, 0.000
12294,131168, 68.96, 33.86, 0.997, 0.995, 0.900397, 0.470355,1,1,0, 0.986457, 0.599547, 1.034918, 0.588148, 68.96, 0.997, 34.38, 0.994, 0.00, 0.000, 0.00, 0.000
12295,131178, 68.96, 34.16, 0.998, 0.998, 0.892094, 0.330439,1,1,0, 1.000000, 0.775538, 1.039979, 0.664872, 68.96, 0.998, 34.58, 0.997, 0.00, 0.000, 0.00, 0.000
12296,131189, 68.96, 34.34, 0.999, 0.998, 0.899950, 0.329878,1,1,0, 1.000000, 0.674780, 1.018112, 0.624407, 68.96, 0.999, 34.58, 0.997, 0.00, 0.000, 0.00, 0.000
12297,131200, 68.96, 34.44, 0.999, 0.998, 0.914712, 0.439636,1,1,0, 1.000000, 0.749364, 1.029569, 0.619753, 68.96, 0.999, 34.58, 0.997, 0.00, 0.000, 0.00, 0.000
12298,131210, 68.96, 34.50, 0.999, 0.998, 0.853243, 0.308087,1,1,0, 0.956058, 0.580391, 0.852190, 0.529526, 68.96, 0.999, 34.58, 0.998, 0.00, 0.000, 0.00, 0.000
12299,131221, 68.96, 34.53, 0.999, 0.998, 0.886019, 0.330974,1,1,0, 1.000000, 0.781619, 1.023794, 0.698049, 68.96, 0.999, 34.58, 0.998, 0.00, 0.000, 0.00, 0.000
12300,131232, 69.36, 34.55, 0.999, 0.998, 0.897956, 0.347572,1,1,0, 1.000000, 0.658374, 1.009173, 0.589022, 69.36, 0.999, 34.58, 0.998, 0.00, 0.000, 0.00, 0.000
12301,131242, 69.36, 34.65, 0.995, 0.995, 0.949538, 0.608556,1,1,0, 1.000000, 0.743083, 1.096822, 0.646873, 69.36, 0.995, 34.78, 0.993, 0.00, 0.000, 0.00, 0.000
12302,131253, 35.39, 34.96, 0.983, 0.987, 0.896124, 0.426463,1,1,0, 1.000000, 0.609386, 0.995720, 0.548939, 35.39, 0.983, 71.00, 0.982, 0.00, 0.000, 0.00, 0.000
12303,131264, 36.14, 35.46, 0.990, 0.993, 0.921572, 0.402814,1,1,0, 1.000000, 0.753955, 1.094093, 0.677095, 36.14, 0.990, 72.28, 0.988, 0.00, 0.000, 0.00, 0.000
12304,131274, 73.17, 35.93, 0.999, 0.998, 0.941341, 0.376772,1,1,0, 1.000000, 0.719659, 1.075098, 0.672358, 73.17, 0.999, 36.58, 0.998, 0.00, 0.000, 0.00, 0.000
12305,131285, 73.17, 36.20, 0.999, 0.999, 0.936102, 0.385787,1,1,0, 1.000000, 0.706253, 1.055237, 0.572876, 73.17, 0.999, 36.58, 0.998, 0.00, 0.000, 0.00, 0.000
12306,131296, 73.17, 36.36, 0.999, 0.998, 0.947134, 0.470746,1,1,0, 1.000000, 0.646233, 1.057792, 0.631453, 73.17, 0.999, 36.58, 0.998, 0.00, 0.000, 0.00, 0.000
12307,131306, 73.17, 36.45, 0.999, 0.998, 0.887334, 0.329889,1,1,0, 1.000000, 0.661034, 0.829827, 0.539484, 73.17, 0.999, 36.58, 0.997, 0.00, 0.000, 0.00, 0.000
12308,131317, 73.17, 36.51, 0.999, 0.998, 0.915276, 0.390526,1,1,0, 1.000000, 0.727018, 1.065767, 0.688667, 73.17, 0.999, 36.58, 0.998, 0.00, 0.000, 0.00, 0.000
12309,131328, 73.17, 36.54, 0.999, 0.999, 0.923165, 0.414299,1,1,0, 1.000000, 0.674461, 1.058837, 0.596889, 73.17, 0.999, 36.58, 0.999, 0.00, 0.000, 0.00, 0.000
12310,131338, 73.17, 36.56, 0.999, 0.999, 0.959739, 0.600646,1,1,0, 1.000000, 0.740832, 1.108966, 0.638724, 73.17, 0.999, 36.58, 0.998, 0.00, 0.000, 0.00, 0.000
12311,131349, 73.61, 36.66, 0.992, 0.993, 0.989274, 0.684419,1,1,0, 1.000000, 0.604075, 1.140796, 0.588117, 73.61, 0.992, 36.80, 0.990, 0.00, 0.000, 0.00, 0.000
12312,131360, 75.00, 36.96, 0.987, 0.985, 0.932419, 0.479627,1,1,0, 1.000000, 0.696399, 1.023399, 0.593278, 75.00, 0.987, 37.38, 0.980, 0.00, 0.000, 0.00, 0.000
12313,131370, 76.43, 37.49, 0.990, 0.992, 0.956467, 0.424619,1,1,0, 1.000000, 0.719751, 1.123145, 0.686719, 76.43, 0.990, 38.21, 0.990, 0.00, 0.000, 0.00, 0.000
12314,131381, 77.41, 38.00, 0.997, 0.997, 0.961836, 0.403500,1,1,0, 1.000000, 0.713299, 1.099240, 0.659443, 77.41, 0.997, 38.70, 0.995, 0.00, 0.000, 0.00, 0.000
12315,131392, 77.92, 38.35, 0.999, 0.999, 0.956983, 0.427172,1,1,0, 1.000000, 0.693906, 1.087206, 0.584319, 77.92, 0.999, 38.83, 0.998, 0.00, 0.000, 0.00, 0.000
12316,131402, 77.92, 38.55, 0.999, 0.998, 0.966879, 0.501771,1,1,0, 1.000000, 0.695625, 1.090574, 0.651746, 77.92, 0.999, 38.83, 0.998, 0.00, 0.000, 0.00, 0.000
12317,131413, 77.92, 38.72, 0.999, 0.998, 0.937193, 0.542423,1,1,0, 1.000000, 0.597621, 1.089449, 0.552987, 77.92, 0.999, 38.96, 0.997, 0.00, 0.000, 0.00, 0.000
12318,131424, 77.92, 38.82, 0.999, 0.998, 0.915706, 0.380119,1,1,0, 1.000000, 0.705200, 1.088759, 0.615115, 77.92, 0.999, 38.96, 0.997, 0.00, 0.000, 0.00, 0.000
12319,131434, 77.92, 38.82, 0.999, 0.998, 0.932739, 0.407665,1,1,0, 1.000000, 0.693834, 1.088643, 0.661651, 77.92, 0.999, 38.83, 0.998, 0.00, 0.000, 0.00, 0.000
12320,131445, 77.92, 38.83, 0.998, 0.998, 0.947483, 0.447113,1,1,0, 1.000000, 0.694292, 1.094200, 0.631304, 77.92, 0.998, 38.83, 0.997, 0.00, 0.000, 0.00, 0.000
12321,131456, 77.92, 38.88, 0.999, 0.998, 0.966787, 0.534392,1,1,0, 1.000000, 0.713212, 1.118713, 0.607509, 77.92, 0.999, 38.96, 0.997, 0.00, 0.000, 0.00, 0.000
12322,131466, 78.43, 38.97, 0.995, 0.996, 0.987486, 0.522827,1,1,0, 1.000000, 0.698928, 1.116307, 0.658544, 78.43, 0.995, 39.08, 0.994, 0.00, 0.000, 0.00, 0.000
12323,131477, 79.47, 39.29, 0.987, 0.985, 0.989688, 0.522294,1,1,0, 1.000000, 0.625216, 1.109401, 0.595022, 79.47, 0.987, 39.73, 0.980, 0.00, 0.000, 0.00, 0.000
12324,131488, 81.08, 39.81, 0.988, 0.986, 0.929760, 0.366013,1,1,0, 1.000000, 0.652541, 0.968277, 0.562490, 81.08, 0.988, 40.54, 0.981, 0.00, 0.000, 0.00, 0.000
12325,131498, 41.09, 40.35, 0.997, 0.997, 0.941740, 0.409896,1,1,0, 1.000000, 0.710259, 1.118134, 0.653373, 41.09, 0.997, 82.19, 0.996, 0.00, 0.000, 0.00, 0.000
12326,131509, 82.75, 40.72, 0.998, 0.997, 0.941243, 0.343378,1,1,0, 1.000000, 0.673066, 1.084448, 0.643724, 82.75, 0.998, 41.23, 0.997, 0.00, 0.000, 0.00, 0.000
12327,131520, 82.75, 40.99, 0.998, 0.998, 0.948430, 0.416057,1,1,0, 1.000000, 0.689027, 1.095867, 0.641222, 82.75, 0.998, 41.37, 0.998, 0.00, 0.000, 0.00, 0.000
12328,131530, 82.75, 41.15, 0.999, 0.998, 0.958575, 0.432486,1,1,0, 1.000000, 0.688704, 1.098545, 0.624547, 82.75, 0.999, 41.37, 0.998, 0.00, 0.000, 0.00, 0.000
12329,131541, 82.75, 41.25, 0.998, 0.998, 0.957643, 0.409272,1,1,0, 1.000000, 0.682966, 1.082082, 0.597129, 82.75, 0.998, 41.37, 0.997, 0.00, 0.000, 0.00, 0.000
12330,131552, 82.75, 41.24, 0.998, 0.998, 0.957451, 0.380945,1,1,0, 1.000000, 0.694345, 1.057765, 0.637591, 82.75, 0.998, 41.23, 0.997, 0.00, 0.000, 0.00, 0.000
12331,131562, 82.75, 41.24, 0.998, 0.997, 0.977003, 0.548290,1,1,0, 1.000000, 0.630512, 1.104069, 0.609573, 82.75, 0.998, 41.23, 0.996, 0.00, 0.000, 0.00, 0.000
12332,131573, 83.33, 41.42, 0.992, 0.992, 0.966630, 0.384230,1,1,0, 1.000000, 0.640429, 1.065779, 0.587888, 83.33, 0.992, 41.66, 0.989, 0.00, 0.000, 0.00, 0.000
12333,131584, 85.10, 41.83, 0.979, 0.978, 0.921844, 0.269260,1,1,0, 1.000000, 0.658838, 1.047427, 0.589646, 85.10, 0.979, 42.40, 0.969, 0.00, 0.000, 0.00, 0.000
12334,131594, 86.33, 42.39, 0.983, 0.979, 0.923580, 0.286893,1,1,0, 1.000000, 0.688288, 1.069064, 0.623349, 86.33, 0.983, 43.16, 0.971, 0.00, 0.000, 0.00, 0.000
12335,131605, 87.59, 42.98, 0.996, 0.996, 0.919915, 0.307933,1,1,0, 1.000000, 0.687032, 1.060940, 0.638427, 87.59, 0.996, 43.79, 0.994, 0.00, 0.000, 0.00, 0.000
12336,131616, 87.59, 43.39, 0.998, 0.997, 0.920560, 0.357751,1,1,0, 1.000000, 0.646335, 1.070368, 0.616086, 87.59, 0.998, 43.95, 0.996, 0.00, 0.000, 0.00, 0.000
12337,131626, 87.59, 43.62, 0.998, 0.998, 0.929525, 0.389537,1,1,0, 1.000000, 0.650726, 1.082629, 0.618528, 87.59, 0.998, 43.95, 0.997, 0.00, 0.000, 0.00, 0.000
12338,131637, 87.59, 43.69, 0.998, 0.998, 0.926607, 0.309784,1,1,0, 1.000000, 0.671501, 1.049954, 0.626251, 87.59, 0.998, 43.79, 0.998, 0.00, 0.000, 0.00, 0.000
12339,131648, 87.59, 43.73, 0.998, 0.998, 0.928385, 0.359836,1,1,0, 1.000000, 0.669145, 1.058786, 0.618469, 87.59, 0.998, 43.79, 0.997, 0.00, 0.000, 0.00, 0.000
12340,131658, 87.59, 43.76, 0.998, 0.997, 0.934226, 0.417305,1,1,0, 1.000000, 0.673872, 1.071611, 0.620922, 87.59, 0.998, 43.79, 0.996, 0.00, 0.000, 0.00, 0.000
12341,131669, 88.23, 43.84, 0.996, 0.997, 0.931271, 0.378886,1,1,0, 1.000000, 0.659543, 1.055847, 0.606660, 88.23, 0.996, 43.95, 0.996, 0.00, 0.000, 0.00, 0.000
12342,131680, 89.55, 44.16, 0.985, 0.983, 0.922979, 0.296648,1,1,0, 1.000000, 0.652790, 1.019592, 0.604078, 89.55, 0.985, 44.60, 0.977, 0.00, 0.000, 0.00, 0.000
12343,131690, 30.37, 44.77, 0.992, 0.985, 0.924256, 0.369002,1,1,0, 1.000000, 0.653090, 1.043872, 0.608183, 30.37, 0.992, 90.90, 0.986, 45.62, 0.980, 0.00, 0.000
12344,131701, 30.76, 45.35, 0.997, 0.996, 0.917831, 0.346877,1,1,0, 1.000000, 0.646040, 1.031524, 0.598214, 30.76, 0.997, 92.30, 0.997, 46.15, 0.995, 0.00, 0.000
12345,131712, 93.02, 45.76, 0.998, 0.998, 0.921979, 0.330912,1,1,0, 1.000000, 0.651622, 1.024919, 0.607202, 93.02, 0.998, 46.33, 0.997, 30.92, 0.996, 0.00, 0.000
12346,131722, 93.02, 46.00, 0.997, 0.998, 0.915421, 0.341678,1,1,0, 1.000000, 0.644931, 1.025639, 0.596794, 93.02, 0.997, 46.33, 0.997, 30.92, 0.995, 0.00, 0.000
12347,131733, 93.02, 46.14, 0.998, 0.998, 0.913179, 0.388787,1,1,0, 1.000000, 0.645410, 1.033184, 0.599781, 93.02, 0.998, 46.33, 0.997, 30.92, 0.995, 0.00, 0.000
12348,131744, 92.30, 46.22, 0.998, 0.998, 0.919962, 0.453826,1,1,0, 1.000000, 0.645499, 1.053734, 0.600199, 92.30, 0.998, 46.33, 0.997, 30.84, 0.996, 0.00, 0.000
12349,131754, 93.02, 46.26, 0.998, 0.998, 0.924290, 0.427773,1,1,0, 1.000000, 0.648629, 1.052419, 0.598715, 93.02, 0.998, 30.92, 0.998, 46.33, 0.997, 0.00, 0.000
12350,131765, 31.25, 46.52, 0.996, 0.991, 0.905391, 0.299774,1,1,0, 1.000000, 0.655467, 0.993639, 0.616017, 31.25, 0.996, 93.75, 0.991, 46.87, 0.988, 0.00, 0.000
12351,131776, 31.91, 47.06, 0.996, 0.982, 0.886182, 0.210075,1,1,0, 1.000000, 0.644567, 0.964517, 0.608642, 31.91, 0.996, 96.00, 0.983, 47.80, 0.975, 0.00, 0.000
12352,131786, 32.52, 47.78, 0.995, 0.993, 0.875378, 0.234073,1,1,0, 1.000000, 0.643971, 0.958634, 0.608654, 32.52, 0.995, 97.56, 0.993, 48.78, 0.991, 0.00, 0.000
12353,131797, 98.36, 48.37, 0.999, 0.999, 0.858487, 0.208172,1,1,0, 1.000000, 0.628080, 0.944009, 0.588490, 98.36, 0.999, 49.18, 0.998, 32.78, 0.997, 0.00, 0.000
12354,131808, 98.36, 48.71, 0.998, 0.998, 0.862822, 0.304937,1,1,0, 1.000000, 0.642715, 0.976854, 0.601622, 98.36, 0.998, 49.18, 0.998, 32.78, 0.997, 0.00, 0.000
12355,131818, 98.36, 48.90, 0.998, 0.997, 0.866203, 0.306202,1,1,0, 1.000000, 0.657248, 0.982645, 0.610182, 98.36, 0.998, 49.18, 0.996, 32.69, 0.993, 0.00, 0.000
12356,131829, 98.36, 49.02, 0.998, 0.998, 0.871940, 0.338822,1,1,0, 1.000000, 0.666799, 0.999242, 0.618353, 98.36, 0.998, 49.18, 0.997, 32.78, 0.996, 0.00, 0.000
12357,131840, 98.36, 49.08, 0.998, 0.998, 0.875175, 0.321235,1,1,0, 1.000000, 0.667268, 0.995911, 0.612075, 98.36, 0.998, 49.18, 0.998, 32.78, 0.996, 0.00, 0.000
12358,131850, 99.17, 49.21, 0.998, 0.998, 0.873800, 0.326666,1,1,0, 1.000000, 0.644899, 1.004834, 0.596019, 99.17, 0.998, 49.38, 0.997, 32.96, 0.997, 0.00, 0.000
12359,131861, 99.17, 49.28, 0.997, 0.997, 0.865545, 0.294519,1,1,0, 1.000000, 0.617318, 0.995196, 0.577070, 99.17, 0.997, 49.38, 0.996, 32.96, 0.992, 0.00, 0.000
12360,131872, 99.17, 49.41, 0.996, 0.996, 0.864293, 0.313340,1,1,0, 1.000000, 0.592842, 1.006657, 0.564287, 99.17, 0.996, 49.58, 0.994, 33.05, 0.992, 0.00, 0.000
12361,131882, 99.17, 49.57, 0.994, 0.992, 0.839880, 0.219582,1,1,0, 0.988459, 0.605674, 0.926411, 0.578763, 99.17, 0.994, 49.79, 0.989, 33.14, 0.982, 0.00, 0.000
12362,131893, 100.84, 49.83, 0.994, 0.989, 0.813099, 0.153879,1,1,0, 0.941734, 0.613309, 0.896833, 0.581642, 100.84, 0.994, 50.20, 0.985, 33.51, 0.980, 0.00, 0.000
12363,131904, 101.69, 50.26, 0.995, 0.992, 0.774785, 0.107835,1,1,0, 0.874470, 0.589314, 0.781974, 0.542978, 101.69, 0.995, 50.84, 0.989, 33.89, 0.985, 0.00, 0.000
12364,131914, 102.56, 50.69, 0.996, 0.995, 0.731895, 0.075568,1,1,0, 0.715981, 0.507160, 0.697843, 0.469840, 102.56, 0.996, 51.28, 0.994, 34.18, 0.987, 0.00, 0.000
12365,131925, 102.56, 50.93, 0.996, 0.995, 0.691383, 0.052957,1,1,0, 0.721216, 0.480001, 0.687459, 0.451341, 102.56, 0.996, 51.28, 0.993, 34.18, 0.991, 0.00, 0.000
12366,131936, 103.44, 51.17, 0.995, 0.994, 0.658473, 0.037111,1,1,0, 0.687138, 0.481217, 0.650469, 0.465186, 103.44, 0.995, 51.50, 0.992, 34.38, 0.989, 0.00, 0.000
12367,131946, 103.44, 51.40, 0.996, 0.996, 0.630126, 0.026006,1,1,0, 0.687644, 0.491832, 0.645722, 0.463884, 103.44, 0.996, 34.48, 0.995, 51.72, 0.994, 0.00, 0.000
12368,131957, 51.94, 51.63, 0.998, 0.998, 0.618769, 0.101116,1,1,0, 0.684642, 0.504233, 0.665057, 0.463866, 51.94, 0.998, 104.34, 0.997, 34.68, 0.997, 0.00, 0.000
12369,131968, 103.44, 51.76, 0.998, 0.998, 0.597992, 0.070860,1,1,0, 0.664317, 0.477837, 0.636081, 0.436378, 103.44, 0.998, 51.94, 0.997, 34.58, 0.996, 0.00, 0.000
12370,131978, 51.94, 51.84, 0.997, 0.998, 0.587910, 0.132223,1,1,0, 0.654105, 0.449735, 0.654374, 0.430774, 51.94, 0.997, 103.44, 0.997, 34.58, 0.996, 0.00, 0.000
12371,131989, 103.44, 51.79, 0.995, 0.995, 0.566331, 0.092659,1,1,0, 0.595405, 0.422943, 0.612590, 0.406237, 103.44, 0.995, 34.48, 0.994, 51.72, 0.994, 0.00, 0.000
12372,132000, 103.44, 51.67, 0.994, 0.994, 0.539589, 0.064934,1,1,0, 0.544291, 0.407108, 0.529071, 0.385045, 103.44, 0.994, 34.38, 0.993, 51.50, 0.992, 0.00, 0.000
12373,132010, 34.28, 51.59, 0.997, 0.996, 0.511702, 0.045504,1,1,0, 0.530990, 0.376728, 0.485698, 0.345480, 34.28, 0.997, 102.56, 0.995, 51.50, 0.994, 0.00, 0.000
12374,132021, 103.44, 51.74, 0.992, 0.993, 0.477152, 0.031888,1,1,0, 0.439709, 0.278826, 0.405803, 0.267139, 103.44, 0.992, 51.94, 0.991, 34.58, 0.985, 0.00, 0.000
12375,132032, 103.44, 51.83, 0.977, 0.964, 0.434231, 0.022346,1,1,0, 0.282277, 0.152809, 0.255893, 0.155836, 103.44, 0.977, 51.94, 0.950, 34.58, 0.946, 0.00, 0.000
12376,132042, 34.09, 51.69, 0.978, 0.952, 0.388958, 0.015660,1,1,0, 0.140580, 0.081948, 0.138914, 0.081343, 34.09, 0.978, 103.44, 0.964, 51.50, 0.933, 0.00, 0.000
12377,132053, 103.44, 51.52, 0.953, 0.938, 0.347706, 0.010974,1,1,0, 0.110950, 0.069196, 0.104504, 0.064677, 103.44, 0.953, 34.58, 0.941, 51.28, 0.914, 0.00, 0.000
12378,132064, 34.48, 51.89, 0.947, 0.937, 0.308165, 0.007690,1,1,0, 0.090999, 0.036471, 0.074008, 0.035073, 34.48, 0.947, 52.40, 0.913, 102.56, 0.895, 0.00, 0.000
12379,132074, 107.14, 52.29, 0.856, 0.797, 0.270742, 0.005389,1,1,0, 0.040427, 0.011819, 0.029671, 0.009659, 107.14, 0.856, 52.86, 0.718, 35.82, 0.352, 0.00, 0.000
12380,132085, 105.26, 74.54, 0.605, 0.568, 0.239724, 0.003776,1,1,0, 0.053420, 0.027447, 0.041096, 0.025135, 105.26, 0.605, 32.52, 0.565, 43.79, 0.332, 0.00, 0.000
12381,132096, 47.05, 58.28, 0.563, 0.560, 0.213594, 0.002646,1,1,0, 0.065742, 0.037657, 0.057003, 0.034055, 47.05, 0.563, 35.82, 0.554, 70.58, 0.509, 133.33, 0.503
12382,132106, 69.76, 63.10, 0.518, 0.494, 0.188779, 0.001854,1,1,0, 0.051027, 0.023287, 0.034565, 0.017366, 69.76, 0.518, 141.17, 0.434, 47.05, 0.327, 33.05, 0.311
12383,132117, 32.25, 63.10, 0.431, 0.444, 0.167589, 0.001299,1,1,0, 0.049362, 0.026010, 0.038767, 0.021634, 32.25, 0.431, 41.52, 0.359, 69.76, 0.352, 141.17, 0.288
12384,132128, 31.16, 49.69, 0.740, 0.695, 0.148070, 0.000910,1,1,0, 0.033026, 0.016683, 0.027663, 0.013961, 31.16, 0.740, 40.95, 0.472, 38.58, 0.470, 71.00, 0.107
12385,132138, 42.70, 49.69, 0.435, 0.625, 0.131593, 0.000638,1,1,0, 0.035764, 0.020319, 0.038630, 0.019128, 42.70, 0.435, 37.26, 0.151, 32.60, 0.124, 137.93, 0.088
12386,132149, 32.78, 48.28, 0.522, 0.526, 0.116970, 0.000447,1,1,0, 0.039303, 0.019499, 0.037588, 0.019305, 32.78, 0.522, 46.33, 0.507, 71.00, 0.390, 141.17, 0.358
12387,132160, 36.92, 43.51, 0.824, 0.817, 0.103801, 0.000313,1,1,0, 0.032551, 0.015703, 0.023487, 0.013490, 36.92, 0.824, 73.17, 0.555, 146.34, 0.498, 48.19, 0.426
12388,132170, 37.38, 40.93, 0.717, 0.723, 0.092022, 0.000219,1,1,0, 0.021430, 0.011161, 0.021200, 0.010745, 37.38, 0.717, 74.53, 0.634, 148.14, 0.438, 49.58, 0.386
12389,132181, 37.50, 39.49, 0.797, 0.836, 0.081546, 0.000153,1,1,0, 0.034679, 0.013681, 0.027633, 0.010938, 37.50, 0.797, 74.53, 0.746, 151.89, 0.115, 32.17, 0.097
12390,132192, 37.03, 38.46, 0.801, 0.850, 0.072635, 0.000107,1,1,0, 0.034965, 0.014384, 0.039155, 0.014928, 37.03, 0.801, 73.61, 0.662, 48.58, 0.211, 164.38, 0.134
12391,132202, 36.25, 37.53, 0.832, 0.879, 0.065224, 0.000075,1,1,0, 0.034294, 0.016894, 0.032291, 0.016448, 36.25, 0.832, 72.72, 0.818, 50.00, 0.317, 155.84, 0.235
12392,132213, 74.07, 37.47, 0.804, 0.721, 0.058338, 0.000052,1,1,0, 0.022039, 0.012138, 0.019932, 0.011698, 74.07, 0.804, 37.38, 0.614, 50.20, 0.483, 157.89, 0.391
12393,132224, 37.50, 37.48, 0.905, 0.931, 0.052397, 0.000037,1,1,0, 0.032716, 0.015123, 0.028645, 0.013875, 37.50, 0.905, 74.07, 0.804, 49.38, 0.598, 153.84, 0.459
12394,132234, 37.38, 37.44, 0.766, 0.832, 0.046518, 0.000026,1,1,0, 0.031040, 0.008988, 0.026804, 0.008314, 37.38, 0.766, 74.07, 0.738, 48.78, 0.379, 157.89, 0.356
12395,132245, 72.72, 37.03, 0.835, 0.775, 0.042092, 0.000018,1,1,0, 0.031155, 0.013757, 0.028743, 0.013582, 72.72, 0.835, 36.47, 0.687, 49.79, 0.464, 155.84, 0.259
12396,132256, 36.92, 36.98, 0.939, 0.956, 0.038103, 0.000012,1,1,0, 0.029066, 0.015261, 0.032326, 0.014176, 36.92, 0.939, 73.61, 0.830, 50.42, 0.312, 153.84, 0.281
12397,132266, 37.38, 37.15, 0.905, 0.931, 0.034808, 0.000008,1,1,0, 0.032222, 0.015508, 0.029040, 0.013899, 37.38, 0.905, 75.00, 0.870, 153.84, 0.406, 50.00, 0.352
12398,132277, 74.07, 37.20, 0.914, 0.938, 0.031250, 0.000006,1,1,0, 0.022283, 0.009614, 0.020237, 0.008504, 74.07, 0.914, 37.26, 0.914, 151.89, 0.422, 50.00, 0.419
12399,132288, 36.92, 37.08, 0.913, 0.937, 0.028187, 0.000004,1,1,0, 0.024139, 0.010688, 0.021186, 0.009050, 36.92, 0.913, 74.07, 0.881, 49.38, 0.357, 151.89, 0.298
12400,132298, 73.17, 36.96, 0.852, 0.851, 0.025721, 0.000003,1,1,0, 0.021903, 0.011334, 0.018732, 0.010325, 73.17, 0.852, 36.80, 0.794, 48.19, 0.604, 148.14, 0.434
12401,132309, 73.61, 37.09, 0.820, 0.807, 0.027791, 0.017775,1,1,0, 0.035897, 0.017729, 0.033994, 0.017343, 73.61, 0.820, 37.26, 0.732, 48.97, 0.462, 151.89, 0.359
12402,132320, 37.15, 37.11, 0.817, 0.868, 0.025511, 0.012456,1,1,0, 0.026215, 0.013171, 0.025317, 0.012452, 37.15, 0.817, 73.61, 0.805, 50.63, 0.596, 162.16, 0.289
12403,132330, 73.17, 37.08, 0.828, 0.811, 0.023353, 0.008729,1,1,0, 0.026420, 0.012035, 0.018592, 0.009331, 73.17, 0.828, 37.03, 0.737, 30.22, 0.638, 51.28, 0.472
12404,132341, 72.72, 36.96, 0.834, 0.790, 0.021177, 0.006117,1,1,0, 0.011222, 0.004759, 0.012065, 0.006542, 72.72, 0.834, 36.80, 0.709, 50.20, 0.368, 171.42, 0.217
12405,132352, 36.92, 36.94, 0.780, 0.841, 0.020657, 0.009397,1,1,0, 0.024100, 0.012303, 0.024891, 0.011464, 36.92, 0.780, 73.17, 0.750, 47.43, 0.554, 144.57, 0.335
12406,132362, 73.61, 36.93, 0.807, 0.750, 0.026285, 0.023147,1,1,0, 0.033171, 0.017493, 0.031543, 0.016753, 73.61, 0.807, 36.92, 0.652, 48.58, 0.411, 148.14, 0.391
12407,132373, 75.00, 37.12, 0.855, 0.861, 0.024192, 0.016221,1,1,0, 0.024891, 0.012094, 0.020539, 0.011445, 75.00, 0.855, 37.38, 0.807, 30.45, 0.573, 51.28, 0.493
12408,132384, 37.15, 37.13, 0.885, 0.917, 0.023370, 0.011367,1,1,0, 0.024466, 0.012557, 0.025765, 0.011079, 37.15, 0.885, 74.53, 0.844, 30.76, 0.438, 51.50, 0.341
12409,132394, 75.00, 37.14, 0.673, 0.744, 0.021343, 0.007966,1,1,0, 0.023319, 0.014285, 0.011968, 0.007851, 75.00, 0.673, 37.15, 0.645, 160.00, 0.269, 52.17, 0.202
12410,132405, 36.14, 36.72, 0.823, 0.863, 0.025951, 0.020466,1,1,0, 0.045643, 0.020775, 0.031756, 0.017291, 36.14, 0.823, 72.28, 0.420, 43.63, 0.230, 184.61, 0.227
12411,132416, 36.69, 36.71, 0.694, 0.753, 0.023884, 0.014342,1,1,0, 0.025023, 0.014230, 0.022877, 0.011137, 36.69, 0.694, 171.42, 0.305, 74.07, 0.246, 49.79, 0.000
12412,132426, 38.09, 37.29, 0.844, 0.865, 0.028558, 0.024030,1,1,0, 0.039608, 0.020223, 0.033976, 0.018422, 38.09, 0.844, 32.08, 0.497, 169.01, 0.350, 49.79, 0.287
12413,132437, 38.09, 37.63, 0.823, 0.866, 0.026335, 0.016840,1,1,0, 0.029296, 0.017205, 0.024766, 0.011982, 38.09, 0.823, 49.38, 0.367, 74.53, 0.290, 166.66, 0.250
12414,132448, 36.69, 37.23, 0.854, 0.889, 0.024292, 0.011801,1,1,0, 0.029626, 0.013244, 0.023983, 0.011191, 36.69, 0.854, 48.78, 0.252, 72.28, 0.243, 173.91, 0.172
12415,132458, 35.71, 36.59, 0.936, 0.954, 0.022532, 0.008270,1,1,0, 0.030445, 0.013842, 0.022238, 0.012558, 35.71, 0.936, 71.00, 0.415, 184.61, 0.132, 49.18, 0.047
12416,132469, 37.50, 36.97, 0.854, 0.895, 0.021613, 0.005795,1,1,0, 0.023015, 0.015082, 0.023720, 0.013384, 37.50, 0.854, 75.00, 0.444, 162.16, 0.272, 31.16, 0.207
12417,132480, 37.38, 37.14, 0.916, 0.940, 0.020106, 0.004965,1,1,0, 0.023254, 0.010545, 0.021526, 0.009888, 37.38, 0.916, 75.00, 0.652, 50.00, 0.334, 155.84, 0.268
12418,132490, 37.73, 37.39, 0.890, 0.921, 0.018516, 0.003479,1,1,0, 0.019685, 0.007995, 0.021543, 0.007861, 37.73, 0.890, 75.00, 0.839, 50.42, 0.390, 30.37, 0.369
12419,132501, 73.17, 37.14, 0.745, 0.805, 0.016999, 0.002438,1,1,0, 0.021286, 0.008328, 0.018180, 0.007665, 73.17, 0.745, 36.80, 0.730, 49.18, 0.460, 146.34, 0.308
12420,132512, 36.92, 37.05, 0.896, 0.925, 0.018727, 0.010154,1,1,0, 0.027292, 0.012747, 0.021702, 0.011954, 36.92, 0.896, 73.61, 0.691, 47.24, 0.427, 160.00, 0.236
12421,132522, 73.17, 37.14, 0.833, 0.865, 0.023214, 0.016905,1,1,0, 0.031190, 0.015370, 0.027401, 0.014456, 73.17, 0.833, 37.26, 0.812, 49.58, 0.384, 166.66, 0.180
12422,132533, 73.61, 37.19, 0.808, 0.754, 0.021071, 0.011846,1,1,0, 0.018807, 0.009008, 0.013616, 0.007211, 73.61, 0.808, 37.26, 0.658, 30.84, 0.656, 51.28, 0.438
12423,132544, 73.17, 37.22, 0.822, 0.853, 0.019175, 0.008302,1,1,0, 0.018342, 0.007026, 0.013824, 0.006753, 73.17, 0.822, 37.26, 0.796, 50.42, 0.564, 169.01, 0.253
12424,132554, 73.17, 37.43, 0.676, 0.757, 0.017803, 0.005817,1,1,0, 0.019660, 0.010074, 0.014125, 0.009239, 73.17, 0.676, 37.73, 0.672, 48.58, 0.361, 162.16, 0.254
12425,132565, 72.28, 37.27, 0.726, 0.683, 0.019645, 0.010274,1,1,0, 0.024205, 0.013161, 0.022488, 0.012561, 72.28, 0.726, 37.03, 0.595, 47.80, 0.504, 160.00, 0.203
12426,132576, 36.58, 36.98, 0.914, 0.938, 0.018347, 0.007200,1,1,0, 0.020557, 0.011063, 0.018918, 0.010461, 36.58, 0.914, 72.72, 0.807, 50.42, 0.369, 164.38, 0.234
12427,132586, 74.07, 37.15, 0.861, 0.849, 0.018323, 0.009387,1,1,0, 0.021489, 0.010164, 0.020632, 0.009107, 74.07, 0.861, 37.38, 0.790, 51.28, 0.353, 31.00, 0.295
12428,132597, 37.50, 37.29, 0.930, 0.949, 0.016569, 0.006578,1,1,0, 0.012913, 0.005702, 0.014352, 0.006152, 37.50, 0.930, 74.53, 0.885, 151.89, 0.363, 49.58, 0.355
12429,132608, 37.03, 37.18, 0.939, 0.956, 0.016057, 0.005669,1,1,0, 0.019346, 0.010448, 0.018742, 0.009733, 37.03, 0.939, 74.07, 0.816, 160.00, 0.263, 48.19, 0.237
12430,132618, 71.85, 36.70, 0.896, 0.894, 0.016337, 0.006688,1,1,0, 0.019331, 0.010649, 0.018190, 0.009837, 71.85, 0.896, 36.03, 0.854, 49.58, 0.257, 164.38, 0.109
12431,132629, 74.07, 36.94, 0.822, 0.820, 0.017698, 0.012429,1,1,0, 0.020479, 0.012326, 0.020996, 0.011559, 74.07, 0.822, 37.26, 0.750, 49.18, 0.316, 162.16, 0.310
12432,132640, 37.61, 37.22, 0.918, 0.941, 0.019953, 0.015687,1,1,0, 0.021585, 0.012393, 0.023376, 0.010410, 37.61, 0.918, 73.61, 0.828, 48.97, 0.331, 153.84, 0.213
12433,132650, 74.53, 37.53, 0.779, 0.767, 0.018168, 0.010993,1,1,0, 0.021116, 0.008080, 0.019428, 0.007786, 74.53, 0.779, 37.97, 0.677, 50.84, 0.316, 164.38, 0.260
12434,132661, 71.85, 36.86, 0.819, 0.830, 0.016810, 0.007704,1,1,0, 0.022040, 0.009927, 0.016912, 0.008852, 71.85, 0.819, 35.92, 0.765, 50.63, 0.362, 173.91, 0.201
12435,132672, 36.92, 36.88, 0.757, 0.825, 0.016325, 0.005398,1,1,0, 0.020586, 0.011460, 0.017472, 0.009837, 36.92, 0.757, 72.72, 0.703, 48.58, 0.182, 171.42, 0.155
12436,132682, 73.17, 37.09, 0.776, 0.748, 0.018025, 0.011014,1,1,0, 0.023110, 0.012038, 0.020634, 0.011211, 73.17, 0.776, 37.38, 0.655, 48.58, 0.317, 169.01, 0.142
12437,132693, 37.61, 37.31, 0.881, 0.914, 0.016797, 0.007718,1,1,0, 0.018551, 0.007903, 0.020611, 0.007776, 37.61, 0.881, 74.53, 0.798, 30.45, 0.409, 49.38, 0.326
12438,132704, 37.03, 37.19, 0.865, 0.902, 0.015824, 0.005409,1,1,0, 0.017826, 0.011355, 0.018128, 0.008249, 37.03, 0.865, 74.07, 0.813, 50.84, 0.342, 155.84, 0.271
12439,132714, 74.07, 37.27, 0.837, 0.796, 0.015595, 0.004520,1,1,0, 0.015910, 0.010762, 0.017750, 0.009758, 74.07, 0.837, 37.38, 0.717, 50.42, 0.183, 162.16, 0.153
12440,132725, 73.17, 37.22, 0.762, 0.672, 0.014868, 0.005971,1,1,0, 0.023187, 0.011454, 0.016576, 0.009497, 73.17, 0.762, 37.15, 0.573, 48.78, 0.254, 162.16, 0.057
12441,132736, 73.17, 37.04, 0.542, 0.560, 0.020719, 0.016045,1,1,0, 0.048740, 0.029122, 0.023394, 0.015085, 73.17, 0.542, 36.80, 0.489, 169.01, 0.333, 48.38, 0.191
12442,132746, 36.69, 36.90, 0.752, 0.787, 0.019105, 0.011244,1,1,0, 0.032372, 0.022369, 0.020070, 0.009371, 36.69, 0.752, 72.72, 0.392, 157.89, 0.367, 49.38, 0.315
12443,132757, 157.89, 87.71, 0.512, 0.480, 0.020508, 0.010156,1,1,0, 0.026106, 0.015382, 0.023396, 0.014578, 157.89, 0.512, 74.07, 0.314, 0.00, 0.000, 0.00, 0.000
12444,132768, 162.16, 118.98, 0.541, 0.508, 0.019461, 0.007117,1,1,0, 0.040700, 0.026006, 0.022045, 0.009891, 162.16, 0.541, 76.43, 0.422, 0.00, 0.000, 0.00, 0.000
12445,132778, 71.85, 118.98, 0.442, 0.457, 0.020663, 0.014021,1,1,0, 0.024500, 0.015223, 0.024629, 0.012654, 71.85, 0.442, 35.92, 0.375, 171.42, 0.363, 50.42, 0.012
12446,132789, 73.17, 118.98, 0.432, 0.411, 0.018852, 0.009826,1,1,0, 0.015598, 0.007364, 0.015100, 0.007377, 73.17, 0.432, 179.10, 0.333, 36.58, 0.084, 0.00, 0.000
12447,132800, 37.38, 84.71, 0.462, 0.463, 0.017108, 0.006886,1,1,0, 0.014727, 0.006275, 0.014480, 0.006050, 37.38, 0.462, 73.61, 0.385, 162.16, 0.206, 49.38, 0.193
12448,132810, 37.85, 65.03, 0.850, 0.852, 0.016698, 0.004825,1,1,0, 0.023917, 0.011622, 0.019197, 0.009924, 37.85, 0.850, 75.00, 0.694, 157.89, 0.345, 50.20, 0.313
12449,132821, 72.72, 52.99, 0.744, 0.716, 0.019572, 0.017169,1,1,0, 0.024134, 0.013656, 0.023992, 0.011241, 72.72, 0.744, 36.36, 0.701, 50.00, 0.242, 162.16, 0.058
12450,132832, 37.03, 46.29, 0.694, 0.702, 0.017951, 0.012031,1,1,0, 0.017886, 0.008510, 0.012108, 0.007256, 37.03, 0.694, 72.72, 0.652, 49.58, 0.148, 157.89, 0.098
12451,132842, 37.15, 42.45, 0.747, 0.752, 0.017179, 0.008431,1,1,0, 0.021405, 0.011358, 0.018525, 0.009591, 37.15, 0.747, 73.17, 0.650, 0.00, 0.000, 0.00, 0.000
12452,132853, 37.38, 40.32, 0.747, 0.763, 0.015674, 0.005908,1,1,0, 0.013323, 0.005925, 0.016315, 0.006989, 37.38, 0.747, 73.61, 0.638, 48.38, 0.141, 150.00, 0.043
12453,132864, 73.17, 38.84, 0.740, 0.756, 0.014851, 0.004140,1,1,0, 0.022518, 0.010138, 0.016941, 0.008914, 73.17, 0.740, 36.80, 0.713, 50.20, 0.267, 153.84, 0.071
12454,132874, 73.61, 38.18, 0.820, 0.859, 0.013845, 0.002901,1,1,0, 0.016463, 0.009060, 0.013875, 0.007760, 73.61, 0.820, 37.26, 0.804, 50.84, 0.208, 166.66, 0.052
12455,132885, 37.26, 37.79, 0.904, 0.931, 0.013881, 0.006057,1,1,0, 0.015814, 0.009957, 0.015366, 0.009411, 37.26, 0.904, 73.61, 0.764, 48.78, 0.225, 155.84, 0.088
12456,132896, 37.03, 37.47, 0.814, 0.866, 0.012919, 0.004244,1,1,0, 0.013426, 0.007321, 0.014720, 0.006810, 37.03, 0.814, 73.17, 0.809, 47.80, 0.215, 142.85, 0.023
12457,132906, 73.17, 37.24, 0.832, 0.761, 0.014202, 0.011591,1,1,0, 0.021443, 0.009645, 0.018555, 0.007626, 73.17, 0.832, 36.92, 0.668, 50.00, 0.295, 153.84, 0.134
12458,132917, 37.50, 37.35, 0.812, 0.865, 0.013386, 0.008123,1,1,0, 0.012389, 0.008283, 0.012057, 0.008211, 37.50, 0.812, 73.61, 0.787, 50.42, 0.306, 155.84, 0.169
12459,132928, 37.73, 37.51, 0.954, 0.967, 0.014188, 0.009936,1,1,0, 0.017012, 0.009499, 0.016913, 0.008905, 37.73, 0.954, 75.00, 0.744, 30.53, 0.229, 49.38, 0.206
12460,132938, 72.72, 37.31, 0.796, 0.825, 0.014283, 0.006963,1,1,0, 0.019831, 0.010167, 0.015818, 0.008951, 72.72, 0.796, 37.03, 0.758, 49.38, 0.253, 155.84, 0.024
12461,132949, 36.80, 37.10, 0.843, 0.887, 0.013275, 0.004879,1,1,0, 0.016691, 0.007998, 0.015099, 0.006828, 36.80, 0.843, 73.17, 0.793, 48.78, 0.089, 0.00, 0.000
12462,132960, 37.26, 37.17, 0.815, 0.867, 0.012749, 0.003419,1,1,0, 0.017891, 0.008916, 0.013830, 0.008314, 37.26, 0.815, 73.17, 0.758, 49.58, 0.258, 151.89, 0.091
12463,132970, 37.85, 37.45, 0.864, 0.902, 0.013363, 0.008704,1,1,0, 0.015736, 0.009782, 0.016079, 0.008752, 37.85, 0.864, 75.00, 0.773, 162.16, 0.221, 31.83, 0.177
12464,132981, 37.15, 37.32, 0.869, 0.906, 0.015609, 0.016743,1,1,0, 0.019740, 0.009534, 0.019644, 0.009168, 37.15, 0.869, 73.17, 0.826, 50.00, 0.261, 157.89, 0.038
12465,132992, 36.92, 37.15, 0.858, 0.897, 0.014267, 0.011733,1,1,0, 0.011803, 0.006369, 0.010352, 0.005531, 36.92, 0.858, 73.17, 0.828, 49.18, 0.162, 153.84, 0.081
12466,133002, 73.17, 37.15, 0.849, 0.795, 0.013443, 0.008222,1,1,0, 0.015571, 0.007837, 0.014301, 0.007426, 73.17, 0.849, 37.15, 0.716, 48.19, 0.199, 33.24, 0.056
12467,133013, 37.50, 37.30, 0.917, 0.940, 0.014152, 0.006787,1,1,0, 0.017573, 0.009673, 0.016838, 0.009121, 37.50, 0.917, 74.53, 0.778, 48.97, 0.203, 153.84, 0.045
12468,133024, 37.15, 37.23, 0.829, 0.877, 0.014906, 0.009084,1,1,0, 0.018422, 0.009638, 0.017909, 0.009032, 37.15, 0.829, 73.61, 0.820, 30.22, 0.292, 51.06, 0.245
12469,133034, 72.72, 37.05, 0.842, 0.812, 0.013902, 0.006366,1,1,0, 0.013437, 0.007528, 0.014384, 0.007095, 72.72, 0.842, 36.80, 0.739, 30.07, 0.310, 51.06, 0.262
12470,133045, 37.15, 37.09, 0.846, 0.889, 0.013107, 0.004461,1,1,0, 0.014930, 0.009600, 0.013493, 0.008315, 37.15, 0.846, 73.17, 0.786, 48.19, 0.155, 0.00, 0.000
12471,133056, 37.26, 37.16, 0.754, 0.823, 0.012118, 0.003126,1,1,0, 0.010373, 0.005322, 0.009508, 0.005949, 37.26, 0.754, 73.61, 0.734, 47.61, 0.396, 0.00, 0.000
12472,133066, 73.17, 37.21, 0.761, 0.827, 0.015275, 0.014585,1,1,0, 0.019638, 0.010241, 0.020060, 0.009609, 73.17, 0.761, 37.26, 0.760, 50.20, 0.216, 157.89, 0.036
12473,133077, 37.15, 37.18, 0.820, 0.870, 0.014204, 0.010221,1,1,0, 0.014548, 0.008377, 0.013331, 0.007409, 37.15, 0.820, 73.17, 0.803, 51.06, 0.264, 171.42, 0.088
12474,133088, 37.50, 37.31, 0.879, 0.913, 0.013513, 0.007162,1,1,0, 0.014029, 0.008480, 0.014167, 0.008234, 37.50, 0.879, 74.53, 0.793, 31.83, 0.292, 49.38, 0.112
12475,133098, 73.17, 37.24, 0.822, 0.848, 0.013559, 0.005019,1,1,0, 0.018078, 0.009200, 0.015113, 0.008224, 73.17, 0.822, 37.15, 0.788, 48.00, 0.119, 0.00, 0.000
12476,133109, 36.92, 37.11, 0.806, 0.860, 0.012611, 0.003517,1,1,0, 0.017879, 0.006309, 0.014337, 0.006196, 36.92, 0.806, 73.17, 0.747, 49.18, 0.076, 0.00, 0.000
12477,133120, 36.92, 37.03, 0.804, 0.859, 0.013597, 0.006399,1,1,0, 0.014938, 0.009966, 0.015213, 0.009452, 36.92, 0.804, 73.17, 0.734, 50.20, 0.242, 106.19, 0.025
12478,133130, 37.85, 37.37, 0.891, 0.921, 0.012679, 0.004484,1,1,0, 0.014024, 0.007987, 0.012831, 0.007334, 37.85, 0.891, 75.47, 0.747, 31.25, 0.332, 50.00, 0.170
12479,133141, 37.38, 37.38, 0.883, 0.916, 0.014162, 0.014095,1,1,0, 0.017691, 0.009972, 0.017649, 0.009255, 37.38, 0.883, 73.61, 0.786, 49.58, 0.140, 32.96, 0.035
12480,133152, 36.92, 37.18, 0.832, 0.879, 0.013229, 0.009877,1,1,0, 0.014817, 0.005728, 0.017137, 0.005569, 36.92, 0.832, 73.17, 0.824, 0.00, 0.000, 0.00, 0.000
12481,133162, 72.72, 37.12, 0.838, 0.796, 0.012381, 0.006922,1,1,0, 0.014183, 0.007479, 0.010321, 0.007060, 72.72, 0.838, 37.03, 0.717, 48.38, 0.087, 0.00, 0.000
12482,133173, 37.61, 37.33, 0.948, 0.962, 0.013224, 0.005981,1,1,0, 0.016891, 0.009967, 0.015128, 0.009192, 37.61, 0.948, 74.53, 0.793, 49.58, 0.031, 0.00, 0.000
12483,133184, 37.61, 37.45, 0.869, 0.905, 0.014270, 0.010858,1,1,0, 0.016728, 0.009081, 0.017293, 0.008892, 37.61, 0.869, 74.07, 0.827, 30.45, 0.242, 50.63, 0.215
12484,133194, 73.17, 37.22, 0.831, 0.820, 0.013109, 0.007609,1,1,0, 0.015076, 0.007159, 0.010698, 0.005724, 73.17, 0.831, 36.92, 0.750, 50.63, 0.141, 0.00, 0.000
12485,133205, 36.92, 37.10, 0.890, 0.921, 0.012739, 0.005332,1,1,0, 0.012633, 0.007908, 0.014656, 0.007977, 36.92, 0.890, 73.17, 0.821, 48.19, 0.006, 0.00, 0.000
12486,133216, 37.50, 37.26, 0.839, 0.884, 0.011890, 0.003737,1,1,0, 0.011608, 0.007070, 0.011209, 0.006753, 37.50, 0.839, 74.07, 0.781, 47.24, 0.172, 32.78, 0.156
12487,133226, 37.38, 37.31, 0.846, 0.889, 0.016158, 0.013608,1,1,0, 0.022053, 0.011394, 0.020261, 0.010337, 37.38, 0.846, 74.07, 0.775, 51.06, 0.001, 0.00, 0.000
12488,133237, 36.47, 36.96, 0.901, 0.928, 0.014826, 0.009536,1,1,0, 0.015577, 0.006536, 0.012692, 0.006658, 36.47, 0.901, 72.72, 0.798, 30.07, 0.268, 51.28, 0.261
12489,133248, 37.26, 37.09, 0.802, 0.857, 0.013691, 0.006683,1,1,0, 0.020762, 0.011044, 0.013838, 0.006988, 37.26, 0.802, 73.61, 0.759, 31.91, 0.256, 190.47, 0.010
12490,133258, 37.50, 37.26, 0.658, 0.742, 0.012997, 0.004683,1,1,0, 0.017480, 0.008173, 0.013569, 0.008338, 37.50, 0.658, 73.17, 0.617, 47.61, 0.133, 32.25, 0.052
12491,133269, 210.52, 110.03, 0.658, 0.618, 0.041799, 0.035864,1,1,0, 0.108268, 0.064031, 0.046721, 0.029931, 210.52, 0.658, 75.94, 0.477, 32.17, 0.126, 38.09, 0.012
12492,133280, 32.08, 55.46, 0.777, 0.729, 0.618413, 0.884335,1,1,1, 1.000000, 0.584116, 0.919789, 0.429121, 32.08, 0.777, 57.41, 0.065, 0.00, 0.000, 0.00, 0.000
12493,133290, 31.49, 38.68, 0.640, 0.628, 0.614167, 0.619724,1,1,0, 0.565215, 0.347494, 0.694650, 0.389749, 31.49, 0.640, 57.69, 0.312, 60.30, 0.311, 84.50, 0.056
12494,133301, 41.09, 40.37, 0.827, 0.830, 1.023459, 0.968547,1,1,0, 1.000000, 0.711631, 1.372218, 0.630318, 41.09, 0.827, 70.58, 0.273, 33.61, 0.013, 0.00, 0.000
12495,133312, 40.81, 40.68, 0.826, 0.853, 0.936588, 0.678738,1,1,0, 1.000000, 0.473054, 0.982356, 0.425157, 40.81, 0.826, 71.42, 0.265, 0.00, 0.000, 0.00, 0.000
12496,133322, 41.23, 41.07, 0.947, 0.962, 0.849839, 0.475646,1,1,0, 0.999999, 0.549152, 0.729075, 0.355960, 41.23, 0.947, 72.28, 0.290, 0.00, 0.000, 0.00, 0.000
12497,133333, 41.52, 41.38, 0.994, 0.996, 1.004757, 0.738246,1,1,0, 1.000000, 0.639579, 1.322794, 0.662217, 41.52, 0.994, 93.75, 0.264, 0.00, 0.000, 0.00, 0.000
12498,133344, 41.52, 41.48, 0.996, 0.997, 0.893014, 0.517348,1,1,0, 0.847320, 0.233890, 0.637371, 0.188776, 41.52, 0.996, 83.91, 0.228, 0.00, 0.000, 0.00, 0.000
12499,133354, 41.52, 41.51, 0.998, 0.998, 1.025671, 0.809118,1,1,0, 1.000000, 0.792888, 1.291517, 0.695855, 41.52, 0.998, 81.08, 0.213, 0.00, 0.000, 0.00, 0.000
12500,133365, 41.52, 41.51, 0.997, 0.998, 0.914146, 0.567014,1,1,0, 0.227696, 0.126097, 0.386809, 0.188956, 41.52, 0.997, 81.63, 0.240, 0.00, 0.000, 0.00, 0.000
12501,133376, 41.52, 41.52, 0.998, 0.998, 1.039550, 0.887411,1,1,0, 1.000000, 0.804342, 1.268787, 0.691503, 41.52, 0.998, 82.75, 0.271, 0.00, 0.000, 0.00, 0.000
12502,133386, 41.52, 41.52, 0.999, 0.999, 0.934813, 0.621880,1,1,0, 0.485944, 0.160335, 0.383681, 0.238763, 41.52, 0.999, 83.33, 0.330, 0.00, 0.000, 0.00, 0.000
12503,133397, 41.52, 41.52, 0.999, 0.999, 1.037955, 0.972604,1,1,0, 1.000000, 0.640448, 1.241828, 0.567592, 41.52, 0.999, 83.91, 0.363, 0.00, 0.000, 0.00, 0.000
12504,133408, 41.52, 41.52, 0.998, 0.999, 0.953109, 0.681581,1,1,0, 1.000000, 0.494911, 1.055476, 0.447321, 41.52, 0.998, 82.75, 0.403, 0.00, 0.000, 0.00, 0.000
12505,133418, 41.52, 41.52, 0.995, 0.996, 0.868421, 0.477638,1,1,0, 0.999999, 0.513639, 0.678071, 0.350367, 41.52, 0.995, 82.19, 0.443, 0.00, 0.000, 0.00, 0.000
12506,133429, 41.52, 41.52, 0.998, 0.999, 0.967434, 0.627568,1,1,0, 1.000000, 0.609865, 1.193691, 0.618196, 41.52, 0.998, 82.75, 0.454, 0.00, 0.000, 0.00, 0.000
12507,133440, 41.52, 41.52, 0.997, 0.997, 0.867952, 0.439787,1,1,0, 0.691148, 0.239764, 0.567306, 0.214667, 41.52, 0.997, 83.91, 0.454, 0.00, 0.000, 0.00, 0.000
12508,133450, 41.52, 41.52, 0.998, 0.998, 0.963030, 0.526826,1,1,0, 1.000000, 0.747478, 1.118500, 0.653107, 41.52, 0.998, 82.19, 0.449, 0.00, 0.000, 0.00, 0.000
12509,133461, 41.52, 41.52, 0.998, 0.999, 0.866176, 0.369189,1,1,0, 0.285979, 0.193483, 0.364577, 0.226232, 41.52, 0.998, 82.75, 0.472, 0.00, 0.000, 0.00, 0.000
12510,133472, 41.52, 41.52, 0.998, 0.998, 0.956521, 0.477706,1,1,0, 1.000000, 0.740646, 1.078380, 0.649213, 41.52, 0.998, 83.33, 0.496, 0.00, 0.000, 0.00, 0.000
12511,133482, 41.37, 41.46, 0.998, 0.998, 0.866367, 0.334766,1,1,0, 0.557136, 0.233104, 0.374174, 0.255531, 41.37, 0.998, 82.75, 0.547, 0.00, 0.000, 0.00, 0.000
12512,133493, 41.52, 41.48, 0.997, 0.998, 0.852206, 0.433832,1,1,0, 0.999999, 0.555655, 0.976283, 0.467781, 41.52, 0.997, 83.33, 0.584, 0.00, 0.000, 0.00, 0.000
12513,133504, 41.52, 41.50, 0.998, 0.999, 0.862213, 0.373910,1,1,0, 1.000000, 0.500353, 1.049429, 0.479538, 41.52, 0.998, 83.33, 0.618, 0.00, 0.000, 0.00, 0.000
12514,133514, 41.52, 41.51, 0.998, 0.998, 0.792022, 0.262029,1,1,0, 0.999999, 0.482719, 0.728038, 0.364753, 41.52, 0.998, 82.75, 0.638, 0.00, 0.000, 0.00, 0.000
12515,133525, 41.52, 41.51, 0.999, 0.999, 0.862115, 0.366505,1,1,0, 1.000000, 0.554457, 1.012884, 0.549960, 41.52, 0.999, 82.19, 0.634, 0.00, 0.000, 0.00, 0.000
12516,133536, 41.52, 41.51, 0.998, 0.998, 0.779909, 0.256839,1,1,0, 0.481543, 0.262600, 0.453926, 0.243735, 41.52, 0.998, 84.50, 0.638, 0.00, 0.000, 0.00, 0.000
12517,133546, 41.37, 41.46, 0.998, 0.998, 0.865872, 0.458954,1,1,0, 1.000000, 0.680616, 0.998273, 0.594791, 41.37, 0.998, 82.75, 0.641, 0.00, 0.000, 0.00, 0.000
12518,133557, 41.37, 41.42, 0.997, 0.998, 0.787785, 0.321626,1,1,0, 0.428076, 0.276012, 0.401920, 0.276228, 41.37, 0.997, 83.33, 0.671, 0.00, 0.000, 0.00, 0.000
12519,133568, 41.52, 41.46, 0.998, 0.998, 0.848269, 0.423337,1,1,0, 0.999999, 0.645338, 0.936708, 0.580033, 41.52, 0.998, 82.75, 0.706, 0.00, 0.000, 0.00, 0.000
12520,133578, 41.52, 41.49, 0.997, 0.998, 0.774705, 0.296666,1,1,0, 0.612362, 0.304427, 0.434394, 0.288748, 41.52, 0.997, 82.75, 0.755, 0.00, 0.000, 0.00, 0.000
12521,133589, 41.37, 41.44, 0.997, 0.998, 0.723273, 0.207897,1,1,0, 0.999999, 0.513248, 0.749718, 0.409338, 41.37, 0.997, 83.33, 0.774, 0.00, 0.000, 0.00, 0.000
12522,133600, 41.37, 41.41, 0.999, 0.999, 0.759094, 0.314139,1,1,0, 0.878562, 0.453206, 0.906984, 0.457655, 41.37, 0.999, 83.33, 0.791, 0.00, 0.000, 0.00, 0.000
12523,133610, 41.52, 41.46, 0.998, 0.999, 0.715047, 0.220142,1,1,0, 0.999999, 0.448072, 0.756080, 0.373098, 41.52, 0.998, 83.33, 0.795, 0.00, 0.000, 0.00, 0.000
12524,133621, 41.37, 41.42, 0.998, 0.998, 0.750214, 0.324327,1,1,0, 0.999999, 0.500769, 0.871018, 0.477411, 41.37, 0.998, 81.63, 0.786, 0.00, 0.000, 0.00, 0.000
12525,133632, 41.52, 41.46, 0.997, 0.998, 0.688066, 0.227281,1,1,0, 0.542527, 0.320795, 0.474013, 0.294270, 41.52, 0.997, 84.50, 0.799, 0.00, 0.000, 0.00, 0.000
12526,133642, 41.52, 41.49, 0.998, 0.999, 0.743094, 0.320324,1,1,0, 0.999999, 0.594405, 0.840434, 0.524216, 41.52, 0.998, 82.75, 0.812, 0.00, 0.000, 0.00, 0.000
12527,133653, 41.52, 41.50, 0.997, 0.998, 0.685977, 0.224477,1,1,0, 0.582195, 0.348444, 0.536316, 0.322677, 41.52, 0.997, 83.33, 0.834, 0.00, 0.000, 0.00, 0.000
12528,133664, 41.37, 41.45, 0.998, 0.998, 0.749229, 0.356601,1,1,0, 0.999999, 0.560813, 0.830004, 0.514618, 41.37, 0.998, 82.19, 0.859, 0.00, 0.000, 0.00, 0.000
12529,133674, 41.52, 41.48, 0.998, 0.999, 0.690864, 0.249899,1,1,0, 0.652060, 0.349708, 0.580330, 0.323199, 41.52, 0.998, 83.33, 0.877, 0.00, 0.000, 0.00, 0.000
12530,133685, 41.52, 41.49, 0.998, 0.998, 0.690173, 0.336196,1,1,0, 0.999999, 0.507631, 0.784151, 0.395625, 41.52, 0.998, 82.75, 0.868, 0.00, 0.000, 0.00, 0.000
12531,133696, 41.37, 41.44, 0.998, 0.998, 0.691867, 0.235600,1,1,0, 0.727983, 0.423991, 0.799325, 0.437857, 41.37, 0.998, 82.75, 0.871, 0.00, 0.000, 0.00, 0.000
12532,133706, 41.37, 41.41, 0.997, 0.997, 0.673156, 0.358928,1,1,0, 0.990719, 0.419252, 0.775661, 0.374443, 41.37, 0.997, 83.33, 0.872, 0.00, 0.000, 0.00, 0.000
12533,133717, 41.37, 41.40, 0.998, 0.998, 0.675558, 0.251529,1,1,0, 0.999999, 0.473993, 0.777553, 0.433867, 41.37, 0.998, 82.19, 0.871, 0.00, 0.000, 0.00, 0.000
12534,133728, 41.37, 41.39, 0.998, 0.998, 0.627492, 0.176267,1,1,0, 0.596374, 0.382977, 0.582005, 0.343572, 41.37, 0.998, 83.91, 0.888, 0.00, 0.000, 0.00, 0.000
12535,133738, 41.52, 41.44, 0.998, 0.999, 0.672746, 0.295063,1,1,0, 0.977535, 0.534086, 0.767599, 0.481977, 41.52, 0.998, 82.19, 0.899, 0.00, 0.000, 0.00, 0.000
12536,133749, 41.52, 41.47, 0.998, 0.999, 0.627424, 0.206774,1,1,0, 0.605675, 0.394773, 0.597873, 0.356827, 41.52, 0.998, 83.91, 0.906, 0.00, 0.000, 0.00, 0.000
12537,133760, 41.52, 41.49, 0.998, 0.999, 0.680086, 0.342530,1,1,0, 0.959230, 0.493295, 0.760512, 0.453653, 41.52, 0.998, 82.19, 0.910, 0.00, 0.000, 0.00, 0.000
12538,133770, 41.37, 41.44, 0.999, 0.999, 0.633467, 0.240037,1,1,0, 0.622673, 0.383092, 0.642029, 0.356256, 41.37, 0.999, 83.33, 0.904, 0.00, 0.000, 0.00, 0.000
12539,133781, 41.52, 41.47, 0.998, 0.999, 0.652681, 0.335229,1,1,0, 0.927661, 0.501230, 0.741232, 0.401797, 41.52, 0.998, 82.75, 0.900, 0.00, 0.000, 0.00, 0.000
12540,133792, 41.52, 41.49, 0.998, 0.998, 0.621440, 0.234922,1,1,0, 0.605050, 0.399512, 0.668670, 0.406719, 41.52, 0.998, 82.75, 0.901, 0.00, 0.000, 0.00, 0.000
12541,133802, 41.37, 41.44, 0.998, 0.998, 0.607039, 0.392332,1,1,0, 0.834889, 0.409128, 0.719246, 0.377463, 41.37, 0.998, 83.91, 0.896, 0.00, 0.000, 0.00, 0.000
12542,133813, 41.37, 41.41, 0.998, 0.999, 0.625702, 0.310845,1,1,0, 0.924742, 0.463641, 0.757679, 0.413991, 41.37, 0.998, 82.19, 0.902, 0.00, 0.000, 0.00, 0.000
12543,133824, 41.52, 41.46, 0.999, 0.999, 0.591192, 0.217833,1,1,0, 0.669898, 0.429806, 0.623843, 0.383180, 41.52, 0.999, 83.91, 0.906, 0.00, 0.000, 0.00, 0.000
12544,133834, 41.37, 41.42, 0.998, 0.999, 0.629996, 0.308212,1,1,0, 0.894680, 0.487542, 0.738292, 0.449658, 41.37, 0.998, 81.63, 0.907, 0.00, 0.000, 0.00, 0.000
12545,133845, 41.37, 41.40, 0.998, 0.998, 0.606116, 0.215988,1,1,0, 0.682146, 0.435180, 0.634342, 0.393531, 41.37, 0.998, 83.91, 0.908, 0.00, 0.000, 0.00, 0.000
12546,133856, 41.52, 41.45, 0.999, 0.999, 0.626007, 0.313663,1,1,0, 0.858821, 0.429980, 0.721278, 0.386589, 41.52, 0.999, 82.19, 0.904, 0.00, 0.000, 0.00, 0.000
12547,133866, 41.52, 41.48, 0.998, 0.998, 0.590165, 0.219808,1,1,0, 0.642996, 0.399210, 0.609436, 0.372508, 41.52, 0.998, 83.91, 0.898, 0.00, 0.000, 0.00, 0.000
12548,133877, 41.37, 41.43, 0.998, 0.999, 0.637520, 0.301271,1,1,0, 0.843623, 0.501728, 0.715569, 0.423154, 41.37, 0.998, 82.75, 0.900, 0.00, 0.000, 0.00, 0.000
12549,133888, 41.37, 41.41, 0.999, 0.999, 0.599254, 0.211124,1,1,0, 0.625181, 0.379310, 0.614624, 0.378566, 41.37, 0.999, 82.19, 0.893, 0.00, 0.000, 0.00, 0.000
12550,133898, 41.52, 41.45, 0.999, 0.999, 0.592289, 0.176992,1,1,0, 0.695419, 0.402508, 0.673846, 0.368276, 41.52, 0.999, 83.91, 0.889, 0.00, 0.000, 0.00, 0.000
12551,133909, 41.37, 41.42, 0.998, 0.999, 0.607593, 0.244966,1,1,0, 0.832864, 0.459249, 0.720542, 0.407202, 41.37, 0.998, 81.63, 0.887, 0.00, 0.000, 0.00, 0.000
12552,133920, 41.37, 41.40, 0.998, 0.998, 0.617631, 0.244898,1,1,0, 0.710930, 0.468816, 0.700874, 0.420108, 41.37, 0.998, 84.50, 0.879, 0.00, 0.000, 0.00, 0.000
12553,133930, 41.37, 41.39, 0.998, 0.999, 0.622894, 0.225894,1,1,0, 0.798797, 0.441869, 0.710339, 0.416952, 41.37, 0.998, 81.63, 0.881, 0.00, 0.000, 0.00, 0.000
12554,133941, 41.37, 41.38, 0.999, 0.999, 0.633409, 0.267206,1,1,0, 0.693015, 0.464595, 0.698518, 0.423827, 41.37, 0.999, 84.50, 0.888, 0.00, 0.000, 0.00, 0.000
12555,133952, 41.37, 41.38, 0.999, 0.999, 0.620144, 0.194843,1,1,0, 0.770958, 0.412026, 0.687240, 0.350861, 41.37, 0.999, 81.63, 0.883, 0.00, 0.000, 0.00, 0.000
12556,133962, 41.52, 41.44, 0.999, 0.999, 0.585135, 0.136542,1,1,0, 0.693496, 0.402069, 0.558282, 0.376319, 41.52, 0.999, 83.33, 0.878, 0.00, 0.000, 0.00, 0.000
12557,133973, 41.52, 41.47, 0.999, 0.999, 0.629265, 0.255543,1,1,0, 0.765847, 0.482919, 0.691255, 0.429626, 41.52, 0.999, 82.75, 0.875, 0.00, 0.000, 0.00, 0.000
12558,133984, 41.37, 41.43, 0.999, 0.999, 0.591293, 0.179079,1,1,0, 0.722764, 0.374670, 0.595914, 0.360633, 41.37, 0.999, 82.19, 0.861, 0.00, 0.000, 0.00, 0.000
12559,133994, 41.52, 41.47, 0.999, 0.999, 0.605232, 0.252386,1,1,0, 0.736146, 0.424431, 0.703191, 0.379521, 41.52, 0.999, 83.91, 0.855, 0.00, 0.000, 0.00, 0.000
12560,134005, 41.37, 41.43, 0.998, 0.998, 0.588061, 0.176867,1,1,0, 0.714716, 0.436989, 0.658883, 0.392577, 41.37, 0.998, 81.63, 0.844, 0.00, 0.000, 0.00, 0.000
12561,134016, 41.37, 41.41, 0.998, 0.999, 0.619503, 0.254897,1,1,0, 0.767403, 0.486602, 0.698787, 0.435225, 41.37, 0.998, 84.50, 0.837, 0.00, 0.000, 0.00, 0.000
12562,134026, 41.37, 41.39, 0.998, 0.999, 0.605720, 0.178626,1,1,0, 0.724238, 0.409126, 0.663233, 0.392154, 41.37, 0.998, 81.63, 0.852, 0.00, 0.000, 0.00, 0.000
12563,134037, 41.37, 41.38, 0.999, 0.999, 0.633713, 0.249085,1,1,0, 0.758426, 0.472641, 0.692179, 0.435647, 41.37, 0.999, 84.50, 0.866, 0.00, 0.000, 0.00, 0.000
12564,134048, 41.37, 41.38, 0.999, 0.999, 0.611652, 0.174554,1,1,0, 0.713609, 0.418462, 0.669072, 0.340674, 41.37, 0.999, 81.08, 0.858, 0.00, 0.000, 0.00, 0.000
12565,134058, 41.37, 41.38, 0.998, 0.999, 0.595271, 0.137672,1,1,0, 0.757009, 0.421479, 0.639445, 0.391075, 41.37, 0.998, 82.75, 0.857, 0.00, 0.000, 0.00, 0.000
12566,134069, 41.52, 41.44, 0.999, 0.999, 0.609754, 0.198642,1,1,0, 0.673536, 0.448012, 0.694402, 0.421659, 41.52, 0.999, 83.33, 0.850, 0.00, 0.000, 0.00, 0.000
12567,134080, 41.37, 41.41, 0.998, 0.999, 0.580923, 0.198990,1,1,0, 0.710366, 0.367210, 0.637834, 0.340465, 41.37, 0.998, 82.75, 0.831, 0.00, 0.000, 0.00, 0.000
12568,134090, 41.37, 41.40, 0.998, 0.999, 0.606062, 0.217395,1,1,0, 0.774902, 0.450732, 0.696840, 0.393123, 41.37, 0.998, 83.91, 0.822, 0.00, 0.000, 0.00, 0.000
12569,134101, 41.52, 41.45, 0.999, 0.999, 0.581105, 0.152346,1,1,0, 0.667104, 0.423556, 0.627617, 0.390737, 41.52, 0.999, 81.08, 0.809, 0.00, 0.000, 0.00, 0.000
12570,134112, 41.37, 41.42, 0.999, 0.999, 0.617645, 0.251707,1,1,0, 0.752254, 0.479991, 0.694412, 0.432158, 41.37, 0.999, 85.10, 0.817, 0.00, 0.000, 0.00, 0.000
12571,134122, 41.37, 41.40, 0.999, 0.999, 0.588527, 0.176391,1,1,0, 0.656801, 0.384471, 0.629558, 0.365011, 41.37, 0.999, 81.08, 0.834, 0.00, 0.000, 0.00, 0.000
12572,134133, 41.37, 41.39, 0.998, 0.999, 0.637080, 0.269631,1,1,0, 0.775302, 0.477886, 0.699865, 0.444561, 41.37, 0.998, 84.50, 0.835, 0.00, 0.000, 0.00, 0.000
12573,134144, 41.52, 41.44, 0.999, 0.999, 0.595921, 0.188952,1,1,0, 0.632296, 0.422612, 0.620114, 0.342428, 41.52, 0.999, 81.08, 0.829, 0.00, 0.000, 0.00, 0.000
12574,134154, 41.37, 41.41, 0.999, 0.999, 0.610681, 0.253122,1,1,0, 0.786401, 0.433809, 0.674873, 0.397157, 41.37, 0.999, 82.75, 0.833, 0.00, 0.000, 0.00, 0.000
12575,134165, 41.37, 41.40, 0.999, 0.999, 0.601625, 0.177383,1,1,0, 0.625195, 0.420287, 0.683334, 0.407520, 41.37, 0.999, 83.33, 0.828, 0.00, 0.000, 0.00, 0.000
12576,134176, 41.37, 41.39, 0.999, 0.999, 0.565172, 0.124306,1,1,0, 0.613484, 0.372478, 0.567453, 0.337177, 41.37, 0.999, 82.75, 0.816, 0.00, 0.000, 0.00, 0.000
12577,134186, 41.52, 41.44, 0.999, 0.999, 0.582405, 0.163885,1,1,0, 0.751743, 0.462726, 0.651033, 0.399372, 41.52, 0.999, 83.33, 0.805, 0.00, 0.000, 0.00, 0.000
12578,134197, 41.37, 41.41, 0.999, 0.999, 0.560375, 0.114847,1,1,0, 0.609442, 0.411347, 0.600559, 0.388025, 41.37, 0.999, 80.53, 0.793, 0.00, 0.000, 0.00, 0.000
12579,134208, 41.52, 41.46, 0.999, 0.999, 0.609340, 0.234478,1,1,0, 0.778826, 0.477882, 0.668373, 0.435985, 41.52, 0.999, 85.10, 0.808, 0.00, 0.000, 0.00, 0.000
12580,134218, 41.37, 41.42, 0.999, 0.999, 0.567007, 0.164317,1,1,0, 0.592899, 0.359133, 0.579905, 0.329569, 41.37, 0.999, 81.08, 0.809, 0.00, 0.000, 0.00, 0.000
12581,134229, 41.37, 41.40, 0.999, 0.999, 0.612990, 0.267283,1,1,0, 0.781169, 0.461984, 0.673442, 0.430215, 41.37, 0.999, 85.10, 0.806, 0.00, 0.000, 0.00, 0.000
12582,134240, 41.37, 41.39, 0.999, 0.999, 0.576058, 0.187306,1,1,0, 0.594253, 0.436405, 0.604920, 0.366147, 41.37, 0.999, 81.63, 0.821, 0.00, 0.000, 0.00, 0.000
12583,134250, 41.52, 41.44, 0.999, 0.999, 0.601511, 0.295023,1,1,0, 0.769362, 0.428458, 0.669989, 0.392560, 41.52, 0.999, 82.75, 0.826, 0.00, 0.000, 0.00, 0.000
12584,134261, 41.37, 41.41, 0.998, 0.999, 0.576969, 0.206746,1,1,0, 0.556267, 0.391325, 0.630447, 0.376571, 41.37, 0.998, 83.33, 0.822, 0.00, 0.000, 0.00, 0.000
12585,134272, 41.37, 41.40, 0.998, 0.999, 0.543830, 0.144883,1,1,0, 0.617551, 0.385493, 0.556922, 0.344868, 41.37, 0.998, 82.19, 0.807, 0.00, 0.000, 0.00, 0.000
12586,134282, 41.37, 41.39, 0.999, 0.999, 0.577291, 0.241618,1,1,0, 0.772242, 0.481047, 0.676118, 0.421399, 41.37, 0.999, 83.91, 0.788, 0.00, 0.000, 0.00, 0.000
12587,134293, 41.37, 41.38, 0.999, 0.999, 0.548139, 0.169320,1,1,0, 0.598966, 0.389615, 0.540465, 0.373559, 41.37, 0.999, 80.53, 0.776, 0.00, 0.000, 0.00, 0.000
12588,134304, 41.37, 41.38, 0.999, 0.999, 0.587186, 0.283515,1,1,0, 0.761158, 0.471322, 0.676555, 0.432559, 41.37, 0.999, 85.71, 0.792, 0.00, 0.000, 0.00, 0.000
12589,134314, 41.52, 41.44, 0.999, 0.999, 0.546833, 0.198681,1,1,0, 0.592192, 0.360099, 0.537647, 0.314791, 41.52, 0.999, 81.08, 0.794, 0.00, 0.000, 0.00, 0.000
12590,134325, 41.52, 41.47, 0.999, 0.999, 0.582181, 0.307431,1,1,0, 0.739053, 0.441696, 0.664619, 0.408999, 41.52, 0.999, 85.10, 0.805, 0.00, 0.000, 0.00, 0.000
12591,134336, 41.37, 41.43, 0.999, 0.999, 0.550799, 0.215442,1,1,0, 0.590364, 0.427428, 0.582065, 0.375910, 41.37, 0.999, 81.63, 0.828, 0.00, 0.000, 0.00, 0.000
12592,134346, 41.52, 41.47, 0.999, 0.999, 0.593254, 0.340351,1,1,0, 0.749687, 0.422186, 0.662704, 0.387661, 41.52, 0.999, 82.75, 0.818, 0.00, 0.000, 0.00, 0.000
12593,134357, 41.52, 41.49, 0.999, 0.999, 0.556575, 0.238511,1,1,0, 0.661753, 0.379872, 0.575233, 0.350360, 41.52, 0.999, 83.33, 0.807, 0.00, 0.000, 0.00, 0.000
12594,134368, 41.37, 41.44, 0.999, 0.999, 0.525753, 0.167143,1,1,0, 0.576097, 0.386835, 0.513318, 0.347197, 41.37, 0.999, 82.19, 0.789, 0.00, 0.000, 0.00, 0.000
12595,134378, 41.37, 41.41, 0.999, 0.999, 0.570579, 0.253547,1,1,0, 0.757449, 0.479283, 0.662553, 0.429476, 41.37, 0.999, 85.10, 0.764, 0.00, 0.000, 0.00, 0.000
12596,134389, 41.66, 41.52, 0.987, 0.991, 0.537820, 0.177681,1,1,0, 0.614538, 0.365887, 0.554462, 0.350162, 41.66, 0.987, 82.19, 0.777, 0.00, 0.000, 0.00, 0.000
12597,134400, 41.52, 41.52, 0.932, 0.951, 0.496632, 0.124515,1,1,0, 0.434330, 0.253230, 0.398160, 0.228314, 41.52, 0.932, 84.50, 0.805, 0.00, 0.000, 0.00, 0.000
12598,134410, 41.95, 41.70, 0.984, 0.988, 0.450769, 0.087257,1,1,0, 0.291170, 0.182392, 0.324762, 0.164413, 41.95, 0.984, 81.63, 0.831, 0.00, 0.000, 0.00, 0.000
12599,134421, 85.71, 42.25, 0.707, 0.773, 0.401035, 0.061148,1,1,0, 0.182140, 0.089215, 0.140690, 0.067790, 85.71, 0.707, 43.01, 0.685, 32.17, 0.462, 0.00, 0.000
12600,134432, 51.28, 46.04, 0.627, 0.588, 0.357387, 0.042851,1,1,0, 0.111083, 0.061950, 0.127277, 0.061804, 51.28, 0.627, 33.05, 0.575, 88.23, 0.433, 0.00, 0.000
12601,134442, 51.50, 48.33, 0.695, 0.667, 0.319706, 0.030029,1,1,0, 0.155801, 0.091957, 0.141003, 0.071711, 51.50, 0.695, 39.73, 0.347, 0.00, 0.000, 0.00, 0.000
12602,134453, 47.80, 48.11, 0.800, 0.810, 0.285640, 0.021044,1,1,0, 0.110499, 0.060110, 0.086604, 0.050889, 47.80, 0.800, 0.00, 0.000, 0.00, 0.000, 0.00, 0.000
12603,134464, 44.94, 46.78, 0.887, 0.875, 0.255798, 0.014747,1,1,0, 0.110245, 0.069002, 0.099033, 0.055164, 44.94, 0.887, 36.14, 0.159, 0.00, 0.000, 0.00, 0.000
12604,134474, 45.80, 46.37, 0.872, 0.890, 0.226493, 0.010334,1,1,0, 0.058615, 0.028601, 0.057762, 0.026415, 45.80, 0.872, 0.00, 0.000, 0.00, 0.000, 0.00, 0.000
12605,134485, 41.66, 44.39, 0.793, 0.769, 0.202963, 0.007242,1,1,0, 0.093769, 0.050303, 0.062977, 0.041144, 41.66, 0.793, 0.00, 0.000, 0.00, 0.000, 0.00, 0.000
12606,134496, 43.16, 43.87, 0.727, 0.742, 0.179602, 0.005075,1,1,0, 0.052008, 0.023185, 0.041582, 0.019762, 43.16, 0.727, 0.00, 0.000, 0.00, 0.000, 0.00, 0.000
12607,134506, 53.81, 43.38, 0.598, 0.570, 0.159163, 0.003556,1,1,0, 0.051624, 0.021065, 0.040476, 0.018965, 53.81, 0.598, 42.70, 0.546, 196.72, 0.131, 0.00, 0.000
12608,134517, 54.29, 47.96, 0.732, 0.687, 0.140844, 0.002492,1,1,0, 0.033609, 0.016692, 0.026819, 0.015080, 54.29, 0.732, 33.24, 0.534, 42.25, 0.253, 83.33, 0.100
12609,134528, 42.10, 45.50, 0.777, 0.779, 0.125391, 0.001746,1,1,0, 0.035194, 0.021096, 0.032756, 0.019341, 42.10, 0.777, 55.55, 0.678, 33.70, 0.545, 83.91, 0.524
12610,134538, 83.33, 43.95, 0.726, 0.762, 0.112051, 0.001224,1,1,0, 0.039772, 0.021871, 0.039828, 0.021542, 83.33, 0.726, 41.81, 0.716, 55.29, 0.624, 166.66, 0.554
12611,134549, 40.95, 42.69, 0.912, 0.937, 0.099985, 0.000857,1,1,0, 0.029681, 0.018688, 0.028906, 0.017539, 40.95, 0.912, 32.87, 0.863, 82.19, 0.859, 54.79, 0.773
12612,134560, 33.05, 42.08, 0.845, 0.844, 0.088697, 0.000601,1,1,0, 0.029112, 0.012667, 0.030108, 0.012117, 33.05, 0.845, 54.54, 0.815, 82.19, 0.808, 41.23, 0.783
12613,134570, 33.80, 41.96, 0.815, 0.761, 0.079348, 0.000421,1,1,0, 0.032466, 0.018113, 0.030792, 0.015970, 33.80, 0.815, 55.55, 0.787, 83.91, 0.737, 164.38, 0.673
12614,134581, 33.61, 41.96, 0.969, 0.901, 0.071599, 0.000295,1,1,0, 0.035053, 0.020782, 0.035767, 0.019809, 33.61, 0.969, 41.95, 0.863, 169.01, 0.739, 55.81, 0.704
12615,134592, 41.52, 41.77, 0.849, 0.891, 0.064685, 0.000206,1,1,0, 0.031792, 0.019142, 0.031001, 0.018507, 41.52, 0.849, 166.66, 0.698, 55.29, 0.680, 82.75, 0.643
12616,134602, 40.95, 41.43, 0.948, 0.963, 0.058540, 0.000144,1,1,0, 0.044400, 0.020860, 0.043056, 0.019361, 40.95, 0.948, 54.54, 0.759, 82.19, 0.709, 166.66, 0.708
12617,134613, 32.96, 41.29, 0.847, 0.871, 0.052780, 0.000101,1,1,0, 0.041736, 0.026215, 0.025822, 0.014464, 32.96, 0.847, 41.09, 0.821, 166.66, 0.697, 82.19, 0.684
12618,134624, 33.80, 41.51, 0.595, 0.476, 0.048910, 0.001522,1,1,0, 0.070766, 0.039594, 0.051751, 0.026770, 33.80, 0.595, 166.66, 0.477, 41.81, 0.401, 83.33, 0.310
12619,134634, 33.61, 38.19, 0.804, 0.754, 0.045270, 0.002541,1,1,0, 0.051923, 0.029271, 0.046063, 0.022851, 33.61, 0.804, 171.42, 0.522, 41.81, 0.510, 85.10, 0.017
12620,134645, 33.14, 36.07, 0.890, 0.840, 0.042102, 0.002154,1,1,0, 0.063518, 0.029727, 0.044359, 0.023086, 33.14, 0.890, 166.66, 0.514, 40.67, 0.336, 0.00, 0.000
12621,134656, 33.33, 34.92, 0.874, 0.859, 0.038956, 0.001509,1,1,0, 0.039064, 0.020522, 0.036672, 0.019923, 33.33, 0.874, 169.01, 0.491, 40.67, 0.329, 83.91, 0.162
12622,134666, 32.87, 34.06, 0.840, 0.838, 0.035338, 0.001058,1,1,0, 0.025008, 0.011806, 0.024371, 0.011859, 32.87, 0.840, 40.95, 0.744, 169.01, 0.553, 54.54, 0.398
12623,134677, 41.52, 33.91, 0.739, 0.633, 0.032500, 0.000741,1,1,0, 0.025049, 0.015476, 0.025211, 0.014402, 41.52, 0.739, 33.70, 0.596, 55.55, 0.525, 83.33, 0.490
12624,134688, 41.95, 37.29, 0.806, 0.807, 0.029888, 0.000519,1,1,0, 0.022482, 0.013501, 0.022881, 0.013081, 41.95, 0.806, 164.38, 0.695, 83.33, 0.652, 33.42, 0.621
12625,134698, 33.42, 39.06, 0.821, 0.754, 0.030474, 0.015097,1,1,0, 0.038197, 0.019763, 0.035322, 0.018839, 33.42, 0.821, 164.38, 0.806, 55.55, 0.796, 83.33, 0.784
12626,134709, 54.79, 39.86, 0.901, 0.921, 0.028506, 0.010580,1,1,0, 0.033781, 0.017804, 0.027710, 0.016331, 54.79, 0.901, 40.95, 0.891, 33.05, 0.882, 82.75, 0.879
12627,134720, 32.60, 40.32, 0.879, 0.856, 0.026180, 0.007414,1,1,0, 0.025271, 0.013057, 0.019484, 0.011514, 32.60, 0.879, 81.63, 0.817, 40.95, 0.800, 164.38, 0.767
12628,134730, 33.61, 40.76, 0.838, 0.785, 0.024441, 0.005195,1,1,0, 0.024799, 0.015105, 0.022070, 0.013994, 33.61, 0.838, 83.91, 0.739, 55.29, 0.732, 41.37, 0.703
12629,134741, 33.61, 41.32, 0.834, 0.852, 0.024337, 0.010319,1,1,0, 0.027679, 0.015188, 0.027361, 0.014135, 33.61, 0.834, 42.10, 0.795, 83.91, 0.648, 56.07, 0.633
12630,134752, 83.91, 41.59, 0.742, 0.798, 0.024250, 0.008819,1,1,0, 0.026053, 0.017709, 0.026422, 0.016905, 83.91, 0.742, 41.95, 0.720, 164.38, 0.695, 56.07, 0.668
12631,134762, 82.19, 41.26, 0.839, 0.863, 0.024949, 0.013698,1,1,0, 0.032149, 0.016782, 0.028733, 0.015388, 82.19, 0.839, 54.54, 0.811, 40.81, 0.809, 164.38, 0.733
12632,134773, 32.78, 41.13, 0.909, 0.877, 0.023122, 0.009599,1,1,0, 0.019903, 0.012177, 0.018275, 0.011500, 32.78, 0.909, 81.63, 0.849, 40.95, 0.830, 54.79, 0.802
12633,134784, 83.33, 41.29, 0.838, 0.765, 0.021378, 0.006727,1,1,0, 0.023089, 0.012121, 0.022030, 0.010969, 83.33, 0.838, 33.70, 0.788, 55.55, 0.711, 41.52, 0.673
12634,134794, 33.70, 41.63, 0.747, 0.791, 0.019995, 0.004808,1,1,0, 0.025381, 0.013440, 0.021370, 0.011162, 33.70, 0.747, 42.10, 0.716, 56.60, 0.712, 83.91, 0.705
12635,134805, 33.80, 41.71, 0.837, 0.836, 0.023650, 0.016293,1,1,0, 0.030160, 0.017476, 0.028842, 0.017134, 33.80, 0.837, 55.81, 0.805, 41.81, 0.772, 166.66, 0.734
12636,134816, 55.04, 41.39, 0.763, 0.766, 0.023855, 0.011418,1,1,0, 0.029911, 0.016217, 0.026556, 0.013709, 55.04, 0.763, 40.95, 0.689, 82.75, 0.630, 164.38, 0.531
12637,134826, 54.54, 41.15, 0.737, 0.498, 0.021614, 0.008001,1,1,0, 0.014356, 0.007578, 0.012468, 0.006854, 54.54, 0.737, 32.08, 0.729, 81.63, 0.595, 166.66, 0.476
12638,134837, 54.79, 41.15, 0.499, 0.448, 0.019483, 0.005607,1,1,0, 0.015693, 0.007708, 0.010347, 0.005545, 54.79, 0.499, 81.63, 0.455, 33.99, 0.328, 41.23, 0.309
12639,134848, 35.29, 38.69, 0.725, 0.680, 0.017556, 0.003929,1,1,0, 0.010343, 0.005327, 0.008716, 0.004588, 35.29, 0.725, 60.91, 0.383, 44.44, 0.339, 80.00, 0.234
12640,134858, 41.52, 38.69, 0.376, 0.612, 0.015909, 0.002753,1,1,0, 0.013309, 0.005709, 0.012344, 0.005306, 41.52, 0.376, 34.68, 0.322, 89.55, 0.299, 179.10, 0.228
12641,134869, 39.21, 38.91, 0.825, 0.874, 0.014533, 0.001929,1,1,0, 0.014719, 0.008642, 0.012730, 0.005988, 39.21, 0.825, 78.43, 0.816, 164.38, 0.108, 31.57, 0.078
12642,134880, 74.07, 38.17, 0.811, 0.811, 0.013296, 0.001352,1,1,0, 0.014450, 0.008247, 0.010450, 0.005388, 74.07, 0.811, 37.15, 0.738, 47.61, 0.111, 0.00, 0.000
12643,134890, 72.72, 37.55, 0.836, 0.812, 0.012261, 0.000947,1,1,0, 0.008624, 0.005204, 0.010677, 0.005943, 72.72, 0.836, 36.69, 0.739, 0.00, 0.000, 0.00, 0.000
12644,134901, 73.17, 37.28, 0.890, 0.900, 0.011427, 0.000664,1,1,0, 0.012592, 0.007176, 0.011155, 0.006550, 73.17, 0.890, 36.92, 0.861, 0.00, 0.000, 0.00, 0.000
12645,134912, 37.38, 37.32, 0.921, 0.943, 0.010450, 0.000465,1,1,0, 0.010382, 0.006030, 0.006400, 0.004080, 37.38, 0.921, 74.07, 0.876, 31.41, 0.251, 0.00, 0.000
12646,134922, 73.17, 37.30, 0.884, 0.911, 0.009848, 0.000743,1,1,0, 0.010349, 0.005632, 0.010684, 0.006086, 73.17, 0.884, 37.26, 0.877, 0.00, 0.000, 0.00, 0.000
12647,134933, 72.72, 37.09, 0.890, 0.888, 0.009133, 0.000521,1,1,0, 0.009903, 0.006062, 0.008365, 0.004907, 72.72, 0.890, 36.80, 0.844, 0.00, 0.000, 0.00, 0.000
12648,134944, 73.61, 37.16, 0.878, 0.875, 0.009383, 0.005152,1,1,0, 0.012764, 0.006818, 0.010978, 0.005736, 73.61, 0.878, 37.26, 0.827, 0.00, 0.000, 0.00, 0.000
12649,134954, 37.38, 37.25, 0.900, 0.928, 0.009356, 0.004515,1,1,0, 0.012066, 0.006438, 0.010438, 0.005579, 37.38, 0.900, 73.61, 0.894, 0.00, 0.000, 0.00, 0.000
12650,134965, 37.15, 37.21, 0.911, 0.936, 0.009236, 0.003877,1,1,0, 0.012922, 0.006541, 0.010338, 0.005435, 37.15, 0.911, 73.61, 0.885, 30.92, 0.071, 0.00, 0.000
12651,134976, 73.17, 36.99, 0.852, 0.867, 0.009701, 0.010546,1,1,0, 0.016445, 0.006032, 0.012718, 0.005158, 73.17, 0.852, 36.69, 0.816, 0.00, 0.000, 0.00, 0.000
12652,134986, 37.50, 37.20, 0.855, 0.896, 0.010644, 0.007637,1,1,0, 0.018927, 0.009260, 0.013609, 0.006288, 37.50, 0.855, 74.07, 0.812, 0.00, 0.000, 0.00, 0.000
12653,134997, 37.50, 37.33, 0.764, 0.830, 0.011589, 0.009537,1,1,0, 0.010394, 0.007511, 0.013979, 0.006014, 37.50, 0.764, 74.07, 0.695, 0.00, 0.000, 0.00, 0.000
12654,135008, 73.61, 37.25, 0.651, 0.729, 0.010746, 0.006683,1,1,0, 0.014252, 0.006539, 0.010733, 0.005660, 73.61, 0.651, 37.15, 0.641, 31.16, 0.347, 0.00, 0.000
12655,135018, 37.03, 37.16, 0.632, 0.709, 0.011805, 0.008098,1,1,0, 0.018528, 0.009623, 0.013632, 0.006906, 37.03, 0.632, 73.17, 0.629, 0.00, 0.000, 0.00, 0.000
12656,135029, 37.38, 37.25, 0.739, 0.802, 0.010777, 0.005675,1,1,0, 0.013204, 0.003877, 0.009612, 0.004603, 37.38, 0.739, 73.61, 0.556, 31.66, 0.220, 0.00, 0.000
12657,135040, 37.50, 37.35, 0.604, 0.684, 0.012200, 0.010243,1,1,0, 0.018596, 0.010439, 0.015104, 0.006854, 37.50, 0.604, 74.53, 0.564, 0.00, 0.000, 0.00, 0.000
12658,135050, 36.47, 36.98, 0.692, 0.750, 0.011209, 0.007178,1,1,0, 0.018438, 0.008441, 0.009016, 0.004857, 36.47, 0.692, 73.17, 0.576, 0.00, 0.000, 0.00, 0.000
12659,135061, 73.61, 36.98, 0.667, 0.675, 0.012214, 0.007462,1,1,0, 0.016111, 0.008685, 0.014241, 0.007398, 73.61, 0.667, 36.69, 0.353, 190.47, 0.136, 0.00, 0.000
12660,135072, 74.53, 37.15, 0.692, 0.598, 0.011265, 0.005229,1,1,0, 0.021822, 0.011637, 0.010204, 0.005682, 74.53, 0.692, 37.38, 0.516, 181.81, 0.012, 0.00, 0.000
12661,135082, 74.07, 37.24, 0.774, 0.649, 0.010465, 0.003664,1,1,0, 0.022836, 0.011197, 0.010312, 0.005918, 74.07, 0.774, 37.38, 0.568, 0.00, 0.000, 0.00, 0.000
12662,135093, 75.00, 37.24, 0.484, 0.584, 0.027417, 0.033258,1,1,0, 0.045966, 0.029961, 0.032897, 0.018772, 75.00, 0.484, 37.50, 0.210, 0.00, 0.000, 0.00, 0.000
12663,135104, 32.87, 35.41, 0.659, 0.628, 0.025600, 0.023307,1,1,0, 0.038714, 0.020029, 0.027822, 0.013372, 32.87, 0.659, 31.00, 0.643, 0.00, 0.000, 0.00, 0.000
12664,135114, 166.66, 90.53, 0.640, 0.601, 0.092687, 0.149147,1,1,0, 0.273638, 0.115361, 0.135344, 0.058778, 166.66, 0.640, 73.17, 0.184, 0.00, 0.000, 0.00, 0.000
12665,135125, 33.70, 50.75, 0.668, 0.634, 0.561343, 0.800178,1,1,1, 0.843444, 0.412677, 0.738054, 0.374329, 33.70, 0.668, 100.00, 0.136, 56.87, 0.135, 0.00, 0.000
12666,135136, 35.92, 53.23, 0.626, 0.608, 0.645875, 0.560748,1,1,0, 0.999999, 0.431648, 0.771393, 0.349989, 35.92, 0.626, 54.29, 0.591, 44.94, 0.270, 96.77, 0.216
12667,135146, 54.79, 54.32, 0.877, 0.878, 0.739904, 0.481481,1,1,0, 0.929054, 0.389124, 0.921391, 0.404067, 54.79, 0.877, 97.56, 0.131, 34.09, 0.049, 0.00, 0.000
12668,135157, 55.29, 55.00, 0.937, 0.955, 0.781889, 0.342903,1,1,0, 0.999999, 0.550267, 0.876586, 0.507308, 55.29, 0.937, 35.71, 0.157, 104.34, 0.110, 0.00, 0.000
12669,135168, 55.55, 55.39, 0.993, 0.995, 0.694131, 0.240299,1,1,0, 0.390515, 0.088010, 0.302312, 0.093966, 55.55, 0.993, 113.20, 0.080, 37.26, 0.077, 0.00, 0.000
12670,135178, 55.55, 55.50, 0.994, 0.995, 0.779319, 0.464035,1,1,0, 0.999999, 0.566571, 0.941904, 0.514077, 55.55, 0.994, 112.14, 0.089, 36.47, 0.065, 0.00, 0.000
12671,135189, 55.55, 55.54, 0.993, 0.994, 0.740962, 0.325186,1,1,0, 0.999999, 0.419762, 0.820781, 0.340402, 55.55, 0.993, 35.60, 0.293, 104.34, 0.165, 0.00, 0.000
12672,135200, 55.55, 55.55, 0.994, 0.995, 0.755055, 0.349325,1,1,0, 0.921904, 0.393945, 0.928059, 0.407021, 55.55, 0.994, 35.92, 0.164, 107.14, 0.155, 0.00, 0.000
12673,135210, 55.55, 55.55, 0.997, 0.998, 0.804232, 0.429407,1,1,0, 0.999999, 0.553589, 0.909944, 0.513378, 55.55, 0.997, 111.11, 0.150, 36.69, 0.145, 0.00, 0.000
12674,135221, 55.55, 55.55, 0.996, 0.997, 0.716587, 0.300920,1,1,0, 0.402067, 0.125338, 0.288593, 0.119438, 55.55, 0.996, 36.58, 0.153, 110.09, 0.146, 0.00, 0.000
12675,135232, 55.55, 55.55, 0.998, 0.999, 0.776875, 0.455925,1,1,0, 0.999999, 0.559486, 0.927075, 0.511191, 55.55, 0.998, 113.20, 0.136, 37.50, 0.087, 0.00, 0.000
12676,135242, 55.55, 55.55, 0.998, 0.998, 0.732160, 0.319503,1,1,0, 0.999999, 0.425359, 0.793342, 0.338981, 55.55, 0.998, 35.60, 0.346, 104.34, 0.222, 0.00, 0.000
12677,135253, 55.55, 55.55, 0.999, 0.999, 0.749201, 0.394145,1,1,0, 0.835519, 0.375503, 0.920661, 0.406734, 55.55, 0.999, 36.69, 0.234, 110.09, 0.209, 0.00, 0.000
12678,135264, 55.55, 55.55, 0.999, 0.999, 0.812882, 0.519282,1,1,0, 0.999999, 0.539598, 0.930966, 0.500211, 55.55, 0.999, 110.09, 0.189, 36.92, 0.184, 0.00, 0.000
12679,135274, 55.55, 55.55, 0.999, 0.999, 0.729280, 0.363902,1,1,0, 0.644033, 0.209184, 0.598003, 0.180956, 55.55, 0.999, 110.09, 0.187, 36.80, 0.185, 0.00, 0.000
12680,135285, 55.55, 55.55, 0.999, 0.999, 0.781193, 0.422788,1,1,0, 0.999999, 0.558830, 0.917961, 0.508180, 55.55, 0.999, 113.20, 0.164, 37.38, 0.120, 0.00, 0.000
12681,135296, 55.55, 55.55, 0.999, 0.999, 0.743747, 0.315739,1,1,0, 0.999999, 0.364183, 0.818046, 0.316933, 55.55, 0.999, 35.29, 0.333, 104.34, 0.226, 0.00, 0.000
12682,135306, 55.55, 55.55, 0.999, 0.999, 0.752095, 0.356433,1,1,0, 0.999999, 0.440877, 0.903980, 0.434477, 55.55, 0.999, 37.03, 0.315, 111.11, 0.256, 0.00, 0.000
12683,135317, 55.55, 55.55, 0.999, 0.999, 0.800584, 0.471212,1,1,0, 0.999999, 0.504066, 0.908119, 0.460894, 55.55, 0.999, 110.09, 0.220, 36.58, 0.218, 0.00, 0.000
12684,135328, 55.55, 55.55, 0.999, 0.999, 0.726521, 0.330216,1,1,0, 0.777335, 0.278611, 0.833971, 0.265240, 55.55, 0.999, 110.09, 0.224, 36.80, 0.224, 0.00, 0.000
12685,135338, 55.55, 55.55, 0.999, 0.999, 0.776691, 0.376902,1,1,0, 0.999999, 0.556623, 0.889954, 0.502809, 55.55, 0.999, 113.20, 0.208, 37.38, 0.181, 0.00, 0.000
12686,135349, 55.55, 55.55, 0.999, 0.999, 0.715797, 0.328302,1,1,0, 0.999999, 0.281078, 0.809693, 0.264888, 55.55, 0.999, 34.88, 0.325, 104.34, 0.226, 0.00, 0.000
12687,135360, 55.55, 55.55, 0.999, 0.999, 0.745193, 0.316604,1,1,0, 0.999999, 0.499619, 0.880990, 0.468724, 55.55, 0.999, 37.38, 0.374, 113.20, 0.302, 0.00, 0.000
12688,135370, 55.55, 55.55, 0.999, 0.999, 0.749003, 0.374495,1,1,0, 0.999999, 0.463842, 0.856110, 0.409370, 55.55, 0.999, 36.25, 0.298, 108.10, 0.269, 0.00, 0.000
12689,135381, 55.55, 55.55, 0.999, 0.999, 0.718257, 0.268122,1,1,0, 0.765539, 0.344730, 0.867939, 0.345341, 55.55, 0.999, 110.09, 0.254, 36.92, 0.248, 0.00, 0.000
12690,135392, 55.55, 55.55, 0.999, 0.999, 0.765293, 0.328504,1,1,0, 0.999999, 0.546750, 0.860377, 0.496218, 55.55, 0.999, 113.20, 0.259, 37.38, 0.251, 0.00, 0.000
12691,135402, 55.55, 55.55, 0.999, 0.999, 0.693964, 0.230209,1,1,0, 0.598605, 0.223593, 0.516805, 0.224620, 55.55, 0.999, 34.78, 0.291, 106.19, 0.240, 0.00, 0.000
12692,135413, 55.55, 55.55, 0.999, 0.999, 0.735755, 0.292991,1,1,0, 0.999999, 0.532901, 0.848287, 0.486621, 55.55, 0.999, 37.50, 0.367, 114.28, 0.319, 0.00, 0.000
12693,135424, 55.55, 55.55, 0.999, 0.999, 0.728688, 0.395860,1,1,0, 0.999999, 0.443869, 0.833470, 0.377076, 55.55, 0.999, 35.92, 0.420, 107.14, 0.335, 0.00, 0.000
12694,135434, 55.55, 55.55, 0.999, 0.999, 0.711763, 0.277410,1,1,0, 0.738453, 0.381671, 0.849434, 0.394823, 55.55, 0.999, 111.11, 0.281, 37.03, 0.272, 0.00, 0.000
12695,135445, 55.55, 55.55, 0.999, 0.999, 0.754982, 0.353375,1,1,0, 0.999999, 0.532383, 0.833275, 0.488011, 55.55, 0.999, 112.14, 0.296, 37.26, 0.294, 0.00, 0.000
12696,135456, 55.55, 55.55, 0.999, 0.999, 0.685549, 0.247638,1,1,0, 0.406481, 0.239435, 0.402813, 0.230235, 55.55, 0.999, 109.09, 0.276, 35.92, 0.266, 0.00, 0.000
12697,135466, 55.55, 55.55, 0.999, 0.999, 0.722553, 0.337596,1,1,0, 0.999999, 0.535137, 0.837323, 0.482825, 55.55, 0.999, 37.50, 0.315, 113.20, 0.313, 0.00, 0.000
12698,135477, 55.55, 55.55, 0.999, 0.999, 0.726276, 0.450349,1,1,0, 0.999999, 0.448698, 0.837825, 0.378744, 55.55, 0.999, 35.92, 0.524, 107.14, 0.394, 0.00, 0.000
12699,135488, 55.55, 55.55, 0.999, 0.999, 0.704484, 0.315595,1,1,0, 0.696890, 0.390883, 0.813184, 0.411007, 55.55, 0.999, 111.11, 0.319, 37.03, 0.314, 0.00, 0.000
12700,135498, 55.55, 55.55, 0.999, 0.999, 0.739166, 0.392957,1,1,0, 0.999999, 0.509930, 0.833705, 0.473126, 55.55, 0.999, 112.14, 0.319, 37.03, 0.310, 0.00, 0.000
12701,135509, 55.55, 55.55, 0.999, 0.999, 0.675600, 0.275376,1,1,0, 0.488055, 0.286973, 0.437511, 0.262913, 55.55, 0.999, 36.47, 0.324, 109.09, 0.323, 0.00, 0.000
12702,135520, 55.55, 55.55, 0.999, 0.999, 0.710382, 0.386004,1,1,0, 0.999999, 0.530875, 0.844334, 0.472267, 55.55, 0.999, 113.20, 0.307, 37.50, 0.265, 0.00, 0.000
12703,135530, 55.55, 55.55, 0.999, 0.999, 0.726332, 0.488075,1,1,0, 0.999999, 0.443035, 0.841284, 0.393127, 55.55, 0.999, 35.92, 0.549, 106.19, 0.421, 0.00, 0.000
12704,135541, 55.55, 55.55, 0.999, 0.999, 0.693562, 0.342033,1,1,0, 0.636075, 0.409729, 0.769554, 0.416028, 55.55, 0.999, 37.03, 0.406, 111.11, 0.377, 0.00, 0.000
12705,135552, 55.55, 55.55, 0.999, 0.999, 0.716896, 0.382255,1,1,0, 0.999393, 0.482527, 0.822512, 0.450678, 55.55, 0.999, 111.11, 0.339, 36.92, 0.319, 0.00, 0.000
12706,135562, 55.55, 55.55, 0.999, 0.999, 0.661637, 0.267877,1,1,0, 0.536708, 0.336819, 0.501055, 0.306936, 55.55, 0.999, 36.47, 0.381, 109.09, 0.366, 0.00, 0.000
12707,135573, 55.55, 55.55, 0.999, 0.999, 0.686004, 0.365591,1,1,0, 0.981485, 0.521255, 0.820413, 0.458770, 55.55, 0.999, 113.20, 0.333, 37.50, 0.284, 0.00, 0.000
12708,135584, 55.55, 55.55, 0.999, 0.999, 0.701229, 0.473644,1,1,0, 0.965441, 0.406111, 0.811345, 0.381607, 55.55, 0.999, 35.82, 0.513, 106.19, 0.420, 0.00, 0.000
12709,135594, 55.55, 55.55, 0.999, 0.999, 0.666586, 0.331920,1,1,0, 0.858185, 0.443908, 0.716948, 0.428435, 55.55, 0.999, 37.15, 0.521, 112.14, 0.442, 0.00, 0.000
12710,135605, 55.55, 55.55, 0.999, 0.999, 0.682051, 0.366981,1,1,0, 0.937604, 0.452331, 0.782283, 0.419401, 55.55, 0.999, 110.09, 0.368, 36.80, 0.349, 0.00, 0.000
12711,135616, 55.55, 55.55, 0.999, 0.999, 0.635200, 0.257173,1,1,0, 0.560890, 0.374526, 0.611130, 0.346778, 55.55, 0.999, 36.69, 0.394, 110.09, 0.391, 0.00, 0.000
12712,135626, 55.55, 55.55, 0.999, 0.999, 0.658022, 0.324684,1,1,0, 0.925873, 0.511346, 0.773229, 0.451660, 55.55, 0.999, 113.20, 0.385, 37.50, 0.367, 0.00, 0.000
12713,135637, 55.55, 55.55, 0.999, 0.999, 0.643742, 0.448465,1,1,0, 0.914772, 0.347892, 0.772007, 0.343747, 55.55, 0.999, 35.50, 0.463, 106.19, 0.404, 0.00, 0.000
12714,135648, 55.55, 55.55, 0.999, 0.999, 0.640544, 0.314692,1,1,0, 0.929958, 0.485062, 0.777440, 0.449872, 55.55, 0.999, 37.38, 0.585, 113.20, 0.490, 0.00, 0.000
12715,135658, 55.55, 55.55, 0.999, 0.999, 0.649894, 0.361821,1,1,0, 0.896974, 0.432017, 0.752284, 0.391882, 55.55, 0.999, 36.47, 0.428, 109.09, 0.417, 0.00, 0.000
12716,135669, 55.55, 55.55, 0.999, 0.999, 0.610483, 0.253556,1,1,0, 0.560683, 0.400962, 0.643719, 0.380446, 55.55, 0.999, 111.11, 0.405, 36.92, 0.389, 0.00, 0.000
12717,135680, 55.55, 55.55, 0.999, 0.999, 0.634606, 0.334319,1,1,0, 0.880743, 0.491548, 0.747038, 0.444062, 55.55, 0.999, 37.38, 0.432, 113.20, 0.430, 0.00, 0.000
12718,135690, 55.55, 55.55, 0.999, 0.999, 0.589676, 0.234284,1,1,0, 0.604376, 0.325887, 0.571340, 0.320841, 55.55, 0.999, 35.19, 0.422, 108.10, 0.402, 0.00, 0.000
12719,135701, 55.55, 55.55, 0.999, 0.999, 0.614497, 0.299742,1,1,0, 0.862076, 0.502517, 0.738947, 0.452592, 55.55, 0.999, 37.50, 0.576, 114.28, 0.502, 0.00, 0.000
12720,135712, 55.55, 55.55, 0.999, 0.999, 0.623477, 0.331944,1,1,0, 0.838340, 0.429836, 0.714760, 0.387782, 55.55, 0.999, 36.25, 0.555, 108.10, 0.484, 0.00, 0.000
12721,135722, 55.55, 55.55, 0.999, 0.999, 0.591090, 0.232619,1,1,0, 0.610122, 0.422331, 0.589377, 0.407540, 55.55, 0.999, 111.11, 0.424, 37.03, 0.400, 0.00, 0.000
12722,135733, 55.55, 55.55, 0.999, 0.999, 0.608288, 0.296720,1,1,0, 0.819351, 0.456640, 0.704193, 0.425165, 55.55, 0.999, 37.26, 0.459, 112.14, 0.457, 0.00, 0.000
12723,135744, 55.55, 55.55, 0.999, 0.999, 0.568881, 0.207935,1,1,0, 0.619450, 0.359801, 0.591580, 0.339067, 55.55, 0.999, 109.09, 0.435, 36.25, 0.398, 0.00, 0.000
12724,135754, 55.55, 55.55, 0.999, 0.999, 0.586348, 0.255026,1,1,0, 0.805876, 0.488445, 0.691332, 0.428799, 55.55, 0.999, 37.50, 0.504, 113.20, 0.481, 0.00, 0.000
12725,135765, 55.55, 55.55, 0.999, 0.999, 0.594652, 0.280391,1,1,0, 0.771506, 0.435534, 0.668321, 0.400575, 55.55, 0.999, 36.14, 0.665, 107.14, 0.543, 0.00, 0.000
12726,135776, 55.55, 55.55, 0.999, 0.999, 0.582742, 0.196492,1,1,0, 0.644954, 0.432890, 0.612052, 0.419084, 55.55, 0.999, 111.11, 0.457, 37.03, 0.441, 0.00, 0.000
12727,135786, 55.55, 55.55, 0.999, 0.999, 0.584582, 0.210250,1,1,0, 0.757509, 0.418809, 0.651662, 0.398404, 55.55, 0.999, 112.14, 0.470, 37.15, 0.460, 0.00, 0.000
12728,135797, 55.55, 55.55, 0.999, 0.999, 0.567590, 0.147339,1,1,0, 0.650898, 0.401210, 0.614427, 0.370227, 55.55, 0.999, 110.09, 0.480, 36.58, 0.463, 0.00, 0.000
12729,135808, 55.55, 55.55, 0.999, 0.999, 0.569292, 0.168800,1,1,0, 0.763092, 0.474425, 0.641086, 0.405460, 55.55, 0.999, 112.14, 0.466, 37.38, 0.430, 0.00, 0.000
12730,135818, 55.55, 55.55, 0.999, 0.999, 0.581896, 0.134680,1,1,0, 0.731450, 0.430189, 0.634372, 0.413566, 55.55, 0.999, 36.14, 0.698, 107.14, 0.570, 0.00, 0.000
12731,135829, 55.55, 55.55, 0.999, 0.999, 0.590675, 0.207867,1,1,0, 0.660970, 0.438237, 0.643076, 0.418127, 55.55, 0.999, 37.03, 0.528, 112.14, 0.511, 0.00, 0.000
12732,135840, 55.55, 55.55, 0.999, 0.999, 0.571182, 0.145669,1,1,0, 0.727539, 0.389245, 0.610984, 0.371214, 55.55, 0.999, 111.11, 0.480, 37.03, 0.453, 0.00, 0.000
12733,135850, 55.55, 55.55, 0.999, 0.999, 0.575452, 0.190664,1,1,0, 0.675428, 0.426982, 0.641865, 0.393381, 55.55, 0.999, 110.09, 0.511, 36.69, 0.504, 0.00, 0.000
12734,135861, 55.55, 55.55, 0.999, 0.999, 0.559753, 0.133613,1,1,0, 0.727383, 0.465617, 0.607445, 0.393651, 55.55, 0.999, 112.14, 0.483, 37.38, 0.440, 0.00, 0.000
12735,135872, 55.55, 55.55, 0.999, 0.999, 0.577486, 0.207552,1,1,0, 0.698997, 0.406167, 0.660670, 0.407189, 55.55, 0.999, 36.14, 0.653, 108.10, 0.564, 0.00, 0.000
12736,135882, 55.55, 55.55, 0.999, 0.999, 0.600563, 0.282116,1,1,0, 0.692897, 0.450100, 0.665192, 0.420408, 55.55, 0.999, 37.15, 0.633, 112.14, 0.570, 0.00, 0.000
12737,135893, 55.55, 55.55, 0.999, 0.999, 0.567339, 0.197701,1,1,0, 0.688757, 0.376376, 0.587615, 0.353406, 55.55, 0.999, 110.09, 0.508, 36.80, 0.485, 0.00, 0.000
12738,135904, 55.55, 55.55, 0.999, 0.999, 0.587506, 0.255358,1,1,0, 0.704369, 0.443460, 0.666707, 0.409464, 55.55, 0.999, 110.09, 0.527, 36.80, 0.506, 0.00, 0.000
12739,135914, 55.55, 55.55, 0.999, 0.999, 0.559785, 0.178949,1,1,0, 0.716006, 0.450208, 0.573837, 0.388965, 55.55, 0.999, 113.20, 0.527, 37.38, 0.512, 0.00, 0.000
12740,135925, 55.55, 55.55, 0.999, 0.999, 0.579984, 0.252352,1,1,0, 0.630407, 0.383924, 0.675456, 0.388135, 55.55, 0.999, 36.14, 0.586, 108.10, 0.546, 0.00, 0.000
12741,135936, 55.55, 55.55, 0.999, 0.999, 0.608469, 0.326400,1,1,0, 0.721544, 0.454241, 0.679954, 0.416275, 55.55, 0.999, 37.26, 0.696, 112.14, 0.611, 0.00, 0.000
12742,135946, 55.55, 55.55, 0.999, 0.999, 0.573052, 0.228735,1,1,0, 0.644237, 0.383008, 0.627020, 0.355190, 55.55, 0.999, 36.69, 0.565, 110.09, 0.554, 0.00, 0.000
12743,135957, 55.55, 55.55, 0.999, 0.999, 0.596556, 0.268483,1,1,0, 0.726352, 0.450634, 0.671467, 0.415183, 55.55, 0.999, 111.11, 0.535, 36.92, 0.494, 0.00, 0.000
12744,135968, 55.55, 55.55, 0.999, 0.999, 0.566627, 0.188148,1,1,0, 0.740756, 0.421277, 0.558835, 0.381106, 55.55, 0.999, 113.20, 0.565, 37.38, 0.561, 0.00, 0.000
12745,135978, 55.55, 55.55, 0.999, 0.999, 0.590722, 0.254856,1,1,0, 0.687542, 0.396808, 0.682152, 0.387945, 55.55, 0.999, 36.14, 0.545, 109.09, 0.544, 0.00, 0.000
12746,135989, 55.55, 55.55, 0.999, 0.999, 0.585073, 0.315427,1,1,0, 0.726191, 0.437087, 0.675287, 0.390481, 55.55, 0.999, 37.26, 0.696, 113.20, 0.623, 0.00, 0.000
12747,136000, 55.55, 55.55, 0.999, 0.999, 0.582075, 0.223034,1,1,0, 0.645183, 0.405794, 0.684266, 0.381576, 55.55, 0.999, 36.47, 0.656, 109.09, 0.608, 0.00, 0.000
12748,136010, 55.55, 55.55, 0.999, 0.999, 0.605852, 0.269924,1,1,0, 0.732010, 0.454529, 0.678040, 0.416367, 55.55, 0.999, 111.11, 0.556, 37.03, 0.513, 0.00, 0.000
12749,136021, 55.55, 55.55, 0.999, 0.999, 0.571141, 0.189157,1,1,0, 0.720868, 0.367931, 0.564505, 0.352842, 55.55, 0.999, 112.14, 0.580, 37.26, 0.565, 0.00, 0.000
12750,136032, 55.55, 55.55, 0.999, 0.999, 0.601663, 0.269309,1,1,0, 0.743060, 0.442033, 0.692820, 0.415847, 55.55, 0.999, 110.09, 0.569, 36.58, 0.548, 0.00, 0.000
12751,136042, 55.55, 55.55, 0.999, 0.999, 0.566198, 0.188726,1,1,0, 0.736406, 0.410928, 0.571068, 0.350503, 55.55, 0.999, 37.26, 0.646, 112.14, 0.610, 0.00, 0.000
12752,136053, 55.55, 55.55, 0.999, 0.999, 0.590804, 0.231995,1,1,0, 0.651631, 0.421584, 0.692926, 0.410741, 55.55, 0.999, 36.36, 0.734, 108.10, 0.655, 0.00, 0.000
12753,136064, 55.55, 55.55, 0.999, 0.999, 0.617433, 0.299155,1,1,0, 0.735234, 0.458934, 0.693024, 0.419476, 55.55, 0.999, 111.11, 0.595, 37.03, 0.574, 0.00, 0.000
12754,136074, 55.55, 55.55, 0.999, 0.999, 0.575789, 0.209641,1,1,0, 0.564496, 0.313757, 0.483142, 0.314255, 55.55, 0.999, 111.11, 0.587, 37.15, 0.550, 0.00, 0.000
12755,136085, 55.55, 55.55, 0.999, 0.999, 0.608575, 0.285209,1,1,0, 0.734849, 0.476242, 0.698870, 0.441248, 55.55, 0.999, 110.09, 0.604, 36.80, 0.595, 0.00, 0.000
12756,136096, 55.55, 55.55, 0.999, 0.999, 0.568154, 0.199869,1,1,0, 0.733562, 0.395853, 0.577561, 0.323662, 55.55, 0.999, 112.14, 0.599, 37.15, 0.587, 0.00, 0.000
12757,136106, 55.55, 55.55, 0.999, 0.999, 0.594340, 0.248169,1,1,0, 0.643823, 0.418238, 0.696060, 0.422122, 55.55, 0.999, 36.36, 0.781, 108.10, 0.679, 0.00, 0.000
12758,136117, 55.55, 55.55, 0.999, 0.999, 0.620593, 0.323205,1,1,0, 0.735468, 0.451759, 0.696254, 0.413626, 55.55, 0.999, 37.15, 0.648, 111.11, 0.640, 0.00, 0.000
12759,136128, 55.55, 55.55, 0.999, 0.999, 0.576106, 0.226495,1,1,0, 0.538020, 0.302723, 0.472460, 0.298413, 55.55, 0.999, 111.11, 0.600, 37.03, 0.553, 0.00, 0.000
12760,136138, 55.55, 55.55, 0.999, 0.999, 0.610402, 0.296341,1,1,0, 0.742911, 0.482940, 0.699204, 0.444676, 55.55, 0.999, 110.09, 0.623, 36.92, 0.615, 0.00, 0.000
12761,136149, 55.55, 55.55, 0.999, 0.999, 0.571178, 0.207670,1,1,0, 0.730121, 0.394481, 0.581400, 0.327716, 55.55, 0.999, 111.11, 0.613, 37.15, 0.587, 0.00, 0.000
12762,136160, 55.55, 55.55, 0.999, 0.999, 0.596547, 0.258675,1,1,0, 0.645015, 0.407081, 0.693674, 0.414852, 55.55, 0.999, 36.47, 0.754, 109.09, 0.678, 0.00, 0.000
12763,136170, 55.55, 55.55, 0.999, 0.999, 0.619827, 0.297282,1,1,0, 0.738029, 0.436587, 0.683518, 0.401328, 55.55, 0.999, 37.15, 0.721, 112.14, 0.682, 0.00, 0.000
12764,136181, 55.55, 55.55, 0.999, 0.999, 0.575914, 0.208329,1,1,0, 0.626849, 0.326457, 0.545315, 0.309929, 55.55, 0.999, 111.11, 0.626, 37.03, 0.593, 0.00, 0.000
12765,136192, 55.55, 55.55, 0.999, 0.999, 0.610484, 0.278567,1,1,0, 0.739958, 0.475736, 0.687913, 0.433906, 55.55, 0.999, 111.11, 0.625, 36.92, 0.599, 0.00, 0.000
12766,136202, 55.55, 55.55, 0.954, 0.967, 0.559595, 0.195214,1,1,0, 0.464431, 0.248526, 0.501465, 0.249446, 55.55, 0.954, 112.14, 0.604, 37.15, 0.556, 0.00, 0.000
12767,136213, 55.29, 55.44, 0.834, 0.880, 0.504436, 0.136802,1,1,0, 0.322273, 0.160404, 0.268948, 0.137479, 55.29, 0.834, 36.92, 0.683, 110.09, 0.601, 0.00, 0.000
12768,136224, 30.30, 55.82, 0.958, 0.584, 0.466625, 0.095868,1,1,0, 0.459598, 0.269063, 0.361786, 0.226796, 30.30, 0.958, 117.64, 0.537, 56.33, 0.498, 39.34, 0.358
12769,136234, 41.66, 55.82, 0.471, 0.526, 0.421469, 0.067182,1,1,0, 0.247693, 0.147575, 0.172672, 0.114584, 41.66, 0.471, 31.57, 0.393, 57.69, 0.334, 127.65, 0.032
12770,136245, 48.38, 52.69, 0.551, 0.521, 0.376311, 0.047080,1,1,0, 0.154573, 0.085431, 0.120524, 0.067746, 48.38, 0.551, 64.51, 0.223, 157.89, 0.007, 0.00, 0.000
12771,136256, 54.79, 53.57, 0.627, 0.626, 0.333312, 0.032992,1,1,0, 0.068320, 0.039068, 0.074205, 0.040714, 54.79, 0.627, 0.00, 0.000, 0.00, 0.000, 0.00, 0.000
12772,136266, 56.87, 54.96, 0.745, 0.735, 0.294781, 0.023120,1,1,0, 0.057515, 0.029503, 0.044567, 0.027426, 56.87, 0.745, 0.00, 0.000, 0.00, 0.000, 0.00, 0.000
12773,136277, 57.14, 55.87, 0.776, 0.780, 0.261506, 0.016202,1,1,0, 0.068923, 0.042175, 0.043210, 0.029813, 57.14, 0.776, 0.00, 0.000, 0.00, 0.000, 0.00, 0.000
12774,136288, 48.58, 55.11, 0.755, 0.751, 0.231178, 0.011354,1,1,0, 0.032552, 0.018825, 0.028362, 0.019962, 48.58, 0.755, 54.05, 0.738, 0.00, 0.000, 0.00, 0.000
12775,136298, 55.04, 55.08, 0.759, 0.783, 0.204281, 0.007956,1,1,0, 0.041262, 0.021863, 0.029726, 0.016978, 55.04, 0.759, 0.00, 0.000, 0.00, 0.000, 0.00, 0.000
12776,136309, 55.55, 55.28, 0.845, 0.863, 0.179995, 0.005576,1,1,0, 0.024269, 0.013065, 0.025766, 0.011869, 55.55, 0.845, 0.00, 0.000, 0.00, 0.000, 0.00, 0.000
12777,136320, 68.18, 46.50, 0.717, 0.646, 0.158715, 0.003907,1,1,0, 0.032312, 0.015433, 0.021353, 0.011011, 68.18, 0.717, 34.38, 0.629, 56.87, 0.521, 32.08, 0.469
12778,136330, 31.74, 41.41, 0.745, 0.704, 0.139861, 0.002738,1,1,0, 0.024017, 0.010697, 0.018232, 0.009074, 31.74, 0.745, 34.38, 0.700, 71.00, 0.599, 57.69, 0.072
12779,136341, 73.61, 41.41, 0.472, 0.633, 0.123281, 0.001918,1,1,0, 0.020593, 0.010168, 0.014316, 0.007881, 73.61, 0.472, 37.50, 0.335, 266.66, 0.159, 0.00, 0.000
12780,136352, 37.38, 39.72, 0.471, 0.488, 0.108665, 0.001344,1,1,0, 0.016764, 0.009297, 0.014228, 0.007411, 37.38, 0.471, 44.44, 0.356, 73.61, 0.332, 240.00, 0.247
12781,136362, 73.17, 53.76, 0.590, 0.569, 0.095802, 0.000942,1,1,0, 0.015244, 0.005780, 0.012476, 0.006382, 73.17, 0.590, 106.19, 0.301, 230.76, 0.290, 44.11, 0.186
12782,136373, 73.17, 46.74, 0.708, 0.663, 0.084502, 0.000660,1,1,0, 0.015315, 0.006488, 0.014149, 0.006174, 73.17, 0.708, 37.03, 0.642, 31.74, 0.431, 55.81, 0.346
12783,136384, 37.26, 42.76, 0.713, 0.722, 0.074757, 0.000462,1,1,0, 0.018729, 0.008334, 0.018350, 0.007836, 37.26, 0.713, 73.61, 0.669, 45.11, 0.410, 56.07, 0.351
12784,136394, 37.26, 40.45, 0.801, 0.813, 0.066318, 0.000324,1,1,0, 0.020241, 0.009298, 0.014223, 0.008029, 37.26, 0.801, 73.61, 0.686, 230.76, 0.316, 44.60, 0.237
12785,136405, 73.17, 38.92, 0.791, 0.742, 0.058676, 0.000227,1,1,0, 0.016752, 0.006966, 0.013842, 0.006580, 73.17, 0.791, 36.80, 0.693, 55.55, 0.305, 230.76, 0.258
12786,136416, 37.15, 38.17, 0.831, 0.878, 0.052007, 0.000159,1,1,0, 0.014299, 0.006606, 0.013853, 0.005952, 37.15, 0.831, 73.61, 0.809, 31.74, 0.506, 56.07, 0.408
12787,136426, 37.26, 37.79, 0.832, 0.879, 0.046433, 0.000111,1,1,0, 0.019420, 0.009111, 0.016892, 0.008557, 37.26, 0.832, 73.61, 0.811, 44.77, 0.262, 56.07, 0.222
12788,136437, 73.61, 37.52, 0.825, 0.793, 0.041262, 0.000078,1,1,0, 0.016212, 0.006322, 0.013598, 0.005918, 73.61, 0.825, 37.15, 0.713, 44.60, 0.433, 230.76, 0.325
12789,136448, 73.61, 37.32, 0.781, 0.834, 0.036865, 0.000054,1,1,0, 0.016285, 0.008175, 0.013272, 0.007038, 73.61, 0.781, 37.03, 0.769, 230.76, 0.348, 55.55, 0.338
12790,136458, 73.61, 37.32, 0.599, 0.750, 0.044464, 0.121994,1,1,0, 0.103527, 0.023926, 0.079356, 0.018948, 73.61, 0.599, 36.25, 0.339, 38.83, 0.276, 57.69, 0.070
12791,136469, 68.18, 37.32, 0.618, 0.675, 0.094521, 0.108376,1,1,0, 0.151109, 0.095031, 0.110568, 0.076557, 68.18, 0.618, 32.34, 0.402, 34.48, 0.377, 0.00, 0.000
12792,136480, 54.29, 37.32, 0.452, 0.608, 0.088185, 0.075948,1,1,0, 0.115414, 0.082448, 0.086149, 0.050079, 54.29, 0.452, 0.00, 0.000, 0.00, 0.000, 0.00, 0.000
12793,136490, 44.28, 40.24, 0.638, 0.598, 0.082934, 0.053222,1,1,0, 0.092934, 0.067425, 0.083772, 0.051841, 44.28, 0.638, 0.00, 0.000, 0.00, 0.000, 0.00, 0.000
12794,136501, 41.52, 40.78, 0.915, 0.904, 0.074084, 0.037297,1,1,0, 0.015891, 0.008063, 0.035443, 0.015279, 41.52, 0.915, 0.00, 0.000, 0.00, 0.000, 0.00, 0.000
12795,136512, 30.84, 36.60, 0.849, 0.797, 0.066742, 0.026137,1,1,0, 0.033363, 0.022075, 0.026945, 0.016264, 30.84, 0.849, 55.29, 0.137, 0.00, 0.000, 0.00, 0.000
12796,136522, 31.91, 34.63, 0.882, 0.849, 0.059484, 0.018316,1,1,0, 0.022161, 0.011171, 0.023089, 0.010934, 31.91, 0.882, 66.66, 0.167, 0.00, 0.000, 0.00, 0.000
12797,136533, 36.69, 35.50, 0.490, 0.543, 0.052944, 0.012835,1,1,0, 0.026344, 0.012708, 0.016467, 0.008353, 36.69, 0.490, 74.53, 0.422, 0.00, 0.000, 0.00, 0.000
12798,136544, 32.25, 36.00, 0.624, 0.563, 0.047380, 0.008995,1,1,0, 0.018517, 0.009997, 0.018419, 0.010234, 32.25, 0.624, 73.17, 0.561, 36.69, 0.510, 57.97, 0.133
12799,136554, 74.53, 36.53, 0.802, 0.846, 0.042156, 0.006303,1,1,0, 0.019430, 0.008645, 0.015468, 0.007345, 74.53, 0.802, 37.26, 0.786, 108.10, 0.111, 31.83, 0.108
12800,136565, 73.61, 36.65, 0.778, 0.567, 0.037464, 0.004417,1,1,0, 0.010510, 0.005815, 0.010759, 0.005449, 73.61, 0.778, 36.80, 0.455, 31.49, 0.364, 226.41, 0.243
12801,136576, 37.03, 36.81, 0.787, 0.847, 0.033410, 0.003095,1,1,0, 0.012934, 0.006869, 0.011639, 0.005890, 37.03, 0.787, 74.07, 0.722, 111.11, 0.441, 44.44, 0.426
12802,136586, 37.38, 37.05, 0.816, 0.867, 0.029915, 0.002169,1,1,0, 0.019559, 0.007702, 0.015753, 0.006975, 37.38, 0.816, 74.53, 0.649, 44.77, 0.617, 111.11, 0.521
12803,136597, 37.26, 37.14, 0.761, 0.828, 0.027093, 0.001520,1,1,0, 0.020882, 0.009988, 0.015421, 0.008481, 37.26, 0.761, 74.53, 0.735, 32.00, 0.665, 226.41, 0.481
12804,136608, 36.92, 37.05, 0.893, 0.923, 0.024364, 0.001065,1,1,0, 0.018952, 0.007942, 0.014260, 0.006402, 36.92, 0.893, 73.61, 0.812, 222.22, 0.415, 55.29, 0.387
12805,136618, 36.92, 36.99, 0.858, 0.898, 0.021963, 0.000746,1,1,0, 0.016265, 0.006550, 0.013584, 0.006124, 36.92, 0.858, 73.61, 0.839, 31.66, 0.502, 55.55, 0.417
12806,136629, 37.26, 37.11, 0.908, 0.933, 0.020203, 0.000523,1,1,0, 0.022573, 0.010961, 0.016792, 0.009333, 37.26, 0.908, 74.53, 0.878, 32.08, 0.333, 226.41, 0.273
12807,136640, 74.07, 37.12, 0.878, 0.894, 0.018396, 0.000366,1,1,0, 0.024216, 0.009903, 0.018511, 0.007569, 74.07, 0.878, 37.15, 0.853, 44.60, 0.370, 110.09, 0.339
12808,136650, 36.80, 36.99, 0.871, 0.907, 0.016858, 0.000256,1,1,0, 0.024466, 0.011475, 0.015909, 0.007503, 36.80, 0.871, 73.61, 0.816, 32.00, 0.617, 226.41, 0.362
12809,136661, 74.07, 37.01, 0.794, 0.806, 0.015417, 0.001425,1,1,0, 0.016009, 0.008202, 0.015824, 0.006033, 74.07, 0.794, 37.03, 0.731, 226.41, 0.309, 110.09, 0.249
12810,136672, 37.38, 37.16, 0.795, 0.852, 0.014434, 0.001787,1,1,0, 0.016327, 0.008417, 0.016200, 0.008052, 37.38, 0.795, 74.53, 0.774, 31.91, 0.531, 44.77, 0.309
12811,136682, 74.53, 37.20, 0.895, 0.877, 0.013590, 0.002796,1,1,0, 0.016202, 0.007979, 0.014906, 0.007503, 74.53, 0.895, 37.26, 0.830, 44.44, 0.590, 110.09, 0.429
12812,136693, 73.61, 37.04, 0.914, 0.929, 0.012521, 0.001959,1,1,0, 0.013531, 0.006613, 0.012650, 0.006328, 73.61, 0.914, 36.80, 0.901, 55.29, 0.420, 111.11, 0.393
12813,136704, 74.07, 37.03, 0.859, 0.896, 0.015268, 0.019117,1,1,0, 0.030925, 0.014726, 0.019812, 0.008932, 74.07, 0.859, 37.03, 0.856, 226.41, 0.475, 32.00, 0.407
12814,136714, 37.26, 37.13, 0.836, 0.882, 0.013987, 0.013396,1,1,0, 0.014608, 0.008144, 0.012727, 0.006333, 37.26, 0.836, 74.53, 0.718, 31.91, 0.653, 226.41, 0.329
12815,136725, 37.15, 37.14, 0.763, 0.829, 0.015076, 0.013079,1,1,0, 0.017741, 0.008756, 0.019688, 0.008215, 37.15, 0.763, 74.53, 0.695, 226.41, 0.386, 110.09, 0.363
12816,136736, 36.80, 37.00, 0.882, 0.915, 0.013873, 0.009165,1,1,0, 0.016826, 0.007702, 0.013923, 0.006766, 36.80, 0.882, 73.61, 0.687, 110.09, 0.353, 222.22, 0.343
12817,136746, 37.15, 37.06, 0.918, 0.941, 0.014352, 0.010641,1,1,0, 0.018362, 0.008432, 0.016968, 0.007690, 37.15, 0.918, 74.07, 0.841, 31.83, 0.520, 111.11, 0.426
12818,136757, 37.26, 37.14, 0.943, 0.959, 0.013171, 0.007457,1,1,0, 0.018689, 0.008702, 0.012368, 0.005879, 37.26, 0.943, 74.53, 0.872, 32.00, 0.541, 226.41, 0.306
12819,136768, 37.15, 37.15, 0.864, 0.902, 0.011956, 0.005226,1,1,0, 0.015503, 0.006208, 0.010548, 0.004205, 37.15, 0.864, 74.53, 0.800, 31.66, 0.255, 226.41, 0.254
12820,136778, 37.26, 37.19, 0.873, 0.908, 0.010922, 0.003662,1,1,0, 0.013204, 0.008353, 0.008917, 0.004221, 37.26, 0.873, 74.07, 0.697, 44.11, 0.291, 110.09, 0.262
12821,136789, 37.85, 37.47, 0.686, 0.756, 0.009975, 0.002566,1,1,0, 0.006850, 0.003132, 0.008158, 0.004122, 37.85, 0.686, 74.07, 0.372, 222.22, 0.217, 44.60, 0.156
12822,136800, 37.85, 37.63, 0.422, 0.496, 0.009043, 0.001798,1,1,0, 0.010459, 0.006373, 0.008290, 0.003343, 37.85, 0.422, 75.00, 0.394, 230.76, 0.260, 32.43, 0.184
12823,136810, 226.41, 37.63, 0.277, 0.446, 0.008220, 0.001260,1,1,0, 0.009385, 0.004781, 0.004606, 0.002740, 226.41, 0.277, 90.22, 0.148, 108.10, 0.132, 75.47, 0.104
12824,136821, 214.28, 67.23, 0.597, 0.524, 0.007455, 0.000883,1,1,0, 0.007330, 0.003482, 0.005824, 0.002676, 214.28, 0.597, 108.10, 0.508, 0.00, 0.000, 0.00, 0.000
12825,136832, 32.69, 52.72, 0.702, 0.659, 0.006805, 0.000618,1,1,0, 0.006945, 0.003161, 0.004227, 0.002526, 32.69, 0.702, 214.28, 0.622, 106.19, 0.183, 37.50, 0.082
12826,136842, 33.14, 44.50, 0.662, 0.625, 0.006237, 0.000433,1,1,0, 0.005581, 0.002607, 0.006432, 0.002697, 33.14, 0.662, 39.60, 0.468, 214.28, 0.406, 49.18, 0.319
12827,136853, 49.18, 46.46, 0.660, 0.651, 0.005618, 0.000303,1,1,0, 0.003610, 0.001893, 0.002912, 0.001506, 49.18, 0.660, 40.00, 0.642, 32.52, 0.549, 214.28, 0.279
12828,136864, 49.79, 47.86, 0.794, 0.807, 0.005148, 0.000213,1,1,0, 0.006795, 0.003417, 0.004860, 0.002261, 49.79, 0.794, 99.17, 0.356, 32.87, 0.356, 214.28, 0.206
12829,136874, 49.58, 48.58, 0.781, 0.842, 0.004885, 0.001588,1,1,0, 0.004837, 0.002886, 0.005390, 0.002328, 49.58, 0.781, 98.36, 0.696, 33.05, 0.513, 210.52, 0.196
12830,136885, 100.00, 49.00, 0.823, 0.774, 0.004595, 0.001113,1,1,0, 0.007933, 0.004295, 0.004959, 0.002317, 100.00, 0.823, 49.58, 0.687, 32.87, 0.598, 206.89, 0.201
12831,136896, 32.87, 49.25, 0.882, 0.778, 0.004215, 0.000779,1,1,0, 0.006613, 0.003466, 0.003362, 0.001776, 32.87, 0.882, 99.17, 0.795, 49.58, 0.692, 206.89, 0.081
12832,136906, 99.17, 49.39, 0.814, 0.808, 0.003854, 0.000546,1,1,0, 0.005630, 0.003150, 0.002703, 0.001582, 99.17, 0.814, 49.58, 0.733, 33.14, 0.699, 203.38, 0.148
12833,136917, 99.17, 49.47, 0.743, 0.752, 0.004382, 0.004614,1,1,0, 0.005273, 0.002654, 0.005470, 0.002380, 99.17, 0.743, 49.58, 0.659, 33.24, 0.427, 65.57, 0.239
12834,136928, 32.96, 49.52, 0.915, 0.848, 0.004042, 0.003233,1,1,0, 0.004979, 0.002457, 0.003428, 0.001894, 32.96, 0.915, 49.58, 0.789, 99.17, 0.691, 200.00, 0.291
12835,136938, 32.96, 49.37, 0.907, 0.838, 0.003713, 0.002266,1,1,0, 0.003697, 0.001939, 0.003353, 0.001718, 32.96, 0.907, 49.18, 0.775, 99.17, 0.644, 39.34, 0.401
12836,136949, 49.38, 49.38, 0.852, 0.893, 0.003437, 0.001588,1,1,0, 0.004185, 0.001905, 0.002902, 0.001699, 49.38, 0.852, 99.17, 0.623, 200.00, 0.348, 33.05, 0.346
12837,136960, 49.58, 49.46, 0.945, 0.960, 0.003212, 0.001112,1,1,0, 0.004423, 0.002085, 0.003445, 0.001847, 49.58, 0.945, 99.17, 0.641, 33.14, 0.504, 196.72, 0.282
12838,136970, 49.58, 49.51, 0.889, 0.920, 0.002970, 0.000779,1,1,0, 0.003906, 0.001879, 0.003114, 0.001521, 49.58, 0.889, 99.17, 0.543, 33.14, 0.538, 39.60, 0.516
12839,136981, 49.58, 49.54, 0.826, 0.874, 0.003117, 0.001886,1,1,0, 0.004392, 0.002230, 0.003886, 0.001868, 49.58, 0.826, 33.24, 0.703, 39.73, 0.676, 200.00, 0.454
12840,136992, 49.79, 49.64, 0.807, 0.860, 0.003627, 0.004789,1,1,0, 0.005928, 0.002355, 0.004997, 0.002145, 49.79, 0.807, 39.73, 0.414, 33.61, 0.360, 100.84, 0.286
12841,137002, 49.79, 49.70, 0.904, 0.931, 0.004288, 0.004249,1,1,0, 0.007333, 0.003481, 0.005887, 0.002577, 49.79, 0.904, 65.93, 0.318, 40.13, 0.281, 98.36, 0.211
12842,137013, 49.79, 49.74, 0.779, 0.839, 0.003974, 0.002977,1,1,0, 0.007994, 0.004231, 0.003916, 0.002060, 49.79, 0.779, 32.96, 0.550, 65.21, 0.348, 98.36, 0.251
12843,137024, 49.79, 49.76, 0.696, 0.748, 0.004325, 0.002249,1,1,0, 0.007609, 0.002865, 0.005012, 0.002832, 49.79, 0.696, 65.57, 0.433, 32.34, 0.269, 97.56, 0.197
12844,137034, 49.58, 49.68, 0.761, 0.803, 0.004385, 0.002268,1,1,0, 0.006106, 0.003320, 0.004916, 0.002715, 49.58, 0.761, 33.24, 0.345, 206.89, 0.342, 39.86, 0.280
12845,137045, 33.70, 42.97, 0.806, 0.769, 0.011453, 0.022794,1,1,0, 0.028997, 0.014141, 0.016903, 0.007260, 33.70, 0.806, 218.18, 0.647, 104.34, 0.253, 40.81, 0.118
12846,137056, 30.07, 33.94, 0.663, 0.651, 0.312076, 0.884849,1,1,1, 0.605246, 0.243493, 0.481148, 0.184304, 30.07, 0.663, 35.82, 0.517, 203.38, 0.440, 120.00, 0.283
12847,137066, 36.14, 35.48, 0.693, 0.736, 0.382958, 0.620084,1,1,0, 0.531816, 0.201181, 0.485703, 0.197670, 36.14, 0.693, 44.94, 0.567, 31.66, 0.387, 71.00, 0.379
12848,137077, 73.17, 61.86, 0.671, 0.624, 0.438520, 0.434542,1,1,0, 0.610228, 0.275309, 0.578088, 0.249207, 73.17, 0.671, 34.38, 0.084, 123.71, 0.043, 37.38, 0.043
12849,137088, 73.61, 44.16, 0.838, 0.715, 0.513024, 0.351777,1,1,0, 0.816456, 0.350933, 0.648415, 0.318580, 73.61, 0.838, 36.58, 0.685, 31.57, 0.057, 0.00, 0.000
12850,137098, 37.03, 39.17, 0.943, 0.959, 0.500190, 0.246518,1,1,0, 0.672008, 0.301721, 0.558914, 0.286568, 37.03, 0.943, 74.07, 0.900, 30.53, 0.293, 52.40, 0.145
12851,137109, 37.15, 37.75, 0.982, 0.987, 0.547892, 0.464702,1,1,0, 0.695975, 0.338139, 0.659392, 0.306015, 37.15, 0.982, 74.07, 0.914, 46.87, 0.043, 52.63, 0.037
12852,137120, 37.15, 37.33, 0.995, 0.997, 0.494433, 0.325654,1,1,0, 0.536149, 0.209391, 0.500028, 0.185254, 37.15, 0.995, 74.07, 0.942, 46.69, 0.133, 127.65, 0.025
12853,137130, 37.15, 37.20, 0.993, 0.995, 0.478699, 0.228211,1,1,0, 0.633768, 0.243756, 0.588475, 0.226044, 37.15, 0.993, 74.07, 0.940, 46.15, 0.057, 125.00, 0.041
12854,137141, 37.15, 37.16, 0.976, 0.983, 0.491318, 0.271323,1,1,0, 0.614260, 0.307749, 0.600322, 0.291256, 37.15, 0.976, 74.07, 0.964, 30.69, 0.020, 181.81, 0.013
12855,137152, 74.53, 37.15, 0.977, 0.980, 0.503365, 0.309186,1,1,0, 0.623275, 0.305282, 0.600279, 0.287160, 74.53, 0.977, 37.15, 0.972, 30.69, 0.129, 52.86, 0.036
12856,137162, 74.07, 37.15, 0.998, 0.998, 0.518695, 0.350623,1,1,0, 0.629710, 0.296995, 0.602563, 0.282234, 74.07, 0.998, 37.15, 0.997, 31.49, 0.000, 0.00, 0.000
12857,137173, 37.15, 37.15, 0.999, 0.999, 0.475056, 0.245709,1,1,0, 0.630942, 0.227430, 0.495101, 0.186862, 37.15, 0.999, 74.07, 0.999, 46.51, 0.046, 123.71, 0.021
12858,137184, 74.07, 37.10, 0.999, 0.998, 0.476988, 0.278775,1,1,0, 0.553975, 0.222374, 0.605281, 0.234749, 74.07, 0.999, 37.03, 0.998, 45.62, 0.043, 121.21, 0.020
12859,137194, 37.15, 37.12, 0.999, 0.999, 0.488908, 0.290146,1,1,0, 0.615037, 0.302736, 0.597903, 0.284789, 37.15, 0.999, 74.07, 0.998, 30.45, 0.031, 0.00, 0.000
12860,137205, 37.15, 37.13, 0.999, 0.999, 0.504472, 0.335198,1,1,0, 0.614138, 0.304454, 0.602530, 0.285043, 37.15, 0.999, 74.07, 0.998, 30.84, 0.063, 53.33, 0.005
12861,137216, 37.15, 37.14, 0.999, 0.999, 0.509329, 0.332771,1,1,0, 0.616707, 0.271185, 0.588679, 0.255996, 37.15, 0.999, 74.07, 0.998, 31.74, 0.017, 0.00, 0.000
12862,137226, 74.07, 37.14, 0.999, 0.999, 0.467088, 0.233199,1,1,0, 0.623171, 0.212597, 0.539834, 0.189164, 74.07, 0.999, 37.15, 0.999, 45.97, 0.026, 121.21, 0.011
12863,137237, 74.07, 37.14, 0.999, 0.999, 0.471302, 0.266962,1,1,0, 0.623828, 0.252566, 0.590463, 0.251806, 74.07, 0.999, 37.15, 0.999, 45.28, 0.034, 117.64, 0.002
12864,137248, 37.15, 37.14, 0.999, 0.999, 0.481812, 0.290256,1,1,0, 0.616799, 0.295849, 0.585325, 0.277405, 37.15, 0.999, 74.07, 0.999, 30.61, 0.066, 53.09, 0.005
12865,137258, 74.07, 37.15, 0.999, 0.999, 0.496639, 0.320768,1,1,0, 0.624286, 0.300422, 0.584528, 0.281651, 74.07, 0.999, 37.15, 0.999, 0.00, 0.000, 0.00, 0.000
12866,137269, 74.07, 37.15, 0.999, 0.999, 0.469357, 0.315122,1,1,0, 0.592344, 0.237356, 0.559483, 0.212866, 74.07, 0.999, 37.15, 0.999, 31.91, 0.046, 0.00, 0.000
12867,137280, 37.15, 37.15, 0.999, 0.999, 0.453039, 0.236197,1,1,0, 0.529943, 0.204367, 0.575962, 0.202082, 37.15, 0.999, 74.07, 0.998, 45.62, 0.044, 118.81, 0.013
12868,137290, 37.15, 37.15, 0.999, 0.999, 0.462587, 0.262138,1,1,0, 0.603171, 0.277718, 0.573839, 0.265939, 37.15, 0.999, 74.07, 0.998, 44.94, 0.031, 0.00, 0.000
12869,137301, 74.07, 37.15, 0.999, 0.999, 0.471517, 0.279820,1,1,0, 0.593273, 0.289436, 0.566802, 0.269457, 74.07, 0.999, 37.15, 0.998, 30.84, 0.100, 53.57, 0.024
12870,137312, 37.15, 37.15, 0.999, 0.999, 0.483158, 0.299632,1,1,0, 0.586899, 0.288380, 0.561191, 0.272438, 37.15, 0.999, 74.07, 0.999, 0.00, 0.000, 0.00, 0.000
12871,137322, 37.15, 37.15, 0.999, 0.999, 0.445007, 0.209976,1,1,0, 0.587988, 0.217524, 0.472801, 0.182843, 37.15, 0.999, 74.07, 0.999, 45.80, 0.037, 118.81, 0.012
12872,137333, 37.15, 37.15, 0.999, 0.999, 0.441732, 0.232927,1,1,0, 0.509686, 0.202782, 0.560422, 0.214036, 37.15, 0.999, 74.07, 0.999, 45.28, 0.076, 116.50, 0.031
12873,137344, 74.07, 37.15, 0.999, 0.999, 0.452266, 0.253298,1,1,0, 0.582866, 0.284732, 0.554668, 0.268592, 74.07, 0.999, 37.15, 0.999, 44.94, 0.017, 115.38, 0.000
12874,137354, 74.07, 37.15, 0.999, 0.999, 0.461746, 0.274123,1,1,0, 0.579088, 0.283102, 0.549603, 0.263128, 74.07, 0.999, 37.15, 0.999, 31.08, 0.139, 53.81, 0.035
12875,137365, 37.15, 37.15, 0.999, 0.999, 0.472834, 0.285762,1,1,0, 0.580837, 0.279742, 0.544323, 0.266081, 37.15, 0.999, 74.07, 0.999, 31.49, 0.014, 0.00, 0.000
12876,137376, 74.07, 37.15, 0.999, 0.999, 0.435978, 0.200256,1,1,0, 0.577611, 0.216445, 0.464203, 0.175519, 74.07, 0.999, 37.15, 0.999, 45.62, 0.053, 117.64, 0.023
12877,137386, 74.07, 37.15, 0.999, 0.999, 0.433132, 0.224031,1,1,0, 0.484281, 0.199639, 0.541705, 0.215510, 74.07, 0.999, 37.15, 0.999, 44.94, 0.107, 115.38, 0.055
12878,137397, 74.07, 37.15, 0.999, 0.999, 0.442283, 0.236897,1,1,0, 0.572352, 0.279306, 0.533921, 0.261743, 74.07, 0.999, 37.15, 0.999, 0.00, 0.000, 0.00, 0.000
12879,137408, 37.15, 37.15, 0.999, 0.999, 0.452489, 0.257359,1,1,0, 0.568020, 0.277784, 0.531514, 0.258729, 37.15, 0.999, 74.07, 0.999, 31.16, 0.132, 54.05, 0.031
12880,137418, 74.07, 37.15, 0.999, 0.999, 0.462276, 0.277315,1,1,0, 0.565269, 0.267808, 0.528317, 0.254952, 74.07, 0.999, 37.15, 0.999, 31.66, 0.070, 55.04, 0.019
12881,137429, 74.07, 37.15, 0.999, 0.999, 0.425669, 0.194337,1,1,0, 0.553133, 0.214130, 0.446827, 0.178412, 74.07, 0.999, 37.15, 0.999, 45.45, 0.055, 116.50, 0.030
12882,137440, 74.07, 37.15, 0.999, 0.999, 0.423791, 0.215505,1,1,0, 0.471956, 0.206414, 0.524448, 0.215542, 74.07, 0.999, 37.15, 0.999, 44.94, 0.121, 114.28, 0.060
12883,137450, 37.15, 37.15, 0.999, 0.999, 0.431749, 0.235427,1,1,0, 0.550282, 0.271329, 0.520005, 0.252552, 37.15, 0.999, 74.07, 0.999, 31.25, 0.029, 54.29, 0.000
12884,137461, 74.07, 37.15, 0.999, 0.999, 0.442467, 0.255135,1,1,0, 0.546656, 0.274918, 0.516653, 0.257161, 74.07, 0.999, 37.15, 0.999, 31.25, 0.065, 54.29, 0.020
12885,137472, 74.07, 37.15, 0.999, 0.999, 0.448490, 0.282640,1,1,0, 0.535597, 0.245878, 0.512913, 0.231503, 74.07, 0.999, 37.15, 0.999, 31.91, 0.141, 55.29, 0.047
12886,137482, 74.07, 37.15, 0.999, 0.999, 0.413116, 0.198069,1,1,0, 0.529717, 0.204730, 0.467207, 0.182197, 74.07, 0.999, 37.15, 0.999, 45.28, 0.070, 115.38, 0.038
12887,137493, 37.15, 37.15, 0.999, 0.999, 0.414885, 0.209833,1,1,0, 0.520944, 0.229775, 0.506948, 0.227537, 37.15, 0.999, 74.07, 0.999, 44.77, 0.103, 113.20, 0.047
12888,137504, 74.07, 37.15, 0.999, 0.999, 0.422671, 0.225743,1,1,0, 0.527333, 0.265828, 0.503261, 0.245636, 74.07, 0.999, 37.15, 0.999, 31.16, 0.087, 54.29, 0.033
12889,137514, 74.07, 37.15, 0.999, 0.999, 0.433508, 0.249148,1,1,0, 0.518802, 0.269824, 0.501053, 0.253558, 74.07, 0.999, 37.15, 0.999, 31.49, 0.009, 54.79, 0.002
12890,137525, 37.15, 37.15, 0.999, 0.999, 0.413414, 0.261068,1,1,0, 0.515392, 0.219381, 0.488081, 0.198507, 37.15, 0.999, 74.07, 0.999, 32.00, 0.143, 55.55, 0.041
12891,137536, 37.15, 37.15, 0.999, 0.999, 0.398870, 0.189261,1,1,0, 0.453423, 0.197397, 0.497769, 0.191819, 37.15, 0.999, 74.07, 0.999, 45.11, 0.098, 114.28, 0.054
12892,137546, 74.07, 37.15, 0.999, 0.999, 0.408114, 0.219044,1,1,0, 0.511416, 0.254543, 0.499555, 0.243172, 74.07, 0.999, 37.15, 0.999, 44.60, 0.083, 112.14, 0.042
12893,137557, 74.07, 37.15, 0.999, 0.999, 0.413617, 0.238967,1,1,0, 0.496361, 0.258927, 0.495060, 0.237651, 74.07, 0.999, 37.15, 0.999, 31.16, 0.158, 54.54, 0.061
12894,137568, 37.15, 37.15, 0.999, 0.999, 0.424277, 0.261502,1,1,0, 0.493428, 0.263654, 0.490655, 0.249761, 37.15, 0.999, 74.07, 0.999, 31.66, 0.006, 214.28, 0.002
12895,137578, 37.15, 37.15, 0.999, 0.999, 0.387450, 0.183255,1,1,0, 0.489630, 0.201509, 0.393792, 0.169514, 37.15, 0.999, 74.07, 0.999, 45.28, 0.068, 31.91, 0.059
12896,137589, 74.07, 37.15, 0.999, 0.999, 0.390529, 0.203441,1,1,0, 0.440688, 0.197417, 0.488456, 0.204964, 74.07, 0.999, 37.15, 0.999, 44.94, 0.134, 113.20, 0.081
12897,137600, 74.07, 37.15, 0.999, 0.999, 0.401307, 0.222000,1,1,0, 0.476622, 0.261413, 0.486586, 0.245304, 74.07, 0.999, 37.15, 0.999, 44.44, 0.069, 112.14, 0.039
12898,137610, 37.15, 37.15, 0.999, 0.999, 0.407025, 0.224967,1,1,0, 0.479100, 0.253314, 0.478916, 0.233172, 37.15, 0.999, 74.07, 0.999, 31.25, 0.207, 54.54, 0.069
12899,137621, 74.07, 37.15, 0.999, 0.999, 0.420033, 0.262091,1,1,0, 0.475265, 0.258568, 0.483417, 0.245523, 74.07, 0.999, 37.15, 0.999, 31.66, 0.047, 55.04, 0.023
12900,137632, 74.07, 37.15, 0.999, 0.999, 0.382827, 0.183668,1,1,0, 0.466455, 0.198551, 0.369382, 0.161391, 74.07, 0.999, 37.15, 0.999, 45.28, 0.086, 115.38, 0.054
12901,137642, 74.07, 37.15, 0.999, 0.999, 0.385612, 0.196064,1,1,0, 0.438512, 0.197012, 0.479410, 0.207680, 74.07, 0.999, 37.15, 0.999, 44.77, 0.178, 113.20, 0.105
12902,137653, 37.15, 37.15, 0.999, 0.999, 0.393370, 0.217551,1,1,0, 0.457123, 0.255214, 0.476499, 0.237317, 37.15, 0.999, 74.07, 0.999, 44.60, 0.032, 112.14, 0.018
12903,137664, 37.15, 37.15, 0.999, 0.999, 0.402441, 0.246577,1,1,0, 0.457815, 0.252353, 0.476952, 0.233345, 37.15, 0.999, 74.07, 0.999, 31.33, 0.183, 54.79, 0.068
12904,137674, 74.07, 37.15, 0.999, 0.999, 0.411304, 0.265177,1,1,0, 0.446473, 0.244622, 0.472519, 0.232723, 74.07, 0.999, 37.15, 0.999, 31.83, 0.121, 55.29, 0.061
12905,137685, 74.07, 37.15, 0.999, 0.999, 0.375981, 0.185830,1,1,0, 0.442106, 0.200106, 0.348841, 0.166853, 74.07, 0.999, 37.15, 0.999, 45.11, 0.098, 114.28, 0.063
12906,137696, 37.15, 37.15, 0.999, 0.999, 0.379811, 0.200538,1,1,0, 0.423453, 0.201436, 0.468146, 0.207469, 37.15, 0.999, 74.07, 0.999, 44.60, 0.188, 112.14, 0.109
12907,137706, 37.15, 37.15, 0.999, 0.999, 0.389642, 0.226953,1,1,0, 0.435433, 0.248651, 0.470375, 0.228357, 37.15, 0.999, 74.07, 0.999, 31.49, 0.058, 55.04, 0.035
12908,137717, 74.07, 37.15, 0.999, 0.999, 0.397293, 0.226714,1,1,0, 0.431212, 0.248563, 0.461533, 0.232554, 74.07, 0.999, 37.15, 0.999, 31.33, 0.106, 54.79, 0.047
12909,137728, 74.07, 37.15, 0.999, 0.999, 0.402785, 0.255509,1,1,0, 0.431508, 0.225837, 0.460900, 0.212089, 74.07, 0.999, 37.15, 0.999, 32.00, 0.187, 55.81, 0.085
12910,137738, 37.15, 37.15, 0.999, 0.999, 0.370012, 0.179055,1,1,0, 0.427133, 0.195699, 0.427835, 0.174135, 37.15, 0.999, 74.07, 0.999, 45.11, 0.108, 114.28, 0.069
12911,137749, 74.07, 37.15, 0.999, 0.999, 0.378242, 0.202326,1,1,0, 0.425348, 0.221046, 0.462455, 0.217063, 74.07, 0.999, 37.15, 0.999, 44.44, 0.156, 112.14, 0.096
12912,137760, 74.07, 37.15, 0.999, 0.999, 0.384212, 0.209809,1,1,0, 0.422574, 0.238615, 0.457544, 0.217120, 74.07, 0.999, 37.15, 0.999, 31.33, 0.141, 54.79, 0.069
12913,137770, 74.07, 37.15, 0.999, 0.999, 0.393917, 0.224427,1,1,0, 0.419551, 0.246495, 0.453576, 0.232645, 74.07, 0.999, 37.15, 0.999, 218.18, 0.021, 55.29, 0.016
12914,137781, 37.15, 37.15, 0.999, 0.999, 0.375295, 0.249594,1,1,0, 0.414289, 0.202287, 0.446681, 0.182680, 37.15, 0.999, 74.07, 0.999, 32.08, 0.214, 56.07, 0.091
12915,137792, 74.07, 37.15, 0.999, 0.999, 0.366527, 0.179894,1,1,0, 0.423159, 0.196327, 0.455631, 0.188167, 74.07, 0.999, 37.15, 0.999, 44.94, 0.126, 113.20, 0.087
12916,137802, 74.07, 37.15, 0.999, 0.999, 0.376430, 0.197707,1,1,0, 0.424143, 0.236674, 0.456417, 0.225320, 74.07, 0.999, 37.15, 0.999, 44.28, 0.129, 111.11, 0.079
12917,137813, 37.15, 37.15, 0.999, 0.999, 0.380102, 0.205713,1,1,0, 0.421720, 0.232461, 0.450365, 0.209586, 37.15, 0.999, 74.07, 0.999, 31.33, 0.234, 55.04, 0.102
12918,137824, 37.15, 37.15, 0.999, 0.999, 0.392897, 0.240772,1,1,0, 0.419595, 0.244324, 0.453479, 0.232656, 37.15, 0.999, 74.07, 0.999, 222.22, 0.023, 55.55, 0.021
12919,137834, 74.07, 37.15, 0.999, 0.999, 0.358882, 0.168728,1,1,0, 0.400855, 0.184949, 0.303549, 0.155344, 74.07, 0.999, 37.15, 0.999, 32.00, 0.124, 45.11, 0.086
12920,137845, 74.07, 37.15, 0.999, 0.999, 0.363710, 0.183741,1,1,0, 0.419437, 0.196568, 0.452284, 0.199864, 74.07, 0.999, 37.15, 0.999, 44.60, 0.168, 112.14, 0.110
12921,137856, 37.15, 37.15, 0.999, 0.999, 0.372432, 0.196372,1,1,0, 0.419108, 0.241933, 0.448723, 0.226364, 37.15, 0.999, 74.07, 0.999, 44.28, 0.092, 111.11, 0.062
12922,137866, 37.15, 37.15, 0.999, 0.999, 0.380263, 0.226175,1,1,0, 0.419567, 0.231257, 0.451672, 0.209156, 37.15, 0.999, 74.07, 0.999, 31.33, 0.273, 55.04, 0.111
12923,137877, 74.07, 37.15, 0.999, 0.999, 0.391209, 0.241729,1,1,0, 0.422067, 0.237717, 0.449131, 0.226661, 74.07, 0.999, 37.15, 0.999, 31.83, 0.056, 55.55, 0.043
12924,137888, 74.07, 37.15, 0.999, 0.999, 0.356607, 0.169399,1,1,0, 0.386287, 0.180937, 0.289023, 0.147753, 74.07, 0.999, 37.15, 0.999, 44.94, 0.110, 113.20, 0.077
12925,137898, 74.07, 37.15, 0.999, 0.999, 0.359918, 0.180518,1,1,0, 0.414155, 0.195239, 0.444823, 0.201280, 74.07, 0.999, 37.15, 0.999, 44.60, 0.201, 111.11, 0.130
12926,137909, 37.15, 37.15, 0.999, 0.999, 0.370713, 0.213608,1,1,0, 0.418006, 0.238342, 0.449308, 0.220503, 37.15, 0.999, 74.07, 0.999, 44.28, 0.046, 111.11, 0.039
12927,137920, 74.07, 37.15, 0.999, 0.999, 0.377974, 0.227451,1,1,0, 0.416122, 0.228787, 0.446385, 0.209469, 74.07, 0.999, 37.15, 0.999, 31.41, 0.229, 55.04, 0.094
12928,137930, 74.07, 37.15, 0.999, 0.999, 0.385745, 0.240134,1,1,0, 0.410186, 0.226895, 0.441311, 0.216084, 74.07, 0.999, 37.15, 0.999, 31.91, 0.120, 55.81, 0.075
12929,137941, 74.07, 37.15, 0.999, 0.999, 0.352588, 0.168281,1,1,0, 0.376274, 0.185028, 0.293623, 0.153489, 74.07, 0.999, 37.15, 0.999, 44.94, 0.117, 113.20, 0.083
12930,137952, 74.07, 37.15, 0.999, 0.999, 0.360308, 0.197903,1,1,0, 0.412925, 0.201083, 0.445439, 0.203756, 74.07, 0.999, 37.15, 0.999, 44.44, 0.197, 111.11, 0.129
12931,137962, 74.07, 37.15, 0.999, 0.999, 0.367485, 0.209154,1,1,0, 0.410766, 0.226365, 0.442285, 0.207130, 74.07, 0.999, 37.15, 0.999, 31.66, 0.064, 55.55, 0.047
12932,137973, 74.07, 37.15, 0.999, 0.999, 0.374896, 0.221774,1,1,0, 0.408438, 0.228942, 0.437783, 0.212665, 74.07, 0.999, 37.15, 0.999, 31.41, 0.119, 55.29, 0.057
12933,137984, 37.15, 37.15, 0.999, 0.999, 0.381712, 0.250024,1,1,0, 0.409407, 0.211858, 0.438480, 0.199218, 37.15, 0.999, 74.07, 0.999, 32.08, 0.193, 56.07, 0.102
12934,137994, 74.07, 37.15, 0.999, 0.999, 0.350691, 0.175211,1,1,0, 0.397933, 0.185110, 0.406754, 0.163395, 74.07, 0.999, 37.15, 0.999, 44.77, 0.120, 112.14, 0.088
12935,138005, 74.07, 37.15, 0.999, 0.999, 0.358685, 0.191112,1,1,0, 0.409378, 0.212829, 0.438023, 0.207646, 74.07, 0.999, 37.15, 0.999, 44.28, 0.182, 110.09, 0.116
12936,138016, 74.07, 37.15, 0.999, 0.999, 0.363283, 0.201578,1,1,0, 0.407422, 0.217999, 0.433971, 0.195967, 74.07, 0.999, 37.15, 0.999, 31.49, 0.140, 55.29, 0.080
12937,138026, 37.15, 37.15, 0.999, 0.999, 0.373633, 0.227366,1,1,0, 0.405218, 0.229798, 0.434318, 0.217380, 37.15, 0.999, 74.07, 0.999, 222.22, 0.034, 55.55, 0.032
12938,138037, 74.07, 37.15, 0.999, 0.999, 0.356565, 0.247873,1,1,0, 0.388496, 0.189663, 0.427459, 0.170922, 74.07, 0.999, 37.15, 0.999, 32.17, 0.205, 56.33, 0.106
12939,138048, 74.07, 37.15, 0.999, 0.999, 0.348124, 0.177318,1,1,0, 0.407442, 0.187740, 0.434615, 0.178940, 74.07, 0.999, 37.15, 0.999, 44.60, 0.141, 111.11, 0.098
12940,138058, 74.07, 37.15, 0.999, 0.999, 0.355231, 0.180842,1,1,0, 0.402789, 0.224395, 0.428071, 0.212406, 74.07, 0.999, 37.15, 0.999, 44.11, 0.143, 110.09, 0.099
12941,138069, 37.15, 37.15, 0.999, 0.999, 0.360958, 0.210003,1,1,0, 0.403612, 0.214558, 0.430680, 0.191248, 37.15, 0.999, 74.07, 0.999, 31.49, 0.247, 55.29, 0.117
12942,138080, 74.07, 37.15, 0.999, 0.999, 0.372524, 0.229839,1,1,0, 0.406275, 0.227257, 0.430015, 0.216383, 74.07, 0.999, 37.15, 0.999, 226.41, 0.037, 56.07, 0.027
12943,138090, 74.07, 37.15, 0.999, 0.999, 0.340025, 0.161067,1,1,0, 0.346720, 0.169531, 0.288728, 0.144088, 74.07, 0.999, 37.15, 0.999, 32.08, 0.137, 44.77, 0.101
12944,138101, 74.07, 37.15, 0.999, 0.999, 0.342886, 0.164825,1,1,0, 0.400719, 0.192998, 0.423401, 0.191973, 74.07, 0.999, 37.15, 0.999, 44.44, 0.170, 110.09, 0.120
12945,138112, 37.15, 37.15, 0.999, 0.999, 0.353579, 0.194495,1,1,0, 0.403800, 0.229170, 0.427422, 0.213757, 37.15, 0.999, 74.07, 0.999, 44.11, 0.088, 109.09, 0.069
12946,138122, 74.07, 37.15, 0.999, 0.999, 0.357890, 0.206591,1,1,0, 0.395616, 0.210442, 0.423913, 0.188715, 74.07, 0.999, 37.15, 0.999, 31.41, 0.294, 55.29, 0.125
12947,138133, 74.07, 37.15, 0.999, 0.999, 0.367286, 0.224846,1,1,0, 0.393699, 0.221182, 0.420822, 0.210812, 74.07, 0.999, 37.15, 0.999, 230.76, 0.055, 31.91, 0.054
12948,138144, 74.07, 37.15, 0.999, 0.999, 0.334705, 0.157567,1,1,0, 0.343468, 0.170444, 0.272415, 0.137986, 74.07, 0.999, 37.15, 0.999, 44.60, 0.118, 111.11, 0.089
12949,138154, 74.07, 37.15, 0.999, 0.999, 0.341183, 0.176937,1,1,0, 0.394147, 0.192611, 0.421433, 0.196065, 74.07, 0.999, 37.15, 0.999, 44.44, 0.192, 110.09, 0.133
12950,138165, 74.07, 37.15, 0.999, 0.999, 0.350674, 0.197919,1,1,0, 0.401857, 0.220639, 0.422920, 0.203096, 74.07, 0.999, 37.15, 0.999, 230.76, 0.051, 56.07, 0.047
12951,138176, 74.07, 37.15, 0.999, 0.999, 0.352618, 0.189610,1,1,0, 0.391278, 0.209371, 0.410801, 0.190231, 74.07, 0.999, 37.15, 0.999, 31.49, 0.235, 55.55, 0.106
12952,138186, 74.07, 37.15, 0.999, 0.999, 0.363081, 0.228547,1,1,0, 0.384441, 0.216531, 0.415078, 0.206137, 74.07, 0.999, 37.15, 0.999, 32.00, 0.119, 56.07, 0.086
12953,138197, 37.15, 37.15, 0.999, 0.999, 0.331558, 0.160161,1,1,0, 0.326607, 0.169837, 0.271945, 0.140938, 37.15, 0.999, 74.07, 0.998, 44.60, 0.129, 111.11, 0.095
12954,138208, 74.53, 37.20, 0.974, 0.968, 0.339935, 0.182583,1,1,0, 0.400197, 0.186305, 0.419119, 0.188070, 74.53, 0.974, 37.26, 0.956, 44.44, 0.179, 110.09, 0.117
12955,138218, 74.53, 37.27, 0.918, 0.889, 0.313498, 0.127950,1,1,0, 0.335970, 0.191597, 0.276514, 0.153411, 74.53, 0.918, 37.38, 0.847, 0.00, 0.000, 0.00, 0.000
12956,138229, 74.53, 37.37, 0.746, 0.684, 0.284052, 0.089665,1,1,0, 0.144437, 0.083810, 0.157310, 0.094924, 74.53, 0.746, 37.50, 0.580, 0.00, 0.000, 0.00, 0.000
12957,138240, 37.15, 37.27, 0.751, 0.821, 0.253472, 0.062835,1,1,0, 0.101943, 0.057318, 0.075007, 0.046640, 37.15, 0.751, 73.17, 0.747, 0.00, 0.000, 0.00, 0.000
12958,138250, 75.00, 37.52, 0.748, 0.645, 0.223838, 0.044033,1,1,0, 0.057636, 0.034439, 0.032878, 0.017812, 75.00, 0.748, 37.85, 0.550, 0.00, 0.000, 0.00, 0.000
12959,138261, 77.92, 38.34, 0.904, 0.619, 0.197556, 0.030858,1,1,0, 0.021669, 0.009498, 0.023426, 0.015051, 77.92, 0.904, 39.47, 0.540, 0.00, 0.000, 0.00, 0.000
12960,138272, 75.94, 54.13, 0.581, 0.545, 0.173576, 0.021624,1,1,0, 0.019146, 0.008374, 0.013698, 0.006571, 75.94, 0.581, 0.00, 0.000, 0.00, 0.000, 0.00, 0.000
12961,138282, 33.14, 54.13, 0.373, 0.491, 0.152627, 0.015154,1,1,0, 0.020375, 0.010669, 0.018055, 0.007925, 33.14, 0.373, 375.00, 0.332, 74.07, 0.292, 30.53, 0.151
12962,138293, 315.78, 164.03, 0.682, 0.613, 0.134344, 0.010619,1,1,0, 0.022853, 0.009216, 0.015528, 0.007268, 315.78, 0.682, 97.56, 0.392, 150.00, 0.387, 33.14, 0.382
12963,138304, 74.53, 110.74, 0.637, 0.611, 0.118500, 0.007442,1,1,0, 0.021134, 0.009669, 0.018246, 0.008618, 74.53, 0.637, 37.15, 0.598, 307.69, 0.558, 97.56, 0.529
12964,138314, 307.69, 79.88, 0.578, 0.517, 0.104347, 0.005215,1,1,0, 0.014401, 0.007429, 0.014588, 0.006371, 307.69, 0.578, 97.56, 0.555, 75.00, 0.515, 42.25, 0.515
12965,138325, 42.40, 64.14, 0.758, 0.711, 0.092004, 0.003654,1,1,0, 0.014379, 0.007485, 0.013384, 0.006571, 42.40, 0.758, 74.53, 0.642, 98.36, 0.580, 49.38, 0.545
12966,138336, 42.55, 58.02, 0.793, 0.686, 0.081268, 0.002561,1,1,0, 0.013960, 0.007509, 0.010589, 0.006608, 42.55, 0.793, 49.58, 0.675, 99.17, 0.668, 307.69, 0.567
12967,138346, 49.58, 54.48, 0.785, 0.793, 0.071720, 0.001794,1,1,0, 0.009973, 0.005823, 0.010587, 0.005473, 49.58, 0.785, 42.55, 0.737, 98.36, 0.715, 74.53, 0.660
12968,138357, 33.05, 52.34, 0.837, 0.834, 0.063326, 0.001257,1,1,0, 0.010041, 0.005226, 0.009652, 0.005136, 33.05, 0.837, 98.36, 0.822, 49.38, 0.791, 42.40, 0.768
12969,138368, 292.68, 72.01, 0.735, 0.494, 0.056894, 0.000881,1,1,0, 0.054629, 0.026364, 0.027426, 0.014231, 292.68, 0.735, 99.17, 0.506, 32.78, 0.452, 148.14, 0.435
12970,138378, 42.40, 72.01, 0.338, 0.445, 0.052374, 0.000617,1,1,0, 0.054058, 0.024573, 0.038963, 0.022487, 42.40, 0.338, 33.14, 0.269, 49.38, 0.173, 37.26, 0.105
12971,138389, 50.84, 72.01, 0.430, 0.400, 0.059605, 0.046481,1,1,0, 0.061375, 0.039313, 0.071496, 0.033550, 50.84, 0.430, 36.92, 0.387, 42.55, 0.360, 33.14, 0.329
12972,138400, 52.17, 72.01, 0.489, 0.360, 0.053537, 0.032573,1,1,0, 0.048329, 0.019425, 0.029783, 0.013752, 52.17, 0.489, 36.92, 0.320, 0.00, 0.000, 0.00, 0.000
12973,138410, 55.04, 64.88, 0.825, 0.774, 0.055673, 0.027745,1,1,0, 0.063511, 0.034921, 0.065816, 0.032863, 55.04, 0.825, 103.44, 0.055, 37.03, 0.053, 0.00, 0.000
12974,138421, 55.81, 61.07, 0.939, 0.882, 0.051154, 0.019443,1,1,0, 0.050487, 0.026380, 0.052107, 0.023116, 55.81, 0.939, 36.69, 0.053, 105.26, 0.034, 0.00, 0.000
12975,138432, 55.81, 58.86, 0.901, 0.880, 0.049164, 0.013625,1,1,0, 0.062107, 0.028060, 0.057495, 0.025673, 55.81, 0.901, 36.36, 0.074, 100.84, 0.015, 33.61, 0.013
12976,138442, 55.55, 57.47, 0.938, 0.932, 0.057601, 0.051350,1,1,0, 0.067731, 0.036959, 0.070892, 0.031934, 55.55, 0.938, 0.00, 0.000, 0.00, 0.000, 0.00, 0.000
12977,138453, 56.07, 56.88, 0.911, 0.929, 0.051716, 0.035985,1,1,0, 0.036587, 0.011815, 0.026436, 0.012397, 56.07, 0.911, 0.00, 0.000, 0.00, 0.000, 0.00, 0.000
12978,138464, 57.41, 57.10, 0.936, 0.954, 0.049496, 0.025217,1,1,0, 0.056758, 0.032069, 0.055085, 0.029782, 57.41, 0.936, 37.73, 0.191, 109.09, 0.045, 0.00, 0.000
12979,138474, 56.87, 57.00, 0.886, 0.918, 0.045322, 0.017672,1,1,0, 0.060806, 0.031311, 0.036744, 0.018679, 56.87, 0.886, 36.92, 0.114, 103.44, 0.093, 0.00, 0.000
12980,138485, 52.40, 55.07, 0.810, 0.800, 0.054904, 0.056759,1,1,0, 0.072495, 0.030966, 0.076051, 0.031090, 52.40, 0.810, 36.58, 0.047, 102.56, 0.003, 0.00, 0.000
12981,138496, 54.79, 54.95, 0.793, 0.818, 0.053934, 0.039776,1,1,0, 0.065500, 0.031426, 0.060623, 0.027719, 54.79, 0.793, 36.58, 0.079, 0.00, 0.000, 0.00, 0.000
12982,138506, 56.60, 55.64, 0.858, 0.868, 0.048556, 0.027874,1,1,0, 0.032953, 0.012968, 0.020068, 0.012324, 56.60, 0.858, 0.00, 0.000, 0.00, 0.000, 0.00, 0.000
12983,138517, 56.60, 56.04, 0.905, 0.923, 0.048958, 0.019533,1,1,0, 0.059631, 0.036034, 0.054979, 0.032406, 56.60, 0.905, 37.26, 0.029, 111.11, 0.000, 0.00, 0.000
12984,138528, 55.55, 55.84, 0.878, 0.907, 0.044173, 0.013688,1,1,0, 0.034281, 0.017521, 0.026890, 0.013398, 55.55, 0.878, 36.25, 0.346, 102.56, 0.080, 0.00, 0.000
12985,138538, 55.55, 55.72, 0.901, 0.929, 0.054823, 0.052741,1,1,0, 0.083218, 0.037691, 0.073627, 0.031961, 55.55, 0.901, 103.44, 0.036, 0.00, 0.000, 0.00, 0.000
12986,138549, 55.29, 55.54, 0.870, 0.901, 0.051661, 0.036959,1,1,0, 0.073660, 0.037243, 0.047121, 0.032169, 55.29, 0.870, 37.26, 0.100, 109.09, 0.012, 0.00, 0.000
12987,138560, 55.04, 55.33, 0.738, 0.774, 0.045971, 0.025900,1,1,0, 0.019117, 0.008158, 0.025125, 0.008584, 55.04, 0.738, 37.50, 0.160, 0.00, 0.000, 0.00, 0.000
12988,138570, 56.07, 55.64, 0.833, 0.849, 0.050272, 0.027015,1,1,0, 0.068985, 0.037026, 0.057762, 0.030702, 56.07, 0.833, 37.26, 0.026, 0.00, 0.000, 0.00, 0.000
12989,138581, 56.60, 56.04, 0.744, 0.770, 0.046182, 0.018932,1,1,0, 0.046097, 0.026261, 0.034543, 0.020333, 56.60, 0.744, 35.39, 0.352, 100.84, 0.116, 0.00, 0.000
12990,138592, 55.55, 55.84, 0.817, 0.836, 0.052390, 0.040724,1,1,0, 0.062682, 0.028793, 0.067004, 0.029867, 55.55, 0.817, 36.36, 0.132, 104.34, 0.061, 0.00, 0.000
12991,138602, 55.55, 55.72, 0.924, 0.944, 0.051951, 0.028539,1,1,0, 0.060587, 0.030441, 0.057063, 0.027001, 55.55, 0.924, 37.15, 0.007, 0.00, 0.000, 0.00, 0.000
12992,138613, 56.60, 56.09, 0.906, 0.931, 0.047477, 0.019999,1,1,0, 0.049105, 0.021791, 0.033747, 0.018637, 56.60, 0.906, 0.00, 0.000, 0.00, 0.000, 0.00, 0.000
12993,138624, 56.07, 56.08, 0.941, 0.958, 0.049772, 0.026781,1,1,0, 0.062588, 0.034243, 0.057777, 0.028969, 56.07, 0.941, 0.00, 0.000, 0.00, 0.000, 0.00, 0.000
12994,138634, 55.81, 55.97, 0.925, 0.946, 0.045407, 0.018768,1,1,0, 0.039145, 0.020892, 0.028815, 0.017264, 55.81, 0.925, 36.25, 0.039, 0.00, 0.000, 0.00, 0.000
12995,138645, 55.81, 55.90, 0.943, 0.959, 0.049887, 0.034645,1,1,0, 0.060511, 0.030276, 0.062215, 0.029331, 55.81, 0.943, 37.26, 0.089, 0.00, 0.000, 0.00, 0.000
12996,138656, 55.81, 55.86, 0.957, 0.969, 0.051156, 0.028592,1,1,0, 0.058422, 0.030456, 0.057419, 0.025891, 55.81, 0.957, 0.00, 0.000, 0.00, 0.000, 0.00, 0.000
12997,138666, 55.81, 55.84, 0.944, 0.960, 0.046945, 0.020037,1,1,0, 0.049840, 0.022417, 0.053717, 0.021093, 55.81, 0.944, 36.92, 0.011, 0.00, 0.000, 0.00, 0.000
12998,138677, 55.55, 55.72, 0.957, 0.969, 0.049065, 0.029090,1,1,0, 0.061839, 0.032932, 0.057475, 0.027435, 55.55, 0.957, 0.00, 0.000, 0.00, 0.000, 0.00, 0.000
12999,138688, 55.81, 55.76, 0.925, 0.946, 0.044751, 0.020385,1,1,0, 0.028317, 0.017826, 0.035026, 0.017508, 55.81, 0.925, 33.51, 0.195, 100.00, 0.052, 0.00, 0.000
13000,138698, 55.55, 55.67, 0.954, 0.967, 0.050373, 0.036503,1,1,0, 0.064030, 0.033986, 0.062660, 0.030011, 55.55, 0.954, 37.15, 0.192, 113.20, 0.060, 0.00, 0.000
13001,138709, 55.81, 55.73, 0.952, 0.965, 0.046341, 0.025580,1,1,0, 0.047210, 0.023938, 0.048436, 0.020815, 55.81, 0.952, 36.47, 0.000, 0.00, 0.000, 0.00, 0.000
13002,138720, 55.81, 55.76, 0.948, 0.962, 0.044714, 0.017926,1,1,0, 0.054447, 0.027484, 0.051097, 0.025292, 55.81, 0.948, 0.00, 0.000, 0.00, 0.000, 0.00, 0.000
13003,138730, 55.81, 55.78, 0.960, 0.971, 0.048049, 0.032246,1,1,0, 0.059598, 0.030951, 0.056375, 0.026629, 55.81, 0.960, 0.00, 0.000, 0.00, 0.000, 0.00, 0.000
13004,138741, 56.33, 56.01, 0.932, 0.951, 0.043648, 0.022597,1,1,0, 0.029784, 0.016513, 0.035971, 0.016475, 56.33, 0.932, 33.05, 0.019, 0.00, 0.000, 0.00, 0.000
13005,138752, 56.07, 56.04, 0.946, 0.961, 0.048970, 0.034199,1,1,0, 0.062509, 0.033878, 0.059484, 0.029328, 56.07, 0.946, 37.26, 0.125, 113.20, 0.066, 0.00, 0.000
13006,138762, 55.81, 55.94, 0.923, 0.944, 0.044831, 0.023966,1,1,0, 0.048987, 0.025113, 0.036924, 0.020099, 55.81, 0.923, 35.82, 0.178, 100.84, 0.126, 0.00, 0.000
13007,138773, 55.55, 55.78, 0.939, 0.956, 0.045422, 0.016795,1,1,0, 0.054263, 0.030436, 0.052651, 0.029346, 55.55, 0.939, 37.03, 0.045, 0.00, 0.000, 0.00, 0.000
13008,138784, 55.55, 55.68, 0.969, 0.978, 0.046813, 0.026570,1,1,0, 0.053530, 0.029421, 0.053312, 0.025429, 55.55, 0.969, 0.00, 0.000, 0.00, 0.000, 0.00, 0.000
13009,138794, 55.55, 55.63, 0.982, 0.987, 0.042544, 0.018620,1,1,0, 0.030762, 0.017748, 0.032036, 0.016547, 55.55, 0.982, 0.00, 0.000, 0.00, 0.000, 0.00, 0.000
13010,138805, 55.55, 55.59, 0.995, 0.996, 0.045510, 0.027222,1,1,0, 0.054996, 0.031327, 0.054277, 0.026629, 55.55, 0.995, 0.00, 0.000, 0.00, 0.000, 0.00, 0.000
13011,138816, 55.55, 55.58, 0.997, 0.997, 0.041550, 0.019076,1,1,0, 0.034217, 0.019181, 0.032686, 0.017150, 55.55, 0.997, 35.08, 0.415, 103.44, 0.094, 0.00, 0.000
13012,138826, 55.55, 55.57, 0.996, 0.997, 0.043680, 0.021421,1,1,0, 0.055649, 0.031898, 0.052428, 0.029472, 55.55, 0.996, 0.00, 0.000, 0.00, 0.000, 0.00, 0.000
13013,138837, 55.55, 55.56, 0.996, 0.997, 0.047530, 0.035820,1,1,0, 0.056249, 0.029488, 0.055317, 0.025518, 55.55, 0.996, 0.00, 0.000, 0.00, 0.000, 0.00, 0.000
13014,138848, 55.55, 55.56, 0.994, 0.996, 0.043446, 0.025102,1,1,0, 0.045700, 0.020873, 0.034322, 0.018809, 55.55, 0.994, 0.00, 0.000, 0.00, 0.000, 0.00, 0.000
13015,138858, 55.29, 55.45, 0.994, 0.996, 0.044275, 0.021682,1,1,0, 0.052861, 0.030666, 0.051003, 0.024993, 55.29, 0.994, 0.00, 0.000, 0.00, 0.000, 0.00, 0.000
13016,138869, 55.55, 55.49, 0.994, 0.996, 0.040662, 0.015194,1,1,0, 0.033068, 0.019991, 0.034945, 0.018964, 55.55, 0.994, 34.98, 0.293, 102.56, 0.052, 0.00, 0.000
13017,138880, 55.55, 55.52, 0.996, 0.997, 0.042741, 0.019886,1,1,0, 0.052773, 0.031306, 0.050147, 0.029111, 55.55, 0.996, 37.03, 0.061, 112.14, 0.012, 0.00, 0.000
13018,138890, 55.55, 55.53, 0.996, 0.997, 0.045949, 0.033013,1,1,0, 0.053591, 0.026506, 0.052571, 0.023023, 55.55, 0.996, 0.00, 0.000, 0.00, 0.000, 0.00, 0.000
13019,138901, 55.55, 55.54, 0.997, 0.998, 0.042446, 0.023135,1,1,0, 0.050027, 0.025696, 0.043487, 0.022207, 55.55, 0.997, 0.00, 0.000, 0.00, 0.000, 0.00, 0.000
13020,138912, 55.29, 55.44, 0.996, 0.997, 0.043436, 0.019965,1,1,0, 0.049173, 0.029494, 0.049151, 0.024294, 55.29, 0.996, 0.00, 0.000, 0.00, 0.000, 0.00, 0.000
13021,138922, 55.29, 55.38, 0.993, 0.995, 0.039835, 0.013991,1,1,0, 0.034759, 0.018181, 0.035031, 0.018354, 55.29, 0.993, 34.48, 0.228, 0.00, 0.000, 0.00, 0.000
13022,138933, 55.55, 55.45, 0.992, 0.994, 0.040841, 0.016394,1,1,0, 0.052120, 0.030505, 0.047333, 0.027393, 55.55, 0.992, 37.38, 0.135, 114.28, 0.055, 0.00, 0.000
13023,138944, 55.55, 55.49, 0.992, 0.994, 0.041586, 0.030891,1,1,0, 0.054398, 0.021936, 0.049922, 0.019461, 55.55, 0.992, 0.00, 0.000, 0.00, 0.000, 0.00, 0.000
13024,138954, 55.55, 55.52, 0.997, 0.998, 0.040540, 0.021647,1,1,0, 0.054703, 0.030601, 0.049883, 0.026293, 55.55, 0.997, 0.00, 0.000, 0.00, 0.000, 0.00, 0.000
13025,138965, 55.55, 55.53, 0.997, 0.998, 0.042429, 0.025948,1,1,0, 0.049249, 0.029069, 0.049397, 0.023821, 55.55, 0.997, 0.00, 0.000, 0.00, 0.000, 0.00, 0.000
13026,138976, 55.55, 55.54, 0.995, 0.996, 0.039020, 0.018183,1,1,0, 0.039647, 0.020809, 0.041653, 0.020399, 55.55, 0.995, 34.38, 0.012, 0.00, 0.000, 0.00, 0.000
13027,138986, 55.29, 55.44, 0.997, 0.998, 0.040049, 0.019132,1,1,0, 0.046809, 0.028878, 0.046868, 0.025861, 55.29, 0.997, 37.50, 0.130, 114.28, 0.014, 0.00, 0.000
13028,138997, 55.55, 55.48, 0.997, 0.998, 0.036970, 0.013407,1,1,0, 0.040140, 0.019909, 0.040738, 0.017563, 55.55, 0.997, 34.78, 0.120, 0.00, 0.000, 0.00, 0.000
13029,139008, 55.55, 55.51, 0.998, 0.998, 0.039038, 0.020226,1,1,0, 0.050345, 0.031062, 0.047327, 0.027337, 55.55, 0.998, 0.00, 0.000, 0.00, 0.000, 0.00, 0.000
13030,139018, 55.55, 55.53, 0.998, 0.998, 0.039702, 0.021476,1,1,0, 0.048095, 0.026495, 0.045191, 0.021562, 55.55, 0.998, 0.00, 0.000, 0.00, 0.000, 0.00, 0.000
13031,139029, 55.55, 55.54, 0.995, 0.996, 0.038074, 0.015050,1,1,0, 0.040995, 0.022998, 0.043288, 0.021521, 55.55, 0.995, 0.00, 0.000, 0.00, 0.000, 0.00, 0.000
13032,139040, 55.29, 55.44, 0.995, 0.996, 0.038114, 0.015646,1,1,0, 0.041164, 0.025927, 0.043729, 0.022895, 55.29, 0.995, 37.50, 0.025, 0.00, 0.000, 0.00, 0.000
13033,139050, 55.55, 55.48, 0.993, 0.995, 0.035382, 0.010964,1,1,0, 0.040137, 0.022265, 0.039592, 0.018504, 55.55, 0.993, 35.08, 0.359, 103.44, 0.046, 0.00, 0.000
13034,139061, 55.55, 55.51, 0.987, 0.991, 0.037987, 0.019569,1,1,0, 0.046508, 0.028907, 0.045198, 0.026699, 55.55, 0.987, 113.20, 0.018, 37.61, 0.002, 0.00, 0.000
13035,139072, 33.24, 39.92, 0.635, 0.608, 0.250235, 0.815890,1,1,1, 0.439104, 0.163284, 0.422022, 0.146138, 33.24, 0.635, 84.50, 0.348, 46.15, 0.117, 0.00, 0.000
13036,139082, 96.77, 79.71, 0.721, 0.680, 0.384760, 0.571759,1,1,0, 0.516470, 0.236437, 0.486770, 0.225296, 96.77, 0.721, 44.60, 0.414, 30.45, 0.179, 193.54, 0.039
13037,139093, 98.36, 58.20, 0.815, 0.560, 0.417891, 0.400677,1,1,0, 0.602309, 0.239511, 0.525820, 0.229985, 98.36, 0.815, 48.97, 0.517, 39.34, 0.199, 67.41, 0.067
13038,139104, 99.17, 52.17, 0.922, 0.895, 0.425117, 0.280786,1,1,0, 0.593907, 0.238709, 0.498617, 0.227723, 99.17, 0.922, 49.58, 0.854, 32.87, 0.807, 39.73, 0.113
13039,139114, 49.79, 50.50, 0.983, 0.988, 0.425680, 0.248689,1,1,0, 0.643195, 0.243156, 0.512777, 0.230931, 49.79, 0.983, 99.17, 0.975, 33.14, 0.970, 65.93, 0.025
13040,139125, 99.17, 50.00, 0.991, 0.993, 0.424049, 0.199641,1,1,0, 0.635579, 0.244754, 0.492079, 0.228373, 99.17, 0.991, 49.79, 0.990, 33.14, 0.989, 0.00, 0.000
13041,139136, 99.17, 49.85, 0.985, 0.983, 0.439730, 0.361978,1,1,0, 0.532851, 0.262086, 0.560575, 0.236952, 99.17, 0.985, 49.79, 0.976, 33.14, 0.970, 0.00, 0.000
13042,139146, 33.14, 49.81, 0.980, 0.978, 0.412079, 0.253667,1,1,0, 0.487447, 0.215967, 0.478040, 0.209975, 33.14, 0.980, 49.79, 0.969, 99.17, 0.968, 0.00, 0.000
13043,139157, 33.14, 49.79, 0.998, 0.985, 0.402703, 0.177765,1,1,0, 0.527971, 0.227991, 0.476313, 0.216891, 33.14, 0.998, 49.79, 0.980, 99.17, 0.964, 39.73, 0.010
13044,139168, 49.58, 49.65, 0.978, 0.984, 0.399225, 0.216141,1,1,0, 0.572124, 0.227016, 0.499804, 0.218864, 49.58, 0.978, 99.17, 0.971, 33.05, 0.956, 66.66, 0.022
13045,139178, 49.58, 49.62, 0.991, 0.993, 0.393011, 0.156735,1,1,0, 0.548696, 0.236730, 0.471084, 0.223808, 49.58, 0.991, 99.17, 0.989, 33.14, 0.984, 200.00, 0.048
13046,139189, 33.14, 49.69, 0.993, 0.995, 0.414997, 0.278019,1,1,0, 0.583433, 0.263261, 0.493531, 0.245439, 33.14, 0.993, 99.17, 0.993, 49.79, 0.993, 67.03, 0.045
13047,139200, 33.14, 49.73, 0.995, 0.996, 0.414778, 0.211404,1,1,0, 0.568122, 0.255939, 0.488860, 0.236502, 33.14, 0.995, 49.79, 0.994, 99.17, 0.993, 39.86, 0.034
13048,139210, 33.14, 49.75, 0.994, 0.995, 0.420906, 0.212594,1,1,0, 0.531644, 0.237105, 0.486610, 0.233576, 33.14, 0.994, 49.79, 0.993, 99.17, 0.993, 0.00, 0.000
13049,139221, 49.79, 49.77, 0.995, 0.996, 0.414350, 0.241056,1,1,0, 0.538079, 0.241232, 0.483294, 0.230429, 49.79, 0.995, 33.14, 0.990, 99.17, 0.987, 39.86, 0.018
13050,139232, 49.79, 49.78, 0.996, 0.997, 0.413389, 0.180515,1,1,0, 0.525598, 0.241870, 0.486256, 0.238444, 49.79, 0.996, 33.14, 0.991, 99.17, 0.985, 66.66, 0.011
13051,139242, 49.58, 49.69, 0.995, 0.996, 0.403606, 0.144065,1,1,0, 0.509619, 0.221470, 0.441647, 0.213418, 49.58, 0.995, 33.14, 0.987, 99.17, 0.984, 200.00, 0.030
13052,139253, 49.58, 49.65, 0.994, 0.996, 0.409173, 0.291459,1,1,0, 0.574921, 0.228834, 0.493920, 0.219148, 49.58, 0.994, 33.05, 0.990, 99.17, 0.989, 66.29, 0.065
13053,139264, 49.58, 49.62, 0.992, 0.994, 0.399796, 0.204249,1,1,0, 0.527315, 0.219048, 0.463122, 0.208819, 49.58, 0.992, 33.14, 0.992, 99.17, 0.990, 196.72, 0.085
13054,139274, 49.58, 49.60, 0.992, 0.994, 0.399172, 0.237894,1,1,0, 0.567565, 0.227033, 0.477094, 0.216847, 49.58, 0.992, 99.17, 0.990, 33.14, 0.988, 65.93, 0.083
13055,139285, 49.79, 49.68, 0.995, 0.996, 0.394848, 0.219425,1,1,0, 0.531316, 0.223480, 0.471325, 0.213464, 49.79, 0.995, 33.14, 0.990, 99.17, 0.988, 39.73, 0.089
13056,139296, 49.79, 49.73, 0.993, 0.995, 0.399705, 0.214701,1,1,0, 0.560545, 0.234676, 0.469431, 0.222560, 49.79, 0.993, 99.17, 0.985, 33.14, 0.984, 39.34, 0.060
13057,139306, 49.79, 49.75, 0.994, 0.996, 0.386288, 0.176520,1,1,0, 0.524905, 0.214471, 0.460876, 0.206894, 49.79, 0.994, 33.14, 0.985, 99.17, 0.985, 65.57, 0.042
13058,139317, 49.79, 49.77, 0.995, 0.997, 0.381781, 0.144193,1,1,0, 0.510954, 0.220973, 0.441709, 0.209079, 49.79, 0.995, 33.14, 0.986, 99.17, 0.986, 39.60, 0.074
13059,139328, 49.79, 49.78, 0.993, 0.995, 0.373135, 0.197202,1,1,0, 0.521720, 0.209453, 0.461100, 0.201653, 49.79, 0.993, 99.17, 0.989, 33.14, 0.988, 66.29, 0.071
13060,139338, 49.58, 49.69, 0.996, 0.997, 0.359430, 0.138195,1,1,0, 0.483597, 0.206890, 0.427300, 0.196469, 49.58, 0.996, 33.05, 0.992, 99.17, 0.990, 200.00, 0.109
13061,139349, 49.58, 49.65, 0.992, 0.994, 0.369842, 0.263317,1,1,0, 0.552829, 0.224094, 0.483647, 0.213880, 49.58, 0.992, 99.17, 0.987, 33.05, 0.980, 66.66, 0.125
13062,139360, 49.58, 49.62, 0.994, 0.996, 0.369680, 0.197105,1,1,0, 0.507241, 0.232860, 0.456636, 0.219797, 49.58, 0.994, 33.14, 0.990, 99.17, 0.986, 200.00, 0.121
13063,139370, 49.58, 49.60, 0.994, 0.996, 0.392722, 0.262350,1,1,0, 0.537332, 0.249185, 0.458485, 0.234875, 49.58, 0.994, 99.17, 0.987, 33.05, 0.986, 66.66, 0.099
13064,139381, 49.79, 49.68, 0.995, 0.996, 0.386255, 0.235115,1,1,0, 0.520528, 0.231829, 0.446030, 0.214890, 49.79, 0.995, 33.14, 0.991, 99.17, 0.989, 39.73, 0.097
13065,139392, 49.79, 49.73, 0.996, 0.997, 0.388742, 0.212642,1,1,0, 0.495382, 0.223738, 0.445402, 0.218945, 49.79, 0.996, 33.14, 0.995, 99.17, 0.991, 66.29, 0.060
13066,139402, 49.79, 49.75, 0.995, 0.996, 0.374453, 0.149015,1,1,0, 0.467109, 0.212267, 0.404357, 0.208178, 49.79, 0.995, 33.14, 0.991, 99.17, 0.989, 39.86, 0.092
13067,139413, 49.79, 49.77, 0.995, 0.996, 0.382457, 0.260948,1,1,0, 0.508823, 0.225826, 0.451934, 0.218999, 49.79, 0.995, 33.14, 0.991, 99.17, 0.988, 66.66, 0.107
13068,139424, 49.58, 49.69, 0.994, 0.996, 0.369136, 0.182867,1,1,0, 0.464173, 0.206903, 0.413988, 0.199631, 49.58, 0.994, 33.05, 0.988, 99.17, 0.988, 200.00, 0.138
13069,139434, 49.58, 49.64, 0.995, 0.996, 0.378934, 0.269230,1,1,0, 0.526056, 0.214900, 0.457540, 0.205886, 49.58, 0.995, 33.05, 0.990, 99.17, 0.989, 66.29, 0.162
13070,139445, 49.79, 49.70, 0.996, 0.997, 0.375304, 0.207724,1,1,0, 0.489560, 0.210250, 0.443049, 0.200483, 49.79, 0.996, 33.14, 0.991, 99.17, 0.989, 66.29, 0.155
13071,139456, 49.58, 49.65, 0.994, 0.995, 0.372247, 0.206958,1,1,0, 0.513162, 0.216359, 0.441915, 0.206505, 49.58, 0.994, 99.17, 0.987, 33.14, 0.985, 39.47, 0.133
13072,139466, 49.58, 49.62, 0.994, 0.996, 0.369765, 0.203359,1,1,0, 0.488456, 0.209696, 0.441701, 0.201216, 49.58, 0.994, 33.14, 0.987, 99.17, 0.987, 39.47, 0.119
13073,139477, 49.79, 49.69, 0.994, 0.996, 0.366250, 0.146715,1,1,0, 0.485377, 0.217529, 0.417236, 0.205867, 49.79, 0.994, 99.17, 0.986, 33.14, 0.984, 39.47, 0.140
13074,139488, 49.79, 49.73, 0.995, 0.996, 0.359324, 0.168965,1,1,0, 0.482328, 0.199144, 0.429582, 0.192178, 49.79, 0.995, 33.14, 0.989, 99.17, 0.987, 65.93, 0.130
13075,139498, 49.58, 49.67, 0.996, 0.997, 0.340658, 0.118407,1,1,0, 0.443764, 0.197420, 0.384582, 0.186921, 49.58, 0.996, 33.14, 0.991, 99.17, 0.989, 39.47, 0.168
13076,139509, 49.58, 49.63, 0.993, 0.995, 0.351615, 0.231221,1,1,0, 0.506541, 0.208122, 0.445912, 0.198909, 49.58, 0.993, 99.17, 0.986, 33.05, 0.982, 66.29, 0.184
13077,139520, 49.58, 49.61, 0.995, 0.996, 0.340612, 0.162035,1,1,0, 0.457112, 0.195852, 0.412417, 0.188022, 49.58, 0.995, 33.05, 0.987, 99.17, 0.986, 200.00, 0.198
13078,139530, 49.79, 49.69, 0.992, 0.994, 0.346888, 0.198687,1,1,0, 0.500875, 0.217159, 0.437301, 0.205126, 49.79, 0.992, 99.17, 0.985, 33.14, 0.980, 67.03, 0.198
13079,139541, 49.79, 49.73, 0.995, 0.996, 0.361257, 0.229761,1,1,0, 0.498474, 0.226446, 0.433431, 0.213997, 49.79, 0.995, 33.14, 0.990, 99.17, 0.987, 40.00, 0.181
13080,139552, 49.58, 49.67, 0.995, 0.996, 0.374383, 0.231087,1,1,0, 0.502699, 0.237407, 0.430956, 0.224474, 49.58, 0.995, 33.14, 0.992, 99.17, 0.989, 66.29, 0.128
13081,139562, 49.79, 49.72, 0.995, 0.996, 0.358376, 0.161941,1,1,0, 0.464853, 0.200841, 0.398072, 0.189184, 49.79, 0.995, 33.14, 0.992, 99.17, 0.989, 39.73, 0.146
13082,139573, 49.79, 49.75, 0.996, 0.997, 0.362562, 0.226070,1,1,0, 0.473683, 0.213165, 0.422931, 0.207012, 49.79, 0.996, 33.14, 0.993, 99.17, 0.989, 66.66, 0.153
13083,139584, 49.58, 49.68, 0.994, 0.995, 0.346111, 0.158425,1,1,0, 0.430101, 0.193283, 0.382172, 0.191757, 49.58, 0.994, 33.14, 0.990, 99.17, 0.988, 66.66, 0.176
13084,139594, 49.58, 49.64, 0.996, 0.997, 0.360658, 0.277319,1,1,0, 0.491989, 0.214657, 0.435327, 0.206619, 49.58, 0.996, 33.05, 0.990, 99.17, 0.987, 66.29, 0.209
13085,139605, 49.58, 49.61, 0.993, 0.995, 0.357308, 0.194339,1,1,0, 0.452162, 0.200039, 0.415167, 0.192662, 49.58, 0.993, 33.05, 0.988, 99.17, 0.987, 66.29, 0.236
13086,139616, 49.58, 49.60, 0.994, 0.996, 0.357013, 0.207968,1,1,0, 0.485449, 0.201471, 0.421266, 0.192901, 49.58, 0.994, 33.14, 0.991, 99.17, 0.989, 39.60, 0.236
13087,139626, 49.79, 49.68, 0.995, 0.997, 0.356760, 0.207784,1,1,0, 0.466336, 0.199852, 0.425185, 0.190998, 49.79, 0.995, 33.14, 0.990, 99.17, 0.988, 65.93, 0.200
13088,139637, 49.79, 49.72, 0.993, 0.995, 0.352085, 0.181174,1,1,0, 0.480761, 0.208092, 0.415630, 0.198467, 49.79, 0.993, 99.17, 0.985, 33.14, 0.983, 39.47, 0.212
13089,139648, 49.79, 49.75, 0.995, 0.996, 0.350758, 0.199369,1,1,0, 0.465776, 0.196063, 0.423722, 0.188140, 49.79, 0.995, 33.14, 0.986, 99.17, 0.985, 65.93, 0.175
13090,139658, 49.79, 49.77, 0.995, 0.996, 0.333683, 0.139714,1,1,0, 0.435004, 0.194798, 0.380830, 0.184968, 49.79, 0.995, 99.17, 0.985, 33.14, 0.984, 39.60, 0.210
13091,139669, 49.79, 49.78, 0.995, 0.996, 0.337436, 0.205950,1,1,0, 0.468858, 0.192554, 0.417302, 0.184982, 49.79, 0.995, 33.14, 0.988, 99.17, 0.988, 66.29, 0.218
13092,139680, 49.58, 49.69, 0.996, 0.997, 0.322883, 0.144326,1,1,0, 0.417571, 0.184500, 0.377806, 0.175177, 49.58, 0.996, 33.05, 0.989, 99.17, 0.988, 39.60, 0.265
13093,139690, 49.58, 49.65, 0.993, 0.995, 0.334297, 0.222447,1,1,0, 0.477814, 0.204058, 0.424276, 0.192365, 49.58, 0.993, 99.17, 0.984, 33.05, 0.979, 66.29, 0.280
13094,139701, 49.79, 49.71, 0.995, 0.996, 0.331314, 0.166958,1,1,0, 0.440116, 0.186961, 0.410609, 0.182338, 49.79, 0.995, 33.14, 0.985, 99.17, 0.984, 200.00, 0.261
13095,139712, 49.79, 49.74, 0.993, 0.995, 0.332346, 0.163656,1,1,0, 0.465971, 0.212475, 0.409930, 0.200340, 49.79, 0.993, 99.17, 0.985, 33.14, 0.983, 66.66, 0.239
13096,139722, 49.58, 49.67, 0.995, 0.997, 0.351506, 0.183277,1,1,0, 0.454399, 0.218180, 0.417429, 0.206208, 49.58, 0.995, 33.14, 0.992, 99.17, 0.989, 39.86, 0.218
13097,139733, 49.79, 49.72, 0.996, 0.997, 0.356578, 0.225599,1,1,0, 0.451291, 0.220684, 0.411413, 0.209504, 49.79, 0.996, 33.14, 0.994, 99.17, 0.990, 200.00, 0.186
13098,139744, 49.79, 49.75, 0.995, 0.996, 0.334758, 0.158095,1,1,0, 0.402946, 0.175457, 0.359467, 0.169280, 49.79, 0.995, 33.14, 0.990, 99.17, 0.988, 66.29, 0.221
13099,139754, 49.79, 49.77, 0.996, 0.997, 0.343846, 0.245051,1,1,0, 0.452009, 0.202014, 0.407740, 0.193162, 49.79, 0.996, 33.14, 0.990, 99.17, 0.987, 40.00, 0.256
13100,139765, 49.58, 49.69, 0.994, 0.995, 0.335002, 0.171726,1,1,0, 0.407706, 0.189793, 0.377071, 0.188335, 49.58, 0.994, 33.05, 0.987, 99.17, 0.987, 66.29, 0.275
13101,139776, 49.58, 49.64, 0.995, 0.996, 0.343420, 0.230026,1,1,0, 0.456560, 0.201046, 0.407213, 0.193403, 49.58, 0.995, 33.05, 0.991, 99.17, 0.988, 39.73, 0.323
13102,139786, 49.79, 49.70, 0.994, 0.996, 0.344492, 0.195666,1,1,0, 0.431984, 0.192934, 0.403212, 0.185501, 49.79, 0.994, 33.14, 0.989, 99.17, 0.988, 66.29, 0.309
13103,139797, 49.58, 49.65, 0.994, 0.996, 0.340077, 0.169538,1,1,0, 0.450269, 0.194857, 0.394632, 0.186293, 49.58, 0.994, 33.14, 0.988, 99.17, 0.987, 39.60, 0.308
13104,139808, 49.58, 49.62, 0.996, 0.997, 0.341198, 0.192124,1,1,0, 0.437712, 0.191070, 0.405299, 0.182989, 49.58, 0.996, 33.05, 0.988, 99.17, 0.986, 65.93, 0.249
13105,139818, 49.79, 49.69, 0.993, 0.995, 0.330106, 0.134637,1,1,0, 0.426940, 0.193221, 0.378611, 0.184850, 49.79, 0.993, 99.17, 0.985, 33.14, 0.983, 39.47, 0.271
13106,139829, 49.79, 49.73, 0.996, 0.997, 0.330501, 0.179248,1,1,0, 0.436306, 0.186085, 0.397348, 0.177959, 49.79, 0.996, 33.14, 0.989, 99.17, 0.986, 65.93, 0.253
13107,139840, 49.58, 49.67, 0.994, 0.996, 0.311854, 0.125613,1,1,0, 0.386670, 0.176886, 0.349424, 0.168509, 49.58, 0.994, 33.14, 0.987, 99.17, 0.986, 39.60, 0.292
13108,139850, 49.58, 49.63, 0.994, 0.996, 0.320050, 0.195021,1,1,0, 0.439478, 0.191342, 0.394772, 0.182269, 49.58, 0.994, 33.05, 0.986, 99.17, 0.986, 66.29, 0.312
13109,139861, 49.58, 49.61, 0.995, 0.996, 0.314269, 0.138318,1,1,0, 0.401667, 0.179729, 0.377289, 0.172084, 49.58, 0.995, 33.05, 0.986, 99.17, 0.986, 39.73, 0.336
13110,139872, 49.58, 49.60, 0.992, 0.994, 0.315674, 0.160921,1,1,0, 0.434700, 0.194040, 0.387276, 0.181274, 49.58, 0.992, 99.17, 0.985, 33.14, 0.980, 66.66, 0.341
13111,139882, 49.79, 49.68, 0.995, 0.996, 0.318159, 0.166092,1,1,0, 0.420393, 0.181898, 0.395474, 0.178742, 49.79, 0.995, 33.14, 0.990, 99.17, 0.985, 66.66, 0.304
13112,139893, 49.58, 49.64, 0.994, 0.995, 0.324562, 0.211469,1,1,0, 0.433010, 0.211571, 0.385043, 0.199876, 49.58, 0.994, 33.14, 0.988, 99.17, 0.986, 40.00, 0.288
13113,139904, 49.58, 49.61, 0.996, 0.997, 0.330891, 0.165820,1,1,0, 0.431351, 0.204126, 0.400446, 0.193901, 49.58, 0.996, 33.14, 0.991, 99.17, 0.988, 66.29, 0.257
13114,139914, 49.79, 49.69, 0.997, 0.997, 0.334607, 0.212597,1,1,0, 0.427666, 0.200675, 0.387108, 0.189594, 49.79, 0.997, 33.14, 0.993, 99.17, 0.988, 200.00, 0.279
13115,139925, 49.58, 49.64, 0.994, 0.996, 0.317600, 0.148983,1,1,0, 0.374754, 0.165823, 0.346648, 0.163128, 49.58, 0.994, 33.14, 0.988, 99.17, 0.987, 66.66, 0.317
13116,139936, 49.58, 49.62, 0.996, 0.997, 0.328245, 0.239791,1,1,0, 0.437168, 0.191849, 0.392460, 0.182059, 49.58, 0.996, 33.14, 0.990, 99.17, 0.986, 39.86, 0.354
13117,139946, 49.58, 49.60, 0.994, 0.995, 0.327709, 0.181714,1,1,0, 0.400355, 0.189692, 0.380331, 0.187357, 49.58, 0.994, 99.17, 0.986, 33.05, 0.986, 66.29, 0.369
13118,139957, 49.58, 49.59, 0.995, 0.996, 0.326006, 0.176413,1,1,0, 0.421890, 0.188570, 0.378527, 0.181701, 49.58, 0.995, 33.14, 0.993, 99.17, 0.988, 39.73, 0.412
13119,139968, 49.79, 49.68, 0.995, 0.996, 0.329678, 0.206439,1,1,0, 0.413893, 0.184793, 0.392965, 0.177055, 49.79, 0.995, 33.05, 0.987, 99.17, 0.987, 65.93, 0.342
13120,139978, 49.79, 49.72, 0.994, 0.996, 0.323508, 0.153040,1,1,0, 0.418137, 0.188783, 0.375029, 0.180641, 49.79, 0.994, 99.17, 0.985, 33.14, 0.985, 39.47, 0.353
13121,139989, 49.79, 49.75, 0.995, 0.997, 0.326513, 0.198695,1,1,0, 0.420811, 0.183187, 0.393574, 0.175640, 49.79, 0.995, 33.05, 0.987, 99.17, 0.985, 65.93, 0.306
13122,140000, 49.79, 49.77, 0.994, 0.996, 0.308438, 0.139241,1,1,0, 0.375093, 0.174045, 0.343098, 0.167077, 49.79, 0.994, 99.17, 0.984, 33.14, 0.982, 39.60, 0.306
13123,140010, 49.79, 49.77, 0.996, 0.997, 0.311016, 0.181894,1,1,0, 0.412246, 0.180144, 0.378727, 0.171802, 49.79, 0.996, 33.14, 0.991, 99.17, 0.987, 66.29, 0.330
13124,140021, 49.58, 49.69, 0.996, 0.997, 0.298789, 0.127467,1,1,0, 0.361832, 0.171394, 0.345715, 0.163955, 49.58, 0.996, 33.05, 0.987, 99.17, 0.987, 39.60, 0.369
13125,140032, 49.58, 49.65, 0.994, 0.996, 0.305955, 0.189956,1,1,0, 0.414778, 0.188591, 0.380082, 0.177530, 49.58, 0.994, 99.17, 0.984, 33.05, 0.983, 66.29, 0.379
13126,140042, 49.79, 49.71, 0.995, 0.996, 0.305903, 0.163272,1,1,0, 0.388359, 0.174327, 0.376545, 0.168974, 49.79, 0.995, 33.05, 0.984, 99.17, 0.984, 66.29, 0.386
13127,140053, 49.58, 49.65, 0.993, 0.994, 0.300989, 0.133457,1,1,0, 0.401558, 0.186104, 0.364498, 0.173485, 49.58, 0.993, 99.17, 0.984, 33.14, 0.981, 39.86, 0.380
13128,140064, 49.58, 49.62, 0.996, 0.997, 0.304865, 0.164204,1,1,0, 0.393595, 0.181977, 0.379383, 0.178268, 49.58, 0.996, 33.05, 0.992, 99.17, 0.987, 66.66, 0.333
13129,140074, 49.79, 49.69, 0.995, 0.996, 0.317701, 0.217832,1,1,0, 0.397950, 0.204302, 0.376113, 0.194155, 49.79, 0.995, 33.14, 0.991, 99.17, 0.987, 39.86, 0.358
13130,140085, 49.79, 49.73, 0.995, 0.996, 0.307493, 0.152652,1,1,0, 0.396929, 0.185038, 0.373675, 0.177601, 49.79, 0.995, 33.14, 0.989, 99.17, 0.988, 66.29, 0.338
13131,140096, 49.79, 49.76, 0.996, 0.997, 0.312334, 0.204243,1,1,0, 0.387979, 0.186048, 0.362246, 0.173900, 49.79, 0.996, 33.14, 0.991, 99.17, 0.986, 200.00, 0.366
13132,140106, 49.58, 49.68, 0.994, 0.996, 0.304975, 0.143129,1,1,0, 0.349486, 0.170059, 0.342445, 0.167423, 49.58, 0.994, 33.05, 0.988, 99.17, 0.986, 66.66, 0.393
13133,140117, 49.58, 49.64, 0.995, 0.997, 0.308030, 0.184702,1,1,0, 0.387598, 0.181309, 0.358008, 0.172600, 49.58, 0.995, 33.14, 0.992, 99.17, 0.986, 40.00, 0.421
13134,140128, 49.58, 49.62, 0.993, 0.995, 0.312550, 0.180754,1,1,0, 0.368645, 0.186489, 0.362824, 0.182873, 49.58, 0.993, 99.17, 0.986, 33.05, 0.985, 66.29, 0.416
13135,140138, 49.79, 49.69, 0.995, 0.996, 0.307679, 0.134514,1,1,0, 0.376699, 0.181554, 0.348067, 0.175051, 49.79, 0.995, 33.14, 0.991, 99.17, 0.986, 39.60, 0.453
13136,140149, 49.58, 49.64, 0.996, 0.997, 0.313036, 0.185103,1,1,0, 0.385870, 0.178204, 0.368863, 0.170583, 49.58, 0.996, 33.05, 0.989, 99.17, 0.986, 65.93, 0.370
13137,140160, 49.79, 49.70, 0.994, 0.996, 0.300756, 0.129716,1,1,0, 0.359705, 0.177368, 0.334393, 0.170249, 49.79, 0.994, 99.17, 0.985, 33.14, 0.985, 39.60, 0.379
13138,140170, 49.79, 49.74, 0.996, 0.997, 0.302896, 0.162310,1,1,0, 0.380810, 0.174383, 0.358465, 0.166938, 49.79, 0.996, 33.14, 0.991, 99.17, 0.986, 65.93, 0.367
13139,140181, 49.58, 49.67, 0.993, 0.995, 0.285320, 0.113743,1,1,0, 0.322926, 0.162451, 0.312003, 0.156400, 49.58, 0.993, 99.17, 0.985, 33.14, 0.984, 196.72, 0.379
13140,140192, 49.58, 49.63, 0.995, 0.997, 0.290665, 0.160197,1,1,0, 0.377290, 0.176955, 0.349450, 0.168470, 49.58, 0.995, 33.05, 0.989, 99.17, 0.986, 65.93, 0.403
13141,140202, 49.58, 49.61, 0.996, 0.997, 0.287257, 0.119318,1,1,0, 0.340829, 0.173275, 0.337839, 0.166096, 49.58, 0.996, 99.17, 0.985, 33.05, 0.983, 66.29, 0.423
13142,140213, 49.58, 49.60, 0.994, 0.995, 0.286056, 0.123570,1,1,0, 0.364382, 0.181888, 0.338894, 0.169131, 49.58, 0.994, 99.17, 0.983, 33.14, 0.983, 200.00, 0.423
13143,140224, 49.79, 49.68, 0.995, 0.996, 0.290633, 0.151714,1,1,0, 0.359917, 0.169511, 0.354880, 0.165540, 49.79, 0.995, 33.14, 0.987, 99.17, 0.984, 66.29, 0.419
13144,140234, 49.58, 49.64, 0.993, 0.995, 0.283963, 0.106318,1,1,0, 0.361381, 0.179044, 0.334581, 0.168556, 49.58, 0.993, 33.14, 0.985, 99.17, 0.985, 39.86, 0.451
13145,140245, 49.58, 49.61, 0.996, 0.997, 0.291094, 0.149649,1,1,0, 0.371526, 0.183188, 0.358052, 0.178480, 49.58, 0.996, 33.05, 0.993, 99.17, 0.988, 66.66, 0.382
13146,140256, 49.79, 49.69, 0.996, 0.997, 0.299597, 0.183160,1,1,0, 0.364594, 0.188232, 0.343703, 0.179712, 49.79, 0.996, 33.14, 0.989, 99.17, 0.987, 40.00, 0.428
13147,140266, 49.79, 49.73, 0.995, 0.996, 0.287504, 0.128354,1,1,0, 0.356384, 0.176005, 0.327445, 0.169486, 49.79, 0.995, 33.05, 0.987, 99.17, 0.986, 66.29, 0.422
13148,140277, 49.58, 49.67, 0.997, 0.997, 0.293366, 0.182191,1,1,0, 0.363464, 0.175395, 0.338173, 0.163106, 49.58, 0.997, 33.14, 0.989, 99.17, 0.985, 200.00, 0.442
13149,140288, 49.58, 49.63, 0.994, 0.996, 0.294314, 0.152422,1,1,0, 0.338356, 0.173883, 0.334925, 0.170446, 49.58, 0.994, 33.05, 0.987, 99.17, 0.986, 66.66, 0.453
13150,140298, 49.79, 49.70, 0.995, 0.997, 0.289036, 0.117360,1,1,0, 0.347416, 0.171855, 0.322866, 0.165361, 49.79, 0.995, 33.14, 0.994, 99.17, 0.987, 40.00, 0.457
13151,140309, 49.58, 49.65, 0.994, 0.996, 0.296049, 0.165969,1,1,0, 0.347472, 0.180854, 0.341866, 0.176049, 49.58, 0.994, 99.17, 0.987, 33.05, 0.985, 66.29, 0.428
13152,140320, 49.79, 49.71, 0.995, 0.996, 0.290185, 0.116308,1,1,0, 0.347422, 0.175700, 0.324469, 0.169483, 49.79, 0.995, 33.14, 0.987, 99.17, 0.985, 39.60, 0.466
13153,140330, 49.79, 49.74, 0.996, 0.997, 0.294556, 0.157316,1,1,0, 0.360483, 0.172469, 0.343355, 0.165073, 49.79, 0.996, 33.14, 0.989, 99.17, 0.985, 39.47, 0.417
13154,140341, 49.79, 49.76, 0.987, 0.990, 0.277787, 0.110244,1,1,0, 0.305324, 0.167406, 0.295710, 0.160668, 49.79, 0.987, 100.00, 0.982, 33.14, 0.978, 39.73, 0.433
13155,140352, 99.17, 49.77, 0.746, 0.749, 0.256016, 0.077257,1,1,0, 0.272079, 0.162293, 0.210178, 0.125787, 99.17, 0.746, 49.79, 0.652, 196.72, 0.391, 65.21, 0.373
13156,140362, 99.17, 49.77, 0.475, 0.674, 0.230893, 0.054140,1,1,0, 0.246532, 0.074379, 0.159180, 0.075811, 99.17, 0.475, 34.78, 0.371, 50.63, 0.282, 63.82, 0.229
13157,140373, 53.57, 49.77, 0.388, 0.607, 0.205298, 0.037940,1,1,0, 0.062659, 0.035165, 0.074115, 0.033584, 53.57, 0.388, 37.15, 0.302, 184.61, 0.106, 96.77, 0.089
13158,140384, 49.79, 49.77, 0.389, 0.546, 0.183798, 0.026587,1,1,0, 0.089588, 0.060785, 0.065944, 0.037105, 49.79, 0.389, 55.55, 0.344, 41.95, 0.270, 0.00, 0.000
13159,140394, 41.66, 46.37, 0.612, 0.593, 0.163199, 0.018632,1,1,0, 0.086358, 0.051222, 0.039632, 0.022380, 41.66, 0.612, 126.31, 0.365, 60.00, 0.305, 33.51, 0.115
13160,140405, 31.25, 40.01, 0.583, 0.558, 0.144159, 0.013057,1,1,0, 0.038035, 0.021101, 0.026613, 0.012587, 31.25, 0.583, 60.00, 0.137, 45.45, 0.066, 0.00, 0.000
13161,140416, 56.60, 40.01, 0.196, 0.502, 0.128851, 0.009150,1,1,0, 0.065494, 0.036208, 0.051119, 0.025884, 56.60, 0.196, 0.00, 0.000, 0.00, 0.000, 0.00, 0.000
13162,140426, 55.29, 46.43, 0.579, 0.570, 0.114038, 0.006412,1,1,0, 0.036808, 0.015175, 0.025289, 0.011547, 55.29, 0.579, 110.09, 0.336, 36.36, 0.030, 0.00, 0.000
13163,140437, 54.79, 49.94, 0.539, 0.527, 0.101674, 0.004493,1,1,0, 0.037788, 0.020065, 0.025310, 0.017219, 54.79, 0.539, 110.09, 0.272, 0.00, 0.000, 0.00, 0.000
13164,140448, 55.29, 52.19, 0.766, 0.741, 0.090190, 0.003148,1,1,0, 0.032625, 0.016274, 0.028766, 0.013228, 55.29, 0.766, 109.09, 0.063, 0.00, 0.000, 0.00, 0.000
13165,140458, 55.81, 53.71, 0.887, 0.877, 0.080129, 0.002206,1,1,0, 0.025980, 0.014587, 0.022787, 0.012434, 55.81, 0.887, 34.98, 0.378, 106.19, 0.072, 0.00, 0.000
13166,140469, 55.55, 54.48, 0.974, 0.979, 0.072394, 0.001546,1,1,0, 0.045930, 0.023700, 0.035447, 0.020580, 55.55, 0.974, 0.00, 0.000, 0.00, 0.000, 0.00, 0.000
13167,140480, 55.04, 54.72, 0.949, 0.963, 0.064401, 0.001083,1,1,0, 0.024921, 0.011373, 0.025644, 0.010329, 55.04, 0.949, 0.00, 0.000, 0.00, 0.000, 0.00, 0.000
13168,140490, 54.79, 54.75, 0.970, 0.978, 0.058382, 0.000759,1,1,0, 0.039278, 0.020873, 0.033075, 0.018683, 54.79, 0.970, 0.00, 0.000, 0.00, 0.000, 0.00, 0.000
13169,140501, 55.29, 54.98, 0.967, 0.976, 0.052215, 0.000532,1,1,0, 0.030284, 0.014799, 0.026186, 0.012081, 55.29, 0.967, 110.09, 0.005, 0.00, 0.000, 0.00, 0.000
13170,140512, 56.07, 55.44, 0.975, 0.982, 0.047078, 0.000372,1,1,0, 0.027930, 0.017082, 0.023453, 0.013211, 56.07, 0.975, 37.03, 0.103, 111.11, 0.079, 0.00, 0.000
13171,140522, 55.04, 55.27, 0.844, 0.888, 0.045575, 0.012900,1,1,0, 0.049328, 0.027983, 0.050939, 0.024708, 55.04, 0.844, 37.50, 0.257, 113.20, 0.208, 0.00, 0.000
13172,140533, 56.07, 55.61, 0.615, 0.653, 0.041751, 0.009040,1,1,0, 0.036893, 0.019106, 0.033722, 0.017982, 56.07, 0.615, 37.85, 0.374, 120.00, 0.276, 0.00, 0.000
13173,140544, 56.07, 55.80, 0.547, 0.582, 0.047910, 0.038729,1,1,0, 0.060202, 0.034991, 0.057965, 0.029418, 56.07, 0.547, 36.47, 0.253, 112.14, 0.119, 0.00, 0.000
13174,140554, 54.54, 55.27, 0.669, 0.675, 0.043895, 0.027141,1,1,0, 0.033599, 0.023708, 0.041673, 0.019160, 54.54, 0.669, 36.36, 0.428, 115.38, 0.149, 0.00, 0.000
13175,140565, 52.40, 54.06, 0.649, 0.662, 0.039486, 0.019019,1,1,0, 0.024955, 0.013003, 0.015056, 0.009147, 52.40, 0.649, 31.74, 0.489, 35.71, 0.234, 104.34, 0.139
13176,140576, 54.29, 54.06, 0.406, 0.596, 0.053007, 0.058520,1,1,0, 0.059671, 0.035630, 0.063613, 0.031229, 54.29, 0.406, 36.80, 0.379, 122.44, 0.144, 0.00, 0.000
13177,140586, 36.80, 46.82, 0.570, 0.535, 0.048859, 0.041009,1,1,0, 0.060495, 0.024248, 0.057027, 0.022064, 36.80, 0.570, 125.00, 0.257, 56.60, 0.233, 0.00, 0.000
13178,140597, 36.69, 46.82, 0.321, 0.481, 0.045715, 0.028738,1,1,0, 0.048215, 0.031430, 0.037804, 0.025674, 36.69, 0.321, 52.17, 0.305, 122.44, 0.167, 0.00, 0.000
13179,140608, 54.05, 49.85, 0.502, 0.474, 0.050954, 0.036020,1,1,0, 0.065749, 0.040710, 0.059615, 0.034029, 54.05, 0.502, 39.86, 0.286, 0.00, 0.000, 0.00, 0.000
13180,140618, 56.87, 49.85, 0.333, 0.426, 0.046657, 0.025242,1,1,0, 0.030292, 0.017317, 0.025878, 0.017988, 56.87, 0.333, 37.50, 0.236, 0.00, 0.000, 0.00, 0.000
13181,140629, 36.25, 49.85, 0.409, 0.384, 0.047241, 0.019662,1,1,0, 0.057963, 0.029431, 0.054714, 0.027706, 36.25, 0.409, 74.07, 0.352, 42.25, 0.215, 0.00, 0.000
13182,140640, 43.95, 47.37, 0.620, 0.588, 0.042582, 0.013778,1,1,0, 0.026321, 0.013614, 0.020861, 0.011585, 43.95, 0.620, 80.00, 0.586, 0.00, 0.000, 0.00, 0.000
13183,140650, 38.83, 43.79, 0.887, 0.859, 0.071981, 0.074267,1,1,0, 0.096624, 0.056837, 0.087684, 0.048154, 38.83, 0.887, 80.53, 0.343, 0.00, 0.000, 0.00, 0.000
13184,140661, 38.46, 41.55, 0.893, 0.850, 0.065567, 0.052045,1,1,0, 0.054161, 0.021896, 0.036642, 0.022859, 38.46, 0.893, 70.58, 0.245, 0.00, 0.000, 0.00, 0.000
13185,140672, 56.60, 41.55, 0.154, 0.765, 0.058689, 0.036472,1,1,0, 0.044590, 0.015973, 0.040325, 0.014224, 56.60, 0.154, 45.11, 0.126, 0.00, 0.000, 0.00, 0.000
13186,140682, 41.95, 41.72, 0.571, 0.604, 0.053475, 0.025558,1,1,0, 0.046234, 0.026267, 0.041084, 0.021751, 41.95, 0.571, 57.41, 0.271, 0.00, 0.000, 0.00, 0.000
13187,140693, 37.61, 41.72, 0.423, 0.543, 0.048265, 0.017911,1,1,0, 0.026238, 0.012545, 0.027864, 0.013623, 37.61, 0.423, 44.94, 0.203, 0.00, 0.000, 0.00, 0.000
13188,140704, 31.83, 37.56, 0.736, 0.691, 0.045222, 0.012551,1,1,0, 0.056659, 0.026890, 0.046362, 0.024640, 31.83, 0.736, 52.17, 0.453, 81.08, 0.274, 0.00, 0.000
13189,140714, 30.07, 34.42, 0.816, 0.766, 0.050007, 0.041958,1,1,0, 0.072154, 0.036048, 0.059766, 0.028557, 30.07, 0.816, 49.18, 0.413, 76.92, 0.325, 0.00, 0.000
13190,140725, 41.66, 34.42, 0.459, 0.689, 0.048784, 0.029403,1,1,0, 0.072242, 0.037872, 0.058773, 0.033470, 41.66, 0.459, 67.03, 0.359, 0.00, 0.000, 0.00, 0.000
13191,140736, 39.60, 36.59, 0.623, 0.590, 0.044660, 0.020605,1,1,0, 0.037324, 0.025061, 0.030525, 0.017472, 39.60, 0.623, 65.57, 0.145, 98.36, 0.118, 0.00, 0.000
13192,140746, 93.75, 36.59, 0.241, 0.531, 0.041000, 0.014439,1,1,0, 0.034350, 0.021711, 0.035924, 0.018378, 93.75, 0.241, 48.38, 0.136, 0.00, 0.000, 0.00, 0.000
13193,140757, 38.46, 37.38, 0.537, 0.538, 0.042067, 0.025326,1,1,0, 0.057679, 0.024374, 0.048084, 0.023301, 38.46, 0.537, 55.29, 0.484, 105.26, 0.345, 0.00, 0.000
13194,140768, 63.49, 37.38, 0.434, 0.484, 0.040186, 0.017748,1,1,0, 0.059413, 0.027721, 0.047051, 0.022818, 63.49, 0.434, 36.69, 0.349, 0.00, 0.000, 0.00, 0.000
13195,140778, 57.97, 46.02, 0.695, 0.652, 0.037362, 0.012437,1,1,0, 0.045380, 0.023215, 0.036213, 0.020272, 57.97, 0.695, 0.00, 0.000, 0.00, 0.000, 0.00, 0.000
13196,140789, 56.87, 50.58, 0.755, 0.709, 0.034226, 0.008715,1,1,0, 0.036424, 0.019356, 0.025276, 0.013699, 56.87, 0.755, 36.80, 0.202, 0.00, 0.000, 0.00, 0.000
13197,140800, 53.33, 51.73, 0.627, 0.633, 0.031831, 0.006107,1,1,0, 0.028874, 0.021073, 0.033608, 0.017371, 53.33, 0.627, 38.70, 0.009, 0.00, 0.000, 0.00, 0.000
13198,140810, 55.04, 53.12, 0.663, 0.658, 0.033863, 0.019369,1,1,0, 0.040699, 0.023051, 0.039403, 0.022106, 55.04, 0.663, 39.47, 0.235, 0.00, 0.000, 0.00, 0.000
13199,140821, 57.97, 53.12, 0.383, 0.592, 0.038701, 0.028629,1,1,0, 0.046221, 0.028730, 0.047619, 0.025240, 57.97, 0.383, 34.78, 0.311, 0.00, 0.000, 0.00, 0.000
13200,140832, 61.22, 56.52, 0.512, 0.485, 0.035739, 0.020062,1,1,0, 0.036598, 0.023987, 0.031279, 0.018019, 61.22, 0.512, 33.70, 0.409, 0.00, 0.000, 0.00, 0.000
13201,140842, 57.69, 57.01, 0.643, 0.643, 0.032819, 0.014059,1,1,0, 0.024636, 0.013008, 0.029042, 0.015391, 57.69, 0.643, 34.18, 0.594, 0.00, 0.000, 0.00, 0.000
13202,140853, 56.87, 56.95, 0.684, 0.702, 0.029691, 0.009852,1,1,0, 0.027133, 0.012691, 0.025225, 0.010622, 56.87, 0.684, 38.33, 0.420, 0.00, 0.000, 0.00, 0.000
13203,140864, 46.69, 56.95, 0.421, 0.632, 0.027392, 0.006904,1,1,0, 0.027020, 0.015153, 0.028818, 0.012998, 46.69, 0.421, 0.00, 0.000, 0.00, 0.000, 0.00, 0.000
13204,140874, 58.82, 56.95, 0.383, 0.569, 0.028414, 0.011616,1,1,0, 0.036764, 0.021027, 0.033654, 0.018398, 58.82, 0.383, 38.33, 0.032, 0.00, 0.000, 0.00, 0.000
13205,140885, 60.00, 58.23, 0.672, 0.667, 0.026480, 0.008140,1,1,0, 0.031455, 0.016551, 0.022149, 0.014447, 60.00, 0.672, 0.00, 0.000, 0.00, 0.000, 0.00, 0.000
13206,140896, 67.03, 48.13, 0.763, 0.671, 0.024107, 0.005704,1,1,0, 0.020949, 0.010759, 0.013191, 0.008501, 67.03, 0.763, 34.18, 0.652, 0.00, 0.000, 0.00, 0.000
13207,140906, 70.17, 57.39, 0.649, 0.609, 0.021780, 0.003997,1,1,0, 0.013155, 0.007189, 0.011551, 0.006420, 70.17, 0.649, 37.15, 0.412, 0.00, 0.000, 0.00, 0.000
13208,140917, 44.44, 57.39, 0.387, 0.548, 0.020153, 0.002801,1,1,0, 0.022056, 0.010753, 0.017687, 0.009891, 44.44, 0.387, 73.61, 0.316, 38.58, 0.308, 0.00, 0.000
13209,140928, 43.95, 57.39, 0.468, 0.493, 0.019394, 0.002524,1,1,0, 0.027066, 0.015772, 0.021322, 0.013192, 43.95, 0.468, 72.28, 0.453, 0.00, 0.000, 0.00, 0.000
13210,140938, 69.76, 57.39, 0.712, 0.444, 0.023125, 0.015859,1,1,0, 0.032326, 0.019607, 0.027335, 0.015094, 69.76, 0.712, 36.58, 0.395, 0.00, 0.000, 0.00, 0.000
13211,140949, 69.76, 62.58, 0.850, 0.798, 0.021578, 0.011114,1,1,0, 0.016162, 0.010603, 0.017782, 0.011316, 69.76, 0.850, 31.83, 0.726, 0.00, 0.000, 0.00, 0.000
13212,140960, 70.58, 51.16, 0.863, 0.838, 0.019633, 0.007788,1,1,0, 0.013614, 0.007166, 0.012425, 0.006645, 70.58, 0.863, 35.39, 0.821, 0.00, 0.000, 0.00, 0.000
13213,140970, 72.28, 51.16, 0.702, 0.754, 0.017766, 0.005458,1,1,0, 0.014729, 0.007333, 0.008814, 0.005297, 72.28, 0.702, 37.38, 0.365, 0.00, 0.000, 0.00, 0.000
13214,140981, 44.11, 45.98, 0.646, 0.500, 0.016543, 0.003824,1,1,0, 0.021705, 0.011647, 0.016611, 0.009362, 44.11, 0.646, 74.53, 0.569, 38.83, 0.486, 0.00, 0.000
13215,140992, 73.61, 45.98, 0.685, 0.450, 0.018327, 0.010849,1,1,0, 0.023785, 0.012921, 0.021277, 0.011458, 73.61, 0.685, 37.85, 0.409, 0.00, 0.000, 0.00, 0.000
13216,141002, 71.85, 41.85, 0.885, 0.775, 0.019042, 0.007603,1,1,0, 0.020752, 0.014988, 0.020714, 0.013474, 71.85, 0.885, 36.14, 0.752, 32.17, 0.529, 0.00, 0.000
13217,141013, 71.42, 39.36, 0.885, 0.750, 0.017598, 0.005328,1,1,0, 0.017055, 0.008879, 0.014466, 0.008342, 71.42, 0.885, 35.92, 0.725, 0.00, 0.000, 0.00, 0.000
13218,141024, 72.28, 38.19, 0.881, 0.837, 0.016211, 0.003733,1,1,0, 0.014944, 0.009459, 0.013955, 0.007745, 72.28, 0.881, 36.58, 0.778, 0.00, 0.000, 0.00, 0.000
13219,141034, 37.15, 37.75, 0.957, 0.969, 0.014914, 0.002616,1,1,0, 0.014935, 0.007285, 0.012406, 0.006750, 37.15, 0.957, 74.07, 0.943, 0.00, 0.000, 0.00, 0.000
13220,141045, 75.47, 37.74, 0.904, 0.851, 0.013726, 0.001833,1,1,0, 0.013970, 0.007013, 0.012970, 0.006593, 75.47, 0.904, 37.73, 0.793, 0.00, 0.000, 0.00, 0.000
13221,141056, 37.61, 37.69, 0.914, 0.938, 0.016428, 0.010792,1,1,0, 0.019547, 0.013252, 0.018460, 0.011230, 37.61, 0.914, 75.00, 0.865, 0.00, 0.000, 0.00, 0.000
13222,141066, 73.61, 37.46, 0.865, 0.902, 0.015206, 0.007563,1,1,0, 0.014196, 0.008831, 0.015934, 0.007993, 73.61, 0.865, 37.15, 0.863, 0.00, 0.000, 0.00, 0.000
13223,141077, 36.69, 37.14, 0.910, 0.935, 0.018630, 0.016263,1,1,0, 0.029638, 0.018660, 0.022435, 0.012271, 36.69, 0.910, 73.61, 0.881, 0.00, 0.000, 0.00, 0.000
13224,141088, 36.47, 36.86, 0.870, 0.907, 0.017200, 0.011396,1,1,0, 0.028452, 0.015987, 0.013849, 0.008062, 36.47, 0.870, 73.17, 0.852, 0.00, 0.000, 0.00, 0.000
13225,141098, 73.17, 36.42, 0.586, 0.480, 0.030982, 0.022931,1,1,0, 0.058000, 0.027474, 0.035398, 0.019691, 73.17, 0.586, 35.82, 0.388, 0.00, 0.000, 0.00, 0.000
13226,141109, 75.94, 53.02, 0.629, 0.581, 0.048417, 0.046400,1,1,0, 0.146803, 0.078313, 0.059507, 0.028083, 75.94, 0.629, 36.58, 0.132, 0.00, 0.000, 0.00, 0.000
13227,141120, 32.00, 53.02, 0.406, 0.523, 0.642217, 0.922602,1,1,1, 1.000000, 0.589613, 0.954267, 0.434398, 32.00, 0.406, 0.00, 0.000, 0.00, 0.000, 0.00, 0.000
13228,141130, 37.85, 53.02, 0.418, 0.471, 0.651315, 0.646541,1,1,0, 0.864471, 0.377857, 0.733099, 0.418542, 37.85, 0.418, 67.03, 0.298, 0.00, 0.000, 0.00, 0.000
13229,141141, 48.00, 49.50, 0.793, 0.799, 1.044448, 0.899823,1,1,0, 1.000000, 0.856692, 1.411242, 0.722955, 48.00, 0.793, 93.75, 0.225, 0.00, 0.000, 0.00, 0.000
13230,141152, 47.80, 48.31, 0.826, 0.864, 0.936701, 0.630577,1,1,0, 0.715736, 0.164845, 0.417861, 0.232753, 47.80, 0.826, 93.02, 0.224, 30.07, 0.024, 0.00, 0.000
13231,141162, 48.78, 48.64, 0.920, 0.943, 1.077707, 0.860705,1,1,0, 1.000000, 0.855000, 1.346329, 0.722946, 48.78, 0.920, 32.69, 0.502, 98.36, 0.242, 0.00, 0.000
13232,141173, 49.18, 49.01, 0.992, 0.994, 0.969807, 0.603165,1,1,0, 0.768659, 0.205066, 0.587590, 0.273060, 49.18, 0.992, 32.87, 0.243, 99.17, 0.189, 0.00, 0.000
13233,141184, 49.38, 49.27, 0.995, 0.996, 1.054735, 0.826152,1,1,0, 1.000000, 0.821824, 1.292972, 0.700987, 49.38, 0.995, 33.24, 0.353, 100.84, 0.222, 0.00, 0.000
13234,141194, 49.58, 49.49, 0.996, 0.997, 0.955823, 0.578951,1,1,0, 0.999999, 0.362416, 0.691396, 0.331771, 49.58, 0.996, 33.05, 0.345, 99.17, 0.230, 0.00, 0.000
13235,141205, 49.79, 49.70, 0.997, 0.998, 1.048760, 0.780002,1,1,0, 1.000000, 0.764683, 1.289925, 0.685602, 49.79, 0.997, 33.14, 0.404, 100.00, 0.239, 0.00, 0.000
13236,141216, 49.79, 49.76, 0.997, 0.998, 0.952545, 0.546609,1,1,0, 0.999999, 0.499841, 0.681781, 0.363260, 49.79, 0.997, 33.51, 0.418, 100.84, 0.251, 0.00, 0.000
13237,141226, 49.79, 49.77, 0.998, 0.998, 1.046254, 0.761681,1,1,0, 1.000000, 0.696131, 1.318240, 0.670399, 49.79, 0.998, 33.51, 0.349, 100.84, 0.259, 0.00, 0.000
13238,141237, 49.79, 49.78, 0.998, 0.998, 0.951415, 0.533771,1,1,0, 0.999999, 0.576842, 0.673649, 0.368606, 49.79, 0.998, 33.61, 0.343, 100.84, 0.248, 0.00, 0.000
13239,141248, 50.00, 49.87, 0.998, 0.999, 1.027343, 0.677701,1,1,0, 1.000000, 0.629122, 1.287366, 0.658944, 50.00, 0.998, 32.96, 0.296, 98.36, 0.216, 0.00, 0.000
13240,141258, 50.00, 49.92, 0.998, 0.998, 1.024191, 0.956223,1,1,0, 1.000000, 0.626009, 1.283111, 0.501393, 50.00, 0.998, 34.09, 0.205, 102.56, 0.194, 0.00, 0.000
13241,141269, 50.00, 49.95, 0.998, 0.998, 1.002347, 0.670101,1,1,0, 1.000000, 0.581691, 1.277517, 0.560845, 50.00, 0.998, 97.56, 0.180, 32.00, 0.146, 0.00, 0.000
13242,141280, 50.00, 49.97, 0.998, 0.998, 1.081087, 0.951889,1,1,0, 1.000000, 0.716128, 1.285270, 0.634695, 50.00, 0.998, 101.69, 0.160, 33.99, 0.119, 0.00, 0.000
13243,141290, 50.20, 50.07, 0.998, 0.998, 0.981607, 0.667064,1,1,0, 1.000000, 0.456507, 0.938278, 0.393309, 50.20, 0.998, 30.61, 0.291, 96.00, 0.162, 0.00, 0.000
13244,141301, 50.00, 50.04, 0.999, 0.999, 1.071838, 0.868209,1,1,0, 1.000000, 0.793519, 1.272211, 0.692900, 50.00, 0.999, 101.69, 0.163, 33.89, 0.132, 0.00, 0.000
13245,141312, 50.00, 50.02, 0.998, 0.999, 0.963177, 0.608423,1,1,0, 1.000000, 0.293562, 0.683978, 0.270910, 50.00, 0.998, 31.66, 0.199, 96.77, 0.173, 0.00, 0.000
13246,141322, 50.00, 50.01, 0.999, 0.999, 1.053130, 0.748273,1,1,0, 1.000000, 0.834936, 1.235639, 0.706547, 50.00, 0.999, 100.84, 0.161, 33.42, 0.144, 0.00, 0.000
13247,141333, 50.00, 50.00, 0.998, 0.999, 0.947649, 0.524375,1,1,0, 0.609713, 0.211785, 0.513378, 0.270799, 50.00, 0.998, 33.14, 0.185, 100.00, 0.169, 0.00, 0.000
13248,141344, 49.79, 49.91, 0.997, 0.998, 1.024007, 0.534428,1,1,0, 1.000000, 0.820025, 1.175985, 0.693798, 49.79, 0.997, 33.24, 0.190, 100.00, 0.188, 0.00, 0.000
13249,141354, 49.58, 49.77, 0.998, 0.998, 0.928486, 0.374516,1,1,0, 0.954958, 0.354001, 0.707461, 0.335299, 49.58, 0.998, 33.33, 0.280, 100.84, 0.211, 0.00, 0.000
13250,141365, 49.58, 49.69, 0.998, 0.999, 1.005057, 0.523882,1,1,0, 1.000000, 0.768551, 1.178857, 0.671421, 49.58, 0.998, 32.43, 0.387, 97.56, 0.214, 0.00, 0.000
13251,141376, 49.79, 49.73, 0.979, 0.985, 0.921465, 0.367126,1,1,0, 0.999999, 0.544122, 0.712438, 0.406089, 49.79, 0.979, 34.18, 0.344, 105.26, 0.191, 0.00, 0.000
13252,141386, 50.63, 50.11, 0.982, 0.987, 0.998952, 0.586128,1,1,0, 1.000000, 0.661143, 1.210422, 0.631965, 50.63, 0.982, 33.05, 0.293, 98.36, 0.145, 0.00, 0.000
13253,141397, 51.28, 50.60, 0.955, 0.968, 0.921326, 0.410747,1,1,0, 0.999999, 0.620728, 0.870003, 0.448813, 51.28, 0.955, 35.71, 0.277, 110.09, 0.087, 0.00, 0.000
13254,141408, 52.63, 51.45, 0.997, 0.998, 0.958180, 0.422859,1,1,0, 1.000000, 0.597150, 1.162404, 0.589293, 52.63, 0.997, 33.33, 0.241, 99.17, 0.010, 0.00, 0.000
13255,141418, 52.63, 51.94, 0.998, 0.998, 1.009760, 0.629759,1,1,0, 1.000000, 0.732096, 1.152724, 0.652073, 52.63, 0.998, 35.60, 0.025, 0.00, 0.000, 0.00, 0.000
13256,141429, 52.40, 52.13, 0.997, 0.998, 0.919362, 0.441322,1,1,0, 1.000000, 0.443490, 0.891107, 0.368088, 52.40, 0.997, 30.30, 0.215, 0.00, 0.000, 0.00, 0.000
13257,141440, 52.40, 52.24, 0.998, 0.999, 0.997863, 0.619869,1,1,0, 1.000000, 0.834068, 1.160570, 0.707386, 52.40, 0.998, 0.00, 0.000, 0.00, 0.000, 0.00, 0.000
13258,141450, 52.40, 52.31, 0.998, 0.998, 0.911694, 0.434391,1,1,0, 0.999999, 0.429738, 0.790543, 0.383751, 52.40, 0.998, 0.00, 0.000, 0.00, 0.000, 0.00, 0.000
13259,141461, 52.17, 52.25, 0.998, 0.998, 0.983047, 0.616374,1,1,0, 1.000000, 0.742509, 1.176011, 0.642545, 52.17, 0.998, 0.00, 0.000, 0.00, 0.000, 0.00, 0.000
13260,141472, 52.86, 52.51, 0.957, 0.969, 0.906105, 0.431942,1,1,0, 0.941590, 0.611130, 0.738218, 0.426511, 52.86, 0.957, 0.00, 0.000, 0.00, 0.000, 0.00, 0.000
13261,141482, 54.05, 53.15, 0.956, 0.968, 0.946902, 0.468561,1,1,0, 1.000000, 0.601699, 1.143408, 0.579179, 54.05, 0.956, 34.09, 0.080, 0.00, 0.000, 0.00, 0.000
13262,141493, 54.54, 53.74, 0.974, 0.981, 0.985274, 0.529872,1,1,0, 1.000000, 0.697716, 1.106661, 0.630755, 54.54, 0.974, 0.00, 0.000, 0.00, 0.000, 0.00, 0.000
13263,141504, 55.55, 54.50, 0.997, 0.998, 0.906255, 0.371323,1,1,0, 1.000000, 0.534456, 0.948463, 0.454531, 55.55, 0.997, 0.00, 0.000, 0.00, 0.000, 0.00, 0.000
13264,141514, 55.55, 54.94, 0.997, 0.998, 0.943786, 0.408530,1,1,0, 1.000000, 0.724363, 1.071308, 0.609881, 55.55, 0.997, 0.00, 0.000, 0.00, 0.000, 0.00, 0.000
13265,141525, 55.55, 55.20, 0.996, 0.997, 0.872927, 0.286290,1,1,0, 0.999999, 0.598332, 0.721924, 0.439214, 55.55, 0.996, 0.00, 0.000, 0.00, 0.000, 0.00, 0.000
13266,141536, 55.55, 55.35, 0.996, 0.997, 0.921362, 0.535882,1,1,0, 1.000000, 0.617012, 1.123474, 0.563154, 55.55, 0.996, 0.00, 0.000, 0.00, 0.000, 0.00, 0.000
13267,141546, 55.29, 55.32, 0.997, 0.998, 0.906077, 0.557020,1,1,0, 0.969648, 0.641652, 1.065388, 0.554289, 55.29, 0.997, 0.00, 0.000, 0.00, 0.000, 0.00, 0.000
13268,141557, 55.29, 55.31, 0.993, 0.995, 0.905157, 0.471015,1,1,0, 1.000000, 0.598806, 1.120874, 0.542031, 55.29, 0.993, 0.00, 0.000, 0.00, 0.000, 0.00, 0.000
13269,141568, 55.81, 55.52, 0.988, 0.991, 0.934412, 0.448300,1,1,0, 1.000000, 0.722889, 1.062619, 0.609514, 55.81, 0.988, 0.00, 0.000, 0.00, 0.000, 0.00, 0.000
13270,141578, 56.87, 56.09, 0.979, 0.984, 0.868182, 0.314159,1,1,0, 0.931819, 0.623217, 0.770707, 0.460786, 56.87, 0.979, 0.00, 0.000, 0.00, 0.000, 0.00, 0.000
13271,141589, 58.25, 56.99, 0.986, 0.990, 0.895969, 0.386416,1,1,0, 1.000000, 0.598119, 1.064240, 0.535634, 58.25, 0.986, 0.00, 0.000, 0.00, 0.000, 0.00, 0.000
13272,141600, 58.53, 57.64, 0.997, 0.998, 0.938276, 0.437075,1,1,0, 1.000000, 0.696964, 1.037374, 0.644341, 58.53, 0.997, 0.00, 0.000, 0.00, 0.000, 0.00, 0.000
13273,141610, 58.53, 58.01, 0.997, 0.998, 0.869653, 0.306293,1,1,0, 1.000000, 0.563666, 0.894285, 0.462487, 58.53, 0.997, 0.00, 0.000, 0.00, 0.000, 0.00, 0.000
13274,141621, 58.53, 58.23, 0.997, 0.998, 0.907436, 0.441040,1,1,0, 1.000000, 0.676616, 1.056524, 0.550217, 58.53, 0.997, 0.00, 0.000, 0.00, 0.000, 0.00, 0.000
13275,141632, 58.25, 58.24, 0.997, 0.997, 0.846114, 0.309072,1,1,0, 0.943534, 0.599218, 0.749443, 0.473771, 58.25, 0.997, 0.00, 0.000, 0.00, 0.000, 0.00, 0.000
13276,141642, 58.25, 58.24, 0.996, 0.997, 0.879203, 0.445408,1,1,0, 1.000000, 0.594993, 1.067479, 0.565619, 58.25, 0.996, 0.00, 0.000, 0.00, 0.000, 0.00, 0.000
13277,141653, 58.25, 58.24, 0.992, 0.994, 0.953525, 0.696878,1,1,0, 1.000000, 0.742868, 1.123202, 0.633856, 58.25, 0.992, 0.00, 0.000, 0.00, 0.000, 0.00, 0.000
13278,141664, 58.82, 58.49, 0.980, 0.986, 0.895542, 0.488358,1,1,0, 0.999999, 0.713489, 0.820560, 0.542092, 58.82, 0.980, 0.00, 0.000, 0.00, 0.000, 0.00, 0.000
13279,141674, 60.60, 46.61, 0.972, 0.972, 0.923860, 0.506755,1,1,0, 1.000000, 0.636347, 1.114983, 0.593237, 60.60, 0.972, 30.22, 0.961, 0.00, 0.000, 0.00, 0.000
13280,141685, 61.53, 39.96, 0.995, 0.995, 0.958820, 0.638341,1,1,0, 0.995240, 0.705726, 1.130569, 0.631954, 61.53, 0.995, 30.76, 0.994, 0.00, 0.000, 0.00, 0.000
13281,141696, 30.84, 36.13, 0.996, 0.997, 0.900221, 0.447336,1,1,0, 0.983268, 0.686562, 0.737211, 0.525243, 30.84, 0.996, 61.85, 0.995, 0.00, 0.000, 0.00, 0.000
13282,141706, 61.85, 33.91, 0.994, 0.992, 0.886492, 0.338305,1,1,0, 0.921244, 0.603305, 1.034608, 0.533856, 61.85, 0.994, 30.84, 0.989, 0.00, 0.000, 0.00, 0.000
13283,141717, 30.84, 32.62, 0.994, 0.996, 0.894016, 0.434761,1,1,0, 0.952018, 0.661690, 1.009753, 0.611150, 30.84, 0.994, 61.53, 0.994, 0.00, 0.000, 0.00, 0.000
13284,141728, 61.53, 31.84, 0.995, 0.996, 0.849453, 0.304672,1,1,0, 0.999999, 0.715644, 0.755878, 0.564794, 61.53, 0.995, 30.76, 0.995, 0.00, 0.000, 0.00, 0.000
13285,141738, 61.85, 31.42, 0.992, 0.987, 0.862991, 0.419126,1,1,0, 1.000000, 0.695925, 1.018007, 0.584242, 61.85, 0.992, 30.84, 0.982, 0.00, 0.000, 0.00, 0.000
13286,141749, 31.66, 31.52, 0.986, 0.990, 0.840677, 0.293714,1,1,0, 1.000000, 0.711572, 0.879430, 0.668586, 31.66, 0.986, 62.82, 0.980, 0.00, 0.000, 0.00, 0.000
13287,141760, 32.17, 31.79, 0.984, 0.989, 0.811322, 0.205829,1,1,0, 1.000000, 0.760020, 0.847471, 0.601704, 32.17, 0.984, 64.51, 0.983, 0.00, 0.000, 0.00, 0.000
13288,141770, 65.21, 32.13, 0.997, 0.993, 0.792749, 0.144240,1,1,0, 1.000000, 0.648007, 0.850456, 0.615198, 65.21, 0.997, 32.60, 0.991, 0.00, 0.000, 0.00, 0.000
13289,141781, 65.21, 32.33, 0.998, 0.996, 0.788454, 0.206374,1,1,0, 0.999999, 0.729637, 0.840849, 0.619619, 65.21, 0.998, 32.60, 0.995, 0.00, 0.000, 0.00, 0.000
13290,141792, 65.21, 32.45, 0.998, 0.996, 0.751955, 0.144622,1,1,0, 0.999999, 0.672704, 0.752182, 0.545454, 65.21, 0.998, 32.60, 0.995, 0.00, 0.000, 0.00, 0.000
13291,141802, 65.21, 32.51, 0.998, 0.996, 0.766647, 0.166451,1,1,0, 1.000000, 0.673019, 0.826374, 0.640031, 65.21, 0.998, 32.60, 0.994, 0.00, 0.000, 0.00, 0.000
13292,141813, 65.21, 32.55, 0.997, 0.995, 0.795178, 0.297954,1,1,0, 1.000000, 0.763530, 0.876674, 0.601408, 65.21, 0.997, 32.60, 0.994, 0.00, 0.000, 0.00, 0.000
13293,141824, 65.21, 32.54, 0.996, 0.995, 0.760499, 0.208800,1,1,0, 0.981856, 0.603249, 0.772647, 0.556134, 65.21, 0.996, 32.52, 0.994, 0.00, 0.000, 0.00, 0.000
13294,141834, 65.93, 32.75, 0.991, 0.993, 0.848066, 0.530358,1,1,0, 1.000000, 0.791026, 1.026474, 0.697550, 65.93, 0.991, 33.05, 0.990, 0.00, 0.000, 0.00, 0.000
13295,141845, 33.80, 33.19, 0.983, 0.988, 0.887897, 0.497199,1,1,0, 1.000000, 0.695810, 1.041101, 0.611781, 33.80, 0.983, 67.79, 0.981, 0.00, 0.000, 0.00, 0.000
13296,141856, 68.57, 33.65, 0.993, 0.992, 0.911800, 0.459119,1,1,0, 1.000000, 0.756214, 1.024082, 0.669741, 68.57, 0.993, 34.28, 0.990, 0.00, 0.000, 0.00, 0.000
13297,141866, 68.96, 34.00, 0.998, 0.998, 0.861094, 0.321741,1,1,0, 1.000000, 0.667138, 0.779422, 0.553577, 68.96, 0.998, 34.48, 0.997, 0.00, 0.000, 0.00, 0.000
13298,141877, 68.96, 34.20, 0.999, 0.998, 0.892719, 0.384596,1,1,0, 1.000000, 0.743202, 1.037514, 0.688509, 68.96, 0.999, 34.48, 0.997, 0.00, 0.000, 0.00, 0.000
13299,141888, 68.96, 34.36, 0.998, 0.997, 0.902566, 0.375992,1,1,0, 1.000000, 0.706337, 1.024645, 0.580543, 68.96, 0.998, 34.58, 0.996, 0.00, 0.000, 0.00, 0.000
13300,141898, 68.96, 34.41, 0.999, 0.998, 0.923686, 0.420356,1,1,0, 1.000000, 0.683042, 1.023566, 0.641477, 68.96, 0.999, 34.48, 0.997, 0.00, 0.000, 0.00, 0.000
13301,141909, 68.96, 34.44, 0.999, 0.998, 0.871630, 0.294577,1,1,0, 1.000000, 0.693317, 0.809847, 0.556014, 68.96, 0.999, 34.48, 0.998, 0.00, 0.000, 0.00, 0.000
13302,141920, 68.96, 34.45, 0.999, 0.998, 0.896741, 0.349259,1,1,0, 1.000000, 0.673160, 1.030603, 0.644324, 68.96, 0.999, 34.48, 0.997, 0.00, 0.000, 0.00, 0.000
13303,141930, 68.96, 34.51, 0.998, 0.997, 0.934991, 0.581675,1,1,0, 1.000000, 0.755232, 1.098334, 0.608822, 68.96, 0.998, 34.58, 0.996, 0.00, 0.000, 0.00, 0.000
13304,141941, 69.76, 34.66, 0.991, 0.992, 0.977088, 0.661324,1,1,0, 1.000000, 0.684222, 1.125653, 0.661287, 69.76, 0.991, 34.88, 0.989, 0.00, 0.000, 0.00, 0.000
13305,141952, 71.00, 35.01, 0.988, 0.991, 0.919819, 0.463443,1,1,0, 1.000000, 0.708075, 0.846163, 0.579800, 71.00, 0.988, 35.50, 0.988, 0.00, 0.000, 0.00, 0.000
13306,141962, 36.14, 35.49, 0.996, 0.997, 0.950400, 0.458133,1,1,0, 1.000000, 0.741771, 1.120638, 0.694688, 36.14, 0.996, 72.28, 0.995, 0.00, 0.000, 0.00, 0.000
13307,141973, 73.17, 35.90, 0.998, 0.997, 0.957016, 0.457657,1,1,0, 1.000000, 0.694849, 1.107954, 0.599251, 73.17, 0.998, 36.47, 0.996, 0.00, 0.000, 0.00, 0.000
13308,141984, 73.17, 36.19, 0.999, 0.998, 0.977405, 0.442377,1,1,0, 1.000000, 0.768881, 1.089282, 0.678228, 73.17, 0.999, 36.58, 0.997, 0.00, 0.000, 0.00, 0.000
13309,141994, 73.17, 36.35, 0.999, 0.998, 0.931586, 0.363335,1,1,0, 1.000000, 0.610777, 1.035501, 0.553361, 73.17, 0.999, 36.58, 0.997, 0.00, 0.000, 0.00, 0.000
13310,142005, 73.17, 36.45, 0.999, 0.998, 0.927717, 0.254617,1,1,0, 1.000000, 0.762636, 1.043974, 0.665992, 73.17, 0.999, 36.58, 0.997, 0.00, 0.000, 0.00, 0.000
13311,142016, 73.17, 36.50, 0.999, 0.998, 0.928155, 0.264017,1,1,0, 1.000000, 0.666417, 1.034665, 0.627371, 73.17, 0.999, 36.58, 0.997, 0.00, 0.000, 0.00, 0.000
13312,142026, 73.17, 36.49, 0.999, 0.998, 0.929904, 0.310601,1,1,0, 1.000000, 0.760373, 1.020862, 0.627446, 73.17, 0.999, 36.47, 0.998, 0.00, 0.000, 0.00, 0.000
13313,142037, 73.17, 36.48, 0.999, 0.999, 0.939777, 0.388414,1,1,0, 1.000000, 0.672838, 1.028915, 0.648825, 73.17, 0.999, 36.47, 0.998, 0.00, 0.000, 0.00, 0.000
13314,142048, 73.17, 36.52, 0.996, 0.995, 0.882533, 0.272193,1,1,0, 1.000000, 0.690583, 0.850018, 0.562575, 73.17, 0.996, 36.58, 0.993, 0.00, 0.000, 0.00, 0.000
13315,142058, 74.07, 36.74, 0.992, 0.990, 0.931998, 0.382028,1,1,0, 1.000000, 0.773081, 1.071948, 0.721075, 74.07, 0.992, 37.03, 0.986, 0.00, 0.000, 0.00, 0.000
13316,142069, 37.85, 37.20, 0.993, 0.995, 0.931881, 0.267717,1,1,0, 1.000000, 0.691839, 1.020967, 0.644025, 37.85, 0.993, 75.94, 0.990, 0.00, 0.000, 0.00, 0.000
13317,142080, 76.92, 37.73, 0.994, 0.994, 0.926120, 0.239139,1,1,0, 1.000000, 0.730714, 1.007333, 0.614725, 76.92, 0.994, 38.46, 0.991, 0.00, 0.000, 0.00, 0.000
13318,142090, 77.41, 38.14, 0.999, 0.998, 0.933395, 0.297406,1,1,0, 1.000000, 0.726880, 1.011584, 0.674823, 77.41, 0.999, 38.70, 0.998, 0.00, 0.000, 0.00, 0.000
13319,142101, 77.41, 38.38, 0.999, 0.998, 0.893879, 0.306069,1,1,0, 1.000000, 0.624995, 0.981418, 0.572922, 77.41, 0.999, 38.70, 0.997, 0.00, 0.000, 0.00, 0.000
13320,142112, 77.41, 38.51, 0.999, 0.998, 0.884338, 0.245959,1,1,0, 1.000000, 0.737542, 1.012536, 0.632385, 77.41, 0.999, 38.70, 0.998, 0.00, 0.000, 0.00, 0.000
13321,142122, 77.41, 38.59, 0.999, 0.999, 0.898486, 0.240067,1,1,0, 1.000000, 0.728004, 0.991060, 0.688097, 77.41, 0.999, 38.70, 0.998, 0.00, 0.000, 0.00, 0.000
13322,142133, 77.41, 38.64, 0.999, 0.998, 0.889527, 0.173137,1,1,0, 1.000000, 0.671865, 0.960942, 0.606385, 77.41, 0.999, 38.70, 0.998, 0.00, 0.000, 0.00, 0.000
13323,142144, 77.41, 38.67, 0.999, 0.998, 0.887787, 0.218199,1,1,0, 1.000000, 0.739096, 0.960939, 0.624521, 77.41, 0.999, 38.70, 0.998, 0.00, 0.000, 0.00, 0.000
13324,142154, 77.41, 38.68, 0.999, 0.998, 0.924312, 0.480808,1,1,0, 1.000000, 0.689888, 1.038363, 0.660924, 77.41, 0.999, 38.70, 0.997, 0.00, 0.000, 0.00, 0.000
13325,142165, 78.43, 38.85, 0.993, 0.994, 0.896991, 0.344417,1,1,0, 1.000000, 0.651520, 0.990652, 0.589703, 78.43, 0.993, 39.08, 0.991, 0.00, 0.000, 0.00, 0.000
13326,142176, 79.47, 39.22, 0.990, 0.990, 0.887834, 0.308392,1,1,0, 1.000000, 0.728898, 1.036227, 0.633874, 79.47, 0.990, 39.73, 0.987, 0.00, 0.000, 0.00, 0.000
13327,142186, 40.54, 39.77, 0.994, 0.995, 0.904816, 0.326952,1,1,0, 1.000000, 0.729630, 1.041687, 0.681226, 40.54, 0.994, 81.08, 0.994, 0.00, 0.000, 0.00, 0.000
13328,142197, 81.63, 40.27, 0.997, 0.997, 0.915834, 0.334291,1,1,0, 1.000000, 0.709735, 1.039025, 0.666480, 81.63, 0.997, 40.95, 0.996, 0.00, 0.000, 0.00, 0.000
13329,142208, 82.19, 40.55, 0.999, 0.998, 0.920909, 0.396373,1,1,0, 1.000000, 0.687392, 1.049731, 0.627588, 82.19, 0.999, 40.95, 0.998, 0.00, 0.000, 0.00, 0.000
13330,142218, 81.63, 40.72, 0.999, 0.999, 0.916000, 0.358252,1,1,0, 1.000000, 0.689233, 1.029056, 0.591612, 81.63, 0.999, 40.95, 0.999, 0.00, 0.000, 0.00, 0.000
13331,142229, 82.19, 40.82, 0.999, 0.999, 0.923281, 0.371998,1,1,0, 1.000000, 0.725043, 1.023696, 0.654141, 82.19, 0.999, 40.95, 0.998, 0.00, 0.000, 0.00, 0.000
13332,142240, 82.19, 40.93, 0.999, 0.998, 0.932853, 0.462708,1,1,0, 1.000000, 0.643325, 1.042243, 0.622644, 82.19, 0.999, 41.09, 0.998, 0.00, 0.000, 0.00, 0.000
13333,142250, 82.19, 41.00, 0.997, 0.997, 0.923126, 0.496960,1,1,0, 1.000000, 0.638592, 1.061237, 0.579648, 82.19, 0.997, 41.09, 0.996, 0.00, 0.000, 0.00, 0.000
13334,142261, 83.33, 41.22, 0.991, 0.992, 0.896082, 0.348259,1,1,0, 1.000000, 0.672163, 1.059499, 0.598429, 83.33, 0.991, 41.52, 0.989, 0.00, 0.000, 0.00, 0.000
13335,142272, 84.50, 41.65, 0.989, 0.987, 0.903273, 0.309115,1,1,0, 1.000000, 0.719113, 1.046674, 0.654726, 84.50, 0.989, 42.25, 0.982, 0.00, 0.000, 0.00, 0.000
13336,142282, 86.33, 42.22, 0.992, 0.993, 0.908084, 0.305414,1,1,0, 1.000000, 0.707830, 1.040201, 0.658698, 86.33, 0.992, 43.01, 0.990, 0.00, 0.000, 0.00, 0.000
13337,142293, 86.95, 42.75, 0.998, 0.997, 0.920332, 0.320259,1,1,0, 1.000000, 0.689925, 1.050001, 0.649842, 86.95, 0.998, 43.47, 0.996, 0.00, 0.000, 0.00, 0.000
13338,142304, 86.95, 43.05, 0.999, 0.998, 0.924497, 0.344365,1,1,0, 1.000000, 0.690706, 1.051955, 0.645082, 86.95, 0.999, 43.47, 0.997, 0.00, 0.000, 0.00, 0.000
13339,142314, 86.95, 43.23, 0.999, 0.998, 0.918369, 0.306969,1,1,0, 1.000000, 0.674847, 1.029401, 0.625034, 86.95, 0.999, 43.47, 0.998, 0.00, 0.000, 0.00, 0.000
13340,142325, 86.95, 43.33, 0.999, 0.998, 0.920158, 0.347321,1,1,0, 1.000000, 0.670843, 1.036604, 0.614028, 86.95, 0.999, 43.47, 0.998, 0.00, 0.000, 0.00, 0.000
13341,142336, 86.95, 43.46, 0.998, 0.998, 0.921555, 0.343393,1,1,0, 1.000000, 0.672379, 1.031954, 0.608626, 86.95, 0.998, 43.63, 0.998, 0.00, 0.000, 0.00, 0.000
13342,142346, 87.59, 43.53, 0.999, 0.999, 0.925582, 0.347018,1,1,0, 1.000000, 0.679479, 1.033533, 0.607392, 87.59, 0.999, 43.63, 0.998, 0.00, 0.000, 0.00, 0.000
13343,142357, 87.59, 43.71, 0.995, 0.995, 0.923892, 0.312428,1,1,0, 1.000000, 0.690579, 1.018680, 0.631232, 87.59, 0.995, 43.95, 0.994, 0.00, 0.000, 0.00, 0.000
13344,142368, 88.88, 44.01, 0.991, 0.991, 0.921120, 0.296915,1,1,0, 1.000000, 0.678916, 1.008834, 0.627424, 88.88, 0.991, 44.44, 0.988, 0.00, 0.000, 0.00, 0.000
13345,142378, 30.15, 44.55, 0.995, 0.992, 0.908654, 0.240520,1,1,0, 1.000000, 0.659744, 0.980475, 0.615249, 30.15, 0.995, 90.90, 0.993, 45.28, 0.989, 0.00, 0.000
13346,142389, 91.60, 45.07, 0.996, 0.995, 0.911428, 0.341193,1,1,0, 1.000000, 0.656310, 1.004979, 0.611569, 91.60, 0.996, 30.53, 0.994, 45.80, 0.994, 0.00, 0.000
13347,142400, 92.30, 45.52, 0.998, 0.998, 0.913166, 0.377889,1,1,0, 1.000000, 0.649828, 1.012958, 0.604622, 92.30, 0.998, 46.15, 0.997, 30.76, 0.996, 0.00, 0.000
13348,142410, 92.30, 45.79, 0.998, 0.998, 0.911916, 0.299895,1,1,0, 1.000000, 0.655572, 0.979357, 0.611479, 92.30, 0.998, 46.15, 0.998, 30.84, 0.998, 0.00, 0.000
13349,142421, 92.30, 45.94, 0.998, 0.998, 0.912603, 0.250449,1,1,0, 1.000000, 0.652528, 0.971665, 0.609856, 92.30, 0.998, 46.15, 0.998, 30.76, 0.997, 0.00, 0.000
13350,142432, 92.30, 46.03, 0.998, 0.997, 0.898548, 0.256933,1,1,0, 1.000000, 0.635064, 0.964968, 0.594147, 92.30, 0.998, 46.15, 0.996, 30.69, 0.996, 0.00, 0.000
13351,142442, 92.30, 46.08, 0.998, 0.998, 0.894053, 0.328496,1,1,0, 1.000000, 0.632032, 0.975697, 0.589682, 92.30, 0.998, 46.15, 0.997, 30.69, 0.995, 0.00, 0.000
13352,142453, 92.30, 46.11, 0.998, 0.998, 0.893929, 0.383729,1,1,0, 1.000000, 0.623292, 0.986896, 0.581450, 92.30, 0.998, 30.76, 0.998, 46.15, 0.997, 0.00, 0.000
13353,142464, 93.02, 46.20, 0.997, 0.997, 0.887312, 0.296528,1,1,0, 1.000000, 0.640614, 0.958004, 0.594433, 93.02, 0.997, 46.33, 0.996, 30.92, 0.995, 0.00, 0.000
13354,142474, 93.75, 46.48, 0.994, 0.992, 0.860742, 0.207801,1,1,0, 1.000000, 0.631976, 0.894002, 0.585016, 93.75, 0.994, 31.25, 0.993, 46.87, 0.989, 0.00, 0.000
13355,142485, 95.23, 46.96, 0.987, 0.983, 0.828664, 0.192718,1,1,0, 0.991623, 0.601123, 0.887125, 0.559341, 95.23, 0.987, 47.61, 0.977, 31.74, 0.976, 0.00, 0.000
13356,142496, 96.77, 47.64, 0.991, 0.986, 0.822898, 0.286628,1,1,0, 1.000000, 0.587847, 0.895055, 0.548488, 96.77, 0.991, 32.25, 0.987, 48.58, 0.981, 0.00, 0.000
13357,142506, 97.56, 48.20, 0.995, 0.996, 0.814984, 0.200863,1,1,0, 1.000000, 0.586989, 0.863012, 0.552514, 97.56, 0.995, 48.97, 0.994, 32.60, 0.993, 0.00, 0.000
13358,142517, 98.36, 48.52, 0.997, 0.997, 0.833242, 0.271859,1,1,0, 1.000000, 0.602503, 0.918477, 0.568461, 98.36, 0.997, 48.97, 0.996, 32.69, 0.993, 0.00, 0.000
13359,142528, 98.36, 48.71, 0.997, 0.997, 0.824770, 0.260397,1,1,0, 1.000000, 0.580366, 0.910943, 0.548397, 98.36, 0.997, 48.97, 0.996, 32.60, 0.993, 0.00, 0.000
13360,142538, 98.36, 48.82, 0.997, 0.997, 0.828957, 0.345272,1,1,0, 1.000000, 0.582279, 0.938220, 0.551125, 98.36, 0.997, 48.97, 0.996, 32.60, 0.992, 0.00, 0.000
13361,142549, 98.36, 48.97, 0.998, 0.998, 0.825882, 0.317057,1,1,0, 1.000000, 0.571916, 0.933149, 0.535896, 98.36, 0.998, 49.18, 0.997, 32.69, 0.997, 0.00, 0.000
13362,142560, 98.36, 49.06, 0.997, 0.998, 0.845202, 0.434736,1,1,0, 1.000000, 0.602856, 0.984287, 0.564796, 98.36, 0.997, 49.18, 0.997, 32.69, 0.996, 0.00, 0.000
13363,142570, 49.18, 49.11, 0.996, 0.997, 0.815883, 0.304654,1,1,0, 0.969032, 0.566621, 0.883683, 0.529060, 49.18, 0.996, 98.36, 0.996, 32.78, 0.995, 0.00, 0.000
13364,142581, 33.24, 49.39, 0.994, 0.989, 0.777783, 0.213495,1,1,0, 0.934179, 0.592362, 0.812990, 0.540940, 33.24, 0.994, 100.00, 0.988, 49.79, 0.985, 0.00, 0.000
13365,142592, 33.99, 50.09, 0.989, 0.983, 0.741479, 0.149613,1,1,0, 0.935591, 0.550795, 0.799879, 0.507932, 33.99, 0.989, 101.69, 0.987, 51.06, 0.977, 0.00, 0.000
13366,142602, 102.56, 50.68, 0.989, 0.991, 0.702200, 0.104845,1,1,0, 0.878782, 0.445670, 0.772616, 0.445313, 102.56, 0.989, 51.50, 0.988, 34.28, 0.982, 0.00, 0.000
13367,142613, 103.44, 50.93, 0.956, 0.927, 0.635393, 0.073473,1,1,0, 0.414729, 0.202109, 0.366972, 0.202416, 103.44, 0.956, 34.18, 0.920, 51.28, 0.899, 0.00, 0.000
13368,142624, 102.56, 50.99, 0.929, 0.880, 0.561797, 0.051489,1,1,0, 0.133285, 0.058836, 0.112967, 0.056987, 102.56, 0.929, 33.70, 0.852, 51.06, 0.833, 0.00, 0.000
13369,142634, 102.56, 50.14, 0.934, 0.739, 0.498095, 0.036082,1,1,0, 0.116003, 0.064276, 0.101880, 0.061008, 102.56, 0.934, 31.49, 0.776, 48.97, 0.644, 0.00, 0.000
13370,142645, 103.44, 72.53, 0.669, 0.628, 0.441017, 0.025285,1,1,0, 0.081210, 0.048325, 0.083394, 0.046057, 103.44, 0.669, 44.94, 0.572, 31.66, 0.470, 0.00, 0.000
13371,142656, 105.26, 72.53, 0.693, 0.565, 0.389850, 0.017719,1,1,0, 0.083604, 0.040258, 0.056439, 0.035404, 105.26, 0.693, 42.40, 0.479, 52.63, 0.337, 35.39, 0.197
13372,142666, 105.26, 56.80, 0.530, 0.486, 0.344505, 0.012417,1,1,0, 0.088946, 0.038006, 0.086753, 0.037506, 105.26, 0.530, 35.08, 0.457, 41.52, 0.401, 68.96, 0.395
13373,142677, 51.28, 47.72, 0.693, 0.659, 0.304736, 0.008702,1,1,0, 0.073277, 0.034099, 0.071922, 0.032380, 51.28, 0.693, 69.76, 0.636, 35.19, 0.629, 104.34, 0.379
13374,142688, 51.50, 49.31, 0.655, 0.685, 0.268985, 0.006098,1,1,0, 0.044100, 0.025289, 0.041739, 0.022647, 51.50, 0.655, 33.99, 0.552, 40.95, 0.549, 102.56, 0.498
13375,142698, 103.44, 50.13, 0.678, 0.735, 0.238782, 0.004273,1,1,0, 0.073067, 0.035205, 0.064890, 0.034350, 103.44, 0.678, 51.28, 0.675, 40.00, 0.419, 67.79, 0.356
13376,142709, 67.41, 50.13, 0.566, 0.661, 0.211799, 0.002994,1,1,0, 0.065708, 0.030449, 0.061087, 0.028226, 67.41, 0.566, 40.54, 0.494, 104.34, 0.442, 50.84, 0.373
13377,142720, 68.57, 50.13, 0.532, 0.595, 0.188093, 0.002098,1,1,0, 0.069013, 0.027689, 0.061058, 0.026034, 68.57, 0.532, 34.18, 0.386, 50.84, 0.237, 39.86, 0.213
13378,142730, 36.92, 44.58, 0.712, 0.713, 0.165963, 0.001470,1,1,0, 0.039182, 0.013874, 0.030384, 0.012967, 36.92, 0.712, 70.17, 0.565, 50.84, 0.491, 173.91, 0.094
13379,142741, 38.21, 41.91, 0.647, 0.634, 0.146363, 0.001030,1,1,0, 0.037099, 0.015754, 0.028633, 0.012286, 38.21, 0.647, 75.00, 0.343, 32.52, 0.323, 51.94, 0.283
13380,142752, 36.80, 39.76, 0.609, 0.620, 0.132059, 0.000722,1,1,0, 0.064373, 0.038725, 0.058546, 0.036570, 36.80, 0.609, 72.72, 0.233, 107.14, 0.211, 115.38, 0.205
13381,142762, 36.36, 38.33, 0.505, 0.517, 0.116740, 0.000506,1,1,0, 0.035477, 0.016765, 0.033426, 0.013892, 36.36, 0.505, 47.24, 0.335, 73.17, 0.240, 0.00, 0.000
13382,142773, 36.92, 37.74, 0.870, 0.875, 0.105472, 0.000354,1,1,0, 0.060397, 0.033920, 0.053608, 0.031385, 36.92, 0.870, 55.29, 0.311, 74.53, 0.283, 0.00, 0.000
13383,142784, 37.85, 37.79, 0.774, 0.834, 0.093627, 0.000248,1,1,0, 0.028227, 0.014794, 0.028261, 0.013163, 37.85, 0.774, 54.05, 0.446, 75.00, 0.333, 30.30, 0.263
13384,142794, 37.73, 37.76, 0.471, 0.544, 0.083451, 0.000174,1,1,0, 0.032590, 0.019072, 0.030849, 0.015006, 37.73, 0.471, 41.37, 0.355, 73.61, 0.298, 0.00, 0.000
13385,142805, 36.69, 37.31, 0.675, 0.703, 0.075962, 0.000122,1,1,0, 0.045065, 0.027011, 0.042060, 0.026275, 36.69, 0.675, 72.28, 0.348, 44.28, 0.075, 120.00, 0.002
13386,142816, 34.58, 36.16, 0.660, 0.693, 0.067831, 0.000085,1,1,0, 0.033068, 0.015108, 0.027577, 0.013909, 34.58, 0.660, 71.00, 0.516, 49.79, 0.186, 0.00, 0.000
13387,142826, 36.80, 36.43, 0.761, 0.804, 0.062857, 0.000059,1,1,0, 0.062355, 0.037872, 0.057313, 0.034141, 36.80, 0.761, 75.94, 0.398, 53.57, 0.291, 0.00, 0.000
13388,142837, 37.38, 36.83, 0.821, 0.850, 0.056826, 0.000042,1,1,0, 0.037746, 0.017304, 0.035525, 0.018159, 37.38, 0.821, 53.09, 0.427, 73.61, 0.211, 136.36, 0.163
13389,142848, 34.48, 35.84, 0.439, 0.460, 0.050820, 0.000029,1,1,0, 0.029739, 0.014950, 0.019886, 0.010150, 34.48, 0.439, 36.25, 0.293, 52.40, 0.225, 127.65, 0.165
13390,142858, 36.69, 36.20, 0.771, 0.776, 0.047655, 0.000020,1,1,0, 0.056765, 0.030518, 0.045699, 0.028665, 36.69, 0.771, 114.28, 0.312, 55.04, 0.288, 0.00, 0.000
13391,142869, 73.61, 36.20, 0.231, 0.699, 0.043681, 0.000014,1,1,0, 0.044096, 0.022113, 0.043266, 0.019872, 73.61, 0.231, 52.40, 0.195, 36.92, 0.188, 0.00, 0.000
13392,142880, 75.00, 36.55, 0.541, 0.604, 0.042722, 0.008656,1,1,0, 0.052965, 0.030268, 0.045077, 0.027634, 75.00, 0.541, 37.03, 0.538, 55.04, 0.053, 0.00, 0.000
13393,142890, 36.80, 36.66, 0.901, 0.928, 0.038604, 0.006066,1,1,0, 0.034987, 0.012164, 0.026906, 0.013092, 36.80, 0.901, 74.07, 0.703, 51.50, 0.015, 0.00, 0.000
13394,142901, 32.25, 37.52, 0.691, 0.552, 0.034782, 0.004250,1,1,0, 0.037880, 0.014324, 0.029237, 0.011572, 32.25, 0.691, 38.70, 0.491, 75.47, 0.438, 142.85, 0.050
13395,142912, 37.73, 37.61, 0.751, 0.769, 0.058703, 0.068644,1,1,0, 0.070778, 0.043190, 0.070322, 0.039288, 37.73, 0.751, 107.14, 0.272, 56.60, 0.153, 0.00, 0.000
13396,142922, 37.26, 37.46, 0.837, 0.860, 0.052935, 0.048104,1,1,0, 0.036718, 0.017772, 0.035989, 0.016457, 37.26, 0.837, 59.70, 0.321, 116.50, 0.105, 0.00, 0.000
13397,142933, 34.98, 36.42, 0.743, 0.751, 0.048853, 0.033710,1,1,0, 0.046085, 0.025342, 0.043275, 0.024202, 34.98, 0.743, 53.33, 0.369, 69.76, 0.112, 0.00, 0.000
13398,142944, 37.03, 36.68, 0.550, 0.602, 0.043888, 0.023623,1,1,0, 0.030122, 0.012619, 0.026378, 0.011973, 37.03, 0.550, 53.09, 0.508, 75.47, 0.283, 0.00, 0.000
13399,142954, 38.21, 37.32, 0.596, 0.640, 0.039487, 0.016555,1,1,0, 0.021817, 0.010021, 0.020926, 0.009611, 38.21, 0.596, 31.57, 0.506, 80.00, 0.488, 50.42, 0.212
13400,142965, 36.47, 36.96, 0.625, 0.663, 0.049175, 0.047199,1,1,0, 0.061966, 0.032423, 0.057322, 0.029517, 36.47, 0.625, 73.17, 0.314, 126.31, 0.175, 0.00, 0.000
13401,142976, 35.50, 36.35, 0.830, 0.869, 0.044814, 0.033076,1,1,0, 0.052455, 0.020599, 0.042571, 0.017752, 35.50, 0.830, 69.76, 0.565, 44.44, 0.039, 129.03, 0.016
13402,142986, 36.80, 36.54, 0.734, 0.765, 0.048279, 0.033444,1,1,0, 0.064192, 0.031879, 0.057944, 0.028994, 36.80, 0.734, 30.22, 0.484, 57.41, 0.376, 67.79, 0.252
13403,142997, 37.85, 37.09, 0.808, 0.827, 0.045234, 0.023436,1,1,0, 0.048422, 0.027321, 0.050648, 0.026896, 37.85, 0.808, 55.04, 0.400, 74.53, 0.159, 126.31, 0.077
13404,143008, 38.83, 37.82, 0.546, 0.578, 0.040504, 0.016424,1,1,0, 0.018149, 0.010381, 0.015667, 0.008718, 38.83, 0.546, 76.92, 0.118, 121.21, 0.028, 51.06, 0.023
13405,143018, 36.92, 37.44, 0.834, 0.836, 0.038289, 0.013235,1,1,0, 0.043112, 0.024783, 0.042074, 0.022351, 36.92, 0.834, 118.81, 0.234, 72.28, 0.090, 0.00, 0.000
13406,143029, 35.82, 36.76, 0.663, 0.709, 0.036900, 0.011259,1,1,0, 0.046717, 0.024298, 0.043672, 0.020397, 35.82, 0.663, 73.17, 0.385, 0.00, 0.000, 0.00, 0.000
13407,143040, 36.47, 36.64, 0.599, 0.626, 0.039766, 0.032616,1,1,0, 0.055447, 0.026991, 0.048368, 0.023940, 36.47, 0.599, 31.83, 0.379, 78.94, 0.321, 57.41, 0.121
13408,143050, 37.15, 36.85, 0.664, 0.707, 0.038389, 0.022857,1,1,0, 0.044498, 0.023980, 0.042951, 0.025141, 37.15, 0.664, 72.72, 0.379, 53.57, 0.165, 129.03, 0.009
13409,143061, 40.54, 38.40, 0.614, 0.601, 0.034419, 0.016017,1,1,0, 0.018893, 0.008387, 0.016567, 0.007855, 40.54, 0.614, 56.07, 0.251, 148.14, 0.092, 32.87, 0.070
13410,143072, 38.09, 38.27, 0.761, 0.769, 0.040539, 0.031143,1,1,0, 0.053092, 0.030501, 0.048716, 0.026771, 38.09, 0.761, 122.44, 0.347, 56.07, 0.295, 0.00, 0.000
13411,143082, 36.92, 37.70, 0.716, 0.728, 0.038231, 0.021824,1,1,0, 0.040217, 0.019319, 0.048236, 0.018732, 36.92, 0.716, 57.97, 0.374, 99.17, 0.196, 0.00, 0.000
13412,143093, 34.58, 36.39, 0.566, 0.561, 0.040292, 0.028558,1,1,0, 0.053457, 0.024560, 0.047728, 0.021034, 34.58, 0.566, 55.04, 0.409, 74.53, 0.068, 0.00, 0.000
13413,143104, 36.36, 36.38, 0.843, 0.873, 0.040405, 0.020013,1,1,0, 0.049004, 0.025640, 0.047649, 0.025661, 36.36, 0.843, 73.17, 0.342, 54.54, 0.230, 111.11, 0.033
13414,143114, 38.46, 37.25, 0.511, 0.532, 0.037439, 0.014024,1,1,0, 0.037662, 0.020730, 0.030692, 0.018399, 38.46, 0.511, 86.95, 0.284, 53.33, 0.240, 0.00, 0.000
13415,143125, 37.03, 37.16, 0.669, 0.695, 0.035820, 0.009828,1,1,0, 0.049840, 0.024070, 0.038684, 0.019822, 37.03, 0.669, 52.63, 0.403, 110.09, 0.356, 0.00, 0.000
13416,143136, 35.82, 36.59, 0.815, 0.815, 0.038930, 0.026474,1,1,0, 0.048644, 0.023427, 0.049750, 0.023233, 35.82, 0.815, 53.33, 0.361, 100.84, 0.296, 0.00, 0.000
13417,143146, 31.08, 36.59, 0.591, 0.733, 0.035765, 0.018552,1,1,0, 0.040537, 0.019594, 0.035148, 0.016321, 31.08, 0.591, 69.76, 0.383, 35.29, 0.381, 57.41, 0.349
13418,143157, 38.21, 37.27, 0.773, 0.834, 0.036381, 0.016227,1,1,0, 0.046983, 0.024809, 0.042997, 0.024773, 38.21, 0.773, 75.00, 0.747, 0.00, 0.000, 0.00, 0.000
13419,143168, 38.96, 37.98, 0.446, 0.506, 0.032512, 0.011371,1,1,0, 0.013336, 0.007446, 0.016048, 0.006887, 38.96, 0.446, 75.00, 0.393, 56.07, 0.054, 0.00, 0.000
13420,143178, 36.80, 37.49, 0.850, 0.836, 0.039215, 0.031240,1,1,0, 0.064680, 0.032149, 0.046367, 0.023582, 36.80, 0.850, 52.40, 0.327, 100.84, 0.090, 104.34, 0.088
13421,143189, 35.82, 36.78, 0.845, 0.867, 0.051946, 0.043768,1,1,0, 0.067650, 0.029819, 0.066939, 0.032107, 35.82, 0.845, 101.69, 0.375, 52.40, 0.351, 0.00, 0.000
13422,143200, 32.17, 36.94, 0.534, 0.524, 0.047713, 0.030672,1,1,0, 0.045432, 0.023625, 0.040620, 0.020771, 32.17, 0.534, 37.15, 0.476, 52.86, 0.411, 96.00, 0.176
13423,143210, 36.58, 36.79, 0.780, 0.792, 0.043887, 0.021494,1,1,0, 0.041816, 0.021429, 0.040852, 0.020843, 36.58, 0.780, 54.05, 0.461, 109.09, 0.184, 76.92, 0.057
13424,143221, 36.80, 36.79, 0.836, 0.860, 0.039682, 0.015062,1,1,0, 0.022873, 0.012683, 0.020872, 0.011769, 36.80, 0.836, 54.54, 0.489, 80.53, 0.127, 0.00, 0.000
13425,143232, 37.50, 37.09, 0.624, 0.689, 0.036410, 0.010555,1,1,0, 0.048009, 0.022171, 0.035758, 0.016811, 37.50, 0.624, 73.61, 0.356, 110.09, 0.073, 0.00, 0.000
13426,143242, 37.97, 37.46, 0.833, 0.879, 0.038824, 0.016258,1,1,0, 0.048915, 0.021573, 0.046219, 0.022602, 37.97, 0.833, 74.53, 0.536, 0.00, 0.000, 0.00, 0.000
13427,143253, 32.00, 37.46, 0.691, 0.791, 0.044384, 0.039374,1,1,0, 0.063809, 0.027789, 0.052872, 0.023703, 32.00, 0.691, 72.28, 0.378, 36.69, 0.317, 57.41, 0.269
13428,143264, 36.69, 37.14, 0.778, 0.821, 0.044530, 0.027592,1,1,0, 0.052363, 0.031608, 0.049347, 0.030752, 36.69, 0.778, 53.81, 0.410, 74.07, 0.291, 111.11, 0.072
13429,143274, 36.92, 37.04, 0.513, 0.556, 0.041234, 0.019336,1,1,0, 0.033702, 0.021308, 0.027700, 0.019548, 36.92, 0.513, 52.40, 0.477, 100.84, 0.246, 0.00, 0.000
13430,143285, 37.03, 37.04, 0.509, 0.531, 0.041189, 0.021458,1,1,0, 0.051563, 0.022325, 0.046293, 0.020040, 37.03, 0.509, 51.06, 0.501, 102.56, 0.362, 0.00, 0.000
13431,143296, 36.25, 36.71, 0.924, 0.938, 0.040816, 0.015037,1,1,0, 0.047594, 0.026559, 0.046880, 0.025100, 36.25, 0.924, 105.26, 0.543, 54.54, 0.485, 0.00, 0.000
13432,143306, 33.05, 35.17, 0.712, 0.699, 0.037900, 0.010537,1,1,0, 0.042528, 0.023263, 0.031902, 0.019927, 33.05, 0.712, 55.81, 0.308, 72.28, 0.143, 104.34, 0.064
13433,143317, 37.61, 36.20, 0.714, 0.748, 0.035389, 0.007384,1,1,0, 0.038164, 0.021404, 0.033482, 0.020400, 37.61, 0.714, 74.07, 0.516, 0.00, 0.000, 0.00, 0.000
13434,143328, 38.21, 37.04, 0.664, 0.706, 0.031720, 0.005175,1,1,0, 0.016221, 0.008016, 0.015589, 0.007172, 38.21, 0.664, 75.00, 0.473, 56.07, 0.191, 0.00, 0.000
13435,143338, 37.85, 37.38, 0.706, 0.739, 0.037556, 0.031241,1,1,0, 0.056908, 0.025758, 0.043762, 0.022286, 37.85, 0.706, 75.47, 0.239, 51.72, 0.202, 142.85, 0.055
13436,143349, 36.58, 37.05, 0.770, 0.806, 0.049930, 0.045561,1,1,0, 0.066136, 0.034162, 0.062721, 0.032465, 36.58, 0.770, 106.19, 0.465, 54.79, 0.312, 0.00, 0.000
13437,143360, 32.60, 36.80, 0.643, 0.652, 0.045239, 0.031928,1,1,0, 0.028528, 0.015535, 0.029945, 0.013811, 32.60, 0.643, 36.47, 0.622, 99.17, 0.335, 52.86, 0.173
13438,143370, 36.03, 36.48, 0.848, 0.864, 0.044042, 0.022374,1,1,0, 0.051787, 0.030177, 0.048566, 0.028360, 36.03, 0.848, 54.05, 0.451, 107.14, 0.283, 0.00, 0.000
13439,143381, 36.69, 36.57, 0.744, 0.777, 0.040143, 0.015679,1,1,0, 0.032581, 0.016459, 0.029698, 0.014899, 36.69, 0.744, 54.29, 0.697, 100.84, 0.218, 0.00, 0.000
13440,143392, 37.26, 36.86, 0.486, 0.543, 0.036669, 0.010988,1,1,0, 0.035212, 0.016169, 0.025672, 0.014314, 37.26, 0.486, 50.84, 0.252, 110.09, 0.219, 75.94, 0.132
13441,143402, 37.85, 37.28, 0.683, 0.704, 0.035787, 0.009715,1,1,0, 0.044894, 0.023120, 0.040535, 0.020513, 37.85, 0.683, 79.47, 0.269, 98.36, 0.263, 0.00, 0.000
13442,143413, 69.36, 35.66, 0.594, 0.557, 0.032579, 0.006808,1,1,0, 0.029892, 0.012753, 0.027495, 0.012418, 69.36, 0.594, 33.42, 0.523, 37.26, 0.265, 0.00, 0.000
13443,143424, 37.03, 36.23, 0.754, 0.789, 0.040749, 0.017385,1,1,0, 0.050364, 0.034281, 0.044274, 0.031778, 37.03, 0.754, 73.17, 0.530, 55.29, 0.272, 30.69, 0.191
13444,143434, 37.38, 36.71, 0.634, 0.655, 0.037652, 0.012183,1,1,0, 0.038265, 0.019018, 0.034171, 0.017895, 37.38, 0.634, 53.81, 0.330, 99.17, 0.230, 0.00, 0.000
13445,143445, 30.45, 34.08, 0.822, 0.771, 0.034380, 0.008538,1,1,0, 0.026939, 0.014386, 0.024770, 0.013515, 30.45, 0.822, 51.28, 0.393, 102.56, 0.390, 37.38, 0.193
13446,143456, 36.25, 34.99, 0.895, 0.914, 0.042364, 0.026060,1,1,0, 0.053086, 0.033094, 0.050636, 0.029263, 36.25, 0.895, 107.14, 0.612, 54.05, 0.550, 0.00, 0.000
13447,143466, 34.48, 34.78, 0.878, 0.912, 0.039657, 0.018262,1,1,0, 0.036139, 0.023972, 0.035263, 0.022962, 34.48, 0.878, 54.54, 0.379, 101.69, 0.359, 0.00, 0.000
13448,143477, 36.92, 35.68, 0.693, 0.724, 0.036516, 0.012798,1,1,0, 0.032046, 0.017403, 0.027701, 0.016466, 36.92, 0.693, 75.00, 0.217, 53.09, 0.210, 105.26, 0.070
13449,143488, 38.21, 36.74, 0.907, 0.928, 0.032657, 0.008968,1,1,0, 0.022379, 0.007709, 0.020040, 0.007088, 38.21, 0.907, 76.92, 0.492, 54.05, 0.098, 0.00, 0.000
13450,143498, 38.58, 37.51, 0.773, 0.785, 0.030004, 0.006285,1,1,0, 0.029826, 0.014880, 0.026397, 0.013159, 38.58, 0.773, 72.28, 0.448, 31.41, 0.133, 139.53, 0.040
13451,143509, 37.15, 37.36, 0.679, 0.720, 0.047163, 0.043844,1,1,0, 0.058164, 0.035286, 0.058579, 0.032313, 37.15, 0.679, 108.10, 0.251, 64.51, 0.182, 0.00, 0.000
13452,143520, 36.47, 36.99, 0.840, 0.846, 0.043215, 0.030725,1,1,0, 0.043517, 0.025267, 0.033499, 0.018331, 36.47, 0.840, 95.23, 0.334, 0.00, 0.000, 0.00, 0.000
13453,143530, 36.14, 36.63, 0.667, 0.703, 0.042057, 0.021531,1,1,0, 0.047861, 0.027793, 0.047232, 0.027146, 36.14, 0.667, 53.81, 0.482, 107.14, 0.170, 0.00, 0.000
13454,143541, 55.04, 44.36, 0.549, 0.540, 0.056485, 0.130695,1,1,0, 0.201318, 0.092592, 0.093864, 0.040607, 55.04, 0.549, 111.11, 0.315, 36.36, 0.242, 0.00, 0.000
13455,143552, 51.50, 49.36, 0.663, 0.660, 0.701437, 0.835963,1,1,1, 1.000000, 0.614997, 0.976724, 0.528492, 51.50, 0.663, 36.36, 0.418, 122.44, 0.262, 0.00, 0.000
13456,143562, 34.68, 49.36, 0.476, 0.594, 0.630816, 0.585826,1,1,0, 0.353883, 0.186479, 0.517703, 0.212293, 34.68, 0.476, 49.18, 0.346, 97.56, 0.005, 0.00, 0.000
13457,143573, 41.23, 43.67, 0.937, 0.919, 0.986401, 0.915581,1,1,0, 1.000000, 0.792155, 1.276483, 0.692405, 41.23, 0.937, 67.41, 0.206, 107.14, 0.054, 0.00, 0.000
13458,143584, 40.95, 41.77, 0.922, 0.943, 0.884708, 0.641621,1,1,0, 0.824224, 0.190780, 0.540867, 0.230851, 40.95, 0.922, 68.18, 0.189, 100.00, 0.142, 0.00, 0.000
13459,143594, 41.52, 41.59, 0.989, 0.992, 0.944289, 0.998612,1,1,0, 1.000000, 0.591361, 1.225104, 0.496731, 41.52, 0.989, 31.57, 0.203, 77.41, 0.182, 0.00, 0.000
13460,143605, 41.52, 41.54, 0.996, 0.997, 0.936505, 0.699807,1,1,0, 1.000000, 0.532370, 1.217531, 0.513917, 41.52, 0.996, 90.22, 0.207, 0.00, 0.000, 0.00, 0.000
13461,143616, 41.66, 41.63, 0.982, 0.987, 0.847096, 0.490410,1,1,0, 0.999999, 0.454676, 0.702472, 0.332810, 41.66, 0.982, 75.47, 0.288, 0.00, 0.000, 0.00, 0.000
13462,143626, 41.52, 41.55, 0.995, 0.997, 0.966639, 0.719714,1,1,0, 1.000000, 0.653123, 1.203992, 0.627087, 41.52, 0.995, 83.91, 0.283, 0.00, 0.000, 0.00, 0.000
13463,143637, 41.52, 41.53, 0.998, 0.998, 0.857586, 0.504361,1,1,0, 0.420011, 0.128473, 0.377190, 0.128590, 41.52, 0.998, 83.91, 0.282, 0.00, 0.000, 0.00, 0.000
13464,143648, 41.52, 41.52, 0.998, 0.998, 0.948550, 0.522465,1,1,0, 1.000000, 0.750069, 1.068881, 0.654553, 41.52, 0.998, 82.75, 0.274, 0.00, 0.000, 0.00, 0.000
13465,143658, 41.52, 41.52, 0.996, 0.997, 0.850115, 0.366133,1,1,0, 0.227150, 0.140179, 0.320765, 0.198114, 41.52, 0.996, 82.75, 0.314, 0.00, 0.000, 0.00, 0.000
13466,143669, 41.37, 41.46, 0.995, 0.997, 0.926573, 0.421041,1,1,0, 1.000000, 0.695792, 1.028981, 0.618695, 41.37, 0.995, 82.75, 0.366, 0.00, 0.000, 0.00, 0.000
13467,143680, 41.37, 41.42, 0.997, 0.997, 0.835451, 0.295057,1,1,0, 0.774800, 0.230070, 0.580198, 0.222489, 41.37, 0.997, 82.19, 0.443, 0.00, 0.000, 0.00, 0.000
13468,143690, 41.66, 41.52, 0.995, 0.996, 0.796498, 0.392764,1,1,0, 0.999999, 0.543550, 0.908832, 0.426692, 41.66, 0.995, 82.75, 0.475, 0.00, 0.000, 0.00, 0.000
13469,143701, 41.66, 41.58, 0.998, 0.999, 0.849362, 0.328997,1,1,0, 1.000000, 0.491607, 1.019406, 0.499597, 41.66, 0.998, 83.91, 0.506, 0.00, 0.000, 0.00, 0.000
13470,143712, 41.66, 41.62, 0.995, 0.996, 0.772420, 0.230554,1,1,0, 0.999999, 0.404725, 0.740843, 0.314232, 41.66, 0.995, 83.33, 0.512, 0.00, 0.000, 0.00, 0.000
13471,143722, 41.52, 41.57, 0.998, 0.998, 0.849922, 0.423585,1,1,0, 1.000000, 0.582356, 1.007256, 0.549980, 41.52, 0.998, 82.19, 0.499, 0.00, 0.000, 0.00, 0.000
13472,143733, 41.52, 41.55, 0.994, 0.996, 0.765338, 0.296840,1,1,0, 0.391471, 0.221532, 0.405695, 0.205446, 41.52, 0.994, 83.33, 0.525, 0.00, 0.000, 0.00, 0.000
13473,143744, 41.52, 41.54, 0.993, 0.995, 0.824685, 0.408547,1,1,0, 0.999999, 0.665910, 0.945274, 0.585910, 41.52, 0.993, 82.75, 0.562, 0.00, 0.000, 0.00, 0.000
13474,143754, 41.52, 41.53, 0.994, 0.996, 0.748740, 0.286301,1,1,0, 0.357027, 0.239378, 0.382154, 0.242495, 41.52, 0.994, 83.33, 0.624, 0.00, 0.000, 0.00, 0.000
13475,143765, 41.52, 41.52, 0.998, 0.998, 0.817903, 0.415200,1,1,0, 0.999999, 0.622065, 0.902915, 0.563126, 41.52, 0.998, 83.33, 0.664, 0.00, 0.000, 0.00, 0.000
13476,143776, 41.52, 41.52, 0.998, 0.998, 0.740994, 0.290963,1,1,0, 0.703044, 0.256718, 0.601295, 0.235424, 41.52, 0.998, 82.19, 0.687, 0.00, 0.000, 0.00, 0.000
13477,143786, 41.37, 41.46, 0.995, 0.996, 0.705135, 0.205603,1,1,0, 0.999999, 0.500609, 0.768349, 0.383022, 41.37, 0.995, 82.75, 0.679, 0.00, 0.000, 0.00, 0.000
13478,143797, 41.37, 41.42, 0.996, 0.997, 0.719339, 0.302795,1,1,0, 0.800426, 0.410193, 0.858275, 0.436762, 41.37, 0.996, 83.33, 0.688, 0.00, 0.000, 0.00, 0.000
13479,143808, 41.66, 41.52, 0.993, 0.995, 0.683192, 0.306746,1,1,0, 0.999999, 0.385978, 0.766215, 0.327607, 41.66, 0.993, 84.50, 0.725, 0.00, 0.000, 0.00, 0.000
13480,143818, 41.66, 41.58, 0.997, 0.997, 0.704630, 0.262693,1,1,0, 0.999999, 0.501522, 0.813099, 0.460863, 41.66, 0.997, 82.19, 0.730, 0.00, 0.000, 0.00, 0.000
13481,143829, 41.52, 41.55, 0.994, 0.996, 0.645878, 0.184090,1,1,0, 0.504527, 0.301428, 0.426179, 0.273805, 41.52, 0.994, 83.91, 0.765, 0.00, 0.000, 0.00, 0.000
13482,143840, 41.52, 41.54, 0.997, 0.997, 0.711961, 0.261280,1,1,0, 0.999999, 0.580354, 0.791887, 0.517908, 41.52, 0.997, 82.75, 0.786, 0.00, 0.000, 0.00, 0.000
13483,143850, 41.52, 41.53, 0.997, 0.998, 0.653923, 0.183100,1,1,0, 0.482799, 0.299217, 0.430233, 0.276307, 41.52, 0.997, 83.33, 0.804, 0.00, 0.000, 0.00, 0.000
13484,143861, 41.37, 41.46, 0.996, 0.997, 0.716278, 0.407559,1,1,0, 0.999999, 0.534504, 0.799436, 0.486230, 41.37, 0.996, 82.75, 0.821, 0.00, 0.000, 0.00, 0.000
13485,143872, 41.37, 41.43, 0.994, 0.995, 0.660504, 0.285609,1,1,0, 0.672609, 0.339244, 0.676876, 0.314059, 41.37, 0.994, 82.75, 0.837, 0.00, 0.000, 0.00, 0.000
13486,143882, 41.52, 41.46, 0.993, 0.995, 0.684915, 0.450723,1,1,0, 0.999999, 0.508579, 0.798625, 0.400030, 41.52, 0.993, 83.33, 0.850, 0.00, 0.000, 0.00, 0.000
13487,143893, 41.37, 41.43, 0.996, 0.997, 0.647293, 0.315857,1,1,0, 0.626472, 0.349267, 0.711158, 0.382376, 41.37, 0.996, 82.75, 0.862, 0.00, 0.000, 0.00, 0.000
13488,143904, 41.37, 41.40, 0.995, 0.996, 0.609849, 0.276327,1,1,0, 0.848960, 0.363292, 0.688881, 0.324757, 41.37, 0.995, 83.91, 0.847, 0.00, 0.000, 0.00, 0.000
13489,143914, 41.52, 41.45, 0.998, 0.999, 0.632030, 0.320778,1,1,0, 0.999999, 0.464770, 0.775870, 0.412403, 41.52, 0.998, 82.19, 0.844, 0.00, 0.000, 0.00, 0.000
13490,143925, 41.52, 41.48, 0.997, 0.998, 0.586478, 0.224795,1,1,0, 0.551485, 0.350261, 0.536386, 0.312761, 41.52, 0.997, 83.91, 0.869, 0.00, 0.000, 0.00, 0.000
13491,143936, 41.52, 41.50, 0.998, 0.998, 0.657694, 0.454875,1,1,0, 0.999999, 0.513432, 0.806515, 0.471013, 41.52, 0.998, 82.75, 0.885, 0.00, 0.000, 0.00, 0.000
13492,143946, 41.52, 41.50, 0.997, 0.997, 0.613863, 0.318767,1,1,0, 0.619935, 0.389502, 0.612639, 0.347770, 41.52, 0.997, 83.91, 0.898, 0.00, 0.000, 0.00, 0.000
13493,143957, 41.52, 41.51, 0.992, 0.994, 0.646144, 0.385766,1,1,0, 0.948370, 0.452082, 0.761397, 0.405723, 41.52, 0.992, 82.75, 0.903, 0.00, 0.000, 0.00, 0.000
13494,143968, 41.37, 41.45, 0.994, 0.995, 0.602126, 0.270337,1,1,0, 0.548303, 0.354819, 0.602624, 0.333671, 41.37, 0.994, 82.75, 0.890, 0.00, 0.000, 0.00, 0.000
13495,143978, 41.37, 41.42, 0.995, 0.996, 0.661737, 0.477489,1,1,0, 0.956846, 0.513169, 0.778100, 0.422601, 41.37, 0.995, 82.75, 0.881, 0.00, 0.000, 0.00, 0.000
13496,143989, 41.37, 41.40, 0.997, 0.998, 0.619346, 0.334614,1,1,0, 0.605019, 0.348432, 0.606126, 0.366134, 41.37, 0.997, 82.19, 0.875, 0.00, 0.000, 0.00, 0.000
13497,144000, 41.37, 41.39, 0.997, 0.998, 0.578575, 0.234491,1,1,0, 0.625322, 0.376621, 0.580799, 0.342386, 41.37, 0.997, 83.91, 0.884, 0.00, 0.000, 0.00, 0.000
13498,144010, 41.37, 41.38, 0.998, 0.998, 0.614028, 0.333797,1,1,0, 0.898041, 0.451670, 0.756829, 0.399777, 41.37, 0.998, 81.63, 0.899, 0.00, 0.000, 0.00, 0.000
13499,144021, 41.52, 41.44, 0.996, 0.997, 0.575511, 0.233918,1,1,0, 0.630906, 0.403423, 0.579779, 0.358238, 41.52, 0.996, 83.91, 0.902, 0.00, 0.000, 0.00, 0.000
13500,144032, 41.52, 41.47, 0.996, 0.997, 0.603150, 0.295962,1,1,0, 0.838889, 0.419855, 0.708517, 0.395117, 41.52, 0.996, 82.19, 0.896, 0.00, 0.000, 0.00, 0.000
13501,144042, 41.37, 41.43, 0.993, 0.995, 0.586675, 0.207404,1,1,0, 0.687410, 0.435567, 0.616178, 0.393445, 41.37, 0.993, 83.91, 0.882, 0.00, 0.000, 0.00, 0.000
13502,144053, 41.52, 41.47, 0.998, 0.998, 0.616866, 0.350687,1,1,0, 0.857205, 0.419994, 0.720592, 0.363457, 41.52, 0.998, 82.19, 0.871, 0.00, 0.000, 0.00, 0.000
13503,144064, 41.52, 41.49, 0.998, 0.998, 0.578956, 0.245755,1,1,0, 0.629315, 0.374374, 0.552405, 0.350529, 41.52, 0.998, 82.75, 0.869, 0.00, 0.000, 0.00, 0.000
13504,144074, 41.52, 41.50, 0.997, 0.998, 0.631476, 0.362536,1,1,0, 0.829322, 0.491061, 0.718490, 0.430416, 41.52, 0.997, 83.33, 0.877, 0.00, 0.000, 0.00, 0.000
13505,144085, 41.37, 41.45, 0.997, 0.997, 0.590078, 0.254058,1,1,0, 0.647809, 0.339631, 0.561354, 0.336219, 41.37, 0.997, 82.19, 0.873, 0.00, 0.000, 0.00, 0.000
13506,144096, 41.52, 41.48, 0.997, 0.998, 0.575800, 0.178039,1,1,0, 0.679444, 0.407801, 0.642789, 0.362508, 41.52, 0.997, 83.91, 0.867, 0.00, 0.000, 0.00, 0.000
13507,144106, 41.23, 41.37, 0.995, 0.996, 0.601936, 0.267044,1,1,0, 0.813757, 0.449894, 0.718067, 0.398995, 41.23, 0.995, 81.08, 0.845, 0.00, 0.000, 0.00, 0.000
13508,144117, 41.23, 41.31, 0.996, 0.997, 0.608031, 0.207929,1,1,0, 0.707479, 0.466236, 0.678880, 0.419767, 41.23, 0.996, 83.91, 0.836, 0.00, 0.000, 0.00, 0.000
13509,144128, 41.37, 41.34, 0.995, 0.996, 0.598698, 0.176961,1,1,0, 0.760402, 0.383631, 0.674135, 0.368863, 41.37, 0.995, 82.19, 0.838, 0.00, 0.000, 0.00, 0.000
13510,144138, 41.52, 41.41, 0.999, 0.999, 0.598245, 0.215917,1,1,0, 0.665301, 0.439777, 0.651173, 0.405114, 41.52, 0.999, 83.91, 0.856, 0.00, 0.000, 0.00, 0.000
13511,144149, 41.52, 41.46, 0.997, 0.998, 0.595679, 0.269214,1,1,0, 0.741922, 0.393699, 0.681869, 0.323169, 41.52, 0.997, 82.19, 0.857, 0.00, 0.000, 0.00, 0.000
13512,144160, 41.52, 41.48, 0.997, 0.997, 0.562063, 0.188659,1,1,0, 0.713629, 0.382631, 0.566535, 0.356213, 41.52, 0.997, 82.19, 0.847, 0.00, 0.000, 0.00, 0.000
13513,144170, 41.52, 41.50, 0.999, 0.999, 0.620218, 0.260743,1,1,0, 0.730013, 0.464618, 0.698309, 0.428118, 41.52, 0.999, 83.91, 0.834, 0.00, 0.000, 0.00, 0.000
13514,144181, 41.37, 41.45, 0.996, 0.997, 0.580925, 0.182723,1,1,0, 0.628447, 0.353523, 0.588926, 0.330654, 41.37, 0.996, 82.19, 0.796, 0.00, 0.000, 0.00, 0.000
13515,144192, 41.37, 41.42, 0.998, 0.998, 0.616511, 0.270930,1,1,0, 0.763836, 0.462854, 0.717836, 0.410767, 41.37, 0.998, 83.91, 0.778, 0.00, 0.000, 0.00, 0.000
13516,144202, 41.52, 41.46, 0.997, 0.998, 0.591320, 0.189862,1,1,0, 0.698001, 0.413501, 0.654629, 0.373784, 41.52, 0.997, 81.63, 0.763, 0.00, 0.000, 0.00, 0.000
13517,144213, 41.37, 41.42, 0.997, 0.998, 0.614347, 0.181822,1,1,0, 0.783592, 0.477038, 0.671441, 0.430446, 41.37, 0.997, 84.50, 0.791, 0.00, 0.000, 0.00, 0.000
13518,144224, 41.23, 41.34, 0.994, 0.995, 0.598294, 0.159114,1,1,0, 0.691194, 0.374239, 0.665570, 0.352691, 41.23, 0.994, 81.08, 0.822, 0.00, 0.000, 0.00, 0.000
13519,144234, 41.37, 41.36, 0.997, 0.997, 0.634636, 0.233989,1,1,0, 0.797249, 0.470249, 0.688804, 0.439823, 41.37, 0.997, 83.91, 0.827, 0.00, 0.000, 0.00, 0.000
13520,144245, 41.52, 41.42, 0.998, 0.999, 0.594614, 0.163975,1,1,0, 0.640106, 0.410863, 0.624831, 0.331205, 41.52, 0.998, 81.63, 0.807, 0.00, 0.000, 0.00, 0.000
13521,144256, 41.52, 41.46, 0.997, 0.998, 0.607344, 0.282360,1,1,0, 0.796599, 0.415128, 0.680619, 0.385212, 41.52, 0.997, 82.19, 0.788, 0.00, 0.000, 0.00, 0.000
13522,144266, 41.52, 41.49, 0.998, 0.999, 0.605593, 0.197872,1,1,0, 0.681960, 0.416759, 0.693218, 0.400166, 41.52, 0.998, 83.91, 0.754, 0.00, 0.000, 0.00, 0.000
13523,144277, 41.52, 41.50, 0.998, 0.998, 0.562913, 0.138664,1,1,0, 0.570518, 0.321099, 0.511461, 0.288282, 41.52, 0.998, 83.33, 0.722, 0.00, 0.000, 0.00, 0.000
13524,144288, 41.37, 41.45, 0.996, 0.997, 0.609523, 0.245488,1,1,0, 0.801038, 0.477491, 0.690368, 0.417339, 41.37, 0.996, 83.91, 0.722, 0.00, 0.000, 0.00, 0.000
13525,144298, 41.37, 41.42, 0.996, 0.997, 0.581701, 0.172033,1,1,0, 0.641975, 0.404492, 0.625932, 0.380203, 41.37, 0.996, 80.53, 0.741, 0.00, 0.000, 0.00, 0.000
13526,144309, 41.52, 41.46, 0.997, 0.998, 0.644962, 0.270154,1,1,0, 0.819169, 0.499614, 0.717216, 0.451189, 41.52, 0.997, 84.50, 0.773, 0.00, 0.000, 0.00, 0.000
13527,144320, 41.52, 41.48, 0.998, 0.998, 0.597948, 0.189319,1,1,0, 0.608671, 0.354247, 0.615616, 0.323377, 41.52, 0.998, 81.63, 0.771, 0.00, 0.000, 0.00, 0.000
13528,144330, 41.23, 41.38, 0.997, 0.998, 0.660125, 0.351843,1,1,0, 0.832413, 0.486089, 0.736655, 0.458014, 41.23, 0.997, 84.50, 0.757, 0.00, 0.000, 0.00, 0.000
13529,144341, 41.37, 41.38, 0.997, 0.998, 0.614021, 0.246564,1,1,0, 0.648445, 0.414609, 0.666426, 0.346838, 41.37, 0.997, 81.63, 0.758, 0.00, 0.000, 0.00, 0.000
13530,144352, 41.37, 41.38, 0.998, 0.999, 0.636062, 0.342374,1,1,0, 0.807680, 0.427534, 0.717495, 0.392174, 41.37, 0.998, 82.19, 0.742, 0.00, 0.000, 0.00, 0.000
13531,144362, 41.37, 41.38, 0.998, 0.998, 0.607222, 0.239929,1,1,0, 0.613323, 0.398045, 0.675848, 0.380772, 41.37, 0.998, 83.91, 0.736, 0.00, 0.000, 0.00, 0.000
13532,144373, 41.52, 41.43, 0.996, 0.997, 0.566866, 0.168137,1,1,0, 0.572852, 0.352452, 0.564853, 0.313416, 41.52, 0.996, 82.19, 0.732, 0.00, 0.000, 0.00, 0.000
13533,144384, 41.66, 41.53, 0.998, 0.998, 0.609428, 0.236136,1,1,0, 0.784837, 0.476417, 0.693120, 0.421328, 41.66, 0.998, 85.10, 0.707, 0.00, 0.000, 0.00, 0.000
13534,144394, 41.52, 41.52, 0.994, 0.996, 0.572977, 0.165479,1,1,0, 0.551688, 0.370457, 0.547855, 0.352701, 41.52, 0.994, 80.00, 0.679, 0.00, 0.000, 0.00, 0.000
13535,144405, 41.37, 41.46, 0.998, 0.998, 0.636832, 0.322018,1,1,0, 0.814910, 0.501120, 0.719885, 0.457919, 41.37, 0.998, 85.71, 0.690, 0.00, 0.000, 0.00, 0.000
13536,144416, 41.37, 41.42, 0.998, 0.998, 0.586077, 0.225664,1,1,0, 0.528345, 0.333678, 0.548558, 0.290237, 41.37, 0.998, 81.63, 0.697, 0.00, 0.000, 0.00, 0.000
13537,144426, 41.52, 41.46, 0.998, 0.999, 0.644013, 0.381298,1,1,0, 0.838115, 0.475892, 0.740999, 0.442335, 41.52, 0.998, 84.50, 0.720, 0.00, 0.000, 0.00, 0.000
13538,144437, 41.37, 41.43, 0.997, 0.998, 0.609202, 0.267206,1,1,0, 0.578712, 0.446386, 0.670058, 0.394265, 41.37, 0.997, 82.19, 0.752, 0.00, 0.000, 0.00, 0.000
13539,144448, 41.37, 41.40, 0.996, 0.997, 0.633716, 0.329453,1,1,0, 0.799949, 0.419470, 0.706666, 0.385907, 41.37, 0.996, 82.19, 0.758, 0.00, 0.000, 0.00, 0.000
13540,144458, 41.52, 41.45, 0.997, 0.998, 0.591586, 0.230874,1,1,0, 0.633103, 0.377896, 0.634390, 0.347003, 41.52, 0.997, 83.33, 0.751, 0.00, 0.000, 0.00, 0.000
13541,144469, 41.23, 41.36, 0.991, 0.994, 0.556855, 0.161792,1,1,0, 0.618196, 0.401603, 0.550900, 0.357289, 41.23, 0.991, 81.08, 0.693, 0.00, 0.000, 0.00, 0.000
13542,144480, 41.37, 41.37, 0.996, 0.997, 0.606460, 0.315199,1,1,0, 0.808181, 0.480992, 0.727689, 0.436706, 41.37, 0.996, 85.10, 0.637, 0.00, 0.000, 0.00, 0.000
13543,144490, 41.37, 41.37, 0.996, 0.997, 0.565681, 0.220885,1,1,0, 0.562038, 0.334993, 0.527995, 0.322053, 41.37, 0.996, 80.53, 0.637, 0.00, 0.000, 0.00, 0.000
13544,144501, 41.52, 41.43, 0.998, 0.998, 0.614446, 0.336341,1,1,0, 0.799474, 0.491218, 0.715593, 0.454439, 41.52, 0.998, 86.33, 0.690, 0.00, 0.000, 0.00, 0.000
13545,144512, 41.52, 41.47, 0.998, 0.999, 0.567714, 0.235701,1,1,0, 0.545037, 0.353217, 0.527978, 0.292133, 41.52, 0.998, 81.08, 0.699, 0.00, 0.000, 0.00, 0.000
13546,144522, 41.95, 41.67, 0.923, 0.945, 0.523760, 0.165174,1,1,0, 0.408910, 0.235577, 0.397112, 0.242803, 41.95, 0.923, 84.50, 0.658, 0.00, 0.000, 0.00, 0.000
13547,144533, 42.25, 41.91, 0.956, 0.968, 0.479947, 0.115751,1,1,0, 0.393434, 0.239516, 0.393141, 0.200676, 42.25, 0.956, 81.63, 0.659, 0.00, 0.000, 0.00, 0.000
13548,144544, 41.95, 41.93, 0.848, 0.890, 0.427874, 0.081116,1,1,0, 0.286375, 0.145317, 0.161670, 0.079990, 41.95, 0.848, 86.95, 0.533, 0.00, 0.000, 0.00, 0.000
13549,144554, 42.70, 42.25, 0.660, 0.721, 0.399871, 0.056844,1,1,0, 0.383800, 0.230333, 0.397380, 0.225616, 42.70, 0.660, 86.33, 0.338, 0.00, 0.000, 0.00, 0.000
13550,144565, 44.94, 43.38, 0.676, 0.701, 0.356112, 0.039835,1,1,0, 0.188370, 0.063910, 0.143738, 0.059008, 44.94, 0.676, 93.02, 0.321, 0.00, 0.000, 0.00, 0.000
13551,144576, 41.37, 42.54, 0.935, 0.924, 0.327446, 0.027915,1,1,0, 0.281484, 0.175248, 0.302540, 0.151306, 41.37, 0.935, 90.90, 0.241, 30.37, 0.191, 0.00, 0.000
13552,144586, 41.37, 42.05, 0.950, 0.964, 0.292230, 0.019562,1,1,0, 0.125797, 0.054336, 0.138650, 0.061201, 41.37, 0.950, 81.63, 0.321, 0.00, 0.000, 0.00, 0.000
13553,144597, 43.16, 42.52, 0.599, 0.638, 0.262227, 0.013709,1,1,0, 0.174705, 0.080195, 0.137257, 0.067053, 43.16, 0.599, 32.96, 0.243, 80.53, 0.237, 0.00, 0.000
13554,144608, 43.79, 43.05, 0.773, 0.785, 0.233144, 0.009607,1,1,0, 0.084773, 0.043284, 0.108517, 0.043242, 43.79, 0.773, 86.33, 0.135, 32.78, 0.094, 0.00, 0.000
13555,144618, 52.17, 46.88, 0.672, 0.639, 0.207539, 0.006732,1,1,0, 0.082119, 0.047756, 0.082953, 0.038216, 52.17, 0.672, 41.37, 0.435, 33.89, 0.161, 157.89, 0.158
13556,144629, 54.54, 44.75, 0.560, 0.523, 0.187024, 0.004718,1,1,0, 0.107483, 0.071069, 0.085959, 0.047547, 54.54, 0.560, 41.81, 0.541, 162.16, 0.013, 0.00, 0.000
13557,144640, 42.25, 43.70, 0.811, 0.792, 0.169444, 0.003306,1,1,0, 0.106768, 0.065890, 0.085619, 0.052535, 42.25, 0.811, 50.84, 0.476, 0.00, 0.000, 0.00, 0.000
13558,144650, 42.40, 43.15, 0.862, 0.870, 0.152688, 0.002316,1,1,0, 0.121077, 0.047769, 0.088604, 0.042180, 42.40, 0.862, 0.00, 0.000, 0.00, 0.000, 0.00, 0.000
13559,144661, 41.52, 42.47, 0.883, 0.891, 0.140234, 0.001623,1,1,0, 0.122281, 0.074065, 0.088541, 0.056985, 41.52, 0.883, 0.00, 0.000, 0.00, 0.000, 0.00, 0.000
13560,144672, 41.81, 42.19, 0.931, 0.950, 0.126557, 0.001137,1,1,0, 0.111846, 0.053140, 0.084309, 0.040273, 41.81, 0.931, 0.00, 0.000, 0.00, 0.000, 0.00, 0.000
13561,144682, 39.60, 41.10, 0.813, 0.816, 0.114434, 0.000797,1,1,0, 0.078800, 0.047936, 0.077346, 0.036202, 39.60, 0.813, 0.00, 0.000, 0.00, 0.000, 0.00, 0.000
13562,144693, 41.23, 41.16, 0.825, 0.850, 0.103819, 0.000558,1,1,0, 0.083198, 0.039234, 0.084287, 0.036723, 41.23, 0.825, 53.57, 0.049, 0.00, 0.000, 0.00, 0.000
13563,144704, 53.57, 41.16, 0.549, 0.765, 0.094558, 0.000391,1,1,0, 0.080211, 0.042390, 0.072867, 0.037512, 53.57, 0.549, 42.55, 0.356, 46.33, 0.228, 206.89, 0.128
13564,144714, 55.29, 47.09, 0.720, 0.676, 0.085453, 0.000274,1,1,0, 0.055869, 0.025942, 0.052456, 0.026645, 55.29, 0.720, 33.14, 0.316, 82.19, 0.084, 0.00, 0.000
13565,144725, 55.04, 44.75, 0.666, 0.531, 0.077990, 0.000192,1,1,0, 0.066830, 0.032444, 0.051505, 0.029946, 55.04, 0.666, 41.52, 0.526, 84.50, 0.337, 33.99, 0.315
13566,144736, 54.54, 48.86, 0.675, 0.640, 0.070573, 0.000134,1,1,0, 0.050234, 0.029042, 0.038795, 0.021052, 54.54, 0.675, 83.91, 0.426, 41.66, 0.415, 34.58, 0.147
13567,144746, 56.07, 51.89, 0.782, 0.754, 0.064528, 0.000094,1,1,0, 0.058308, 0.029201, 0.056340, 0.027762, 56.07, 0.782, 34.18, 0.780, 85.71, 0.552, 41.52, 0.420
13568,144757, 33.51, 53.87, 0.821, 0.654, 0.058719, 0.000066,1,1,0, 0.058572, 0.023969, 0.038749, 0.021829, 33.51, 0.821, 56.60, 0.644, 41.52, 0.547, 83.33, 0.489
13569,144768, 82.75, 48.50, 0.707, 0.637, 0.054880, 0.000046,1,1,0, 0.064532, 0.035956, 0.055265, 0.032162, 82.75, 0.707, 41.09, 0.620, 56.33, 0.472, 33.99, 0.321
13570,144778, 41.23, 45.45, 0.739, 0.741, 0.050816, 0.000032,1,1,0, 0.044385, 0.025607, 0.042368, 0.024974, 41.23, 0.739, 33.33, 0.725, 55.55, 0.718, 83.91, 0.610
13571,144789, 55.04, 49.48, 0.750, 0.722, 0.047068, 0.000022,1,1,0, 0.048936, 0.026926, 0.040773, 0.024665, 55.04, 0.750, 82.19, 0.452, 40.67, 0.427, 157.89, 0.375
13572,144800, 55.04, 51.81, 0.712, 0.697, 0.053619, 0.039945,1,1,0, 0.078816, 0.039210, 0.067099, 0.036127, 55.04, 0.712, 34.09, 0.626, 86.95, 0.520, 40.95, 0.319
13573,144810, 33.51, 53.28, 0.778, 0.660, 0.048928, 0.027992,1,1,0, 0.056232, 0.023864, 0.044725, 0.019717, 33.51, 0.778, 55.29, 0.658, 86.33, 0.397, 41.95, 0.246
13574,144821, 34.48, 54.45, 0.660, 0.647, 0.052782, 0.025643,1,1,0, 0.070433, 0.035023, 0.062708, 0.033810, 34.48, 0.660, 56.07, 0.645, 86.33, 0.493, 0.00, 0.000
13575,144832, 33.51, 54.70, 0.777, 0.763, 0.049153, 0.017970,1,1,0, 0.057114, 0.036395, 0.038108, 0.026056, 33.51, 0.777, 55.04, 0.740, 84.50, 0.457, 40.40, 0.289
13576,144842, 40.13, 48.58, 0.599, 0.587, 0.069942, 0.083196,1,1,0, 0.093796, 0.063502, 0.089674, 0.044965, 40.13, 0.599, 81.63, 0.326, 160.00, 0.249, 55.55, 0.050
13577,144853, 34.18, 42.53, 0.749, 0.702, 0.065458, 0.058302,1,1,0, 0.093577, 0.041168, 0.064385, 0.038803, 34.18, 0.749, 40.67, 0.590, 56.07, 0.154, 179.10, 0.127
13578,144864, 32.78, 38.44, 0.634, 0.595, 0.060026, 0.040857,1,1,0, 0.100189, 0.067954, 0.051758, 0.026059, 32.78, 0.634, 179.10, 0.311, 41.52, 0.238, 56.07, 0.024
13579,144874, 34.18, 36.65, 0.821, 0.783, 0.084872, 0.084371,1,1,0, 0.087630, 0.049501, 0.108418, 0.053322, 34.18, 0.821, 184.61, 0.166, 0.00, 0.000, 0.00, 0.000
13580,144885, 33.33, 35.26, 0.542, 0.536, 0.077244, 0.059126,1,1,0, 0.055002, 0.036853, 0.063596, 0.031178, 33.33, 0.542, 171.42, 0.305, 40.81, 0.196, 86.95, 0.027
13581,144896, 33.51, 34.52, 0.515, 0.517, 0.070087, 0.041434,1,1,0, 0.037581, 0.024311, 0.033476, 0.022139, 33.51, 0.515, 40.67, 0.466, 54.05, 0.286, 166.66, 0.159
13582,144906, 54.29, 42.83, 0.544, 0.510, 0.064673, 0.029036,1,1,0, 0.070565, 0.035794, 0.065318, 0.032761, 54.29, 0.544, 34.58, 0.307, 39.47, 0.183, 153.84, 0.148
13583,144917, 55.29, 48.06, 0.727, 0.684, 0.058399, 0.020348,1,1,0, 0.041415, 0.017619, 0.033635, 0.016459, 55.29, 0.727, 33.42, 0.719, 85.71, 0.288, 157.89, 0.029
13584,144928, 84.50, 45.14, 0.576, 0.501, 0.053992, 0.014259,1,1,0, 0.051062, 0.028928, 0.046899, 0.026910, 84.50, 0.576, 41.09, 0.486, 33.99, 0.478, 56.33, 0.470
13585,144938, 55.81, 43.38, 0.670, 0.609, 0.049374, 0.009992,1,1,0, 0.045674, 0.021742, 0.033837, 0.019433, 55.81, 0.670, 83.33, 0.585, 40.95, 0.581, 164.38, 0.310
13586,144949, 55.04, 42.24, 0.743, 0.738, 0.045933, 0.007002,1,1,0, 0.052501, 0.031080, 0.043542, 0.024532, 55.04, 0.743, 40.67, 0.705, 157.89, 0.557, 81.63, 0.537
13587,144960, 55.29, 41.58, 0.706, 0.533, 0.054175, 0.043730,1,1,0, 0.064561, 0.035191, 0.066935, 0.034015, 55.29, 0.706, 85.71, 0.552, 40.67, 0.466, 34.09, 0.322
13588,144970, 55.29, 41.58, 0.468, 0.480, 0.048517, 0.030645,1,1,0, 0.045111, 0.011846, 0.032146, 0.010610, 55.29, 0.468, 33.14, 0.419, 85.71, 0.396, 41.37, 0.290
13589,144981, 34.28, 38.52, 0.816, 0.766, 0.049127, 0.021475,1,1,0, 0.073501, 0.038510, 0.054445, 0.033392, 34.28, 0.816, 55.29, 0.749, 89.55, 0.412, 137.93, 0.006
13590,144992, 55.04, 45.46, 0.726, 0.681, 0.051673, 0.030382,1,1,0, 0.065471, 0.030271, 0.061196, 0.028105, 55.04, 0.726, 34.09, 0.565, 88.23, 0.429, 139.53, 0.040
13591,145002, 55.04, 45.46, 0.488, 0.613, 0.047060, 0.021291,1,1,0, 0.032504, 0.018454, 0.027804, 0.016590, 55.04, 0.488, 32.60, 0.480, 85.10, 0.344, 40.81, 0.250
13592,145013, 40.40, 43.33, 0.671, 0.642, 0.044060, 0.014920,1,1,0, 0.066524, 0.033784, 0.043264, 0.027128, 40.40, 0.671, 55.29, 0.483, 85.71, 0.461, 151.89, 0.123
13593,145024, 32.78, 42.27, 0.656, 0.575, 0.040508, 0.010455,1,1,0, 0.051700, 0.031157, 0.034747, 0.018660, 32.78, 0.656, 40.81, 0.555, 160.00, 0.383, 81.63, 0.211
13594,145034, 40.81, 41.66, 0.611, 0.631, 0.057936, 0.059335,1,1,0, 0.067411, 0.044706, 0.067713, 0.038552, 40.81, 0.611, 33.99, 0.516, 162.16, 0.233, 85.10, 0.207
13595,145045, 33.89, 38.40, 0.619, 0.581, 0.053392, 0.041581,1,1,0, 0.077396, 0.050331, 0.047173, 0.025425, 33.89, 0.619, 187.50, 0.127, 83.91, 0.061, 0.00, 0.000
13596,145056, 34.78, 36.88, 0.672, 0.650, 0.048693, 0.029139,1,1,0, 0.026434, 0.015687, 0.045796, 0.021367, 34.78, 0.672, 32.52, 0.620, 200.00, 0.240, 41.66, 0.215
13597,145066, 34.98, 36.08, 0.455, 0.467, 0.043691, 0.020420,1,1,0, 0.038721, 0.023193, 0.023384, 0.011267, 34.98, 0.455, 203.38, 0.163, 0.00, 0.000, 0.00, 0.000
13598,145077, 44.11, 36.08, 0.078, 0.420, 0.040501, 0.014310,1,1,0, 0.056118, 0.028884, 0.030151, 0.019892, 44.11, 0.078, 0.00, 0.000, 0.00, 0.000, 0.00, 0.000
13599,145088, 89.55, 36.08, 0.512, 0.378, 0.036605, 0.010028,1,1,0, 0.032938, 0.016719, 0.020520, 0.010860, 89.55, 0.512, 46.51, 0.270, 0.00, 0.000, 0.00, 0.000
13600,145098, 75.00, 36.08, 0.466, 0.340, 0.033391, 0.007027,1,1,0, 0.027070, 0.014064, 0.017291, 0.011848, 75.00, 0.466, 36.14, 0.163, 33.80, 0.137, 0.00, 0.000
13601,145109, 35.19, 35.70, 0.823, 0.799, 0.031144, 0.004924,1,1,0, 0.041084, 0.027701, 0.027707, 0.017148, 35.19, 0.823, 74.53, 0.649, 0.00, 0.000, 0.00, 0.000
13602,145120, 78.43, 35.70, 0.434, 0.719, 0.028545, 0.003451,1,1,0, 0.024376, 0.013112, 0.021048, 0.011502, 78.43, 0.434, 35.50, 0.391, 0.00, 0.000, 0.00, 0.000
13603,145130, 81.63, 38.21, 0.709, 0.485, 0.026013, 0.002418,1,1,0, 0.025399, 0.013614, 0.023255, 0.010859, 81.63, 0.709, 41.66, 0.457, 0.00, 0.000, 0.00, 0.000
13604,145141, 35.60, 37.11, 0.911, 0.880, 0.023823, 0.001694,1,1,0, 0.026142, 0.013596, 0.016124, 0.009356, 35.60, 0.911, 75.94, 0.465, 0.00, 0.000, 0.00, 0.000
13605,145152, 35.39, 36.39, 0.807, 0.815, 0.024113, 0.010472,1,1,0, 0.030702, 0.018442, 0.027106, 0.015677, 35.39, 0.807, 75.47, 0.477, 0.00, 0.000, 0.00, 0.000
13606,145162, 37.26, 36.76, 0.682, 0.757, 0.022431, 0.007339,1,1,0, 0.020143, 0.011187, 0.019975, 0.011859, 37.26, 0.682, 77.92, 0.652, 0.00, 0.000, 0.00, 0.000
13607,145173, 81.08, 37.57, 0.719, 0.615, 0.020497, 0.005143,1,1,0, 0.017981, 0.009151, 0.012236, 0.007562, 81.08, 0.719, 38.70, 0.544, 0.00, 0.000, 0.00, 0.000
13608,145184, 35.82, 36.84, 0.871, 0.857, 0.021326, 0.007855,1,1,0, 0.037108, 0.016872, 0.022913, 0.012431, 35.82, 0.871, 76.92, 0.548, 0.00, 0.000, 0.00, 0.000
13609,145194, 35.08, 36.10, 0.905, 0.905, 0.023663, 0.016695,1,1,0, 0.037277, 0.020478, 0.028566, 0.015502, 35.08, 0.905, 75.00, 0.547, 0.00, 0.000, 0.00, 0.000
13610,145205, 80.00, 36.10, 0.683, 0.815, 0.021997, 0.011700,1,1,0, 0.026821, 0.014459, 0.017561, 0.011140, 80.00, 0.683, 38.21, 0.374, 0.00, 0.000, 0.00, 0.000
13611,145216, 80.00, 36.74, 0.659, 0.536, 0.019769, 0.008199,1,1,0, 0.014994, 0.005570, 0.014932, 0.005127, 80.00, 0.659, 37.61, 0.510, 0.00, 0.000, 0.00, 0.000
13612,145226, 35.50, 36.22, 0.857, 0.843, 0.019237, 0.005745,1,1,0, 0.031327, 0.016652, 0.021342, 0.013474, 35.50, 0.857, 76.43, 0.495, 0.00, 0.000, 0.00, 0.000
13613,145237, 36.03, 36.14, 0.695, 0.730, 0.021204, 0.011994,1,1,0, 0.031303, 0.018907, 0.024810, 0.016071, 36.03, 0.695, 77.92, 0.600, 0.00, 0.000, 0.00, 0.000
13614,145248, 78.43, 37.87, 0.664, 0.495, 0.019225, 0.008405,1,1,0, 0.019781, 0.007443, 0.016104, 0.006606, 78.43, 0.664, 40.26, 0.450, 0.00, 0.000, 0.00, 0.000
13615,145258, 37.03, 37.52, 0.687, 0.685, 0.017816, 0.005890,1,1,0, 0.024382, 0.010123, 0.018781, 0.008425, 37.03, 0.687, 79.47, 0.654, 0.00, 0.000, 0.00, 0.000
13616,145269, 35.19, 36.54, 0.888, 0.871, 0.018877, 0.020480,1,1,0, 0.024860, 0.014516, 0.024734, 0.012917, 35.19, 0.888, 74.53, 0.466, 0.00, 0.000, 0.00, 0.000
13617,145280, 36.69, 36.60, 0.783, 0.815, 0.020841, 0.015565,1,1,0, 0.026953, 0.016033, 0.026335, 0.014488, 36.69, 0.783, 78.94, 0.705, 0.00, 0.000, 0.00, 0.000
13618,145290, 81.08, 38.43, 0.742, 0.625, 0.018858, 0.010907,1,1,0, 0.012783, 0.005862, 0.012536, 0.005985, 81.08, 0.742, 40.95, 0.582, 0.00, 0.000, 0.00, 0.000
13619,145301, 35.29, 37.11, 0.792, 0.770, 0.017877, 0.007644,1,1,0, 0.023317, 0.013270, 0.018701, 0.010665, 35.29, 0.792, 76.43, 0.577, 0.00, 0.000, 0.00, 0.000
13620,145312, 35.39, 36.39, 0.843, 0.841, 0.022417, 0.021171,1,1,0, 0.029663, 0.017026, 0.026629, 0.015332, 35.39, 0.843, 76.43, 0.590, 0.00, 0.000, 0.00, 0.000
13621,145322, 36.92, 36.61, 0.738, 0.765, 0.020741, 0.014836,1,1,0, 0.024021, 0.012649, 0.021161, 0.011567, 36.92, 0.738, 77.92, 0.676, 0.00, 0.000, 0.00, 0.000
13622,145333, 82.75, 38.20, 0.741, 0.625, 0.018788, 0.010396,1,1,0, 0.020344, 0.011659, 0.010666, 0.005905, 82.75, 0.741, 40.40, 0.576, 0.00, 0.000, 0.00, 0.000
13623,145344, 34.88, 36.81, 0.948, 0.914, 0.017884, 0.007285,1,1,0, 0.023826, 0.012723, 0.019478, 0.010208, 34.88, 0.948, 75.47, 0.456, 0.00, 0.000, 0.00, 0.000
13624,145354, 75.00, 36.81, 0.519, 0.823, 0.042264, 0.041750,1,1,0, 0.098447, 0.050976, 0.045560, 0.030191, 75.00, 0.519, 35.50, 0.290, 0.00, 0.000, 0.00, 0.000
13625,145365, 47.80, 36.81, 0.325, 0.740, 0.352010, 0.982416,1,1,1, 0.578253, 0.248742, 0.624366, 0.192793, 47.80, 0.325, 30.61, 0.257, 200.00, 0.051, 0.00, 0.000
13626,145376, 45.80, 36.81, 0.263, 0.666, 0.485660, 0.688457,1,1,0, 0.754073, 0.343383, 0.677830, 0.267061, 45.80, 0.263, 0.00, 0.000, 0.00, 0.000, 0.00, 0.000
13627,145386, 55.04, 49.57, 0.658, 0.637, 0.650147, 0.525593,1,1,0, 0.995147, 0.478756, 0.799979, 0.452022, 55.04, 0.658, 0.00, 0.000, 0.00, 0.000, 0.00, 0.000
13628,145397, 55.04, 53.40, 0.828, 0.827, 0.582323, 0.368324,1,1,0, 0.561240, 0.146763, 0.423834, 0.129952, 55.04, 0.828, 93.02, 0.050, 0.00, 0.000, 0.00, 0.000
13629,145408, 55.55, 54.91, 0.986, 0.990, 0.643290, 0.282199,1,1,0, 0.999999, 0.475146, 0.758867, 0.429840, 55.55, 0.986, 126.31, 0.035, 98.36, 0.034, 35.50, 0.027
13630,145418, 55.55, 55.36, 0.992, 0.994, 0.627820, 0.318441,1,1,0, 0.999999, 0.427837, 0.710828, 0.304431, 55.55, 0.992, 34.98, 0.222, 95.23, 0.088, 0.00, 0.000
13631,145429, 55.55, 55.49, 0.977, 0.983, 0.636091, 0.298831,1,1,0, 0.667667, 0.321233, 0.789642, 0.344257, 55.55, 0.977, 131.86, 0.016, 39.47, 0.000, 0.00, 0.000
13632,145440, 55.55, 55.53, 0.986, 0.990, 0.685651, 0.426478,1,1,0, 0.890342, 0.491669, 0.796621, 0.446787, 55.55, 0.986, 39.21, 0.039, 129.03, 0.011, 101.69, 0.000
13633,145450, 55.81, 55.73, 0.948, 0.962, 0.613195, 0.298867,1,1,0, 0.348571, 0.138608, 0.299644, 0.124182, 55.81, 0.948, 34.18, 0.077, 94.48, 0.015, 0.00, 0.000
13634,145461, 55.55, 55.60, 0.967, 0.976, 0.659708, 0.349292,1,1,0, 0.999999, 0.493201, 0.774642, 0.450419, 55.55, 0.967, 122.44, 0.054, 0.00, 0.000, 0.00, 0.000
13635,145472, 55.55, 55.58, 0.987, 0.991, 0.668330, 0.465470,1,1,0, 0.999999, 0.409984, 0.780186, 0.318230, 55.55, 0.987, 35.60, 0.310, 102.56, 0.130, 0.00, 0.000
13636,145482, 55.55, 55.57, 0.985, 0.989, 0.644627, 0.326192,1,1,0, 0.661986, 0.295110, 0.763876, 0.338073, 55.55, 0.985, 109.09, 0.108, 36.69, 0.061, 0.00, 0.000
13637,145493, 55.55, 55.56, 0.997, 0.998, 0.703043, 0.413004,1,1,0, 0.999999, 0.486134, 0.785437, 0.449061, 55.55, 0.997, 111.11, 0.098, 36.25, 0.096, 0.00, 0.000
13638,145504, 55.55, 55.56, 0.996, 0.997, 0.629798, 0.289425,1,1,0, 0.420558, 0.167984, 0.357355, 0.137972, 55.55, 0.996, 34.98, 0.142, 102.56, 0.084, 0.00, 0.000
13639,145514, 55.55, 55.55, 0.998, 0.999, 0.672261, 0.344504,1,1,0, 0.999999, 0.492215, 0.781270, 0.445517, 55.55, 0.998, 120.00, 0.038, 38.46, 0.001, 0.00, 0.000
13640,145525, 55.55, 55.55, 0.998, 0.998, 0.683487, 0.493372,1,1,0, 0.999999, 0.393496, 0.797288, 0.323746, 55.55, 0.998, 35.50, 0.238, 101.69, 0.125, 0.00, 0.000
13641,145536, 55.55, 55.55, 0.997, 0.998, 0.655775, 0.345745,1,1,0, 0.712905, 0.329597, 0.758475, 0.349150, 55.55, 0.997, 37.15, 0.131, 111.11, 0.127, 0.00, 0.000
13642,145546, 55.55, 55.55, 0.999, 0.999, 0.708757, 0.428128,1,1,0, 0.999999, 0.476977, 0.797270, 0.438765, 55.55, 0.999, 110.09, 0.108, 36.36, 0.098, 0.00, 0.000
13643,145557, 55.55, 55.55, 0.998, 0.998, 0.641619, 0.300023,1,1,0, 0.560406, 0.230998, 0.582856, 0.206926, 55.55, 0.998, 35.39, 0.183, 105.26, 0.131, 0.00, 0.000
13644,145568, 55.55, 55.55, 0.998, 0.998, 0.673457, 0.311350,1,1,0, 0.981991, 0.492058, 0.774751, 0.442905, 55.55, 0.998, 114.28, 0.103, 37.61, 0.052, 0.00, 0.000
13645,145578, 55.55, 55.55, 0.998, 0.999, 0.670037, 0.435345,1,1,0, 0.986980, 0.328970, 0.780026, 0.289713, 55.55, 0.998, 35.08, 0.267, 101.69, 0.163, 0.00, 0.000
13646,145589, 55.55, 55.55, 0.999, 0.999, 0.644926, 0.305081,1,1,0, 0.981906, 0.390163, 0.766569, 0.375254, 55.55, 0.999, 37.38, 0.254, 113.20, 0.197, 0.00, 0.000
13647,145600, 55.55, 55.55, 0.999, 0.999, 0.688477, 0.393547,1,1,0, 0.989477, 0.440484, 0.775036, 0.398403, 55.55, 0.999, 108.10, 0.136, 36.14, 0.123, 0.00, 0.000
13648,145610, 55.55, 55.55, 0.998, 0.998, 0.630655, 0.275790,1,1,0, 0.627878, 0.281053, 0.719474, 0.267845, 55.55, 0.998, 36.36, 0.170, 108.10, 0.144, 0.00, 0.000
13649,145621, 55.55, 55.55, 0.998, 0.998, 0.665405, 0.331532,1,1,0, 0.978811, 0.488881, 0.771029, 0.440949, 55.55, 0.998, 115.38, 0.146, 37.61, 0.136, 0.00, 0.000
13650,145632, 55.55, 55.55, 0.998, 0.999, 0.615412, 0.298932,1,1,0, 0.848674, 0.253503, 0.700906, 0.239526, 55.55, 0.998, 34.78, 0.289, 101.69, 0.173, 0.00, 0.000
13651,145642, 55.55, 55.55, 0.998, 0.998, 0.644267, 0.353314,1,1,0, 0.996162, 0.457216, 0.794078, 0.418653, 55.55, 0.998, 37.50, 0.311, 113.20, 0.258, 0.00, 0.000
13652,145653, 55.55, 55.55, 0.998, 0.998, 0.662186, 0.420091,1,1,0, 0.986330, 0.414168, 0.780310, 0.358597, 55.55, 0.998, 35.82, 0.265, 107.14, 0.229, 0.00, 0.000
13653,145664, 55.55, 55.55, 0.998, 0.998, 0.621158, 0.294391,1,1,0, 0.577646, 0.321636, 0.703693, 0.326999, 55.55, 0.998, 36.58, 0.198, 109.09, 0.191, 0.00, 0.000
13654,145674, 55.55, 55.55, 0.998, 0.999, 0.648822, 0.334416,1,1,0, 0.945041, 0.472980, 0.751476, 0.428331, 55.55, 0.998, 37.38, 0.209, 114.28, 0.202, 0.00, 0.000
13655,145685, 55.55, 55.55, 0.997, 0.998, 0.590545, 0.234352,1,1,0, 0.498140, 0.219208, 0.449897, 0.208455, 55.55, 0.997, 34.78, 0.247, 104.34, 0.175, 0.00, 0.000
13656,145696, 55.55, 55.55, 0.998, 0.998, 0.629308, 0.370609,1,1,0, 0.961140, 0.477621, 0.780817, 0.429038, 55.55, 0.998, 37.61, 0.293, 114.28, 0.244, 0.00, 0.000
13657,145706, 55.55, 55.55, 0.998, 0.999, 0.650744, 0.452409,1,1,0, 0.958735, 0.405881, 0.772155, 0.342824, 55.55, 0.998, 35.82, 0.376, 106.19, 0.284, 0.00, 0.000
13658,145717, 55.55, 55.55, 0.998, 0.998, 0.615303, 0.317039,1,1,0, 0.559810, 0.352011, 0.682647, 0.365389, 55.55, 0.998, 110.09, 0.223, 36.80, 0.211, 0.00, 0.000
13659,145728, 55.55, 55.55, 0.998, 0.998, 0.638473, 0.367650,1,1,0, 0.935740, 0.456281, 0.754795, 0.419429, 55.55, 0.998, 37.26, 0.272, 113.20, 0.260, 0.00, 0.000
13660,145738, 55.55, 55.55, 0.997, 0.998, 0.583924, 0.257642,1,1,0, 0.426764, 0.251432, 0.385746, 0.230811, 55.55, 0.997, 35.50, 0.281, 107.14, 0.254, 0.00, 0.000
13661,145749, 55.55, 55.55, 0.999, 0.999, 0.612695, 0.359701,1,1,0, 0.920030, 0.479231, 0.757024, 0.421925, 55.55, 0.999, 113.20, 0.263, 37.50, 0.259, 0.00, 0.000
13662,145760, 55.55, 55.55, 0.999, 0.999, 0.629129, 0.431108,1,1,0, 0.898229, 0.394294, 0.738469, 0.341312, 55.55, 0.999, 35.82, 0.455, 106.19, 0.344, 0.00, 0.000
13663,145770, 55.55, 55.55, 0.998, 0.998, 0.595245, 0.302111,1,1,0, 0.520788, 0.360339, 0.644183, 0.370625, 55.55, 0.998, 37.15, 0.276, 111.11, 0.259, 0.00, 0.000
13664,145781, 55.55, 55.55, 0.998, 0.999, 0.614290, 0.351986,1,1,0, 0.873917, 0.430025, 0.720676, 0.398792, 55.55, 0.998, 37.15, 0.254, 112.14, 0.254, 0.00, 0.000
13665,145792, 55.55, 55.55, 0.998, 0.999, 0.566929, 0.246665,1,1,0, 0.460854, 0.292912, 0.424389, 0.265071, 55.55, 0.998, 36.03, 0.316, 108.10, 0.291, 0.00, 0.000
13666,145802, 55.55, 55.55, 0.998, 0.998, 0.603607, 0.358194,1,1,0, 0.895353, 0.481134, 0.736166, 0.419794, 55.55, 0.998, 113.20, 0.274, 37.50, 0.234, 0.00, 0.000
13667,145813, 55.55, 55.55, 0.998, 0.998, 0.617569, 0.392130,1,1,0, 0.869423, 0.389325, 0.712294, 0.351426, 55.55, 0.998, 35.82, 0.485, 106.19, 0.381, 0.00, 0.000
13668,145824, 55.55, 55.55, 0.998, 0.998, 0.583514, 0.274797,1,1,0, 0.547671, 0.380947, 0.595384, 0.378790, 55.55, 0.998, 37.03, 0.396, 111.11, 0.346, 0.00, 0.000
13669,145834, 55.55, 55.55, 0.998, 0.999, 0.590074, 0.304990,1,1,0, 0.815074, 0.395454, 0.682216, 0.367166, 55.55, 0.998, 110.09, 0.286, 36.69, 0.272, 0.00, 0.000
13670,145845, 55.55, 55.55, 0.998, 0.998, 0.550022, 0.213730,1,1,0, 0.512589, 0.329547, 0.466837, 0.300471, 55.55, 0.998, 36.14, 0.356, 109.09, 0.330, 0.00, 0.000
13671,145856, 55.55, 55.55, 0.998, 0.999, 0.579848, 0.317115,1,1,0, 0.829502, 0.468915, 0.689874, 0.406390, 55.55, 0.998, 113.20, 0.302, 37.61, 0.280, 0.00, 0.000
13672,145866, 55.55, 55.55, 0.999, 0.999, 0.594176, 0.360739,1,1,0, 0.820211, 0.347629, 0.675765, 0.333269, 55.55, 0.999, 35.71, 0.424, 106.19, 0.358, 0.00, 0.000
13673,145877, 55.55, 55.55, 0.998, 0.999, 0.565209, 0.252798,1,1,0, 0.762912, 0.418285, 0.594313, 0.394189, 55.55, 0.998, 37.26, 0.485, 112.14, 0.400, 0.00, 0.000
13674,145888, 55.55, 55.55, 0.998, 0.998, 0.577170, 0.313069,1,1,0, 0.811517, 0.387883, 0.668937, 0.351473, 55.55, 0.998, 36.58, 0.331, 109.09, 0.327, 0.00, 0.000
13675,145898, 55.55, 55.55, 0.997, 0.998, 0.543150, 0.219392,1,1,0, 0.558994, 0.361119, 0.516993, 0.340247, 55.55, 0.997, 109.09, 0.358, 36.36, 0.353, 0.00, 0.000
13676,145909, 55.55, 55.55, 0.999, 0.999, 0.563187, 0.281752,1,1,0, 0.786814, 0.453812, 0.661091, 0.398774, 55.55, 0.999, 37.50, 0.382, 113.20, 0.378, 0.00, 0.000
13677,145920, 55.55, 55.55, 0.998, 0.999, 0.540019, 0.315830,1,1,0, 0.751291, 0.309702, 0.630349, 0.305183, 55.55, 0.998, 35.39, 0.387, 106.19, 0.361, 0.00, 0.000
13678,145930, 55.55, 55.55, 0.998, 0.998, 0.540203, 0.230351,1,1,0, 0.770919, 0.441280, 0.641434, 0.399653, 55.55, 0.998, 37.38, 0.528, 113.20, 0.438, 0.00, 0.000
13679,145941, 55.55, 55.55, 0.998, 0.999, 0.545941, 0.280293,1,1,0, 0.745391, 0.376387, 0.626110, 0.338137, 55.55, 0.998, 36.36, 0.425, 109.09, 0.372, 0.00, 0.000
13680,145952, 55.55, 55.55, 0.998, 0.999, 0.518238, 0.196423,1,1,0, 0.592254, 0.376983, 0.524935, 0.360494, 55.55, 0.998, 111.11, 0.349, 36.92, 0.311, 0.00, 0.000
13681,145962, 55.55, 55.55, 0.998, 0.999, 0.543638, 0.288432,1,1,0, 0.751044, 0.434511, 0.636426, 0.392909, 55.55, 0.998, 37.50, 0.430, 113.20, 0.413, 0.00, 0.000
13682,145973, 55.55, 55.55, 0.998, 0.998, 0.510769, 0.202127,1,1,0, 0.635442, 0.320502, 0.542333, 0.308440, 55.55, 0.998, 108.10, 0.379, 35.29, 0.376, 0.00, 0.000
13683,145984, 55.55, 55.55, 0.998, 0.999, 0.522280, 0.200858,1,1,0, 0.722353, 0.456887, 0.608732, 0.399093, 55.55, 0.998, 37.38, 0.498, 113.20, 0.451, 0.00, 0.000
13684,145994, 55.55, 55.55, 0.998, 0.999, 0.527755, 0.175777,1,1,0, 0.679486, 0.381876, 0.580718, 0.351375, 55.55, 0.998, 36.03, 0.569, 107.14, 0.460, 0.00, 0.000
13685,146005, 55.55, 55.55, 0.998, 0.999, 0.514300, 0.123181,1,1,0, 0.627251, 0.388922, 0.541832, 0.374002, 55.55, 0.998, 111.11, 0.387, 37.03, 0.347, 0.00, 0.000
13686,146016, 55.55, 55.55, 0.999, 0.999, 0.518858, 0.204133,1,1,0, 0.688968, 0.386386, 0.586760, 0.359965, 55.55, 0.999, 37.38, 0.428, 112.14, 0.428, 0.00, 0.000
13687,146026, 55.55, 55.55, 0.999, 0.999, 0.505835, 0.143052,1,1,0, 0.650864, 0.356513, 0.553511, 0.331047, 55.55, 0.999, 109.09, 0.412, 36.36, 0.391, 0.00, 0.000
13688,146037, 55.55, 55.55, 0.999, 0.999, 0.501780, 0.126604,1,1,0, 0.665873, 0.445510, 0.561768, 0.377242, 55.55, 0.999, 113.20, 0.420, 37.50, 0.417, 0.00, 0.000
13689,146048, 55.55, 55.55, 0.998, 0.998, 0.520663, 0.160648,1,1,0, 0.647040, 0.392606, 0.588805, 0.372290, 55.55, 0.998, 36.03, 0.643, 107.14, 0.504, 0.00, 0.000
13690,146058, 55.55, 55.55, 0.998, 0.998, 0.531694, 0.194496,1,1,0, 0.658331, 0.405520, 0.582411, 0.388784, 55.55, 0.998, 112.14, 0.434, 37.15, 0.413, 0.00, 0.000
13691,146069, 55.55, 55.55, 0.999, 0.999, 0.511369, 0.136299,1,1,0, 0.651276, 0.351680, 0.545615, 0.332726, 55.55, 0.999, 112.14, 0.450, 37.15, 0.427, 0.00, 0.000
13692,146080, 55.55, 55.55, 0.998, 0.999, 0.522448, 0.196681,1,1,0, 0.679743, 0.400417, 0.590362, 0.368435, 55.55, 0.998, 109.09, 0.472, 36.47, 0.467, 0.00, 0.000
13693,146090, 55.55, 55.55, 0.998, 0.998, 0.497241, 0.137830,1,1,0, 0.681560, 0.429829, 0.508836, 0.354649, 55.55, 0.998, 112.14, 0.427, 37.26, 0.375, 0.00, 0.000
13694,146101, 55.55, 55.55, 0.998, 0.998, 0.519522, 0.210012,1,1,0, 0.608003, 0.373774, 0.603447, 0.371079, 55.55, 0.998, 36.14, 0.638, 107.14, 0.512, 0.00, 0.000
13695,146112, 55.55, 55.55, 0.999, 0.999, 0.537597, 0.242175,1,1,0, 0.667852, 0.405434, 0.595048, 0.382480, 55.55, 0.999, 37.26, 0.506, 112.14, 0.479, 0.00, 0.000
13696,146122, 55.55, 55.55, 0.999, 0.999, 0.505842, 0.169711,1,1,0, 0.625404, 0.334299, 0.519140, 0.311691, 55.55, 0.999, 111.11, 0.448, 37.15, 0.414, 0.00, 0.000
13697,146133, 55.55, 55.55, 0.998, 0.999, 0.537385, 0.237085,1,1,0, 0.708831, 0.425116, 0.611539, 0.392819, 55.55, 0.998, 109.09, 0.487, 36.58, 0.480, 0.00, 0.000
13698,146144, 55.55, 55.55, 0.998, 0.998, 0.517510, 0.166144,1,1,0, 0.714879, 0.428137, 0.538794, 0.356014, 55.55, 0.998, 112.14, 0.465, 37.26, 0.428, 0.00, 0.000
13699,146154, 55.55, 55.55, 0.998, 0.998, 0.541946, 0.245313,1,1,0, 0.562420, 0.359589, 0.634791, 0.368139, 55.55, 0.998, 36.14, 0.590, 108.10, 0.514, 0.00, 0.000
13700,146165, 55.55, 55.55, 0.998, 0.999, 0.553389, 0.239798,1,1,0, 0.698851, 0.412802, 0.607586, 0.380088, 55.55, 0.998, 37.15, 0.619, 112.14, 0.549, 0.00, 0.000
13701,146176, 55.55, 55.55, 0.998, 0.999, 0.518216, 0.168046,1,1,0, 0.575722, 0.329805, 0.508357, 0.301396, 55.55, 0.998, 110.09, 0.488, 36.80, 0.459, 0.00, 0.000
13702,146186, 55.55, 55.55, 0.999, 0.999, 0.546568, 0.224963,1,1,0, 0.721918, 0.429459, 0.612608, 0.397988, 55.55, 0.999, 110.09, 0.492, 36.80, 0.471, 0.00, 0.000
13703,146197, 55.55, 55.55, 0.999, 0.999, 0.527571, 0.157649,1,1,0, 0.725907, 0.402574, 0.554710, 0.346616, 55.55, 0.999, 113.20, 0.496, 37.50, 0.493, 0.00, 0.000
13704,146208, 55.55, 55.55, 0.998, 0.998, 0.548380, 0.233869,1,1,0, 0.576976, 0.357521, 0.632203, 0.359229, 55.55, 0.998, 36.25, 0.521, 108.10, 0.489, 0.00, 0.000
13705,146218, 55.55, 55.55, 0.998, 0.998, 0.562120, 0.243498,1,1,0, 0.723156, 0.416887, 0.621992, 0.373890, 55.55, 0.998, 37.26, 0.651, 112.14, 0.569, 0.00, 0.000
13706,146229, 55.55, 55.55, 0.998, 0.999, 0.534337, 0.170638,1,1,0, 0.561113, 0.351639, 0.615909, 0.323985, 55.55, 0.998, 36.58, 0.560, 109.09, 0.546, 0.00, 0.000
13707,146240, 55.55, 55.55, 0.999, 0.999, 0.568449, 0.218775,1,1,0, 0.738687, 0.443734, 0.629371, 0.409599, 55.55, 0.999, 111.11, 0.513, 36.92, 0.469, 0.00, 0.000
13708,146250, 55.55, 55.55, 0.998, 0.998, 0.545035, 0.153313,1,1,0, 0.730756, 0.353120, 0.575079, 0.322945, 55.55, 0.998, 112.14, 0.533, 37.38, 0.525, 0.00, 0.000
13709,146261, 55.55, 55.55, 0.998, 0.998, 0.557728, 0.202239,1,1,0, 0.723512, 0.388295, 0.632977, 0.372214, 55.55, 0.998, 36.36, 0.523, 109.09, 0.508, 0.00, 0.000
13710,146272, 55.55, 55.55, 0.999, 0.999, 0.535738, 0.141725,1,1,0, 0.712504, 0.392705, 0.575065, 0.337277, 55.55, 0.999, 37.26, 0.618, 112.14, 0.562, 0.00, 0.000
13711,146282, 55.55, 55.55, 0.999, 0.999, 0.536708, 0.164885,1,1,0, 0.562519, 0.364759, 0.620135, 0.349152, 55.55, 0.999, 36.47, 0.641, 109.09, 0.585, 0.00, 0.000
13712,146293, 55.55, 55.55, 0.999, 0.999, 0.576163, 0.232297,1,1,0, 0.742217, 0.448637, 0.636455, 0.411599, 55.55, 0.999, 111.11, 0.526, 37.15, 0.488, 0.00, 0.000
13713,146304, 55.55, 55.55, 0.998, 0.999, 0.537288, 0.162789,1,1,0, 0.670022, 0.296998, 0.553771, 0.287720, 55.55, 0.998, 112.14, 0.539, 37.26, 0.518, 0.00, 0.000
13714,146314, 55.55, 55.55, 0.998, 0.999, 0.575952, 0.233181,1,1,0, 0.738230, 0.442778, 0.654071, 0.412949, 55.55, 0.998, 36.58, 0.553, 110.09, 0.546, 0.00, 0.000
13715,146325, 55.55, 55.55, 0.998, 0.998, 0.546029, 0.163408,1,1,0, 0.718942, 0.379459, 0.580639, 0.308237, 55.55, 0.998, 37.03, 0.579, 111.11, 0.564, 0.00, 0.000
13716,146336, 55.55, 55.55, 0.998, 0.998, 0.549335, 0.164355,1,1,0, 0.568956, 0.369023, 0.629164, 0.371662, 55.55, 0.998, 36.36, 0.704, 108.10, 0.631, 0.00, 0.000
13717,146346, 55.55, 55.55, 0.999, 0.999, 0.578855, 0.220748,1,1,0, 0.733876, 0.442810, 0.631819, 0.405427, 55.55, 0.999, 111.11, 0.580, 37.15, 0.576, 0.00, 0.000
13718,146357, 55.55, 55.55, 0.999, 0.999, 0.534159, 0.154696,1,1,0, 0.432544, 0.250074, 0.381093, 0.246900, 55.55, 0.999, 111.11, 0.537, 37.15, 0.488, 0.00, 0.000
13719,146368, 55.55, 55.55, 0.998, 0.999, 0.573677, 0.241293,1,1,0, 0.725498, 0.460517, 0.648523, 0.425407, 55.55, 0.998, 36.80, 0.572, 110.09, 0.562, 0.00, 0.000
13720,146378, 55.55, 55.55, 0.998, 0.998, 0.546834, 0.169093,1,1,0, 0.723842, 0.374807, 0.584372, 0.299500, 55.55, 0.998, 111.11, 0.557, 37.03, 0.554, 0.00, 0.000
13721,146389, 55.55, 55.55, 0.998, 0.998, 0.554082, 0.177972,1,1,0, 0.590710, 0.366345, 0.631119, 0.378485, 55.55, 0.998, 36.47, 0.713, 109.09, 0.640, 0.00, 0.000
13722,146400, 55.55, 55.55, 0.999, 0.999, 0.591074, 0.225311,1,1,0, 0.742340, 0.438004, 0.638222, 0.401818, 55.55, 0.999, 37.15, 0.654, 112.14, 0.633, 0.00, 0.000
13723,146410, 55.55, 55.55, 0.997, 0.998, 0.544234, 0.157893,1,1,0, 0.594439, 0.264977, 0.496896, 0.250535, 55.55, 0.997, 111.11, 0.570, 36.92, 0.516, 0.00, 0.000
13724,146421, 55.29, 55.44, 0.986, 0.990, 0.613474, 0.288251,1,1,0, 0.753043, 0.512214, 0.682966, 0.440531, 55.29, 0.986, 109.09, 0.541, 36.47, 0.496, 0.00, 0.000
13725,146432, 55.55, 55.49, 0.883, 0.916, 0.568144, 0.202000,1,1,0, 0.675035, 0.377273, 0.403952, 0.269103, 55.55, 0.883, 111.11, 0.288, 36.92, 0.078, 0.00, 0.000
13726,146442, 55.04, 55.30, 0.695, 0.735, 0.522561, 0.141558,1,1,0, 0.418727, 0.209704, 0.335205, 0.230920, 55.04, 0.695, 36.14, 0.028, 0.00, 0.000, 0.00, 0.000
13727,146453, 55.04, 55.19, 0.779, 0.799, 0.472842, 0.099201,1,1,0, 0.326936, 0.170369, 0.341672, 0.168140, 55.04, 0.779, 0.00, 0.000, 0.00, 0.000, 0.00, 0.000
13728,146464, 56.07, 55.56, 0.687, 0.713, 0.429304, 0.069518,1,1,0, 0.267026, 0.163594, 0.176544, 0.132553, 56.07, 0.687, 0.00, 0.000, 0.00, 0.000, 0.00, 0.000
13729,146474, 59.40, 57.17, 0.869, 0.853, 0.381987, 0.048716,1,1,0, 0.162375, 0.100474, 0.103114, 0.059880, 59.40, 0.869, 0.00, 0.000, 0.00, 0.000, 0.00, 0.000
13730,146485, 62.82, 46.18, 0.908, 0.890, 0.341064, 0.034139,1,1,0, 0.087667, 0.058954, 0.118294, 0.064787, 62.82, 0.908, 31.00, 0.872, 0.00, 0.000, 0.00, 0.000
13731,146496, 64.86, 39.98, 0.819, 0.700, 0.300495, 0.023924,1,1,0, 0.038767, 0.016176, 0.030293, 0.018424, 64.86, 0.819, 31.41, 0.678, 0.00, 0.000, 0.00, 0.000
13732,146506, 31.83, 36.55, 0.729, 0.684, 0.264108, 0.016765,1,1,0, 0.020706, 0.010580, 0.018455, 0.010025, 31.83, 0.729, 57.41, 0.421, 0.00, 0.000, 0.00, 0.000
13733,146517, 68.18, 36.55, 0.205, 0.616, 0.232995, 0.011749,1,1,0, 0.043732, 0.029157, 0.031655, 0.017955, 68.18, 0.205, 0.00, 0.000, 0.00, 0.000, 0.00, 0.000
13734,146528, 45.45, 40.29, 0.536, 0.503, 0.206296, 0.008233,1,1,0, 0.053332, 0.033896, 0.051731, 0.023166, 45.45, 0.536, 31.16, 0.274, 73.61, 0.205, 102.56, 0.200
13735,146538, 120.00, 40.29, 0.306, 0.453, 0.183622, 0.005769,1,1,0, 0.080005, 0.060676, 0.048259, 0.026312, 120.00, 0.306, 0.00, 0.000, 0.00, 0.000, 0.00, 0.000
13736,146549, 36.92, 40.29, 0.021, 0.407, 0.164975, 0.004043,1,1,0, 0.068001, 0.036322, 0.064414, 0.037400, 36.92, 0.021, 0.00, 0.000, 0.00, 0.000, 0.00, 0.000
13737,146560, 36.36, 38.64, 0.836, 0.798, 0.147399, 0.002833,1,1,0, 0.061140, 0.037086, 0.046849, 0.029437, 36.36, 0.836, 0.00, 0.000, 0.00, 0.000, 0.00, 0.000
13738,146570, 41.09, 39.67, 0.847, 0.840, 0.131537, 0.001985,1,1,0, 0.048667, 0.026935, 0.034510, 0.021847, 41.09, 0.847, 0.00, 0.000, 0.00, 0.000, 0.00, 0.000
13739,146581, 41.09, 40.27, 0.916, 0.921, 0.117564, 0.001391,1,1,0, 0.050691, 0.029952, 0.046485, 0.023670, 41.09, 0.916, 0.00, 0.000, 0.00, 0.000, 0.00, 0.000
13740,146592, 40.40, 40.32, 0.787, 0.824, 0.106400, 0.000975,1,1,0, 0.060871, 0.041158, 0.060377, 0.032961, 40.40, 0.787, 0.00, 0.000, 0.00, 0.000, 0.00, 0.000
13741,146602, 43.47, 41.65, 0.779, 0.771, 0.095574, 0.000683,1,1,0, 0.071364, 0.037169, 0.044399, 0.023601, 43.47, 0.779, 0.00, 0.000, 0.00, 0.000, 0.00, 0.000
13742,146613, 42.55, 42.02, 0.804, 0.818, 0.086026, 0.000478,1,1,0, 0.053047, 0.027314, 0.029903, 0.020159, 42.55, 0.804, 34.48, 0.415, 0.00, 0.000, 0.00, 0.000
13743,146624, 39.34, 40.90, 0.889, 0.878, 0.078799, 0.000335,1,1,0, 0.067454, 0.045170, 0.053636, 0.031797, 39.34, 0.889, 0.00, 0.000, 0.00, 0.000, 0.00, 0.000
13744,146634, 40.00, 40.52, 0.755, 0.780, 0.071935, 0.000235,1,1,0, 0.054557, 0.029757, 0.052947, 0.029664, 40.00, 0.755, 0.00, 0.000, 0.00, 0.000, 0.00, 0.000
13745,146645, 38.96, 39.86, 0.868, 0.870, 0.066282, 0.000164,1,1,0, 0.062804, 0.039654, 0.047597, 0.029352, 38.96, 0.868, 0.00, 0.000, 0.00, 0.000, 0.00, 0.000
13746,146656, 40.54, 40.14, 0.915, 0.932, 0.060341, 0.000115,1,1,0, 0.046687, 0.024283, 0.048932, 0.023483, 40.54, 0.915, 0.00, 0.000, 0.00, 0.000, 0.00, 0.000
13747,146666, 43.47, 41.54, 0.873, 0.861, 0.070273, 0.039996,1,1,0, 0.115535, 0.058154, 0.078163, 0.042121, 43.47, 0.873, 30.45, 0.073, 0.00, 0.000, 0.00, 0.000
13748,146677, 43.16, 42.22, 0.877, 0.884, 0.080641, 0.034797,1,1,0, 0.128224, 0.073757, 0.088021, 0.057325, 43.16, 0.877, 0.00, 0.000, 0.00, 0.000, 0.00, 0.000
13749,146688, 40.81, 41.63, 0.843, 0.857, 0.076072, 0.024385,1,1,0, 0.136763, 0.099940, 0.074577, 0.047034, 40.81, 0.843, 0.00, 0.000, 0.00, 0.000, 0.00, 0.000
13750,146698, 39.21, 40.61, 0.704, 0.710, 0.070870, 0.017088,1,1,0, 0.066926, 0.044097, 0.069812, 0.044472, 39.21, 0.704, 0.00, 0.000, 0.00, 0.000, 0.00, 0.000
13751,146709, 33.61, 38.92, 0.822, 0.784, 0.064027, 0.011975,1,1,0, 0.035031, 0.017100, 0.030086, 0.017887, 33.61, 0.822, 36.58, 0.813, 0.00, 0.000, 0.00, 0.000
13752,146720, 39.47, 39.15, 0.784, 0.803, 0.058813, 0.008392,1,1,0, 0.069912, 0.043775, 0.039166, 0.026548, 39.47, 0.784, 0.00, 0.000, 0.00, 0.000, 0.00, 0.000
13753,146730, 44.44, 41.37, 0.925, 0.881, 0.053703, 0.005881,1,1,0, 0.037507, 0.017055, 0.032594, 0.019565, 44.44, 0.925, 0.00, 0.000, 0.00, 0.000, 0.00, 0.000
13754,146741, 40.81, 41.14, 0.867, 0.890, 0.049783, 0.004121,1,1,0, 0.057204, 0.034319, 0.041478, 0.025126, 40.81, 0.867, 0.00, 0.000, 0.00, 0.000, 0.00, 0.000
13755,146752, 38.21, 39.91, 0.926, 0.913, 0.045882, 0.002888,1,1,0, 0.058390, 0.025741, 0.035590, 0.020974, 38.21, 0.926, 0.00, 0.000, 0.00, 0.000, 0.00, 0.000
13756,146762, 38.09, 39.14, 0.848, 0.856, 0.042192, 0.002023,1,1,0, 0.043705, 0.023159, 0.028610, 0.017381, 38.09, 0.848, 0.00, 0.000, 0.00, 0.000, 0.00, 0.000
13757,146773, 40.81, 39.84, 0.878, 0.883, 0.040372, 0.004292,1,1,0, 0.050598, 0.030452, 0.044044, 0.026893, 40.81, 0.878, 0.00, 0.000, 0.00, 0.000, 0.00, 0.000
13758,146784, 43.01, 41.17, 0.764, 0.759, 0.036579, 0.003007,1,1,0, 0.039629, 0.028099, 0.020290, 0.011149, 43.01, 0.764, 31.83, 0.497, 0.00, 0.000, 0.00, 0.000
13759,146794, 37.73, 39.73, 0.667, 0.657, 0.034075, 0.002107,1,1,0, 0.037742, 0.021895, 0.032702, 0.019193, 37.73, 0.667, 0.00, 0.000, 0.00, 0.000, 0.00, 0.000
13760,146805, 37.15, 38.64, 0.852, 0.835, 0.033987, 0.020644,1,1,0, 0.043444, 0.028967, 0.039891, 0.022290, 37.15, 0.852, 0.00, 0.000, 0.00, 0.000, 0.00, 0.000
13761,146816, 43.47, 40.67, 0.718, 0.692, 0.033000, 0.014491,1,1,0, 0.041755, 0.022328, 0.040056, 0.019349, 43.47, 0.718, 0.00, 0.000, 0.00, 0.000, 0.00, 0.000
13762,146826, 36.47, 38.91, 0.555, 0.540, 0.040544, 0.041199,1,1,0, 0.042104, 0.025561, 0.047649, 0.021260, 36.47, 0.555, 44.28, 0.441, 56.60, 0.100, 230.76, 0.042
13763,146837, 35.60, 37.52, 0.713, 0.690, 0.037783, 0.028871,1,1,0, 0.040919, 0.022738, 0.042443, 0.019793, 35.60, 0.713, 0.00, 0.000, 0.00, 0.000, 0.00, 0.000
13764,146848, 41.23, 37.52, 0.358, 0.621, 0.035424, 0.020232,1,1,0, 0.036463, 0.023249, 0.034452, 0.020842, 41.23, 0.358, 30.76, 0.224, 68.18, 0.168, 108.10, 0.007
13765,146858, 40.67, 38.84, 0.625, 0.614, 0.032345, 0.014178,1,1,0, 0.031353, 0.014934, 0.027186, 0.013487, 40.67, 0.625, 74.53, 0.496, 0.00, 0.000, 0.00, 0.000
13766,146869, 40.13, 39.38, 0.666, 0.671, 0.035792, 0.012710,1,1,0, 0.058539, 0.035147, 0.039393, 0.028183, 40.13, 0.666, 71.42, 0.591, 0.00, 0.000, 0.00, 0.000
13767,146880, 38.33, 38.94, 0.797, 0.834, 0.033097, 0.008907,1,1,0, 0.034564, 0.018212, 0.025478, 0.015650, 38.33, 0.797, 74.07, 0.428, 0.00, 0.000, 0.00, 0.000
13768,146890, 41.95, 40.21, 0.743, 0.738, 0.034667, 0.015699,1,1,0, 0.042324, 0.023121, 0.037427, 0.020880, 41.95, 0.743, 75.47, 0.385, 0.00, 0.000, 0.00, 0.000
13769,146901, 41.37, 40.70, 0.830, 0.877, 0.033708, 0.011001,1,1,0, 0.051414, 0.027661, 0.039235, 0.019556, 41.37, 0.830, 81.08, 0.639, 0.00, 0.000, 0.00, 0.000
13770,146912, 76.92, 39.97, 0.500, 0.536, 0.030134, 0.007709,1,1,0, 0.017735, 0.009355, 0.015704, 0.006944, 76.92, 0.500, 38.96, 0.466, 33.42, 0.286, 0.00, 0.000
13771,146922, 35.60, 38.13, 0.732, 0.699, 0.027204, 0.005402,1,1,0, 0.030618, 0.015884, 0.018247, 0.008674, 35.60, 0.732, 76.43, 0.274, 0.00, 0.000, 0.00, 0.000
13772,146933, 35.92, 37.21, 0.765, 0.772, 0.025234, 0.003786,1,1,0, 0.024621, 0.015460, 0.021312, 0.012923, 35.92, 0.765, 70.58, 0.181, 0.00, 0.000, 0.00, 0.000
13773,146944, 44.28, 40.17, 0.524, 0.492, 0.023013, 0.002653,1,1,0, 0.030809, 0.020978, 0.012456, 0.008157, 44.28, 0.524, 32.08, 0.040, 0.00, 0.000, 0.00, 0.000
13774,146954, 37.85, 39.20, 0.686, 0.673, 0.021097, 0.001859,1,1,0, 0.016665, 0.008424, 0.017473, 0.009277, 37.85, 0.686, 0.00, 0.000, 0.00, 0.000, 0.00, 0.000
13775,146965, 35.60, 39.20, 0.174, 0.605, 0.021127, 0.007387,1,1,0, 0.026806, 0.014056, 0.023959, 0.012989, 35.60, 0.174, 103.44, 0.085, 0.00, 0.000, 0.00, 0.000
13776,146976, 76.43, 39.20, 0.438, 0.545, 0.019404, 0.005177,1,1,0, 0.017061, 0.009010, 0.014124, 0.008158, 76.43, 0.438, 31.57, 0.312, 36.14, 0.224, 0.00, 0.000
13777,146986, 79.47, 39.59, 0.610, 0.563, 0.017876, 0.003628,1,1,0, 0.015852, 0.009573, 0.012285, 0.007734, 79.47, 0.610, 40.13, 0.503, 0.00, 0.000, 0.00, 0.000
13778,146997, 36.47, 38.28, 0.718, 0.698, 0.016332, 0.002542,1,1,0, 0.013283, 0.008179, 0.012703, 0.006684, 36.47, 0.718, 83.91, 0.220, 45.45, 0.027, 0.00, 0.000
13779,147008, 34.68, 36.77, 0.854, 0.828, 0.015282, 0.001781,1,1,0, 0.021508, 0.009810, 0.016721, 0.008499, 34.68, 0.854, 55.55, 0.297, 98.36, 0.075, 0.00, 0.000
13780,147018, 88.23, 36.77, 0.418, 0.746, 0.014481, 0.001248,1,1,0, 0.020443, 0.012113, 0.014022, 0.009737, 88.23, 0.418, 38.96, 0.317, 48.58, 0.145, 0.00, 0.000
13781,147029, 84.50, 38.35, 0.554, 0.549, 0.013079, 0.000874,1,1,0, 0.009166, 0.004457, 0.008895, 0.004188, 84.50, 0.554, 40.54, 0.511, 0.00, 0.000, 0.00, 0.000
13782,147040, 37.03, 37.80, 0.611, 0.614, 0.012131, 0.001206,1,1,0, 0.013750, 0.006435, 0.012450, 0.005785, 37.03, 0.611, 80.00, 0.493, 34.48, 0.445, 0.00, 0.000
13783,147050, 35.29, 36.74, 0.847, 0.856, 0.011652, 0.005227,1,1,0, 0.013716, 0.007107, 0.013138, 0.006496, 35.29, 0.847, 73.61, 0.370, 0.00, 0.000, 0.00, 0.000
13784,147061, 84.50, 38.28, 0.616, 0.586, 0.011215, 0.003663,1,1,0, 0.013026, 0.008873, 0.013157, 0.007133, 84.50, 0.616, 40.40, 0.541, 0.00, 0.000, 0.00, 0.000
13785,147072, 32.08, 35.68, 0.932, 0.904, 0.010833, 0.004444,1,1,0, 0.010846, 0.007471, 0.011898, 0.005090, 32.08, 0.932, 93.75, 0.600, 47.61, 0.518, 0.00, 0.000
13786,147082, 96.00, 34.42, 0.567, 0.474, 0.009902, 0.003114,1,1,0, 0.013056, 0.006677, 0.008481, 0.004055, 96.00, 0.567, 49.38, 0.529, 32.69, 0.435, 0.00, 0.000
13787,147093, 33.61, 34.08, 0.953, 0.953, 0.009087, 0.002182,1,1,0, 0.006484, 0.003153, 0.005324, 0.003706, 33.61, 0.953, 49.79, 0.433, 103.44, 0.419, 0.00, 0.000
13788,147104, 33.70, 33.92, 0.930, 0.950, 0.009937, 0.007501,1,1,0, 0.018797, 0.009762, 0.011886, 0.005553, 33.70, 0.930, 49.38, 0.618, 100.84, 0.379, 0.00, 0.000
13789,147114, 50.20, 33.91, 0.725, 0.648, 0.009139, 0.005257,1,1,0, 0.011581, 0.006388, 0.009242, 0.004031, 50.20, 0.725, 33.89, 0.578, 103.44, 0.302, 0.00, 0.000
13790,147125, 33.14, 33.59, 0.936, 0.954, 0.008676, 0.003684,1,1,0, 0.014169, 0.007395, 0.009309, 0.005981, 33.14, 0.936, 100.84, 0.537, 49.38, 0.397, 0.00, 0.000
13791,147136, 98.36, 33.59, 0.686, 0.859, 0.008072, 0.002581,1,1,0, 0.017182, 0.013488, 0.007876, 0.004634, 98.36, 0.686, 48.78, 0.389, 32.25, 0.370, 0.00, 0.000
13792,147146, 100.84, 33.59, 0.562, 0.773, 0.011275, 0.011428,1,1,0, 0.011072, 0.006526, 0.014257, 0.007157, 100.84, 0.562, 49.79, 0.272, 32.87, 0.246, 0.00, 0.000
13793,147157, 33.14, 33.40, 0.928, 0.948, 0.010291, 0.008008,1,1,0, 0.007912, 0.005183, 0.005505, 0.003679, 33.14, 0.928, 102.56, 0.403, 50.20, 0.244, 0.00, 0.000
13794,147168, 49.18, 33.57, 0.871, 0.610, 0.009861, 0.005612,1,1,0, 0.010905, 0.005968, 0.011203, 0.005232, 49.18, 0.871, 33.80, 0.549, 101.69, 0.230, 0.00, 0.000
13795,147178, 33.33, 33.47, 0.873, 0.899, 0.009175, 0.003932,1,1,0, 0.016413, 0.008450, 0.009828, 0.004923, 33.33, 0.873, 49.18, 0.821, 100.00, 0.479, 0.00, 0.000
13796,147189, 32.87, 33.22, 0.832, 0.879, 0.008662, 0.002756,1,1,0, 0.016939, 0.007812, 0.009241, 0.005354, 32.87, 0.832, 100.00, 0.743, 49.79, 0.649, 0.00, 0.000
13797,147200, 99.17, 33.07, 0.845, 0.626, 0.007912, 0.001931,1,1,0, 0.009568, 0.003814, 0.006525, 0.003203, 99.17, 0.845, 49.58, 0.692, 32.87, 0.539, 0.00, 0.000
13798,147210, 48.97, 32.88, 0.886, 0.893, 0.007838, 0.001353,1,1,0, 0.011375, 0.007627, 0.008314, 0.006120, 48.97, 0.886, 32.60, 0.851, 97.56, 0.789, 0.00, 0.000
13799,147221, 49.38, 39.81, 0.916, 0.911, 0.007318, 0.002161,1,1,0, 0.014552, 0.010351, 0.007936, 0.004075, 49.38, 0.916, 100.00, 0.652, 33.24, 0.624, 0.00, 0.000
13800,147232, 33.14, 37.01, 0.712, 0.694, 0.008506, 0.004911,1,1,0, 0.010184, 0.003606, 0.010180, 0.005181, 33.14, 0.712, 100.84, 0.521, 49.79, 0.450, 0.00, 0.000
13801,147242, 33.14, 35.39, 0.804, 0.801, 0.008225, 0.003441,1,1,0, 0.010587, 0.004840, 0.009956, 0.004321, 33.14, 0.804, 100.00, 0.551, 49.18, 0.449, 0.00, 0.000
13802,147253, 33.14, 34.44, 0.916, 0.933, 0.007702, 0.002412,1,1,0, 0.007411, 0.004399, 0.007964, 0.004134, 33.14, 0.916, 100.00, 0.591, 49.38, 0.561, 0.00, 0.000
13803,147264, 99.17, 33.98, 0.833, 0.670, 0.007454, 0.001690,1,1,0, 0.011277, 0.006866, 0.007855, 0.005197, 99.17, 0.833, 50.20, 0.714, 33.33, 0.595, 0.00, 0.000
13804,147274, 49.58, 33.63, 0.716, 0.619, 0.011640, 0.013517,1,1,0, 0.018642, 0.009988, 0.014069, 0.007108, 49.58, 0.716, 100.84, 0.692, 33.14, 0.566, 0.00, 0.000
13805,147285, 49.58, 33.63, 0.287, 0.557, 0.011289, 0.009472,1,1,0, 0.014253, 0.009765, 0.013992, 0.004366, 49.58, 0.287, 101.69, 0.281, 33.51, 0.137, 0.00, 0.000
13806,147296, 32.87, 33.31, 0.627, 0.634, 0.014168, 0.007033,1,1,0, 0.037058, 0.020618, 0.016050, 0.011296, 32.87, 0.627, 105.26, 0.240, 0.00, 0.000, 0.00, 0.000
13807,147306, 32.17, 32.51, 0.830, 0.837, 0.298109, 0.793385,1,1,1, 0.557831, 0.229490, 0.451728, 0.182200, 32.17, 0.830, 46.51, 0.055, 96.00, 0.024, 0.00, 0.000
13808,147317, 72.28, 32.51, 0.494, 0.753, 0.449330, 0.798982,1,1,0, 0.615703, 0.266913, 0.663027, 0.253154, 72.28, 0.494, 41.37, 0.396, 35.29, 0.227, 0.00, 0.000
13809,147328, 72.72, 60.66, 0.730, 0.672, 0.475483, 0.559911,1,1,0, 0.638948, 0.319030, 0.662002, 0.255243, 72.72, 0.730, 37.38, 0.101, 34.98, 0.096, 0.00, 0.000
13810,147338, 73.61, 43.65, 0.858, 0.787, 0.669087, 0.760793,1,1,0, 0.859260, 0.444476, 0.896466, 0.398510, 73.61, 0.858, 36.36, 0.758, 0.00, 0.000, 0.00, 0.000
13811,147349, 36.92, 38.94, 0.879, 0.913, 0.619875, 0.533148,1,1,0, 0.669529, 0.326696, 0.598830, 0.328929, 36.92, 0.879, 73.61, 0.812, 30.07, 0.411, 0.00, 0.000
13812,147360, 37.15, 37.68, 0.974, 0.981, 0.615596, 0.373619,1,1,0, 0.646598, 0.342962, 0.687315, 0.309167, 37.15, 0.974, 73.61, 0.799, 0.00, 0.000, 0.00, 0.000
13813,147370, 37.26, 37.39, 0.942, 0.958, 0.555946, 0.261825,1,1,0, 0.526923, 0.209560, 0.544528, 0.186174, 37.26, 0.942, 74.07, 0.837, 0.00, 0.000, 0.00, 0.000
13814,147381, 74.53, 37.22, 0.932, 0.934, 0.544823, 0.187653,1,1,0, 0.682099, 0.272955, 0.656129, 0.263090, 74.53, 0.932, 37.15, 0.909, 137.93, 0.035, 47.61, 0.029
13815,147392, 74.07, 37.17, 0.993, 0.990, 0.555877, 0.262267,1,1,0, 0.659489, 0.326366, 0.667778, 0.309123, 74.07, 0.993, 37.15, 0.987, 0.00, 0.000, 0.00, 0.000
13816,147402, 74.07, 37.15, 0.995, 0.995, 0.560445, 0.275205,1,1,0, 0.630781, 0.325578, 0.653811, 0.301922, 74.07, 0.995, 37.15, 0.993, 30.30, 0.157, 0.00, 0.000
13817,147413, 74.07, 37.15, 0.999, 0.998, 0.573037, 0.334304,1,1,0, 0.645807, 0.324843, 0.656814, 0.301359, 74.07, 0.999, 37.15, 0.998, 0.00, 0.000, 0.00, 0.000
13818,147424, 37.15, 37.15, 0.999, 0.999, 0.518475, 0.234273,1,1,0, 0.540113, 0.207255, 0.407475, 0.167930, 37.15, 0.999, 74.07, 0.998, 0.00, 0.000, 0.00, 0.000
13819,147434, 74.53, 37.15, 0.998, 0.998, 0.526912, 0.270223,1,1,0, 0.656910, 0.262445, 0.659279, 0.268941, 74.53, 0.998, 37.15, 0.998, 0.00, 0.000, 0.00, 0.000
13820,147445, 74.07, 37.15, 0.998, 0.998, 0.534482, 0.273325,1,1,0, 0.627449, 0.317602, 0.644504, 0.298338, 74.07, 0.998, 37.15, 0.998, 0.00, 0.000, 0.00, 0.000
13821,147456, 74.07, 37.15, 0.998, 0.999, 0.551514, 0.345425,1,1,0, 0.642330, 0.323746, 0.657786, 0.296912, 74.07, 0.998, 37.15, 0.998, 30.61, 0.093, 0.00, 0.000
13822,147466, 37.15, 37.15, 0.999, 0.999, 0.562944, 0.355152,1,1,0, 0.636190, 0.310211, 0.647012, 0.292635, 37.15, 0.999, 74.07, 0.998, 0.00, 0.000, 0.00, 0.000
13823,147477, 37.15, 37.15, 0.999, 0.999, 0.510207, 0.248883,1,1,0, 0.529411, 0.216430, 0.403551, 0.173440, 37.15, 0.999, 74.07, 0.998, 0.00, 0.000, 0.00, 0.000
13824,147488, 37.15, 37.15, 0.999, 0.999, 0.513988, 0.273259,1,1,0, 0.624387, 0.249438, 0.641705, 0.259186, 37.15, 0.999, 74.07, 0.998, 0.00, 0.000, 0.00, 0.000
13825,147498, 74.07, 37.10, 0.999, 0.999, 0.525616, 0.301374,1,1,0, 0.614616, 0.314824, 0.637747, 0.294117, 74.07, 0.999, 37.03, 0.998, 0.00, 0.000, 0.00, 0.000
13826,147509, 74.07, 37.12, 0.998, 0.999, 0.543114, 0.362467,1,1,0, 0.624085, 0.319029, 0.648466, 0.291712, 74.07, 0.998, 37.15, 0.998, 30.84, 0.069, 0.00, 0.000
13827,147520, 37.15, 37.13, 0.999, 0.999, 0.547350, 0.346073,1,1,0, 0.597748, 0.285530, 0.626928, 0.271121, 37.15, 0.999, 74.07, 0.999, 0.00, 0.000, 0.00, 0.000
13828,147530, 37.15, 37.14, 0.999, 0.999, 0.497105, 0.242521,1,1,0, 0.521363, 0.221617, 0.513923, 0.185749, 37.15, 0.999, 74.07, 0.998, 0.00, 0.000, 0.00, 0.000
13829,147541, 37.15, 37.14, 0.999, 0.999, 0.507803, 0.291837,1,1,0, 0.611667, 0.263226, 0.633953, 0.265342, 37.15, 0.999, 74.07, 0.998, 0.00, 0.000, 0.00, 0.000
13830,147552, 74.07, 37.14, 0.998, 0.998, 0.520704, 0.315804,1,1,0, 0.611559, 0.306655, 0.630670, 0.284693, 74.07, 0.998, 37.15, 0.998, 0.00, 0.000, 0.00, 0.000
13831,147562, 74.07, 37.14, 0.998, 0.999, 0.529671, 0.329524,1,1,0, 0.604226, 0.307071, 0.621734, 0.280862, 74.07, 0.998, 37.15, 0.998, 0.00, 0.000, 0.00, 0.000
13832,147573, 37.15, 37.15, 0.999, 0.999, 0.521013, 0.382523,1,1,0, 0.603684, 0.250289, 0.626773, 0.233957, 37.15, 0.999, 74.07, 0.998, 0.00, 0.000, 0.00, 0.000
13833,147584, 74.07, 37.15, 0.999, 0.999, 0.492560, 0.268064,1,1,0, 0.604157, 0.235169, 0.626358, 0.216079, 74.07, 0.999, 37.15, 0.998, 0.00, 0.000, 0.00, 0.000
13834,147594, 37.15, 37.15, 0.999, 0.999, 0.502398, 0.281403,1,1,0, 0.600984, 0.281619, 0.619304, 0.272618, 37.15, 0.999, 74.07, 0.998, 0.00, 0.000, 0.00, 0.000
13835,147605, 37.15, 37.15, 0.999, 0.999, 0.509373, 0.298137,1,1,0, 0.587502, 0.297370, 0.610993, 0.274336, 37.15, 0.999, 74.07, 0.999, 30.37, 0.023, 0.00, 0.000
13836,147616, 37.15, 37.15, 0.999, 0.999, 0.523222, 0.345503,1,1,0, 0.585233, 0.305968, 0.612460, 0.281239, 37.15, 0.999, 74.07, 0.999, 0.00, 0.000, 0.00, 0.000
13837,147626, 74.07, 37.15, 0.999, 0.999, 0.478899, 0.242121,1,1,0, 0.474935, 0.209696, 0.518675, 0.186742, 74.07, 0.999, 37.15, 0.999, 0.00, 0.000, 0.00, 0.000
13838,147637, 37.15, 37.15, 0.999, 0.999, 0.482144, 0.255042,1,1,0, 0.587764, 0.244615, 0.607100, 0.238814, 37.15, 0.999, 74.07, 0.999, 0.00, 0.000, 0.00, 0.000
13839,147648, 37.15, 37.15, 0.999, 0.999, 0.491431, 0.267692,1,1,0, 0.575532, 0.291829, 0.598492, 0.276011, 37.15, 0.999, 74.07, 0.999, 0.00, 0.000, 0.00, 0.000
13840,147658, 74.07, 37.15, 0.999, 0.999, 0.503997, 0.315162,1,1,0, 0.580315, 0.296628, 0.603020, 0.270988, 74.07, 0.999, 37.15, 0.999, 30.76, 0.084, 0.00, 0.000
13841,147669, 37.15, 37.15, 0.999, 0.999, 0.514714, 0.321184,1,1,0, 0.570399, 0.297199, 0.593687, 0.276046, 37.15, 0.999, 74.07, 0.999, 0.00, 0.000, 0.00, 0.000
13842,147680, 37.15, 37.15, 0.999, 0.999, 0.467387, 0.225079,1,1,0, 0.476118, 0.196657, 0.348765, 0.162301, 37.15, 0.999, 74.07, 0.999, 0.00, 0.000, 0.00, 0.000
13843,147690, 37.15, 37.15, 0.999, 0.999, 0.470092, 0.233455,1,1,0, 0.562564, 0.242707, 0.584062, 0.246365, 37.15, 0.999, 74.07, 0.999, 0.00, 0.000, 0.00, 0.000
13844,147701, 74.07, 37.15, 0.999, 0.999, 0.485412, 0.281775,1,1,0, 0.565600, 0.296264, 0.590496, 0.276467, 74.07, 0.999, 37.15, 0.999, 0.00, 0.000, 0.00, 0.000
13845,147712, 37.15, 37.15, 0.999, 0.999, 0.489809, 0.277834,1,1,0, 0.559134, 0.284693, 0.576125, 0.258508, 37.15, 0.999, 74.07, 0.998, 31.00, 0.132, 0.00, 0.000
13846,147722, 37.15, 37.15, 0.999, 0.999, 0.497413, 0.303936,1,1,0, 0.546846, 0.280367, 0.569257, 0.264795, 37.15, 0.999, 74.07, 0.999, 0.00, 0.000, 0.00, 0.000
13847,147733, 37.15, 37.15, 0.999, 0.999, 0.452285, 0.212992,1,1,0, 0.463843, 0.202410, 0.338708, 0.161921, 37.15, 0.999, 74.07, 0.999, 0.00, 0.000, 0.00, 0.000
13848,147744, 74.07, 37.15, 0.999, 0.999, 0.461454, 0.250236,1,1,0, 0.549003, 0.241832, 0.572568, 0.247306, 74.07, 0.999, 37.15, 0.999, 0.00, 0.000, 0.00, 0.000
13849,147754, 37.15, 37.15, 0.999, 0.999, 0.469771, 0.252600,1,1,0, 0.541354, 0.281106, 0.561854, 0.260851, 37.15, 0.999, 74.07, 0.998, 0.00, 0.000, 0.00, 0.000
13850,147765, 37.15, 37.15, 0.999, 0.999, 0.476694, 0.272709,1,1,0, 0.536319, 0.280456, 0.555900, 0.254698, 37.15, 0.999, 74.07, 0.998, 31.16, 0.066, 0.00, 0.000
13851,147776, 37.15, 37.15, 0.999, 0.999, 0.488992, 0.315927,1,1,0, 0.543979, 0.262089, 0.559502, 0.249101, 37.15, 0.999, 74.07, 0.999, 0.00, 0.000, 0.00, 0.000
13852,147786, 74.07, 37.15, 0.999, 0.999, 0.446315, 0.221395,1,1,0, 0.475353, 0.211289, 0.447400, 0.177060, 74.07, 0.999, 37.15, 0.999, 0.00, 0.000, 0.00, 0.000
13853,147797, 37.15, 37.15, 0.998, 0.999, 0.453497, 0.228992,1,1,0, 0.540684, 0.245381, 0.552859, 0.244829, 37.15, 0.998, 74.07, 0.998, 44.60, 0.000, 0.00, 0.000
13854,147808, 37.15, 37.15, 0.999, 0.999, 0.462963, 0.253462,1,1,0, 0.537829, 0.274358, 0.552361, 0.253058, 37.15, 0.999, 74.07, 0.998, 0.00, 0.000, 0.00, 0.000
13855,147818, 37.15, 37.15, 0.999, 0.999, 0.479828, 0.304735,1,1,0, 0.547044, 0.289689, 0.562225, 0.262618, 37.15, 0.999, 74.07, 0.999, 0.00, 0.000, 0.00, 0.000
13856,147829, 74.07, 37.15, 0.999, 0.999, 0.474027, 0.296531,1,1,0, 0.534578, 0.231813, 0.549910, 0.219643, 74.07, 0.999, 37.15, 0.998, 0.00, 0.000, 0.00, 0.000
13857,147840, 37.15, 37.15, 0.999, 0.999, 0.443353, 0.207803,1,1,0, 0.534693, 0.224972, 0.543753, 0.201612, 37.15, 0.999, 74.07, 0.999, 0.00, 0.000, 0.00, 0.000
13858,147850, 37.15, 37.15, 0.999, 0.999, 0.452386, 0.231600,1,1,0, 0.533506, 0.261609, 0.547745, 0.252656, 37.15, 0.999, 74.07, 0.999, 0.00, 0.000, 0.00, 0.000
13859,147861, 74.07, 37.15, 0.999, 0.999, 0.464454, 0.268804,1,1,0, 0.541166, 0.275449, 0.552820, 0.250335, 74.07, 0.999, 37.15, 0.999, 0.00, 0.000, 0.00, 0.000
13860,147872, 74.07, 37.15, 0.999, 0.999, 0.470822, 0.253995,1,1,0, 0.526683, 0.281144, 0.538342, 0.258306, 74.07, 0.999, 37.15, 0.999, 0.00, 0.000, 0.00, 0.000
13861,147882, 74.07, 37.15, 0.999, 0.999, 0.434349, 0.177995,1,1,0, 0.437395, 0.198723, 0.483439, 0.180014, 74.07, 0.999, 37.15, 0.999, 0.00, 0.000, 0.00, 0.000
13862,147893, 37.15, 37.15, 0.999, 0.999, 0.433498, 0.202526,1,1,0, 0.522131, 0.234101, 0.535651, 0.223674, 37.15, 0.999, 74.07, 0.999, 0.00, 0.000, 0.00, 0.000
13863,147904, 37.15, 37.15, 0.999, 0.999, 0.446501, 0.237777,1,1,0, 0.526921, 0.274120, 0.539596, 0.258559, 37.15, 0.999, 74.07, 0.999, 0.00, 0.000, 0.00, 0.000
13864,147914, 74.07, 37.15, 0.999, 0.999, 0.450185, 0.244386,1,1,0, 0.517727, 0.259400, 0.530937, 0.234583, 74.07, 0.999, 37.15, 0.999, 31.00, 0.101, 0.00, 0.000
13865,147925, 37.15, 37.15, 0.999, 0.999, 0.458326, 0.265738,1,1,0, 0.510169, 0.271554, 0.524414, 0.251966, 37.15, 0.999, 74.07, 0.999, 0.00, 0.000, 0.00, 0.000
13866,147936, 37.15, 37.15, 0.999, 0.999, 0.417043, 0.186224,1,1,0, 0.394404, 0.183117, 0.282397, 0.153197, 37.15, 0.999, 74.07, 0.999, 0.00, 0.000, 0.00, 0.000
13867,147946, 37.15, 37.15, 0.999, 0.999, 0.428299, 0.229823,1,1,0, 0.521491, 0.239403, 0.533673, 0.237824, 37.15, 0.999, 74.07, 0.999, 0.00, 0.000, 0.00, 0.000
13868,147957, 74.07, 37.15, 0.999, 0.999, 0.436297, 0.222614,1,1,0, 0.513762, 0.267563, 0.521153, 0.249134, 74.07, 0.999, 37.15, 0.999, 0.00, 0.000, 0.00, 0.000
13869,147968, 37.15, 37.15, 0.999, 0.999, 0.440309, 0.242646,1,1,0, 0.505035, 0.255498, 0.516235, 0.229300, 37.15, 0.999, 74.07, 0.999, 31.16, 0.146, 0.00, 0.000
13870,147978, 37.15, 37.15, 0.999, 0.999, 0.455043, 0.292777,1,1,0, 0.511351, 0.265575, 0.522900, 0.249683, 37.15, 0.999, 74.07, 0.999, 0.00, 0.000, 0.00, 0.000
13871,147989, 74.07, 37.15, 0.999, 0.999, 0.413942, 0.205172,1,1,0, 0.356361, 0.184200, 0.267161, 0.150434, 74.07, 0.999, 37.15, 0.999, 0.00, 0.000, 0.00, 0.000
13872,148000, 37.15, 37.15, 0.999, 0.999, 0.420182, 0.209341,1,1,0, 0.507030, 0.233761, 0.515204, 0.233844, 37.15, 0.999, 74.07, 0.999, 44.44, 0.035, 0.00, 0.000
13873,148010, 37.15, 37.15, 0.999, 0.999, 0.426575, 0.219131,1,1,0, 0.497656, 0.258278, 0.507295, 0.238700, 37.15, 0.999, 74.07, 0.999, 0.00, 0.000, 0.00, 0.000
13874,148021, 37.15, 37.15, 0.999, 0.999, 0.439811, 0.273446,1,1,0, 0.510682, 0.261369, 0.517696, 0.234392, 37.15, 0.999, 74.07, 0.999, 31.33, 0.118, 0.00, 0.000
13875,148032, 37.15, 37.15, 0.999, 0.999, 0.445735, 0.260930,1,1,0, 0.500132, 0.243141, 0.504294, 0.231654, 37.15, 0.999, 74.07, 0.999, 0.00, 0.000, 0.00, 0.000
13876,148042, 37.15, 37.15, 0.999, 0.999, 0.406965, 0.182855,1,1,0, 0.429425, 0.194851, 0.390241, 0.163043, 37.15, 0.999, 74.07, 0.999, 0.00, 0.000, 0.00, 0.000
13877,148053, 37.15, 37.15, 0.999, 0.999, 0.412442, 0.198395,1,1,0, 0.492924, 0.233813, 0.499546, 0.230648, 37.15, 0.999, 74.07, 0.999, 44.44, 0.007, 0.00, 0.000
13878,148064, 37.15, 37.15, 0.999, 0.999, 0.425600, 0.247107,1,1,0, 0.506326, 0.252490, 0.510676, 0.231262, 37.15, 0.999, 74.07, 0.999, 0.00, 0.000, 0.00, 0.000
13879,148074, 74.07, 37.15, 0.999, 0.999, 0.430843, 0.236005,1,1,0, 0.496091, 0.255941, 0.497298, 0.231748, 74.07, 0.999, 37.15, 0.998, 0.00, 0.000, 0.00, 0.000
13880,148085, 37.15, 37.15, 0.999, 0.999, 0.427843, 0.260272,1,1,0, 0.490399, 0.213475, 0.493035, 0.202791, 37.15, 0.999, 74.07, 0.999, 0.00, 0.000, 0.00, 0.000
13881,148096, 37.15, 37.15, 0.999, 0.999, 0.398288, 0.182393,1,1,0, 0.489131, 0.209634, 0.485087, 0.185449, 37.15, 0.999, 74.07, 0.999, 0.00, 0.000, 0.00, 0.000
13882,148106, 37.15, 37.15, 0.999, 0.999, 0.411801, 0.225643,1,1,0, 0.498782, 0.247041, 0.502785, 0.236891, 37.15, 0.999, 74.07, 0.999, 0.00, 0.000, 0.00, 0.000
13883,148117, 74.07, 37.15, 0.999, 0.999, 0.416252, 0.227805,1,1,0, 0.492380, 0.236497, 0.494944, 0.214551, 74.07, 0.999, 37.15, 0.998, 0.00, 0.000, 0.00, 0.000
13884,148128, 37.15, 37.15, 0.999, 0.999, 0.422696, 0.242315,1,1,0, 0.483071, 0.253614, 0.487216, 0.231780, 37.15, 0.999, 74.07, 0.999, 0.00, 0.000, 0.00, 0.000
13885,148138, 37.15, 37.15, 0.999, 0.999, 0.394491, 0.230379,1,1,0, 0.434256, 0.186887, 0.460381, 0.171609, 37.15, 0.999, 74.07, 0.999, 0.00, 0.000, 0.00, 0.000
13886,148149, 74.07, 37.15, 0.999, 0.999, 0.396040, 0.209153,1,1,0, 0.492147, 0.223244, 0.495445, 0.210120, 74.07, 0.999, 37.15, 0.999, 0.00, 0.000, 0.00, 0.000
13887,148160, 37.15, 37.15, 0.999, 0.999, 0.405677, 0.212366,1,1,0, 0.491203, 0.249524, 0.489284, 0.234072, 37.15, 0.999, 74.07, 0.999, 0.00, 0.000, 0.00, 0.000
13888,148170, 37.15, 37.15, 0.999, 0.999, 0.407242, 0.222675,1,1,0, 0.478537, 0.229765, 0.481476, 0.204950, 37.15, 0.999, 74.07, 0.999, 31.25, 0.098, 0.00, 0.000
13889,148181, 37.15, 37.15, 0.999, 0.999, 0.421190, 0.271219,1,1,0, 0.482482, 0.254331, 0.488141, 0.235793, 37.15, 0.999, 74.07, 0.999, 0.00, 0.000, 0.00, 0.000
13890,148192, 74.07, 37.15, 0.999, 0.999, 0.383279, 0.190064,1,1,0, 0.296342, 0.167959, 0.283600, 0.145390, 74.07, 0.999, 37.15, 0.999, 0.00, 0.000, 0.00, 0.000
13891,148202, 37.15, 37.15, 0.999, 0.999, 0.388976, 0.194131,1,1,0, 0.477284, 0.225790, 0.480965, 0.219440, 37.15, 0.999, 74.07, 0.999, 44.28, 0.024, 0.00, 0.000
13892,148213, 37.15, 37.15, 0.999, 0.999, 0.396972, 0.207136,1,1,0, 0.472460, 0.246711, 0.475239, 0.229130, 37.15, 0.999, 74.07, 0.999, 0.00, 0.000, 0.00, 0.000
13893,148224, 37.15, 37.15, 0.999, 0.999, 0.404565, 0.246374,1,1,0, 0.478005, 0.230819, 0.480322, 0.204903, 37.15, 0.999, 74.07, 0.999, 31.33, 0.195, 0.00, 0.000
13894,148234, 37.15, 37.15, 0.999, 0.999, 0.413296, 0.248773,1,1,0, 0.467899, 0.244210, 0.472076, 0.229224, 37.15, 0.999, 74.07, 0.999, 0.00, 0.000, 0.00, 0.000
13895,148245, 37.15, 37.15, 0.999, 0.999, 0.375623, 0.174335,1,1,0, 0.287399, 0.167377, 0.274164, 0.138148, 37.15, 0.999, 74.07, 0.999, 0.00, 0.000, 0.00, 0.000
13896,148256, 74.07, 37.15, 0.999, 0.999, 0.381272, 0.187275,1,1,0, 0.460803, 0.223801, 0.466390, 0.219892, 74.07, 0.999, 37.15, 0.999, 44.28, 0.015, 0.00, 0.000
13897,148266, 37.15, 37.15, 0.999, 0.999, 0.393280, 0.226825,1,1,0, 0.471851, 0.239174, 0.473498, 0.221091, 37.15, 0.999, 74.07, 0.999, 0.00, 0.000, 0.00, 0.000
13898,148277, 74.07, 37.15, 0.999, 0.999, 0.396646, 0.222122,1,1,0, 0.466436, 0.229873, 0.463151, 0.204253, 74.07, 0.999, 37.15, 0.998, 31.41, 0.144, 0.00, 0.000
13899,148288, 37.15, 37.15, 0.999, 0.999, 0.404157, 0.246997,1,1,0, 0.461828, 0.226075, 0.460108, 0.214702, 37.15, 0.999, 74.07, 0.999, 0.00, 0.000, 0.00, 0.000
13900,148298, 74.07, 37.10, 0.999, 0.999, 0.368791, 0.173090,1,1,0, 0.385299, 0.180586, 0.337542, 0.152053, 74.07, 0.999, 37.03, 0.998, 0.00, 0.000, 0.00, 0.000
13901,148309, 37.15, 37.12, 0.999, 0.999, 0.376902, 0.194000,1,1,0, 0.457275, 0.224986, 0.459460, 0.218171, 37.15, 0.999, 74.07, 0.998, 44.28, 0.001, 0.00, 0.000
13902,148320, 37.15, 37.13, 0.998, 0.999, 0.383914, 0.212109,1,1,0, 0.467095, 0.223405, 0.457693, 0.204691, 37.15, 0.998, 74.07, 0.998, 0.00, 0.000, 0.00, 0.000
13903,148330, 37.15, 37.14, 0.998, 0.999, 0.386584, 0.206382,1,1,0, 0.440338, 0.230623, 0.445490, 0.208447, 37.15, 0.998, 74.07, 0.998, 31.57, 0.000, 0.00, 0.000
13904,148341, 37.15, 37.14, 0.999, 0.999, 0.393431, 0.266006,1,1,0, 0.448737, 0.208406, 0.455793, 0.195641, 37.15, 0.999, 74.07, 0.998, 0.00, 0.000, 0.00, 0.000
13905,148352, 74.07, 37.14, 0.998, 0.999, 0.363987, 0.186412,1,1,0, 0.444148, 0.192237, 0.436966, 0.170006, 74.07, 0.998, 37.15, 0.998, 0.00, 0.000, 0.00, 0.000
13906,148362, 74.53, 37.19, 0.989, 0.988, 0.373846, 0.171169,1,1,0, 0.442030, 0.269295, 0.440337, 0.242092, 74.53, 0.989, 37.26, 0.984, 43.95, 0.038, 0.00, 0.000
13907,148373, 74.07, 37.17, 0.890, 0.878, 0.346667, 0.119951,1,1,0, 0.376174, 0.249495, 0.349243, 0.185891, 74.07, 0.890, 37.15, 0.831, 0.00, 0.000, 0.00, 0.000
13908,148384, 73.61, 36.65, 0.725, 0.748, 0.315436, 0.084059,1,1,0, 0.133241, 0.080351, 0.200702, 0.122791, 73.61, 0.725, 35.92, 0.667, 0.00, 0.000, 0.00, 0.000
13909,148394, 36.80, 36.71, 0.862, 0.901, 0.282343, 0.058907,1,1,0, 0.106414, 0.066808, 0.092068, 0.057598, 36.80, 0.862, 72.72, 0.659, 0.00, 0.000, 0.00, 0.000
13910,148405, 72.72, 36.47, 0.464, 0.464, 0.247858, 0.041281,1,1,0, 0.034532, 0.024996, 0.031135, 0.009362, 72.72, 0.464, 36.14, 0.374, 0.00, 0.000, 0.00, 0.000
13911,148416, 80.53, 54.98, 0.878, 0.824, 0.217740, 0.028928,1,1,0, 0.037215, 0.022231, 0.021371, 0.008608, 80.53, 0.878, 33.33, 0.194, 0.00, 0.000, 0.00, 0.000
13912,148426, 33.24, 45.85, 0.520, 0.488, 0.192492, 0.020272,1,1,0, 0.037469, 0.024291, 0.033296, 0.017354, 33.24, 0.520, 59.70, 0.104, 74.53, 0.084, 0.00, 0.000
13913,148437, 32.52, 40.25, 0.703, 0.660, 0.169580, 0.014206,1,1,0, 0.031277, 0.020252, 0.023037, 0.011521, 32.52, 0.703, 60.60, 0.430, 72.28, 0.303, 36.69, 0.220
13914,148448, 342.85, 167.34, 0.561, 0.527, 0.149406, 0.009955,1,1,0, 0.020625, 0.009610, 0.016112, 0.009098, 342.85, 0.561, 36.80, 0.244, 33.24, 0.100, 157.89, 0.057
13915,148458, 333.33, 237.06, 0.634, 0.587, 0.131243, 0.006976,1,1,0, 0.010498, 0.005940, 0.009558, 0.004534, 333.33, 0.634, 36.92, 0.414, 33.33, 0.363, 41.95, 0.188
13916,148469, 307.69, 237.06, 0.543, 0.528, 0.115630, 0.004889,1,1,0, 0.019654, 0.007717, 0.016673, 0.007442, 307.69, 0.543, 32.78, 0.476, 36.92, 0.390, 42.25, 0.344
13917,148480, 98.36, 178.80, 0.577, 0.550, 0.101858, 0.003426,1,1,0, 0.020929, 0.010874, 0.014609, 0.006624, 98.36, 0.577, 307.69, 0.463, 150.00, 0.234, 49.38, 0.228
13918,148490, 98.36, 124.36, 0.738, 0.649, 0.089963, 0.002401,1,1,0, 0.019176, 0.010284, 0.018339, 0.008117, 98.36, 0.738, 49.18, 0.630, 42.55, 0.354, 315.78, 0.344
13919,148501, 98.36, 92.87, 0.767, 0.612, 0.079249, 0.001682,1,1,0, 0.014943, 0.007078, 0.012061, 0.005246, 98.36, 0.767, 49.38, 0.588, 32.96, 0.342, 75.00, 0.339
13920,148512, 49.58, 74.69, 0.746, 0.758, 0.070097, 0.001179,1,1,0, 0.021624, 0.013822, 0.013783, 0.006864, 49.58, 0.746, 98.36, 0.745, 33.05, 0.553, 42.85, 0.404
13921,148522, 50.20, 64.40, 0.651, 0.657, 0.062976, 0.000826,1,1,0, 0.050193, 0.026799, 0.035501, 0.016212, 50.20, 0.651, 33.51, 0.584, 100.84, 0.543, 36.92, 0.364
13922,148533, 100.00, 64.40, 0.278, 0.591, 0.057232, 0.000579,1,1,0, 0.053821, 0.031165, 0.034039, 0.019253, 100.00, 0.278, 33.24, 0.226, 148.14, 0.164, 49.79, 0.136
13923,148544, 33.24, 51.31, 0.612, 0.574, 0.052230, 0.000405,1,1,0, 0.030724, 0.016243, 0.029524, 0.019370, 33.24, 0.612, 49.18, 0.495, 36.25, 0.309, 0.00, 0.000
13924,148554, 51.28, 51.30, 0.589, 0.607, 0.047129, 0.000284,1,1,0, 0.033439, 0.019113, 0.034508, 0.014723, 51.28, 0.589, 43.63, 0.006, 0.00, 0.000, 0.00, 0.000
13925,148565, 56.87, 53.64, 0.812, 0.780, 0.042587, 0.000199,1,1,0, 0.032840, 0.014659, 0.032283, 0.012778, 56.87, 0.812, 0.00, 0.000, 0.00, 0.000, 0.00, 0.000
13926,148576, 57.69, 55.34, 0.890, 0.874, 0.038762, 0.000139,1,1,0, 0.030400, 0.018804, 0.028660, 0.014043, 57.69, 0.890, 0.00, 0.000, 0.00, 0.000, 0.00, 0.000
13927,148586, 58.25, 56.56, 0.853, 0.856, 0.035286, 0.000097,1,1,0, 0.030391, 0.013523, 0.018778, 0.011557, 58.25, 0.853, 0.00, 0.000, 0.00, 0.000, 0.00, 0.000
13928,148597, 57.97, 57.15, 0.885, 0.899, 0.032881, 0.000068,1,1,0, 0.031586, 0.019163, 0.026153, 0.018398, 57.97, 0.885, 0.00, 0.000, 0.00, 0.000, 0.00, 0.000
13929,148608, 56.60, 56.92, 0.859, 0.886, 0.030740, 0.012581,1,1,0, 0.031543, 0.016737, 0.034339, 0.013379, 56.60, 0.859, 0.00, 0.000, 0.00, 0.000, 0.00, 0.000
13930,148618, 56.33, 56.67, 0.843, 0.870, 0.029788, 0.009245,1,1,0, 0.033933, 0.018115, 0.035000, 0.016802, 56.33, 0.843, 0.00, 0.000, 0.00, 0.000, 0.00, 0.000
13931,148629, 54.54, 55.78, 0.876, 0.884, 0.028197, 0.006479,1,1,0, 0.035254, 0.020844, 0.029661, 0.016871, 54.54, 0.876, 0.00, 0.000, 0.00, 0.000, 0.00, 0.000
13932,148640, 54.05, 55.05, 0.827, 0.842, 0.025901, 0.004540,1,1,0, 0.023803, 0.013607, 0.026509, 0.012708, 54.05, 0.827, 32.87, 0.220, 0.00, 0.000, 0.00, 0.000
13933,148650, 56.07, 55.48, 0.854, 0.872, 0.024201, 0.003181,1,1,0, 0.028926, 0.016469, 0.025198, 0.014364, 56.07, 0.854, 0.00, 0.000, 0.00, 0.000, 0.00, 0.000
13934,148661, 57.41, 56.29, 0.848, 0.860, 0.022995, 0.012442,1,1,0, 0.025945, 0.014073, 0.026554, 0.012452, 57.41, 0.848, 0.00, 0.000, 0.00, 0.000, 0.00, 0.000
13935,148672, 57.97, 56.99, 0.888, 0.899, 0.023661, 0.011697,1,1,0, 0.030484, 0.016748, 0.028820, 0.014612, 57.97, 0.888, 0.00, 0.000, 0.00, 0.000, 0.00, 0.000
13936,148682, 58.25, 57.52, 0.909, 0.927, 0.029666, 0.033015,1,1,0, 0.051159, 0.027630, 0.037665, 0.016534, 58.25, 0.909, 0.00, 0.000, 0.00, 0.000, 0.00, 0.000
13937,148693, 58.25, 57.83, 0.759, 0.794, 0.041640, 0.023136,1,1,0, 0.060021, 0.038067, 0.049204, 0.028852, 58.25, 0.759, 0.00, 0.000, 0.00, 0.000, 0.00, 0.000
13938,148704, 52.63, 55.64, 0.601, 0.593, 0.040356, 0.016213,1,1,0, 0.043435, 0.028135, 0.043512, 0.025611, 52.63, 0.601, 0.00, 0.000, 0.00, 0.000, 0.00, 0.000
13939,148714, 51.28, 53.81, 0.665, 0.650, 0.036535, 0.011362,1,1,0, 0.016603, 0.008628, 0.019183, 0.010876, 51.28, 0.665, 36.69, 0.097, 0.00, 0.000, 0.00, 0.000
13940,148725, 52.17, 53.12, 0.684, 0.691, 0.034110, 0.007962,1,1,0, 0.031140, 0.020812, 0.028121, 0.018230, 52.17, 0.684, 0.00, 0.000, 0.00, 0.000, 0.00, 0.000
13941,148736, 56.33, 54.47, 0.704, 0.701, 0.031273, 0.005579,1,1,0, 0.036484, 0.018152, 0.025667, 0.014441, 56.33, 0.704, 0.00, 0.000, 0.00, 0.000, 0.00, 0.000
13942,148746, 57.97, 55.94, 0.843, 0.830, 0.028618, 0.003910,1,1,0, 0.035580, 0.013838, 0.023817, 0.012038, 57.97, 0.843, 0.00, 0.000, 0.00, 0.000, 0.00, 0.000
13943,148757, 57.41, 56.56, 0.887, 0.898, 0.026410, 0.002740,1,1,0, 0.023855, 0.015409, 0.021256, 0.012364, 57.41, 0.887, 0.00, 0.000, 0.00, 0.000, 0.00, 0.000
13944,148768, 57.97, 57.15, 0.818, 0.839, 0.024015, 0.001920,1,1,0, 0.017574, 0.009939, 0.022475, 0.009377, 57.97, 0.818, 0.00, 0.000, 0.00, 0.000, 0.00, 0.000
13945,148778, 57.14, 57.14, 0.813, 0.843, 0.025859, 0.013735,1,1,0, 0.032503, 0.021777, 0.030780, 0.019490, 57.14, 0.813, 0.00, 0.000, 0.00, 0.000, 0.00, 0.000
13946,148789, 55.04, 56.26, 0.830, 0.839, 0.024028, 0.009625,1,1,0, 0.029710, 0.013626, 0.025418, 0.012161, 55.04, 0.830, 0.00, 0.000, 0.00, 0.000, 0.00, 0.000
13947,148800, 53.81, 55.23, 0.868, 0.871, 0.026298, 0.014419,1,1,0, 0.032531, 0.020570, 0.030856, 0.017253, 53.81, 0.868, 0.00, 0.000, 0.00, 0.000, 0.00, 0.000
13948,148810, 55.04, 55.15, 0.875, 0.902, 0.025237, 0.010105,1,1,0, 0.025368, 0.017481, 0.027672, 0.013843, 55.04, 0.875, 0.00, 0.000, 0.00, 0.000, 0.00, 0.000
13949,148821, 55.81, 55.43, 0.821, 0.849, 0.023209, 0.007081,1,1,0, 0.024439, 0.013567, 0.022677, 0.012063, 55.81, 0.821, 33.80, 0.170, 0.00, 0.000, 0.00, 0.000
13950,148832, 56.33, 55.81, 0.885, 0.903, 0.021799, 0.004962,1,1,0, 0.028032, 0.014198, 0.020778, 0.013315, 56.33, 0.885, 0.00, 0.000, 0.00, 0.000, 0.00, 0.000
13951,148842, 57.69, 56.60, 0.835, 0.851, 0.020694, 0.006479,1,1,0, 0.024069, 0.011150, 0.022508, 0.009977, 57.69, 0.835, 0.00, 0.000, 0.00, 0.000, 0.00, 0.000
13952,148853, 57.41, 56.94, 0.802, 0.826, 0.021198, 0.008054,1,1,0, 0.025075, 0.016005, 0.024000, 0.013982, 57.41, 0.802, 0.00, 0.000, 0.00, 0.000, 0.00, 0.000
13953,148864, 56.07, 56.57, 0.885, 0.902, 0.022938, 0.013910,1,1,0, 0.036368, 0.021402, 0.026394, 0.014781, 56.07, 0.885, 0.00, 0.000, 0.00, 0.000, 0.00, 0.000
13954,148874, 55.55, 56.14, 0.904, 0.924, 0.025778, 0.009748,1,1,0, 0.029334, 0.015297, 0.029626, 0.016886, 55.55, 0.904, 33.42, 0.334, 0.00, 0.000, 0.00, 0.000
13955,148885, 54.05, 55.26, 0.892, 0.903, 0.023930, 0.006831,1,1,0, 0.024889, 0.014405, 0.019940, 0.012267, 54.05, 0.892, 36.80, 0.021, 0.00, 0.000, 0.00, 0.000
13956,148896, 54.05, 54.75, 0.896, 0.914, 0.021907, 0.004787,1,1,0, 0.017453, 0.010900, 0.019922, 0.009763, 54.05, 0.896, 0.00, 0.000, 0.00, 0.000, 0.00, 0.000
13957,148906, 55.29, 54.98, 0.871, 0.899, 0.020753, 0.003354,1,1,0, 0.022909, 0.016350, 0.019864, 0.013923, 55.29, 0.871, 0.00, 0.000, 0.00, 0.000, 0.00, 0.000
13958,148917, 57.14, 55.89, 0.966, 0.971, 0.021111, 0.011621,1,1,0, 0.025169, 0.015909, 0.024306, 0.012234, 57.14, 0.966, 0.00, 0.000, 0.00, 0.000, 0.00, 0.000
13959,148928, 56.87, 56.30, 0.964, 0.974, 0.022516, 0.011509,1,1,0, 0.027723, 0.014382, 0.026969, 0.013501, 56.87, 0.964, 0.00, 0.000, 0.00, 0.000, 0.00, 0.000
13960,148938, 55.55, 55.98, 0.960, 0.971, 0.023650, 0.017208,1,1,0, 0.031789, 0.019472, 0.028572, 0.016057, 55.55, 0.960, 0.00, 0.000, 0.00, 0.000, 0.00, 0.000
13961,148949, 54.54, 55.38, 0.967, 0.976, 0.024199, 0.012234,1,1,0, 0.027553, 0.018121, 0.029697, 0.013841, 54.54, 0.967, 0.00, 0.000, 0.00, 0.000, 0.00, 0.000
13962,148960, 54.29, 54.92, 0.946, 0.961, 0.022923, 0.008573,1,1,0, 0.023501, 0.015125, 0.019854, 0.015061, 54.29, 0.946, 0.00, 0.000, 0.00, 0.000, 0.00, 0.000
13963,148970, 55.04, 54.97, 0.941, 0.957, 0.021174, 0.006008,1,1,0, 0.028429, 0.015552, 0.019875, 0.011325, 55.04, 0.941, 0.00, 0.000, 0.00, 0.000, 0.00, 0.000
13964,148981, 57.14, 55.88, 0.944, 0.954, 0.021686, 0.008141,1,1,0, 0.027478, 0.013751, 0.024907, 0.013291, 57.14, 0.944, 0.00, 0.000, 0.00, 0.000, 0.00, 0.000
13965,148992, 56.07, 55.96, 0.959, 0.970, 0.020382, 0.005705,1,1,0, 0.028944, 0.018143, 0.020549, 0.012988, 56.07, 0.959, 0.00, 0.000, 0.00, 0.000, 0.00, 0.000
13966,149002, 54.79, 55.47, 0.989, 0.992, 0.022634, 0.011839,1,1,0, 0.024780, 0.014017, 0.027399, 0.014000, 54.79, 0.989, 31.74, 0.055, 0.00, 0.000, 0.00, 0.000
13967,149013, 55.29, 55.40, 0.976, 0.983, 0.021858, 0.008296,1,1,0, 0.023225, 0.016722, 0.022677, 0.014753, 55.29, 0.976, 0.00, 0.000, 0.00, 0.000, 0.00, 0.000
13968,149024, 56.07, 55.68, 0.982, 0.987, 0.020202, 0.005814,1,1,0, 0.023996, 0.013441, 0.019274, 0.010626, 56.07, 0.982, 0.00, 0.000, 0.00, 0.000, 0.00, 0.000
13969,149034, 56.07, 55.84, 0.984, 0.989, 0.022554, 0.013245,1,1,0, 0.024361, 0.016744, 0.026562, 0.014408, 56.07, 0.984, 0.00, 0.000, 0.00, 0.000, 0.00, 0.000
13970,149045, 55.04, 55.51, 0.977, 0.983, 0.020803, 0.009282,1,1,0, 0.022238, 0.013730, 0.015689, 0.010110, 55.04, 0.977, 0.00, 0.000, 0.00, 0.000, 0.00, 0.000
13971,149056, 54.54, 55.10, 0.988, 0.991, 0.020763, 0.006504,1,1,0, 0.023710, 0.012848, 0.023690, 0.012455, 54.54, 0.988, 0.00, 0.000, 0.00, 0.000, 0.00, 0.000
13972,149066, 55.04, 55.08, 0.984, 0.988, 0.022659, 0.012243,1,1,0, 0.024928, 0.017130, 0.024903, 0.015304, 55.04, 0.984, 0.00, 0.000, 0.00, 0.000, 0.00, 0.000
13973,149077, 56.07, 55.49, 0.996, 0.997, 0.020796, 0.008579,1,1,0, 0.021465, 0.011413, 0.016828, 0.009295, 56.07, 0.996, 0.00, 0.000, 0.00, 0.000, 0.00, 0.000
13974,149088, 55.81, 55.63, 0.997, 0.997, 0.022149, 0.008800,1,1,0, 0.024862, 0.017413, 0.024869, 0.014412, 55.81, 0.997, 0.00, 0.000, 0.00, 0.000, 0.00, 0.000
13975,149098, 55.55, 55.59, 0.996, 0.997, 0.020427, 0.006167,1,1,0, 0.021426, 0.013212, 0.015444, 0.009700, 55.55, 0.996, 0.00, 0.000, 0.00, 0.000, 0.00, 0.000
13976,149109, 55.29, 55.47, 0.997, 0.998, 0.021256, 0.007087,1,1,0, 0.025264, 0.013872, 0.024306, 0.013346, 55.29, 0.997, 0.00, 0.000, 0.00, 0.000, 0.00, 0.000
13977,149120, 55.55, 55.50, 0.997, 0.998, 0.023111, 0.011286,1,1,0, 0.025901, 0.016211, 0.025312, 0.014374, 55.55, 0.997, 0.00, 0.000, 0.00, 0.000, 0.00, 0.000
13978,149130, 55.55, 55.52, 0.996, 0.997, 0.021387, 0.007909,1,1,0, 0.025487, 0.013136, 0.023336, 0.010869, 55.55, 0.996, 0.00, 0.000, 0.00, 0.000, 0.00, 0.000
13979,149141, 55.55, 55.53, 0.998, 0.998, 0.022992, 0.009648,1,1,0, 0.024469, 0.018521, 0.025820, 0.015203, 55.55, 0.998, 0.00, 0.000, 0.00, 0.000, 0.00, 0.000
13980,149152, 55.29, 55.43, 0.973, 0.981, 0.020973, 0.006761,1,1,0, 0.019866, 0.009043, 0.013649, 0.007611, 55.29, 0.973, 0.00, 0.000, 0.00, 0.000, 0.00, 0.000
13981,149162, 54.79, 55.16, 0.966, 0.975, 0.019504, 0.004738,1,1,0, 0.019925, 0.011472, 0.020480, 0.011037, 54.79, 0.966, 0.00, 0.000, 0.00, 0.000, 0.00, 0.000
13982,149173, 56.07, 55.54, 0.929, 0.949, 0.022043, 0.015806,1,1,0, 0.025043, 0.015318, 0.026124, 0.012658, 56.07, 0.929, 0.00, 0.000, 0.00, 0.000, 0.00, 0.000
13983,149184, 56.33, 55.88, 0.974, 0.981, 0.021373, 0.011076,1,1,0, 0.025908, 0.013072, 0.026069, 0.011554, 56.33, 0.974, 0.00, 0.000, 0.00, 0.000, 0.00, 0.000
13984,149194, 55.55, 55.74, 0.975, 0.982, 0.023968, 0.013862,1,1,0, 0.027616, 0.019297, 0.027094, 0.015570, 55.55, 0.975, 0.00, 0.000, 0.00, 0.000, 0.00, 0.000
13985,149205, 55.04, 55.45, 0.993, 0.995, 0.022133, 0.009714,1,1,0, 0.022164, 0.012396, 0.014314, 0.009861, 55.04, 0.993, 0.00, 0.000, 0.00, 0.000, 0.00, 0.000
13986,149216, 55.29, 55.38, 0.989, 0.992, 0.021845, 0.006807,1,1,0, 0.023626, 0.014903, 0.024436, 0.013351, 55.29, 0.989, 0.00, 0.000, 0.00, 0.000, 0.00, 0.000
13987,149226, 55.55, 55.45, 0.992, 0.994, 0.020595, 0.006878,1,1,0, 0.020358, 0.011941, 0.022562, 0.010574, 55.55, 0.992, 0.00, 0.000, 0.00, 0.000, 0.00, 0.000
13988,149237, 55.81, 55.60, 0.985, 0.989, 0.020651, 0.006449,1,1,0, 0.026106, 0.014773, 0.023945, 0.012479, 55.81, 0.985, 0.00, 0.000, 0.00, 0.000, 0.00, 0.000
13989,149248, 55.81, 55.69, 0.924, 0.945, 0.019299, 0.004519,1,1,0, 0.024499, 0.013932, 0.016166, 0.010948, 55.81, 0.924, 0.00, 0.000, 0.00, 0.000, 0.00, 0.000
13990,149258, 57.41, 56.41, 0.576, 0.612, 0.092047, 0.137639,1,1,0, 0.213402, 0.083679, 0.126892, 0.052118, 57.41, 0.576, 41.81, 0.188, 125.00, 0.113, 0.00, 0.000
13991,149269, 30.84, 38.51, 0.706, 0.690, 0.356878, 0.636947,1,1,1, 0.577113, 0.235640, 0.514175, 0.218132, 30.84, 0.706, 97.56, 0.560, 55.55, 0.208, 37.73, 0.076
13992,149280, 99.17, 45.98, 0.776, 0.501, 0.396053, 0.446360,1,1,0, 0.586127, 0.235825, 0.502246, 0.222142, 99.17, 0.776, 36.14, 0.446, 49.18, 0.428, 0.00, 0.000
13993,149290, 99.17, 48.36, 0.865, 0.834, 0.403389, 0.312800,1,1,0, 0.553922, 0.232445, 0.487930, 0.231203, 99.17, 0.865, 49.38, 0.771, 32.78, 0.600, 30.76, 0.012
13994,149301, 49.58, 49.21, 0.989, 0.992, 0.402215, 0.279351,1,1,0, 0.585662, 0.226619, 0.480902, 0.215412, 49.58, 0.989, 99.17, 0.987, 33.05, 0.985, 0.00, 0.000
13995,149312, 49.79, 49.62, 0.997, 0.998, 0.397627, 0.254755,1,1,0, 0.535964, 0.217489, 0.471887, 0.209266, 49.79, 0.997, 33.14, 0.992, 99.17, 0.989, 0.00, 0.000
13996,149322, 33.14, 49.59, 0.997, 0.994, 0.398895, 0.271684,1,1,0, 0.519411, 0.218030, 0.481123, 0.206494, 33.14, 0.997, 49.58, 0.992, 99.17, 0.990, 0.00, 0.000
13997,149333, 33.14, 49.58, 0.992, 0.991, 0.408196, 0.303117,1,1,0, 0.561494, 0.223880, 0.501253, 0.213161, 33.14, 0.992, 99.17, 0.992, 49.58, 0.988, 0.00, 0.000
13998,149344, 33.14, 49.73, 0.998, 0.996, 0.401589, 0.212418,1,1,0, 0.536727, 0.217731, 0.474366, 0.206784, 33.14, 0.998, 99.17, 0.995, 49.79, 0.995, 0.00, 0.000
13999,149354, 49.79, 49.77, 0.998, 0.998, 0.399437, 0.214771,1,1,0, 0.553532, 0.223289, 0.479173, 0.211202, 49.79, 0.998, 33.14, 0.995, 99.17, 0.995, 0.00, 0.000
14000,149365, 49.79, 49.78, 0.998, 0.998, 0.396383, 0.216885,1,1,0, 0.538753, 0.214588, 0.482878, 0.205003, 49.79, 0.998, 99.17, 0.995, 33.14, 0.994, 0.00, 0.000
14001,149376, 49.79, 49.78, 0.998, 0.998, 0.387445, 0.181402,1,1,0, 0.536143, 0.217642, 0.465822, 0.205901, 49.79, 0.998, 33.14, 0.997, 99.17, 0.995, 0.00, 0.000
14002,149386, 49.79, 49.79, 0.998, 0.998, 0.383868, 0.205230,1,1,0, 0.534531, 0.210531, 0.472678, 0.201321, 49.79, 0.998, 33.14, 0.997, 99.17, 0.996, 0.00, 0.000
14003,149397, 49.79, 49.79, 0.997, 0.998, 0.370239, 0.148184,1,1,0, 0.501721, 0.208273, 0.445730, 0.196113, 49.79, 0.997, 33.14, 0.996, 99.17, 0.996, 0.00, 0.000
14004,149408, 49.79, 49.79, 0.997, 0.997, 0.378133, 0.231360,1,1,0, 0.545071, 0.212813, 0.483236, 0.204273, 49.79, 0.997, 99.17, 0.994, 33.14, 0.992, 0.00, 0.000
14005,149418, 49.79, 49.79, 0.997, 0.998, 0.376858, 0.191211,1,1,0, 0.520363, 0.225575, 0.459605, 0.213423, 49.79, 0.997, 33.14, 0.995, 99.17, 0.993, 0.00, 0.000
14006,149429, 49.79, 49.79, 0.998, 0.998, 0.406280, 0.259810,1,1,0, 0.546041, 0.244742, 0.479284, 0.230251, 49.79, 0.998, 99.17, 0.994, 33.14, 0.994, 0.00, 0.000
14007,149440, 49.79, 49.79, 0.998, 0.998, 0.405726, 0.263622,1,1,0, 0.543309, 0.228246, 0.473012, 0.212309, 49.79, 0.998, 33.14, 0.997, 99.17, 0.996, 0.00, 0.000
14008,149450, 49.79, 49.79, 0.998, 0.998, 0.404701, 0.270167,1,1,0, 0.529119, 0.213893, 0.476270, 0.206537, 49.79, 0.998, 33.14, 0.998, 99.17, 0.996, 0.00, 0.000
14009,149461, 49.79, 49.79, 0.998, 0.999, 0.394394, 0.213336,1,1,0, 0.519334, 0.210412, 0.454803, 0.205325, 49.79, 0.998, 33.14, 0.997, 99.17, 0.996, 0.00, 0.000
14010,149472, 49.79, 49.79, 0.998, 0.998, 0.394948, 0.263360,1,1,0, 0.522792, 0.214436, 0.469541, 0.209045, 49.79, 0.998, 33.14, 0.997, 99.17, 0.996, 0.00, 0.000
14011,149482, 49.79, 49.79, 0.998, 0.998, 0.384202, 0.203777,1,1,0, 0.496993, 0.200892, 0.445761, 0.193897, 49.79, 0.998, 33.14, 0.996, 99.17, 0.995, 0.00, 0.000
14012,149493, 49.58, 49.70, 0.997, 0.998, 0.388065, 0.275075,1,1,0, 0.521927, 0.205371, 0.470702, 0.195682, 49.58, 0.997, 33.14, 0.996, 99.17, 0.996, 0.00, 0.000
14013,149504, 49.79, 49.74, 0.997, 0.998, 0.381023, 0.211162,1,1,0, 0.492082, 0.199697, 0.451397, 0.190560, 49.79, 0.997, 33.14, 0.996, 99.17, 0.995, 0.00, 0.000
14014,149514, 49.79, 49.76, 0.997, 0.998, 0.381753, 0.245093,1,1,0, 0.516522, 0.205534, 0.464099, 0.195520, 49.79, 0.997, 33.14, 0.996, 99.17, 0.995, 0.00, 0.000
14015,149525, 49.79, 49.77, 0.998, 0.998, 0.378726, 0.220749,1,1,0, 0.496264, 0.202319, 0.458763, 0.192597, 49.79, 0.998, 33.14, 0.996, 99.17, 0.995, 0.00, 0.000
14016,149536, 49.79, 49.78, 0.998, 0.998, 0.374115, 0.199972,1,1,0, 0.506730, 0.207943, 0.450805, 0.196352, 49.79, 0.998, 99.17, 0.994, 33.14, 0.994, 0.00, 0.000
14017,149546, 49.79, 49.78, 0.998, 0.999, 0.371311, 0.208284,1,1,0, 0.494652, 0.200419, 0.454808, 0.191328, 49.79, 0.998, 33.14, 0.996, 99.17, 0.995, 0.00, 0.000
14018,149557, 49.79, 49.78, 0.998, 0.998, 0.359298, 0.154768,1,1,0, 0.473576, 0.198794, 0.429730, 0.187313, 49.79, 0.998, 33.14, 0.996, 99.17, 0.995, 0.00, 0.000
14019,149568, 49.79, 49.79, 0.997, 0.998, 0.360745, 0.206871,1,1,0, 0.487215, 0.197948, 0.448269, 0.189057, 49.79, 0.997, 99.17, 0.995, 33.14, 0.994, 66.29, 0.005
14020,149578, 49.58, 49.70, 0.997, 0.998, 0.350340, 0.144971,1,1,0, 0.461161, 0.192695, 0.422857, 0.182907, 49.58, 0.997, 33.14, 0.996, 99.17, 0.995, 40.00, 0.054
14021,149589, 49.79, 49.74, 0.997, 0.997, 0.356851, 0.200821,1,1,0, 0.492796, 0.207745, 0.447163, 0.197872, 49.79, 0.997, 99.17, 0.994, 33.14, 0.991, 67.03, 0.024
14022,149600, 49.79, 49.76, 0.997, 0.998, 0.371751, 0.242561,1,1,0, 0.487670, 0.219562, 0.440185, 0.208376, 49.79, 0.997, 33.14, 0.996, 99.17, 0.995, 40.13, 0.016
14023,149610, 49.79, 49.77, 0.998, 0.998, 0.386484, 0.233194,1,1,0, 0.490135, 0.227702, 0.441787, 0.215018, 49.79, 0.998, 33.14, 0.996, 99.17, 0.996, 0.00, 0.000
14024,149621, 49.79, 49.78, 0.998, 0.998, 0.378972, 0.195950,1,1,0, 0.478744, 0.200679, 0.428956, 0.187902, 49.79, 0.998, 33.14, 0.998, 99.17, 0.996, 0.00, 0.000
14025,149632, 49.79, 49.78, 0.998, 0.998, 0.380065, 0.226828,1,1,0, 0.478587, 0.202013, 0.439267, 0.195891, 49.79, 0.998, 33.14, 0.998, 99.17, 0.996, 0.00, 0.000
14026,149642, 49.79, 49.78, 0.998, 0.998, 0.367636, 0.158957,1,1,0, 0.456025, 0.191856, 0.410820, 0.188368, 49.79, 0.998, 33.14, 0.996, 99.17, 0.995, 40.00, 0.001
14027,149653, 49.79, 49.79, 0.998, 0.998, 0.371408, 0.227565,1,1,0, 0.479040, 0.198985, 0.435458, 0.191692, 49.79, 0.998, 33.14, 0.996, 99.17, 0.995, 39.73, 0.032
14028,149664, 49.58, 49.70, 0.997, 0.998, 0.362459, 0.165035,1,1,0, 0.448263, 0.188083, 0.414162, 0.181372, 49.58, 0.997, 99.17, 0.995, 33.14, 0.994, 39.73, 0.061
14029,149674, 49.58, 49.65, 0.997, 0.998, 0.365488, 0.220954,1,1,0, 0.477463, 0.192739, 0.433945, 0.183682, 49.58, 0.997, 33.14, 0.997, 99.17, 0.995, 39.47, 0.083
14030,149685, 49.79, 49.71, 0.998, 0.998, 0.361480, 0.185623,1,1,0, 0.455522, 0.189637, 0.425385, 0.181036, 49.79, 0.998, 33.14, 0.995, 99.17, 0.995, 65.93, 0.056
14031,149696, 49.79, 49.74, 0.997, 0.998, 0.359471, 0.189418,1,1,0, 0.475499, 0.193233, 0.427315, 0.183788, 49.79, 0.997, 33.14, 0.995, 99.17, 0.994, 193.54, 0.034
14032,149706, 49.79, 49.76, 0.998, 0.999, 0.358325, 0.190365,1,1,0, 0.462688, 0.192375, 0.430512, 0.183079, 49.79, 0.998, 33.14, 0.994, 99.17, 0.994, 65.93, 0.017
14033,149717, 49.79, 49.77, 0.998, 0.998, 0.350181, 0.149936,1,1,0, 0.457091, 0.193622, 0.413258, 0.182775, 49.79, 0.998, 99.17, 0.994, 33.14, 0.994, 196.72, 0.025
14034,149728, 49.79, 49.78, 0.998, 0.999, 0.349523, 0.183540,1,1,0, 0.461504, 0.188161, 0.425638, 0.179851, 49.79, 0.998, 33.14, 0.996, 99.17, 0.995, 66.29, 0.045
14035,149738, 49.79, 49.78, 0.998, 0.998, 0.337243, 0.128621,1,1,0, 0.435125, 0.184110, 0.399305, 0.173355, 49.79, 0.998, 33.14, 0.997, 99.17, 0.995, 39.60, 0.108
14036,149749, 49.58, 49.70, 0.997, 0.998, 0.340671, 0.188633,1,1,0, 0.459797, 0.191370, 0.422846, 0.181012, 49.58, 0.997, 99.17, 0.995, 33.14, 0.993, 66.29, 0.116
14037,149760, 49.58, 49.65, 0.997, 0.998, 0.333346, 0.141652,1,1,0, 0.431496, 0.180111, 0.404890, 0.173609, 49.58, 0.997, 33.14, 0.994, 99.17, 0.994, 40.13, 0.148
14038,149770, 49.79, 49.71, 0.997, 0.998, 0.340551, 0.173862,1,1,0, 0.459483, 0.205425, 0.419287, 0.195205, 49.79, 0.997, 99.17, 0.994, 33.14, 0.994, 67.03, 0.119
14039,149781, 49.79, 49.74, 0.998, 0.998, 0.361716, 0.206299,1,1,0, 0.456616, 0.210120, 0.416356, 0.199411, 49.79, 0.998, 33.14, 0.997, 99.17, 0.995, 40.00, 0.087
14040,149792, 49.79, 49.76, 0.998, 0.998, 0.367148, 0.229560,1,1,0, 0.455056, 0.208294, 0.423561, 0.197609, 49.79, 0.998, 33.14, 0.997, 99.17, 0.995, 200.00, 0.054
14041,149802, 49.79, 49.77, 0.998, 0.998, 0.355274, 0.161255,1,1,0, 0.438185, 0.179710, 0.399344, 0.170789, 49.79, 0.998, 33.14, 0.997, 99.17, 0.995, 200.00, 0.056
14042,149813, 49.79, 49.78, 0.998, 0.998, 0.356664, 0.216492,1,1,0, 0.447584, 0.190241, 0.415416, 0.183895, 49.79, 0.998, 33.14, 0.997, 99.17, 0.995, 200.00, 0.075
14043,149824, 49.79, 49.78, 0.998, 0.998, 0.346124, 0.151713,1,1,0, 0.420188, 0.180037, 0.391069, 0.176675, 49.79, 0.998, 33.14, 0.995, 99.17, 0.994, 66.66, 0.104
14044,149834, 49.58, 49.70, 0.997, 0.998, 0.349552, 0.216515,1,1,0, 0.447123, 0.186267, 0.412154, 0.178829, 49.58, 0.997, 33.14, 0.996, 99.17, 0.995, 39.60, 0.171
14045,149845, 49.58, 49.65, 0.997, 0.997, 0.343807, 0.170848,1,1,0, 0.420204, 0.179591, 0.398426, 0.172686, 49.58, 0.997, 99.17, 0.995, 33.14, 0.993, 65.93, 0.165
14046,149856, 33.14, 49.71, 0.997, 0.998, 0.342730, 0.188501,1,1,0, 0.438054, 0.181829, 0.404736, 0.173593, 33.14, 0.997, 49.79, 0.997, 99.17, 0.995, 39.47, 0.188
14047,149866, 49.79, 49.74, 0.997, 0.998, 0.343025, 0.192965,1,1,0, 0.430246, 0.182822, 0.410589, 0.174294, 49.79, 0.997, 99.17, 0.995, 33.14, 0.994, 65.93, 0.139
14048,149877, 49.79, 49.76, 0.997, 0.998, 0.337791, 0.163264,1,1,0, 0.436374, 0.182687, 0.400423, 0.174021, 49.79, 0.997, 33.14, 0.994, 99.17, 0.994, 39.34, 0.114
14049,149888, 49.79, 49.77, 0.998, 0.999, 0.339621, 0.192093,1,1,0, 0.437969, 0.185663, 0.413125, 0.176602, 49.79, 0.998, 33.14, 0.995, 99.17, 0.994, 65.93, 0.099
14050,149898, 49.79, 49.78, 0.998, 0.998, 0.328280, 0.134615,1,1,0, 0.413882, 0.179995, 0.384993, 0.170384, 49.79, 0.998, 33.14, 0.994, 99.17, 0.994, 196.72, 0.119
14051,149909, 49.79, 49.78, 0.998, 0.998, 0.329027, 0.178796,1,1,0, 0.429679, 0.182025, 0.403417, 0.172835, 49.79, 0.998, 33.14, 0.996, 99.17, 0.995, 66.29, 0.145
14052,149920, 49.58, 49.70, 0.997, 0.998, 0.319263, 0.127509,1,1,0, 0.399383, 0.174720, 0.381245, 0.164984, 49.58, 0.997, 33.14, 0.995, 99.17, 0.995, 39.73, 0.219
14053,149930, 49.58, 49.65, 0.997, 0.998, 0.322125, 0.176930,1,1,0, 0.428051, 0.185730, 0.400294, 0.174727, 49.58, 0.997, 99.17, 0.994, 33.14, 0.992, 40.00, 0.227
14054,149941, 49.79, 49.71, 0.997, 0.998, 0.317991, 0.142294,1,1,0, 0.399992, 0.175153, 0.388576, 0.170887, 49.79, 0.997, 33.14, 0.994, 99.17, 0.994, 40.13, 0.226
14055,149952, 49.79, 49.74, 0.998, 0.998, 0.333083, 0.223070,1,1,0, 0.419013, 0.201932, 0.396882, 0.192157, 49.79, 0.998, 33.14, 0.995, 99.17, 0.994, 40.13, 0.204
14056,149962, 49.79, 49.76, 0.998, 0.998, 0.341732, 0.175664,1,1,0, 0.411733, 0.197783, 0.398237, 0.188310, 49.79, 0.998, 33.14, 0.997, 99.17, 0.996, 200.00, 0.150
14057,149973, 49.79, 49.77, 0.998, 0.998, 0.345139, 0.215810,1,1,0, 0.416500, 0.190147, 0.397847, 0.180491, 49.79, 0.998, 33.14, 0.998, 99.17, 0.996, 200.00, 0.138
14058,149984, 49.79, 49.78, 0.998, 0.998, 0.331638, 0.151235,1,1,0, 0.388087, 0.167740, 0.367715, 0.161633, 49.79, 0.998, 33.14, 0.996, 99.17, 0.995, 66.66, 0.148
14059,149994, 49.79, 49.78, 0.998, 0.998, 0.334136, 0.198195,1,1,0, 0.409761, 0.180264, 0.387872, 0.173332, 49.79, 0.998, 33.14, 0.996, 99.17, 0.994, 200.00, 0.176
14060,150005, 49.58, 49.70, 0.997, 0.998, 0.326555, 0.139783,1,1,0, 0.382245, 0.173694, 0.368558, 0.170000, 49.58, 0.997, 99.17, 0.994, 33.05, 0.993, 66.29, 0.211
14061,150016, 49.58, 49.65, 0.997, 0.998, 0.328545, 0.183133,1,1,0, 0.409981, 0.176584, 0.383030, 0.169386, 49.58, 0.997, 33.14, 0.996, 99.17, 0.995, 39.60, 0.294
14062,150026, 49.79, 49.71, 0.997, 0.998, 0.326058, 0.163283,1,1,0, 0.392355, 0.174365, 0.380008, 0.166915, 49.79, 0.997, 99.17, 0.994, 33.14, 0.993, 65.93, 0.250
14063,150037, 49.58, 49.65, 0.997, 0.998, 0.322567, 0.154335,1,1,0, 0.403966, 0.173941, 0.376811, 0.166290, 49.58, 0.997, 33.14, 0.996, 99.17, 0.994, 39.47, 0.263
14064,150048, 49.79, 49.71, 0.998, 0.998, 0.324901, 0.179981,1,1,0, 0.404172, 0.177972, 0.389651, 0.169374, 49.79, 0.998, 99.17, 0.994, 33.14, 0.993, 65.93, 0.203
14065,150058, 49.79, 49.74, 0.997, 0.998, 0.317156, 0.130399,1,1,0, 0.394079, 0.174059, 0.370991, 0.166421, 49.79, 0.997, 33.14, 0.994, 99.17, 0.994, 196.72, 0.176
14066,150069, 49.79, 49.76, 0.998, 0.999, 0.318566, 0.168724,1,1,0, 0.404504, 0.178209, 0.385523, 0.169531, 49.79, 0.998, 33.14, 0.996, 99.17, 0.994, 65.93, 0.176
14067,150080, 49.79, 49.77, 0.997, 0.998, 0.307439, 0.118238,1,1,0, 0.374751, 0.170373, 0.359273, 0.161714, 49.79, 0.997, 33.14, 0.995, 99.17, 0.995, 196.72, 0.204
14068,150090, 49.58, 49.69, 0.997, 0.998, 0.309171, 0.163423,1,1,0, 0.399711, 0.180607, 0.378581, 0.169573, 49.58, 0.997, 33.14, 0.995, 99.17, 0.994, 66.29, 0.235
14069,150101, 49.58, 49.65, 0.997, 0.998, 0.302830, 0.131410,1,1,0, 0.373232, 0.168073, 0.365802, 0.160238, 49.58, 0.997, 99.17, 0.994, 33.05, 0.993, 39.86, 0.299
14070,150112, 49.79, 49.71, 0.997, 0.998, 0.302767, 0.153436,1,1,0, 0.395830, 0.178083, 0.374310, 0.167744, 49.79, 0.997, 33.14, 0.994, 99.17, 0.994, 40.00, 0.324
14071,150122, 49.58, 49.65, 0.997, 0.998, 0.303411, 0.155068,1,1,0, 0.383232, 0.175591, 0.377510, 0.171958, 49.58, 0.997, 33.14, 0.996, 99.17, 0.994, 40.13, 0.287
14072,150133, 49.79, 49.71, 0.997, 0.998, 0.325448, 0.239029,1,1,0, 0.392547, 0.196200, 0.385944, 0.187313, 49.79, 0.997, 33.14, 0.997, 99.17, 0.995, 40.00, 0.275
14073,150144, 49.79, 49.74, 0.998, 0.998, 0.320338, 0.167506,1,1,0, 0.372416, 0.183015, 0.367787, 0.175115, 49.79, 0.998, 33.14, 0.997, 99.17, 0.995, 66.29, 0.216
14074,150154, 49.79, 49.76, 0.998, 0.998, 0.321815, 0.215309,1,1,0, 0.386498, 0.177412, 0.377388, 0.167850, 49.79, 0.998, 33.14, 0.997, 99.17, 0.995, 200.00, 0.224
14075,150165, 49.79, 49.77, 0.998, 0.998, 0.310669, 0.150884,1,1,0, 0.352830, 0.162776, 0.351010, 0.158219, 49.79, 0.998, 33.14, 0.995, 99.17, 0.995, 66.66, 0.236
14076,150176, 49.58, 49.69, 0.998, 0.998, 0.311837, 0.199082,1,1,0, 0.377793, 0.172292, 0.368114, 0.165208, 49.58, 0.998, 33.14, 0.996, 99.17, 0.994, 200.00, 0.266
14077,150186, 49.58, 49.65, 0.997, 0.998, 0.307420, 0.160454,1,1,0, 0.349816, 0.171178, 0.356286, 0.166751, 49.58, 0.997, 99.17, 0.994, 33.05, 0.993, 66.29, 0.306
14078,150197, 49.58, 49.62, 0.997, 0.998, 0.305053, 0.169848,1,1,0, 0.365716, 0.168254, 0.358153, 0.161461, 49.58, 0.997, 33.14, 0.996, 99.17, 0.995, 39.60, 0.376
14079,150208, 49.79, 49.69, 0.997, 0.998, 0.305522, 0.180431,1,1,0, 0.356269, 0.171892, 0.364075, 0.163781, 49.79, 0.997, 99.17, 0.994, 33.14, 0.993, 65.93, 0.316
14080,150218, 49.58, 49.64, 0.998, 0.998, 0.300108, 0.141780,1,1,0, 0.354139, 0.168692, 0.350899, 0.161937, 49.58, 0.998, 33.14, 0.995, 99.17, 0.994, 39.47, 0.325
14081,150229, 49.79, 49.70, 0.998, 0.998, 0.303121, 0.181099,1,1,0, 0.361280, 0.173022, 0.366654, 0.164345, 49.79, 0.998, 33.14, 0.994, 99.17, 0.994, 65.93, 0.265
14082,150240, 49.79, 49.74, 0.997, 0.998, 0.293385, 0.126910,1,1,0, 0.334956, 0.167668, 0.338712, 0.161045, 49.79, 0.997, 33.14, 0.995, 99.17, 0.994, 196.72, 0.249
14083,150250, 49.79, 49.76, 0.998, 0.998, 0.294597, 0.153600,1,1,0, 0.354231, 0.172870, 0.354114, 0.164498, 49.79, 0.998, 33.14, 0.997, 99.17, 0.995, 196.72, 0.257
14084,150261, 49.58, 49.68, 0.998, 0.998, 0.285788, 0.107640,1,1,0, 0.323196, 0.168306, 0.331113, 0.159812, 49.58, 0.998, 99.17, 0.995, 33.14, 0.994, 196.72, 0.278
14085,150272, 49.58, 49.64, 0.997, 0.998, 0.286851, 0.135876,1,1,0, 0.346984, 0.180464, 0.343615, 0.167926, 49.58, 0.997, 33.14, 0.995, 99.17, 0.994, 200.00, 0.318
14086,150282, 49.79, 49.70, 0.996, 0.997, 0.283174, 0.115003,1,1,0, 0.325851, 0.161905, 0.336945, 0.157370, 49.79, 0.996, 99.17, 0.992, 33.14, 0.988, 66.66, 0.348
14087,150293, 98.36, 49.65, 0.860, 0.898, 0.327930, 0.232656,1,1,0, 0.446215, 0.291959, 0.399121, 0.250231, 98.36, 0.860, 49.58, 0.858, 32.96, 0.756, 66.66, 0.049
14088,150304, 98.36, 49.45, 0.584, 0.649, 0.296245, 0.163041,1,1,0, 0.124350, 0.059618, 0.171238, 0.090176, 98.36, 0.584, 49.18, 0.557, 30.30, 0.502, 33.14, 0.185
14089,150314, 35.29, 43.50, 0.590, 0.554, 0.263544, 0.114255,1,1,0, 0.079808, 0.045629, 0.059776, 0.038743, 35.29, 0.590, 96.77, 0.425, 50.63, 0.197, 0.00, 0.000
14090,150325, 55.04, 48.35, 0.594, 0.557, 0.232608, 0.080068,1,1,0, 0.052483, 0.029385, 0.047302, 0.019918, 55.04, 0.594, 35.71, 0.414, 84.50, 0.304, 0.00, 0.000
14091,150336, 60.60, 53.49, 0.796, 0.803, 0.204806, 0.056110,1,1,0, 0.036529, 0.013849, 0.042343, 0.015429, 60.60, 0.796, 126.31, 0.718, 40.40, 0.235, 0.00, 0.000
14092,150346, 60.60, 55.02, 0.565, 0.554, 0.180105, 0.039320,1,1,0, 0.026767, 0.011941, 0.019405, 0.008898, 60.60, 0.565, 57.14, 0.544, 121.21, 0.526, 30.61, 0.298
14093,150357, 33.05, 45.11, 0.606, 0.552, 0.159275, 0.027555,1,1,0, 0.031894, 0.015615, 0.025329, 0.014220, 33.05, 0.606, 62.17, 0.561, 31.41, 0.541, 70.58, 0.404
14094,150368, 62.17, 52.27, 0.639, 0.582, 0.140468, 0.019310,1,1,0, 0.033433, 0.012751, 0.031281, 0.011349, 62.17, 0.639, 55.29, 0.483, 33.14, 0.481, 70.17, 0.422
14095,150378, 55.81, 53.76, 0.790, 0.773, 0.124512, 0.013532,1,1,0, 0.037585, 0.018034, 0.026880, 0.015774, 55.81, 0.790, 61.53, 0.737, 31.00, 0.610, 50.63, 0.370
14096,150389, 55.81, 54.62, 0.899, 0.899, 0.111165, 0.009483,1,1,0, 0.039636, 0.025644, 0.038152, 0.020424, 55.81, 0.899, 0.00, 0.000, 0.00, 0.000, 0.00, 0.000
14097,150400, 56.07, 55.23, 0.874, 0.891, 0.099102, 0.006645,1,1,0, 0.031607, 0.017922, 0.028174, 0.016219, 56.07, 0.874, 40.81, 0.113, 38.83, 0.109, 0.00, 0.000
14098,150410, 55.55, 55.36, 0.896, 0.922, 0.088365, 0.004657,1,1,0, 0.026231, 0.015455, 0.029639, 0.015407, 55.55, 0.896, 38.96, 0.085, 0.00, 0.000, 0.00, 0.000
14099,150421, 55.55, 55.44, 0.880, 0.912, 0.078547, 0.003263,1,1,0, 0.026672, 0.014655, 0.022143, 0.011120, 55.55, 0.880, 0.00, 0.000, 0.00, 0.000, 0.00, 0.000
14100,150432, 55.81, 55.60, 0.863, 0.893, 0.070192, 0.002287,1,1,0, 0.025678, 0.015001, 0.023809, 0.013121, 55.81, 0.863, 31.00, 0.128, 0.00, 0.000, 0.00, 0.000
14101,150442, 55.04, 55.36, 0.953, 0.966, 0.063254, 0.001602,1,1,0, 0.026582, 0.019914, 0.027609, 0.016137, 55.04, 0.953, 0.00, 0.000, 0.00, 0.000, 0.00, 0.000
14102,150453, 55.04, 55.23, 0.911, 0.936, 0.056183, 0.001123,1,1,0, 0.016505, 0.008070, 0.013187, 0.007755, 55.04, 0.911, 30.84, 0.141, 0.00, 0.000, 0.00, 0.000
14103,150464, 55.29, 55.26, 0.922, 0.944, 0.050487, 0.000787,1,1,0, 0.031370, 0.017354, 0.021688, 0.012255, 55.29, 0.922, 0.00, 0.000, 0.00, 0.000, 0.00, 0.000
14104,150474, 55.04, 55.17, 0.834, 0.870, 0.045631, 0.000551,1,1,0, 0.030976, 0.016772, 0.020407, 0.012853, 55.04, 0.834, 0.00, 0.000, 0.00, 0.000, 0.00, 0.000
14105,150485, 54.54, 54.90, 0.913, 0.934, 0.042374, 0.000386,1,1,0, 0.041689, 0.023220, 0.038606, 0.022230, 54.54, 0.913, 0.00, 0.000, 0.00, 0.000, 0.00, 0.000
14106,150496, 56.60, 55.62, 0.850, 0.869, 0.039562, 0.000270,1,1,0, 0.044321, 0.026975, 0.030938, 0.020948, 56.60, 0.850, 0.00, 0.000, 0.00, 0.000, 0.00, 0.000
14107,150506, 58.82, 56.96, 0.726, 0.733, 0.035677, 0.000189,1,1,0, 0.017059, 0.010514, 0.016865, 0.010032, 58.82, 0.726, 32.78, 0.229, 0.00, 0.000, 0.00, 0.000
14108,150517, 56.07, 56.59, 0.679, 0.700, 0.032040, 0.000133,1,1,0, 0.021713, 0.011801, 0.014300, 0.007997, 56.07, 0.679, 36.36, 0.165, 0.00, 0.000, 0.00, 0.000
14109,150528, 49.79, 56.59, 0.312, 0.630, 0.029430, 0.000093,1,1,0, 0.028087, 0.015789, 0.021179, 0.012191, 49.79, 0.312, 75.94, 0.070, 0.00, 0.000, 0.00, 0.000
14110,150538, 57.41, 56.93, 0.538, 0.559, 0.032065, 0.015690,1,1,0, 0.047038, 0.025670, 0.037641, 0.022389, 57.41, 0.538, 38.09, 0.164, 0.00, 0.000, 0.00, 0.000
14111,150549, 55.81, 56.46, 0.766, 0.765, 0.029739, 0.010995,1,1,0, 0.025542, 0.016481, 0.020441, 0.014192, 55.81, 0.766, 0.00, 0.000, 0.00, 0.000, 0.00, 0.000
14112,150560, 56.33, 56.41, 0.832, 0.853, 0.027064, 0.007705,1,1,0, 0.022462, 0.010255, 0.014698, 0.009482, 56.33, 0.832, 30.69, 0.572, 0.00, 0.000, 0.00, 0.000
14113,150570, 54.79, 55.73, 0.759, 0.778, 0.033127, 0.026599,1,1,0, 0.051525, 0.027655, 0.039688, 0.020366, 54.79, 0.759, 0.00, 0.000, 0.00, 0.000, 0.00, 0.000
14114,150581, 51.06, 53.77, 0.763, 0.747, 0.032940, 0.018640,1,1,0, 0.042804, 0.033109, 0.037105, 0.022578, 51.06, 0.763, 0.00, 0.000, 0.00, 0.000, 0.00, 0.000
14115,150592, 51.94, 53.00, 0.812, 0.817, 0.044488, 0.039449,1,1,0, 0.052989, 0.034488, 0.054819, 0.030734, 51.94, 0.812, 0.00, 0.000, 0.00, 0.000, 0.00, 0.000
14116,150602, 52.17, 52.65, 0.881, 0.896, 0.041004, 0.027645,1,1,0, 0.036016, 0.018898, 0.028308, 0.019159, 52.17, 0.881, 0.00, 0.000, 0.00, 0.000, 0.00, 0.000
14117,150613, 51.72, 52.26, 0.836, 0.860, 0.037250, 0.019373,1,1,0, 0.021546, 0.013117, 0.016371, 0.011544, 51.72, 0.836, 0.00, 0.000, 0.00, 0.000, 0.00, 0.000
14118,150624, 51.28, 51.85, 0.878, 0.896, 0.033365, 0.013576,1,1,0, 0.015712, 0.008485, 0.012845, 0.006890, 51.28, 0.878, 0.00, 0.000, 0.00, 0.000, 0.00, 0.000
14119,150634, 51.06, 51.52, 0.817, 0.844, 0.030271, 0.009514,1,1,0, 0.026181, 0.014266, 0.018719, 0.011045, 51.06, 0.817, 0.00, 0.000, 0.00, 0.000, 0.00, 0.000
14120,150645, 50.20, 50.97, 0.722, 0.745, 0.028135, 0.006667,1,1,0, 0.029420, 0.019651, 0.023266, 0.014783, 50.20, 0.722, 37.97, 0.218, 0.00, 0.000, 0.00, 0.000
14121,150656, 44.60, 48.29, 0.755, 0.717, 0.025724, 0.004672,1,1,0, 0.020193, 0.012410, 0.021982, 0.011075, 44.60, 0.755, 0.00, 0.000, 0.00, 0.000, 0.00, 0.000
14122,150666, 46.87, 47.70, 0.801, 0.807, 0.023358, 0.003274,1,1,0, 0.017119, 0.010741, 0.013279, 0.008213, 46.87, 0.801, 0.00, 0.000, 0.00, 0.000, 0.00, 0.000
14123,150677, 48.00, 47.82, 0.806, 0.830, 0.020929, 0.002294,1,1,0, 0.010551, 0.007194, 0.010348, 0.004585, 48.00, 0.806, 0.00, 0.000, 0.00, 0.000, 0.00, 0.000
14124,150688, 37.50, 43.48, 0.822, 0.771, 0.019099, 0.001607,1,1,0, 0.017542, 0.009993, 0.012765, 0.007733, 37.50, 0.822, 0.00, 0.000, 0.00, 0.000, 0.00, 0.000
14125,150698, 37.85, 41.12, 0.913, 0.863, 0.017339, 0.001126,1,1,0, 0.011603, 0.005556, 0.009473, 0.005612, 37.85, 0.913, 0.00, 0.000, 0.00, 0.000, 0.00, 0.000
14126,150709, 51.94, 45.66, 0.624, 0.585, 0.015753, 0.000789,1,1,0, 0.013706, 0.007569, 0.011588, 0.005764, 51.94, 0.624, 0.00, 0.000, 0.00, 0.000, 0.00, 0.000
14127,150720, 40.54, 45.66, 0.430, 0.527, 0.014498, 0.000553,1,1,0, 0.015727, 0.009247, 0.012552, 0.006530, 40.54, 0.430, 51.72, 0.392, 46.87, 0.390, 0.00, 0.000
14128,150730, 37.97, 42.43, 0.866, 0.813, 0.013708, 0.000926,1,1,0, 0.019137, 0.011062, 0.014211, 0.008595, 37.97, 0.866, 0.00, 0.000, 0.00, 0.000, 0.00, 0.000
14129,150741, 34.48, 42.43, 0.603, 0.732, 0.025107, 0.033795,1,1,0, 0.034160, 0.024307, 0.033035, 0.017045, 34.48, 0.603, 45.11, 0.424, 51.28, 0.404, 0.00, 0.000
14130,150752, 45.97, 43.92, 0.604, 0.599, 0.024260, 0.023683,1,1,0, 0.027922, 0.017507, 0.026698, 0.012754, 45.97, 0.604, 55.29, 0.596, 0.00, 0.000, 0.00, 0.000
14131,150762, 33.51, 39.55, 0.561, 0.527, 0.022167, 0.016596,1,1,0, 0.022707, 0.011951, 0.017856, 0.009456, 33.51, 0.561, 61.22, 0.239, 42.40, 0.208, 151.89, 0.004
14132,150773, 61.53, 39.55, 0.198, 0.474, 0.022716, 0.016170,1,1,0, 0.035178, 0.021010, 0.027341, 0.013587, 61.53, 0.198, 125.00, 0.096, 0.00, 0.000, 0.00, 0.000
14133,150784, 61.22, 39.55, 0.245, 0.426, 0.024452, 0.011786,1,1,0, 0.031712, 0.018777, 0.028710, 0.016492, 61.22, 0.245, 0.00, 0.000, 0.00, 0.000, 0.00, 0.000
14134,150794, 42.55, 39.55, 0.326, 0.384, 0.022324, 0.008259,1,1,0, 0.017544, 0.010530, 0.013476, 0.008370, 42.55, 0.326, 60.00, 0.191, 33.80, 0.125, 0.00, 0.000
14135,150805, 54.05, 45.64, 0.841, 0.789, 0.020048, 0.005788,1,1,0, 0.012890, 0.006797, 0.007176, 0.004492, 54.05, 0.841, 0.00, 0.000, 0.00, 0.000, 0.00, 0.000
14136,150816, 42.40, 45.64, 0.337, 0.710, 0.024070, 0.024489,1,1,0, 0.030204, 0.016973, 0.029256, 0.014121, 42.40, 0.337, 58.82, 0.237, 0.00, 0.000, 0.00, 0.000
14137,150826, 30.61, 39.33, 0.896, 0.840, 0.021769, 0.017161,1,1,0, 0.022881, 0.013286, 0.012617, 0.006691, 30.61, 0.896, 40.26, 0.526, 137.93, 0.123, 0.00, 0.000
14138,150837, 39.34, 39.33, 0.362, 0.756, 0.020819, 0.012026,1,1,0, 0.024092, 0.017060, 0.021650, 0.011694, 39.34, 0.362, 146.34, 0.128, 0.00, 0.000, 0.00, 0.000
14139,150848, 39.21, 39.33, 0.305, 0.681, 0.018622, 0.008427,1,1,0, 0.014153, 0.007678, 0.014818, 0.004375, 39.21, 0.305, 150.00, 0.077, 110.09, 0.055, 33.42, 0.023
14140,150858, 56.33, 39.33, 0.053, 0.613, 0.016664, 0.005906,1,1,0, 0.019401, 0.014070, 0.007641, 0.003689, 56.33, 0.053, 0.00, 0.000, 0.00, 0.000, 0.00, 0.000
14141,150869, 63.82, 39.33, 0.330, 0.551, 0.015048, 0.004138,1,1,0, 0.013860, 0.007128, 0.007915, 0.004327, 63.82, 0.330, 92.30, 0.172, 0.00, 0.000, 0.00, 0.000
14142,150880, 260.86, 39.33, 0.420, 0.496, 0.014055, 0.002900,1,1,0, 0.020830, 0.010987, 0.012156, 0.008039, 260.86, 0.420, 100.00, 0.395, 66.66, 0.363, 51.50, 0.068
14143,150890, 63.49, 39.33, 0.400, 0.446, 0.012834, 0.002032,1,1,0, 0.020630, 0.010655, 0.011198, 0.005127, 63.49, 0.400, 0.00, 0.000, 0.00, 0.000, 0.00, 0.000
14144,150901, 66.29, 37.08, 0.567, 0.545, 0.011645, 0.001424,1,1,0, 0.015286, 0.010350, 0.007533, 0.003720, 66.29, 0.567, 33.99, 0.532, 0.00, 0.000, 0.00, 0.000
14145,150912, 65.57, 35.09, 0.676, 0.551, 0.010619, 0.000998,1,1,0, 0.010473, 0.006817, 0.008205, 0.004034, 65.57, 0.676, 32.34, 0.524, 0.00, 0.000, 0.00, 0.000
14146,150922, 68.57, 34.92, 0.834, 0.766, 0.009600, 0.000699,1,1,0, 0.004060, 0.001601, 0.004031, 0.002732, 68.57, 0.834, 34.68, 0.695, 0.00, 0.000, 0.00, 0.000
14147,150933, 67.41, 48.56, 0.699, 0.656, 0.008455, 0.000490,1,1,0, 0.001075, 0.000516, 0.001385, 0.000548, 67.41, 0.699, 0.00, 0.000, 0.00, 0.000, 0.00, 0.000
14148,150944, 40.95, 48.56, 0.523, 0.590, 0.007883, 0.000343,1,1,0, 0.012445, 0.007489, 0.007372, 0.004530, 40.95, 0.523, 49.18, 0.303, 68.96, 0.260, 91.60, 0.164
14149,150954, 41.66, 45.67, 0.595, 0.559, 0.007192, 0.000240,1,1,0, 0.006346, 0.003406, 0.005419, 0.002752, 41.66, 0.595, 68.18, 0.266, 0.00, 0.000, 0.00, 0.000
14150,150965, 37.50, 45.67, 0.403, 0.503, 0.006735, 0.000880,1,1,0, 0.006627, 0.003638, 0.007209, 0.003521, 37.50, 0.403, 64.86, 0.346, 0.00, 0.000, 0.00, 0.000
14151,150976, 33.14, 40.41, 0.730, 0.733, 0.006247, 0.000617,1,1,0, 0.006440, 0.004543, 0.005664, 0.003145, 33.14, 0.730, 66.66, 0.606, 0.00, 0.000, 0.00, 0.000
14152,150986, 66.66, 37.17, 0.748, 0.502, 0.006558, 0.002786,1,1,0, 0.014370, 0.009645, 0.007250, 0.004378, 66.66, 0.748, 32.69, 0.472, 0.00, 0.000, 0.00, 0.000
14153,150997, 50.84, 37.17, 0.411, 0.452, 0.011303, 0.012748,1,1,0, 0.015518, 0.010905, 0.013684, 0.007267, 50.84, 0.411, 0.00, 0.000, 0.00, 0.000, 0.00, 0.000
14154,151008, 92.30, 35.03, 0.597, 0.463, 0.054788, 0.073504,1,1,0, 0.146701, 0.061067, 0.075811, 0.033326, 92.30, 0.597, 32.08, 0.460, 0.00, 0.000, 0.00, 0.000
14155,151018, 30.22, 31.66, 0.800, 0.784, 0.703667, 0.926454,1,1,1, 1.000000, 0.607607, 1.039056, 0.474897, 30.22, 0.800, 0.00, 0.000, 0.00, 0.000, 0.00, 0.000
14156,151029, 35.71, 34.50, 0.688, 0.724, 0.700219, 0.649240,1,1,0, 1.000000, 0.426360, 0.801384, 0.434284, 35.71, 0.688, 68.18, 0.243, 0.00, 0.000, 0.00, 0.000
14157,151040, 48.97, 44.63, 0.807, 0.802, 1.068204, 0.889880,1,1,0, 1.000000, 0.877841, 1.444776, 0.740282, 48.97, 0.807, 96.77, 0.207, 0.00, 0.000, 0.00, 0.000
14158,151050, 48.97, 47.67, 0.888, 0.916, 0.959016, 0.623609,1,1,0, 0.514141, 0.184294, 0.495523, 0.262655, 48.97, 0.888, 96.77, 0.232, 31.08, 0.067, 0.00, 0.000
14159,151061, 49.79, 49.15, 0.965, 0.974, 1.110716, 0.843545,1,1,0, 1.000000, 0.875466, 1.403682, 0.747297, 49.79, 0.965, 33.33, 0.446, 100.00, 0.271, 0.00, 0.000
14160,151072, 50.00, 49.74, 0.997, 0.998, 1.002206, 0.591139,1,1,0, 0.999999, 0.313297, 0.740624, 0.321203, 50.00, 0.997, 33.33, 0.335, 100.00, 0.245, 0.00, 0.000
14161,151082, 50.00, 49.92, 0.998, 0.999, 1.105953, 0.805195,1,1,0, 1.000000, 0.828284, 1.379499, 0.728222, 50.00, 0.998, 33.42, 0.417, 100.84, 0.268, 0.00, 0.000
14162,151093, 50.00, 49.97, 0.999, 0.999, 1.002055, 0.564264,1,1,0, 0.999999, 0.461609, 0.768843, 0.370522, 50.00, 0.999, 33.51, 0.441, 100.84, 0.281, 0.00, 0.000
14163,151104, 50.00, 49.99, 0.999, 0.999, 1.084449, 0.769656,1,1,0, 1.000000, 0.749648, 1.356003, 0.696172, 50.00, 0.999, 33.33, 0.423, 100.00, 0.284, 0.00, 0.000
14164,151114, 50.00, 49.99, 0.999, 0.999, 0.986063, 0.539360,1,1,0, 0.999999, 0.577354, 0.767170, 0.390898, 50.00, 0.999, 33.70, 0.412, 101.69, 0.282, 0.00, 0.000
14165,151125, 50.00, 49.99, 0.998, 0.999, 1.061389, 0.737734,1,1,0, 1.000000, 0.660193, 1.344655, 0.671135, 50.00, 0.998, 33.24, 0.353, 100.00, 0.263, 0.00, 0.000
14166,151136, 49.79, 49.91, 0.999, 0.999, 0.987757, 0.683248,1,1,0, 0.999999, 0.609233, 1.183168, 0.450431, 49.79, 0.999, 33.80, 0.316, 101.69, 0.250, 0.00, 0.000
14167,151146, 49.79, 49.86, 0.999, 0.999, 1.035232, 0.707626,1,1,0, 1.000000, 0.628888, 1.327278, 0.626539, 49.79, 0.999, 98.36, 0.234, 32.69, 0.233, 0.00, 0.000
14168,151157, 49.79, 49.83, 0.999, 0.999, 1.104773, 0.901936,1,1,0, 1.000000, 0.694800, 1.297660, 0.614921, 49.79, 0.999, 101.69, 0.228, 33.70, 0.212, 0.00, 0.000
14169,151168, 49.79, 49.81, 0.999, 0.999, 1.009297, 0.632058,1,1,0, 1.000000, 0.528090, 1.085604, 0.463949, 49.79, 0.999, 31.08, 0.236, 97.56, 0.221, 0.00, 0.000
14170,151178, 49.79, 49.80, 0.999, 0.999, 1.086245, 0.756158,1,1,0, 1.000000, 0.768240, 1.259805, 0.688204, 49.79, 0.999, 100.84, 0.213, 33.80, 0.178, 0.00, 0.000
14171,151189, 49.79, 49.80, 0.999, 0.999, 0.981052, 0.529900,1,1,0, 1.000000, 0.402242, 0.817123, 0.335052, 49.79, 0.999, 97.56, 0.212, 32.34, 0.203, 30.22, 0.153
14172,151200, 49.79, 49.79, 0.999, 0.999, 1.064186, 0.722778,1,1,0, 1.000000, 0.829132, 1.240919, 0.720275, 49.79, 0.999, 100.00, 0.195, 33.24, 0.145, 0.00, 0.000
14173,151210, 49.79, 49.79, 0.998, 0.998, 0.956450, 0.506508,1,1,0, 0.814958, 0.241004, 0.509566, 0.255436, 49.79, 0.998, 99.17, 0.206, 32.78, 0.198, 0.00, 0.000
14174,151221, 49.58, 49.70, 0.998, 0.998, 1.043022, 0.745629,1,1,0, 1.000000, 0.840876, 1.241331, 0.718357, 49.58, 0.998, 98.36, 0.224, 32.87, 0.177, 0.00, 0.000
14175,151232, 49.79, 49.74, 0.981, 0.986, 0.954159, 0.522521,1,1,0, 0.977568, 0.410197, 0.720962, 0.392679, 49.79, 0.981, 103.44, 0.208, 34.09, 0.193, 0.00, 0.000
14176,151242, 50.63, 50.11, 0.983, 0.988, 1.055263, 0.794275,1,1,0, 1.000000, 0.799495, 1.285357, 0.702007, 50.63, 0.983, 32.69, 0.413, 98.36, 0.200, 0.00, 0.000
14177,151253, 51.06, 50.51, 0.985, 0.989, 0.973507, 0.556611,1,1,0, 0.999999, 0.643721, 0.764401, 0.465197, 51.06, 0.985, 35.08, 0.211, 107.14, 0.121, 0.00, 0.000
14178,151264, 52.40, 51.30, 0.993, 0.995, 1.028649, 0.616687,1,1,0, 1.000000, 0.644174, 1.256744, 0.648545, 52.40, 0.993, 33.14, 0.393, 97.56, 0.086, 0.00, 0.000
14179,151274, 52.63, 51.86, 0.997, 0.998, 0.964591, 0.432161,1,1,0, 0.999999, 0.689732, 1.052597, 0.533430, 52.63, 0.997, 36.25, 0.325, 113.20, 0.100, 0.00, 0.000
14180,151285, 52.63, 52.18, 0.998, 0.998, 0.990616, 0.559890,1,1,0, 1.000000, 0.599314, 1.239395, 0.579756, 52.63, 0.998, 33.42, 0.267, 99.17, 0.081, 0.00, 0.000
14181,151296, 52.63, 52.37, 0.998, 0.999, 1.054213, 0.714458,1,1,0, 1.000000, 0.794239, 1.217993, 0.712852, 52.63, 0.998, 35.39, 0.070, 107.14, 0.055, 0.00, 0.000
14182,151306, 52.40, 52.38, 0.998, 0.999, 0.957694, 0.500678,1,1,0, 1.000000, 0.417361, 0.816505, 0.349474, 52.40, 0.998, 101.69, 0.029, 33.80, 0.006, 0.00, 0.000
14183,151317, 52.40, 52.39, 0.999, 0.999, 1.033238, 0.683080,1,1,0, 1.000000, 0.841841, 1.218781, 0.723697, 52.40, 0.999, 106.19, 0.012, 0.00, 0.000, 0.00, 0.000
14184,151328, 52.86, 52.59, 0.958, 0.970, 0.947699, 0.478688,1,1,0, 0.933942, 0.490146, 0.657818, 0.402380, 52.86, 0.958, 0.00, 0.000, 0.00, 0.000, 0.00, 0.000
14185,151338, 53.09, 52.80, 0.948, 0.963, 1.027221, 0.786423,1,1,0, 1.000000, 0.740854, 1.274078, 0.640085, 53.09, 0.948, 33.51, 0.072, 0.00, 0.000, 0.00, 0.000
14186,151349, 53.57, 53.12, 0.945, 0.960, 0.949542, 0.551109,1,1,0, 0.999999, 0.635453, 0.688411, 0.457092, 53.57, 0.945, 0.00, 0.000, 0.00, 0.000, 0.00, 0.000
14187,151360, 55.29, 54.03, 0.990, 0.993, 0.992231, 0.651713,1,1,0, 1.000000, 0.609065, 1.260447, 0.603367, 55.29, 0.990, 33.14, 0.156, 0.00, 0.000, 0.00, 0.000
14188,151370, 55.55, 54.67, 0.997, 0.998, 1.067566, 0.826062,1,1,0, 1.000000, 0.808372, 1.257618, 0.710219, 55.55, 0.997, 0.00, 0.000, 0.00, 0.000, 0.00, 0.000
14189,151381, 55.81, 55.15, 0.996, 0.997, 0.974779, 0.578888,1,1,0, 0.917765, 0.493434, 0.682913, 0.397958, 55.81, 0.996, 0.00, 0.000, 0.00, 0.000, 0.00, 0.000
14190,151392, 55.55, 55.32, 0.997, 0.998, 1.042022, 0.809513,1,1,0, 1.000000, 0.768723, 1.283163, 0.650149, 55.55, 0.997, 0.00, 0.000, 0.00, 0.000, 0.00, 0.000
14191,151402, 55.29, 55.31, 0.998, 0.998, 0.962235, 0.567290,1,1,0, 0.999999, 0.655819, 0.659000, 0.458287, 55.29, 0.998, 0.00, 0.000, 0.00, 0.000, 0.00, 0.000
14192,151413, 55.29, 55.30, 0.981, 0.986, 1.013511, 0.681676,1,1,0, 1.000000, 0.632283, 1.276227, 0.613518, 55.29, 0.981, 0.00, 0.000, 0.00, 0.000, 0.00, 0.000
14193,151424, 56.33, 55.74, 0.957, 0.969, 1.085600, 0.737489,1,1,0, 1.000000, 0.815736, 1.259922, 0.733676, 56.33, 0.957, 0.00, 0.000, 0.00, 0.000, 0.00, 0.000
14194,151434, 58.25, 56.79, 0.992, 0.994, 1.000609, 0.516817,1,1,0, 0.999999, 0.598310, 0.719755, 0.466619, 58.25, 0.992, 0.00, 0.000, 0.00, 0.000, 0.00, 0.000
14195,151445, 58.53, 57.52, 0.996, 0.997, 1.045541, 0.647371,1,1,0, 1.000000, 0.754689, 1.268787, 0.628261, 58.53, 0.996, 0.00, 0.000, 0.00, 0.000, 0.00, 0.000
14196,151456, 58.53, 57.95, 0.997, 0.998, 1.060215, 0.746560,1,1,0, 1.000000, 0.707422, 1.251325, 0.621866, 58.53, 0.997, 0.00, 0.000, 0.00, 0.000, 0.00, 0.000
14197,151466, 58.82, 58.31, 0.995, 0.996, 1.010211, 0.523174,1,1,0, 1.000000, 0.616983, 1.228161, 0.559753, 58.82, 0.995, 0.00, 0.000, 0.00, 0.000, 0.00, 0.000
14198,151477, 58.53, 58.40, 0.995, 0.996, 1.062783, 0.655003,1,1,0, 1.000000, 0.802148, 1.250847, 0.676012, 58.53, 0.995, 0.00, 0.000, 0.00, 0.000, 0.00, 0.000
14199,151488, 58.25, 58.34, 0.994, 0.996, 0.986636, 0.459012,1,1,0, 0.999999, 0.692238, 0.713085, 0.501836, 58.25, 0.994, 0.00, 0.000, 0.00, 0.000, 0.00, 0.000
14200,151498, 58.25, 58.30, 0.994, 0.995, 1.011310, 0.458663,1,1,0, 1.000000, 0.654932, 1.208117, 0.613465, 58.25, 0.994, 0.00, 0.000, 0.00, 0.000, 0.00, 0.000
14201,151509, 58.53, 58.40, 0.995, 0.996, 1.084070, 0.777012,1,1,0, 1.000000, 0.819999, 1.263088, 0.743548, 58.53, 0.995, 0.00, 0.000, 0.00, 0.000, 0.00, 0.000
14202,151520, 30.07, 46.50, 0.989, 0.992, 1.015061, 0.544514,1,1,0, 1.000000, 0.742102, 0.794770, 0.579727, 30.07, 0.989, 59.11, 0.981, 0.00, 0.000, 0.00, 0.000
14203,151530, 60.30, 39.63, 0.968, 0.972, 1.038889, 0.527057,1,1,0, 1.000000, 0.777327, 1.231203, 0.653484, 60.30, 0.968, 30.15, 0.961, 0.00, 0.000, 0.00, 0.000
14204,151541, 61.53, 35.91, 0.998, 0.998, 1.089106, 0.715445,1,1,0, 1.000000, 0.786433, 1.256060, 0.736173, 61.53, 0.998, 30.76, 0.998, 0.00, 0.000, 0.00, 0.000
14205,151552, 30.84, 33.78, 0.997, 0.998, 1.022529, 0.501369,1,1,0, 1.000000, 0.747777, 0.895072, 0.599780, 30.84, 0.997, 61.53, 0.997, 0.00, 0.000, 0.00, 0.000
14206,151562, 30.92, 32.58, 0.996, 0.997, 1.035655, 0.559248,1,1,0, 1.000000, 0.785923, 1.246644, 0.641139, 30.92, 0.996, 61.85, 0.996, 0.00, 0.000, 0.00, 0.000
14207,151573, 30.92, 31.88, 0.998, 0.998, 1.039694, 0.441249,1,1,0, 0.999999, 0.745346, 1.145706, 0.704969, 30.92, 0.998, 61.85, 0.995, 0.00, 0.000, 0.00, 0.000
14208,151584, 30.84, 31.45, 0.997, 0.997, 0.980693, 0.309218,1,1,0, 1.000000, 0.734257, 0.900922, 0.606753, 30.84, 0.997, 61.53, 0.996, 0.00, 0.000, 0.00, 0.000
14209,151594, 61.53, 31.16, 0.997, 0.996, 0.975041, 0.339864,1,1,0, 1.000000, 0.801565, 1.103160, 0.635077, 61.53, 0.997, 30.76, 0.995, 0.00, 0.000, 0.00, 0.000
14210,151605, 61.53, 30.99, 0.997, 0.997, 0.962783, 0.316484,1,1,0, 0.999999, 0.713731, 1.043490, 0.669309, 61.53, 0.997, 30.76, 0.996, 0.00, 0.000, 0.00, 0.000
14211,151616, 31.16, 31.07, 0.992, 0.994, 0.946511, 0.223768,1,1,0, 1.000000, 0.817362, 1.063066, 0.698059, 31.16, 0.992, 61.85, 0.989, 0.00, 0.000, 0.00, 0.000
14212,151626, 31.83, 31.38, 0.975, 0.982, 0.961306, 0.354169,1,1,0, 1.000000, 0.789138, 1.088932, 0.669273, 31.83, 0.975, 63.82, 0.969, 0.00, 0.000, 0.00, 0.000
14213,151637, 32.60, 31.90, 0.998, 0.998, 0.985676, 0.446536,1,1,0, 1.000000, 0.788811, 1.093167, 0.728135, 32.60, 0.998, 65.21, 0.998, 0.00, 0.000, 0.00, 0.000
14214,151648, 65.57, 32.23, 0.999, 0.998, 0.935541, 0.312923,1,1,0, 1.000000, 0.787702, 0.816286, 0.608541, 65.57, 0.999, 32.69, 0.997, 0.00, 0.000, 0.00, 0.000
14215,151658, 65.21, 32.42, 0.998, 0.997, 0.934356, 0.303458,1,1,0, 1.000000, 0.704278, 1.055475, 0.669209, 65.21, 0.998, 32.69, 0.997, 0.00, 0.000, 0.00, 0.000
14216,151669, 65.21, 32.50, 0.998, 0.998, 0.972159, 0.459718,1,1,0, 1.000000, 0.833342, 1.090119, 0.715774, 65.21, 0.998, 32.60, 0.997, 0.00, 0.000, 0.00, 0.000
14217,151680, 65.21, 32.54, 0.999, 0.999, 0.917094, 0.322161,1,1,0, 1.000000, 0.729848, 0.769227, 0.566722, 65.21, 0.999, 32.60, 0.999, 0.00, 0.000, 0.00, 0.000
14218,151690, 65.21, 32.57, 0.999, 0.998, 0.948846, 0.373181,1,1,0, 1.000000, 0.711810, 1.099863, 0.698310, 65.21, 0.999, 32.60, 0.998, 0.00, 0.000, 0.00, 0.000
14219,151701, 65.21, 32.62, 0.999, 0.999, 0.983318, 0.528514,1,1,0, 1.000000, 0.864715, 1.132359, 0.696786, 65.21, 0.999, 32.69, 0.999, 0.00, 0.000, 0.00, 0.000
14220,151712, 66.29, 32.84, 0.985, 0.988, 0.991460, 0.563842,1,1,0, 1.000000, 0.699037, 1.131447, 0.664114, 66.29, 0.985, 33.14, 0.983, 0.00, 0.000, 0.00, 0.000
14221,151722, 33.61, 33.16, 0.994, 0.995, 0.961061, 0.395129,1,1,0, 1.000000, 0.826749, 1.096564, 0.688872, 33.61, 0.994, 67.41, 0.989, 0.00, 0.000, 0.00, 0.000
14222,151733, 68.96, 33.67, 0.998, 0.997, 0.980562, 0.472858,1,1,0, 1.000000, 0.705539, 1.145033, 0.660728, 68.96, 0.998, 34.38, 0.997, 0.00, 0.000, 0.00, 0.000
14223,151744, 68.96, 34.01, 0.999, 0.999, 1.011778, 0.569584,1,1,0, 1.000000, 0.850056, 1.159702, 0.720130, 68.96, 0.999, 34.48, 0.998, 0.00, 0.000, 0.00, 0.000
14224,151754, 68.96, 34.21, 0.999, 0.999, 0.950986, 0.399153,1,1,0, 0.999999, 0.666495, 0.936266, 0.577216, 68.96, 0.999, 34.48, 0.998, 0.00, 0.000, 0.00, 0.000
14225,151765, 68.96, 34.36, 0.999, 0.998, 0.985928, 0.466475,1,1,0, 1.000000, 0.808390, 1.173058, 0.728753, 68.96, 0.999, 34.58, 0.998, 0.00, 0.000, 0.00, 0.000
14226,151776, 68.96, 34.45, 0.999, 0.998, 1.001302, 0.511813,1,1,0, 1.000000, 0.729521, 1.173957, 0.636352, 68.96, 0.999, 34.58, 0.998, 0.00, 0.000, 0.00, 0.000
14227,151786, 68.96, 34.50, 0.999, 0.999, 1.028181, 0.528974,1,1,0, 1.000000, 0.809941, 1.161853, 0.722099, 68.96, 0.999, 34.58, 0.998, 0.00, 0.000, 0.00, 0.000
14228,151797, 68.96, 34.49, 0.999, 0.999, 0.962529, 0.370694,1,1,0, 1.000000, 0.697434, 0.877006, 0.558791, 68.96, 0.999, 34.48, 0.998, 0.00, 0.000, 0.00, 0.000
14229,151808, 68.96, 34.49, 0.999, 0.999, 0.987487, 0.399086,1,1,0, 1.000000, 0.774381, 1.152179, 0.732255, 68.96, 0.999, 34.48, 0.998, 0.00, 0.000, 0.00, 0.000
14230,151818, 68.96, 34.52, 0.999, 0.999, 0.994242, 0.386528,1,1,0, 1.000000, 0.778744, 1.129474, 0.641161, 68.96, 0.999, 34.58, 0.998, 0.00, 0.000, 0.00, 0.000
14231,151829, 69.36, 34.59, 0.995, 0.993, 1.044092, 0.707513,1,1,0, 1.000000, 0.790112, 1.209684, 0.737164, 69.36, 0.995, 34.68, 0.991, 0.00, 0.000, 0.00, 0.000
14232,151840, 70.17, 34.80, 0.989, 0.981, 0.978213, 0.495810,1,1,0, 1.000000, 0.729093, 0.942060, 0.594363, 70.17, 0.989, 35.08, 0.974, 0.00, 0.000, 0.00, 0.000
14233,151850, 35.92, 35.27, 0.993, 0.995, 1.008995, 0.432296,1,1,0, 1.000000, 0.833297, 1.182556, 0.767369, 35.92, 0.993, 71.85, 0.989, 0.00, 0.000, 0.00, 0.000
14234,151861, 73.17, 35.77, 0.998, 0.998, 1.014351, 0.468866,1,1,0, 1.000000, 0.715869, 1.177229, 0.645999, 73.17, 0.998, 36.47, 0.998, 0.00, 0.000, 0.00, 0.000
14235,151872, 73.17, 36.11, 0.999, 0.998, 1.030617, 0.492790,1,1,0, 1.000000, 0.845790, 1.167695, 0.719416, 73.17, 0.999, 36.58, 0.997, 0.00, 0.000, 0.00, 0.000
14236,151882, 73.17, 36.31, 0.999, 0.999, 1.035337, 0.458922,1,1,0, 1.000000, 0.697676, 1.142992, 0.669283, 73.17, 0.999, 36.58, 0.998, 0.00, 0.000, 0.00, 0.000
14237,151893, 73.17, 36.42, 0.999, 0.998, 0.979412, 0.321603,1,1,0, 1.000000, 0.787729, 1.016225, 0.650701, 73.17, 0.999, 36.58, 0.997, 0.00, 0.000, 0.00, 0.000
14238,151904, 73.17, 36.49, 0.999, 0.999, 0.992226, 0.372908,1,1,0, 1.000000, 0.757734, 1.137558, 0.724058, 73.17, 0.999, 36.58, 0.998, 0.00, 0.000, 0.00, 0.000
14239,151914, 73.17, 36.53, 0.999, 0.999, 0.994402, 0.443276,1,1,0, 1.000000, 0.770614, 1.139659, 0.634132, 73.17, 0.999, 36.58, 0.998, 0.00, 0.000, 0.00, 0.000
14240,151925, 73.17, 36.50, 0.999, 0.999, 1.020091, 0.526944,1,1,0, 1.000000, 0.776849, 1.149793, 0.727692, 73.17, 0.999, 36.47, 0.998, 0.00, 0.000, 0.00, 0.000
14241,151936, 72.72, 36.49, 0.998, 0.998, 0.957218, 0.369272,1,1,0, 1.000000, 0.708523, 0.929916, 0.578853, 72.72, 0.998, 36.47, 0.997, 0.00, 0.000, 0.00, 0.000
14242,151946, 73.17, 36.48, 0.997, 0.997, 0.989606, 0.406890,1,1,0, 1.000000, 0.818665, 1.156478, 0.756390, 73.17, 0.997, 36.47, 0.995, 0.00, 0.000, 0.00, 0.000
14243,151957, 74.07, 36.66, 0.993, 0.994, 1.017009, 0.506384,1,1,0, 1.000000, 0.761726, 1.185296, 0.711134, 74.07, 0.993, 36.92, 0.992, 0.00, 0.000, 0.00, 0.000
14244,151968, 75.47, 37.11, 0.985, 0.987, 1.019685, 0.426368,1,1,0, 1.000000, 0.785391, 1.156390, 0.655792, 75.47, 0.985, 37.73, 0.982, 0.00, 0.000, 0.00, 0.000
14245,151978, 76.43, 37.63, 0.994, 0.995, 1.022761, 0.410496,1,1,0, 1.000000, 0.782720, 1.130047, 0.733064, 76.43, 0.994, 38.33, 0.993, 0.00, 0.000, 0.00, 0.000
14246,151989, 77.41, 38.08, 0.999, 0.998, 0.998628, 0.412519,1,1,0, 1.000000, 0.705247, 1.109954, 0.641238, 77.41, 0.999, 38.70, 0.998, 0.00, 0.000, 0.00, 0.000
14247,152000, 77.41, 38.34, 0.999, 0.999, 0.962148, 0.289085,1,1,0, 1.000000, 0.789169, 1.102591, 0.673002, 77.41, 0.999, 38.70, 0.998, 0.00, 0.000, 0.00, 0.000
14248,152010, 77.41, 38.49, 0.999, 0.999, 0.972080, 0.361557,1,1,0, 1.000000, 0.769917, 1.113769, 0.732382, 77.41, 0.999, 38.70, 0.999, 0.00, 0.000, 0.00, 0.000
14249,152021, 77.41, 38.58, 0.999, 0.999, 0.973000, 0.371954,1,1,0, 1.000000, 0.726282, 1.104156, 0.651400, 77.41, 0.999, 38.70, 0.999, 0.00, 0.000, 0.00, 0.000
14250,152032, 77.41, 38.63, 0.999, 0.998, 0.984888, 0.435302,1,1,0, 1.000000, 0.804343, 1.114943, 0.680734, 77.41, 0.999, 38.70, 0.998, 0.00, 0.000, 0.00, 0.000
14251,152042, 77.41, 38.66, 0.999, 0.999, 0.999130, 0.430854,1,1,0, 1.000000, 0.741335, 1.105717, 0.714528, 77.41, 0.999, 38.70, 0.998, 0.00, 0.000, 0.00, 0.000
14252,152053, 77.41, 38.68, 0.999, 0.998, 0.943178, 0.301934,1,1,0, 1.000000, 0.708796, 0.959505, 0.607796, 77.41, 0.999, 38.70, 0.998, 0.00, 0.000, 0.00, 0.000
14253,152064, 77.92, 38.74, 0.996, 0.995, 0.963705, 0.408535,1,1,0, 1.000000, 0.798562, 1.137557, 0.710142, 77.92, 0.996, 38.83, 0.994, 0.00, 0.000, 0.00, 0.000
14254,152074, 78.94, 38.99, 0.989, 0.987, 1.002011, 0.515005,1,1,0, 1.000000, 0.771339, 1.184157, 0.735923, 78.94, 0.989, 39.34, 0.982, 0.00, 0.000, 0.00, 0.000
14255,152085, 80.53, 39.53, 0.986, 0.989, 1.019804, 0.458347,1,1,0, 1.000000, 0.774083, 1.174329, 0.719632, 80.53, 0.986, 40.26, 0.985, 0.00, 0.000, 0.00, 0.000
14256,152096, 81.63, 40.12, 0.996, 0.996, 1.012576, 0.398708,1,1,0, 1.000000, 0.745487, 1.145196, 0.658406, 81.63, 0.996, 40.95, 0.995, 0.00, 0.000, 0.00, 0.000
14257,152106, 82.19, 40.53, 0.999, 0.999, 1.009577, 0.419243,1,1,0, 1.000000, 0.782346, 1.135537, 0.682031, 82.19, 0.999, 41.09, 0.999, 0.00, 0.000, 0.00, 0.000
14258,152117, 82.19, 40.77, 0.999, 0.999, 1.011542, 0.440714,1,1,0, 1.000000, 0.734848, 1.124999, 0.697062, 82.19, 0.999, 41.09, 0.998, 0.00, 0.000, 0.00, 0.000
14259,152128, 82.19, 40.90, 0.999, 0.998, 1.008383, 0.485114,1,1,0, 1.000000, 0.677886, 1.121682, 0.640411, 82.19, 0.999, 41.09, 0.997, 0.00, 0.000, 0.00, 0.000
14260,152138, 82.19, 40.98, 0.999, 0.998, 0.949902, 0.339958,1,1,0, 1.000000, 0.688051, 0.942690, 0.590384, 82.19, 0.999, 41.09, 0.997, 0.00, 0.000, 0.00, 0.000
14261,152149, 82.19, 41.03, 0.999, 0.999, 0.960296, 0.383500,1,1,0, 1.000000, 0.766917, 1.126457, 0.693126, 82.19, 0.999, 41.09, 0.998, 0.00, 0.000, 0.00, 0.000
14262,152160, 82.19, 41.00, 0.999, 0.999, 0.965875, 0.389939,1,1,0, 1.000000, 0.720277, 1.117742, 0.686609, 82.19, 0.999, 40.95, 0.998, 0.00, 0.000, 0.00, 0.000
14263,152170, 82.19, 41.04, 0.999, 0.999, 0.975131, 0.431373,1,1,0, 1.000000, 0.729577, 1.123787, 0.676784, 82.19, 0.999, 41.09, 0.998, 0.00, 0.000, 0.00, 0.000
14264,152181, 82.75, 41.12, 0.997, 0.997, 0.998103, 0.540658,1,1,0, 1.000000, 0.744349, 1.162572, 0.672120, 82.75, 0.997, 41.23, 0.996, 0.00, 0.000, 0.00, 0.000
14265,152192, 83.33, 41.35, 0.988, 0.984, 1.015907, 0.539365,1,1,0, 1.000000, 0.743441, 1.174068, 0.662867, 83.33, 0.988, 41.66, 0.979, 0.00, 0.000, 0.00, 0.000
14266,152202, 85.10, 41.79, 0.983, 0.978, 1.021617, 0.462224,1,1,0, 1.000000, 0.754651, 1.155546, 0.680862, 85.10, 0.983, 42.40, 0.970, 0.00, 0.000, 0.00, 0.000
14267,152213, 86.33, 42.36, 0.992, 0.992, 1.029296, 0.483153,1,1,0, 1.000000, 0.749043, 1.157074, 0.696366, 86.33, 0.992, 43.16, 0.989, 0.00, 0.000, 0.00, 0.000
14268,152224, 86.95, 42.90, 0.999, 0.998, 1.026883, 0.465834,1,1,0, 1.000000, 0.700836, 1.144010, 0.668700, 86.95, 0.999, 43.63, 0.998, 0.00, 0.000, 0.00, 0.000
14269,152234, 86.95, 43.21, 0.998, 0.999, 1.021438, 0.480110,1,1,0, 1.000000, 0.685485, 1.136106, 0.646178, 86.95, 0.998, 43.63, 0.998, 0.00, 0.000, 0.00, 0.000
14270,152245, 43.63, 43.38, 0.999, 0.999, 1.015736, 0.492729,1,1,0, 1.000000, 0.685107, 1.129854, 0.629251, 43.63, 0.999, 86.95, 0.999, 0.00, 0.000, 0.00, 0.000
14271,152256, 86.95, 43.49, 0.998, 0.999, 0.960579, 0.345294,1,1,0, 1.000000, 0.685577, 1.029466, 0.607164, 86.95, 0.998, 43.63, 0.998, 0.00, 0.000, 0.00, 0.000
14272,152266, 86.95, 43.55, 0.998, 0.998, 0.964106, 0.384795,1,1,0, 1.000000, 0.724594, 1.140032, 0.650697, 86.95, 0.998, 43.63, 0.997, 0.00, 0.000, 0.00, 0.000
14273,152277, 86.95, 43.52, 0.999, 0.998, 0.971923, 0.374288,1,1,0, 1.000000, 0.731039, 1.132771, 0.679206, 86.95, 0.999, 43.47, 0.998, 0.00, 0.000, 0.00, 0.000
14274,152288, 86.95, 43.50, 0.999, 0.998, 0.972553, 0.373588,1,1,0, 1.000000, 0.701076, 1.125228, 0.662297, 86.95, 0.999, 43.47, 0.998, 0.00, 0.000, 0.00, 0.000
14275,152298, 86.95, 43.49, 0.998, 0.998, 0.982118, 0.446261,1,1,0, 1.000000, 0.690306, 1.149616, 0.652967, 86.95, 0.998, 43.47, 0.997, 0.00, 0.000, 0.00, 0.000
14276,152309, 87.59, 43.62, 0.995, 0.995, 0.988582, 0.413826,1,1,0, 1.000000, 0.720844, 1.141657, 0.672233, 87.59, 0.995, 43.79, 0.993, 0.00, 0.000, 0.00, 0.000
14277,152320, 88.88, 43.96, 0.986, 0.984, 0.987215, 0.383306,1,1,0, 1.000000, 0.709831, 1.130048, 0.659133, 88.88, 0.986, 44.44, 0.978, 0.00, 0.000, 0.00, 0.000
14278,152330, 30.22, 44.59, 0.990, 0.985, 0.992976, 0.441326,1,1,0, 1.000000, 0.716983, 1.149815, 0.666898, 30.22, 0.990, 90.90, 0.987, 45.45, 0.980, 0.00, 0.000
14279,152341, 30.61, 45.17, 0.997, 0.997, 0.991494, 0.353693,1,1,0, 1.000000, 0.711711, 1.124989, 0.660811, 30.61, 0.997, 91.60, 0.996, 45.97, 0.996, 0.00, 0.000
14280,152352, 92.30, 45.58, 0.998, 0.998, 0.988920, 0.392382,1,1,0, 1.000000, 0.708153, 1.132120, 0.657107, 92.30, 0.998, 46.15, 0.997, 30.76, 0.995, 0.00, 0.000
14281,152362, 92.30, 45.82, 0.998, 0.998, 0.988673, 0.398206,1,1,0, 1.000000, 0.711999, 1.130867, 0.662580, 92.30, 0.998, 46.15, 0.997, 30.76, 0.996, 0.00, 0.000
14282,152373, 92.30, 45.96, 0.998, 0.998, 0.981192, 0.329958,1,1,0, 1.000000, 0.699983, 1.105379, 0.649078, 92.30, 0.998, 46.15, 0.997, 30.84, 0.997, 0.00, 0.000
14283,152384, 92.30, 46.04, 0.999, 0.998, 0.976442, 0.319226,1,1,0, 1.000000, 0.706773, 1.096050, 0.655850, 92.30, 0.999, 46.15, 0.998, 30.84, 0.997, 0.00, 0.000
14284,152394, 92.30, 46.08, 0.998, 0.998, 0.972295, 0.366684,1,1,0, 1.000000, 0.703208, 1.101594, 0.651084, 92.30, 0.998, 46.15, 0.998, 30.76, 0.997, 0.00, 0.000
14285,152405, 92.30, 46.11, 0.998, 0.998, 0.968609, 0.383934,1,1,0, 1.000000, 0.702774, 1.101822, 0.650232, 92.30, 0.998, 46.15, 0.998, 30.76, 0.996, 0.00, 0.000
14286,152416, 92.30, 46.20, 0.997, 0.997, 0.963965, 0.368143,1,1,0, 1.000000, 0.703471, 1.091711, 0.656270, 92.30, 0.997, 30.84, 0.997, 46.33, 0.996, 0.00, 0.000
14287,152426, 31.25, 46.48, 0.996, 0.993, 0.938093, 0.257987,1,1,0, 1.000000, 0.679374, 1.026079, 0.633660, 31.25, 0.996, 93.75, 0.993, 46.87, 0.990, 0.00, 0.000
14288,152437, 31.74, 46.96, 0.996, 0.988, 0.932507, 0.355344,1,1,0, 1.000000, 0.690117, 1.057736, 0.645920, 31.74, 0.996, 95.23, 0.989, 47.61, 0.983, 0.00, 0.000
14289,152448, 32.25, 47.56, 0.996, 0.995, 0.918697, 0.294138,1,1,0, 1.000000, 0.683213, 1.033356, 0.637191, 32.25, 0.996, 96.77, 0.995, 48.38, 0.994, 0.00, 0.000
14290,152458, 97.56, 48.07, 0.998, 0.998, 0.920040, 0.362608,1,1,0, 1.000000, 0.688410, 1.055294, 0.639674, 97.56, 0.998, 48.78, 0.997, 32.52, 0.997, 0.00, 0.000
14291,152469, 48.97, 48.45, 0.997, 0.998, 0.913123, 0.254108,1,1,0, 1.000000, 0.697282, 1.002791, 0.643543, 48.97, 0.997, 97.56, 0.997, 32.60, 0.996, 0.00, 0.000
14292,152480, 98.36, 48.67, 0.998, 0.998, 0.909165, 0.198761,1,1,0, 1.000000, 0.699003, 1.003429, 0.642118, 98.36, 0.998, 32.69, 0.997, 48.97, 0.997, 0.00, 0.000
14293,152490, 98.36, 48.80, 0.998, 0.998, 0.892944, 0.254622,1,1,0, 1.000000, 0.676814, 1.004599, 0.624110, 98.36, 0.998, 48.97, 0.997, 32.69, 0.994, 0.00, 0.000
14294,152501, 98.36, 48.87, 0.998, 0.998, 0.886285, 0.314773,1,1,0, 1.000000, 0.656994, 1.020435, 0.609300, 98.36, 0.998, 48.97, 0.997, 32.69, 0.997, 0.00, 0.000
14295,152512, 98.36, 48.92, 0.998, 0.998, 0.885018, 0.328247,1,1,0, 1.000000, 0.658217, 1.027169, 0.614665, 98.36, 0.998, 48.97, 0.997, 32.60, 0.995, 0.00, 0.000
14296,152522, 98.36, 48.94, 0.998, 0.998, 0.890308, 0.343134,1,1,0, 1.000000, 0.664161, 1.040156, 0.628330, 98.36, 0.998, 48.97, 0.997, 32.69, 0.997, 0.00, 0.000
14297,152533, 98.36, 49.04, 0.994, 0.994, 0.897438, 0.345026,1,1,0, 1.000000, 0.682012, 1.047670, 0.654182, 98.36, 0.994, 49.18, 0.992, 32.78, 0.984, 0.00, 0.000
14298,152544, 100.00, 49.35, 0.987, 0.980, 0.900347, 0.241787,1,1,0, 1.000000, 0.699239, 0.992823, 0.660935, 100.00, 0.987, 33.24, 0.980, 49.79, 0.973, 0.00, 0.000
14299,152554, 101.69, 49.98, 0.987, 0.982, 0.888788, 0.256888,1,1,0, 1.000000, 0.703842, 0.955018, 0.647768, 101.69, 0.987, 33.89, 0.976, 50.84, 0.975, 0.00, 0.000
14300,152565, 103.44, 50.71, 0.996, 0.995, 0.876335, 0.309605,1,1,0, 1.000000, 0.640589, 0.965542, 0.595310, 103.44, 0.996, 51.72, 0.993, 34.38, 0.992, 0.00, 0.000
14301,152576, 103.44, 51.23, 0.998, 0.997, 0.875852, 0.341341,1,1,0, 1.000000, 0.618965, 0.982625, 0.587732, 103.44, 0.998, 51.94, 0.997, 34.58, 0.995, 0.00, 0.000
14302,152586, 104.34, 51.53, 0.998, 0.997, 0.878752, 0.351812,1,1,0, 1.000000, 0.630147, 0.997122, 0.600178, 104.34, 0.998, 51.94, 0.997, 34.58, 0.995, 0.00, 0.000
14303,152597, 103.44, 51.70, 0.997, 0.997, 0.904443, 0.369494,1,1,0, 1.000000, 0.679547, 1.016771, 0.637828, 103.44, 0.997, 51.94, 0.996, 34.58, 0.993, 0.00, 0.000
14304,152608, 104.34, 51.80, 0.998, 0.997, 0.910423, 0.361008,1,1,0, 1.000000, 0.689175, 1.033781, 0.633869, 104.34, 0.998, 51.94, 0.996, 34.58, 0.994, 0.00, 0.000
14305,152618, 103.44, 51.86, 0.998, 0.997, 0.910766, 0.335494,1,1,0, 1.000000, 0.642382, 1.035802, 0.592743, 103.44, 0.998, 51.94, 0.997, 34.58, 0.994, 0.00, 0.000
14306,152629, 104.34, 51.90, 0.998, 0.998, 0.912500, 0.329024,1,1,0, 1.000000, 0.641724, 1.048145, 0.610228, 104.34, 0.998, 51.94, 0.997, 34.68, 0.996, 0.00, 0.000
14307,152640, 104.34, 51.92, 0.998, 0.998, 0.954674, 0.421878,1,1,0, 1.000000, 0.693693, 1.056076, 0.664722, 104.34, 0.998, 51.94, 0.998, 34.68, 0.996, 0.00, 0.000
14308,152650, 104.34, 52.02, 0.996, 0.997, 0.960060, 0.404538,1,1,0, 1.000000, 0.721830, 1.060833, 0.671141, 104.34, 0.996, 52.17, 0.996, 34.78, 0.994, 0.00, 0.000
14309,152661, 106.19, 52.37, 0.992, 0.988, 0.938227, 0.335999,1,1,0, 1.000000, 0.659401, 1.040657, 0.611612, 106.19, 0.992, 35.19, 0.991, 52.86, 0.983, 0.00, 0.000
14310,152672, 108.10, 52.98, 0.992, 0.989, 0.925593, 0.252342,1,1,0, 1.000000, 0.674146, 1.016969, 0.652265, 108.10, 0.992, 53.81, 0.985, 35.92, 0.980, 0.00, 0.000
14311,152682, 109.09, 53.63, 0.996, 0.994, 0.914903, 0.209350,1,1,0, 1.000000, 0.734447, 0.995830, 0.683905, 109.09, 0.996, 36.36, 0.993, 54.54, 0.992, 0.00, 0.000
14312,152693, 36.58, 54.22, 0.998, 0.998, 0.902730, 0.259126,1,1,0, 1.000000, 0.664659, 1.009103, 0.613026, 36.58, 0.998, 110.09, 0.998, 55.04, 0.997, 0.00, 0.000
14313,152704, 110.09, 54.46, 0.998, 0.998, 0.903424, 0.238407,1,1,0, 1.000000, 0.679464, 1.009439, 0.661972, 110.09, 0.998, 36.58, 0.998, 54.79, 0.998, 0.00, 0.000
14314,152714, 109.09, 54.60, 0.998, 0.998, 0.906877, 0.218144,1,1,0, 1.000000, 0.709927, 0.976012, 0.661506, 109.09, 0.998, 54.79, 0.998, 36.47, 0.997, 0.00, 0.000
14315,152725, 110.09, 54.68, 0.998, 0.998, 0.873833, 0.152871,1,1,0, 0.923310, 0.638794, 0.927671, 0.595162, 110.09, 0.998, 54.79, 0.997, 36.47, 0.996, 0.00, 0.000
14316,152736, 110.09, 54.73, 0.997, 0.997, 0.830698, 0.107129,1,1,0, 0.832954, 0.594954, 0.830519, 0.581208, 110.09, 0.997, 36.58, 0.997, 54.79, 0.996, 0.00, 0.000
14317,152746, 110.09, 54.86, 0.994, 0.993, 0.780924, 0.075073,1,1,0, 0.751427, 0.502843, 0.723779, 0.473431, 110.09, 0.994, 55.04, 0.991, 36.58, 0.988, 0.00, 0.000
14318,152757, 110.09, 55.04, 0.987, 0.979, 0.712338, 0.052610,1,1,0, 0.450613, 0.270891, 0.479248, 0.267347, 110.09, 0.987, 55.29, 0.971, 36.80, 0.969, 0.00, 0.000
14319,152768, 111.11, 55.36, 0.979, 0.964, 0.639450, 0.036868,1,1,0, 0.235437, 0.149780, 0.245585, 0.144995, 111.11, 0.979, 37.50, 0.973, 55.81, 0.950, 0.00, 0.000
14320,152778, 56.33, 55.77, 0.979, 0.984, 0.566018, 0.025836,1,1,0, 0.119453, 0.063013, 0.112183, 0.059975, 56.33, 0.979, 112.14, 0.976, 37.26, 0.963, 0.00, 0.000
14321,152789, 113.20, 55.79, 0.927, 0.868, 0.497682, 0.018105,1,1,0, 0.051865, 0.027392, 0.046368, 0.022866, 113.20, 0.927, 55.81, 0.817, 32.25, 0.516, 31.66, 0.513
14322,152800, 109.09, 78.17, 0.800, 0.751, 0.438376, 0.012688,1,1,0, 0.076156, 0.031244, 0.061023, 0.028719, 109.09, 0.800, 33.14, 0.737, 46.69, 0.524, 0.00, 0.000
14323,152810, 35.08, 60.07, 0.750, 0.704, 0.386082, 0.008891,1,1,0, 0.057200, 0.025562, 0.044445, 0.022105, 35.08, 0.750, 47.24, 0.577, 77.41, 0.345, 148.14, 0.172
14324,152821, 33.05, 48.73, 0.604, 0.601, 0.339535, 0.006231,1,1,0, 0.035244, 0.016685, 0.030781, 0.015594, 33.05, 0.604, 36.69, 0.450, 67.41, 0.431, 114.28, 0.392
14325,152832, 30.07, 40.89, 0.687, 0.645, 0.299445, 0.004366,1,1,0, 0.040819, 0.023244, 0.034720, 0.020989, 30.07, 0.687, 40.40, 0.439, 78.43, 0.360, 47.24, 0.255
14326,152842, 37.73, 39.56, 0.618, 0.618, 0.265092, 0.003060,1,1,0, 0.056892, 0.033333, 0.058097, 0.027952, 37.73, 0.618, 31.57, 0.440, 54.79, 0.239, 155.84, 0.198
14327,152853, 36.80, 38.40, 0.693, 0.692, 0.234443, 0.002144,1,1,0, 0.064605, 0.027871, 0.041484, 0.022515, 36.80, 0.693, 41.52, 0.346, 112.14, 0.213, 153.84, 0.179
14328,152864, 37.03, 37.83, 0.804, 0.805, 0.206936, 0.001502,1,1,0, 0.043660, 0.020620, 0.038288, 0.017735, 37.03, 0.804, 41.81, 0.240, 30.37, 0.202, 153.84, 0.146
14329,152874, 37.38, 37.64, 0.692, 0.720, 0.183232, 0.001053,1,1,0, 0.052413, 0.026845, 0.054210, 0.022475, 37.38, 0.692, 48.38, 0.503, 157.89, 0.068, 0.00, 0.000
14330,152885, 48.00, 37.48, 0.562, 0.576, 0.162765, 0.000737,1,1,0, 0.042546, 0.026286, 0.051121, 0.023494, 48.00, 0.562, 37.26, 0.541, 32.69, 0.176, 160.00, 0.163
14331,152896, 36.80, 37.20, 0.871, 0.884, 0.144485, 0.000517,1,1,0, 0.042702, 0.024529, 0.039644, 0.018967, 36.80, 0.871, 47.43, 0.343, 155.84, 0.273, 73.17, 0.227
14332,152906, 37.15, 37.18, 0.589, 0.636, 0.128289, 0.000362,1,1,0, 0.036358, 0.019728, 0.035099, 0.018190, 37.15, 0.589, 41.81, 0.408, 160.00, 0.133, 30.15, 0.085
14333,152917, 37.61, 37.36, 0.864, 0.871, 0.115079, 0.000253,1,1,0, 0.053549, 0.029076, 0.051894, 0.025994, 37.61, 0.864, 56.07, 0.298, 30.07, 0.274, 115.38, 0.085
14334,152928, 37.73, 37.52, 0.858, 0.891, 0.103916, 0.000177,1,1,0, 0.057248, 0.034893, 0.061546, 0.030736, 37.73, 0.858, 117.64, 0.155, 57.41, 0.082, 0.00, 0.000
14335,152938, 37.03, 37.31, 0.765, 0.795, 0.092642, 0.000124,1,1,0, 0.045640, 0.016740, 0.036346, 0.015821, 37.03, 0.765, 41.09, 0.369, 144.57, 0.130, 56.33, 0.125
14336,152949, 37.38, 37.34, 0.846, 0.871, 0.082833, 0.000087,1,1,0, 0.046944, 0.021406, 0.037489, 0.018313, 37.38, 0.846, 49.38, 0.346, 148.14, 0.151, 71.85, 0.017
14337,152960, 37.61, 37.45, 0.806, 0.835, 0.074670, 0.000061,1,1,0, 0.043173, 0.024440, 0.046512, 0.021090, 37.61, 0.806, 48.58, 0.282, 160.00, 0.029, 0.00, 0.000
14338,152970, 36.80, 37.18, 0.755, 0.795, 0.067685, 0.000042,1,1,0, 0.069500, 0.026404, 0.057172, 0.024341, 36.80, 0.755, 48.00, 0.515, 157.89, 0.221, 71.85, 0.204
14339,152981, 36.47, 36.88, 0.797, 0.837, 0.060786, 0.000030,1,1,0, 0.035900, 0.020318, 0.024347, 0.014226, 36.47, 0.797, 43.01, 0.307, 71.85, 0.291, 48.00, 0.282
14340,152992, 37.03, 36.95, 0.831, 0.864, 0.055206, 0.000021,1,1,0, 0.045288, 0.022665, 0.047762, 0.020783, 37.03, 0.831, 41.23, 0.357, 55.04, 0.214, 49.38, 0.176
14341,153002, 37.50, 37.18, 0.748, 0.777, 0.051353, 0.012581,1,1,0, 0.054877, 0.024401, 0.059543, 0.023047, 37.50, 0.748, 50.20, 0.409, 55.04, 0.364, 151.89, 0.239
14342,153013, 37.15, 37.16, 0.842, 0.864, 0.047520, 0.008816,1,1,0, 0.049470, 0.029013, 0.040653, 0.024192, 37.15, 0.842, 55.81, 0.059, 48.38, 0.053, 148.14, 0.044
14343,153024, 36.92, 37.06, 0.885, 0.917, 0.043523, 0.006178,1,1,0, 0.046345, 0.020604, 0.042611, 0.019348, 36.92, 0.885, 42.10, 0.315, 150.00, 0.179, 48.19, 0.165
14344,153034, 37.03, 37.05, 0.901, 0.929, 0.039735, 0.004329,1,1,0, 0.027826, 0.016383, 0.030478, 0.015592, 37.03, 0.901, 48.97, 0.309, 148.14, 0.132, 112.14, 0.098
14345,153045, 37.26, 37.14, 0.825, 0.873, 0.040492, 0.014917,1,1,0, 0.058666, 0.030260, 0.044846, 0.025832, 37.26, 0.825, 48.19, 0.201, 75.47, 0.173, 53.57, 0.080
14346,153056, 37.03, 37.09, 0.837, 0.883, 0.037247, 0.010454,1,1,0, 0.047210, 0.019955, 0.038623, 0.018677, 37.03, 0.837, 48.78, 0.433, 73.61, 0.259, 155.84, 0.155
14347,153066, 36.92, 37.02, 0.682, 0.739, 0.034003, 0.007325,1,1,0, 0.032963, 0.018850, 0.023714, 0.012660, 36.92, 0.682, 32.87, 0.227, 73.17, 0.222, 41.81, 0.151
14348,153077, 37.38, 37.17, 0.888, 0.906, 0.038482, 0.028620,1,1,0, 0.051517, 0.028088, 0.048134, 0.025722, 37.38, 0.888, 109.09, 0.132, 48.38, 0.049, 56.07, 0.024
14349,153088, 37.15, 37.16, 0.838, 0.883, 0.036609, 0.020056,1,1,0, 0.040541, 0.023113, 0.039646, 0.022916, 37.15, 0.838, 48.38, 0.243, 151.89, 0.201, 111.11, 0.155
14350,153098, 37.50, 37.30, 0.745, 0.780, 0.033586, 0.014055,1,1,0, 0.033776, 0.018241, 0.026409, 0.014817, 37.50, 0.745, 55.55, 0.106, 153.84, 0.071, 32.60, 0.052
14351,153109, 37.26, 37.28, 0.883, 0.911, 0.031809, 0.009849,1,1,0, 0.044854, 0.023897, 0.033434, 0.020861, 37.26, 0.883, 153.84, 0.199, 50.20, 0.156, 71.85, 0.085
14352,153120, 37.26, 37.28, 0.753, 0.800, 0.029397, 0.006902,1,1,0, 0.032602, 0.015722, 0.030859, 0.014834, 37.26, 0.753, 49.38, 0.254, 30.53, 0.252, 54.29, 0.221
14353,153130, 36.69, 37.03, 0.788, 0.818, 0.036390, 0.045526,1,1,0, 0.058503, 0.026417, 0.048711, 0.021788, 36.69, 0.788, 46.69, 0.503, 73.17, 0.133, 155.84, 0.099
14354,153141, 36.69, 36.89, 0.854, 0.887, 0.037269, 0.033729,1,1,0, 0.053891, 0.024031, 0.046208, 0.020500, 36.69, 0.854, 47.24, 0.360, 42.55, 0.236, 33.14, 0.180
14355,153152, 37.15, 37.00, 0.767, 0.809, 0.034900, 0.023636,1,1,0, 0.055762, 0.026371, 0.030846, 0.019976, 37.15, 0.767, 30.53, 0.438, 55.04, 0.150, 112.14, 0.063
14356,153162, 37.03, 37.01, 0.802, 0.829, 0.037872, 0.032381,1,1,0, 0.058167, 0.031923, 0.045994, 0.025712, 37.03, 0.802, 30.69, 0.461, 32.60, 0.460, 30.45, 0.457
14357,153173, 37.15, 37.07, 0.804, 0.859, 0.038446, 0.029072,1,1,0, 0.068478, 0.027392, 0.045039, 0.020372, 37.15, 0.804, 74.07, 0.487, 101.69, 0.029, 98.36, 0.027
14358,153184, 36.80, 36.96, 0.833, 0.880, 0.039557, 0.021262,1,1,0, 0.066084, 0.032507, 0.046770, 0.028408, 36.80, 0.833, 74.07, 0.536, 104.34, 0.054, 101.69, 0.053
14359,153194, 74.53, 36.96, 0.508, 0.792, 0.035589, 0.014900,1,1,0, 0.017265, 0.007728, 0.021497, 0.009360, 74.53, 0.508, 37.15, 0.350, 101.69, 0.176, 104.34, 0.170
14360,153205, 37.26, 37.09, 0.890, 0.920, 0.033097, 0.010441,1,1,0, 0.040013, 0.020013, 0.033120, 0.017707, 37.26, 0.890, 74.53, 0.295, 54.79, 0.165, 54.05, 0.162
14361,153216, 37.61, 37.31, 0.935, 0.953, 0.032794, 0.015606,1,1,0, 0.036455, 0.018298, 0.039395, 0.017232, 37.61, 0.935, 74.53, 0.427, 130.43, 0.349, 55.81, 0.160
14362,153226, 36.80, 37.10, 0.736, 0.805, 0.030151, 0.010936,1,1,0, 0.040577, 0.016311, 0.031998, 0.014228, 36.80, 0.736, 73.17, 0.399, 118.81, 0.207, 123.71, 0.205
14363,153237, 36.69, 36.93, 0.952, 0.966, 0.032265, 0.028324,1,1,0, 0.037393, 0.019864, 0.039061, 0.018623, 36.69, 0.952, 73.17, 0.452, 110.09, 0.295, 54.79, 0.161
14364,153248, 36.69, 36.83, 0.914, 0.938, 0.029484, 0.019849,1,1,0, 0.027389, 0.012574, 0.023395, 0.011594, 36.69, 0.914, 72.72, 0.458, 53.81, 0.298, 113.20, 0.256
14365,153258, 37.26, 37.01, 0.966, 0.976, 0.027496, 0.013910,1,1,0, 0.028451, 0.015839, 0.025176, 0.015280, 37.26, 0.966, 75.00, 0.360, 55.04, 0.285, 104.34, 0.118
14366,153269, 37.26, 37.12, 0.967, 0.976, 0.028073, 0.016591,1,1,0, 0.033821, 0.017089, 0.034199, 0.016227, 37.26, 0.967, 74.07, 0.483, 53.33, 0.264, 125.00, 0.241
14367,153280, 37.03, 37.08, 0.882, 0.915, 0.025690, 0.011626,1,1,0, 0.032630, 0.012692, 0.025940, 0.011173, 37.03, 0.882, 74.07, 0.413, 113.20, 0.169, 50.42, 0.107
14368,153290, 37.03, 37.06, 0.940, 0.956, 0.032431, 0.044390,1,1,0, 0.043462, 0.020666, 0.042921, 0.019460, 37.03, 0.940, 74.53, 0.423, 111.11, 0.258, 50.00, 0.066
14369,153301, 37.03, 37.05, 0.949, 0.963, 0.029423, 0.031107,1,1,0, 0.026854, 0.011811, 0.027475, 0.010409, 37.03, 0.949, 74.07, 0.367, 117.64, 0.176, 54.05, 0.164
14370,153312, 37.03, 37.04, 0.874, 0.909, 0.027710, 0.021799,1,1,0, 0.044923, 0.023409, 0.027689, 0.017797, 37.03, 0.874, 74.07, 0.407, 53.33, 0.323, 104.34, 0.181
14371,153322, 36.69, 36.89, 0.910, 0.935, 0.028116, 0.016715,1,1,0, 0.047193, 0.019756, 0.034086, 0.015370, 36.69, 0.910, 73.17, 0.460, 52.40, 0.335, 113.20, 0.287
14372,153333, 37.15, 37.00, 0.556, 0.638, 0.028896, 0.014272,1,1,0, 0.048599, 0.024868, 0.032734, 0.018335, 37.15, 0.556, 75.00, 0.341, 32.25, 0.184, 114.28, 0.101
14373,153344, 37.38, 37.16, 0.660, 0.715, 0.032486, 0.041449,1,1,0, 0.056336, 0.036781, 0.043223, 0.017438, 37.38, 0.660, 75.47, 0.323, 115.38, 0.270, 56.87, 0.014
14374,153354, 37.03, 37.11, 0.651, 0.681, 0.032084, 0.029047,1,1,0, 0.021711, 0.011572, 0.043065, 0.017031, 37.03, 0.651, 30.07, 0.354, 153.84, 0.217, 74.53, 0.046
14375,153365, 36.69, 36.93, 0.498, 0.543, 0.029168, 0.020355,1,1,0, 0.030291, 0.010991, 0.026169, 0.010414, 36.69, 0.498, 30.37, 0.227, 226.41, 0.174, 111.11, 0.171
14376,153376, 37.15, 37.02, 0.969, 0.971, 0.035960, 0.038380,1,1,0, 0.038523, 0.025861, 0.047129, 0.022946, 37.15, 0.969, 74.53, 0.143, 54.54, 0.060, 116.50, 0.022
14377,153386, 37.03, 37.03, 0.965, 0.975, 0.033035, 0.026896,1,1,0, 0.035599, 0.024392, 0.021546, 0.013947, 37.03, 0.965, 32.60, 0.457, 123.71, 0.144, 45.28, 0.125
14378,153397, 36.69, 36.89, 0.929, 0.949, 0.030933, 0.018848,1,1,0, 0.041923, 0.022309, 0.027266, 0.017789, 36.69, 0.929, 53.57, 0.163, 75.00, 0.123, 115.38, 0.100
14379,153408, 36.58, 36.76, 0.765, 0.814, 0.028490, 0.013208,1,1,0, 0.041154, 0.017978, 0.032769, 0.012916, 36.58, 0.765, 51.28, 0.352, 118.81, 0.146, 73.61, 0.136
14380,153418, 37.26, 36.97, 0.583, 0.638, 0.026354, 0.009256,1,1,0, 0.023208, 0.013974, 0.021663, 0.012736, 37.26, 0.583, 49.58, 0.264, 76.43, 0.218, 108.10, 0.064
14381,153429, 37.15, 37.04, 0.887, 0.918, 0.027893, 0.021611,1,1,0, 0.035923, 0.016971, 0.034432, 0.017073, 37.15, 0.887, 73.17, 0.434, 118.81, 0.273, 54.79, 0.166
14382,153440, 37.15, 37.09, 0.848, 0.890, 0.025384, 0.015144,1,1,0, 0.034437, 0.015121, 0.022789, 0.009603, 37.15, 0.848, 73.61, 0.456, 53.33, 0.158, 31.49, 0.118
14383,153450, 36.92, 37.02, 0.900, 0.928, 0.024406, 0.010613,1,1,0, 0.037808, 0.022822, 0.025672, 0.016526, 36.92, 0.900, 73.17, 0.510, 53.33, 0.343, 108.10, 0.101
14384,153461, 37.03, 37.02, 0.818, 0.869, 0.024436, 0.012874,1,1,0, 0.018518, 0.011168, 0.030762, 0.012569, 37.03, 0.818, 53.33, 0.294, 73.61, 0.293, 113.20, 0.214
14385,153472, 37.26, 37.12, 0.748, 0.810, 0.026402, 0.012378,1,1,0, 0.036296, 0.018427, 0.029413, 0.015511, 37.26, 0.748, 32.34, 0.293, 75.00, 0.223, 111.11, 0.208
14386,153482, 36.92, 37.04, 0.979, 0.985, 0.028168, 0.020346,1,1,0, 0.032104, 0.018531, 0.034061, 0.018701, 36.92, 0.979, 114.28, 0.437, 54.05, 0.368, 73.17, 0.129
14387,153493, 36.80, 36.94, 0.888, 0.919, 0.025082, 0.014258,1,1,0, 0.010256, 0.004870, 0.011004, 0.004304, 36.80, 0.888, 30.07, 0.428, 52.86, 0.377, 113.20, 0.260
14388,153504, 37.03, 36.98, 0.949, 0.963, 0.023872, 0.009991,1,1,0, 0.029214, 0.016716, 0.024702, 0.014702, 37.03, 0.949, 74.07, 0.301, 54.29, 0.256, 112.14, 0.192
14389,153514, 37.15, 37.05, 0.968, 0.977, 0.026054, 0.021423,1,1,0, 0.033376, 0.013806, 0.034293, 0.013662, 37.15, 0.968, 53.81, 0.290, 74.53, 0.256, 114.28, 0.172
14390,153525, 36.80, 36.95, 0.899, 0.927, 0.023885, 0.015012,1,1,0, 0.030093, 0.013331, 0.021016, 0.010902, 36.80, 0.899, 73.17, 0.376, 114.28, 0.208, 54.29, 0.153
14391,153536, 37.15, 37.03, 0.934, 0.953, 0.024719, 0.010520,1,1,0, 0.028332, 0.017835, 0.028252, 0.017654, 37.15, 0.934, 73.17, 0.437, 115.38, 0.267, 53.57, 0.192
14392,153546, 37.15, 37.08, 0.930, 0.949, 0.022212, 0.007372,1,1,0, 0.013988, 0.005916, 0.013357, 0.005755, 37.15, 0.930, 73.61, 0.321, 53.81, 0.177, 118.81, 0.155
14393,153557, 37.26, 37.16, 0.939, 0.956, 0.023815, 0.011808,1,1,0, 0.035045, 0.018806, 0.026735, 0.016634, 37.26, 0.939, 54.05, 0.333, 76.43, 0.184, 114.28, 0.133
14394,153568, 36.69, 36.96, 0.936, 0.954, 0.026425, 0.018768,1,1,0, 0.034755, 0.015219, 0.033486, 0.015421, 36.69, 0.936, 52.63, 0.413, 112.14, 0.383, 72.72, 0.090
14395,153578, 37.15, 37.04, 0.809, 0.862, 0.023945, 0.013152,1,1,0, 0.026717, 0.009607, 0.020877, 0.008366, 37.15, 0.809, 31.66, 0.607, 110.09, 0.288, 53.57, 0.212
14396,153589, 37.03, 37.04, 0.956, 0.968, 0.024703, 0.009217,1,1,0, 0.029092, 0.018762, 0.026855, 0.017729, 37.03, 0.956, 115.38, 0.387, 54.29, 0.275, 72.72, 0.142
14397,153600, 37.26, 37.13, 0.914, 0.938, 0.022125, 0.006459,1,1,0, 0.011748, 0.005458, 0.010675, 0.005013, 37.26, 0.914, 31.74, 0.442, 55.29, 0.343, 74.53, 0.256
14398,153610, 37.03, 37.09, 0.942, 0.958, 0.021914, 0.005721,1,1,0, 0.026596, 0.015173, 0.023246, 0.013857, 37.03, 0.942, 72.28, 0.334, 52.86, 0.154, 115.38, 0.073
14399,153621, 37.26, 37.16, 0.933, 0.952, 0.022234, 0.010204,1,1,0, 0.026767, 0.013527, 0.026491, 0.013086, 37.26, 0.933, 117.64, 0.278, 74.07, 0.235, 53.09, 0.095
14400,153632, 32.25, 37.30, 0.790, 0.813, 0.021257, 0.013205,1,1,0, 0.023005, 0.011283, 0.025034, 0.009496, 32.25, 0.790, 37.50, 0.748, 116.50, 0.255, 74.53, 0.163
14401,153642, 36.92, 37.14, 0.962, 0.972, 0.027424, 0.019999,1,1,0, 0.036180, 0.022092, 0.031826, 0.020688, 36.92, 0.962, 115.38, 0.381, 53.81, 0.330, 73.17, 0.131
14402,153653, 36.69, 36.95, 0.883, 0.916, 0.024339, 0.014015,1,1,0, 0.009544, 0.004039, 0.010568, 0.003683, 36.69, 0.883, 53.57, 0.464, 30.84, 0.247, 111.11, 0.211
14403,153664, 36.58, 36.80, 0.903, 0.930, 0.022818, 0.009821,1,1,0, 0.026227, 0.011821, 0.025522, 0.010827, 36.58, 0.903, 52.40, 0.364, 110.09, 0.230, 73.61, 0.165
14404,153674, 37.15, 36.94, 0.956, 0.968, 0.023123, 0.008286,1,1,0, 0.030594, 0.015267, 0.027058, 0.014460, 37.15, 0.956, 117.64, 0.356, 54.29, 0.271, 76.43, 0.075
14405,153685, 37.15, 37.03, 0.551, 0.624, 0.020981, 0.005807,1,1,0, 0.014865, 0.007299, 0.013726, 0.007027, 37.15, 0.551, 32.96, 0.425, 120.00, 0.272, 73.17, 0.234
14406,153696, 37.15, 37.08, 0.942, 0.958, 0.023103, 0.010169,1,1,0, 0.028157, 0.019424, 0.025292, 0.017923, 37.15, 0.942, 73.17, 0.346, 121.21, 0.235, 53.57, 0.180
14407,153706, 37.03, 37.06, 0.954, 0.967, 0.020679, 0.007126,1,1,0, 0.019198, 0.004871, 0.016820, 0.004569, 37.03, 0.954, 72.28, 0.352, 53.81, 0.226, 116.50, 0.105
14408,153717, 37.50, 37.24, 0.933, 0.952, 0.020238, 0.008135,1,1,0, 0.025532, 0.012563, 0.022862, 0.011515, 37.50, 0.933, 30.92, 0.630, 54.05, 0.256, 75.00, 0.170
14409,153728, 36.92, 37.11, 0.973, 0.980, 0.025678, 0.013979,1,1,0, 0.034273, 0.019107, 0.030165, 0.018021, 36.92, 0.973, 115.38, 0.444, 53.33, 0.254, 71.42, 0.016
14410,153738, 36.92, 37.03, 0.741, 0.801, 0.023121, 0.009796,1,1,0, 0.011831, 0.006872, 0.008938, 0.005858, 36.92, 0.741, 109.09, 0.311, 51.06, 0.181, 31.66, 0.050
14411,153749, 36.80, 36.93, 0.951, 0.965, 0.026018, 0.015979,1,1,0, 0.031265, 0.019363, 0.029803, 0.017983, 36.80, 0.951, 52.86, 0.380, 117.64, 0.350, 72.72, 0.020
14412,153760, 37.26, 37.07, 0.921, 0.943, 0.023482, 0.011198,1,1,0, 0.017446, 0.007249, 0.020498, 0.007015, 37.26, 0.921, 54.05, 0.376, 115.38, 0.140, 80.53, 0.081
14413,153770, 37.26, 37.15, 0.870, 0.906, 0.021659, 0.007847,1,1,0, 0.024310, 0.011672, 0.020600, 0.010376, 37.26, 0.870, 70.58, 0.199, 53.33, 0.178, 117.64, 0.150
14414,153781, 37.26, 37.20, 0.919, 0.942, 0.021580, 0.008047,1,1,0, 0.023561, 0.015244, 0.024520, 0.014636, 37.26, 0.919, 114.28, 0.309, 71.85, 0.250, 52.17, 0.087
14415,153792, 37.73, 37.42, 0.786, 0.843, 0.019528, 0.005639,1,1,0, 0.013557, 0.006362, 0.011096, 0.005847, 37.73, 0.786, 73.61, 0.202, 118.81, 0.149, 0.00, 0.000
14416,153802, 37.03, 37.26, 0.945, 0.960, 0.025020, 0.018558,1,1,0, 0.033532, 0.019597, 0.029041, 0.017465, 37.03, 0.945, 53.09, 0.365, 123.71, 0.242, 74.07, 0.183
14417,153813, 36.92, 37.12, 0.945, 0.960, 0.023826, 0.013005,1,1,0, 0.025403, 0.010594, 0.028335, 0.011331, 36.92, 0.945, 53.09, 0.365, 111.11, 0.164, 76.43, 0.132
14418,153824, 36.47, 36.84, 0.840, 0.885, 0.021841, 0.009113,1,1,0, 0.019516, 0.010525, 0.016309, 0.008982, 36.47, 0.840, 51.72, 0.403, 113.20, 0.262, 75.00, 0.045
14419,153834, 36.92, 36.88, 0.957, 0.969, 0.022730, 0.009601,1,1,0, 0.028763, 0.015802, 0.026714, 0.015131, 36.92, 0.957, 113.20, 0.393, 52.86, 0.310, 0.00, 0.000
14420,153845, 36.92, 36.89, 0.839, 0.884, 0.020791, 0.006728,1,1,0, 0.015741, 0.007945, 0.015987, 0.007993, 36.92, 0.839, 113.20, 0.215, 52.17, 0.151, 75.94, 0.110
14421,153856, 37.15, 37.00, 0.909, 0.934, 0.021882, 0.011027,1,1,0, 0.024819, 0.016764, 0.024631, 0.014774, 37.15, 0.909, 52.63, 0.316, 72.72, 0.195, 129.03, 0.172
14422,153866, 37.03, 37.01, 0.947, 0.962, 0.020056, 0.007727,1,1,0, 0.019483, 0.009047, 0.021618, 0.009750, 37.03, 0.947, 72.28, 0.378, 52.63, 0.141, 104.34, 0.057
14423,153877, 37.61, 37.26, 0.907, 0.933, 0.018526, 0.005415,1,1,0, 0.015506, 0.009704, 0.015155, 0.008760, 37.61, 0.907, 30.69, 0.521, 52.17, 0.234, 71.85, 0.152
14424,153888, 37.03, 37.17, 0.952, 0.965, 0.024455, 0.016938,1,1,0, 0.031451, 0.018109, 0.028345, 0.016942, 37.03, 0.952, 115.38, 0.404, 51.94, 0.196, 70.58, 0.071
14425,153898, 37.26, 37.21, 0.924, 0.945, 0.022216, 0.011870,1,1,0, 0.013253, 0.007529, 0.011851, 0.007334, 37.26, 0.924, 101.69, 0.196, 51.72, 0.177, 0.00, 0.000
14426,153909, 36.92, 37.09, 0.952, 0.965, 0.025096, 0.016749,1,1,0, 0.028862, 0.017894, 0.028717, 0.016059, 36.92, 0.952, 52.40, 0.477, 121.21, 0.288, 0.00, 0.000
14427,153920, 36.92, 37.02, 0.942, 0.958, 0.023087, 0.011737,1,1,0, 0.014138, 0.009495, 0.017572, 0.009819, 36.92, 0.942, 53.81, 0.360, 100.00, 0.217, 0.00, 0.000
14428,153930, 36.80, 36.93, 0.938, 0.955, 0.021315, 0.008225,1,1,0, 0.015511, 0.010411, 0.014288, 0.009814, 36.80, 0.938, 51.50, 0.272, 121.21, 0.192, 72.28, 0.045
14429,153941, 37.15, 37.02, 0.952, 0.965, 0.020073, 0.005764,1,1,0, 0.022119, 0.013963, 0.020612, 0.012952, 37.15, 0.952, 114.28, 0.306, 51.50, 0.168, 73.17, 0.150
14430,153952, 37.38, 37.17, 0.895, 0.925, 0.018396, 0.004039,1,1,0, 0.018314, 0.008430, 0.014756, 0.007790, 37.38, 0.895, 72.72, 0.261, 114.28, 0.026, 0.00, 0.000
14431,153962, 37.26, 37.21, 0.923, 0.945, 0.024354, 0.026839,1,1,0, 0.029134, 0.017124, 0.029398, 0.015366, 37.26, 0.923, 51.72, 0.289, 71.42, 0.270, 133.33, 0.193
14432,153973, 37.03, 37.13, 0.932, 0.951, 0.022784, 0.018808,1,1,0, 0.024046, 0.012821, 0.024989, 0.012222, 37.03, 0.932, 54.05, 0.201, 74.53, 0.184, 99.17, 0.177
14433,153984, 36.69, 36.95, 0.712, 0.768, 0.020884, 0.013180,1,1,0, 0.015915, 0.009040, 0.015707, 0.008485, 36.69, 0.712, 51.28, 0.286, 108.10, 0.202, 74.07, 0.081
14434,153994, 36.69, 36.84, 0.929, 0.949, 0.021659, 0.009520,1,1,0, 0.025440, 0.016077, 0.024907, 0.014934, 36.69, 0.929, 112.14, 0.416, 52.17, 0.335, 0.00, 0.000
14435,154005, 36.58, 36.73, 0.879, 0.913, 0.020182, 0.006671,1,1,0, 0.020173, 0.011909, 0.019641, 0.010961, 36.58, 0.879, 52.63, 0.273, 105.26, 0.236, 0.00, 0.000
14436,154016, 36.92, 36.81, 0.880, 0.913, 0.019610, 0.005385,1,1,0, 0.020689, 0.012620, 0.020890, 0.011718, 36.92, 0.880, 51.28, 0.273, 133.33, 0.211, 74.07, 0.187
14437,154026, 37.26, 37.00, 0.959, 0.971, 0.018499, 0.003774,1,1,0, 0.020638, 0.011006, 0.020487, 0.010360, 37.26, 0.959, 73.61, 0.283, 100.84, 0.173, 53.81, 0.035
14438,154037, 37.61, 37.26, 0.561, 0.619, 0.019747, 0.013308,1,1,0, 0.039059, 0.024877, 0.023302, 0.013001, 37.61, 0.561, 129.03, 0.193, 72.72, 0.129, 50.84, 0.104
14439,154048, 214.28, 161.17, 0.741, 0.696, 0.147438, 0.225649,1,1,1, 0.404997, 0.173398, 0.206695, 0.084187, 214.28, 0.741, 31.49, 0.544, 78.43, 0.498, 51.94, 0.457
14440,154058, 31.83, 70.63, 0.867, 0.814, 0.687355, 0.774482,1,1,0, 1.000000, 0.623552, 0.987065, 0.559321, 31.83, 0.867, 48.38, 0.350, 71.85, 0.318, 103.44, 0.248
14441,154069, 34.38, 70.63, 0.409, 0.732, 0.614422, 0.542742,1,1,0, 0.483816, 0.145579, 0.395277, 0.124045, 34.38, 0.409, 68.96, 0.159, 46.87, 0.070, 0.00, 0.000
14442,154080, 40.95, 49.85, 0.902, 0.851, 0.975918, 0.849423,1,1,0, 1.000000, 0.823365, 1.290508, 0.711882, 40.95, 0.902, 68.96, 0.241, 97.56, 0.076, 0.00, 0.000
14443,154090, 40.95, 43.62, 0.952, 0.948, 0.869264, 0.595259,1,1,0, 0.152245, 0.077149, 0.376698, 0.186967, 40.95, 0.952, 69.76, 0.169, 0.00, 0.000, 0.00, 0.000
14444,154101, 41.37, 42.05, 0.995, 0.997, 1.018290, 0.927098,1,1,0, 1.000000, 0.754040, 1.228295, 0.671655, 41.37, 0.995, 95.23, 0.179, 0.00, 0.000, 0.00, 0.000
14445,154112, 41.37, 41.58, 0.996, 0.997, 0.918284, 0.649691,1,1,0, 1.000000, 0.300619, 0.730181, 0.272832, 41.37, 0.996, 83.33, 0.216, 0.00, 0.000, 0.00, 0.000
14446,154122, 41.52, 41.54, 0.988, 0.991, 0.852349, 0.455291,1,1,0, 0.999999, 0.550319, 0.974702, 0.410992, 41.52, 0.988, 80.00, 0.292, 0.00, 0.000, 0.00, 0.000
14447,154133, 41.52, 41.52, 0.996, 0.997, 0.924884, 0.545243,1,1,0, 1.000000, 0.561990, 1.134386, 0.566185, 41.52, 0.996, 85.10, 0.360, 0.00, 0.000, 0.00, 0.000
14448,154144, 41.66, 41.62, 0.991, 0.994, 0.836690, 0.382095,1,1,0, 0.999999, 0.413778, 0.687373, 0.314859, 41.66, 0.991, 81.08, 0.378, 0.00, 0.000, 0.00, 0.000
14449,154154, 41.66, 41.64, 0.997, 0.998, 0.925439, 0.541708,1,1,0, 1.000000, 0.649802, 1.082773, 0.602839, 41.66, 0.997, 82.19, 0.360, 0.00, 0.000, 0.00, 0.000
14450,154165, 41.66, 41.65, 0.997, 0.998, 0.826421, 0.379618,1,1,0, 0.360121, 0.152449, 0.352736, 0.163940, 41.66, 0.997, 81.63, 0.353, 0.00, 0.000, 0.00, 0.000
14451,154176, 41.52, 41.59, 0.997, 0.998, 0.915978, 0.411759,1,1,0, 1.000000, 0.739553, 1.020586, 0.642578, 41.52, 0.997, 84.50, 0.350, 0.00, 0.000, 0.00, 0.000
14452,154186, 41.52, 41.56, 0.997, 0.998, 0.824940, 0.288552,1,1,0, 0.274663, 0.167394, 0.294479, 0.202684, 41.52, 0.997, 81.63, 0.408, 0.00, 0.000, 0.00, 0.000
14453,154197, 41.66, 41.60, 0.997, 0.998, 0.907987, 0.358514,1,1,0, 1.000000, 0.684499, 0.991920, 0.612459, 41.66, 0.997, 84.50, 0.455, 0.00, 0.000, 0.00, 0.000
14454,154208, 41.66, 41.63, 0.996, 0.997, 0.820718, 0.251239,1,1,0, 0.904501, 0.281931, 0.786452, 0.253133, 41.66, 0.996, 81.08, 0.499, 0.00, 0.000, 0.00, 0.000
14455,154218, 41.52, 41.58, 0.994, 0.995, 0.762891, 0.176063,1,1,0, 0.999999, 0.563186, 0.731835, 0.418402, 41.52, 0.994, 82.75, 0.528, 0.00, 0.000, 0.00, 0.000
14456,154229, 41.52, 41.55, 0.998, 0.998, 0.825920, 0.360491,1,1,0, 0.982488, 0.466330, 0.993450, 0.503500, 41.52, 0.998, 82.75, 0.543, 0.00, 0.000, 0.00, 0.000
14457,154240, 41.52, 41.54, 0.997, 0.998, 0.754794, 0.252624,1,1,0, 0.999999, 0.388553, 0.754588, 0.321023, 41.52, 0.997, 83.91, 0.526, 0.00, 0.000, 0.00, 0.000
14458,154250, 41.52, 41.53, 0.996, 0.997, 0.789253, 0.345552,1,1,0, 0.999999, 0.574561, 0.920722, 0.522124, 41.52, 0.996, 82.19, 0.513, 0.00, 0.000, 0.00, 0.000
14459,154261, 41.52, 41.52, 0.990, 0.993, 0.714423, 0.242156,1,1,0, 0.390697, 0.230146, 0.331570, 0.215565, 41.52, 0.990, 82.19, 0.546, 0.00, 0.000, 0.00, 0.000
14460,154272, 41.66, 41.58, 0.997, 0.997, 0.775722, 0.330392,1,1,0, 0.999999, 0.642140, 0.875631, 0.571118, 41.66, 0.997, 84.50, 0.589, 0.00, 0.000, 0.00, 0.000
14461,154282, 41.52, 41.56, 0.995, 0.996, 0.705023, 0.231532,1,1,0, 0.466805, 0.255258, 0.375343, 0.233487, 41.52, 0.995, 82.19, 0.642, 0.00, 0.000, 0.00, 0.000
14462,154293, 41.52, 41.54, 0.996, 0.997, 0.765984, 0.408151,1,1,0, 0.999999, 0.596741, 0.856970, 0.537938, 41.52, 0.996, 84.50, 0.660, 0.00, 0.000, 0.00, 0.000
14463,154304, 41.52, 41.53, 0.998, 0.998, 0.695549, 0.286024,1,1,0, 0.762625, 0.282502, 0.754944, 0.260502, 41.52, 0.998, 81.63, 0.669, 0.00, 0.000, 0.00, 0.000
14464,154314, 41.52, 41.52, 0.997, 0.998, 0.690609, 0.303237,1,1,0, 0.999999, 0.556430, 0.773391, 0.424721, 41.52, 0.997, 83.91, 0.678, 0.00, 0.000, 0.00, 0.000
14465,154325, 41.52, 41.52, 0.996, 0.997, 0.687732, 0.212503,1,1,0, 0.721745, 0.374208, 0.797850, 0.422548, 41.52, 0.996, 82.19, 0.705, 0.00, 0.000, 0.00, 0.000
14466,154336, 41.52, 41.52, 0.991, 0.994, 0.646493, 0.176876,1,1,0, 0.901079, 0.408945, 0.697079, 0.360882, 41.52, 0.991, 83.91, 0.727, 0.00, 0.000, 0.00, 0.000
14467,154346, 41.52, 41.52, 0.994, 0.995, 0.658724, 0.226800,1,1,0, 0.999999, 0.506291, 0.754883, 0.447135, 41.52, 0.994, 82.19, 0.748, 0.00, 0.000, 0.00, 0.000
14468,154357, 41.37, 41.46, 0.995, 0.996, 0.609391, 0.158936,1,1,0, 0.563199, 0.339982, 0.495483, 0.295782, 41.37, 0.995, 82.19, 0.778, 0.00, 0.000, 0.00, 0.000
14469,154368, 41.52, 41.48, 0.997, 0.998, 0.662894, 0.362631,1,1,0, 0.999999, 0.557367, 0.777097, 0.513910, 41.52, 0.997, 83.91, 0.773, 0.00, 0.000, 0.00, 0.000
14470,154378, 41.66, 41.56, 0.998, 0.998, 0.611634, 0.254124,1,1,0, 0.586127, 0.333531, 0.521073, 0.289655, 41.66, 0.998, 82.19, 0.779, 0.00, 0.000, 0.00, 0.000
14471,154389, 41.52, 41.54, 0.997, 0.998, 0.670572, 0.464001,1,1,0, 0.999999, 0.522274, 0.792820, 0.466225, 41.52, 0.997, 83.91, 0.776, 0.00, 0.000, 0.00, 0.000
14472,154400, 41.52, 41.53, 0.996, 0.997, 0.617680, 0.325162,1,1,0, 0.591363, 0.307358, 0.680971, 0.293147, 41.52, 0.996, 81.63, 0.764, 0.00, 0.000, 0.00, 0.000
14473,154410, 41.66, 41.59, 0.997, 0.998, 0.666519, 0.424444,1,1,0, 0.999999, 0.564758, 0.772027, 0.457875, 41.66, 0.997, 84.50, 0.770, 0.00, 0.000, 0.00, 0.000
14474,154421, 41.66, 41.62, 0.995, 0.996, 0.620610, 0.297442,1,1,0, 0.519547, 0.304171, 0.636473, 0.348147, 41.66, 0.995, 82.19, 0.768, 0.00, 0.000, 0.00, 0.000
14475,154432, 41.52, 41.58, 0.994, 0.996, 0.593266, 0.208441,1,1,0, 0.753218, 0.439239, 0.651731, 0.396153, 41.52, 0.994, 84.50, 0.760, 0.00, 0.000, 0.00, 0.000
14476,154442, 41.37, 41.49, 0.998, 0.998, 0.644494, 0.405460,1,1,0, 0.999999, 0.482052, 0.807214, 0.422777, 41.37, 0.998, 81.63, 0.784, 0.00, 0.000, 0.00, 0.000
14477,154453, 41.52, 41.50, 0.998, 0.999, 0.602784, 0.284138,1,1,0, 0.672404, 0.416471, 0.597950, 0.355370, 41.52, 0.998, 82.75, 0.816, 0.00, 0.000, 0.00, 0.000
14478,154464, 41.52, 41.51, 0.997, 0.997, 0.659512, 0.390522,1,1,0, 0.994258, 0.485506, 0.795666, 0.459573, 41.52, 0.997, 83.33, 0.830, 0.00, 0.000, 0.00, 0.000
14479,154474, 41.52, 41.51, 0.994, 0.996, 0.618310, 0.273669,1,1,0, 0.699471, 0.421214, 0.615068, 0.373559, 41.52, 0.994, 82.19, 0.835, 0.00, 0.000, 0.00, 0.000
14480,154485, 41.66, 41.58, 0.997, 0.998, 0.641301, 0.320192,1,1,0, 0.924389, 0.462740, 0.741545, 0.403672, 41.66, 0.997, 83.91, 0.816, 0.00, 0.000, 0.00, 0.000
14481,154496, 41.52, 41.55, 0.995, 0.996, 0.596193, 0.224384,1,1,0, 0.608014, 0.330375, 0.524645, 0.313567, 41.52, 0.995, 81.63, 0.776, 0.00, 0.000, 0.00, 0.000
14482,154506, 41.37, 41.48, 0.997, 0.998, 0.658355, 0.366707,1,1,0, 0.916692, 0.564472, 0.748974, 0.484462, 41.37, 0.997, 84.50, 0.739, 0.00, 0.000, 0.00, 0.000
14483,154517, 41.52, 41.49, 0.998, 0.998, 0.609396, 0.256981,1,1,0, 0.558038, 0.274354, 0.495938, 0.298907, 41.52, 0.998, 81.63, 0.718, 0.00, 0.000, 0.00, 0.000
14484,154528, 41.52, 41.50, 0.998, 0.998, 0.606905, 0.180087,1,1,0, 0.778774, 0.463793, 0.671168, 0.416624, 41.52, 0.998, 85.10, 0.735, 0.00, 0.000, 0.00, 0.000
14485,154538, 41.52, 41.51, 0.997, 0.998, 0.625567, 0.264582,1,1,0, 0.893913, 0.443844, 0.746959, 0.388448, 41.52, 0.997, 81.08, 0.755, 0.00, 0.000, 0.00, 0.000
14486,154549, 41.52, 41.51, 0.995, 0.996, 0.645836, 0.279699,1,1,0, 0.804845, 0.499747, 0.731809, 0.430701, 41.52, 0.995, 82.75, 0.783, 0.00, 0.000, 0.00, 0.000
14487,154560, 41.52, 41.51, 0.995, 0.997, 0.629700, 0.196008,1,1,0, 0.832809, 0.405352, 0.702736, 0.397917, 41.52, 0.995, 82.75, 0.784, 0.00, 0.000, 0.00, 0.000
14488,154570, 41.37, 41.46, 0.997, 0.998, 0.661598, 0.357476,1,1,0, 0.798030, 0.472647, 0.740452, 0.432249, 41.37, 0.997, 82.75, 0.768, 0.00, 0.000, 0.00, 0.000
14489,154581, 41.37, 41.42, 0.998, 0.999, 0.648709, 0.250512,1,1,0, 0.835421, 0.468998, 0.721202, 0.395529, 41.37, 0.998, 83.33, 0.736, 0.00, 0.000, 0.00, 0.000
14490,154592, 41.52, 41.46, 0.998, 0.999, 0.606139, 0.175554,1,1,0, 0.638088, 0.354601, 0.559636, 0.333993, 41.52, 0.998, 80.53, 0.701, 0.00, 0.000, 0.00, 0.000
14491,154602, 41.52, 41.49, 0.998, 0.998, 0.652859, 0.253952,1,1,0, 0.792218, 0.529391, 0.736457, 0.476497, 41.52, 0.998, 85.71, 0.694, 0.00, 0.000, 0.00, 0.000
14492,154613, 41.52, 41.50, 0.996, 0.997, 0.603076, 0.177964,1,1,0, 0.596157, 0.290360, 0.569373, 0.279254, 41.52, 0.996, 81.08, 0.672, 0.00, 0.000, 0.00, 0.000
14493,154624, 41.52, 41.51, 0.999, 0.999, 0.658099, 0.372266,1,1,0, 0.819863, 0.516366, 0.779287, 0.463505, 41.52, 0.999, 85.10, 0.658, 0.00, 0.000, 0.00, 0.000
14494,154634, 41.52, 41.51, 0.996, 0.997, 0.615144, 0.260876,1,1,0, 0.724321, 0.397158, 0.640218, 0.353927, 41.52, 0.996, 80.53, 0.643, 0.00, 0.000, 0.00, 0.000
14495,154645, 41.37, 41.45, 0.997, 0.998, 0.683333, 0.442987,1,1,0, 0.820861, 0.550425, 0.795331, 0.474601, 41.37, 0.997, 83.91, 0.654, 0.00, 0.000, 0.00, 0.000
14496,154656, 41.37, 41.42, 0.998, 0.999, 0.642243, 0.310436,1,1,0, 0.765310, 0.368741, 0.691973, 0.368732, 41.37, 0.998, 83.33, 0.669, 0.00, 0.000, 0.00, 0.000
14497,154666, 41.52, 41.46, 0.998, 0.999, 0.702691, 0.445354,1,1,0, 0.816842, 0.489090, 0.792879, 0.456230, 41.52, 0.998, 83.33, 0.688, 0.00, 0.000, 0.00, 0.000
14498,154677, 41.37, 41.42, 0.996, 0.997, 0.655223, 0.312095,1,1,0, 0.803928, 0.457415, 0.692488, 0.375571, 41.37, 0.996, 82.19, 0.676, 0.00, 0.000, 0.00, 0.000
14499,154688, 41.66, 41.52, 0.989, 0.992, 0.609816, 0.218710,1,1,0, 0.670633, 0.335774, 0.544878, 0.319153, 41.66, 0.989, 80.00, 0.656, 0.00, 0.000, 0.00, 0.000
14500,154698, 41.95, 41.70, 0.964, 0.974, 0.601919, 0.173832,1,1,0, 0.721609, 0.386884, 0.694426, 0.367094, 41.95, 0.964, 85.10, 0.611, 0.00, 0.000, 0.00, 0.000
14501,154709, 41.37, 41.57, 0.915, 0.939, 0.543906, 0.121818,1,1,0, 0.418212, 0.188144, 0.386022, 0.162196, 41.37, 0.915, 81.08, 0.534, 0.00, 0.000, 0.00, 0.000
14502,154720, 42.70, 42.04, 0.806, 0.859, 0.502612, 0.085367,1,1,0, 0.471709, 0.276451, 0.458098, 0.246719, 42.70, 0.806, 32.17, 0.503, 84.50, 0.381, 0.00, 0.000
14503,154730, 42.55, 42.25, 0.720, 0.760, 0.456032, 0.059823,1,1,0, 0.351802, 0.170787, 0.296189, 0.156876, 42.55, 0.720, 34.09, 0.536, 81.08, 0.121, 59.11, 0.119
14504,154741, 42.10, 42.19, 0.734, 0.760, 0.412489, 0.041923,1,1,0, 0.270079, 0.132831, 0.254162, 0.132612, 42.10, 0.734, 33.42, 0.502, 57.97, 0.482, 155.84, 0.305
14505,154752, 41.95, 42.09, 0.789, 0.810, 0.380793, 0.029379,1,1,0, 0.386532, 0.205288, 0.302929, 0.178121, 41.95, 0.789, 32.69, 0.652, 153.84, 0.385, 57.41, 0.319
14506,154762, 41.09, 41.67, 0.863, 0.874, 0.340806, 0.020588,1,1,0, 0.119858, 0.063664, 0.134320, 0.073710, 41.09, 0.863, 57.41, 0.213, 153.84, 0.040, 0.00, 0.000
14507,154773, 41.52, 41.61, 0.951, 0.965, 0.309729, 0.014427,1,1,0, 0.225654, 0.113788, 0.173578, 0.104539, 41.52, 0.951, 31.91, 0.821, 136.36, 0.190, 85.71, 0.007
14508,154784, 41.66, 41.63, 0.926, 0.947, 0.275213, 0.010110,1,1,0, 0.076644, 0.043738, 0.071168, 0.039956, 41.66, 0.926, 82.75, 0.268, 0.00, 0.000, 0.00, 0.000
14509,154794, 32.00, 41.40, 0.534, 0.594, 0.245466, 0.007085,1,1,0, 0.127644, 0.051018, 0.118321, 0.046050, 32.00, 0.534, 41.09, 0.515, 80.00, 0.371, 148.14, 0.198
14510,154805, 41.95, 41.63, 0.579, 0.639, 0.219528, 0.004965,1,1,0, 0.130057, 0.053364, 0.119310, 0.048094, 41.95, 0.579, 84.50, 0.560, 52.63, 0.326, 32.78, 0.256
14511,154816, 54.29, 41.65, 0.501, 0.478, 0.195315, 0.003479,1,1,0, 0.076122, 0.037885, 0.077448, 0.034626, 54.29, 0.501, 41.66, 0.419, 33.33, 0.321, 83.33, 0.320
14512,154826, 55.55, 41.71, 0.757, 0.702, 0.174724, 0.002438,1,1,0, 0.096695, 0.043053, 0.072768, 0.036951, 55.55, 0.757, 41.81, 0.683, 173.91, 0.271, 82.75, 0.217
14513,154837, 41.95, 41.81, 0.942, 0.958, 0.157021, 0.001708,1,1,0, 0.095386, 0.047253, 0.089767, 0.041825, 41.95, 0.942, 55.81, 0.708, 171.42, 0.532, 33.70, 0.438
14514,154848, 41.37, 41.63, 0.751, 0.813, 0.141326, 0.001197,1,1,0, 0.100127, 0.043509, 0.091322, 0.038873, 41.37, 0.751, 54.79, 0.738, 171.42, 0.477, 82.19, 0.288
14515,154858, 54.54, 41.64, 0.795, 0.811, 0.126951, 0.000839,1,1,0, 0.076602, 0.036809, 0.063181, 0.031355, 54.54, 0.795, 41.66, 0.764, 166.66, 0.417, 33.24, 0.378
14516,154869, 41.95, 41.77, 0.787, 0.826, 0.114609, 0.000588,1,1,0, 0.076681, 0.039001, 0.071293, 0.033412, 41.95, 0.787, 55.55, 0.686, 173.91, 0.431, 33.80, 0.320
14517,154880, 42.10, 41.91, 0.764, 0.808, 0.103741, 0.000412,1,1,0, 0.064607, 0.035591, 0.071587, 0.034157, 42.10, 0.764, 55.81, 0.727, 34.09, 0.437, 173.91, 0.434
14518,154890, 55.04, 41.81, 0.824, 0.804, 0.094114, 0.000288,1,1,0, 0.069096, 0.033473, 0.058363, 0.031358, 55.04, 0.824, 41.66, 0.752, 33.61, 0.453, 169.01, 0.450
14519,154901, 41.23, 41.56, 0.809, 0.862, 0.085571, 0.000202,1,1,0, 0.067049, 0.036664, 0.058318, 0.032128, 41.23, 0.809, 55.04, 0.732, 166.66, 0.537, 82.19, 0.471
14520,154912, 41.37, 41.48, 0.884, 0.917, 0.077795, 0.000141,1,1,0, 0.054319, 0.028481, 0.046976, 0.026815, 41.37, 0.884, 55.55, 0.746, 33.89, 0.648, 166.66, 0.620
14521,154922, 55.81, 41.56, 0.869, 0.666, 0.071263, 0.000099,1,1,0, 0.053687, 0.029009, 0.051470, 0.029046, 55.81, 0.869, 33.51, 0.651, 41.66, 0.583, 169.01, 0.539
14522,154933, 55.81, 41.72, 0.807, 0.625, 0.065235, 0.000069,1,1,0, 0.063765, 0.030154, 0.060214, 0.028859, 55.81, 0.807, 33.99, 0.694, 41.95, 0.560, 84.50, 0.507
14523,154944, 33.70, 41.70, 0.809, 0.842, 0.060651, 0.000048,1,1,0, 0.052759, 0.034668, 0.048152, 0.031992, 33.70, 0.809, 55.29, 0.801, 41.66, 0.787, 169.01, 0.610
14524,154954, 55.04, 41.56, 0.863, 0.750, 0.055740, 0.000034,1,1,0, 0.043663, 0.024372, 0.046500, 0.024477, 55.04, 0.863, 82.19, 0.693, 41.37, 0.660, 166.66, 0.627
14525,154965, 55.29, 41.48, 0.904, 0.817, 0.051355, 0.000023,1,1,0, 0.045567, 0.024488, 0.044473, 0.024057, 55.29, 0.904, 33.42, 0.800, 83.33, 0.777, 41.37, 0.746
14526,154976, 55.81, 41.56, 0.915, 0.812, 0.047453, 0.000016,1,1,0, 0.051545, 0.025893, 0.040676, 0.022546, 55.81, 0.915, 33.42, 0.803, 83.33, 0.774, 166.66, 0.756
14527,154986, 56.07, 41.60, 0.881, 0.777, 0.044482, 0.000011,1,1,0, 0.050595, 0.027386, 0.046109, 0.027389, 56.07, 0.881, 83.91, 0.733, 33.51, 0.700, 41.66, 0.691
14528,154997, 55.81, 41.63, 0.885, 0.850, 0.043669, 0.012990,1,1,0, 0.055053, 0.032022, 0.048291, 0.030531, 55.81, 0.885, 33.70, 0.830, 41.66, 0.792, 84.50, 0.708
14529,155008, 55.04, 41.46, 0.898, 0.671, 0.040725, 0.009103,1,1,0, 0.050326, 0.025642, 0.042844, 0.023859, 55.04, 0.898, 82.19, 0.662, 164.38, 0.603, 41.23, 0.579
14530,155018, 54.79, 41.31, 0.875, 0.677, 0.048080, 0.042690,1,1,0, 0.072267, 0.032657, 0.062385, 0.031108, 54.79, 0.875, 33.51, 0.838, 83.91, 0.699, 41.09, 0.599
14531,155029, 55.55, 41.39, 0.753, 0.650, 0.044203, 0.029916,1,1,0, 0.045628, 0.023022, 0.036505, 0.019851, 55.55, 0.753, 33.42, 0.737, 83.33, 0.596, 41.52, 0.577
14532,155040, 56.60, 41.51, 0.686, 0.652, 0.049343, 0.034965,1,1,0, 0.063900, 0.033691, 0.061341, 0.031651, 56.60, 0.686, 84.50, 0.655, 33.80, 0.605, 41.66, 0.576
14533,155050, 41.37, 41.45, 0.752, 0.821, 0.049874, 0.024502,1,1,0, 0.077297, 0.037213, 0.058518, 0.030711, 41.37, 0.752, 33.70, 0.740, 84.50, 0.692, 55.81, 0.649
14534,155061, 82.19, 41.30, 0.669, 0.709, 0.047941, 0.017171,1,1,0, 0.054134, 0.027040, 0.053746, 0.027270, 82.19, 0.669, 55.04, 0.640, 41.09, 0.621, 32.87, 0.564
14535,155072, 33.51, 41.15, 0.759, 0.739, 0.044691, 0.012033,1,1,0, 0.047578, 0.026126, 0.042126, 0.025384, 33.51, 0.759, 55.04, 0.734, 83.91, 0.681, 40.95, 0.663
14536,155082, 32.87, 41.19, 0.778, 0.699, 0.041481, 0.016511,1,1,0, 0.056236, 0.019626, 0.046203, 0.017280, 32.87, 0.778, 55.29, 0.758, 41.23, 0.624, 166.66, 0.594
14537,155093, 33.89, 41.39, 0.757, 0.647, 0.044749, 0.023066,1,1,0, 0.059838, 0.029815, 0.053723, 0.028947, 33.89, 0.757, 55.81, 0.744, 84.50, 0.621, 41.66, 0.572
14538,155104, 55.55, 41.56, 0.809, 0.796, 0.041756, 0.016164,1,1,0, 0.040825, 0.025426, 0.041752, 0.024106, 55.55, 0.809, 33.61, 0.746, 41.81, 0.733, 84.50, 0.646
14539,155114, 54.79, 41.31, 0.821, 0.729, 0.042226, 0.020265,1,1,0, 0.052484, 0.026881, 0.050295, 0.026033, 54.79, 0.821, 82.75, 0.659, 40.95, 0.648, 162.16, 0.596
14540,155125, 55.04, 41.16, 0.891, 0.770, 0.039402, 0.014201,1,1,0, 0.045560, 0.024406, 0.041511, 0.023170, 55.04, 0.891, 33.51, 0.821, 83.91, 0.729, 40.95, 0.689
14541,155136, 55.04, 41.19, 0.864, 0.750, 0.036232, 0.009952,1,1,0, 0.030973, 0.016759, 0.026783, 0.015708, 55.04, 0.864, 32.69, 0.757, 41.23, 0.668, 162.16, 0.659
14542,155146, 41.66, 41.39, 0.784, 0.844, 0.042046, 0.030158,1,1,0, 0.055271, 0.029965, 0.052388, 0.028265, 41.66, 0.784, 55.81, 0.762, 33.99, 0.755, 85.71, 0.645
14543,155157, 41.95, 41.62, 0.814, 0.866, 0.038984, 0.021134,1,1,0, 0.038156, 0.021845, 0.036606, 0.020750, 41.95, 0.814, 55.81, 0.793, 83.91, 0.631, 166.66, 0.593
14544,155168, 55.04, 41.40, 0.854, 0.730, 0.039797, 0.017638,1,1,0, 0.045201, 0.027858, 0.046385, 0.026882, 55.04, 0.854, 162.16, 0.682, 82.75, 0.646, 41.09, 0.644
14545,155178, 54.79, 41.15, 0.909, 0.778, 0.040890, 0.018758,1,1,0, 0.046995, 0.027252, 0.047179, 0.025591, 54.79, 0.909, 83.33, 0.745, 33.24, 0.725, 40.81, 0.700
14546,155189, 55.29, 41.19, 0.829, 0.690, 0.037338, 0.013145,1,1,0, 0.023952, 0.014170, 0.021362, 0.013878, 55.29, 0.829, 32.87, 0.767, 82.75, 0.669, 162.16, 0.602
14547,155200, 55.81, 41.39, 0.888, 0.669, 0.035480, 0.009212,1,1,0, 0.048058, 0.023567, 0.039116, 0.022215, 55.81, 0.888, 33.89, 0.806, 85.71, 0.707, 41.66, 0.589
14548,155210, 55.81, 41.50, 0.892, 0.709, 0.038816, 0.022974,1,1,0, 0.054860, 0.026409, 0.044189, 0.024660, 55.81, 0.892, 41.66, 0.639, 83.91, 0.610, 162.16, 0.609
14549,155221, 55.55, 41.51, 0.786, 0.618, 0.045687, 0.037483,1,1,0, 0.069382, 0.039428, 0.056678, 0.030446, 55.55, 0.786, 164.38, 0.667, 33.42, 0.595, 41.52, 0.541
14550,155232, 54.79, 41.33, 0.760, 0.761, 0.056972, 0.052207,1,1,0, 0.075323, 0.041477, 0.067072, 0.036065, 54.79, 0.760, 33.14, 0.757, 41.09, 0.722, 164.38, 0.622
14551,155242, 166.66, 41.17, 0.623, 0.604, 0.051454, 0.036586,1,1,0, 0.075218, 0.051562, 0.033671, 0.016150, 166.66, 0.623, 40.95, 0.553, 32.78, 0.488, 54.54, 0.357
14552,155253, 33.70, 38.04, 0.726, 0.681, 0.056206, 0.029385,1,1,0, 0.068030, 0.035971, 0.067274, 0.037400, 33.70, 0.726, 166.66, 0.483, 41.52, 0.437, 0.00, 0.000
14553,155264, 33.61, 36.18, 0.688, 0.658, 0.053945, 0.020592,1,1,0, 0.050035, 0.031127, 0.059284, 0.028389, 33.61, 0.688, 171.42, 0.471, 41.66, 0.389, 87.59, 0.054
14554,155274, 40.67, 38.06, 0.520, 0.510, 0.049654, 0.014430,1,1,0, 0.044111, 0.023619, 0.038345, 0.022774, 40.67, 0.520, 162.16, 0.420, 54.29, 0.374, 82.19, 0.094
14555,155285, 54.54, 44.98, 0.770, 0.752, 0.046029, 0.010112,1,1,0, 0.044239, 0.024456, 0.039305, 0.023216, 54.54, 0.770, 162.16, 0.581, 40.67, 0.516, 83.33, 0.409
14556,155296, 55.04, 49.21, 0.855, 0.832, 0.041694, 0.007086,1,1,0, 0.021831, 0.013069, 0.022688, 0.012783, 55.04, 0.855, 32.78, 0.661, 82.19, 0.620, 40.81, 0.594
14557,155306, 41.81, 46.10, 0.813, 0.824, 0.038954, 0.004966,1,1,0, 0.040572, 0.023484, 0.038967, 0.022245, 41.81, 0.813, 85.10, 0.768, 55.81, 0.744, 33.80, 0.702
14558,155317, 56.60, 44.42, 0.831, 0.812, 0.036001, 0.003480,1,1,0, 0.037918, 0.019616, 0.036049, 0.018565, 56.60, 0.831, 42.10, 0.772, 84.50, 0.710, 164.38, 0.591
14559,155328, 55.29, 43.02, 0.818, 0.707, 0.037954, 0.021618,1,1,0, 0.047964, 0.027365, 0.044284, 0.026301, 55.29, 0.818, 162.16, 0.721, 33.33, 0.671, 41.09, 0.659
14560,155338, 55.04, 42.09, 0.898, 0.807, 0.039339, 0.021298,1,1,0, 0.052899, 0.025931, 0.045088, 0.023966, 55.04, 0.898, 40.81, 0.753, 83.33, 0.719, 33.24, 0.708
14561,155349, 55.04, 41.67, 0.748, 0.645, 0.035711, 0.014925,1,1,0, 0.027325, 0.012294, 0.034206, 0.012805, 55.04, 0.748, 82.75, 0.635, 160.00, 0.571, 41.09, 0.565
14562,155360, 33.89, 41.67, 0.878, 0.639, 0.034022, 0.010459,1,1,0, 0.039261, 0.023873, 0.036456, 0.022225, 33.89, 0.878, 55.55, 0.823, 85.71, 0.686, 41.66, 0.559
14563,155370, 56.07, 47.72, 0.876, 0.845, 0.035271, 0.023276,1,1,0, 0.047465, 0.021681, 0.041359, 0.019484, 56.07, 0.876, 33.61, 0.752, 84.50, 0.601, 41.81, 0.472
14564,155381, 55.55, 51.01, 0.821, 0.802, 0.033414, 0.016311,1,1,0, 0.033301, 0.021484, 0.036163, 0.021710, 55.55, 0.821, 83.91, 0.640, 164.38, 0.634, 33.80, 0.622
14565,155392, 40.81, 52.60, 0.836, 0.855, 0.037683, 0.031983,1,1,0, 0.049739, 0.024250, 0.045412, 0.022213, 40.81, 0.836, 54.79, 0.834, 82.75, 0.762, 33.24, 0.632
14566,155402, 54.79, 53.52, 0.817, 0.860, 0.034479, 0.022413,1,1,0, 0.021696, 0.013254, 0.027857, 0.014155, 54.79, 0.817, 81.63, 0.744, 40.81, 0.741, 162.16, 0.668
14567,155413, 33.89, 54.59, 0.860, 0.887, 0.032156, 0.015707,1,1,0, 0.034075, 0.019983, 0.032170, 0.018518, 33.89, 0.860, 56.07, 0.850, 84.50, 0.714, 164.38, 0.656
14568,155424, 56.60, 55.43, 0.814, 0.852, 0.032741, 0.019495,1,1,0, 0.037190, 0.019273, 0.037736, 0.018562, 56.60, 0.814, 33.80, 0.653, 84.50, 0.646, 42.10, 0.597
14569,155434, 86.33, 55.59, 0.745, 0.519, 0.049173, 0.047743,1,1,0, 0.075727, 0.042561, 0.060808, 0.034813, 86.33, 0.745, 34.18, 0.672, 42.55, 0.560, 55.81, 0.461
14570,155445, 55.29, 55.59, 0.403, 0.467, 0.047738, 0.033457,1,1,0, 0.076674, 0.051457, 0.052867, 0.032479, 55.29, 0.403, 40.95, 0.337, 33.61, 0.305, 173.91, 0.087
14571,155456, 48.00, 55.59, 0.221, 0.420, 0.044490, 0.023446,1,1,0, 0.042541, 0.027960, 0.048603, 0.025621, 48.00, 0.221, 37.15, 0.107, 0.00, 0.000, 0.00, 0.000
14572,155466, 45.28, 51.26, 0.769, 0.721, 0.040221, 0.016430,1,1,0, 0.017680, 0.009608, 0.017833, 0.011256, 45.28, 0.769, 0.00, 0.000, 0.00, 0.000, 0.00, 0.000
14573,155477, 48.78, 50.22, 0.549, 0.561, 0.035734, 0.011514,1,1,0, 0.014689, 0.006725, 0.011284, 0.005364, 48.78, 0.549, 0.00, 0.000, 0.00, 0.000, 0.00, 0.000
14574,155488, 53.57, 51.62, 0.474, 0.476, 0.032006, 0.008069,1,1,0, 0.018039, 0.008973, 0.013825, 0.006954, 53.57, 0.474, 0.00, 0.000, 0.00, 0.000, 0.00, 0.000
14575,155498, 71.42, 42.86, 0.548, 0.505, 0.028965, 0.005654,1,1,0, 0.021693, 0.010506, 0.022881, 0.009956, 71.42, 0.548, 30.76, 0.538, 50.42, 0.226, 36.36, 0.204
14576,155509, 37.15, 40.46, 0.620, 0.626, 0.026214, 0.003962,1,1,0, 0.020530, 0.008768, 0.015416, 0.007949, 37.15, 0.620, 74.07, 0.526, 48.38, 0.197, 0.00, 0.000
14577,155520, 37.03, 39.02, 0.875, 0.896, 0.023640, 0.002776,1,1,0, 0.013074, 0.007865, 0.014391, 0.006768, 37.03, 0.875, 73.61, 0.631, 0.00, 0.000, 0.00, 0.000
14578,155530, 37.03, 38.19, 0.871, 0.907, 0.021643, 0.001946,1,1,0, 0.018038, 0.010510, 0.018373, 0.009763, 37.03, 0.871, 74.53, 0.689, 0.00, 0.000, 0.00, 0.000
14579,155541, 73.61, 37.61, 0.763, 0.791, 0.019569, 0.001363,1,1,0, 0.012242, 0.006604, 0.012074, 0.005359, 73.61, 0.763, 36.80, 0.710, 0.00, 0.000, 0.00, 0.000
14580,155552, 37.26, 37.46, 0.893, 0.923, 0.017789, 0.000955,1,1,0, 0.020305, 0.008073, 0.019168, 0.007820, 37.26, 0.893, 74.53, 0.851, 0.00, 0.000, 0.00, 0.000
14581,155562, 36.80, 37.19, 0.952, 0.965, 0.016086, 0.000669,1,1,0, 0.010645, 0.005868, 0.011601, 0.005546, 36.80, 0.952, 73.61, 0.857, 0.00, 0.000, 0.00, 0.000
14582,155573, 37.03, 37.12, 0.869, 0.906, 0.015043, 0.000799,1,1,0, 0.020404, 0.010598, 0.015632, 0.009162, 37.03, 0.869, 74.07, 0.799, 0.00, 0.000, 0.00, 0.000
14583,155584, 37.38, 37.23, 0.828, 0.876, 0.016612, 0.015637,1,1,0, 0.020545, 0.008509, 0.020104, 0.007363, 37.38, 0.828, 74.53, 0.819, 0.00, 0.000, 0.00, 0.000
14584,155594, 75.00, 37.39, 0.841, 0.853, 0.015263, 0.010958,1,1,0, 0.020099, 0.006418, 0.019002, 0.005730, 75.00, 0.841, 37.61, 0.796, 30.07, 0.168, 0.00, 0.000
14585,155605, 36.80, 37.14, 0.936, 0.954, 0.013807, 0.007679,1,1,0, 0.014479, 0.006437, 0.013060, 0.005312, 36.80, 0.936, 73.61, 0.812, 0.00, 0.000, 0.00, 0.000
14586,155616, 36.92, 37.05, 0.861, 0.900, 0.014057, 0.006473,1,1,0, 0.016552, 0.009782, 0.016356, 0.008956, 36.92, 0.861, 73.61, 0.829, 0.00, 0.000, 0.00, 0.000
14587,155626, 75.00, 37.24, 0.891, 0.911, 0.014291, 0.007143,1,1,0, 0.016879, 0.008314, 0.016198, 0.007852, 75.00, 0.891, 37.50, 0.876, 0.00, 0.000, 0.00, 0.000
14588,155637, 74.07, 37.20, 0.841, 0.869, 0.013024, 0.005006,1,1,0, 0.011203, 0.005711, 0.010353, 0.004772, 74.07, 0.841, 37.15, 0.819, 30.61, 0.125, 0.00, 0.000
14589,155648, 73.17, 36.99, 0.835, 0.873, 0.012538, 0.003508,1,1,0, 0.016924, 0.008045, 0.013209, 0.007241, 73.17, 0.835, 36.69, 0.824, 50.42, 0.039, 0.00, 0.000
14590,155658, 37.03, 37.01, 0.790, 0.849, 0.012816, 0.005793,1,1,0, 0.015954, 0.008842, 0.015235, 0.007687, 37.03, 0.790, 73.61, 0.772, 0.00, 0.000, 0.00, 0.000
14591,155669, 74.53, 37.31, 0.787, 0.839, 0.015742, 0.015357,1,1,0, 0.018095, 0.009954, 0.019985, 0.008619, 74.53, 0.787, 37.73, 0.777, 47.24, 0.001, 0.00, 0.000
14592,155680, 36.25, 36.86, 0.851, 0.893, 0.014323, 0.010761,1,1,0, 0.013184, 0.006994, 0.009714, 0.004991, 36.25, 0.851, 73.61, 0.674, 0.00, 0.000, 0.00, 0.000
14593,155690, 36.69, 36.79, 0.740, 0.813, 0.013296, 0.007541,1,1,0, 0.017718, 0.009089, 0.013580, 0.007319, 36.69, 0.740, 74.53, 0.609, 32.00, 0.187, 0.00, 0.000
14594,155701, 36.80, 36.80, 0.776, 0.839, 0.013847, 0.006372,1,1,0, 0.014283, 0.007271, 0.016844, 0.007851, 36.80, 0.776, 74.07, 0.621, 0.00, 0.000, 0.00, 0.000
14595,155712, 37.73, 37.19, 0.761, 0.828, 0.014219, 0.007900,1,1,0, 0.018587, 0.007964, 0.017309, 0.007504, 37.73, 0.761, 75.94, 0.724, 47.05, 0.174, 0.00, 0.000
14596,155722, 36.58, 36.93, 0.913, 0.937, 0.013111, 0.005536,1,1,0, 0.013812, 0.007348, 0.013777, 0.006239, 36.58, 0.913, 73.17, 0.800, 0.00, 0.000, 0.00, 0.000
14597,155733, 37.03, 36.97, 0.918, 0.941, 0.013149, 0.005128,1,1,0, 0.015962, 0.009006, 0.014357, 0.008187, 37.03, 0.918, 74.53, 0.816, 0.00, 0.000, 0.00, 0.000
14598,155744, 36.80, 36.90, 0.867, 0.904, 0.012040, 0.003594,1,1,0, 0.012115, 0.005463, 0.008130, 0.004665, 36.80, 0.867, 73.61, 0.801, 0.00, 0.000, 0.00, 0.000
14599,155754, 37.61, 37.20, 0.881, 0.914, 0.013770, 0.011448,1,1,0, 0.021235, 0.009838, 0.018274, 0.007424, 37.61, 0.881, 75.47, 0.844, 0.00, 0.000, 0.00, 0.000
14600,155765, 36.80, 37.03, 0.864, 0.902, 0.012829, 0.008022,1,1,0, 0.017768, 0.008131, 0.012751, 0.006868, 36.80, 0.864, 73.17, 0.786, 0.00, 0.000, 0.00, 0.000
14601,155776, 30.69, 34.37, 0.628, 0.589, 0.042158, 0.066101,1,1,0, 0.119296, 0.054077, 0.059860, 0.026644, 30.69, 0.628, 162.16, 0.576, 78.43, 0.323, 37.85, 0.167
14602,155786, 40.95, 38.98, 0.551, 0.556, 0.655592, 0.907353,1,1,1, 0.975370, 0.490620, 0.854024, 0.409922, 40.95, 0.551, 31.25, 0.022, 0.00, 0.000, 0.00, 0.000
14603,155797, 41.52, 40.76, 0.445, 0.465, 0.594189, 0.635854,1,1,0, 0.625112, 0.148489, 0.522914, 0.204349, 41.52, 0.445, 57.41, 0.109, 93.02, 0.098, 0.00, 0.000
14604,155808, 54.54, 50.40, 0.789, 0.763, 0.871753, 0.787801,1,1,0, 1.000000, 0.646224, 1.095343, 0.595049, 54.54, 0.789, 33.33, 0.225, 100.84, 0.118, 0.00, 0.000
14605,155818, 55.29, 53.83, 0.923, 0.927, 0.796469, 0.552075,1,1,0, 0.999999, 0.474321, 0.787135, 0.365619, 55.29, 0.923, 34.88, 0.374, 97.56, 0.171, 0.00, 0.000
14606,155829, 55.55, 55.03, 0.994, 0.995, 0.849586, 0.438651,1,1,0, 1.000000, 0.426411, 1.022792, 0.467278, 55.55, 0.994, 35.50, 0.173, 101.69, 0.119, 0.00, 0.000
14607,155840, 55.55, 55.40, 0.998, 0.999, 0.919608, 0.470172,1,1,0, 1.000000, 0.634577, 1.032751, 0.578137, 55.55, 0.998, 99.17, 0.093, 35.50, 0.090, 126.31, 0.089
14608,155850, 55.55, 55.50, 0.996, 0.997, 0.819677, 0.329487,1,1,0, 0.324899, 0.118317, 0.243804, 0.131292, 55.55, 0.996, 33.89, 0.083, 94.48, 0.081, 122.44, 0.062
14609,155861, 55.55, 55.54, 0.998, 0.998, 0.887015, 0.440817,1,1,0, 1.000000, 0.643513, 1.044145, 0.585269, 55.55, 0.998, 125.00, 0.088, 35.82, 0.076, 0.00, 0.000
14610,155872, 55.55, 55.55, 0.999, 0.999, 0.812516, 0.308915,1,1,0, 0.999999, 0.465145, 0.806694, 0.371927, 55.55, 0.999, 35.19, 0.344, 98.36, 0.180, 0.00, 0.000
14611,155882, 55.55, 55.55, 0.998, 0.998, 0.853135, 0.406343,1,1,0, 1.000000, 0.446456, 1.040683, 0.478892, 55.55, 0.998, 36.36, 0.150, 108.10, 0.128, 0.00, 0.000
14612,155893, 55.55, 55.55, 0.999, 0.999, 0.928224, 0.608770,1,1,0, 1.000000, 0.626934, 1.069348, 0.575569, 55.55, 0.999, 109.09, 0.136, 36.14, 0.131, 0.00, 0.000
14613,155904, 55.55, 55.55, 0.998, 0.998, 0.832565, 0.426613,1,1,0, 0.585105, 0.192310, 0.456043, 0.183642, 55.55, 0.998, 109.09, 0.134, 36.58, 0.100, 0.00, 0.000
14614,155914, 55.55, 55.55, 0.999, 0.999, 0.893532, 0.538116,1,1,0, 1.000000, 0.634199, 1.066460, 0.576476, 55.55, 0.999, 116.50, 0.124, 37.97, 0.086, 0.00, 0.000
14615,155925, 55.55, 55.55, 0.999, 0.999, 0.819262, 0.377101,1,1,0, 0.999999, 0.442551, 0.805677, 0.366688, 55.55, 0.999, 35.08, 0.408, 100.00, 0.228, 0.00, 0.000
14616,155936, 55.55, 55.55, 0.999, 0.999, 0.861079, 0.478090,1,1,0, 1.000000, 0.479110, 1.059947, 0.490939, 55.55, 0.999, 36.80, 0.243, 111.11, 0.197, 0.00, 0.000
14617,155946, 55.55, 55.55, 0.999, 0.999, 0.917368, 0.616620,1,1,0, 1.000000, 0.592654, 1.057181, 0.548443, 55.55, 0.999, 35.92, 0.174, 107.14, 0.168, 0.00, 0.000
14618,155957, 55.55, 55.55, 0.999, 0.999, 0.829241, 0.432114,1,1,0, 0.833754, 0.278553, 0.783166, 0.256430, 55.55, 0.999, 109.09, 0.170, 36.58, 0.165, 0.00, 0.000
14619,155968, 55.55, 55.55, 0.999, 0.999, 0.886374, 0.552059,1,1,0, 1.000000, 0.628002, 1.053429, 0.565792, 55.55, 0.999, 115.38, 0.145, 37.73, 0.093, 0.00, 0.000
14620,155978, 55.55, 55.55, 0.999, 0.999, 0.814005, 0.386872,1,1,0, 0.999999, 0.383239, 0.826323, 0.349500, 55.55, 0.999, 34.78, 0.431, 98.36, 0.235, 0.00, 0.000
14621,155989, 55.55, 55.55, 0.999, 0.999, 0.852189, 0.473901,1,1,0, 0.999999, 0.532364, 1.037006, 0.511198, 55.55, 0.999, 37.26, 0.347, 113.20, 0.256, 0.00, 0.000
14622,156000, 55.55, 55.55, 0.999, 0.999, 0.882532, 0.585106,1,1,0, 0.999999, 0.544712, 1.027023, 0.499063, 55.55, 0.999, 35.60, 0.229, 104.34, 0.205, 0.00, 0.000
14623,156010, 55.55, 55.55, 0.999, 0.999, 0.818471, 0.410030,1,1,0, 0.955796, 0.368763, 1.003709, 0.348820, 55.55, 0.999, 111.11, 0.207, 36.92, 0.207, 0.00, 0.000
14624,156021, 55.55, 55.55, 0.999, 0.999, 0.873582, 0.541613,1,1,0, 0.999999, 0.621209, 1.028140, 0.559689, 55.55, 0.999, 114.28, 0.192, 37.61, 0.163, 0.00, 0.000
14625,156032, 55.55, 55.55, 0.999, 0.999, 0.798645, 0.379552,1,1,0, 0.999999, 0.318327, 0.818745, 0.310990, 55.55, 0.999, 34.58, 0.376, 99.17, 0.222, 0.00, 0.000
14626,156042, 55.55, 55.55, 0.999, 0.999, 0.839094, 0.441391,1,1,0, 0.999999, 0.575482, 1.002055, 0.535068, 55.55, 0.999, 37.50, 0.402, 115.38, 0.303, 0.00, 0.000
14627,156053, 55.55, 55.55, 0.999, 0.999, 0.805338, 0.411942,1,1,0, 0.999999, 0.502860, 0.923154, 0.445315, 55.55, 0.999, 35.50, 0.358, 104.34, 0.274, 0.00, 0.000
14628,156064, 55.55, 55.55, 0.999, 0.999, 0.807659, 0.370909,1,1,0, 0.924592, 0.438102, 0.992458, 0.429586, 55.55, 0.999, 111.11, 0.241, 37.03, 0.228, 0.00, 0.000
14629,156074, 55.55, 55.55, 0.999, 0.999, 0.853069, 0.470489,1,1,0, 0.999999, 0.606829, 0.982305, 0.551248, 55.55, 0.999, 113.20, 0.249, 37.26, 0.238, 0.00, 0.000
14630,156085, 55.55, 55.55, 0.999, 0.999, 0.777444, 0.329709,1,1,0, 0.558088, 0.284290, 0.487218, 0.287087, 55.55, 0.999, 34.58, 0.302, 102.56, 0.225, 0.00, 0.000
14631,156096, 55.55, 55.55, 0.999, 0.999, 0.813273, 0.402261,1,1,0, 0.999999, 0.590232, 0.963826, 0.537441, 55.55, 0.999, 37.61, 0.358, 115.38, 0.303, 0.00, 0.000
14632,156106, 55.55, 55.55, 0.999, 0.999, 0.774546, 0.281896,1,1,0, 0.999999, 0.491649, 0.841593, 0.421287, 55.55, 0.999, 35.50, 0.511, 104.34, 0.346, 0.00, 0.000
14633,156117, 55.55, 55.55, 0.999, 0.999, 0.790289, 0.355086,1,1,0, 0.872881, 0.466647, 0.955928, 0.470781, 55.55, 0.999, 112.14, 0.267, 37.15, 0.247, 0.00, 0.000
14634,156128, 55.55, 55.55, 0.999, 0.999, 0.833705, 0.425908,1,1,0, 0.999999, 0.589622, 0.943734, 0.543679, 55.55, 0.999, 112.14, 0.290, 37.03, 0.283, 0.00, 0.000
14635,156138, 55.55, 55.55, 0.999, 0.999, 0.762360, 0.298467,1,1,0, 0.503909, 0.320408, 0.526562, 0.307797, 55.55, 0.999, 109.09, 0.271, 35.60, 0.264, 0.00, 0.000
14636,156149, 55.55, 55.55, 0.999, 0.999, 0.796281, 0.348083,1,1,0, 0.999999, 0.588629, 0.925466, 0.527744, 55.55, 0.999, 114.28, 0.299, 37.50, 0.292, 0.00, 0.000
14637,156160, 55.55, 55.55, 0.999, 0.999, 0.772297, 0.301972,1,1,0, 0.999999, 0.503442, 0.852544, 0.439929, 55.55, 0.999, 35.60, 0.603, 104.34, 0.413, 0.00, 0.000
14638,156170, 55.55, 55.55, 0.999, 0.999, 0.772779, 0.306704,1,1,0, 0.808308, 0.471854, 0.915668, 0.477867, 55.55, 0.999, 111.11, 0.319, 37.03, 0.319, 0.00, 0.000
14639,156181, 55.55, 55.55, 0.999, 0.999, 0.809508, 0.376994,1,1,0, 0.999999, 0.562321, 0.903887, 0.526368, 55.55, 0.999, 111.11, 0.311, 36.92, 0.294, 0.00, 0.000
14640,156192, 55.55, 55.55, 0.999, 0.999, 0.746292, 0.264189,1,1,0, 0.566580, 0.371243, 0.564987, 0.343273, 55.55, 0.999, 109.09, 0.320, 36.47, 0.320, 0.00, 0.000
14641,156202, 55.55, 55.55, 0.999, 0.999, 0.774982, 0.290334,1,1,0, 0.999999, 0.580219, 0.872515, 0.512651, 55.55, 0.999, 114.28, 0.295, 37.61, 0.253, 0.00, 0.000
14642,156213, 55.55, 55.55, 0.999, 0.999, 0.770394, 0.396402,1,1,0, 0.999999, 0.500855, 0.863862, 0.458710, 55.55, 0.999, 35.60, 0.599, 104.34, 0.430, 0.00, 0.000
14643,156224, 55.55, 55.55, 0.999, 0.999, 0.756338, 0.277791,1,1,0, 0.742544, 0.491380, 0.852852, 0.483937, 55.55, 0.999, 37.03, 0.430, 111.11, 0.387, 0.00, 0.000
14644,156234, 55.55, 55.55, 0.999, 0.999, 0.781534, 0.354363,1,1,0, 0.999999, 0.533545, 0.858994, 0.502622, 55.55, 0.999, 110.09, 0.338, 36.69, 0.312, 0.00, 0.000
14645,156245, 55.55, 55.55, 0.999, 0.999, 0.727486, 0.248331,1,1,0, 0.645722, 0.425649, 0.628812, 0.390163, 55.55, 0.999, 36.47, 0.371, 109.09, 0.365, 0.00, 0.000
14646,156256, 55.55, 55.55, 0.999, 0.999, 0.751021, 0.356431,1,1,0, 0.999999, 0.571905, 0.868979, 0.502934, 55.55, 0.999, 113.20, 0.332, 37.61, 0.296, 0.00, 0.000
14647,156266, 55.55, 55.55, 0.999, 0.999, 0.758653, 0.467411,1,1,0, 0.999999, 0.458315, 0.864310, 0.442382, 55.55, 0.999, 35.39, 0.548, 104.34, 0.415, 0.00, 0.000
14648,156277, 55.55, 55.55, 0.999, 0.999, 0.733012, 0.327552,1,1,0, 0.999999, 0.526059, 0.798785, 0.497452, 55.55, 0.999, 37.38, 0.543, 113.20, 0.454, 0.00, 0.000
14649,156288, 55.55, 55.55, 0.999, 0.999, 0.751510, 0.399262,1,1,0, 0.999999, 0.511252, 0.856466, 0.477143, 55.55, 0.999, 109.09, 0.370, 36.47, 0.356, 0.00, 0.000
14650,156298, 55.55, 55.55, 0.999, 0.999, 0.705149, 0.279794,1,1,0, 0.673770, 0.463794, 0.731089, 0.428803, 55.55, 0.999, 110.09, 0.387, 36.69, 0.379, 0.00, 0.000
14651,156309, 55.55, 55.55, 0.999, 0.999, 0.729928, 0.385208,1,1,0, 0.999999, 0.566395, 0.861334, 0.506326, 55.55, 0.999, 113.20, 0.392, 37.50, 0.384, 0.00, 0.000
14652,156320, 55.55, 55.55, 0.999, 0.999, 0.692902, 0.357732,1,1,0, 0.924769, 0.414777, 0.795213, 0.410861, 55.55, 0.999, 35.08, 0.503, 104.34, 0.402, 0.00, 0.000
14653,156330, 55.55, 55.55, 0.999, 0.999, 0.706673, 0.344685,1,1,0, 0.999999, 0.552367, 0.854494, 0.507223, 55.55, 0.999, 37.50, 0.604, 114.28, 0.500, 0.00, 0.000
14654,156341, 55.55, 55.55, 0.999, 0.999, 0.719528, 0.411703,1,1,0, 0.978480, 0.501917, 0.836628, 0.461408, 55.55, 0.999, 36.03, 0.466, 108.10, 0.431, 0.00, 0.000
14655,156352, 55.55, 55.55, 0.999, 0.999, 0.684470, 0.288513,1,1,0, 0.690814, 0.485814, 0.716700, 0.455180, 55.55, 0.999, 111.11, 0.399, 36.92, 0.372, 0.00, 0.000
14656,156362, 55.55, 55.55, 0.999, 0.999, 0.706185, 0.363226,1,1,0, 0.958053, 0.540488, 0.828823, 0.498438, 55.55, 0.999, 37.38, 0.438, 113.20, 0.430, 0.00, 0.000
14657,156373, 55.55, 55.55, 0.999, 0.999, 0.665314, 0.254541,1,1,0, 0.685051, 0.418489, 0.708814, 0.405235, 55.55, 0.999, 35.08, 0.429, 107.14, 0.401, 0.00, 0.000
14658,156384, 55.55, 55.55, 0.999, 0.999, 0.683639, 0.303089,1,1,0, 0.943682, 0.550960, 0.814463, 0.493268, 55.55, 0.999, 37.50, 0.570, 114.28, 0.500, 0.00, 0.000
14659,156394, 55.55, 55.55, 0.999, 0.999, 0.698656, 0.306158,1,1,0, 0.903255, 0.511591, 0.786585, 0.471491, 55.55, 0.999, 35.82, 0.625, 106.19, 0.510, 0.00, 0.000
14660,156405, 55.55, 55.55, 0.999, 0.999, 0.690605, 0.214549,1,1,0, 0.732254, 0.505167, 0.746205, 0.476983, 55.55, 0.999, 111.11, 0.428, 37.03, 0.390, 0.00, 0.000
14661,156416, 55.55, 55.55, 0.999, 0.999, 0.687013, 0.242202,1,1,0, 0.882099, 0.495976, 0.773965, 0.474444, 55.55, 0.999, 112.14, 0.457, 37.15, 0.454, 0.00, 0.000
14662,156426, 55.55, 55.55, 0.999, 0.999, 0.669394, 0.169730,1,1,0, 0.720496, 0.460251, 0.732015, 0.430373, 55.55, 0.999, 109.09, 0.444, 36.25, 0.423, 0.00, 0.000
14663,156437, 55.55, 55.55, 0.999, 0.999, 0.660852, 0.196788,1,1,0, 0.858658, 0.522597, 0.756042, 0.453818, 55.55, 0.999, 37.38, 0.481, 113.20, 0.475, 0.00, 0.000
14664,156448, 55.55, 55.55, 0.999, 0.999, 0.682111, 0.183947,1,1,0, 0.818876, 0.517966, 0.756883, 0.491013, 55.55, 0.999, 35.92, 0.713, 106.19, 0.564, 0.00, 0.000
14665,156458, 55.55, 55.55, 0.999, 0.999, 0.702842, 0.272978,1,1,0, 0.773894, 0.510343, 0.772604, 0.480631, 55.55, 0.999, 112.14, 0.470, 37.15, 0.455, 0.00, 0.000
14666,156469, 55.55, 55.55, 0.999, 0.999, 0.673815, 0.191298,1,1,0, 0.808926, 0.459950, 0.716634, 0.448388, 55.55, 0.999, 111.11, 0.470, 37.15, 0.454, 0.00, 0.000
14667,156480, 55.55, 55.55, 0.999, 0.999, 0.688360, 0.255197,1,1,0, 0.765449, 0.501422, 0.775844, 0.463498, 55.55, 0.999, 110.09, 0.492, 36.58, 0.482, 0.00, 0.000
14668,156490, 55.55, 55.55, 0.999, 0.999, 0.652169, 0.178837,1,1,0, 0.787420, 0.505186, 0.691726, 0.426850, 55.55, 0.999, 112.14, 0.476, 37.26, 0.438, 0.00, 0.000
14669,156501, 55.55, 55.55, 0.999, 0.999, 0.683790, 0.276664,1,1,0, 0.781323, 0.506897, 0.795135, 0.499372, 55.55, 0.999, 36.03, 0.718, 107.14, 0.586, 0.00, 0.000
14670,156512, 55.55, 55.55, 0.999, 0.999, 0.717332, 0.368788,1,1,0, 0.791561, 0.508962, 0.802208, 0.474498, 55.55, 0.999, 37.15, 0.561, 112.14, 0.533, 0.00, 0.000
14671,156522, 55.55, 55.55, 0.999, 0.999, 0.675116, 0.258439,1,1,0, 0.753613, 0.433999, 0.655145, 0.419910, 55.55, 0.999, 111.11, 0.487, 37.03, 0.460, 0.00, 0.000
14672,156533, 55.55, 55.55, 0.999, 0.999, 0.700590, 0.308709,1,1,0, 0.781597, 0.519686, 0.796459, 0.480234, 55.55, 0.999, 110.09, 0.518, 36.69, 0.508, 0.00, 0.000
14673,156544, 55.55, 55.55, 0.999, 0.999, 0.662270, 0.216337,1,1,0, 0.767639, 0.500354, 0.653456, 0.423832, 55.55, 0.999, 112.14, 0.508, 37.38, 0.478, 0.00, 0.000
14674,156554, 55.55, 55.55, 0.999, 0.999, 0.699035, 0.325051,1,1,0, 0.795494, 0.486152, 0.821411, 0.490446, 55.55, 0.999, 36.03, 0.664, 107.14, 0.575, 0.00, 0.000
14675,156565, 55.55, 55.55, 0.999, 0.999, 0.736544, 0.425407,1,1,0, 0.808566, 0.510160, 0.831269, 0.470716, 55.55, 0.999, 37.26, 0.658, 112.14, 0.594, 0.00, 0.000
14676,156576, 55.55, 55.55, 0.999, 0.999, 0.691233, 0.298117,1,1,0, 0.747221, 0.438629, 0.670468, 0.414701, 55.55, 0.999, 110.09, 0.525, 36.80, 0.509, 0.00, 0.000
14677,156586, 55.55, 55.55, 0.999, 0.999, 0.713335, 0.327544,1,1,0, 0.779270, 0.524228, 0.810163, 0.482168, 55.55, 0.999, 110.09, 0.531, 36.69, 0.508, 0.00, 0.000
14678,156597, 55.55, 55.55, 0.988, 0.992, 0.665364, 0.229536,1,1,0, 0.687398, 0.389071, 0.607510, 0.367317, 55.55, 0.988, 111.11, 0.544, 37.15, 0.525, 0.00, 0.000
14679,156608, 55.29, 55.44, 0.904, 0.931, 0.603044, 0.160854,1,1,0, 0.490007, 0.190559, 0.389744, 0.184371, 55.29, 0.904, 35.60, 0.554, 108.10, 0.518, 0.00, 0.000
14680,156618, 30.15, 55.71, 0.947, 0.782, 0.542073, 0.112723,1,1,0, 0.269161, 0.148215, 0.198142, 0.130603, 30.15, 0.947, 56.07, 0.698, 115.38, 0.573, 39.08, 0.496
14681,156629, 31.66, 45.61, 0.849, 0.796, 0.482707, 0.078994,1,1,0, 0.169086, 0.087711, 0.104166, 0.071957, 31.66, 0.849, 58.82, 0.400, 107.14, 0.371, 41.09, 0.263
14682,156640, 68.57, 46.21, 0.571, 0.532, 0.427565, 0.055357,1,1,0, 0.107219, 0.059433, 0.089375, 0.047861, 68.57, 0.571, 47.05, 0.482, 144.57, 0.374, 32.43, 0.211
14683,156650, 44.60, 45.54, 0.679, 0.676, 0.378505, 0.038793,1,1,0, 0.086470, 0.050058, 0.063686, 0.038186, 44.60, 0.679, 54.54, 0.439, 0.00, 0.000, 0.00, 0.000
14684,156661, 53.33, 45.29, 0.574, 0.477, 0.333976, 0.027185,1,1,0, 0.066240, 0.029564, 0.051181, 0.027116, 53.33, 0.574, 44.94, 0.446, 0.00, 0.000, 0.00, 0.000
14685,156672, 30.37, 39.02, 0.768, 0.764, 0.295607, 0.019051,1,1,0, 0.064277, 0.038364, 0.053327, 0.029673, 30.37, 0.768, 57.97, 0.553, 0.00, 0.000, 0.00, 0.000
14686,156682, 65.21, 50.02, 0.789, 0.740, 0.260767, 0.013350,1,1,0, 0.044641, 0.025239, 0.029894, 0.019102, 65.21, 0.789, 30.07, 0.744, 0.00, 0.000, 0.00, 0.000
14687,156693, 65.93, 50.02, 0.458, 0.666, 0.229017, 0.009355,1,1,0, 0.018131, 0.007464, 0.015620, 0.007907, 65.93, 0.458, 34.48, 0.257, 48.19, 0.118, 31.00, 0.078
14688,156704, 55.55, 50.02, 0.345, 0.600, 0.201690, 0.006556,1,1,0, 0.030110, 0.016364, 0.022453, 0.011861, 55.55, 0.345, 46.87, 0.312, 68.18, 0.158, 40.40, 0.038
14689,156714, 30.61, 41.87, 0.723, 0.684, 0.177782, 0.004594,1,1,0, 0.039927, 0.015206, 0.044689, 0.016326, 30.61, 0.723, 44.77, 0.289, 55.29, 0.179, 68.96, 0.125
14690,156725, 30.92, 41.87, 0.435, 0.615, 0.156636, 0.003219,1,1,0, 0.024975, 0.014329, 0.024324, 0.010894, 30.92, 0.435, 68.57, 0.384, 39.86, 0.343, 56.07, 0.220
14691,156736, 40.54, 41.31, 0.714, 0.717, 0.138707, 0.002256,1,1,0, 0.028710, 0.014794, 0.033385, 0.015707, 40.54, 0.714, 67.41, 0.422, 100.00, 0.202, 57.69, 0.095
14692,156746, 40.40, 40.93, 0.672, 0.689, 0.122602, 0.001581,1,1,0, 0.029766, 0.012408, 0.027985, 0.011469, 40.40, 0.672, 68.18, 0.548, 31.57, 0.534, 133.33, 0.295
14693,156757, 40.26, 40.65, 0.804, 0.837, 0.108803, 0.001108,1,1,0, 0.032050, 0.016358, 0.029124, 0.014124, 40.26, 0.804, 122.44, 0.481, 59.11, 0.460, 0.00, 0.000
14694,156768, 30.76, 40.43, 0.834, 0.807, 0.096274, 0.000776,1,1,0, 0.023059, 0.009957, 0.025785, 0.011126, 30.76, 0.834, 40.13, 0.749, 126.31, 0.620, 57.69, 0.533
14695,156778, 30.61, 36.30, 0.766, 0.760, 0.085428, 0.000544,1,1,0, 0.042724, 0.013634, 0.040662, 0.012270, 30.61, 0.766, 120.00, 0.570, 57.97, 0.522, 40.81, 0.480
14696,156789, 40.81, 38.20, 0.728, 0.720, 0.076293, 0.000381,1,1,0, 0.045226, 0.018787, 0.042471, 0.017289, 40.81, 0.728, 30.76, 0.698, 126.31, 0.407, 63.49, 0.336
14697,156800, 40.13, 39.01, 0.808, 0.804, 0.067848, 0.000267,1,1,0, 0.032625, 0.014646, 0.024940, 0.011540, 40.13, 0.808, 31.33, 0.536, 67.03, 0.412, 58.53, 0.281
14698,156810, 40.26, 39.54, 0.897, 0.915, 0.061048, 0.000187,1,1,0, 0.029257, 0.016449, 0.032128, 0.016137, 40.26, 0.897, 30.07, 0.663, 115.38, 0.255, 66.66, 0.221
14699,156821, 66.29, 40.07, 0.534, 0.480, 0.070289, 0.056391,1,1,0, 0.114837, 0.058737, 0.082284, 0.039611, 66.29, 0.534, 40.81, 0.438, 0.00, 0.000, 0.00, 0.000
14700,156832, 63.82, 40.07, 0.538, 0.432, 0.066943, 0.039518,1,1,0, 0.102461, 0.054222, 0.059719, 0.045580, 63.82, 0.538, 31.74, 0.300, 0.00, 0.000, 0.00, 0.000
14701,156842, 45.28, 40.07, 0.397, 0.389, 0.063108, 0.027693,1,1,0, 0.113287, 0.073175, 0.063726, 0.039860, 45.28, 0.397, 0.00, 0.000, 0.00, 0.000, 0.00, 0.000
14702,156853, 41.23, 40.56, 0.756, 0.740, 0.058340, 0.019407,1,1,0, 0.060795, 0.032436, 0.062070, 0.033480, 41.23, 0.756, 0.00, 0.000, 0.00, 0.000, 0.00, 0.000
14703,156864, 32.00, 40.32, 0.686, 0.574, 0.052127, 0.013600,1,1,0, 0.025002, 0.010928, 0.020216, 0.010230, 32.00, 0.686, 34.18, 0.626, 40.00, 0.544, 0.00, 0.000
14704,156874, 34.98, 38.08, 0.569, 0.538, 0.046423, 0.009530,1,1,0, 0.020427, 0.009991, 0.020759, 0.008681, 34.98, 0.569, 64.51, 0.032, 0.00, 0.000, 0.00, 0.000
14705,156885, 32.00, 35.52, 0.778, 0.733, 0.041730, 0.006678,1,1,0, 0.024201, 0.012890, 0.020454, 0.011156, 32.00, 0.778, 42.40, 0.473, 131.86, 0.092, 65.93, 0.035
14706,156896, 115.38, 35.52, 0.299, 0.660, 0.037267, 0.004680,1,1,0, 0.021407, 0.012196, 0.014466, 0.007196, 115.38, 0.299, 62.17, 0.294, 31.49, 0.291, 0.00, 0.000
14707,156906, 31.25, 33.73, 0.878, 0.834, 0.034404, 0.003279,1,1,0, 0.041822, 0.020423, 0.035174, 0.016976, 31.25, 0.878, 40.81, 0.554, 72.72, 0.344, 114.28, 0.215
14708,156917, 40.67, 36.64, 0.644, 0.604, 0.030986, 0.002298,1,1,0, 0.018200, 0.010446, 0.014849, 0.007958, 40.67, 0.644, 73.17, 0.481, 0.00, 0.000, 0.00, 0.000
14709,156928, 40.54, 38.28, 0.727, 0.701, 0.028928, 0.001610,1,1,0, 0.028341, 0.018534, 0.023103, 0.015942, 40.54, 0.727, 74.07, 0.535, 0.00, 0.000, 0.00, 0.000
14710,156938, 40.54, 39.23, 0.826, 0.817, 0.026059, 0.001128,1,1,0, 0.012059, 0.005178, 0.011329, 0.006920, 40.54, 0.826, 73.61, 0.491, 0.00, 0.000, 0.00, 0.000
14711,156949, 40.26, 39.66, 0.872, 0.882, 0.025327, 0.005062,1,1,0, 0.037123, 0.020077, 0.027262, 0.017030, 40.26, 0.872, 75.94, 0.428, 0.00, 0.000, 0.00, 0.000
14712,156960, 40.81, 40.14, 0.830, 0.847, 0.023221, 0.003547,1,1,0, 0.035270, 0.016462, 0.023259, 0.010227, 40.81, 0.830, 73.61, 0.553, 107.14, 0.052, 0.00, 0.000
14713,156970, 37.97, 39.23, 0.645, 0.703, 0.021409, 0.002486,1,1,0, 0.033104, 0.013954, 0.017027, 0.009500, 37.97, 0.645, 73.61, 0.543, 109.09, 0.087, 0.00, 0.000
14714,156981, 73.17, 39.23, 0.574, 0.633, 0.019690, 0.001742,1,1,0, 0.017528, 0.009714, 0.015742, 0.008573, 73.17, 0.574, 40.54, 0.378, 111.11, 0.177, 0.00, 0.000
14715,156992, 37.26, 38.40, 0.758, 0.780, 0.017927, 0.001220,1,1,0, 0.015565, 0.006314, 0.012976, 0.006664, 37.26, 0.758, 74.53, 0.307, 43.63, 0.145, 31.91, 0.112
14716,157002, 31.83, 38.40, 0.644, 0.702, 0.016705, 0.002498,1,1,0, 0.027896, 0.010542, 0.017735, 0.008274, 31.83, 0.644, 112.14, 0.398, 73.61, 0.371, 56.87, 0.309
14717,157013, 56.60, 38.40, 0.388, 0.632, 0.015223, 0.001750,1,1,0, 0.014772, 0.006092, 0.012592, 0.005857, 56.60, 0.388, 45.62, 0.297, 117.64, 0.242, 226.41, 0.237
14718,157024, 31.25, 35.40, 0.606, 0.569, 0.014270, 0.001227,1,1,0, 0.019518, 0.012568, 0.013136, 0.008319, 31.25, 0.606, 363.63, 0.208, 40.54, 0.173, 117.64, 0.147
14719,157034, 352.94, 35.40, 0.336, 0.512, 0.012979, 0.000859,1,1,0, 0.015608, 0.006350, 0.012594, 0.005212, 352.94, 0.336, 38.09, 0.252, 42.10, 0.251, 80.00, 0.233
14720,157045, 76.92, 35.40, 0.259, 0.461, 0.011860, 0.000602,1,1,0, 0.016483, 0.009520, 0.010126, 0.004909, 76.92, 0.259, 37.97, 0.240, 34.48, 0.189, 91.60, 0.136
14721,157056, 36.80, 35.40, 0.416, 0.414, 0.010641, 0.000422,1,1,0, 0.005902, 0.002977, 0.006795, 0.002736, 36.80, 0.416, 91.60, 0.288, 75.00, 0.281, 0.00, 0.000
14722,157066, 41.23, 35.40, 0.372, 0.373, 0.009630, 0.000295,1,1,0, 0.009462, 0.003847, 0.007310, 0.003255, 41.23, 0.372, 92.30, 0.212, 45.80, 0.177, 193.54, 0.124
14723,157077, 41.09, 39.76, 0.636, 0.529, 0.008768, 0.000207,1,1,0, 0.011256, 0.007559, 0.006914, 0.003249, 41.09, 0.636, 45.80, 0.535, 387.09, 0.517, 73.61, 0.349
14724,157088, 193.54, 39.76, 0.417, 0.476, 0.008220, 0.000145,1,1,0, 0.009837, 0.006114, 0.007494, 0.004866, 193.54, 0.417, 46.15, 0.186, 127.65, 0.075, 41.52, 0.051
14725,157098, 37.03, 39.76, 0.382, 0.428, 0.007448, 0.000101,1,1,0, 0.009027, 0.005521, 0.004796, 0.002314, 37.03, 0.382, 193.54, 0.349, 41.09, 0.258, 33.99, 0.255
14726,157109, 73.61, 39.76, 0.040, 0.386, 0.012763, 0.011058,1,1,0, 0.022301, 0.011221, 0.015187, 0.008056, 73.61, 0.040, 0.00, 0.000, 0.00, 0.000, 0.00, 0.000
14727,157120, 30.53, 35.89, 0.516, 0.484, 0.011704, 0.007749,1,1,0, 0.018021, 0.009040, 0.008856, 0.004791, 30.53, 0.516, 72.72, 0.336, 0.00, 0.000, 0.00, 0.000
14728,157130, 73.61, 36.13, 0.692, 0.540, 0.011656, 0.005430,1,1,0, 0.023990, 0.012494, 0.012499, 0.008596, 73.61, 0.692, 36.47, 0.474, 0.00, 0.000, 0.00, 0.000
14729,157141, 74.53, 36.56, 0.825, 0.474, 0.011475, 0.003805,1,1,0, 0.017382, 0.009067, 0.012132, 0.007595, 74.53, 0.825, 37.15, 0.391, 0.00, 0.000, 0.00, 0.000
14730,157152, 74.53, 36.90, 0.915, 0.856, 0.011116, 0.002667,1,1,0, 0.021996, 0.012737, 0.012283, 0.007518, 74.53, 0.915, 37.38, 0.800, 0.00, 0.000, 0.00, 0.000
14731,157162, 75.00, 37.10, 0.895, 0.882, 0.014120, 0.010974,1,1,0, 0.021429, 0.014143, 0.016468, 0.009099, 75.00, 0.895, 37.38, 0.837, 0.00, 0.000, 0.00, 0.000
14732,157173, 73.61, 36.93, 0.797, 0.734, 0.012894, 0.007690,1,1,0, 0.012746, 0.006255, 0.010010, 0.005068, 73.61, 0.797, 36.69, 0.633, 0.00, 0.000, 0.00, 0.000
14733,157184, 37.03, 36.97, 0.952, 0.965, 0.012106, 0.005389,1,1,0, 0.013140, 0.008805, 0.011643, 0.007142, 37.03, 0.952, 74.53, 0.762, 0.00, 0.000, 0.00, 0.000
14734,157194, 37.26, 37.09, 0.997, 0.998, 0.016331, 0.011226,1,1,0, 0.025557, 0.015214, 0.019754, 0.010744, 37.26, 0.997, 74.53, 0.767, 0.00, 0.000, 0.00, 0.000
14735,157205, 37.38, 37.21, 0.836, 0.882, 0.014858, 0.007867,1,1,0, 0.014040, 0.007012, 0.011205, 0.005267, 37.38, 0.836, 75.47, 0.546, 0.00, 0.000, 0.00, 0.000
14736,157216, 36.92, 37.09, 0.867, 0.904, 0.014088, 0.005513,1,1,0, 0.016653, 0.010013, 0.014081, 0.009263, 36.92, 0.867, 74.53, 0.563, 0.00, 0.000, 0.00, 0.000
14737,157226, 37.15, 37.11, 0.883, 0.915, 0.012969, 0.003863,1,1,0, 0.012546, 0.007036, 0.011056, 0.005534, 37.15, 0.883, 74.53, 0.530, 0.00, 0.000, 0.00, 0.000
14738,157237, 73.61, 36.98, 0.856, 0.735, 0.012864, 0.004699,1,1,0, 0.017153, 0.008205, 0.015200, 0.007542, 73.61, 0.856, 36.80, 0.633, 0.00, 0.000, 0.00, 0.000
14739,157248, 75.00, 37.15, 0.902, 0.898, 0.012097, 0.003293,1,1,0, 0.016350, 0.008640, 0.012191, 0.007461, 75.00, 0.902, 37.38, 0.859, 0.00, 0.000, 0.00, 0.000
14740,157258, 37.15, 37.15, 0.871, 0.907, 0.011839, 0.003454,1,1,0, 0.019605, 0.010998, 0.013016, 0.008474, 37.15, 0.871, 74.07, 0.845, 0.00, 0.000, 0.00, 0.000
14741,157269, 37.03, 37.10, 0.885, 0.917, 0.015832, 0.023334,1,1,0, 0.026458, 0.016301, 0.022442, 0.010427, 37.03, 0.885, 74.53, 0.871, 0.00, 0.000, 0.00, 0.000
14742,157280, 66.29, 49.36, 0.570, 0.535, 0.022281, 0.016352,1,1,0, 0.034840, 0.026343, 0.026407, 0.016245, 66.29, 0.570, 31.16, 0.510, 0.00, 0.000, 0.00, 0.000
14743,157290, 34.09, 49.36, 0.137, 0.481, 0.020642, 0.011459,1,1,0, 0.011735, 0.007007, 0.010939, 0.009196, 34.09, 0.137, 0.00, 0.000, 0.00, 0.000, 0.00, 0.000
14744,157301, 36.58, 43.99, 0.742, 0.696, 0.018563, 0.008030,1,1,0, 0.013136, 0.006506, 0.008052, 0.004558, 36.58, 0.742, 0.00, 0.000, 0.00, 0.000, 0.00, 0.000
14745,157312, 33.70, 39.67, 0.961, 0.902, 0.016462, 0.005627,1,1,0, 0.005093, 0.002721, 0.004929, 0.002112, 33.70, 0.961, 0.00, 0.000, 0.00, 0.000, 0.00, 0.000
14746,157322, 33.70, 38.23, 0.953, 0.859, 0.014752, 0.003943,1,1,0, 0.009062, 0.006307, 0.004750, 0.003014, 33.70, 0.953, 31.00, 0.929, 36.25, 0.878, 0.00, 0.000
14747,157333, 36.58, 37.54, 0.891, 0.894, 0.013374, 0.002763,1,1,0, 0.006484, 0.004138, 0.006120, 0.003973, 36.58, 0.891, 34.18, 0.865, 0.00, 0.000, 0.00, 0.000
14748,157344, 36.92, 37.28, 0.957, 0.969, 0.012070, 0.001936,1,1,0, 0.007421, 0.004277, 0.005392, 0.003362, 36.92, 0.957, 33.99, 0.916, 40.67, 0.811, 0.00, 0.000
14749,157354, 33.99, 37.13, 0.916, 0.933, 0.010851, 0.001357,1,1,0, 0.009752, 0.006899, 0.004152, 0.002632, 33.99, 0.916, 36.92, 0.907, 0.00, 0.000, 0.00, 0.000
14750,157365, 33.89, 36.80, 0.979, 0.933, 0.009868, 0.000951,1,1,0, 0.004730, 0.003096, 0.005873, 0.003499, 33.89, 0.979, 36.36, 0.912, 0.00, 0.000, 0.00, 0.000
14751,157376, 33.80, 36.76, 0.983, 0.896, 0.008915, 0.000666,1,1,0, 0.005899, 0.003490, 0.004082, 0.002489, 33.80, 0.983, 31.16, 0.895, 36.69, 0.862, 0.00, 0.000
14752,157386, 37.03, 36.87, 0.904, 0.929, 0.007962, 0.000467,1,1,0, 0.004748, 0.002473, 0.003087, 0.001509, 37.03, 0.904, 33.99, 0.884, 40.40, 0.701, 0.00, 0.000
14753,157397, 37.15, 36.99, 0.889, 0.919, 0.007184, 0.000327,1,1,0, 0.004063, 0.002173, 0.003067, 0.001934, 37.15, 0.889, 34.09, 0.811, 41.09, 0.741, 31.49, 0.489
14754,157408, 37.26, 37.10, 0.925, 0.946, 0.006424, 0.000229,1,1,0, 0.005096, 0.003762, 0.002711, 0.001319, 37.26, 0.925, 41.09, 0.837, 33.89, 0.764, 31.00, 0.593
14755,157418, 33.80, 37.03, 0.928, 0.844, 0.005775, 0.000160,1,1,0, 0.003818, 0.001923, 0.003061, 0.001467, 33.80, 0.928, 31.00, 0.923, 387.09, 0.812, 36.92, 0.807
14756,157429, 193.54, 102.76, 0.600, 0.550, 0.005378, 0.000112,1,1,0, 0.008361, 0.006343, 0.004565, 0.002874, 193.54, 0.600, 30.53, 0.412, 125.00, 0.367, 93.75, 0.205
14757,157440, 387.09, 140.89, 0.898, 0.690, 0.004815, 0.000078,1,1,0, 0.007029, 0.004927, 0.002036, 0.001045, 387.09, 0.898, 193.54, 0.670, 31.08, 0.575, 127.65, 0.381
14758,157450, 387.09, 161.71, 0.905, 0.713, 0.004422, 0.000055,1,1,0, 0.004516, 0.002372, 0.003336, 0.001897, 387.09, 0.905, 190.47, 0.706, 126.31, 0.483, 94.48, 0.303
14759,157461, 30.30, 106.52, 0.658, 0.617, 0.004073, 0.000038,1,1,0, 0.005447, 0.002893, 0.003058, 0.001837, 30.30, 0.658, 193.54, 0.508, 126.31, 0.062, 0.00, 0.000
14760,157472, 31.00, 74.80, 0.795, 0.746, 0.003806, 0.000027,1,1,0, 0.006493, 0.003517, 0.003451, 0.002133, 31.00, 0.795, 33.80, 0.482, 46.51, 0.366, 200.00, 0.304
14761,157482, 33.99, 57.66, 0.805, 0.755, 0.003532, 0.000019,1,1,0, 0.004999, 0.003502, 0.003427, 0.001827, 33.99, 0.805, 31.00, 0.773, 37.26, 0.773, 41.37, 0.613
14762,157493, 193.54, 57.66, 0.487, 0.680, 0.003174, 0.000013,1,1,0, 0.005772, 0.004292, 0.001731, 0.000812, 193.54, 0.487, 127.65, 0.170, 33.99, 0.101, 31.16, 0.080
14763,157504, 30.84, 46.40, 0.563, 0.545, 0.002885, 0.000009,1,1,0, 0.004491, 0.002689, 0.002282, 0.001075, 30.84, 0.563, 190.47, 0.440, 125.00, 0.291, 93.02, 0.289
14764,157514, 387.09, 189.49, 0.805, 0.716, 0.003210, 0.002979,1,1,0, 0.004774, 0.002489, 0.003874, 0.001841, 387.09, 0.805, 190.47, 0.467, 62.50, 0.396, 74.53, 0.387
14765,157525, 53.33, 132.30, 0.632, 0.593, 0.004384, 0.003300,1,1,0, 0.006942, 0.004092, 0.004949, 0.003330, 53.33, 0.632, 47.61, 0.495, 61.53, 0.306, 30.76, 0.172
14766,157536, 46.15, 96.12, 0.571, 0.536, 0.012550, 0.043630,1,1,0, 0.025260, 0.009356, 0.025029, 0.006928, 46.15, 0.571, 52.17, 0.453, 41.81, 0.385, 37.03, 0.104
14767,157546, 43.95, 74.21, 0.915, 0.859, 0.046890, 0.043266,1,1,0, 0.055905, 0.041305, 0.053488, 0.033166, 43.95, 0.915, 0.00, 0.000, 0.00, 0.000, 0.00, 0.000
14768,157557, 57.14, 62.26, 0.750, 0.749, 0.456578, 0.930323,1,1,1, 0.795678, 0.320349, 0.695111, 0.270648, 57.14, 0.750, 0.00, 0.000, 0.00, 0.000, 0.00, 0.000
14769,157568, 30.15, 39.78, 0.691, 0.685, 0.602367, 0.736737,1,1,0, 0.977979, 0.358097, 0.798817, 0.326447, 30.15, 0.691, 71.42, 0.593, 61.85, 0.469, 54.79, 0.374
14770,157578, 73.17, 34.51, 0.725, 0.629, 0.674847, 0.618637,1,1,0, 0.904140, 0.340109, 0.922930, 0.340608, 73.17, 0.725, 32.25, 0.626, 142.85, 0.020, 0.00, 0.000
14771,157589, 74.07, 36.12, 0.901, 0.859, 0.711809, 0.433528,1,1,0, 0.999999, 0.446643, 0.853712, 0.427470, 74.07, 0.901, 36.80, 0.805, 139.53, 0.044, 47.43, 0.041
14772,157600, 37.15, 36.84, 0.990, 0.993, 0.731679, 0.456326,1,1,0, 0.999999, 0.472942, 0.887940, 0.429106, 37.15, 0.990, 74.07, 0.984, 30.07, 0.190, 50.00, 0.092
14773,157610, 74.53, 37.05, 0.983, 0.987, 0.784860, 0.641159,1,1,0, 0.926001, 0.469033, 0.946830, 0.433337, 74.53, 0.983, 37.15, 0.983, 151.89, 0.053, 50.00, 0.004
14774,157621, 37.15, 37.12, 0.983, 0.988, 0.736441, 0.449311,1,1,0, 0.928039, 0.338856, 0.819874, 0.295199, 37.15, 0.983, 74.53, 0.978, 148.14, 0.062, 48.97, 0.043
14775,157632, 37.15, 37.14, 0.979, 0.985, 0.697078, 0.314868,1,1,0, 0.838416, 0.311025, 0.849176, 0.317057, 37.15, 0.979, 74.53, 0.979, 139.53, 0.038, 47.43, 0.029
14776,157642, 37.15, 37.14, 0.984, 0.988, 0.722983, 0.429269,1,1,0, 0.959767, 0.455145, 0.898882, 0.426962, 37.15, 0.984, 74.53, 0.983, 148.14, 0.011, 49.58, 0.007
14777,157653, 37.15, 37.15, 0.998, 0.999, 0.729574, 0.347273,1,1,0, 0.941349, 0.438493, 0.851207, 0.415675, 37.15, 0.998, 74.53, 0.992, 30.45, 0.124, 51.50, 0.048
14778,157664, 37.15, 37.15, 0.999, 0.999, 0.753627, 0.472142,1,1,0, 0.987053, 0.444036, 0.872041, 0.418312, 37.15, 0.999, 74.07, 0.995, 0.00, 0.000, 0.00, 0.000
14779,157674, 37.15, 37.15, 0.999, 0.999, 0.697365, 0.330867,1,1,0, 0.938564, 0.332870, 0.752913, 0.268184, 37.15, 0.999, 74.53, 0.996, 48.00, 0.040, 137.93, 0.014
14780,157685, 74.53, 37.15, 0.997, 0.996, 0.687695, 0.376427,1,1,0, 0.808296, 0.303162, 0.874942, 0.324937, 74.53, 0.997, 37.15, 0.995, 46.51, 0.010, 127.65, 0.005
14781,157696, 74.53, 37.15, 0.998, 0.998, 0.706601, 0.389135,1,1,0, 0.905017, 0.441356, 0.863276, 0.413477, 74.53, 0.998, 37.15, 0.997, 0.00, 0.000, 0.00, 0.000
14782,157706, 74.53, 37.15, 0.998, 0.997, 0.720246, 0.365513,1,1,0, 0.934180, 0.432315, 0.839960, 0.409569, 74.53, 0.998, 37.15, 0.996, 30.69, 0.084, 52.40, 0.012
14783,157717, 74.53, 37.15, 0.998, 0.998, 0.740379, 0.455074,1,1,0, 0.949573, 0.423058, 0.852287, 0.400587, 74.53, 0.998, 37.15, 0.998, 0.00, 0.000, 0.00, 0.000
14784,157728, 37.15, 37.15, 0.999, 0.999, 0.687649, 0.318907,1,1,0, 0.931054, 0.333196, 0.743917, 0.271348, 37.15, 0.999, 74.53, 0.998, 46.87, 0.004, 0.00, 0.000
14785,157738, 74.53, 37.15, 0.998, 0.998, 0.676844, 0.363488,1,1,0, 0.754545, 0.297816, 0.851602, 0.323230, 74.53, 0.998, 37.15, 0.998, 45.62, 0.000, 0.00, 0.000
14786,157749, 37.15, 37.15, 0.999, 0.999, 0.691498, 0.374376,1,1,0, 0.920044, 0.426660, 0.837397, 0.400463, 37.15, 0.999, 74.53, 0.999, 30.45, 0.005, 0.00, 0.000
14787,157760, 37.15, 37.15, 0.999, 0.999, 0.708606, 0.430502,1,1,0, 0.886514, 0.423731, 0.836392, 0.397201, 37.15, 0.999, 74.53, 0.999, 31.00, 0.002, 0.00, 0.000
14788,157770, 37.15, 37.15, 0.999, 0.999, 0.718286, 0.435073,1,1,0, 0.897219, 0.387823, 0.822648, 0.364988, 37.15, 0.999, 74.53, 0.998, 31.83, 0.019, 0.00, 0.000
14789,157781, 37.15, 37.15, 0.999, 0.999, 0.662775, 0.304890,1,1,0, 0.891536, 0.297339, 0.716232, 0.260061, 37.15, 0.999, 74.53, 0.998, 0.00, 0.000, 0.00, 0.000
14790,157792, 37.15, 37.15, 0.999, 0.999, 0.658389, 0.343896,1,1,0, 0.889948, 0.337599, 0.817470, 0.339982, 37.15, 0.999, 74.53, 0.998, 0.00, 0.000, 0.00, 0.000
14791,157802, 37.15, 37.15, 0.999, 0.999, 0.672991, 0.367473,1,1,0, 0.891160, 0.413664, 0.811094, 0.386769, 37.15, 0.999, 74.53, 0.999, 30.84, 0.005, 0.00, 0.000
14792,157813, 37.15, 37.15, 0.999, 0.999, 0.689009, 0.403922,1,1,0, 0.877142, 0.410189, 0.805630, 0.386217, 37.15, 0.999, 74.53, 0.999, 0.00, 0.000, 0.00, 0.000
14793,157824, 37.15, 37.15, 0.999, 0.999, 0.675102, 0.445476,1,1,0, 0.880154, 0.350158, 0.800644, 0.316065, 37.15, 0.999, 74.53, 0.999, 32.00, 0.061, 0.00, 0.000
14794,157834, 37.15, 37.15, 0.999, 0.999, 0.631851, 0.312181,1,1,0, 0.754217, 0.272932, 0.800367, 0.266669, 37.15, 0.999, 74.53, 0.998, 0.00, 0.000, 0.00, 0.000
14795,157845, 37.15, 37.15, 0.999, 0.999, 0.644496, 0.337110,1,1,0, 0.866844, 0.375604, 0.793021, 0.361526, 37.15, 0.999, 74.53, 0.998, 44.77, 0.016, 0.00, 0.000
14796,157856, 37.15, 37.15, 0.999, 0.999, 0.657655, 0.354536,1,1,0, 0.859238, 0.402581, 0.785091, 0.375407, 37.15, 0.999, 74.53, 0.999, 31.16, 0.017, 0.00, 0.000
14797,157866, 37.15, 37.15, 0.999, 0.999, 0.674297, 0.390352,1,1,0, 0.855036, 0.400575, 0.780328, 0.378384, 37.15, 0.999, 74.53, 0.999, 0.00, 0.000, 0.00, 0.000
14798,157877, 37.15, 37.15, 0.999, 0.999, 0.626595, 0.273551,1,1,0, 0.844900, 0.309979, 0.682110, 0.263177, 37.15, 0.999, 74.53, 0.998, 31.83, 0.042, 0.00, 0.000
14799,157888, 37.15, 37.15, 0.999, 0.999, 0.614852, 0.304778,1,1,0, 0.688064, 0.273271, 0.774779, 0.286205, 37.15, 0.999, 74.53, 0.999, 45.11, 0.019, 0.00, 0.000
14800,157898, 37.15, 37.15, 0.999, 0.999, 0.628831, 0.327373,1,1,0, 0.841116, 0.388262, 0.768703, 0.366959, 37.15, 0.999, 74.53, 0.999, 44.77, 0.033, 114.28, 0.004
14801,157909, 37.15, 37.15, 0.999, 0.999, 0.641189, 0.350341,1,1,0, 0.829788, 0.390043, 0.761579, 0.364438, 37.15, 0.999, 74.53, 0.998, 31.25, 0.045, 54.54, 0.005
14802,157920, 37.15, 37.15, 0.999, 0.999, 0.659721, 0.409595,1,1,0, 0.817107, 0.389642, 0.761973, 0.368224, 37.15, 0.999, 74.53, 0.999, 0.00, 0.000, 0.00, 0.000
14803,157930, 37.15, 37.15, 0.999, 0.999, 0.607418, 0.287036,1,1,0, 0.804753, 0.293953, 0.651680, 0.236481, 37.15, 0.999, 74.07, 0.998, 31.57, 0.034, 45.45, 0.013
14804,157941, 37.15, 37.15, 0.999, 0.999, 0.599937, 0.302197,1,1,0, 0.673225, 0.268184, 0.752216, 0.290968, 37.15, 0.999, 74.07, 0.998, 44.77, 0.062, 114.28, 0.030
14805,157952, 37.15, 37.15, 0.999, 0.999, 0.615855, 0.338005,1,1,0, 0.797836, 0.385863, 0.752204, 0.361345, 37.15, 0.999, 74.07, 0.998, 44.77, 0.035, 114.28, 0.015
14806,157962, 37.15, 37.15, 0.999, 0.999, 0.631423, 0.376670,1,1,0, 0.787160, 0.382634, 0.750661, 0.357939, 37.15, 0.999, 74.53, 0.998, 31.33, 0.055, 54.54, 0.016
14807,157973, 37.15, 37.15, 0.999, 0.999, 0.647632, 0.409770,1,1,0, 0.777810, 0.376674, 0.745065, 0.356999, 37.15, 0.999, 74.07, 0.999, 31.74, 0.047, 55.04, 0.018
14808,157984, 37.15, 37.15, 0.999, 0.999, 0.593307, 0.287158,1,1,0, 0.774364, 0.292985, 0.623538, 0.234418, 37.15, 0.999, 74.07, 0.999, 45.28, 0.023, 115.38, 0.014
14809,157994, 37.15, 37.15, 0.999, 0.999, 0.592931, 0.318702,1,1,0, 0.666397, 0.267918, 0.742320, 0.290333, 37.15, 0.999, 74.07, 0.999, 44.77, 0.092, 113.20, 0.051
14810,158005, 37.15, 37.15, 0.999, 0.999, 0.608069, 0.349160,1,1,0, 0.761279, 0.378057, 0.741482, 0.352122, 37.15, 0.999, 74.53, 0.999, 44.77, 0.023, 113.20, 0.014
14811,158016, 37.15, 37.15, 0.999, 0.999, 0.624520, 0.385209,1,1,0, 0.753234, 0.376371, 0.740275, 0.353825, 37.15, 0.999, 74.07, 0.998, 31.41, 0.038, 54.79, 0.016
14812,158026, 37.15, 37.15, 0.999, 0.999, 0.638490, 0.434390,1,1,0, 0.741680, 0.359112, 0.740679, 0.338363, 37.15, 0.999, 74.07, 0.999, 31.83, 0.118, 55.55, 0.051
14813,158037, 37.15, 37.15, 0.999, 0.999, 0.581184, 0.304412,1,1,0, 0.735855, 0.281135, 0.594044, 0.235865, 37.15, 0.999, 74.07, 0.999, 45.11, 0.027, 115.38, 0.020
14814,158048, 37.15, 37.15, 0.999, 0.999, 0.586398, 0.341567,1,1,0, 0.668250, 0.289895, 0.739640, 0.298194, 37.15, 0.999, 74.07, 0.999, 44.60, 0.105, 112.14, 0.060
14815,158058, 37.15, 37.15, 0.999, 0.999, 0.599743, 0.380592,1,1,0, 0.727460, 0.371063, 0.736583, 0.343524, 37.15, 0.999, 74.07, 0.999, 31.49, 0.039, 54.79, 0.024
14816,158069, 37.15, 37.15, 0.999, 0.999, 0.617227, 0.411955,1,1,0, 0.720229, 0.371040, 0.731106, 0.350675, 37.15, 0.999, 74.07, 0.999, 214.28, 0.013, 55.04, 0.011
14817,158080, 37.15, 37.15, 0.999, 0.999, 0.619470, 0.445631,1,1,0, 0.714437, 0.330127, 0.726432, 0.303713, 37.15, 0.999, 74.07, 0.999, 32.00, 0.187, 55.81, 0.079
14818,158090, 37.15, 37.15, 0.999, 0.999, 0.570655, 0.312289,1,1,0, 0.705726, 0.267318, 0.703294, 0.243776, 37.15, 0.999, 74.07, 0.999, 45.11, 0.035, 114.28, 0.028
14819,158101, 37.15, 37.15, 0.999, 0.999, 0.582719, 0.333553,1,1,0, 0.705871, 0.323945, 0.723045, 0.317838, 37.15, 0.999, 74.07, 0.999, 44.44, 0.111, 112.14, 0.066
14820,158112, 37.15, 37.15, 0.999, 0.999, 0.595411, 0.357946,1,1,0, 0.694916, 0.364484, 0.722430, 0.336037, 37.15, 0.999, 74.07, 0.999, 31.41, 0.074, 55.04, 0.044
14821,158122, 37.15, 37.15, 0.999, 0.999, 0.612400, 0.404504,1,1,0, 0.693090, 0.364836, 0.723255, 0.345577, 37.15, 0.999, 74.07, 0.999, 218.18, 0.016, 55.29, 0.011
14822,158133, 37.15, 37.15, 0.999, 0.999, 0.570910, 0.355526,1,1,0, 0.686950, 0.292362, 0.672593, 0.254908, 37.15, 0.999, 74.07, 0.999, 32.08, 0.207, 55.81, 0.090
14823,158144, 37.15, 37.15, 0.999, 0.999, 0.562758, 0.320317,1,1,0, 0.657194, 0.263933, 0.723104, 0.263715, 37.15, 0.999, 74.07, 0.999, 44.77, 0.060, 113.20, 0.047
14824,158154, 37.15, 37.15, 0.999, 0.999, 0.576543, 0.355688,1,1,0, 0.679799, 0.349733, 0.720984, 0.332873, 37.15, 0.999, 74.07, 0.999, 44.44, 0.113, 112.14, 0.073
14825,158165, 37.15, 37.15, 0.999, 0.999, 0.588938, 0.387382,1,1,0, 0.670816, 0.357920, 0.716227, 0.330427, 37.15, 0.999, 74.07, 0.999, 31.49, 0.101, 55.04, 0.059
14826,158176, 37.15, 37.15, 0.999, 0.999, 0.607124, 0.423088,1,1,0, 0.659678, 0.359600, 0.712228, 0.340287, 37.15, 0.999, 74.07, 0.999, 218.18, 0.030, 55.55, 0.026
14827,158186, 37.15, 37.15, 0.999, 0.999, 0.551379, 0.296492,1,1,0, 0.658160, 0.270054, 0.520475, 0.218607, 37.15, 0.999, 74.07, 0.999, 31.83, 0.169, 55.55, 0.084
14828,158197, 37.15, 37.15, 0.999, 0.999, 0.556887, 0.313034,1,1,0, 0.636508, 0.264503, 0.705341, 0.279758, 37.15, 0.999, 74.07, 0.999, 44.60, 0.104, 112.14, 0.075
14829,158208, 37.15, 37.15, 0.999, 0.999, 0.573079, 0.339037,1,1,0, 0.657435, 0.357287, 0.704429, 0.334419, 37.15, 0.999, 74.07, 0.999, 44.44, 0.104, 112.14, 0.073
14830,158218, 37.15, 37.15, 0.999, 0.999, 0.587218, 0.368262,1,1,0, 0.652079, 0.353644, 0.702639, 0.328055, 37.15, 0.999, 74.07, 0.999, 31.49, 0.099, 55.04, 0.060
14831,158229, 37.15, 37.15, 0.999, 0.999, 0.603624, 0.397054,1,1,0, 0.649416, 0.354137, 0.698593, 0.335191, 37.15, 0.999, 74.07, 0.999, 31.83, 0.070, 55.55, 0.054
14832,158240, 37.15, 37.15, 0.999, 0.999, 0.547780, 0.278247,1,1,0, 0.644642, 0.267468, 0.502302, 0.210980, 37.15, 0.999, 74.07, 0.999, 31.66, 0.111, 55.29, 0.068
14833,158250, 37.15, 37.15, 0.999, 0.999, 0.554890, 0.308769,1,1,0, 0.638062, 0.264073, 0.698401, 0.282672, 37.15, 0.999, 74.07, 0.999, 44.44, 0.141, 111.11, 0.096
14834,158261, 37.15, 37.15, 0.999, 0.999, 0.569279, 0.336905,1,1,0, 0.637859, 0.352291, 0.696752, 0.326733, 37.15, 0.999, 74.07, 0.999, 44.44, 0.084, 112.14, 0.065
14835,158272, 37.15, 37.15, 0.999, 0.999, 0.583980, 0.367294,1,1,0, 0.634692, 0.349995, 0.694242, 0.327648, 37.15, 0.999, 74.07, 0.999, 31.57, 0.077, 55.29, 0.052
14836,158282, 37.15, 37.15, 0.999, 0.999, 0.599602, 0.403986,1,1,0, 0.636442, 0.342567, 0.693198, 0.322974, 37.15, 0.999, 74.07, 0.999, 31.91, 0.135, 55.55, 0.084
14837,158293, 37.15, 37.15, 0.999, 0.999, 0.544965, 0.283105,1,1,0, 0.628433, 0.264362, 0.481351, 0.215665, 37.15, 0.999, 74.07, 0.999, 44.94, 0.059, 113.20, 0.053
14838,158304, 37.15, 37.15, 0.999, 0.999, 0.552492, 0.309100,1,1,0, 0.635640, 0.274546, 0.691352, 0.284794, 37.15, 0.999, 74.07, 0.999, 44.44, 0.160, 111.11, 0.108
14839,158314, 37.15, 37.15, 0.999, 0.999, 0.564294, 0.339147,1,1,0, 0.629595, 0.344697, 0.688712, 0.317416, 37.15, 0.999, 74.07, 0.999, 44.44, 0.063, 31.66, 0.058
14840,158325, 37.15, 37.15, 0.999, 0.999, 0.580745, 0.378984,1,1,0, 0.630313, 0.347142, 0.689257, 0.327199, 37.15, 0.999, 74.07, 0.999, 218.18, 0.046, 55.29, 0.041
14841,158336, 37.15, 37.15, 0.999, 0.999, 0.591289, 0.414457,1,1,0, 0.630893, 0.317838, 0.687269, 0.295329, 37.15, 0.999, 74.07, 0.999, 32.00, 0.222, 56.07, 0.119
14842,158346, 37.15, 37.15, 0.999, 0.999, 0.539235, 0.290443,1,1,0, 0.617067, 0.258250, 0.621704, 0.226882, 37.15, 0.999, 74.07, 0.999, 44.77, 0.062, 112.14, 0.058
14843,158357, 37.15, 37.15, 0.999, 0.999, 0.549155, 0.317809,1,1,0, 0.624940, 0.299967, 0.684514, 0.297232, 37.15, 0.999, 74.07, 0.999, 44.28, 0.169, 111.11, 0.114
14844,158368, 37.15, 37.15, 0.999, 0.999, 0.561683, 0.354774,1,1,0, 0.624121, 0.340288, 0.684900, 0.311185, 37.15, 0.999, 74.07, 0.999, 31.57, 0.096, 55.29, 0.072
14845,158378, 37.15, 37.15, 0.999, 0.999, 0.578735, 0.384996,1,1,0, 0.627086, 0.343392, 0.682774, 0.324920, 37.15, 0.999, 74.07, 0.999, 222.22, 0.044, 55.55, 0.036
14846,158389, 37.15, 37.15, 0.999, 0.999, 0.553259, 0.412985,1,1,0, 0.605242, 0.283048, 0.671374, 0.251925, 37.15, 0.999, 74.07, 0.999, 32.08, 0.273, 56.07, 0.137
14847,158400, 37.15, 37.15, 0.999, 0.999, 0.534713, 0.293039,1,1,0, 0.622853, 0.259478, 0.680413, 0.250317, 37.15, 0.999, 74.07, 0.999, 44.60, 0.078, 112.14, 0.069
14848,158410, 37.15, 37.15, 0.999, 0.999, 0.548439, 0.325442,1,1,0, 0.621030, 0.325979, 0.679995, 0.311820, 37.15, 0.999, 74.07, 0.999, 44.28, 0.162, 110.09, 0.112
14849,158421, 37.15, 37.15, 0.999, 0.999, 0.560191, 0.355555,1,1,0, 0.621138, 0.336075, 0.677841, 0.306965, 37.15, 0.999, 74.07, 0.999, 31.57, 0.127, 55.29, 0.086
14850,158432, 37.15, 37.15, 0.999, 0.999, 0.576158, 0.381833,1,1,0, 0.610371, 0.340318, 0.673264, 0.322538, 37.15, 0.999, 74.07, 0.999, 222.22, 0.050, 55.81, 0.046
14851,158442, 37.15, 37.15, 0.999, 0.999, 0.524618, 0.267580,1,1,0, 0.589050, 0.255566, 0.474402, 0.209574, 37.15, 0.999, 74.07, 0.999, 32.00, 0.245, 55.81, 0.127
14852,158453, 74.07, 37.15, 0.996, 0.996, 0.532647, 0.298613,1,1,0, 0.613070, 0.268917, 0.674047, 0.275555, 74.07, 0.996, 37.15, 0.994, 44.60, 0.134, 111.11, 0.101
14853,158464, 74.53, 37.20, 0.951, 0.946, 0.487928, 0.209262,1,1,0, 0.392327, 0.229607, 0.401742, 0.207457, 74.53, 0.951, 37.26, 0.926, 44.28, 0.094, 111.11, 0.038
14854,158474, 74.53, 37.03, 0.901, 0.783, 0.439349, 0.146646,1,1,0, 0.212854, 0.133278, 0.176691, 0.113632, 74.53, 0.901, 36.80, 0.698, 0.00, 0.000, 0.00, 0.000
14855,158485, 73.17, 36.84, 0.887, 0.858, 0.390902, 0.102767,1,1,0, 0.073166, 0.044710, 0.108713, 0.059651, 73.17, 0.887, 36.58, 0.803, 0.00, 0.000, 0.00, 0.000
14856,158496, 75.00, 37.37, 0.911, 0.883, 0.345535, 0.072017,1,1,0, 0.086917, 0.051816, 0.063761, 0.033552, 75.00, 0.911, 38.09, 0.837, 0.00, 0.000, 0.00, 0.000
14857,158506, 76.43, 37.37, 0.783, 0.714, 0.304101, 0.050468,1,1,0, 0.041242, 0.015008, 0.036331, 0.017964, 76.43, 0.783, 37.38, 0.606, 0.00, 0.000, 0.00, 0.000
14858,158517, 74.53, 52.98, 0.714, 0.670, 0.267265, 0.035367,1,1,0, 0.022232, 0.012972, 0.017299, 0.010158, 74.53, 0.714, 0.00, 0.000, 0.00, 0.000, 0.00, 0.000
14859,158528, 33.61, 44.84, 0.756, 0.710, 0.234886, 0.024784,1,1,0, 0.018877, 0.009003, 0.020934, 0.009804, 33.61, 0.756, 31.83, 0.684, 62.17, 0.104, 73.61, 0.075
14860,158538, 74.53, 64.78, 0.645, 0.521, 0.206343, 0.017368,1,1,0, 0.021883, 0.011860, 0.017959, 0.007887, 74.53, 0.645, 92.30, 0.533, 62.82, 0.436, 37.15, 0.307
14861,158549, 74.53, 53.17, 0.599, 0.514, 0.181195, 0.012171,1,1,0, 0.012726, 0.005936, 0.012733, 0.005881, 74.53, 0.599, 31.00, 0.594, 387.09, 0.582, 33.89, 0.559
14862,158560, 74.53, 62.14, 0.756, 0.710, 0.159167, 0.008529,1,1,0, 0.009167, 0.005177, 0.010637, 0.005490, 74.53, 0.756, 92.30, 0.750, 387.09, 0.633, 41.37, 0.507
14863,158570, 31.00, 49.06, 0.784, 0.774, 0.139772, 0.005977,1,1,0, 0.008990, 0.004739, 0.008030, 0.004406, 31.00, 0.784, 93.02, 0.758, 375.00, 0.680, 33.80, 0.676
14864,158581, 93.02, 47.99, 0.871, 0.865, 0.122923, 0.004188,1,1,0, 0.014652, 0.006911, 0.011963, 0.005833, 93.02, 0.871, 46.51, 0.813, 31.00, 0.800, 74.53, 0.787
14865,158592, 46.51, 47.37, 0.829, 0.877, 0.108031, 0.002935,1,1,0, 0.009243, 0.005003, 0.007450, 0.004156, 46.51, 0.829, 93.02, 0.808, 375.00, 0.790, 30.92, 0.753
14866,158602, 30.92, 46.93, 0.881, 0.834, 0.094965, 0.002057,1,1,0, 0.007679, 0.004373, 0.007464, 0.003789, 30.92, 0.881, 93.02, 0.796, 41.23, 0.785, 375.00, 0.783
14867,158613, 93.02, 46.68, 0.866, 0.806, 0.083535, 0.001441,1,1,0, 0.009242, 0.004232, 0.008516, 0.004007, 93.02, 0.866, 375.00, 0.811, 30.84, 0.805, 123.71, 0.747
14868,158624, 30.92, 46.53, 0.901, 0.861, 0.073503, 0.001010,1,1,0, 0.008553, 0.004444, 0.007386, 0.003716, 30.92, 0.901, 375.00, 0.897, 93.02, 0.890, 123.71, 0.820
14869,158634, 375.00, 66.06, 0.902, 0.880, 0.064734, 0.000707,1,1,0, 0.011813, 0.004579, 0.007725, 0.003768, 375.00, 0.902, 93.02, 0.902, 123.71, 0.838, 74.07, 0.825
14870,158645, 375.00, 77.08, 0.888, 0.777, 0.057091, 0.000496,1,1,0, 0.013036, 0.005966, 0.009043, 0.004271, 375.00, 0.888, 74.07, 0.790, 92.30, 0.767, 184.61, 0.728
14871,158656, 375.00, 96.66, 0.907, 0.693, 0.050377, 0.000347,1,1,0, 0.010698, 0.005249, 0.007953, 0.004015, 375.00, 0.907, 184.61, 0.771, 30.84, 0.730, 92.30, 0.690
14872,158666, 375.00, 134.81, 0.850, 0.726, 0.044618, 0.000243,1,1,0, 0.016672, 0.006089, 0.012421, 0.005056, 375.00, 0.850, 30.92, 0.757, 33.70, 0.748, 187.50, 0.703
14873,158677, 33.70, 92.35, 0.748, 0.702, 0.039871, 0.000170,1,1,0, 0.020332, 0.009237, 0.015443, 0.007733, 33.70, 0.748, 37.03, 0.662, 30.92, 0.656, 387.09, 0.537
14874,158688, 41.23, 70.88, 0.705, 0.662, 0.036191, 0.000119,1,1,0, 0.029959, 0.014992, 0.020234, 0.012049, 41.23, 0.705, 53.09, 0.540, 45.97, 0.530, 37.15, 0.368
14875,158698, 53.09, 63.41, 0.575, 0.539, 0.032110, 0.000083,1,1,0, 0.015712, 0.005778, 0.011345, 0.004312, 53.09, 0.575, 46.33, 0.406, 41.37, 0.385, 33.70, 0.254
14876,158709, 53.81, 59.38, 0.806, 0.757, 0.029119, 0.000058,1,1,0, 0.020424, 0.010888, 0.023219, 0.010159, 53.81, 0.806, 37.15, 0.211, 123.71, 0.122, 33.89, 0.108
14877,158720, 54.05, 57.14, 0.841, 0.817, 0.026051, 0.000041,1,1,0, 0.018419, 0.007462, 0.014284, 0.005833, 54.05, 0.841, 33.70, 0.259, 92.30, 0.146, 36.92, 0.075
14878,158730, 53.57, 55.64, 0.860, 0.852, 0.023507, 0.000028,1,1,0, 0.024391, 0.008967, 0.023721, 0.008845, 53.57, 0.860, 30.84, 0.548, 59.70, 0.461, 33.61, 0.176
14879,158741, 54.05, 54.97, 0.881, 0.892, 0.021783, 0.000020,1,1,0, 0.022780, 0.012383, 0.020553, 0.011208, 54.05, 0.881, 41.09, 0.162, 37.15, 0.042, 93.02, 0.042
14880,158752, 53.57, 54.38, 0.866, 0.883, 0.019464, 0.000014,1,1,0, 0.009590, 0.004284, 0.009152, 0.003878, 53.57, 0.866, 30.92, 0.476, 59.40, 0.463, 41.23, 0.106
14881,158762, 54.05, 54.24, 0.901, 0.926, 0.019103, 0.007707,1,1,0, 0.020984, 0.011765, 0.022209, 0.010635, 54.05, 0.901, 37.03, 0.115, 123.71, 0.092, 33.80, 0.059
14882,158773, 53.81, 54.06, 0.855, 0.885, 0.017302, 0.005401,1,1,0, 0.016389, 0.006836, 0.013615, 0.005920, 53.81, 0.855, 33.80, 0.412, 92.30, 0.222, 36.80, 0.179
14883,158784, 53.57, 53.85, 0.855, 0.882, 0.018140, 0.013748,1,1,0, 0.025213, 0.009561, 0.023942, 0.009060, 53.57, 0.855, 59.40, 0.462, 30.92, 0.363, 33.61, 0.134
14884,158794, 54.05, 53.93, 0.887, 0.914, 0.018484, 0.011223,1,1,0, 0.023064, 0.011768, 0.021222, 0.010705, 54.05, 0.887, 41.09, 0.156, 93.02, 0.113, 123.71, 0.107
14885,158805, 53.57, 53.78, 0.877, 0.907, 0.016636, 0.007865,1,1,0, 0.010585, 0.004766, 0.011787, 0.004674, 53.57, 0.877, 30.92, 0.562, 60.00, 0.478, 41.23, 0.136
14886,158816, 54.05, 53.89, 0.901, 0.929, 0.017780, 0.012941,1,1,0, 0.018941, 0.012423, 0.021775, 0.010896, 54.05, 0.901, 123.71, 0.037, 41.23, 0.017, 93.02, 0.010
14887,158826, 53.81, 53.86, 0.877, 0.911, 0.016220, 0.009069,1,1,0, 0.014529, 0.006669, 0.013517, 0.006356, 53.81, 0.877, 33.89, 0.463, 92.30, 0.188, 36.69, 0.174
14888,158837, 53.57, 53.73, 0.868, 0.898, 0.016803, 0.012848,1,1,0, 0.022170, 0.008656, 0.021962, 0.008357, 53.57, 0.868, 30.84, 0.301, 37.03, 0.196, 123.71, 0.150
14889,158848, 54.29, 53.97, 0.844, 0.872, 0.018593, 0.018303,1,1,0, 0.023665, 0.011488, 0.022984, 0.010206, 54.29, 0.844, 123.71, 0.174, 93.75, 0.138, 37.26, 0.121
14890,158858, 53.81, 53.90, 0.835, 0.865, 0.016986, 0.012826,1,1,0, 0.022109, 0.006475, 0.021371, 0.006123, 53.81, 0.835, 60.00, 0.542, 30.76, 0.336, 40.95, 0.154
14891,158869, 54.05, 53.96, 0.867, 0.895, 0.017773, 0.011072,1,1,0, 0.018144, 0.012135, 0.021073, 0.010670, 54.05, 0.867, 123.71, 0.071, 37.03, 0.061, 41.09, 0.006
14892,158880, 53.57, 53.80, 0.581, 0.627, 0.022292, 0.037541,1,1,0, 0.033534, 0.013126, 0.032177, 0.011310, 53.57, 0.581, 60.00, 0.560, 30.07, 0.456, 36.92, 0.265
14893,158890, 53.33, 53.60, 0.608, 0.627, 0.021378, 0.026308,1,1,0, 0.023453, 0.012325, 0.025070, 0.011043, 53.33, 0.608, 60.60, 0.370, 37.26, 0.367, 31.08, 0.194
14894,158901, 37.15, 53.59, 0.815, 0.705, 0.020839, 0.018436,1,1,0, 0.025286, 0.015087, 0.023892, 0.014650, 37.15, 0.815, 53.57, 0.688, 117.64, 0.501, 0.00, 0.000
14895,158912, 54.29, 53.88, 0.668, 0.688, 0.021042, 0.013255,1,1,0, 0.030004, 0.014417, 0.027387, 0.010134, 54.29, 0.668, 116.50, 0.550, 37.15, 0.315, 34.09, 0.029
14896,158922, 118.81, 54.16, 0.702, 0.639, 0.019418, 0.009289,1,1,0, 0.017980, 0.009174, 0.017801, 0.009673, 118.81, 0.702, 37.38, 0.702, 54.54, 0.617, 0.00, 0.000
14897,158933, 37.38, 54.22, 0.815, 0.632, 0.017586, 0.006509,1,1,0, 0.015059, 0.006296, 0.012564, 0.005834, 37.38, 0.815, 54.29, 0.609, 118.81, 0.579, 0.00, 0.000
14898,158944, 37.03, 47.00, 0.803, 0.754, 0.016189, 0.004561,1,1,0, 0.020350, 0.009090, 0.017189, 0.007664, 37.03, 0.803, 122.44, 0.583, 33.99, 0.327, 53.81, 0.310
14899,158954, 37.03, 42.81, 0.726, 0.682, 0.014716, 0.003196,1,1,0, 0.010446, 0.005640, 0.010587, 0.005274, 37.03, 0.726, 30.69, 0.552, 33.70, 0.457, 122.44, 0.408
14900,158965, 53.33, 42.81, 0.467, 0.613, 0.013436, 0.002240,1,1,0, 0.013657, 0.006591, 0.011678, 0.005401, 53.33, 0.467, 61.85, 0.435, 41.37, 0.380, 46.51, 0.373
14901,158976, 53.09, 47.13, 0.793, 0.745, 0.012358, 0.001569,1,1,0, 0.013215, 0.006624, 0.011735, 0.005756, 53.09, 0.793, 61.53, 0.706, 46.51, 0.609, 41.52, 0.274
14902,158986, 30.92, 40.32, 0.825, 0.827, 0.011223, 0.001100,1,1,0, 0.007200, 0.003878, 0.006940, 0.003721, 30.92, 0.825, 53.09, 0.768, 375.00, 0.682, 61.53, 0.672
14903,158997, 37.03, 38.94, 0.824, 0.857, 0.010269, 0.000770,1,1,0, 0.010804, 0.005348, 0.008549, 0.004365, 37.03, 0.824, 375.00, 0.679, 33.70, 0.653, 41.09, 0.640
14904,159008, 37.15, 38.19, 0.819, 0.869, 0.009413, 0.000540,1,1,0, 0.010364, 0.004276, 0.009225, 0.004253, 37.15, 0.819, 41.23, 0.748, 74.07, 0.681, 375.00, 0.623
14905,159018, 30.92, 39.47, 0.832, 0.790, 0.008778, 0.000378,1,1,0, 0.009666, 0.005271, 0.008789, 0.004855, 30.92, 0.832, 41.23, 0.764, 46.33, 0.691, 61.85, 0.643
14906,159029, 41.23, 40.21, 0.801, 0.832, 0.008236, 0.001088,1,1,0, 0.010364, 0.005690, 0.008731, 0.004615, 41.23, 0.801, 46.33, 0.694, 187.50, 0.585, 53.09, 0.555
14907,159040, 41.23, 40.64, 0.699, 0.722, 0.010352, 0.012905,1,1,0, 0.014074, 0.006071, 0.015106, 0.006282, 41.23, 0.699, 61.85, 0.623, 52.86, 0.466, 184.61, 0.465
14908,159050, 61.85, 36.52, 0.708, 0.682, 0.009794, 0.009043,1,1,0, 0.013063, 0.005974, 0.011290, 0.005541, 61.85, 0.708, 41.09, 0.684, 30.84, 0.638, 37.15, 0.580
14909,159061, 61.85, 36.83, 0.733, 0.719, 0.009669, 0.006337,1,1,0, 0.013723, 0.005355, 0.011692, 0.004969, 61.85, 0.733, 37.26, 0.707, 41.23, 0.572, 93.02, 0.530
14910,159072, 61.85, 47.34, 0.773, 0.786, 0.008886, 0.004441,1,1,0, 0.009515, 0.004360, 0.007400, 0.004051, 61.85, 0.773, 41.23, 0.674, 37.26, 0.527, 123.71, 0.474
14911,159082, 61.85, 40.41, 0.890, 0.691, 0.008206, 0.003112,1,1,0, 0.008523, 0.004431, 0.008073, 0.004110, 61.85, 0.890, 53.09, 0.672, 30.84, 0.662, 41.23, 0.598
14912,159093, 33.70, 36.43, 0.885, 0.682, 0.007840, 0.003201,1,1,0, 0.009622, 0.004225, 0.009259, 0.004005, 33.70, 0.885, 61.85, 0.798, 74.07, 0.692, 30.92, 0.660
14913,159104, 30.92, 34.11, 0.867, 0.904, 0.007548, 0.003093,1,1,0, 0.009654, 0.004478, 0.008866, 0.004315, 30.92, 0.867, 92.30, 0.777, 74.07, 0.744, 61.85, 0.736
14914,159114, 33.70, 33.94, 0.938, 0.955, 0.007192, 0.002168,1,1,0, 0.010975, 0.005247, 0.007836, 0.004078, 33.70, 0.938, 30.92, 0.821, 93.02, 0.765, 53.09, 0.713
14915,159125, 375.00, 32.64, 0.686, 0.623, 0.010426, 0.016352,1,1,0, 0.017422, 0.007893, 0.014151, 0.006477, 375.00, 0.686, 46.33, 0.642, 184.61, 0.642, 61.53, 0.641
14916,159136, 46.33, 33.13, 0.697, 0.507, 0.010368, 0.011459,1,1,0, 0.018835, 0.008033, 0.011994, 0.006331, 46.33, 0.697, 375.00, 0.629, 41.37, 0.548, 53.09, 0.541
14917,159146, 41.23, 36.53, 0.751, 0.705, 0.009834, 0.008030,1,1,0, 0.012497, 0.005369, 0.011169, 0.004733, 41.23, 0.751, 46.33, 0.712, 375.00, 0.624, 53.09, 0.565
14918,159157, 52.86, 43.39, 0.677, 0.635, 0.009022, 0.005627,1,1,0, 0.009102, 0.004075, 0.008330, 0.003917, 52.86, 0.677, 46.33, 0.673, 387.09, 0.614, 41.23, 0.574
14919,159168, 61.53, 44.62, 0.750, 0.714, 0.008307, 0.003943,1,1,0, 0.007844, 0.004171, 0.006641, 0.003704, 61.53, 0.750, 46.33, 0.724, 53.09, 0.647, 41.09, 0.618
14920,159178, 46.33, 38.87, 0.817, 0.815, 0.007650, 0.002763,1,1,0, 0.005485, 0.003613, 0.005579, 0.003398, 46.33, 0.817, 33.70, 0.806, 37.15, 0.802, 30.92, 0.802
14921,159189, 33.70, 100.08, 0.964, 0.918, 0.007087, 0.001936,1,1,0, 0.007641, 0.003910, 0.006531, 0.003542, 33.70, 0.964, 375.00, 0.913, 184.61, 0.902, 123.71, 0.892
14922,159200, 74.07, 73.60, 0.927, 0.929, 0.006801, 0.002592,1,1,0, 0.007822, 0.003943, 0.008070, 0.003771, 74.07, 0.927, 52.86, 0.915, 61.85, 0.912, 37.03, 0.912
14923,159210, 74.07, 55.68, 0.937, 0.950, 0.006529, 0.002568,1,1,0, 0.007674, 0.004007, 0.007554, 0.003714, 74.07, 0.937, 30.92, 0.937, 61.85, 0.899, 33.70, 0.896
14924,159221, 33.70, 47.85, 0.965, 0.939, 0.006122, 0.001800,1,1,0, 0.006764, 0.003885, 0.006416, 0.003545, 33.70, 0.965, 74.07, 0.961, 61.85, 0.925, 37.03, 0.920
14925,159232, 74.07, 40.74, 0.957, 0.950, 0.005765, 0.001261,1,1,0, 0.007072, 0.003695, 0.006306, 0.003517, 74.07, 0.957, 33.70, 0.955, 61.85, 0.940, 30.92, 0.933
14926,159242, 33.70, 39.18, 0.973, 0.964, 0.005620, 0.002041,1,1,0, 0.008021, 0.003937, 0.006505, 0.003611, 33.70, 0.973, 74.07, 0.950, 37.03, 0.950, 61.85, 0.928
14927,159253, 74.07, 38.33, 0.967, 0.958, 0.005478, 0.002384,1,1,0, 0.006456, 0.003717, 0.006139, 0.003507, 74.07, 0.967, 37.15, 0.942, 375.00, 0.929, 93.02, 0.926
14928,159264, 74.07, 37.83, 0.923, 0.938, 0.005673, 0.003481,1,1,0, 0.008941, 0.004397, 0.006717, 0.003670, 74.07, 0.923, 37.15, 0.914, 93.02, 0.903, 41.23, 0.898
14929,159274, 30.92, 37.50, 0.930, 0.870, 0.006626, 0.006051,1,1,0, 0.013867, 0.006925, 0.008478, 0.004361, 30.92, 0.930, 33.70, 0.890, 74.07, 0.842, 53.09, 0.834
14930,159285, 184.61, 60.51, 0.782, 0.593, 0.010088, 0.011235,1,1,0, 0.019009, 0.008436, 0.013179, 0.007005, 184.61, 0.782, 33.70, 0.605, 41.23, 0.592, 92.30, 0.567
14931,159296, 184.61, 73.87, 0.786, 0.632, 0.012786, 0.013154,1,1,0, 0.022719, 0.011179, 0.015943, 0.008109, 184.61, 0.786, 92.30, 0.641, 33.70, 0.634, 61.53, 0.347
14932,159306, 36.92, 48.00, 0.638, 0.599, 0.046256, 0.209419,1,1,1, 0.164970, 0.042204, 0.106151, 0.025909, 36.92, 0.638, 33.70, 0.632, 41.09, 0.619, 181.81, 0.439
14933,159317, 102.56, 41.49, 0.475, 0.481, 0.296443, 0.651659,1,1,0, 0.459642, 0.209924, 0.468803, 0.192485, 102.56, 0.475, 65.93, 0.453, 38.70, 0.447, 74.53, 0.327
14934,159328, 99.17, 47.59, 0.731, 0.519, 0.334486, 0.456669,1,1,0, 0.496282, 0.222180, 0.448114, 0.208183, 99.17, 0.731, 40.00, 0.527, 33.24, 0.490, 50.20, 0.459
14935,159338, 99.17, 48.98, 0.804, 0.728, 0.316275, 0.320024,1,1,0, 0.419860, 0.171493, 0.381674, 0.169000, 99.17, 0.804, 49.58, 0.660, 33.05, 0.478, 42.10, 0.034
14936,159349, 99.17, 49.40, 0.942, 0.954, 0.297519, 0.224266,1,1,0, 0.356702, 0.177551, 0.357105, 0.159104, 99.17, 0.942, 49.58, 0.937, 33.05, 0.930, 40.95, 0.004
14937,159360, 49.79, 49.67, 0.976, 0.982, 0.297166, 0.241038,1,1,0, 0.298674, 0.155757, 0.357344, 0.152263, 49.79, 0.976, 33.14, 0.972, 99.17, 0.971, 66.29, 0.006
14938,159370, 33.14, 49.61, 0.958, 0.968, 0.276076, 0.168914,1,1,0, 0.263071, 0.143978, 0.328082, 0.142883, 33.14, 0.958, 49.58, 0.956, 99.17, 0.951, 0.00, 0.000
14939,159381, 33.05, 49.59, 0.979, 0.961, 0.253059, 0.118372,1,1,0, 0.246235, 0.121746, 0.249579, 0.115308, 33.05, 0.979, 99.17, 0.951, 49.58, 0.947, 0.00, 0.000
14940,159392, 33.05, 49.58, 0.963, 0.969, 0.234214, 0.082952,1,1,0, 0.262609, 0.114049, 0.251672, 0.101386, 33.05, 0.963, 49.58, 0.957, 99.17, 0.948, 0.00, 0.000
14941,159402, 49.79, 49.73, 0.963, 0.973, 0.217457, 0.058131,1,1,0, 0.231145, 0.115460, 0.231749, 0.111330, 49.79, 0.963, 33.24, 0.947, 100.00, 0.946, 0.00, 0.000
14942,159413, 33.14, 49.75, 0.980, 0.972, 0.204577, 0.066211,1,1,0, 0.205696, 0.106656, 0.227413, 0.098479, 33.14, 0.980, 49.79, 0.962, 99.17, 0.940, 0.00, 0.000
14943,159424, 49.58, 49.68, 0.948, 0.962, 0.187247, 0.046399,1,1,0, 0.207965, 0.093285, 0.174905, 0.089431, 49.58, 0.948, 99.17, 0.926, 33.05, 0.922, 0.00, 0.000
14944,159434, 49.58, 49.64, 0.952, 0.965, 0.180885, 0.101757,1,1,0, 0.194735, 0.090699, 0.216156, 0.082692, 49.58, 0.952, 99.17, 0.933, 33.05, 0.922, 0.00, 0.000
14945,159445, 33.14, 49.70, 0.973, 0.972, 0.174787, 0.089562,1,1,0, 0.193258, 0.091243, 0.208410, 0.086507, 33.14, 0.973, 49.79, 0.962, 99.17, 0.929, 0.00, 0.000
14946,159456, 33.14, 49.74, 0.939, 0.947, 0.165713, 0.062763,1,1,0, 0.217695, 0.100471, 0.188319, 0.093439, 33.14, 0.939, 99.17, 0.935, 49.79, 0.927, 0.00, 0.000
14947,159466, 33.05, 49.67, 0.954, 0.952, 0.156557, 0.058002,1,1,0, 0.171342, 0.081597, 0.183672, 0.077683, 33.05, 0.954, 99.17, 0.949, 49.58, 0.933, 0.00, 0.000
14948,159477, 33.05, 49.63, 0.983, 0.964, 0.150256, 0.063667,1,1,0, 0.171948, 0.083965, 0.179766, 0.080381, 33.05, 0.983, 99.17, 0.954, 49.58, 0.950, 0.00, 0.000
14949,159488, 99.17, 49.74, 0.963, 0.962, 0.161203, 0.158073,1,1,1, 0.192701, 0.098181, 0.217510, 0.092676, 99.17, 0.963, 33.24, 0.957, 49.79, 0.948, 0.00, 0.000
14950,159498, 33.14, 49.77, 0.976, 0.980, 0.153913, 0.110774,1,1,0, 0.209843, 0.091211, 0.178778, 0.085592, 33.14, 0.976, 99.17, 0.975, 49.79, 0.972, 0.00, 0.000
14951,159509, 33.05, 49.64, 0.981, 0.972, 0.147004, 0.077628,1,1,0, 0.200922, 0.087903, 0.176549, 0.081425, 33.05, 0.981, 99.17, 0.972, 49.58, 0.961, 0.00, 0.000
14952,159520, 33.14, 49.60, 0.985, 0.975, 0.145726, 0.078334,1,1,0, 0.202209, 0.096199, 0.181536, 0.085768, 33.14, 0.985, 99.17, 0.975, 49.58, 0.966, 0.00, 0.000
14953,159530, 33.14, 49.73, 0.982, 0.974, 0.162274, 0.141754,1,1,1, 0.231432, 0.102759, 0.213853, 0.098390, 33.14, 0.982, 99.17, 0.976, 49.79, 0.965, 0.00, 0.000
14954,159541, 33.05, 49.63, 0.981, 0.971, 0.157806, 0.099338,1,1,0, 0.215983, 0.090602, 0.176442, 0.089975, 33.05, 0.981, 99.17, 0.974, 49.58, 0.960, 0.00, 0.000
14955,159552, 33.05, 49.60, 0.983, 0.971, 0.156328, 0.098780,1,1,0, 0.192569, 0.083087, 0.180665, 0.081160, 33.05, 0.983, 99.17, 0.972, 49.58, 0.960, 0.00, 0.000
14956,159562, 33.14, 49.73, 0.980, 0.968, 0.166549, 0.134325,1,1,0, 0.229782, 0.096724, 0.200813, 0.091590, 33.14, 0.980, 99.17, 0.971, 49.79, 0.956, 0.00, 0.000
14957,159573, 33.14, 49.77, 0.991, 0.978, 0.160571, 0.094132,1,1,0, 0.232586, 0.089649, 0.188347, 0.084596, 33.14, 0.991, 99.17, 0.972, 49.79, 0.970, 0.00, 0.000
14958,159584, 99.17, 49.64, 0.976, 0.966, 0.154395, 0.082924,1,1,0, 0.217232, 0.083220, 0.183142, 0.078908, 99.17, 0.976, 33.05, 0.970, 49.58, 0.954, 0.00, 0.000
14959,159594, 99.17, 49.60, 0.976, 0.967, 0.151696, 0.078574,1,1,0, 0.200394, 0.079689, 0.177396, 0.075151, 99.17, 0.976, 33.14, 0.972, 49.58, 0.954, 0.00, 0.000
14960,159605, 33.14, 49.73, 0.972, 0.964, 0.161998, 0.122652,1,1,0, 0.233119, 0.096009, 0.199681, 0.090451, 33.14, 0.972, 99.17, 0.970, 49.79, 0.951, 35.71, 0.114
14961,159616, 33.14, 49.77, 0.974, 0.965, 0.156792, 0.088602,1,1,0, 0.236498, 0.089805, 0.191532, 0.084796, 33.14, 0.974, 99.17, 0.969, 49.79, 0.951, 0.00, 0.000
14962,159626, 99.17, 49.64, 0.970, 0.961, 0.152052, 0.093842,1,1,0, 0.221136, 0.082002, 0.190442, 0.078431, 99.17, 0.970, 33.14, 0.956, 49.58, 0.947, 39.73, 0.086
14963,159637, 99.17, 49.61, 0.975, 0.960, 0.148714, 0.066829,1,1,0, 0.202747, 0.080744, 0.177424, 0.075734, 99.17, 0.975, 33.14, 0.970, 49.58, 0.945, 39.60, 0.086
14964,159648, 33.14, 49.69, 0.982, 0.967, 0.155744, 0.097365,1,1,0, 0.230795, 0.096568, 0.194118, 0.090443, 33.14, 0.982, 99.17, 0.969, 49.79, 0.954, 65.93, 0.088
14965,159658, 33.14, 49.64, 0.980, 0.967, 0.153152, 0.090583,1,1,0, 0.232755, 0.089761, 0.193691, 0.086441, 33.14, 0.980, 99.17, 0.972, 49.58, 0.955, 39.73, 0.098
14966,159669, 99.17, 49.62, 0.970, 0.962, 0.147972, 0.081295,1,1,0, 0.216575, 0.078261, 0.187654, 0.075601, 99.17, 0.970, 33.14, 0.969, 49.58, 0.947, 40.00, 0.109
14967,159680, 33.14, 49.69, 0.984, 0.970, 0.145603, 0.059514,1,1,0, 0.203850, 0.088452, 0.174703, 0.082170, 33.14, 0.984, 99.17, 0.971, 49.79, 0.958, 66.29, 0.058
14968,159690, 33.14, 49.73, 0.982, 0.967, 0.160384, 0.119570,1,1,0, 0.230623, 0.107461, 0.191037, 0.098964, 33.14, 0.982, 99.17, 0.976, 49.79, 0.954, 66.29, 0.106
14969,159701, 33.14, 49.67, 0.978, 0.973, 0.157311, 0.104396,1,1,0, 0.210695, 0.087252, 0.184556, 0.084215, 33.14, 0.978, 99.17, 0.976, 49.58, 0.963, 40.00, 0.136
14970,159712, 33.14, 49.72, 0.977, 0.969, 0.148716, 0.073158,1,1,0, 0.194426, 0.077821, 0.164561, 0.074739, 33.14, 0.977, 99.17, 0.977, 49.79, 0.958, 40.13, 0.178
14971,159722, 33.14, 49.75, 0.987, 0.975, 0.156879, 0.111604,1,1,0, 0.225414, 0.095879, 0.182725, 0.092046, 33.14, 0.987, 99.17, 0.977, 49.79, 0.966, 66.66, 0.171
14972,159733, 33.14, 49.76, 0.987, 0.974, 0.157472, 0.121064,1,1,0, 0.228052, 0.092561, 0.192571, 0.089201, 33.14, 0.987, 99.17, 0.976, 49.79, 0.965, 66.29, 0.184
14973,159744, 99.17, 49.69, 0.976, 0.964, 0.153988, 0.106455,1,1,0, 0.213682, 0.081502, 0.187089, 0.078029, 99.17, 0.976, 33.14, 0.970, 49.58, 0.951, 39.86, 0.230
14974,159754, 33.14, 49.73, 0.986, 0.969, 0.147469, 0.074601,1,1,0, 0.196996, 0.079876, 0.164452, 0.075636, 33.14, 0.986, 99.17, 0.972, 49.79, 0.958, 39.86, 0.200
14975,159765, 33.14, 49.75, 0.973, 0.959, 0.149096, 0.116967,1,1,0, 0.226589, 0.090791, 0.185123, 0.086268, 33.14, 0.973, 99.17, 0.968, 49.79, 0.943, 65.93, 0.180
14976,159776, 33.14, 49.68, 0.977, 0.968, 0.149493, 0.122489,1,1,0, 0.223561, 0.084955, 0.191019, 0.080738, 33.14, 0.977, 99.17, 0.970, 49.58, 0.955, 65.57, 0.203
14977,159786, 99.17, 49.73, 0.972, 0.957, 0.146325, 0.092418,1,1,0, 0.201312, 0.080709, 0.180751, 0.077012, 99.17, 0.972, 33.14, 0.961, 49.79, 0.941, 39.73, 0.293
14978,159797, 99.17, 49.75, 0.972, 0.960, 0.139085, 0.064764,1,1,0, 0.183401, 0.080076, 0.155732, 0.075668, 99.17, 0.972, 33.14, 0.972, 49.79, 0.945, 66.29, 0.257
14979,159808, 33.14, 49.77, 0.976, 0.963, 0.140958, 0.094023,1,1,0, 0.213759, 0.093789, 0.175809, 0.086745, 33.14, 0.976, 99.17, 0.968, 49.79, 0.948, 65.93, 0.294
14980,159818, 33.14, 49.69, 0.976, 0.962, 0.143365, 0.099759,1,1,0, 0.211933, 0.087748, 0.182675, 0.083579, 33.14, 0.976, 99.17, 0.971, 49.58, 0.947, 39.60, 0.340
14981,159829, 99.17, 49.73, 0.973, 0.965, 0.141492, 0.083885,1,1,0, 0.199221, 0.077168, 0.178140, 0.075894, 99.17, 0.973, 33.14, 0.966, 49.79, 0.952, 39.86, 0.362
14982,159840, 99.17, 49.67, 0.976, 0.964, 0.134633, 0.058785,1,1,0, 0.181365, 0.081164, 0.151198, 0.077657, 99.17, 0.976, 33.14, 0.974, 49.58, 0.950, 66.29, 0.301
14983,159850, 33.14, 49.72, 0.981, 0.965, 0.136233, 0.090176,1,1,0, 0.212396, 0.089592, 0.175464, 0.084454, 33.14, 0.981, 99.17, 0.973, 49.79, 0.952, 66.29, 0.308
14984,159861, 33.14, 49.66, 0.979, 0.966, 0.142547, 0.112461,1,1,0, 0.219354, 0.091195, 0.190009, 0.085493, 33.14, 0.979, 99.17, 0.971, 49.58, 0.953, 40.00, 0.297
14985,159872, 33.14, 49.63, 0.974, 0.961, 0.140703, 0.078810,1,1,0, 0.196055, 0.084961, 0.176734, 0.079677, 33.14, 0.974, 99.17, 0.972, 49.58, 0.946, 40.00, 0.360
14986,159882, 33.14, 49.69, 0.984, 0.971, 0.144364, 0.125620,1,1,0, 0.211989, 0.088725, 0.176846, 0.082207, 33.14, 0.984, 99.17, 0.972, 49.79, 0.960, 66.29, 0.376
14987,159893, 33.14, 49.65, 0.983, 0.966, 0.151318, 0.147136,1,1,0, 0.217474, 0.090478, 0.190196, 0.088602, 33.14, 0.983, 99.17, 0.977, 49.58, 0.953, 66.29, 0.392
14988,159904, 33.14, 49.62, 0.977, 0.970, 0.147950, 0.103110,1,1,0, 0.193370, 0.082422, 0.173644, 0.081259, 33.14, 0.977, 99.17, 0.974, 49.58, 0.958, 39.86, 0.483
14989,159914, 33.14, 49.60, 0.980, 0.966, 0.139582, 0.072257,1,1,0, 0.178180, 0.078617, 0.150213, 0.075263, 33.14, 0.980, 99.17, 0.973, 49.58, 0.953, 39.73, 0.443
14990,159925, 33.14, 49.68, 0.978, 0.965, 0.142631, 0.120167,1,1,0, 0.211500, 0.084471, 0.178157, 0.080353, 33.14, 0.978, 99.17, 0.973, 49.79, 0.952, 65.93, 0.430
14991,159936, 33.14, 49.64, 0.978, 0.969, 0.149026, 0.144566,1,1,0, 0.219004, 0.085225, 0.193381, 0.081009, 33.14, 0.978, 99.17, 0.973, 49.58, 0.957, 66.29, 0.403
14992,159946, 99.17, 49.62, 0.974, 0.955, 0.144713, 0.101308,1,1,0, 0.191412, 0.080047, 0.174090, 0.076536, 99.17, 0.974, 33.14, 0.958, 49.58, 0.938, 39.73, 0.454
14993,159957, 33.14, 49.69, 0.972, 0.963, 0.136945, 0.070995,1,1,0, 0.179595, 0.079229, 0.151784, 0.075749, 33.14, 0.972, 99.17, 0.969, 49.79, 0.948, 65.93, 0.434
14994,159968, 33.14, 49.73, 0.973, 0.960, 0.140648, 0.116736,1,1,0, 0.214618, 0.083448, 0.181715, 0.079095, 33.14, 0.973, 99.17, 0.969, 49.79, 0.944, 65.93, 0.451
14995,159978, 33.14, 49.75, 0.981, 0.965, 0.147329, 0.135211,1,1,0, 0.220078, 0.090108, 0.196009, 0.084522, 33.14, 0.981, 99.17, 0.971, 49.79, 0.951, 39.73, 0.476
14996,159989, 99.17, 49.68, 0.974, 0.963, 0.142860, 0.094753,1,1,0, 0.190744, 0.081923, 0.173773, 0.078990, 99.17, 0.974, 33.14, 0.968, 49.58, 0.949, 39.73, 0.577
14997,160000, 99.17, 49.73, 0.973, 0.961, 0.135315, 0.066401,1,1,0, 0.182370, 0.078593, 0.154528, 0.074235, 99.17, 0.973, 33.14, 0.971, 49.79, 0.946, 65.93, 0.524
14998,160010, 33.14, 49.75, 0.983, 0.969, 0.139906, 0.115028,1,1,0, 0.217412, 0.088293, 0.185701, 0.083877, 33.14, 0.983, 99.17, 0.971, 49.79, 0.957, 66.29, 0.533
14999,160021, 33.14, 49.77, 0.974, 0.961, 0.146251, 0.132041,1,1,0, 0.223252, 0.086427, 0.199957, 0.083281, 33.14, 0.974, 99.17, 0.972, 49.79, 0.945, 39.86, 0.547
15000,160032, 99.17, 49.69, 0.972, 0.963, 0.141001, 0.092531,1,1,0, 0.189853, 0.077317, 0.174788, 0.074500, 99.17, 0.972, 33.05, 0.966, 49.58, 0.949, 39.86, 0.518
15001,160042, 33.14, 49.73, 0.983, 0.970, 0.146299, 0.154646,1,1,0, 0.217549, 0.092870, 0.187883, 0.085674, 33.14, 0.983, 99.17, 0.975, 49.79, 0.959, 66.29, 0.528
15002,160053, 33.14, 49.75, 0.983, 0.969, 0.157990, 0.172185,1,1,0, 0.220420, 0.094478, 0.200944, 0.090452, 33.14, 0.983, 99.17, 0.975, 49.79, 0.957, 66.29, 0.530
15003,160064, 33.05, 49.68, 0.981, 0.970, 0.151087, 0.120664,1,1,0, 0.187792, 0.077874, 0.173373, 0.076011, 33.05, 0.981, 99.17, 0.973, 49.58, 0.959, 39.86, 0.568
15004,160074, 33.14, 49.64, 0.977, 0.964, 0.144751, 0.084558,1,1,0, 0.190947, 0.081767, 0.164263, 0.078860, 33.14, 0.977, 99.17, 0.974, 49.58, 0.950, 39.86, 0.602
15005,160085, 33.14, 49.70, 0.984, 0.972, 0.149946, 0.149611,1,1,0, 0.220470, 0.085850, 0.191928, 0.082579, 33.14, 0.984, 99.17, 0.973, 49.79, 0.961, 66.29, 0.610
15006,160096, 33.14, 49.74, 0.980, 0.966, 0.155599, 0.158942,1,1,0, 0.220178, 0.086388, 0.201700, 0.082840, 33.14, 0.980, 99.17, 0.976, 49.79, 0.954, 66.29, 0.578
15007,160106, 99.17, 49.67, 0.974, 0.966, 0.148229, 0.111383,1,1,0, 0.187004, 0.078768, 0.173051, 0.075502, 99.17, 0.974, 33.05, 0.972, 49.58, 0.953, 39.73, 0.645
15008,160117, 33.14, 49.72, 0.974, 0.965, 0.142863, 0.078055,1,1,0, 0.192990, 0.081666, 0.168592, 0.077999, 33.14, 0.974, 99.17, 0.972, 49.79, 0.952, 66.29, 0.560
15009,160128, 33.14, 49.75, 0.974, 0.962, 0.146821, 0.137933,1,1,0, 0.217274, 0.082380, 0.192294, 0.078851, 33.14, 0.974, 99.17, 0.971, 49.79, 0.947, 65.93, 0.572
15010,160138, 33.14, 49.68, 0.975, 0.966, 0.151586, 0.141102,1,1,0, 0.214796, 0.086729, 0.200001, 0.082203, 33.14, 0.975, 99.17, 0.973, 49.58, 0.953, 39.60, 0.575
15011,160149, 99.17, 49.64, 0.975, 0.958, 0.144501, 0.098881,1,1,0, 0.181922, 0.080042, 0.171190, 0.076902, 99.17, 0.975, 33.05, 0.962, 49.58, 0.942, 39.60, 0.636
15012,160160, 33.14, 49.70, 0.974, 0.966, 0.140598, 0.073470,1,1,0, 0.194885, 0.087171, 0.170797, 0.082358, 33.14, 0.974, 99.17, 0.972, 49.79, 0.953, 66.29, 0.620
15013,160170, 33.14, 49.74, 0.982, 0.969, 0.145307, 0.116762,1,1,0, 0.211362, 0.090286, 0.187634, 0.084872, 33.14, 0.982, 99.17, 0.973, 49.79, 0.957, 66.29, 0.655
15014,160181, 33.14, 49.67, 0.981, 0.966, 0.147896, 0.114092,1,1,0, 0.203261, 0.083294, 0.192359, 0.081491, 33.14, 0.981, 99.17, 0.976, 49.58, 0.954, 39.73, 0.683
15015,160192, 99.17, 49.63, 0.976, 0.970, 0.140245, 0.079954,1,1,0, 0.173151, 0.076635, 0.164499, 0.074612, 99.17, 0.976, 33.05, 0.971, 49.58, 0.958, 39.73, 0.695
15016,160202, 99.17, 49.70, 0.975, 0.963, 0.136918, 0.067142,1,1,0, 0.188921, 0.083121, 0.168733, 0.079459, 99.17, 0.975, 33.14, 0.974, 49.79, 0.949, 66.29, 0.646
15017,160213, 100.00, 49.91, 0.917, 0.913, 0.197407, 0.427332,1,1,1, 0.408477, 0.137974, 0.319330, 0.119497, 100.00, 0.917, 50.00, 0.879, 33.33, 0.825, 66.66, 0.523
15018,160224, 49.79, 49.82, 0.733, 0.808, 0.213254, 0.299466,1,1,0, 0.408664, 0.162929, 0.320842, 0.146736, 49.79, 0.733, 99.17, 0.727, 33.24, 0.605, 40.13, 0.218
15019,160234, 30.61, 49.94, 0.489, 0.509, 0.192449, 0.209859,1,1,0, 0.091762, 0.048532, 0.096239, 0.053531, 30.61, 0.489, 99.17, 0.481, 50.00, 0.421, 33.42, 0.183
15020,160245, 35.71, 49.94, 0.445, 0.458, 0.171840, 0.147065,1,1,0, 0.069121, 0.034156, 0.080397, 0.034213, 35.71, 0.445, 50.20, 0.383, 99.17, 0.361, 54.54, 0.356
15021,160256, 35.60, 49.98, 0.507, 0.466, 0.153078, 0.103060,1,1,0, 0.068073, 0.030183, 0.056912, 0.025817, 35.60, 0.507, 38.33, 0.471, 55.29, 0.468, 50.00, 0.442
15022,160266, 41.37, 43.96, 0.700, 0.718, 0.136675, 0.072222,1,1,0, 0.063580, 0.029220, 0.061656, 0.026867, 41.37, 0.700, 123.71, 0.624, 38.46, 0.612, 62.17, 0.506
15023,160277, 62.17, 42.25, 0.666, 0.672, 0.122018, 0.050612,1,1,0, 0.056353, 0.027204, 0.051021, 0.023502, 62.17, 0.666, 38.33, 0.632, 41.52, 0.620, 125.00, 0.580
15024,160288, 62.17, 34.43, 0.828, 0.735, 0.109109, 0.035468,1,1,0, 0.060459, 0.026649, 0.056565, 0.024038, 62.17, 0.828, 31.08, 0.682, 41.52, 0.681, 71.00, 0.636
15025,160298, 41.52, 35.33, 0.806, 0.700, 0.097417, 0.024855,1,1,0, 0.043729, 0.020029, 0.037451, 0.018528, 41.52, 0.806, 38.33, 0.801, 71.42, 0.767, 62.50, 0.753
15026,160309, 38.33, 39.66, 0.839, 0.832, 0.087196, 0.017418,1,1,0, 0.048824, 0.020957, 0.047866, 0.019513, 38.33, 0.839, 41.52, 0.783, 71.42, 0.757, 62.50, 0.686
15027,160320, 38.33, 40.38, 0.865, 0.804, 0.077937, 0.012206,1,1,0, 0.033953, 0.017583, 0.031318, 0.015431, 38.33, 0.865, 71.00, 0.782, 41.37, 0.743, 62.17, 0.709
15028,160330, 38.21, 40.80, 0.868, 0.718, 0.070239, 0.008553,1,1,0, 0.037879, 0.020944, 0.041526, 0.019421, 38.21, 0.868, 71.00, 0.825, 35.60, 0.718, 62.17, 0.702
15029,160341, 38.21, 41.04, 0.912, 0.663, 0.062860, 0.005994,1,1,0, 0.037330, 0.014955, 0.032099, 0.013426, 38.21, 0.912, 71.00, 0.800, 35.60, 0.725, 82.75, 0.659
15030,160352, 38.21, 38.76, 0.871, 0.833, 0.056891, 0.004200,1,1,0, 0.038884, 0.020313, 0.038071, 0.018098, 38.21, 0.871, 35.60, 0.817, 71.00, 0.793, 82.75, 0.617
15031,160362, 35.50, 37.39, 0.832, 0.878, 0.051543, 0.002943,1,1,0, 0.039999, 0.019017, 0.041114, 0.017683, 35.50, 0.832, 71.00, 0.812, 38.09, 0.798, 82.19, 0.673
15032,160373, 38.09, 36.59, 0.799, 0.700, 0.046703, 0.002062,1,1,0, 0.032008, 0.016813, 0.033891, 0.015077, 38.09, 0.799, 71.00, 0.768, 82.19, 0.723, 35.50, 0.623
15033,160384, 38.09, 37.22, 0.889, 0.884, 0.042230, 0.001445,1,1,0, 0.034595, 0.014990, 0.033061, 0.013785, 38.09, 0.889, 71.42, 0.773, 82.19, 0.761, 41.23, 0.739
15034,160394, 35.50, 36.50, 0.858, 0.898, 0.038595, 0.001013,1,1,0, 0.036597, 0.018649, 0.034157, 0.015820, 35.50, 0.858, 38.09, 0.765, 71.00, 0.755, 82.75, 0.598
15035,160405, 71.00, 36.03, 0.844, 0.861, 0.036487, 0.008883,1,1,0, 0.049530, 0.022286, 0.040799, 0.020989, 71.00, 0.844, 35.39, 0.808, 33.14, 0.712, 62.17, 0.615
15036,160416, 38.09, 36.90, 0.677, 0.687, 0.035410, 0.015407,1,1,0, 0.043911, 0.021317, 0.041686, 0.019835, 38.09, 0.677, 82.75, 0.645, 41.23, 0.526, 71.42, 0.524
15037,160426, 38.21, 37.45, 0.574, 0.589, 0.032602, 0.010797,1,1,0, 0.034298, 0.017042, 0.027162, 0.015116, 38.21, 0.574, 41.23, 0.507, 82.75, 0.500, 98.36, 0.457
15038,160437, 38.09, 37.72, 0.713, 0.719, 0.036614, 0.036577,1,1,0, 0.047581, 0.026149, 0.048247, 0.024063, 38.09, 0.713, 35.60, 0.706, 99.17, 0.535, 55.29, 0.477
15039,160448, 35.50, 37.82, 0.616, 0.624, 0.035013, 0.025632,1,1,0, 0.051588, 0.021063, 0.042919, 0.018636, 35.50, 0.616, 37.97, 0.595, 33.14, 0.464, 61.85, 0.458
15040,160458, 38.09, 37.94, 0.724, 0.736, 0.034802, 0.025236,1,1,0, 0.040857, 0.020893, 0.042052, 0.019379, 38.09, 0.724, 62.17, 0.513, 71.00, 0.436, 35.60, 0.435
15041,160469, 38.09, 38.00, 0.765, 0.786, 0.031996, 0.017685,1,1,0, 0.036361, 0.015996, 0.034146, 0.015105, 38.09, 0.765, 40.95, 0.508, 82.19, 0.412, 71.42, 0.378
15042,160480, 38.21, 38.09, 0.751, 0.777, 0.031574, 0.024511,1,1,0, 0.040417, 0.018293, 0.038402, 0.015555, 38.21, 0.751, 41.23, 0.683, 71.42, 0.579, 62.17, 0.385
15043,160490, 37.85, 37.99, 0.755, 0.780, 0.031714, 0.017177,1,1,0, 0.042282, 0.021884, 0.036614, 0.020490, 37.85, 0.755, 35.39, 0.588, 40.95, 0.447, 98.36, 0.434
15044,160501, 82.75, 36.94, 0.543, 0.509, 0.030888, 0.017269,1,1,0, 0.035834, 0.018085, 0.036784, 0.015669, 82.75, 0.543, 71.42, 0.523, 33.24, 0.520, 35.50, 0.454
15045,160512, 37.61, 37.22, 0.728, 0.770, 0.047710, 0.076591,1,1,0, 0.073399, 0.031026, 0.062148, 0.026950, 37.61, 0.728, 71.42, 0.562, 35.50, 0.556, 80.53, 0.479
15046,160522, 37.38, 37.29, 0.875, 0.910, 0.052926, 0.053673,1,1,0, 0.079848, 0.044443, 0.064477, 0.035373, 37.38, 0.875, 73.17, 0.447, 82.19, 0.395, 63.82, 0.143
15047,160533, 37.50, 37.29, 0.296, 0.819, 0.049064, 0.037613,1,1,0, 0.051198, 0.027871, 0.035028, 0.023744, 37.50, 0.296, 34.78, 0.146, 95.23, 0.101, 55.04, 0.031
15048,160544, 48.78, 37.29, 0.371, 0.737, 0.044246, 0.026358,1,1,0, 0.040634, 0.019255, 0.031638, 0.013251, 48.78, 0.371, 97.56, 0.093, 37.73, 0.066, 0.00, 0.000
15049,160554, 45.80, 37.29, 0.530, 0.663, 0.050023, 0.041576,1,1,0, 0.072842, 0.038597, 0.060738, 0.027848, 45.80, 0.530, 34.98, 0.380, 0.00, 0.000, 0.00, 0.000
15050,160565, 49.79, 37.29, 0.448, 0.597, 0.090911, 0.087960,1,1,0, 0.132008, 0.074727, 0.112153, 0.057789, 49.79, 0.448, 53.33, 0.424, 72.72, 0.149, 0.00, 0.000
15051,160576, 56.60, 45.40, 0.623, 0.585, 0.083286, 0.061641,1,1,0, 0.066171, 0.035900, 0.078231, 0.039811, 56.60, 0.623, 0.00, 0.000, 0.00, 0.000, 0.00, 0.000
15052,160586, 34.58, 45.40, 0.408, 0.526, 0.075143, 0.043196,1,1,0, 0.046443, 0.021515, 0.036725, 0.021031, 34.58, 0.408, 61.22, 0.266, 41.23, 0.209, 0.00, 0.000
15053,160597, 41.09, 43.59, 0.646, 0.628, 0.067339, 0.030271,1,1,0, 0.041764, 0.018745, 0.030220, 0.015680, 41.09, 0.646, 62.50, 0.064, 80.53, 0.059, 0.00, 0.000
15054,160608, 42.85, 43.28, 0.615, 0.668, 0.060334, 0.021213,1,1,0, 0.029913, 0.016862, 0.031213, 0.014511, 42.85, 0.615, 86.33, 0.476, 34.58, 0.050, 206.89, 0.029
15055,160618, 43.79, 43.49, 0.662, 0.720, 0.055078, 0.014866,1,1,0, 0.046362, 0.027720, 0.038635, 0.021750, 43.79, 0.662, 87.59, 0.513, 37.38, 0.325, 0.00, 0.000
15056,160629, 36.69, 43.49, 0.395, 0.648, 0.050048, 0.010417,1,1,0, 0.036326, 0.018986, 0.034039, 0.017813, 36.69, 0.395, 62.17, 0.278, 43.32, 0.244, 40.81, 0.243
15057,160640, 63.49, 51.89, 0.716, 0.661, 0.044841, 0.007300,1,1,0, 0.021754, 0.012151, 0.020314, 0.009894, 63.49, 0.716, 34.48, 0.590, 31.91, 0.162, 0.00, 0.000
15058,160650, 63.82, 56.90, 0.728, 0.683, 0.039774, 0.005116,1,1,0, 0.012546, 0.004838, 0.010907, 0.005031, 63.82, 0.728, 71.85, 0.634, 34.58, 0.173, 0.00, 0.000
15059,160661, 38.46, 56.90, 0.332, 0.615, 0.035781, 0.003585,1,1,0, 0.023333, 0.012983, 0.018180, 0.009095, 38.46, 0.332, 88.88, 0.325, 63.15, 0.269, 44.28, 0.263
15060,160672, 44.28, 51.60, 0.480, 0.461, 0.032902, 0.002512,1,1,0, 0.027590, 0.014104, 0.019953, 0.013410, 44.28, 0.480, 40.95, 0.475, 74.07, 0.268, 64.17, 0.219
15061,160682, 64.86, 57.17, 0.638, 0.599, 0.029919, 0.001760,1,1,0, 0.027612, 0.012347, 0.019988, 0.010544, 64.86, 0.638, 72.28, 0.636, 37.03, 0.076, 0.00, 0.000
15062,160693, 34.09, 47.47, 0.813, 0.865, 0.026842, 0.001233,1,1,0, 0.014708, 0.008016, 0.012412, 0.006320, 34.09, 0.813, 64.86, 0.801, 71.85, 0.795, 32.08, 0.561
15063,160704, 73.17, 58.26, 0.750, 0.687, 0.023922, 0.000864,1,1,0, 0.010045, 0.004608, 0.008558, 0.004267, 73.17, 0.750, 64.51, 0.657, 37.03, 0.246, 40.13, 0.117
15064,160714, 44.11, 52.32, 0.556, 0.549, 0.021512, 0.000605,1,1,0, 0.028005, 0.008422, 0.020208, 0.006212, 44.11, 0.556, 40.67, 0.480, 74.07, 0.422, 87.59, 0.342
15065,160725, 74.53, 52.32, 0.345, 0.494, 0.021160, 0.003960,1,1,0, 0.036630, 0.019590, 0.023352, 0.015840, 74.53, 0.345, 86.95, 0.244, 44.28, 0.151, 64.17, 0.135
15066,160736, 63.49, 43.71, 0.609, 0.460, 0.022286, 0.013182,1,1,0, 0.033027, 0.016703, 0.026053, 0.013385, 63.49, 0.609, 34.28, 0.521, 31.83, 0.439, 36.80, 0.398
15067,160746, 63.15, 38.79, 0.766, 0.670, 0.020524, 0.009238,1,1,0, 0.019581, 0.009401, 0.016028, 0.009357, 63.15, 0.766, 32.00, 0.650, 33.89, 0.631, 0.00, 0.000
15068,160757, 32.00, 35.94, 0.899, 0.910, 0.018515, 0.006473,1,1,0, 0.022826, 0.008418, 0.013555, 0.005655, 32.00, 0.899, 63.82, 0.852, 0.00, 0.000, 0.00, 0.000
15069,160768, 64.51, 35.94, 0.805, 0.819, 0.016654, 0.004536,1,1,0, 0.008701, 0.005023, 0.008846, 0.004220, 64.51, 0.805, 72.72, 0.694, 34.38, 0.369, 37.03, 0.290
15070,160778, 63.82, 35.94, 0.484, 0.737, 0.015055, 0.003179,1,1,0, 0.012018, 0.006326, 0.008997, 0.004497, 63.82, 0.484, 74.53, 0.470, 44.44, 0.337, 87.59, 0.320
15071,160789, 44.60, 39.58, 0.710, 0.688, 0.013673, 0.002227,1,1,0, 0.014383, 0.007126, 0.010339, 0.005032, 44.60, 0.710, 64.17, 0.544, 40.81, 0.522, 74.07, 0.443
15072,160800, 74.07, 39.58, 0.611, 0.619, 0.012515, 0.001561,1,1,0, 0.015806, 0.007343, 0.009325, 0.005086, 74.07, 0.611, 64.17, 0.561, 88.88, 0.313, 40.54, 0.274
15073,160810, 64.17, 36.36, 0.766, 0.725, 0.011511, 0.001094,1,1,0, 0.016351, 0.008553, 0.012151, 0.005417, 64.17, 0.766, 73.61, 0.710, 31.91, 0.709, 34.38, 0.690
15074,160821, 64.51, 36.64, 0.790, 0.668, 0.010536, 0.000766,1,1,0, 0.012532, 0.005230, 0.008203, 0.004351, 64.51, 0.790, 73.61, 0.784, 34.38, 0.764, 37.03, 0.582
15075,160832, 37.15, 36.85, 0.784, 0.844, 0.009805, 0.000537,1,1,0, 0.009909, 0.005458, 0.009788, 0.005464, 37.15, 0.784, 74.07, 0.778, 34.68, 0.699, 64.86, 0.634
15076,160842, 37.38, 37.07, 0.936, 0.954, 0.008969, 0.000376,1,1,0, 0.008311, 0.004417, 0.007121, 0.003608, 37.38, 0.936, 74.07, 0.752, 40.26, 0.686, 34.58, 0.594
15077,160853, 37.26, 37.15, 0.719, 0.797, 0.008138, 0.000263,1,1,0, 0.008449, 0.004138, 0.006713, 0.002989, 37.26, 0.719, 74.53, 0.704, 64.51, 0.538, 34.58, 0.536
15078,160864, 74.53, 37.25, 0.543, 0.571, 0.008900, 0.008825,1,1,0, 0.011747, 0.006744, 0.010973, 0.004780, 74.53, 0.543, 37.38, 0.485, 40.40, 0.394, 64.51, 0.384
15079,160874, 40.40, 37.40, 0.827, 0.796, 0.008347, 0.006184,1,1,0, 0.011110, 0.005831, 0.010305, 0.004553, 40.40, 0.827, 37.61, 0.765, 75.00, 0.348, 87.59, 0.240
15080,160885, 75.00, 37.39, 0.617, 0.556, 0.008039, 0.004334,1,1,0, 0.017228, 0.010500, 0.008677, 0.004903, 75.00, 0.617, 37.38, 0.461, 86.95, 0.426, 40.26, 0.362
15081,160896, 37.15, 37.29, 0.942, 0.958, 0.007986, 0.003037,1,1,0, 0.020520, 0.014061, 0.008853, 0.005930, 37.15, 0.942, 74.07, 0.840, 0.00, 0.000, 0.00, 0.000
15082,160906, 37.15, 37.23, 0.952, 0.965, 0.007426, 0.002128,1,1,0, 0.021919, 0.014761, 0.006870, 0.003916, 37.15, 0.952, 74.07, 0.866, 0.00, 0.000, 0.00, 0.000
15083,160917, 73.17, 36.82, 0.722, 0.722, 0.009768, 0.006759,1,1,0, 0.019624, 0.009673, 0.011345, 0.006840, 73.17, 0.722, 34.88, 0.642, 36.25, 0.629, 0.00, 0.000
15084,160928, 74.07, 36.86, 0.759, 0.465, 0.014149, 0.017828,1,1,0, 0.029993, 0.012851, 0.018086, 0.008365, 74.07, 0.759, 36.92, 0.360, 0.00, 0.000, 0.00, 0.000
15085,160938, 76.43, 39.91, 0.756, 0.546, 0.034824, 0.080311,1,1,0, 0.118086, 0.051583, 0.057793, 0.020577, 76.43, 0.756, 88.88, 0.748, 40.95, 0.590, 44.11, 0.519
15086,160949, 33.80, 39.91, 0.179, 0.491, 0.624866, 0.984838,1,1,1, 1.000000, 0.415701, 0.973190, 0.354376, 33.80, 0.179, 0.00, 0.000, 0.00, 0.000, 0.00, 0.000
15087,160960, 34.38, 36.04, 0.497, 0.501, 0.688722, 0.690154,1,1,0, 1.000000, 0.597162, 0.759931, 0.513455, 34.38, 0.497, 63.82, 0.459, 0.00, 0.000, 0.00, 0.000
15088,160970, 48.78, 44.95, 0.700, 0.697, 1.068832, 0.947273,1,1,0, 1.000000, 0.777501, 1.440872, 0.674616, 48.78, 0.700, 97.56, 0.207, 38.58, 0.145, 0.00, 0.000
15089,160981, 48.78, 47.63, 0.845, 0.866, 0.971784, 0.663830,1,1,0, 1.000000, 0.414952, 0.870858, 0.376788, 48.78, 0.845, 94.48, 0.206, 0.00, 0.000, 0.00, 0.000
15090,160992, 49.58, 49.00, 0.943, 0.959, 1.121087, 0.897950,1,1,0, 1.000000, 0.842601, 1.393721, 0.725466, 49.58, 0.943, 33.24, 0.388, 100.84, 0.246, 0.00, 0.000
15091,161002, 49.79, 49.55, 0.996, 0.997, 1.005496, 0.629265,1,1,0, 0.945530, 0.216330, 0.609997, 0.262915, 49.79, 0.996, 31.91, 0.215, 98.36, 0.188, 0.00, 0.000
15092,161013, 49.79, 49.72, 0.998, 0.999, 1.110258, 0.858318,1,1,0, 1.000000, 0.858473, 1.362152, 0.729670, 49.79, 0.998, 33.61, 0.243, 100.84, 0.205, 0.00, 0.000
15093,161024, 49.79, 49.77, 0.998, 0.999, 0.996697, 0.601492,1,1,0, 0.672388, 0.178314, 0.542496, 0.264843, 49.79, 0.998, 32.96, 0.311, 99.17, 0.222, 0.00, 0.000
15094,161034, 49.79, 49.78, 0.998, 0.999, 1.089960, 0.822146,1,1,0, 1.000000, 0.842169, 1.344897, 0.729425, 49.79, 0.998, 33.42, 0.383, 100.84, 0.248, 0.00, 0.000
15095,161045, 49.79, 49.79, 0.998, 0.999, 0.983839, 0.576143,1,1,0, 0.999999, 0.356892, 0.766954, 0.333044, 49.79, 0.998, 33.33, 0.423, 100.00, 0.271, 0.00, 0.000
15096,161056, 49.79, 49.79, 0.999, 0.999, 1.070094, 0.788046,1,1,0, 1.000000, 0.782636, 1.330357, 0.700792, 49.79, 0.999, 33.33, 0.433, 100.84, 0.287, 0.00, 0.000
15097,161066, 49.79, 49.79, 0.999, 0.999, 0.970244, 0.552247,1,1,0, 0.999999, 0.492304, 0.735712, 0.370250, 49.79, 0.999, 33.42, 0.444, 100.84, 0.294, 0.00, 0.000
15098,161077, 49.79, 49.79, 0.999, 0.999, 1.048144, 0.755884,1,1,0, 1.000000, 0.698729, 1.314995, 0.667868, 49.79, 0.999, 33.51, 0.405, 100.84, 0.285, 0.00, 0.000
15099,161088, 49.79, 49.79, 0.999, 0.999, 0.952663, 0.529709,1,1,0, 0.999999, 0.570949, 0.725033, 0.385235, 49.79, 0.999, 33.61, 0.378, 100.84, 0.273, 0.00, 0.000
15100,161098, 49.79, 49.79, 0.999, 0.999, 1.021535, 0.687542,1,1,0, 1.000000, 0.632474, 1.286670, 0.648674, 49.79, 0.999, 32.96, 0.304, 99.17, 0.252, 0.00, 0.000
15101,161109, 49.79, 49.79, 0.998, 0.999, 0.999417, 0.796258,1,1,0, 0.999999, 0.606458, 1.227150, 0.490979, 49.79, 0.998, 33.61, 0.240, 100.84, 0.235, 0.00, 0.000
15102,161120, 49.58, 49.70, 0.998, 0.999, 0.990557, 0.573333,1,1,0, 1.000000, 0.588293, 1.245785, 0.564309, 49.58, 0.998, 98.36, 0.224, 32.69, 0.206, 0.00, 0.000
15103,161130, 49.58, 49.65, 0.998, 0.999, 1.054642, 0.793825,1,1,0, 1.000000, 0.680671, 1.227298, 0.607860, 49.58, 0.998, 100.00, 0.223, 33.33, 0.189, 0.00, 0.000
15104,161141, 49.58, 49.62, 0.998, 0.998, 0.960846, 0.556296,1,1,0, 1.000000, 0.491167, 1.016981, 0.423441, 49.58, 0.998, 96.77, 0.235, 31.16, 0.232, 0.00, 0.000
15105,161152, 49.58, 49.61, 0.996, 0.997, 1.051428, 0.817678,1,1,0, 1.000000, 0.768042, 1.235478, 0.683939, 49.58, 0.996, 100.00, 0.233, 33.70, 0.193, 0.00, 0.000
15106,161162, 49.79, 49.68, 0.985, 0.989, 0.951391, 0.573012,1,1,0, 1.000000, 0.376378, 0.788748, 0.321769, 49.79, 0.985, 98.36, 0.177, 33.05, 0.071, 0.00, 0.000
15107,161173, 50.42, 49.99, 0.986, 0.990, 1.061068, 0.846198,1,1,0, 1.000000, 0.847141, 1.267621, 0.720383, 50.42, 0.986, 100.84, 0.105, 34.09, 0.062, 0.00, 0.000
15108,161184, 50.84, 50.35, 0.981, 0.987, 0.966837, 0.592998,1,1,0, 0.893078, 0.395591, 0.686187, 0.369468, 50.84, 0.981, 107.14, 0.010, 0.00, 0.000, 0.00, 0.000
15109,161194, 51.94, 51.02, 0.981, 0.986, 1.039554, 0.719679,1,1,0, 1.000000, 0.778088, 1.253364, 0.679500, 51.94, 0.981, 33.61, 0.089, 0.00, 0.000, 0.00, 0.000
15110,161205, 52.40, 51.60, 0.998, 0.998, 0.956007, 0.504336,1,1,0, 0.999999, 0.601352, 0.729227, 0.432255, 52.40, 0.998, 35.50, 0.094, 108.10, 0.006, 0.00, 0.000
15111,161216, 52.40, 51.93, 0.998, 0.998, 1.008213, 0.656074,1,1,0, 1.000000, 0.629163, 1.244117, 0.627559, 52.40, 0.998, 33.24, 0.291, 99.17, 0.063, 0.00, 0.000
15112,161226, 52.63, 52.22, 0.998, 0.998, 0.946457, 0.459764,1,1,0, 0.999999, 0.659653, 1.054226, 0.509928, 52.63, 0.998, 36.03, 0.291, 111.11, 0.094, 0.00, 0.000
15113,161237, 52.63, 52.39, 0.997, 0.998, 0.972752, 0.539345,1,1,0, 1.000000, 0.585287, 1.217402, 0.562288, 52.63, 0.997, 33.42, 0.199, 100.00, 0.049, 0.00, 0.000
15114,161248, 52.63, 52.49, 0.998, 0.999, 1.042748, 0.656439,1,1,0, 1.000000, 0.777216, 1.195294, 0.693597, 52.63, 0.998, 35.39, 0.019, 108.10, 0.002, 0.00, 0.000
15115,161258, 52.63, 52.55, 0.998, 0.998, 0.943182, 0.460019,1,1,0, 1.000000, 0.376947, 0.800233, 0.311261, 52.63, 0.998, 0.00, 0.000, 0.00, 0.000, 0.00, 0.000
15116,161269, 52.40, 52.48, 0.998, 0.998, 1.019747, 0.650901,1,1,0, 1.000000, 0.820274, 1.198667, 0.701112, 52.40, 0.998, 0.00, 0.000, 0.00, 0.000, 0.00, 0.000
15117,161280, 52.40, 52.45, 0.998, 0.999, 0.931303, 0.456138,1,1,0, 0.999999, 0.442357, 0.731813, 0.380690, 52.40, 0.998, 0.00, 0.000, 0.00, 0.000, 0.00, 0.000
15118,161290, 52.17, 52.33, 0.998, 0.998, 1.001821, 0.665905,1,1,0, 1.000000, 0.719969, 1.213885, 0.640084, 52.17, 0.998, 33.70, 0.042, 0.00, 0.000, 0.00, 0.000
15119,161301, 52.40, 52.36, 0.984, 0.988, 0.925313, 0.466653,1,1,0, 0.999999, 0.643054, 0.700487, 0.437782, 52.40, 0.984, 0.00, 0.000, 0.00, 0.000, 0.00, 0.000
15120,161312, 52.63, 52.47, 0.973, 0.980, 0.992565, 0.737043,1,1,0, 1.000000, 0.609998, 1.262901, 0.598217, 52.63, 0.973, 33.33, 0.106, 0.00, 0.000, 0.00, 0.000
15121,161322, 53.81, 53.03, 0.939, 0.956, 1.061653, 0.788640,1,1,0, 1.000000, 0.754553, 1.234877, 0.678402, 53.81, 0.939, 0.00, 0.000, 0.00, 0.000, 0.00, 0.000
15122,161333, 55.55, 54.09, 0.992, 0.994, 0.969128, 0.552663,1,1,0, 1.000000, 0.503028, 0.961487, 0.421909, 55.55, 0.992, 0.00, 0.000, 0.00, 0.000, 0.00, 0.000
15123,161344, 55.81, 54.81, 0.996, 0.997, 1.033303, 0.711900,1,1,0, 1.000000, 0.787307, 1.235258, 0.669397, 55.81, 0.996, 0.00, 0.000, 0.00, 0.000, 0.00, 0.000
15124,161354, 55.55, 55.12, 0.995, 0.996, 0.952948, 0.498885,1,1,0, 0.999999, 0.610504, 0.652834, 0.447644, 55.55, 0.995, 0.00, 0.000, 0.00, 0.000, 0.00, 0.000
15125,161365, 55.29, 55.19, 0.994, 0.995, 0.999616, 0.671470,1,1,0, 1.000000, 0.636829, 1.245085, 0.588735, 55.29, 0.994, 0.00, 0.000, 0.00, 0.000, 0.00, 0.000
15126,161376, 55.29, 55.24, 0.998, 0.998, 1.038758, 0.764293,1,1,0, 1.000000, 0.693636, 1.219690, 0.608299, 55.29, 0.998, 0.00, 0.000, 0.00, 0.000, 0.00, 0.000
15127,161386, 55.55, 55.37, 0.996, 0.997, 0.964766, 0.535600,1,1,0, 1.000000, 0.533929, 1.159468, 0.470800, 55.55, 0.996, 0.00, 0.000, 0.00, 0.000, 0.00, 0.000
15128,161397, 55.29, 55.34, 0.997, 0.998, 1.034922, 0.722252,1,1,0, 1.000000, 0.793336, 1.223517, 0.682683, 55.29, 0.997, 0.00, 0.000, 0.00, 0.000, 0.00, 0.000
15129,161408, 55.55, 55.43, 0.987, 0.991, 0.954554, 0.506140,1,1,0, 0.999999, 0.599310, 0.747240, 0.460271, 55.55, 0.987, 0.00, 0.000, 0.00, 0.000, 0.00, 0.000
15130,161418, 56.07, 55.70, 0.988, 0.991, 1.006935, 0.646855,1,1,0, 1.000000, 0.709279, 1.237246, 0.609175, 56.07, 0.988, 0.00, 0.000, 0.00, 0.000, 0.00, 0.000
15131,161429, 57.14, 56.30, 0.974, 0.981, 1.057770, 0.716707,1,1,0, 1.000000, 0.729910, 1.216669, 0.662257, 57.14, 0.974, 0.00, 0.000, 0.00, 0.000, 0.00, 0.000
15132,161440, 58.53, 57.24, 0.994, 0.996, 0.979187, 0.502254,1,1,0, 1.000000, 0.596343, 1.090433, 0.518000, 58.53, 0.994, 0.00, 0.000, 0.00, 0.000, 0.00, 0.000
15133,161450, 58.53, 57.78, 0.996, 0.997, 1.029116, 0.626862,1,1,0, 1.000000, 0.773880, 1.219335, 0.649699, 58.53, 0.996, 0.00, 0.000, 0.00, 0.000, 0.00, 0.000
15134,161461, 58.25, 57.98, 0.995, 0.996, 0.954604, 0.439292,1,1,0, 0.999999, 0.679447, 0.738334, 0.493732, 58.25, 0.995, 0.00, 0.000, 0.00, 0.000, 0.00, 0.000
15135,161472, 58.53, 58.21, 0.996, 0.997, 0.970746, 0.383866,1,1,0, 1.000000, 0.609757, 1.139095, 0.592032, 58.53, 0.996, 0.00, 0.000, 0.00, 0.000, 0.00, 0.000
15136,161482, 58.25, 58.23, 0.997, 0.998, 1.046486, 0.605808,1,1,0, 1.000000, 0.801953, 1.188063, 0.719144, 58.25, 0.997, 0.00, 0.000, 0.00, 0.000, 0.00, 0.000
15137,161493, 58.25, 58.23, 0.997, 0.998, 0.968164, 0.424538,1,1,0, 0.999999, 0.621085, 0.785402, 0.482744, 58.25, 0.997, 0.00, 0.000, 0.00, 0.000, 0.00, 0.000
15138,161504, 58.53, 58.36, 0.981, 0.987, 0.988477, 0.454081,1,1,0, 1.000000, 0.755519, 1.158406, 0.623162, 58.53, 0.981, 0.00, 0.000, 0.00, 0.000, 0.00, 0.000
15139,161514, 30.07, 46.48, 0.996, 0.997, 1.038660, 0.624594,1,1,0, 1.000000, 0.746831, 1.180467, 0.704566, 30.07, 0.996, 60.30, 0.964, 0.00, 0.000, 0.00, 0.000
15140,161525, 61.22, 39.81, 0.976, 0.976, 0.970109, 0.437703,1,1,0, 1.000000, 0.664894, 0.949694, 0.543085, 61.22, 0.976, 30.61, 0.967, 0.00, 0.000, 0.00, 0.000
15141,161536, 61.53, 36.05, 0.994, 0.995, 0.962849, 0.306733,1,1,0, 0.999999, 0.753141, 1.068145, 0.602239, 61.53, 0.994, 30.84, 0.993, 0.00, 0.000, 0.00, 0.000
15142,161546, 30.76, 33.83, 0.998, 0.998, 1.003168, 0.491260,1,1,0, 1.000000, 0.699492, 1.103597, 0.654861, 30.76, 0.998, 61.53, 0.994, 0.00, 0.000, 0.00, 0.000
15143,161557, 61.53, 32.61, 0.995, 0.995, 0.956637, 0.344265,1,1,0, 1.000000, 0.706672, 1.090191, 0.606304, 61.53, 0.995, 30.92, 0.993, 0.00, 0.000, 0.00, 0.000
15144,161568, 61.85, 31.93, 0.987, 0.985, 0.980756, 0.365904,1,1,0, 1.000000, 0.810094, 1.108647, 0.649814, 61.85, 0.987, 31.00, 0.980, 0.00, 0.000, 0.00, 0.000
15145,161578, 31.91, 31.92, 0.994, 0.995, 0.995641, 0.425678,1,1,0, 1.000000, 0.740153, 1.096345, 0.705669, 31.91, 0.994, 63.49, 0.982, 0.00, 0.000, 0.00, 0.000
15146,161589, 64.86, 32.14, 0.991, 0.989, 0.944391, 0.298307,1,1,0, 1.000000, 0.769630, 0.950778, 0.622021, 64.86, 0.991, 32.43, 0.984, 0.00, 0.000, 0.00, 0.000
15147,161600, 65.21, 32.33, 0.998, 0.997, 0.958582, 0.406385,1,1,0, 1.000000, 0.717984, 1.108480, 0.640233, 65.21, 0.998, 32.60, 0.997, 0.00, 0.000, 0.00, 0.000
15148,161610, 65.21, 32.41, 0.998, 0.997, 0.997538, 0.484717,1,1,0, 1.000000, 0.788354, 1.114431, 0.704432, 65.21, 0.998, 32.52, 0.996, 0.00, 0.000, 0.00, 0.000
15149,161621, 65.21, 32.49, 0.998, 0.997, 0.936930, 0.339679,1,1,0, 1.000000, 0.728749, 0.760295, 0.553545, 65.21, 0.998, 32.60, 0.997, 0.00, 0.000, 0.00, 0.000
15150,161632, 65.21, 32.50, 0.998, 0.998, 0.936423, 0.238040,1,1,0, 1.000000, 0.698386, 1.040408, 0.678820, 65.21, 0.998, 32.52, 0.997, 0.00, 0.000, 0.00, 0.000
15151,161642, 64.86, 32.51, 0.998, 0.998, 0.950311, 0.277006,1,1,0, 1.000000, 0.825588, 1.022871, 0.684160, 64.86, 0.998, 32.52, 0.997, 0.00, 0.000, 0.00, 0.000
15152,161653, 65.21, 32.51, 0.997, 0.995, 0.893718, 0.194120,1,1,0, 0.999999, 0.669935, 0.811073, 0.546723, 65.21, 0.997, 32.52, 0.994, 0.00, 0.000, 0.00, 0.000
15153,161664, 65.57, 32.62, 0.992, 0.988, 0.961071, 0.551761,1,1,0, 1.000000, 0.760598, 1.161982, 0.724885, 65.57, 0.992, 32.78, 0.984, 0.00, 0.000, 0.00, 0.000
15154,161674, 33.70, 33.08, 0.991, 0.993, 0.993440, 0.562599,1,1,0, 1.000000, 0.777713, 1.168949, 0.655947, 33.70, 0.991, 67.41, 0.983, 0.00, 0.000, 0.00, 0.000
15155,161685, 68.57, 33.58, 0.995, 0.994, 1.020297, 0.565362,1,1,0, 1.000000, 0.766050, 1.155560, 0.705160, 68.57, 0.995, 34.28, 0.992, 0.00, 0.000, 0.00, 0.000
15156,161696, 68.96, 33.96, 0.999, 0.998, 0.957062, 0.396194,1,1,0, 1.000000, 0.721935, 0.768053, 0.560614, 68.96, 0.999, 34.48, 0.998, 0.00, 0.000, 0.00, 0.000
15157,161706, 68.96, 34.18, 0.999, 0.999, 0.978082, 0.433589,1,1,0, 1.000000, 0.713320, 1.145932, 0.696878, 68.96, 0.999, 34.48, 0.998, 0.00, 0.000, 0.00, 0.000
15158,161717, 68.96, 34.30, 0.999, 0.998, 0.994879, 0.515742,1,1,0, 1.000000, 0.811604, 1.151702, 0.655504, 68.96, 0.999, 34.48, 0.997, 0.00, 0.000, 0.00, 0.000
15159,161728, 68.96, 34.38, 0.999, 0.999, 1.025973, 0.590392,1,1,0, 1.000000, 0.707288, 1.160783, 0.679909, 68.96, 0.999, 34.48, 0.998, 0.00, 0.000, 0.00, 0.000
15160,161738, 68.96, 34.42, 0.999, 0.999, 0.971616, 0.413734,1,1,0, 1.000000, 0.788080, 0.943310, 0.627851, 68.96, 0.999, 34.48, 0.998, 0.00, 0.000, 0.00, 0.000
15161,161749, 34.98, 34.65, 0.991, 0.993, 1.033064, 0.683102,1,1,0, 1.000000, 0.733301, 1.260131, 0.720679, 34.98, 0.991, 70.17, 0.989, 0.00, 0.000, 0.00, 0.000
15162,161760, 36.03, 35.23, 0.989, 0.992, 1.059417, 0.629465,1,1,0, 1.000000, 0.801288, 1.249748, 0.677055, 36.03, 0.989, 71.85, 0.987, 0.00, 0.000, 0.00, 0.000
15163,161770, 72.72, 35.75, 0.997, 0.997, 1.086193, 0.656266,1,1,0, 1.000000, 0.779162, 1.245679, 0.718059, 72.72, 0.997, 36.47, 0.996, 0.00, 0.000, 0.00, 0.000
15164,161781, 73.17, 36.10, 0.999, 0.997, 1.011950, 0.459898,1,1,0, 1.000000, 0.676243, 0.813100, 0.543791, 73.17, 0.999, 36.58, 0.996, 0.00, 0.000, 0.00, 0.000
15165,161792, 73.17, 36.26, 0.999, 0.998, 1.040316, 0.503120,1,1,0, 1.000000, 0.787344, 1.245094, 0.735396, 73.17, 0.999, 36.47, 0.998, 0.00, 0.000, 0.00, 0.000
15166,161802, 73.17, 36.34, 0.999, 0.998, 1.054329, 0.550948,1,1,0, 1.000000, 0.727621, 1.244715, 0.664288, 73.17, 0.999, 36.47, 0.998, 0.00, 0.000, 0.00, 0.000
15167,161813, 73.17, 36.40, 0.999, 0.999, 1.078086, 0.600071,1,1,0, 1.000000, 0.837603, 1.244182, 0.710499, 73.17, 0.999, 36.47, 0.998, 0.00, 0.000, 0.00, 0.000
15168,161824, 73.17, 36.43, 0.999, 0.999, 1.095302, 0.669799,1,1,0, 1.000000, 0.690840, 1.246851, 0.664048, 73.17, 0.999, 36.47, 0.998, 0.00, 0.000, 0.00, 0.000
15169,161834, 73.17, 36.44, 0.999, 0.998, 1.030285, 0.469382,1,1,0, 1.000000, 0.758352, 1.004515, 0.615676, 73.17, 0.999, 36.47, 0.998, 0.00, 0.000, 0.00, 0.000
15170,161845, 36.80, 36.60, 0.997, 0.997, 1.063535, 0.562620,1,1,0, 1.000000, 0.765537, 1.271095, 0.739650, 36.80, 0.997, 73.61, 0.995, 0.00, 0.000, 0.00, 0.000
15171,161856, 37.73, 37.07, 0.984, 0.988, 1.077915, 0.562226,1,1,0, 1.000000, 0.765128, 1.266904, 0.689086, 37.73, 0.984, 75.47, 0.981, 0.00, 0.000, 0.00, 0.000
15172,161866, 76.92, 37.71, 0.994, 0.993, 1.086932, 0.557063,1,1,0, 1.000000, 0.828790, 1.251449, 0.709678, 76.92, 0.994, 38.58, 0.991, 0.00, 0.000, 0.00, 0.000
15173,161877, 77.41, 38.13, 0.999, 0.999, 1.099858, 0.593458,1,1,0, 1.000000, 0.749235, 1.245292, 0.718697, 77.41, 0.999, 38.70, 0.998, 0.00, 0.000, 0.00, 0.000
15174,161888, 77.41, 38.42, 0.999, 0.998, 1.053380, 0.586807,1,1,0, 1.000000, 0.702757, 1.221212, 0.600907, 77.41, 0.999, 38.83, 0.998, 0.00, 0.000, 0.00, 0.000
15175,161898, 77.41, 38.54, 0.999, 0.998, 1.039947, 0.414371,1,1,0, 1.000000, 0.793544, 1.227750, 0.707231, 77.41, 0.999, 38.70, 0.998, 0.00, 0.000, 0.00, 0.000
15176,161909, 77.41, 38.61, 0.999, 0.999, 1.053764, 0.475156,1,1,0, 1.000000, 0.756617, 1.234351, 0.720270, 77.41, 0.999, 38.70, 0.998, 0.00, 0.000, 0.00, 0.000
15177,161920, 77.41, 38.65, 0.999, 0.998, 1.062258, 0.520787,1,1,0, 1.000000, 0.784437, 1.237392, 0.679754, 77.41, 0.999, 38.70, 0.998, 0.00, 0.000, 0.00, 0.000
15178,161930, 77.41, 38.67, 0.999, 0.999, 1.083481, 0.540450,1,1,0, 1.000000, 0.846607, 1.233778, 0.749039, 77.41, 0.999, 38.70, 0.999, 0.00, 0.000, 0.00, 0.000
15179,161941, 77.41, 38.69, 0.999, 0.998, 1.104947, 0.639140,1,1,0, 1.000000, 0.748197, 1.254273, 0.719138, 77.41, 0.999, 38.70, 0.998, 0.00, 0.000, 0.00, 0.000
15180,161952, 77.92, 38.75, 0.996, 0.996, 1.038535, 0.447896,1,1,0, 1.000000, 0.742477, 1.073290, 0.612959, 77.92, 0.996, 38.83, 0.995, 0.00, 0.000, 0.00, 0.000
15181,161962, 78.43, 38.94, 0.993, 0.993, 1.061026, 0.488081,1,1,0, 1.000000, 0.812058, 1.266316, 0.744170, 78.43, 0.993, 39.21, 0.990, 0.00, 0.000, 0.00, 0.000
15182,161973, 40.13, 39.44, 0.988, 0.991, 1.071292, 0.455535,1,1,0, 1.000000, 0.776406, 1.250385, 0.743397, 40.13, 0.988, 80.53, 0.987, 0.00, 0.000, 0.00, 0.000
15183,161984, 81.63, 40.02, 0.997, 0.996, 1.062068, 0.372576,1,1,0, 1.000000, 0.765650, 1.206183, 0.704597, 81.63, 0.997, 40.81, 0.995, 0.00, 0.000, 0.00, 0.000
15184,161994, 82.19, 40.41, 0.999, 0.999, 1.049683, 0.332851,1,1,0, 1.000000, 0.782897, 1.172938, 0.686057, 82.19, 0.999, 40.95, 0.998, 0.00, 0.000, 0.00, 0.000
15185,162005, 82.19, 40.70, 0.999, 0.998, 1.047708, 0.382063,1,1,0, 1.000000, 0.817237, 1.166725, 0.726348, 82.19, 0.999, 41.09, 0.998, 0.00, 0.000, 0.00, 0.000
15186,162016, 82.19, 40.86, 0.999, 0.998, 1.055100, 0.429097,1,1,0, 1.000000, 0.765491, 1.166972, 0.727336, 82.19, 0.999, 41.09, 0.997, 0.00, 0.000, 0.00, 0.000
15187,162026, 82.19, 40.96, 0.998, 0.997, 1.054718, 0.443994,1,1,0, 1.000000, 0.714946, 1.160187, 0.666198, 82.19, 0.998, 41.09, 0.997, 0.00, 0.000, 0.00, 0.000
15188,162037, 82.19, 40.95, 0.999, 0.998, 0.994654, 0.311142,1,1,0, 1.000000, 0.728039, 0.990615, 0.614901, 82.19, 0.999, 40.95, 0.998, 0.00, 0.000, 0.00, 0.000
15189,162048, 81.63, 40.95, 0.999, 0.998, 0.989724, 0.218042,1,1,0, 1.000000, 0.791996, 1.106309, 0.720093, 81.63, 0.999, 40.95, 0.998, 0.00, 0.000, 0.00, 0.000
15190,162058, 81.63, 40.95, 0.999, 0.998, 0.986148, 0.246614,1,1,0, 1.000000, 0.737277, 1.098636, 0.708739, 81.63, 0.999, 40.95, 0.997, 0.00, 0.000, 0.00, 0.000
15191,162069, 82.19, 41.01, 0.996, 0.997, 1.010925, 0.402790,1,1,0, 1.000000, 0.780515, 1.155436, 0.722404, 82.19, 0.996, 41.09, 0.996, 0.00, 0.000, 0.00, 0.000
15192,162080, 83.91, 41.41, 0.987, 0.989, 1.021637, 0.419289,1,1,0, 1.000000, 0.782620, 1.164871, 0.712662, 83.91, 0.987, 41.95, 0.985, 0.00, 0.000, 0.00, 0.000
15193,162090, 85.10, 41.95, 0.987, 0.985, 1.019898, 0.414577,1,1,0, 1.000000, 0.775086, 1.157101, 0.694006, 85.10, 0.987, 42.70, 0.980, 0.00, 0.000, 0.00, 0.000
15194,162101, 86.33, 42.52, 0.998, 0.997, 1.009911, 0.338304,1,1,0, 1.000000, 0.783078, 1.121641, 0.702902, 86.33, 0.998, 43.32, 0.997, 0.00, 0.000, 0.00, 0.000
15195,162112, 86.95, 42.92, 0.998, 0.998, 1.007522, 0.380078,1,1,0, 1.000000, 0.776290, 1.118462, 0.712638, 86.95, 0.998, 43.47, 0.997, 0.00, 0.000, 0.00, 0.000
15196,162122, 86.95, 43.15, 0.998, 0.998, 1.009959, 0.425145,1,1,0, 1.000000, 0.740038, 1.120593, 0.694164, 86.95, 0.998, 43.47, 0.998, 0.00, 0.000, 0.00, 0.000
15197,162133, 86.95, 43.29, 0.998, 0.998, 1.001756, 0.360029,1,1,0, 1.000000, 0.710288, 1.092074, 0.672111, 86.95, 0.998, 43.47, 0.998, 0.00, 0.000, 0.00, 0.000
15198,162144, 86.95, 43.37, 0.998, 0.998, 1.004349, 0.435802,1,1,0, 1.000000, 0.725879, 1.107048, 0.669862, 86.95, 0.998, 43.47, 0.997, 0.00, 0.000, 0.00, 0.000
15199,162154, 86.95, 43.41, 0.998, 0.997, 0.963368, 0.340193,1,1,0, 1.000000, 0.725990, 1.060663, 0.646634, 86.95, 0.998, 43.47, 0.997, 0.00, 0.000, 0.00, 0.000
15200,162165, 86.95, 43.37, 0.998, 0.998, 0.954950, 0.320385,1,1,0, 1.000000, 0.751732, 1.109401, 0.666762, 86.95, 0.998, 43.32, 0.997, 0.00, 0.000, 0.00, 0.000
15201,162176, 86.95, 43.48, 0.995, 0.995, 0.971182, 0.393289,1,1,0, 1.000000, 0.770352, 1.138626, 0.706627, 86.95, 0.995, 43.63, 0.993, 0.00, 0.000, 0.00, 0.000
15202,162186, 88.88, 43.81, 0.987, 0.989, 0.981085, 0.361688,1,1,0, 1.000000, 0.764158, 1.137486, 0.707974, 88.88, 0.987, 44.28, 0.985, 0.00, 0.000, 0.00, 0.000
15203,162197, 30.22, 44.50, 0.995, 0.991, 0.985530, 0.351769,1,1,0, 1.000000, 0.758833, 1.137355, 0.705616, 30.22, 0.995, 90.90, 0.991, 45.45, 0.988, 0.00, 0.000
15204,162208, 45.97, 45.12, 0.998, 0.998, 0.976601, 0.281082,1,1,0, 1.000000, 0.760392, 1.103885, 0.703262, 45.97, 0.998, 91.60, 0.998, 30.61, 0.997, 0.00, 0.000
15205,162218, 30.69, 45.48, 0.999, 0.998, 0.979410, 0.353163,1,1,0, 1.000000, 0.751022, 1.125358, 0.699045, 30.69, 0.999, 92.30, 0.998, 45.97, 0.998, 0.00, 0.000
15206,162229, 91.60, 45.69, 0.998, 0.999, 0.982708, 0.353573,1,1,0, 1.000000, 0.750425, 1.125795, 0.698322, 91.60, 0.998, 45.97, 0.998, 30.61, 0.998, 0.00, 0.000
15207,162240, 45.97, 45.81, 0.999, 0.999, 0.979211, 0.323302,1,1,0, 1.000000, 0.735318, 1.113456, 0.686924, 45.97, 0.999, 91.60, 0.998, 30.61, 0.998, 0.00, 0.000
15208,162250, 30.61, 45.88, 0.999, 0.999, 0.975775, 0.334343,1,1,0, 1.000000, 0.738285, 1.110483, 0.687152, 30.61, 0.999, 91.60, 0.998, 45.97, 0.998, 0.00, 0.000
15209,162261, 92.30, 45.99, 0.999, 0.999, 0.979672, 0.368570,1,1,0, 1.000000, 0.742563, 1.122164, 0.689777, 92.30, 0.999, 30.76, 0.998, 46.15, 0.998, 0.00, 0.000
15210,162272, 31.08, 46.21, 0.994, 0.993, 0.972972, 0.287138,1,1,0, 1.000000, 0.751300, 1.094128, 0.693371, 31.08, 0.994, 93.02, 0.993, 46.51, 0.991, 0.00, 0.000
15211,162282, 31.57, 46.72, 0.993, 0.988, 0.965188, 0.294161,1,1,0, 1.000000, 0.743471, 1.090780, 0.687170, 31.57, 0.993, 94.48, 0.989, 47.43, 0.983, 0.00, 0.000
15212,162293, 96.77, 47.42, 0.993, 0.991, 0.955479, 0.294505,1,1,0, 1.000000, 0.708102, 1.088648, 0.662691, 96.77, 0.993, 32.25, 0.990, 48.38, 0.987, 0.00, 0.000
15213,162304, 48.78, 47.99, 0.997, 0.998, 0.945169, 0.295761,1,1,0, 1.000000, 0.714272, 1.080583, 0.668031, 48.78, 0.997, 97.56, 0.997, 32.52, 0.994, 0.00, 0.000
15214,162314, 48.78, 48.32, 0.998, 0.998, 0.945116, 0.337559,1,1,0, 1.000000, 0.719103, 1.096572, 0.674579, 48.78, 0.998, 97.56, 0.997, 32.52, 0.996, 0.00, 0.000
15215,162325, 48.78, 48.51, 0.998, 0.998, 0.950908, 0.337940,1,1,0, 1.000000, 0.730975, 1.102626, 0.690290, 48.78, 0.998, 97.56, 0.998, 32.43, 0.997, 0.00, 0.000
15216,162336, 48.58, 48.54, 0.998, 0.999, 0.972695, 0.431085,1,1,0, 1.000000, 0.725231, 1.095524, 0.683818, 48.58, 0.998, 97.56, 0.998, 32.43, 0.997, 0.00, 0.000
15217,162346, 48.78, 48.64, 0.998, 0.998, 0.993569, 0.410111,1,1,0, 1.000000, 0.745926, 1.090604, 0.703589, 48.78, 0.998, 97.56, 0.998, 32.43, 0.997, 0.00, 0.000
15218,162357, 32.69, 48.78, 0.996, 0.996, 0.980911, 0.313393,1,1,0, 1.000000, 0.747126, 1.059144, 0.696242, 32.69, 0.996, 98.36, 0.996, 48.97, 0.995, 0.00, 0.000
15219,162368, 99.17, 49.12, 0.991, 0.990, 0.965740, 0.249227,1,1,0, 1.000000, 0.755485, 1.033929, 0.689852, 99.17, 0.991, 49.58, 0.986, 33.14, 0.986, 0.00, 0.000
15220,162378, 33.80, 49.84, 0.990, 0.985, 0.940488, 0.253754,1,1,0, 1.000000, 0.686742, 1.020326, 0.637201, 33.80, 0.990, 101.69, 0.989, 50.84, 0.979, 0.00, 0.000
15221,162389, 102.56, 50.54, 0.995, 0.996, 0.937720, 0.325637,1,1,0, 1.000000, 0.694176, 1.043436, 0.662874, 102.56, 0.995, 51.50, 0.995, 34.28, 0.993, 0.00, 0.000
15222,162400, 51.72, 51.03, 0.998, 0.998, 0.915269, 0.228200,1,1,0, 1.000000, 0.688874, 0.974840, 0.656501, 51.72, 0.998, 103.44, 0.998, 34.38, 0.997, 0.00, 0.000
15223,162410, 103.44, 51.23, 0.998, 0.998, 0.905732, 0.172874,1,1,0, 1.000000, 0.711488, 0.981724, 0.671032, 103.44, 0.998, 51.50, 0.997, 34.38, 0.996, 0.00, 0.000
15224,162421, 103.44, 51.43, 0.998, 0.998, 0.895196, 0.230786,1,1,0, 1.000000, 0.734957, 0.989182, 0.673931, 103.44, 0.998, 51.72, 0.997, 34.38, 0.997, 0.00, 0.000
15225,162432, 103.44, 51.55, 0.998, 0.998, 0.895919, 0.305403,1,1,0, 1.000000, 0.709651, 1.018063, 0.650907, 103.44, 0.998, 51.72, 0.998, 34.48, 0.997, 0.00, 0.000
15226,162442, 103.44, 51.62, 0.998, 0.998, 0.894331, 0.315804,1,1,0, 1.000000, 0.669077, 1.030598, 0.638007, 103.44, 0.998, 51.72, 0.997, 34.38, 0.996, 0.00, 0.000
15227,162453, 103.44, 51.66, 0.998, 0.998, 0.936695, 0.397603,1,1,0, 1.000000, 0.726314, 1.047720, 0.698708, 103.44, 0.998, 51.72, 0.997, 34.48, 0.996, 0.00, 0.000
15228,162464, 104.34, 51.78, 0.996, 0.995, 0.925934, 0.278632,1,1,0, 1.000000, 0.736535, 1.018759, 0.686674, 104.34, 0.996, 34.68, 0.995, 51.94, 0.994, 0.00, 0.000
15229,162474, 105.26, 52.14, 0.993, 0.990, 0.891130, 0.195259,1,1,0, 1.000000, 0.677101, 0.944276, 0.623987, 105.26, 0.993, 52.63, 0.987, 35.08, 0.984, 0.00, 0.000
15230,162485, 107.14, 52.74, 0.991, 0.985, 0.855879, 0.136834,1,1,0, 1.000000, 0.641225, 0.902902, 0.620390, 107.14, 0.991, 35.60, 0.984, 53.57, 0.980, 0.00, 0.000
15231,162496, 108.10, 53.39, 0.995, 0.995, 0.842818, 0.138880,1,1,0, 1.000000, 0.688702, 0.881560, 0.651378, 108.10, 0.995, 36.14, 0.994, 54.29, 0.993, 0.00, 0.000
15232,162506, 109.09, 53.87, 0.998, 0.998, 0.831489, 0.165551,1,1,0, 1.000000, 0.671592, 0.897183, 0.615702, 109.09, 0.998, 54.54, 0.997, 36.36, 0.996, 0.00, 0.000
15233,162517, 109.09, 54.26, 0.997, 0.997, 0.833338, 0.230398,1,1,0, 1.000000, 0.624896, 0.909403, 0.603901, 109.09, 0.997, 36.47, 0.997, 54.79, 0.996, 0.00, 0.000
15234,162528, 110.09, 54.48, 0.998, 0.997, 0.878829, 0.298338,1,1,0, 1.000000, 0.704640, 0.951459, 0.664709, 110.09, 0.998, 54.79, 0.996, 36.58, 0.996, 0.00, 0.000
15235,162538, 110.09, 54.61, 0.997, 0.997, 0.866218, 0.255797,1,1,0, 1.000000, 0.632804, 0.943508, 0.585030, 110.09, 0.997, 54.79, 0.996, 36.58, 0.996, 0.00, 0.000
15236,162549, 110.09, 54.69, 0.997, 0.997, 0.873008, 0.321519,1,1,0, 1.000000, 0.617028, 0.978653, 0.593106, 110.09, 0.997, 54.79, 0.996, 36.58, 0.995, 0.00, 0.000
15237,162560, 110.09, 54.73, 0.998, 0.997, 0.889135, 0.279502,1,1,0, 1.000000, 0.689273, 0.982374, 0.649895, 110.09, 0.998, 54.79, 0.996, 36.58, 0.996, 0.00, 0.000
15238,162570, 110.09, 54.75, 0.997, 0.997, 0.882434, 0.228879,1,1,0, 1.000000, 0.634802, 0.967060, 0.582907, 110.09, 0.997, 54.79, 0.996, 36.58, 0.995, 0.00, 0.000
15239,162581, 110.09, 54.77, 0.998, 0.997, 0.885278, 0.274214,1,1,0, 1.000000, 0.621984, 0.995957, 0.601643, 110.09, 0.998, 36.58, 0.996, 54.79, 0.996, 0.00, 0.000
15240,162592, 110.09, 54.78, 0.998, 0.998, 0.887077, 0.238133,1,1,0, 1.000000, 0.670740, 0.978404, 0.633723, 110.09, 0.998, 54.79, 0.997, 36.58, 0.997, 0.00, 0.000
15241,162602, 109.09, 54.68, 0.996, 0.995, 0.868276, 0.276164,1,1,0, 0.998475, 0.624191, 0.951291, 0.573886, 109.09, 0.996, 36.47, 0.994, 54.54, 0.994, 0.00, 0.000
15242,162613, 109.09, 54.52, 0.986, 0.988, 0.807470, 0.193530,1,1,0, 0.802053, 0.448067, 0.711523, 0.446187, 109.09, 0.986, 54.29, 0.983, 36.25, 0.979, 0.00, 0.000
15243,162624, 108.10, 54.22, 0.966, 0.942, 0.732084, 0.135622,1,1,0, 0.387217, 0.233581, 0.343095, 0.230072, 108.10, 0.966, 35.92, 0.957, 53.81, 0.919, 0.00, 0.000
15244,162634, 108.10, 54.15, 0.938, 0.917, 0.648767, 0.095041,1,1,0, 0.219964, 0.090129, 0.223183, 0.080001, 108.10, 0.938, 54.05, 0.885, 36.36, 0.629, 0.00, 0.000
15245,162645, 109.09, 54.42, 0.881, 0.728, 0.572987, 0.066603,1,1,0, 0.186383, 0.066034, 0.148382, 0.057228, 109.09, 0.881, 54.79, 0.622, 31.41, 0.287, 39.86, 0.233
15246,162656, 31.91, 44.96, 0.898, 0.875, 0.509240, 0.046674,1,1,0, 0.183260, 0.080442, 0.140931, 0.074039, 31.91, 0.898, 114.28, 0.531, 44.94, 0.452, 64.17, 0.410
15247,162666, 30.69, 38.97, 0.696, 0.653, 0.448856, 0.032708,1,1,0, 0.078916, 0.043891, 0.053760, 0.029792, 30.69, 0.696, 48.78, 0.283, 68.96, 0.114, 127.65, 0.056
15248,162677, 55.04, 38.97, 0.568, 0.588, 0.397544, 0.022921,1,1,0, 0.076803, 0.049518, 0.083817, 0.043754, 55.04, 0.568, 37.73, 0.396, 110.09, 0.196, 0.00, 0.000
15249,162688, 56.07, 38.97, 0.558, 0.529, 0.353534, 0.016062,1,1,0, 0.115621, 0.057881, 0.089193, 0.053837, 56.07, 0.558, 39.73, 0.428, 111.11, 0.105, 0.00, 0.000
15250,162698, 36.25, 37.83, 0.438, 0.464, 0.313579, 0.011256,1,1,0, 0.108007, 0.040699, 0.077018, 0.039597, 36.25, 0.438, 70.58, 0.342, 51.06, 0.137, 0.00, 0.000
15251,162709, 50.20, 43.02, 0.621, 0.583, 0.278604, 0.007888,1,1,0, 0.092726, 0.050803, 0.069198, 0.039186, 50.20, 0.621, 30.53, 0.279, 78.43, 0.060, 0.00, 0.000
15252,162720, 50.00, 43.02, 0.495, 0.525, 0.250282, 0.005527,1,1,0, 0.127988, 0.079332, 0.107244, 0.057745, 50.00, 0.495, 44.94, 0.439, 0.00, 0.000, 0.00, 0.000
15253,162730, 38.09, 40.95, 0.495, 0.474, 0.227380, 0.003873,1,1,0, 0.151224, 0.078121, 0.151977, 0.081989, 38.09, 0.495, 65.93, 0.376, 0.00, 0.000, 0.00, 0.000
15254,162741, 65.57, 40.95, 0.294, 0.427, 0.200832, 0.002714,1,1,0, 0.045057, 0.019440, 0.033914, 0.016884, 65.57, 0.294, 37.26, 0.202, 0.00, 0.000, 0.00, 0.000
15255,162752, 39.60, 40.38, 0.632, 0.636, 0.179812, 0.001902,1,1,0, 0.095153, 0.046559, 0.100318, 0.040034, 39.60, 0.632, 77.41, 0.144, 56.07, 0.042, 0.00, 0.000
15256,162762, 39.34, 39.95, 0.546, 0.570, 0.164876, 0.001333,1,1,0, 0.152604, 0.082921, 0.139550, 0.072312, 39.34, 0.546, 76.43, 0.091, 100.84, 0.087, 55.04, 0.049
15257,162773, 35.82, 38.21, 0.478, 0.499, 0.147855, 0.000934,1,1,0, 0.084719, 0.044834, 0.091164, 0.042327, 35.82, 0.478, 74.53, 0.444, 31.33, 0.352, 0.00, 0.000
15258,162784, 74.07, 38.21, 0.373, 0.449, 0.132399, 0.000654,1,1,0, 0.074197, 0.039179, 0.058698, 0.032465, 74.07, 0.373, 34.38, 0.350, 49.58, 0.146, 0.00, 0.000
15259,162794, 54.54, 38.21, 0.419, 0.404, 0.120612, 0.000458,1,1,0, 0.088498, 0.056161, 0.090119, 0.043212, 54.54, 0.419, 49.18, 0.399, 0.00, 0.000, 0.00, 0.000
15260,162805, 51.06, 38.21, 0.475, 0.364, 0.112293, 0.000321,1,1,0, 0.112542, 0.064597, 0.118345, 0.064162, 51.06, 0.475, 39.08, 0.246, 0.00, 0.000, 0.00, 0.000
15261,162816, 54.29, 44.97, 0.499, 0.468, 0.101023, 0.000225,1,1,0, 0.067120, 0.029567, 0.065521, 0.028413, 54.29, 0.499, 37.03, 0.203, 0.00, 0.000, 0.00, 0.000
15262,162826, 41.66, 44.97, 0.388, 0.421, 0.096632, 0.030772,1,1,0, 0.130517, 0.060893, 0.104809, 0.048520, 41.66, 0.388, 55.29, 0.368, 0.00, 0.000, 0.00, 0.000
15263,162837, 58.25, 44.97, 0.253, 0.379, 0.108894, 0.071470,1,1,0, 0.137113, 0.075302, 0.129300, 0.070307, 58.25, 0.253, 38.58, 0.219, 108.10, 0.084, 0.00, 0.000
15264,162848, 31.74, 39.41, 0.811, 0.761, 0.098983, 0.050085,1,1,0, 0.072030, 0.038380, 0.057504, 0.033873, 31.74, 0.811, 72.72, 0.347, 36.03, 0.337, 0.00, 0.000
15265,162858, 75.47, 39.41, 0.390, 0.685, 0.089279, 0.035098,1,1,0, 0.072808, 0.038951, 0.038964, 0.024634, 75.47, 0.390, 37.15, 0.172, 46.51, 0.035, 0.00, 0.000
15266,162869, 42.10, 40.54, 0.452, 0.461, 0.099432, 0.061099,1,1,0, 0.125129, 0.085580, 0.117888, 0.078304, 42.10, 0.452, 73.17, 0.117, 0.00, 0.000, 0.00, 0.000
15267,162880, 42.25, 40.54, 0.415, 0.415, 0.093843, 0.042817,1,1,0, 0.127984, 0.056994, 0.105401, 0.052177, 42.25, 0.415, 75.94, 0.301, 0.00, 0.000, 0.00, 0.000
15268,162890, 36.36, 38.78, 0.673, 0.672, 0.086021, 0.030005,1,1,0, 0.074208, 0.041047, 0.073059, 0.038706, 36.36, 0.673, 68.96, 0.369, 0.00, 0.000, 0.00, 0.000
15269,162901, 63.15, 38.78, 0.438, 0.605, 0.078656, 0.021027,1,1,0, 0.082544, 0.043328, 0.063214, 0.033735, 63.15, 0.438, 38.96, 0.231, 0.00, 0.000, 0.00, 0.000
15270,162912, 47.43, 38.78, 0.288, 0.544, 0.085447, 0.036514,1,1,0, 0.114619, 0.056212, 0.101550, 0.053095, 47.43, 0.288, 44.77, 0.274, 69.76, 0.106, 108.10, 0.090
15271,162922, 53.33, 38.78, 0.469, 0.490, 0.078830, 0.025588,1,1,0, 0.088400, 0.042940, 0.059415, 0.036262, 53.33, 0.469, 37.61, 0.319, 0.00, 0.000, 0.00, 0.000
15272,162933, 56.87, 38.78, 0.464, 0.441, 0.072593, 0.017932,1,1,0, 0.065657, 0.040849, 0.058303, 0.033713, 56.87, 0.464, 31.33, 0.431, 0.00, 0.000, 0.00, 0.000
15273,162944, 48.58, 42.90, 0.740, 0.694, 0.098108, 0.079564,1,1,0, 0.116073, 0.080172, 0.117154, 0.068132, 48.58, 0.740, 0.00, 0.000, 0.00, 0.000, 0.00, 0.000
15274,162954, 31.41, 38.07, 0.851, 0.799, 0.089634, 0.055757,1,1,0, 0.085225, 0.036380, 0.091887, 0.039408, 31.41, 0.851, 49.58, 0.365, 73.61, 0.239, 0.00, 0.000
15275,162965, 37.03, 37.64, 0.589, 0.615, 0.081916, 0.039073,1,1,0, 0.070112, 0.034635, 0.058126, 0.031607, 37.03, 0.589, 69.36, 0.354, 0.00, 0.000, 0.00, 0.000
15276,162976, 39.73, 38.52, 0.481, 0.489, 0.099941, 0.087857,1,1,0, 0.139026, 0.081678, 0.125783, 0.073756, 39.73, 0.481, 107.14, 0.261, 63.15, 0.120, 0.00, 0.000
15277,162986, 42.25, 40.08, 0.558, 0.542, 0.094574, 0.061568,1,1,0, 0.125928, 0.074071, 0.094654, 0.062318, 42.25, 0.558, 70.58, 0.228, 0.00, 0.000, 0.00, 0.000
15278,162997, 65.57, 40.08, 0.358, 0.487, 0.086933, 0.043146,1,1,0, 0.086115, 0.044075, 0.078562, 0.041074, 65.57, 0.358, 37.50, 0.336, 0.00, 0.000, 0.00, 0.000
15279,163008, 38.33, 40.08, 0.452, 0.439, 0.078539, 0.030235,1,1,0, 0.068485, 0.027820, 0.048035, 0.022663, 38.33, 0.452, 71.85, 0.443, 0.00, 0.000, 0.00, 0.000
15280,163018, 45.80, 42.48, 0.666, 0.631, 0.076410, 0.021188,1,1,0, 0.099088, 0.062574, 0.081840, 0.056652, 45.80, 0.666, 74.07, 0.290, 0.00, 0.000, 0.00, 0.000
15281,163029, 46.69, 44.25, 0.569, 0.556, 0.069861, 0.014848,1,1,0, 0.064148, 0.031304, 0.055404, 0.028029, 46.69, 0.569, 74.07, 0.225, 0.00, 0.000, 0.00, 0.000
15282,163040, 36.36, 40.93, 0.586, 0.581, 0.064587, 0.010405,1,1,0, 0.056164, 0.034008, 0.047915, 0.030348, 36.36, 0.586, 57.97, 0.422, 68.96, 0.399, 0.00, 0.000
15283,163050, 56.07, 47.29, 0.515, 0.484, 0.096990, 0.066162,1,1,0, 0.123558, 0.080190, 0.109290, 0.068196, 56.07, 0.515, 39.08, 0.091, 0.00, 0.000, 0.00, 0.000
15284,163061, 49.79, 48.34, 0.592, 0.586, 0.088855, 0.046365,1,1,0, 0.075081, 0.040857, 0.062071, 0.036169, 49.79, 0.592, 0.00, 0.000, 0.00, 0.000, 0.00, 0.000
15285,163072, 60.30, 53.36, 0.491, 0.461, 0.080171, 0.032492,1,1,0, 0.054792, 0.020589, 0.054700, 0.024532, 60.30, 0.491, 0.00, 0.000, 0.00, 0.000, 0.00, 0.000
15286,163082, 38.33, 47.05, 0.555, 0.521, 0.073126, 0.022769,1,1,0, 0.059487, 0.034699, 0.044639, 0.026820, 38.33, 0.555, 67.79, 0.349, 0.00, 0.000, 0.00, 0.000
15287,163093, 45.97, 46.60, 0.550, 0.558, 0.110170, 0.119448,1,1,0, 0.132781, 0.083694, 0.132279, 0.075269, 45.97, 0.550, 85.10, 0.329, 0.00, 0.000, 0.00, 0.000
15288,163104, 70.58, 46.60, 0.361, 0.502, 0.101025, 0.083706,1,1,0, 0.119295, 0.059164, 0.098358, 0.049161, 70.58, 0.361, 47.80, 0.109, 0.00, 0.000, 0.00, 0.000
15289,163114, 30.15, 39.69, 0.591, 0.555, 0.090306, 0.058659,1,1,0, 0.036430, 0.017792, 0.035554, 0.016320, 30.15, 0.591, 68.18, 0.395, 35.92, 0.059, 0.00, 0.000
15290,163125, 40.00, 39.69, 0.303, 0.499, 0.082078, 0.041107,1,1,0, 0.069232, 0.035128, 0.057853, 0.029520, 40.00, 0.303, 49.18, 0.301, 60.00, 0.230, 0.00, 0.000
15291,163136, 47.61, 39.69, 0.242, 0.449, 0.073954, 0.028807,1,1,0, 0.047053, 0.023359, 0.037904, 0.020268, 47.61, 0.242, 37.85, 0.018, 0.00, 0.000, 0.00, 0.000
15292,163146, 34.18, 37.38, 0.570, 0.573, 0.067314, 0.020187,1,1,0, 0.072041, 0.032953, 0.055270, 0.026503, 34.18, 0.570, 70.17, 0.478, 0.00, 0.000, 0.00, 0.000
15293,163157, 35.29, 36.50, 0.752, 0.792, 0.061418, 0.014147,1,1,0, 0.042719, 0.026942, 0.050453, 0.023663, 35.29, 0.752, 70.17, 0.670, 0.00, 0.000, 0.00, 0.000
15294,163168, 57.69, 45.40, 0.539, 0.506, 0.057308, 0.009914,1,1,0, 0.066930, 0.033488, 0.057829, 0.031851, 57.69, 0.539, 0.00, 0.000, 0.00, 0.000, 0.00, 0.000
15295,163178, 30.07, 38.96, 0.928, 0.871, 0.052359, 0.006947,1,1,0, 0.059934, 0.027291, 0.055412, 0.024429, 30.07, 0.928, 54.29, 0.693, 71.85, 0.315, 38.09, 0.110
15296,163189, 30.45, 38.96, 0.434, 0.784, 0.047404, 0.004868,1,1,0, 0.051286, 0.017049, 0.048467, 0.016025, 30.45, 0.434, 68.18, 0.340, 59.40, 0.332, 0.00, 0.000
15297,163200, 48.58, 38.96, 0.313, 0.706, 0.050147, 0.038610,1,1,0, 0.060355, 0.034162, 0.058821, 0.029774, 48.58, 0.313, 70.17, 0.235, 41.95, 0.208, 37.73, 0.208
15298,163210, 47.61, 42.59, 0.502, 0.471, 0.047781, 0.027057,1,1,0, 0.056886, 0.036607, 0.050689, 0.028403, 47.61, 0.502, 74.53, 0.262, 38.58, 0.090, 0.00, 0.000
15299,163221, 73.61, 42.59, 0.535, 0.424, 0.045369, 0.018961,1,1,0, 0.042911, 0.024271, 0.051886, 0.025668, 73.61, 0.535, 37.73, 0.277, 0.00, 0.000, 0.00, 0.000
15300,163232, 72.72, 40.16, 0.765, 0.610, 0.043163, 0.013287,1,1,0, 0.051064, 0.024025, 0.050143, 0.023500, 72.72, 0.765, 36.80, 0.584, 0.00, 0.000, 0.00, 0.000
15301,163242, 31.16, 36.38, 0.780, 0.732, 0.039362, 0.009311,1,1,0, 0.035169, 0.020196, 0.024724, 0.014251, 31.16, 0.780, 73.61, 0.610, 37.50, 0.076, 0.00, 0.000
15302,163253, 50.20, 36.38, 0.292, 0.659, 0.061193, 0.071441,1,1,0, 0.081479, 0.043128, 0.074198, 0.035089, 50.20, 0.292, 38.09, 0.261, 74.53, 0.215, 153.84, 0.020
15303,163264, 37.97, 37.05, 0.534, 0.546, 0.057000, 0.050064,1,1,0, 0.074540, 0.039389, 0.055119, 0.030740, 37.97, 0.534, 49.79, 0.356, 0.00, 0.000, 0.00, 0.000
15304,163274, 50.00, 37.05, 0.299, 0.491, 0.051767, 0.035084,1,1,0, 0.032289, 0.020757, 0.036996, 0.016895, 50.00, 0.299, 37.61, 0.123, 0.00, 0.000, 0.00, 0.000
15305,163285, 69.76, 37.05, 0.542, 0.442, 0.047424, 0.024586,1,1,0, 0.049559, 0.025875, 0.047155, 0.023170, 69.76, 0.542, 35.92, 0.221, 0.00, 0.000, 0.00, 0.000
15306,163296, 73.17, 52.22, 0.603, 0.562, 0.042983, 0.017229,1,1,0, 0.031586, 0.015737, 0.028734, 0.014945, 73.17, 0.603, 30.45, 0.321, 53.57, 0.124, 37.85, 0.055
15307,163306, 50.84, 51.64, 0.481, 0.496, 0.045985, 0.032479,1,1,0, 0.058739, 0.026701, 0.052691, 0.024468, 50.84, 0.481, 38.58, 0.478, 75.47, 0.340, 0.00, 0.000
15308,163317, 74.07, 51.64, 0.475, 0.446, 0.043574, 0.022760,1,1,0, 0.058430, 0.035879, 0.047704, 0.028463, 74.07, 0.475, 50.42, 0.313, 37.97, 0.300, 0.00, 0.000
15309,163328, 71.00, 51.64, 0.456, 0.402, 0.040478, 0.015950,1,1,0, 0.041880, 0.024533, 0.035813, 0.021238, 71.00, 0.456, 58.82, 0.320, 0.00, 0.000, 0.00, 0.000
15310,163338, 70.17, 44.99, 0.599, 0.525, 0.039808, 0.011177,1,1,0, 0.047852, 0.023162, 0.045406, 0.023621, 70.17, 0.599, 35.82, 0.509, 0.00, 0.000, 0.00, 0.000
15311,163349, 30.15, 38.76, 0.514, 0.482, 0.036156, 0.007833,1,1,0, 0.030192, 0.015605, 0.029330, 0.013506, 30.15, 0.514, 71.00, 0.428, 52.63, 0.425, 37.38, 0.097
15312,163360, 50.42, 38.76, 0.494, 0.434, 0.041706, 0.051283,1,1,0, 0.052021, 0.027632, 0.055225, 0.023537, 50.42, 0.494, 75.00, 0.289, 39.08, 0.271, 0.00, 0.000
15313,163370, 49.79, 38.76, 0.513, 0.391, 0.044020, 0.035938,1,1,0, 0.055363, 0.034751, 0.055271, 0.029662, 49.79, 0.513, 73.17, 0.363, 38.09, 0.331, 0.00, 0.000
15314,163381, 70.58, 38.76, 0.467, 0.352, 0.041031, 0.025184,1,1,0, 0.045751, 0.027603, 0.034352, 0.022058, 70.58, 0.467, 57.41, 0.399, 0.00, 0.000, 0.00, 0.000
15315,163392, 69.76, 38.76, 0.667, 0.316, 0.038415, 0.017648,1,1,0, 0.040220, 0.020170, 0.041852, 0.022040, 69.76, 0.667, 35.71, 0.293, 0.00, 0.000, 0.00, 0.000
15316,163402, 71.42, 38.76, 0.479, 0.285, 0.034864, 0.012368,1,1,0, 0.026520, 0.015068, 0.025959, 0.012551, 71.42, 0.479, 52.86, 0.389, 37.38, 0.276, 0.00, 0.000
15317,163413, 49.18, 43.13, 0.513, 0.481, 0.034925, 0.042773,1,1,0, 0.041670, 0.025804, 0.047158, 0.019915, 49.18, 0.513, 74.53, 0.290, 38.96, 0.155, 0.00, 0.000
15318,163424, 50.00, 46.02, 0.519, 0.489, 0.044545, 0.039259,1,1,0, 0.056543, 0.033488, 0.056503, 0.030922, 50.00, 0.519, 37.85, 0.322, 73.17, 0.290, 0.00, 0.000
15319,163434, 70.58, 56.33, 0.494, 0.464, 0.041448, 0.027512,1,1,0, 0.041990, 0.028981, 0.033240, 0.021501, 70.58, 0.494, 0.00, 0.000, 0.00, 0.000, 0.00, 0.000
15320,163445, 68.96, 45.37, 0.719, 0.650, 0.041024, 0.019279,1,1,0, 0.042191, 0.022297, 0.046866, 0.023746, 68.96, 0.719, 30.22, 0.693, 35.60, 0.218, 0.00, 0.000
15321,163456, 71.00, 45.37, 0.557, 0.585, 0.037273, 0.013511,1,1,0, 0.028928, 0.017533, 0.027343, 0.013529, 71.00, 0.557, 36.92, 0.279, 0.00, 0.000, 0.00, 0.000
15322,163466, 47.80, 46.39, 0.610, 0.609, 0.034471, 0.009468,1,1,0, 0.037703, 0.021960, 0.031011, 0.017078, 47.80, 0.610, 74.07, 0.308, 38.33, 0.169, 0.00, 0.000
15323,163477, 50.42, 46.39, 0.449, 0.548, 0.044296, 0.035896,1,1,0, 0.056392, 0.034428, 0.055905, 0.032025, 50.42, 0.449, 73.17, 0.270, 37.97, 0.242, 0.00, 0.000
15324,163488, 30.30, 39.63, 0.622, 0.584, 0.041357, 0.025155,1,1,0, 0.048678, 0.028065, 0.037559, 0.022728, 30.30, 0.622, 70.58, 0.531, 57.14, 0.396, 0.00, 0.000
15325,163498, 68.57, 35.65, 0.701, 0.631, 0.040103, 0.017628,1,1,0, 0.044852, 0.024143, 0.044502, 0.023259, 68.57, 0.701, 30.15, 0.672, 35.60, 0.211, 0.00, 0.000
15326,163509, 70.58, 35.65, 0.556, 0.567, 0.036371, 0.012353,1,1,0, 0.024438, 0.014782, 0.023367, 0.012301, 70.58, 0.556, 57.14, 0.434, 36.69, 0.317, 0.00, 0.000
15327,163520, 47.43, 40.59, 0.618, 0.580, 0.033600, 0.008657,1,1,0, 0.039684, 0.024798, 0.031231, 0.016744, 47.43, 0.618, 73.61, 0.382, 37.73, 0.115, 0.00, 0.000
15328,163530, 50.63, 40.59, 0.393, 0.522, 0.041971, 0.032253,1,1,0, 0.048903, 0.030939, 0.051905, 0.030574, 50.63, 0.393, 72.72, 0.269, 37.61, 0.260, 0.00, 0.000
15329,163541, 30.61, 36.40, 0.612, 0.574, 0.039684, 0.022602,1,1,0, 0.051565, 0.031043, 0.036343, 0.025391, 30.61, 0.612, 69.76, 0.601, 57.14, 0.423, 0.00, 0.000
15330,163552, 68.18, 49.75, 0.690, 0.637, 0.037380, 0.015839,1,1,0, 0.039264, 0.022720, 0.039706, 0.021455, 68.18, 0.690, 35.50, 0.157, 0.00, 0.000, 0.00, 0.000
15331,163562, 70.17, 52.97, 0.554, 0.497, 0.033946, 0.011099,1,1,0, 0.028771, 0.016687, 0.022995, 0.011965, 70.17, 0.554, 57.41, 0.526, 36.58, 0.222, 0.00, 0.000
15332,163573, 47.05, 50.48, 0.599, 0.573, 0.031589, 0.007778,1,1,0, 0.036391, 0.021440, 0.033350, 0.017256, 47.05, 0.599, 73.17, 0.398, 37.61, 0.029, 0.00, 0.000
15333,163584, 50.84, 50.48, 0.411, 0.515, 0.041091, 0.035160,1,1,0, 0.052199, 0.032244, 0.051391, 0.029957, 50.84, 0.411, 71.42, 0.271, 37.38, 0.254, 0.00, 0.000
15334,163594, 30.61, 42.13, 0.611, 0.573, 0.038892, 0.024639,1,1,0, 0.049435, 0.029512, 0.037505, 0.025116, 30.61, 0.611, 70.58, 0.602, 54.54, 0.438, 0.00, 0.000
15335,163605, 68.18, 53.07, 0.650, 0.603, 0.036868, 0.017266,1,1,0, 0.038846, 0.023001, 0.039363, 0.020645, 68.18, 0.650, 35.82, 0.099, 0.00, 0.000, 0.00, 0.000
15336,163616, 69.76, 55.13, 0.591, 0.558, 0.033374, 0.012100,1,1,0, 0.024891, 0.011203, 0.018731, 0.010377, 69.76, 0.591, 57.97, 0.568, 36.25, 0.167, 0.00, 0.000
15337,163626, 47.05, 51.74, 0.537, 0.504, 0.030949, 0.008479,1,1,0, 0.034874, 0.020609, 0.029182, 0.016081, 47.05, 0.537, 72.72, 0.443, 37.15, 0.059, 0.00, 0.000
15338,163637, 71.85, 51.74, 0.320, 0.454, 0.037677, 0.028563,1,1,0, 0.045120, 0.030684, 0.045733, 0.028475, 71.85, 0.320, 48.58, 0.318, 37.26, 0.227, 0.00, 0.000
15339,163648, 70.58, 59.65, 0.617, 0.579, 0.035962, 0.020016,1,1,0, 0.049168, 0.030042, 0.033057, 0.025105, 70.58, 0.617, 31.08, 0.300, 0.00, 0.000, 0.00, 0.000
15340,163658, 67.41, 62.91, 0.629, 0.602, 0.036505, 0.015065,1,1,0, 0.038643, 0.022521, 0.041719, 0.020009, 67.41, 0.629, 35.92, 0.130, 0.00, 0.000, 0.00, 0.000
15341,163669, 56.60, 60.26, 0.610, 0.590, 0.033139, 0.010557,1,1,0, 0.030276, 0.014370, 0.022256, 0.011363, 56.60, 0.610, 69.36, 0.499, 0.00, 0.000, 0.00, 0.000
15342,163680, 47.80, 55.03, 0.647, 0.607, 0.031673, 0.007398,1,1,0, 0.038412, 0.023290, 0.034818, 0.018961, 47.80, 0.647, 71.42, 0.290, 0.00, 0.000, 0.00, 0.000
15343,163690, 51.06, 53.36, 0.500, 0.499, 0.037414, 0.023144,1,1,0, 0.045657, 0.029781, 0.043783, 0.026482, 51.06, 0.500, 70.17, 0.224, 37.26, 0.154, 0.00, 0.000
15344,163701, 55.55, 54.28, 0.633, 0.629, 0.035852, 0.016219,1,1,0, 0.049876, 0.029362, 0.037185, 0.025934, 55.55, 0.633, 31.16, 0.592, 69.76, 0.546, 0.00, 0.000
15345,163712, 65.93, 59.17, 0.685, 0.642, 0.037211, 0.019673,1,1,0, 0.040195, 0.023747, 0.042902, 0.020548, 65.93, 0.685, 35.60, 0.027, 0.00, 0.000, 0.00, 0.000
15346,163722, 68.57, 63.12, 0.660, 0.614, 0.033537, 0.013786,1,1,0, 0.019700, 0.009610, 0.019491, 0.009381, 68.57, 0.660, 35.82, 0.122, 0.00, 0.000, 0.00, 0.000
15347,163733, 46.51, 56.14, 0.564, 0.529, 0.031171, 0.009661,1,1,0, 0.034845, 0.021039, 0.031765, 0.017435, 46.51, 0.564, 71.00, 0.342, 0.00, 0.000, 0.00, 0.000
15348,163744, 47.80, 56.14, 0.483, 0.476, 0.038283, 0.028022,1,1,0, 0.048215, 0.031652, 0.045417, 0.026690, 47.80, 0.483, 72.28, 0.229, 37.73, 0.192, 0.00, 0.000
15349,163754, 71.00, 55.89, 0.578, 0.510, 0.036805, 0.019637,1,1,0, 0.051795, 0.030214, 0.036782, 0.027573, 71.00, 0.578, 55.55, 0.499, 31.00, 0.242, 36.25, 0.043
15350,163765, 66.29, 60.26, 0.682, 0.640, 0.035787, 0.013761,1,1,0, 0.037632, 0.023134, 0.039290, 0.019440, 66.29, 0.682, 35.39, 0.136, 0.00, 0.000, 0.00, 0.000
15351,163776, 68.18, 63.59, 0.702, 0.658, 0.032308, 0.009643,1,1,0, 0.016411, 0.008380, 0.018427, 0.009084, 68.18, 0.702, 35.39, 0.181, 31.66, 0.176, 0.00, 0.000
15352,163786, 46.87, 63.59, 0.458, 0.592, 0.030314, 0.006758,1,1,0, 0.041271, 0.022917, 0.031596, 0.017783, 46.87, 0.458, 70.58, 0.323, 0.00, 0.000, 0.00, 0.000
15353,163797, 48.00, 57.04, 0.513, 0.481, 0.039390, 0.033534,1,1,0, 0.047220, 0.030512, 0.047696, 0.025794, 48.00, 0.513, 72.72, 0.234, 38.09, 0.071, 0.00, 0.000
15354,163808, 71.00, 56.20, 0.567, 0.467, 0.037880, 0.023500,1,1,0, 0.053573, 0.031181, 0.036074, 0.028420, 71.00, 0.567, 55.04, 0.460, 36.36, 0.182, 30.45, 0.077
15355,163818, 30.07, 45.22, 0.880, 0.878, 0.035838, 0.016468,1,1,0, 0.034444, 0.022632, 0.038455, 0.019391, 30.07, 0.880, 59.11, 0.659, 65.21, 0.658, 35.50, 0.052
15356,163829, 67.41, 54.54, 0.681, 0.633, 0.032332, 0.011540,1,1,0, 0.022121, 0.009734, 0.019524, 0.009192, 67.41, 0.681, 35.19, 0.089, 0.00, 0.000, 0.00, 0.000
15357,163840, 47.43, 54.54, 0.434, 0.570, 0.030988, 0.008087,1,1,0, 0.037119, 0.022855, 0.032689, 0.019026, 47.43, 0.434, 70.17, 0.233, 0.00, 0.000, 0.00, 0.000
15358,163850, 48.38, 51.96, 0.582, 0.558, 0.036579, 0.025409,1,1,0, 0.049903, 0.031529, 0.042716, 0.023342, 48.38, 0.582, 72.72, 0.177, 38.96, 0.048, 0.00, 0.000
15359,163861, 71.00, 51.96, 0.558, 0.502, 0.036103, 0.017806,1,1,0, 0.050453, 0.027989, 0.038591, 0.028450, 71.00, 0.558, 55.04, 0.447, 36.58, 0.221, 30.69, 0.080
15360,163872, 30.15, 42.80, 0.837, 0.785, 0.036142, 0.017405,1,1,0, 0.038735, 0.024237, 0.040683, 0.020251, 30.15, 0.837, 68.18, 0.705, 35.39, 0.252, 0.00, 0.000
15361,163882, 68.96, 53.78, 0.656, 0.614, 0.032380, 0.012197,1,1,0, 0.018386, 0.008293, 0.016931, 0.007448, 68.96, 0.656, 35.60, 0.032, 0.00, 0.000, 0.00, 0.000
15362,163893, 48.19, 51.43, 0.498, 0.483, 0.031284, 0.008547,1,1,0, 0.040120, 0.023025, 0.033742, 0.018676, 48.19, 0.498, 70.17, 0.252, 0.00, 0.000, 0.00, 0.000
15363,163904, 48.78, 50.32, 0.598, 0.591, 0.036816, 0.025967,1,1,0, 0.044977, 0.029604, 0.042479, 0.023335, 48.78, 0.598, 72.72, 0.125, 0.00, 0.000, 0.00, 0.000
15364,163914, 70.17, 52.20, 0.570, 0.461, 0.035931, 0.018197,1,1,0, 0.052492, 0.028992, 0.037719, 0.028156, 70.17, 0.570, 54.79, 0.464, 30.69, 0.244, 36.80, 0.208
15365,163925, 68.57, 59.07, 0.690, 0.632, 0.034547, 0.012752,1,1,0, 0.031382, 0.023044, 0.037425, 0.019642, 68.57, 0.690, 35.60, 0.226, 0.00, 0.000, 0.00, 0.000
15366,163936, 68.96, 63.22, 0.627, 0.587, 0.031070, 0.008936,1,1,0, 0.021051, 0.009372, 0.017352, 0.008143, 68.96, 0.627, 35.29, 0.015, 0.00, 0.000, 0.00, 0.000
15367,163946, 49.18, 63.22, 0.480, 0.529, 0.031878, 0.014145,1,1,0, 0.039014, 0.023300, 0.035386, 0.019604, 49.18, 0.480, 70.17, 0.198, 0.00, 0.000, 0.00, 0.000
15368,163957, 49.38, 57.41, 0.619, 0.581, 0.037113, 0.024453,1,1,0, 0.047667, 0.029599, 0.041969, 0.022840, 49.38, 0.619, 72.72, 0.158, 0.00, 0.000, 0.00, 0.000
15369,163968, 55.29, 56.52, 0.508, 0.518, 0.036178, 0.017136,1,1,0, 0.051902, 0.028590, 0.038548, 0.026801, 55.29, 0.508, 69.36, 0.500, 30.61, 0.114, 37.38, 0.082
15370,163978, 68.18, 61.42, 0.693, 0.635, 0.034663, 0.012008,1,1,0, 0.036099, 0.021393, 0.037558, 0.019804, 68.18, 0.693, 35.82, 0.222, 0.00, 0.000, 0.00, 0.000
15371,163989, 68.57, 64.42, 0.635, 0.613, 0.031316, 0.008415,1,1,0, 0.030577, 0.012505, 0.023957, 0.009749, 68.57, 0.635, 0.00, 0.000, 0.00, 0.000, 0.00, 0.000
15372,164000, 49.38, 64.42, 0.422, 0.551, 0.030543, 0.007897,1,1,0, 0.038425, 0.021501, 0.032399, 0.018719, 49.38, 0.422, 70.58, 0.217, 38.21, 0.002, 0.00, 0.000
15373,164010, 49.58, 58.19, 0.628, 0.590, 0.037892, 0.027534,1,1,0, 0.051415, 0.030735, 0.042901, 0.023739, 49.58, 0.628, 72.28, 0.217, 0.00, 0.000, 0.00, 0.000
15374,164021, 55.81, 57.19, 0.561, 0.567, 0.036968, 0.019295,1,1,0, 0.049694, 0.027159, 0.039907, 0.025097, 55.81, 0.561, 68.96, 0.408, 37.97, 0.031, 0.00, 0.000
15375,164032, 68.18, 61.80, 0.680, 0.638, 0.034311, 0.013522,1,1,0, 0.032137, 0.020851, 0.034735, 0.019603, 68.18, 0.680, 0.00, 0.000, 0.00, 0.000, 0.00, 0.000
15376,164042, 68.96, 64.81, 0.648, 0.625, 0.030986, 0.009476,1,1,0, 0.029949, 0.011702, 0.028635, 0.010002, 68.96, 0.648, 0.00, 0.000, 0.00, 0.000, 0.00, 0.000
15377,164053, 53.33, 64.81, 0.355, 0.563, 0.031473, 0.014464,1,1,0, 0.043669, 0.019939, 0.034747, 0.017513, 53.33, 0.355, 70.58, 0.295, 38.46, 0.040, 0.00, 0.000
15378,164064, 49.18, 58.24, 0.567, 0.532, 0.039648, 0.027696,1,1,0, 0.053116, 0.033340, 0.044594, 0.026113, 49.18, 0.567, 73.17, 0.243, 0.00, 0.000, 0.00, 0.000
15379,164074, 55.55, 57.11, 0.547, 0.549, 0.039340, 0.019409,1,1,0, 0.055241, 0.031418, 0.042783, 0.026386, 55.55, 0.547, 38.46, 0.013, 0.00, 0.000, 0.00, 0.000
15380,164085, 55.29, 56.35, 0.532, 0.541, 0.037543, 0.013601,1,1,0, 0.066148, 0.044526, 0.038634, 0.026397, 55.29, 0.532, 0.00, 0.000, 0.00, 0.000, 0.00, 0.000
15381,164096, 37.61, 46.17, 0.535, 0.510, 0.620491, 0.958523,1,1,1, 1.000000, 0.484876, 0.931329, 0.381311, 37.61, 0.535, 41.81, 0.516, 0.00, 0.000, 0.00, 0.000
15382,164106, 41.09, 42.61, 0.833, 0.820, 0.715010, 0.671713,1,1,0, 1.000000, 0.557718, 0.818691, 0.498285, 41.09, 0.833, 87.59, 0.078, 76.92, 0.060, 64.51, 0.009
15383,164117, 40.40, 41.06, 0.753, 0.777, 0.668325, 0.470723,1,1,0, 0.999999, 0.597317, 0.708775, 0.345432, 40.40, 0.753, 67.41, 0.408, 31.74, 0.344, 0.00, 0.000
15384,164128, 40.81, 40.89, 0.809, 0.833, 0.998792, 0.737221,1,1,0, 1.000000, 0.652283, 1.415509, 0.703335, 40.81, 0.809, 71.42, 0.305, 0.00, 0.000, 0.00, 0.000
15385,164138, 40.54, 40.64, 0.872, 0.896, 0.888549, 0.516630,1,1,0, 0.999999, 0.303232, 0.700788, 0.213178, 40.54, 0.872, 72.72, 0.283, 0.00, 0.000, 0.00, 0.000
15386,164149, 41.52, 41.25, 0.994, 0.995, 1.066358, 0.802961,1,1,0, 1.000000, 0.812831, 1.384558, 0.724001, 41.52, 0.994, 96.77, 0.199, 0.00, 0.000, 0.00, 0.000
15387,164160, 41.52, 41.44, 0.997, 0.998, 0.947099, 0.562699,1,1,0, 0.280651, 0.138716, 0.469217, 0.186388, 41.52, 0.997, 82.75, 0.144, 0.00, 0.000, 0.00, 0.000
15388,164170, 41.52, 41.49, 0.998, 0.998, 1.088194, 0.878825,1,1,0, 1.000000, 0.845356, 1.349136, 0.719691, 41.52, 0.998, 85.10, 0.184, 0.00, 0.000, 0.00, 0.000
15389,164181, 41.52, 41.51, 0.997, 0.998, 0.978298, 0.615863,1,1,0, 0.497076, 0.165477, 0.424436, 0.253318, 41.52, 0.997, 83.33, 0.259, 0.00, 0.000, 0.00, 0.000
15390,164192, 41.52, 41.52, 0.994, 0.995, 1.091452, 0.965202,1,1,0, 1.000000, 0.694740, 1.329130, 0.618799, 41.52, 0.994, 83.33, 0.329, 0.00, 0.000, 0.00, 0.000
15391,164202, 41.52, 41.52, 0.996, 0.997, 0.999782, 0.676394,1,1,0, 1.000000, 0.507157, 1.022060, 0.445013, 41.52, 0.996, 81.63, 0.387, 0.00, 0.000, 0.00, 0.000
15392,164213, 41.37, 41.46, 0.996, 0.997, 0.909809, 0.474003,1,1,0, 0.999999, 0.554673, 0.714242, 0.372690, 41.37, 0.996, 80.53, 0.414, 0.00, 0.000, 0.00, 0.000
15393,164224, 41.52, 41.48, 0.999, 0.999, 1.023927, 0.742359,1,1,0, 1.000000, 0.654865, 1.320954, 0.661013, 41.52, 0.999, 82.75, 0.390, 0.00, 0.000, 0.00, 0.000
15394,164234, 41.52, 41.50, 0.995, 0.996, 0.916308, 0.520230,1,1,0, 0.782148, 0.243017, 0.644960, 0.218060, 41.52, 0.995, 83.33, 0.389, 0.00, 0.000, 0.00, 0.000
15395,164245, 41.37, 41.45, 0.997, 0.998, 1.031139, 0.815323,1,1,0, 1.000000, 0.799804, 1.288218, 0.696014, 41.37, 0.997, 81.08, 0.382, 0.00, 0.000, 0.00, 0.000
15396,164256, 41.37, 41.42, 0.997, 0.998, 0.924173, 0.571362,1,1,0, 0.258893, 0.163025, 0.357822, 0.212173, 41.37, 0.997, 82.19, 0.390, 0.00, 0.000, 0.00, 0.000
15397,164266, 41.52, 41.46, 0.998, 0.999, 1.051938, 0.896081,1,1,0, 1.000000, 0.812215, 1.271859, 0.706859, 41.52, 0.998, 83.91, 0.408, 0.00, 0.000, 0.00, 0.000
15398,164277, 41.52, 41.48, 0.999, 0.999, 0.947401, 0.627955,1,1,0, 0.675946, 0.202295, 0.352632, 0.240015, 41.52, 0.999, 82.19, 0.435, 0.00, 0.000, 0.00, 0.000
15399,164288, 41.52, 41.50, 0.998, 0.999, 1.036303, 0.960691,1,1,0, 1.000000, 0.632792, 1.249381, 0.547375, 41.52, 0.998, 84.50, 0.450, 0.00, 0.000, 0.00, 0.000
15400,164298, 41.52, 41.51, 0.998, 0.999, 0.969165, 0.673233,1,1,0, 1.000000, 0.532816, 1.149890, 0.495506, 41.52, 0.998, 82.75, 0.481, 0.00, 0.000, 0.00, 0.000
15401,164309, 41.52, 41.51, 0.993, 0.995, 0.886056, 0.471788,1,1,0, 0.999999, 0.505620, 0.712913, 0.371671, 41.52, 0.993, 82.19, 0.528, 0.00, 0.000, 0.00, 0.000
15402,164320, 41.37, 41.45, 0.997, 0.998, 0.966058, 0.504024,1,1,0, 1.000000, 0.635428, 1.160968, 0.621754, 41.37, 0.997, 82.19, 0.555, 0.00, 0.000, 0.00, 0.000
15403,164330, 41.52, 41.48, 0.998, 0.999, 0.871178, 0.353210,1,1,0, 0.665209, 0.269013, 0.600532, 0.248917, 41.52, 0.998, 83.91, 0.570, 0.00, 0.000, 0.00, 0.000
15404,164341, 41.37, 41.44, 0.997, 0.998, 0.969530, 0.594698,1,1,0, 1.000000, 0.772489, 1.150533, 0.668140, 41.37, 0.997, 82.75, 0.559, 0.00, 0.000, 0.00, 0.000
15405,164352, 41.37, 41.41, 0.997, 0.998, 0.876897, 0.416752,1,1,0, 0.351392, 0.230366, 0.396937, 0.261269, 41.37, 0.997, 82.19, 0.574, 0.00, 0.000, 0.00, 0.000
15406,164362, 41.37, 41.40, 0.997, 0.998, 0.971256, 0.601182,1,1,0, 1.000000, 0.737308, 1.113611, 0.653036, 41.37, 0.997, 82.75, 0.591, 0.00, 0.000, 0.00, 0.000
15407,164373, 41.37, 41.39, 0.997, 0.998, 0.882859, 0.421296,1,1,0, 0.810162, 0.293784, 0.575908, 0.288328, 41.37, 0.997, 82.19, 0.628, 0.00, 0.000, 0.00, 0.000
15408,164384, 41.37, 41.38, 0.996, 0.997, 0.822026, 0.295235,1,1,0, 0.999999, 0.553742, 0.869696, 0.438212, 41.37, 0.996, 83.91, 0.659, 0.00, 0.000, 0.00, 0.000
15409,164394, 41.37, 41.38, 0.997, 0.998, 0.872867, 0.398624,1,1,0, 1.000000, 0.523884, 1.060074, 0.523489, 41.37, 0.997, 83.33, 0.692, 0.00, 0.000, 0.00, 0.000
15410,164405, 41.66, 41.50, 0.995, 0.996, 0.804264, 0.279347,1,1,0, 0.999999, 0.479173, 0.723158, 0.382058, 41.66, 0.995, 83.33, 0.708, 0.00, 0.000, 0.00, 0.000
15411,164416, 41.37, 41.45, 0.998, 0.998, 0.890598, 0.474339,1,1,0, 1.000000, 0.606245, 1.065887, 0.570918, 41.37, 0.998, 81.63, 0.699, 0.00, 0.000, 0.00, 0.000
15412,164426, 41.37, 41.42, 0.999, 0.999, 0.810537, 0.332407,1,1,0, 0.475783, 0.300479, 0.481577, 0.285434, 41.37, 0.999, 83.33, 0.699, 0.00, 0.000, 0.00, 0.000
15413,164437, 41.37, 41.40, 0.998, 0.999, 0.895143, 0.480712,1,1,0, 1.000000, 0.711685, 1.031360, 0.618196, 41.37, 0.998, 82.75, 0.703, 0.00, 0.000, 0.00, 0.000
15414,164448, 41.37, 41.39, 0.996, 0.997, 0.820793, 0.336874,1,1,0, 0.535924, 0.331540, 0.477645, 0.327561, 41.37, 0.996, 82.75, 0.740, 0.00, 0.000, 0.00, 0.000
15415,164458, 41.37, 41.38, 0.995, 0.996, 0.877742, 0.446575,1,1,0, 0.999999, 0.640185, 0.971925, 0.581735, 41.37, 0.995, 82.75, 0.785, 0.00, 0.000, 0.00, 0.000
15416,164469, 41.37, 41.38, 0.996, 0.997, 0.802766, 0.312951,1,1,0, 0.821173, 0.348295, 0.729719, 0.318824, 41.37, 0.996, 82.19, 0.821, 0.00, 0.000, 0.00, 0.000
15417,164480, 41.37, 41.38, 0.995, 0.997, 0.748369, 0.219309,1,1,0, 0.999999, 0.560127, 0.753156, 0.422289, 41.37, 0.995, 82.75, 0.822, 0.00, 0.000, 0.00, 0.000
15418,164490, 41.37, 41.38, 0.998, 0.999, 0.799545, 0.383375,1,1,0, 0.908479, 0.477237, 0.961293, 0.503870, 41.37, 0.998, 82.75, 0.821, 0.00, 0.000, 0.00, 0.000
15419,164501, 41.37, 41.38, 0.998, 0.998, 0.738857, 0.268661,1,1,0, 0.999999, 0.409200, 0.755699, 0.353207, 41.37, 0.998, 83.33, 0.808, 0.00, 0.000, 0.00, 0.000
15420,164512, 41.52, 41.43, 0.999, 0.999, 0.780470, 0.379093,1,1,0, 0.999999, 0.561642, 0.913098, 0.509324, 41.52, 0.999, 82.19, 0.797, 0.00, 0.000, 0.00, 0.000
15421,164522, 41.52, 41.47, 0.996, 0.997, 0.719901, 0.265660,1,1,0, 0.593135, 0.375057, 0.576326, 0.342752, 41.52, 0.996, 83.91, 0.827, 0.00, 0.000, 0.00, 0.000
15422,164533, 41.37, 41.43, 0.995, 0.996, 0.780073, 0.369774,1,1,0, 0.999999, 0.623728, 0.879751, 0.556818, 41.37, 0.995, 82.75, 0.854, 0.00, 0.000, 0.00, 0.000
15423,164544, 41.23, 41.35, 0.998, 0.998, 0.721250, 0.259130,1,1,0, 0.625001, 0.385151, 0.588429, 0.349440, 41.23, 0.998, 83.33, 0.875, 0.00, 0.000, 0.00, 0.000
15424,164554, 41.52, 41.42, 0.998, 0.999, 0.779678, 0.408186,1,1,0, 0.999999, 0.570167, 0.870350, 0.515572, 41.52, 0.998, 82.75, 0.882, 0.00, 0.000, 0.00, 0.000
15425,164565, 41.37, 41.40, 0.997, 0.998, 0.725103, 0.286048,1,1,0, 0.785078, 0.410513, 0.825374, 0.379560, 41.37, 0.997, 82.75, 0.875, 0.00, 0.000, 0.00, 0.000
15426,164576, 41.37, 41.39, 0.995, 0.996, 0.714402, 0.297902,1,1,0, 0.999999, 0.557739, 0.795305, 0.439458, 41.37, 0.995, 82.75, 0.873, 0.00, 0.000, 0.00, 0.000
15427,164586, 41.37, 41.38, 0.998, 0.998, 0.722715, 0.239815,1,1,0, 0.762089, 0.434626, 0.828593, 0.460103, 41.37, 0.998, 82.19, 0.881, 0.00, 0.000, 0.00, 0.000
15428,164597, 41.52, 41.44, 0.998, 0.998, 0.672887, 0.168057,1,1,0, 0.754910, 0.408234, 0.640367, 0.373014, 41.52, 0.998, 83.91, 0.886, 0.00, 0.000, 0.00, 0.000
15429,164608, 41.23, 41.35, 0.996, 0.997, 0.697655, 0.252689,1,1,0, 0.999999, 0.545396, 0.798778, 0.478498, 41.23, 0.996, 81.63, 0.892, 0.00, 0.000, 0.00, 0.000
15430,164618, 41.37, 41.36, 0.995, 0.996, 0.650201, 0.177079,1,1,0, 0.671104, 0.411839, 0.587181, 0.370054, 41.37, 0.995, 83.33, 0.894, 0.00, 0.000, 0.00, 0.000
15431,164629, 41.52, 41.43, 0.999, 0.999, 0.713951, 0.312141,1,1,0, 0.999999, 0.571450, 0.789142, 0.522470, 41.52, 0.999, 82.19, 0.889, 0.00, 0.000, 0.00, 0.000
15432,164640, 41.52, 41.47, 0.998, 0.998, 0.667387, 0.218742,1,1,0, 0.689339, 0.427687, 0.620781, 0.388561, 41.52, 0.998, 83.33, 0.897, 0.00, 0.000, 0.00, 0.000
15433,164650, 41.37, 41.43, 0.998, 0.998, 0.683391, 0.283519,1,1,0, 0.983086, 0.488594, 0.763156, 0.423688, 41.37, 0.998, 82.19, 0.907, 0.00, 0.000, 0.00, 0.000
15434,164661, 41.37, 41.40, 0.997, 0.998, 0.660769, 0.198685,1,1,0, 0.673220, 0.427163, 0.754878, 0.403212, 41.37, 0.997, 82.75, 0.906, 0.00, 0.000, 0.00, 0.000
15435,164672, 41.52, 41.45, 0.998, 0.998, 0.708092, 0.417486,1,1,0, 0.999999, 0.574332, 0.806239, 0.486418, 41.52, 0.998, 83.33, 0.911, 0.00, 0.000, 0.00, 0.000
15436,164682, 41.23, 41.36, 0.996, 0.997, 0.665970, 0.292566,1,1,0, 0.632733, 0.399386, 0.707130, 0.408910, 41.23, 0.996, 81.63, 0.900, 0.00, 0.000, 0.00, 0.000
15437,164693, 41.37, 41.37, 0.996, 0.997, 0.635982, 0.205024,1,1,0, 0.759536, 0.436791, 0.692557, 0.396047, 41.37, 0.996, 83.91, 0.887, 0.00, 0.000, 0.00, 0.000
15438,164704, 41.37, 41.37, 0.999, 0.999, 0.675419, 0.298817,1,1,0, 0.991191, 0.548686, 0.795225, 0.478708, 41.37, 0.999, 81.63, 0.883, 0.00, 0.000, 0.00, 0.000
15439,164714, 41.37, 41.37, 0.998, 0.998, 0.640502, 0.209405,1,1,0, 0.707882, 0.457275, 0.675245, 0.413419, 41.37, 0.998, 83.33, 0.893, 0.00, 0.000, 0.00, 0.000
15440,164725, 41.37, 41.37, 0.998, 0.998, 0.654903, 0.262867,1,1,0, 0.903120, 0.483729, 0.749061, 0.456359, 41.37, 0.998, 81.63, 0.911, 0.00, 0.000, 0.00, 0.000
15441,164736, 41.52, 41.43, 0.996, 0.997, 0.658620, 0.250959,1,1,0, 0.754556, 0.466242, 0.717307, 0.426196, 41.52, 0.996, 83.91, 0.920, 0.00, 0.000, 0.00, 0.000
15442,164746, 41.52, 41.47, 0.998, 0.998, 0.671230, 0.340977,1,1,0, 0.909414, 0.476108, 0.773494, 0.386275, 41.52, 0.998, 82.19, 0.904, 0.00, 0.000, 0.00, 0.000
15443,164757, 41.37, 41.43, 0.998, 0.999, 0.632132, 0.238950,1,1,0, 0.656870, 0.414342, 0.637836, 0.402647, 41.37, 0.998, 82.19, 0.886, 0.00, 0.000, 0.00, 0.000
15444,164768, 41.37, 41.41, 0.998, 0.998, 0.675301, 0.240523,1,1,0, 0.877086, 0.529934, 0.733237, 0.473493, 41.37, 0.998, 83.33, 0.870, 0.00, 0.000, 0.00, 0.000
15445,164778, 41.52, 41.45, 0.997, 0.998, 0.635208, 0.168554,1,1,0, 0.717385, 0.407783, 0.670454, 0.389060, 41.52, 0.997, 82.19, 0.853, 0.00, 0.000, 0.00, 0.000
15446,164789, 41.37, 41.42, 0.996, 0.997, 0.638146, 0.219689,1,1,0, 0.737739, 0.472992, 0.726576, 0.421380, 41.37, 0.996, 83.91, 0.869, 0.00, 0.000, 0.00, 0.000
15447,164800, 41.23, 41.34, 0.997, 0.998, 0.643887, 0.207785,1,1,0, 0.851055, 0.500791, 0.738678, 0.448635, 41.23, 0.997, 81.08, 0.884, 0.00, 0.000, 0.00, 0.000
15448,164810, 41.37, 41.36, 0.998, 0.998, 0.676457, 0.334634,1,1,0, 0.779706, 0.520105, 0.766198, 0.464007, 41.37, 0.998, 83.91, 0.897, 0.00, 0.000, 0.00, 0.000
15449,164821, 41.37, 41.36, 0.997, 0.998, 0.667406, 0.234504,1,1,0, 0.832613, 0.456381, 0.741177, 0.432346, 41.37, 0.997, 81.63, 0.892, 0.00, 0.000, 0.00, 0.000
15450,164832, 41.23, 41.31, 0.998, 0.998, 0.668666, 0.250827,1,1,0, 0.736843, 0.467097, 0.725506, 0.434513, 41.23, 0.998, 83.91, 0.874, 0.00, 0.000, 0.00, 0.000
15451,164842, 41.37, 41.34, 0.998, 0.999, 0.642563, 0.175774,1,1,0, 0.792484, 0.476476, 0.689412, 0.380108, 41.37, 0.998, 82.19, 0.857, 0.00, 0.000, 0.00, 0.000
15452,164853, 41.52, 41.41, 0.998, 0.998, 0.623197, 0.123179,1,1,0, 0.770020, 0.444719, 0.655063, 0.425415, 41.52, 0.998, 82.19, 0.851, 0.00, 0.000, 0.00, 0.000
15453,164864, 41.37, 41.40, 0.998, 0.998, 0.650387, 0.232619,1,1,0, 0.761565, 0.458454, 0.736385, 0.433977, 41.37, 0.998, 83.91, 0.848, 0.00, 0.000, 0.00, 0.000
15454,164874, 41.37, 41.39, 0.997, 0.998, 0.608935, 0.163014,1,1,0, 0.742415, 0.394594, 0.621763, 0.357252, 41.37, 0.997, 82.19, 0.846, 0.00, 0.000, 0.00, 0.000
15455,164885, 41.52, 41.44, 0.997, 0.998, 0.664169, 0.367420,1,1,0, 0.787161, 0.517968, 0.780176, 0.454769, 41.52, 0.997, 84.50, 0.845, 0.00, 0.000, 0.00, 0.000
15456,164896, 41.37, 41.41, 0.997, 0.998, 0.642678, 0.257480,1,1,0, 0.761227, 0.478476, 0.700742, 0.440378, 41.37, 0.997, 81.08, 0.831, 0.00, 0.000, 0.00, 0.000
15457,164906, 41.37, 41.40, 0.997, 0.997, 0.681329, 0.319270,1,1,0, 0.785927, 0.520701, 0.765221, 0.468565, 41.37, 0.997, 84.50, 0.834, 0.00, 0.000, 0.00, 0.000
15458,164917, 41.37, 41.39, 0.998, 0.999, 0.644651, 0.223738,1,1,0, 0.748931, 0.426950, 0.680975, 0.393631, 41.37, 0.998, 81.63, 0.837, 0.00, 0.000, 0.00, 0.000
15459,164928, 41.37, 41.38, 0.998, 0.999, 0.670047, 0.313829,1,1,0, 0.812975, 0.485701, 0.759513, 0.449910, 41.37, 0.998, 83.91, 0.846, 0.00, 0.000, 0.00, 0.000
15460,164938, 41.23, 41.32, 0.997, 0.998, 0.649364, 0.219925,1,1,0, 0.725054, 0.494939, 0.760655, 0.419352, 41.23, 0.997, 81.63, 0.860, 0.00, 0.000, 0.00, 0.000
15461,164949, 41.23, 41.28, 0.997, 0.997, 0.626305, 0.154119,1,1,0, 0.764087, 0.429883, 0.654196, 0.406408, 41.23, 0.997, 81.63, 0.847, 0.00, 0.000, 0.00, 0.000
15462,164960, 41.52, 41.38, 0.999, 0.999, 0.646987, 0.298133,1,1,0, 0.725294, 0.447076, 0.761613, 0.418941, 41.52, 0.999, 83.91, 0.824, 0.00, 0.000, 0.00, 0.000
15463,164970, 41.23, 41.32, 0.980, 0.985, 0.600968, 0.208925,1,1,0, 0.692456, 0.360375, 0.656262, 0.316501, 41.23, 0.980, 82.19, 0.784, 0.00, 0.000, 0.00, 0.000
15464,164981, 41.52, 41.40, 0.931, 0.950, 0.549410, 0.146410,1,1,0, 0.399464, 0.270747, 0.393019, 0.219980, 41.52, 0.931, 83.91, 0.715, 0.00, 0.000, 0.00, 0.000
15465,164992, 41.95, 41.63, 0.872, 0.908, 0.498486, 0.102601,1,1,0, 0.311304, 0.161422, 0.366431, 0.178550, 41.95, 0.872, 80.53, 0.678, 0.00, 0.000, 0.00, 0.000
15466,165002, 32.34, 42.47, 0.940, 0.674, 0.442504, 0.071901,1,1,0, 0.124486, 0.070192, 0.098752, 0.058766, 32.34, 0.940, 88.23, 0.625, 43.63, 0.602, 0.00, 0.000
15467,165013, 51.50, 42.47, 0.587, 0.607, 0.391959, 0.050387,1,1,0, 0.100538, 0.050601, 0.103699, 0.047388, 51.50, 0.587, 82.19, 0.377, 41.52, 0.274, 0.00, 0.000
15468,165024, 41.09, 41.89, 0.488, 0.504, 0.347321, 0.035310,1,1,0, 0.103150, 0.051422, 0.078926, 0.042092, 41.09, 0.488, 55.55, 0.366, 133.33, 0.347, 34.18, 0.164
15469,165034, 52.40, 41.89, 0.498, 0.453, 0.309425, 0.024744,1,1,0, 0.142228, 0.079409, 0.085689, 0.049077, 52.40, 0.498, 43.63, 0.351, 0.00, 0.000, 0.00, 0.000
15470,165045, 42.70, 42.23, 0.786, 0.776, 0.277879, 0.017340,1,1,0, 0.109404, 0.069667, 0.107944, 0.066964, 42.70, 0.786, 0.00, 0.000, 0.00, 0.000, 0.00, 0.000
15471,165056, 45.45, 43.58, 0.809, 0.797, 0.248094, 0.012151,1,1,0, 0.101104, 0.063194, 0.054148, 0.041620, 45.45, 0.809, 0.00, 0.000, 0.00, 0.000, 0.00, 0.000
15472,165066, 50.00, 46.28, 0.733, 0.696, 0.221181, 0.008515,1,1,0, 0.057896, 0.030362, 0.061597, 0.038160, 50.00, 0.733, 0.00, 0.000, 0.00, 0.000, 0.00, 0.000
15473,165077, 50.20, 47.93, 0.685, 0.674, 0.196758, 0.005967,1,1,0, 0.067573, 0.035862, 0.051597, 0.031130, 50.20, 0.685, 38.46, 0.469, 0.00, 0.000, 0.00, 0.000
15474,165088, 51.94, 49.61, 0.556, 0.552, 0.174976, 0.004182,1,1,0, 0.039921, 0.025909, 0.051194, 0.026119, 51.94, 0.556, 0.00, 0.000, 0.00, 0.000, 0.00, 0.000
15475,165098, 54.54, 51.68, 0.595, 0.578, 0.154734, 0.002930,1,1,0, 0.039241, 0.021123, 0.027629, 0.015929, 54.54, 0.595, 32.34, 0.522, 80.53, 0.250, 40.81, 0.240
15476,165109, 32.87, 43.78, 0.714, 0.670, 0.136792, 0.002053,1,1,0, 0.027797, 0.013437, 0.026972, 0.014032, 32.87, 0.714, 77.92, 0.582, 56.60, 0.426, 0.00, 0.000
15477,165120, 33.70, 39.55, 0.644, 0.605, 0.121739, 0.001439,1,1,0, 0.036040, 0.021055, 0.029875, 0.018507, 33.70, 0.644, 56.87, 0.628, 82.19, 0.430, 181.81, 0.236
15478,165130, 42.25, 40.68, 0.804, 0.815, 0.108843, 0.001008,1,1,0, 0.046018, 0.024245, 0.045736, 0.021877, 42.25, 0.804, 56.60, 0.525, 173.91, 0.390, 85.10, 0.357
15479,165141, 41.66, 41.09, 0.658, 0.730, 0.098401, 0.000706,1,1,0, 0.053853, 0.030704, 0.053503, 0.029350, 41.66, 0.658, 54.79, 0.595, 81.08, 0.594, 169.01, 0.300
15480,165152, 54.79, 41.09, 0.653, 0.657, 0.088053, 0.000495,1,1,0, 0.053317, 0.026892, 0.041829, 0.020577, 54.79, 0.653, 80.53, 0.508, 32.78, 0.467, 40.54, 0.276
15481,165162, 56.07, 47.38, 0.608, 0.571, 0.078967, 0.000347,1,1,0, 0.027893, 0.016260, 0.040936, 0.018650, 56.07, 0.608, 32.60, 0.597, 78.43, 0.584, 40.00, 0.033
15482,165173, 56.87, 51.37, 0.744, 0.704, 0.070970, 0.000243,1,1,0, 0.037233, 0.019723, 0.030354, 0.017244, 56.87, 0.744, 33.89, 0.587, 81.63, 0.281, 179.10, 0.108
15483,165184, 57.14, 53.79, 0.577, 0.569, 0.064022, 0.000170,1,1,0, 0.044147, 0.023448, 0.028565, 0.017759, 57.14, 0.577, 42.70, 0.522, 34.78, 0.232, 176.47, 0.139
15484,165194, 55.04, 54.32, 0.604, 0.612, 0.059530, 0.000119,1,1,0, 0.063198, 0.036019, 0.062453, 0.034464, 55.04, 0.604, 42.10, 0.590, 81.63, 0.289, 176.47, 0.190
15485,165205, 54.29, 54.31, 0.722, 0.740, 0.054432, 0.000083,1,1,0, 0.052098, 0.028747, 0.049599, 0.024102, 54.29, 0.722, 78.94, 0.344, 40.81, 0.181, 32.25, 0.118
15486,165216, 32.08, 54.94, 0.664, 0.645, 0.048976, 0.000058,1,1,0, 0.023868, 0.011081, 0.030956, 0.013526, 32.08, 0.664, 55.81, 0.626, 76.92, 0.497, 0.00, 0.000
15487,165226, 56.33, 55.52, 0.724, 0.731, 0.044146, 0.000041,1,1,0, 0.025108, 0.012633, 0.022144, 0.011920, 56.33, 0.724, 33.80, 0.571, 79.47, 0.300, 42.10, 0.113
15488,165237, 57.41, 56.32, 0.575, 0.602, 0.040189, 0.000028,1,1,0, 0.040239, 0.019823, 0.028505, 0.014854, 57.41, 0.575, 86.33, 0.511, 43.01, 0.442, 34.68, 0.432
15489,165248, 56.07, 56.21, 0.664, 0.679, 0.056942, 0.068834,1,1,0, 0.092415, 0.038172, 0.076630, 0.035489, 56.07, 0.664, 83.33, 0.554, 42.25, 0.420, 33.80, 0.173
15490,165258, 56.07, 56.15, 0.757, 0.774, 0.116953, 0.101916,1,1,0, 0.140576, 0.100462, 0.133008, 0.079708, 56.07, 0.757, 32.96, 0.112, 40.81, 0.012, 76.43, 0.001
15491,165269, 55.81, 56.01, 0.430, 0.475, 0.105241, 0.071421,1,1,0, 0.138741, 0.070524, 0.116228, 0.034837, 55.81, 0.430, 32.08, 0.252, 0.00, 0.000, 0.00, 0.000
15492,165280, 33.99, 46.76, 0.832, 0.781, 0.095630, 0.050050,1,1,0, 0.063525, 0.039332, 0.061456, 0.033216, 33.99, 0.832, 57.14, 0.030, 0.00, 0.000, 0.00, 0.000
15493,165290, 33.51, 41.20, 0.506, 0.475, 0.085294, 0.035074,1,1,0, 0.065373, 0.039033, 0.031795, 0.015796, 33.51, 0.506, 0.00, 0.000, 0.00, 0.000, 0.00, 0.000
15494,165301, 181.81, 41.20, 0.175, 0.428, 0.077595, 0.024579,1,1,0, 0.048937, 0.025777, 0.057618, 0.029306, 181.81, 0.175, 0.00, 0.000, 0.00, 0.000, 0.00, 0.000
15495,165312, 41.52, 41.33, 0.465, 0.475, 0.071394, 0.017224,1,1,0, 0.073650, 0.039597, 0.057432, 0.031707, 41.52, 0.465, 54.54, 0.372, 184.61, 0.327, 0.00, 0.000
15496,165322, 54.54, 46.88, 0.798, 0.749, 0.065037, 0.012070,1,1,0, 0.073518, 0.026025, 0.053663, 0.023909, 54.54, 0.798, 75.47, 0.210, 0.00, 0.000, 0.00, 0.000
15497,165333, 55.29, 50.41, 0.763, 0.716, 0.058065, 0.008458,1,1,0, 0.032299, 0.014433, 0.025492, 0.011701, 55.29, 0.763, 33.14, 0.461, 76.92, 0.126, 0.00, 0.000
15498,165344, 56.60, 53.01, 0.593, 0.573, 0.052558, 0.005927,1,1,0, 0.050646, 0.025154, 0.034618, 0.017864, 56.60, 0.593, 43.63, 0.447, 81.08, 0.084, 0.00, 0.000
15499,165354, 55.81, 54.19, 0.538, 0.542, 0.052249, 0.019569,1,1,0, 0.055966, 0.031091, 0.060870, 0.028937, 55.81, 0.538, 43.32, 0.359, 171.42, 0.024, 0.00, 0.000
15500,165365, 54.54, 54.34, 0.724, 0.728, 0.048188, 0.013713,1,1,0, 0.055981, 0.030248, 0.049359, 0.026502, 54.54, 0.724, 79.47, 0.198, 41.66, 0.175, 33.05, 0.175
15501,165376, 55.29, 54.74, 0.702, 0.720, 0.044020, 0.009610,1,1,0, 0.049073, 0.020959, 0.046334, 0.020233, 55.29, 0.702, 31.57, 0.453, 75.94, 0.355, 0.00, 0.000
15502,165386, 56.07, 55.30, 0.770, 0.780, 0.039572, 0.006734,1,1,0, 0.032449, 0.015709, 0.024338, 0.010904, 56.07, 0.770, 33.24, 0.357, 77.92, 0.264, 0.00, 0.000
15503,165397, 57.41, 56.19, 0.473, 0.500, 0.036109, 0.004719,1,1,0, 0.036111, 0.019434, 0.033015, 0.014353, 57.41, 0.473, 43.16, 0.472, 80.00, 0.212, 184.61, 0.022
15504,165408, 56.07, 56.19, 0.437, 0.450, 0.040616, 0.028431,1,1,0, 0.055759, 0.028825, 0.049385, 0.026573, 56.07, 0.437, 42.40, 0.302, 82.75, 0.209, 155.84, 0.081
15505,165418, 80.53, 56.19, 0.461, 0.405, 0.037946, 0.019924,1,1,0, 0.052322, 0.026794, 0.039814, 0.022406, 80.53, 0.461, 33.14, 0.383, 55.55, 0.370, 41.23, 0.108
15506,165429, 32.43, 56.03, 0.628, 0.573, 0.037650, 0.013962,1,1,0, 0.051859, 0.033995, 0.041861, 0.027697, 32.43, 0.628, 55.81, 0.571, 76.92, 0.471, 0.00, 0.000
15507,165440, 56.60, 56.27, 0.761, 0.765, 0.034724, 0.009784,1,1,0, 0.032672, 0.016831, 0.026320, 0.015582, 56.60, 0.761, 75.00, 0.174, 33.70, 0.119, 0.00, 0.000
15508,165450, 57.97, 56.98, 0.630, 0.650, 0.031506, 0.006856,1,1,0, 0.023037, 0.012450, 0.022465, 0.011065, 57.97, 0.630, 44.60, 0.284, 0.00, 0.000, 0.00, 0.000
15509,165461, 55.04, 56.98, 0.429, 0.585, 0.034033, 0.019720,1,1,0, 0.044556, 0.023870, 0.040056, 0.022055, 55.04, 0.429, 44.11, 0.283, 0.00, 0.000, 0.00, 0.000
15510,165472, 55.04, 56.98, 0.329, 0.526, 0.032424, 0.013819,1,1,0, 0.051253, 0.029358, 0.033385, 0.022730, 55.04, 0.329, 73.17, 0.315, 0.00, 0.000, 0.00, 0.000
15511,165482, 72.28, 56.27, 0.468, 0.472, 0.030511, 0.009684,1,1,0, 0.042102, 0.021617, 0.031024, 0.019542, 72.28, 0.468, 55.29, 0.461, 31.00, 0.454, 37.03, 0.066
15512,165493, 35.71, 47.64, 0.720, 0.720, 0.027964, 0.006786,1,1,0, 0.022709, 0.014258, 0.019414, 0.011514, 35.71, 0.720, 70.17, 0.565, 30.53, 0.562, 0.00, 0.000
15513,165504, 71.42, 42.72, 0.838, 0.526, 0.025190, 0.004756,1,1,0, 0.020713, 0.009649, 0.015434, 0.006732, 71.42, 0.838, 35.92, 0.490, 0.00, 0.000, 0.00, 0.000
15514,165514, 73.61, 40.28, 0.630, 0.552, 0.023058, 0.003332,1,1,0, 0.023851, 0.012620, 0.018200, 0.009931, 73.61, 0.630, 36.92, 0.534, 43.95, 0.111, 0.00, 0.000
15515,165525, 75.94, 39.26, 0.707, 0.741, 0.021460, 0.002335,1,1,0, 0.020799, 0.013281, 0.021437, 0.011692, 75.94, 0.707, 37.85, 0.698, 0.00, 0.000, 0.00, 0.000
15516,165536, 74.53, 38.42, 0.825, 0.738, 0.019845, 0.001636,1,1,0, 0.023293, 0.012732, 0.018050, 0.010480, 74.53, 0.825, 37.26, 0.668, 30.22, 0.408, 0.00, 0.000
15517,165546, 36.80, 37.74, 0.989, 0.992, 0.018667, 0.001147,1,1,0, 0.018544, 0.012392, 0.019595, 0.011886, 36.80, 0.989, 73.61, 0.970, 0.00, 0.000, 0.00, 0.000
15518,165557, 36.80, 37.35, 0.976, 0.983, 0.018351, 0.006199,1,1,0, 0.022337, 0.013429, 0.021204, 0.010283, 36.80, 0.976, 74.07, 0.968, 0.00, 0.000, 0.00, 0.000
15519,165568, 74.07, 37.22, 0.977, 0.982, 0.017601, 0.004344,1,1,0, 0.019163, 0.012759, 0.019195, 0.012261, 74.07, 0.977, 37.03, 0.975, 0.00, 0.000, 0.00, 0.000
15520,165578, 37.03, 37.14, 0.988, 0.991, 0.016773, 0.003044,1,1,0, 0.017557, 0.012010, 0.017668, 0.011225, 37.03, 0.988, 74.07, 0.987, 0.00, 0.000, 0.00, 0.000
15521,165589, 74.07, 37.09, 0.990, 0.991, 0.016771, 0.005822,1,1,0, 0.020204, 0.011563, 0.018504, 0.009760, 74.07, 0.990, 37.03, 0.988, 0.00, 0.000, 0.00, 0.000
15522,165600, 37.15, 37.12, 0.995, 0.996, 0.016451, 0.004080,1,1,0, 0.020125, 0.011272, 0.017703, 0.010654, 37.15, 0.995, 74.07, 0.993, 0.00, 0.000, 0.00, 0.000
15523,165610, 74.53, 37.18, 0.992, 0.990, 0.016943, 0.008877,1,1,0, 0.019558, 0.011263, 0.020371, 0.009709, 74.53, 0.992, 37.26, 0.986, 0.00, 0.000, 0.00, 0.000
15524,165621, 37.15, 37.16, 0.993, 0.995, 0.016587, 0.006221,1,1,0, 0.021286, 0.012148, 0.018450, 0.011651, 37.15, 0.993, 74.53, 0.985, 0.00, 0.000, 0.00, 0.000
15525,165632, 37.03, 37.11, 0.996, 0.997, 0.017610, 0.008656,1,1,0, 0.021098, 0.012913, 0.019607, 0.011849, 37.03, 0.996, 74.07, 0.985, 0.00, 0.000, 0.00, 0.000
15526,165642, 37.03, 37.08, 0.996, 0.997, 0.017795, 0.006449,1,1,0, 0.023133, 0.013031, 0.019557, 0.010365, 37.03, 0.996, 74.07, 0.979, 0.00, 0.000, 0.00, 0.000
15527,165653, 37.15, 37.11, 0.996, 0.997, 0.016892, 0.004519,1,1,0, 0.020534, 0.009681, 0.018937, 0.010217, 37.15, 0.996, 74.07, 0.984, 0.00, 0.000, 0.00, 0.000
15528,165664, 37.15, 37.12, 0.995, 0.996, 0.016786, 0.006413,1,1,0, 0.020925, 0.011377, 0.019460, 0.010004, 37.15, 0.995, 74.53, 0.985, 0.00, 0.000, 0.00, 0.000
15529,165674, 37.03, 37.08, 0.997, 0.998, 0.017161, 0.005836,1,1,0, 0.024059, 0.013206, 0.019538, 0.012119, 37.03, 0.997, 74.07, 0.984, 0.00, 0.000, 0.00, 0.000
15530,165685, 37.26, 37.16, 0.982, 0.987, 0.020147, 0.017842,1,1,0, 0.024266, 0.012938, 0.023721, 0.011725, 37.26, 0.982, 74.53, 0.964, 0.00, 0.000, 0.00, 0.000
15531,165696, 37.26, 37.20, 0.989, 0.992, 0.019519, 0.012503,1,1,0, 0.022588, 0.014310, 0.020793, 0.011786, 37.26, 0.989, 74.07, 0.940, 0.00, 0.000, 0.00, 0.000
15532,165706, 37.03, 37.13, 0.989, 0.992, 0.017914, 0.008762,1,1,0, 0.014306, 0.008113, 0.015327, 0.008058, 37.03, 0.989, 74.07, 0.898, 0.00, 0.000, 0.00, 0.000
15533,165717, 37.03, 37.09, 0.970, 0.979, 0.017546, 0.006140,1,1,0, 0.020600, 0.012307, 0.020105, 0.010615, 37.03, 0.970, 73.61, 0.901, 0.00, 0.000, 0.00, 0.000
15534,165728, 37.38, 37.21, 0.977, 0.984, 0.018607, 0.005639,1,1,0, 0.024218, 0.014037, 0.020235, 0.013258, 37.38, 0.977, 74.53, 0.943, 0.00, 0.000, 0.00, 0.000
15535,165738, 37.26, 37.23, 0.983, 0.988, 0.018170, 0.007737,1,1,0, 0.022510, 0.010694, 0.020144, 0.009765, 37.26, 0.983, 74.53, 0.940, 0.00, 0.000, 0.00, 0.000
15536,165749, 37.03, 37.15, 0.982, 0.987, 0.017168, 0.005422,1,1,0, 0.022625, 0.012799, 0.020002, 0.010307, 37.03, 0.982, 74.07, 0.962, 0.00, 0.000, 0.00, 0.000
15537,165760, 74.53, 37.20, 0.958, 0.964, 0.017914, 0.009466,1,1,0, 0.026990, 0.014980, 0.021667, 0.010619, 74.53, 0.958, 37.26, 0.950, 0.00, 0.000, 0.00, 0.000
15538,165770, 74.53, 37.18, 0.886, 0.797, 0.018773, 0.006832,1,1,0, 0.020540, 0.013854, 0.021699, 0.012995, 74.53, 0.886, 37.15, 0.718, 0.00, 0.000, 0.00, 0.000
15539,165781, 31.00, 32.85, 0.523, 0.544, 0.144065, 0.389687,1,1,1, 0.461196, 0.171811, 0.255517, 0.084569, 31.00, 0.523, 53.09, 0.399, 83.33, 0.320, 0.00, 0.000
15540,165792, 30.07, 30.91, 0.957, 0.942, 0.688119, 0.804077,1,1,0, 1.000000, 0.489882, 0.939151, 0.440570, 30.07, 0.957, 50.00, 0.518, 116.50, 0.004, 0.00, 0.000
15541,165802, 54.29, 47.28, 0.608, 0.584, 0.749810, 0.629541,1,1,0, 0.999999, 0.489704, 0.896266, 0.424356, 54.29, 0.608, 37.73, 0.394, 32.43, 0.290, 45.97, 0.169
15542,165813, 55.04, 52.71, 0.883, 0.870, 0.775586, 0.451939,1,1,0, 0.979946, 0.375725, 1.001212, 0.377059, 55.04, 0.883, 100.00, 0.119, 0.00, 0.000, 0.00, 0.000
15543,165824, 55.29, 54.52, 0.950, 0.964, 0.816665, 0.529535,1,1,0, 0.999999, 0.577071, 0.964183, 0.524914, 55.29, 0.950, 108.10, 0.115, 36.14, 0.111, 0.00, 0.000
15544,165834, 55.81, 55.42, 0.984, 0.988, 0.729047, 0.371087,1,1,0, 0.720221, 0.190077, 0.518712, 0.145322, 55.81, 0.984, 35.50, 0.186, 104.34, 0.105, 0.00, 0.000
15545,165845, 55.55, 55.51, 0.967, 0.976, 0.851218, 0.769521,1,1,0, 0.999999, 0.638831, 1.097397, 0.550997, 55.55, 0.967, 109.09, 0.055, 0.00, 0.000, 0.00, 0.000
15546,165856, 55.29, 55.36, 0.952, 0.965, 0.873138, 0.647230,1,1,0, 0.999999, 0.520868, 1.028721, 0.444212, 55.29, 0.952, 36.36, 0.136, 110.09, 0.061, 0.00, 0.000
15547,165866, 55.55, 55.49, 0.877, 0.911, 0.801418, 0.453565,1,1,0, 0.906825, 0.373287, 0.903403, 0.367225, 55.55, 0.877, 36.03, 0.186, 109.09, 0.099, 0.00, 0.000
15548,165877, 55.55, 55.53, 0.940, 0.956, 0.851987, 0.623071,1,1,0, 0.999999, 0.592362, 1.009658, 0.538796, 55.55, 0.940, 113.20, 0.115, 36.25, 0.085, 0.00, 0.000
15549,165888, 55.81, 55.65, 0.951, 0.965, 0.760193, 0.436635,1,1,0, 0.377679, 0.154573, 0.357835, 0.134747, 55.81, 0.951, 35.50, 0.296, 102.56, 0.208, 0.00, 0.000
15550,165898, 55.55, 55.61, 0.991, 0.993, 0.814749, 0.518178,1,1,0, 0.999999, 0.588002, 0.995632, 0.537441, 55.55, 0.991, 37.38, 0.155, 114.28, 0.143, 0.00, 0.000
15551,165909, 55.55, 55.58, 0.996, 0.997, 0.776155, 0.363128,1,1,0, 0.999999, 0.476599, 0.855472, 0.378967, 55.55, 0.996, 36.03, 0.286, 106.19, 0.212, 0.00, 0.000
15552,165920, 55.55, 55.57, 0.996, 0.997, 0.792603, 0.449261,1,1,0, 0.867461, 0.384869, 0.992774, 0.423588, 55.55, 0.996, 110.09, 0.199, 36.80, 0.197, 0.00, 0.000
15553,165930, 55.81, 55.67, 0.997, 0.998, 0.850726, 0.579608,1,1,0, 0.999999, 0.584263, 0.989801, 0.536917, 55.81, 0.997, 112.14, 0.193, 36.80, 0.188, 0.00, 0.000
15554,165941, 55.81, 55.73, 0.995, 0.996, 0.763998, 0.406177,1,1,0, 0.437410, 0.210753, 0.363365, 0.179186, 55.81, 0.995, 35.92, 0.247, 107.14, 0.201, 0.00, 0.000
15555,165952, 55.55, 55.65, 0.998, 0.998, 0.822673, 0.495719,1,1,0, 0.999999, 0.598844, 0.984157, 0.542313, 55.55, 0.998, 113.20, 0.165, 37.38, 0.133, 0.00, 0.000
15556,165962, 55.55, 55.61, 0.998, 0.998, 0.786838, 0.347389,1,1,0, 0.999999, 0.470101, 0.864244, 0.388611, 55.55, 0.998, 35.82, 0.325, 105.26, 0.245, 0.00, 0.000
15557,165973, 55.55, 55.59, 0.998, 0.998, 0.791891, 0.373350,1,1,0, 0.809904, 0.408255, 0.958781, 0.432464, 55.55, 0.998, 37.03, 0.272, 111.11, 0.241, 0.00, 0.000
15558,165984, 55.55, 55.57, 0.998, 0.998, 0.842822, 0.475768,1,1,0, 0.999999, 0.568067, 0.950728, 0.524323, 55.55, 0.998, 111.11, 0.218, 36.80, 0.203, 0.00, 0.000
15559,165994, 55.81, 55.67, 0.998, 0.998, 0.764398, 0.333408,1,1,0, 0.578092, 0.278960, 0.570404, 0.245611, 55.81, 0.998, 36.03, 0.286, 107.14, 0.247, 0.00, 0.000
15560,166005, 55.55, 55.62, 0.998, 0.998, 0.813097, 0.405709,1,1,0, 0.999999, 0.596918, 0.947715, 0.537713, 55.55, 0.998, 113.20, 0.217, 37.38, 0.179, 0.00, 0.000
15561,166016, 55.55, 55.59, 0.998, 0.999, 0.785371, 0.365083,1,1,0, 0.999999, 0.425483, 0.871673, 0.375575, 55.55, 0.998, 35.71, 0.342, 106.19, 0.273, 0.00, 0.000
15562,166026, 55.55, 55.57, 0.998, 0.998, 0.785071, 0.330387,1,1,0, 0.999999, 0.471678, 0.925484, 0.461512, 55.55, 0.998, 37.26, 0.371, 112.14, 0.313, 0.00, 0.000
15563,166037, 55.55, 55.56, 0.998, 0.998, 0.828646, 0.409826,1,1,0, 0.999999, 0.545769, 0.924125, 0.498846, 55.55, 0.998, 111.11, 0.265, 36.80, 0.245, 0.00, 0.000
15564,166048, 55.81, 55.67, 0.998, 0.998, 0.758970, 0.287198,1,1,0, 0.689829, 0.340423, 0.775546, 0.316289, 55.81, 0.998, 36.14, 0.321, 108.10, 0.292, 0.00, 0.000
15565,166058, 55.55, 55.62, 0.998, 0.998, 0.806064, 0.364540,1,1,0, 0.999999, 0.602103, 0.918639, 0.540794, 55.55, 0.998, 113.20, 0.282, 37.38, 0.272, 0.00, 0.000
15566,166069, 55.55, 55.59, 0.998, 0.999, 0.782830, 0.422587,1,1,0, 0.999999, 0.373821, 0.880640, 0.351621, 55.55, 0.998, 35.29, 0.340, 107.14, 0.290, 0.00, 0.000
15567,166080, 55.55, 55.57, 0.998, 0.999, 0.776263, 0.296141,1,1,0, 0.999999, 0.533254, 0.900245, 0.496858, 55.55, 0.998, 37.50, 0.448, 113.20, 0.372, 0.00, 0.000
15568,166090, 55.55, 55.56, 0.998, 0.998, 0.800388, 0.384615,1,1,0, 0.999999, 0.522407, 0.898869, 0.465042, 55.55, 0.998, 110.09, 0.317, 36.58, 0.309, 0.00, 0.000
15569,166101, 55.81, 55.67, 0.998, 0.999, 0.751341, 0.269530,1,1,0, 0.717632, 0.396937, 0.885831, 0.388124, 55.81, 0.998, 36.58, 0.325, 109.09, 0.319, 0.00, 0.000
15570,166112, 55.55, 55.62, 0.998, 0.999, 0.795192, 0.346980,1,1,0, 0.999999, 0.602301, 0.882561, 0.543853, 55.55, 0.998, 37.50, 0.352, 113.20, 0.335, 0.00, 0.000
15571,166122, 55.55, 55.59, 0.998, 0.999, 0.740592, 0.446960,1,1,0, 0.999999, 0.330056, 0.868425, 0.316341, 55.55, 0.998, 34.98, 0.332, 108.10, 0.304, 0.00, 0.000
15572,166133, 55.55, 55.57, 0.998, 0.999, 0.765978, 0.332678,1,1,0, 0.999999, 0.584897, 0.884701, 0.533147, 55.55, 0.998, 37.61, 0.461, 114.28, 0.399, 0.00, 0.000
15573,166144, 55.55, 55.56, 0.998, 0.998, 0.764556, 0.421237,1,1,0, 0.999999, 0.513317, 0.877891, 0.441014, 55.55, 0.998, 36.36, 0.418, 109.09, 0.381, 0.00, 0.000
15574,166154, 55.81, 55.67, 0.998, 0.998, 0.743519, 0.295194,1,1,0, 0.674974, 0.442374, 0.868890, 0.449599, 55.81, 0.998, 110.09, 0.343, 36.80, 0.329, 0.00, 0.000
15575,166165, 55.55, 55.62, 0.998, 0.999, 0.780556, 0.396555,1,1,0, 0.999999, 0.594075, 0.886060, 0.542551, 55.55, 0.998, 37.38, 0.404, 113.20, 0.377, 0.00, 0.000
15576,166176, 55.55, 55.59, 0.998, 0.999, 0.716719, 0.277898,1,1,0, 0.590618, 0.325215, 0.517200, 0.308495, 55.55, 0.998, 109.09, 0.339, 35.60, 0.328, 0.00, 0.000
15577,166186, 55.55, 55.57, 0.998, 0.999, 0.750619, 0.383863,1,1,0, 0.999999, 0.616070, 0.893308, 0.549680, 55.55, 0.998, 37.61, 0.421, 113.20, 0.395, 0.00, 0.000
15578,166197, 55.55, 55.56, 0.998, 0.998, 0.763172, 0.490690,1,1,0, 0.999999, 0.521135, 0.887709, 0.446230, 55.55, 0.998, 36.14, 0.522, 108.10, 0.437, 0.00, 0.000
15579,166208, 55.81, 55.67, 0.998, 0.999, 0.731321, 0.343866,1,1,0, 0.665977, 0.466764, 0.801923, 0.481960, 55.81, 0.998, 111.11, 0.363, 36.92, 0.344, 0.00, 0.000
15580,166218, 55.55, 55.62, 0.998, 0.999, 0.764240, 0.454625,1,1,0, 0.999999, 0.577796, 0.893457, 0.534267, 55.55, 0.998, 37.26, 0.416, 113.20, 0.395, 0.00, 0.000
15581,166229, 55.55, 55.59, 0.998, 0.999, 0.705701, 0.318592,1,1,0, 0.664411, 0.372560, 0.579093, 0.342599, 55.55, 0.998, 36.36, 0.388, 109.09, 0.387, 0.00, 0.000
15582,166240, 55.55, 55.57, 0.999, 0.999, 0.740624, 0.420122,1,1,0, 0.999999, 0.623402, 0.895551, 0.547780, 55.55, 0.999, 113.20, 0.387, 37.50, 0.370, 0.00, 0.000
15583,166250, 55.55, 55.56, 0.998, 0.999, 0.764475, 0.526970,1,1,0, 0.999999, 0.531097, 0.889475, 0.469319, 55.55, 0.998, 36.14, 0.575, 108.10, 0.479, 0.00, 0.000
15584,166261, 55.55, 55.56, 0.998, 0.998, 0.725501, 0.369290,1,1,0, 0.742379, 0.487459, 0.755845, 0.496995, 55.55, 0.998, 111.11, 0.401, 37.03, 0.394, 0.00, 0.000
15585,166272, 55.55, 55.55, 0.998, 0.999, 0.760511, 0.497206,1,1,0, 0.999999, 0.555098, 0.899597, 0.517098, 55.55, 0.998, 37.26, 0.410, 112.14, 0.403, 0.00, 0.000
15586,166282, 55.55, 55.55, 0.999, 0.999, 0.708239, 0.348432,1,1,0, 0.730437, 0.426919, 0.638004, 0.389858, 55.55, 0.999, 36.36, 0.454, 109.09, 0.428, 0.00, 0.000
15587,166293, 55.55, 55.55, 0.999, 0.999, 0.744067, 0.425441,1,1,0, 0.999999, 0.629111, 0.894165, 0.545643, 55.55, 0.999, 112.14, 0.392, 37.38, 0.351, 0.00, 0.000
15588,166304, 55.55, 55.55, 0.999, 0.999, 0.768197, 0.514340,1,1,0, 0.999999, 0.522522, 0.885271, 0.484061, 55.55, 0.999, 36.14, 0.572, 108.10, 0.489, 0.00, 0.000
15589,166314, 55.55, 55.55, 0.998, 0.999, 0.731641, 0.360439,1,1,0, 0.802120, 0.520186, 0.719621, 0.512444, 55.55, 0.998, 37.15, 0.473, 111.11, 0.450, 0.00, 0.000
15590,166325, 55.55, 55.55, 0.998, 0.999, 0.759970, 0.484291,1,1,0, 0.999999, 0.533465, 0.893652, 0.494858, 55.55, 0.998, 112.14, 0.413, 37.15, 0.406, 0.00, 0.000
15591,166336, 55.55, 55.55, 0.999, 0.999, 0.714110, 0.339381,1,1,0, 0.794237, 0.473262, 0.677174, 0.438132, 55.55, 0.999, 36.36, 0.485, 109.09, 0.458, 0.00, 0.000
15592,166346, 55.55, 55.55, 0.999, 0.999, 0.749075, 0.425903,1,1,0, 0.999999, 0.632242, 0.891953, 0.546070, 55.55, 0.999, 113.20, 0.429, 37.50, 0.403, 0.00, 0.000
15593,166357, 55.55, 55.55, 0.999, 0.999, 0.771680, 0.523044,1,1,0, 0.999999, 0.488482, 0.887414, 0.475284, 55.55, 0.999, 36.14, 0.533, 108.10, 0.480, 0.00, 0.000
15594,166368, 55.55, 55.55, 0.998, 0.999, 0.737434, 0.366538,1,1,0, 0.977563, 0.564704, 0.733986, 0.533567, 55.55, 0.998, 37.26, 0.554, 112.14, 0.499, 0.00, 0.000
15595,166378, 55.55, 55.55, 0.998, 0.999, 0.762061, 0.466708,1,1,0, 0.999999, 0.523560, 0.890004, 0.478645, 55.55, 0.998, 111.11, 0.432, 36.92, 0.426, 0.00, 0.000
15596,166389, 55.55, 55.55, 0.999, 0.999, 0.720663, 0.327059,1,1,0, 0.853877, 0.506871, 0.698590, 0.477543, 55.55, 0.999, 36.47, 0.472, 110.09, 0.465, 0.00, 0.000
15597,166400, 55.55, 55.55, 0.999, 0.999, 0.753568, 0.400106,1,1,0, 0.999999, 0.627237, 0.884538, 0.548749, 55.55, 0.999, 37.50, 0.480, 113.20, 0.474, 0.00, 0.000
15598,166410, 55.55, 55.55, 0.999, 0.999, 0.751895, 0.442698,1,1,0, 0.999999, 0.455339, 0.865574, 0.452276, 55.55, 0.999, 36.03, 0.486, 108.10, 0.467, 0.00, 0.000
15599,166421, 55.55, 55.55, 0.998, 0.999, 0.738422, 0.310233,1,1,0, 0.999999, 0.600443, 0.854200, 0.550222, 55.55, 0.998, 37.38, 0.600, 112.14, 0.533, 0.00, 0.000
15600,166432, 55.55, 55.55, 0.998, 0.999, 0.752813, 0.358408,1,1,0, 0.996437, 0.523937, 0.849181, 0.473672, 55.55, 0.998, 36.80, 0.484, 110.09, 0.469, 0.00, 0.000
15601,166442, 55.55, 55.55, 0.999, 0.999, 0.715899, 0.251165,1,1,0, 0.890105, 0.524732, 0.737102, 0.501769, 55.55, 0.999, 110.09, 0.468, 36.80, 0.449, 0.00, 0.000
15602,166453, 55.55, 55.55, 0.999, 0.999, 0.739890, 0.282473,1,1,0, 0.995906, 0.600638, 0.828957, 0.538252, 55.55, 0.999, 37.50, 0.531, 113.20, 0.511, 0.00, 0.000
15603,166464, 55.55, 55.55, 0.999, 0.999, 0.708207, 0.197951,1,1,0, 0.894988, 0.452998, 0.776220, 0.441829, 55.55, 0.999, 109.09, 0.473, 35.92, 0.467, 0.00, 0.000
15604,166474, 55.55, 55.55, 0.999, 0.999, 0.724083, 0.191852,1,1,0, 0.971214, 0.618470, 0.805489, 0.552064, 55.55, 0.999, 37.38, 0.595, 113.20, 0.544, 0.00, 0.000
15605,166485, 55.55, 55.55, 0.999, 0.999, 0.737753, 0.226145,1,1,0, 0.958742, 0.534572, 0.803401, 0.487569, 55.55, 0.999, 36.58, 0.572, 109.09, 0.523, 0.00, 0.000
15606,166496, 55.55, 55.55, 0.999, 0.999, 0.722395, 0.159332,1,1,0, 0.927726, 0.539687, 0.778568, 0.519729, 55.55, 0.999, 111.11, 0.483, 37.03, 0.450, 0.00, 0.000
15607,166506, 55.55, 55.55, 0.999, 0.999, 0.726999, 0.197173,1,1,0, 0.955321, 0.548002, 0.793695, 0.505355, 55.55, 0.999, 37.38, 0.546, 113.20, 0.533, 0.00, 0.000
15608,166517, 55.55, 55.55, 0.999, 0.999, 0.721031, 0.190340,1,1,0, 0.977124, 0.501024, 0.807194, 0.472126, 55.55, 0.999, 109.09, 0.509, 36.36, 0.498, 0.00, 0.000
15609,166528, 55.55, 55.55, 0.999, 0.999, 0.717390, 0.133386,1,1,0, 0.977589, 0.612061, 0.771393, 0.530516, 55.55, 0.999, 37.38, 0.546, 113.20, 0.535, 0.00, 0.000
15610,166538, 55.55, 55.55, 0.999, 0.999, 0.731964, 0.216490,1,1,0, 0.911088, 0.546184, 0.827604, 0.512354, 55.55, 0.999, 36.36, 0.653, 109.09, 0.571, 0.00, 0.000
15611,166549, 55.55, 55.55, 0.999, 0.999, 0.740290, 0.222111,1,1,0, 0.968929, 0.553556, 0.805478, 0.532426, 55.55, 0.999, 111.11, 0.510, 37.15, 0.485, 0.00, 0.000
15612,166560, 55.55, 55.55, 0.999, 0.999, 0.710507, 0.155651,1,1,0, 0.898499, 0.487805, 0.758482, 0.459860, 55.55, 0.999, 112.14, 0.542, 37.26, 0.535, 0.00, 0.000
15613,166570, 55.55, 55.55, 0.999, 0.999, 0.741219, 0.225689,1,1,0, 1.000000, 0.561119, 0.830618, 0.520967, 55.55, 0.999, 36.47, 0.562, 109.09, 0.554, 0.00, 0.000
15614,166581, 55.55, 55.55, 0.999, 0.999, 0.731684, 0.237224,1,1,0, 1.000000, 0.598195, 0.804581, 0.502751, 55.55, 0.999, 112.14, 0.528, 37.26, 0.494, 0.00, 0.000
15615,166592, 55.55, 55.55, 0.999, 0.999, 0.738450, 0.228458,1,1,0, 0.861857, 0.540098, 0.842407, 0.529215, 55.55, 0.999, 36.36, 0.694, 108.10, 0.600, 0.00, 0.000
15616,166602, 55.55, 55.55, 0.999, 0.999, 0.759858, 0.212021,1,1,0, 1.000000, 0.564352, 0.814434, 0.536404, 55.55, 0.999, 37.15, 0.555, 112.14, 0.552, 0.00, 0.000
15617,166613, 55.55, 55.55, 0.999, 0.999, 0.712378, 0.148580,1,1,0, 0.859611, 0.447247, 0.712727, 0.420945, 55.55, 0.999, 112.14, 0.547, 37.15, 0.518, 0.00, 0.000
15618,166624, 55.55, 55.55, 0.999, 0.999, 0.759211, 0.272044,1,1,0, 1.000000, 0.593589, 0.839594, 0.552576, 55.55, 0.999, 36.47, 0.603, 109.09, 0.586, 0.00, 0.000
15619,166634, 55.55, 55.55, 0.999, 0.999, 0.752223, 0.302370,1,1,0, 1.000000, 0.590903, 0.834984, 0.491267, 55.55, 0.999, 112.14, 0.542, 37.26, 0.495, 0.00, 0.000
15620,166645, 55.55, 55.55, 0.999, 0.999, 0.754294, 0.211895,1,1,0, 0.829622, 0.515097, 0.851384, 0.523618, 55.55, 0.999, 36.47, 0.680, 109.09, 0.603, 0.00, 0.000
15621,166656, 55.55, 55.55, 0.999, 0.999, 0.779740, 0.249862,1,1,0, 1.000000, 0.576791, 0.835072, 0.539442, 55.55, 0.999, 37.26, 0.630, 112.14, 0.597, 0.00, 0.000
15622,166666, 55.55, 55.55, 0.999, 0.999, 0.727256, 0.175098,1,1,0, 0.824891, 0.438734, 0.679087, 0.401608, 55.55, 0.999, 111.11, 0.563, 37.03, 0.524, 0.00, 0.000
15623,166677, 55.55, 55.55, 0.999, 0.999, 0.775926, 0.305725,1,1,0, 1.000000, 0.604208, 0.865597, 0.567365, 55.55, 0.999, 36.58, 0.609, 109.09, 0.598, 0.00, 0.000
15624,166688, 55.55, 55.55, 0.999, 0.999, 0.769097, 0.320286,1,1,0, 1.000000, 0.576938, 0.849665, 0.487863, 55.55, 0.999, 112.14, 0.576, 37.38, 0.555, 0.00, 0.000
15625,166698, 55.55, 55.55, 0.999, 0.999, 0.766522, 0.224961,1,1,0, 0.775327, 0.491889, 0.867459, 0.504933, 55.55, 0.999, 36.58, 0.630, 109.09, 0.593, 0.00, 0.000
15626,166709, 55.55, 55.55, 0.999, 0.999, 0.792110, 0.279023,1,1,0, 1.000000, 0.587545, 0.853062, 0.540381, 55.55, 0.999, 37.26, 0.688, 112.14, 0.633, 0.00, 0.000
15627,166720, 55.55, 55.55, 0.999, 0.999, 0.738256, 0.195534,1,1,0, 0.785554, 0.450876, 0.703173, 0.409637, 55.55, 0.999, 110.09, 0.595, 36.92, 0.571, 0.00, 0.000
15628,166730, 55.55, 55.55, 0.999, 0.999, 0.788625, 0.320093,1,1,0, 1.000000, 0.608357, 0.876904, 0.570922, 55.55, 0.999, 110.09, 0.605, 36.69, 0.590, 0.00, 0.000
15629,166741, 55.55, 55.55, 0.986, 0.990, 0.735245, 0.224315,1,1,0, 0.749727, 0.428645, 0.620811, 0.396914, 55.55, 0.986, 37.50, 0.616, 113.20, 0.614, 0.00, 0.000
15630,166752, 55.55, 55.55, 0.917, 0.940, 0.665252, 0.157195,1,1,0, 0.464745, 0.193150, 0.337645, 0.189833, 55.55, 0.917, 111.11, 0.580, 37.50, 0.521, 0.00, 0.000
15631,166762, 57.14, 56.22, 0.805, 0.860, 0.608086, 0.110159,1,1,0, 0.447350, 0.250935, 0.362040, 0.231658, 57.14, 0.805, 39.08, 0.679, 117.64, 0.666, 0.00, 0.000
15632,166773, 31.49, 57.43, 0.715, 0.650, 0.543873, 0.077197,1,1,0, 0.215020, 0.131284, 0.194489, 0.103356, 31.49, 0.715, 59.11, 0.601, 115.38, 0.398, 40.13, 0.391
15633,166784, 63.82, 60.12, 0.527, 0.505, 0.487543, 0.054098,1,1,0, 0.230447, 0.138300, 0.194202, 0.108299, 63.82, 0.527, 137.93, 0.294, 45.62, 0.271, 32.78, 0.134
15634,166794, 57.97, 59.21, 0.620, 0.618, 0.435653, 0.037911,1,1,0, 0.156097, 0.092429, 0.132940, 0.079858, 57.97, 0.620, 46.15, 0.257, 0.00, 0.000, 0.00, 0.000
15635,166805, 58.25, 58.81, 0.826, 0.828, 0.388069, 0.026567,1,1,0, 0.118539, 0.066016, 0.105103, 0.063671, 58.25, 0.826, 0.00, 0.000, 0.00, 0.000, 0.00, 0.000
15636,166816, 58.25, 58.57, 0.892, 0.911, 0.346023, 0.018617,1,1,0, 0.116233, 0.068521, 0.082509, 0.056015, 58.25, 0.892, 0.00, 0.000, 0.00, 0.000, 0.00, 0.000
15637,166826, 58.53, 58.56, 0.889, 0.920, 0.306525, 0.013047,1,1,0, 0.051981, 0.035226, 0.041059, 0.030731, 58.53, 0.889, 0.00, 0.000, 0.00, 0.000, 0.00, 0.000
15638,166837, 56.87, 57.85, 0.781, 0.803, 0.270647, 0.009143,1,1,0, 0.042428, 0.026252, 0.038879, 0.021774, 56.87, 0.781, 0.00, 0.000, 0.00, 0.000, 0.00, 0.000
15639,166848, 55.29, 56.77, 0.807, 0.811, 0.238718, 0.006407,1,1,0, 0.043437, 0.020774, 0.044595, 0.019282, 55.29, 0.807, 0.00, 0.000, 0.00, 0.000, 0.00, 0.000
15640,166858, 55.55, 56.26, 0.737, 0.758, 0.210597, 0.004490,1,1,0, 0.028807, 0.018650, 0.027824, 0.015370, 55.55, 0.737, 67.79, 0.528, 0.00, 0.000, 0.00, 0.000
15641,166869, 31.16, 56.07, 0.781, 0.560, 0.185463, 0.003146,1,1,0, 0.031658, 0.014693, 0.020464, 0.010762, 31.16, 0.781, 71.42, 0.617, 55.81, 0.524, 315.78, 0.170
15642,166880, 72.28, 48.27, 0.750, 0.651, 0.164146, 0.002205,1,1,0, 0.044505, 0.021662, 0.029184, 0.016834, 72.28, 0.750, 37.50, 0.632, 55.29, 0.062, 0.00, 0.000
15643,166890, 72.28, 43.31, 0.773, 0.779, 0.145974, 0.001545,1,1,0, 0.065834, 0.029918, 0.047573, 0.024421, 72.28, 0.773, 36.47, 0.766, 0.00, 0.000, 0.00, 0.000
15644,166901, 73.17, 40.44, 0.687, 0.565, 0.130210, 0.001082,1,1,0, 0.076313, 0.042606, 0.055045, 0.026718, 73.17, 0.687, 36.47, 0.545, 0.00, 0.000, 0.00, 0.000
15645,166912, 36.69, 38.87, 0.721, 0.739, 0.117005, 0.000758,1,1,0, 0.065133, 0.028754, 0.040676, 0.026676, 36.69, 0.721, 72.72, 0.541, 0.00, 0.000, 0.00, 0.000
15646,166922, 37.26, 38.19, 0.614, 0.662, 0.104168, 0.000531,1,1,0, 0.037946, 0.021587, 0.029236, 0.016869, 37.26, 0.614, 75.00, 0.443, 0.00, 0.000, 0.00, 0.000
15647,166933, 37.73, 38.00, 0.729, 0.778, 0.094209, 0.000372,1,1,0, 0.053142, 0.029390, 0.051024, 0.028231, 37.73, 0.729, 74.53, 0.457, 0.00, 0.000, 0.00, 0.000
15648,166944, 39.73, 38.73, 0.676, 0.736, 0.083985, 0.000261,1,1,0, 0.031813, 0.018052, 0.034541, 0.016369, 39.73, 0.676, 75.94, 0.627, 0.00, 0.000, 0.00, 0.000
15649,166954, 38.70, 38.72, 0.712, 0.792, 0.075538, 0.000183,1,1,0, 0.043457, 0.022234, 0.035195, 0.018330, 38.70, 0.712, 75.47, 0.698, 0.00, 0.000, 0.00, 0.000
15650,166965, 38.21, 38.50, 0.713, 0.782, 0.067276, 0.000128,1,1,0, 0.020687, 0.010205, 0.031634, 0.011401, 38.21, 0.713, 75.94, 0.562, 44.11, 0.322, 0.00, 0.000
15651,166976, 44.94, 37.79, 0.734, 0.523, 0.060135, 0.000089,1,1,0, 0.034116, 0.015956, 0.024275, 0.011861, 44.94, 0.734, 73.61, 0.486, 36.80, 0.461, 0.00, 0.000
15652,166986, 44.44, 40.58, 0.716, 0.672, 0.053943, 0.000062,1,1,0, 0.027989, 0.013910, 0.029841, 0.013789, 44.44, 0.716, 31.57, 0.424, 36.58, 0.339, 111.11, 0.128
15653,166997, 31.16, 40.58, 0.484, 0.604, 0.048850, 0.000044,1,1,0, 0.041049, 0.018599, 0.032290, 0.016223, 31.16, 0.484, 44.44, 0.481, 36.58, 0.437, 222.22, 0.257
15654,167008, 37.50, 39.29, 0.623, 0.639, 0.045720, 0.002797,1,1,0, 0.050758, 0.028145, 0.047775, 0.026558, 37.50, 0.623, 75.00, 0.335, 44.77, 0.302, 31.08, 0.249
15655,167018, 77.41, 39.29, 0.467, 0.575, 0.041787, 0.001960,1,1,0, 0.042209, 0.019593, 0.041545, 0.018242, 77.41, 0.467, 37.85, 0.365, 55.55, 0.297, 173.91, 0.232
15656,167029, 76.92, 39.81, 0.514, 0.509, 0.038675, 0.001373,1,1,0, 0.043683, 0.024945, 0.041162, 0.021374, 76.92, 0.514, 40.54, 0.454, 54.29, 0.109, 162.16, 0.109
15657,167040, 76.92, 55.40, 0.544, 0.500, 0.035027, 0.000962,1,1,0, 0.026701, 0.013487, 0.019762, 0.011433, 76.92, 0.544, 43.63, 0.379, 37.97, 0.149, 171.42, 0.047
15658,167050, 36.36, 47.40, 0.584, 0.579, 0.034593, 0.015715,1,1,0, 0.038667, 0.018932, 0.039827, 0.018100, 36.36, 0.584, 74.07, 0.399, 43.79, 0.179, 56.33, 0.049
15659,167061, 74.53, 43.19, 0.757, 0.674, 0.041552, 0.031660,1,1,0, 0.054015, 0.027571, 0.048403, 0.023363, 74.53, 0.757, 37.38, 0.655, 43.63, 0.154, 0.00, 0.000
15660,167072, 73.17, 40.51, 0.662, 0.633, 0.038032, 0.022186,1,1,0, 0.040341, 0.024877, 0.037328, 0.016466, 73.17, 0.662, 31.41, 0.652, 36.80, 0.620, 54.79, 0.343
15661,167082, 37.26, 39.15, 0.464, 0.479, 0.034873, 0.015548,1,1,0, 0.039523, 0.025050, 0.029915, 0.015453, 37.26, 0.464, 73.61, 0.218, 222.22, 0.189, 44.94, 0.185
15662,167093, 37.38, 38.40, 0.887, 0.864, 0.036683, 0.021270,1,1,0, 0.039618, 0.019402, 0.044463, 0.019762, 37.38, 0.887, 43.32, 0.485, 235.29, 0.239, 0.00, 0.000
15663,167104, 37.26, 38.40, 0.265, 0.778, 0.033625, 0.014905,1,1,0, 0.038912, 0.018693, 0.033169, 0.015818, 37.26, 0.265, 45.11, 0.223, 73.61, 0.163, 235.29, 0.161
15664,167114, 32.08, 37.50, 0.740, 0.555, 0.030877, 0.010445,1,1,0, 0.027188, 0.013259, 0.025864, 0.013414, 32.08, 0.740, 72.28, 0.587, 36.25, 0.493, 56.33, 0.185
15665,167125, 73.61, 37.25, 0.891, 0.767, 0.028034, 0.007320,1,1,0, 0.027660, 0.015304, 0.020301, 0.009879, 73.61, 0.891, 36.92, 0.693, 0.00, 0.000, 0.00, 0.000
15666,167136, 37.15, 37.21, 0.964, 0.974, 0.026150, 0.005129,1,1,0, 0.024515, 0.013057, 0.029441, 0.013390, 37.15, 0.964, 74.07, 0.922, 44.11, 0.184, 111.11, 0.061
15667,167146, 74.07, 37.13, 0.933, 0.946, 0.025769, 0.008926,1,1,0, 0.035393, 0.016458, 0.029561, 0.014317, 74.07, 0.933, 37.03, 0.926, 31.41, 0.073, 55.29, 0.062
15668,167157, 74.07, 37.09, 0.922, 0.906, 0.027602, 0.017399,1,1,0, 0.038340, 0.017280, 0.032654, 0.014129, 74.07, 0.922, 37.03, 0.870, 218.18, 0.090, 55.29, 0.081
15669,167168, 37.03, 37.07, 0.967, 0.976, 0.027154, 0.012193,1,1,0, 0.031314, 0.014692, 0.029991, 0.014424, 37.03, 0.967, 74.07, 0.887, 32.08, 0.152, 222.22, 0.012
15670,167178, 36.92, 37.00, 0.974, 0.981, 0.024581, 0.008544,1,1,0, 0.029993, 0.008934, 0.027754, 0.008510, 36.92, 0.974, 74.07, 0.840, 44.77, 0.112, 112.14, 0.058
15671,167189, 36.92, 36.97, 0.946, 0.961, 0.023373, 0.005988,1,1,0, 0.034404, 0.016057, 0.025734, 0.013814, 36.92, 0.946, 73.61, 0.849, 43.79, 0.352, 109.09, 0.024
15672,167200, 37.15, 37.04, 0.977, 0.983, 0.022953, 0.009668,1,1,0, 0.026959, 0.013138, 0.026877, 0.012198, 37.15, 0.977, 74.07, 0.877, 43.79, 0.080, 222.22, 0.033
15673,167210, 37.15, 37.09, 0.970, 0.979, 0.023550, 0.013365,1,1,0, 0.027266, 0.014217, 0.027048, 0.013319, 37.15, 0.970, 74.53, 0.932, 31.91, 0.397, 55.81, 0.182
15674,167221, 74.53, 37.16, 0.957, 0.935, 0.024111, 0.018476,1,1,0, 0.035278, 0.011736, 0.029393, 0.010721, 74.53, 0.957, 37.26, 0.910, 44.94, 0.123, 226.41, 0.110
15675,167232, 37.03, 37.11, 0.919, 0.941, 0.023802, 0.012948,1,1,0, 0.037494, 0.015591, 0.029806, 0.011940, 37.03, 0.919, 74.07, 0.913, 44.60, 0.117, 112.14, 0.084
15676,167242, 36.92, 37.03, 0.922, 0.944, 0.022317, 0.009073,1,1,0, 0.027916, 0.014845, 0.023488, 0.013641, 36.92, 0.922, 74.07, 0.876, 31.83, 0.193, 110.09, 0.153
15677,167253, 37.03, 37.03, 0.909, 0.935, 0.025159, 0.020191,1,1,0, 0.029689, 0.014891, 0.030775, 0.013901, 37.03, 0.909, 74.07, 0.876, 31.25, 0.218, 218.18, 0.068
15678,167264, 37.15, 37.08, 0.971, 0.979, 0.024789, 0.014149,1,1,0, 0.032418, 0.015876, 0.028013, 0.013591, 37.15, 0.971, 74.53, 0.940, 222.22, 0.067, 55.81, 0.025
15679,167274, 37.15, 37.11, 0.957, 0.969, 0.022997, 0.015600,1,1,0, 0.023012, 0.013247, 0.027459, 0.008796, 37.15, 0.957, 74.53, 0.946, 31.91, 0.223, 44.94, 0.128
15680,167285, 37.15, 37.12, 0.972, 0.980, 0.025196, 0.017597,1,1,0, 0.030620, 0.014029, 0.032408, 0.013817, 37.15, 0.972, 74.07, 0.951, 44.44, 0.115, 112.14, 0.075
15681,167296, 37.03, 37.09, 0.968, 0.977, 0.027842, 0.017519,1,1,0, 0.034784, 0.017012, 0.034149, 0.016184, 37.03, 0.968, 74.07, 0.956, 44.11, 0.113, 109.09, 0.080
15682,167306, 37.15, 37.11, 0.961, 0.972, 0.025353, 0.012277,1,1,0, 0.032855, 0.014281, 0.026095, 0.011095, 37.15, 0.961, 74.07, 0.929, 31.57, 0.130, 43.95, 0.040
15683,167317, 37.15, 37.13, 0.951, 0.965, 0.024139, 0.008603,1,1,0, 0.029165, 0.014537, 0.025708, 0.014584, 37.15, 0.951, 74.07, 0.883, 32.08, 0.143, 56.33, 0.025
15684,167328, 37.15, 37.13, 0.868, 0.905, 0.021797, 0.006029,1,1,0, 0.016167, 0.008472, 0.014393, 0.006727, 37.15, 0.868, 74.53, 0.826, 31.83, 0.367, 56.33, 0.232
15685,167338, 37.38, 37.24, 0.870, 0.906, 0.019772, 0.004225,1,1,0, 0.019743, 0.008739, 0.020229, 0.008672, 37.38, 0.870, 74.53, 0.799, 226.41, 0.217, 32.34, 0.198
15686,167349, 75.47, 37.49, 0.877, 0.904, 0.017711, 0.002960,1,1,0, 0.012572, 0.006312, 0.009160, 0.004158, 75.47, 0.877, 37.85, 0.867, 222.22, 0.303, 109.09, 0.255
15687,167360, 75.94, 37.49, 0.567, 0.814, 0.018015, 0.025042,1,1,0, 0.026703, 0.008178, 0.025177, 0.006504, 75.94, 0.567, 30.22, 0.321, 112.14, 0.235, 44.94, 0.178
15688,167370, 39.21, 38.22, 0.422, 0.481, 0.019026, 0.017549,1,1,0, 0.027701, 0.013508, 0.025539, 0.011747, 39.21, 0.422, 77.92, 0.383, 46.15, 0.094, 0.00, 0.000
15689,167381, 31.33, 35.32, 0.921, 0.880, 0.017186, 0.012298,1,1,0, 0.009511, 0.005371, 0.009960, 0.005138, 31.33, 0.921, 38.70, 0.485, 45.45, 0.290, 91.60, 0.198
15690,167392, 47.24, 35.32, 0.419, 0.792, 0.015518, 0.008618,1,1,0, 0.008022, 0.004505, 0.006845, 0.004254, 47.24, 0.419, 38.21, 0.315, 62.17, 0.252, 93.02, 0.209
15691,167402, 31.41, 33.68, 0.763, 0.801, 0.014000, 0.006039,1,1,0, 0.006973, 0.004321, 0.007409, 0.003832, 31.41, 0.763, 63.49, 0.571, 97.56, 0.450, 47.80, 0.364
15692,167413, 64.86, 33.15, 0.788, 0.710, 0.012691, 0.004232,1,1,0, 0.007548, 0.004668, 0.005710, 0.003752, 64.86, 0.788, 32.43, 0.615, 39.08, 0.551, 97.56, 0.260
15693,167424, 64.86, 32.96, 0.709, 0.679, 0.011420, 0.002966,1,1,0, 0.006292, 0.002906, 0.005186, 0.002835, 64.86, 0.709, 32.69, 0.599, 38.46, 0.189, 48.97, 0.139
15694,167434, 64.17, 32.70, 0.805, 0.764, 0.010220, 0.002078,1,1,0, 0.006420, 0.003316, 0.004836, 0.002342, 64.17, 0.805, 32.34, 0.686, 0.00, 0.000, 0.00, 0.000
15695,167445, 65.93, 32.70, 0.728, 0.687, 0.009071, 0.001456,1,1,0, 0.004028, 0.002038, 0.002555, 0.001180, 65.93, 0.728, 32.78, 0.316, 39.86, 0.242, 30.15, 0.123
15696,167456, 31.91, 32.37, 0.833, 0.855, 0.008187, 0.001020,1,1,0, 0.006003, 0.003193, 0.004395, 0.002370, 31.91, 0.833, 65.21, 0.233, 56.33, 0.027, 50.42, 0.022
15697,167466, 32.25, 32.32, 0.748, 0.804, 0.007346, 0.000715,1,1,0, 0.003500, 0.001452, 0.002936, 0.001681, 32.25, 0.748, 63.49, 0.289, 210.52, 0.001, 0.00, 0.000
15698,167477, 56.60, 32.32, 0.485, 0.724, 0.006631, 0.000501,1,1,0, 0.006339, 0.002985, 0.004243, 0.001979, 56.60, 0.485, 50.20, 0.351, 31.16, 0.239, 33.24, 0.161
15699,167488, 33.05, 32.63, 0.605, 0.631, 0.005987, 0.000351,1,1,0, 0.004189, 0.002308, 0.004231, 0.001679, 33.05, 0.605, 50.42, 0.363, 64.17, 0.062, 72.72, 0.016
15700,167498, 33.70, 33.08, 0.914, 0.928, 0.005421, 0.000246,1,1,0, 0.004079, 0.001959, 0.004194, 0.001782, 33.70, 0.914, 66.66, 0.298, 0.00, 0.000, 0.00, 0.000
15701,167509, 33.80, 33.38, 0.816, 0.860, 0.004850, 0.000172,1,1,0, 0.003437, 0.001500, 0.002212, 0.001019, 33.80, 0.816, 64.51, 0.229, 78.43, 0.122, 0.00, 0.000
15702,167520, 33.51, 33.44, 0.819, 0.869, 0.004447, 0.000120,1,1,0, 0.005648, 0.002874, 0.003322, 0.001860, 33.51, 0.819, 66.29, 0.319, 0.00, 0.000, 0.00, 0.000
15703,167530, 30.61, 33.44, 0.380, 0.782, 0.004038, 0.000084,1,1,0, 0.003465, 0.002007, 0.002599, 0.001416, 30.61, 0.380, 82.19, 0.211, 0.00, 0.000, 0.00, 0.000
15704,167541, 33.05, 33.28, 0.735, 0.781, 0.003716, 0.000059,1,1,0, 0.005440, 0.003942, 0.002565, 0.001598, 33.05, 0.735, 98.36, 0.436, 50.00, 0.291, 0.00, 0.000
15705,167552, 31.74, 33.28, 0.419, 0.702, 0.003401, 0.000041,1,1,0, 0.001610, 0.000713, 0.002368, 0.001374, 31.74, 0.419, 101.69, 0.264, 0.00, 0.000, 0.00, 0.000
15706,167562, 32.96, 33.14, 0.615, 0.648, 0.003072, 0.000029,1,1,0, 0.002287, 0.001377, 0.001536, 0.000841, 32.96, 0.615, 31.25, 0.540, 100.00, 0.171, 0.00, 0.000
15707,167573, 33.14, 33.14, 0.958, 0.961, 0.002858, 0.000020,1,1,0, 0.004067, 0.002489, 0.002188, 0.001441, 33.14, 0.958, 49.18, 0.228, 0.00, 0.000, 0.00, 0.000
15708,167584, 33.33, 33.22, 0.790, 0.831, 0.002591, 0.000014,1,1,0, 0.002672, 0.001013, 0.001818, 0.000834, 33.33, 0.790, 35.82, 0.726, 210.52, 0.058, 100.00, 0.037
15709,167594, 50.20, 40.35, 0.490, 0.464, 0.003164, 0.003038,1,1,0, 0.004997, 0.003170, 0.003946, 0.002084, 50.20, 0.490, 56.87, 0.402, 33.05, 0.141, 97.56, 0.057
15710,167605, 50.63, 44.67, 0.593, 0.557, 0.002863, 0.002129,1,1,0, 0.002292, 0.001331, 0.001844, 0.000919, 50.63, 0.593, 55.55, 0.543, 32.69, 0.218, 30.76, 0.171
15711,167616, 48.19, 46.15, 0.780, 0.759, 0.003236, 0.002003,1,1,0, 0.007334, 0.005216, 0.003689, 0.002185, 48.19, 0.780, 0.00, 0.000, 0.00, 0.000, 0.00, 0.000
15712,167626, 33.80, 40.96, 0.849, 0.803, 0.003245, 0.001404,1,1,0, 0.011856, 0.009168, 0.003681, 0.002260, 33.80, 0.849, 48.78, 0.474, 103.44, 0.133, 125.00, 0.091
15713,167637, 30.69, 36.64, 0.670, 0.629, 0.007782, 0.010077,1,1,0, 0.012316, 0.004991, 0.009824, 0.004701, 30.69, 0.670, 32.34, 0.632, 133.33, 0.392, 0.00, 0.000
15714,167648, 150.00, 84.25, 0.928, 0.870, 0.040097, 0.060272,1,1,0, 0.100520, 0.057334, 0.052935, 0.026574, 150.00, 0.928, 387.09, 0.902, 0.00, 0.000, 0.00, 0.000
15715,167658, 31.83, 47.55, 0.675, 0.643, 0.375483, 0.791886,1,1,1, 0.673957, 0.270794, 0.592501, 0.250906, 31.83, 0.675, 52.63, 0.223, 100.00, 0.194, 0.00, 0.000
15716,167669, 72.72, 65.17, 0.692, 0.667, 0.620826, 0.653393,1,1,0, 0.839983, 0.407385, 0.791508, 0.382221, 72.72, 0.692, 160.00, 0.030, 0.00, 0.000, 0.00, 0.000
15717,167680, 73.61, 45.24, 0.828, 0.686, 0.683700, 0.470728,1,1,0, 0.899222, 0.411620, 0.800943, 0.388369, 73.61, 0.828, 36.69, 0.660, 0.00, 0.000, 0.00, 0.000
15718,167690, 74.07, 39.41, 0.918, 0.888, 0.630726, 0.329876,1,1,0, 0.834023, 0.294330, 0.684536, 0.244223, 74.07, 0.918, 36.92, 0.845, 48.38, 0.063, 136.36, 0.023
15719,167701, 37.15, 37.83, 0.998, 0.998, 0.624846, 0.302352,1,1,0, 0.759407, 0.282218, 0.781113, 0.300285, 37.15, 0.998, 74.07, 0.991, 46.51, 0.020, 127.65, 0.006
15720,167712, 37.15, 37.35, 0.999, 0.999, 0.648088, 0.372513,1,1,0, 0.888219, 0.410502, 0.797512, 0.383212, 37.15, 0.999, 74.07, 0.989, 30.45, 0.006, 0.00, 0.000
15721,167722, 37.15, 37.21, 0.999, 0.999, 0.652954, 0.350944,1,1,0, 0.794209, 0.392829, 0.766366, 0.367229, 37.15, 0.999, 74.53, 0.988, 30.61, 0.101, 52.40, 0.036
15722,167733, 37.15, 37.17, 0.999, 0.999, 0.677037, 0.447411,1,1,0, 0.848045, 0.386815, 0.784909, 0.369133, 37.15, 0.999, 74.07, 0.990, 0.00, 0.000, 0.00, 0.000
15723,167744, 37.15, 37.15, 0.997, 0.998, 0.629948, 0.313536,1,1,0, 0.842461, 0.298418, 0.679739, 0.249100, 37.15, 0.997, 74.53, 0.994, 46.87, 0.031, 129.03, 0.004
15724,167754, 37.15, 37.15, 0.997, 0.997, 0.612460, 0.287209,1,1,0, 0.708733, 0.276223, 0.758825, 0.294583, 37.15, 0.997, 74.07, 0.995, 45.80, 0.010, 0.00, 0.000
15725,167765, 37.15, 37.15, 0.998, 0.999, 0.632539, 0.382191,1,1,0, 0.836740, 0.393012, 0.776541, 0.367969, 37.15, 0.998, 74.07, 0.997, 30.30, 0.013, 0.00, 0.000
15726,167776, 37.15, 37.15, 0.999, 0.999, 0.648351, 0.387718,1,1,0, 0.825920, 0.388896, 0.764943, 0.365224, 37.15, 0.999, 74.53, 0.998, 31.00, 0.013, 0.00, 0.000
15727,167786, 37.15, 37.15, 0.999, 0.999, 0.658209, 0.411181,1,1,0, 0.830334, 0.350873, 0.757517, 0.330242, 37.15, 0.999, 74.53, 0.998, 31.83, 0.027, 0.00, 0.000
15728,167797, 37.15, 37.15, 0.999, 0.999, 0.603412, 0.288147,1,1,0, 0.833110, 0.265810, 0.689034, 0.236591, 37.15, 0.999, 74.53, 0.998, 46.15, 0.006, 0.00, 0.000
15729,167808, 37.15, 37.15, 0.999, 0.999, 0.608947, 0.333379,1,1,0, 0.836708, 0.326292, 0.761213, 0.324346, 37.15, 0.999, 74.53, 0.998, 45.28, 0.010, 0.00, 0.000
15730,167818, 37.15, 37.15, 0.999, 0.999, 0.623137, 0.350623,1,1,0, 0.817402, 0.381339, 0.753170, 0.357933, 37.15, 0.999, 74.53, 0.998, 30.45, 0.044, 0.00, 0.000
15731,167829, 37.15, 37.15, 0.999, 0.999, 0.638003, 0.382359,1,1,0, 0.809454, 0.379411, 0.746134, 0.357152, 37.15, 0.999, 74.07, 0.998, 0.00, 0.000, 0.00, 0.000
15732,167840, 37.15, 37.15, 0.999, 0.999, 0.613942, 0.387042,1,1,0, 0.805953, 0.313624, 0.724636, 0.281905, 37.15, 0.999, 74.53, 0.998, 31.91, 0.020, 0.00, 0.000
15733,167850, 37.15, 37.15, 0.999, 0.999, 0.582803, 0.283358,1,1,0, 0.663317, 0.247929, 0.737810, 0.247505, 37.15, 0.999, 74.07, 0.998, 45.62, 0.017, 0.00, 0.000
15734,167861, 37.15, 37.15, 0.999, 0.999, 0.595957, 0.324880,1,1,0, 0.797833, 0.354516, 0.737945, 0.339715, 37.15, 0.999, 74.53, 0.998, 44.94, 0.024, 0.00, 0.000
15735,167872, 37.15, 37.15, 0.999, 0.999, 0.606764, 0.332639,1,1,0, 0.789286, 0.368668, 0.724896, 0.344881, 37.15, 0.999, 74.53, 0.998, 30.92, 0.060, 53.81, 0.004
15736,167882, 37.15, 37.15, 0.999, 0.999, 0.623058, 0.363973,1,1,0, 0.790425, 0.368801, 0.721511, 0.348398, 37.15, 0.999, 74.07, 0.999, 0.00, 0.000, 0.00, 0.000
15737,167893, 37.15, 37.15, 0.999, 0.999, 0.580288, 0.255065,1,1,0, 0.787103, 0.284126, 0.633026, 0.239217, 37.15, 0.999, 74.53, 0.998, 45.62, 0.011, 0.00, 0.000
15738,167904, 37.15, 37.15, 0.999, 0.999, 0.569824, 0.291665,1,1,0, 0.647141, 0.250709, 0.722355, 0.266372, 37.15, 0.999, 74.53, 0.998, 45.11, 0.053, 115.38, 0.019
15739,167914, 37.15, 37.15, 0.999, 0.999, 0.582737, 0.303667,1,1,0, 0.779183, 0.361553, 0.711102, 0.341590, 37.15, 0.999, 74.07, 0.998, 44.94, 0.030, 114.28, 0.004
15740,167925, 37.15, 37.15, 0.999, 0.999, 0.595222, 0.319800,1,1,0, 0.781028, 0.362014, 0.704997, 0.338301, 37.15, 0.999, 74.07, 0.999, 31.16, 0.077, 54.05, 0.017
15741,167936, 37.15, 37.15, 0.999, 0.999, 0.608895, 0.363170,1,1,0, 0.770135, 0.357460, 0.701630, 0.338869, 37.15, 0.999, 74.07, 0.999, 31.57, 0.014, 0.00, 0.000
15742,167946, 37.15, 37.15, 0.999, 0.999, 0.565910, 0.254502,1,1,0, 0.763872, 0.275172, 0.616079, 0.222567, 37.15, 0.999, 74.07, 0.999, 45.45, 0.025, 116.50, 0.007
15743,167957, 37.15, 37.15, 0.999, 0.999, 0.556145, 0.274061,1,1,0, 0.615746, 0.247344, 0.694035, 0.268722, 37.15, 0.999, 74.07, 0.998, 44.94, 0.082, 114.28, 0.039
15744,167968, 37.15, 37.15, 0.999, 0.999, 0.571496, 0.284311,1,1,0, 0.768817, 0.359152, 0.689799, 0.337031, 37.15, 0.999, 74.53, 0.998, 44.94, 0.015, 0.00, 0.000
15745,167978, 37.15, 37.15, 0.999, 0.999, 0.584407, 0.316443,1,1,0, 0.762715, 0.355895, 0.687104, 0.332951, 37.15, 0.999, 74.07, 0.998, 31.25, 0.063, 54.54, 0.009
15746,167989, 37.15, 37.15, 0.999, 0.999, 0.594201, 0.329711,1,1,0, 0.748212, 0.343527, 0.674406, 0.326946, 37.15, 0.999, 74.07, 0.999, 31.66, 0.060, 55.04, 0.017
15747,168000, 37.15, 37.15, 0.999, 0.999, 0.554568, 0.231055,1,1,0, 0.744741, 0.273595, 0.604637, 0.224849, 37.15, 0.999, 74.07, 0.999, 45.28, 0.041, 115.38, 0.023
15748,168010, 37.15, 37.15, 0.999, 0.999, 0.544591, 0.257186,1,1,0, 0.600029, 0.249758, 0.671739, 0.266328, 37.15, 0.999, 74.07, 0.998, 44.77, 0.113, 113.20, 0.063
15749,168021, 37.15, 37.15, 0.999, 0.999, 0.557065, 0.288220,1,1,0, 0.734922, 0.347273, 0.670038, 0.324662, 37.15, 0.999, 74.07, 0.999, 31.41, 0.014, 206.89, 0.005
15750,168032, 37.15, 37.15, 0.999, 0.999, 0.565232, 0.299274,1,1,0, 0.717040, 0.344733, 0.656630, 0.322980, 37.15, 0.999, 74.07, 0.999, 31.41, 0.050, 54.54, 0.018
15751,168042, 37.15, 37.15, 0.999, 0.999, 0.574035, 0.326439,1,1,0, 0.711197, 0.321701, 0.650273, 0.304428, 37.15, 0.999, 74.07, 0.998, 31.91, 0.151, 55.55, 0.055
15752,168053, 37.15, 37.15, 0.999, 0.999, 0.534195, 0.228762,1,1,0, 0.712010, 0.260397, 0.577003, 0.223081, 37.15, 0.999, 74.53, 0.998, 45.11, 0.045, 115.38, 0.033
15753,168064, 37.15, 37.15, 0.999, 0.999, 0.529998, 0.262011,1,1,0, 0.633865, 0.270796, 0.652103, 0.275533, 37.15, 0.999, 74.53, 0.999, 44.60, 0.112, 112.14, 0.059
15754,168074, 37.15, 37.15, 0.999, 0.999, 0.538115, 0.272285,1,1,0, 0.701179, 0.335606, 0.642783, 0.311487, 37.15, 0.999, 74.07, 0.999, 31.41, 0.060, 54.79, 0.033
15755,168085, 37.15, 37.15, 0.999, 0.999, 0.551543, 0.306703,1,1,0, 0.687996, 0.339507, 0.638242, 0.319691, 37.15, 0.999, 74.07, 0.999, 214.28, 0.023, 31.57, 0.023
15756,168096, 37.15, 37.15, 0.999, 0.999, 0.549194, 0.334129,1,1,0, 0.680477, 0.293660, 0.634201, 0.271369, 37.15, 0.999, 74.07, 0.998, 32.08, 0.190, 55.81, 0.080
15757,168106, 37.15, 37.15, 0.999, 0.999, 0.510552, 0.234151,1,1,0, 0.666142, 0.243447, 0.625157, 0.226520, 37.15, 0.999, 74.07, 0.998, 44.94, 0.086, 114.28, 0.058
15758,168117, 37.15, 37.15, 0.999, 0.999, 0.517506, 0.247946,1,1,0, 0.678256, 0.303404, 0.627781, 0.294992, 37.15, 0.999, 74.07, 0.999, 44.44, 0.118, 112.14, 0.071
15759,168128, 37.15, 37.15, 0.999, 0.999, 0.527005, 0.280823,1,1,0, 0.662471, 0.330019, 0.627647, 0.304293, 37.15, 0.999, 74.07, 0.999, 31.41, 0.107, 54.79, 0.065
15760,168138, 37.15, 37.15, 0.999, 0.999, 0.540937, 0.303630,1,1,0, 0.659164, 0.333778, 0.623905, 0.316084, 37.15, 0.999, 74.07, 0.999, 31.74, 0.034, 214.28, 0.030
15761,168149, 37.15, 37.15, 0.999, 0.999, 0.503629, 0.212777,1,1,0, 0.656453, 0.266572, 0.552881, 0.231347, 37.15, 0.999, 74.07, 0.998, 32.00, 0.146, 55.81, 0.068
15762,168160, 37.15, 37.15, 0.999, 0.999, 0.496473, 0.242648,1,1,0, 0.553425, 0.237746, 0.622665, 0.242975, 37.15, 0.999, 74.07, 0.998, 44.77, 0.125, 113.20, 0.085
15763,168170, 37.15, 37.15, 0.999, 0.999, 0.506449, 0.267911,1,1,0, 0.642176, 0.324424, 0.617171, 0.306854, 37.15, 0.999, 74.07, 0.999, 44.44, 0.119, 112.14, 0.083
15764,168181, 37.15, 37.15, 0.999, 0.999, 0.515638, 0.296110,1,1,0, 0.633469, 0.322374, 0.612614, 0.297694, 37.15, 0.999, 74.07, 0.998, 31.41, 0.152, 55.04, 0.076
15765,168192, 37.15, 37.15, 0.999, 0.999, 0.528116, 0.308039,1,1,0, 0.623204, 0.325604, 0.603498, 0.308825, 37.15, 0.999, 74.07, 0.999, 31.74, 0.059, 218.18, 0.047
15766,168202, 37.15, 37.15, 0.999, 0.999, 0.482978, 0.215867,1,1,0, 0.615621, 0.249209, 0.498543, 0.204704, 37.15, 0.999, 74.07, 0.999, 45.11, 0.089, 31.83, 0.081
15767,168213, 37.15, 37.15, 0.999, 0.999, 0.483425, 0.233230,1,1,0, 0.541881, 0.239235, 0.598756, 0.253219, 37.15, 0.999, 74.07, 0.999, 44.60, 0.174, 112.14, 0.121
15768,168224, 37.15, 37.15, 0.999, 0.999, 0.495092, 0.265976,1,1,0, 0.606792, 0.322563, 0.599891, 0.301427, 37.15, 0.999, 74.07, 0.999, 44.44, 0.108, 112.14, 0.078
15769,168234, 37.15, 37.15, 0.999, 0.999, 0.504300, 0.289950,1,1,0, 0.604465, 0.315695, 0.597115, 0.293276, 37.15, 0.999, 74.07, 0.999, 31.41, 0.159, 55.04, 0.085
15770,168245, 37.15, 37.15, 0.999, 0.999, 0.518444, 0.335018,1,1,0, 0.604050, 0.317998, 0.598631, 0.301541, 37.15, 0.999, 74.07, 0.999, 31.74, 0.131, 55.55, 0.088
15771,168256, 37.15, 37.15, 0.999, 0.999, 0.473053, 0.234773,1,1,0, 0.591115, 0.250689, 0.473340, 0.203896, 37.15, 0.999, 74.07, 0.999, 44.94, 0.097, 114.28, 0.080
15772,168266, 37.15, 37.15, 0.999, 0.999, 0.477378, 0.254760,1,1,0, 0.533039, 0.240201, 0.593993, 0.254488, 37.15, 0.999, 74.07, 0.999, 44.60, 0.207, 112.14, 0.136
15773,168277, 37.15, 37.15, 0.999, 0.999, 0.486268, 0.269838,1,1,0, 0.577999, 0.313408, 0.587389, 0.290377, 37.15, 0.999, 74.07, 0.999, 44.60, 0.077, 112.14, 0.064
15774,168288, 37.15, 37.15, 0.999, 0.999, 0.497865, 0.296173,1,1,0, 0.573439, 0.313628, 0.584560, 0.293357, 37.15, 0.999, 74.07, 0.999, 31.49, 0.116, 55.04, 0.076
15775,168298, 37.15, 37.15, 0.999, 0.999, 0.508794, 0.321752,1,1,0, 0.569195, 0.301022, 0.581734, 0.284454, 37.15, 0.999, 74.07, 0.999, 31.91, 0.202, 55.81, 0.119
15776,168309, 37.15, 37.15, 0.999, 0.999, 0.465314, 0.225477,1,1,0, 0.562941, 0.247124, 0.442577, 0.209534, 37.15, 0.999, 74.07, 0.999, 44.94, 0.113, 113.20, 0.090
15777,168320, 37.15, 37.15, 0.999, 0.999, 0.471152, 0.245246,1,1,0, 0.525132, 0.252462, 0.578802, 0.257359, 37.15, 0.999, 74.07, 0.999, 44.44, 0.212, 111.11, 0.142
15778,168330, 37.15, 37.15, 0.999, 0.999, 0.480484, 0.269161,1,1,0, 0.560299, 0.305404, 0.577433, 0.280017, 37.15, 0.999, 74.07, 0.999, 31.57, 0.110, 55.29, 0.089
15779,168341, 37.15, 37.15, 0.999, 0.999, 0.493841, 0.292816,1,1,0, 0.551285, 0.310604, 0.574937, 0.293057, 37.15, 0.999, 74.07, 0.999, 31.66, 0.069, 218.18, 0.067
15780,168352, 37.15, 37.15, 0.999, 0.999, 0.494933, 0.316621,1,1,0, 0.545166, 0.274989, 0.571031, 0.255257, 37.15, 0.999, 74.07, 0.999, 32.08, 0.274, 56.07, 0.145
15781,168362, 37.15, 37.15, 0.999, 0.999, 0.459220, 0.221881,1,1,0, 0.536964, 0.239852, 0.554434, 0.218150, 37.15, 0.999, 74.07, 0.999, 44.77, 0.123, 113.20, 0.100
15782,168373, 37.15, 37.15, 0.999, 0.999, 0.467618, 0.238359,1,1,0, 0.537334, 0.277204, 0.567625, 0.270282, 37.15, 0.999, 74.07, 0.999, 44.28, 0.197, 111.11, 0.141
15783,168384, 37.15, 37.15, 0.999, 0.999, 0.476788, 0.265934,1,1,0, 0.527697, 0.297323, 0.568610, 0.269904, 37.15, 0.999, 74.07, 0.999, 31.49, 0.188, 55.04, 0.120
15784,168394, 37.15, 37.15, 0.999, 0.999, 0.489658, 0.284069,1,1,0, 0.527169, 0.304530, 0.564791, 0.289476, 37.15, 0.999, 74.07, 0.999, 222.22, 0.072, 55.55, 0.065
15785,168405, 37.15, 37.15, 0.999, 0.999, 0.458634, 0.264577,1,1,0, 0.527959, 0.247555, 0.534303, 0.218630, 37.15, 0.999, 74.07, 0.999, 32.08, 0.292, 56.07, 0.162
15786,168416, 37.15, 37.15, 0.999, 0.999, 0.456106, 0.229144,1,1,0, 0.523724, 0.240818, 0.568991, 0.236319, 37.15, 0.999, 74.07, 0.999, 44.60, 0.150, 112.14, 0.125
15787,168426, 37.15, 37.15, 0.999, 0.999, 0.468306, 0.249295,1,1,0, 0.525985, 0.296065, 0.568407, 0.281302, 37.15, 0.999, 74.07, 0.999, 44.28, 0.184, 110.09, 0.134
15788,168437, 37.15, 37.15, 0.999, 0.999, 0.476605, 0.273398,1,1,0, 0.523937, 0.292166, 0.567196, 0.265358, 37.15, 0.999, 74.07, 0.999, 31.49, 0.232, 55.29, 0.136
15789,168448, 37.15, 37.15, 0.999, 0.999, 0.491627, 0.305912,1,1,0, 0.525063, 0.302539, 0.567686, 0.287267, 37.15, 0.999, 74.07, 0.999, 222.22, 0.083, 55.81, 0.081
15790,168458, 37.15, 37.15, 0.999, 0.999, 0.448832, 0.214377,1,1,0, 0.505275, 0.227899, 0.382896, 0.189682, 37.15, 0.999, 74.07, 0.999, 31.91, 0.214, 55.81, 0.137
15791,168469, 37.15, 37.15, 0.999, 0.999, 0.454818, 0.233839,1,1,0, 0.525473, 0.242264, 0.566497, 0.248545, 37.15, 0.999, 74.07, 0.999, 44.44, 0.203, 111.11, 0.152
15792,168480, 37.15, 37.15, 0.999, 0.999, 0.466023, 0.252031,1,1,0, 0.522549, 0.300090, 0.563391, 0.280656, 37.15, 0.999, 74.07, 0.999, 44.28, 0.160, 110.09, 0.125
15793,168490, 37.15, 37.15, 0.999, 0.999, 0.476301, 0.287368,1,1,0, 0.523239, 0.288816, 0.566053, 0.264508, 37.15, 0.999, 74.07, 0.999, 31.49, 0.236, 55.29, 0.142
15794,168501, 37.15, 37.15, 0.999, 0.999, 0.489851, 0.311259,1,1,0, 0.519856, 0.296851, 0.563950, 0.281590, 37.15, 0.999, 74.07, 0.999, 31.83, 0.128, 55.81, 0.109
15795,168512, 37.15, 37.15, 0.999, 0.999, 0.446856, 0.218124,1,1,0, 0.492028, 0.227725, 0.367419, 0.183850, 37.15, 0.999, 74.07, 0.999, 44.94, 0.140, 31.83, 0.136
15796,168522, 37.15, 37.15, 0.999, 0.999, 0.454080, 0.243351,1,1,0, 0.518513, 0.239098, 0.564232, 0.249677, 37.15, 0.999, 74.07, 0.999, 44.44, 0.234, 111.11, 0.173
15797,168533, 37.15, 37.15, 0.999, 0.999, 0.466192, 0.265102,1,1,0, 0.523171, 0.294667, 0.562954, 0.271901, 37.15, 0.999, 74.07, 0.999, 44.28, 0.128, 110.09, 0.114
15798,168544, 37.15, 37.15, 0.999, 0.999, 0.476032, 0.282736,1,1,0, 0.519813, 0.286233, 0.559479, 0.266535, 37.15, 0.999, 74.07, 0.999, 31.49, 0.196, 55.29, 0.120
15799,168554, 37.15, 37.15, 0.999, 0.999, 0.489040, 0.314689,1,1,0, 0.523455, 0.285238, 0.559892, 0.269011, 37.15, 0.999, 74.07, 0.999, 31.91, 0.190, 55.81, 0.137
15800,168565, 37.15, 37.15, 0.999, 0.999, 0.446925, 0.220528,1,1,0, 0.474913, 0.228620, 0.399431, 0.191275, 37.15, 0.999, 74.07, 0.999, 44.77, 0.134, 112.14, 0.118
15801,168576, 37.15, 37.15, 0.999, 0.999, 0.455722, 0.241226,1,1,0, 0.524298, 0.249036, 0.560377, 0.252514, 37.15, 0.999, 74.07, 0.999, 44.28, 0.240, 110.09, 0.180
15802,168586, 37.15, 37.15, 0.999, 0.999, 0.465595, 0.263641,1,1,0, 0.522364, 0.283812, 0.559942, 0.259150, 37.15, 0.999, 74.07, 0.999, 31.66, 0.119, 44.11, 0.105
15803,168597, 37.15, 37.15, 0.999, 0.999, 0.476844, 0.284395,1,1,0, 0.520179, 0.287665, 0.556633, 0.270892, 37.15, 0.999, 74.07, 0.999, 31.57, 0.092, 222.22, 0.091
15804,168608, 37.15, 37.15, 0.999, 0.999, 0.482523, 0.317624,1,1,0, 0.522512, 0.262840, 0.557141, 0.244165, 37.15, 0.999, 74.07, 0.999, 32.08, 0.275, 56.07, 0.171
15805,168618, 74.07, 37.15, 0.999, 0.999, 0.445360, 0.222584,1,1,0, 0.514935, 0.228813, 0.531699, 0.204563, 74.07, 0.999, 37.15, 0.999, 44.77, 0.134, 112.14, 0.121
15806,168629, 37.15, 37.15, 0.999, 0.999, 0.454461, 0.239855,1,1,0, 0.518864, 0.265149, 0.554445, 0.258931, 37.15, 0.999, 74.07, 0.999, 44.28, 0.239, 110.09, 0.174
15807,168640, 37.15, 37.15, 0.999, 0.999, 0.462341, 0.263762,1,1,0, 0.518641, 0.275365, 0.553245, 0.248644, 37.15, 0.999, 74.07, 0.999, 31.57, 0.195, 55.55, 0.136
15808,168650, 37.15, 37.15, 0.999, 0.999, 0.477681, 0.299686,1,1,0, 0.524892, 0.287358, 0.557351, 0.272658, 37.15, 0.999, 74.07, 0.999, 226.41, 0.090, 55.81, 0.083
15809,168661, 37.15, 37.15, 0.999, 0.999, 0.451398, 0.297948,1,1,0, 0.489356, 0.231357, 0.536614, 0.206772, 37.15, 0.999, 74.07, 0.999, 32.08, 0.321, 56.33, 0.190
15810,168672, 37.15, 37.15, 0.999, 0.999, 0.444153, 0.229049,1,1,0, 0.526502, 0.235412, 0.556903, 0.225457, 37.15, 0.999, 74.07, 0.999, 44.60, 0.157, 111.11, 0.134
15811,168682, 37.15, 37.15, 0.999, 0.999, 0.454674, 0.244962,1,1,0, 0.514373, 0.279169, 0.552482, 0.265765, 37.15, 0.999, 74.07, 0.999, 44.11, 0.205, 109.09, 0.158
15812,168693, 37.15, 37.15, 0.999, 0.999, 0.465323, 0.286453,1,1,0, 0.522532, 0.274285, 0.558286, 0.246647, 37.15, 0.999, 74.07, 0.999, 31.49, 0.253, 55.55, 0.163
15813,168704, 37.15, 37.15, 0.999, 0.999, 0.478631, 0.302084,1,1,0, 0.519444, 0.283344, 0.554796, 0.269601, 37.15, 0.999, 74.07, 0.999, 226.41, 0.096, 56.07, 0.089
15814,168714, 37.15, 37.15, 0.999, 0.999, 0.436414, 0.211694,1,1,0, 0.440835, 0.209626, 0.351718, 0.174751, 37.15, 0.999, 74.07, 0.999, 32.00, 0.282, 56.07, 0.169
15815,168725, 37.15, 37.15, 0.999, 0.999, 0.443345, 0.233926,1,1,0, 0.521683, 0.238806, 0.554296, 0.240946, 37.15, 0.999, 74.07, 0.999, 44.44, 0.187, 110.09, 0.154
15816,168736, 37.15, 37.15, 0.999, 0.999, 0.458563, 0.265575,1,1,0, 0.533366, 0.288261, 0.557863, 0.269283, 37.15, 0.999, 74.07, 0.999, 44.11, 0.172, 109.09, 0.144
15817,168746, 74.07, 37.10, 0.942, 0.921, 0.429275, 0.186110,1,1,0, 0.428246, 0.298457, 0.419652, 0.248631, 74.07, 0.942, 37.03, 0.890, 32.43, 0.100, 56.33, 0.091
15818,168757, 73.61, 36.00, 0.830, 0.727, 0.389475, 0.130422,1,1,0, 0.294574, 0.115841, 0.221862, 0.123556, 73.61, 0.830, 34.48, 0.726, 58.82, 0.182, 250.00, 0.033
15819,168768, 34.78, 35.49, 0.727, 0.793, 0.345145, 0.091397,1,1,0, 0.074590, 0.041100, 0.098127, 0.042839, 34.78, 0.727, 72.72, 0.727, 0.00, 0.000, 0.00, 0.000
15820,168778, 38.21, 36.63, 0.794, 0.784, 0.305528, 0.064049,1,1,0, 0.088981, 0.041002, 0.056490, 0.032341, 38.21, 0.794, 71.00, 0.581, 0.00, 0.000, 0.00, 0.000
15821,168789, 42.25, 37.29, 0.737, 0.711, 0.269438, 0.044884,1,1,0, 0.067546, 0.017452, 0.036515, 0.019109, 42.25, 0.737, 38.21, 0.652, 76.43, 0.570, 0.00, 0.000
15822,168800, 30.22, 34.32, 0.664, 0.651, 0.237466, 0.031454,1,1,0, 0.047729, 0.018228, 0.042493, 0.017357, 30.22, 0.664, 42.55, 0.564, 95.23, 0.548, 76.43, 0.430
15823,168810, 42.40, 33.75, 0.550, 0.500, 0.209547, 0.022042,1,1,0, 0.035475, 0.017738, 0.030792, 0.016217, 42.40, 0.550, 75.00, 0.466, 32.96, 0.466, 324.32, 0.398
15824,168821, 307.69, 33.54, 0.703, 0.676, 0.185083, 0.015446,1,1,0, 0.029697, 0.017067, 0.032079, 0.015696, 307.69, 0.703, 99.17, 0.697, 150.00, 0.647, 33.24, 0.638
15825,168832, 42.40, 35.10, 0.872, 0.827, 0.163540, 0.010824,1,1,0, 0.029160, 0.015347, 0.026350, 0.014389, 42.40, 0.872, 74.53, 0.796, 37.26, 0.794, 98.36, 0.777
15826,168842, 74.53, 35.96, 0.918, 0.910, 0.144629, 0.007585,1,1,0, 0.028202, 0.014045, 0.024795, 0.013652, 74.53, 0.918, 37.15, 0.875, 42.40, 0.867, 98.36, 0.834
15827,168853, 74.53, 36.51, 0.954, 0.915, 0.128012, 0.005315,1,1,0, 0.024126, 0.013890, 0.024996, 0.013123, 74.53, 0.954, 42.55, 0.929, 99.17, 0.908, 37.26, 0.882
15828,168864, 74.53, 36.82, 0.954, 0.953, 0.113579, 0.003725,1,1,0, 0.025362, 0.014621, 0.025592, 0.013934, 74.53, 0.954, 37.26, 0.935, 42.55, 0.929, 99.17, 0.916
15829,168874, 33.05, 35.24, 0.930, 0.946, 0.100977, 0.002610,1,1,0, 0.032201, 0.016196, 0.023909, 0.014387, 33.05, 0.930, 49.58, 0.924, 99.17, 0.920, 74.53, 0.913
15830,168885, 33.05, 34.32, 0.939, 0.956, 0.089717, 0.001829,1,1,0, 0.021983, 0.013093, 0.020476, 0.012099, 33.05, 0.939, 42.40, 0.935, 49.58, 0.934, 37.15, 0.927
15831,168896, 33.05, 33.79, 0.969, 0.977, 0.079953, 0.001282,1,1,0, 0.023829, 0.013594, 0.020373, 0.012725, 33.05, 0.969, 300.00, 0.947, 37.15, 0.944, 99.17, 0.932
15832,168906, 74.53, 40.42, 0.679, 0.659, 0.072429, 0.000898,1,1,0, 0.051376, 0.026255, 0.043523, 0.022303, 74.53, 0.679, 99.17, 0.658, 49.58, 0.615, 59.40, 0.606
15833,168917, 37.15, 41.25, 0.576, 0.571, 0.065471, 0.000629,1,1,0, 0.057286, 0.031587, 0.036809, 0.019610, 37.15, 0.576, 42.40, 0.563, 32.96, 0.561, 99.17, 0.557
15834,168928, 50.00, 44.92, 0.558, 0.550, 0.063501, 0.023413,1,1,0, 0.067863, 0.029937, 0.076186, 0.032602, 50.00, 0.558, 58.53, 0.515, 33.05, 0.395, 99.17, 0.342
15835,168938, 57.41, 47.50, 0.665, 0.510, 0.062247, 0.029821,1,1,0, 0.060239, 0.034976, 0.070220, 0.031884, 57.41, 0.665, 51.06, 0.504, 100.00, 0.359, 37.03, 0.325
15836,168949, 58.25, 52.01, 0.769, 0.722, 0.056307, 0.020898,1,1,0, 0.040770, 0.018677, 0.042318, 0.018649, 58.25, 0.769, 51.06, 0.441, 100.84, 0.355, 37.15, 0.290
15837,168960, 57.41, 54.28, 0.817, 0.791, 0.057862, 0.033005,1,1,0, 0.080274, 0.038518, 0.068319, 0.034504, 57.41, 0.817, 37.03, 0.436, 100.00, 0.401, 141.17, 0.236
15838,168970, 57.97, 55.83, 0.746, 0.743, 0.052626, 0.023129,1,1,0, 0.039873, 0.020901, 0.042571, 0.019396, 57.97, 0.746, 51.28, 0.490, 37.03, 0.435, 100.00, 0.433
15839,168981, 57.97, 56.73, 0.794, 0.799, 0.057606, 0.047278,1,1,0, 0.077658, 0.034444, 0.075098, 0.032513, 57.97, 0.794, 37.03, 0.521, 51.06, 0.451, 100.00, 0.365
15840,168992, 57.97, 57.25, 0.841, 0.854, 0.054429, 0.033131,1,1,0, 0.055928, 0.030187, 0.058509, 0.028089, 57.97, 0.841, 37.03, 0.397, 100.00, 0.312, 142.85, 0.166
15841,169002, 58.53, 57.79, 0.824, 0.842, 0.049715, 0.023218,1,1,0, 0.047179, 0.021907, 0.037870, 0.020349, 58.53, 0.824, 50.63, 0.453, 37.26, 0.367, 100.84, 0.282
15842,169013, 57.69, 57.74, 0.808, 0.838, 0.058604, 0.058887,1,1,0, 0.083784, 0.037913, 0.074514, 0.033907, 57.69, 0.808, 37.26, 0.329, 100.00, 0.317, 144.57, 0.215
15843,169024, 58.25, 57.96, 0.770, 0.798, 0.053309, 0.041266,1,1,0, 0.040198, 0.020149, 0.043247, 0.019703, 58.25, 0.770, 51.06, 0.462, 37.15, 0.399, 100.00, 0.383
15844,169034, 57.97, 57.96, 0.804, 0.831, 0.057187, 0.043700,1,1,0, 0.072224, 0.035280, 0.073237, 0.033097, 57.97, 0.804, 37.03, 0.566, 51.06, 0.433, 100.00, 0.374
15845,169045, 57.97, 57.96, 0.818, 0.847, 0.052825, 0.030624,1,1,0, 0.056403, 0.028270, 0.048060, 0.026634, 57.97, 0.818, 36.92, 0.498, 100.00, 0.414, 141.17, 0.188
15846,169056, 58.53, 58.20, 0.692, 0.725, 0.048442, 0.021461,1,1,0, 0.061333, 0.031760, 0.047079, 0.022392, 58.53, 0.692, 50.42, 0.526, 37.26, 0.315, 100.84, 0.312
15847,169066, 57.41, 57.87, 0.606, 0.631, 0.060602, 0.061775,1,1,0, 0.093636, 0.048024, 0.080367, 0.040158, 57.41, 0.606, 37.26, 0.510, 41.95, 0.205, 100.00, 0.191
15848,169077, 37.26, 57.87, 0.532, 0.568, 0.054435, 0.043291,1,1,0, 0.030507, 0.015417, 0.033943, 0.014085, 37.26, 0.532, 57.97, 0.394, 50.63, 0.376, 33.14, 0.363
15849,169088, 58.25, 58.03, 0.586, 0.602, 0.057686, 0.040602,1,1,0, 0.076888, 0.037697, 0.072073, 0.033141, 58.25, 0.586, 36.92, 0.495, 33.05, 0.218, 100.00, 0.131
15850,169098, 36.92, 58.12, 0.654, 0.562, 0.052828, 0.028453,1,1,0, 0.052379, 0.024581, 0.042326, 0.022672, 36.92, 0.654, 58.25, 0.540, 33.33, 0.315, 99.17, 0.296
15851,169109, 57.97, 58.06, 0.668, 0.680, 0.049309, 0.019939,1,1,0, 0.067408, 0.030152, 0.054348, 0.028143, 57.97, 0.668, 51.28, 0.465, 37.15, 0.338, 100.84, 0.285
15852,169120, 57.14, 57.67, 0.810, 0.818, 0.056311, 0.055644,1,1,0, 0.079627, 0.035546, 0.069965, 0.030282, 57.14, 0.810, 37.03, 0.295, 100.84, 0.287, 141.17, 0.104
15853,169130, 57.97, 57.79, 0.790, 0.817, 0.051242, 0.038994,1,1,0, 0.034912, 0.018443, 0.046100, 0.020384, 57.97, 0.790, 100.00, 0.282, 37.15, 0.241, 32.96, 0.160
15854,169141, 57.41, 57.63, 0.846, 0.868, 0.051354, 0.027326,1,1,0, 0.055081, 0.034076, 0.060314, 0.030804, 57.41, 0.846, 37.03, 0.396, 100.84, 0.281, 137.93, 0.169
15855,169152, 57.41, 57.54, 0.801, 0.833, 0.046976, 0.019149,1,1,0, 0.045341, 0.022512, 0.036581, 0.019854, 57.41, 0.801, 36.92, 0.444, 100.00, 0.368, 33.33, 0.235
15856,169162, 57.97, 57.72, 0.822, 0.847, 0.047113, 0.020927,1,1,0, 0.067766, 0.029347, 0.056995, 0.027742, 57.97, 0.822, 37.26, 0.335, 101.69, 0.232, 142.85, 0.093
15857,169173, 57.41, 57.59, 0.847, 0.873, 0.053350, 0.053596,1,1,0, 0.066769, 0.031347, 0.066089, 0.028260, 57.41, 0.847, 37.26, 0.292, 100.84, 0.232, 142.85, 0.097
15858,169184, 58.25, 57.87, 0.839, 0.864, 0.048548, 0.037559,1,1,0, 0.036444, 0.019580, 0.040920, 0.018989, 58.25, 0.839, 37.26, 0.290, 100.84, 0.223, 141.17, 0.126
15859,169194, 57.41, 57.68, 0.845, 0.871, 0.047484, 0.026320,1,1,0, 0.052175, 0.033589, 0.052653, 0.030439, 57.41, 0.845, 37.15, 0.316, 100.84, 0.257, 139.53, 0.160
15860,169205, 57.69, 57.68, 0.794, 0.828, 0.043637, 0.018445,1,1,0, 0.050685, 0.026025, 0.040574, 0.021096, 57.69, 0.794, 100.00, 0.429, 36.92, 0.416, 33.51, 0.323
15861,169216, 57.69, 57.68, 0.797, 0.826, 0.048215, 0.034484,1,1,0, 0.065225, 0.030124, 0.060664, 0.029489, 57.69, 0.797, 37.15, 0.421, 102.56, 0.276, 137.93, 0.061
15862,169226, 56.87, 57.34, 0.849, 0.868, 0.047951, 0.024166,1,1,0, 0.052707, 0.028099, 0.052912, 0.025623, 56.87, 0.849, 37.15, 0.301, 101.69, 0.269, 136.36, 0.051
15863,169237, 56.33, 56.92, 0.860, 0.880, 0.043966, 0.016935,1,1,0, 0.043057, 0.019847, 0.032850, 0.018308, 56.33, 0.860, 104.34, 0.220, 37.15, 0.192, 0.00, 0.000
15864,169248, 55.81, 56.45, 0.952, 0.966, 0.043848, 0.015192,1,1,0, 0.054607, 0.029326, 0.048932, 0.024991, 55.81, 0.952, 108.10, 0.175, 37.15, 0.121, 0.00, 0.000
15865,169258, 55.81, 56.18, 0.980, 0.986, 0.040341, 0.010646,1,1,0, 0.026836, 0.016963, 0.029489, 0.017668, 55.81, 0.980, 35.08, 0.473, 102.56, 0.238, 0.00, 0.000
15866,169269, 55.29, 55.81, 0.994, 0.996, 0.041598, 0.016312,1,1,0, 0.057935, 0.030626, 0.048049, 0.027087, 55.29, 0.994, 37.15, 0.286, 113.20, 0.222, 0.00, 0.000
15867,169280, 55.29, 55.59, 0.991, 0.993, 0.043528, 0.026245,1,1,0, 0.054255, 0.023875, 0.049283, 0.021684, 55.29, 0.991, 109.09, 0.136, 36.36, 0.105, 0.00, 0.000
15868,169290, 55.55, 55.58, 0.989, 0.992, 0.040764, 0.018392,1,1,0, 0.054462, 0.023229, 0.047980, 0.020852, 55.55, 0.989, 37.50, 0.204, 113.20, 0.146, 0.00, 0.000
15869,169301, 55.55, 55.56, 0.996, 0.997, 0.042392, 0.019385,1,1,0, 0.052881, 0.028241, 0.047703, 0.024192, 55.55, 0.996, 112.14, 0.098, 37.26, 0.043, 0.00, 0.000
15870,169312, 55.55, 55.56, 0.995, 0.996, 0.039148, 0.013584,1,1,0, 0.031257, 0.019005, 0.032675, 0.018650, 55.55, 0.995, 34.58, 0.339, 102.56, 0.180, 0.00, 0.000
15871,169322, 55.55, 55.56, 0.997, 0.997, 0.039524, 0.012152,1,1,0, 0.047808, 0.026787, 0.044688, 0.024938, 55.55, 0.997, 37.38, 0.406, 114.28, 0.281, 0.00, 0.000
15872,169333, 55.55, 55.55, 0.993, 0.995, 0.038471, 0.024016,1,1,0, 0.051870, 0.019506, 0.045340, 0.017935, 55.55, 0.993, 35.60, 0.288, 106.19, 0.238, 0.00, 0.000
15873,169344, 55.55, 55.55, 0.976, 0.983, 0.039398, 0.017491,1,1,0, 0.058581, 0.030556, 0.047028, 0.026144, 55.55, 0.976, 112.14, 0.187, 37.15, 0.129, 0.00, 0.000
15874,169354, 55.55, 55.55, 0.981, 0.986, 0.042624, 0.024647,1,1,0, 0.050593, 0.028119, 0.048982, 0.024525, 55.55, 0.981, 37.03, 0.167, 112.14, 0.141, 0.00, 0.000
15875,169365, 55.29, 55.44, 0.963, 0.973, 0.039203, 0.017272,1,1,0, 0.029571, 0.016705, 0.031040, 0.017510, 55.29, 0.963, 35.29, 0.193, 108.10, 0.119, 0.00, 0.000
15876,169376, 55.55, 55.49, 0.977, 0.984, 0.039337, 0.013808,1,1,0, 0.052148, 0.027927, 0.044711, 0.024941, 55.55, 0.977, 37.50, 0.306, 114.28, 0.236, 0.00, 0.000
15877,169386, 55.55, 55.51, 0.983, 0.988, 0.036289, 0.009676,1,1,0, 0.033603, 0.019924, 0.033986, 0.017184, 55.55, 0.983, 35.29, 0.383, 104.34, 0.269, 0.00, 0.000
15878,169397, 55.55, 55.53, 0.993, 0.995, 0.038273, 0.017083,1,1,0, 0.050604, 0.028312, 0.045929, 0.025567, 55.55, 0.993, 37.38, 0.183, 113.20, 0.160, 0.00, 0.000
15879,169408, 55.55, 55.54, 0.997, 0.998, 0.040255, 0.024111,1,1,0, 0.051168, 0.026746, 0.046083, 0.023087, 55.55, 0.997, 36.92, 0.184, 111.11, 0.173, 0.00, 0.000
15880,169418, 55.55, 55.54, 0.998, 0.998, 0.037203, 0.016897,1,1,0, 0.032986, 0.018367, 0.033928, 0.018888, 55.55, 0.998, 112.14, 0.129, 37.38, 0.048, 0.00, 0.000
15881,169429, 55.29, 55.44, 0.998, 0.999, 0.038093, 0.017993,1,1,0, 0.046604, 0.025860, 0.044231, 0.023089, 55.29, 0.998, 37.50, 0.249, 114.28, 0.214, 0.00, 0.000
15882,169440, 55.55, 55.49, 0.997, 0.998, 0.035290, 0.012609,1,1,0, 0.035948, 0.021421, 0.033501, 0.018290, 55.55, 0.997, 35.29, 0.533, 104.34, 0.298, 0.00, 0.000
15883,169450, 55.55, 55.51, 0.998, 0.998, 0.036450, 0.015148,1,1,0, 0.045321, 0.027684, 0.042790, 0.025221, 55.55, 0.998, 112.14, 0.190, 37.26, 0.166, 0.00, 0.000
15884,169461, 55.55, 55.53, 0.997, 0.998, 0.038531, 0.023464,1,1,0, 0.050877, 0.025207, 0.043669, 0.022129, 55.55, 0.997, 110.09, 0.204, 36.69, 0.202, 0.00, 0.000
15885,169472, 55.55, 55.54, 0.996, 0.997, 0.035865, 0.016443,1,1,0, 0.034302, 0.020193, 0.035133, 0.019943, 55.55, 0.996, 112.14, 0.157, 37.38, 0.119, 0.00, 0.000
15886,169482, 55.55, 55.54, 0.996, 0.997, 0.036494, 0.015523,1,1,0, 0.047021, 0.024782, 0.041525, 0.020912, 55.55, 0.996, 113.20, 0.148, 37.50, 0.134, 0.00, 0.000
15887,169493, 55.55, 55.55, 0.997, 0.997, 0.034140, 0.010878,1,1,0, 0.039056, 0.022511, 0.035495, 0.020510, 55.55, 0.997, 35.39, 0.485, 104.34, 0.275, 0.00, 0.000
15888,169504, 55.55, 55.55, 0.998, 0.998, 0.035054, 0.012042,1,1,0, 0.043248, 0.026641, 0.040103, 0.024445, 55.55, 0.998, 37.26, 0.223, 113.20, 0.195, 0.00, 0.000
15889,169514, 55.55, 55.55, 0.997, 0.998, 0.036173, 0.018406,1,1,0, 0.046913, 0.021910, 0.040202, 0.020118, 55.55, 0.997, 109.09, 0.186, 36.69, 0.168, 0.00, 0.000
15890,169525, 55.55, 55.55, 0.997, 0.997, 0.033882, 0.012898,1,1,0, 0.040057, 0.022248, 0.034578, 0.020480, 55.55, 0.997, 112.14, 0.200, 37.26, 0.182, 0.00, 0.000
15891,169536, 55.55, 55.55, 0.999, 0.999, 0.034851, 0.017050,1,1,0, 0.047073, 0.024632, 0.040289, 0.019711, 55.55, 0.999, 112.14, 0.162, 37.26, 0.116, 0.00, 0.000
15892,169546, 55.55, 55.55, 0.998, 0.999, 0.032971, 0.011948,1,1,0, 0.037619, 0.020294, 0.035380, 0.020790, 55.55, 0.998, 35.19, 0.443, 104.34, 0.250, 0.00, 0.000
15893,169557, 55.55, 55.55, 0.998, 0.999, 0.034488, 0.012240,1,1,0, 0.043970, 0.027300, 0.038287, 0.024413, 55.55, 0.998, 37.38, 0.310, 113.20, 0.226, 0.00, 0.000
15894,169568, 55.55, 55.55, 0.999, 0.999, 0.034318, 0.016316,1,1,0, 0.042078, 0.019563, 0.038252, 0.018031, 55.55, 0.999, 108.10, 0.140, 36.14, 0.131, 0.00, 0.000
15895,169578, 55.55, 55.55, 0.999, 0.999, 0.033169, 0.011434,1,1,0, 0.041723, 0.024751, 0.037134, 0.021551, 55.55, 0.999, 37.26, 0.180, 112.14, 0.170, 0.00, 0.000
15896,169589, 55.55, 55.55, 0.998, 0.999, 0.033994, 0.017324,1,1,0, 0.043773, 0.023422, 0.039117, 0.019599, 55.55, 0.998, 111.11, 0.144, 37.15, 0.111, 0.00, 0.000
15897,169600, 55.55, 55.55, 0.998, 0.998, 0.032861, 0.012140,1,1,0, 0.038800, 0.020025, 0.036325, 0.020441, 55.55, 0.998, 34.98, 0.292, 105.26, 0.174, 0.00, 0.000
15898,169610, 55.55, 55.55, 0.997, 0.998, 0.033971, 0.009990,1,1,0, 0.040657, 0.024792, 0.036292, 0.022299, 55.55, 0.997, 37.50, 0.391, 114.28, 0.266, 0.00, 0.000
15899,169621, 55.55, 55.55, 0.998, 0.998, 0.031813, 0.008404,1,1,0, 0.040631, 0.019205, 0.035458, 0.017103, 55.55, 0.998, 35.50, 0.209, 106.19, 0.182, 0.00, 0.000
15900,169632, 55.55, 55.55, 0.997, 0.997, 0.031923, 0.008392,1,1,0, 0.039420, 0.024480, 0.035876, 0.021716, 55.55, 0.997, 37.38, 0.209, 113.20, 0.191, 0.00, 0.000
15901,169642, 55.55, 55.55, 0.971, 0.979, 0.037697, 0.030630,1,1,0, 0.057821, 0.033724, 0.044632, 0.023970, 55.55, 0.971, 112.14, 0.211, 37.38, 0.199, 0.00, 0.000
15902,169653, 45.28, 55.55, 0.414, 0.881, 0.254162, 0.810363,1,1,1, 0.483340, 0.171042, 0.444893, 0.150748, 45.28, 0.414, 31.16, 0.397, 69.76, 0.124, 166.66, 0.051
15903,169664, 98.36, 85.51, 0.577, 0.544, 0.393684, 0.607363,1,1,0, 0.620166, 0.249438, 0.537819, 0.237658, 98.36, 0.577, 30.22, 0.441, 40.13, 0.263, 62.17, 0.197
15904,169674, 99.17, 95.07, 0.761, 0.714, 0.425399, 0.425628,1,1,0, 0.641593, 0.236884, 0.576297, 0.229616, 99.17, 0.761, 49.38, 0.465, 38.96, 0.266, 34.68, 0.196
15905,169685, 99.17, 63.23, 0.900, 0.880, 0.428077, 0.298271,1,1,0, 0.631488, 0.243397, 0.514107, 0.230805, 99.17, 0.900, 49.58, 0.862, 32.96, 0.810, 63.15, 0.007
15906,169696, 49.79, 53.82, 0.994, 0.995, 0.425876, 0.294378,1,1,0, 0.650436, 0.238018, 0.544586, 0.225673, 49.79, 0.994, 33.14, 0.978, 99.17, 0.975, 0.00, 0.000
15907,169706, 49.79, 51.00, 0.992, 0.994, 0.422987, 0.206293,1,1,0, 0.616073, 0.243597, 0.510865, 0.227371, 49.79, 0.992, 100.00, 0.974, 33.14, 0.957, 38.83, 0.012
15908,169717, 33.14, 50.15, 0.985, 0.988, 0.408880, 0.151648,1,1,0, 0.524321, 0.237644, 0.486150, 0.215445, 33.14, 0.985, 49.79, 0.983, 99.17, 0.982, 0.00, 0.000
15909,169728, 33.14, 49.90, 0.991, 0.975, 0.401198, 0.210557,1,1,0, 0.511936, 0.220266, 0.503065, 0.216263, 33.14, 0.991, 99.17, 0.978, 49.79, 0.965, 193.54, 0.016
15910,169738, 33.14, 49.68, 0.983, 0.979, 0.418869, 0.285911,1,1,0, 0.641802, 0.258551, 0.543665, 0.243242, 33.14, 0.983, 99.17, 0.977, 49.58, 0.971, 40.00, 0.030
15911,169749, 33.14, 49.61, 0.990, 0.990, 0.442338, 0.368628,1,1,0, 0.626505, 0.270228, 0.532945, 0.248545, 33.14, 0.990, 49.58, 0.986, 99.17, 0.971, 40.26, 0.062
15912,169760, 49.79, 49.68, 0.994, 0.995, 0.435029, 0.291998,1,1,0, 0.576863, 0.229145, 0.511360, 0.223744, 49.79, 0.994, 99.17, 0.977, 33.14, 0.977, 67.41, 0.023
15913,169770, 49.79, 49.73, 0.996, 0.997, 0.428812, 0.272617,1,1,0, 0.577691, 0.239913, 0.502438, 0.230718, 49.79, 0.996, 33.14, 0.988, 99.17, 0.984, 39.73, 0.003
15914,169781, 33.14, 49.75, 0.996, 0.996, 0.429365, 0.271055,1,1,0, 0.569071, 0.247929, 0.503231, 0.244036, 33.14, 0.996, 49.79, 0.995, 99.17, 0.993, 0.00, 0.000
15915,169792, 49.79, 49.77, 0.995, 0.996, 0.420460, 0.190028,1,1,0, 0.536914, 0.229967, 0.468723, 0.222818, 49.79, 0.995, 99.17, 0.993, 33.14, 0.991, 196.72, 0.001
15916,169802, 49.79, 49.78, 0.996, 0.997, 0.416858, 0.276330,1,1,0, 0.567159, 0.217865, 0.499599, 0.209142, 49.79, 0.996, 33.14, 0.995, 99.17, 0.993, 66.66, 0.020
15917,169813, 49.79, 49.78, 0.996, 0.997, 0.401860, 0.199425,1,1,0, 0.526056, 0.212543, 0.467582, 0.202754, 49.79, 0.996, 33.14, 0.991, 99.17, 0.991, 200.00, 0.053
15918,169824, 49.79, 49.78, 0.995, 0.996, 0.414891, 0.351093,1,1,0, 0.598777, 0.225232, 0.527105, 0.216522, 49.79, 0.995, 33.14, 0.990, 99.17, 0.989, 39.73, 0.088
15919,169834, 49.79, 49.79, 0.995, 0.996, 0.409784, 0.262024,1,1,0, 0.561306, 0.217991, 0.503224, 0.208575, 49.79, 0.995, 33.14, 0.991, 99.17, 0.990, 200.00, 0.088
15920,169845, 49.79, 49.79, 0.995, 0.996, 0.405558, 0.258299,1,1,0, 0.582232, 0.225604, 0.501324, 0.214437, 49.79, 0.995, 99.17, 0.990, 33.14, 0.986, 66.29, 0.061
15921,169856, 49.79, 49.79, 0.996, 0.997, 0.403823, 0.271041,1,1,0, 0.570556, 0.221398, 0.508192, 0.212954, 49.79, 0.996, 33.14, 0.992, 99.17, 0.991, 39.60, 0.061
15922,169866, 49.79, 49.79, 0.995, 0.996, 0.394726, 0.210578,1,1,0, 0.557680, 0.225766, 0.482010, 0.214177, 49.79, 0.995, 99.17, 0.991, 33.14, 0.988, 39.21, 0.058
15923,169877, 49.79, 49.79, 0.995, 0.996, 0.388811, 0.232645,1,1,0, 0.549184, 0.213161, 0.489440, 0.205627, 49.79, 0.995, 99.17, 0.991, 33.14, 0.991, 65.93, 0.042
15924,169888, 49.79, 49.79, 0.996, 0.997, 0.373125, 0.163032,1,1,0, 0.509549, 0.212112, 0.449194, 0.200963, 49.79, 0.996, 33.14, 0.992, 99.17, 0.991, 40.00, 0.112
15925,169898, 49.79, 49.79, 0.995, 0.996, 0.374772, 0.248612,1,1,0, 0.539123, 0.209882, 0.485765, 0.201266, 49.79, 0.995, 99.17, 0.989, 33.14, 0.983, 66.66, 0.115
15926,169909, 49.58, 49.70, 0.994, 0.996, 0.372971, 0.267945,1,1,0, 0.511791, 0.223412, 0.457991, 0.211329, 49.58, 0.994, 33.14, 0.990, 99.17, 0.989, 40.00, 0.150
15927,169920, 49.79, 49.74, 0.994, 0.996, 0.411077, 0.306844,1,1,0, 0.557274, 0.250529, 0.498138, 0.237691, 49.79, 0.994, 99.17, 0.991, 33.14, 0.987, 66.66, 0.146
15928,169930, 49.79, 49.76, 0.996, 0.997, 0.405150, 0.253824,1,1,0, 0.528738, 0.229169, 0.467781, 0.213143, 49.79, 0.996, 33.14, 0.994, 99.17, 0.992, 200.00, 0.114
15929,169941, 49.79, 49.77, 0.996, 0.997, 0.405429, 0.280690,1,1,0, 0.525540, 0.218804, 0.478278, 0.212836, 49.79, 0.996, 33.14, 0.995, 99.17, 0.993, 66.29, 0.080
15930,169952, 49.79, 49.78, 0.996, 0.997, 0.394887, 0.201701,1,1,0, 0.509826, 0.221123, 0.449556, 0.216304, 49.79, 0.996, 33.14, 0.992, 99.17, 0.991, 39.73, 0.090
15931,169962, 49.79, 49.78, 0.996, 0.997, 0.392897, 0.237469,1,1,0, 0.505033, 0.222160, 0.457186, 0.217198, 49.79, 0.996, 33.14, 0.994, 99.17, 0.992, 65.93, 0.080
15932,169973, 49.79, 49.78, 0.996, 0.997, 0.375870, 0.166414,1,1,0, 0.469608, 0.202927, 0.418681, 0.195513, 49.79, 0.996, 99.17, 0.990, 33.14, 0.989, 200.00, 0.124
15933,169984, 49.79, 49.79, 0.995, 0.996, 0.382367, 0.265892,1,1,0, 0.513146, 0.204185, 0.460306, 0.196321, 49.79, 0.995, 33.14, 0.992, 99.17, 0.991, 66.29, 0.161
15934,169994, 49.58, 49.70, 0.993, 0.995, 0.376917, 0.202081,1,1,0, 0.482949, 0.199010, 0.443338, 0.190893, 49.58, 0.993, 99.17, 0.990, 33.14, 0.989, 65.93, 0.193
15935,170005, 49.79, 49.74, 0.994, 0.995, 0.382325, 0.246924,1,1,0, 0.526695, 0.211252, 0.464124, 0.202417, 49.79, 0.994, 99.17, 0.991, 33.14, 0.991, 65.93, 0.201
15936,170016, 49.79, 49.76, 0.996, 0.997, 0.384583, 0.234888,1,1,0, 0.511388, 0.208567, 0.468576, 0.199720, 49.79, 0.996, 33.14, 0.991, 99.17, 0.991, 66.29, 0.171
15937,170026, 49.79, 49.77, 0.994, 0.996, 0.374274, 0.170257,1,1,0, 0.509663, 0.211224, 0.442881, 0.200196, 49.79, 0.994, 99.17, 0.989, 33.14, 0.983, 39.60, 0.139
15938,170037, 49.79, 49.78, 0.996, 0.997, 0.372610, 0.206315,1,1,0, 0.503249, 0.205334, 0.455007, 0.197991, 49.79, 0.996, 33.14, 0.991, 99.17, 0.990, 39.60, 0.130
15939,170048, 49.79, 49.78, 0.994, 0.996, 0.358208, 0.144582,1,1,0, 0.477771, 0.206231, 0.423260, 0.195845, 49.79, 0.994, 99.17, 0.989, 33.14, 0.986, 39.47, 0.170
15940,170058, 49.79, 49.78, 0.995, 0.996, 0.357025, 0.195107,1,1,0, 0.492342, 0.197319, 0.443439, 0.189498, 49.79, 0.995, 99.17, 0.990, 33.14, 0.988, 66.29, 0.184
15941,170069, 49.79, 49.79, 0.995, 0.997, 0.342662, 0.136727,1,1,0, 0.455913, 0.190318, 0.411484, 0.182055, 49.79, 0.995, 33.14, 0.993, 99.17, 0.991, 40.00, 0.251
15942,170080, 49.79, 49.79, 0.993, 0.995, 0.353851, 0.231388,1,1,0, 0.512804, 0.211778, 0.456311, 0.201189, 49.79, 0.993, 99.17, 0.989, 33.14, 0.981, 66.66, 0.253
15943,170090, 49.58, 49.70, 0.995, 0.996, 0.375311, 0.280874,1,1,0, 0.515526, 0.224490, 0.453922, 0.212572, 49.58, 0.995, 33.14, 0.992, 99.17, 0.990, 40.00, 0.261
15944,170101, 49.79, 49.74, 0.995, 0.996, 0.391892, 0.278663,1,1,0, 0.515327, 0.231089, 0.459726, 0.219954, 49.79, 0.995, 99.17, 0.991, 33.14, 0.990, 66.66, 0.220
15945,170112, 49.79, 49.76, 0.996, 0.997, 0.380691, 0.204912,1,1,0, 0.494167, 0.199997, 0.435260, 0.188461, 49.79, 0.996, 33.14, 0.995, 99.17, 0.992, 200.00, 0.187
15946,170122, 49.79, 49.77, 0.996, 0.997, 0.380329, 0.246975,1,1,0, 0.494671, 0.209694, 0.447037, 0.204788, 49.79, 0.996, 33.14, 0.994, 99.17, 0.993, 66.29, 0.157
15947,170133, 49.79, 49.78, 0.996, 0.997, 0.365995, 0.173075,1,1,0, 0.461460, 0.202735, 0.411059, 0.199789, 49.79, 0.996, 99.17, 0.991, 33.14, 0.989, 200.00, 0.181
15948,170144, 49.79, 49.78, 0.996, 0.997, 0.365720, 0.232986,1,1,0, 0.476840, 0.201043, 0.432431, 0.194734, 49.79, 0.996, 33.14, 0.992, 99.17, 0.991, 66.29, 0.229
15949,170154, 49.79, 49.78, 0.994, 0.995, 0.354187, 0.166011,1,1,0, 0.438110, 0.185583, 0.406615, 0.178462, 49.79, 0.994, 99.17, 0.991, 33.14, 0.990, 66.29, 0.266
15950,170165, 49.58, 49.70, 0.994, 0.995, 0.363723, 0.272147,1,1,0, 0.495590, 0.197385, 0.446312, 0.189870, 49.58, 0.994, 99.17, 0.992, 33.14, 0.992, 39.60, 0.322
15951,170176, 49.79, 49.74, 0.994, 0.996, 0.364292, 0.224794,1,1,0, 0.469064, 0.194517, 0.439258, 0.186970, 49.79, 0.994, 99.17, 0.991, 33.14, 0.989, 65.93, 0.317
15952,170186, 49.79, 49.76, 0.994, 0.996, 0.360637, 0.202842,1,1,0, 0.487327, 0.196999, 0.433319, 0.188260, 49.79, 0.994, 99.17, 0.989, 33.14, 0.986, 196.72, 0.269
15953,170197, 49.79, 49.77, 0.996, 0.997, 0.362683, 0.223011,1,1,0, 0.480429, 0.198723, 0.444644, 0.190326, 49.79, 0.996, 99.17, 0.989, 33.14, 0.989, 66.29, 0.240
15954,170208, 49.79, 49.78, 0.994, 0.995, 0.352761, 0.159841,1,1,0, 0.469219, 0.198974, 0.419739, 0.189422, 49.79, 0.994, 99.17, 0.990, 33.14, 0.984, 39.60, 0.258
15955,170218, 49.79, 49.78, 0.995, 0.996, 0.350020, 0.192021,1,1,0, 0.470479, 0.191579, 0.429284, 0.184576, 49.79, 0.995, 33.14, 0.991, 99.17, 0.991, 65.93, 0.235
15956,170229, 49.79, 49.78, 0.995, 0.996, 0.333207, 0.134564,1,1,0, 0.426219, 0.186602, 0.389073, 0.177315, 49.79, 0.995, 99.17, 0.991, 33.14, 0.989, 39.73, 0.319
15957,170240, 49.79, 49.79, 0.994, 0.996, 0.334525, 0.189603,1,1,0, 0.456066, 0.191047, 0.417511, 0.181499, 49.79, 0.994, 99.17, 0.989, 33.14, 0.985, 66.66, 0.342
15958,170250, 49.58, 49.70, 0.994, 0.996, 0.326780, 0.145611,1,1,0, 0.423567, 0.179666, 0.399807, 0.173903, 49.58, 0.994, 99.17, 0.989, 33.14, 0.988, 40.00, 0.372
15959,170261, 49.79, 49.74, 0.993, 0.995, 0.344637, 0.235825,1,1,0, 0.471490, 0.215063, 0.429182, 0.204213, 49.79, 0.993, 99.17, 0.990, 33.14, 0.985, 66.66, 0.373
15960,170272, 49.79, 49.76, 0.996, 0.997, 0.362710, 0.198870,1,1,0, 0.458684, 0.214941, 0.432433, 0.203661, 49.79, 0.996, 33.14, 0.994, 99.17, 0.991, 40.00, 0.333
15961,170282, 49.79, 49.77, 0.995, 0.996, 0.367058, 0.253533,1,1,0, 0.461712, 0.207444, 0.429170, 0.197814, 49.79, 0.995, 33.14, 0.992, 99.17, 0.991, 66.29, 0.273
15962,170293, 49.79, 49.78, 0.996, 0.997, 0.353964, 0.177671,1,1,0, 0.438621, 0.183108, 0.397444, 0.176574, 49.79, 0.996, 33.14, 0.994, 99.17, 0.991, 39.73, 0.267
15963,170304, 49.79, 49.78, 0.996, 0.997, 0.353414, 0.208528,1,1,0, 0.447718, 0.199712, 0.410199, 0.194536, 49.79, 0.996, 33.14, 0.992, 99.17, 0.991, 200.00, 0.272
15964,170314, 49.79, 49.78, 0.995, 0.996, 0.337383, 0.146132,1,1,0, 0.401108, 0.184361, 0.370731, 0.181479, 49.79, 0.995, 99.17, 0.990, 33.14, 0.988, 66.29, 0.317
15965,170325, 49.79, 49.79, 0.995, 0.996, 0.341897, 0.219583,1,1,0, 0.443781, 0.188303, 0.404939, 0.181784, 49.79, 0.995, 33.14, 0.993, 99.17, 0.991, 39.73, 0.399
15966,170336, 49.58, 49.70, 0.993, 0.995, 0.337913, 0.178388,1,1,0, 0.412364, 0.180111, 0.394749, 0.173033, 49.58, 0.993, 99.17, 0.990, 33.14, 0.986, 65.93, 0.413
15967,170346, 49.58, 49.65, 0.994, 0.996, 0.343391, 0.219900,1,1,0, 0.454939, 0.188949, 0.413554, 0.181851, 49.58, 0.994, 33.14, 0.991, 99.17, 0.990, 39.60, 0.449
15968,170357, 49.79, 49.71, 0.996, 0.997, 0.348023, 0.214985,1,1,0, 0.443563, 0.190496, 0.420759, 0.182827, 49.79, 0.996, 99.17, 0.990, 33.14, 0.988, 65.93, 0.389
15969,170368, 49.79, 49.74, 0.994, 0.996, 0.338125, 0.150657,1,1,0, 0.434595, 0.186789, 0.394474, 0.178475, 49.79, 0.994, 99.17, 0.989, 33.14, 0.984, 39.60, 0.337
15970,170378, 49.79, 49.76, 0.995, 0.996, 0.340371, 0.195744,1,1,0, 0.445196, 0.188489, 0.414025, 0.180938, 49.79, 0.995, 33.14, 0.990, 99.17, 0.990, 65.93, 0.320
15971,170389, 49.79, 49.77, 0.993, 0.995, 0.327063, 0.137173,1,1,0, 0.415096, 0.185530, 0.379144, 0.177424, 49.79, 0.993, 99.17, 0.989, 33.14, 0.983, 39.60, 0.360
15972,170400, 49.79, 49.78, 0.995, 0.996, 0.325184, 0.165535,1,1,0, 0.431186, 0.181888, 0.395561, 0.174073, 49.79, 0.995, 33.14, 0.991, 99.17, 0.990, 66.29, 0.372
15973,170410, 49.79, 49.78, 0.994, 0.996, 0.310267, 0.116003,1,1,0, 0.384387, 0.172963, 0.359864, 0.164976, 49.79, 0.994, 99.17, 0.990, 33.14, 0.988, 39.86, 0.462
15974,170421, 49.58, 49.70, 0.993, 0.995, 0.315911, 0.183032,1,1,0, 0.432533, 0.189189, 0.395554, 0.178248, 49.58, 0.993, 99.17, 0.988, 33.05, 0.979, 40.00, 0.474
15975,170432, 49.58, 49.65, 0.994, 0.996, 0.316541, 0.160822,1,1,0, 0.407664, 0.181834, 0.392925, 0.177605, 49.58, 0.994, 99.17, 0.989, 33.14, 0.987, 40.00, 0.466
15976,170442, 49.79, 49.71, 0.994, 0.995, 0.343971, 0.257548,1,1,0, 0.435513, 0.211282, 0.413192, 0.201043, 49.79, 0.994, 99.17, 0.990, 33.14, 0.988, 66.66, 0.443
15977,170453, 49.79, 49.74, 0.996, 0.997, 0.343922, 0.180484,1,1,0, 0.434187, 0.198198, 0.410863, 0.188371, 49.79, 0.996, 33.14, 0.994, 99.17, 0.992, 200.00, 0.378
15978,170464, 49.79, 49.76, 0.995, 0.996, 0.344549, 0.216778,1,1,0, 0.431330, 0.191272, 0.400594, 0.182541, 49.79, 0.995, 33.14, 0.992, 99.17, 0.992, 200.00, 0.347
15979,170474, 49.79, 49.77, 0.995, 0.996, 0.329342, 0.151914,1,1,0, 0.392888, 0.172637, 0.364659, 0.169867, 49.79, 0.995, 99.17, 0.991, 33.14, 0.990, 66.29, 0.364
15980,170485, 49.79, 49.78, 0.995, 0.996, 0.328415, 0.190298,1,1,0, 0.414009, 0.187953, 0.382602, 0.181954, 49.79, 0.995, 33.14, 0.991, 99.17, 0.990, 200.00, 0.410
15981,170496, 49.79, 49.78, 0.992, 0.994, 0.317247, 0.133357,1,1,0, 0.372316, 0.174637, 0.357661, 0.170850, 49.79, 0.992, 99.17, 0.990, 33.14, 0.986, 66.29, 0.472
15982,170506, 49.58, 49.70, 0.994, 0.996, 0.322645, 0.217438,1,1,0, 0.418661, 0.180358, 0.387637, 0.174319, 49.58, 0.994, 33.14, 0.991, 99.17, 0.991, 39.60, 0.553
15983,170517, 49.58, 49.65, 0.992, 0.994, 0.326849, 0.217186,1,1,0, 0.407778, 0.181009, 0.395849, 0.173800, 49.58, 0.992, 99.17, 0.990, 33.14, 0.985, 65.93, 0.524
15984,170528, 49.79, 49.71, 0.994, 0.996, 0.323091, 0.170566,1,1,0, 0.414628, 0.180404, 0.382502, 0.173649, 49.79, 0.994, 99.17, 0.990, 33.14, 0.989, 39.60, 0.518
15985,170538, 49.79, 49.74, 0.995, 0.996, 0.328311, 0.216321,1,1,0, 0.420861, 0.183992, 0.403150, 0.176217, 49.79, 0.995, 99.17, 0.990, 33.14, 0.987, 65.93, 0.440
15986,170549, 49.79, 49.76, 0.993, 0.995, 0.318849, 0.151593,1,1,0, 0.402694, 0.181241, 0.374325, 0.173996, 49.79, 0.993, 99.17, 0.989, 33.14, 0.984, 39.60, 0.432
15987,170560, 49.79, 49.77, 0.994, 0.996, 0.318213, 0.179457,1,1,0, 0.412891, 0.179768, 0.388081, 0.172553, 49.79, 0.994, 33.14, 0.992, 99.17, 0.990, 65.93, 0.416
15988,170570, 49.79, 49.78, 0.993, 0.995, 0.302759, 0.125760,1,1,0, 0.363438, 0.171124, 0.347139, 0.164042, 49.79, 0.993, 99.17, 0.989, 33.14, 0.984, 39.60, 0.461
15989,170581, 49.79, 49.78, 0.994, 0.996, 0.301818, 0.160052,1,1,0, 0.393085, 0.178946, 0.369688, 0.169411, 49.79, 0.994, 99.17, 0.989, 33.14, 0.988, 66.29, 0.520
15990,170592, 49.58, 49.70, 0.994, 0.996, 0.294108, 0.122556,1,1,0, 0.357898, 0.167769, 0.353146, 0.161436, 49.58, 0.994, 99.17, 0.989, 33.05, 0.985, 39.86, 0.571
15991,170602, 49.58, 49.65, 0.992, 0.994, 0.298202, 0.172685,1,1,0, 0.395293, 0.185542, 0.373853, 0.175003, 49.58, 0.992, 99.17, 0.989, 33.14, 0.983, 40.00, 0.581
15992,170613, 49.79, 49.71, 0.995, 0.996, 0.310431, 0.185805,1,1,0, 0.389133, 0.187069, 0.388228, 0.183113, 49.79, 0.995, 33.14, 0.992, 99.17, 0.991, 66.66, 0.535
15993,170624, 49.79, 49.74, 0.994, 0.995, 0.329994, 0.241652,1,1,0, 0.398556, 0.201438, 0.387025, 0.192329, 49.79, 0.994, 99.17, 0.990, 33.14, 0.988, 39.86, 0.485
15994,170634, 49.79, 49.76, 0.996, 0.997, 0.319443, 0.169344,1,1,0, 0.371005, 0.182341, 0.354925, 0.174259, 49.79, 0.996, 33.14, 0.994, 99.17, 0.992, 66.29, 0.431
15995,170645, 49.79, 49.77, 0.995, 0.996, 0.318395, 0.193140,1,1,0, 0.385648, 0.181449, 0.369206, 0.173150, 49.79, 0.995, 99.17, 0.991, 33.14, 0.989, 200.00, 0.449
15996,170656, 49.79, 49.78, 0.995, 0.996, 0.301996, 0.135348,1,1,0, 0.332818, 0.164994, 0.326881, 0.163561, 49.79, 0.995, 99.17, 0.990, 33.14, 0.988, 66.66, 0.486
15997,170666, 49.79, 49.78, 0.995, 0.996, 0.302442, 0.171858,1,1,0, 0.367132, 0.179456, 0.350770, 0.173276, 49.79, 0.995, 33.14, 0.991, 99.17, 0.990, 39.86, 0.549
15998,170677, 49.58, 49.70, 0.992, 0.994, 0.300015, 0.147543,1,1,0, 0.341138, 0.174242, 0.343980, 0.169894, 49.58, 0.992, 99.17, 0.990, 33.05, 0.984, 66.29, 0.598
15999,170688, 49.58, 49.65, 0.995, 0.996, 0.302032, 0.173531,1,1,0, 0.369603, 0.175379, 0.354622, 0.169149, 49.58, 0.995, 33.14, 0.992, 99.17, 0.991, 39.60, 0.646
16000,170698, 49.79, 49.71, 0.995, 0.996, 0.310208, 0.198631,1,1,0, 0.371239, 0.181153, 0.371583, 0.173524, 49.79, 0.995, 99.17, 0.990, 33.14, 0.987, 65.93, 0.577
16001,170709, 49.79, 49.74, 0.995, 0.996, 0.301932, 0.139196,1,1,0, 0.359511, 0.175059, 0.343980, 0.169118, 49.79, 0.995, 99.17, 0.989, 33.14, 0.986, 39.60, 0.549
16002,170720, 49.79, 49.76, 0.994, 0.996, 0.305015, 0.168956,1,1,0, 0.374240, 0.177427, 0.364194, 0.169642, 49.79, 0.994, 99.17, 0.990, 33.14, 0.987, 65.93, 0.486
16003,170730, 49.79, 49.77, 0.992, 0.994, 0.293709, 0.118401,1,1,0, 0.344938, 0.174399, 0.332742, 0.168305, 49.79, 0.992, 99.17, 0.990, 33.14, 0.982, 39.60, 0.502
16004,170741, 49.79, 49.78, 0.995, 0.996, 0.290039, 0.121915,1,1,0, 0.356798, 0.172153, 0.340622, 0.165069, 49.79, 0.995, 33.14, 0.992, 99.17, 0.991, 66.29, 0.518
16005,170752, 49.79, 49.78, 0.993, 0.995, 0.276000, 0.085435,1,1,0, 0.310225, 0.164480, 0.309028, 0.157610, 49.79, 0.993, 99.17, 0.990, 33.14, 0.984, 66.29, 0.577
16006,170762, 49.58, 49.70, 0.993, 0.995, 0.277236, 0.125039,1,1,0, 0.348037, 0.181464, 0.330477, 0.170148, 49.58, 0.993, 99.17, 0.989, 33.14, 0.985, 39.86, 0.634
16007,170773, 49.58, 49.65, 0.994, 0.996, 0.279126, 0.134041,1,1,0, 0.335810, 0.166778, 0.338449, 0.162931, 49.58, 0.994, 99.17, 0.989, 33.05, 0.985, 66.66, 0.635
16008,170784, 49.79, 49.71, 0.993, 0.995, 0.279884, 0.118507,1,1,0, 0.349957, 0.182327, 0.335404, 0.173246, 49.79, 0.993, 99.17, 0.989, 33.14, 0.986, 40.00, 0.640
16009,170794, 49.79, 49.74, 0.996, 0.997, 0.298794, 0.155553,1,1,0, 0.359033, 0.188206, 0.357599, 0.183445, 49.79, 0.996, 33.14, 0.994, 99.17, 0.992, 66.66, 0.569
16010,170805, 49.79, 49.76, 0.994, 0.996, 0.306494, 0.185645,1,1,0, 0.365388, 0.191944, 0.349980, 0.182620, 49.79, 0.994, 99.17, 0.990, 33.14, 0.988, 39.86, 0.524
16011,170816, 49.79, 49.77, 0.995, 0.996, 0.292025, 0.130096,1,1,0, 0.321655, 0.169137, 0.312641, 0.163536, 49.79, 0.995, 33.14, 0.992, 99.17, 0.991, 66.29, 0.513
16012,170826, 49.79, 49.78, 0.995, 0.996, 0.287386, 0.126606,1,1,0, 0.339717, 0.171499, 0.322287, 0.163962, 49.79, 0.995, 99.17, 0.990, 33.14, 0.989, 39.86, 0.561
16013,170837, 99.17, 49.78, 0.930, 0.935, 0.261509, 0.088723,1,1,0, 0.219417, 0.099325, 0.249248, 0.103350, 99.17, 0.930, 49.79, 0.910, 33.24, 0.806, 66.66, 0.603
16014,170848, 100.00, 49.96, 0.774, 0.714, 0.237390, 0.062175,1,1,0, 0.179988, 0.096288, 0.139588, 0.080938, 100.00, 0.774, 50.20, 0.606, 200.00, 0.536, 34.18, 0.534
16015,170858, 100.00, 50.70, 0.579, 0.489, 0.209972, 0.043571,1,1,0, 0.055496, 0.025573, 0.039954, 0.020332, 100.00, 0.579, 200.00, 0.437, 51.72, 0.417, 31.25, 0.354
16016,170869, 75.47, 50.70, 0.408, 0.440, 0.185125, 0.030533,1,1,0, 0.043825, 0.023615, 0.026194, 0.013278, 75.47, 0.408, 103.44, 0.290, 33.42, 0.215, 45.97, 0.057
16017,170880, 33.05, 43.29, 0.861, 0.833, 0.164321, 0.021397,1,1,0, 0.058786, 0.032607, 0.040217, 0.021017, 33.05, 0.861, 97.56, 0.487, 50.42, 0.156, 0.00, 0.000
16018,170890, 50.00, 43.29, 0.407, 0.749, 0.146498, 0.014995,1,1,0, 0.061460, 0.032735, 0.048995, 0.025417, 50.00, 0.407, 55.04, 0.407, 122.44, 0.174, 105.26, 0.083
16019,170901, 31.08, 38.16, 0.593, 0.557, 0.130209, 0.010508,1,1,0, 0.024553, 0.014595, 0.037332, 0.019812, 31.08, 0.593, 55.29, 0.536, 105.26, 0.011, 114.28, 0.010
16020,170912, 54.54, 45.04, 0.843, 0.801, 0.116422, 0.007363,1,1,0, 0.040966, 0.025129, 0.035718, 0.023055, 54.54, 0.843, 37.38, 0.305, 114.28, 0.129, 0.00, 0.000
16021,170922, 55.04, 49.24, 0.783, 0.746, 0.102894, 0.005160,1,1,0, 0.031642, 0.012031, 0.022969, 0.010551, 55.04, 0.783, 110.09, 0.145, 0.00, 0.000, 0.00, 0.000
16022,170933, 55.55, 51.89, 0.945, 0.927, 0.092719, 0.003616,1,1,0, 0.048609, 0.028086, 0.037359, 0.024662, 55.55, 0.945, 110.09, 0.322, 36.80, 0.208, 0.00, 0.000
16023,170944, 55.55, 53.43, 0.975, 0.982, 0.082573, 0.002534,1,1,0, 0.047832, 0.022594, 0.036921, 0.016479, 55.55, 0.975, 37.03, 0.356, 111.11, 0.268, 0.00, 0.000
16024,170954, 55.55, 54.32, 0.979, 0.985, 0.074270, 0.001775,1,1,0, 0.035980, 0.020389, 0.039498, 0.020723, 55.55, 0.979, 36.92, 0.240, 110.09, 0.206, 0.00, 0.000
16025,170965, 55.29, 54.73, 0.978, 0.984, 0.067384, 0.001244,1,1,0, 0.050105, 0.026376, 0.042347, 0.023626, 55.29, 0.978, 37.26, 0.244, 112.14, 0.208, 0.00, 0.000
16026,170976, 54.79, 54.75, 0.972, 0.980, 0.060044, 0.000872,1,1,0, 0.025584, 0.012222, 0.030167, 0.011758, 54.79, 0.972, 35.92, 0.334, 109.09, 0.232, 0.00, 0.000
16027,170986, 55.29, 54.98, 0.965, 0.975, 0.055281, 0.000611,1,1,0, 0.039405, 0.028310, 0.038143, 0.024304, 55.29, 0.965, 112.14, 0.257, 36.92, 0.210, 0.00, 0.000
16028,170997, 55.81, 55.33, 0.958, 0.970, 0.050088, 0.000428,1,1,0, 0.049106, 0.021093, 0.044208, 0.018833, 55.81, 0.958, 110.09, 0.315, 36.92, 0.271, 0.00, 0.000
16029,171008, 55.55, 55.42, 0.971, 0.979, 0.045841, 0.000300,1,1,0, 0.036191, 0.020493, 0.036247, 0.019378, 55.55, 0.971, 37.03, 0.400, 110.09, 0.345, 0.00, 0.000
16030,171018, 55.55, 55.48, 0.972, 0.980, 0.042295, 0.000210,1,1,0, 0.045277, 0.024601, 0.040320, 0.022062, 55.55, 0.972, 111.11, 0.323, 37.26, 0.312, 0.00, 0.000
16031,171029, 55.81, 55.62, 0.957, 0.969, 0.038533, 0.000147,1,1,0, 0.037595, 0.016417, 0.040214, 0.015284, 55.81, 0.957, 36.36, 0.436, 107.14, 0.350, 0.00, 0.000
16032,171040, 55.29, 55.48, 0.965, 0.975, 0.037202, 0.006075,1,1,0, 0.051520, 0.028167, 0.040573, 0.025320, 55.29, 0.965, 112.14, 0.360, 37.15, 0.322, 0.00, 0.000
16033,171050, 55.29, 55.40, 0.964, 0.974, 0.038749, 0.027946,1,1,0, 0.061214, 0.022846, 0.045327, 0.019059, 55.29, 0.964, 110.09, 0.474, 37.03, 0.442, 0.00, 0.000
16034,171061, 55.04, 55.25, 0.922, 0.944, 0.036551, 0.019584,1,1,0, 0.059295, 0.024784, 0.042411, 0.022818, 55.04, 0.922, 110.09, 0.455, 36.80, 0.289, 0.00, 0.000
16035,171072, 55.04, 55.16, 0.936, 0.954, 0.035267, 0.013724,1,1,0, 0.047540, 0.023518, 0.038392, 0.019781, 55.04, 0.936, 36.69, 0.327, 110.09, 0.316, 0.00, 0.000
16036,171082, 55.55, 55.33, 0.872, 0.907, 0.034845, 0.009641,1,1,0, 0.037803, 0.019721, 0.040454, 0.019786, 55.55, 0.872, 36.14, 0.461, 107.14, 0.213, 0.00, 0.000
16037,171093, 55.55, 55.42, 0.925, 0.946, 0.034099, 0.008576,1,1,0, 0.044322, 0.026250, 0.036147, 0.022489, 55.55, 0.925, 113.20, 0.123, 37.26, 0.031, 0.00, 0.000
16038,171104, 55.04, 55.26, 0.883, 0.915, 0.031474, 0.006010,1,1,0, 0.038122, 0.015538, 0.032986, 0.015192, 55.04, 0.883, 36.58, 0.385, 110.09, 0.218, 0.00, 0.000
16039,171114, 54.79, 55.06, 0.922, 0.944, 0.031951, 0.007795,1,1,0, 0.042298, 0.025064, 0.035171, 0.021966, 54.79, 0.922, 110.09, 0.292, 37.38, 0.276, 0.00, 0.000
16040,171125, 55.29, 55.16, 0.924, 0.945, 0.037052, 0.026852,1,1,0, 0.056330, 0.026326, 0.043716, 0.021449, 55.29, 0.924, 37.15, 0.352, 110.09, 0.331, 0.00, 0.000
16041,171136, 55.55, 55.32, 0.919, 0.942, 0.036324, 0.018817,1,1,0, 0.040596, 0.022932, 0.040781, 0.023532, 55.55, 0.919, 36.80, 0.458, 109.09, 0.279, 0.00, 0.000
16042,171146, 55.04, 55.21, 0.932, 0.951, 0.036718, 0.014469,1,1,0, 0.046265, 0.025925, 0.039904, 0.023313, 55.04, 0.932, 37.61, 0.378, 111.11, 0.234, 0.00, 0.000
16043,171157, 54.54, 54.93, 0.925, 0.946, 0.033785, 0.010139,1,1,0, 0.036976, 0.016873, 0.030709, 0.016028, 54.54, 0.925, 36.25, 0.384, 109.09, 0.301, 0.00, 0.000
16044,171168, 55.29, 55.08, 0.939, 0.956, 0.032266, 0.007105,1,1,0, 0.041298, 0.027747, 0.033503, 0.023865, 55.29, 0.939, 111.11, 0.348, 37.26, 0.307, 0.00, 0.000
16045,171178, 55.29, 55.17, 0.928, 0.948, 0.038420, 0.041000,1,1,0, 0.061626, 0.026114, 0.047879, 0.021014, 55.29, 0.928, 37.03, 0.394, 111.11, 0.378, 0.00, 0.000
16046,171189, 55.55, 55.33, 0.936, 0.954, 0.037517, 0.028732,1,1,0, 0.040931, 0.022076, 0.042625, 0.023408, 55.55, 0.936, 37.26, 0.444, 111.11, 0.274, 0.00, 0.000
16047,171200, 55.29, 55.32, 0.931, 0.950, 0.039324, 0.023591,1,1,0, 0.043400, 0.024263, 0.044488, 0.021697, 55.29, 0.931, 37.50, 0.245, 111.11, 0.194, 0.00, 0.000
16048,171210, 55.04, 55.20, 0.924, 0.945, 0.035777, 0.016532,1,1,0, 0.040529, 0.015338, 0.038196, 0.014220, 55.04, 0.924, 36.80, 0.416, 110.09, 0.237, 0.00, 0.000
16049,171221, 55.04, 55.13, 0.921, 0.943, 0.038055, 0.011585,1,1,0, 0.057467, 0.036891, 0.040990, 0.028195, 55.04, 0.921, 110.09, 0.232, 37.15, 0.074, 0.00, 0.000
16050,171232, 54.79, 54.99, 0.872, 0.908, 0.040747, 0.024635,1,1,0, 0.062569, 0.029251, 0.045850, 0.025146, 54.79, 0.872, 109.09, 0.118, 36.14, 0.069, 0.00, 0.000
16051,171242, 54.54, 54.80, 0.810, 0.842, 0.037525, 0.017264,1,1,0, 0.046219, 0.015949, 0.032895, 0.017994, 54.54, 0.810, 36.92, 0.428, 112.14, 0.004, 0.00, 0.000
16052,171253, 55.29, 55.01, 0.819, 0.844, 0.034741, 0.012098,1,1,0, 0.034662, 0.018978, 0.034141, 0.017838, 55.29, 0.819, 37.38, 0.344, 0.00, 0.000, 0.00, 0.000
16053,171264, 55.29, 55.13, 0.726, 0.791, 0.032513, 0.008478,1,1,0, 0.039340, 0.021585, 0.033518, 0.020211, 55.29, 0.726, 111.11, 0.410, 36.69, 0.345, 0.00, 0.000
16054,171274, 55.81, 55.41, 0.936, 0.954, 0.034384, 0.010293,1,1,0, 0.043266, 0.029320, 0.037075, 0.024173, 55.81, 0.936, 112.14, 0.646, 37.26, 0.552, 0.00, 0.000
16055,171285, 55.29, 55.36, 0.917, 0.940, 0.031670, 0.007213,1,1,0, 0.035113, 0.014765, 0.025156, 0.015116, 55.29, 0.917, 111.11, 0.505, 36.69, 0.484, 0.00, 0.000
16056,171296, 55.29, 55.33, 0.935, 0.953, 0.034920, 0.021525,1,1,0, 0.043417, 0.026558, 0.042097, 0.023126, 55.29, 0.935, 37.03, 0.470, 112.14, 0.287, 0.00, 0.000
16057,171306, 55.81, 55.53, 0.966, 0.976, 0.032194, 0.015084,1,1,0, 0.037129, 0.017830, 0.030410, 0.016358, 55.81, 0.966, 37.03, 0.204, 110.09, 0.080, 0.00, 0.000
16058,171317, 55.81, 55.65, 0.958, 0.969, 0.029629, 0.010570,1,1,0, 0.029354, 0.015775, 0.029843, 0.014832, 55.81, 0.958, 37.38, 0.249, 113.20, 0.149, 0.00, 0.000
16059,171328, 56.07, 55.83, 0.937, 0.954, 0.027725, 0.007407,1,1,0, 0.025384, 0.018221, 0.022992, 0.015506, 56.07, 0.937, 112.14, 0.127, 37.85, 0.083, 0.00, 0.000
16060,171338, 57.69, 56.61, 0.932, 0.951, 0.025343, 0.005191,1,1,0, 0.018450, 0.011124, 0.021566, 0.010506, 57.69, 0.932, 36.92, 0.207, 110.09, 0.118, 0.00, 0.000
16061,171349, 57.69, 57.06, 0.928, 0.948, 0.023495, 0.003637,1,1,0, 0.020448, 0.011503, 0.018029, 0.011375, 57.69, 0.928, 38.09, 0.042, 0.00, 0.000, 0.00, 0.000
16062,171360, 30.07, 45.72, 0.984, 0.988, 0.021363, 0.002549,1,1,0, 0.013862, 0.008466, 0.011087, 0.007060, 30.07, 0.984, 59.11, 0.933, 0.00, 0.000, 0.00, 0.000
16063,171370, 59.11, 51.35, 0.908, 0.852, 0.019603, 0.001786,1,1,0, 0.019796, 0.010896, 0.012677, 0.008031, 59.11, 0.908, 45.62, 0.167, 0.00, 0.000, 0.00, 0.000
16064,171381, 58.53, 54.36, 0.837, 0.797, 0.018022, 0.001251,1,1,0, 0.016206, 0.009071, 0.013269, 0.007717, 58.53, 0.837, 0.00, 0.000, 0.00, 0.000, 0.00, 0.000
16065,171392, 57.97, 55.88, 0.823, 0.816, 0.016448, 0.000877,1,1,0, 0.012848, 0.006547, 0.012676, 0.006507, 57.97, 0.823, 0.00, 0.000, 0.00, 0.000, 0.00, 0.000
16066,171402, 57.97, 56.75, 0.790, 0.801, 0.014960, 0.000614,1,1,0, 0.009694, 0.005659, 0.007574, 0.004847, 57.97, 0.790, 0.00, 0.000, 0.00, 0.000, 0.00, 0.000
16067,171413, 59.70, 57.99, 0.908, 0.903, 0.013576, 0.000430,1,1,0, 0.008911, 0.005217, 0.006255, 0.004202, 59.70, 0.908, 0.00, 0.000, 0.00, 0.000, 0.00, 0.000
16068,171424, 57.41, 57.75, 0.824, 0.853, 0.012962, 0.003213,1,1,0, 0.017869, 0.009384, 0.014100, 0.006864, 57.41, 0.824, 0.00, 0.000, 0.00, 0.000, 0.00, 0.000
16069,171434, 57.69, 57.72, 0.850, 0.879, 0.011999, 0.002251,1,1,0, 0.008389, 0.004656, 0.007810, 0.005617, 57.69, 0.850, 0.00, 0.000, 0.00, 0.000, 0.00, 0.000
16070,171445, 62.50, 46.27, 0.850, 0.843, 0.012234, 0.003747,1,1,0, 0.018714, 0.011068, 0.013326, 0.009129, 62.50, 0.850, 30.45, 0.828, 0.00, 0.000, 0.00, 0.000
16071,171456, 65.57, 54.37, 0.792, 0.743, 0.011363, 0.002625,1,1,0, 0.015693, 0.010306, 0.012290, 0.006488, 65.57, 0.792, 35.29, 0.569, 0.00, 0.000, 0.00, 0.000
16072,171466, 63.49, 58.20, 0.548, 0.515, 0.010763, 0.001840,1,1,0, 0.012863, 0.008372, 0.011473, 0.007208, 63.49, 0.548, 0.00, 0.000, 0.00, 0.000, 0.00, 0.000
16073,171477, 56.33, 57.42, 0.580, 0.583, 0.021433, 0.027038,1,1,0, 0.027230, 0.016873, 0.027327, 0.014726, 56.33, 0.580, 0.00, 0.000, 0.00, 0.000, 0.00, 0.000
16074,171488, 53.57, 55.80, 0.719, 0.705, 0.019636, 0.018948,1,1,0, 0.021643, 0.013592, 0.017329, 0.008376, 53.57, 0.719, 0.00, 0.000, 0.00, 0.000, 0.00, 0.000
16075,171498, 30.61, 45.22, 0.869, 0.872, 0.017719, 0.013278,1,1,0, 0.013863, 0.009186, 0.007305, 0.004561, 30.61, 0.869, 61.85, 0.717, 0.00, 0.000, 0.00, 0.000
16076,171509, 62.17, 52.34, 0.787, 0.739, 0.016450, 0.009305,1,1,0, 0.015424, 0.009656, 0.013656, 0.008474, 62.17, 0.787, 0.00, 0.000, 0.00, 0.000, 0.00, 0.000
16077,171520, 32.17, 43.87, 0.808, 0.815, 0.015065, 0.006521,1,1,0, 0.009536, 0.006445, 0.011779, 0.006228, 32.17, 0.808, 62.50, 0.723, 0.00, 0.000, 0.00, 0.000
16078,171530, 59.11, 50.27, 0.723, 0.678, 0.013671, 0.004569,1,1,0, 0.009899, 0.006207, 0.007230, 0.004461, 59.11, 0.723, 0.00, 0.000, 0.00, 0.000, 0.00, 0.000
16079,171541, 31.41, 42.35, 0.957, 0.968, 0.012553, 0.003202,1,1,0, 0.008010, 0.004909, 0.007570, 0.005024, 31.41, 0.957, 63.49, 0.895, 0.00, 0.000, 0.00, 0.000
16080,171552, 61.85, 50.54, 0.896, 0.840, 0.011429, 0.002244,1,1,0, 0.006297, 0.004475, 0.005677, 0.003783, 61.85, 0.896, 0.00, 0.000, 0.00, 0.000, 0.00, 0.000
16081,171562, 59.40, 54.26, 0.842, 0.790, 0.010215, 0.001572,1,1,0, 0.005146, 0.002588, 0.004774, 0.002202, 59.40, 0.842, 0.00, 0.000, 0.00, 0.000, 0.00, 0.000
16082,171573, 60.30, 56.80, 0.780, 0.755, 0.009438, 0.001102,1,1,0, 0.012615, 0.009095, 0.008708, 0.004569, 60.30, 0.780, 0.00, 0.000, 0.00, 0.000, 0.00, 0.000
16083,171584, 62.50, 59.19, 0.644, 0.632, 0.008673, 0.000772,1,1,0, 0.004090, 0.002006, 0.006168, 0.003856, 62.50, 0.644, 0.00, 0.000, 0.00, 0.000, 0.00, 0.000
16084,171594, 31.74, 47.66, 0.691, 0.687, 0.007751, 0.000541,1,1,0, 0.006763, 0.003424, 0.003466, 0.001601, 31.74, 0.691, 62.82, 0.492, 0.00, 0.000, 0.00, 0.000
16085,171605, 31.57, 40.90, 0.927, 0.899, 0.008742, 0.005722,1,1,0, 0.016745, 0.011048, 0.010597, 0.005481, 31.57, 0.927, 63.49, 0.369, 0.00, 0.000, 0.00, 0.000
16086,171616, 32.25, 40.90, 0.443, 0.809, 0.017778, 0.040165,1,1,0, 0.035885, 0.011617, 0.029265, 0.011422, 32.25, 0.443, 72.72, 0.350, 36.47, 0.347, 0.00, 0.000
16087,171626, 68.18, 40.90, 0.760, 0.728, 0.127350, 0.319149,1,1,1, 0.272096, 0.189667, 0.218628, 0.091447, 68.18, 0.760, 33.89, 0.306, 30.07, 0.010, 0.00, 0.000
16088,171637, 33.14, 35.47, 0.788, 0.784, 0.660459, 0.743390,1,1,0, 1.000000, 0.668062, 0.984941, 0.595745, 33.14, 0.788, 59.40, 0.565, 0.00, 0.000, 0.00, 0.000
16089,171648, 48.00, 44.24, 0.447, 0.476, 0.772603, 1.000000,1,1,0, 1.000000, 0.644896, 1.404468, 0.415282, 48.00, 0.447, 42.25, 0.295, 94.48, 0.263, 36.25, 0.206
16090,171658, 48.58, 47.28, 0.852, 0.857, 0.984753, 0.717024,1,1,0, 1.000000, 0.609907, 1.428245, 0.642862, 48.58, 0.852, 93.02, 0.245, 0.00, 0.000, 0.00, 0.000
16091,171669, 49.38, 48.75, 0.932, 0.951, 1.115644, 0.969906,1,1,0, 1.000000, 0.709998, 1.369035, 0.621576, 49.38, 0.932, 33.42, 0.321, 99.17, 0.219, 0.00, 0.000
16092,171680, 49.79, 49.48, 0.994, 0.996, 1.018438, 0.679690,1,1,0, 1.000000, 0.504495, 1.074304, 0.450138, 49.79, 0.994, 30.69, 0.288, 97.56, 0.132, 0.00, 0.000
16093,171690, 49.79, 49.69, 0.999, 0.999, 1.118467, 0.927742,1,1,0, 1.000000, 0.781533, 1.343352, 0.694571, 49.79, 0.999, 100.84, 0.118, 33.42, 0.075, 0.00, 0.000
16094,171701, 49.79, 49.76, 0.999, 0.999, 1.007701, 0.650143,1,1,0, 1.000000, 0.371359, 0.790495, 0.319386, 49.79, 0.999, 96.77, 0.146, 0.00, 0.000, 0.00, 0.000
16095,171712, 49.79, 49.78, 0.999, 0.999, 1.105779, 0.889262,1,1,0, 1.000000, 0.847622, 1.329284, 0.730925, 49.79, 0.999, 100.84, 0.165, 33.61, 0.123, 0.00, 0.000
16096,171722, 49.79, 49.79, 0.999, 0.999, 0.989623, 0.623177,1,1,0, 0.728914, 0.180671, 0.428394, 0.229069, 49.79, 0.999, 32.69, 0.191, 98.36, 0.191, 0.00, 0.000
16097,171733, 49.79, 49.79, 0.999, 0.999, 1.085292, 0.852970,1,1,0, 1.000000, 0.858732, 1.316083, 0.730814, 49.79, 0.999, 33.33, 0.213, 100.00, 0.205, 0.00, 0.000
16098,171744, 49.79, 49.79, 0.999, 0.999, 0.978755, 0.597744,1,1,0, 0.920592, 0.269503, 0.728442, 0.300796, 49.79, 0.999, 33.24, 0.294, 100.00, 0.223, 0.00, 0.000
16099,171754, 49.79, 49.79, 0.999, 0.999, 1.069525, 0.791854,1,1,0, 1.000000, 0.826030, 1.303866, 0.713133, 49.79, 0.999, 32.87, 0.358, 99.17, 0.240, 0.00, 0.000
16100,171765, 49.79, 49.79, 0.999, 0.999, 0.970500, 0.554914,1,1,0, 0.999999, 0.422192, 0.725857, 0.362755, 49.79, 0.999, 33.51, 0.400, 100.84, 0.256, 0.00, 0.000
16101,171776, 49.58, 49.70, 0.999, 0.999, 1.052381, 0.676894,1,1,0, 1.000000, 0.755601, 1.276262, 0.682529, 49.58, 0.999, 32.69, 0.403, 98.36, 0.261, 0.00, 0.000
16102,171786, 49.58, 49.65, 0.993, 0.995, 0.961883, 0.474354,1,1,0, 0.999999, 0.575277, 0.732414, 0.404503, 49.58, 0.993, 33.89, 0.427, 103.44, 0.262, 0.00, 0.000
16103,171797, 50.00, 49.80, 0.989, 0.992, 1.052297, 0.758513,1,1,0, 1.000000, 0.674512, 1.317738, 0.669754, 50.00, 0.989, 32.87, 0.328, 98.36, 0.230, 0.00, 0.000
16104,171808, 50.84, 50.24, 0.936, 0.954, 0.997434, 0.619381,1,1,0, 0.999999, 0.657437, 1.174581, 0.498664, 50.84, 0.936, 35.19, 0.338, 107.14, 0.177, 0.00, 0.000
16105,171818, 52.40, 51.14, 0.997, 0.998, 1.019686, 0.631497,1,1,0, 1.000000, 0.599047, 1.291460, 0.592560, 52.40, 0.997, 33.42, 0.237, 100.00, 0.116, 0.00, 0.000
16106,171829, 52.40, 51.67, 0.998, 0.999, 1.092877, 0.769796,1,1,0, 1.000000, 0.794702, 1.269594, 0.709404, 52.40, 0.998, 35.50, 0.087, 107.14, 0.079, 0.00, 0.000
16107,171840, 52.63, 52.07, 0.998, 0.999, 0.991012, 0.539457,1,1,0, 1.000000, 0.406792, 0.814665, 0.348375, 52.63, 0.998, 101.69, 0.042, 33.99, 0.005, 0.00, 0.000
16108,171850, 52.40, 52.21, 0.999, 0.999, 1.063558, 0.702611,1,1,0, 1.000000, 0.853487, 1.255301, 0.727483, 52.40, 0.999, 105.26, 0.027, 0.00, 0.000, 0.00, 0.000
16109,171861, 52.40, 52.29, 0.999, 0.999, 0.973006, 0.492375,1,1,0, 0.999999, 0.450075, 0.807377, 0.409732, 52.40, 0.999, 106.19, 0.047, 35.39, 0.018, 0.00, 0.000
16110,171872, 52.40, 52.33, 0.999, 0.999, 1.033364, 0.648905,1,1,0, 1.000000, 0.749738, 1.243206, 0.666653, 52.40, 0.999, 33.99, 0.118, 101.69, 0.092, 0.00, 0.000
16111,171882, 52.40, 52.36, 0.991, 0.993, 0.953190, 0.454739,1,1,0, 0.999999, 0.663679, 0.704162, 0.449843, 52.40, 0.991, 35.71, 0.108, 108.10, 0.083, 0.00, 0.000
16112,171893, 52.63, 52.47, 0.977, 0.983, 1.033071, 0.747013,1,1,0, 1.000000, 0.634613, 1.319011, 0.633920, 52.63, 0.977, 33.70, 0.227, 99.17, 0.008, 0.00, 0.000
16113,171904, 53.81, 53.03, 0.944, 0.960, 1.122337, 0.953058,1,1,0, 1.000000, 0.778913, 1.331475, 0.699967, 53.81, 0.944, 0.00, 0.000, 0.00, 0.000, 0.00, 0.000
16114,171914, 55.55, 54.09, 0.994, 0.996, 1.024700, 0.667883,1,1,0, 1.000000, 0.509273, 0.968987, 0.438849, 55.55, 0.994, 0.00, 0.000, 0.00, 0.000, 0.00, 0.000
16115,171925, 55.55, 54.70, 0.998, 0.998, 1.083367, 0.707457,1,1,0, 1.000000, 0.834086, 1.284995, 0.710372, 55.55, 0.998, 0.00, 0.000, 0.00, 0.000, 0.00, 0.000
16116,171936, 55.55, 55.06, 0.998, 0.998, 0.994413, 0.495772,1,1,0, 0.999999, 0.580279, 0.689411, 0.438716, 55.55, 0.998, 0.00, 0.000, 0.00, 0.000, 0.00, 0.000
16117,171946, 55.29, 55.16, 0.996, 0.997, 1.035818, 0.643685,1,1,0, 1.000000, 0.675789, 1.274648, 0.625921, 55.29, 0.996, 0.00, 0.000, 0.00, 0.000, 0.00, 0.000
16118,171957, 55.04, 55.11, 0.998, 0.999, 1.074025, 0.851681,1,1,0, 1.000000, 0.710278, 1.278183, 0.608741, 55.04, 0.998, 0.00, 0.000, 0.00, 0.000, 0.00, 0.000
16119,171968, 55.29, 55.19, 0.991, 0.993, 1.007791, 0.596841,1,1,0, 1.000000, 0.581835, 1.224475, 0.529107, 55.29, 0.991, 0.00, 0.000, 0.00, 0.000, 0.00, 0.000
16120,171978, 55.81, 55.45, 0.987, 0.991, 1.087859, 0.766600,1,1,0, 1.000000, 0.856486, 1.289358, 0.735360, 55.81, 0.987, 0.00, 0.000, 0.00, 0.000, 0.00, 0.000
16121,171989, 56.60, 55.93, 0.989, 0.992, 1.002359, 0.537218,1,1,0, 0.999999, 0.663086, 0.789643, 0.486051, 56.60, 0.989, 0.00, 0.000, 0.00, 0.000, 0.00, 0.000
16122,172000, 58.25, 56.90, 0.986, 0.990, 1.017516, 0.508363,1,1,0, 1.000000, 0.650318, 1.232252, 0.603203, 58.25, 0.986, 0.00, 0.000, 0.00, 0.000, 0.00, 0.000
16123,172010, 58.25, 57.47, 0.996, 0.997, 1.077146, 0.734942,1,1,0, 1.000000, 0.768762, 1.243137, 0.707168, 58.25, 0.996, 0.00, 0.000, 0.00, 0.000, 0.00, 0.000
16124,172021, 58.25, 57.80, 0.993, 0.995, 0.992290, 0.515032,1,1,0, 1.000000, 0.606157, 0.896782, 0.500325, 58.25, 0.993, 0.00, 0.000, 0.00, 0.000, 0.00, 0.000
16125,172032, 58.25, 57.99, 0.995, 0.996, 1.039434, 0.638996,1,1,0, 1.000000, 0.786679, 1.244879, 0.655617, 58.25, 0.995, 0.00, 0.000, 0.00, 0.000, 0.00, 0.000
16126,172042, 58.53, 58.21, 0.995, 0.996, 0.966539, 0.447795,1,1,0, 0.999999, 0.674885, 0.859723, 0.525427, 58.53, 0.995, 0.00, 0.000, 0.00, 0.000, 0.00, 0.000
16127,172053, 58.53, 58.35, 0.995, 0.997, 0.983989, 0.455261,1,1,0, 1.000000, 0.609409, 1.203338, 0.591057, 58.53, 0.995, 0.00, 0.000, 0.00, 0.000, 0.00, 0.000
16128,172064, 58.25, 58.31, 0.995, 0.996, 1.039606, 0.519353,1,1,0, 1.000000, 0.800494, 1.182231, 0.703375, 58.25, 0.995, 0.00, 0.000, 0.00, 0.000, 0.00, 0.000
16129,172074, 57.97, 58.16, 0.993, 0.995, 0.965702, 0.363952,1,1,0, 0.999999, 0.675618, 0.766161, 0.511820, 57.97, 0.993, 0.00, 0.000, 0.00, 0.000, 0.00, 0.000
16130,172085, 58.25, 58.20, 0.993, 0.995, 1.007914, 0.559567,1,1,0, 1.000000, 0.704568, 1.220345, 0.600975, 58.25, 0.993, 0.00, 0.000, 0.00, 0.000, 0.00, 0.000
16131,172096, 59.11, 58.58, 0.984, 0.989, 1.032652, 0.506276,1,1,0, 1.000000, 0.782161, 1.149840, 0.729539, 59.11, 0.984, 0.00, 0.000, 0.00, 0.000, 0.00, 0.000
16132,172106, 60.30, 46.73, 0.986, 0.978, 0.966772, 0.354788,1,1,0, 1.000000, 0.692498, 0.931610, 0.562240, 60.30, 0.986, 30.37, 0.970, 0.00, 0.000, 0.00, 0.000
16133,172117, 60.91, 39.83, 0.987, 0.990, 0.984629, 0.466450,1,1,0, 1.000000, 0.768523, 1.151758, 0.609117, 60.91, 0.987, 30.30, 0.986, 0.00, 0.000, 0.00, 0.000
16134,172128, 30.76, 36.02, 0.997, 0.998, 1.033013, 0.596142,1,1,0, 1.000000, 0.750532, 1.168004, 0.708209, 30.76, 0.997, 61.53, 0.995, 0.00, 0.000, 0.00, 0.000
16135,172138, 30.92, 33.88, 0.998, 0.998, 0.976193, 0.417765,1,1,0, 1.000000, 0.750624, 1.055411, 0.631277, 30.92, 0.998, 61.85, 0.995, 0.00, 0.000, 0.00, 0.000
16136,172149, 31.08, 32.71, 0.998, 0.998, 0.969840, 0.340423,1,1,0, 0.999999, 0.750676, 1.093846, 0.594886, 31.08, 0.998, 62.17, 0.995, 0.00, 0.000, 0.00, 0.000
16137,172160, 30.92, 31.96, 0.995, 0.996, 0.965957, 0.402345,1,1,0, 0.999999, 0.672113, 1.068156, 0.624016, 30.92, 0.995, 61.85, 0.994, 0.00, 0.000, 0.00, 0.000
16138,172170, 61.22, 31.46, 0.991, 0.991, 0.927732, 0.281955,1,1,0, 0.932748, 0.717465, 1.053120, 0.626654, 61.22, 0.991, 30.76, 0.988, 0.00, 0.000, 0.00, 0.000
16139,172181, 30.69, 31.13, 0.996, 0.997, 0.974713, 0.501661,1,1,0, 0.999999, 0.794823, 1.123747, 0.626895, 30.69, 0.996, 61.22, 0.995, 0.00, 0.000, 0.00, 0.000
16140,172192, 61.85, 31.01, 0.995, 0.996, 0.928703, 0.351554,1,1,0, 0.999999, 0.671549, 0.991984, 0.604217, 61.85, 0.995, 30.84, 0.995, 0.00, 0.000, 0.00, 0.000
16141,172202, 30.92, 30.97, 0.995, 0.996, 0.899802, 0.246362,1,1,0, 0.880673, 0.658301, 1.012008, 0.598046, 30.92, 0.995, 61.85, 0.994, 0.00, 0.000, 0.00, 0.000
16142,172213, 61.53, 30.89, 0.988, 0.987, 0.890010, 0.237187,1,1,0, 1.000000, 0.816878, 0.975632, 0.638437, 61.53, 0.988, 30.76, 0.982, 0.00, 0.000, 0.00, 0.000
16143,172224, 31.16, 31.00, 0.994, 0.995, 0.872854, 0.166215,1,1,0, 0.999999, 0.704874, 0.943563, 0.644374, 31.16, 0.994, 62.50, 0.974, 0.00, 0.000, 0.00, 0.000
16144,172234, 64.17, 31.42, 0.982, 0.984, 0.905281, 0.314447,1,1,0, 1.000000, 0.813690, 1.026579, 0.722898, 64.17, 0.982, 32.00, 0.978, 0.00, 0.000, 0.00, 0.000
16145,172245, 65.21, 31.92, 0.990, 0.988, 0.888171, 0.220358,1,1,0, 1.000000, 0.764703, 0.964705, 0.609195, 65.21, 0.990, 32.60, 0.983, 0.00, 0.000, 0.00, 0.000
16146,172256, 65.57, 32.24, 0.996, 0.996, 0.879234, 0.214874,1,1,0, 0.999999, 0.675716, 0.939501, 0.647704, 65.57, 0.996, 32.69, 0.995, 0.00, 0.000, 0.00, 0.000
16147,172266, 32.52, 32.36, 0.998, 0.998, 0.857684, 0.150579,1,1,0, 1.000000, 0.823365, 0.938810, 0.670528, 32.52, 0.998, 64.86, 0.995, 0.00, 0.000, 0.00, 0.000
16148,172277, 32.52, 32.42, 0.997, 0.998, 0.894389, 0.335934,1,1,0, 1.000000, 0.714485, 1.007305, 0.642557, 32.52, 0.997, 65.21, 0.995, 0.00, 0.000, 0.00, 0.000
16149,172288, 32.78, 32.57, 0.997, 0.997, 0.883080, 0.235416,1,1,0, 1.000000, 0.754586, 0.919005, 0.672820, 32.78, 0.997, 65.57, 0.996, 0.00, 0.000, 0.00, 0.000
16150,172298, 32.69, 32.62, 0.996, 0.997, 0.838820, 0.164974,1,1,0, 1.000000, 0.734311, 0.745727, 0.570697, 32.69, 0.996, 65.21, 0.995, 0.00, 0.000, 0.00, 0.000
16151,172309, 32.52, 32.58, 0.996, 0.997, 0.840565, 0.115611,1,1,0, 1.000000, 0.682811, 0.889748, 0.657190, 32.52, 0.996, 64.86, 0.994, 0.00, 0.000, 0.00, 0.000
16152,172320, 64.86, 32.51, 0.996, 0.997, 0.904489, 0.486620,1,1,0, 1.000000, 0.816980, 1.028602, 0.672370, 64.86, 0.996, 32.43, 0.995, 0.00, 0.000, 0.00, 0.000
16153,172330, 65.93, 32.66, 0.989, 0.989, 0.857830, 0.341013,1,1,0, 1.000000, 0.673068, 0.859436, 0.585544, 65.93, 0.989, 32.87, 0.985, 0.00, 0.000, 0.00, 0.000
16154,172341, 33.51, 33.02, 0.991, 0.993, 0.923322, 0.547899,1,1,0, 1.000000, 0.799263, 1.117553, 0.722380, 33.51, 0.991, 67.41, 0.988, 0.00, 0.000, 0.00, 0.000
16155,172352, 68.57, 33.51, 0.995, 0.992, 0.959241, 0.582169,1,1,0, 1.000000, 0.719097, 1.137153, 0.621129, 68.57, 0.995, 34.18, 0.989, 0.00, 0.000, 0.00, 0.000
16156,172362, 68.96, 33.87, 0.997, 0.996, 1.002245, 0.643536,1,1,0, 1.000000, 0.767259, 1.154585, 0.691986, 68.96, 0.997, 34.38, 0.994, 0.00, 0.000, 0.00, 0.000
16157,172373, 68.96, 34.13, 0.998, 0.998, 0.938873, 0.450977,1,1,0, 1.000000, 0.697211, 0.767562, 0.557357, 68.96, 0.998, 34.48, 0.997, 0.00, 0.000, 0.00, 0.000
16158,172384, 69.36, 34.32, 0.999, 0.998, 0.972207, 0.454806,1,1,0, 1.000000, 0.749127, 1.145512, 0.712147, 69.36, 0.999, 34.58, 0.998, 0.00, 0.000, 0.00, 0.000
16159,172394, 68.96, 34.43, 0.999, 0.999, 0.980287, 0.477956,1,1,0, 1.000000, 0.757269, 1.132048, 0.617981, 68.96, 0.999, 34.58, 0.999, 0.00, 0.000, 0.00, 0.000
16160,172405, 68.96, 34.49, 0.999, 0.998, 0.999538, 0.489945,1,1,0, 1.000000, 0.708434, 1.115792, 0.672344, 68.96, 0.999, 34.58, 0.998, 0.00, 0.000, 0.00, 0.000
16161,172416, 68.96, 34.48, 0.999, 0.999, 0.940529, 0.343343,1,1,0, 1.000000, 0.733647, 0.838553, 0.582929, 68.96, 0.999, 34.48, 0.998, 0.00, 0.000, 0.00, 0.000
16162,172426, 68.96, 34.52, 0.997, 0.998, 0.978723, 0.509049,1,1,0, 1.000000, 0.732515, 1.158001, 0.705975, 68.96, 0.997, 34.58, 0.997, 0.00, 0.000, 0.00, 0.000
16163,172437, 35.08, 34.76, 0.994, 0.995, 1.012850, 0.667811,1,1,0, 1.000000, 0.775407, 1.204676, 0.637644, 35.08, 0.994, 70.17, 0.991, 0.00, 0.000, 0.00, 0.000
16164,172448, 35.71, 35.16, 0.987, 0.990, 1.041810, 0.642297,1,1,0, 1.000000, 0.744973, 1.194082, 0.704006, 35.71, 0.987, 71.42, 0.986, 0.00, 0.000, 0.00, 0.000
16165,172458, 72.28, 35.57, 0.991, 0.993, 0.969873, 0.450109,1,1,0, 1.000000, 0.676499, 0.788089, 0.545890, 72.28, 0.991, 36.14, 0.990, 0.00, 0.000, 0.00, 0.000
16166,172469, 73.17, 35.99, 0.999, 0.998, 0.999240, 0.451500,1,1,0, 1.000000, 0.786816, 1.179611, 0.733820, 73.17, 0.999, 36.58, 0.997, 0.00, 0.000, 0.00, 0.000
16167,172480, 73.17, 36.24, 0.999, 0.998, 1.009459, 0.502426,1,1,0, 1.000000, 0.706362, 1.179269, 0.640063, 73.17, 0.999, 36.58, 0.998, 0.00, 0.000, 0.00, 0.000
16168,172490, 73.17, 36.38, 0.999, 0.998, 1.025639, 0.503477,1,1,0, 1.000000, 0.802857, 1.164556, 0.678740, 73.17, 0.999, 36.58, 0.998, 0.00, 0.000, 0.00, 0.000
16169,172501, 73.17, 36.47, 0.999, 0.998, 1.030795, 0.559317,1,1,0, 1.000000, 0.646474, 1.158173, 0.625598, 73.17, 0.999, 36.58, 0.998, 0.00, 0.000, 0.00, 0.000
16170,172512, 73.17, 36.51, 0.999, 0.998, 0.971701, 0.391958,1,1,0, 1.000000, 0.733690, 1.029080, 0.614259, 73.17, 0.999, 36.58, 0.997, 0.00, 0.000, 0.00, 0.000
16171,172522, 73.17, 36.54, 0.999, 0.999, 0.988585, 0.442809,1,1,0, 1.000000, 0.723211, 1.155028, 0.686443, 73.17, 0.999, 36.58, 0.998, 0.00, 0.000, 0.00, 0.000
16172,172533, 73.17, 36.51, 0.999, 0.998, 0.998902, 0.473745,1,1,0, 1.000000, 0.757656, 1.150433, 0.629574, 73.17, 0.999, 36.47, 0.997, 0.00, 0.000, 0.00, 0.000
16173,172544, 73.17, 36.49, 0.999, 0.998, 1.021107, 0.464642,1,1,0, 1.000000, 0.738266, 1.137280, 0.694080, 73.17, 0.999, 36.47, 0.998, 0.00, 0.000, 0.00, 0.000
16174,172554, 73.17, 36.48, 0.999, 0.998, 0.953862, 0.325611,1,1,0, 1.000000, 0.657924, 0.782548, 0.533430, 73.17, 0.999, 36.47, 0.997, 0.00, 0.000, 0.00, 0.000
16175,172565, 73.17, 36.52, 0.998, 0.998, 0.967902, 0.254092,1,1,0, 1.000000, 0.755962, 1.087640, 0.710207, 73.17, 0.998, 36.58, 0.997, 0.00, 0.000, 0.00, 0.000
16176,172576, 73.61, 36.64, 0.995, 0.996, 1.005519, 0.502091,1,1,0, 1.000000, 0.736301, 1.174616, 0.679523, 73.61, 0.995, 36.80, 0.995, 0.00, 0.000, 0.00, 0.000
16177,172586, 75.47, 37.05, 0.981, 0.986, 1.012580, 0.432189,1,1,0, 1.000000, 0.766250, 1.139578, 0.647588, 75.47, 0.981, 37.61, 0.981, 0.00, 0.000, 0.00, 0.000
16178,172597, 76.43, 37.54, 0.991, 0.992, 1.011188, 0.385158,1,1,0, 1.000000, 0.733401, 1.111299, 0.689371, 76.43, 0.991, 38.21, 0.990, 0.00, 0.000, 0.00, 0.000
16179,172608, 77.41, 38.03, 0.998, 0.997, 0.969239, 0.372797,1,1,0, 1.000000, 0.641213, 1.075861, 0.577094, 77.41, 0.998, 38.70, 0.996, 0.00, 0.000, 0.00, 0.000
16180,172618, 77.41, 38.31, 0.999, 0.997, 0.949210, 0.296412,1,1,0, 1.000000, 0.743807, 1.098847, 0.642847, 77.41, 0.999, 38.70, 0.996, 0.00, 0.000, 0.00, 0.000
16181,172629, 77.41, 38.48, 0.999, 0.998, 0.958455, 0.374594,1,1,0, 1.000000, 0.715468, 1.105145, 0.686513, 77.41, 0.999, 38.70, 0.997, 0.00, 0.000, 0.00, 0.000
16182,172640, 77.41, 38.57, 0.999, 0.998, 0.964567, 0.396608,1,1,0, 1.000000, 0.708213, 1.101752, 0.631600, 77.41, 0.999, 38.70, 0.998, 0.00, 0.000, 0.00, 0.000
16183,172650, 77.41, 38.63, 0.999, 0.999, 0.973366, 0.387340,1,1,0, 1.000000, 0.765297, 1.089812, 0.652674, 77.41, 0.999, 38.70, 0.999, 0.00, 0.000, 0.00, 0.000
16184,172661, 77.41, 38.66, 0.999, 0.999, 0.984349, 0.387228,1,1,0, 1.000000, 0.682960, 1.079780, 0.661704, 77.41, 0.999, 38.70, 0.998, 0.00, 0.000, 0.00, 0.000
16185,172672, 77.41, 38.68, 0.999, 0.997, 0.925043, 0.271361,1,1,0, 1.000000, 0.661386, 0.841836, 0.556519, 77.41, 0.999, 38.70, 0.997, 0.00, 0.000, 0.00, 0.000
16186,172682, 77.41, 38.69, 0.998, 0.997, 0.943106, 0.379934,1,1,0, 1.000000, 0.752431, 1.107167, 0.682664, 77.41, 0.998, 38.70, 0.997, 0.00, 0.000, 0.00, 0.000
16187,172693, 78.43, 38.91, 0.993, 0.994, 0.971062, 0.445499,1,1,0, 1.000000, 0.729080, 1.132903, 0.694750, 78.43, 0.993, 39.21, 0.992, 0.00, 0.000, 0.00, 0.000
16188,172704, 80.00, 39.36, 0.986, 0.987, 0.983719, 0.381498,1,1,0, 1.000000, 0.729002, 1.118291, 0.669711, 80.00, 0.986, 40.00, 0.983, 0.00, 0.000, 0.00, 0.000
16189,172714, 81.63, 39.97, 0.995, 0.996, 0.983375, 0.434333,1,1,0, 1.000000, 0.727465, 1.121749, 0.635880, 81.63, 0.995, 40.81, 0.995, 0.00, 0.000, 0.00, 0.000
16190,172725, 82.19, 40.38, 0.998, 0.998, 0.984993, 0.428686,1,1,0, 1.000000, 0.754995, 1.106505, 0.670820, 82.19, 0.998, 40.95, 0.997, 0.00, 0.000, 0.00, 0.000
16191,172736, 82.19, 40.68, 0.999, 0.998, 0.997117, 0.519185,1,1,0, 1.000000, 0.690453, 1.123186, 0.662403, 82.19, 0.999, 41.09, 0.998, 0.00, 0.000, 0.00, 0.000
16192,172746, 82.19, 40.85, 0.999, 0.998, 0.991382, 0.477822,1,1,0, 1.000000, 0.649388, 1.104449, 0.599243, 82.19, 0.999, 41.09, 0.998, 0.00, 0.000, 0.00, 0.000
16193,172757, 82.19, 40.95, 0.999, 0.998, 0.936860, 0.334848,1,1,0, 1.000000, 0.685857, 1.037173, 0.585571, 82.19, 0.999, 41.09, 0.998, 0.00, 0.000, 0.00, 0.000
16194,172768, 82.19, 41.01, 0.999, 0.999, 0.948247, 0.362871,1,1,0, 1.000000, 0.730121, 1.105468, 0.673708, 82.19, 0.999, 41.09, 0.998, 0.00, 0.000, 0.00, 0.000
16195,172778, 82.19, 41.04, 0.999, 0.999, 0.950987, 0.340231,1,1,0, 1.000000, 0.681716, 1.088405, 0.652724, 82.19, 0.999, 41.09, 0.999, 0.00, 0.000, 0.00, 0.000
16196,172789, 82.19, 41.06, 0.999, 0.999, 0.956090, 0.382776,1,1,0, 1.000000, 0.709038, 1.091038, 0.650333, 82.19, 0.999, 41.09, 0.998, 0.00, 0.000, 0.00, 0.000
16197,172800, 82.19, 41.02, 0.999, 0.999, 0.962095, 0.418301,1,1,0, 1.000000, 0.715859, 1.095843, 0.629092, 82.19, 0.999, 40.95, 0.999, 0.00, 0.000, 0.00, 0.000
16198,172810, 82.19, 41.11, 0.997, 0.997, 0.975857, 0.495336,1,1,0, 1.000000, 0.736622, 1.114794, 0.658101, 82.19, 0.997, 41.23, 0.996, 0.00, 0.000, 0.00, 0.000
16199,172821, 83.33, 41.34, 0.990, 0.991, 0.997651, 0.543976,1,1,0, 1.000000, 0.726986, 1.134774, 0.675078, 83.33, 0.990, 41.66, 0.987, 0.00, 0.000, 0.00, 0.000
16200,172832, 85.10, 41.85, 0.988, 0.987, 1.005295, 0.514437,1,1,0, 1.000000, 0.686657, 1.130069, 0.653993, 85.10, 0.988, 42.55, 0.982, 0.00, 0.000, 0.00, 0.000
16201,172842, 86.33, 42.46, 0.995, 0.996, 1.000215, 0.421473,1,1,0, 1.000000, 0.674428, 1.100888, 0.631503, 86.33, 0.995, 43.32, 0.994, 0.00, 0.000, 0.00, 0.000
16202,172853, 86.95, 42.95, 0.998, 0.998, 0.981400, 0.471407,1,1,0, 1.000000, 0.669214, 1.102745, 0.607728, 86.95, 0.998, 43.63, 0.997, 0.00, 0.000, 0.00, 0.000
16203,172864, 86.95, 43.24, 0.998, 0.998, 0.939120, 0.330352,1,1,0, 1.000000, 0.673415, 1.082229, 0.598949, 86.95, 0.998, 43.63, 0.998, 0.00, 0.000, 0.00, 0.000
16204,172874, 86.95, 43.40, 0.998, 0.998, 0.940488, 0.338324,1,1,0, 1.000000, 0.709158, 1.099493, 0.641157, 86.95, 0.998, 43.63, 0.998, 0.00, 0.000, 0.00, 0.000
16205,172885, 86.95, 43.50, 0.999, 0.998, 0.942676, 0.286524,1,1,0, 1.000000, 0.705463, 1.075980, 0.656585, 86.95, 0.999, 43.63, 0.998, 0.00, 0.000, 0.00, 0.000
16206,172896, 86.95, 43.49, 0.999, 0.998, 0.937044, 0.310567,1,1,0, 1.000000, 0.668058, 1.069578, 0.633741, 86.95, 0.999, 43.47, 0.998, 0.00, 0.000, 0.00, 0.000
16207,172906, 86.95, 43.48, 0.999, 0.998, 0.937728, 0.373093,1,1,0, 1.000000, 0.667324, 1.080484, 0.628127, 86.95, 0.999, 43.47, 0.998, 0.00, 0.000, 0.00, 0.000
16208,172917, 86.95, 43.48, 0.999, 0.998, 0.941921, 0.409429,1,1,0, 1.000000, 0.685213, 1.086808, 0.634150, 86.95, 0.999, 43.47, 0.998, 0.00, 0.000, 0.00, 0.000
16209,172928, 86.95, 43.48, 0.999, 0.998, 0.954373, 0.469617,1,1,0, 1.000000, 0.689246, 1.107691, 0.632142, 86.95, 0.999, 43.47, 0.998, 0.00, 0.000, 0.00, 0.000
16210,172938, 87.59, 43.61, 0.995, 0.995, 0.952506, 0.391490,1,1,0, 1.000000, 0.683499, 1.082029, 0.629159, 87.59, 0.995, 43.79, 0.993, 0.00, 0.000, 0.00, 0.000
16211,172949, 89.55, 43.96, 0.985, 0.982, 0.954093, 0.412669,1,1,0, 1.000000, 0.685192, 1.086402, 0.632838, 89.55, 0.985, 44.44, 0.975, 0.00, 0.000, 0.00, 0.000
16212,172960, 30.22, 44.58, 0.991, 0.988, 0.957475, 0.419209,1,1,0, 1.000000, 0.685036, 1.091092, 0.632899, 30.22, 0.991, 90.90, 0.989, 45.45, 0.984, 0.00, 0.000
16213,172970, 91.60, 45.17, 0.998, 0.998, 0.962267, 0.441726,1,1,0, 1.000000, 0.686084, 1.100234, 0.633129, 91.60, 0.998, 45.97, 0.997, 30.61, 0.997, 0.00, 0.000
16214,172981, 92.30, 45.58, 0.999, 0.998, 0.963423, 0.413147,1,1,0, 1.000000, 0.681167, 1.093628, 0.630402, 92.30, 0.999, 46.15, 0.997, 30.69, 0.996, 0.00, 0.000
16215,172992, 92.30, 45.82, 0.999, 0.998, 0.958066, 0.369059,1,1,0, 1.000000, 0.677073, 1.076134, 0.626336, 92.30, 0.999, 46.15, 0.998, 30.69, 0.997, 0.00, 0.000
16216,173002, 92.30, 45.96, 0.999, 0.999, 0.953643, 0.384126,1,1,0, 1.000000, 0.673294, 1.073171, 0.623217, 92.30, 0.999, 46.15, 0.998, 30.69, 0.997, 0.00, 0.000
16217,173013, 92.30, 46.04, 0.999, 0.999, 0.957032, 0.438664,1,1,0, 1.000000, 0.676930, 1.087586, 0.625312, 92.30, 0.999, 46.15, 0.998, 30.76, 0.997, 0.00, 0.000
16218,173024, 92.30, 46.01, 0.999, 0.998, 0.961170, 0.450201,1,1,0, 1.000000, 0.680923, 1.092392, 0.629757, 92.30, 0.999, 45.97, 0.998, 30.69, 0.997, 0.00, 0.000
16219,173034, 92.30, 45.99, 0.999, 0.998, 0.968041, 0.478842,1,1,0, 1.000000, 0.683179, 1.104032, 0.632945, 92.30, 0.999, 45.97, 0.998, 30.69, 0.997, 0.00, 0.000
16220,173045, 93.02, 46.13, 0.996, 0.996, 0.957939, 0.363648,1,1,0, 1.000000, 0.679498, 1.067789, 0.631538, 93.02, 0.996, 30.84, 0.996, 46.33, 0.995, 0.00, 0.000
16221,173056, 31.41, 46.52, 0.994, 0.986, 0.942426, 0.272592,1,1,0, 1.000000, 0.675560, 1.033432, 0.632455, 31.41, 0.994, 94.48, 0.988, 47.05, 0.981, 0.00, 0.000
16222,173066, 32.00, 47.14, 0.994, 0.988, 0.935623, 0.324288,1,1,0, 1.000000, 0.677392, 1.042523, 0.638571, 32.00, 0.994, 96.00, 0.990, 48.00, 0.984, 0.00, 0.000
16223,173077, 32.43, 47.83, 0.998, 0.998, 0.932563, 0.327008,1,1,0, 1.000000, 0.673698, 1.043092, 0.633952, 32.43, 0.998, 97.56, 0.998, 48.78, 0.997, 0.00, 0.000
16224,173088, 97.56, 48.23, 0.999, 0.999, 0.917930, 0.233189,1,1,0, 1.000000, 0.665280, 1.008682, 0.626466, 97.56, 0.999, 48.78, 0.998, 32.52, 0.997, 0.00, 0.000
16225,173098, 97.56, 48.46, 0.999, 0.999, 0.908563, 0.293640,1,1,0, 1.000000, 0.664429, 1.017479, 0.623913, 97.56, 0.999, 48.78, 0.998, 32.52, 0.997, 0.00, 0.000
16226,173109, 97.56, 48.67, 0.999, 0.999, 0.907840, 0.336582,1,1,0, 1.000000, 0.669851, 1.030954, 0.626985, 97.56, 0.999, 48.97, 0.998, 32.60, 0.998, 0.00, 0.000
16227,173120, 97.56, 48.80, 0.999, 0.999, 0.908558, 0.369766,1,1,0, 1.000000, 0.679711, 1.042719, 0.632699, 97.56, 0.999, 48.97, 0.998, 32.60, 0.997, 0.00, 0.000
16228,173130, 97.56, 48.87, 0.999, 0.998, 0.908801, 0.353411,1,1,0, 1.000000, 0.683831, 1.041051, 0.634931, 97.56, 0.999, 48.97, 0.998, 32.60, 0.997, 0.00, 0.000
16229,173141, 97.56, 48.92, 0.999, 0.999, 0.913481, 0.377565,1,1,0, 1.000000, 0.689140, 1.053942, 0.636468, 97.56, 0.999, 48.97, 0.998, 32.60, 0.998, 0.00, 0.000
16230,173152, 97.56, 48.94, 0.999, 0.999, 0.920551, 0.400906,1,1,0, 1.000000, 0.692039, 1.070090, 0.635946, 97.56, 0.999, 48.97, 0.998, 32.60, 0.998, 0.00, 0.000
16231,173162, 98.36, 48.95, 0.997, 0.997, 0.924959, 0.376678,1,1,0, 1.000000, 0.689552, 1.071885, 0.637278, 98.36, 0.997, 48.97, 0.996, 32.69, 0.994, 0.00, 0.000
16232,173173, 99.17, 49.22, 0.988, 0.980, 0.904186, 0.263968,1,1,0, 1.000000, 0.657667, 1.019365, 0.623748, 99.17, 0.988, 33.14, 0.976, 49.58, 0.973, 0.00, 0.000
16233,173184, 100.84, 49.81, 0.984, 0.976, 0.889633, 0.213949,1,1,0, 1.000000, 0.685269, 0.995920, 0.657845, 100.84, 0.984, 33.80, 0.972, 50.63, 0.967, 0.00, 0.000
16234,173194, 102.56, 50.52, 0.995, 0.994, 0.913079, 0.335602,1,1,0, 1.000000, 0.717601, 0.993794, 0.675855, 102.56, 0.995, 34.28, 0.993, 51.50, 0.993, 0.00, 0.000
16235,173205, 103.44, 51.02, 0.999, 0.999, 0.910899, 0.322812,1,1,0, 1.000000, 0.690984, 0.994776, 0.636174, 103.44, 0.999, 51.72, 0.998, 34.48, 0.997, 0.00, 0.000
16236,173216, 103.44, 51.32, 0.999, 0.998, 0.907843, 0.364639,1,1,0, 1.000000, 0.646552, 1.013818, 0.600563, 103.44, 0.999, 51.72, 0.998, 34.58, 0.997, 0.00, 0.000
16237,173226, 103.44, 51.58, 0.999, 0.998, 0.906746, 0.338686,1,1,0, 1.000000, 0.641940, 1.018031, 0.606750, 103.44, 0.999, 51.94, 0.997, 34.58, 0.996, 0.00, 0.000
16238,173237, 103.44, 51.64, 0.999, 0.998, 0.910377, 0.345887,1,1,0, 1.000000, 0.653585, 1.031714, 0.622724, 103.44, 0.999, 51.72, 0.998, 34.48, 0.996, 0.00, 0.000
16239,173248, 103.44, 51.67, 0.999, 0.998, 0.925624, 0.326695,1,1,0, 1.000000, 0.707018, 1.034705, 0.664567, 103.44, 0.999, 51.72, 0.998, 34.58, 0.997, 0.00, 0.000
16240,173258, 103.44, 51.79, 0.999, 0.999, 0.931611, 0.340241,1,1,0, 1.000000, 0.711994, 1.051191, 0.651988, 103.44, 0.999, 51.94, 0.999, 34.58, 0.998, 0.00, 0.000
16241,173269, 104.34, 51.85, 0.999, 0.999, 0.930833, 0.284652,1,1,0, 1.000000, 0.671013, 1.045062, 0.622736, 104.34, 0.999, 51.94, 0.998, 34.68, 0.998, 0.00, 0.000
16242,173280, 105.26, 52.08, 0.994, 0.992, 0.941435, 0.395879,1,1,0, 1.000000, 0.694903, 1.068017, 0.671969, 105.26, 0.994, 34.98, 0.991, 52.40, 0.990, 0.00, 0.000
16243,173290, 106.19, 52.51, 0.991, 0.985, 0.954203, 0.292507,1,1,0, 1.000000, 0.759839, 1.059615, 0.714466, 106.19, 0.991, 35.50, 0.985, 53.09, 0.979, 0.00, 0.000
16244,173301, 108.10, 53.15, 0.993, 0.989, 0.933243, 0.248843,1,1,0, 1.000000, 0.684571, 1.012704, 0.634788, 108.10, 0.993, 54.05, 0.985, 36.03, 0.985, 0.00, 0.000
16245,173312, 109.09, 53.84, 0.997, 0.997, 0.917877, 0.232600,1,1,0, 1.000000, 0.683858, 1.004360, 0.661881, 109.09, 0.997, 54.79, 0.995, 36.58, 0.995, 0.00, 0.000
16246,173322, 110.09, 54.34, 0.999, 0.999, 0.923970, 0.268965,1,1,0, 1.000000, 0.750672, 1.016058, 0.698910, 110.09, 0.999, 36.69, 0.999, 55.04, 0.999, 0.00, 0.000
16247,173333, 110.09, 54.64, 0.999, 0.999, 0.910143, 0.253089,1,1,0, 1.000000, 0.667147, 1.014134, 0.618735, 110.09, 0.999, 55.04, 0.999, 36.69, 0.998, 0.00, 0.000
16248,173344, 110.09, 54.81, 0.999, 0.999, 0.940141, 0.370832,1,1,0, 1.000000, 0.703338, 1.033805, 0.682643, 110.09, 0.999, 55.04, 0.999, 36.69, 0.999, 0.00, 0.000
16249,173354, 110.09, 54.91, 0.999, 0.999, 0.945845, 0.328103,1,1,0, 1.000000, 0.729439, 1.032014, 0.677497, 110.09, 0.999, 55.04, 0.999, 36.69, 0.999, 0.00, 0.000
16250,173365, 110.09, 54.96, 0.999, 0.999, 0.927833, 0.316745,1,1,0, 1.000000, 0.657954, 1.029113, 0.615903, 110.09, 0.999, 55.04, 0.999, 36.69, 0.998, 0.00, 0.000
16251,173376, 110.09, 55.00, 0.999, 0.999, 0.934604, 0.295815,1,1,0, 1.000000, 0.714688, 1.034407, 0.688858, 110.09, 0.999, 36.69, 0.999, 55.04, 0.999, 0.00, 0.000
16252,173386, 110.09, 55.01, 0.998, 0.998, 0.926156, 0.263284,1,1,0, 1.000000, 0.734114, 1.031115, 0.677758, 110.09, 0.998, 55.04, 0.997, 36.80, 0.997, 0.00, 0.000
16253,173397, 112.14, 55.35, 0.992, 0.987, 0.901690, 0.184504,1,1,0, 1.000000, 0.637773, 0.999107, 0.618967, 112.14, 0.992, 37.26, 0.987, 55.81, 0.982, 0.00, 0.000
16254,173408, 113.20, 55.87, 0.978, 0.972, 0.838031, 0.129296,1,1,0, 0.903395, 0.475532, 0.872561, 0.459618, 113.20, 0.978, 56.60, 0.961, 37.73, 0.957, 0.00, 0.000
16255,173418, 114.28, 56.40, 0.964, 0.935, 0.752734, 0.090608,1,1,0, 0.345584, 0.181753, 0.345747, 0.181438, 114.28, 0.964, 57.14, 0.910, 38.21, 0.909, 0.00, 0.000
16256,173429, 115.38, 57.18, 0.953, 0.940, 0.669531, 0.063496,1,1,0, 0.221510, 0.109924, 0.195274, 0.101753, 115.38, 0.953, 58.25, 0.917, 39.47, 0.873, 0.00, 0.000
16257,173440, 121.21, 46.36, 0.945, 0.910, 0.598771, 0.044497,1,1,0, 0.192069, 0.120292, 0.183474, 0.111966, 121.21, 0.945, 31.41, 0.900, 61.53, 0.842, 41.81, 0.801
16258,173450, 31.66, 44.82, 0.955, 0.963, 0.533969, 0.031182,1,1,0, 0.138812, 0.090096, 0.133145, 0.089161, 31.66, 0.955, 42.70, 0.948, 126.31, 0.898, 64.17, 0.840
16259,173461, 31.74, 43.68, 0.929, 0.939, 0.476221, 0.021852,1,1,0, 0.132748, 0.087416, 0.123954, 0.080666, 31.74, 0.929, 42.10, 0.916, 63.49, 0.910, 127.65, 0.893
16260,173472, 41.81, 42.89, 0.965, 0.974, 0.425321, 0.015313,1,1,0, 0.113067, 0.079012, 0.114565, 0.075323, 41.81, 0.965, 31.33, 0.964, 62.82, 0.962, 125.00, 0.944
16261,173482, 31.33, 42.50, 0.978, 0.981, 0.381684, 0.010731,1,1,0, 0.140101, 0.087088, 0.127964, 0.084974, 31.33, 0.978, 41.95, 0.974, 125.00, 0.967, 62.82, 0.956
16262,173493, 31.33, 42.15, 0.982, 0.974, 0.341745, 0.007520,1,1,0, 0.116727, 0.074044, 0.111943, 0.069294, 31.33, 0.982, 41.66, 0.965, 125.00, 0.962, 62.50, 0.954
16263,173504, 61.53, 41.76, 0.970, 0.971, 0.308376, 0.005270,1,1,0, 0.124515, 0.085843, 0.115539, 0.082317, 61.53, 0.970, 123.71, 0.967, 41.23, 0.960, 30.76, 0.957
16264,173514, 30.92, 41.48, 0.987, 0.982, 0.276548, 0.003693,1,1,0, 0.101750, 0.062330, 0.099390, 0.060303, 30.92, 0.987, 41.09, 0.976, 61.53, 0.970, 123.71, 0.961
16265,173525, 41.23, 41.38, 0.981, 0.986, 0.248109, 0.002588,1,1,0, 0.101649, 0.057980, 0.098636, 0.055165, 41.23, 0.981, 30.76, 0.968, 61.53, 0.958, 122.44, 0.957
16266,173536, 31.49, 41.50, 0.975, 0.972, 0.223981, 0.001813,1,1,0, 0.095193, 0.063893, 0.088385, 0.059582, 31.49, 0.975, 62.50, 0.968, 41.66, 0.962, 125.00, 0.955
16267,173546, 41.81, 41.63, 0.981, 0.986, 0.202630, 0.001271,1,1,0, 0.098061, 0.061434, 0.096398, 0.060178, 41.81, 0.981, 31.16, 0.963, 123.71, 0.957, 62.50, 0.947
16268,173557, 31.41, 41.64, 0.969, 0.972, 0.185211, 0.000890,1,1,0, 0.127358, 0.077934, 0.121771, 0.072316, 31.41, 0.969, 41.66, 0.962, 62.17, 0.959, 125.00, 0.947
16269,173568, 30.69, 41.47, 0.990, 0.983, 0.170643, 0.000624,1,1,0, 0.116253, 0.077635, 0.112961, 0.074615, 30.69, 0.990, 41.23, 0.976, 61.53, 0.972, 122.44, 0.962
16270,173578, 40.95, 41.25, 0.974, 0.981, 0.157419, 0.000437,1,1,0, 0.130773, 0.077349, 0.120075, 0.072899, 40.95, 0.974, 61.22, 0.973, 30.84, 0.969, 122.44, 0.964
16271,173589, 60.91, 41.01, 0.976, 0.980, 0.144436, 0.000306,1,1,0, 0.104589, 0.064249, 0.111921, 0.061613, 60.91, 0.976, 30.45, 0.976, 40.67, 0.973, 121.21, 0.965
16272,173600, 30.92, 41.04, 0.987, 0.987, 0.133236, 0.000214,1,1,0, 0.101013, 0.062497, 0.092916, 0.060581, 30.92, 0.987, 41.09, 0.982, 123.71, 0.963, 61.53, 0.957
16273,173610, 62.17, 41.30, 0.951, 0.960, 0.121879, 0.000150,1,1,0, 0.083107, 0.048427, 0.074747, 0.047075, 62.17, 0.951, 41.66, 0.945, 123.71, 0.939, 31.16, 0.909
16274,173621, 62.82, 41.58, 0.963, 0.969, 0.113531, 0.000105,1,1,0, 0.102922, 0.067117, 0.101110, 0.062075, 62.82, 0.963, 41.95, 0.957, 31.41, 0.956, 125.00, 0.937
16275,173632, 31.16, 41.61, 0.986, 0.988, 0.106734, 0.000073,1,1,0, 0.101969, 0.067110, 0.094947, 0.064463, 31.16, 0.986, 41.66, 0.984, 125.00, 0.943, 62.50, 0.943
16276,173642, 41.23, 41.45, 0.966, 0.975, 0.100572, 0.000331,1,1,0, 0.119554, 0.068882, 0.104414, 0.065300, 41.23, 0.966, 61.85, 0.956, 123.71, 0.935, 30.84, 0.883
16277,173653, 41.09, 41.30, 0.973, 0.980, 0.096643, 0.017962,1,1,0, 0.109683, 0.067860, 0.105179, 0.064316, 41.09, 0.973, 30.84, 0.972, 61.53, 0.969, 123.71, 0.963
16278,173664, 61.22, 41.15, 0.975, 0.969, 0.090857, 0.012587,1,1,0, 0.099067, 0.059767, 0.094435, 0.057752, 61.22, 0.975, 122.44, 0.958, 40.95, 0.958, 30.61, 0.950
16279,173674, 61.53, 41.13, 0.964, 0.965, 0.084716, 0.008821,1,1,0, 0.082934, 0.050673, 0.078805, 0.047807, 61.53, 0.964, 41.09, 0.952, 123.71, 0.943, 30.92, 0.905
16280,173685, 41.66, 41.35, 0.982, 0.987, 0.079378, 0.006181,1,1,0, 0.082371, 0.048210, 0.075415, 0.046421, 41.66, 0.982, 31.16, 0.974, 123.71, 0.946, 62.17, 0.936
16281,173696, 42.10, 41.67, 0.951, 0.965, 0.081799, 0.047386,1,1,0, 0.099497, 0.054033, 0.092055, 0.051320, 42.10, 0.951, 63.15, 0.948, 126.31, 0.921, 31.66, 0.921
16282,173706, 41.95, 41.79, 0.958, 0.969, 0.080966, 0.033207,1,1,0, 0.098139, 0.056638, 0.092417, 0.053490, 41.95, 0.958, 31.33, 0.950, 125.00, 0.934, 62.50, 0.922
16283,173717, 61.85, 41.61, 0.959, 0.969, 0.088563, 0.036533,1,1,0, 0.113864, 0.070368, 0.097378, 0.065478, 61.85, 0.959, 41.37, 0.958, 31.08, 0.956, 123.71, 0.946
16284,173728, 61.22, 41.34, 0.966, 0.965, 0.087499, 0.026230,1,1,0, 0.098794, 0.057931, 0.100120, 0.057311, 61.22, 0.966, 40.95, 0.951, 122.44, 0.946, 30.61, 0.918
16285,173738, 40.81, 41.12, 0.980, 0.986, 0.082521, 0.018381,1,1,0, 0.083612, 0.056802, 0.080335, 0.052688, 40.81, 0.980, 30.76, 0.960, 61.22, 0.956, 122.44, 0.954
16286,173749, 61.22, 40.99, 0.981, 0.978, 0.077240, 0.012881,1,1,0, 0.079970, 0.044792, 0.074736, 0.044490, 61.22, 0.981, 40.81, 0.969, 30.53, 0.967, 122.44, 0.953
16287,173760, 41.52, 41.21, 0.950, 0.964, 0.072106, 0.009027,1,1,0, 0.074304, 0.043399, 0.066584, 0.040465, 41.52, 0.950, 62.17, 0.941, 31.33, 0.939, 125.00, 0.937
16288,173770, 42.10, 41.58, 0.970, 0.978, 0.067601, 0.006326,1,1,0, 0.077812, 0.043924, 0.067187, 0.040894, 42.10, 0.970, 31.33, 0.951, 125.00, 0.930, 62.82, 0.928
16289,173781, 31.57, 41.74, 0.956, 0.951, 0.077395, 0.046322,1,1,0, 0.097114, 0.060046, 0.088145, 0.057367, 31.57, 0.956, 62.82, 0.955, 41.95, 0.932, 125.00, 0.927
16290,173792, 41.37, 41.59, 0.972, 0.980, 0.074477, 0.032461,1,1,0, 0.084884, 0.051443, 0.082815, 0.048995, 41.37, 0.972, 30.92, 0.952, 123.71, 0.943, 61.53, 0.938
16291,173802, 61.22, 41.26, 0.971, 0.969, 0.078779, 0.036450,1,1,0, 0.101440, 0.064093, 0.093433, 0.060478, 61.22, 0.971, 30.76, 0.958, 40.81, 0.957, 122.44, 0.951
16292,173813, 61.22, 41.07, 0.959, 0.950, 0.073813, 0.025543,1,1,0, 0.074805, 0.045564, 0.063855, 0.043106, 61.22, 0.959, 122.44, 0.945, 30.61, 0.933, 40.81, 0.931
16293,173824, 41.23, 41.14, 0.947, 0.962, 0.075241, 0.033000,1,1,0, 0.090816, 0.050393, 0.087618, 0.048299, 41.23, 0.947, 30.76, 0.945, 61.53, 0.931, 122.44, 0.910
16294,173834, 30.84, 41.12, 0.966, 0.966, 0.070791, 0.023125,1,1,0, 0.070415, 0.046471, 0.073384, 0.043533, 30.84, 0.966, 41.09, 0.952, 61.53, 0.920, 123.71, 0.898
16295,173845, 41.37, 41.23, 0.951, 0.965, 0.067055, 0.016206,1,1,0, 0.070140, 0.041981, 0.072880, 0.039502, 41.37, 0.951, 31.08, 0.921, 61.53, 0.909, 125.00, 0.882
16296,173856, 41.95, 41.53, 0.915, 0.938, 0.061920, 0.011356,1,1,0, 0.053655, 0.031167, 0.048537, 0.029518, 41.95, 0.915, 126.31, 0.901, 62.50, 0.883, 31.41, 0.843
16297,173866, 31.41, 41.77, 0.969, 0.916, 0.058173, 0.007958,1,1,0, 0.068333, 0.038872, 0.057464, 0.036448, 31.41, 0.969, 63.15, 0.933, 126.31, 0.887, 42.10, 0.884
16298,173877, 31.83, 41.91, 0.970, 0.924, 0.054442, 0.005577,1,1,0, 0.060419, 0.033308, 0.049980, 0.031414, 31.83, 0.970, 63.15, 0.941, 42.10, 0.894, 127.65, 0.861
16299,173888, 42.70, 42.24, 0.946, 0.961, 0.050821, 0.003908,1,1,0, 0.063028, 0.031815, 0.049122, 0.029519, 42.70, 0.946, 63.49, 0.920, 31.66, 0.891, 127.65, 0.856
16300,173898, 43.01, 42.56, 0.986, 0.990, 0.046913, 0.002738,1,1,0, 0.045521, 0.023575, 0.035322, 0.021993, 43.01, 0.986, 64.51, 0.909, 130.43, 0.893, 32.43, 0.885
16301,173909, 64.51, 42.81, 0.838, 0.797, 0.042348, 0.001919,1,1,0, 0.034165, 0.015575, 0.029068, 0.013547, 64.51, 0.838, 129.03, 0.821, 43.16, 0.718, 32.00, 0.528
16302,173920, 32.78, 38.60, 0.897, 0.909, 0.038981, 0.001345,1,1,0, 0.040620, 0.020221, 0.031824, 0.018609, 32.78, 0.897, 65.93, 0.858, 129.03, 0.574, 43.63, 0.453
16303,173930, 32.78, 36.16, 0.888, 0.896, 0.035024, 0.000942,1,1,0, 0.023590, 0.010152, 0.019320, 0.008898, 32.78, 0.888, 66.29, 0.798, 43.32, 0.635, 129.03, 0.342
16304,173941, 63.49, 36.16, 0.707, 0.807, 0.032014, 0.000660,1,1,0, 0.032494, 0.014730, 0.024283, 0.012830, 63.49, 0.707, 64.51, 0.704, 42.70, 0.662, 43.16, 0.661
16305,173952, 42.55, 38.84, 0.903, 0.867, 0.028956, 0.000462,1,1,0, 0.023006, 0.010789, 0.019209, 0.008755, 42.55, 0.903, 64.51, 0.588, 63.49, 0.584, 129.03, 0.395
16306,173962, 60.60, 38.84, 0.448, 0.780, 0.026627, 0.000324,1,1,0, 0.021923, 0.012094, 0.021701, 0.011651, 60.60, 0.448, 61.53, 0.443, 37.26, 0.302, 123.71, 0.114
16307,173973, 71.42, 37.13, 0.574, 0.590, 0.024196, 0.000227,1,1,0, 0.018784, 0.009662, 0.016383, 0.008401, 71.42, 0.574, 34.38, 0.573, 33.99, 0.568, 34.78, 0.559
16308,173984, 33.61, 35.77, 0.770, 0.739, 0.021781, 0.000159,1,1,0, 0.014726, 0.007270, 0.012434, 0.005936, 33.61, 0.770, 33.89, 0.764, 73.17, 0.625, 90.22, 0.066
16309,173994, 73.17, 36.25, 0.603, 0.604, 0.019642, 0.000111,1,1,0, 0.014589, 0.006521, 0.011602, 0.005516, 73.17, 0.603, 36.92, 0.534, 37.15, 0.534, 61.85, 0.483
16310,174005, 41.23, 38.34, 0.580, 0.554, 0.020072, 0.014210,1,1,0, 0.027018, 0.012369, 0.024151, 0.009911, 41.23, 0.580, 73.61, 0.350, 63.49, 0.013, 0.00, 0.000
16311,174016, 41.95, 38.14, 0.718, 0.504, 0.018937, 0.009958,1,1,0, 0.025400, 0.012021, 0.020216, 0.011313, 41.95, 0.718, 74.07, 0.525, 37.85, 0.442, 38.83, 0.424
16312,174026, 71.85, 38.14, 0.582, 0.454, 0.017434, 0.006978,1,1,0, 0.022788, 0.010885, 0.017697, 0.008473, 71.85, 0.582, 37.26, 0.224, 34.38, 0.013, 34.88, 0.004
16313,174037, 33.05, 36.00, 0.781, 0.836, 0.016006, 0.004890,1,1,0, 0.015985, 0.007771, 0.013454, 0.007177, 33.05, 0.781, 63.15, 0.652, 67.79, 0.623, 69.76, 0.623
16314,174048, 36.80, 36.34, 0.636, 0.695, 0.014733, 0.003427,1,1,0, 0.015213, 0.007595, 0.015019, 0.007094, 36.80, 0.636, 60.60, 0.413, 73.17, 0.382, 0.00, 0.000
16315,174058, 40.81, 38.22, 0.526, 0.509, 0.013527, 0.002401,1,1,0, 0.012539, 0.007099, 0.011975, 0.005901, 40.81, 0.526, 75.47, 0.471, 93.75, 0.376, 0.00, 0.000
16316,174069, 37.73, 38.01, 0.547, 0.594, 0.014821, 0.013596,1,1,0, 0.023069, 0.011111, 0.017951, 0.008671, 37.73, 0.547, 75.47, 0.452, 41.81, 0.418, 96.77, 0.390
16317,174080, 36.92, 37.55, 0.629, 0.679, 0.014266, 0.009528,1,1,0, 0.018651, 0.010648, 0.016792, 0.009733, 36.92, 0.629, 73.61, 0.546, 61.53, 0.517, 0.00, 0.000
16318,174090, 32.78, 35.55, 0.909, 0.860, 0.013528, 0.006677,1,1,0, 0.022604, 0.008886, 0.015728, 0.008290, 32.78, 0.909, 71.42, 0.714, 36.36, 0.328, 0.00, 0.000
16319,174101, 72.72, 36.32, 0.695, 0.535, 0.012380, 0.004679,1,1,0, 0.010113, 0.005573, 0.009624, 0.005010, 72.72, 0.695, 37.38, 0.453, 0.00, 0.000, 0.00, 0.000
16320,174112, 74.53, 37.01, 0.713, 0.756, 0.011263, 0.003279,1,1,0, 0.008657, 0.004612, 0.007582, 0.003944, 74.53, 0.713, 37.97, 0.708, 0.00, 0.000, 0.00, 0.000
16321,174122, 37.50, 37.21, 0.658, 0.722, 0.013496, 0.019010,1,1,0, 0.018197, 0.009935, 0.018934, 0.008247, 37.50, 0.658, 75.00, 0.484, 97.56, 0.310, 61.53, 0.127
16322,174133, 74.53, 37.19, 0.740, 0.771, 0.017170, 0.016852,1,1,0, 0.023453, 0.012999, 0.022435, 0.011928, 74.53, 0.740, 37.15, 0.687, 33.61, 0.495, 63.15, 0.343
16323,174144, 73.61, 37.19, 0.596, 0.694, 0.015497, 0.011809,1,1,0, 0.010973, 0.005821, 0.008337, 0.004396, 73.61, 0.596, 33.51, 0.554, 36.92, 0.361, 0.00, 0.000
16324,174154, 73.17, 36.88, 0.721, 0.651, 0.014060, 0.008275,1,1,0, 0.010230, 0.004377, 0.009605, 0.004637, 73.17, 0.721, 33.51, 0.603, 36.47, 0.572, 0.00, 0.000
16325,174165, 37.61, 37.19, 0.685, 0.736, 0.014480, 0.007768,1,1,0, 0.015429, 0.009506, 0.016113, 0.008419, 37.61, 0.685, 74.07, 0.495, 62.17, 0.160, 93.75, 0.022
16326,174176, 75.00, 37.57, 0.632, 0.661, 0.014082, 0.007242,1,1,0, 0.022739, 0.009624, 0.016844, 0.007028, 75.00, 0.632, 38.09, 0.589, 41.95, 0.570, 93.75, 0.326
16327,174186, 73.61, 37.44, 0.800, 0.691, 0.013704, 0.005075,1,1,0, 0.015041, 0.008781, 0.015584, 0.008866, 73.61, 0.800, 37.26, 0.606, 41.09, 0.483, 0.00, 0.000
16328,174197, 71.85, 37.03, 0.801, 0.734, 0.012661, 0.003556,1,1,0, 0.014437, 0.007704, 0.012507, 0.006383, 71.85, 0.801, 33.51, 0.778, 36.47, 0.657, 0.00, 0.000
16329,174208, 72.28, 36.94, 0.720, 0.769, 0.012821, 0.006889,1,1,0, 0.014713, 0.008264, 0.015060, 0.007832, 72.28, 0.720, 36.80, 0.687, 33.99, 0.559, 34.48, 0.557
16330,174218, 37.61, 37.22, 0.690, 0.760, 0.011910, 0.004827,1,1,0, 0.014893, 0.007836, 0.009199, 0.005964, 37.61, 0.690, 75.00, 0.611, 0.00, 0.000, 0.00, 0.000
16331,174229, 41.37, 37.59, 0.552, 0.496, 0.012157, 0.006790,1,1,0, 0.014580, 0.008824, 0.014270, 0.007091, 41.37, 0.552, 75.00, 0.447, 38.09, 0.426, 94.48, 0.335
16332,174240, 36.80, 37.26, 0.841, 0.871, 0.013449, 0.007571,1,1,0, 0.018852, 0.010129, 0.015577, 0.009882, 36.80, 0.841, 73.61, 0.520, 61.85, 0.291, 93.02, 0.139
16333,174250, 33.14, 35.53, 0.808, 0.820, 0.012990, 0.005305,1,1,0, 0.013893, 0.008151, 0.014950, 0.007044, 33.14, 0.808, 73.17, 0.667, 63.82, 0.533, 36.58, 0.461
16334,174261, 74.07, 36.31, 0.703, 0.497, 0.011884, 0.003718,1,1,0, 0.011259, 0.005208, 0.011394, 0.005225, 74.07, 0.703, 37.38, 0.415, 33.14, 0.066, 0.00, 0.000
16335,174272, 38.46, 37.21, 0.667, 0.705, 0.015215, 0.013044,1,1,0, 0.029141, 0.017232, 0.018946, 0.010767, 38.46, 0.667, 40.40, 0.651, 75.47, 0.639, 0.00, 0.000
16336,174282, 37.15, 37.18, 0.742, 0.780, 0.017904, 0.009761,1,1,0, 0.023975, 0.012059, 0.022233, 0.011330, 37.15, 0.742, 72.28, 0.215, 0.00, 0.000, 0.00, 0.000
16337,174293, 37.03, 37.12, 0.813, 0.865, 0.024977, 0.018511,1,1,0, 0.042569, 0.024099, 0.027930, 0.018645, 37.03, 0.813, 75.94, 0.420, 0.00, 0.000, 0.00, 0.000
16338,174304, 32.69, 36.75, 0.755, 0.735, 0.022705, 0.012972,1,1,0, 0.019240, 0.009782, 0.018558, 0.007500, 32.69, 0.755, 36.25, 0.682, 74.07, 0.325, 0.00, 0.000
16339,174314, 33.05, 35.20, 0.901, 0.867, 0.020223, 0.009090,1,1,0, 0.009423, 0.003885, 0.009650, 0.003782, 33.05, 0.901, 76.92, 0.194, 0.00, 0.000, 0.00, 0.000
16340,174325, 36.92, 35.92, 0.482, 0.511, 0.019623, 0.011617,1,1,0, 0.021296, 0.009533, 0.022614, 0.008241, 36.92, 0.482, 58.25, 0.212, 51.06, 0.163, 71.42, 0.027
16341,174336, 43.32, 39.03, 0.526, 0.517, 0.018456, 0.008141,1,1,0, 0.021821, 0.010179, 0.022066, 0.009334, 43.32, 0.526, 78.43, 0.317, 90.90, 0.304, 0.00, 0.000
16342,174346, 74.07, 39.03, 0.553, 0.465, 0.017191, 0.005705,1,1,0, 0.022829, 0.013450, 0.016299, 0.009983, 74.07, 0.553, 37.85, 0.339, 42.10, 0.201, 0.00, 0.000
16343,174357, 71.42, 37.24, 0.633, 0.590, 0.015626, 0.003998,1,1,0, 0.008750, 0.004398, 0.014806, 0.005606, 71.42, 0.633, 34.78, 0.565, 0.00, 0.000, 0.00, 0.000
16344,174368, 34.78, 36.21, 0.659, 0.697, 0.014567, 0.002801,1,1,0, 0.019498, 0.010785, 0.011162, 0.007627, 34.78, 0.659, 71.85, 0.604, 0.00, 0.000, 0.00, 0.000
16345,174378, 37.03, 36.55, 0.555, 0.608, 0.013488, 0.001963,1,1,0, 0.017601, 0.007637, 0.011618, 0.006699, 37.03, 0.555, 74.53, 0.402, 0.00, 0.000, 0.00, 0.000
16346,174389, 41.23, 38.06, 0.470, 0.496, 0.012449, 0.001375,1,1,0, 0.012522, 0.006811, 0.009897, 0.005642, 41.23, 0.470, 77.41, 0.468, 40.13, 0.465, 0.00, 0.000
16347,174400, 37.38, 37.77, 0.892, 0.905, 0.014093, 0.006272,1,1,0, 0.020264, 0.012491, 0.015468, 0.010301, 37.38, 0.892, 73.61, 0.343, 0.00, 0.000, 0.00, 0.000
16348,174410, 36.47, 37.22, 0.680, 0.745, 0.013526, 0.004395,1,1,0, 0.016698, 0.008952, 0.015555, 0.008222, 36.47, 0.680, 75.00, 0.510, 61.85, 0.434, 0.00, 0.000
16349,174421, 36.25, 36.81, 0.858, 0.898, 0.012556, 0.003080,1,1,0, 0.013394, 0.006312, 0.010019, 0.006436, 36.25, 0.858, 73.61, 0.674, 0.00, 0.000, 0.00, 0.000
16350,174432, 36.80, 36.81, 0.785, 0.845, 0.011288, 0.002158,1,1,0, 0.008316, 0.003443, 0.008657, 0.003321, 36.80, 0.785, 75.00, 0.775, 0.00, 0.000, 0.00, 0.000
16351,174442, 36.92, 36.86, 0.766, 0.831, 0.011814, 0.006659,1,1,0, 0.016680, 0.009903, 0.013491, 0.007939, 36.92, 0.766, 73.61, 0.633, 0.00, 0.000, 0.00, 0.000
16352,174453, 38.21, 37.43, 0.844, 0.888, 0.013160, 0.006869,1,1,0, 0.016845, 0.010070, 0.015125, 0.009287, 38.21, 0.844, 73.61, 0.636, 0.00, 0.000, 0.00, 0.000
16353,174464, 37.26, 37.36, 0.824, 0.873, 0.013437, 0.006778,1,1,0, 0.018267, 0.008778, 0.016575, 0.007746, 37.26, 0.824, 74.07, 0.743, 0.00, 0.000, 0.00, 0.000
16354,174474, 32.96, 35.51, 0.870, 0.831, 0.012276, 0.004750,1,1,0, 0.013885, 0.006172, 0.008185, 0.004651, 32.96, 0.870, 71.00, 0.656, 0.00, 0.000, 0.00, 0.000
16355,174485, 36.03, 35.73, 0.748, 0.809, 0.011911, 0.004633,1,1,0, 0.014302, 0.008102, 0.013728, 0.006718, 36.03, 0.748, 71.00, 0.458, 94.48, 0.171, 0.00, 0.000
16356,174496, 37.97, 36.67, 0.716, 0.748, 0.013040, 0.006135,1,1,0, 0.017153, 0.009848, 0.015428, 0.009161, 37.97, 0.716, 76.92, 0.383, 92.30, 0.297, 0.00, 0.000
16357,174506, 79.47, 54.64, 0.547, 0.513, 0.011923, 0.004299,1,1,0, 0.016571, 0.007902, 0.011590, 0.005355, 79.47, 0.547, 42.25, 0.392, 0.00, 0.000, 0.00, 0.000
16358,174517, 35.39, 46.56, 0.817, 0.826, 0.012870, 0.007469,1,1,0, 0.014507, 0.009946, 0.015593, 0.009265, 35.39, 0.817, 71.85, 0.751, 0.00, 0.000, 0.00, 0.000
16359,174528, 33.42, 41.04, 0.894, 0.900, 0.011783, 0.005234,1,1,0, 0.011465, 0.005377, 0.008249, 0.004625, 33.42, 0.894, 69.36, 0.771, 0.00, 0.000, 0.00, 0.000
16360,174538, 38.21, 39.85, 0.658, 0.701, 0.012182, 0.007075,1,1,0, 0.020145, 0.009119, 0.014504, 0.006688, 38.21, 0.658, 72.72, 0.484, 0.00, 0.000, 0.00, 0.000
16361,174549, 40.54, 40.14, 0.817, 0.826, 0.011379, 0.004958,1,1,0, 0.011899, 0.006759, 0.011688, 0.006658, 40.54, 0.817, 75.94, 0.593, 0.00, 0.000, 0.00, 0.000
16362,174560, 36.14, 38.46, 0.644, 0.669, 0.013641, 0.011510,1,1,0, 0.018125, 0.009768, 0.016686, 0.007804, 36.14, 0.644, 71.42, 0.517, 93.75, 0.164, 0.00, 0.000
16363,174570, 35.08, 37.04, 0.846, 0.874, 0.013524, 0.008066,1,1,0, 0.015533, 0.010345, 0.015173, 0.009947, 35.08, 0.846, 71.00, 0.690, 0.00, 0.000, 0.00, 0.000
16364,174581, 36.80, 36.94, 0.689, 0.772, 0.012207, 0.005652,1,1,0, 0.006925, 0.003888, 0.008179, 0.003538, 36.80, 0.689, 33.14, 0.661, 71.85, 0.579, 0.00, 0.000
16365,174592, 37.15, 37.03, 0.751, 0.821, 0.011149, 0.003961,1,1,0, 0.009255, 0.005416, 0.009056, 0.004546, 37.15, 0.751, 74.07, 0.598, 0.00, 0.000, 0.00, 0.000
16366,174602, 37.15, 37.08, 0.773, 0.837, 0.010749, 0.002959,1,1,0, 0.015358, 0.007844, 0.011553, 0.006731, 37.15, 0.773, 74.07, 0.483, 93.75, 0.237, 0.00, 0.000
16367,174613, 74.07, 37.61, 0.699, 0.624, 0.013251, 0.007437,1,1,0, 0.016524, 0.011043, 0.015162, 0.008733, 74.07, 0.699, 38.33, 0.540, 0.00, 0.000, 0.00, 0.000
16368,174624, 37.50, 37.56, 0.811, 0.864, 0.012847, 0.005212,1,1,0, 0.012745, 0.006099, 0.015182, 0.006835, 37.50, 0.811, 73.61, 0.732, 0.00, 0.000, 0.00, 0.000
16369,174634, 32.08, 35.26, 0.747, 0.701, 0.011598, 0.003652,1,1,0, 0.011826, 0.005068, 0.007632, 0.003503, 32.08, 0.747, 71.85, 0.614, 0.00, 0.000, 0.00, 0.000
16370,174645, 35.82, 35.49, 0.776, 0.819, 0.011487, 0.003237,1,1,0, 0.017419, 0.009502, 0.012836, 0.007831, 35.82, 0.776, 72.28, 0.397, 93.75, 0.186, 0.00, 0.000
16371,174656, 37.61, 36.38, 0.558, 0.572, 0.012345, 0.007554,1,1,0, 0.016955, 0.009551, 0.014106, 0.008509, 37.61, 0.558, 95.23, 0.479, 0.00, 0.000, 0.00, 0.000
16372,174666, 80.00, 36.38, 0.534, 0.515, 0.012145, 0.005294,1,1,0, 0.015461, 0.007841, 0.013777, 0.006382, 80.00, 0.534, 38.46, 0.366, 0.00, 0.000, 0.00, 0.000
16373,174677, 36.69, 36.51, 0.772, 0.814, 0.012464, 0.006592,1,1,0, 0.014148, 0.009317, 0.014257, 0.008285, 36.69, 0.772, 73.61, 0.559, 0.00, 0.000, 0.00, 0.000
16374,174688, 34.28, 35.58, 0.852, 0.893, 0.011699, 0.004619,1,1,0, 0.011583, 0.006300, 0.014117, 0.005666, 34.28, 0.852, 69.36, 0.724, 0.00, 0.000, 0.00, 0.000
16375,174698, 73.61, 36.48, 0.663, 0.668, 0.010785, 0.003237,1,1,0, 0.011827, 0.005458, 0.009979, 0.005246, 73.61, 0.663, 37.73, 0.600, 33.80, 0.136, 0.00, 0.000
16376,174709, 77.92, 38.18, 0.774, 0.763, 0.010336, 0.002268,1,1,0, 0.015046, 0.007132, 0.011218, 0.006487, 77.92, 0.774, 40.54, 0.728, 0.00, 0.000, 0.00, 0.000
16377,174720, 38.09, 38.14, 0.630, 0.702, 0.013934, 0.016027,1,1,0, 0.015949, 0.010639, 0.017406, 0.008820, 38.09, 0.630, 72.28, 0.495, 0.00, 0.000, 0.00, 0.000
16378,174730, 35.50, 37.03, 0.817, 0.850, 0.013183, 0.011231,1,1,0, 0.015875, 0.008912, 0.013426, 0.008297, 35.50, 0.817, 71.42, 0.624, 0.00, 0.000, 0.00, 0.000
16379,174741, 36.14, 36.66, 0.742, 0.813, 0.012178, 0.007871,1,1,0, 0.016065, 0.007479, 0.013183, 0.006285, 36.14, 0.742, 33.80, 0.700, 72.28, 0.621, 0.00, 0.000
16380,174752, 75.00, 36.96, 0.630, 0.632, 0.011101, 0.005515,1,1,0, 0.010916, 0.006319, 0.006788, 0.004010, 75.00, 0.630, 37.38, 0.549, 33.42, 0.203, 0.00, 0.000
16381,174762, 37.26, 37.09, 0.848, 0.874, 0.012702, 0.010839,1,1,0, 0.016078, 0.007606, 0.015833, 0.007191, 37.26, 0.848, 74.07, 0.263, 96.00, 0.197, 0.00, 0.000
16382,174773, 75.00, 37.41, 0.611, 0.559, 0.014205, 0.008543,1,1,0, 0.020874, 0.012465, 0.016073, 0.009639, 75.00, 0.611, 37.85, 0.468, 0.00, 0.000, 0.00, 0.000
16383,174784, 73.17, 37.41, 0.708, 0.503, 0.013120, 0.005986,1,1,0, 0.019449, 0.008745, 0.012314, 0.006333, 73.17, 0.708, 37.61, 0.364, 0.00, 0.000, 0.00, 0.000
16384,174794, 73.17, 37.25, 0.828, 0.854, 0.011892, 0.004195,1,1,0, 0.020570, 0.012129, 0.012741, 0.004908, 73.17, 0.828, 37.03, 0.797, 0.00, 0.000, 0.00, 0.000
16385,174805, 72.72, 37.21, 0.765, 0.742, 0.011671, 0.002940,1,1,0, 0.021681, 0.011107, 0.012126, 0.007394, 72.72, 0.765, 37.15, 0.642, 0.00, 0.000, 0.00, 0.000
16386,174816, 95.23, 38.49, 0.565, 0.501, 0.021290, 0.025217,1,1,0, 0.043254, 0.015923, 0.028503, 0.012367, 95.23, 0.565, 40.26, 0.497, 0.00, 0.000, 0.00, 0.000
16387,174826, 102.56, 38.49, 0.714, 0.451, 0.063723, 0.160040,1,1,0, 0.229442, 0.101019, 0.109495, 0.041119, 102.56, 0.714, 48.78, 0.415, 60.60, 0.126, 33.24, 0.102
16388,174837, 41.66, 40.71, 0.513, 0.519, 0.758150, 0.865500,1,1,1, 1.000000, 0.676663, 1.113826, 0.543409, 41.66, 0.513, 0.00, 0.000, 0.00, 0.000, 0.00, 0.000
16389,174848, 42.25, 40.71, 0.373, 0.467, 0.691712, 0.606525,1,1,0, 0.473845, 0.260338, 0.665799, 0.339917, 42.25, 0.373, 85.71, 0.088, 68.96, 0.080, 0.00, 0.000
16390,174858, 40.95, 40.88, 0.921, 0.908, 1.026491, 0.947273,1,1,0, 1.000000, 0.750983, 1.347091, 0.677124, 40.95, 0.921, 70.17, 0.268, 0.00, 0.000, 0.00, 0.000
16391,174869, 40.95, 40.93, 0.911, 0.936, 0.930716, 0.663830,1,1,0, 1.000000, 0.417682, 0.843654, 0.347657, 40.95, 0.911, 71.00, 0.271, 0.00, 0.000, 0.00, 0.000
16392,174880, 41.52, 41.34, 0.952, 0.965, 0.850670, 0.465198,1,1,0, 0.999999, 0.561864, 0.810903, 0.402282, 41.52, 0.952, 73.61, 0.293, 0.00, 0.000, 0.00, 0.000
16393,174890, 41.52, 41.46, 0.994, 0.996, 0.979659, 0.723025,1,1,0, 1.000000, 0.634327, 1.280105, 0.636749, 41.52, 0.994, 91.60, 0.279, 0.00, 0.000, 0.00, 0.000
16394,174901, 41.66, 41.60, 0.991, 0.994, 0.878931, 0.506681,1,1,0, 0.999999, 0.339519, 0.779806, 0.281622, 41.66, 0.991, 81.63, 0.280, 0.00, 0.000, 0.00, 0.000
16395,174912, 41.52, 41.54, 0.996, 0.997, 0.997042, 0.792986,1,1,0, 1.000000, 0.761436, 1.258351, 0.672746, 41.52, 0.996, 83.33, 0.284, 0.00, 0.000, 0.00, 0.000
16396,174922, 41.52, 41.53, 0.995, 0.997, 0.888857, 0.555709,1,1,0, 0.267706, 0.154423, 0.357225, 0.173258, 41.52, 0.995, 81.08, 0.311, 0.00, 0.000, 0.00, 0.000
16397,174933, 41.66, 41.62, 0.996, 0.997, 1.020805, 0.869718,1,1,0, 1.000000, 0.812135, 1.245996, 0.706911, 41.66, 0.996, 83.33, 0.346, 0.00, 0.000, 0.00, 0.000
16398,174944, 41.52, 41.58, 0.997, 0.998, 0.919096, 0.609481,1,1,0, 0.267705, 0.159044, 0.332021, 0.229849, 41.52, 0.997, 82.19, 0.396, 0.00, 0.000, 0.00, 0.000
16399,174954, 41.52, 41.55, 0.998, 0.998, 1.018112, 0.656992,1,1,0, 1.000000, 0.695824, 1.150949, 0.627345, 41.52, 0.998, 84.50, 0.431, 0.00, 0.000, 0.00, 0.000
16400,174965, 41.52, 41.54, 0.998, 0.998, 0.927002, 0.460406,1,1,0, 0.996778, 0.404606, 0.926088, 0.360832, 41.52, 0.998, 82.19, 0.471, 0.00, 0.000, 0.00, 0.000
16401,174976, 41.66, 41.59, 0.997, 0.998, 0.851267, 0.322643,1,1,0, 0.999999, 0.573461, 0.722321, 0.392998, 41.66, 0.997, 82.19, 0.514, 0.00, 0.000, 0.00, 0.000
16402,174986, 41.66, 41.62, 0.998, 0.998, 0.925950, 0.384399,1,1,0, 1.000000, 0.543182, 1.102781, 0.589785, 41.66, 0.998, 83.33, 0.537, 0.00, 0.000, 0.00, 0.000
16403,174997, 41.66, 41.64, 0.996, 0.997, 0.840544, 0.269378,1,1,0, 0.999999, 0.359536, 0.714328, 0.303439, 41.66, 0.996, 83.33, 0.546, 0.00, 0.000, 0.00, 0.000
16404,175008, 41.66, 41.65, 0.997, 0.998, 0.928425, 0.498052,1,1,0, 1.000000, 0.687982, 1.100380, 0.620734, 41.66, 0.997, 82.75, 0.551, 0.00, 0.000, 0.00, 0.000
16405,175018, 41.66, 41.65, 0.998, 0.998, 0.836798, 0.349024,1,1,0, 0.338310, 0.234112, 0.337770, 0.226263, 41.66, 0.998, 82.19, 0.560, 0.00, 0.000, 0.00, 0.000
16406,175029, 41.52, 41.60, 0.998, 0.998, 0.933779, 0.604092,1,1,0, 1.000000, 0.734078, 1.092107, 0.646743, 41.52, 0.998, 83.91, 0.579, 0.00, 0.000, 0.00, 0.000
16407,175040, 41.52, 41.56, 0.996, 0.997, 0.848881, 0.423336,1,1,0, 0.402177, 0.260617, 0.391190, 0.272649, 41.52, 0.996, 82.75, 0.630, 0.00, 0.000, 0.00, 0.000
16408,175050, 41.52, 41.54, 0.996, 0.997, 0.900941, 0.553273,1,1,0, 0.999999, 0.624832, 1.032999, 0.550695, 41.52, 0.996, 83.91, 0.670, 0.00, 0.000, 0.00, 0.000
16409,175061, 41.52, 41.53, 0.998, 0.998, 0.842851, 0.387722,1,1,0, 1.000000, 0.393979, 1.026616, 0.369499, 41.52, 0.998, 82.19, 0.705, 0.00, 0.000, 0.00, 0.000
16410,175072, 41.66, 41.59, 0.996, 0.997, 0.784651, 0.271708,1,1,0, 0.999999, 0.579303, 0.782490, 0.432235, 41.66, 0.996, 82.75, 0.729, 0.00, 0.000, 0.00, 0.000
16411,175082, 41.66, 41.62, 0.998, 0.999, 0.830293, 0.422914,1,1,0, 0.926849, 0.455236, 1.003753, 0.505349, 41.66, 0.998, 82.75, 0.740, 0.00, 0.000, 0.00, 0.000
16412,175093, 41.66, 41.64, 0.998, 0.998, 0.760300, 0.296369,1,1,0, 0.858477, 0.352884, 0.677672, 0.315804, 41.66, 0.998, 84.50, 0.740, 0.00, 0.000, 0.00, 0.000
16413,175104, 41.52, 41.59, 0.998, 0.998, 0.812223, 0.394594,1,1,0, 0.999999, 0.619937, 0.944468, 0.550775, 41.52, 0.998, 82.19, 0.746, 0.00, 0.000, 0.00, 0.000
16414,175114, 41.52, 41.56, 0.995, 0.997, 0.743887, 0.276523,1,1,0, 0.579466, 0.341346, 0.514691, 0.305620, 41.52, 0.995, 82.75, 0.773, 0.00, 0.000, 0.00, 0.000
16415,175125, 41.66, 41.60, 0.996, 0.997, 0.802437, 0.330403,1,1,0, 0.999999, 0.639772, 0.889470, 0.579807, 41.66, 0.996, 83.33, 0.803, 0.00, 0.000, 0.00, 0.000
16416,175136, 41.52, 41.57, 0.997, 0.998, 0.736867, 0.231540,1,1,0, 0.621049, 0.346053, 0.563558, 0.320474, 41.52, 0.997, 82.75, 0.832, 0.00, 0.000, 0.00, 0.000
16417,175146, 41.52, 41.55, 0.998, 0.998, 0.763824, 0.381523,1,1,0, 0.999999, 0.570123, 0.871661, 0.499071, 41.52, 0.998, 83.33, 0.843, 0.00, 0.000, 0.00, 0.000
16418,175157, 41.52, 41.53, 0.998, 0.999, 0.726720, 0.267363,1,1,0, 0.783217, 0.381492, 0.872184, 0.365475, 41.52, 0.998, 82.75, 0.841, 0.00, 0.000, 0.00, 0.000
16419,175168, 41.52, 41.53, 0.998, 0.998, 0.731670, 0.375847,1,1,0, 0.999999, 0.580709, 0.824892, 0.467266, 41.52, 0.998, 83.33, 0.843, 0.00, 0.000, 0.00, 0.000
16420,175178, 41.52, 41.52, 0.997, 0.998, 0.724527, 0.263386,1,1,0, 0.748544, 0.396952, 0.828082, 0.432425, 41.52, 0.997, 82.19, 0.852, 0.00, 0.000, 0.00, 0.000
16421,175189, 41.66, 41.58, 0.997, 0.997, 0.674559, 0.184575,1,1,0, 0.682064, 0.404839, 0.640889, 0.366588, 41.66, 0.997, 84.50, 0.861, 0.00, 0.000, 0.00, 0.000
16422,175200, 41.66, 41.62, 0.997, 0.998, 0.710025, 0.323751,1,1,0, 0.999999, 0.559766, 0.829570, 0.494378, 41.66, 0.997, 82.19, 0.875, 0.00, 0.000, 0.00, 0.000
16423,175210, 41.52, 41.57, 0.997, 0.998, 0.661144, 0.226878,1,1,0, 0.684452, 0.420550, 0.667564, 0.364960, 41.52, 0.997, 83.33, 0.893, 0.00, 0.000, 0.00, 0.000
16424,175221, 41.52, 41.55, 0.999, 0.999, 0.722094, 0.405924,1,1,0, 0.999999, 0.568971, 0.835694, 0.531288, 41.52, 0.999, 82.75, 0.897, 0.00, 0.000, 0.00, 0.000
16425,175232, 41.52, 41.54, 0.999, 0.999, 0.671695, 0.284463,1,1,0, 0.674564, 0.407572, 0.676472, 0.367567, 41.52, 0.999, 83.33, 0.900, 0.00, 0.000, 0.00, 0.000
16426,175242, 41.52, 41.53, 0.998, 0.999, 0.714325, 0.480777,1,1,0, 0.999999, 0.533539, 0.846966, 0.455930, 41.52, 0.998, 83.33, 0.895, 0.00, 0.000, 0.00, 0.000
16427,175253, 41.52, 41.52, 0.998, 0.998, 0.669936, 0.336919,1,1,0, 0.621641, 0.395656, 0.735940, 0.381460, 41.52, 0.998, 82.75, 0.884, 0.00, 0.000, 0.00, 0.000
16428,175264, 41.52, 41.52, 0.997, 0.998, 0.729372, 0.499994,1,1,0, 0.999999, 0.592378, 0.844353, 0.505542, 41.52, 0.997, 83.91, 0.886, 0.00, 0.000, 0.00, 0.000
16429,175274, 41.52, 41.52, 0.998, 0.998, 0.678146, 0.350386,1,1,0, 0.629995, 0.357753, 0.689983, 0.376886, 41.52, 0.998, 82.19, 0.881, 0.00, 0.000, 0.00, 0.000
16430,175285, 41.52, 41.52, 0.997, 0.998, 0.643300, 0.245543,1,1,0, 0.724287, 0.458158, 0.686848, 0.410030, 41.52, 0.997, 83.91, 0.883, 0.00, 0.000, 0.00, 0.000
16431,175296, 41.52, 41.52, 0.999, 0.999, 0.692474, 0.388418,1,1,0, 0.999999, 0.533012, 0.849323, 0.473968, 41.52, 0.999, 82.19, 0.888, 0.00, 0.000, 0.00, 0.000
16432,175306, 41.52, 41.52, 0.998, 0.999, 0.653973, 0.272195,1,1,0, 0.751595, 0.477518, 0.681716, 0.414804, 41.52, 0.998, 83.33, 0.899, 0.00, 0.000, 0.00, 0.000
16433,175317, 41.52, 41.52, 0.998, 0.999, 0.701401, 0.362555,1,1,0, 0.980843, 0.505412, 0.819953, 0.481696, 41.52, 0.998, 82.19, 0.904, 0.00, 0.000, 0.00, 0.000
16434,175328, 41.52, 41.52, 0.998, 0.998, 0.687006, 0.254071,1,1,0, 0.796823, 0.469684, 0.727199, 0.427261, 41.52, 0.998, 83.33, 0.899, 0.00, 0.000, 0.00, 0.000
16435,175338, 41.52, 41.52, 0.998, 0.998, 0.700337, 0.308221,1,1,0, 0.946550, 0.499549, 0.795476, 0.414990, 41.52, 0.998, 82.75, 0.884, 0.00, 0.000, 0.00, 0.000
16436,175349, 41.52, 41.52, 0.998, 0.998, 0.655556, 0.215995,1,1,0, 0.669636, 0.403047, 0.604252, 0.384209, 41.52, 0.998, 82.19, 0.868, 0.00, 0.000, 0.00, 0.000
16437,175360, 41.52, 41.52, 0.999, 0.999, 0.724474, 0.346018,1,1,0, 0.940559, 0.577550, 0.804928, 0.515810, 41.52, 0.999, 83.91, 0.856, 0.00, 0.000, 0.00, 0.000
16438,175370, 41.52, 41.52, 0.999, 0.999, 0.673313, 0.242482,1,1,0, 0.692694, 0.362201, 0.607082, 0.355653, 41.52, 0.999, 82.19, 0.846, 0.00, 0.000, 0.00, 0.000
16439,175381, 41.52, 41.52, 0.998, 0.999, 0.672836, 0.207871,1,1,0, 0.788647, 0.498560, 0.757186, 0.441370, 41.52, 0.998, 83.91, 0.855, 0.00, 0.000, 0.00, 0.000
16440,175392, 41.52, 41.52, 0.998, 0.998, 0.677029, 0.202057,1,1,0, 0.902718, 0.497316, 0.776965, 0.447998, 41.52, 0.998, 81.63, 0.853, 0.00, 0.000, 0.00, 0.000
16441,175402, 41.52, 41.52, 0.998, 0.998, 0.694501, 0.291610,1,1,0, 0.804906, 0.531830, 0.781069, 0.466325, 41.52, 0.998, 83.91, 0.861, 0.00, 0.000, 0.00, 0.000
16442,175413, 41.52, 41.52, 0.998, 0.999, 0.680469, 0.204355,1,1,0, 0.855971, 0.440977, 0.755680, 0.426103, 41.52, 0.998, 82.19, 0.862, 0.00, 0.000, 0.00, 0.000
16443,175424, 41.52, 41.52, 0.998, 0.999, 0.707515, 0.378320,1,1,0, 0.794148, 0.498063, 0.791989, 0.460810, 41.52, 0.998, 83.91, 0.852, 0.00, 0.000, 0.00, 0.000
16444,175434, 41.52, 41.52, 0.999, 0.999, 0.687400, 0.265120,1,1,0, 0.842395, 0.498138, 0.755793, 0.405460, 41.52, 0.999, 82.19, 0.835, 0.00, 0.000, 0.00, 0.000
16445,175445, 41.52, 41.52, 0.999, 0.999, 0.646781, 0.185790,1,1,0, 0.774988, 0.419047, 0.615633, 0.396176, 41.52, 0.999, 82.19, 0.826, 0.00, 0.000, 0.00, 0.000
16446,175456, 41.52, 41.52, 0.999, 0.999, 0.694776, 0.284455,1,1,0, 0.804266, 0.532789, 0.789426, 0.493817, 41.52, 0.999, 84.50, 0.820, 0.00, 0.000, 0.00, 0.000
16447,175466, 41.52, 41.52, 0.998, 0.998, 0.647060, 0.199340,1,1,0, 0.730317, 0.371491, 0.582194, 0.343392, 41.52, 0.998, 82.19, 0.799, 0.00, 0.000, 0.00, 0.000
16448,175477, 41.52, 41.52, 0.998, 0.999, 0.691379, 0.348153,1,1,0, 0.820435, 0.539901, 0.808076, 0.474709, 41.52, 0.998, 83.91, 0.791, 0.00, 0.000, 0.00, 0.000
16449,175488, 41.52, 41.52, 0.998, 0.999, 0.661484, 0.243978,1,1,0, 0.775319, 0.465952, 0.721050, 0.428662, 41.52, 0.998, 81.08, 0.777, 0.00, 0.000, 0.00, 0.000
16450,175498, 41.37, 41.46, 0.998, 0.999, 0.709958, 0.334506,1,1,0, 0.857360, 0.563832, 0.795988, 0.497418, 41.37, 0.998, 84.50, 0.794, 0.00, 0.000, 0.00, 0.000
16451,175509, 41.52, 41.48, 0.999, 0.999, 0.670471, 0.234415,1,1,0, 0.766983, 0.415684, 0.713141, 0.398142, 41.52, 0.999, 81.63, 0.802, 0.00, 0.000, 0.00, 0.000
16452,175520, 41.52, 41.50, 0.999, 0.999, 0.709871, 0.310625,1,1,0, 0.853169, 0.506088, 0.776295, 0.474165, 41.52, 0.999, 83.91, 0.804, 0.00, 0.000, 0.00, 0.000
16453,175530, 41.52, 41.51, 0.999, 0.999, 0.666324, 0.217679,1,1,0, 0.767716, 0.495346, 0.703821, 0.403620, 41.52, 0.999, 82.19, 0.798, 0.00, 0.000, 0.00, 0.000
16454,175541, 41.52, 41.51, 0.998, 0.998, 0.665703, 0.252681,1,1,0, 0.869788, 0.448423, 0.730184, 0.416032, 41.52, 0.998, 81.63, 0.785, 0.00, 0.000, 0.00, 0.000
16455,175552, 41.52, 41.51, 0.999, 0.999, 0.689468, 0.249716,1,1,0, 0.794313, 0.500842, 0.789985, 0.476812, 41.52, 0.999, 84.50, 0.763, 0.00, 0.000, 0.00, 0.000
16456,175562, 41.52, 41.52, 0.999, 0.999, 0.641729, 0.174996,1,1,0, 0.698957, 0.376756, 0.594962, 0.335596, 41.52, 0.999, 82.19, 0.729, 0.00, 0.000, 0.00, 0.000
16457,175573, 41.52, 41.52, 0.999, 0.999, 0.697239, 0.248997,1,1,0, 0.873384, 0.560633, 0.786806, 0.491650, 41.52, 0.999, 84.50, 0.714, 0.00, 0.000, 0.00, 0.000
16458,175584, 41.52, 41.52, 0.999, 0.999, 0.658225, 0.174492,1,1,0, 0.710304, 0.440207, 0.672661, 0.415732, 41.52, 0.999, 80.53, 0.713, 0.00, 0.000, 0.00, 0.000
16459,175594, 41.52, 41.52, 0.999, 0.999, 0.715923, 0.271159,1,1,0, 0.877748, 0.569587, 0.788583, 0.508082, 41.52, 0.999, 85.10, 0.748, 0.00, 0.000, 0.00, 0.000
16460,175605, 41.37, 41.46, 0.998, 0.999, 0.665029, 0.190022,1,1,0, 0.678474, 0.396080, 0.670703, 0.364423, 41.37, 0.998, 81.63, 0.760, 0.00, 0.000, 0.00, 0.000
16461,175616, 41.37, 41.42, 0.998, 0.998, 0.728013, 0.296987,1,1,0, 0.899444, 0.523579, 0.798471, 0.493063, 41.37, 0.998, 83.91, 0.754, 0.00, 0.000, 0.00, 0.000
16462,175626, 41.52, 41.46, 0.999, 0.999, 0.688562, 0.208122,1,1,0, 0.774598, 0.505672, 0.787413, 0.424608, 41.52, 0.999, 82.19, 0.752, 0.00, 0.000, 0.00, 0.000
16463,175637, 41.37, 41.43, 0.998, 0.999, 0.696582, 0.300939,1,1,0, 0.884909, 0.462772, 0.767869, 0.425991, 41.37, 0.998, 82.19, 0.734, 0.00, 0.000, 0.00, 0.000
16464,175648, 41.52, 41.46, 0.999, 0.999, 0.687655, 0.210891,1,1,0, 0.743467, 0.470714, 0.782162, 0.448052, 41.52, 0.999, 84.50, 0.714, 0.00, 0.000, 0.00, 0.000
16465,175658, 41.52, 41.49, 0.999, 0.999, 0.641255, 0.147788,1,1,0, 0.650656, 0.397014, 0.623836, 0.349739, 41.52, 0.999, 82.19, 0.686, 0.00, 0.000, 0.00, 0.000
16466,175669, 41.52, 41.50, 0.999, 0.999, 0.686351, 0.215195,1,1,0, 0.879244, 0.561576, 0.771232, 0.494579, 41.52, 0.999, 85.10, 0.669, 0.00, 0.000, 0.00, 0.000
16467,175680, 41.52, 41.51, 0.999, 0.999, 0.646373, 0.150804,1,1,0, 0.629245, 0.416813, 0.623838, 0.400702, 41.52, 0.999, 80.00, 0.676, 0.00, 0.000, 0.00, 0.000
16468,175690, 41.52, 41.51, 0.999, 0.999, 0.720455, 0.297043,1,1,0, 0.912968, 0.582157, 0.778704, 0.525815, 41.52, 0.999, 85.71, 0.707, 0.00, 0.000, 0.00, 0.000
16469,175701, 41.52, 41.51, 0.999, 0.999, 0.664607, 0.208162,1,1,0, 0.620628, 0.383200, 0.610932, 0.336298, 41.52, 0.999, 81.08, 0.703, 0.00, 0.000, 0.00, 0.000
16470,175712, 41.37, 41.46, 0.999, 0.999, 0.707989, 0.332181,1,1,0, 0.915067, 0.512867, 0.789553, 0.481312, 41.37, 0.999, 84.50, 0.702, 0.00, 0.000, 0.00, 0.000
16471,175722, 41.37, 41.42, 0.999, 0.999, 0.674491, 0.232785,1,1,0, 0.739411, 0.508663, 0.750732, 0.443745, 41.37, 0.999, 82.19, 0.720, 0.00, 0.000, 0.00, 0.000
16472,175733, 41.52, 41.46, 0.999, 0.999, 0.708021, 0.365702,1,1,0, 0.918383, 0.473258, 0.788006, 0.434779, 41.52, 0.999, 82.19, 0.712, 0.00, 0.000, 0.00, 0.000
16473,175744, 41.52, 41.49, 0.999, 0.999, 0.670628, 0.256276,1,1,0, 0.745478, 0.459087, 0.727065, 0.425227, 41.52, 0.999, 84.50, 0.697, 0.00, 0.000, 0.00, 0.000
16474,175754, 41.52, 41.50, 0.998, 0.999, 0.628302, 0.179593,1,1,0, 0.639022, 0.424682, 0.617718, 0.377358, 41.52, 0.998, 81.63, 0.666, 0.00, 0.000, 0.00, 0.000
16475,175765, 41.66, 41.57, 0.976, 0.983, 0.667403, 0.327332,1,1,0, 0.920173, 0.475098, 0.802811, 0.444869, 41.66, 0.976, 84.50, 0.640, 0.00, 0.000, 0.00, 0.000
16476,175776, 41.37, 41.49, 0.942, 0.958, 0.610714, 0.229388,1,1,0, 0.432184, 0.251960, 0.368935, 0.238308, 41.37, 0.942, 78.94, 0.630, 0.00, 0.000, 0.00, 0.000
16477,175786, 42.40, 41.87, 0.907, 0.933, 0.554670, 0.160750,1,1,0, 0.427206, 0.200202, 0.367913, 0.194318, 42.40, 0.907, 85.71, 0.591, 0.00, 0.000, 0.00, 0.000
16478,175797, 43.01, 42.35, 0.740, 0.767, 0.502032, 0.112650,1,1,0, 0.298153, 0.174988, 0.297828, 0.156608, 43.01, 0.740, 80.00, 0.555, 33.14, 0.344, 0.00, 0.000
16479,175808, 50.00, 42.35, 0.341, 0.691, 0.449029, 0.078943,1,1,0, 0.264918, 0.124071, 0.201192, 0.089589, 50.00, 0.341, 82.19, 0.319, 45.11, 0.280, 0.00, 0.000
16480,175818, 39.21, 41.03, 0.534, 0.563, 0.398938, 0.055321,1,1,0, 0.195999, 0.103367, 0.152423, 0.067004, 39.21, 0.534, 32.00, 0.522, 155.84, 0.409, 78.94, 0.377
16481,175829, 41.66, 41.29, 0.722, 0.726, 0.358811, 0.038768,1,1,0, 0.146900, 0.088546, 0.119886, 0.081611, 41.66, 0.722, 34.58, 0.284, 53.81, 0.227, 166.66, 0.208
16482,175840, 42.40, 41.76, 0.878, 0.881, 0.320379, 0.027168,1,1,0, 0.159438, 0.086338, 0.115764, 0.060998, 42.40, 0.878, 34.78, 0.312, 210.52, 0.296, 53.09, 0.170
16483,175850, 42.10, 41.90, 0.972, 0.980, 0.286213, 0.019038,1,1,0, 0.095952, 0.066323, 0.085528, 0.053237, 42.10, 0.972, 52.40, 0.453, 0.00, 0.000, 0.00, 0.000
16484,175861, 41.95, 41.92, 0.986, 0.990, 0.255954, 0.013342,1,1,0, 0.104438, 0.058136, 0.082040, 0.050028, 41.95, 0.986, 51.72, 0.336, 0.00, 0.000, 0.00, 0.000
16485,175872, 42.40, 42.12, 0.923, 0.944, 0.228334, 0.009349,1,1,0, 0.090920, 0.048873, 0.093592, 0.045525, 42.40, 0.923, 34.58, 0.337, 203.38, 0.279, 0.00, 0.000
16486,175882, 42.25, 42.18, 0.847, 0.883, 0.203079, 0.006552,1,1,0, 0.076247, 0.039534, 0.069020, 0.031386, 42.25, 0.847, 34.09, 0.391, 54.29, 0.368, 190.47, 0.274
16487,175893, 41.66, 41.96, 0.900, 0.922, 0.180818, 0.004591,1,1,0, 0.076330, 0.033190, 0.067997, 0.029413, 41.66, 0.900, 33.99, 0.624, 179.10, 0.475, 54.54, 0.317
16488,175904, 42.10, 42.02, 0.810, 0.862, 0.161239, 0.003217,1,1,0, 0.048218, 0.027992, 0.041860, 0.026645, 42.10, 0.810, 33.33, 0.555, 166.66, 0.526, 55.55, 0.523
16489,175914, 41.81, 41.93, 0.823, 0.873, 0.144116, 0.002254,1,1,0, 0.057768, 0.030117, 0.056486, 0.028342, 41.81, 0.823, 33.61, 0.757, 55.81, 0.701, 169.01, 0.640
16490,175925, 41.66, 41.82, 0.935, 0.953, 0.129653, 0.001580,1,1,0, 0.044248, 0.031552, 0.043184, 0.031088, 41.66, 0.935, 83.33, 0.837, 169.01, 0.806, 55.55, 0.787
16491,175936, 33.14, 41.69, 0.924, 0.932, 0.116121, 0.001107,1,1,0, 0.050040, 0.025221, 0.047523, 0.024188, 33.14, 0.924, 41.52, 0.906, 166.66, 0.894, 55.29, 0.893
16492,175946, 82.75, 41.62, 0.903, 0.926, 0.104638, 0.000776,1,1,0, 0.058014, 0.029159, 0.052915, 0.027884, 82.75, 0.903, 41.52, 0.898, 55.29, 0.892, 33.33, 0.888
16493,175957, 33.51, 41.70, 0.938, 0.948, 0.094487, 0.000543,1,1,0, 0.045862, 0.027409, 0.045513, 0.026503, 33.51, 0.938, 41.81, 0.927, 55.81, 0.922, 83.91, 0.908
16494,175968, 55.81, 41.74, 0.932, 0.920, 0.085700, 0.000381,1,1,0, 0.049578, 0.029689, 0.047312, 0.027970, 55.81, 0.932, 33.42, 0.926, 83.91, 0.892, 41.81, 0.890
16495,175978, 33.33, 41.65, 0.950, 0.931, 0.078287, 0.000267,1,1,0, 0.045009, 0.029762, 0.042915, 0.029206, 33.33, 0.950, 55.29, 0.947, 83.33, 0.915, 166.66, 0.906
16496,175989, 41.37, 41.53, 0.965, 0.974, 0.071147, 0.000187,1,1,0, 0.040360, 0.024638, 0.040767, 0.023960, 41.37, 0.965, 82.75, 0.947, 55.04, 0.943, 33.14, 0.937
16497,176000, 82.75, 41.53, 0.946, 0.955, 0.064892, 0.000131,1,1,0, 0.051806, 0.025773, 0.046983, 0.025013, 82.75, 0.946, 41.52, 0.938, 55.29, 0.926, 166.66, 0.909
16498,176010, 83.33, 41.64, 0.688, 0.621, 0.087382, 0.081538,1,1,0, 0.151260, 0.075889, 0.110408, 0.059992, 83.33, 0.688, 41.81, 0.511, 56.07, 0.464, 33.61, 0.377
16499,176021, 41.37, 41.53, 0.473, 0.523, 0.088589, 0.057140,1,1,0, 0.126253, 0.075943, 0.104059, 0.048435, 41.37, 0.473, 33.51, 0.425, 55.29, 0.368, 82.19, 0.287
16500,176032, 40.95, 41.29, 0.661, 0.682, 0.094517, 0.051938,1,1,0, 0.105718, 0.068542, 0.109593, 0.056423, 40.95, 0.661, 33.51, 0.532, 82.75, 0.202, 179.10, 0.150
16501,176042, 33.33, 37.94, 0.952, 0.894, 0.090681, 0.036397,1,1,0, 0.125027, 0.071653, 0.095793, 0.051500, 33.33, 0.952, 40.81, 0.376, 181.81, 0.231, 0.00, 0.000
16502,176053, 32.96, 35.85, 0.927, 0.876, 0.082325, 0.025506,1,1,0, 0.088315, 0.047839, 0.083970, 0.031497, 32.96, 0.927, 171.42, 0.434, 40.81, 0.393, 0.00, 0.000
16503,176064, 33.51, 34.87, 0.886, 0.878, 0.075511, 0.017874,1,1,0, 0.068809, 0.040915, 0.074751, 0.036247, 33.51, 0.886, 40.81, 0.646, 171.42, 0.431, 54.29, 0.013
16504,176074, 41.81, 34.26, 0.735, 0.721, 0.068779, 0.012526,1,1,0, 0.056294, 0.027630, 0.039175, 0.024634, 41.81, 0.735, 33.42, 0.704, 171.42, 0.457, 55.29, 0.131
16505,176085, 33.61, 33.99, 0.720, 0.736, 0.063556, 0.008778,1,1,0, 0.054638, 0.032029, 0.051191, 0.030592, 33.61, 0.720, 171.42, 0.590, 41.95, 0.515, 56.07, 0.365
16506,176096, 166.66, 33.52, 0.791, 0.784, 0.058094, 0.006151,1,1,0, 0.044533, 0.022864, 0.043705, 0.022943, 166.66, 0.791, 32.87, 0.777, 41.09, 0.699, 82.75, 0.697
16507,176106, 33.24, 33.40, 0.950, 0.962, 0.053615, 0.004310,1,1,0, 0.054173, 0.028791, 0.050089, 0.026533, 33.24, 0.950, 55.29, 0.872, 41.37, 0.848, 83.33, 0.831
16508,176117, 33.42, 33.41, 0.906, 0.932, 0.049678, 0.003020,1,1,0, 0.048611, 0.028539, 0.046239, 0.024916, 33.42, 0.906, 55.55, 0.874, 41.52, 0.848, 164.38, 0.824
16509,176128, 33.33, 33.38, 0.940, 0.956, 0.045959, 0.002117,1,1,0, 0.044692, 0.024270, 0.041935, 0.022918, 33.33, 0.940, 41.81, 0.846, 166.66, 0.841, 83.91, 0.838
16510,176138, 33.51, 33.43, 0.929, 0.949, 0.046665, 0.017109,1,1,0, 0.057244, 0.035204, 0.053214, 0.030880, 33.51, 0.929, 55.55, 0.831, 41.66, 0.811, 164.38, 0.797
16511,176149, 33.05, 33.27, 0.908, 0.934, 0.047343, 0.023074,1,1,0, 0.057897, 0.030077, 0.053345, 0.026969, 33.05, 0.908, 41.23, 0.895, 166.66, 0.830, 54.79, 0.772
16512,176160, 33.24, 33.26, 0.839, 0.875, 0.047290, 0.018965,1,1,0, 0.090245, 0.048159, 0.055283, 0.026707, 33.24, 0.839, 41.37, 0.777, 166.66, 0.734, 55.29, 0.629
16513,176170, 33.33, 33.29, 0.925, 0.946, 0.044028, 0.013290,1,1,0, 0.035896, 0.021164, 0.042718, 0.024524, 33.33, 0.925, 166.66, 0.780, 41.23, 0.698, 83.33, 0.488
16514,176181, 169.01, 33.30, 0.798, 0.562, 0.044697, 0.018310,1,1,0, 0.068444, 0.040615, 0.052059, 0.027114, 169.01, 0.798, 83.91, 0.609, 55.81, 0.515, 33.33, 0.503
16515,176192, 83.33, 36.69, 0.758, 0.636, 0.045525, 0.023376,1,1,0, 0.080111, 0.040610, 0.052210, 0.027495, 83.33, 0.758, 164.38, 0.750, 55.29, 0.646, 41.37, 0.614
16516,176202, 166.66, 56.04, 0.881, 0.812, 0.042205, 0.016381,1,1,0, 0.042304, 0.022929, 0.041724, 0.022510, 166.66, 0.881, 82.75, 0.835, 55.29, 0.729, 41.52, 0.605
16517,176213, 164.38, 55.62, 0.822, 0.807, 0.042558, 0.017342,1,1,0, 0.064753, 0.031427, 0.049122, 0.025335, 164.38, 0.822, 83.33, 0.814, 55.04, 0.744, 33.24, 0.679
16518,176224, 33.42, 55.59, 0.832, 0.866, 0.039443, 0.012152,1,1,0, 0.053153, 0.024394, 0.035826, 0.020451, 33.42, 0.832, 83.91, 0.820, 55.55, 0.813, 164.38, 0.781
16519,176234, 83.91, 55.68, 0.866, 0.856, 0.036969, 0.008516,1,1,0, 0.042755, 0.024520, 0.032435, 0.021594, 83.91, 0.866, 166.66, 0.844, 33.42, 0.842, 41.81, 0.837
16520,176245, 83.91, 55.63, 0.905, 0.905, 0.039192, 0.023100,1,1,0, 0.046467, 0.026428, 0.046349, 0.025157, 83.91, 0.905, 55.55, 0.868, 41.52, 0.821, 164.38, 0.801
16521,176256, 55.29, 55.49, 0.955, 0.967, 0.036706, 0.016188,1,1,0, 0.038385, 0.023377, 0.030594, 0.021148, 55.29, 0.955, 33.05, 0.948, 82.75, 0.928, 41.37, 0.919
16522,176266, 33.24, 55.41, 0.924, 0.934, 0.035163, 0.011344,1,1,0, 0.036063, 0.022821, 0.038469, 0.021322, 33.24, 0.924, 83.33, 0.922, 41.37, 0.920, 55.29, 0.909
16523,176277, 83.33, 55.47, 0.923, 0.893, 0.033707, 0.007950,1,1,0, 0.046584, 0.021652, 0.036584, 0.020226, 83.33, 0.923, 166.66, 0.852, 55.55, 0.852, 41.52, 0.844
16524,176288, 33.51, 55.72, 0.940, 0.919, 0.032068, 0.005571,1,1,0, 0.041908, 0.026474, 0.033591, 0.022070, 33.51, 0.940, 56.07, 0.888, 41.81, 0.885, 83.91, 0.867
16525,176298, 56.07, 55.87, 0.775, 0.838, 0.039179, 0.034779,1,1,0, 0.050610, 0.027348, 0.048547, 0.022610, 56.07, 0.775, 83.91, 0.753, 166.66, 0.658, 33.70, 0.553
16526,176309, 56.07, 55.95, 0.651, 0.719, 0.035773, 0.024373,1,1,0, 0.044259, 0.025219, 0.023298, 0.013540, 56.07, 0.651, 169.01, 0.596, 83.91, 0.453, 33.80, 0.395
16527,176320, 171.42, 55.95, 0.421, 0.647, 0.032386, 0.017080,1,1,0, 0.018258, 0.009942, 0.018549, 0.010780, 171.42, 0.421, 42.40, 0.296, 36.36, 0.171, 85.71, 0.148
16528,176330, 45.80, 55.95, 0.416, 0.582, 0.029333, 0.011969,1,1,0, 0.016858, 0.011575, 0.014328, 0.008801, 45.80, 0.416, 37.03, 0.402, 173.91, 0.388, 0.00, 0.000
16529,176341, 63.15, 58.98, 0.513, 0.493, 0.026628, 0.008387,1,1,0, 0.014996, 0.008672, 0.011978, 0.008257, 63.15, 0.513, 48.97, 0.216, 0.00, 0.000, 0.00, 0.000
16530,176352, 36.80, 49.66, 0.842, 0.849, 0.023754, 0.005878,1,1,0, 0.011266, 0.005813, 0.009087, 0.004563, 36.80, 0.842, 72.28, 0.749, 0.00, 0.000, 0.00, 0.000
16531,176362, 74.53, 44.46, 0.800, 0.635, 0.021200, 0.004119,1,1,0, 0.013707, 0.005780, 0.010592, 0.004509, 74.53, 0.800, 37.26, 0.610, 0.00, 0.000, 0.00, 0.000
16532,176373, 36.58, 41.15, 0.872, 0.856, 0.019202, 0.002886,1,1,0, 0.012863, 0.007222, 0.010712, 0.005927, 36.58, 0.872, 73.17, 0.482, 0.00, 0.000, 0.00, 0.000
16533,176384, 36.58, 39.23, 0.812, 0.825, 0.017457, 0.002022,1,1,0, 0.010437, 0.006246, 0.010906, 0.006173, 36.58, 0.812, 73.61, 0.571, 0.00, 0.000, 0.00, 0.000
16534,176394, 37.38, 38.45, 0.701, 0.759, 0.015795, 0.001417,1,1,0, 0.009379, 0.004720, 0.007592, 0.004523, 37.38, 0.701, 75.94, 0.605, 0.00, 0.000, 0.00, 0.000
16535,176405, 37.50, 38.05, 0.834, 0.880, 0.014259, 0.000993,1,1,0, 0.009659, 0.004569, 0.008581, 0.004231, 37.50, 0.834, 75.00, 0.769, 0.00, 0.000, 0.00, 0.000
16536,176416, 36.92, 37.57, 0.868, 0.905, 0.013107, 0.000696,1,1,0, 0.010906, 0.006868, 0.009705, 0.005615, 36.92, 0.868, 74.53, 0.784, 0.00, 0.000, 0.00, 0.000
16537,176426, 36.69, 37.20, 0.725, 0.802, 0.012094, 0.000487,1,1,0, 0.011031, 0.006365, 0.009561, 0.005521, 36.69, 0.725, 74.07, 0.676, 0.00, 0.000, 0.00, 0.000
16538,176437, 75.47, 37.38, 0.720, 0.721, 0.011103, 0.000341,1,1,0, 0.016193, 0.009325, 0.010594, 0.005407, 75.47, 0.720, 37.61, 0.633, 0.00, 0.000, 0.00, 0.000
16539,176448, 37.26, 37.33, 0.845, 0.889, 0.010290, 0.000239,1,1,0, 0.016279, 0.008169, 0.010249, 0.005488, 37.26, 0.845, 75.94, 0.637, 0.00, 0.000, 0.00, 0.000
16540,176458, 36.25, 36.87, 0.642, 0.720, 0.009949, 0.002064,1,1,0, 0.010552, 0.006183, 0.011352, 0.006011, 36.25, 0.642, 73.61, 0.629, 0.00, 0.000, 0.00, 0.000
16541,176469, 37.38, 37.09, 0.782, 0.843, 0.009309, 0.001446,1,1,0, 0.009570, 0.006149, 0.009251, 0.005338, 37.38, 0.782, 75.00, 0.702, 0.00, 0.000, 0.00, 0.000
16542,176480, 37.50, 37.26, 0.800, 0.856, 0.008571, 0.001013,1,1,0, 0.008933, 0.005546, 0.006557, 0.003929, 37.50, 0.800, 75.47, 0.724, 0.00, 0.000, 0.00, 0.000
16543,176490, 36.80, 37.07, 0.839, 0.884, 0.008297, 0.002230,1,1,0, 0.010503, 0.006079, 0.009465, 0.004864, 36.80, 0.839, 74.53, 0.655, 0.00, 0.000, 0.00, 0.000
16544,176501, 36.47, 36.82, 0.884, 0.916, 0.010513, 0.007939,1,1,0, 0.015926, 0.008143, 0.012608, 0.007619, 36.47, 0.884, 74.07, 0.693, 0.00, 0.000, 0.00, 0.000
16545,176512, 76.43, 37.05, 0.681, 0.765, 0.009562, 0.005563,1,1,0, 0.007373, 0.003984, 0.006049, 0.003312, 76.43, 0.681, 37.38, 0.674, 0.00, 0.000, 0.00, 0.000
16546,176522, 75.94, 37.24, 0.755, 0.771, 0.008992, 0.003898,1,1,0, 0.008633, 0.005192, 0.010009, 0.004389, 75.94, 0.755, 37.50, 0.687, 0.00, 0.000, 0.00, 0.000
16547,176533, 36.03, 36.73, 0.809, 0.862, 0.008528, 0.002732,1,1,0, 0.009006, 0.004344, 0.010094, 0.004291, 36.03, 0.809, 73.17, 0.640, 0.00, 0.000, 0.00, 0.000
16548,176544, 36.58, 36.67, 0.945, 0.960, 0.011091, 0.006682,1,1,0, 0.017892, 0.010237, 0.012647, 0.008477, 36.58, 0.945, 75.00, 0.633, 0.00, 0.000, 0.00, 0.000
16549,176554, 37.26, 36.92, 0.761, 0.828, 0.009923, 0.004683,1,1,0, 0.005391, 0.002584, 0.004599, 0.002115, 37.26, 0.761, 75.00, 0.527, 0.00, 0.000, 0.00, 0.000
16550,176565, 37.50, 37.16, 0.751, 0.808, 0.010076, 0.004707,1,1,0, 0.020086, 0.011325, 0.011281, 0.005977, 37.50, 0.751, 77.41, 0.413, 0.00, 0.000, 0.00, 0.000
16551,176576, 36.58, 36.92, 0.882, 0.915, 0.009387, 0.003299,1,1,0, 0.018477, 0.007776, 0.009783, 0.005195, 36.58, 0.882, 75.47, 0.231, 0.00, 0.000, 0.00, 0.000
16552,176586, 72.72, 36.92, 0.605, 0.823, 0.009415, 0.002550,1,1,0, 0.021128, 0.009888, 0.010709, 0.006442, 72.72, 0.605, 36.58, 0.244, 0.00, 0.000, 0.00, 0.000
16553,176597, 75.47, 36.92, 0.540, 0.741, 0.018297, 0.015206,1,1,0, 0.040969, 0.022020, 0.019810, 0.012637, 75.47, 0.540, 38.21, 0.340, 0.00, 0.000, 0.00, 0.000
16554,176608, 86.95, 57.93, 0.845, 0.793, 0.087651, 0.137398,1,1,0, 0.272280, 0.120948, 0.126947, 0.053709, 86.95, 0.845, 40.95, 0.464, 52.17, 0.218, 0.00, 0.000
16555,176618, 43.01, 57.93, 0.202, 0.714, 0.721198, 0.808557,1,1,1, 1.000000, 0.555335, 1.040408, 0.503443, 43.01, 0.202, 100.84, 0.143, 0.00, 0.000, 0.00, 0.000
16556,176629, 54.54, 55.56, 0.486, 0.517, 0.733355, 0.566620,1,1,0, 0.999999, 0.477776, 0.847660, 0.385629, 54.54, 0.486, 37.73, 0.435, 45.80, 0.410, 93.02, 0.226
16557,176640, 54.79, 55.02, 0.893, 0.886, 0.871354, 0.718520,1,1,0, 1.000000, 0.495047, 1.169711, 0.516065, 54.79, 0.893, 96.00, 0.149, 33.99, 0.124, 0.00, 0.000
16558,176650, 55.29, 55.21, 0.954, 0.967, 0.998246, 0.916217,1,1,0, 1.000000, 0.683727, 1.218377, 0.617718, 55.29, 0.954, 103.44, 0.115, 35.50, 0.102, 0.00, 0.000
16559,176661, 55.55, 55.45, 0.991, 0.993, 0.889437, 0.642066,1,1,0, 0.284717, 0.106242, 0.228472, 0.147838, 55.55, 0.991, 114.28, 0.079, 37.50, 0.068, 33.05, 0.050
16560,176672, 55.55, 55.52, 0.994, 0.995, 0.970305, 0.758409,1,1,0, 1.000000, 0.705348, 1.206105, 0.626250, 55.55, 0.994, 111.11, 0.057, 36.25, 0.040, 0.00, 0.000
16561,176682, 55.55, 55.54, 0.992, 0.994, 0.884347, 0.531477,1,1,0, 0.999999, 0.460412, 0.892649, 0.393064, 55.55, 0.992, 35.08, 0.297, 100.00, 0.122, 0.00, 0.000
16562,176693, 55.55, 55.55, 0.980, 0.985, 0.900025, 0.474306,1,1,0, 1.000000, 0.517678, 1.110899, 0.509815, 55.55, 0.980, 35.71, 0.207, 102.56, 0.106, 0.00, 0.000
16563,176704, 55.55, 55.55, 0.989, 0.992, 0.980268, 0.704353,1,1,0, 1.000000, 0.657181, 1.142156, 0.603743, 55.55, 0.989, 35.71, 0.073, 108.10, 0.072, 0.00, 0.000
16564,176714, 55.55, 55.55, 0.986, 0.990, 0.876394, 0.493595,1,1,0, 0.491169, 0.159973, 0.353534, 0.167271, 55.55, 0.986, 35.82, 0.099, 106.19, 0.089, 0.00, 0.000
16565,176725, 55.55, 55.55, 0.994, 0.996, 0.945216, 0.634131,1,1,0, 1.000000, 0.669204, 1.143610, 0.607309, 55.55, 0.994, 120.00, 0.075, 38.33, 0.046, 0.00, 0.000
16566,176736, 55.55, 55.55, 0.995, 0.996, 0.863480, 0.444386,1,1,0, 0.999999, 0.443330, 0.826839, 0.369668, 55.55, 0.995, 34.98, 0.388, 98.36, 0.202, 0.00, 0.000
16567,176746, 55.55, 55.55, 0.996, 0.997, 0.908517, 0.550978,1,1,0, 1.000000, 0.529809, 1.128053, 0.534095, 55.55, 0.996, 36.36, 0.253, 107.14, 0.169, 0.00, 0.000
16568,176757, 55.81, 55.66, 0.997, 0.998, 0.979825, 0.787276,1,1,0, 1.000000, 0.634939, 1.151638, 0.584601, 55.81, 0.997, 36.03, 0.138, 109.09, 0.128, 0.00, 0.000
16569,176768, 55.81, 55.72, 0.996, 0.997, 0.882709, 0.551706,1,1,0, 0.817230, 0.260236, 0.735444, 0.244681, 55.81, 0.996, 110.09, 0.126, 36.69, 0.123, 0.00, 0.000
16570,176778, 55.55, 55.65, 0.998, 0.998, 0.952326, 0.726448,1,1,0, 1.000000, 0.665936, 1.162028, 0.598727, 55.55, 0.998, 116.50, 0.091, 38.21, 0.045, 0.00, 0.000
16571,176789, 55.55, 55.61, 0.998, 0.998, 0.870045, 0.509080,1,1,0, 0.999999, 0.410352, 0.800327, 0.354147, 55.55, 0.998, 34.78, 0.388, 98.36, 0.184, 0.00, 0.000
16572,176800, 55.55, 55.58, 0.998, 0.999, 0.922827, 0.628508,1,1,0, 1.000000, 0.562919, 1.153492, 0.550597, 55.55, 0.998, 37.03, 0.294, 112.14, 0.186, 0.00, 0.000
16573,176810, 55.55, 55.57, 0.998, 0.999, 0.977871, 0.794559,1,1,0, 1.000000, 0.592489, 1.147609, 0.545942, 55.55, 0.998, 35.92, 0.159, 107.14, 0.141, 0.00, 0.000
16574,176821, 55.81, 55.67, 0.998, 0.998, 0.886692, 0.556811,1,1,0, 1.000000, 0.346500, 0.972750, 0.322597, 55.81, 0.998, 111.11, 0.158, 36.92, 0.150, 0.00, 0.000
16575,176832, 55.55, 55.62, 0.998, 0.999, 0.950990, 0.734533,1,1,0, 1.000000, 0.661283, 1.153565, 0.593546, 55.55, 0.998, 114.28, 0.146, 37.73, 0.110, 0.00, 0.000
16576,176842, 55.55, 55.59, 0.998, 0.999, 0.867881, 0.514745,1,1,0, 0.999999, 0.356946, 0.830082, 0.337428, 55.55, 0.998, 34.58, 0.368, 99.17, 0.194, 0.00, 0.000
16577,176853, 55.55, 55.57, 0.998, 0.999, 0.922081, 0.622670,1,1,0, 1.000000, 0.602761, 1.143075, 0.568425, 55.55, 0.998, 37.50, 0.382, 114.28, 0.262, 0.00, 0.000
16578,176864, 55.55, 55.56, 0.998, 0.999, 0.941661, 0.783830,1,1,0, 1.000000, 0.551091, 1.135471, 0.499750, 55.55, 0.998, 35.71, 0.259, 107.14, 0.212, 0.00, 0.000
16579,176874, 55.55, 55.56, 0.998, 0.999, 0.887071, 0.549292,1,1,0, 1.000000, 0.429057, 1.102242, 0.409544, 55.55, 0.998, 111.11, 0.212, 37.03, 0.196, 0.00, 0.000
16580,176885, 55.55, 55.56, 0.999, 0.999, 0.947278, 0.686415,1,1,0, 1.000000, 0.654327, 1.130339, 0.590304, 55.55, 0.999, 113.20, 0.214, 37.50, 0.199, 0.00, 0.000
16581,176896, 55.55, 55.55, 0.999, 0.999, 0.861486, 0.481025,1,1,0, 0.854927, 0.302726, 0.689843, 0.306223, 55.55, 0.999, 34.48, 0.315, 101.69, 0.192, 0.00, 0.000
16582,176906, 55.55, 55.55, 0.999, 0.999, 0.916991, 0.602573,1,1,0, 1.000000, 0.635828, 1.125744, 0.586012, 55.55, 0.999, 37.73, 0.391, 115.38, 0.296, 0.00, 0.000
16583,176917, 55.55, 55.55, 0.999, 0.999, 0.859397, 0.422271,1,1,0, 0.999999, 0.517405, 0.970157, 0.451787, 55.55, 0.999, 35.60, 0.402, 106.19, 0.284, 0.00, 0.000
16584,176928, 55.55, 55.55, 0.998, 0.999, 0.883360, 0.507862,1,1,0, 1.000000, 0.492357, 1.111938, 0.485208, 55.55, 0.998, 111.11, 0.244, 37.15, 0.223, 0.00, 0.000
16585,176938, 55.55, 55.55, 0.999, 0.999, 0.941462, 0.694770,1,1,0, 1.000000, 0.642229, 1.119808, 0.586060, 55.55, 0.999, 112.14, 0.265, 37.26, 0.260, 0.00, 0.000
16586,176949, 55.55, 55.55, 0.999, 0.999, 0.856295, 0.486881,1,1,0, 0.517837, 0.310014, 0.555054, 0.310721, 55.55, 0.999, 34.48, 0.223, 109.09, 0.220, 0.00, 0.000
16587,176960, 55.55, 55.55, 0.999, 0.999, 0.907196, 0.568518,1,1,0, 1.000000, 0.638935, 1.099833, 0.580048, 55.55, 0.999, 37.73, 0.330, 114.28, 0.292, 0.00, 0.000
16588,176970, 55.55, 55.55, 0.999, 0.999, 0.841158, 0.398405,1,1,0, 0.999999, 0.517468, 0.855787, 0.441607, 55.55, 0.999, 35.71, 0.547, 105.26, 0.358, 0.00, 0.000
16589,176981, 55.55, 55.55, 0.999, 0.999, 0.873534, 0.455827,1,1,0, 0.989307, 0.514725, 1.077397, 0.518232, 55.55, 0.999, 111.11, 0.276, 37.15, 0.253, 0.00, 0.000
16590,176992, 55.55, 55.55, 0.999, 0.999, 0.922579, 0.639612,1,1,0, 0.999999, 0.624349, 1.090708, 0.577966, 55.55, 0.999, 112.14, 0.298, 37.15, 0.293, 0.00, 0.000
16591,177002, 55.55, 55.55, 0.999, 0.999, 0.843084, 0.448227,1,1,0, 0.563578, 0.353424, 0.591990, 0.337185, 55.55, 0.999, 110.09, 0.273, 36.80, 0.233, 0.00, 0.000
16592,177013, 55.55, 55.55, 0.999, 0.999, 0.881305, 0.557143,1,1,0, 0.999999, 0.632775, 1.071395, 0.564882, 55.55, 0.999, 114.28, 0.284, 37.61, 0.264, 0.00, 0.000
16593,177024, 55.55, 55.55, 0.999, 0.999, 0.831612, 0.390434,1,1,0, 0.999999, 0.533051, 0.877022, 0.471350, 55.55, 0.999, 35.71, 0.616, 105.26, 0.415, 0.00, 0.000
16594,177034, 55.55, 55.55, 0.999, 0.999, 0.848499, 0.428341,1,1,0, 0.898744, 0.521186, 1.030775, 0.522113, 55.55, 0.999, 111.11, 0.330, 37.03, 0.322, 0.00, 0.000
16595,177045, 55.55, 55.55, 0.999, 0.999, 0.886836, 0.501772,1,1,0, 0.999999, 0.596648, 1.009426, 0.560821, 55.55, 0.999, 111.11, 0.327, 37.03, 0.311, 0.00, 0.000
16596,177056, 55.55, 55.55, 0.999, 0.999, 0.817194, 0.351632,1,1,0, 0.649139, 0.404376, 0.629088, 0.373772, 55.55, 0.999, 111.11, 0.327, 36.92, 0.312, 0.00, 0.000
16597,177066, 55.55, 55.55, 0.999, 0.999, 0.849578, 0.439080,1,1,0, 0.999999, 0.621246, 0.997753, 0.546153, 55.55, 0.999, 113.20, 0.289, 37.61, 0.233, 0.00, 0.000
16598,177077, 55.55, 55.55, 0.999, 0.999, 0.818249, 0.307698,1,1,0, 0.999999, 0.528367, 0.885139, 0.489228, 55.55, 0.999, 35.82, 0.610, 105.26, 0.430, 0.00, 0.000
16599,177088, 55.55, 55.55, 0.999, 0.999, 0.820860, 0.327607,1,1,0, 0.828190, 0.536015, 0.962714, 0.524082, 55.55, 0.999, 37.03, 0.433, 111.11, 0.394, 0.00, 0.000
16600,177098, 55.55, 55.55, 0.999, 0.999, 0.851917, 0.389544,1,1,0, 0.999999, 0.572011, 0.943475, 0.541319, 55.55, 0.999, 111.11, 0.354, 36.92, 0.332, 0.00, 0.000
16601,177109, 55.55, 55.55, 0.999, 0.999, 0.791175, 0.272984,1,1,0, 0.688414, 0.451963, 0.699863, 0.412506, 55.55, 0.999, 110.09, 0.370, 36.80, 0.364, 0.00, 0.000
16602,177120, 55.55, 55.55, 0.999, 0.999, 0.816500, 0.292626,1,1,0, 0.999999, 0.613589, 0.918169, 0.537158, 55.55, 0.999, 113.20, 0.331, 37.50, 0.281, 0.00, 0.000
16603,177130, 55.55, 55.55, 0.999, 0.999, 0.801500, 0.368370,1,1,0, 0.999999, 0.493436, 0.887554, 0.480366, 55.55, 0.999, 35.60, 0.559, 105.26, 0.422, 0.00, 0.000
16604,177141, 55.55, 55.55, 0.999, 0.999, 0.789160, 0.258146,1,1,0, 0.999999, 0.565080, 0.882423, 0.534812, 55.55, 0.999, 37.26, 0.546, 112.14, 0.460, 0.00, 0.000
16605,177152, 55.55, 55.55, 0.999, 0.999, 0.815275, 0.369878,1,1,0, 0.999999, 0.552377, 0.890366, 0.519742, 55.55, 0.999, 110.09, 0.385, 36.80, 0.370, 0.00, 0.000
16606,177162, 55.55, 55.55, 0.999, 0.999, 0.762440, 0.259202,1,1,0, 0.708950, 0.486356, 0.741073, 0.444399, 55.55, 0.999, 111.11, 0.393, 36.92, 0.381, 0.00, 0.000
16607,177173, 55.55, 55.55, 0.999, 0.999, 0.788735, 0.340723,1,1,0, 0.999999, 0.608237, 0.889711, 0.540576, 55.55, 0.999, 113.20, 0.383, 37.50, 0.363, 0.00, 0.000
16608,177184, 55.55, 55.55, 0.999, 0.999, 0.761325, 0.467053,1,1,0, 0.999999, 0.456762, 0.892796, 0.454372, 55.55, 0.999, 35.29, 0.503, 105.26, 0.401, 0.00, 0.000
16609,177194, 55.55, 55.55, 0.999, 0.999, 0.761969, 0.327301,1,1,0, 0.999999, 0.588712, 0.892397, 0.545980, 55.55, 0.999, 37.50, 0.610, 113.20, 0.507, 0.00, 0.000
16610,177205, 55.55, 55.55, 0.999, 0.999, 0.782549, 0.445404,1,1,0, 0.999999, 0.546207, 0.894299, 0.505983, 55.55, 0.999, 36.58, 0.448, 110.09, 0.440, 0.00, 0.000
16611,177216, 55.55, 55.55, 0.999, 0.999, 0.737735, 0.312130,1,1,0, 0.732342, 0.512925, 0.798381, 0.474763, 55.55, 0.999, 111.11, 0.416, 37.03, 0.393, 0.00, 0.000
16612,177226, 55.55, 55.55, 0.999, 0.999, 0.762413, 0.395754,1,1,0, 0.999999, 0.586529, 0.888949, 0.537258, 55.55, 0.999, 113.20, 0.428, 37.50, 0.422, 0.00, 0.000
16613,177237, 55.55, 55.55, 0.999, 0.999, 0.718923, 0.277337,1,1,0, 0.745668, 0.448814, 0.767935, 0.439021, 55.55, 0.999, 35.08, 0.446, 108.10, 0.397, 0.00, 0.000
16614,177248, 55.55, 55.55, 0.999, 0.999, 0.740243, 0.339680,1,1,0, 0.999999, 0.590501, 0.883550, 0.537426, 55.55, 0.999, 37.61, 0.601, 114.28, 0.513, 0.00, 0.000
16615,177258, 55.55, 55.55, 0.999, 0.999, 0.760212, 0.414476,1,1,0, 0.980144, 0.550871, 0.872066, 0.506433, 55.55, 0.999, 36.25, 0.573, 108.10, 0.504, 0.00, 0.000
16616,177269, 55.55, 55.55, 0.999, 0.999, 0.738920, 0.290456,1,1,0, 0.791227, 0.538984, 0.776981, 0.506151, 55.55, 0.999, 111.11, 0.443, 37.15, 0.412, 0.00, 0.000
16617,177280, 55.55, 55.55, 0.999, 0.999, 0.740021, 0.252537,1,1,0, 0.941986, 0.541252, 0.827164, 0.513446, 55.55, 0.999, 112.14, 0.461, 37.26, 0.453, 0.00, 0.000
16618,177290, 55.55, 55.55, 0.999, 0.999, 0.724101, 0.176973,1,1,0, 0.804769, 0.493127, 0.794968, 0.464446, 55.55, 0.999, 110.09, 0.441, 36.36, 0.418, 0.00, 0.000
16619,177301, 55.55, 55.55, 0.999, 0.999, 0.714912, 0.173328,1,1,0, 0.925463, 0.558481, 0.802287, 0.494294, 55.55, 0.999, 37.50, 0.525, 113.20, 0.498, 0.00, 0.000
16620,177312, 55.55, 55.55, 0.999, 0.999, 0.739900, 0.222416,1,1,0, 0.927355, 0.556602, 0.803667, 0.521052, 55.55, 0.999, 36.14, 0.690, 107.14, 0.570, 0.00, 0.000
16621,177322, 55.55, 55.55, 0.999, 0.999, 0.747661, 0.256492,1,1,0, 0.818390, 0.542608, 0.819481, 0.512072, 55.55, 0.999, 111.11, 0.482, 37.15, 0.465, 0.00, 0.000
16622,177333, 55.55, 55.55, 0.999, 0.999, 0.722749, 0.179744,1,1,0, 0.901558, 0.496244, 0.774148, 0.483165, 55.55, 0.999, 112.14, 0.477, 37.15, 0.458, 0.00, 0.000
16623,177344, 55.55, 55.55, 0.999, 0.999, 0.734582, 0.263831,1,1,0, 0.822482, 0.532151, 0.829536, 0.492177, 55.55, 0.999, 110.09, 0.488, 36.80, 0.478, 0.00, 0.000
16624,177354, 55.55, 55.55, 0.999, 0.999, 0.702898, 0.184888,1,1,0, 0.877398, 0.534750, 0.763892, 0.458987, 55.55, 0.999, 112.14, 0.486, 37.38, 0.453, 0.00, 0.000
16625,177365, 55.55, 55.55, 0.999, 0.999, 0.733749, 0.258872,1,1,0, 0.876447, 0.555894, 0.836780, 0.538518, 55.55, 0.999, 36.14, 0.731, 107.14, 0.606, 0.00, 0.000
16626,177376, 55.55, 55.55, 0.999, 0.999, 0.757500, 0.348370,1,1,0, 0.826550, 0.538970, 0.843732, 0.506017, 55.55, 0.999, 37.03, 0.553, 111.11, 0.540, 0.00, 0.000
16627,177386, 55.55, 55.55, 0.999, 0.999, 0.715402, 0.244130,1,1,0, 0.833960, 0.466423, 0.735719, 0.455501, 55.55, 0.999, 111.11, 0.501, 37.15, 0.468, 0.00, 0.000
16628,177397, 55.55, 55.55, 0.999, 0.999, 0.744324, 0.335444,1,1,0, 0.835220, 0.547533, 0.851912, 0.504327, 55.55, 0.999, 111.11, 0.524, 36.92, 0.519, 0.00, 0.000
16629,177408, 55.55, 55.55, 0.999, 0.999, 0.702201, 0.235073,1,1,0, 0.836740, 0.523300, 0.717414, 0.444711, 55.55, 0.999, 112.14, 0.503, 37.26, 0.459, 0.00, 0.000
16630,177418, 55.55, 55.55, 0.999, 0.999, 0.731852, 0.309673,1,1,0, 0.824806, 0.531895, 0.853290, 0.529965, 55.55, 0.999, 36.25, 0.700, 108.10, 0.605, 0.00, 0.000
16631,177429, 55.55, 55.55, 0.999, 0.999, 0.766827, 0.406948,1,1,0, 0.858465, 0.544919, 0.858608, 0.506635, 55.55, 0.999, 37.15, 0.644, 111.11, 0.597, 0.00, 0.000
16632,177440, 55.55, 55.55, 0.999, 0.999, 0.721402, 0.285181,1,1,0, 0.779769, 0.457377, 0.690271, 0.439930, 55.55, 0.999, 111.11, 0.536, 37.03, 0.508, 0.00, 0.000
16633,177450, 55.55, 55.55, 0.999, 0.999, 0.755076, 0.362067,1,1,0, 0.853912, 0.554775, 0.860588, 0.508977, 55.55, 0.999, 111.11, 0.547, 36.80, 0.529, 0.00, 0.000
16634,177461, 55.55, 55.55, 0.999, 0.999, 0.712897, 0.253729,1,1,0, 0.859538, 0.513415, 0.669818, 0.447234, 55.55, 0.999, 112.14, 0.550, 37.38, 0.527, 0.00, 0.000
16635,177472, 55.55, 55.55, 0.999, 0.999, 0.739306, 0.296729,1,1,0, 0.832156, 0.504651, 0.852698, 0.506119, 55.55, 0.999, 36.25, 0.647, 108.10, 0.593, 0.00, 0.000
16636,177482, 55.55, 55.55, 0.999, 0.999, 0.773522, 0.400670,1,1,0, 0.856061, 0.537952, 0.860432, 0.496468, 55.55, 0.999, 37.26, 0.718, 112.14, 0.646, 0.00, 0.000
16637,177493, 55.55, 55.55, 0.999, 0.999, 0.727419, 0.280782,1,1,0, 0.809085, 0.471373, 0.767866, 0.446894, 55.55, 0.999, 110.09, 0.578, 36.92, 0.575, 0.00, 0.000
16638,177504, 55.55, 55.55, 0.999, 0.999, 0.761175, 0.360599,1,1,0, 0.859335, 0.554913, 0.864188, 0.503511, 55.55, 0.999, 111.11, 0.559, 36.92, 0.527, 0.00, 0.000
16639,177514, 55.55, 55.55, 0.999, 0.999, 0.717601, 0.252701,1,1,0, 0.858455, 0.488062, 0.660400, 0.448166, 55.55, 0.999, 112.14, 0.587, 37.38, 0.581, 0.00, 0.000
16640,177525, 55.55, 55.55, 0.999, 0.999, 0.747209, 0.315192,1,1,0, 0.846052, 0.514646, 0.863330, 0.501590, 55.55, 0.999, 36.25, 0.595, 108.10, 0.586, 0.00, 0.000
16641,177536, 55.55, 55.55, 0.999, 0.999, 0.750057, 0.427650,1,1,0, 0.859353, 0.509222, 0.872046, 0.464798, 55.55, 0.999, 37.26, 0.748, 112.14, 0.671, 0.00, 0.000
16642,177546, 55.55, 55.55, 0.999, 0.999, 0.735359, 0.299688,1,1,0, 0.858313, 0.503553, 0.875017, 0.476557, 55.55, 0.999, 36.69, 0.653, 110.09, 0.629, 0.00, 0.000
16643,177557, 55.55, 55.55, 0.999, 0.999, 0.764557, 0.382132,1,1,0, 0.858394, 0.552121, 0.873399, 0.494137, 55.55, 0.999, 111.11, 0.583, 37.03, 0.553, 0.00, 0.000
16644,177568, 55.55, 55.55, 0.972, 0.980, 0.708054, 0.267790,1,1,0, 0.676706, 0.363996, 0.638659, 0.381244, 55.55, 0.972, 111.11, 0.571, 37.15, 0.520, 0.00, 0.000
16645,177578, 55.29, 55.44, 0.886, 0.918, 0.650473, 0.187662,1,1,0, 0.656445, 0.340911, 0.594688, 0.297425, 55.29, 0.886, 113.20, 0.477, 37.85, 0.451, 0.00, 0.000
16646,177589, 30.30, 55.49, 0.905, 0.608, 0.612481, 0.131509,1,1,0, 0.899439, 0.466951, 0.573263, 0.387044, 30.30, 0.905, 55.55, 0.556, 39.08, 0.322, 123.71, 0.265
16647,177600, 55.04, 55.30, 0.459, 0.488, 0.562629, 0.092159,1,1,0, 0.397464, 0.285186, 0.379050, 0.230997, 55.04, 0.459, 41.23, 0.408, 162.16, 0.041, 0.00, 0.000
16648,177610, 49.38, 52.81, 0.571, 0.548, 0.511099, 0.064583,1,1,0, 0.329796, 0.213567, 0.267625, 0.166802, 49.38, 0.571, 65.21, 0.266, 0.00, 0.000, 0.00, 0.000
16649,177621, 52.86, 52.83, 0.704, 0.712, 0.456971, 0.045258,1,1,0, 0.175839, 0.105539, 0.181519, 0.098873, 52.86, 0.704, 0.00, 0.000, 0.00, 0.000, 0.00, 0.000
16650,177632, 54.29, 53.45, 0.899, 0.899, 0.407408, 0.031716,1,1,0, 0.139145, 0.074559, 0.093441, 0.063932, 54.29, 0.899, 0.00, 0.000, 0.00, 0.000, 0.00, 0.000
16651,177642, 55.55, 54.33, 0.877, 0.887, 0.363892, 0.022226,1,1,0, 0.123478, 0.079939, 0.095976, 0.064942, 55.55, 0.877, 0.00, 0.000, 0.00, 0.000, 0.00, 0.000
16652,177653, 54.79, 54.52, 0.802, 0.832, 0.322815, 0.015575,1,1,0, 0.080452, 0.048579, 0.087568, 0.039134, 54.79, 0.802, 0.00, 0.000, 0.00, 0.000, 0.00, 0.000
16653,177664, 53.33, 54.02, 0.738, 0.760, 0.284795, 0.010915,1,1,0, 0.049870, 0.022433, 0.041709, 0.022109, 53.33, 0.738, 0.00, 0.000, 0.00, 0.000, 0.00, 0.000
16654,177674, 30.07, 43.96, 0.916, 0.859, 0.252769, 0.007649,1,1,0, 0.071980, 0.044681, 0.043948, 0.030486, 30.07, 0.916, 56.07, 0.553, 0.00, 0.000, 0.00, 0.000
16655,177685, 31.16, 38.59, 0.775, 0.727, 0.223231, 0.005360,1,1,0, 0.032596, 0.017420, 0.042299, 0.020792, 31.16, 0.775, 70.17, 0.439, 0.00, 0.000, 0.00, 0.000
16656,177696, 37.26, 38.03, 0.613, 0.642, 0.196720, 0.003756,1,1,0, 0.028097, 0.015661, 0.023290, 0.012195, 37.26, 0.613, 43.32, 0.189, 72.72, 0.171, 0.00, 0.000
16657,177706, 43.63, 40.38, 0.499, 0.474, 0.174505, 0.002632,1,1,0, 0.058384, 0.027498, 0.043200, 0.022108, 43.63, 0.499, 0.00, 0.000, 0.00, 0.000, 0.00, 0.000
16658,177717, 44.77, 40.38, 0.407, 0.427, 0.154343, 0.001844,1,1,0, 0.031406, 0.017925, 0.033336, 0.015205, 44.77, 0.407, 73.61, 0.197, 55.55, 0.155, 0.00, 0.000
16659,177728, 37.26, 39.07, 0.483, 0.504, 0.136529, 0.001292,1,1,0, 0.030976, 0.016596, 0.027047, 0.013459, 37.26, 0.483, 43.79, 0.426, 74.07, 0.391, 0.00, 0.000
16660,177738, 38.09, 38.66, 0.565, 0.596, 0.120837, 0.000905,1,1,0, 0.026966, 0.013318, 0.026234, 0.012911, 38.09, 0.565, 75.00, 0.322, 0.00, 0.000, 0.00, 0.000
16661,177749, 32.17, 38.37, 0.607, 0.464, 0.106959, 0.000634,1,1,0, 0.030356, 0.017938, 0.023819, 0.011804, 32.17, 0.607, 77.41, 0.502, 37.97, 0.400, 214.28, 0.098
16662,177760, 37.15, 37.86, 0.792, 0.818, 0.094987, 0.000444,1,1,0, 0.026846, 0.012915, 0.029450, 0.013967, 37.15, 0.792, 74.53, 0.514, 31.74, 0.169, 56.07, 0.067
16663,177770, 54.79, 37.86, 0.371, 0.736, 0.085102, 0.000311,1,1,0, 0.047969, 0.021440, 0.033357, 0.017896, 54.79, 0.371, 44.60, 0.335, 72.72, 0.227, 218.18, 0.098
16664,177781, 44.94, 40.83, 0.701, 0.658, 0.075907, 0.000218,1,1,0, 0.027918, 0.013510, 0.024935, 0.013212, 44.94, 0.701, 54.79, 0.635, 73.61, 0.163, 235.29, 0.132
16665,177792, 54.54, 46.59, 0.646, 0.606, 0.067468, 0.000153,1,1,0, 0.025541, 0.012174, 0.022013, 0.010739, 54.54, 0.646, 45.11, 0.437, 37.38, 0.358, 226.41, 0.198
16666,177802, 54.79, 43.02, 0.490, 0.468, 0.060684, 0.000107,1,1,0, 0.030634, 0.017083, 0.032515, 0.016031, 54.79, 0.490, 38.09, 0.477, 44.44, 0.277, 75.00, 0.262
16667,177813, 30.76, 43.02, 0.394, 0.421, 0.054345, 0.000075,1,1,0, 0.039146, 0.019566, 0.033278, 0.013465, 30.76, 0.394, 73.61, 0.385, 44.44, 0.356, 54.79, 0.295
16668,177824, 72.72, 40.32, 0.722, 0.489, 0.050047, 0.000052,1,1,0, 0.041859, 0.024081, 0.042136, 0.023651, 72.72, 0.722, 36.58, 0.461, 31.41, 0.345, 57.69, 0.158
16669,177834, 37.15, 38.98, 0.781, 0.810, 0.045114, 0.000036,1,1,0, 0.029466, 0.012890, 0.022987, 0.012039, 37.15, 0.781, 74.07, 0.701, 57.41, 0.146, 32.25, 0.001
16670,177845, 34.68, 37.18, 0.783, 0.786, 0.056922, 0.097065,1,1,0, 0.102870, 0.064259, 0.084683, 0.041594, 34.68, 0.783, 71.85, 0.421, 0.00, 0.000, 0.00, 0.000
16671,177856, 55.81, 37.18, 0.087, 0.707, 0.090739, 0.081825,1,1,0, 0.151802, 0.129366, 0.109713, 0.068441, 55.81, 0.087, 0.00, 0.000, 0.00, 0.000, 0.00, 0.000
16672,177866, 44.28, 40.16, 0.684, 0.642, 0.118050, 0.069352,1,1,0, 0.143088, 0.092269, 0.134023, 0.089171, 44.28, 0.684, 0.00, 0.000, 0.00, 0.000, 0.00, 0.000
16673,177877, 45.28, 42.31, 0.610, 0.586, 0.106599, 0.048600,1,1,0, 0.053095, 0.026291, 0.054497, 0.030854, 45.28, 0.610, 0.00, 0.000, 0.00, 0.000, 0.00, 0.000
16674,177888, 54.05, 42.31, 0.475, 0.527, 0.096055, 0.034058,1,1,0, 0.065080, 0.032419, 0.048760, 0.026264, 54.05, 0.475, 0.00, 0.000, 0.00, 0.000, 0.00, 0.000
16675,177898, 57.97, 48.88, 0.492, 0.461, 0.085753, 0.023867,1,1,0, 0.058736, 0.016367, 0.038104, 0.015032, 57.97, 0.492, 0.00, 0.000, 0.00, 0.000, 0.00, 0.000
16676,177909, 56.07, 51.90, 0.635, 0.600, 0.075918, 0.016725,1,1,0, 0.017109, 0.008149, 0.016745, 0.008044, 56.07, 0.635, 70.58, 0.466, 31.25, 0.347, 0.00, 0.000
16677,177920, 31.25, 43.23, 0.572, 0.537, 0.067593, 0.011721,1,1,0, 0.024398, 0.012094, 0.019803, 0.010835, 31.25, 0.572, 235.29, 0.320, 55.29, 0.304, 73.17, 0.194
16678,177930, 74.53, 56.37, 0.652, 0.638, 0.060254, 0.008213,1,1,0, 0.026275, 0.013943, 0.026027, 0.011387, 74.53, 0.652, 31.83, 0.642, 56.07, 0.538, 226.41, 0.509
16679,177941, 73.61, 56.03, 0.719, 0.727, 0.053923, 0.005756,1,1,0, 0.023078, 0.010980, 0.018066, 0.010819, 73.61, 0.719, 55.55, 0.716, 37.03, 0.567, 31.66, 0.502
16680,177952, 36.92, 48.00, 0.828, 0.848, 0.048313, 0.004033,1,1,0, 0.027164, 0.015358, 0.019971, 0.010150, 36.92, 0.828, 74.07, 0.794, 31.91, 0.697, 55.81, 0.500
16681,177962, 37.15, 43.44, 0.849, 0.863, 0.043343, 0.002826,1,1,0, 0.015796, 0.009086, 0.021408, 0.010603, 37.15, 0.849, 74.53, 0.764, 31.74, 0.576, 222.22, 0.324
16682,177973, 74.07, 40.70, 0.866, 0.808, 0.039156, 0.001980,1,1,0, 0.022527, 0.012664, 0.021938, 0.011340, 74.07, 0.866, 36.92, 0.774, 222.22, 0.419, 55.55, 0.374
16683,177984, 74.07, 39.11, 0.886, 0.880, 0.035228, 0.001388,1,1,0, 0.019105, 0.009532, 0.016439, 0.009170, 74.07, 0.886, 36.92, 0.833, 31.91, 0.551, 55.81, 0.535
16684,177994, 74.53, 38.29, 0.939, 0.951, 0.031844, 0.000972,1,1,0, 0.020774, 0.010442, 0.018510, 0.009420, 74.53, 0.939, 37.15, 0.933, 44.77, 0.549, 112.14, 0.476
16685,178005, 74.53, 37.86, 0.938, 0.938, 0.028783, 0.000681,1,1,0, 0.018855, 0.009277, 0.014530, 0.008371, 74.53, 0.938, 37.26, 0.914, 44.60, 0.590, 31.91, 0.553
16686,178016, 37.03, 37.51, 0.938, 0.955, 0.026194, 0.000477,1,1,0, 0.020054, 0.010040, 0.017156, 0.009413, 37.03, 0.938, 74.07, 0.926, 31.49, 0.656, 55.29, 0.601
16687,178026, 37.03, 37.31, 0.952, 0.965, 0.024043, 0.000334,1,1,0, 0.019439, 0.011178, 0.017989, 0.010260, 37.03, 0.952, 74.07, 0.907, 55.29, 0.580, 112.14, 0.556
16688,178037, 37.15, 37.24, 0.923, 0.945, 0.022064, 0.000234,1,1,0, 0.017167, 0.009937, 0.019467, 0.009593, 37.15, 0.923, 74.07, 0.920, 44.77, 0.696, 112.14, 0.602
16689,178048, 37.15, 37.20, 0.956, 0.968, 0.020350, 0.000164,1,1,0, 0.018046, 0.009899, 0.016622, 0.009522, 37.15, 0.956, 74.53, 0.930, 44.77, 0.532, 31.83, 0.499
16690,178058, 74.07, 37.13, 0.930, 0.932, 0.018710, 0.000115,1,1,0, 0.016064, 0.009339, 0.016417, 0.008583, 74.07, 0.930, 37.03, 0.906, 31.74, 0.587, 55.55, 0.526
16691,178069, 74.07, 37.09, 0.792, 0.768, 0.016867, 0.000080,1,1,0, 0.014419, 0.006698, 0.010458, 0.004766, 74.07, 0.792, 37.03, 0.678, 31.49, 0.630, 55.04, 0.569
16692,178080, 37.50, 37.26, 0.695, 0.780, 0.015339, 0.000056,1,1,0, 0.018547, 0.008416, 0.010831, 0.005473, 37.50, 0.695, 74.53, 0.610, 226.41, 0.328, 44.77, 0.308
16693,178090, 37.38, 37.31, 0.503, 0.576, 0.013763, 0.000039,1,1,0, 0.009398, 0.003785, 0.006511, 0.003187, 37.38, 0.503, 31.83, 0.451, 44.77, 0.296, 113.20, 0.253
16694,178101, 37.15, 37.24, 0.696, 0.707, 0.012385, 0.000027,1,1,0, 0.007360, 0.004721, 0.006845, 0.003280, 37.15, 0.696, 31.66, 0.679, 34.28, 0.502, 222.22, 0.426
16695,178112, 34.28, 36.00, 0.530, 0.528, 0.010995, 0.000019,1,1,0, 0.007074, 0.004583, 0.002796, 0.001441, 34.28, 0.530, 222.22, 0.474, 37.03, 0.335, 40.54, 0.287
16696,178122, 32.25, 34.42, 0.485, 0.470, 0.009956, 0.000013,1,1,0, 0.010177, 0.003265, 0.007872, 0.003239, 32.25, 0.485, 222.22, 0.476, 33.80, 0.359, 111.11, 0.273
16697,178133, 222.22, 34.42, 0.460, 0.423, 0.008940, 0.000009,1,1,0, 0.009672, 0.006421, 0.007545, 0.002390, 222.22, 0.460, 111.11, 0.416, 90.22, 0.338, 153.84, 0.288
16698,178144, 33.99, 34.24, 0.543, 0.546, 0.008062, 0.000006,1,1,0, 0.008313, 0.004102, 0.003849, 0.002073, 33.99, 0.543, 32.00, 0.539, 110.09, 0.453, 218.18, 0.399
16699,178154, 109.09, 65.68, 0.527, 0.521, 0.007226, 0.000004,1,1,0, 0.005418, 0.003471, 0.003701, 0.001618, 109.09, 0.527, 33.51, 0.401, 91.60, 0.358, 218.18, 0.335
16700,178165, 49.79, 59.00, 0.725, 0.681, 0.006526, 0.000003,1,1,0, 0.003379, 0.001626, 0.004065, 0.001984, 49.79, 0.725, 109.09, 0.395, 93.75, 0.289, 34.38, 0.228
16701,178176, 49.38, 54.96, 0.801, 0.752, 0.005936, 0.000002,1,1,0, 0.004695, 0.002564, 0.004120, 0.002112, 49.38, 0.801, 33.42, 0.737, 107.14, 0.568, 0.00, 0.000
16702,178186, 49.18, 52.53, 0.699, 0.675, 0.005362, 0.000001,1,1,0, 0.003954, 0.001762, 0.002856, 0.001519, 49.18, 0.699, 33.24, 0.684, 106.19, 0.538, 55.04, 0.142
16703,178197, 49.18, 51.12, 0.794, 0.782, 0.004960, 0.000001,1,1,0, 0.005094, 0.002908, 0.004769, 0.002418, 49.18, 0.794, 105.26, 0.546, 33.61, 0.429, 0.00, 0.000
16704,178208, 49.18, 50.30, 0.807, 0.851, 0.004506, 0.000000,1,1,0, 0.006664, 0.003610, 0.004278, 0.001778, 49.18, 0.807, 103.44, 0.492, 33.24, 0.440, 0.00, 0.000
16705,178218, 33.05, 43.06, 0.696, 0.672, 0.004866, 0.003934,1,1,0, 0.005607, 0.002658, 0.006363, 0.002663, 33.05, 0.696, 101.69, 0.378, 48.78, 0.347, 36.47, 0.106
16706,178229, 32.78, 38.74, 0.693, 0.673, 0.004477, 0.002757,1,1,0, 0.007571, 0.004696, 0.003693, 0.002140, 32.78, 0.693, 100.00, 0.456, 48.78, 0.299, 0.00, 0.000
16707,178240, 101.69, 38.74, 0.458, 0.606, 0.004145, 0.001932,1,1,0, 0.006608, 0.002651, 0.003137, 0.001977, 101.69, 0.458, 31.66, 0.434, 32.60, 0.421, 48.97, 0.155
16708,178250, 102.56, 65.55, 0.666, 0.614, 0.003824, 0.001354,1,1,0, 0.005413, 0.002891, 0.003696, 0.001908, 102.56, 0.666, 190.47, 0.220, 49.58, 0.156, 0.00, 0.000
16709,178261, 33.42, 52.05, 0.731, 0.715, 0.003678, 0.001861,1,1,0, 0.004966, 0.001916, 0.004174, 0.001756, 33.42, 0.731, 103.44, 0.576, 49.79, 0.170, 190.47, 0.024
16710,178272, 102.56, 52.05, 0.498, 0.644, 0.003356, 0.001304,1,1,0, 0.004987, 0.001793, 0.004183, 0.001094, 102.56, 0.498, 33.14, 0.382, 200.00, 0.166, 49.38, 0.078
16711,178282, 33.24, 44.15, 0.946, 0.900, 0.003352, 0.001374,1,1,0, 0.004677, 0.002623, 0.003978, 0.002084, 33.24, 0.946, 100.84, 0.249, 48.97, 0.247, 203.38, 0.031
16712,178293, 33.42, 39.64, 0.928, 0.881, 0.003399, 0.002120,1,1,0, 0.005563, 0.002563, 0.003977, 0.001959, 33.42, 0.928, 49.38, 0.285, 39.86, 0.279, 203.38, 0.257
16713,178304, 33.33, 36.99, 0.892, 0.847, 0.003272, 0.002641,1,1,0, 0.003624, 0.002214, 0.004027, 0.001363, 33.33, 0.892, 49.79, 0.296, 203.38, 0.284, 39.47, 0.269
16714,178314, 33.14, 35.38, 0.977, 0.954, 0.003595, 0.002693,1,1,0, 0.004267, 0.002140, 0.004727, 0.002074, 33.14, 0.977, 100.84, 0.294, 48.97, 0.287, 200.00, 0.163
16715,178325, 48.97, 35.38, 0.573, 0.859, 0.003545, 0.001907,1,1,0, 0.006685, 0.002713, 0.004035, 0.001771, 48.97, 0.573, 100.00, 0.446, 33.24, 0.395, 39.73, 0.109
16716,178336, 49.38, 41.26, 0.929, 0.909, 0.003262, 0.001336,1,1,0, 0.006534, 0.004201, 0.003888, 0.001355, 49.38, 0.929, 32.96, 0.502, 99.17, 0.474, 65.93, 0.093
16717,178346, 49.18, 44.58, 0.476, 0.478, 0.004090, 0.003624,1,1,0, 0.005313, 0.002326, 0.005248, 0.002636, 49.18, 0.476, 33.51, 0.412, 101.69, 0.405, 206.89, 0.015
16718,178357, 33.24, 39.82, 0.896, 0.860, 0.003742, 0.002539,1,1,0, 0.004429, 0.002208, 0.003018, 0.001522, 33.24, 0.896, 101.69, 0.371, 49.18, 0.286, 203.38, 0.032
16719,178368, 33.33, 37.09, 0.814, 0.786, 0.003436, 0.001779,1,1,0, 0.003214, 0.001798, 0.002940, 0.001507, 33.33, 0.814, 49.79, 0.463, 102.56, 0.433, 0.00, 0.000
16720,178378, 33.14, 35.43, 0.864, 0.855, 0.003803, 0.002786,1,1,0, 0.008123, 0.004483, 0.004809, 0.002439, 33.14, 0.864, 100.00, 0.496, 49.38, 0.444, 0.00, 0.000
16721,178389, 98.36, 35.43, 0.621, 0.770, 0.008850, 0.018415,1,1,0, 0.012591, 0.006072, 0.012093, 0.004854, 98.36, 0.621, 42.10, 0.560, 32.87, 0.300, 47.61, 0.213
16722,178400, 130.43, 33.39, 0.500, 0.469, 0.082767, 0.621568,1,1,1, 0.287726, 0.078613, 0.260539, 0.050093, 130.43, 0.500, 375.00, 0.470, 32.52, 0.434, 30.61, 0.349
16723,178410, 33.70, 33.61, 0.674, 0.677, 0.375797, 0.728063,1,1,0, 0.709133, 0.276860, 0.611776, 0.258408, 33.70, 0.674, 51.06, 0.339, 92.30, 0.122, 0.00, 0.000
16724,178421, 72.72, 60.99, 0.686, 0.641, 0.627271, 0.648237,1,1,0, 0.854944, 0.422225, 0.826429, 0.397528, 72.72, 0.686, 43.32, 0.120, 126.31, 0.078, 34.48, 0.047
16725,178432, 73.61, 43.98, 0.886, 0.816, 0.688028, 0.454271,1,1,0, 0.951449, 0.429623, 0.821506, 0.403317, 73.61, 0.886, 36.69, 0.787, 47.43, 0.003, 52.17, 0.000
16726,178442, 74.07, 39.12, 0.976, 0.971, 0.707390, 0.415975,1,1,0, 0.856464, 0.406720, 0.812255, 0.384917, 74.07, 0.976, 37.03, 0.959, 31.08, 0.070, 52.40, 0.018
16727,178453, 37.15, 37.74, 0.997, 0.998, 0.660461, 0.291507,1,1,0, 0.948978, 0.348755, 0.718974, 0.270514, 37.15, 0.997, 74.53, 0.988, 134.83, 0.030, 47.43, 0.022
16728,178464, 37.15, 37.32, 0.999, 0.999, 0.649885, 0.332722,1,1,0, 0.704988, 0.260324, 0.818641, 0.307429, 37.15, 0.999, 74.53, 0.984, 46.15, 0.040, 126.31, 0.013
16729,178474, 37.15, 37.20, 0.996, 0.997, 0.673134, 0.427031,1,1,0, 0.832079, 0.415928, 0.834192, 0.388850, 37.15, 0.996, 74.53, 0.984, 47.80, 0.018, 131.86, 0.008
16730,178485, 37.15, 37.16, 0.996, 0.997, 0.691107, 0.431312,1,1,0, 0.854346, 0.416284, 0.822215, 0.391105, 37.15, 0.996, 74.53, 0.988, 30.92, 0.040, 184.61, 0.004
16731,178496, 74.53, 37.15, 0.996, 0.997, 0.695666, 0.394196,1,1,0, 0.865032, 0.383492, 0.791171, 0.364750, 74.53, 0.996, 37.15, 0.995, 0.00, 0.000, 0.00, 0.000
16732,178506, 74.07, 37.15, 0.997, 0.997, 0.639981, 0.276245,1,1,0, 0.866256, 0.286593, 0.680008, 0.242593, 74.07, 0.997, 37.15, 0.997, 46.51, 0.008, 0.00, 0.000
16733,178517, 37.15, 37.15, 0.999, 0.999, 0.645890, 0.393123,1,1,0, 0.849804, 0.324675, 0.821767, 0.331085, 37.15, 0.999, 74.07, 0.997, 45.45, 0.017, 0.00, 0.000
16734,178528, 37.15, 37.15, 0.999, 0.999, 0.661062, 0.373849,1,1,0, 0.872135, 0.405055, 0.801673, 0.381655, 37.15, 0.999, 74.53, 0.997, 30.15, 0.038, 0.00, 0.000
16735,178538, 37.15, 37.15, 0.999, 0.999, 0.678000, 0.420793,1,1,0, 0.865244, 0.403100, 0.801043, 0.378809, 37.15, 0.999, 74.07, 0.998, 31.16, 0.020, 0.00, 0.000
16736,178549, 37.15, 37.15, 0.999, 0.999, 0.677939, 0.466682,1,1,0, 0.866391, 0.352904, 0.801011, 0.326296, 37.15, 0.999, 74.53, 0.998, 31.91, 0.011, 0.00, 0.000
16737,178560, 37.15, 37.15, 0.999, 0.999, 0.625355, 0.327041,1,1,0, 0.777016, 0.264559, 0.789675, 0.250817, 37.15, 0.999, 74.07, 0.998, 45.97, 0.007, 0.00, 0.000
16738,178570, 37.15, 37.15, 0.999, 0.999, 0.637459, 0.345441,1,1,0, 0.847725, 0.362170, 0.793258, 0.351676, 37.15, 0.999, 74.53, 0.998, 45.28, 0.015, 0.00, 0.000
16739,178581, 37.15, 37.15, 0.999, 0.999, 0.649822, 0.370467,1,1,0, 0.846463, 0.394484, 0.783289, 0.370266, 37.15, 0.999, 74.53, 0.998, 30.61, 0.050, 0.00, 0.000
16740,178592, 37.15, 37.15, 0.999, 0.999, 0.666543, 0.404840,1,1,0, 0.843065, 0.394189, 0.778732, 0.371378, 37.15, 0.999, 74.53, 0.998, 0.00, 0.000, 0.00, 0.000
16741,178602, 37.15, 37.15, 0.999, 0.999, 0.624746, 0.283704,1,1,0, 0.841283, 0.314158, 0.691797, 0.273244, 37.15, 0.999, 74.53, 0.998, 31.74, 0.007, 45.97, 0.003
16742,178613, 37.15, 37.15, 0.999, 0.999, 0.610807, 0.319560,1,1,0, 0.696349, 0.261526, 0.778158, 0.272176, 37.15, 0.999, 74.53, 0.998, 45.45, 0.029, 117.64, 0.004
16743,178624, 37.15, 37.15, 0.999, 0.999, 0.621707, 0.326410,1,1,0, 0.830927, 0.376739, 0.764198, 0.358592, 37.15, 0.999, 74.53, 0.998, 44.94, 0.022, 0.00, 0.000
16744,178634, 37.15, 37.15, 0.999, 0.999, 0.635884, 0.361889,1,1,0, 0.830162, 0.385944, 0.760684, 0.360899, 37.15, 0.999, 74.53, 0.998, 31.00, 0.067, 53.81, 0.011
16745,178645, 37.15, 37.15, 0.999, 0.999, 0.654010, 0.408110,1,1,0, 0.820757, 0.384795, 0.760033, 0.363619, 37.15, 0.999, 74.53, 0.999, 0.00, 0.000, 0.00, 0.000
16746,178656, 37.15, 37.15, 0.999, 0.999, 0.605750, 0.285995,1,1,0, 0.812296, 0.286713, 0.657097, 0.237779, 37.15, 0.999, 74.07, 0.998, 45.62, 0.026, 118.81, 0.007
16747,178666, 37.15, 37.15, 0.999, 0.999, 0.593643, 0.286734,1,1,0, 0.674644, 0.263468, 0.744000, 0.281720, 37.15, 0.999, 74.07, 0.998, 45.11, 0.062, 115.38, 0.027
16748,178677, 37.15, 37.15, 0.999, 0.999, 0.607933, 0.316951,1,1,0, 0.810627, 0.378867, 0.741906, 0.357113, 37.15, 0.999, 74.07, 0.998, 45.11, 0.019, 115.38, 0.002
16749,178688, 37.15, 37.15, 0.999, 0.999, 0.622306, 0.355080,1,1,0, 0.809295, 0.376534, 0.738775, 0.352757, 37.15, 0.999, 74.07, 0.998, 31.16, 0.098, 54.05, 0.022
16750,178698, 37.15, 37.15, 0.999, 0.999, 0.636974, 0.373769,1,1,0, 0.801390, 0.370743, 0.727795, 0.351877, 37.15, 0.999, 74.07, 0.999, 31.57, 0.014, 0.00, 0.000
16751,178709, 37.15, 37.15, 0.999, 0.999, 0.592917, 0.261930,1,1,0, 0.799709, 0.287083, 0.648139, 0.233794, 37.15, 0.999, 74.07, 0.998, 45.45, 0.040, 117.64, 0.018
16752,178720, 37.15, 37.15, 0.999, 0.999, 0.582060, 0.274945,1,1,0, 0.653043, 0.260370, 0.722748, 0.280984, 37.15, 0.999, 74.07, 0.998, 44.94, 0.094, 114.28, 0.049
16753,178730, 37.15, 37.15, 0.999, 0.999, 0.596568, 0.315275,1,1,0, 0.790612, 0.371289, 0.723203, 0.348263, 37.15, 0.999, 74.53, 0.998, 31.41, 0.000, 0.00, 0.000
16754,178741, 37.15, 37.15, 0.999, 0.999, 0.608350, 0.323346,1,1,0, 0.783929, 0.368782, 0.709776, 0.345736, 37.15, 0.999, 74.07, 0.998, 31.25, 0.079, 54.29, 0.023
16755,178752, 37.15, 37.15, 0.999, 0.999, 0.621722, 0.354722,1,1,0, 0.782788, 0.354905, 0.706612, 0.337341, 37.15, 0.999, 74.53, 0.999, 31.74, 0.082, 55.04, 0.028
16756,178762, 37.15, 37.15, 0.999, 0.999, 0.578197, 0.248582,1,1,0, 0.771711, 0.282421, 0.627803, 0.235710, 37.15, 0.999, 74.07, 0.998, 45.45, 0.047, 116.50, 0.027
16757,178773, 37.15, 37.15, 0.999, 0.999, 0.570989, 0.282993,1,1,0, 0.632347, 0.270956, 0.706372, 0.283629, 37.15, 0.999, 74.53, 0.999, 44.77, 0.109, 114.28, 0.054
16758,178784, 37.15, 37.15, 0.999, 0.999, 0.579384, 0.293888,1,1,0, 0.757753, 0.358781, 0.693940, 0.335036, 37.15, 0.999, 74.53, 0.998, 31.33, 0.029, 54.54, 0.011
16759,178794, 37.15, 37.15, 0.999, 0.999, 0.593640, 0.319618,1,1,0, 0.753398, 0.363208, 0.687769, 0.341003, 37.15, 0.999, 74.07, 0.998, 31.49, 0.049, 54.79, 0.022
16760,178805, 37.15, 37.15, 0.999, 0.999, 0.604386, 0.361401,1,1,0, 0.745236, 0.329658, 0.688015, 0.310015, 37.15, 0.999, 74.53, 0.998, 31.91, 0.148, 55.55, 0.055
16761,178816, 37.15, 37.15, 0.999, 0.999, 0.558789, 0.253262,1,1,0, 0.733301, 0.263732, 0.609525, 0.233953, 37.15, 0.999, 74.53, 0.999, 45.28, 0.065, 115.38, 0.039
16762,178826, 37.15, 37.15, 0.999, 0.999, 0.555108, 0.266207,1,1,0, 0.716881, 0.299656, 0.678736, 0.298115, 37.15, 0.999, 74.07, 0.998, 44.60, 0.103, 113.20, 0.056
16763,178837, 37.15, 37.15, 0.999, 0.999, 0.564896, 0.291917,1,1,0, 0.724744, 0.352211, 0.671832, 0.326956, 37.15, 0.999, 74.07, 0.999, 31.33, 0.075, 54.54, 0.040
16764,178848, 37.15, 37.15, 0.999, 0.999, 0.581386, 0.325216,1,1,0, 0.718791, 0.357575, 0.670763, 0.336872, 37.15, 0.999, 74.53, 0.999, 31.57, 0.024, 210.52, 0.016
16765,178858, 37.15, 37.15, 0.999, 0.999, 0.561980, 0.339761,1,1,0, 0.706988, 0.294717, 0.659154, 0.267647, 37.15, 0.999, 74.07, 0.998, 32.00, 0.153, 55.55, 0.057
16766,178869, 37.15, 37.15, 0.999, 0.999, 0.533163, 0.238097,1,1,0, 0.633699, 0.251078, 0.661912, 0.243467, 37.15, 0.999, 74.07, 0.998, 44.94, 0.087, 114.28, 0.057
16767,178880, 37.15, 37.15, 0.999, 0.999, 0.543400, 0.266408,1,1,0, 0.700020, 0.331847, 0.660365, 0.318475, 37.15, 0.999, 74.07, 0.999, 44.60, 0.099, 112.14, 0.060
16768,178890, 37.15, 37.15, 0.999, 0.999, 0.553809, 0.308060,1,1,0, 0.687337, 0.345439, 0.661987, 0.319717, 37.15, 0.999, 74.53, 0.999, 31.33, 0.128, 54.54, 0.058
16769,178901, 37.15, 37.15, 0.999, 0.999, 0.566463, 0.331970,1,1,0, 0.682670, 0.348844, 0.653956, 0.329821, 37.15, 0.999, 74.07, 0.999, 214.28, 0.024, 55.04, 0.020
16770,178912, 37.15, 37.15, 0.999, 0.999, 0.521262, 0.232638,1,1,0, 0.675236, 0.268490, 0.547535, 0.227702, 37.15, 0.999, 74.07, 0.998, 31.91, 0.094, 45.28, 0.067
16771,178922, 37.15, 37.15, 0.999, 0.999, 0.519952, 0.264644,1,1,0, 0.581109, 0.252574, 0.652327, 0.262725, 37.15, 0.999, 74.07, 0.999, 44.77, 0.129, 113.20, 0.087
16772,178933, 37.15, 37.15, 0.999, 0.999, 0.532763, 0.290170,1,1,0, 0.665796, 0.343692, 0.647883, 0.323862, 37.15, 0.999, 74.53, 0.998, 44.60, 0.097, 112.14, 0.060
16773,178944, 37.15, 37.15, 0.999, 0.999, 0.541760, 0.303850,1,1,0, 0.651399, 0.337512, 0.638883, 0.312383, 37.15, 0.999, 74.07, 0.999, 31.33, 0.157, 54.79, 0.073
16774,178954, 37.15, 37.15, 0.999, 0.999, 0.555395, 0.326410,1,1,0, 0.647254, 0.340725, 0.634272, 0.323133, 37.15, 0.999, 74.07, 0.999, 31.66, 0.068, 55.29, 0.049
16775,178965, 37.15, 37.15, 0.999, 0.999, 0.506457, 0.228741,1,1,0, 0.641894, 0.260618, 0.516465, 0.212593, 37.15, 0.999, 74.07, 0.999, 45.28, 0.090, 115.38, 0.069
16776,178976, 37.15, 37.15, 0.999, 0.999, 0.510547, 0.259469,1,1,0, 0.580945, 0.253496, 0.636016, 0.269264, 37.15, 0.999, 74.07, 0.998, 44.77, 0.179, 113.20, 0.113
16777,178986, 37.15, 37.15, 0.999, 0.999, 0.520375, 0.281412,1,1,0, 0.635416, 0.337196, 0.631518, 0.314978, 37.15, 0.999, 74.07, 0.999, 44.60, 0.076, 112.14, 0.056
16778,178997, 37.15, 37.15, 0.999, 0.999, 0.532198, 0.323731,1,1,0, 0.629652, 0.334062, 0.631431, 0.310512, 37.15, 0.999, 74.07, 0.999, 31.33, 0.160, 54.79, 0.082
16779,179008, 37.15, 37.15, 0.999, 0.999, 0.545558, 0.355271,1,1,0, 0.618669, 0.329223, 0.628480, 0.312523, 37.15, 0.999, 74.07, 0.999, 31.74, 0.132, 55.29, 0.077
16780,179018, 37.15, 37.15, 0.999, 0.999, 0.498080, 0.248966,1,1,0, 0.609987, 0.262206, 0.490400, 0.216338, 37.15, 0.999, 74.07, 0.999, 45.11, 0.106, 114.28, 0.078
16781,179029, 37.15, 37.15, 0.999, 0.999, 0.502274, 0.265015,1,1,0, 0.561133, 0.254366, 0.622197, 0.267064, 37.15, 0.999, 74.07, 0.999, 44.60, 0.195, 112.14, 0.126
16782,179040, 37.15, 37.15, 0.999, 0.999, 0.513324, 0.292446,1,1,0, 0.601642, 0.328929, 0.619898, 0.304557, 37.15, 0.999, 74.07, 0.999, 31.49, 0.062, 55.04, 0.055
16783,179050, 37.15, 37.15, 0.999, 0.999, 0.527086, 0.315620,1,1,0, 0.595530, 0.330854, 0.617468, 0.309904, 37.15, 0.999, 74.07, 0.999, 31.41, 0.124, 55.04, 0.068
16784,179061, 37.15, 37.15, 0.999, 0.999, 0.536809, 0.337422,1,1,0, 0.593323, 0.307882, 0.612324, 0.290554, 37.15, 0.999, 74.07, 0.999, 31.91, 0.201, 55.55, 0.107
16785,179072, 37.15, 37.15, 0.999, 0.999, 0.490758, 0.236459,1,1,0, 0.587669, 0.256195, 0.520476, 0.222060, 37.15, 0.999, 74.07, 0.999, 45.11, 0.107, 114.28, 0.083
16786,179082, 37.15, 37.15, 0.999, 0.999, 0.498897, 0.263350,1,1,0, 0.557693, 0.276155, 0.612093, 0.276853, 37.15, 0.999, 74.07, 0.999, 44.44, 0.184, 112.14, 0.125
16787,179093, 37.15, 37.15, 0.999, 0.999, 0.509198, 0.286085,1,1,0, 0.577683, 0.319729, 0.610127, 0.293570, 37.15, 0.999, 74.07, 0.999, 31.41, 0.131, 55.04, 0.079
16788,179104, 37.15, 37.15, 0.999, 0.999, 0.522767, 0.304034,1,1,0, 0.573438, 0.327349, 0.604596, 0.308717, 37.15, 0.999, 74.07, 0.999, 214.28, 0.051, 55.29, 0.047
16789,179114, 37.15, 37.15, 0.999, 0.999, 0.513515, 0.334910,1,1,0, 0.569679, 0.278494, 0.604135, 0.255946, 37.15, 0.999, 74.07, 0.999, 32.00, 0.255, 55.81, 0.131
16790,179125, 37.15, 37.15, 0.999, 0.999, 0.486255, 0.234698,1,1,0, 0.556276, 0.252525, 0.603517, 0.236310, 37.15, 0.999, 74.07, 0.999, 44.94, 0.120, 113.20, 0.095
16791,179136, 37.15, 37.15, 0.999, 0.999, 0.498059, 0.260460,1,1,0, 0.562917, 0.301116, 0.605451, 0.290610, 37.15, 0.999, 74.07, 0.999, 44.44, 0.168, 111.11, 0.111
16792,179146, 37.15, 37.15, 0.999, 0.999, 0.505501, 0.273752,1,1,0, 0.558520, 0.312399, 0.600023, 0.285205, 37.15, 0.999, 74.07, 0.999, 31.33, 0.199, 55.04, 0.110
16793,179157, 37.15, 37.15, 0.999, 0.999, 0.520859, 0.309150,1,1,0, 0.558595, 0.323510, 0.600878, 0.305965, 37.15, 0.999, 74.07, 0.999, 218.18, 0.052, 55.55, 0.048
16794,179168, 37.15, 37.15, 0.999, 0.999, 0.478336, 0.216646,1,1,0, 0.545476, 0.248171, 0.511515, 0.216288, 37.15, 0.999, 74.07, 0.999, 32.00, 0.220, 55.81, 0.117
16795,179178, 37.15, 37.15, 0.999, 0.999, 0.481955, 0.239688,1,1,0, 0.558200, 0.253887, 0.600337, 0.253754, 37.15, 0.999, 74.07, 0.999, 44.77, 0.164, 112.14, 0.116
16796,179189, 37.15, 37.15, 0.999, 0.999, 0.494411, 0.264730,1,1,0, 0.557272, 0.315292, 0.599669, 0.297852, 37.15, 0.999, 74.07, 0.999, 44.28, 0.144, 111.11, 0.102
16797,179200, 37.15, 37.15, 0.999, 0.999, 0.502997, 0.290394,1,1,0, 0.553837, 0.306692, 0.597147, 0.279803, 37.15, 0.999, 74.07, 0.999, 31.33, 0.249, 55.04, 0.133
16798,179210, 37.15, 37.15, 0.999, 0.999, 0.518794, 0.324925,1,1,0, 0.556608, 0.317302, 0.598031, 0.300707, 37.15, 0.999, 74.07, 0.999, 31.83, 0.067, 55.55, 0.064
16799,179221, 37.15, 37.15, 0.999, 0.999, 0.472896, 0.227701,1,1,0, 0.527922, 0.235045, 0.400613, 0.193542, 37.15, 0.999, 74.07, 0.999, 31.83, 0.133, 45.11, 0.127
16800,179232, 37.15, 37.15, 0.999, 0.999, 0.478769, 0.245878,1,1,0, 0.554695, 0.253099, 0.595523, 0.261976, 37.15, 0.999, 74.07, 0.999, 44.60, 0.199, 112.14, 0.142
16801,179242, 37.15, 37.15, 0.999, 0.999, 0.491907, 0.272912,1,1,0, 0.554262, 0.316337, 0.595250, 0.294907, 37.15, 0.999, 74.07, 0.999, 44.28, 0.111, 111.11, 0.092
16802,179253, 37.15, 37.15, 0.999, 0.999, 0.501452, 0.299613,1,1,0, 0.554387, 0.301501, 0.593762, 0.277157, 37.15, 0.999, 74.07, 0.999, 31.41, 0.258, 55.04, 0.123
16803,179264, 37.15, 37.15, 0.999, 0.999, 0.514318, 0.324650,1,1,0, 0.548320, 0.307875, 0.589918, 0.292114, 37.15, 0.999, 74.07, 0.999, 31.83, 0.114, 55.55, 0.087
16804,179274, 37.15, 37.15, 0.999, 0.999, 0.469345, 0.227508,1,1,0, 0.507709, 0.237200, 0.381657, 0.193670, 37.15, 0.999, 74.07, 0.999, 44.94, 0.132, 113.20, 0.106
16805,179285, 37.15, 37.15, 0.999, 0.999, 0.476928, 0.252588,1,1,0, 0.547090, 0.253302, 0.589502, 0.262354, 37.15, 0.999, 74.07, 0.999, 44.44, 0.224, 111.11, 0.160
16806,179296, 37.15, 37.15, 0.999, 0.999, 0.488988, 0.277620,1,1,0, 0.549250, 0.304496, 0.589331, 0.280999, 37.15, 0.999, 74.07, 0.999, 44.28, 0.085, 111.11, 0.074
16807,179306, 37.15, 37.15, 0.999, 0.999, 0.499989, 0.296570,1,1,0, 0.548309, 0.301227, 0.585520, 0.280643, 37.15, 0.999, 74.07, 0.999, 31.41, 0.184, 55.04, 0.099
16808,179317, 37.15, 37.15, 0.999, 0.999, 0.512305, 0.326431,1,1,0, 0.549958, 0.291433, 0.585510, 0.274581, 37.15, 0.999, 74.07, 0.999, 31.91, 0.189, 55.81, 0.124
16809,179328, 37.15, 37.15, 0.999, 0.999, 0.468149, 0.228756,1,1,0, 0.490786, 0.237464, 0.479824, 0.203116, 37.15, 0.999, 74.07, 0.999, 44.94, 0.129, 113.20, 0.107
16810,179338, 37.15, 37.15, 0.999, 0.999, 0.476792, 0.251138,1,1,0, 0.549396, 0.265308, 0.584653, 0.265426, 37.15, 0.999, 74.07, 0.999, 44.44, 0.230, 111.11, 0.156
16811,179349, 37.15, 37.15, 0.999, 0.999, 0.486041, 0.273906,1,1,0, 0.549550, 0.293807, 0.582858, 0.267988, 37.15, 0.999, 74.07, 0.999, 31.57, 0.124, 55.29, 0.090
16812,179360, 37.15, 37.15, 0.999, 0.999, 0.499378, 0.300444,1,1,0, 0.546975, 0.302522, 0.581612, 0.284980, 37.15, 0.999, 74.07, 0.999, 31.57, 0.078, 55.29, 0.074
16813,179370, 37.15, 37.15, 0.999, 0.999, 0.496115, 0.330580,1,1,0, 0.544640, 0.263449, 0.580680, 0.243087, 37.15, 0.999, 74.07, 0.999, 32.08, 0.253, 56.07, 0.147
16814,179381, 37.15, 37.15, 0.999, 0.999, 0.464854, 0.231664,1,1,0, 0.544748, 0.238341, 0.574558, 0.218837, 37.15, 0.999, 74.07, 0.999, 44.77, 0.141, 112.14, 0.110
16815,179392, 37.15, 37.15, 0.999, 0.999, 0.476561, 0.255553,1,1,0, 0.548289, 0.283403, 0.581089, 0.273990, 37.15, 0.999, 74.07, 0.999, 44.28, 0.198, 110.09, 0.141
16816,179402, 37.15, 37.15, 0.999, 0.999, 0.485103, 0.278034,1,1,0, 0.552065, 0.287436, 0.580527, 0.259873, 37.15, 0.999, 74.07, 0.999, 31.49, 0.200, 55.29, 0.127
16817,179413, 37.15, 37.15, 0.999, 0.999, 0.498659, 0.305520,1,1,0, 0.541925, 0.300074, 0.579082, 0.284565, 37.15, 0.999, 74.07, 0.999, 222.22, 0.063, 55.81, 0.055
16818,179424, 37.15, 37.15, 0.999, 0.999, 0.462122, 0.230066,1,1,0, 0.476733, 0.229563, 0.527923, 0.203407, 37.15, 0.999, 74.07, 0.998, 32.08, 0.259, 56.07, 0.139
16819,179434, 74.53, 37.15, 0.975, 0.972, 0.468814, 0.243244,1,1,0, 0.555682, 0.296582, 0.581195, 0.264751, 74.53, 0.975, 37.15, 0.961, 111.11, 0.044, 44.44, 0.027
16820,179445, 74.07, 37.05, 0.878, 0.857, 0.458748, 0.170461,1,1,0, 0.493350, 0.340484, 0.511601, 0.273054, 74.07, 0.878, 36.92, 0.802, 56.33, 0.043, 235.29, 0.009
16821,179456, 72.72, 35.93, 0.649, 0.497, 0.416019, 0.119455,1,1,0, 0.187506, 0.104897, 0.308930, 0.150928, 72.72, 0.649, 34.38, 0.485, 30.76, 0.249, 0.00, 0.000
16822,179466, 36.69, 36.25, 0.686, 0.685, 0.368731, 0.083712,1,1,0, 0.089021, 0.053724, 0.071475, 0.043170, 36.69, 0.686, 66.29, 0.602, 0.00, 0.000, 0.00, 0.000
16823,179477, 38.83, 37.33, 0.767, 0.755, 0.326561, 0.058663,1,1,0, 0.113908, 0.057636, 0.072570, 0.037888, 38.83, 0.767, 70.58, 0.285, 0.00, 0.000, 0.00, 0.000
16824,179488, 42.25, 37.60, 0.787, 0.572, 0.288183, 0.041110,1,1,0, 0.040851, 0.022142, 0.047425, 0.023332, 42.25, 0.787, 37.97, 0.520, 93.75, 0.433, 76.92, 0.257
16825,179498, 42.55, 37.60, 0.453, 0.515, 0.254143, 0.028809,1,1,0, 0.053398, 0.022588, 0.049186, 0.019973, 42.55, 0.453, 75.47, 0.429, 375.00, 0.355, 95.23, 0.220
16826,179509, 324.32, 37.60, 0.514, 0.463, 0.224259, 0.020189,1,1,0, 0.045763, 0.018582, 0.036053, 0.017610, 324.32, 0.514, 42.40, 0.467, 33.05, 0.438, 98.36, 0.297
16827,179520, 98.36, 42.63, 0.734, 0.602, 0.198119, 0.014148,1,1,0, 0.033664, 0.017797, 0.034679, 0.017071, 98.36, 0.734, 307.69, 0.729, 74.53, 0.654, 148.14, 0.571
16828,179530, 98.36, 45.55, 0.865, 0.791, 0.175111, 0.009914,1,1,0, 0.034708, 0.017112, 0.029857, 0.016135, 98.36, 0.865, 33.05, 0.814, 74.53, 0.778, 49.58, 0.770
16829,179541, 98.36, 47.24, 0.907, 0.836, 0.154957, 0.006948,1,1,0, 0.028637, 0.015798, 0.025874, 0.015240, 98.36, 0.907, 42.40, 0.886, 74.53, 0.881, 33.14, 0.824
16830,179552, 99.17, 48.23, 0.935, 0.890, 0.137191, 0.004869,1,1,0, 0.024397, 0.014845, 0.023913, 0.014303, 99.17, 0.935, 74.53, 0.910, 42.55, 0.895, 49.58, 0.847
16831,179562, 99.17, 48.80, 0.962, 0.941, 0.121664, 0.003412,1,1,0, 0.021977, 0.014661, 0.021488, 0.014161, 99.17, 0.962, 42.55, 0.954, 74.53, 0.947, 49.58, 0.918
16832,179573, 74.53, 49.13, 0.977, 0.963, 0.108061, 0.002391,1,1,0, 0.024887, 0.014724, 0.023990, 0.014152, 74.53, 0.977, 99.17, 0.976, 42.55, 0.971, 37.15, 0.967
16833,179584, 99.17, 49.32, 0.977, 0.968, 0.096100, 0.001675,1,1,0, 0.025032, 0.014572, 0.023260, 0.013923, 99.17, 0.977, 74.53, 0.970, 42.55, 0.968, 300.00, 0.963
16834,179594, 74.53, 49.43, 0.787, 0.773, 0.086713, 0.001174,1,1,0, 0.061716, 0.027891, 0.042746, 0.024327, 74.53, 0.787, 99.17, 0.740, 42.40, 0.740, 37.15, 0.698
16835,179605, 33.05, 49.49, 0.731, 0.712, 0.078476, 0.000822,1,1,0, 0.063329, 0.033681, 0.067725, 0.026332, 33.05, 0.731, 42.55, 0.687, 37.26, 0.647, 49.58, 0.634
16836,179616, 49.79, 49.62, 0.666, 0.718, 0.070898, 0.000576,1,1,0, 0.047573, 0.020844, 0.062423, 0.022078, 49.79, 0.666, 32.96, 0.472, 42.55, 0.436, 58.82, 0.381
16837,179626, 50.42, 49.95, 0.599, 0.644, 0.065136, 0.000404,1,1,0, 0.060618, 0.032175, 0.053978, 0.028571, 50.42, 0.599, 58.25, 0.583, 37.26, 0.336, 99.17, 0.261
16838,179637, 58.82, 50.06, 0.828, 0.606, 0.058908, 0.000283,1,1,0, 0.040181, 0.019133, 0.033262, 0.017979, 58.82, 0.828, 50.20, 0.564, 33.05, 0.280, 99.17, 0.212
16839,179648, 58.53, 50.21, 0.774, 0.624, 0.055540, 0.014467,1,1,0, 0.055882, 0.028305, 0.062859, 0.026346, 58.53, 0.774, 50.42, 0.575, 37.26, 0.284, 100.00, 0.268
16840,179658, 58.82, 50.21, 0.760, 0.697, 0.050546, 0.010138,1,1,0, 0.040592, 0.021278, 0.046240, 0.018367, 58.82, 0.760, 50.20, 0.648, 33.14, 0.386, 100.00, 0.377
16841,179669, 59.40, 54.07, 0.869, 0.816, 0.046597, 0.007104,1,1,0, 0.042314, 0.022605, 0.047366, 0.022210, 59.40, 0.869, 37.15, 0.561, 50.00, 0.437, 99.17, 0.377
16842,179680, 58.82, 56.06, 0.813, 0.798, 0.047800, 0.032866,1,1,0, 0.062443, 0.027763, 0.056171, 0.024508, 58.82, 0.813, 50.42, 0.455, 100.00, 0.346, 37.26, 0.345
16843,179690, 59.40, 57.47, 0.792, 0.791, 0.043696, 0.023032,1,1,0, 0.043653, 0.018979, 0.035131, 0.017695, 59.40, 0.792, 50.00, 0.697, 42.55, 0.367, 100.00, 0.352
16844,179701, 58.82, 58.03, 0.811, 0.825, 0.048684, 0.047270,1,1,0, 0.060115, 0.028975, 0.063314, 0.026620, 58.82, 0.811, 50.20, 0.607, 37.26, 0.431, 100.00, 0.353
16845,179712, 58.82, 58.36, 0.841, 0.861, 0.044380, 0.033126,1,1,0, 0.044377, 0.019801, 0.034702, 0.016812, 58.82, 0.841, 50.00, 0.672, 33.05, 0.485, 37.03, 0.433
16846,179722, 59.11, 58.68, 0.795, 0.821, 0.041244, 0.023214,1,1,0, 0.048218, 0.022067, 0.039710, 0.022020, 59.11, 0.795, 50.00, 0.713, 33.05, 0.469, 37.03, 0.448
16847,179733, 59.11, 58.86, 0.797, 0.822, 0.043769, 0.038769,1,1,0, 0.054711, 0.024433, 0.052964, 0.022269, 59.11, 0.797, 50.42, 0.653, 37.26, 0.428, 100.00, 0.397
16848,179744, 59.40, 59.09, 0.865, 0.886, 0.039996, 0.027168,1,1,0, 0.035710, 0.017374, 0.032384, 0.016078, 59.40, 0.865, 50.00, 0.677, 33.05, 0.446, 74.53, 0.407
16849,179754, 59.11, 59.10, 0.856, 0.887, 0.046305, 0.051725,1,1,0, 0.059018, 0.029498, 0.061481, 0.025999, 59.11, 0.856, 50.00, 0.585, 307.69, 0.385, 99.17, 0.378
16850,179765, 59.11, 59.10, 0.914, 0.938, 0.042375, 0.036247,1,1,0, 0.041973, 0.020166, 0.031667, 0.017720, 59.11, 0.914, 49.79, 0.643, 307.69, 0.462, 37.03, 0.452
16851,179776, 59.11, 59.10, 0.828, 0.866, 0.041518, 0.025401,1,1,0, 0.058551, 0.024351, 0.048625, 0.023660, 59.11, 0.828, 50.00, 0.714, 37.03, 0.460, 307.69, 0.415
16852,179786, 59.11, 59.11, 0.822, 0.854, 0.044351, 0.041818,1,1,0, 0.052506, 0.024426, 0.053879, 0.022499, 59.11, 0.822, 50.20, 0.711, 37.26, 0.454, 307.69, 0.379
16853,179797, 59.11, 59.11, 0.724, 0.761, 0.044767, 0.031649,1,1,0, 0.075073, 0.032162, 0.052662, 0.022194, 59.11, 0.724, 37.03, 0.638, 49.79, 0.622, 99.17, 0.540
16854,179808, 37.03, 49.84, 0.703, 0.659, 0.057572, 0.065356,1,1,0, 0.090462, 0.044170, 0.076284, 0.035055, 37.03, 0.703, 33.42, 0.495, 315.78, 0.376, 42.40, 0.360
16855,179818, 37.15, 44.51, 0.762, 0.715, 0.053156, 0.045800,1,1,0, 0.090378, 0.037887, 0.053212, 0.026668, 37.15, 0.762, 33.14, 0.568, 42.25, 0.388, 315.78, 0.383
16856,179829, 37.26, 41.46, 0.672, 0.630, 0.050729, 0.032096,1,1,0, 0.073698, 0.034391, 0.058092, 0.025495, 37.26, 0.672, 324.32, 0.368, 33.33, 0.339, 148.14, 0.265
16857,179840, 37.26, 39.70, 0.763, 0.734, 0.048232, 0.026481,1,1,0, 0.057697, 0.021757, 0.055595, 0.021975, 37.26, 0.763, 33.42, 0.640, 315.78, 0.437, 151.89, 0.332
16858,179850, 37.26, 38.68, 0.543, 0.551, 0.044881, 0.018557,1,1,0, 0.057684, 0.019889, 0.055549, 0.018781, 37.26, 0.543, 324.32, 0.384, 59.40, 0.351, 42.25, 0.321
16859,179861, 58.53, 47.02, 0.774, 0.727, 0.041610, 0.013005,1,1,0, 0.044803, 0.025128, 0.036325, 0.021243, 58.53, 0.774, 50.20, 0.498, 315.78, 0.360, 148.14, 0.079
16860,179872, 58.82, 48.27, 0.782, 0.669, 0.037994, 0.009113,1,1,0, 0.035392, 0.014702, 0.029217, 0.015180, 58.82, 0.782, 50.00, 0.644, 32.96, 0.538, 315.78, 0.302
16861,179882, 59.11, 49.26, 0.809, 0.675, 0.040690, 0.032663,1,1,0, 0.056285, 0.024572, 0.051462, 0.022794, 59.11, 0.809, 50.63, 0.645, 37.38, 0.465, 100.84, 0.330
16862,179893, 58.82, 49.74, 0.796, 0.665, 0.037216, 0.022889,1,1,0, 0.035262, 0.018735, 0.040552, 0.014317, 58.82, 0.796, 50.42, 0.623, 33.33, 0.395, 37.15, 0.345
16863,179904, 58.82, 49.85, 0.834, 0.728, 0.039785, 0.028762,1,1,0, 0.047806, 0.023374, 0.051826, 0.022860, 58.82, 0.834, 50.00, 0.689, 315.78, 0.330, 99.17, 0.248
16864,179914, 58.53, 50.00, 0.833, 0.648, 0.037002, 0.020156,1,1,0, 0.043270, 0.022928, 0.035042, 0.019658, 58.53, 0.833, 50.20, 0.602, 315.78, 0.289, 37.15, 0.140
16865,179925, 59.11, 50.00, 0.890, 0.643, 0.033717, 0.014124,1,1,0, 0.028219, 0.012694, 0.028097, 0.012964, 59.11, 0.890, 50.00, 0.619, 307.69, 0.342, 32.96, 0.293
16866,179936, 59.11, 50.17, 0.853, 0.679, 0.038749, 0.042225,1,1,0, 0.052693, 0.023002, 0.051566, 0.021244, 59.11, 0.853, 50.42, 0.637, 315.78, 0.302, 37.50, 0.279
16867,179946, 59.11, 50.19, 0.813, 0.692, 0.035313, 0.029590,1,1,0, 0.033951, 0.017705, 0.026162, 0.013330, 59.11, 0.813, 50.20, 0.635, 33.24, 0.460, 37.03, 0.428
16868,179957, 58.82, 50.11, 0.870, 0.677, 0.036737, 0.022046,1,1,0, 0.041773, 0.022914, 0.046113, 0.022624, 58.82, 0.870, 50.00, 0.624, 99.17, 0.348, 307.69, 0.320
16869,179968, 58.82, 50.24, 0.824, 0.639, 0.037774, 0.026065,1,1,0, 0.049596, 0.023638, 0.043891, 0.020543, 58.82, 0.824, 50.42, 0.586, 37.26, 0.271, 100.00, 0.232
16870,179978, 59.11, 50.22, 0.819, 0.713, 0.034469, 0.018266,1,1,0, 0.036183, 0.014365, 0.032097, 0.014091, 59.11, 0.819, 50.20, 0.681, 33.05, 0.302, 315.78, 0.273
16871,179989, 58.82, 50.39, 0.792, 0.742, 0.037707, 0.034926,1,1,0, 0.050689, 0.023252, 0.048307, 0.019513, 58.82, 0.792, 50.63, 0.709, 324.32, 0.286, 37.38, 0.188
16872,180000, 59.11, 50.31, 0.812, 0.714, 0.034539, 0.024476,1,1,0, 0.032526, 0.015791, 0.029738, 0.015005, 59.11, 0.812, 50.20, 0.660, 33.14, 0.422, 99.17, 0.333
16873,180010, 59.11, 50.27, 0.892, 0.635, 0.033928, 0.017152,1,1,0, 0.037565, 0.021756, 0.039797, 0.020467, 59.11, 0.892, 50.20, 0.588, 315.78, 0.326, 37.15, 0.301
16874,180021, 58.82, 53.86, 0.810, 0.760, 0.032521, 0.012242,1,1,0, 0.037938, 0.016614, 0.035500, 0.014610, 58.82, 0.810, 50.84, 0.500, 315.78, 0.229, 100.00, 0.112
16875,180032, 58.82, 52.96, 0.737, 0.654, 0.029620, 0.008579,1,1,0, 0.032928, 0.013962, 0.029228, 0.011617, 58.82, 0.737, 51.72, 0.640, 333.33, 0.210, 100.84, 0.012
16876,180042, 54.79, 53.73, 0.859, 0.854, 0.030427, 0.014955,1,1,0, 0.033882, 0.019082, 0.034717, 0.016239, 54.79, 0.859, 0.00, 0.000, 0.00, 0.000, 0.00, 0.000
16877,180053, 55.29, 54.39, 0.938, 0.946, 0.027553, 0.010480,1,1,0, 0.018281, 0.011572, 0.016710, 0.009600, 55.29, 0.938, 34.18, 0.259, 0.00, 0.000, 0.00, 0.000
16878,180064, 55.29, 54.77, 0.992, 0.994, 0.029665, 0.015425,1,1,0, 0.038561, 0.020302, 0.035402, 0.018107, 55.29, 0.992, 0.00, 0.000, 0.00, 0.000, 0.00, 0.000
16879,180074, 55.29, 54.99, 0.993, 0.995, 0.028726, 0.013549,1,1,0, 0.035244, 0.013634, 0.032233, 0.012474, 55.29, 0.993, 0.00, 0.000, 0.00, 0.000, 0.00, 0.000
16880,180085, 55.55, 55.22, 0.991, 0.993, 0.026914, 0.009495,1,1,0, 0.035243, 0.015744, 0.032032, 0.013598, 55.55, 0.991, 0.00, 0.000, 0.00, 0.000, 0.00, 0.000
16881,180096, 55.55, 55.36, 0.993, 0.995, 0.028472, 0.017795,1,1,0, 0.035137, 0.018636, 0.033225, 0.015188, 55.55, 0.993, 0.00, 0.000, 0.00, 0.000, 0.00, 0.000
16882,180106, 55.55, 55.44, 0.996, 0.997, 0.025919, 0.012470,1,1,0, 0.019134, 0.010422, 0.018660, 0.010498, 55.55, 0.996, 33.24, 0.108, 0.00, 0.000, 0.00, 0.000
16883,180117, 55.29, 55.38, 0.997, 0.997, 0.027090, 0.013612,1,1,0, 0.034849, 0.018277, 0.031878, 0.016157, 55.29, 0.997, 0.00, 0.000, 0.00, 0.000, 0.00, 0.000
16884,180128, 55.55, 55.45, 0.996, 0.997, 0.025178, 0.013693,1,1,0, 0.028352, 0.012344, 0.029095, 0.010604, 55.55, 0.996, 0.00, 0.000, 0.00, 0.000, 0.00, 0.000
16885,180138, 55.55, 55.49, 0.998, 0.998, 0.026241, 0.013005,1,1,0, 0.034515, 0.018501, 0.031977, 0.016287, 55.55, 0.998, 0.00, 0.000, 0.00, 0.000, 0.00, 0.000
16886,180149, 55.55, 55.52, 0.998, 0.999, 0.027892, 0.018022,1,1,0, 0.034210, 0.017852, 0.032237, 0.014725, 55.55, 0.998, 0.00, 0.000, 0.00, 0.000, 0.00, 0.000
16887,180160, 55.29, 55.42, 0.998, 0.998, 0.025397, 0.012629,1,1,0, 0.019750, 0.010753, 0.018946, 0.010543, 55.29, 0.998, 0.00, 0.000, 0.00, 0.000, 0.00, 0.000
16888,180170, 55.29, 55.37, 0.998, 0.998, 0.026227, 0.012715,1,1,0, 0.033179, 0.017343, 0.030693, 0.014935, 55.29, 0.998, 0.00, 0.000, 0.00, 0.000, 0.00, 0.000
16889,180181, 55.55, 55.45, 0.996, 0.997, 0.023863, 0.008910,1,1,0, 0.020779, 0.011829, 0.020002, 0.009940, 55.55, 0.996, 33.99, 0.151, 0.00, 0.000, 0.00, 0.000
16890,180192, 55.55, 55.49, 0.998, 0.999, 0.025214, 0.011614,1,1,0, 0.032665, 0.018862, 0.029977, 0.017000, 55.55, 0.998, 0.00, 0.000, 0.00, 0.000, 0.00, 0.000
16891,180202, 55.55, 55.52, 0.998, 0.998, 0.026863, 0.017933,1,1,0, 0.032388, 0.016679, 0.030971, 0.014016, 55.55, 0.998, 0.00, 0.000, 0.00, 0.000, 0.00, 0.000
16892,180213, 55.55, 55.53, 0.997, 0.998, 0.024595, 0.012567,1,1,0, 0.021527, 0.012225, 0.020063, 0.011024, 55.55, 0.997, 0.00, 0.000, 0.00, 0.000, 0.00, 0.000
16893,180224, 55.55, 55.54, 0.998, 0.998, 0.025802, 0.014719,1,1,0, 0.032852, 0.017209, 0.030489, 0.014155, 55.55, 0.998, 0.00, 0.000, 0.00, 0.000, 0.00, 0.000
16894,180234, 55.55, 55.54, 0.996, 0.997, 0.023572, 0.010315,1,1,0, 0.022234, 0.012220, 0.021702, 0.011020, 55.55, 0.996, 34.09, 0.215, 0.00, 0.000, 0.00, 0.000
16895,180245, 55.55, 55.55, 0.998, 0.998, 0.024892, 0.012018,1,1,0, 0.032273, 0.018602, 0.029595, 0.016903, 55.55, 0.998, 0.00, 0.000, 0.00, 0.000, 0.00, 0.000
16896,180256, 55.55, 55.55, 0.998, 0.998, 0.025355, 0.014191,1,1,0, 0.030364, 0.014878, 0.028357, 0.012689, 55.55, 0.998, 0.00, 0.000, 0.00, 0.000, 0.00, 0.000
16897,180266, 55.55, 55.55, 0.996, 0.997, 0.023371, 0.009945,1,1,0, 0.023164, 0.013646, 0.020888, 0.011566, 55.55, 0.996, 0.00, 0.000, 0.00, 0.000, 0.00, 0.000
16898,180277, 55.55, 55.55, 0.994, 0.996, 0.025031, 0.015383,1,1,0, 0.032652, 0.017009, 0.029483, 0.013483, 55.55, 0.994, 0.00, 0.000, 0.00, 0.000, 0.00, 0.000
16899,180288, 55.55, 55.55, 0.993, 0.995, 0.022993, 0.010780,1,1,0, 0.021944, 0.011347, 0.022061, 0.011482, 55.55, 0.993, 33.89, 0.202, 0.00, 0.000, 0.00, 0.000
16900,180298, 55.29, 55.44, 0.996, 0.997, 0.023492, 0.009219,1,1,0, 0.030632, 0.017634, 0.027267, 0.015839, 55.29, 0.996, 0.00, 0.000, 0.00, 0.000, 0.00, 0.000
16901,180309, 55.55, 55.49, 0.997, 0.998, 0.024604, 0.015754,1,1,0, 0.030698, 0.014174, 0.027760, 0.012097, 55.55, 0.997, 0.00, 0.000, 0.00, 0.000, 0.00, 0.000
16902,180320, 55.55, 55.51, 0.998, 0.999, 0.022856, 0.011040,1,1,0, 0.028992, 0.015478, 0.024158, 0.012908, 55.55, 0.998, 0.00, 0.000, 0.00, 0.000, 0.00, 0.000
16903,180330, 55.55, 55.53, 0.998, 0.998, 0.023978, 0.013571,1,1,0, 0.031209, 0.015887, 0.027862, 0.012668, 55.55, 0.998, 0.00, 0.000, 0.00, 0.000, 0.00, 0.000
16904,180341, 55.55, 55.54, 0.997, 0.998, 0.022131, 0.009510,1,1,0, 0.024275, 0.012901, 0.023565, 0.012170, 55.55, 0.997, 33.33, 0.062, 0.00, 0.000, 0.00, 0.000
16905,180352, 55.29, 55.44, 0.997, 0.998, 0.022638, 0.009394,1,1,0, 0.027944, 0.015906, 0.026293, 0.014631, 55.29, 0.997, 0.00, 0.000, 0.00, 0.000, 0.00, 0.000
16906,180362, 55.55, 55.48, 0.995, 0.996, 0.023524, 0.020466,1,1,0, 0.030651, 0.014204, 0.029029, 0.011698, 55.55, 0.995, 0.00, 0.000, 0.00, 0.000, 0.00, 0.000
16907,180373, 55.55, 55.51, 0.988, 0.991, 0.023402, 0.014342,1,1,0, 0.031840, 0.016415, 0.029043, 0.014325, 55.55, 0.988, 0.00, 0.000, 0.00, 0.000, 0.00, 0.000
16908,180384, 53.33, 54.59, 0.665, 0.694, 0.087044, 0.160753,1,1,0, 0.229234, 0.094763, 0.127302, 0.051813, 53.33, 0.665, 0.00, 0.000, 0.00, 0.000, 0.00, 0.000
16909,180394, 30.76, 37.91, 0.816, 0.818, 0.466783, 0.762549,1,1,1, 0.781003, 0.325363, 0.652939, 0.296487, 30.76, 0.816, 63.49, 0.641, 97.56, 0.470, 82.19, 0.434
16910,180405, 98.36, 37.91, 0.766, 0.736, 0.552108, 0.534379,1,1,0, 0.819948, 0.336701, 0.684611, 0.322988, 98.36, 0.766, 37.61, 0.470, 48.97, 0.353, 33.70, 0.312
16911,180416, 99.17, 45.94, 0.857, 0.783, 0.578034, 0.374482,1,1,0, 0.788594, 0.333921, 0.656105, 0.328654, 99.17, 0.857, 49.38, 0.722, 32.78, 0.561, 30.45, 0.065
16912,180426, 99.17, 48.49, 0.982, 0.983, 0.570271, 0.363201,1,1,0, 0.790482, 0.310552, 0.665123, 0.302743, 99.17, 0.982, 49.58, 0.976, 33.05, 0.973, 40.26, 0.020
16913,180437, 99.17, 49.40, 0.996, 0.996, 0.572495, 0.362943,1,1,0, 0.814661, 0.309958, 0.666888, 0.295154, 99.17, 0.996, 49.79, 0.994, 33.14, 0.993, 200.00, 0.032
16914,180448, 99.17, 49.67, 0.994, 0.994, 0.568477, 0.280982,1,1,0, 0.727510, 0.305939, 0.640447, 0.289071, 99.17, 0.994, 49.79, 0.991, 33.14, 0.991, 66.66, 0.069
16915,180458, 33.14, 49.75, 0.994, 0.994, 0.569448, 0.347160,1,1,0, 0.766229, 0.310216, 0.672190, 0.297148, 33.14, 0.994, 49.79, 0.992, 99.17, 0.990, 39.86, 0.065
16916,180469, 49.79, 49.78, 0.993, 0.995, 0.562383, 0.275781,1,1,0, 0.746932, 0.305943, 0.651848, 0.291403, 49.79, 0.993, 33.14, 0.992, 99.17, 0.989, 39.86, 0.078
16917,180480, 49.79, 49.78, 0.996, 0.997, 0.556623, 0.290135,1,1,0, 0.770259, 0.304669, 0.658105, 0.292341, 49.79, 0.996, 99.17, 0.993, 33.14, 0.986, 39.60, 0.037
16918,180490, 49.79, 49.79, 0.998, 0.999, 0.545464, 0.263627,1,1,0, 0.753471, 0.297544, 0.644508, 0.285358, 49.79, 0.998, 99.17, 0.997, 33.14, 0.996, 39.60, 0.039
16919,180501, 49.79, 49.79, 0.997, 0.998, 0.533714, 0.234482,1,1,0, 0.733496, 0.293304, 0.625916, 0.280509, 49.79, 0.997, 99.17, 0.997, 33.14, 0.997, 39.60, 0.054
16920,180512, 49.79, 49.79, 0.997, 0.998, 0.520147, 0.258193,1,1,0, 0.740920, 0.286730, 0.632419, 0.274691, 49.79, 0.997, 99.17, 0.997, 33.14, 0.996, 66.29, 0.059
16921,180522, 49.79, 49.79, 0.998, 0.998, 0.510222, 0.227965,1,1,0, 0.707026, 0.285964, 0.611136, 0.272208, 49.79, 0.998, 99.17, 0.997, 33.14, 0.996, 200.00, 0.084
16922,180533, 49.79, 49.79, 0.997, 0.998, 0.510377, 0.318752,1,1,0, 0.754982, 0.292268, 0.654631, 0.279638, 49.79, 0.997, 99.17, 0.996, 33.14, 0.993, 66.66, 0.097
16923,180544, 49.79, 49.79, 0.997, 0.998, 0.505880, 0.269402,1,1,0, 0.725072, 0.301819, 0.635382, 0.286661, 49.79, 0.997, 99.17, 0.995, 33.14, 0.994, 200.00, 0.097
16924,180554, 49.79, 49.79, 0.998, 0.998, 0.534696, 0.376191,1,1,0, 0.756985, 0.335135, 0.649475, 0.313168, 49.79, 0.998, 99.17, 0.996, 33.14, 0.995, 66.66, 0.091
16925,180565, 49.79, 49.79, 0.998, 0.998, 0.537336, 0.352731,1,1,0, 0.734005, 0.318983, 0.633524, 0.299868, 49.79, 0.998, 33.14, 0.997, 99.17, 0.997, 39.86, 0.083
16926,180576, 33.14, 49.79, 0.998, 0.999, 0.532263, 0.345373,1,1,0, 0.725322, 0.292794, 0.626154, 0.281505, 33.14, 0.998, 49.79, 0.998, 99.17, 0.998, 66.29, 0.063
16927,180586, 49.79, 49.79, 0.998, 0.998, 0.522865, 0.287956,1,1,0, 0.696921, 0.294901, 0.598842, 0.290399, 49.79, 0.998, 99.17, 0.997, 33.14, 0.997, 39.86, 0.093
16928,180597, 49.79, 49.79, 0.998, 0.998, 0.518360, 0.344020,1,1,0, 0.702313, 0.295716, 0.615055, 0.289522, 49.79, 0.998, 33.14, 0.998, 99.17, 0.997, 66.66, 0.094
16929,180608, 49.79, 49.79, 0.997, 0.998, 0.508575, 0.311741,1,1,0, 0.678173, 0.278597, 0.598702, 0.268659, 49.79, 0.997, 99.17, 0.997, 33.14, 0.997, 200.00, 0.117
16930,180618, 99.17, 49.79, 0.997, 0.998, 0.512757, 0.396237,1,1,0, 0.718211, 0.280731, 0.630898, 0.269027, 99.17, 0.997, 49.79, 0.997, 33.14, 0.996, 66.29, 0.137
16931,180629, 49.79, 49.79, 0.997, 0.998, 0.506746, 0.336135,1,1,0, 0.690410, 0.275331, 0.613565, 0.263278, 49.79, 0.997, 99.17, 0.997, 33.14, 0.997, 66.29, 0.141
16932,180640, 49.79, 49.79, 0.997, 0.998, 0.502052, 0.321403,1,1,0, 0.696538, 0.279454, 0.608849, 0.267518, 49.79, 0.997, 99.17, 0.997, 33.14, 0.996, 39.60, 0.138
16933,180650, 49.79, 49.79, 0.998, 0.998, 0.496281, 0.304051,1,1,0, 0.682524, 0.276374, 0.604651, 0.264768, 49.79, 0.998, 99.17, 0.997, 33.14, 0.997, 39.60, 0.137
16934,180661, 49.79, 49.79, 0.998, 0.998, 0.487711, 0.266668,1,1,0, 0.672981, 0.277395, 0.586851, 0.264429, 49.79, 0.998, 99.17, 0.997, 33.14, 0.996, 39.60, 0.133
16935,180672, 49.79, 49.79, 0.998, 0.998, 0.479023, 0.266301,1,1,0, 0.655799, 0.268451, 0.583988, 0.257670, 49.79, 0.998, 99.17, 0.997, 33.14, 0.996, 65.93, 0.125
16936,180682, 49.79, 49.79, 0.998, 0.998, 0.464914, 0.205244,1,1,0, 0.630887, 0.264941, 0.555020, 0.252790, 49.79, 0.998, 33.14, 0.997, 99.17, 0.997, 39.73, 0.147
16937,180693, 49.79, 49.79, 0.997, 0.998, 0.461645, 0.266479,1,1,0, 0.645236, 0.262206, 0.575534, 0.250962, 49.79, 0.997, 99.17, 0.997, 33.14, 0.994, 66.29, 0.160
16938,180704, 99.17, 49.70, 0.997, 0.997, 0.453404, 0.228537,1,1,0, 0.621518, 0.259226, 0.559117, 0.248092, 99.17, 0.997, 49.58, 0.997, 33.14, 0.996, 200.00, 0.182
16939,180714, 49.79, 49.74, 0.997, 0.997, 0.459063, 0.272315,1,1,0, 0.661021, 0.273405, 0.582231, 0.260624, 49.79, 0.997, 99.17, 0.997, 33.14, 0.993, 66.66, 0.186
16940,180725, 49.79, 49.76, 0.998, 0.998, 0.472661, 0.302091,1,1,0, 0.643118, 0.293373, 0.574813, 0.276924, 49.79, 0.998, 33.14, 0.997, 99.17, 0.997, 40.00, 0.184
16941,180736, 49.79, 49.77, 0.998, 0.998, 0.493188, 0.312300,1,1,0, 0.648715, 0.304444, 0.568491, 0.286806, 49.79, 0.998, 33.14, 0.997, 99.17, 0.997, 66.66, 0.159
16942,180746, 49.79, 49.78, 0.998, 0.998, 0.481938, 0.256297,1,1,0, 0.630600, 0.269191, 0.548456, 0.254917, 49.79, 0.998, 33.14, 0.997, 99.17, 0.997, 39.86, 0.159
16943,180757, 49.79, 49.78, 0.998, 0.999, 0.477762, 0.280123,1,1,0, 0.625534, 0.269287, 0.552231, 0.262525, 49.79, 0.998, 33.14, 0.998, 99.17, 0.997, 39.86, 0.160
16944,180768, 49.79, 49.78, 0.998, 0.998, 0.466364, 0.225328,1,1,0, 0.602628, 0.264999, 0.529410, 0.261515, 49.79, 0.998, 33.14, 0.997, 99.17, 0.997, 39.86, 0.174
16945,180778, 49.79, 49.79, 0.997, 0.998, 0.470243, 0.305576,1,1,0, 0.633709, 0.265787, 0.556443, 0.257391, 49.79, 0.997, 33.14, 0.997, 99.17, 0.997, 66.29, 0.195
16946,180789, 99.17, 49.79, 0.997, 0.997, 0.464803, 0.262797,1,1,0, 0.611265, 0.253960, 0.543967, 0.244267, 99.17, 0.997, 49.79, 0.996, 33.14, 0.995, 66.29, 0.221
16947,180800, 49.79, 49.79, 0.997, 0.998, 0.468008, 0.305566,1,1,0, 0.637143, 0.256941, 0.562100, 0.246317, 49.79, 0.997, 99.17, 0.997, 33.14, 0.997, 39.73, 0.232
16948,180810, 49.79, 49.79, 0.998, 0.998, 0.466339, 0.278891,1,1,0, 0.620789, 0.253984, 0.558121, 0.243469, 49.79, 0.998, 99.17, 0.997, 33.14, 0.997, 65.93, 0.233
16949,180821, 49.79, 49.79, 0.997, 0.998, 0.460742, 0.253399,1,1,0, 0.627322, 0.256153, 0.549704, 0.245386, 49.79, 0.997, 99.17, 0.997, 33.14, 0.996, 39.60, 0.225
16950,180832, 49.79, 49.79, 0.998, 0.998, 0.457373, 0.255967,1,1,0, 0.621661, 0.253934, 0.551945, 0.243430, 49.79, 0.998, 99.17, 0.997, 33.14, 0.997, 39.60, 0.206
16951,180842, 49.79, 49.79, 0.998, 0.998, 0.445240, 0.202436,1,1,0, 0.605412, 0.253267, 0.528681, 0.241100, 49.79, 0.998, 99.17, 0.996, 33.14, 0.995, 39.60, 0.223
16952,180853, 49.79, 49.79, 0.998, 0.998, 0.439081, 0.231405,1,1,0, 0.604290, 0.243614, 0.535751, 0.234054, 49.79, 0.998, 33.14, 0.997, 99.17, 0.997, 66.29, 0.219
16953,180864, 49.79, 49.79, 0.998, 0.998, 0.427462, 0.200257,1,1,0, 0.582941, 0.240825, 0.518751, 0.229924, 49.79, 0.998, 33.14, 0.997, 99.17, 0.997, 39.73, 0.252
16954,180874, 99.17, 49.79, 0.997, 0.997, 0.430500, 0.264412,1,1,0, 0.611453, 0.247388, 0.544791, 0.235606, 99.17, 0.997, 49.79, 0.996, 33.14, 0.993, 66.29, 0.273
16955,180885, 99.17, 49.79, 0.997, 0.997, 0.426072, 0.229199,1,1,0, 0.588991, 0.240080, 0.534128, 0.231125, 99.17, 0.997, 49.79, 0.996, 33.14, 0.996, 40.00, 0.279
16956,180896, 49.79, 49.79, 0.997, 0.998, 0.430808, 0.243862,1,1,0, 0.609572, 0.265137, 0.543040, 0.251686, 49.79, 0.997, 99.17, 0.997, 33.14, 0.995, 66.66, 0.283
16957,180906, 49.79, 49.79, 0.998, 0.998, 0.459946, 0.287990,1,1,0, 0.599746, 0.279409, 0.543936, 0.263501, 49.79, 0.998, 33.14, 0.998, 99.17, 0.997, 39.86, 0.269
16958,180917, 49.79, 49.79, 0.998, 0.998, 0.461179, 0.301592,1,1,0, 0.596984, 0.267398, 0.536458, 0.253867, 49.79, 0.998, 33.14, 0.998, 99.17, 0.997, 66.29, 0.233
16959,180928, 49.79, 49.79, 0.998, 0.998, 0.447286, 0.225493,1,1,0, 0.571388, 0.236960, 0.508987, 0.228593, 49.79, 0.998, 33.14, 0.997, 99.17, 0.997, 39.86, 0.252
16960,180938, 49.79, 49.79, 0.998, 0.999, 0.444064, 0.268236,1,1,0, 0.576252, 0.249020, 0.518296, 0.243257, 49.79, 0.998, 33.14, 0.998, 99.17, 0.997, 39.86, 0.259
16961,180949, 49.79, 49.79, 0.998, 0.998, 0.435676, 0.232652,1,1,0, 0.554580, 0.242374, 0.502833, 0.237529, 49.79, 0.998, 99.17, 0.997, 33.14, 0.997, 66.29, 0.278
16962,180960, 99.17, 49.79, 0.997, 0.998, 0.440001, 0.297644,1,1,0, 0.581679, 0.245242, 0.525116, 0.236787, 99.17, 0.997, 33.14, 0.997, 49.79, 0.997, 39.73, 0.321
16963,180970, 99.17, 49.79, 0.997, 0.997, 0.437124, 0.260089,1,1,0, 0.560060, 0.235463, 0.516917, 0.226166, 99.17, 0.997, 49.79, 0.997, 33.14, 0.995, 66.29, 0.330
16964,180981, 49.79, 49.79, 0.997, 0.998, 0.434938, 0.255991,1,1,0, 0.573190, 0.237839, 0.517282, 0.228262, 49.79, 0.997, 33.14, 0.997, 99.17, 0.997, 39.60, 0.340
16965,180992, 49.79, 49.79, 0.998, 0.998, 0.435580, 0.264497,1,1,0, 0.569756, 0.237887, 0.524338, 0.228507, 49.79, 0.998, 99.17, 0.997, 33.14, 0.996, 39.60, 0.320
16966,181002, 49.79, 49.79, 0.998, 0.998, 0.427540, 0.213340,1,1,0, 0.562587, 0.237746, 0.506357, 0.227660, 49.79, 0.998, 99.17, 0.996, 33.14, 0.996, 39.60, 0.306
16967,181013, 49.79, 49.79, 0.998, 0.999, 0.425265, 0.232844,1,1,0, 0.562064, 0.237011, 0.513253, 0.226824, 49.79, 0.998, 33.14, 0.997, 99.17, 0.997, 66.29, 0.289
16968,181024, 49.79, 49.79, 0.998, 0.998, 0.411843, 0.166497,1,1,0, 0.533878, 0.230980, 0.484288, 0.220776, 49.79, 0.998, 99.17, 0.996, 33.14, 0.996, 39.73, 0.319
16969,181034, 49.79, 49.79, 0.998, 0.998, 0.407513, 0.206889,1,1,0, 0.543115, 0.228197, 0.494581, 0.218516, 49.79, 0.998, 99.17, 0.997, 33.14, 0.997, 66.29, 0.327
16970,181045, 99.17, 49.79, 0.997, 0.997, 0.398791, 0.175028,1,1,0, 0.519502, 0.225576, 0.479669, 0.215019, 99.17, 0.997, 49.79, 0.997, 33.14, 0.996, 39.73, 0.373
16971,181056, 49.79, 49.79, 0.997, 0.997, 0.402158, 0.224555,1,1,0, 0.550700, 0.234250, 0.501045, 0.222905, 49.79, 0.997, 99.17, 0.996, 33.14, 0.993, 66.66, 0.383
16972,181066, 49.79, 49.79, 0.997, 0.998, 0.400908, 0.197789,1,1,0, 0.532931, 0.231205, 0.495320, 0.223465, 49.79, 0.997, 99.17, 0.997, 33.14, 0.996, 40.00, 0.375
16973,181077, 49.79, 49.79, 0.998, 0.998, 0.420326, 0.282900,1,1,0, 0.543450, 0.259760, 0.500465, 0.246585, 49.79, 0.998, 99.17, 0.997, 33.14, 0.996, 40.00, 0.371
16974,181088, 33.14, 49.79, 0.998, 0.998, 0.428218, 0.226398,1,1,0, 0.542105, 0.255151, 0.500687, 0.241835, 33.14, 0.998, 49.79, 0.998, 99.17, 0.997, 39.86, 0.341
16975,181098, 49.79, 49.79, 0.998, 0.998, 0.426434, 0.251718,1,1,0, 0.537133, 0.237318, 0.490934, 0.226452, 49.79, 0.998, 33.14, 0.998, 99.17, 0.997, 200.00, 0.326
16976,181109, 49.79, 49.79, 0.998, 0.999, 0.412867, 0.179898,1,1,0, 0.506818, 0.219089, 0.463827, 0.214061, 49.79, 0.998, 33.14, 0.997, 99.17, 0.997, 66.66, 0.348
16977,181120, 49.79, 49.79, 0.998, 0.998, 0.412496, 0.239325,1,1,0, 0.523674, 0.233444, 0.479222, 0.226858, 49.79, 0.998, 33.14, 0.997, 99.17, 0.997, 200.00, 0.368
16978,181130, 99.17, 49.70, 0.997, 0.998, 0.407023, 0.204240,1,1,0, 0.503092, 0.228204, 0.467120, 0.222752, 99.17, 0.997, 49.58, 0.997, 33.14, 0.995, 66.29, 0.396
16979,181141, 33.14, 49.74, 0.997, 0.998, 0.409886, 0.245039,1,1,0, 0.527791, 0.228938, 0.482417, 0.220818, 33.14, 0.997, 99.17, 0.997, 49.79, 0.997, 39.73, 0.448
16980,181152, 49.79, 49.76, 0.997, 0.998, 0.409142, 0.229755,1,1,0, 0.515991, 0.222243, 0.482423, 0.213391, 49.79, 0.997, 99.17, 0.997, 33.14, 0.996, 65.93, 0.430
16981,181162, 49.79, 49.77, 0.998, 0.998, 0.404700, 0.203566,1,1,0, 0.520883, 0.224277, 0.474419, 0.215508, 49.79, 0.998, 33.14, 0.997, 99.17, 0.997, 39.60, 0.436
16982,181173, 49.79, 49.78, 0.998, 0.998, 0.406355, 0.229588,1,1,0, 0.525801, 0.226223, 0.486809, 0.217385, 49.79, 0.998, 99.17, 0.997, 33.14, 0.996, 39.60, 0.401
16983,181184, 49.79, 49.78, 0.998, 0.998, 0.397397, 0.174912,1,1,0, 0.510597, 0.223268, 0.466470, 0.213868, 49.79, 0.998, 99.17, 0.996, 33.14, 0.996, 39.60, 0.386
16984,181194, 49.79, 49.78, 0.998, 0.999, 0.394150, 0.196865,1,1,0, 0.514471, 0.221756, 0.472515, 0.212356, 49.79, 0.998, 33.14, 0.998, 99.17, 0.997, 66.29, 0.390
16985,181205, 49.79, 49.79, 0.998, 0.998, 0.382965, 0.152948,1,1,0, 0.488607, 0.215525, 0.451808, 0.206507, 49.79, 0.998, 99.17, 0.997, 33.14, 0.997, 39.73, 0.415
16986,181216, 49.79, 49.79, 0.997, 0.998, 0.382414, 0.198442,1,1,0, 0.509365, 0.222466, 0.467231, 0.211264, 49.79, 0.997, 99.17, 0.997, 33.14, 0.995, 66.29, 0.439
16987,181226, 49.58, 49.70, 0.997, 0.998, 0.376728, 0.174906,1,1,0, 0.488137, 0.214270, 0.458364, 0.205184, 49.58, 0.997, 99.17, 0.997, 33.14, 0.995, 39.86, 0.481
16988,181237, 49.79, 49.74, 0.997, 0.998, 0.376622, 0.192927,1,1,0, 0.506928, 0.222118, 0.466716, 0.211817, 49.79, 0.997, 99.17, 0.996, 33.14, 0.995, 40.00, 0.484
16989,181248, 49.79, 49.76, 0.998, 0.998, 0.383043, 0.203835,1,1,0, 0.505535, 0.230966, 0.476102, 0.223256, 49.79, 0.998, 33.14, 0.998, 99.17, 0.997, 40.00, 0.467
16990,181258, 49.79, 49.77, 0.998, 0.998, 0.409003, 0.283085,1,1,0, 0.509425, 0.250077, 0.477925, 0.238186, 49.79, 0.998, 33.14, 0.997, 99.17, 0.997, 39.86, 0.448
16991,181269, 49.79, 49.78, 0.998, 0.999, 0.400020, 0.203960,1,1,0, 0.487620, 0.227741, 0.453025, 0.217409, 49.79, 0.998, 33.14, 0.998, 99.17, 0.997, 200.00, 0.413
16992,181280, 49.79, 49.78, 0.998, 0.999, 0.395536, 0.234535,1,1,0, 0.491326, 0.218384, 0.459193, 0.209081, 49.79, 0.998, 33.14, 0.997, 99.17, 0.997, 200.00, 0.426
16993,181290, 49.79, 49.78, 0.998, 0.999, 0.386548, 0.196920,1,1,0, 0.467734, 0.210864, 0.443647, 0.206673, 49.79, 0.998, 33.14, 0.997, 99.17, 0.997, 66.66, 0.445
16994,181301, 33.14, 49.79, 0.998, 0.998, 0.387167, 0.241487,1,1,0, 0.488416, 0.223662, 0.456589, 0.216698, 33.14, 0.998, 49.79, 0.998, 99.17, 0.997, 200.00, 0.473
16995,181312, 99.17, 49.79, 0.997, 0.998, 0.384663, 0.218866,1,1,0, 0.468146, 0.219314, 0.450776, 0.213412, 99.17, 0.997, 49.79, 0.997, 33.14, 0.995, 66.29, 0.506
16996,181322, 49.79, 49.79, 0.998, 0.998, 0.381923, 0.218525,1,1,0, 0.480552, 0.214513, 0.450857, 0.206664, 49.79, 0.998, 33.14, 0.998, 99.17, 0.997, 39.73, 0.539
16997,181333, 49.79, 49.79, 0.998, 0.999, 0.383894, 0.241321,1,1,0, 0.476119, 0.215972, 0.462296, 0.207096, 49.79, 0.998, 99.17, 0.996, 33.14, 0.995, 65.93, 0.505
16998,181344, 49.79, 49.79, 0.998, 0.999, 0.378820, 0.195588,1,1,0, 0.474942, 0.215654, 0.447841, 0.207994, 49.79, 0.998, 33.14, 0.997, 99.17, 0.996, 39.60, 0.508
16999,181354, 49.79, 49.79, 0.998, 0.998, 0.378497, 0.219490,1,1,0, 0.481854, 0.215900, 0.457510, 0.206968, 49.79, 0.998, 33.14, 0.997, 99.17, 0.996, 65.93, 0.465
17000,181365, 49.79, 49.79, 0.998, 0.998, 0.369450, 0.160224,1,1,0, 0.454492, 0.213573, 0.434709, 0.205085, 49.79, 0.998, 99.17, 0.997, 33.14, 0.996, 196.72, 0.464
17001,181376, 100.00, 49.79, 0.955, 0.956, 0.362673, 0.200779,1,1,0, 0.469863, 0.193320, 0.446315, 0.177220, 100.00, 0.955, 49.79, 0.940, 33.24, 0.875, 200.00, 0.412
17002,181386, 99.17, 49.87, 0.778, 0.757, 0.325309, 0.140702,1,1,0, 0.275288, 0.115437, 0.247709, 0.094138, 99.17, 0.778, 50.00, 0.662, 200.00, 0.375, 66.29, 0.369
17003,181397, 100.00, 50.19, 0.549, 0.467, 0.289009, 0.098601,1,1,0, 0.088115, 0.043045, 0.125805, 0.049233, 100.00, 0.549, 50.63, 0.382, 35.08, 0.365, 200.00, 0.309
17004,181408, 55.29, 52.33, 0.662, 0.637, 0.254860, 0.069097,1,1,0, 0.043902, 0.021241, 0.035211, 0.018206, 55.29, 0.662, 226.41, 0.127, 100.84, 0.094, 34.09, 0.016
17005,181418, 50.42, 51.53, 0.656, 0.661, 0.224290, 0.048422,1,1,0, 0.039365, 0.011817, 0.026624, 0.011984, 50.42, 0.656, 61.85, 0.589, 30.69, 0.470, 255.31, 0.310
17006,181429, 50.84, 51.24, 0.732, 0.744, 0.196971, 0.033933,1,1,0, 0.022795, 0.013351, 0.016099, 0.006659, 50.84, 0.732, 52.86, 0.727, 31.33, 0.505, 32.69, 0.489
17007,181440, 32.96, 50.72, 0.615, 0.491, 0.173762, 0.023779,1,1,0, 0.038470, 0.016660, 0.026128, 0.012948, 32.96, 0.615, 31.25, 0.522, 50.00, 0.460, 54.29, 0.412
17008,181450, 55.04, 52.53, 0.521, 0.510, 0.153419, 0.016664,1,1,0, 0.034154, 0.015259, 0.027220, 0.013982, 55.04, 0.521, 122.44, 0.375, 61.53, 0.364, 50.20, 0.301
17009,181461, 55.55, 53.80, 0.704, 0.692, 0.136102, 0.011678,1,1,0, 0.032477, 0.018669, 0.036441, 0.017983, 55.55, 0.704, 120.00, 0.318, 102.56, 0.268, 37.85, 0.205
17010,181472, 55.81, 54.64, 0.878, 0.874, 0.120688, 0.008183,1,1,0, 0.035917, 0.019048, 0.029916, 0.015313, 55.81, 0.878, 38.09, 0.494, 118.81, 0.349, 0.00, 0.000
17011,181482, 55.81, 55.13, 0.937, 0.955, 0.107041, 0.005735,1,1,0, 0.032178, 0.016050, 0.035614, 0.015300, 55.81, 0.937, 37.97, 0.261, 116.50, 0.215, 0.00, 0.000
17012,181493, 55.55, 55.31, 0.979, 0.985, 0.095900, 0.004018,1,1,0, 0.035494, 0.021518, 0.028448, 0.019222, 55.55, 0.979, 115.38, 0.112, 37.97, 0.110, 0.00, 0.000
17013,181504, 55.29, 55.30, 0.982, 0.987, 0.084925, 0.002816,1,1,0, 0.024924, 0.011214, 0.021630, 0.009625, 55.29, 0.982, 37.61, 0.057, 113.20, 0.052, 0.00, 0.000
17014,181514, 55.04, 55.19, 0.978, 0.984, 0.075657, 0.001973,1,1,0, 0.024770, 0.013214, 0.021448, 0.012261, 55.04, 0.978, 37.03, 0.073, 111.11, 0.022, 0.00, 0.000
17015,181525, 55.04, 55.13, 0.959, 0.970, 0.067124, 0.001383,1,1,0, 0.028086, 0.013021, 0.022213, 0.009896, 55.04, 0.959, 36.69, 0.230, 108.10, 0.092, 0.00, 0.000
17016,181536, 55.04, 55.09, 0.930, 0.950, 0.060090, 0.000969,1,1,0, 0.027130, 0.013805, 0.025671, 0.014098, 55.04, 0.930, 34.98, 0.456, 102.56, 0.307, 0.00, 0.000
17017,181546, 55.04, 55.07, 0.977, 0.983, 0.054420, 0.000679,1,1,0, 0.035058, 0.019621, 0.026839, 0.016982, 55.04, 0.977, 112.14, 0.333, 37.03, 0.321, 0.00, 0.000
17018,181557, 55.04, 55.06, 0.958, 0.970, 0.048336, 0.000475,1,1,0, 0.024069, 0.008913, 0.018404, 0.007863, 55.04, 0.958, 111.11, 0.227, 37.38, 0.038, 0.00, 0.000
17019,181568, 56.07, 55.48, 0.966, 0.975, 0.044091, 0.000333,1,1,0, 0.029647, 0.018551, 0.026842, 0.016438, 56.07, 0.966, 37.50, 0.282, 111.11, 0.205, 0.00, 0.000
17020,181578, 56.33, 55.84, 0.980, 0.985, 0.039595, 0.000233,1,1,0, 0.031046, 0.014984, 0.020918, 0.010408, 56.33, 0.980, 37.50, 0.120, 113.20, 0.101, 0.00, 0.000
17021,181589, 55.81, 55.83, 0.976, 0.983, 0.035992, 0.000163,1,1,0, 0.024839, 0.013109, 0.023944, 0.013602, 55.81, 0.976, 37.26, 0.169, 112.14, 0.074, 0.00, 0.000
17022,181600, 55.55, 55.71, 0.986, 0.990, 0.033269, 0.000114,1,1,0, 0.030235, 0.018098, 0.026633, 0.016484, 55.55, 0.986, 37.97, 0.143, 114.28, 0.082, 0.00, 0.000
17023,181610, 55.29, 55.54, 0.978, 0.984, 0.029818, 0.000080,1,1,0, 0.028130, 0.009831, 0.022772, 0.007857, 55.29, 0.978, 110.09, 0.061, 36.69, 0.003, 0.00, 0.000
17024,181621, 54.79, 55.22, 0.990, 0.992, 0.028237, 0.001168,1,1,0, 0.031706, 0.021323, 0.029310, 0.018865, 54.79, 0.990, 110.09, 0.142, 36.36, 0.072, 0.00, 0.000
17025,181632, 54.54, 54.94, 0.988, 0.991, 0.025855, 0.000818,1,1,0, 0.028301, 0.014186, 0.025959, 0.012329, 54.54, 0.988, 36.25, 0.252, 108.10, 0.216, 0.00, 0.000
17026,181642, 55.29, 55.09, 0.918, 0.941, 0.023561, 0.000573,1,1,0, 0.016692, 0.008806, 0.017446, 0.009291, 55.29, 0.918, 37.15, 0.376, 112.14, 0.282, 0.00, 0.000
17027,181653, 56.60, 55.72, 0.853, 0.890, 0.026790, 0.022475,1,1,0, 0.030299, 0.019579, 0.031313, 0.016548, 56.60, 0.853, 111.11, 0.197, 38.83, 0.144, 0.00, 0.000
17028,181664, 56.87, 56.20, 0.807, 0.830, 0.024384, 0.015750,1,1,0, 0.027770, 0.011728, 0.025316, 0.010108, 56.87, 0.807, 37.38, 0.102, 0.00, 0.000, 0.00, 0.000
17029,181674, 54.79, 55.61, 0.888, 0.899, 0.023880, 0.011037,1,1,0, 0.030753, 0.019466, 0.025662, 0.016488, 54.79, 0.888, 0.00, 0.000, 0.00, 0.000, 0.00, 0.000
17030,181685, 53.81, 54.85, 0.959, 0.967, 0.021857, 0.007734,1,1,0, 0.022664, 0.012266, 0.018728, 0.009642, 53.81, 0.959, 0.00, 0.000, 0.00, 0.000, 0.00, 0.000
17031,181696, 56.33, 55.47, 0.889, 0.910, 0.022094, 0.007529,1,1,0, 0.026304, 0.015287, 0.025225, 0.014887, 56.33, 0.889, 0.00, 0.000, 0.00, 0.000, 0.00, 0.000
17032,181706, 55.55, 55.51, 0.811, 0.851, 0.022646, 0.008375,1,1,0, 0.030239, 0.015521, 0.025033, 0.013574, 55.55, 0.811, 36.25, 0.380, 108.10, 0.057, 0.00, 0.000
17033,181717, 53.09, 54.49, 0.749, 0.778, 0.021224, 0.005869,1,1,0, 0.021295, 0.011071, 0.025036, 0.010672, 53.09, 0.749, 103.44, 0.223, 0.00, 0.000, 0.00, 0.000
17034,181728, 54.54, 54.51, 0.889, 0.915, 0.025126, 0.018344,1,1,0, 0.029970, 0.020652, 0.028821, 0.017365, 54.54, 0.889, 37.38, 0.167, 112.14, 0.088, 0.00, 0.000
17035,181738, 54.79, 54.63, 0.876, 0.907, 0.022747, 0.012855,1,1,0, 0.019159, 0.007965, 0.014801, 0.007255, 54.79, 0.876, 37.15, 0.168, 0.00, 0.000, 0.00, 0.000
17036,181749, 55.81, 55.12, 0.924, 0.942, 0.021494, 0.009008,1,1,0, 0.026139, 0.015579, 0.022124, 0.014044, 55.81, 0.924, 0.00, 0.000, 0.00, 0.000, 0.00, 0.000
17037,181760, 56.07, 55.52, 0.931, 0.950, 0.021040, 0.010300,1,1,0, 0.029659, 0.013683, 0.023987, 0.011334, 56.07, 0.931, 36.92, 0.258, 111.11, 0.080, 0.00, 0.000
17038,181770, 56.07, 55.75, 0.896, 0.925, 0.021691, 0.012028,1,1,0, 0.025830, 0.012322, 0.027605, 0.011570, 56.07, 0.896, 112.14, 0.208, 37.15, 0.087, 0.00, 0.000
17039,181781, 55.29, 55.56, 0.914, 0.938, 0.027208, 0.028155,1,1,0, 0.043763, 0.021756, 0.033041, 0.015761, 55.29, 0.914, 113.20, 0.241, 37.61, 0.235, 0.00, 0.000
17040,181792, 55.29, 55.45, 0.643, 0.690, 0.026601, 0.019731,1,1,0, 0.049343, 0.026165, 0.029093, 0.018643, 55.29, 0.643, 121.21, 0.098, 37.50, 0.027, 0.00, 0.000
17041,181802, 53.57, 54.66, 0.512, 0.532, 0.032742, 0.020727,1,1,0, 0.051113, 0.028584, 0.037705, 0.023463, 53.57, 0.512, 0.00, 0.000, 0.00, 0.000, 0.00, 0.000
17042,181813, 51.72, 53.42, 0.473, 0.476, 0.029664, 0.014525,1,1,0, 0.019293, 0.013960, 0.023055, 0.010909, 51.72, 0.473, 35.60, 0.395, 0.00, 0.000, 0.00, 0.000
17043,181824, 36.14, 46.16, 0.578, 0.542, 0.026476, 0.010179,1,1,0, 0.009740, 0.005759, 0.009422, 0.005278, 36.14, 0.578, 52.17, 0.133, 0.00, 0.000, 0.00, 0.000
17044,181834, 55.55, 46.16, 0.458, 0.488, 0.028986, 0.017230,1,1,0, 0.034523, 0.019122, 0.032662, 0.016855, 55.55, 0.458, 37.85, 0.034, 117.64, 0.029, 0.00, 0.000
17045,181845, 55.55, 50.11, 0.695, 0.652, 0.026153, 0.012074,1,1,0, 0.019973, 0.007391, 0.015275, 0.007565, 55.55, 0.695, 35.50, 0.399, 102.56, 0.197, 0.00, 0.000
17046,181856, 54.29, 51.87, 0.825, 0.816, 0.025181, 0.008461,1,1,0, 0.034566, 0.018957, 0.026660, 0.015713, 54.29, 0.825, 36.80, 0.354, 113.20, 0.161, 0.00, 0.000
17047,181866, 54.79, 53.09, 0.939, 0.947, 0.023125, 0.005929,1,1,0, 0.024366, 0.011168, 0.018433, 0.010163, 54.79, 0.939, 35.92, 0.256, 107.14, 0.195, 0.00, 0.000
17048,181877, 54.79, 53.81, 0.911, 0.935, 0.021703, 0.004155,1,1,0, 0.023992, 0.014156, 0.020868, 0.013014, 54.79, 0.911, 36.69, 0.307, 109.09, 0.155, 0.00, 0.000
17049,181888, 55.29, 54.43, 0.917, 0.933, 0.024055, 0.013758,1,1,0, 0.029800, 0.015674, 0.027431, 0.013994, 55.29, 0.917, 0.00, 0.000, 0.00, 0.000, 0.00, 0.000
17050,181898, 55.81, 55.01, 0.943, 0.959, 0.022869, 0.009641,1,1,0, 0.031059, 0.014561, 0.027161, 0.012759, 55.81, 0.943, 37.26, 0.019, 0.00, 0.000, 0.00, 0.000
17051,181909, 55.81, 55.35, 0.942, 0.958, 0.021479, 0.006756,1,1,0, 0.023621, 0.015176, 0.020715, 0.012941, 55.81, 0.942, 0.00, 0.000, 0.00, 0.000, 0.00, 0.000
17052,181920, 55.29, 55.32, 0.941, 0.958, 0.019608, 0.004735,1,1,0, 0.016483, 0.009575, 0.013128, 0.007428, 55.29, 0.941, 36.14, 0.106, 108.10, 0.000, 0.00, 0.000
17053,181930, 56.07, 55.64, 0.914, 0.938, 0.018531, 0.003318,1,1,0, 0.022813, 0.013482, 0.019079, 0.012290, 56.07, 0.914, 36.69, 0.110, 109.09, 0.047, 0.00, 0.000
17054,181941, 55.55, 55.60, 0.918, 0.941, 0.017701, 0.008765,1,1,0, 0.022938, 0.009856, 0.020208, 0.008905, 55.55, 0.918, 35.29, 0.096, 0.00, 0.000, 0.00, 0.000
17055,181952, 55.55, 55.58, 0.934, 0.952, 0.017746, 0.006767,1,1,0, 0.025186, 0.014101, 0.020939, 0.011863, 55.55, 0.934, 0.00, 0.000, 0.00, 0.000, 0.00, 0.000
17056,181962, 56.33, 55.90, 0.949, 0.963, 0.016317, 0.004742,1,1,0, 0.017125, 0.010049, 0.015224, 0.008149, 56.33, 0.949, 0.00, 0.000, 0.00, 0.000, 0.00, 0.000
17057,181973, 56.07, 55.97, 0.950, 0.964, 0.014761, 0.003323,1,1,0, 0.005922, 0.004323, 0.008899, 0.004758, 56.07, 0.950, 0.00, 0.000, 0.00, 0.000, 0.00, 0.000
17058,181984, 55.29, 55.69, 0.980, 0.985, 0.013604, 0.002329,1,1,0, 0.013522, 0.007373, 0.010242, 0.006203, 55.29, 0.980, 0.00, 0.000, 0.00, 0.000, 0.00, 0.000
17059,181994, 55.55, 55.63, 0.925, 0.946, 0.012512, 0.001632,1,1,0, 0.008612, 0.006105, 0.008499, 0.005234, 55.55, 0.925, 0.00, 0.000, 0.00, 0.000, 0.00, 0.000
17060,182005, 56.33, 55.92, 0.872, 0.901, 0.011304, 0.001143,1,1,0, 0.007452, 0.003808, 0.007027, 0.003334, 56.33, 0.872, 0.00, 0.000, 0.00, 0.000, 0.00, 0.000
17061,182016, 57.41, 56.55, 0.964, 0.974, 0.010239, 0.000801,1,1,0, 0.005779, 0.003914, 0.005795, 0.003206, 57.41, 0.964, 0.00, 0.000, 0.00, 0.000, 0.00, 0.000
17062,182026, 57.41, 56.91, 0.914, 0.938, 0.009085, 0.000561,1,1,0, 0.004599, 0.001478, 0.002969, 0.001156, 57.41, 0.914, 30.53, 0.900, 0.00, 0.000, 0.00, 0.000
17063,182037, 30.53, 45.83, 0.868, 0.874, 0.008264, 0.000393,1,1,0, 0.006358, 0.003924, 0.004240, 0.002775, 30.53, 0.868, 61.85, 0.758, 0.00, 0.000, 0.00, 0.000
17064,182048, 30.22, 39.27, 0.983, 0.983, 0.007612, 0.000275,1,1,0, 0.006226, 0.004147, 0.005123, 0.003293, 30.22, 0.983, 62.17, 0.767, 0.00, 0.000, 0.00, 0.000
17065,182058, 31.49, 36.01, 0.795, 0.798, 0.006850, 0.000193,1,1,0, 0.004195, 0.001932, 0.003419, 0.001758, 31.49, 0.795, 62.50, 0.667, 0.00, 0.000, 0.00, 0.000
17066,182069, 30.15, 33.54, 0.964, 0.964, 0.006189, 0.000135,1,1,0, 0.004881, 0.003360, 0.002928, 0.001735, 30.15, 0.964, 63.49, 0.763, 0.00, 0.000, 0.00, 0.000
17067,182080, 30.84, 32.41, 0.964, 0.974, 0.005638, 0.000094,1,1,0, 0.005206, 0.002830, 0.002909, 0.001909, 30.84, 0.964, 63.82, 0.678, 0.00, 0.000, 0.00, 0.000
17068,182090, 55.29, 42.02, 0.570, 0.535, 0.034537, 0.089963,1,1,0, 0.067139, 0.029810, 0.051250, 0.021268, 55.29, 0.570, 230.76, 0.116, 0.00, 0.000, 0.00, 0.000
17069,182101, 56.87, 48.26, 0.630, 0.591, 0.033703, 0.063044,1,1,0, 0.024113, 0.010902, 0.041645, 0.016798, 56.87, 0.630, 57.69, 0.630, 0.00, 0.000, 0.00, 0.000
17070,182112, 30.30, 40.71, 0.843, 0.833, 0.031140, 0.044180,1,1,0, 0.038040, 0.017026, 0.031897, 0.015738, 30.30, 0.843, 62.50, 0.532, 0.00, 0.000, 0.00, 0.000
17071,182122, 62.82, 36.84, 0.915, 0.893, 0.028209, 0.030960,1,1,0, 0.022454, 0.011021, 0.022426, 0.009877, 62.82, 0.915, 31.49, 0.875, 0.00, 0.000, 0.00, 0.000
17072,182133, 64.17, 34.95, 0.897, 0.683, 0.025510, 0.021696,1,1,0, 0.019786, 0.012740, 0.013341, 0.007338, 64.17, 0.897, 32.34, 0.640, 51.28, 0.277, 218.18, 0.014
17073,182144, 64.17, 33.74, 0.923, 0.885, 0.023097, 0.015204,1,1,0, 0.013769, 0.007621, 0.016031, 0.007770, 64.17, 0.923, 32.08, 0.841, 0.00, 0.000, 0.00, 0.000
17074,182154, 64.86, 33.05, 0.812, 0.709, 0.021382, 0.010655,1,1,0, 0.023413, 0.015727, 0.019379, 0.011016, 64.86, 0.812, 32.08, 0.628, 0.00, 0.000, 0.00, 0.000
17075,182165, 65.57, 46.71, 0.677, 0.629, 0.019366, 0.007466,1,1,0, 0.036202, 0.023951, 0.012521, 0.006209, 65.57, 0.677, 34.28, 0.097, 0.00, 0.000, 0.00, 0.000
17076,182176, 35.19, 41.87, 0.770, 0.748, 0.017997, 0.005232,1,1,0, 0.029479, 0.012033, 0.018264, 0.010608, 35.19, 0.770, 71.85, 0.315, 0.00, 0.000, 0.00, 0.000
17077,182186, 71.85, 41.87, 0.469, 0.673, 0.023621, 0.021034,1,1,0, 0.047023, 0.018287, 0.029636, 0.013665, 71.85, 0.469, 0.00, 0.000, 0.00, 0.000, 0.00, 0.000
17078,182197, 40.26, 41.19, 0.571, 0.583, 0.100907, 0.113117,1,1,0, 0.289961, 0.156240, 0.124411, 0.066730, 40.26, 0.571, 50.20, 0.442, 0.00, 0.000, 0.00, 0.000
17079,182208, 42.85, 41.19, 0.334, 0.525, 0.690923, 0.837125,1,1,1, 1.000000, 0.646083, 1.028998, 0.537671, 42.85, 0.334, 35.29, 0.052, 0.00, 0.000, 0.00, 0.000
17080,182218, 43.95, 41.19, 0.410, 0.472, 0.643746, 0.586641,1,1,0, 0.999999, 0.429636, 0.699624, 0.365345, 43.95, 0.410, 95.23, 0.172, 0.00, 0.000, 0.00, 0.000
17081,182229, 48.38, 46.23, 0.824, 0.826, 1.014667, 0.805754,1,1,0, 1.000000, 0.799439, 1.412389, 0.718637, 48.38, 0.824, 97.56, 0.243, 0.00, 0.000, 0.00, 0.000
17082,182240, 48.78, 48.01, 0.895, 0.925, 0.921283, 0.564656,1,1,0, 0.999999, 0.484002, 0.765771, 0.366341, 48.78, 0.895, 32.69, 0.499, 97.56, 0.276, 0.00, 0.000
17083,182250, 49.79, 49.25, 0.986, 0.990, 1.051589, 0.764330,1,1,0, 1.000000, 0.720180, 1.356701, 0.683375, 49.79, 0.986, 33.61, 0.498, 100.84, 0.284, 0.00, 0.000
17084,182261, 49.79, 49.63, 0.998, 0.998, 0.956587, 0.535627,1,1,0, 0.999999, 0.580138, 0.766663, 0.386585, 49.79, 0.998, 33.33, 0.322, 100.00, 0.246, 0.00, 0.000
17085,182272, 49.79, 49.74, 0.999, 0.999, 1.042800, 0.732119,1,1,0, 1.000000, 0.637813, 1.332463, 0.660391, 49.79, 0.999, 33.05, 0.307, 99.17, 0.235, 0.00, 0.000
17086,182282, 49.79, 49.77, 0.999, 0.999, 1.019252, 1.000000,1,1,0, 1.000000, 0.617128, 1.318573, 0.487217, 49.79, 0.999, 33.42, 0.235, 100.84, 0.219, 0.00, 0.000
