seq,ms,raw_freq_hz,tracked_freq_hz,raw_confidence,tracked_confidence,envelope,attack,gate,pitch_valid,onset,input_peak,input_rms,filtered_peak,filtered_rms,c1_freq,c1_score,c2_freq,c2_score,c3_freq,c3_score,c4_freq,c4_score
23016,245536, 41.23, 41.23, 0.999, 0.999, 0.456809, 0.240934,1,1,0, 0.446298, 0.127793, 0.309160, 0.119546, 41.23, 0.999, 80.00, 0.362, 0.00, 0.000, 0.00, 0.000
23017,245546, 41.09, 41.17, 0.992, 0.994, 0.419217, 0.168842,1,1,0, 0.472006, 0.254486, 0.436689, 0.180704, 41.09, 0.992, 83.33, 0.377, 0.00, 0.000, 0.00, 0.000
23018,245557, 41.09, 41.14, 0.996, 0.997, 0.452099, 0.173364,1,1,0, 0.544437, 0.281491, 0.522776, 0.279456, 41.09, 0.996, 82.75, 0.411, 0.00, 0.000, 0.00, 0.000
23019,245568, 41.52, 41.30, 0.980, 0.985, 0.411551, 0.121490,1,1,0, 0.453884, 0.201386, 0.267337, 0.149085, 41.52, 0.980, 84.50, 0.486, 0.00, 0.000, 0.00, 0.000
23020,245578, 41.09, 41.21, 0.988, 0.991, 0.421557, 0.118658,1,1,0, 0.468744, 0.292354, 0.473374, 0.264912, 41.09, 0.988, 80.53, 0.512, 0.00, 0.000, 0.00, 0.000
23021,245589, 40.95, 41.10, 0.991, 0.993, 0.380531, 0.083153,1,1,0, 0.217353, 0.096456, 0.193560, 0.102964, 40.95, 0.991, 82.19, 0.505, 0.00, 0.000, 0.00, 0.000
23022,245600, 41.23, 41.19, 0.997, 0.998, 0.455782, 0.262145,1,1,1, 0.513556, 0.375422, 0.516714, 0.317763, 41.23, 0.997, 82.19, 0.462, 0.00, 0.000, 0.00, 0.000
23023,245610, 41.37, 41.32, 0.998, 0.998, 0.410213, 0.183706,1,1,0, 0.121113, 0.075606, 0.146980, 0.099911, 41.37, 0.998, 82.19, 0.442, 0.00, 0.000, 0.00, 0.000
23024,245621, 40.95, 41.06, 0.996, 0.997, 0.440339, 0.217250,1,1,0, 0.482434, 0.297344, 0.483791, 0.260423, 40.95, 0.996, 83.91, 0.460, 0.00, 0.000, 0.00, 0.000
23025,245632, 41.09, 41.08, 0.994, 0.995, 0.403413, 0.152244,1,1,0, 0.481868, 0.188825, 0.463400, 0.169081, 41.09, 0.994, 81.63, 0.505, 0.00, 0.000, 0.00, 0.000
23026,245642, 41.37, 41.29, 0.986, 0.990, 0.372891, 0.106689,1,1,0, 0.488111, 0.263939, 0.295147, 0.179689, 41.37, 0.986, 83.33, 0.583, 0.00, 0.000, 0.00, 0.000
23027,245653, 41.09, 41.15, 0.990, 0.993, 0.383977, 0.124876,1,1,0, 0.421998, 0.222249, 0.440875, 0.239923, 41.09, 0.990, 81.63, 0.619, 0.00, 0.000, 0.00, 0.000
23028,245664, 41.09, 41.11, 0.981, 0.986, 0.352105, 0.087511,1,1,0, 0.401859, 0.177442, 0.288847, 0.149912, 41.09, 0.981, 83.91, 0.571, 0.00, 0.000, 0.00, 0.000
23029,245674, 41.52, 41.39, 0.998, 0.998, 0.408126, 0.216268,1,1,1, 0.502780, 0.321229, 0.467985, 0.276663, 41.52, 0.998, 81.63, 0.545, 0.00, 0.000, 0.00, 0.000
23030,245685, 41.37, 41.38, 0.987, 0.991, 0.367992, 0.151556,1,1,0, 0.145542, 0.083404, 0.175088, 0.102648, 41.37, 0.987, 82.19, 0.509, 0.00, 0.000, 0.00, 0.000
23031,245696, 40.95, 41.08, 0.976, 0.983, 0.341885, 0.106207,1,1,0, 0.338253, 0.200754, 0.284422, 0.175413, 40.95, 0.976, 82.19, 0.528, 0.00, 0.000, 0.00, 0.000
23032,245706, 41.23, 41.19, 0.962, 0.973, 0.303292, 0.074428,1,1,0, 0.128398, 0.061811, 0.073595, 0.039635, 41.23, 0.962, 82.75, 0.556, 0.00, 0.000, 0.00, 0.000
23033,245717, 42.70, 42.25, 0.842, 0.886, 0.274570, 0.052157,1,1,0, 0.143220, 0.087567, 0.120515, 0.077540, 42.70, 0.842, 86.33, 0.505, 0.00, 0.000, 0.00, 0.000
23034,245728, 42.10, 42.14, 0.820, 0.870, 0.244844, 0.036551,1,1,0, 0.083116, 0.050989, 0.105782, 0.043205, 42.10, 0.820, 86.95, 0.227, 0.00, 0.000, 0.00, 0.000
23035,245738, 30.53, 34.01, 0.807, 0.844, 0.218383, 0.025614,1,1,0, 0.093403, 0.052345, 0.066075, 0.037598, 30.53, 0.807, 38.96, 0.441, 49.38, 0.404, 164.38, 0.050
23036,245749, 42.70, 40.09, 0.824, 0.873, 0.194450, 0.017949,1,1,0, 0.070999, 0.044316, 0.077734, 0.038435, 42.70, 0.824, 0.00, 0.000, 0.00, 0.000, 0.00, 0.000
23037,245760, 52.86, 44.09, 0.728, 0.733, 0.174533, 0.012578,1,1,0, 0.062803, 0.042335, 0.063047, 0.039421, 52.86, 0.728, 45.80, 0.669, 0.00, 0.000, 0.00, 0.000
23038,245770, 52.17, 49.74, 0.849, 0.891, 0.154803, 0.008815,1,1,0, 0.038997, 0.020961, 0.044469, 0.019334, 52.17, 0.849, 0.00, 0.000, 0.00, 0.000, 0.00, 0.000
23039,245781, 54.05, 51.55, 0.858, 0.898, 0.137324, 0.006177,1,1,0, 0.028882, 0.017856, 0.024370, 0.016466, 54.05, 0.858, 40.13, 0.137, 0.00, 0.000, 0.00, 0.000
23040,245792, 54.05, 52.60, 0.807, 0.861, 0.121843, 0.004329,1,1,0, 0.047078, 0.021343, 0.031104, 0.015930, 54.05, 0.807, 34.48, 0.160, 0.00, 0.000, 0.00, 0.000
23041,245802, 43.01, 52.60, 0.429, 0.775, 0.110603, 0.003033,1,1,0, 0.095519, 0.053606, 0.074265, 0.040410, 43.01, 0.429, 57.97, 0.213, 0.00, 0.000, 0.00, 0.000
23042,245813, 42.25, 52.60, 0.376, 0.697, 0.100130, 0.002125,1,1,0, 0.072685, 0.028572, 0.046228, 0.029951, 42.25, 0.376, 58.82, 0.336, 0.00, 0.000, 0.00, 0.000
23043,245824, 55.04, 52.60, 0.347, 0.627, 0.088766, 0.001489,1,1,0, 0.022160, 0.011319, 0.022323, 0.011178, 55.04, 0.347, 33.80, 0.097, 0.00, 0.000, 0.00, 0.000
23044,245834, 33.70, 53.21, 0.712, 0.722, 0.078237, 0.001044,1,1,0, 0.012211, 0.006555, 0.007529, 0.004928, 33.70, 0.712, 54.05, 0.669, 0.00, 0.000, 0.00, 0.000
23045,245845, 34.28, 53.21, 0.263, 0.649, 0.070908, 0.000731,1,1,0, 0.092280, 0.043448, 0.064715, 0.029371, 34.28, 0.263, 42.25, 0.236, 60.00, 0.058, 0.00, 0.000
23046,245856, 42.70, 48.80, 0.686, 0.689, 0.065274, 0.000512,1,1,0, 0.046528, 0.026544, 0.047541, 0.027818, 42.70, 0.686, 68.57, 0.130, 0.00, 0.000, 0.00, 0.000
23047,245866, 33.42, 42.34, 0.706, 0.709, 0.058605, 0.000359,1,1,0, 0.025037, 0.009305, 0.029876, 0.014660, 33.42, 0.706, 64.86, 0.212, 51.72, 0.093, 0.00, 0.000
23048,245877, 61.85, 50.53, 0.511, 0.517, 0.052132, 0.000251,1,1,0, 0.018875, 0.010177, 0.015450, 0.008427, 61.85, 0.511, 0.00, 0.000, 0.00, 0.000, 0.00, 0.000
23049,245888, 34.78, 50.53, 0.270, 0.466, 0.130963, 0.505253,1,1,1, 0.385183, 0.094218, 0.275468, 0.066848, 34.78, 0.270, 41.23, 0.118, 65.93, 0.004, 0.00, 0.000
23050,245898, 36.47, 40.69, 0.513, 0.538, 0.307380, 0.365178,1,1,0, 0.444113, 0.271024, 0.375473, 0.225037, 36.47, 0.513, 74.53, 0.174, 0.00, 0.000, 0.00, 0.000
23051,245909, 51.28, 41.57, 0.731, 0.750, 0.557985, 0.870047,1,1,0, 0.694569, 0.383903, 0.703539, 0.325408, 51.28, 0.731, 31.57, 0.730, 42.55, 0.702, 41.95, 0.701
23052,245920, 50.63, 47.91, 0.815, 0.866, 0.508303, 0.609710,1,1,0, 0.607754, 0.209498, 0.459169, 0.190357, 50.63, 0.815, 0.00, 0.000, 0.00, 0.000, 0.00, 0.000
23053,245930, 51.28, 50.27, 0.909, 0.934, 0.568448, 0.427273,1,1,0, 0.672808, 0.414674, 0.659257, 0.337594, 51.28, 0.909, 35.08, 0.144, 105.26, 0.014, 0.00, 0.000
23054,245941, 51.94, 51.44, 0.993, 0.995, 0.516328, 0.299424,1,1,0, 0.390056, 0.144282, 0.279456, 0.170112, 51.94, 0.993, 0.00, 0.000, 0.00, 0.000, 0.00, 0.000
23055,245952, 52.17, 51.95, 0.999, 0.999, 0.556871, 0.296991,1,1,0, 0.653472, 0.397221, 0.645238, 0.345527, 52.17, 0.999, 35.50, 0.150, 107.14, 0.048, 0.00, 0.000
23056,245962, 52.17, 52.10, 0.999, 0.999, 0.505501, 0.208125,1,1,0, 0.426296, 0.226927, 0.266274, 0.161981, 52.17, 0.999, 34.38, 0.239, 102.56, 0.077, 0.00, 0.000
23057,245973, 52.17, 52.15, 0.999, 0.999, 0.536296, 0.252066,1,1,0, 0.627467, 0.349640, 0.629138, 0.336235, 52.17, 0.999, 34.78, 0.216, 104.34, 0.083, 0.00, 0.000
23058,245984, 52.17, 52.16, 0.999, 0.999, 0.494038, 0.194899,1,1,0, 0.448002, 0.252462, 0.549779, 0.188140, 52.17, 0.999, 35.08, 0.119, 105.26, 0.054, 0.00, 0.000
23059,245994, 52.17, 52.17, 0.999, 0.999, 0.511412, 0.221532,1,1,0, 0.606494, 0.321386, 0.610767, 0.304473, 52.17, 0.999, 103.44, 0.003, 0.00, 0.000, 0.00, 0.000
23060,246005, 52.17, 52.17, 0.999, 0.999, 0.540803, 0.287399,1,1,0, 0.599217, 0.362772, 0.597922, 0.314088, 52.17, 0.999, 0.00, 0.000, 0.00, 0.000, 0.00, 0.000
23061,246016, 52.17, 52.17, 0.999, 0.999, 0.491372, 0.201403,1,1,0, 0.579148, 0.193017, 0.446060, 0.171629, 52.17, 0.999, 0.00, 0.000, 0.00, 0.000, 0.00, 0.000
23062,246026, 52.17, 52.17, 0.999, 0.999, 0.523478, 0.254360,1,1,0, 0.596628, 0.398970, 0.584980, 0.328880, 52.17, 0.999, 0.00, 0.000, 0.00, 0.000, 0.00, 0.000
23063,246037, 52.17, 52.17, 0.999, 0.999, 0.476045, 0.178250,1,1,0, 0.424494, 0.154214, 0.282950, 0.159545, 52.17, 0.999, 34.18, 0.001, 0.00, 0.000, 0.00, 0.000
23064,246048, 52.17, 52.17, 0.999, 0.999, 0.499904, 0.203045,1,1,0, 0.578229, 0.364743, 0.562237, 0.318066, 52.17, 0.999, 35.39, 0.110, 107.14, 0.037, 0.00, 0.000
23065,246058, 52.17, 52.17, 0.999, 0.999, 0.456255, 0.142290,1,1,0, 0.440136, 0.243321, 0.289485, 0.169171, 52.17, 0.999, 34.58, 0.231, 103.44, 0.081, 0.00, 0.000
23066,246069, 52.17, 52.17, 0.999, 0.999, 0.478903, 0.177020,1,1,0, 0.564224, 0.306452, 0.545017, 0.303135, 52.17, 0.999, 34.58, 0.200, 103.44, 0.084, 0.00, 0.000
23067,246080, 52.17, 52.17, 0.999, 0.999, 0.451837, 0.205129,1,1,0, 0.453076, 0.268884, 0.510506, 0.209644, 52.17, 0.999, 35.50, 0.114, 107.14, 0.050, 0.00, 0.000
23068,246090, 52.17, 52.17, 0.999, 0.999, 0.462091, 0.165240,1,1,0, 0.560217, 0.283792, 0.538853, 0.268524, 52.17, 0.999, 0.00, 0.000, 0.00, 0.000, 0.00, 0.000
23069,246101, 52.17, 52.17, 0.999, 0.999, 0.489679, 0.204014,1,1,0, 0.547861, 0.351553, 0.527888, 0.305171, 52.17, 0.999, 0.00, 0.000, 0.00, 0.000, 0.00, 0.000
23070,246112, 52.17, 52.17, 0.999, 0.999, 0.443230, 0.142969,1,1,0, 0.506867, 0.160678, 0.391874, 0.140552, 52.17, 0.999, 0.00, 0.000, 0.00, 0.000, 0.00, 0.000
23071,246122, 52.17, 52.17, 0.999, 0.999, 0.466371, 0.169887,1,1,0, 0.526443, 0.369867, 0.509992, 0.308468, 52.17, 0.999, 0.00, 0.000, 0.00, 0.000, 0.00, 0.000
23072,246133, 52.17, 52.17, 0.999, 0.999, 0.424732, 0.119053,1,1,0, 0.439874, 0.165212, 0.298648, 0.153671, 52.17, 0.999, 0.00, 0.000, 0.00, 0.000, 0.00, 0.000
23073,246144, 52.17, 52.17, 0.999, 0.999, 0.447241, 0.160294,1,1,0, 0.511500, 0.332660, 0.499932, 0.290053, 52.17, 0.999, 35.29, 0.077, 106.19, 0.026, 0.00, 0.000
23074,246154, 52.17, 52.17, 0.999, 0.999, 0.410258, 0.112331,1,1,0, 0.467928, 0.254576, 0.302241, 0.175887, 52.17, 0.999, 34.88, 0.145, 104.34, 0.047, 0.00, 0.000
23075,246165, 52.17, 52.17, 0.999, 0.999, 0.432529, 0.155618,1,1,0, 0.503919, 0.267942, 0.495613, 0.272404, 52.17, 0.999, 34.28, 0.163, 102.56, 0.036, 0.00, 0.000
23076,246176, 52.17, 52.17, 0.999, 0.999, 0.410804, 0.161707,1,1,0, 0.464100, 0.267985, 0.457053, 0.215403, 52.17, 0.999, 35.71, 0.086, 108.10, 0.004, 0.00, 0.000
23077,246186, 52.17, 52.17, 0.999, 0.999, 0.410626, 0.131906,1,1,0, 0.485990, 0.241872, 0.481093, 0.226321, 52.17, 0.999, 0.00, 0.000, 0.00, 0.000, 0.00, 0.000
23078,246197, 52.17, 52.17, 0.999, 0.999, 0.433330, 0.168760,1,1,0, 0.467771, 0.330018, 0.467570, 0.288701, 52.17, 0.999, 0.00, 0.000, 0.00, 0.000, 0.00, 0.000
23079,246208, 52.17, 52.17, 0.999, 0.999, 0.390805, 0.118264,1,1,0, 0.413615, 0.137314, 0.320318, 0.113422, 52.17, 0.999, 0.00, 0.000, 0.00, 0.000, 0.00, 0.000
23080,246218, 52.17, 52.17, 0.999, 0.999, 0.416139, 0.160896,1,1,0, 0.468636, 0.345334, 0.458974, 0.291089, 52.17, 0.999, 0.00, 0.000, 0.00, 0.000, 0.00, 0.000
23081,246229, 52.17, 52.17, 0.999, 0.999, 0.379883, 0.112752,1,1,0, 0.460730, 0.182808, 0.310785, 0.155927, 52.17, 0.999, 0.00, 0.000, 0.00, 0.000, 0.00, 0.000
23082,246240, 52.17, 52.17, 0.999, 0.999, 0.399539, 0.148719,1,1,0, 0.470000, 0.295777, 0.450505, 0.259809, 52.17, 0.999, 0.00, 0.000, 0.00, 0.000, 0.00, 0.000
23083,246250, 52.17, 52.17, 0.999, 0.999, 0.367397, 0.104219,1,1,0, 0.464162, 0.253003, 0.310383, 0.176842, 52.17, 0.999, 35.08, 0.059, 0.00, 0.000, 0.00, 0.000
23084,246261, 52.17, 52.17, 0.999, 0.999, 0.379030, 0.128419,1,1,0, 0.425618, 0.223472, 0.436432, 0.234267, 52.17, 0.999, 33.89, 0.103, 0.00, 0.000, 0.00, 0.000
23085,246272, 52.40, 52.26, 0.997, 0.997, 0.351997, 0.089993,1,1,0, 0.389503, 0.227621, 0.353535, 0.189498, 52.40, 0.997, 36.03, 0.051, 0.00, 0.000, 0.00, 0.000
23086,246282, 52.63, 52.42, 0.996, 0.997, 0.322306, 0.063065,1,1,0, 0.341921, 0.159283, 0.359871, 0.150353, 52.63, 0.996, 0.00, 0.000, 0.00, 0.000, 0.00, 0.000
23087,246293, 53.33, 52.80, 0.972, 0.979, 0.297208, 0.044195,1,1,0, 0.195089, 0.147975, 0.202188, 0.130146, 53.33, 0.972, 0.00, 0.000, 0.00, 0.000, 0.00, 0.000
23088,246304, 54.29, 53.43, 0.977, 0.983, 0.265415, 0.030971,1,1,0, 0.090915, 0.056126, 0.075888, 0.047413, 54.29, 0.977, 0.00, 0.000, 0.00, 0.000, 0.00, 0.000
23089,246314, 55.81, 54.43, 0.937, 0.955, 0.236083, 0.021703,1,1,0, 0.079035, 0.045043, 0.084097, 0.041534, 55.81, 0.937, 0.00, 0.000, 0.00, 0.000, 0.00, 0.000
23090,246325, 57.97, 55.91, 0.947, 0.962, 0.209529, 0.015209,1,1,0, 0.044973, 0.026445, 0.041418, 0.026030, 57.97, 0.947, 30.22, 0.931, 0.00, 0.000, 0.00, 0.000
23091,246336, 59.11, 57.26, 0.905, 0.931, 0.184747, 0.010658,1,1,0, 0.022452, 0.014328, 0.022029, 0.011730, 59.11, 0.905, 0.00, 0.000, 0.00, 0.000, 0.00, 0.000
23092,246346, 63.15, 59.73, 0.926, 0.947, 0.162892, 0.007469,1,1,0, 0.015679, 0.010824, 0.018342, 0.010803, 63.15, 0.926, 32.25, 0.883, 0.00, 0.000, 0.00, 0.000
23093,246357, 33.24, 62.18, 0.942, 0.915, 0.143721, 0.005234,1,1,0, 0.016809, 0.012253, 0.013920, 0.010115, 33.24, 0.942, 65.57, 0.882, 0.00, 0.000, 0.00, 0.000
23094,246368, 32.87, 49.87, 0.935, 0.952, 0.126563, 0.003668,1,1,0, 0.015733, 0.009711, 0.013391, 0.007472, 32.87, 0.935, 65.57, 0.918, 0.00, 0.000, 0.00, 0.000
23095,246378, 63.15, 55.45, 0.956, 0.968, 0.111538, 0.002570,1,1,0, 0.012146, 0.007159, 0.012347, 0.007305, 63.15, 0.956, 31.33, 0.956, 0.00, 0.000, 0.00, 0.000
23096,246389, 30.69, 45.05, 0.959, 0.970, 0.098190, 0.001801,1,1,0, 0.008853, 0.005913, 0.009069, 0.004954, 30.69, 0.959, 63.15, 0.951, 0.00, 0.000, 0.00, 0.000
23097,246400, 30.84, 39.08, 0.934, 0.952, 0.086334, 0.001262,1,1,0, 0.008998, 0.005368, 0.005082, 0.003515, 30.84, 0.934, 63.49, 0.932, 0.00, 0.000, 0.00, 0.000
23098,246410, 30.92, 35.66, 0.963, 0.973, 0.075898, 0.000884,1,1,0, 0.004710, 0.002511, 0.005792, 0.003172, 30.92, 0.963, 63.82, 0.920, 0.00, 0.000, 0.00, 0.000
23099,246421, 66.29, 48.52, 0.912, 0.936, 0.066681, 0.000619,1,1,0, 0.005291, 0.002999, 0.004397, 0.002469, 66.29, 0.912, 31.49, 0.766, 33.42, 0.762, 0.00, 0.000
23100,246432, 67.03, 56.30, 0.825, 0.838, 0.058462, 0.000434,1,1,0, 0.005019, 0.002442, 0.002371, 0.000964, 67.03, 0.825, 34.18, 0.284, 30.45, 0.282, 0.00, 0.000
23101,246442, 32.43, 46.27, 0.911, 0.926, 0.051480, 0.000304,1,1,0, 0.008795, 0.006637, 0.004864, 0.002814, 32.43, 0.911, 67.03, 0.774, 0.00, 0.000, 0.00, 0.000
23102,246453, 68.57, 46.27, 0.378, 0.834, 0.045209, 0.000213,1,1,0, 0.003122, 0.001618, 0.002674, 0.001482, 68.57, 0.378, 54.29, 0.161, 34.48, 0.006, 0.00, 0.000
23103,246464, 30.07, 46.27, 0.258, 0.750, 0.039726, 0.000149,1,1,0, 0.003347, 0.001760, 0.002834, 0.001485, 30.07, 0.258, 70.17, 0.183, 53.33, 0.149, 0.00, 0.000
23104,246474, 30.69, 39.73, 0.497, 0.501, 0.034955, 0.000104,1,1,0, 0.006173, 0.003373, 0.002808, 0.001625, 30.69, 0.497, 69.76, 0.360, 53.09, 0.351, 34.09, 0.285
23105,246485, 69.36, 52.17, 0.632, 0.645, 0.030758, 0.000073,1,1,0, 0.005116, 0.001848, 0.002769, 0.001510, 69.36, 0.632, 230.76, 0.373, 99.17, 0.342, 34.98, 0.281
23106,246496, 34.48, 44.74, 0.607, 0.618, 0.027029, 0.000051,1,1,0, 0.003308, 0.001710, 0.001593, 0.000959, 34.48, 0.607, 30.15, 0.504, 68.96, 0.393, 244.89, 0.240
23107,246506, 53.33, 48.35, 0.891, 0.901, 0.023808, 0.000036,1,1,0, 0.003566, 0.002111, 0.003170, 0.001581, 53.33, 0.891, 66.29, 0.333, 0.00, 0.000, 0.00, 0.000
23108,246517, 35.19, 42.82, 0.679, 0.684, 0.020953, 0.000025,1,1,0, 0.004318, 0.002939, 0.002054, 0.001095, 35.19, 0.679, 31.08, 0.527, 52.86, 0.465, 69.36, 0.363
23109,246528, 99.17, 42.82, 0.330, 0.615, 0.018460, 0.000017,1,1,0, 0.003584, 0.002310, 0.002964, 0.001264, 99.17, 0.330, 70.58, 0.209, 235.29, 0.209, 41.52, 0.073
23110,246538, 103.44, 68.28, 0.564, 0.568, 0.016544, 0.000012,1,1,0, 0.010586, 0.005747, 0.006761, 0.003585, 103.44, 0.564, 49.79, 0.042, 0.00, 0.000, 0.00, 0.000
23111,246549, 114.28, 66.13, 0.711, 0.701, 0.015234, 0.000008,1,1,0, 0.030211, 0.018707, 0.012551, 0.007186, 114.28, 0.711, 63.15, 0.675, 33.89, 0.262, 0.00, 0.000
23112,246560, 39.73, 66.13, 0.104, 0.631, 0.372252, 0.794169,1,1,1, 0.694363, 0.320280, 0.506219, 0.223717, 39.73, 0.104, 0.00, 0.000, 0.00, 0.000, 0.00, 0.000
23113,246570, 37.61, 56.68, 0.439, 0.473, 0.431426, 0.556537,1,1,0, 0.539495, 0.286704, 0.518114, 0.272929, 37.61, 0.439, 52.63, 0.436, 0.00, 0.000, 0.00, 0.000
23114,246581, 50.42, 52.29, 0.801, 0.841, 0.788713, 0.894216,1,1,0, 0.988538, 0.608217, 1.006242, 0.498089, 50.42, 0.801, 34.38, 0.063, 103.44, 0.055, 0.00, 0.000
23115,246592, 50.63, 51.13, 0.851, 0.893, 0.715719, 0.626648,1,1,0, 0.540369, 0.194866, 0.379636, 0.231046, 50.63, 0.851, 103.44, 0.044, 0.00, 0.000, 0.00, 0.000
23116,246602, 51.50, 51.39, 0.957, 0.969, 0.792348, 0.483617,1,1,0, 0.942211, 0.565070, 0.930949, 0.490245, 51.50, 0.957, 35.19, 0.337, 106.19, 0.100, 0.00, 0.000
23117,246613, 52.17, 51.93, 0.996, 0.997, 0.719706, 0.338909,1,1,0, 0.610892, 0.323367, 0.377557, 0.232272, 52.17, 0.996, 34.68, 0.178, 103.44, 0.080, 0.00, 0.000
23118,246624, 52.17, 52.10, 0.999, 0.999, 0.769100, 0.384083,1,1,0, 0.910046, 0.492237, 0.907380, 0.473536, 52.17, 0.999, 34.78, 0.249, 104.34, 0.097, 0.00, 0.000
23119,246634, 52.17, 52.15, 0.999, 0.999, 0.707051, 0.269157,1,1,0, 0.640362, 0.358545, 0.779709, 0.268904, 52.17, 0.999, 35.29, 0.125, 106.19, 0.057, 0.00, 0.000
23120,246645, 52.17, 52.16, 0.999, 0.999, 0.732741, 0.320810,1,1,0, 0.874144, 0.450128, 0.878387, 0.426584, 52.17, 0.999, 103.44, 0.000, 0.00, 0.000, 0.00, 0.000
23121,246656, 52.17, 52.17, 0.999, 0.999, 0.767913, 0.398251,1,1,0, 0.842458, 0.507348, 0.850843, 0.438913, 52.17, 0.999, 0.00, 0.000, 0.00, 0.000, 0.00, 0.000
23122,246666, 52.17, 52.17, 0.999, 0.999, 0.696241, 0.279086,1,1,0, 0.769284, 0.254503, 0.580098, 0.227116, 52.17, 0.999, 0.00, 0.000, 0.00, 0.000, 0.00, 0.000
23123,246677, 52.17, 52.17, 0.999, 0.999, 0.735154, 0.355285,1,1,0, 0.816681, 0.548925, 0.827195, 0.453652, 52.17, 0.999, 0.00, 0.000, 0.00, 0.000, 0.00, 0.000
23124,246688, 52.17, 52.17, 0.999, 0.999, 0.668479, 0.248976,1,1,0, 0.603139, 0.222669, 0.390881, 0.219774, 52.17, 0.999, 0.00, 0.000, 0.00, 0.000, 0.00, 0.000
23125,246698, 52.17, 52.17, 0.999, 0.999, 0.705263, 0.318626,1,1,0, 0.795279, 0.503394, 0.806428, 0.440031, 52.17, 0.999, 35.39, 0.100, 107.14, 0.018, 0.00, 0.000
23126,246709, 52.17, 52.17, 0.999, 0.999, 0.643386, 0.223286,1,1,0, 0.620499, 0.341082, 0.392956, 0.231955, 52.17, 0.999, 34.68, 0.171, 104.34, 0.039, 0.00, 0.000
23127,246720, 52.17, 52.17, 0.999, 0.999, 0.672599, 0.273314,1,1,0, 0.770500, 0.419540, 0.780092, 0.417549, 52.17, 0.999, 34.48, 0.152, 103.44, 0.032, 0.00, 0.000
23128,246730, 52.17, 52.17, 0.999, 0.999, 0.641957, 0.330463,1,1,0, 0.622978, 0.374008, 0.736472, 0.298387, 52.17, 0.999, 35.60, 0.060, 0.00, 0.000, 0.00, 0.000
23129,246741, 52.17, 52.17, 0.999, 0.999, 0.638737, 0.241566,1,1,0, 0.747860, 0.376462, 0.757019, 0.351410, 52.17, 0.999, 0.00, 0.000, 0.00, 0.000, 0.00, 0.000
23130,246752, 52.17, 52.17, 0.999, 0.999, 0.674206, 0.306744,1,1,0, 0.728317, 0.487720, 0.736184, 0.421598, 52.17, 0.999, 0.00, 0.000, 0.00, 0.000, 0.00, 0.000
23131,246762, 52.17, 52.17, 0.999, 0.999, 0.609886, 0.214960,1,1,0, 0.640540, 0.206481, 0.467308, 0.180425, 52.17, 0.999, 0.00, 0.000, 0.00, 0.000, 0.00, 0.000
23132,246773, 52.17, 52.17, 0.999, 0.999, 0.643496, 0.268646,1,1,0, 0.706741, 0.506945, 0.714577, 0.421670, 52.17, 0.999, 0.00, 0.000, 0.00, 0.000, 0.00, 0.000
23133,246784, 52.17, 52.17, 0.977, 0.983, 0.585162, 0.188261,1,1,0, 0.367794, 0.198302, 0.260616, 0.185326, 52.17, 0.977, 32.08, 0.009, 0.00, 0.000, 0.00, 0.000
23134,246794, 52.17, 52.17, 0.926, 0.947, 0.538029, 0.131930,1,1,0, 0.480291, 0.334300, 0.475597, 0.263127, 52.17, 0.926, 0.00, 0.000, 0.00, 0.000, 0.00, 0.000
23135,246805, 52.63, 52.36, 0.891, 0.922, 0.491683, 0.092453,1,1,0, 0.278656, 0.191634, 0.273451, 0.186611, 52.63, 0.891, 0.00, 0.000, 0.00, 0.000, 0.00, 0.000
23136,246816, 54.05, 53.07, 0.745, 0.816, 0.441726, 0.064789,1,1,0, 0.182133, 0.104161, 0.230686, 0.116763, 54.05, 0.745, 0.00, 0.000, 0.00, 0.000, 0.00, 0.000
23137,246826, 56.33, 54.44, 0.977, 0.983, 0.394654, 0.045403,1,1,0, 0.124015, 0.087200, 0.099999, 0.070625, 56.33, 0.977, 0.00, 0.000, 0.00, 0.000, 0.00, 0.000
23138,246837, 57.14, 55.57, 0.960, 0.971, 0.349236, 0.031817,1,1,0, 0.073490, 0.043574, 0.054092, 0.035235, 57.14, 0.960, 0.00, 0.000, 0.00, 0.000, 0.00, 0.000
23139,246848, 56.33, 55.89, 0.948, 0.962, 0.307796, 0.022297,1,1,0, 0.029211, 0.018876, 0.036269, 0.019911, 56.33, 0.948, 0.00, 0.000, 0.00, 0.000, 0.00, 0.000
23140,246858, 30.53, 57.49, 0.976, 0.870, 0.271271, 0.015625,1,1,0, 0.032109, 0.021633, 0.026987, 0.017063, 30.53, 0.976, 59.70, 0.820, 0.00, 0.000, 0.00, 0.000
23141,246869, 37.03, 57.49, 0.351, 0.783, 0.247950, 0.018174,1,1,0, 0.386626, 0.183578, 0.254281, 0.111033, 37.03, 0.351, 85.10, 0.296, 0.00, 0.000, 0.00, 0.000
23142,246880, 38.58, 44.25, 0.835, 0.862, 0.275619, 0.156057,1,1,1, 0.275362, 0.198802, 0.327507, 0.174138, 38.58, 0.835, 0.00, 0.000, 0.00, 0.000, 0.00, 0.000
23143,246890, 33.14, 48.13, 0.839, 0.821, 0.479951, 0.650655,1,1,0, 0.620856, 0.367928, 0.610915, 0.297903, 33.14, 0.839, 49.79, 0.755, 0.00, 0.000, 0.00, 0.000
23144,246901, 50.42, 49.73, 0.813, 0.865, 0.437423, 0.455966,1,1,0, 0.332337, 0.142581, 0.250472, 0.153697, 50.42, 0.813, 35.19, 0.048, 0.00, 0.000, 0.00, 0.000
23145,246912, 51.50, 50.97, 0.952, 0.965, 0.486949, 0.319532,1,1,0, 0.610726, 0.344406, 0.575552, 0.299585, 51.50, 0.952, 35.60, 0.263, 0.00, 0.000, 0.00, 0.000
23146,246922, 52.17, 51.81, 0.994, 0.996, 0.441975, 0.223921,1,1,0, 0.359797, 0.200450, 0.229044, 0.137145, 52.17, 0.994, 34.58, 0.032, 0.00, 0.000, 0.00, 0.000
23147,246933, 52.17, 52.06, 0.999, 0.999, 0.474017, 0.235904,1,1,0, 0.586460, 0.309117, 0.560877, 0.296384, 52.17, 0.999, 34.68, 0.070, 0.00, 0.000, 0.00, 0.000
23148,246944, 52.17, 52.14, 0.999, 0.999, 0.447651, 0.259272,1,1,0, 0.478124, 0.227888, 0.521804, 0.180359, 52.17, 0.999, 0.00, 0.000, 0.00, 0.000, 0.00, 0.000
23149,246954, 52.17, 52.16, 0.999, 0.999, 0.455297, 0.203104,1,1,0, 0.566313, 0.282253, 0.547835, 0.257457, 52.17, 0.999, 0.00, 0.000, 0.00, 0.000, 0.00, 0.000
23150,246965, 52.17, 52.17, 0.999, 0.999, 0.480878, 0.258069,1,1,0, 0.549540, 0.326564, 0.535997, 0.275705, 52.17, 0.999, 0.00, 0.000, 0.00, 0.000, 0.00, 0.000
23151,246976, 52.17, 52.17, 0.999, 0.999, 0.437059, 0.180849,1,1,0, 0.453659, 0.156528, 0.301115, 0.143106, 52.17, 0.999, 0.00, 0.000, 0.00, 0.000, 0.00, 0.000
23152,246986, 52.17, 52.17, 0.999, 0.999, 0.460675, 0.225644,1,1,0, 0.531018, 0.341261, 0.521852, 0.277453, 52.17, 0.999, 0.00, 0.000, 0.00, 0.000, 0.00, 0.000
23153,246997, 52.17, 52.17, 0.999, 0.999, 0.420606, 0.158126,1,1,0, 0.377644, 0.160407, 0.222555, 0.147982, 52.17, 0.999, 0.00, 0.000, 0.00, 0.000, 0.00, 0.000
23154,247008, 52.17, 52.17, 0.999, 0.999, 0.442797, 0.200993,1,1,0, 0.513849, 0.309196, 0.508709, 0.272189, 52.17, 0.999, 35.50, 0.013, 0.00, 0.000, 0.00, 0.000
23155,247018, 52.17, 52.17, 0.999, 0.999, 0.403732, 0.140852,1,1,0, 0.381406, 0.213417, 0.227363, 0.140692, 52.17, 0.999, 34.68, 0.045, 0.00, 0.000, 0.00, 0.000
23156,247029, 52.17, 52.17, 0.999, 0.999, 0.426102, 0.182195,1,1,0, 0.500559, 0.271944, 0.498048, 0.267830, 52.17, 0.999, 0.00, 0.000, 0.00, 0.000, 0.00, 0.000
23157,247040, 52.17, 52.17, 0.999, 0.999, 0.416665, 0.219814,1,1,0, 0.436392, 0.240440, 0.479301, 0.196700, 52.17, 0.999, 0.00, 0.000, 0.00, 0.000, 0.00, 0.000
23158,247050, 52.17, 52.17, 0.999, 0.999, 0.405365, 0.154041,1,1,0, 0.481711, 0.239021, 0.481589, 0.215745, 52.17, 0.999, 0.00, 0.000, 0.00, 0.000, 0.00, 0.000
23159,247061, 52.40, 52.26, 0.998, 0.998, 0.416727, 0.175745,1,1,0, 0.431278, 0.296745, 0.456835, 0.252931, 52.40, 0.998, 0.00, 0.000, 0.00, 0.000, 0.00, 0.000
23160,247072, 52.86, 52.51, 0.972, 0.980, 0.373100, 0.123158,1,1,0, 0.282511, 0.078739, 0.178300, 0.086298, 52.86, 0.972, 0.00, 0.000, 0.00, 0.000, 0.00, 0.000
23161,247082, 53.57, 52.96, 0.959, 0.970, 0.343635, 0.086307,1,1,0, 0.306432, 0.183291, 0.290919, 0.158523, 53.57, 0.959, 36.80, 0.063, 111.11, 0.013, 0.00, 0.000
23162,247093, 53.81, 53.31, 0.937, 0.954, 0.308268, 0.060482,1,1,0, 0.124163, 0.084426, 0.118145, 0.067396, 53.81, 0.937, 102.56, 0.084, 0.00, 0.000, 0.00, 0.000
23163,247104, 54.29, 53.73, 0.788, 0.847, 0.276992, 0.042384,1,1,0, 0.123166, 0.069954, 0.124547, 0.069232, 54.29, 0.788, 0.00, 0.000, 0.00, 0.000, 0.00, 0.000
23164,247114, 54.29, 53.96, 0.845, 0.888, 0.245560, 0.029702,1,1,0, 0.043751, 0.027872, 0.046395, 0.028794, 54.29, 0.845, 0.00, 0.000, 0.00, 0.000, 0.00, 0.000
23165,247125, 53.09, 53.60, 0.875, 0.910, 0.216297, 0.020814,1,1,0, 0.024520, 0.014683, 0.023384, 0.013221, 53.09, 0.875, 0.00, 0.000, 0.00, 0.000, 0.00, 0.000
23166,247136, 52.40, 53.09, 0.923, 0.944, 0.189863, 0.014586,1,1,0, 0.011876, 0.006414, 0.012321, 0.005798, 52.40, 0.923, 0.00, 0.000, 0.00, 0.000, 0.00, 0.000
23167,247146, 55.55, 54.13, 0.712, 0.775, 0.166910, 0.010221,1,1,0, 0.021380, 0.011473, 0.012992, 0.007015, 55.55, 0.712, 0.00, 0.000, 0.00, 0.000, 0.00, 0.000
23168,247157, 40.54, 54.13, 0.062, 0.697, 0.148775, 0.007163,1,1,0, 0.144350, 0.044060, 0.091100, 0.027876, 40.54, 0.062, 62.82, 0.050, 0.00, 0.000, 0.00, 0.000
23169,247168, 35.71, 41.23, 0.749, 0.769, 0.304597, 0.305478,1,1,1, 0.409343, 0.270651, 0.365584, 0.222468, 35.71, 0.749, 48.00, 0.222, 0.00, 0.000, 0.00, 0.000
23170,247178, 34.48, 36.50, 0.701, 0.755, 0.464578, 0.823119,1,1,0, 0.653311, 0.287095, 0.657373, 0.227449, 34.48, 0.701, 51.50, 0.606, 105.26, 0.007, 0.00, 0.000
23171,247189, 50.42, 46.24, 0.791, 0.826, 0.488772, 0.576825,1,1,0, 0.674121, 0.302940, 0.655570, 0.273509, 50.42, 0.791, 0.00, 0.000, 0.00, 0.000, 0.00, 0.000
23172,247200, 51.50, 49.92, 0.884, 0.916, 0.539391, 0.404227,1,1,0, 0.652007, 0.372135, 0.617659, 0.306971, 51.50, 0.884, 35.39, 0.090, 0.00, 0.000, 0.00, 0.000
23173,247210, 52.17, 51.49, 0.992, 0.994, 0.489403, 0.283274,1,1,0, 0.425796, 0.147177, 0.272808, 0.160428, 52.17, 0.992, 0.00, 0.000, 0.00, 0.000, 0.00, 0.000
23174,247221, 52.17, 51.97, 0.999, 0.999, 0.523599, 0.290442,1,1,0, 0.628825, 0.375100, 0.603869, 0.308923, 52.17, 0.999, 0.00, 0.000, 0.00, 0.000, 0.00, 0.000
23175,247232, 52.17, 52.11, 0.999, 0.999, 0.476828, 0.203535,1,1,0, 0.384678, 0.182789, 0.260682, 0.165597, 52.17, 0.999, 34.18, 0.087, 102.56, 0.005, 0.00, 0.000
23176,247242, 52.17, 52.15, 0.999, 0.999, 0.507705, 0.251862,1,1,0, 0.611109, 0.343448, 0.590921, 0.312059, 52.17, 0.999, 35.29, 0.169, 106.19, 0.031, 0.00, 0.000
23177,247253, 52.17, 52.16, 0.999, 0.999, 0.459620, 0.176500,1,1,0, 0.390490, 0.217212, 0.226512, 0.136230, 52.17, 0.999, 34.58, 0.164, 103.44, 0.030, 0.00, 0.000
23178,247264, 52.17, 52.17, 0.999, 0.999, 0.488019, 0.223153,1,1,0, 0.590160, 0.316417, 0.577767, 0.308490, 52.17, 0.999, 34.58, 0.035, 0.00, 0.000, 0.00, 0.000
23179,247274, 52.17, 52.17, 0.999, 0.999, 0.501987, 0.283441,1,1,0, 0.570271, 0.280744, 0.564417, 0.240295, 52.17, 0.999, 0.00, 0.000, 0.00, 0.000, 0.00, 0.000
23180,247285, 52.17, 52.17, 0.999, 0.999, 0.466938, 0.198630,1,1,0, 0.572316, 0.252872, 0.548516, 0.222538, 52.17, 0.999, 0.00, 0.000, 0.00, 0.000, 0.00, 0.000
23181,247296, 52.17, 52.17, 0.999, 0.999, 0.493222, 0.249951,1,1,0, 0.554550, 0.356121, 0.549890, 0.295362, 52.17, 0.999, 0.00, 0.000, 0.00, 0.000, 0.00, 0.000
23182,247306, 52.17, 52.17, 0.999, 0.999, 0.447084, 0.175160,1,1,0, 0.349382, 0.129827, 0.212573, 0.136231, 52.17, 0.999, 0.00, 0.000, 0.00, 0.000, 0.00, 0.000
23183,247317, 52.17, 52.17, 0.999, 0.999, 0.471099, 0.219529,1,1,0, 0.536958, 0.351237, 0.534415, 0.291467, 52.17, 0.999, 0.00, 0.000, 0.00, 0.000, 0.00, 0.000
23184,247328, 52.17, 52.17, 0.999, 0.999, 0.430648, 0.153841,1,1,0, 0.401760, 0.194860, 0.245371, 0.159234, 52.17, 0.999, 34.28, 0.040, 0.00, 0.000, 0.00, 0.000
23185,247338, 52.17, 52.17, 0.999, 0.999, 0.452693, 0.195618,1,1,0, 0.521377, 0.305161, 0.520630, 0.281483, 52.17, 0.999, 35.08, 0.116, 0.00, 0.000, 0.00, 0.000
23186,247349, 52.17, 52.17, 0.999, 0.999, 0.412721, 0.137085,1,1,0, 0.404227, 0.224893, 0.249644, 0.147389, 52.17, 0.999, 34.98, 0.095, 0.00, 0.000, 0.00, 0.000
23187,247360, 52.17, 52.17, 0.999, 0.999, 0.433768, 0.174625,1,1,0, 0.508655, 0.278080, 0.507767, 0.274805, 52.17, 0.999, 0.00, 0.000, 0.00, 0.000, 0.00, 0.000
23188,247370, 52.17, 52.17, 0.999, 0.999, 0.449971, 0.215492,1,1,0, 0.491082, 0.279777, 0.492755, 0.241365, 52.17, 0.999, 0.00, 0.000, 0.00, 0.000, 0.00, 0.000
23189,247381, 52.17, 52.17, 0.999, 0.999, 0.412881, 0.151012,1,1,0, 0.493363, 0.212377, 0.466618, 0.183143, 52.17, 0.999, 0.00, 0.000, 0.00, 0.000, 0.00, 0.000
23190,247392, 52.17, 52.17, 0.999, 0.999, 0.435910, 0.189319,1,1,0, 0.478646, 0.335601, 0.478212, 0.280304, 52.17, 0.999, 0.00, 0.000, 0.00, 0.000, 0.00, 0.000
23191,247402, 52.17, 52.17, 0.999, 0.999, 0.395440, 0.132671,1,1,0, 0.331601, 0.125880, 0.236872, 0.122266, 52.17, 0.999, 0.00, 0.000, 0.00, 0.000, 0.00, 0.000
23192,247413, 52.17, 52.17, 0.999, 0.999, 0.416342, 0.170192,1,1,0, 0.466271, 0.324466, 0.466224, 0.270063, 52.17, 0.999, 0.00, 0.000, 0.00, 0.000, 0.00, 0.000
23193,247424, 52.40, 52.26, 0.967, 0.976, 0.381801, 0.119267,1,1,0, 0.306419, 0.199337, 0.168934, 0.143792, 52.40, 0.967, 0.00, 0.000, 0.00, 0.000, 0.00, 0.000
23194,247434, 52.86, 52.51, 0.875, 0.910, 0.352970, 0.083580,1,1,0, 0.320472, 0.237515, 0.341720, 0.191429, 52.86, 0.875, 0.00, 0.000, 0.00, 0.000, 0.00, 0.000
23195,247445, 53.09, 52.76, 0.877, 0.912, 0.324017, 0.058571,1,1,0, 0.209652, 0.128913, 0.223322, 0.140419, 53.09, 0.877, 0.00, 0.000, 0.00, 0.000, 0.00, 0.000
23196,247456, 53.09, 52.90, 0.700, 0.784, 0.289666, 0.041045,1,1,0, 0.104639, 0.061109, 0.106918, 0.055559, 53.09, 0.700, 0.00, 0.000, 0.00, 0.000, 0.00, 0.000
23197,247466, 56.33, 54.34, 0.794, 0.838, 0.260010, 0.028763,1,1,0, 0.105022, 0.071742, 0.079525, 0.056906, 56.33, 0.794, 0.00, 0.000, 0.00, 0.000, 0.00, 0.000
23198,247477, 60.60, 56.97, 0.813, 0.836, 0.230247, 0.020157,1,1,0, 0.065073, 0.027098, 0.042561, 0.025757, 60.60, 0.813, 0.00, 0.000, 0.00, 0.000, 0.00, 0.000
23199,247488, 30.45, 57.04, 0.884, 0.825, 0.203094, 0.014125,1,1,0, 0.029453, 0.017633, 0.024036, 0.014526, 30.45, 0.884, 57.14, 0.757, 0.00, 0.000, 0.00, 0.000
23200,247498, 31.00, 46.10, 0.871, 0.877, 0.188088, 0.018479,1,1,0, 0.303424, 0.157076, 0.195891, 0.092039, 31.00, 0.871, 63.15, 0.232, 0.00, 0.000, 0.00, 0.000
23201,247509, 33.14, 37.03, 0.969, 0.978, 0.222129, 0.144959,1,1,1, 0.226009, 0.177107, 0.268385, 0.147355, 33.14, 0.969, 60.91, 0.339, 0.00, 0.000, 0.00, 0.000
23202,247520, 49.79, 45.96, 0.741, 0.787, 0.369812, 0.471239,1,1,0, 0.495352, 0.281585, 0.468745, 0.232995, 49.79, 0.741, 40.81, 0.168, 0.00, 0.000, 0.00, 0.000
23203,247530, 50.42, 49.08, 0.834, 0.881, 0.337558, 0.330235,1,1,0, 0.233654, 0.137552, 0.208352, 0.124371, 50.42, 0.834, 0.00, 0.000, 0.00, 0.000, 0.00, 0.000
23204,247541, 51.72, 50.93, 0.979, 0.984, 0.374769, 0.231422,1,1,0, 0.485016, 0.262411, 0.444263, 0.235563, 51.72, 0.979, 35.60, 0.076, 0.00, 0.000, 0.00, 0.000
23205,247552, 52.17, 51.80, 0.995, 0.996, 0.339044, 0.162176,1,1,0, 0.245538, 0.149494, 0.173731, 0.096521, 52.17, 0.995, 0.00, 0.000, 0.00, 0.000, 0.00, 0.000
23206,247562, 52.17, 52.06, 0.999, 0.999, 0.364107, 0.173431,1,1,0, 0.465129, 0.254371, 0.431718, 0.237675, 52.17, 0.999, 0.00, 0.000, 0.00, 0.000, 0.00, 0.000
23207,247573, 52.17, 52.14, 0.999, 0.999, 0.377547, 0.218807,1,1,0, 0.451047, 0.209400, 0.423530, 0.177101, 52.17, 0.999, 0.00, 0.000, 0.00, 0.000, 0.00, 0.000
23208,247584, 52.17, 52.16, 0.999, 0.999, 0.350827, 0.153336,1,1,0, 0.450911, 0.201943, 0.401363, 0.172872, 52.17, 0.999, 0.00, 0.000, 0.00, 0.000, 0.00, 0.000
23209,247594, 52.17, 52.17, 0.999, 0.999, 0.369317, 0.192047,1,1,0, 0.436881, 0.265673, 0.413773, 0.212806, 52.17, 0.999, 0.00, 0.000, 0.00, 0.000, 0.00, 0.000
23210,247605, 52.17, 52.17, 0.999, 0.999, 0.336878, 0.134583,1,1,0, 0.257259, 0.117224, 0.178244, 0.118744, 52.17, 0.999, 0.00, 0.000, 0.00, 0.000, 0.00, 0.000
23211,247616, 52.17, 52.17, 0.999, 0.999, 0.354835, 0.170587,1,1,0, 0.424234, 0.260909, 0.404443, 0.213217, 52.17, 0.999, 0.00, 0.000, 0.00, 0.000, 0.00, 0.000
23212,247626, 52.17, 52.17, 0.999, 0.999, 0.324957, 0.119544,1,1,0, 0.266610, 0.150705, 0.170096, 0.120973, 52.17, 0.999, 0.00, 0.000, 0.00, 0.000, 0.00, 0.000
23213,247637, 52.17, 52.17, 0.999, 0.999, 0.344468, 0.156082,1,1,0, 0.415320, 0.236135, 0.397858, 0.216833, 52.17, 0.999, 0.00, 0.000, 0.00, 0.000, 0.00, 0.000
23214,247648, 52.17, 52.17, 0.999, 0.999, 0.313849, 0.109379,1,1,0, 0.267450, 0.160084, 0.219243, 0.105882, 52.17, 0.999, 0.00, 0.000, 0.00, 0.000, 0.00, 0.000
23215,247658, 52.17, 52.17, 0.999, 0.999, 0.330764, 0.132366,1,1,0, 0.403280, 0.225754, 0.386316, 0.214268, 52.17, 0.999, 0.00, 0.000, 0.00, 0.000, 0.00, 0.000
23216,247669, 52.17, 52.17, 0.999, 0.999, 0.343631, 0.166798,1,1,0, 0.391911, 0.211056, 0.376227, 0.179323, 52.17, 0.999, 0.00, 0.000, 0.00, 0.000, 0.00, 0.000
23217,247680, 52.17, 52.17, 0.999, 0.999, 0.316532, 0.116889,1,1,0, 0.391984, 0.172591, 0.346091, 0.145899, 52.17, 0.999, 0.00, 0.000, 0.00, 0.000, 0.00, 0.000
23218,247690, 52.17, 52.17, 0.999, 0.999, 0.333405, 0.148308,1,1,0, 0.382684, 0.254297, 0.367161, 0.205536, 52.17, 0.999, 0.00, 0.000, 0.00, 0.000, 0.00, 0.000
23219,247701, 52.17, 52.17, 0.999, 0.999, 0.304429, 0.103931,1,1,0, 0.245530, 0.112592, 0.147844, 0.106179, 52.17, 0.999, 0.00, 0.000, 0.00, 0.000, 0.00, 0.000
23220,247712, 52.17, 52.17, 0.989, 0.992, 0.283292, 0.072833,1,1,0, 0.276036, 0.192118, 0.295346, 0.162823, 52.17, 0.989, 0.00, 0.000, 0.00, 0.000, 0.00, 0.000
23221,247722, 52.40, 52.26, 0.948, 0.962, 0.253194, 0.051039,1,1,0, 0.089419, 0.049198, 0.081995, 0.046934, 52.40, 0.948, 0.00, 0.000, 0.00, 0.000, 0.00, 0.000
23222,247733, 54.05, 53.01, 0.815, 0.867, 0.227641, 0.035767,1,1,0, 0.120671, 0.060453, 0.111575, 0.057958, 54.05, 0.815, 36.25, 0.239, 0.00, 0.000, 0.00, 0.000
23223,247744, 55.81, 54.19, 0.792, 0.850, 0.203359, 0.025065,1,1,0, 0.082020, 0.048301, 0.065893, 0.037761, 55.81, 0.792, 0.00, 0.000, 0.00, 0.000, 0.00, 0.000
23224,247754, 56.87, 55.31, 0.711, 0.777, 0.181256, 0.017565,1,1,0, 0.080924, 0.033747, 0.060465, 0.028276, 56.87, 0.711, 0.00, 0.000, 0.00, 0.000, 0.00, 0.000
23225,247765, 55.04, 55.20, 0.893, 0.923, 0.160164, 0.012309,1,1,0, 0.029693, 0.015692, 0.023902, 0.014195, 55.04, 0.893, 0.00, 0.000, 0.00, 0.000, 0.00, 0.000
23226,247776, 54.29, 54.82, 0.872, 0.908, 0.140808, 0.008626,1,1,0, 0.009680, 0.005917, 0.010937, 0.006136, 54.29, 0.872, 0.00, 0.000, 0.00, 0.000, 0.00, 0.000
23227,247786, 53.81, 54.39, 0.867, 0.904, 0.123577, 0.006045,1,1,0, 0.005876, 0.003133, 0.006830, 0.003454, 53.81, 0.867, 0.00, 0.000, 0.00, 0.000, 0.00, 0.000
23228,247797, 54.54, 54.39, 0.167, 0.813, 0.159131, 0.344377,1,1,1, 0.371931, 0.108422, 0.257037, 0.072887, 54.54, 0.167, 93.02, 0.025, 117.64, 0.019, 0.00, 0.000
23229,247808, 49.18, 54.39, 0.224, 0.732, 0.270453, 0.247802,1,1,0, 0.384266, 0.233249, 0.327764, 0.192123, 49.18, 0.224, 0.00, 0.000, 0.00, 0.000, 0.00, 0.000
23230,247818, 51.28, 52.21, 0.763, 0.829, 0.477248, 0.708094,1,1,0, 0.605577, 0.341450, 0.598859, 0.283842, 51.28, 0.763, 44.77, 0.698, 32.60, 0.446, 0.00, 0.000
23231,247829, 50.63, 51.10, 0.810, 0.863, 0.434381, 0.496218,1,1,0, 0.467582, 0.159631, 0.300726, 0.153279, 50.63, 0.810, 0.00, 0.000, 0.00, 0.000, 0.00, 0.000
23232,247840, 51.28, 51.22, 0.909, 0.935, 0.482748, 0.347739,1,1,0, 0.588270, 0.349766, 0.564434, 0.283633, 51.28, 0.909, 35.71, 0.119, 0.00, 0.000, 0.00, 0.000
23233,247850, 52.17, 51.89, 0.992, 0.994, 0.439867, 0.243688,1,1,0, 0.351046, 0.153344, 0.243148, 0.154099, 52.17, 0.992, 0.00, 0.000, 0.00, 0.000, 0.00, 0.000
23234,247861, 52.17, 52.08, 0.999, 0.999, 0.468522, 0.241507,1,1,0, 0.561608, 0.321609, 0.545819, 0.285860, 52.17, 0.999, 35.50, 0.117, 0.00, 0.000, 0.00, 0.000
23235,247872, 52.17, 52.14, 0.999, 0.999, 0.424409, 0.169243,1,1,0, 0.353012, 0.196193, 0.207589, 0.127064, 52.17, 0.999, 34.58, 0.145, 103.44, 0.008, 0.00, 0.000
23236,247882, 52.17, 52.16, 0.999, 0.999, 0.447818, 0.202340,1,1,0, 0.537082, 0.290429, 0.527331, 0.281886, 52.17, 0.999, 34.68, 0.065, 0.00, 0.000, 0.00, 0.000
23237,247893, 52.17, 52.17, 0.999, 0.999, 0.446334, 0.276641,1,1,0, 0.504669, 0.237514, 0.521032, 0.197493, 52.17, 0.999, 0.00, 0.000, 0.00, 0.000, 0.00, 0.000
23238,247904, 52.17, 52.17, 0.999, 0.999, 0.430503, 0.193864,1,1,0, 0.525063, 0.249879, 0.521003, 0.224010, 52.17, 0.999, 0.00, 0.000, 0.00, 0.000, 0.00, 0.000
23239,247914, 52.17, 52.17, 0.999, 0.999, 0.452176, 0.228861,1,1,0, 0.504318, 0.318484, 0.502573, 0.266618, 52.17, 0.999, 0.00, 0.000, 0.00, 0.000, 0.00, 0.000
23240,247925, 52.17, 52.17, 0.999, 0.999, 0.410249, 0.160381,1,1,0, 0.386773, 0.130914, 0.228762, 0.127042, 52.17, 0.999, 0.00, 0.000, 0.00, 0.000, 0.00, 0.000
23241,247936, 52.17, 52.17, 0.999, 0.999, 0.428380, 0.193307,1,1,0, 0.483445, 0.320648, 0.483185, 0.262930, 52.17, 0.999, 0.00, 0.000, 0.00, 0.000, 0.00, 0.000
23242,247946, 52.17, 52.17, 0.999, 0.999, 0.391588, 0.135465,1,1,0, 0.359173, 0.165296, 0.220622, 0.142871, 52.17, 0.999, 0.00, 0.000, 0.00, 0.000, 0.00, 0.000
23243,247957, 52.17, 52.17, 0.999, 0.999, 0.409352, 0.172910,1,1,0, 0.467410, 0.282170, 0.468391, 0.253998, 52.17, 0.999, 35.29, 0.054, 0.00, 0.000, 0.00, 0.000
23244,247968, 52.17, 52.17, 0.999, 0.999, 0.373247, 0.121172,1,1,0, 0.360098, 0.203301, 0.223596, 0.132013, 52.17, 0.999, 34.78, 0.066, 0.00, 0.000, 0.00, 0.000
23245,247978, 52.17, 52.17, 0.999, 0.999, 0.390249, 0.151775,1,1,0, 0.453436, 0.250095, 0.453584, 0.248317, 52.17, 0.999, 0.00, 0.000, 0.00, 0.000, 0.00, 0.000
23246,247989, 52.17, 52.17, 0.999, 0.999, 0.396387, 0.190572,1,1,0, 0.423459, 0.239683, 0.439937, 0.203068, 52.17, 0.999, 0.00, 0.000, 0.00, 0.000, 0.00, 0.000
23247,248000, 52.17, 52.17, 0.999, 0.999, 0.371175, 0.133549,1,1,0, 0.440550, 0.207567, 0.434930, 0.182377, 52.17, 0.999, 0.00, 0.000, 0.00, 0.000, 0.00, 0.000
23248,248010, 52.17, 52.17, 0.999, 0.999, 0.389230, 0.162139,1,1,0, 0.425459, 0.296108, 0.424006, 0.249113, 52.17, 0.999, 0.00, 0.000, 0.00, 0.000, 0.00, 0.000
23249,248021, 52.17, 52.17, 0.999, 0.999, 0.353101, 0.113624,1,1,0, 0.315701, 0.116286, 0.195255, 0.107423, 52.17, 0.999, 0.00, 0.000, 0.00, 0.000, 0.00, 0.000
23250,248032, 52.17, 52.17, 0.999, 0.999, 0.369923, 0.144104,1,1,0, 0.412385, 0.293791, 0.410866, 0.242071, 52.17, 0.999, 0.00, 0.000, 0.00, 0.000, 0.00, 0.000
23251,248042, 52.17, 52.17, 0.999, 0.999, 0.339763, 0.100985,1,1,0, 0.363403, 0.173714, 0.234124, 0.139328, 52.17, 0.999, 0.00, 0.000, 0.00, 0.000, 0.00, 0.000
23252,248053, 52.17, 52.17, 0.999, 0.999, 0.354901, 0.131560,1,1,0, 0.402546, 0.247080, 0.400988, 0.224293, 52.17, 0.999, 0.00, 0.000, 0.00, 0.000, 0.00, 0.000
23253,248064, 52.17, 52.17, 0.999, 0.999, 0.325962, 0.092195,1,1,0, 0.362966, 0.204587, 0.235895, 0.138284, 52.17, 0.999, 0.00, 0.000, 0.00, 0.000, 0.00, 0.000
23254,248074, 52.17, 52.17, 0.999, 0.999, 0.338617, 0.114682,1,1,0, 0.390931, 0.215307, 0.389487, 0.215860, 52.17, 0.999, 0.00, 0.000, 0.00, 0.000, 0.00, 0.000
23255,248085, 52.17, 52.17, 0.999, 0.999, 0.345415, 0.143115,1,1,0, 0.361689, 0.231494, 0.377737, 0.197395, 52.17, 0.999, 0.00, 0.000, 0.00, 0.000, 0.00, 0.000
23256,248096, 52.17, 52.17, 0.999, 0.999, 0.321719, 0.100292,1,1,0, 0.378064, 0.177416, 0.374795, 0.152691, 52.17, 0.999, 0.00, 0.000, 0.00, 0.000, 0.00, 0.000
23257,248106, 52.17, 52.17, 0.999, 0.999, 0.339077, 0.124656,1,1,0, 0.363722, 0.274799, 0.365395, 0.234098, 52.17, 0.999, 0.00, 0.000, 0.00, 0.000, 0.00, 0.000
23258,248117, 52.17, 52.17, 0.999, 0.999, 0.307672, 0.087356,1,1,0, 0.289841, 0.116217, 0.226080, 0.099257, 52.17, 0.999, 0.00, 0.000, 0.00, 0.000, 0.00, 0.000
23259,248128, 52.17, 52.17, 0.999, 0.999, 0.323870, 0.116027,1,1,0, 0.362911, 0.269457, 0.357019, 0.222688, 52.17, 0.999, 0.00, 0.000, 0.00, 0.000, 0.00, 0.000
23260,248138, 52.17, 52.17, 0.999, 0.999, 0.298537, 0.081309,1,1,0, 0.363741, 0.178277, 0.244629, 0.138826, 52.17, 0.999, 0.00, 0.000, 0.00, 0.000, 0.00, 0.000
23261,248149, 52.17, 52.17, 0.999, 0.999, 0.310251, 0.105334,1,1,0, 0.346023, 0.216103, 0.348907, 0.197043, 52.17, 0.999, 0.00, 0.000, 0.00, 0.000, 0.00, 0.000
23262,248160, 52.17, 52.17, 0.999, 0.999, 0.286587, 0.073816,1,1,0, 0.361022, 0.203332, 0.244756, 0.141813, 52.17, 0.999, 0.00, 0.000, 0.00, 0.000, 0.00, 0.000
23263,248170, 51.94, 52.07, 0.999, 0.999, 0.294824, 0.092290,1,1,0, 0.332140, 0.184800, 0.338722, 0.186276, 51.94, 0.999, 0.00, 0.000, 0.00, 0.000, 0.00, 0.000
23264,248181, 51.94, 52.02, 0.999, 0.999, 0.299505, 0.116867,1,1,0, 0.361019, 0.220445, 0.328384, 0.188179, 51.94, 0.999, 0.00, 0.000, 0.00, 0.000, 0.00, 0.000
23265,248192, 51.94, 51.99, 0.999, 0.999, 0.279608, 0.081898,1,1,0, 0.318784, 0.157016, 0.327928, 0.132347, 51.94, 0.999, 0.00, 0.000, 0.00, 0.000, 0.00, 0.000
23266,248202, 51.94, 51.97, 0.999, 0.999, 0.297659, 0.108903,1,1,0, 0.361578, 0.254284, 0.320654, 0.220408, 51.94, 0.999, 0.00, 0.000, 0.00, 0.000, 0.00, 0.000
23267,248213, 51.94, 51.96, 0.999, 0.999, 0.269842, 0.076317,1,1,0, 0.289244, 0.118418, 0.240222, 0.095578, 51.94, 0.999, 0.00, 0.000, 0.00, 0.000, 0.00, 0.000
23268,248224, 51.94, 51.95, 0.999, 0.999, 0.282473, 0.094023,1,1,0, 0.361260, 0.245974, 0.309896, 0.204459, 51.94, 0.999, 0.00, 0.000, 0.00, 0.000, 0.00, 0.000
23269,248234, 51.94, 51.95, 0.988, 0.991, 0.257251, 0.065889,1,1,0, 0.231473, 0.113125, 0.169628, 0.095399, 51.94, 0.988, 0.00, 0.000, 0.00, 0.000, 0.00, 0.000
23270,248245, 51.06, 51.57, 0.971, 0.979, 0.233721, 0.046174,1,1,0, 0.228514, 0.095968, 0.146475, 0.087488, 51.06, 0.971, 0.00, 0.000, 0.00, 0.000, 0.00, 0.000
23271,248256, 50.84, 51.27, 0.959, 0.970, 0.210809, 0.032358,1,1,0, 0.127711, 0.077737, 0.106623, 0.059988, 50.84, 0.959, 35.39, 0.128, 0.00, 0.000, 0.00, 0.000
23272,248266, 50.84, 51.09, 0.905, 0.932, 0.188036, 0.022675,1,1,0, 0.058599, 0.029598, 0.075717, 0.039382, 50.84, 0.905, 0.00, 0.000, 0.00, 0.000, 0.00, 0.000
23273,248277, 51.06, 51.08, 0.985, 0.989, 0.168089, 0.015890,1,1,0, 0.064680, 0.038575, 0.055062, 0.032447, 51.06, 0.985, 35.60, 0.268, 110.09, 0.068, 0.00, 0.000
23274,248288, 51.06, 51.07, 0.981, 0.986, 0.148858, 0.011135,1,1,0, 0.039297, 0.020524, 0.044929, 0.020977, 51.06, 0.981, 32.60, 0.362, 96.77, 0.190, 0.00, 0.000
23275,248298, 51.28, 51.16, 0.969, 0.978, 0.132531, 0.007803,1,1,0, 0.036379, 0.022683, 0.033173, 0.020252, 51.28, 0.969, 105.26, 0.228, 34.48, 0.119, 0.00, 0.000
23276,248309, 31.49, 50.67, 0.830, 0.832, 0.118037, 0.005468,1,1,0, 0.039122, 0.021528, 0.033014, 0.018812, 31.49, 0.830, 50.00, 0.767, 93.75, 0.303, 0.00, 0.000
23277,248320, 48.00, 49.55, 0.709, 0.773, 0.105057, 0.003832,1,1,0, 0.037579, 0.018630, 0.031011, 0.017289, 48.00, 0.709, 33.24, 0.705, 99.17, 0.282, 0.00, 0.000
23278,248330, 36.03, 49.55, 0.343, 0.696, 0.093841, 0.002685,1,1,0, 0.046891, 0.022469, 0.034215, 0.018774, 36.03, 0.343, 53.57, 0.296, 41.23, 0.264, 95.23, 0.256
23279,248341, 55.81, 52.18, 0.769, 0.790, 0.083215, 0.001882,1,1,0, 0.028224, 0.013749, 0.033786, 0.013411, 55.81, 0.769, 37.03, 0.620, 111.11, 0.260, 0.00, 0.000
23280,248352, 54.79, 53.27, 0.898, 0.926, 0.075001, 0.001318,1,1,0, 0.041123, 0.021603, 0.039069, 0.020294, 54.79, 0.898, 37.03, 0.216, 110.09, 0.079, 0.00, 0.000
23281,248362, 54.29, 53.70, 0.883, 0.915, 0.066718, 0.000924,1,1,0, 0.028417, 0.012004, 0.029194, 0.010982, 54.29, 0.883, 35.08, 0.331, 104.34, 0.237, 0.00, 0.000
23282,248373, 55.29, 54.37, 0.917, 0.940, 0.060090, 0.000647,1,1,0, 0.031912, 0.020393, 0.030313, 0.016509, 55.29, 0.917, 106.19, 0.352, 35.39, 0.285, 0.00, 0.000
23283,248384, 32.08, 45.01, 0.827, 0.827, 0.055015, 0.000453,1,1,0, 0.060831, 0.028644, 0.057430, 0.025897, 32.08, 0.827, 55.04, 0.320, 82.75, 0.251, 0.00, 0.000
23284,248394, 74.53, 57.41, 0.472, 0.474, 0.050017, 0.000318,1,1,0, 0.039037, 0.020747, 0.036353, 0.017891, 74.53, 0.472, 37.61, 0.246, 56.33, 0.144, 0.00, 0.000
23285,248405, 41.66, 50.79, 0.596, 0.597, 0.057397, 0.045076,1,1,0, 0.085752, 0.041653, 0.070215, 0.036147, 41.66, 0.596, 81.63, 0.124, 55.55, 0.112, 0.00, 0.000
23286,248416, 42.40, 47.27, 0.658, 0.661, 0.051458, 0.031588,1,1,0, 0.028657, 0.014352, 0.038393, 0.013433, 42.40, 0.658, 53.09, 0.104, 96.00, 0.082, 0.00, 0.000
23287,248426, 55.81, 50.86, 0.503, 0.516, 0.046861, 0.022136,1,1,0, 0.027902, 0.016419, 0.028279, 0.016586, 55.81, 0.503, 40.00, 0.488, 109.09, 0.268, 0.00, 0.000
23288,248437, 56.60, 53.27, 0.659, 0.684, 0.042393, 0.015513,1,1,0, 0.026641, 0.015263, 0.025203, 0.014056, 56.60, 0.659, 39.34, 0.564, 101.69, 0.229, 0.00, 0.000
23289,248448, 54.54, 53.80, 0.433, 0.498, 0.039170, 0.010871,1,1,0, 0.032819, 0.020522, 0.027762, 0.018192, 54.54, 0.433, 37.50, 0.368, 125.00, 0.186, 0.00, 0.000
23290,248458, 54.79, 54.22, 0.811, 0.863, 0.036378, 0.007618,1,1,0, 0.036097, 0.020144, 0.029063, 0.018769, 54.79, 0.811, 34.28, 0.698, 97.56, 0.219, 130.43, 0.210
23291,248469, 55.29, 54.67, 0.846, 0.889, 0.033170, 0.005338,1,1,0, 0.025480, 0.014413, 0.021661, 0.011797, 55.29, 0.846, 35.29, 0.428, 106.19, 0.264, 0.00, 0.000
23292,248480, 55.55, 55.04, 0.945, 0.960, 0.030910, 0.003741,1,1,0, 0.036077, 0.018728, 0.033200, 0.017526, 55.55, 0.945, 38.09, 0.221, 112.14, 0.150, 0.00, 0.000
23293,248490, 55.55, 55.25, 0.949, 0.963, 0.028709, 0.002621,1,1,0, 0.034411, 0.016857, 0.027514, 0.014937, 55.55, 0.949, 35.71, 0.495, 101.69, 0.330, 0.00, 0.000
23294,248501, 55.04, 55.16, 0.935, 0.953, 0.026475, 0.001837,1,1,0, 0.025757, 0.012650, 0.023772, 0.013058, 55.04, 0.935, 112.14, 0.325, 37.15, 0.312, 0.00, 0.000
23295,248512, 55.29, 55.22, 0.952, 0.965, 0.024771, 0.001287,1,1,0, 0.023484, 0.014854, 0.022533, 0.014152, 55.29, 0.952, 101.69, 0.301, 34.78, 0.227, 0.00, 0.000
23296,248522, 55.55, 55.36, 0.935, 0.953, 0.022947, 0.000902,1,1,0, 0.021709, 0.012129, 0.015293, 0.010910, 55.55, 0.935, 36.69, 0.399, 109.09, 0.329, 0.00, 0.000
23297,248533, 55.04, 55.23, 0.940, 0.957, 0.024541, 0.013728,1,1,0, 0.035923, 0.018207, 0.029336, 0.016430, 55.04, 0.940, 109.09, 0.361, 37.50, 0.237, 0.00, 0.000
23298,248544, 55.04, 55.15, 0.944, 0.960, 0.023034, 0.009620,1,1,0, 0.025794, 0.013552, 0.023517, 0.013138, 55.04, 0.944, 34.78, 0.409, 102.56, 0.378, 0.00, 0.000
23299,248554, 55.29, 55.21, 0.920, 0.943, 0.021573, 0.006742,1,1,0, 0.025646, 0.014193, 0.023057, 0.012896, 55.29, 0.920, 37.26, 0.667, 112.14, 0.405, 0.00, 0.000
23300,248565, 55.04, 55.14, 0.937, 0.955, 0.021587, 0.007190,1,1,0, 0.026587, 0.014794, 0.023856, 0.013971, 55.04, 0.937, 102.56, 0.406, 37.26, 0.289, 34.28, 0.256
23301,248576, 55.29, 55.20, 0.899, 0.927, 0.020271, 0.005038,1,1,0, 0.021254, 0.013385, 0.018305, 0.012107, 55.29, 0.899, 107.14, 0.410, 37.03, 0.377, 0.00, 0.000
23302,248586, 55.81, 55.46, 0.921, 0.943, 0.019900, 0.004170,1,1,0, 0.026424, 0.015854, 0.021032, 0.014339, 55.81, 0.921, 37.15, 0.458, 110.09, 0.444, 0.00, 0.000
23303,248597, 55.29, 55.39, 0.906, 0.932, 0.019035, 0.004374,1,1,0, 0.023204, 0.012763, 0.020286, 0.012299, 55.29, 0.906, 104.34, 0.375, 33.99, 0.280, 36.69, 0.224
23304,248608, 55.04, 55.24, 0.936, 0.953, 0.020268, 0.010088,1,1,0, 0.029288, 0.016863, 0.024273, 0.014819, 55.04, 0.936, 37.26, 0.483, 111.11, 0.340, 0.00, 0.000
23305,248618, 55.04, 55.16, 0.934, 0.953, 0.019746, 0.007070,1,1,0, 0.025338, 0.012375, 0.021101, 0.011596, 55.04, 0.934, 35.82, 0.586, 105.26, 0.352, 0.00, 0.000
23306,248629, 54.79, 55.00, 0.925, 0.946, 0.018643, 0.004954,1,1,0, 0.019442, 0.012844, 0.018925, 0.012202, 54.79, 0.925, 110.09, 0.262, 37.50, 0.179, 0.00, 0.000
23307,248640, 55.55, 55.23, 0.925, 0.946, 0.018884, 0.009325,1,1,0, 0.024369, 0.013297, 0.022076, 0.012539, 55.55, 0.925, 108.10, 0.328, 37.03, 0.262, 0.00, 0.000
23308,248650, 55.81, 55.47, 0.915, 0.939, 0.018328, 0.006534,1,1,0, 0.020941, 0.013058, 0.019962, 0.012143, 55.81, 0.915, 36.03, 0.371, 104.34, 0.360, 0.00, 0.000
23309,248661, 54.29, 54.98, 0.938, 0.955, 0.019196, 0.007102,1,1,0, 0.027497, 0.015593, 0.021821, 0.013450, 54.29, 0.938, 108.10, 0.314, 37.38, 0.182, 0.00, 0.000
23310,248672, 54.79, 54.90, 0.918, 0.941, 0.018151, 0.004976,1,1,0, 0.021369, 0.012546, 0.018946, 0.011993, 54.79, 0.918, 35.39, 0.643, 103.44, 0.419, 0.00, 0.000
23311,248682, 55.29, 55.07, 0.922, 0.944, 0.017180, 0.003487,1,1,0, 0.021268, 0.011052, 0.018337, 0.010617, 55.29, 0.922, 37.03, 0.484, 111.11, 0.348, 0.00, 0.000
23312,248693, 55.29, 55.16, 0.907, 0.933, 0.018385, 0.012160,1,1,0, 0.024480, 0.012668, 0.022329, 0.012153, 55.29, 0.907, 104.34, 0.310, 37.85, 0.161, 33.70, 0.149
23313,248704, 55.29, 55.22, 0.916, 0.940, 0.017874, 0.008522,1,1,0, 0.018022, 0.012940, 0.019583, 0.011509, 55.29, 0.916, 105.26, 0.341, 36.69, 0.275, 0.00, 0.000
23314,248714, 55.04, 55.14, 0.911, 0.936, 0.017291, 0.005972,1,1,0, 0.021118, 0.014063, 0.018461, 0.012130, 55.04, 0.911, 37.26, 0.327, 110.09, 0.275, 0.00, 0.000
23315,248725, 55.04, 55.10, 0.924, 0.945, 0.017626, 0.006922,1,1,0, 0.022338, 0.012176, 0.020178, 0.012164, 55.04, 0.924, 102.56, 0.340, 34.09, 0.325, 37.15, 0.282
23316,248736, 55.55, 55.29, 0.902, 0.929, 0.016674, 0.004851,1,1,0, 0.021016, 0.011815, 0.016949, 0.010777, 55.55, 0.902, 37.15, 0.631, 109.09, 0.394, 0.00, 0.000
23317,248746, 55.04, 55.19, 0.897, 0.925, 0.015728, 0.003399,1,1,0, 0.020236, 0.011301, 0.016245, 0.010158, 55.04, 0.897, 104.34, 0.409, 35.19, 0.351, 0.00, 0.000
23318,248757, 54.79, 55.02, 0.888, 0.919, 0.017119, 0.011549,1,1,0, 0.022431, 0.013079, 0.020285, 0.011895, 54.79, 0.888, 104.34, 0.313, 37.97, 0.170, 35.29, 0.108
23319,248768, 55.55, 55.24, 0.888, 0.919, 0.016553, 0.008093,1,1,0, 0.022143, 0.012415, 0.017534, 0.011129, 55.55, 0.888, 37.50, 0.379, 110.09, 0.233, 0.00, 0.000
23320,248778, 55.55, 55.37, 0.876, 0.910, 0.016012, 0.005672,1,1,0, 0.018353, 0.010704, 0.017165, 0.010599, 55.55, 0.876, 34.88, 0.287, 100.84, 0.247, 0.00, 0.000
23321,248789, 54.54, 55.02, 0.895, 0.924, 0.016181, 0.009381,1,1,0, 0.020834, 0.012568, 0.018865, 0.010606, 54.54, 0.895, 108.10, 0.357, 37.03, 0.298, 0.00, 0.000
23322,248800, 55.04, 55.03, 0.883, 0.916, 0.016228, 0.008095,1,1,0, 0.016662, 0.010145, 0.019976, 0.010048, 55.04, 0.883, 35.50, 0.552, 104.34, 0.409, 0.00, 0.000
23323,248810, 55.29, 55.14, 0.889, 0.920, 0.017898, 0.015223,1,1,0, 0.024779, 0.013181, 0.021420, 0.011543, 55.29, 0.889, 106.19, 0.234, 37.26, 0.163, 0.00, 0.000
23324,248821, 55.29, 55.21, 0.899, 0.927, 0.016869, 0.010668,1,1,0, 0.021103, 0.010961, 0.016572, 0.010700, 55.29, 0.899, 37.85, 0.187, 108.10, 0.165, 0.00, 0.000
23325,248832, 55.04, 55.14, 0.902, 0.929, 0.015983, 0.007476,1,1,0, 0.020762, 0.012008, 0.016598, 0.011115, 55.04, 0.902, 104.34, 0.235, 36.14, 0.218, 0.00, 0.000
23326,248842, 54.79, 54.99, 0.894, 0.923, 0.014889, 0.005239,1,1,0, 0.016654, 0.010528, 0.013640, 0.008185, 54.79, 0.894, 36.92, 0.334, 106.19, 0.254, 0.00, 0.000
23327,248853, 55.04, 55.01, 0.879, 0.912, 0.016197, 0.007006,1,1,0, 0.019237, 0.011430, 0.018607, 0.011602, 55.04, 0.879, 103.44, 0.454, 34.38, 0.355, 0.00, 0.000
23328,248864, 56.07, 55.46, 0.910, 0.935, 0.016539, 0.006948,1,1,0, 0.022607, 0.012294, 0.018122, 0.011131, 56.07, 0.910, 37.26, 0.465, 107.14, 0.326, 0.00, 0.000
23329,248874, 54.79, 55.18, 0.874, 0.909, 0.015534, 0.004869,1,1,0, 0.017892, 0.009826, 0.014639, 0.009311, 54.79, 0.874, 105.26, 0.189, 37.50, 0.093, 33.51, 0.032
23330,248885, 54.79, 55.01, 0.922, 0.944, 0.017088, 0.012868,1,1,0, 0.019620, 0.011920, 0.020537, 0.010672, 54.79, 0.922, 104.34, 0.152, 38.33, 0.144, 0.00, 0.000
23331,248896, 55.81, 55.35, 0.895, 0.924, 0.015771, 0.009017,1,1,0, 0.014671, 0.009092, 0.012250, 0.007701, 55.81, 0.895, 37.26, 0.309, 109.09, 0.134, 0.00, 0.000
23332,248906, 55.55, 55.43, 0.909, 0.935, 0.015106, 0.006319,1,1,0, 0.020809, 0.011832, 0.016033, 0.010773, 55.55, 0.909, 104.34, 0.314, 36.58, 0.272, 0.00, 0.000
23333,248917, 55.04, 55.27, 0.927, 0.948, 0.016041, 0.010723,1,1,0, 0.019141, 0.010928, 0.018628, 0.010331, 55.04, 0.927, 107.14, 0.382, 37.03, 0.315, 0.00, 0.000
23334,248928, 54.79, 55.07, 0.906, 0.932, 0.015366, 0.007515,1,1,0, 0.020567, 0.008689, 0.018713, 0.008288, 54.79, 0.906, 35.71, 0.352, 105.26, 0.277, 0.00, 0.000
23335,248938, 55.04, 55.06, 0.909, 0.935, 0.017336, 0.013448,1,1,0, 0.021021, 0.013384, 0.020727, 0.011212, 55.04, 0.909, 106.19, 0.152, 0.00, 0.000, 0.00, 0.000
23336,248949, 55.55, 55.26, 0.890, 0.921, 0.016174, 0.009424,1,1,0, 0.020934, 0.010029, 0.016549, 0.009355, 55.55, 0.890, 37.85, 0.253, 112.14, 0.170, 0.00, 0.000
23337,248960, 55.04, 55.17, 0.893, 0.923, 0.015265, 0.006604,1,1,0, 0.019678, 0.010213, 0.014973, 0.009905, 55.04, 0.893, 35.82, 0.409, 105.26, 0.244, 0.00, 0.000
23338,248970, 54.54, 54.91, 0.914, 0.938, 0.014218, 0.004628,1,1,0, 0.016572, 0.009269, 0.014326, 0.007425, 54.54, 0.914, 108.10, 0.389, 36.36, 0.330, 0.00, 0.000
23339,248981, 55.04, 54.96, 0.907, 0.933, 0.017566, 0.016485,1,1,0, 0.024318, 0.011606, 0.023122, 0.011168, 55.04, 0.907, 103.44, 0.305, 36.25, 0.242, 33.89, 0.192
23340,248992, 55.55, 55.21, 0.917, 0.940, 0.016506, 0.011552,1,1,0, 0.017756, 0.011002, 0.013525, 0.009645, 55.55, 0.917, 37.50, 0.178, 110.09, 0.111, 0.00, 0.000
23341,249002, 55.04, 55.14, 0.917, 0.940, 0.015277, 0.008096,1,1,0, 0.016276, 0.008260, 0.015424, 0.007642, 55.04, 0.917, 37.85, 0.179, 109.09, 0.114, 0.00, 0.000
23342,249013, 55.04, 55.10, 0.915, 0.939, 0.017133, 0.012065,1,1,0, 0.021017, 0.012345, 0.020877, 0.011176, 55.04, 0.915, 104.34, 0.184, 35.29, 0.064, 0.00, 0.000
23343,249024, 55.55, 55.29, 0.908, 0.934, 0.015643, 0.008455,1,1,0, 0.013271, 0.007720, 0.013428, 0.006502, 55.55, 0.908, 36.80, 0.499, 109.09, 0.295, 0.00, 0.000
23344,249034, 55.29, 55.29, 0.879, 0.912, 0.016665, 0.008144,1,1,0, 0.025041, 0.013651, 0.019990, 0.011711, 55.29, 0.879, 105.26, 0.358, 36.47, 0.332, 33.99, 0.271
23345,249045, 54.79, 55.08, 0.909, 0.934, 0.015765, 0.005707,1,1,0, 0.020263, 0.011022, 0.015005, 0.010135, 54.79, 0.909, 107.14, 0.186, 37.50, 0.141, 0.00, 0.000
23346,249056, 55.04, 55.06, 0.872, 0.907, 0.014402, 0.003999,1,1,0, 0.013799, 0.005815, 0.011085, 0.005583, 55.04, 0.872, 36.58, 0.183, 106.19, 0.147, 0.00, 0.000
23347,249066, 55.29, 55.16, 0.925, 0.946, 0.015187, 0.009184,1,1,0, 0.017034, 0.011130, 0.018024, 0.009990, 55.29, 0.925, 38.09, 0.191, 107.14, 0.125, 0.00, 0.000
23348,249077, 55.55, 55.32, 0.907, 0.933, 0.014248, 0.006436,1,1,0, 0.023923, 0.012381, 0.015002, 0.007753, 55.55, 0.907, 108.10, 0.241, 37.50, 0.172, 0.00, 0.000
23349,249088, 56.07, 55.64, 0.917, 0.940, 0.015946, 0.010904,1,1,0, 0.016420, 0.009363, 0.019842, 0.010708, 56.07, 0.917, 36.80, 0.435, 110.09, 0.257, 0.00, 0.000
23350,249098, 58.25, 57.46, 0.573, 0.665, 0.295840, 0.684175,1,1,1, 0.579817, 0.265627, 0.413883, 0.176520, 58.25, 0.573, 97.56, 0.282, 35.39, 0.117, 129.03, 0.106
23351,249109, 35.19, 57.46, 0.402, 0.599, 0.391221, 0.479456,1,1,0, 0.438350, 0.276730, 0.484258, 0.252792, 35.19, 0.402, 56.60, 0.365, 82.75, 0.006, 0.00, 0.000
23352,249120, 65.93, 57.46, 0.306, 0.539, 0.354544, 0.335993,1,1,0, 0.480754, 0.251272, 0.273744, 0.126279, 65.93, 0.306, 0.00, 0.000, 0.00, 0.000, 0.00, 0.000
23353,249130, 40.26, 45.42, 0.842, 0.865, 0.666304, 0.740814,1,1,0, 0.934436, 0.494564, 0.888885, 0.467372, 40.26, 0.842, 82.75, 0.177, 0.00, 0.000, 0.00, 0.000
23354,249141, 40.00, 41.62, 0.923, 0.945, 0.590843, 0.519147,1,1,0, 0.459351, 0.154091, 0.299985, 0.096848, 40.00, 0.923, 78.43, 0.159, 0.00, 0.000, 0.00, 0.000
23355,249152, 41.23, 41.35, 0.993, 0.995, 0.710803, 0.560834,1,1,0, 0.904921, 0.512984, 0.854707, 0.448053, 41.23, 0.993, 88.88, 0.150, 0.00, 0.000, 0.00, 0.000
23356,249162, 41.23, 41.27, 0.999, 0.999, 0.632829, 0.393021,1,1,0, 0.166186, 0.104728, 0.320698, 0.128323, 41.23, 0.999, 81.63, 0.124, 0.00, 0.000, 0.00, 0.000
23357,249173, 41.23, 41.24, 0.998, 0.999, 0.721673, 0.497498,1,1,0, 0.870758, 0.523648, 0.836719, 0.425927, 41.23, 0.998, 85.10, 0.123, 0.00, 0.000, 0.00, 0.000
23358,249184, 41.23, 41.24, 0.998, 0.999, 0.650808, 0.348637,1,1,0, 0.296496, 0.122368, 0.345528, 0.199814, 41.23, 0.998, 81.08, 0.152, 0.00, 0.000, 0.00, 0.000
23359,249194, 41.23, 41.23, 0.998, 0.998, 0.688268, 0.517359,1,1,0, 0.824231, 0.360647, 0.810351, 0.310364, 41.23, 0.998, 83.91, 0.199, 0.00, 0.000, 0.00, 0.000
23360,249205, 41.23, 41.23, 0.999, 0.999, 0.652985, 0.362554,1,1,0, 0.826899, 0.371916, 0.798986, 0.328197, 41.23, 0.999, 81.63, 0.250, 0.00, 0.000, 0.00, 0.000
23361,249216, 41.23, 41.23, 0.992, 0.994, 0.585892, 0.254070,1,1,0, 0.491662, 0.260834, 0.304721, 0.148163, 41.23, 0.992, 80.53, 0.303, 0.00, 0.000, 0.00, 0.000
23362,249226, 41.23, 41.23, 0.998, 0.998, 0.654147, 0.403069,1,1,0, 0.781870, 0.430706, 0.792397, 0.411887, 41.23, 0.998, 82.19, 0.309, 0.00, 0.000, 0.00, 0.000
23363,249237, 41.23, 41.23, 0.998, 0.999, 0.582036, 0.282463,1,1,0, 0.353539, 0.123747, 0.227110, 0.096863, 41.23, 0.998, 82.75, 0.274, 0.00, 0.000, 0.00, 0.000
23364,249248, 41.23, 41.23, 0.999, 0.999, 0.660828, 0.448520,1,1,0, 0.773291, 0.492709, 0.778210, 0.415798, 41.23, 0.999, 82.19, 0.223, 0.00, 0.000, 0.00, 0.000
23365,249258, 41.23, 41.23, 0.999, 0.999, 0.592363, 0.314314,1,1,0, 0.158229, 0.095396, 0.280496, 0.150964, 41.23, 0.999, 81.63, 0.214, 0.00, 0.000, 0.00, 0.000
23366,249269, 41.09, 41.17, 0.999, 0.999, 0.654721, 0.419231,1,1,0, 0.744880, 0.460122, 0.740888, 0.390465, 41.09, 0.999, 84.50, 0.243, 0.00, 0.000, 0.00, 0.000
23367,249280, 41.09, 41.14, 0.999, 0.999, 0.592039, 0.293788,1,1,0, 0.580176, 0.171706, 0.360737, 0.177980, 41.09, 0.999, 80.53, 0.297, 0.00, 0.000, 0.00, 0.000
23368,249290, 41.23, 41.18, 0.996, 0.997, 0.543799, 0.219136,1,1,0, 0.536873, 0.296898, 0.606472, 0.210016, 41.23, 0.996, 82.75, 0.360, 0.00, 0.000, 0.00, 0.000
23369,249301, 41.23, 41.20, 0.998, 0.998, 0.593941, 0.316255,1,1,0, 0.722074, 0.380839, 0.714584, 0.366065, 41.23, 0.998, 82.75, 0.407, 0.00, 0.000, 0.00, 0.000
23370,249312, 41.09, 41.15, 0.996, 0.997, 0.533693, 0.221625,1,1,0, 0.522534, 0.221253, 0.311337, 0.145394, 41.09, 0.996, 82.75, 0.389, 0.00, 0.000, 0.00, 0.000
23371,249322, 41.23, 41.19, 0.999, 0.999, 0.605050, 0.340741,1,1,0, 0.727785, 0.427020, 0.695628, 0.387767, 41.23, 0.999, 81.63, 0.341, 0.00, 0.000, 0.00, 0.000
23372,249333, 41.09, 41.15, 0.999, 0.999, 0.540603, 0.238785,1,1,0, 0.182740, 0.097571, 0.224864, 0.111433, 41.09, 0.999, 82.75, 0.307, 0.00, 0.000, 0.00, 0.000
23373,249344, 41.09, 41.12, 0.999, 0.999, 0.592847, 0.285059,1,1,0, 0.694284, 0.451993, 0.662436, 0.375100, 41.09, 0.999, 82.75, 0.299, 0.00, 0.000, 0.00, 0.000
23374,249354, 41.09, 41.11, 0.998, 0.998, 0.535019, 0.199764,1,1,0, 0.165714, 0.097266, 0.232599, 0.152129, 41.09, 0.998, 82.19, 0.351, 0.00, 0.000, 0.00, 0.000
23375,249365, 41.23, 41.16, 0.997, 0.998, 0.587001, 0.310844,1,1,0, 0.671992, 0.379611, 0.639269, 0.332314, 41.23, 0.997, 83.91, 0.418, 0.00, 0.000, 0.00, 0.000
23376,249376, 41.23, 41.19, 0.998, 0.998, 0.536514, 0.217833,1,1,0, 0.672104, 0.256355, 0.602994, 0.223198, 41.23, 0.998, 81.08, 0.469, 0.00, 0.000, 0.00, 0.000
23377,249386, 41.23, 41.21, 0.997, 0.998, 0.488723, 0.152653,1,1,0, 0.541772, 0.293437, 0.308618, 0.179598, 41.23, 0.997, 82.19, 0.496, 0.00, 0.000, 0.00, 0.000
23378,249397, 41.23, 41.22, 0.999, 0.999, 0.550048, 0.235621,1,1,0, 0.665984, 0.352945, 0.643852, 0.358135, 41.23, 0.999, 82.19, 0.481, 0.00, 0.000, 0.00, 0.000
23379,249408, 41.23, 41.22, 0.998, 0.998, 0.494788, 0.165118,1,1,0, 0.401273, 0.160057, 0.263692, 0.127087, 41.23, 0.998, 84.50, 0.451, 0.00, 0.000, 0.00, 0.000
23380,249418, 41.09, 41.17, 0.998, 0.999, 0.537085, 0.241579,1,1,0, 0.630753, 0.404017, 0.608582, 0.346706, 41.09, 0.998, 81.08, 0.433, 0.00, 0.000, 0.00, 0.000
23381,249429, 41.23, 41.20, 0.998, 0.998, 0.484806, 0.169293,1,1,0, 0.170168, 0.110608, 0.222626, 0.137824, 41.23, 0.998, 82.75, 0.439, 0.00, 0.000, 0.00, 0.000
23382,249440, 41.23, 41.21, 0.998, 0.998, 0.538825, 0.255229,1,1,0, 0.610899, 0.416598, 0.593454, 0.354614, 41.23, 0.998, 82.75, 0.474, 0.00, 0.000, 0.00, 0.000
23383,249450, 41.23, 41.22, 0.998, 0.999, 0.487051, 0.178859,1,1,0, 0.329894, 0.128257, 0.215216, 0.137644, 41.23, 0.998, 81.63, 0.523, 0.00, 0.000, 0.00, 0.000
23384,249461, 41.23, 41.22, 0.998, 0.999, 0.480467, 0.298500,1,1,0, 0.556815, 0.309242, 0.565840, 0.249802, 41.23, 0.998, 83.33, 0.545, 0.00, 0.000, 0.00, 0.000
23385,249472, 41.23, 41.23, 0.999, 0.999, 0.499343, 0.226273,1,1,0, 0.613289, 0.303678, 0.597777, 0.286020, 41.23, 0.999, 82.19, 0.558, 0.00, 0.000, 0.00, 0.000
23386,249482, 41.23, 41.23, 0.997, 0.998, 0.456690, 0.158567,1,1,0, 0.567775, 0.263451, 0.337306, 0.182119, 41.23, 0.997, 82.75, 0.571, 0.00, 0.000, 0.00, 0.000
23387,249493, 41.09, 41.17, 0.999, 0.999, 0.493677, 0.204508,1,1,0, 0.580588, 0.322588, 0.565962, 0.312858, 41.09, 0.999, 81.08, 0.550, 0.00, 0.000, 0.00, 0.000
23388,249504, 41.23, 41.20, 0.997, 0.998, 0.447450, 0.143315,1,1,0, 0.315350, 0.145632, 0.255227, 0.139001, 41.23, 0.997, 84.50, 0.544, 0.00, 0.000, 0.00, 0.000
23389,249514, 41.23, 41.21, 0.997, 0.998, 0.493530, 0.248948,1,1,0, 0.569711, 0.394114, 0.563886, 0.330385, 41.23, 0.997, 81.63, 0.543, 0.00, 0.000, 0.00, 0.000
23390,249525, 41.09, 41.16, 0.998, 0.999, 0.447272, 0.174458,1,1,0, 0.197458, 0.118506, 0.229694, 0.140144, 41.09, 0.998, 82.75, 0.554, 0.00, 0.000, 0.00, 0.000
23391,249536, 41.23, 41.19, 0.999, 0.999, 0.502978, 0.299471,1,1,0, 0.564642, 0.366996, 0.562225, 0.322631, 41.23, 0.999, 82.19, 0.581, 0.00, 0.000, 0.00, 0.000
23392,249546, 41.23, 41.21, 0.999, 0.999, 0.458887, 0.209863,1,1,0, 0.498498, 0.195505, 0.414592, 0.172920, 41.23, 0.999, 82.19, 0.617, 0.00, 0.000, 0.00, 0.000
23393,249557, 41.23, 41.22, 0.997, 0.997, 0.422999, 0.147068,1,1,0, 0.566541, 0.282948, 0.360169, 0.195598, 41.23, 0.997, 82.75, 0.637, 0.00, 0.000, 0.00, 0.000
23394,249568, 41.09, 41.16, 0.999, 0.999, 0.452803, 0.195881,1,1,0, 0.518618, 0.282599, 0.536064, 0.291797, 41.09, 0.999, 82.19, 0.652, 0.00, 0.000, 0.00, 0.000
23395,249578, 41.23, 41.19, 0.997, 0.998, 0.415415, 0.137269,1,1,0, 0.527654, 0.217337, 0.345733, 0.172924, 41.23, 0.997, 83.91, 0.634, 0.00, 0.000, 0.00, 0.000
23396,249589, 41.23, 41.21, 0.998, 0.998, 0.453613, 0.240021,1,1,0, 0.562063, 0.336269, 0.529007, 0.295706, 41.23, 0.998, 80.53, 0.600, 0.00, 0.000, 0.00, 0.000
23397,249600, 41.09, 41.16, 0.999, 0.999, 0.413206, 0.168202,1,1,0, 0.232210, 0.141079, 0.252372, 0.147450, 41.09, 0.999, 83.91, 0.604, 0.00, 0.000, 0.00, 0.000
23398,249610, 41.23, 41.19, 0.999, 0.999, 0.463573, 0.276371,1,1,0, 0.551963, 0.373621, 0.526315, 0.317853, 41.23, 0.999, 81.08, 0.602, 0.00, 0.000, 0.00, 0.000
23399,249621, 41.23, 41.21, 0.999, 0.999, 0.422727, 0.193675,1,1,0, 0.235745, 0.157426, 0.259317, 0.155562, 41.23, 0.999, 83.33, 0.643, 0.00, 0.000, 0.00, 0.000
23400,249632, 41.09, 41.16, 0.997, 0.998, 0.431765, 0.230239,1,1,0, 0.550612, 0.296349, 0.495070, 0.254059, 41.09, 0.997, 82.19, 0.689, 0.00, 0.000, 0.00, 0.000
23401,249642, 41.09, 41.13, 0.998, 0.998, 0.417202, 0.161347,1,1,0, 0.476098, 0.241486, 0.495518, 0.225871, 41.09, 0.998, 82.75, 0.702, 0.00, 0.000, 0.00, 0.000
23402,249653, 41.23, 41.17, 0.997, 0.998, 0.388659, 0.113068,1,1,0, 0.545179, 0.292422, 0.362497, 0.209340, 41.23, 0.997, 82.75, 0.697, 0.00, 0.000, 0.00, 0.000
23403,249664, 41.23, 41.20, 0.999, 0.999, 0.423753, 0.203655,1,1,0, 0.465419, 0.263875, 0.499395, 0.274614, 41.23, 0.999, 81.08, 0.665, 0.00, 0.000, 0.00, 0.000
23404,249674, 41.09, 41.15, 0.998, 0.999, 0.387934, 0.142717,1,1,0, 0.336623, 0.171376, 0.251881, 0.153005, 41.09, 0.998, 85.10, 0.627, 0.00, 0.000, 0.00, 0.000
23405,249685, 41.23, 41.19, 0.999, 0.999, 0.423729, 0.228031,1,1,0, 0.535605, 0.342644, 0.487367, 0.288763, 41.23, 0.999, 80.53, 0.630, 0.00, 0.000, 0.00, 0.000
23406,249696, 41.23, 41.21, 0.998, 0.998, 0.388707, 0.159799,1,1,0, 0.271170, 0.162859, 0.254497, 0.164394, 41.23, 0.998, 84.50, 0.648, 0.00, 0.000, 0.00, 0.000
23407,249706, 41.09, 41.16, 0.997, 0.998, 0.421903, 0.214108,1,1,0, 0.532729, 0.331098, 0.468151, 0.292574, 41.09, 0.997, 81.08, 0.681, 0.00, 0.000, 0.00, 0.000
23408,249717, 41.09, 41.13, 0.998, 0.998, 0.389467, 0.150043,1,1,0, 0.351516, 0.201614, 0.266225, 0.178880, 41.09, 0.998, 83.33, 0.727, 0.00, 0.000, 0.00, 0.000
23409,249728, 41.23, 41.17, 0.998, 0.998, 0.363115, 0.105147,1,1,0, 0.528042, 0.272077, 0.363962, 0.205196, 41.23, 0.998, 82.19, 0.722, 0.00, 0.000, 0.00, 0.000
23410,249738, 41.23, 41.20, 0.999, 0.999, 0.393129, 0.190364,1,1,0, 0.423724, 0.252818, 0.471131, 0.258314, 41.23, 0.999, 82.75, 0.707, 0.00, 0.000, 0.00, 0.000
23411,249749, 41.09, 41.15, 0.998, 0.999, 0.367406, 0.133403,1,1,0, 0.518593, 0.258859, 0.370889, 0.205554, 41.09, 0.998, 82.75, 0.683, 0.00, 0.000, 0.00, 0.000
23412,249760, 41.23, 41.19, 0.999, 0.999, 0.393921, 0.180377,1,1,0, 0.468677, 0.271825, 0.448730, 0.257728, 41.23, 0.999, 80.53, 0.646, 0.00, 0.000, 0.00, 0.000
23413,249770, 41.37, 41.27, 0.998, 0.998, 0.362671, 0.126405,1,1,0, 0.307136, 0.177003, 0.267977, 0.164056, 41.37, 0.998, 85.71, 0.670, 0.00, 0.000, 0.00, 0.000
23414,249781, 41.09, 41.19, 0.998, 0.998, 0.393762, 0.179326,1,1,0, 0.503852, 0.331633, 0.442610, 0.281965, 41.09, 0.998, 80.00, 0.673, 0.00, 0.000, 0.00, 0.000
23415,249792, 41.09, 41.15, 0.998, 0.998, 0.363617, 0.125668,1,1,0, 0.323490, 0.189407, 0.269603, 0.176781, 41.09, 0.998, 84.50, 0.683, 0.00, 0.000, 0.00, 0.000
23416,249802, 41.23, 41.18, 0.999, 0.999, 0.393168, 0.228213,1,1,0, 0.490982, 0.290930, 0.440594, 0.259924, 41.23, 0.999, 81.08, 0.716, 0.00, 0.000, 0.00, 0.000
23417,249813, 41.23, 41.20, 0.999, 0.999, 0.367193, 0.159927,1,1,0, 0.383553, 0.226625, 0.392544, 0.208177, 41.23, 0.999, 83.91, 0.724, 0.00, 0.000, 0.00, 0.000
23418,249824, 41.09, 41.16, 0.998, 0.998, 0.345821, 0.112073,1,1,0, 0.482511, 0.272600, 0.362627, 0.196921, 41.09, 0.998, 81.08, 0.711, 0.00, 0.000, 0.00, 0.000
23419,249834, 41.23, 41.19, 0.999, 0.999, 0.368026, 0.155405,1,1,0, 0.377253, 0.242312, 0.425240, 0.255577, 41.23, 0.999, 81.63, 0.705, 0.00, 0.000, 0.00, 0.000
23420,249845, 41.37, 41.27, 0.998, 0.999, 0.344766, 0.108905,1,1,0, 0.455640, 0.212359, 0.359060, 0.186841, 41.37, 0.998, 84.50, 0.677, 0.00, 0.000, 0.00, 0.000
23421,249856, 41.09, 41.19, 0.999, 0.999, 0.368494, 0.171157,1,1,0, 0.472611, 0.295414, 0.421267, 0.256657, 41.09, 0.999, 80.00, 0.657, 0.00, 0.000, 0.00, 0.000
23422,249866, 41.09, 41.15, 0.998, 0.998, 0.342544, 0.119943,1,1,0, 0.337073, 0.200754, 0.288499, 0.186537, 41.09, 0.998, 85.71, 0.662, 0.00, 0.000, 0.00, 0.000
23423,249877, 41.23, 41.18, 0.999, 0.999, 0.369493, 0.183578,1,1,0, 0.464529, 0.312361, 0.408643, 0.274386, 41.23, 0.999, 80.00, 0.659, 0.00, 0.000, 0.00, 0.000
23424,249888, 41.09, 41.15, 0.999, 0.999, 0.344716, 0.128648,1,1,0, 0.327724, 0.211642, 0.285804, 0.190919, 41.09, 0.999, 85.10, 0.696, 0.00, 0.000, 0.00, 0.000
23425,249898, 41.09, 41.12, 0.998, 0.999, 0.340354, 0.153131,1,1,0, 0.453027, 0.254169, 0.384151, 0.211104, 41.09, 0.998, 80.53, 0.723, 0.00, 0.000, 0.00, 0.000
23426,249909, 41.23, 41.17, 0.998, 0.999, 0.345257, 0.107506,1,1,0, 0.375734, 0.235310, 0.387855, 0.232848, 41.23, 0.998, 83.91, 0.719, 0.00, 0.000, 0.00, 0.000
23427,249920, 41.23, 41.20, 0.998, 0.998, 0.332442, 0.075338,1,1,0, 0.443481, 0.271852, 0.347664, 0.216397, 41.23, 0.998, 82.19, 0.707, 0.00, 0.000, 0.00, 0.000
23428,249930, 41.09, 41.15, 0.998, 0.999, 0.351035, 0.115193,1,1,0, 0.389634, 0.244322, 0.393234, 0.242739, 41.09, 0.998, 80.53, 0.675, 0.00, 0.000, 0.00, 0.000
23429,249941, 41.37, 41.25, 0.990, 0.993, 0.321976, 0.080725,1,1,0, 0.306876, 0.163234, 0.279815, 0.145291, 41.37, 0.990, 85.71, 0.631, 0.00, 0.000, 0.00, 0.000
23430,249952, 41.37, 41.30, 0.990, 0.993, 0.303277, 0.056570,1,1,0, 0.320894, 0.221390, 0.294166, 0.195969, 41.37, 0.990, 80.53, 0.651, 0.00, 0.000, 0.00, 0.000
23431,249962, 41.81, 41.51, 0.976, 0.983, 0.277957, 0.039643,1,1,0, 0.172600, 0.111037, 0.204526, 0.117447, 41.81, 0.976, 88.23, 0.605, 0.00, 0.000, 0.00, 0.000
23432,249973, 42.10, 41.76, 0.953, 0.966, 0.258142, 0.027781,1,1,0, 0.223251, 0.154941, 0.227701, 0.132822, 42.10, 0.953, 80.00, 0.550, 0.00, 0.000, 0.00, 0.000
23433,249984, 42.25, 41.96, 0.976, 0.983, 0.234182, 0.019468,1,1,0, 0.149744, 0.085630, 0.121739, 0.075563, 42.25, 0.976, 91.60, 0.597, 0.00, 0.000, 0.00, 0.000
23434,249994, 42.10, 42.02, 0.972, 0.980, 0.212876, 0.013643,1,1,0, 0.145045, 0.081230, 0.127805, 0.068056, 42.10, 0.972, 80.00, 0.506, 0.00, 0.000, 0.00, 0.000
23435,250005, 41.81, 41.93, 0.984, 0.988, 0.193011, 0.009560,1,1,0, 0.145903, 0.071144, 0.149893, 0.071117, 41.81, 0.984, 90.22, 0.437, 0.00, 0.000, 0.00, 0.000
23436,250016, 42.10, 42.00, 0.928, 0.948, 0.174851, 0.006700,1,1,0, 0.107180, 0.072455, 0.089412, 0.053344, 42.10, 0.928, 78.43, 0.283, 0.00, 0.000, 0.00, 0.000
23437,250026, 42.40, 42.17, 0.932, 0.951, 0.157521, 0.004695,1,1,0, 0.090349, 0.043830, 0.096327, 0.048911, 42.40, 0.932, 85.10, 0.095, 0.00, 0.000, 0.00, 0.000
23438,250037, 42.40, 42.26, 0.935, 0.953, 0.140897, 0.003290,1,1,0, 0.067150, 0.037347, 0.049333, 0.028903, 42.40, 0.935, 30.84, 0.374, 96.77, 0.178, 0.00, 0.000
23439,250048, 42.25, 42.26, 0.927, 0.947, 0.126309, 0.002305,1,1,0, 0.049452, 0.030716, 0.054468, 0.028878, 42.25, 0.927, 75.00, 0.071, 0.00, 0.000, 0.00, 0.000
23440,250058, 42.25, 42.25, 0.922, 0.944, 0.112483, 0.001615,1,1,0, 0.039763, 0.023845, 0.039732, 0.019516, 42.25, 0.922, 31.41, 0.561, 99.17, 0.078, 0.00, 0.000
23441,250069, 41.52, 41.94, 0.790, 0.848, 0.099626, 0.001132,1,1,0, 0.033762, 0.014220, 0.023987, 0.011678, 41.52, 0.790, 47.24, 0.467, 0.00, 0.000, 0.00, 0.000
23442,250080, 32.34, 41.89, 0.657, 0.521, 0.088474, 0.000793,1,1,0, 0.031202, 0.015546, 0.024583, 0.012172, 32.34, 0.657, 48.00, 0.490, 41.81, 0.432, 35.82, 0.286
23443,250090, 41.52, 41.73, 0.727, 0.784, 0.079075, 0.000556,1,1,0, 0.039723, 0.018592, 0.026332, 0.015145, 41.52, 0.727, 47.61, 0.705, 307.69, 0.398, 56.60, 0.235
23444,250101, 41.52, 41.64, 0.841, 0.886, 0.070509, 0.000389,1,1,0, 0.027180, 0.014866, 0.025284, 0.012143, 41.52, 0.841, 48.00, 0.709, 292.68, 0.460, 57.69, 0.353
23445,250112, 48.58, 41.90, 0.691, 0.619, 0.062767, 0.000273,1,1,0, 0.020301, 0.010403, 0.023931, 0.009868, 48.58, 0.691, 42.25, 0.532, 56.60, 0.463, 324.32, 0.382
23446,250122, 49.38, 45.04, 0.768, 0.778, 0.055971, 0.000191,1,1,0, 0.018607, 0.010779, 0.017365, 0.009380, 49.38, 0.768, 55.81, 0.653, 315.78, 0.330, 42.10, 0.146
23447,250133, 56.33, 49.78, 0.626, 0.636, 0.049555, 0.000134,1,1,0, 0.013731, 0.005938, 0.012269, 0.005580, 56.33, 0.626, 49.18, 0.510, 324.32, 0.186, 32.17, 0.077
23448,250144, 57.97, 53.22, 0.752, 0.762, 0.043969, 0.000093,1,1,0, 0.012678, 0.005839, 0.009808, 0.005308, 57.97, 0.752, 36.92, 0.508, 50.20, 0.255, 106.19, 0.147
23449,250154, 57.41, 54.98, 0.589, 0.636, 0.038988, 0.000065,1,1,0, 0.010832, 0.005219, 0.010578, 0.004982, 57.41, 0.589, 36.25, 0.491, 103.44, 0.258, 50.84, 0.191
23450,250165, 36.03, 55.89, 0.668, 0.668, 0.034980, 0.000046,1,1,0, 0.019859, 0.009096, 0.015311, 0.007991, 36.03, 0.668, 57.14, 0.613, 31.66, 0.210, 100.00, 0.153
23451,250176, 56.87, 56.30, 0.779, 0.841, 0.031337, 0.000032,1,1,0, 0.015438, 0.008676, 0.013627, 0.006950, 56.87, 0.779, 36.92, 0.380, 111.11, 0.139, 0.00, 0.000
23452,250186, 55.81, 56.09, 0.778, 0.840, 0.028056, 0.000022,1,1,0, 0.011050, 0.005262, 0.008493, 0.005556, 55.81, 0.778, 36.36, 0.199, 32.00, 0.138, 106.19, 0.050
23453,250197, 54.05, 55.23, 0.829, 0.877, 0.025167, 0.000015,1,1,0, 0.017900, 0.007544, 0.015265, 0.006500, 54.05, 0.829, 36.47, 0.501, 109.09, 0.210, 0.00, 0.000
23454,250208, 55.29, 55.26, 0.793, 0.851, 0.022615, 0.000011,1,1,0, 0.013629, 0.008019, 0.013351, 0.006016, 55.29, 0.793, 109.09, 0.096, 36.58, 0.082, 0.00, 0.000
23455,250218, 56.87, 55.93, 0.883, 0.915, 0.020491, 0.000007,1,1,0, 0.011396, 0.006423, 0.011690, 0.006584, 56.87, 0.883, 37.97, 0.074, 114.28, 0.035, 0.00, 0.000
23456,250229, 55.29, 55.67, 0.818, 0.869, 0.018566, 0.000005,1,1,0, 0.016612, 0.007054, 0.012659, 0.006052, 55.29, 0.818, 36.58, 0.345, 115.38, 0.089, 0.00, 0.000
23457,250240, 55.29, 55.51, 0.790, 0.849, 0.016933, 0.000003,1,1,0, 0.014783, 0.006274, 0.010887, 0.006147, 55.29, 0.790, 30.92, 0.333, 110.09, 0.155, 36.03, 0.105
23458,250250, 55.29, 55.42, 0.884, 0.917, 0.015466, 0.000002,1,1,0, 0.016217, 0.008482, 0.013115, 0.006611, 55.29, 0.884, 36.80, 0.376, 112.14, 0.340, 0.00, 0.000
23459,250261, 55.55, 55.47, 0.876, 0.911, 0.014116, 0.000001,1,1,0, 0.008173, 0.004763, 0.010027, 0.005473, 55.55, 0.876, 36.47, 0.363, 111.11, 0.285, 0.00, 0.000
23460,250272, 54.54, 55.08, 0.911, 0.936, 0.013147, 0.000857,1,1,0, 0.017446, 0.008671, 0.013385, 0.007350, 54.54, 0.911, 36.58, 0.185, 114.28, 0.117, 0.00, 0.000
23461,250282, 55.04, 55.06, 0.876, 0.911, 0.012030, 0.000600,1,1,0, 0.009971, 0.005673, 0.010088, 0.005041, 55.04, 0.876, 114.28, 0.049, 36.92, 0.039, 0.00, 0.000
23462,250293, 55.55, 55.27, 0.896, 0.925, 0.011625, 0.003728,1,1,0, 0.014680, 0.007546, 0.012995, 0.006403, 55.55, 0.896, 112.14, 0.035, 37.38, 0.022, 0.00, 0.000
23463,250304, 55.29, 55.28, 0.870, 0.906, 0.013385, 0.011406,1,1,0, 0.016619, 0.008934, 0.016066, 0.007390, 55.29, 0.870, 113.20, 0.064, 36.47, 0.013, 0.00, 0.000
23464,250314, 54.79, 55.07, 0.820, 0.871, 0.012296, 0.007993,1,1,0, 0.011030, 0.005368, 0.010243, 0.005544, 54.79, 0.820, 35.92, 0.381, 32.08, 0.186, 109.09, 0.185
23465,250325, 55.81, 55.38, 0.877, 0.911, 0.012358, 0.005601,1,1,0, 0.020455, 0.011319, 0.013429, 0.007705, 55.81, 0.877, 113.20, 0.175, 36.47, 0.097, 0.00, 0.000
23466,250336, 55.55, 55.45, 0.845, 0.889, 0.011382, 0.003925,1,1,0, 0.008509, 0.004116, 0.013307, 0.004798, 55.55, 0.845, 110.09, 0.173, 36.47, 0.155, 0.00, 0.000
23467,250346, 55.29, 55.39, 0.871, 0.907, 0.011179, 0.003735,1,1,0, 0.015353, 0.008344, 0.012394, 0.006741, 55.29, 0.871, 111.11, 0.144, 36.92, 0.117, 0.00, 0.000
23468,250357, 55.29, 55.35, 0.848, 0.891, 0.012542, 0.010066,1,1,0, 0.013604, 0.008247, 0.014901, 0.006817, 55.29, 0.848, 111.11, 0.180, 37.03, 0.060, 0.00, 0.000
23469,250368, 55.29, 55.33, 0.930, 0.949, 0.011818, 0.007054,1,1,0, 0.016865, 0.008840, 0.013072, 0.006309, 55.29, 0.930, 36.80, 0.331, 110.09, 0.272, 0.00, 0.000
23470,250378, 54.79, 55.10, 0.884, 0.916, 0.011009, 0.004943,1,1,0, 0.010886, 0.005740, 0.011923, 0.005501, 54.79, 0.884, 36.92, 0.246, 110.09, 0.241, 0.00, 0.000
23471,250389, 55.55, 55.29, 0.493, 0.587, 0.010678, 0.003464,1,1,0, 0.014139, 0.008837, 0.011497, 0.006165, 55.55, 0.493, 38.09, 0.434, 111.11, 0.131, 0.00, 0.000
23472,250400, 38.33, 48.17, 0.742, 0.752, 0.010358, 0.002427,1,1,0, 0.020510, 0.010024, 0.011119, 0.007339, 38.33, 0.742, 30.30, 0.596, 127.65, 0.179, 57.41, 0.167
23473,250410, 37.26, 43.59, 0.702, 0.713, 0.009426, 0.001701,1,1,0, 0.007263, 0.004012, 0.008540, 0.003763, 37.26, 0.702, 115.38, 0.151, 56.33, 0.138, 0.00, 0.000
23474,250421, 55.55, 43.59, 0.429, 0.642, 0.008685, 0.001192,1,1,0, 0.013100, 0.008795, 0.005743, 0.003856, 55.55, 0.429, 113.20, 0.229, 37.61, 0.021, 0.00, 0.000
23475,250432, 56.87, 49.16, 0.674, 0.683, 0.007929, 0.000835,1,1,0, 0.006708, 0.003522, 0.004302, 0.002807, 56.87, 0.674, 104.34, 0.160, 0.00, 0.000, 0.00, 0.000
23476,250442, 58.25, 52.98, 0.511, 0.521, 0.007224, 0.000585,1,1,0, 0.008499, 0.004729, 0.004135, 0.002597, 58.25, 0.511, 33.51, 0.267, 0.00, 0.000, 0.00, 0.000
23477,250453, 56.60, 54.50, 0.766, 0.804, 0.006649, 0.000410,1,1,0, 0.004916, 0.002964, 0.004710, 0.002915, 56.60, 0.766, 0.00, 0.000, 0.00, 0.000, 0.00, 0.000
23478,250464, 59.70, 56.68, 0.892, 0.922, 0.006198, 0.000287,1,1,0, 0.009577, 0.005834, 0.005171, 0.003384, 59.70, 0.892, 0.00, 0.000, 0.00, 0.000, 0.00, 0.000
23479,250474, 58.53, 57.46, 0.718, 0.797, 0.005758, 0.000201,1,1,0, 0.004661, 0.002471, 0.004861, 0.003002, 58.53, 0.718, 0.00, 0.000, 0.00, 0.000, 0.00, 0.000
23480,250485, 57.97, 57.67, 0.580, 0.661, 0.005156, 0.000141,1,1,0, 0.004536, 0.001911, 0.003065, 0.001293, 57.97, 0.580, 0.00, 0.000, 0.00, 0.000, 0.00, 0.000
23481,250496, 52.63, 55.55, 0.481, 0.506, 0.004595, 0.000098,1,1,0, 0.004091, 0.002416, 0.001984, 0.000847, 52.63, 0.481, 0.00, 0.000, 0.00, 0.000, 0.00, 0.000
23482,250506, 51.94, 54.04, 0.520, 0.550, 0.004120, 0.000069,1,1,0, 0.004452, 0.002469, 0.002313, 0.001004, 51.94, 0.520, 71.42, 0.445, 0.00, 0.000, 0.00, 0.000
23483,250517, 50.00, 54.04, 0.401, 0.495, 0.003838, 0.000048,1,1,0, 0.003367, 0.002156, 0.003913, 0.002117, 50.00, 0.401, 73.61, 0.366, 0.00, 0.000, 0.00, 0.000
23484,250528, 31.41, 44.53, 0.661, 0.661, 0.003473, 0.000034,1,1,0, 0.003512, 0.001931, 0.002087, 0.001016, 31.41, 0.661, 73.61, 0.446, 37.03, 0.212, 48.78, 0.192
23485,250538, 32.87, 39.64, 0.660, 0.663, 0.003158, 0.000023,1,1,0, 0.003976, 0.002078, 0.002229, 0.001183, 32.87, 0.660, 72.72, 0.332, 58.82, 0.221, 0.00, 0.000
23486,250549, 31.66, 36.28, 0.590, 0.597, 0.002878, 0.000016,1,1,0, 0.005081, 0.002808, 0.002714, 0.001258, 31.66, 0.590, 36.03, 0.392, 74.07, 0.362, 57.14, 0.261
23487,250560, 38.46, 36.28, 0.348, 0.537, 0.002620, 0.000011,1,1,0, 0.002426, 0.001547, 0.002495, 0.001092, 38.46, 0.348, 50.00, 0.307, 75.00, 0.307, 0.00, 0.000
23488,250570, 76.43, 36.28, 0.436, 0.483, 0.002457, 0.000008,1,1,0, 0.004373, 0.002119, 0.002167, 0.001407, 76.43, 0.436, 46.69, 0.261, 0.00, 0.000, 0.00, 0.000
23489,250581, 74.07, 36.28, 0.341, 0.435, 0.002254, 0.000005,1,1,0, 0.004900, 0.003089, 0.002321, 0.001012, 74.07, 0.341, 139.53, 0.235, 47.24, 0.194, 95.23, 0.116
23490,250592, 146.34, 82.51, 0.497, 0.500, 0.002723, 0.002097,1,1,0, 0.004694, 0.002402, 0.003163, 0.001969, 146.34, 0.497, 0.00, 0.000, 0.00, 0.000, 0.00, 0.000
23491,250602, 30.15, 60.51, 0.667, 0.667, 0.002784, 0.001469,1,1,0, 0.007493, 0.004513, 0.002998, 0.002304, 30.15, 0.667, 0.00, 0.000, 0.00, 0.000, 0.00, 0.000
23492,250613, 400.00, 203.10, 0.655, 0.655, 0.002657, 0.001030,1,1,0, 0.003649, 0.001602, 0.002809, 0.001563, 400.00, 0.655, 0.00, 0.000, 0.00, 0.000, 0.00, 0.000
23493,250624, 96.00, 203.10, 0.091, 0.589, 0.002432, 0.000721,1,1,0, 0.004740, 0.002713, 0.002071, 0.001042, 96.00, 0.091, 0.00, 0.000, 0.00, 0.000, 0.00, 0.000
23494,250634, 42.55, 135.67, 0.522, 0.522, 0.002221, 0.000505,1,1,0, 0.005604, 0.003413, 0.002329, 0.000946, 42.55, 0.522, 90.22, 0.366, 0.00, 0.000, 0.00, 0.000
23495,250645, 36.14, 93.87, 0.687, 0.687, 0.002928, 0.002309,1,1,0, 0.007952, 0.005227, 0.003379, 0.001933, 36.14, 0.687, 60.60, 0.448, 127.65, 0.230, 0.00, 0.000
23496,250656, 54.79, 77.45, 0.466, 0.466, 0.003127, 0.001618,1,1,0, 0.004334, 0.001426, 0.003504, 0.002220, 54.79, 0.466, 0.00, 0.000, 0.00, 0.000, 0.00, 0.000
23497,250666, 72.28, 77.45, 0.270, 0.419, 0.003062, 0.001133,1,1,0, 0.005875, 0.004318, 0.003474, 0.001908, 72.28, 0.270, 35.92, 0.240, 157.89, 0.203, 93.75, 0.065
23498,250677, 74.53, 77.45, 0.356, 0.377, 0.002812, 0.000794,1,1,0, 0.007524, 0.005763, 0.001692, 0.001172, 74.53, 0.356, 151.89, 0.233, 48.58, 0.171, 0.00, 0.000
23499,250688, 146.34, 106.38, 0.718, 0.730, 0.002589, 0.000556,1,1,0, 0.004910, 0.002903, 0.002129, 0.001213, 146.34, 0.718, 75.00, 0.448, 49.58, 0.108, 0.00, 0.000
23500,250698, 153.84, 126.32, 0.638, 0.651, 0.002406, 0.000390,1,1,0, 0.003588, 0.001682, 0.002398, 0.001372, 153.84, 0.638, 74.53, 0.274, 0.00, 0.000, 0.00, 0.000
23501,250709, 73.61, 104.18, 0.634, 0.650, 0.002458, 0.000993,1,1,0, 0.004866, 0.002193, 0.002652, 0.001534, 73.61, 0.634, 30.30, 0.523, 50.20, 0.431, 150.00, 0.302
23502,250720, 36.58, 75.79, 0.902, 0.914, 0.002271, 0.000696,1,1,0, 0.005530, 0.003378, 0.002590, 0.001032, 36.58, 0.902, 72.72, 0.804, 48.97, 0.453, 146.34, 0.309
23503,250730, 37.38, 59.66, 0.733, 0.747, 0.002044, 0.000488,1,1,0, 0.005757, 0.004138, 0.002027, 0.000678, 37.38, 0.733, 74.53, 0.688, 47.05, 0.445, 150.00, 0.196
23504,250741, 72.28, 59.66, 0.379, 0.672, 0.001877, 0.000341,1,1,0, 0.003914, 0.002602, 0.001495, 0.000809, 72.28, 0.379, 98.36, 0.267, 142.85, 0.265, 48.38, 0.117
23505,250752, 75.94, 59.66, 0.220, 0.605, 0.002504, 0.002309,1,1,0, 0.002550, 0.001296, 0.003290, 0.001573, 75.94, 0.220, 160.00, 0.144, 93.02, 0.133, 30.76, 0.047
23506,250762, 77.92, 59.66, 0.176, 0.544, 0.002275, 0.001618,1,1,0, 0.003739, 0.002029, 0.002076, 0.000909, 77.92, 0.176, 150.00, 0.088, 0.00, 0.000, 0.00, 0.000
23507,250773, 37.15, 50.20, 0.687, 0.688, 0.002683, 0.001473,1,1,0, 0.004603, 0.002550, 0.003024, 0.002030, 37.15, 0.687, 75.47, 0.069, 0.00, 0.000, 0.00, 0.000
23508,250784, 36.36, 44.39, 0.541, 0.544, 0.002492, 0.001032,1,1,0, 0.006065, 0.004891, 0.001992, 0.001297, 36.36, 0.541, 40.67, 0.367, 151.89, 0.207, 0.00, 0.000
23509,250794, 33.70, 39.90, 0.648, 0.648, 0.002275, 0.000723,1,1,0, 0.005160, 0.003255, 0.002057, 0.000999, 33.70, 0.648, 0.00, 0.000, 0.00, 0.000, 0.00, 0.000
23510,250805, 98.36, 39.90, 0.144, 0.583, 0.002126, 0.000507,1,1,0, 0.005286, 0.003050, 0.001859, 0.001204, 98.36, 0.144, 79.47, 0.099, 0.00, 0.000, 0.00, 0.000
23511,250816, 31.25, 39.90, 0.448, 0.525, 0.002267, 0.001071,1,1,0, 0.003440, 0.002425, 0.002542, 0.001207, 31.25, 0.448, 48.78, 0.243, 86.33, 0.166, 78.94, 0.156
23512,250826, 76.92, 55.45, 0.468, 0.478, 0.002636, 0.001256,1,1,0, 0.005446, 0.003586, 0.002994, 0.002032, 76.92, 0.468, 47.43, 0.326, 37.15, 0.304, 0.00, 0.000
23513,250837, 96.77, 55.45, 0.286, 0.430, 0.002389, 0.000880,1,1,0, 0.006005, 0.004437, 0.001859, 0.000774, 96.77, 0.286, 76.43, 0.200, 46.87, 0.184, 37.03, 0.027
23514,250848, 184.61, 109.70, 0.514, 0.514, 0.002310, 0.000617,1,1,0, 0.003274, 0.001728, 0.002649, 0.001314, 184.61, 0.514, 0.00, 0.000, 0.00, 0.000, 0.00, 0.000
23515,250858, 99.17, 109.70, 0.192, 0.463, 0.002202, 0.000432,1,1,0, 0.003255, 0.001663, 0.002422, 0.001491, 99.17, 0.192, 77.92, 0.080, 0.00, 0.000, 0.00, 0.000
23516,250869, 75.00, 95.12, 0.508, 0.513, 0.002017, 0.000303,1,1,0, 0.003108, 0.002013, 0.001726, 0.000893, 75.00, 0.508, 92.30, 0.391, 37.03, 0.181, 166.66, 0.134
23517,250880, 77.41, 87.68, 0.597, 0.604, 0.001843, 0.000212,1,1,0, 0.001223, 0.000628, 0.001311, 0.000736, 77.41, 0.597, 47.05, 0.094, 0.00, 0.000, 0.00, 0.000
23518,250890, 93.75, 87.68, 0.387, 0.543, 0.001654, 0.000148,1,1,0, 0.001432, 0.000679, 0.000988, 0.000417, 93.75, 0.387, 78.94, 0.345, 0.00, 0.000, 0.00, 0.000
23519,250901, 36.36, 66.13, 0.521, 0.524, 0.001608, 0.000554,1,1,0, 0.002352, 0.001143, 0.001862, 0.000978, 36.36, 0.521, 30.45, 0.392, 50.00, 0.277, 75.94, 0.275
23520,250912, 75.00, 69.85, 0.480, 0.499, 0.001581, 0.000388,1,1,0, 0.002514, 0.001327, 0.001763, 0.001069, 75.00, 0.480, 49.58, 0.117, 0.00, 0.000, 0.00, 0.000
23521,250922, 75.94, 72.41, 0.440, 0.475, 0.001516, 0.000299,1,1,0, 0.002899, 0.001522, 0.001678, 0.000903, 75.94, 0.440, 92.30, 0.419, 37.26, 0.312, 46.69, 0.130
23522,250933, 93.02, 72.41, 0.356, 0.427, 0.001559, 0.000618,1,1,0, 0.003538, 0.001817, 0.001704, 0.001137, 93.02, 0.356, 76.43, 0.324, 47.43, 0.104, 0.00, 0.000
23523,250944, 96.77, 82.64, 0.526, 0.533, 0.001929, 0.001778,1,1,0, 0.005953, 0.004592, 0.002431, 0.001239, 96.77, 0.526, 0.00, 0.000, 0.00, 0.000, 0.00, 0.000
23524,250954, 30.15, 60.59, 0.540, 0.540, 0.002290, 0.001770,1,1,0, 0.004974, 0.002359, 0.002786, 0.001496, 30.15, 0.540, 0.00, 0.000, 0.00, 0.000, 0.00, 0.000
23525,250965, 400.00, 203.14, 0.727, 0.727, 0.002838, 0.001637,1,1,0, 0.004036, 0.002979, 0.003316, 0.002031, 400.00, 0.727, 0.00, 0.000, 0.00, 0.000, 0.00, 0.000
23526,250976, 97.56, 203.14, 0.340, 0.654, 0.002654, 0.001147,1,1,0, 0.006187, 0.003849, 0.002643, 0.001576, 97.56, 0.340, 0.00, 0.000, 0.00, 0.000, 0.00, 0.000
23527,250986, 94.48, 157.51, 0.458, 0.461, 0.002436, 0.000803,1,1,0, 0.001166, 0.000665, 0.001800, 0.001015, 94.48, 0.458, 0.00, 0.000, 0.00, 0.000, 0.00, 0.000
23528,250997, 91.60, 157.51, 0.287, 0.415, 0.002751, 0.002828,1,1,0, 0.003794, 0.001834, 0.003621, 0.001494, 91.60, 0.287, 50.42, 0.006, 0.00, 0.000, 0.00, 0.000
23529,251008, 218.18, 157.51, 0.103, 0.373, 0.003982, 0.005443,1,1,0, 0.006417, 0.003031, 0.005268, 0.002247, 218.18, 0.103, 51.50, 0.102, 61.22, 0.098, 0.00, 0.000
23530,251018, 38.33, 107.45, 0.492, 0.492, 0.012956, 0.031186,1,1,0, 0.017529, 0.011308, 0.021802, 0.007511, 38.33, 0.492, 91.60, 0.232, 169.01, 0.117, 137.93, 0.042
23531,251029, 36.80, 77.78, 0.748, 0.752, 0.016202, 0.021854,1,1,0, 0.026226, 0.016419, 0.022572, 0.010255, 36.80, 0.748, 30.53, 0.236, 203.38, 0.182, 106.19, 0.054
23532,251040, 32.96, 58.96, 0.504, 0.504, 0.017027, 0.015315,1,1,0, 0.026939, 0.013563, 0.019570, 0.010851, 32.96, 0.504, 54.05, 0.301, 139.53, 0.046, 0.00, 0.000
23533,251050, 55.29, 58.96, 0.393, 0.454, 0.017412, 0.016150,1,1,0, 0.028577, 0.008618, 0.022031, 0.007963, 55.29, 0.393, 100.84, 0.113, 134.83, 0.064, 0.00, 0.000
23534,251061, 55.55, 57.53, 0.572, 0.605, 0.020271, 0.012094,1,1,0, 0.036321, 0.018108, 0.024291, 0.014720, 55.55, 0.572, 107.14, 0.039, 0.00, 0.000, 0.00, 0.000
23535,251072, 55.04, 56.48, 0.777, 0.828, 0.020504, 0.008475,1,1,0, 0.025111, 0.013925, 0.022563, 0.011460, 55.04, 0.777, 34.58, 0.176, 38.96, 0.008, 0.00, 0.000
23536,251082, 55.04, 55.88, 0.746, 0.817, 0.018541, 0.005939,1,1,0, 0.009022, 0.004477, 0.013847, 0.006398, 55.04, 0.746, 37.97, 0.094, 0.00, 0.000, 0.00, 0.000
23537,251093, 55.55, 55.74, 0.957, 0.969, 0.018472, 0.005022,1,1,0, 0.026563, 0.013944, 0.020310, 0.012179, 55.55, 0.957, 0.00, 0.000, 0.00, 0.000, 0.00, 0.000
23538,251104, 55.29, 55.55, 0.977, 0.983, 0.016696, 0.003519,1,1,0, 0.012739, 0.006149, 0.010148, 0.004954, 55.29, 0.977, 35.29, 0.197, 98.36, 0.048, 0.00, 0.000
23539,251114, 55.04, 55.34, 0.990, 0.993, 0.018328, 0.008892,1,1,0, 0.025728, 0.014193, 0.021694, 0.013015, 55.04, 0.990, 0.00, 0.000, 0.00, 0.000, 0.00, 0.000
23540,251125, 55.04, 55.21, 0.989, 0.992, 0.019066, 0.009875,1,1,0, 0.023895, 0.012491, 0.021299, 0.010531, 55.04, 0.989, 0.00, 0.000, 0.00, 0.000, 0.00, 0.000
23541,251136, 55.29, 55.25, 0.978, 0.984, 0.017446, 0.006920,1,1,0, 0.018369, 0.006829, 0.014936, 0.007495, 55.29, 0.978, 31.49, 0.450, 0.00, 0.000, 0.00, 0.000
23542,251146, 55.29, 55.27, 0.987, 0.990, 0.019669, 0.011542,1,1,0, 0.032335, 0.016791, 0.022488, 0.012333, 55.29, 0.987, 0.00, 0.000, 0.00, 0.000, 0.00, 0.000
23543,251157, 55.29, 55.28, 0.959, 0.970, 0.017810, 0.008088,1,1,0, 0.009293, 0.004776, 0.011429, 0.005542, 55.29, 0.959, 35.19, 0.099, 0.00, 0.000, 0.00, 0.000
23544,251168, 55.29, 55.29, 0.919, 0.942, 0.017675, 0.005668,1,1,0, 0.028004, 0.015476, 0.019206, 0.013105, 55.29, 0.919, 36.47, 0.017, 108.10, 0.002, 0.00, 0.000
23545,251178, 55.29, 55.29, 0.933, 0.951, 0.018416, 0.009632,1,1,0, 0.019904, 0.011907, 0.020214, 0.009807, 55.29, 0.933, 0.00, 0.000, 0.00, 0.000, 0.00, 0.000
23546,251189, 55.04, 55.18, 0.940, 0.957, 0.017089, 0.006749,1,1,0, 0.019871, 0.011430, 0.019024, 0.009077, 55.04, 0.940, 0.00, 0.000, 0.00, 0.000, 0.00, 0.000
23547,251200, 55.04, 55.12, 0.980, 0.986, 0.018128, 0.008734,1,1,0, 0.020724, 0.011936, 0.020337, 0.010731, 55.04, 0.980, 0.00, 0.000, 0.00, 0.000, 0.00, 0.000
23548,251210, 55.29, 55.20, 0.989, 0.992, 0.016536, 0.006120,1,1,0, 0.012695, 0.008924, 0.013355, 0.006378, 55.29, 0.989, 32.43, 0.113, 0.00, 0.000, 0.00, 0.000
23549,251221, 55.29, 55.24, 0.992, 0.994, 0.018824, 0.010200,1,1,0, 0.024853, 0.013238, 0.021800, 0.012723, 55.29, 0.992, 37.38, 0.034, 0.00, 0.000, 0.00, 0.000
23550,251232, 55.04, 55.15, 0.981, 0.986, 0.017241, 0.007148,1,1,0, 0.015118, 0.009065, 0.017206, 0.007185, 55.04, 0.981, 35.08, 0.182, 0.00, 0.000, 0.00, 0.000
23551,251242, 55.04, 55.11, 0.979, 0.985, 0.016389, 0.005009,1,1,0, 0.018923, 0.012452, 0.017962, 0.010446, 55.04, 0.979, 0.00, 0.000, 0.00, 0.000, 0.00, 0.000
23552,251253, 55.04, 55.08, 0.984, 0.989, 0.016978, 0.007737,1,1,0, 0.019553, 0.010836, 0.018957, 0.009685, 55.04, 0.984, 0.00, 0.000, 0.00, 0.000, 0.00, 0.000
23553,251264, 55.29, 55.17, 0.974, 0.981, 0.015837, 0.005421,1,1,0, 0.015287, 0.010278, 0.014845, 0.008952, 55.29, 0.974, 32.34, 0.216, 98.36, 0.001, 0.00, 0.000
23554,251274, 55.29, 55.22, 0.969, 0.977, 0.021019, 0.011746,1,1,0, 0.029931, 0.017333, 0.023712, 0.015162, 55.29, 0.969, 36.69, 0.078, 110.09, 0.029, 0.00, 0.000
23555,251285, 55.55, 55.36, 0.904, 0.931, 0.018922, 0.008231,1,1,0, 0.016248, 0.005683, 0.014466, 0.005368, 55.55, 0.904, 36.80, 0.270, 112.14, 0.085, 0.00, 0.000
23556,251296, 55.29, 55.33, 0.860, 0.899, 0.018979, 0.005768,1,1,0, 0.032686, 0.016747, 0.021669, 0.012867, 55.29, 0.860, 113.20, 0.063, 38.46, 0.028, 0.00, 0.000
23557,251306, 54.54, 55.00, 0.864, 0.902, 0.017474, 0.004042,1,1,0, 0.022415, 0.010550, 0.015689, 0.008132, 54.54, 0.864, 35.39, 0.061, 102.56, 0.003, 0.00, 0.000
23558,251317, 54.79, 54.91, 0.764, 0.830, 0.016188, 0.002832,1,1,0, 0.015205, 0.008858, 0.015179, 0.008543, 54.79, 0.764, 35.82, 0.070, 0.00, 0.000, 0.00, 0.000
23559,251328, 55.81, 55.29, 0.917, 0.940, 0.017456, 0.009624,1,1,0, 0.021201, 0.012273, 0.020200, 0.011242, 55.81, 0.917, 0.00, 0.000, 0.00, 0.000, 0.00, 0.000
23560,251338, 56.07, 55.62, 0.902, 0.929, 0.015959, 0.006744,1,1,0, 0.014276, 0.008103, 0.010107, 0.006142, 56.07, 0.902, 34.48, 0.446, 95.23, 0.020, 0.00, 0.000
23561,251349, 55.04, 55.37, 0.982, 0.987, 0.016596, 0.005717,1,1,0, 0.022737, 0.012317, 0.018778, 0.011573, 55.04, 0.982, 0.00, 0.000, 0.00, 0.000, 0.00, 0.000
23562,251360, 55.04, 55.23, 0.990, 0.993, 0.016086, 0.005265,1,1,0, 0.021313, 0.009873, 0.017328, 0.008603, 55.04, 0.990, 34.38, 0.181, 96.77, 0.034, 0.00, 0.000
23563,251370, 55.04, 55.15, 0.966, 0.976, 0.015099, 0.003689,1,1,0, 0.021251, 0.010283, 0.014875, 0.009037, 55.04, 0.966, 0.00, 0.000, 0.00, 0.000, 0.00, 0.000
23564,251381, 55.04, 55.11, 0.968, 0.977, 0.016511, 0.008710,1,1,0, 0.022337, 0.012125, 0.018536, 0.010299, 55.04, 0.968, 0.00, 0.000, 0.00, 0.000, 0.00, 0.000
23565,251392, 55.29, 55.19, 0.952, 0.965, 0.015215, 0.006104,1,1,0, 0.010602, 0.006552, 0.012075, 0.006925, 55.29, 0.952, 35.82, 0.213, 0.00, 0.000, 0.00, 0.000
23566,251402, 55.55, 55.34, 0.958, 0.970, 0.015145, 0.004277,1,1,0, 0.020555, 0.012802, 0.016622, 0.011425, 55.55, 0.958, 37.15, 0.014, 114.28, 0.000, 0.00, 0.000
23567,251413, 55.29, 55.32, 0.966, 0.975, 0.014983, 0.008293,1,1,0, 0.018236, 0.010128, 0.017089, 0.007786, 55.29, 0.966, 34.68, 0.181, 97.56, 0.035, 0.00, 0.000
23568,251424, 54.54, 54.99, 0.964, 0.974, 0.015104, 0.005812,1,1,0, 0.019231, 0.011057, 0.017048, 0.009651, 54.54, 0.964, 37.73, 0.056, 116.50, 0.001, 0.00, 0.000
23569,251434, 55.04, 55.01, 0.969, 0.978, 0.015511, 0.005875,1,1,0, 0.020862, 0.011036, 0.016816, 0.009213, 55.04, 0.969, 0.00, 0.000, 0.00, 0.000, 0.00, 0.000
23570,251445, 55.55, 55.24, 0.990, 0.992, 0.014446, 0.004117,1,1,0, 0.012557, 0.006935, 0.011365, 0.007825, 55.55, 0.990, 32.43, 0.072, 34.98, 0.027, 0.00, 0.000
23571,251456, 55.55, 55.37, 0.995, 0.996, 0.015002, 0.004828,1,1,0, 0.023876, 0.012679, 0.016306, 0.010553, 55.55, 0.995, 36.92, 0.106, 112.14, 0.013, 0.00, 0.000
23572,251466, 55.29, 55.34, 0.982, 0.987, 0.013818, 0.003383,1,1,0, 0.011346, 0.006419, 0.010951, 0.006271, 55.29, 0.982, 35.29, 0.213, 101.69, 0.041, 0.00, 0.000
23573,251477, 54.79, 55.11, 0.985, 0.989, 0.014428, 0.003642,1,1,0, 0.022219, 0.012837, 0.016076, 0.011006, 54.79, 0.985, 0.00, 0.000, 0.00, 0.000, 0.00, 0.000
23574,251488, 54.79, 54.97, 0.986, 0.990, 0.014511, 0.003916,1,1,0, 0.018946, 0.010063, 0.015399, 0.008592, 54.79, 0.986, 107.14, 0.000, 0.00, 0.000, 0.00, 0.000
23575,251498, 55.29, 55.11, 0.987, 0.990, 0.013615, 0.002744,1,1,0, 0.016229, 0.008619, 0.011768, 0.008249, 55.29, 0.987, 35.82, 0.003, 0.00, 0.000, 0.00, 0.000
23576,251509, 55.55, 55.29, 0.995, 0.996, 0.014318, 0.004225,1,1,0, 0.020545, 0.010837, 0.015556, 0.009447, 55.55, 0.995, 0.00, 0.000, 0.00, 0.000, 0.00, 0.000
23577,251520, 55.29, 55.29, 0.976, 0.983, 0.013212, 0.002961,1,1,0, 0.011137, 0.006732, 0.010358, 0.006216, 55.29, 0.976, 35.29, 0.382, 103.44, 0.062, 0.00, 0.000
23578,251530, 55.04, 55.19, 0.976, 0.982, 0.013836, 0.003530,1,1,0, 0.020029, 0.012020, 0.015311, 0.010621, 55.04, 0.976, 114.28, 0.045, 37.61, 0.018, 0.00, 0.000
23579,251541, 55.04, 55.13, 0.973, 0.981, 0.014024, 0.004099,1,1,0, 0.019472, 0.009118, 0.014889, 0.008095, 55.04, 0.973, 104.34, 0.069, 34.88, 0.034, 0.00, 0.000
23580,251552, 55.29, 55.20, 0.984, 0.988, 0.013367, 0.002872,1,1,0, 0.018802, 0.010783, 0.013609, 0.009610, 55.29, 0.984, 36.47, 0.092, 109.09, 0.036, 0.00, 0.000
23581,251562, 55.29, 55.24, 0.994, 0.995, 0.013624, 0.003487,1,1,0, 0.019916, 0.010294, 0.014815, 0.008423, 55.29, 0.994, 0.00, 0.000, 0.00, 0.000, 0.00, 0.000
23582,251573, 55.29, 55.26, 0.954, 0.967, 0.012836, 0.002444,1,1,0, 0.016760, 0.009670, 0.012093, 0.008124, 55.29, 0.954, 35.60, 0.201, 0.00, 0.000, 0.00, 0.000
23583,251584, 54.79, 55.06, 0.948, 0.963, 0.014064, 0.006254,1,1,0, 0.017315, 0.010554, 0.016258, 0.009811, 54.79, 0.948, 37.38, 0.272, 115.38, 0.062, 0.00, 0.000
23584,251594, 55.55, 55.27, 0.791, 0.849, 0.015832, 0.009137,1,1,0, 0.030841, 0.013285, 0.018425, 0.010009, 55.55, 0.791, 33.89, 0.073, 99.17, 0.042, 0.00, 0.000
23585,251605, 55.04, 55.17, 0.809, 0.862, 0.016392, 0.006434,1,1,0, 0.035170, 0.017571, 0.019139, 0.010669, 55.04, 0.809, 114.28, 0.028, 0.00, 0.000, 0.00, 0.000
23586,251616, 55.29, 55.22, 0.643, 0.734, 0.015021, 0.004509,1,1,0, 0.013757, 0.007299, 0.011136, 0.006010, 55.29, 0.643, 36.14, 0.062, 0.00, 0.000, 0.00, 0.000
23587,251626, 55.29, 55.25, 0.602, 0.683, 0.014288, 0.003159,1,1,0, 0.024980, 0.015920, 0.015448, 0.009933, 55.29, 0.602, 113.20, 0.093, 0.00, 0.000, 0.00, 0.000
23588,251637, 55.81, 55.49, 0.704, 0.776, 0.015824, 0.006177,1,1,0, 0.016613, 0.009994, 0.017875, 0.010253, 55.81, 0.704, 115.38, 0.109, 37.15, 0.016, 0.00, 0.000
23589,251648, 55.29, 55.41, 0.704, 0.786, 0.014500, 0.004328,1,1,0, 0.015904, 0.007531, 0.011737, 0.006336, 55.29, 0.704, 34.98, 0.310, 102.56, 0.017, 0.00, 0.000
23590,251658, 55.55, 55.47, 0.922, 0.943, 0.013903, 0.003033,1,1,0, 0.020508, 0.012160, 0.014755, 0.010384, 55.55, 0.922, 0.00, 0.000, 0.00, 0.000, 0.00, 0.000
23591,251669, 55.04, 55.29, 0.964, 0.974, 0.012946, 0.002125,1,1,0, 0.017513, 0.008572, 0.012718, 0.007338, 55.04, 0.964, 35.29, 0.147, 106.19, 0.075, 0.00, 0.000
23592,251680, 54.54, 54.97, 0.960, 0.971, 0.012272, 0.001984,1,1,0, 0.015386, 0.007683, 0.013369, 0.007182, 54.54, 0.960, 0.00, 0.000, 0.00, 0.000, 0.00, 0.000
23593,251690, 55.04, 55.00, 0.949, 0.963, 0.012827, 0.004653,1,1,0, 0.017994, 0.009449, 0.014348, 0.008483, 55.04, 0.949, 0.00, 0.000, 0.00, 0.000, 0.00, 0.000
23594,251701, 55.55, 55.23, 0.946, 0.961, 0.011872, 0.003260,1,1,0, 0.015391, 0.007977, 0.012316, 0.006448, 55.55, 0.946, 35.92, 0.292, 0.00, 0.000, 0.00, 0.000
23595,251712, 55.55, 55.37, 0.981, 0.986, 0.012521, 0.003748,1,1,0, 0.018225, 0.011855, 0.013863, 0.010140, 55.55, 0.981, 0.00, 0.000, 0.00, 0.000, 0.00, 0.000
23596,251722, 55.04, 55.23, 0.981, 0.986, 0.012100, 0.003580,1,1,0, 0.016664, 0.007544, 0.012997, 0.007282, 55.04, 0.981, 35.29, 0.036, 107.14, 0.021, 0.00, 0.000
23597,251733, 55.04, 55.15, 0.975, 0.982, 0.011434, 0.002509,1,1,0, 0.015142, 0.007718, 0.011889, 0.007361, 55.04, 0.975, 110.09, 0.046, 36.36, 0.011, 0.00, 0.000
23598,251744, 55.29, 55.21, 0.987, 0.991, 0.011821, 0.006217,1,1,0, 0.019377, 0.009498, 0.013627, 0.006954, 55.29, 0.987, 37.03, 0.073, 110.09, 0.062, 0.00, 0.000
23599,251754, 55.29, 55.25, 0.987, 0.991, 0.011184, 0.004357,1,1,0, 0.013000, 0.006265, 0.012410, 0.006954, 55.29, 0.987, 36.25, 0.209, 108.10, 0.124, 0.00, 0.000
23600,251765, 55.29, 55.27, 0.995, 0.996, 0.012393, 0.006021,1,1,0, 0.020706, 0.011272, 0.014267, 0.009533, 55.29, 0.995, 37.61, 0.091, 114.28, 0.015, 0.00, 0.000
23601,251776, 55.29, 55.28, 0.978, 0.984, 0.011451, 0.004219,1,1,0, 0.015115, 0.006461, 0.010729, 0.005725, 55.29, 0.978, 35.19, 0.136, 105.26, 0.008, 0.00, 0.000
23602,251786, 55.04, 55.18, 0.979, 0.985, 0.011209, 0.002957,1,1,0, 0.016479, 0.008848, 0.012119, 0.007770, 55.04, 0.979, 112.14, 0.082, 37.03, 0.013, 0.00, 0.000
23603,251797, 55.04, 55.12, 0.985, 0.989, 0.010738, 0.003109,1,1,0, 0.014158, 0.006699, 0.011767, 0.005671, 55.04, 0.985, 109.09, 0.142, 36.92, 0.071, 0.00, 0.000
23604,251808, 55.29, 55.19, 0.982, 0.987, 0.011255, 0.005078,1,1,0, 0.018587, 0.010075, 0.013336, 0.007743, 55.29, 0.982, 36.36, 0.219, 108.10, 0.197, 0.00, 0.000
23605,251818, 55.29, 55.24, 0.975, 0.982, 0.011659, 0.004700,1,1,0, 0.014940, 0.008541, 0.013244, 0.008232, 55.29, 0.975, 37.38, 0.193, 113.20, 0.110, 0.00, 0.000
23606,251829, 55.29, 55.26, 0.942, 0.958, 0.010813, 0.003294,1,1,0, 0.015531, 0.006490, 0.011823, 0.005975, 55.29, 0.942, 35.08, 0.323, 104.34, 0.061, 0.00, 0.000
23607,251840, 55.04, 55.17, 0.965, 0.975, 0.011380, 0.005067,1,1,0, 0.015316, 0.009652, 0.012790, 0.008133, 55.04, 0.965, 113.20, 0.072, 0.00, 0.000, 0.00, 0.000
23608,251850, 54.79, 55.01, 0.980, 0.985, 0.011027, 0.003551,1,1,0, 0.015149, 0.007260, 0.011983, 0.006184, 54.79, 0.980, 109.09, 0.154, 36.47, 0.087, 0.00, 0.000
23609,251861, 55.04, 55.02, 0.985, 0.989, 0.010983, 0.003778,1,1,0, 0.014898, 0.007024, 0.012561, 0.006975, 55.04, 0.985, 36.80, 0.201, 110.09, 0.136, 0.00, 0.000
23610,251872, 55.55, 55.24, 0.987, 0.991, 0.011020, 0.003961,1,1,0, 0.018554, 0.009355, 0.012379, 0.007306, 55.55, 0.987, 37.38, 0.079, 112.14, 0.056, 0.00, 0.000
23611,251882, 55.55, 55.37, 0.954, 0.967, 0.010726, 0.002776,1,1,0, 0.012213, 0.005962, 0.012393, 0.006219, 55.55, 0.954, 35.82, 0.368, 106.19, 0.059, 0.00, 0.000
23612,251893, 55.04, 55.23, 0.960, 0.971, 0.011890, 0.007032,1,1,0, 0.016687, 0.010416, 0.013637, 0.008459, 55.04, 0.960, 112.14, 0.036, 0.00, 0.000, 0.00, 0.000
23613,251904, 54.79, 55.05, 0.960, 0.971, 0.011410, 0.004928,1,1,0, 0.012873, 0.006369, 0.012292, 0.006057, 54.79, 0.960, 110.09, 0.129, 0.00, 0.000, 0.00, 0.000
23614,251914, 55.04, 55.04, 0.972, 0.979, 0.011102, 0.003453,1,1,0, 0.015445, 0.007633, 0.012357, 0.006846, 55.04, 0.972, 36.69, 0.252, 110.09, 0.190, 0.00, 0.000
23615,251925, 55.55, 55.26, 0.954, 0.967, 0.010392, 0.002420,1,1,0, 0.015835, 0.007600, 0.010991, 0.005854, 55.55, 0.954, 110.09, 0.086, 37.03, 0.000, 0.00, 0.000
23616,251936, 55.81, 55.49, 0.947, 0.962, 0.010488, 0.003943,1,1,0, 0.013856, 0.006804, 0.012408, 0.006646, 55.81, 0.947, 35.82, 0.409, 106.19, 0.127, 0.00, 0.000
23617,251946, 55.29, 55.41, 0.964, 0.974, 0.010630, 0.003119,1,1,0, 0.014225, 0.008409, 0.011435, 0.007425, 55.29, 0.964, 37.85, 0.092, 114.28, 0.044, 0.00, 0.000
23618,251957, 54.79, 55.15, 0.968, 0.977, 0.009788, 0.002185,1,1,0, 0.010052, 0.004943, 0.009245, 0.004749, 54.79, 0.968, 108.10, 0.122, 35.92, 0.029, 0.00, 0.000
23619,251968, 55.55, 55.32, 0.950, 0.964, 0.010448, 0.005828,1,1,0, 0.017911, 0.009750, 0.012156, 0.007420, 55.55, 0.950, 111.11, 0.168, 37.03, 0.140, 0.00, 0.000
23620,251978, 56.07, 55.63, 0.880, 0.913, 0.009946, 0.004084,1,1,0, 0.014223, 0.007184, 0.010444, 0.006418, 56.07, 0.880, 0.00, 0.000, 0.00, 0.000, 0.00, 0.000
23621,251989, 56.07, 55.82, 0.817, 0.868, 0.009144, 0.002862,1,1,0, 0.007015, 0.004169, 0.007080, 0.004178, 56.07, 0.817, 37.38, 0.186, 0.00, 0.000, 0.00, 0.000
23622,252000, 56.33, 56.03, 0.921, 0.943, 0.008566, 0.002005,1,1,0, 0.010392, 0.006195, 0.006697, 0.004747, 56.33, 0.921, 0.00, 0.000, 0.00, 0.000, 0.00, 0.000
23623,252010, 56.60, 56.27, 0.894, 0.924, 0.007751, 0.001405,1,1,0, 0.005250, 0.003026, 0.004504, 0.002339, 56.60, 0.894, 0.00, 0.000, 0.00, 0.000, 0.00, 0.000
23624,252021, 55.55, 55.97, 0.892, 0.922, 0.006986, 0.000985,1,1,0, 0.004740, 0.001981, 0.003057, 0.001890, 55.55, 0.892, 0.00, 0.000, 0.00, 0.000, 0.00, 0.000
23625,252032, 30.15, 56.81, 0.914, 0.815, 0.006429, 0.000690,1,1,0, 0.005591, 0.003314, 0.004774, 0.002917, 30.15, 0.914, 57.97, 0.744, 0.00, 0.000, 0.00, 0.000
23626,252042, 58.82, 57.65, 0.731, 0.801, 0.005849, 0.000483,1,1,0, 0.007188, 0.005331, 0.004259, 0.002277, 58.82, 0.731, 0.00, 0.000, 0.00, 0.000, 0.00, 0.000
23627,252053, 46.15, 57.65, 0.414, 0.721, 0.005294, 0.000339,1,1,0, 0.002513, 0.001016, 0.002800, 0.001627, 46.15, 0.414, 54.79, 0.359, 0.00, 0.000, 0.00, 0.000
23628,252064, 38.33, 49.54, 0.737, 0.737, 0.004742, 0.000237,1,1,0, 0.003985, 0.002920, 0.001770, 0.001018, 38.33, 0.737, 44.77, 0.653, 0.00, 0.000, 0.00, 0.000
23629,252074, 40.67, 45.81, 0.753, 0.753, 0.004426, 0.000166,1,1,0, 0.004779, 0.002952, 0.003078, 0.002290, 40.67, 0.753, 0.00, 0.000, 0.00, 0.000, 0.00, 0.000
23630,252085, 31.91, 39.97, 0.936, 0.936, 0.004103, 0.000116,1,1,0, 0.009289, 0.006946, 0.004030, 0.002222, 31.91, 0.936, 36.47, 0.637, 44.11, 0.395, 120.00, 0.132
23631,252096, 30.00, 35.78, 0.778, 0.778, 0.003838, 0.000081,1,1,0, 0.004673, 0.002991, 0.003232, 0.002141, 30.00, 0.778, 0.00, 0.000, 0.00, 0.000, 0.00, 0.000
23632,252106, 400.00, 188.75, 0.831, 0.831, 0.003470, 0.000057,1,1,0, 0.002521, 0.001688, 0.002935, 0.001227, 400.00, 0.831, 0.00, 0.000, 0.00, 0.000, 0.00, 0.000
23633,252117, 32.69, 123.21, 0.652, 0.652, 0.003445, 0.000912,1,1,0, 0.006021, 0.003492, 0.003672, 0.002306, 32.69, 0.652, 45.62, 0.183, 104.34, 0.015, 0.00, 0.000
23634,252128, 33.70, 85.62, 0.975, 0.978, 0.005459, 0.004143,1,1,0, 0.015567, 0.011347, 0.006197, 0.003817, 33.70, 0.975, 113.20, 0.503, 0.00, 0.000, 0.00, 0.000
23635,252138, 40.00, 66.45, 0.708, 0.708, 0.006818, 0.002910,1,1,0, 0.012656, 0.005190, 0.007683, 0.004808, 40.00, 0.708, 0.00, 0.000, 0.00, 0.000, 0.00, 0.000
23636,252149, 31.16, 51.63, 0.669, 0.669, 0.018651, 0.022285,1,1,0, 0.023670, 0.013997, 0.024212, 0.013024, 31.16, 0.669, 111.11, 0.403, 44.60, 0.368, 0.00, 0.000
23637,252160, 88.88, 77.71, 0.831, 0.836, 0.215259, 0.314894,1,1,1, 0.348212, 0.187353, 0.247725, 0.162353, 88.88, 0.831, 48.97, 0.480, 0.00, 0.000, 0.00, 0.000
23638,252170, 48.19, 57.04, 0.514, 0.535, 0.249798, 0.643000,1,1,0, 0.376992, 0.166627, 0.433699, 0.119268, 48.19, 0.514, 33.05, 0.331, 98.36, 0.225, 0.00, 0.000
23639,252181, 53.33, 54.44, 0.760, 0.805, 0.355036, 0.478381,1,1,0, 0.489695, 0.223097, 0.494893, 0.218303, 53.33, 0.760, 32.25, 0.477, 96.77, 0.123, 0.00, 0.000
23640,252192, 54.54, 54.51, 0.887, 0.919, 0.397490, 0.335240,1,1,0, 0.453006, 0.260369, 0.463007, 0.226145, 54.54, 0.887, 36.03, 0.140, 106.19, 0.063, 0.00, 0.000
23641,252202, 55.29, 55.06, 0.991, 0.994, 0.357093, 0.234929,1,1,0, 0.183467, 0.076773, 0.161936, 0.089037, 55.29, 0.991, 112.14, 0.042, 37.26, 0.026, 0.00, 0.000
23642,252213, 55.29, 55.22, 0.998, 0.998, 0.393976, 0.247737,1,1,0, 0.467041, 0.259600, 0.468803, 0.235718, 55.29, 0.998, 113.20, 0.072, 37.15, 0.064, 0.00, 0.000
23643,252224, 55.29, 55.27, 0.998, 0.998, 0.354735, 0.173609,1,1,0, 0.314964, 0.148035, 0.205877, 0.098110, 55.29, 0.998, 35.50, 0.323, 105.26, 0.142, 0.00, 0.000
23644,252234, 55.29, 55.29, 0.999, 0.999, 0.383387, 0.216112,1,1,0, 0.475834, 0.226952, 0.471670, 0.225414, 55.29, 0.999, 35.71, 0.185, 106.19, 0.107, 0.00, 0.000
23645,252245, 55.29, 55.29, 0.999, 0.999, 0.401258, 0.244811,1,1,0, 0.478247, 0.250756, 0.456261, 0.217927, 55.29, 0.999, 111.11, 0.083, 36.80, 0.079, 0.00, 0.000
23646,252256, 55.29, 55.29, 0.996, 0.997, 0.361631, 0.171559,1,1,0, 0.324730, 0.089644, 0.199272, 0.102228, 55.29, 0.996, 112.14, 0.058, 37.26, 0.008, 0.00, 0.000
23647,252266, 55.29, 55.29, 0.997, 0.998, 0.388616, 0.234929,1,1,0, 0.449748, 0.257657, 0.457903, 0.230229, 55.29, 0.997, 113.20, 0.074, 37.26, 0.022, 0.00, 0.000
23648,252277, 55.29, 55.29, 0.998, 0.999, 0.351019, 0.164634,1,1,0, 0.318419, 0.150286, 0.211916, 0.109709, 55.29, 0.998, 35.19, 0.324, 104.34, 0.152, 0.00, 0.000
23649,252288, 55.29, 55.29, 0.999, 0.999, 0.377245, 0.213468,1,1,0, 0.447557, 0.224483, 0.456925, 0.223641, 55.29, 0.999, 36.47, 0.243, 109.09, 0.157, 0.00, 0.000
23650,252298, 55.29, 55.29, 0.999, 0.999, 0.396197, 0.257923,1,1,0, 0.450812, 0.220247, 0.447981, 0.197441, 55.29, 0.999, 36.58, 0.132, 110.09, 0.122, 0.00, 0.000
23651,252309, 55.29, 55.29, 0.999, 0.999, 0.359349, 0.180747,1,1,0, 0.442609, 0.143795, 0.385665, 0.132774, 55.29, 0.999, 111.11, 0.102, 37.03, 0.085, 0.00, 0.000
23652,252320, 55.29, 55.29, 0.999, 0.999, 0.381167, 0.223420,1,1,0, 0.449459, 0.252304, 0.438321, 0.219293, 55.29, 0.999, 111.11, 0.076, 36.92, 0.022, 0.00, 0.000
23653,252330, 55.29, 55.29, 0.999, 0.999, 0.344553, 0.156568,1,1,0, 0.292801, 0.115880, 0.207371, 0.109817, 55.29, 0.999, 34.88, 0.218, 103.44, 0.134, 0.00, 0.000
23654,252341, 55.29, 55.29, 0.999, 0.999, 0.369939, 0.198328,1,1,0, 0.450176, 0.238784, 0.435193, 0.224442, 55.29, 0.999, 37.15, 0.307, 113.20, 0.192, 0.00, 0.000
23655,252352, 55.29, 55.29, 0.999, 0.999, 0.363255, 0.232109,1,1,0, 0.409006, 0.178270, 0.428130, 0.154661, 55.29, 0.999, 35.92, 0.196, 107.14, 0.147, 0.00, 0.000
23656,252362, 55.29, 55.29, 0.999, 0.999, 0.354138, 0.162657,1,1,0, 0.441611, 0.193601, 0.429481, 0.181098, 55.29, 0.999, 36.80, 0.130, 111.11, 0.130, 0.00, 0.000
23657,252373, 55.29, 55.29, 0.999, 0.999, 0.374972, 0.204438,1,1,0, 0.440400, 0.246889, 0.424163, 0.212578, 55.29, 0.999, 111.11, 0.105, 36.80, 0.068, 0.00, 0.000
23658,252384, 55.29, 55.29, 0.999, 0.999, 0.339112, 0.143266,1,1,0, 0.243546, 0.093213, 0.173448, 0.105393, 55.29, 0.999, 107.14, 0.100, 34.88, 0.088, 0.00, 0.000
23659,252394, 55.29, 55.29, 0.999, 0.999, 0.364536, 0.185944,1,1,0, 0.442479, 0.245421, 0.422489, 0.223958, 55.29, 0.999, 37.50, 0.257, 114.28, 0.190, 0.00, 0.000
23660,252405, 55.29, 55.29, 0.999, 0.999, 0.330944, 0.130305,1,1,0, 0.291805, 0.149207, 0.294329, 0.116499, 55.29, 0.999, 35.50, 0.386, 105.26, 0.207, 0.00, 0.000
23661,252416, 55.29, 55.29, 0.999, 0.999, 0.349843, 0.153527,1,1,0, 0.442205, 0.218899, 0.415965, 0.210826, 55.29, 0.999, 110.09, 0.146, 36.69, 0.141, 0.00, 0.000
23662,252426, 55.29, 55.29, 0.999, 0.999, 0.368263, 0.185336,1,1,0, 0.437330, 0.239021, 0.410475, 0.207126, 55.29, 0.999, 110.09, 0.146, 36.69, 0.135, 0.00, 0.000
23663,252437, 55.29, 55.29, 0.999, 0.999, 0.333226, 0.129879,1,1,0, 0.184573, 0.091177, 0.185474, 0.106048, 55.29, 0.999, 111.11, 0.109, 37.03, 0.051, 0.00, 0.000
23664,252448, 55.29, 55.29, 0.999, 0.999, 0.354265, 0.169489,1,1,0, 0.433437, 0.241012, 0.408831, 0.213881, 55.29, 0.999, 113.20, 0.149, 37.38, 0.145, 0.00, 0.000
23665,252458, 55.29, 55.29, 0.999, 0.999, 0.322965, 0.118774,1,1,0, 0.287166, 0.151987, 0.191344, 0.121856, 55.29, 0.999, 35.29, 0.518, 103.44, 0.254, 0.00, 0.000
23666,252469, 55.29, 55.29, 0.999, 0.999, 0.342189, 0.153175,1,1,0, 0.426528, 0.219528, 0.404584, 0.213544, 55.29, 0.999, 36.69, 0.188, 110.09, 0.171, 0.00, 0.000
23667,252480, 55.29, 55.29, 0.999, 0.999, 0.357536, 0.190312,1,1,0, 0.420456, 0.218481, 0.395762, 0.195630, 55.29, 0.999, 110.09, 0.165, 36.58, 0.163, 0.00, 0.000
23668,252490, 55.29, 55.29, 0.999, 0.999, 0.326075, 0.133367,1,1,0, 0.337710, 0.127248, 0.252081, 0.121864, 55.29, 0.999, 111.11, 0.150, 37.03, 0.121, 0.00, 0.000
23669,252501, 55.29, 55.29, 0.999, 0.999, 0.344185, 0.167641,1,1,0, 0.421384, 0.232173, 0.393681, 0.201562, 55.29, 0.999, 113.20, 0.124, 37.26, 0.068, 0.00, 0.000
23670,252512, 55.29, 55.29, 0.999, 0.999, 0.315460, 0.117479,1,1,0, 0.281518, 0.144549, 0.204759, 0.130478, 55.29, 0.999, 34.88, 0.476, 102.56, 0.242, 0.00, 0.000
23671,252522, 55.29, 55.29, 0.999, 0.999, 0.333382, 0.146861,1,1,0, 0.410614, 0.221483, 0.389915, 0.210294, 55.29, 0.999, 37.03, 0.330, 112.14, 0.229, 0.00, 0.000
23672,252533, 55.29, 55.29, 0.999, 0.999, 0.342760, 0.190366,1,1,0, 0.407651, 0.185767, 0.385027, 0.169002, 55.29, 0.999, 35.92, 0.180, 108.10, 0.170, 0.00, 0.000
23673,252544, 55.29, 55.29, 0.999, 0.999, 0.318732, 0.133404,1,1,0, 0.409101, 0.172989, 0.369306, 0.155918, 55.29, 0.999, 112.14, 0.179, 37.03, 0.167, 0.00, 0.000
23674,252554, 55.29, 55.29, 0.999, 0.999, 0.333816, 0.166725,1,1,0, 0.410465, 0.224963, 0.377292, 0.192428, 55.29, 0.999, 112.14, 0.142, 37.03, 0.094, 0.00, 0.000
23675,252565, 55.29, 55.29, 0.999, 0.999, 0.306325, 0.116838,1,1,0, 0.238279, 0.124915, 0.215466, 0.129172, 55.29, 0.999, 34.68, 0.316, 102.56, 0.187, 0.00, 0.000
23676,252576, 55.29, 55.29, 0.999, 0.999, 0.322946, 0.136199,1,1,0, 0.406038, 0.223501, 0.371344, 0.205214, 55.29, 0.999, 37.50, 0.416, 114.28, 0.276, 0.00, 0.000
23677,252586, 55.29, 55.29, 0.999, 0.999, 0.302882, 0.127710,1,1,0, 0.317047, 0.156536, 0.339406, 0.138518, 55.29, 0.999, 35.29, 0.322, 104.34, 0.214, 0.00, 0.000
23678,252597, 55.29, 55.29, 0.999, 0.999, 0.309213, 0.118098,1,1,0, 0.399570, 0.205639, 0.366827, 0.186966, 55.29, 0.999, 111.11, 0.186, 37.03, 0.169, 0.00, 0.000
23679,252608, 55.29, 55.29, 0.999, 0.999, 0.323177, 0.163318,1,1,0, 0.390739, 0.214935, 0.366049, 0.186366, 55.29, 0.999, 110.09, 0.182, 36.80, 0.165, 0.00, 0.000
23680,252618, 55.29, 55.29, 0.999, 0.999, 0.296674, 0.114450,1,1,0, 0.232104, 0.122454, 0.223377, 0.129292, 55.29, 0.999, 108.10, 0.143, 34.88, 0.131, 0.00, 0.000
23681,252629, 55.29, 55.29, 0.999, 0.999, 0.310398, 0.142321,1,1,0, 0.388111, 0.215849, 0.359946, 0.192340, 55.29, 0.999, 37.50, 0.315, 114.28, 0.243, 0.00, 0.000
23682,252640, 55.29, 55.29, 0.999, 0.999, 0.286071, 0.099735,1,1,0, 0.265656, 0.153848, 0.230256, 0.132762, 55.29, 0.999, 35.19, 0.535, 103.44, 0.290, 0.00, 0.000
23683,252650, 55.29, 55.29, 0.999, 0.999, 0.298919, 0.123832,1,1,0, 0.380228, 0.214810, 0.352262, 0.199206, 55.29, 0.999, 111.11, 0.185, 37.03, 0.156, 0.00, 0.000
23684,252661, 55.29, 55.29, 0.999, 0.999, 0.311405, 0.161875,1,1,0, 0.376795, 0.200539, 0.349575, 0.179219, 55.29, 0.999, 110.09, 0.204, 36.58, 0.198, 0.00, 0.000
23685,252672, 55.29, 55.29, 0.999, 0.999, 0.287129, 0.113439,1,1,0, 0.243108, 0.137340, 0.238567, 0.135755, 55.29, 0.999, 111.11, 0.171, 37.03, 0.134, 0.00, 0.000
23686,252682, 55.29, 55.29, 0.999, 0.999, 0.296104, 0.138017,1,1,0, 0.370111, 0.202463, 0.342435, 0.173818, 55.29, 0.999, 113.20, 0.178, 37.38, 0.155, 0.00, 0.000
23687,252693, 55.29, 55.29, 0.999, 0.999, 0.275321, 0.096719,1,1,0, 0.251944, 0.160415, 0.243011, 0.146927, 55.29, 0.999, 35.19, 0.610, 103.44, 0.326, 0.00, 0.000
23688,252704, 55.29, 55.29, 0.999, 0.999, 0.287864, 0.126322,1,1,0, 0.361949, 0.211422, 0.337153, 0.196208, 55.29, 0.999, 37.03, 0.234, 112.14, 0.224, 0.00, 0.000
23689,252714, 55.29, 55.29, 0.999, 0.999, 0.296945, 0.159247,1,1,0, 0.356426, 0.178116, 0.332534, 0.164545, 55.29, 0.999, 109.09, 0.204, 36.47, 0.193, 0.00, 0.000
23690,252725, 55.29, 55.29, 0.999, 0.999, 0.275998, 0.111597,1,1,0, 0.313739, 0.163526, 0.249838, 0.148958, 55.29, 0.999, 111.11, 0.211, 37.03, 0.204, 0.00, 0.000
23691,252736, 55.29, 55.29, 0.999, 0.999, 0.282551, 0.134324,1,1,0, 0.349402, 0.193360, 0.324466, 0.162602, 55.29, 0.999, 112.14, 0.164, 37.26, 0.102, 0.00, 0.000
23692,252746, 55.29, 55.29, 0.999, 0.999, 0.263739, 0.094132,1,1,0, 0.270756, 0.152363, 0.252507, 0.150118, 55.29, 0.999, 34.98, 0.521, 102.56, 0.286, 0.00, 0.000
23693,252757, 55.29, 55.29, 0.999, 0.999, 0.274229, 0.119026,1,1,0, 0.341558, 0.206310, 0.318232, 0.189068, 55.29, 0.999, 37.38, 0.402, 113.20, 0.296, 0.00, 0.000
23694,252768, 55.29, 55.29, 0.999, 0.999, 0.273724, 0.153418,1,1,0, 0.332547, 0.157539, 0.313582, 0.145557, 55.29, 0.999, 35.60, 0.224, 107.14, 0.207, 0.00, 0.000
23695,252778, 55.29, 55.29, 0.999, 0.999, 0.263372, 0.107512,1,1,0, 0.334756, 0.189968, 0.312179, 0.167774, 55.29, 0.999, 112.14, 0.222, 37.15, 0.217, 0.00, 0.000
23696,252789, 55.29, 55.29, 0.999, 0.999, 0.269114, 0.126728,1,1,0, 0.329473, 0.185876, 0.304731, 0.158882, 55.29, 0.999, 111.11, 0.198, 37.03, 0.166, 0.00, 0.000
23697,252800, 55.29, 55.29, 0.999, 0.999, 0.251310, 0.088808,1,1,0, 0.284837, 0.146469, 0.260068, 0.149028, 55.29, 0.999, 34.78, 0.310, 104.34, 0.211, 0.00, 0.000
23698,252810, 55.29, 55.29, 0.999, 0.999, 0.259330, 0.106449,1,1,0, 0.323130, 0.193005, 0.296340, 0.173453, 55.29, 0.999, 37.50, 0.462, 114.28, 0.325, 0.00, 0.000
23699,252821, 55.29, 55.29, 0.999, 0.999, 0.243576, 0.074597,1,1,0, 0.296116, 0.154408, 0.266228, 0.139931, 55.29, 0.999, 35.19, 0.404, 104.34, 0.266, 0.00, 0.000
23700,252832, 55.29, 55.29, 0.999, 0.999, 0.255606, 0.091544,1,1,0, 0.316312, 0.206367, 0.292258, 0.181978, 55.29, 0.999, 112.14, 0.213, 37.15, 0.189, 0.00, 0.000
23701,252842, 55.29, 55.29, 0.999, 0.999, 0.256989, 0.105757,1,1,0, 0.309772, 0.174205, 0.284914, 0.155429, 55.29, 0.999, 110.09, 0.230, 36.69, 0.225, 0.00, 0.000
23702,252853, 55.29, 55.29, 0.999, 0.999, 0.249621, 0.074112,1,1,0, 0.298141, 0.155123, 0.275151, 0.153263, 55.29, 0.999, 110.09, 0.184, 36.03, 0.141, 0.00, 0.000
23703,252864, 55.29, 55.29, 0.999, 0.999, 0.246087, 0.077707,1,1,0, 0.301724, 0.173661, 0.276273, 0.149321, 55.29, 0.999, 37.38, 0.319, 114.28, 0.264, 0.00, 0.000
23704,252874, 55.29, 55.29, 0.999, 0.999, 0.243991, 0.062343,1,1,0, 0.303983, 0.165133, 0.279725, 0.153278, 55.29, 0.999, 35.29, 0.563, 103.44, 0.329, 0.00, 0.000
23705,252885, 55.29, 55.29, 0.999, 0.999, 0.258277, 0.088286,1,1,0, 0.306178, 0.208006, 0.280861, 0.183821, 55.29, 0.999, 112.14, 0.207, 37.15, 0.175, 0.00, 0.000
23706,252896, 55.29, 55.29, 0.999, 0.999, 0.248459, 0.061869,1,1,0, 0.291499, 0.156426, 0.262758, 0.147137, 55.29, 0.999, 109.09, 0.228, 36.58, 0.221, 0.00, 0.000
23707,252906, 55.29, 55.29, 0.999, 0.999, 0.253338, 0.090233,1,1,0, 0.310042, 0.170131, 0.283461, 0.159447, 55.29, 0.999, 112.14, 0.220, 37.15, 0.202, 0.00, 0.000
23708,252917, 55.29, 55.29, 0.999, 0.999, 0.237447, 0.063234,1,1,0, 0.278992, 0.157639, 0.254787, 0.128571, 55.29, 0.999, 112.14, 0.205, 37.15, 0.162, 0.00, 0.000
23709,252928, 55.29, 55.29, 0.999, 0.999, 0.246309, 0.086986,1,1,0, 0.314899, 0.170415, 0.284281, 0.164907, 55.29, 0.999, 35.29, 0.602, 104.34, 0.348, 0.00, 0.000
23710,252938, 55.29, 55.29, 0.999, 0.999, 0.262993, 0.123899,1,1,0, 0.319472, 0.201531, 0.288994, 0.178462, 55.29, 0.999, 37.15, 0.270, 112.14, 0.254, 0.00, 0.000
23711,252949, 55.29, 55.29, 0.999, 0.999, 0.244931, 0.086826,1,1,0, 0.267397, 0.140875, 0.242877, 0.135662, 55.29, 0.999, 109.09, 0.212, 36.36, 0.196, 0.00, 0.000
23712,252960, 55.29, 55.29, 0.999, 0.999, 0.256389, 0.108661,1,1,0, 0.322373, 0.183022, 0.287756, 0.163059, 55.29, 0.999, 37.03, 0.242, 111.11, 0.237, 0.00, 0.000
23713,252970, 55.29, 55.29, 0.999, 0.999, 0.237268, 0.076147,1,1,0, 0.262964, 0.153063, 0.236277, 0.124947, 55.29, 0.999, 111.11, 0.200, 36.92, 0.146, 0.00, 0.000
23714,252981, 55.29, 55.29, 0.999, 0.999, 0.252001, 0.103680,1,1,0, 0.327488, 0.167111, 0.290169, 0.165808, 55.29, 0.999, 35.19, 0.472, 104.34, 0.287, 0.00, 0.000
23715,252992, 55.29, 55.29, 0.975, 0.982, 0.232334, 0.072657,1,1,0, 0.199450, 0.123408, 0.191338, 0.113134, 55.29, 0.975, 37.61, 0.428, 114.28, 0.299, 0.00, 0.000
23716,253002, 56.07, 55.62, 0.949, 0.963, 0.210981, 0.050916,1,1,0, 0.170511, 0.080719, 0.140525, 0.072279, 56.07, 0.949, 107.14, 0.211, 36.03, 0.077, 0.00, 0.000
23717,253013, 56.87, 56.14, 0.955, 0.967, 0.189896, 0.035681,1,1,0, 0.142764, 0.059145, 0.100455, 0.053057, 56.87, 0.955, 121.21, 0.252, 39.21, 0.182, 0.00, 0.000
23718,253024, 30.45, 57.15, 0.877, 0.901, 0.169167, 0.025004,1,1,0, 0.047417, 0.028706, 0.046462, 0.027629, 30.45, 0.877, 58.53, 0.863, 107.14, 0.012, 0.00, 0.000
23719,253034, 60.91, 58.73, 0.694, 0.759, 0.150790, 0.017522,1,1,0, 0.042869, 0.030184, 0.047954, 0.024682, 60.91, 0.694, 31.83, 0.480, 45.62, 0.211, 0.00, 0.000
23720,253045, 61.53, 59.91, 0.820, 0.870, 0.133538, 0.012279,1,1,0, 0.041014, 0.017900, 0.040490, 0.014951, 61.53, 0.820, 0.00, 0.000, 0.00, 0.000, 0.00, 0.000
23721,253056, 60.30, 60.07, 0.843, 0.887, 0.118436, 0.008605,1,1,0, 0.026340, 0.016795, 0.019773, 0.013454, 60.30, 0.843, 0.00, 0.000, 0.00, 0.000, 0.00, 0.000
23722,253066, 55.55, 58.17, 0.830, 0.871, 0.105079, 0.006030,1,1,0, 0.023967, 0.015559, 0.019445, 0.012283, 55.55, 0.830, 0.00, 0.000, 0.00, 0.000, 0.00, 0.000
23723,253077, 48.78, 54.23, 0.861, 0.861, 0.092997, 0.004226,1,1,0, 0.019926, 0.011153, 0.016319, 0.009695, 48.78, 0.861, 0.00, 0.000, 0.00, 0.000, 0.00, 0.000
23724,253088, 52.17, 53.36, 0.725, 0.787, 0.082398, 0.002961,1,1,0, 0.019840, 0.011813, 0.012917, 0.008953, 52.17, 0.725, 0.00, 0.000, 0.00, 0.000, 0.00, 0.000
23725,253098, 57.97, 55.30, 0.885, 0.917, 0.073421, 0.002075,1,1,0, 0.018957, 0.012490, 0.015462, 0.011185, 57.97, 0.885, 0.00, 0.000, 0.00, 0.000, 0.00, 0.000
23726,253109, 30.45, 57.65, 0.979, 0.933, 0.065086, 0.001454,1,1,0, 0.017277, 0.010931, 0.011093, 0.007577, 30.45, 0.979, 60.91, 0.907, 0.00, 0.000, 0.00, 0.000
23727,253120, 30.15, 59.02, 0.968, 0.959, 0.057638, 0.001019,1,1,0, 0.011188, 0.006743, 0.010838, 0.006817, 30.15, 0.968, 60.91, 0.943, 0.00, 0.000, 0.00, 0.000
23728,253130, 30.92, 47.22, 0.960, 0.971, 0.051024, 0.000714,1,1,0, 0.009330, 0.005260, 0.007854, 0.004876, 30.92, 0.960, 60.60, 0.917, 0.00, 0.000, 0.00, 0.000
23729,253141, 58.53, 51.97, 0.828, 0.837, 0.044916, 0.000500,1,1,0, 0.008199, 0.004579, 0.005956, 0.002608, 58.53, 0.828, 0.00, 0.000, 0.00, 0.000, 0.00, 0.000
23730,253152, 55.81, 53.58, 0.654, 0.706, 0.039575, 0.000350,1,1,0, 0.006870, 0.003586, 0.004785, 0.002476, 55.81, 0.654, 64.17, 0.617, 0.00, 0.000, 0.00, 0.000
23731,253162, 53.57, 53.58, 0.741, 0.813, 0.034919, 0.000245,1,1,0, 0.006297, 0.003196, 0.005292, 0.002779, 53.57, 0.741, 48.78, 0.727, 0.00, 0.000, 0.00, 0.000
23732,253173, 48.00, 51.23, 0.722, 0.747, 0.030881, 0.000172,1,1,0, 0.006741, 0.003562, 0.005798, 0.002998, 48.00, 0.722, 68.18, 0.102, 0.00, 0.000, 0.00, 0.000
23733,253184, 30.61, 49.55, 0.619, 0.533, 0.027157, 0.000120,1,1,0, 0.004916, 0.002148, 0.002690, 0.001208, 30.61, 0.619, 47.24, 0.494, 69.36, 0.075, 0.00, 0.000
23734,253194, 30.45, 41.53, 0.888, 0.891, 0.024040, 0.000084,1,1,0, 0.006126, 0.003037, 0.004821, 0.002534, 30.45, 0.888, 35.29, 0.597, 146.34, 0.133, 70.17, 0.109
23735,253205, 72.28, 41.53, 0.238, 0.802, 0.021286, 0.000059,1,1,0, 0.007164, 0.004700, 0.003655, 0.002124, 72.28, 0.238, 141.17, 0.112, 0.00, 0.000, 0.00, 0.000
23736,253216, 31.00, 41.53, 0.360, 0.722, 0.018730, 0.000041,1,1,0, 0.004637, 0.002642, 0.002353, 0.000965, 31.00, 0.360, 142.85, 0.299, 47.24, 0.266, 292.68, 0.247
23737,253226, 146.34, 41.53, 0.433, 0.650, 0.016603, 0.000029,1,1,0, 0.004581, 0.002111, 0.004132, 0.002072, 146.34, 0.433, 266.66, 0.288, 72.28, 0.205, 47.61, 0.174
23738,253237, 71.85, 41.53, 0.429, 0.585, 0.014631, 0.000020,1,1,0, 0.004910, 0.002444, 0.002881, 0.001108, 71.85, 0.429, 139.53, 0.359, 47.05, 0.197, 54.05, 0.174
23739,253248, 142.85, 84.09, 0.607, 0.622, 0.012987, 0.000014,1,1,0, 0.003622, 0.001882, 0.004412, 0.001920, 142.85, 0.607, 30.30, 0.413, 72.28, 0.367, 47.61, 0.139
23740,253258, 141.17, 108.06, 0.497, 0.512, 0.011524, 0.000010,1,1,0, 0.004033, 0.002137, 0.003445, 0.001552, 141.17, 0.497, 73.17, 0.408, 30.37, 0.383, 36.80, 0.173
23741,253269, 142.85, 108.06, 0.394, 0.461, 0.010207, 0.000007,1,1,0, 0.003442, 0.001569, 0.002486, 0.001211, 142.85, 0.394, 36.80, 0.369, 72.72, 0.305, 0.00, 0.000
23742,253280, 30.07, 75.31, 0.790, 0.790, 0.009066, 0.000004,1,1,0, 0.003910, 0.001522, 0.002532, 0.001279, 30.07, 0.790, 144.57, 0.473, 37.26, 0.349, 73.61, 0.258
23743,253290, 35.82, 58.72, 0.505, 0.518, 0.008098, 0.000003,1,1,0, 0.003424, 0.001853, 0.002542, 0.001507, 35.82, 0.505, 30.84, 0.451, 146.34, 0.344, 72.28, 0.212
23744,253301, 142.85, 58.72, 0.424, 0.466, 0.007274, 0.000002,1,1,0, 0.003357, 0.002012, 0.003270, 0.001747, 142.85, 0.424, 36.92, 0.331, 73.61, 0.282, 48.00, 0.240
23745,253312, 73.17, 64.79, 0.564, 0.581, 0.006493, 0.000001,1,1,0, 0.005897, 0.002751, 0.003296, 0.001306, 73.17, 0.564, 139.53, 0.398, 47.61, 0.336, 37.03, 0.235
23746,253322, 75.00, 69.07, 0.607, 0.627, 0.005797, 0.000001,1,1,0, 0.005044, 0.002783, 0.002381, 0.001086, 75.00, 0.607, 37.50, 0.517, 151.89, 0.215, 0.00, 0.000
23747,253333, 30.07, 55.71, 0.703, 0.617, 0.005268, 0.000000,1,1,0, 0.008310, 0.004878, 0.003496, 0.001808, 30.07, 0.703, 37.26, 0.602, 72.72, 0.512, 50.84, 0.315
23748,253344, 47.61, 52.31, 0.642, 0.642, 0.005832, 0.003056,1,1,0, 0.008913, 0.004735, 0.006557, 0.004044, 47.61, 0.642, 230.76, 0.333, 0.00, 0.000, 0.00, 0.000
23749,253354, 37.50, 52.31, 0.454, 0.578, 0.005543, 0.002141,1,1,0, 0.014151, 0.010513, 0.005567, 0.003882, 37.50, 0.454, 45.62, 0.289, 0.00, 0.000, 0.00, 0.000
23750,253365, 30.92, 43.33, 0.794, 0.794, 0.005290, 0.001500,1,1,0, 0.006934, 0.003562, 0.005490, 0.003421, 30.92, 0.794, 0.00, 0.000, 0.00, 0.000, 0.00, 0.000
23751,253376, 30.00, 37.73, 0.868, 0.871, 0.004810, 0.001051,1,1,0, 0.005636, 0.002205, 0.005460, 0.001954, 30.00, 0.868, 0.00, 0.000, 0.00, 0.000, 0.00, 0.000
23752,253386, 35.71, 36.88, 0.772, 0.825, 0.004499, 0.000737,1,1,0, 0.007015, 0.003131, 0.004617, 0.002426, 35.71, 0.772, 0.00, 0.000, 0.00, 0.000, 0.00, 0.000
23753,253397, 37.03, 36.94, 0.952, 0.965, 0.004175, 0.000516,1,1,0, 0.010342, 0.007269, 0.004385, 0.002408, 37.03, 0.952, 30.15, 0.796, 210.52, 0.521, 0.00, 0.000
23754,253408, 37.26, 37.08, 0.885, 0.917, 0.003901, 0.000361,1,1,0, 0.006797, 0.003174, 0.004119, 0.002234, 37.26, 0.885, 45.80, 0.044, 0.00, 0.000, 0.00, 0.000
23755,253418, 79.47, 37.08, 0.064, 0.825, 0.003992, 0.001348,1,1,0, 0.007806, 0.005156, 0.004523, 0.003009, 79.47, 0.064, 0.00, 0.000, 0.00, 0.000, 0.00, 0.000
23756,253429, 30.15, 34.17, 0.786, 0.786, 0.003692, 0.000945,1,1,0, 0.004780, 0.002720, 0.003297, 0.001863, 30.15, 0.786, 210.52, 0.500, 0.00, 0.000, 0.00, 0.000
23757,253440, 148.14, 82.04, 0.473, 0.474, 0.003335, 0.000662,1,1,0, 0.004421, 0.002440, 0.002440, 0.001114, 148.14, 0.473, 34.09, 0.173, 31.74, 0.163, 73.61, 0.104
23758,253450, 36.03, 62.71, 0.605, 0.605, 0.003550, 0.001778,1,1,0, 0.008246, 0.005065, 0.004187, 0.002227, 36.03, 0.605, 30.45, 0.476, 46.15, 0.253, 0.00, 0.000
23759,253461, 37.15, 51.98, 0.492, 0.496, 0.004940, 0.003450,1,1,0, 0.010502, 0.005826, 0.005675, 0.003935, 37.15, 0.492, 44.44, 0.045, 0.00, 0.000, 0.00, 0.000
23760,253472, 37.61, 51.98, 0.314, 0.446, 0.004505, 0.002417,1,1,0, 0.008861, 0.004871, 0.003328, 0.001659, 37.61, 0.314, 31.00, 0.268, 0.00, 0.000, 0.00, 0.000
23761,253482, 36.58, 45.51, 0.911, 0.920, 0.004109, 0.001694,1,1,0, 0.007834, 0.004904, 0.002782, 0.001611, 36.58, 0.911, 44.11, 0.415, 0.00, 0.000, 0.00, 0.000
23762,253493, 45.62, 45.56, 0.600, 0.690, 0.003774, 0.001187,1,1,0, 0.006876, 0.003810, 0.002462, 0.001554, 45.62, 0.600, 37.61, 0.422, 0.00, 0.000, 0.00, 0.000
23763,253504, 36.25, 45.09, 0.523, 0.464, 0.007672, 0.014806,1,1,0, 0.010102, 0.005148, 0.011144, 0.005031, 36.25, 0.523, 44.44, 0.403, 47.61, 0.401, 71.00, 0.066
23764,253514, 48.78, 46.64, 0.487, 0.518, 0.011682, 0.015979,1,1,0, 0.022466, 0.011265, 0.017635, 0.006514, 48.78, 0.487, 155.84, 0.343, 70.58, 0.328, 30.07, 0.099
23765,253525, 169.01, 46.64, 0.352, 0.466, 0.012301, 0.011198,1,1,0, 0.022853, 0.009688, 0.014706, 0.007990, 169.01, 0.352, 62.50, 0.030, 45.62, 0.020, 0.00, 0.000
23766,253536, 179.10, 46.64, 0.234, 0.420, 0.011626, 0.007847,1,1,0, 0.021285, 0.009469, 0.013787, 0.006869, 179.10, 0.234, 37.26, 0.166, 33.42, 0.138, 41.52, 0.044
23767,253546, 37.26, 42.70, 0.594, 0.597, 0.013230, 0.006701,1,1,0, 0.023704, 0.015178, 0.015386, 0.009605, 37.26, 0.594, 0.00, 0.000, 0.00, 0.000, 0.00, 0.000
23768,253557, 36.92, 40.27, 0.731, 0.740, 0.013718, 0.007479,1,1,0, 0.015824, 0.009956, 0.016149, 0.007977, 36.92, 0.731, 33.51, 0.629, 196.72, 0.286, 0.00, 0.000
23769,253568, 41.23, 40.67, 0.554, 0.614, 0.012805, 0.005241,1,1,0, 0.014374, 0.007656, 0.013024, 0.007467, 41.23, 0.554, 32.34, 0.190, 0.00, 0.000, 0.00, 0.000
23770,253578, 41.66, 41.09, 0.904, 0.931, 0.011868, 0.003673,1,1,0, 0.017791, 0.009170, 0.011904, 0.006241, 41.66, 0.904, 30.30, 0.220, 0.00, 0.000, 0.00, 0.000
23771,253589, 42.10, 41.51, 0.823, 0.873, 0.012842, 0.005563,1,1,0, 0.019668, 0.010186, 0.014431, 0.008077, 42.10, 0.823, 65.21, 0.117, 0.00, 0.000, 0.00, 0.000
23772,253600, 42.10, 41.76, 0.925, 0.946, 0.011795, 0.003898,1,1,0, 0.011230, 0.004121, 0.009150, 0.005157, 42.10, 0.925, 0.00, 0.000, 0.00, 0.000, 0.00, 0.000
23773,253610, 41.66, 41.72, 0.932, 0.951, 0.010944, 0.002732,1,1,0, 0.014825, 0.007195, 0.011101, 0.005743, 41.66, 0.932, 33.51, 0.159, 0.00, 0.000, 0.00, 0.000
23774,253621, 41.23, 41.51, 0.966, 0.975, 0.010183, 0.001914,1,1,0, 0.016698, 0.007785, 0.011161, 0.005453, 41.23, 0.966, 0.00, 0.000, 0.00, 0.000, 0.00, 0.000
23775,253632, 41.52, 41.52, 0.913, 0.937, 0.009355, 0.001341,1,1,0, 0.009792, 0.005982, 0.009132, 0.004884, 41.52, 0.913, 30.15, 0.626, 31.41, 0.551, 137.93, 0.034
23776,253642, 42.10, 41.76, 0.920, 0.943, 0.008716, 0.000940,1,1,0, 0.009974, 0.005276, 0.009132, 0.005128, 42.10, 0.920, 0.00, 0.000, 0.00, 0.000, 0.00, 0.000
23777,253653, 41.95, 41.84, 0.887, 0.918, 0.007957, 0.000658,1,1,0, 0.011121, 0.005393, 0.006124, 0.003117, 41.95, 0.887, 31.25, 0.398, 133.33, 0.043, 0.00, 0.000
23778,253664, 46.69, 41.84, 0.336, 0.827, 0.031030, 0.034517,1,1,0, 0.068007, 0.036118, 0.037058, 0.019996, 46.69, 0.336, 70.17, 0.278, 60.91, 0.221, 56.33, 0.215
23779,253674, 56.07, 41.84, 0.266, 0.744, 0.048157, 0.031015,1,1,0, 0.085514, 0.052169, 0.049936, 0.039617, 56.07, 0.266, 0.00, 0.000, 0.00, 0.000, 0.00, 0.000
23780,253685, 46.87, 43.95, 0.465, 0.483, 0.047549, 0.021735,1,1,0, 0.085873, 0.057197, 0.050328, 0.030402, 46.87, 0.465, 0.00, 0.000, 0.00, 0.000, 0.00, 0.000
23781,253696, 39.21, 41.96, 0.495, 0.507, 0.044070, 0.015231,1,1,0, 0.041836, 0.033388, 0.049406, 0.024895, 39.21, 0.495, 0.00, 0.000, 0.00, 0.000, 0.00, 0.000
23782,253706, 33.33, 38.34, 0.925, 0.925, 0.039542, 0.010674,1,1,0, 0.020817, 0.011290, 0.011142, 0.007950, 33.33, 0.925, 0.00, 0.000, 0.00, 0.000, 0.00, 0.000
23783,253717, 30.00, 34.83, 0.933, 0.933, 0.035193, 0.007480,1,1,0, 0.008205, 0.005150, 0.010294, 0.005646, 30.00, 0.933, 0.00, 0.000, 0.00, 0.000, 0.00, 0.000
23784,253728, 34.09, 34.52, 0.824, 0.873, 0.031124, 0.005241,1,1,0, 0.009486, 0.004401, 0.006098, 0.003041, 34.09, 0.824, 0.00, 0.000, 0.00, 0.000, 0.00, 0.000
23785,253738, 41.81, 36.17, 0.715, 0.676, 0.027360, 0.003673,1,1,0, 0.004271, 0.001730, 0.004525, 0.001533, 41.81, 0.715, 38.46, 0.652, 30.07, 0.434, 32.00, 0.410
23786,253749, 48.97, 36.39, 0.559, 0.490, 0.024154, 0.002574,1,1,0, 0.004131, 0.001941, 0.003504, 0.001902, 48.97, 0.559, 36.69, 0.429, 40.67, 0.316, 68.57, 0.125
23787,253760, 38.70, 37.36, 0.648, 0.683, 0.021492, 0.001803,1,1,0, 0.007326, 0.004609, 0.004448, 0.003067, 38.70, 0.648, 44.77, 0.314, 48.00, 0.295, 292.68, 0.174
23788,253770, 44.94, 40.54, 0.476, 0.479, 0.019099, 0.001264,1,1,0, 0.006880, 0.003966, 0.004093, 0.002568, 44.94, 0.476, 48.58, 0.428, 292.68, 0.417, 41.81, 0.409
23789,253781, 36.47, 38.83, 0.820, 0.844, 0.016950, 0.000885,1,1,0, 0.006152, 0.002552, 0.003445, 0.001986, 36.47, 0.820, 40.67, 0.551, 292.68, 0.453, 44.28, 0.309
23790,253792, 35.92, 37.61, 0.675, 0.724, 0.015014, 0.000620,1,1,0, 0.005010, 0.002100, 0.004103, 0.001808, 35.92, 0.675, 33.80, 0.539, 40.81, 0.208, 44.44, 0.103
23791,253802, 279.06, 37.61, 0.236, 0.652, 0.013393, 0.000435,1,1,0, 0.008656, 0.004612, 0.005433, 0.002637, 279.06, 0.236, 48.38, 0.215, 179.10, 0.153, 74.07, 0.089
23792,253813, 285.71, 37.61, 0.399, 0.586, 0.012156, 0.000304,1,1,0, 0.010742, 0.005346, 0.005899, 0.003693, 285.71, 0.399, 181.81, 0.349, 49.38, 0.287, 75.00, 0.087
23793,253824, 37.73, 37.66, 0.512, 0.567, 0.010960, 0.000213,1,1,0, 0.007769, 0.004653, 0.006075, 0.003059, 37.73, 0.512, 292.68, 0.386, 44.60, 0.054, 0.00, 0.000
23794,253834, 31.74, 35.17, 0.625, 0.625, 0.009926, 0.000149,1,1,0, 0.008541, 0.006570, 0.005682, 0.003240, 31.74, 0.625, 33.42, 0.581, 30.07, 0.579, 35.50, 0.506
23795,253845, 292.68, 143.33, 0.645, 0.645, 0.008859, 0.000104,1,1,0, 0.009330, 0.006665, 0.003075, 0.001616, 292.68, 0.645, 35.92, 0.094, 0.00, 0.000, 0.00, 0.000
23796,253856, 279.06, 200.34, 0.614, 0.618, 0.007925, 0.000073,1,1,0, 0.005868, 0.003316, 0.003311, 0.001605, 279.06, 0.614, 76.92, 0.127, 90.90, 0.099, 0.00, 0.000
23797,253866, 255.31, 196.19, 0.531, 0.530, 0.007183, 0.000051,1,1,0, 0.006739, 0.002920, 0.004823, 0.002403, 255.31, 0.531, 190.47, 0.487, 107.14, 0.406, 134.83, 0.335
23798,253877, 181.81, 190.15, 0.612, 0.644, 0.006464, 0.000036,1,1,0, 0.007587, 0.005860, 0.004046, 0.001703, 181.81, 0.612, 75.94, 0.600, 136.36, 0.534, 45.62, 0.487
23799,253888, 31.57, 187.83, 0.873, 0.741, 0.005780, 0.000025,1,1,0, 0.009729, 0.007882, 0.002367, 0.001173, 31.57, 0.873, 36.03, 0.795, 184.61, 0.685, 44.60, 0.684
23800,253898, 250.00, 191.56, 0.600, 0.623, 0.005381, 0.000017,1,1,0, 0.009157, 0.003380, 0.004977, 0.002828, 250.00, 0.600, 196.72, 0.574, 111.11, 0.195, 75.00, 0.164
23801,253909, 266.66, 223.10, 0.536, 0.536, 0.004920, 0.000012,1,1,0, 0.003689, 0.001728, 0.002690, 0.001815, 266.66, 0.536, 111.11, 0.118, 0.00, 0.000, 0.00, 0.000
23802,253920, 279.06, 223.10, 0.329, 0.482, 0.004474, 0.000008,1,1,0, 0.004672, 0.002139, 0.004063, 0.001681, 279.06, 0.329, 45.28, 0.248, 111.11, 0.178, 133.33, 0.152
23803,253930, 30.30, 142.12, 0.788, 0.788, 0.004027, 0.000006,1,1,0, 0.004238, 0.002202, 0.002514, 0.001031, 30.30, 0.788, 76.43, 0.438, 45.45, 0.352, 266.66, 0.340
23804,253941, 31.66, 95.73, 0.634, 0.637, 0.003626, 0.000004,1,1,0, 0.004274, 0.002601, 0.002113, 0.001003, 31.66, 0.634, 75.94, 0.535, 41.81, 0.330, 36.47, 0.321
23805,253952, 74.07, 95.73, 0.375, 0.574, 0.003322, 0.000002,1,1,0, 0.003257, 0.001487, 0.003192, 0.001529, 74.07, 0.375, 30.76, 0.346, 36.36, 0.254, 54.54, 0.217
23806,253962, 36.36, 70.79, 0.726, 0.739, 0.003047, 0.000002,1,1,0, 0.004575, 0.002014, 0.003023, 0.001346, 36.36, 0.726, 31.83, 0.503, 74.53, 0.408, 44.77, 0.293
23807,253973, 36.47, 56.38, 0.781, 0.795, 0.002787, 0.000001,1,1,0, 0.003413, 0.002159, 0.002410, 0.001129, 36.47, 0.781, 45.28, 0.414, 74.07, 0.359, 31.74, 0.246
23808,253984, 31.41, 45.89, 0.708, 0.718, 0.002608, 0.000520,1,1,0, 0.002914, 0.001324, 0.003007, 0.001330, 31.41, 0.708, 37.03, 0.618, 74.53, 0.488, 200.00, 0.284
23809,253994, 74.07, 45.89, 0.435, 0.646, 0.002424, 0.000364,1,1,0, 0.003933, 0.001915, 0.002213, 0.001297, 74.07, 0.435, 112.14, 0.420, 44.77, 0.313, 36.03, 0.246
23810,254005, 74.53, 45.78, 0.460, 0.471, 0.002422, 0.000671,1,1,0, 0.005074, 0.002253, 0.002733, 0.001647, 74.53, 0.460, 45.62, 0.402, 36.92, 0.251, 200.00, 0.224
23811,254016, 222.22, 45.78, 0.317, 0.424, 0.003390, 0.003054,1,1,0, 0.005807, 0.003902, 0.004387, 0.002178, 222.22, 0.317, 46.15, 0.283, 117.64, 0.257, 75.47, 0.230
23812,254026, 32.34, 40.13, 0.481, 0.481, 0.003277, 0.002140,1,1,0, 0.003304, 0.001849, 0.003736, 0.001775, 32.34, 0.481, 30.07, 0.469, 244.89, 0.382, 35.92, 0.351
23813,254037, 222.22, 40.13, 0.456, 0.433, 0.002984, 0.001500,1,1,0, 0.005929, 0.003065, 0.002715, 0.001150, 222.22, 0.456, 121.21, 0.268, 133.33, 0.266, 0.00, 0.000
23814,254048, 226.41, 118.37, 0.575, 0.582, 0.002807, 0.001051,1,1,0, 0.008290, 0.005624, 0.002627, 0.001672, 226.41, 0.575, 107.14, 0.273, 44.11, 0.236, 36.25, 0.122
23815,254058, 250.00, 118.37, 0.416, 0.523, 0.003936, 0.003594,1,1,0, 0.006570, 0.003407, 0.004819, 0.002383, 250.00, 0.416, 54.29, 0.262, 73.61, 0.237, 43.79, 0.164
23816,254069, 35.39, 118.37, 0.438, 0.471, 0.011057, 0.024778,1,1,0, 0.020569, 0.008453, 0.017486, 0.006875, 35.39, 0.438, 30.37, 0.405, 44.28, 0.366, 54.29, 0.170
23817,254080, 44.60, 87.39, 0.594, 0.604, 0.013284, 0.017364,1,1,0, 0.027122, 0.014691, 0.016251, 0.009575, 44.60, 0.594, 53.33, 0.449, 65.93, 0.375, 0.00, 0.000
23818,254090, 60.30, 87.39, 0.308, 0.543, 0.012067, 0.012168,1,1,0, 0.006343, 0.003011, 0.007886, 0.004409, 60.30, 0.308, 42.10, 0.105, 0.00, 0.000, 0.00, 0.000
23819,254101, 36.69, 66.10, 0.489, 0.492, 0.010905, 0.008527,1,1,0, 0.006310, 0.004602, 0.006329, 0.003528, 36.69, 0.489, 71.00, 0.215, 0.00, 0.000, 0.00, 0.000
23820,254112, 36.14, 66.10, 0.343, 0.442, 0.009710, 0.005975,1,1,0, 0.006806, 0.004117, 0.003042, 0.001611, 36.14, 0.343, 78.43, 0.017, 0.00, 0.000, 0.00, 0.000
23821,254122, 90.22, 76.23, 0.505, 0.505, 0.008866, 0.004187,1,1,0, 0.006266, 0.004169, 0.004551, 0.003116, 90.22, 0.505, 0.00, 0.000, 0.00, 0.000, 0.00, 0.000
23822,254133, 71.42, 76.23, 0.132, 0.454, 0.007861, 0.002934,1,1,0, 0.006658, 0.004621, 0.001976, 0.000931, 71.42, 0.132, 0.00, 0.000, 0.00, 0.000, 0.00, 0.000
23823,254144, 38.21, 76.23, 0.066, 0.409, 0.006946, 0.002056,1,1,0, 0.003795, 0.003041, 0.001861, 0.000735, 38.21, 0.066, 0.00, 0.000, 0.00, 0.000, 0.00, 0.000
23824,254154, 400.00, 212.21, 0.879, 0.879, 0.006429, 0.001441,1,1,0, 0.006543, 0.004205, 0.004109, 0.002931, 400.00, 0.879, 0.00, 0.000, 0.00, 0.000, 0.00, 0.000
23825,254165, 55.04, 212.21, 0.404, 0.791, 0.005729, 0.001009,1,1,0, 0.007240, 0.006055, 0.002086, 0.001020, 55.04, 0.404, 0.00, 0.000, 0.00, 0.000, 0.00, 0.000
23826,254176, 36.47, 212.21, 0.392, 0.712, 0.005171, 0.000707,1,1,0, 0.006322, 0.003988, 0.002902, 0.001505, 36.47, 0.392, 33.99, 0.382, 0.00, 0.000, 0.00, 0.000
23827,254186, 94.48, 212.21, 0.221, 0.641, 0.004607, 0.000495,1,1,0, 0.006126, 0.004097, 0.001457, 0.000775, 94.48, 0.221, 40.81, 0.198, 0.00, 0.000, 0.00, 0.000
23828,254197, 38.21, 140.34, 0.531, 0.525, 0.004352, 0.000347,1,1,0, 0.005193, 0.002909, 0.003167, 0.002622, 38.21, 0.531, 41.09, 0.522, 91.60, 0.085, 61.53, 0.013
23829,254208, 31.83, 94.76, 0.934, 0.934, 0.004014, 0.000243,1,1,0, 0.006529, 0.004593, 0.002479, 0.001764, 31.83, 0.934, 44.28, 0.333, 100.84, 0.159, 0.00, 0.000
23830,254218, 31.16, 94.76, 0.161, 0.840, 0.003579, 0.000170,1,1,0, 0.002498, 0.001678, 0.002000, 0.000763, 31.16, 0.161, 0.00, 0.000, 0.00, 0.000, 0.00, 0.000
23831,254229, 45.28, 94.76, 0.284, 0.756, 0.003310, 0.000119,1,1,0, 0.004359, 0.002563, 0.002927, 0.001609, 45.28, 0.284, 0.00, 0.000, 0.00, 0.000, 0.00, 0.000
23832,254240, 46.87, 74.65, 0.805, 0.808, 0.003084, 0.000083,1,1,0, 0.004098, 0.002878, 0.003002, 0.001715, 46.87, 0.805, 0.00, 0.000, 0.00, 0.000, 0.00, 0.000
23833,254250, 41.66, 60.79, 0.482, 0.482, 0.003746, 0.001887,1,1,0, 0.005277, 0.004265, 0.004431, 0.002649, 41.66, 0.482, 0.00, 0.000, 0.00, 0.000, 0.00, 0.000
23834,254261, 32.87, 49.07, 0.951, 0.951, 0.003457, 0.001322,1,1,0, 0.004553, 0.002773, 0.002621, 0.001691, 32.87, 0.951, 0.00, 0.000, 0.00, 0.000, 0.00, 0.000
23835,254272, 400.00, 196.46, 0.819, 0.819, 0.003245, 0.000926,1,1,0, 0.005765, 0.003571, 0.002549, 0.001796, 400.00, 0.819, 0.00, 0.000, 0.00, 0.000, 0.00, 0.000
23836,254282, 400.00, 281.94, 0.839, 0.843, 0.002917, 0.000649,1,1,0, 0.005841, 0.004315, 0.001768, 0.000805, 400.00, 0.839, 0.00, 0.000, 0.00, 0.000, 0.00, 0.000
23837,254293, 400.00, 331.52, 0.797, 0.804, 0.002675, 0.000455,1,1,0, 0.002558, 0.001136, 0.002389, 0.001301, 400.00, 0.797, 0.00, 0.000, 0.00, 0.000, 0.00, 0.000
23838,254304, 31.08, 205.34, 0.867, 0.867, 0.002443, 0.000318,1,1,0, 0.004357, 0.003050, 0.001521, 0.000926, 31.08, 0.867, 0.00, 0.000, 0.00, 0.000, 0.00, 0.000
23839,254314, 42.10, 136.78, 0.844, 0.844, 0.002423, 0.000570,1,1,0, 0.003006, 0.001170, 0.002697, 0.001574, 42.10, 0.844, 0.00, 0.000, 0.00, 0.000, 0.00, 0.000
23840,254325, 31.08, 92.39, 0.661, 0.663, 0.004431, 0.008480,1,1,0, 0.012237, 0.005060, 0.006681, 0.002768, 31.08, 0.661, 131.86, 0.367, 61.22, 0.205, 43.16, 0.037
23841,254336, 47.05, 92.39, 0.452, 0.597, 0.012620, 0.021785,1,1,0, 0.022009, 0.015374, 0.018096, 0.008244, 47.05, 0.452, 81.08, 0.038, 70.17, 0.021, 0.00, 0.000
23842,254346, 65.21, 73.36, 0.638, 0.661, 0.175039, 0.467939,1,1,1, 0.352448, 0.142117, 0.266602, 0.108833, 65.21, 0.638, 37.03, 0.558, 45.28, 0.200, 0.00, 0.000
23843,254357, 66.29, 68.41, 0.604, 0.659, 0.245276, 0.651717,1,1,0, 0.409626, 0.153662, 0.431670, 0.145769, 66.29, 0.604, 35.39, 0.026, 134.83, 0.019, 0.00, 0.000
23844,254368, 71.85, 70.82, 0.733, 0.791, 0.318682, 0.461310,1,1,0, 0.466396, 0.213515, 0.462864, 0.190997, 71.85, 0.733, 33.24, 0.646, 0.00, 0.000, 0.00, 0.000
23845,254378, 73.17, 72.46, 0.860, 0.899, 0.358388, 0.323277,1,1,0, 0.431269, 0.213136, 0.460779, 0.205258, 73.17, 0.860, 36.36, 0.645, 0.00, 0.000, 0.00, 0.000
23846,254389, 37.03, 73.59, 0.949, 0.944, 0.368710, 0.226546,1,1,0, 0.484450, 0.220597, 0.435746, 0.196210, 37.03, 0.949, 74.07, 0.922, 50.20, 0.090, 0.00, 0.000
23847,254400, 37.03, 48.00, 0.998, 0.998, 0.379567, 0.216484,1,1,0, 0.400337, 0.228126, 0.429981, 0.213772, 37.03, 0.998, 74.07, 0.919, 0.00, 0.000, 0.00, 0.000
23848,254410, 37.03, 40.32, 0.978, 0.984, 0.342767, 0.151707,1,1,0, 0.343914, 0.152244, 0.224125, 0.100445, 37.03, 0.978, 74.07, 0.931, 0.00, 0.000, 0.00, 0.000
23849,254421, 36.92, 37.94, 0.970, 0.978, 0.357139, 0.200250,1,1,0, 0.419671, 0.174018, 0.445123, 0.186308, 36.92, 0.970, 74.07, 0.964, 0.00, 0.000, 0.00, 0.000
23850,254432, 74.07, 63.23, 0.986, 0.990, 0.367829, 0.187278,1,1,0, 0.437332, 0.215145, 0.439892, 0.200521, 74.07, 0.986, 37.03, 0.982, 0.00, 0.000, 0.00, 0.000
23851,254442, 74.07, 70.82, 0.999, 0.999, 0.370808, 0.181111,1,1,0, 0.444506, 0.212784, 0.427814, 0.191936, 74.07, 0.999, 37.03, 0.998, 30.53, 0.100, 0.00, 0.000
23852,254453, 74.07, 72.18, 0.999, 0.999, 0.375352, 0.200488,1,1,0, 0.435528, 0.202418, 0.422620, 0.191346, 74.07, 0.999, 37.03, 0.999, 0.00, 0.000, 0.00, 0.000
23853,254464, 74.07, 72.98, 0.999, 0.999, 0.340517, 0.140498,1,1,0, 0.310780, 0.134783, 0.230050, 0.110320, 74.07, 0.999, 37.03, 0.998, 0.00, 0.000, 0.00, 0.000
23854,254474, 74.07, 73.43, 0.999, 0.999, 0.345452, 0.167578,1,1,0, 0.432932, 0.178511, 0.423692, 0.178824, 74.07, 0.999, 37.03, 0.999, 0.00, 0.000, 0.00, 0.000
23855,254485, 74.07, 73.70, 0.999, 0.999, 0.350659, 0.176251,1,1,0, 0.419314, 0.205100, 0.416993, 0.190381, 74.07, 0.999, 37.03, 0.999, 0.00, 0.000, 0.00, 0.000
23856,254496, 74.07, 73.86, 0.999, 0.999, 0.357648, 0.204855,1,1,0, 0.411134, 0.205321, 0.418172, 0.187244, 74.07, 0.999, 37.03, 0.999, 0.00, 0.000, 0.00, 0.000
23857,254506, 74.07, 73.95, 0.999, 0.999, 0.363406, 0.235585,1,1,0, 0.411517, 0.180026, 0.418595, 0.169175, 74.07, 0.999, 37.03, 0.999, 0.00, 0.000, 0.00, 0.000
23858,254517, 74.07, 74.00, 0.999, 0.999, 0.331939, 0.165093,1,1,0, 0.393337, 0.148828, 0.389215, 0.127678, 74.07, 0.999, 37.03, 0.999, 0.00, 0.000, 0.00, 0.000
23859,254528, 74.07, 74.03, 0.999, 0.999, 0.336374, 0.172872,1,1,0, 0.404559, 0.179205, 0.412179, 0.177408, 74.07, 0.999, 37.03, 0.999, 0.00, 0.000, 0.00, 0.000
23860,254538, 74.07, 74.04, 0.999, 0.999, 0.342875, 0.195736,1,1,0, 0.405641, 0.197604, 0.410622, 0.181799, 74.07, 0.999, 37.03, 0.999, 0.00, 0.000, 0.00, 0.000
23861,254549, 74.07, 74.06, 0.999, 0.999, 0.348456, 0.207666,1,1,0, 0.400357, 0.199282, 0.405746, 0.181620, 74.07, 0.999, 37.03, 0.999, 0.00, 0.000, 0.00, 0.000
23862,254560, 74.07, 74.06, 0.999, 0.999, 0.325347, 0.188931,1,1,0, 0.357751, 0.142920, 0.379383, 0.130397, 74.07, 0.999, 37.03, 0.999, 0.00, 0.000, 0.00, 0.000
23863,254570, 74.07, 74.06, 0.999, 0.999, 0.321353, 0.166781,1,1,0, 0.397821, 0.160600, 0.404391, 0.151991, 74.07, 0.999, 37.03, 0.999, 0.00, 0.000, 0.00, 0.000
23864,254581, 74.07, 74.07, 0.999, 0.999, 0.328560, 0.178712,1,1,0, 0.395048, 0.190148, 0.401151, 0.180795, 74.07, 0.999, 37.03, 0.999, 0.00, 0.000, 0.00, 0.000
23865,254592, 74.07, 74.07, 0.999, 0.999, 0.333802, 0.195816,1,1,0, 0.392298, 0.190706, 0.398536, 0.173435, 74.07, 0.999, 37.03, 0.999, 30.61, 0.002, 0.00, 0.000
23866,254602, 74.07, 74.07, 0.999, 0.999, 0.340468, 0.214352,1,1,0, 0.387687, 0.193846, 0.394627, 0.178632, 74.07, 0.999, 37.03, 0.999, 0.00, 0.000, 0.00, 0.000
23867,254613, 74.07, 74.07, 0.999, 0.999, 0.308895, 0.150214,1,1,0, 0.279639, 0.124296, 0.207667, 0.102697, 74.07, 0.999, 37.03, 0.999, 0.00, 0.000, 0.00, 0.000
23868,254624, 74.07, 74.07, 0.999, 0.999, 0.312587, 0.164106,1,1,0, 0.383870, 0.164617, 0.391299, 0.164518, 74.07, 0.999, 37.03, 0.999, 0.00, 0.000, 0.00, 0.000
23869,254634, 74.07, 74.07, 0.999, 0.999, 0.320222, 0.181549,1,1,0, 0.382257, 0.190664, 0.389058, 0.177887, 74.07, 0.999, 37.03, 0.999, 0.00, 0.000, 0.00, 0.000
23870,254645, 74.07, 74.07, 0.999, 0.999, 0.323197, 0.189915,1,1,0, 0.373598, 0.184022, 0.382633, 0.165552, 74.07, 0.999, 37.03, 0.999, 30.92, 0.070, 0.00, 0.000
23871,254656, 74.07, 74.07, 0.999, 0.999, 0.329703, 0.211989,1,1,0, 0.369722, 0.182946, 0.379319, 0.172027, 74.07, 0.999, 37.03, 0.999, 0.00, 0.000, 0.00, 0.000
23872,254666, 74.07, 74.07, 0.999, 0.999, 0.299300, 0.148558,1,1,0, 0.266257, 0.127998, 0.182536, 0.101439, 74.07, 0.999, 37.03, 0.999, 0.00, 0.000, 0.00, 0.000
23873,254677, 74.07, 74.07, 0.999, 0.999, 0.303898, 0.159641,1,1,0, 0.368904, 0.161932, 0.375681, 0.163083, 74.07, 0.999, 37.03, 0.999, 0.00, 0.000, 0.00, 0.000
23874,254688, 74.07, 74.07, 0.999, 0.999, 0.310932, 0.177299,1,1,0, 0.369073, 0.182221, 0.375449, 0.168575, 74.07, 0.999, 37.03, 0.999, 0.00, 0.000, 0.00, 0.000
23875,254698, 74.07, 74.07, 0.999, 0.999, 0.316513, 0.195199,1,1,0, 0.367143, 0.183172, 0.373135, 0.164005, 74.07, 0.999, 37.03, 0.999, 31.16, 0.022, 0.00, 0.000
23876,254709, 74.07, 74.07, 0.999, 0.999, 0.321434, 0.209561,1,1,0, 0.363732, 0.163315, 0.369162, 0.155981, 74.07, 0.999, 37.03, 0.999, 0.00, 0.000, 0.00, 0.000
23877,254720, 74.07, 74.07, 0.999, 0.999, 0.293072, 0.146856,1,1,0, 0.334241, 0.137744, 0.318240, 0.116462, 74.07, 0.999, 37.03, 0.999, 0.00, 0.000, 0.00, 0.000
23878,254730, 74.07, 74.07, 0.999, 0.999, 0.298614, 0.158410,1,1,0, 0.359821, 0.167420, 0.365787, 0.163556, 74.07, 0.999, 37.03, 0.999, 0.00, 0.000, 0.00, 0.000
23879,254741, 74.07, 74.07, 0.999, 0.999, 0.302773, 0.171605,1,1,0, 0.356083, 0.173740, 0.362500, 0.158738, 74.07, 0.999, 37.03, 0.999, 0.00, 0.000, 0.00, 0.000
23880,254752, 74.07, 74.07, 0.999, 0.999, 0.306971, 0.181634,1,1,0, 0.348751, 0.179902, 0.356509, 0.162994, 74.07, 0.999, 37.03, 0.999, 0.00, 0.000, 0.00, 0.000
23881,254762, 74.07, 74.07, 0.999, 0.999, 0.291723, 0.196717,1,1,0, 0.330995, 0.135957, 0.347986, 0.125774, 74.07, 0.999, 37.03, 0.999, 0.00, 0.000, 0.00, 0.000
23882,254773, 74.07, 74.07, 0.999, 0.999, 0.282856, 0.140706,1,1,0, 0.342542, 0.148333, 0.353160, 0.137429, 74.07, 0.999, 37.03, 0.999, 0.00, 0.000, 0.00, 0.000
23883,254784, 74.07, 74.07, 0.999, 0.999, 0.290468, 0.158174,1,1,0, 0.344419, 0.173844, 0.352757, 0.164543, 74.07, 0.999, 37.03, 0.999, 0.00, 0.000, 0.00, 0.000
23884,254794, 74.07, 74.07, 0.999, 0.999, 0.293159, 0.165152,1,1,0, 0.341951, 0.166039, 0.346933, 0.148910, 74.07, 0.999, 37.03, 0.999, 0.00, 0.000, 0.00, 0.000
23885,254805, 74.07, 74.07, 0.999, 0.999, 0.300213, 0.179113,1,1,0, 0.342744, 0.176547, 0.344585, 0.162602, 74.07, 0.999, 37.03, 0.999, 0.00, 0.000, 0.00, 0.000
23886,254816, 74.07, 74.07, 0.999, 0.999, 0.272912, 0.125519,1,1,0, 0.233929, 0.114749, 0.206809, 0.098927, 74.07, 0.999, 37.03, 0.999, 0.00, 0.000, 0.00, 0.000
23887,254826, 74.07, 74.07, 0.999, 0.999, 0.276278, 0.131709,1,1,0, 0.340082, 0.156880, 0.340151, 0.152344, 74.07, 0.999, 37.03, 0.999, 0.00, 0.000, 0.00, 0.000
23888,254837, 74.07, 74.07, 0.999, 0.999, 0.282876, 0.147814,1,1,0, 0.338133, 0.172897, 0.339773, 0.160836, 74.07, 0.999, 37.03, 0.999, 0.00, 0.000, 0.00, 0.000
23889,254848, 74.07, 74.07, 0.999, 0.999, 0.285682, 0.162652,1,1,0, 0.334504, 0.163362, 0.337684, 0.144797, 74.07, 0.999, 37.03, 0.999, 31.25, 0.093, 0.00, 0.000
23890,254858, 74.07, 74.07, 0.999, 0.999, 0.292214, 0.183605,1,1,0, 0.329320, 0.168779, 0.336294, 0.158828, 74.07, 0.999, 37.03, 0.999, 0.00, 0.000, 0.00, 0.000
23891,254869, 74.07, 74.07, 0.999, 0.999, 0.265561, 0.128667,1,1,0, 0.222164, 0.119062, 0.183863, 0.096241, 74.07, 0.999, 37.03, 0.999, 0.00, 0.000, 0.00, 0.000
23892,254880, 74.07, 74.07, 0.999, 0.999, 0.270723, 0.142672,1,1,0, 0.326759, 0.155927, 0.333887, 0.153689, 74.07, 0.999, 37.03, 0.999, 0.00, 0.000, 0.00, 0.000
23893,254890, 74.07, 74.07, 0.999, 0.999, 0.275406, 0.150404,1,1,0, 0.324452, 0.164607, 0.328769, 0.151593, 74.07, 0.999, 37.03, 0.999, 0.00, 0.000, 0.00, 0.000
23894,254901, 74.07, 74.07, 0.999, 0.999, 0.278595, 0.156059,1,1,0, 0.322791, 0.163929, 0.323242, 0.145395, 74.07, 0.999, 37.03, 0.999, 31.33, 0.052, 0.00, 0.000
23895,254912, 74.07, 74.07, 0.999, 0.999, 0.282989, 0.164948,1,1,0, 0.318977, 0.152650, 0.319665, 0.145828, 74.07, 0.999, 37.03, 0.999, 0.00, 0.000, 0.00, 0.000
23896,254922, 74.07, 74.07, 0.999, 0.999, 0.258484, 0.115592,1,1,0, 0.282698, 0.128993, 0.267750, 0.108657, 74.07, 0.999, 37.03, 0.999, 0.00, 0.000, 0.00, 0.000
23897,254933, 74.07, 74.07, 0.999, 0.999, 0.264294, 0.130052,1,1,0, 0.320343, 0.157723, 0.320106, 0.152102, 74.07, 0.999, 37.03, 0.999, 0.00, 0.000, 0.00, 0.000
23898,254944, 74.07, 74.07, 0.999, 0.999, 0.267642, 0.143713,1,1,0, 0.319151, 0.153516, 0.319087, 0.139349, 74.07, 0.999, 37.03, 0.999, 0.00, 0.000, 0.00, 0.000
23899,254954, 74.07, 74.07, 0.999, 0.999, 0.271987, 0.156971,1,1,0, 0.317536, 0.165323, 0.316140, 0.149005, 74.07, 0.999, 37.03, 0.999, 0.00, 0.000, 0.00, 0.000
23900,254965, 74.07, 74.07, 0.999, 0.999, 0.260946, 0.173591,1,1,0, 0.305049, 0.128437, 0.310594, 0.121092, 74.07, 0.999, 37.03, 0.999, 0.00, 0.000, 0.00, 0.000
23901,254976, 74.07, 74.07, 0.999, 0.999, 0.251425, 0.122231,1,1,0, 0.310884, 0.141689, 0.313104, 0.128690, 74.07, 0.999, 37.03, 0.999, 0.00, 0.000, 0.00, 0.000
23902,254986, 74.07, 74.07, 0.999, 0.999, 0.258015, 0.138247,1,1,0, 0.308826, 0.162250, 0.312346, 0.152324, 74.07, 0.999, 37.03, 0.999, 0.00, 0.000, 0.00, 0.000
23903,254997, 74.07, 74.07, 0.999, 0.999, 0.259543, 0.146399,1,1,0, 0.306136, 0.146301, 0.308242, 0.129682, 74.07, 0.999, 37.03, 0.999, 0.00, 0.000, 0.00, 0.000
23904,255008, 74.07, 74.07, 0.999, 0.999, 0.265473, 0.157175,1,1,0, 0.304949, 0.162758, 0.305065, 0.150086, 74.07, 0.999, 37.03, 0.999, 0.00, 0.000, 0.00, 0.000
23905,255018, 74.07, 74.07, 0.999, 0.999, 0.241976, 0.110145,1,1,0, 0.186851, 0.111556, 0.202806, 0.098243, 74.07, 0.999, 37.03, 0.999, 0.00, 0.000, 0.00, 0.000
23906,255029, 74.07, 74.07, 0.999, 0.999, 0.246133, 0.120622,1,1,0, 0.303277, 0.150399, 0.303048, 0.143328, 74.07, 0.999, 37.03, 0.999, 0.00, 0.000, 0.00, 0.000
23907,255040, 74.07, 74.07, 0.999, 0.999, 0.251823, 0.131193,1,1,0, 0.302182, 0.159301, 0.301193, 0.147516, 74.07, 0.999, 37.03, 0.999, 0.00, 0.000, 0.00, 0.000
23908,255050, 74.07, 74.07, 0.999, 0.999, 0.253320, 0.139849,1,1,0, 0.298579, 0.145716, 0.297950, 0.127350, 74.07, 0.999, 37.03, 0.999, 31.41, 0.100, 0.00, 0.000
23909,255061, 74.07, 74.07, 0.999, 0.999, 0.259302, 0.155231,1,1,0, 0.295711, 0.156331, 0.296377, 0.147102, 74.07, 0.999, 37.03, 0.999, 0.00, 0.000, 0.00, 0.000
23910,255072, 74.07, 74.07, 0.999, 0.999, 0.235992, 0.108783,1,1,0, 0.194215, 0.113944, 0.196604, 0.094377, 74.07, 0.999, 37.03, 0.999, 0.00, 0.000, 0.00, 0.000
23911,255082, 74.07, 74.07, 0.999, 0.999, 0.241261, 0.121051,1,1,0, 0.294453, 0.149936, 0.295096, 0.144676, 74.07, 0.999, 37.03, 0.999, 43.63, 0.000, 0.00, 0.000
23912,255093, 74.07, 74.07, 0.999, 0.999, 0.246490, 0.135972,1,1,0, 0.296105, 0.149084, 0.295207, 0.137369, 74.07, 0.999, 37.03, 0.999, 0.00, 0.000, 0.00, 0.000
23913,255104, 74.07, 74.07, 0.999, 0.999, 0.248692, 0.138380,1,1,0, 0.296139, 0.149654, 0.290102, 0.131216, 74.07, 0.999, 37.03, 0.999, 31.57, 0.048, 0.00, 0.000
23914,255114, 74.07, 74.07, 0.999, 0.999, 0.252936, 0.152148,1,1,0, 0.284015, 0.145206, 0.287682, 0.138651, 74.07, 0.999, 37.03, 0.999, 0.00, 0.000, 0.00, 0.000
23915,255125, 37.03, 74.07, 0.999, 0.999, 0.231225, 0.106622,1,1,0, 0.248609, 0.121260, 0.230504, 0.102368, 37.03, 0.999, 74.07, 0.999, 0.00, 0.000, 0.00, 0.000
23916,255136, 37.03, 74.07, 0.999, 0.999, 0.238868, 0.128458,1,1,0, 0.293414, 0.151320, 0.291315, 0.144043, 37.03, 0.999, 74.07, 0.999, 0.00, 0.000, 0.00, 0.000
23917,255146, 37.03, 74.07, 0.999, 0.999, 0.240488, 0.127108,1,1,0, 0.290383, 0.137812, 0.285519, 0.124352, 37.03, 0.999, 74.07, 0.999, 0.00, 0.000, 0.00, 0.000
23918,255157, 74.07, 74.07, 0.999, 0.999, 0.245044, 0.140685,1,1,0, 0.288359, 0.154036, 0.283875, 0.138617, 74.07, 0.999, 37.03, 0.999, 0.00, 0.000, 0.00, 0.000
23919,255168, 74.07, 74.07, 0.999, 0.999, 0.238270, 0.154233,1,1,0, 0.281241, 0.125104, 0.281975, 0.118177, 74.07, 0.999, 37.03, 0.999, 0.00, 0.000, 0.00, 0.000
23920,255178, 74.07, 74.07, 0.999, 0.999, 0.227894, 0.108083,1,1,0, 0.284238, 0.134479, 0.282228, 0.120970, 74.07, 0.999, 37.03, 0.999, 0.00, 0.000, 0.00, 0.000
23921,255189, 74.07, 74.07, 0.999, 0.999, 0.234462, 0.121861,1,1,0, 0.286432, 0.154338, 0.281875, 0.143557, 74.07, 0.999, 37.03, 0.999, 0.00, 0.000, 0.00, 0.000
23922,255200, 74.07, 74.07, 0.999, 0.999, 0.235013, 0.126577,1,1,0, 0.279596, 0.130121, 0.278034, 0.115577, 74.07, 0.999, 37.03, 0.999, 31.57, 0.000, 0.00, 0.000
23923,255210, 37.03, 74.07, 0.999, 0.999, 0.242607, 0.148134,1,1,0, 0.282338, 0.155541, 0.280396, 0.142191, 37.03, 0.999, 74.07, 0.999, 0.00, 0.000, 0.00, 0.000
23924,255221, 74.07, 74.07, 0.999, 0.999, 0.221466, 0.103809,1,1,0, 0.203784, 0.107856, 0.204944, 0.096981, 74.07, 0.999, 37.03, 0.999, 0.00, 0.000, 0.00, 0.000
23925,255232, 74.07, 74.07, 0.999, 0.999, 0.225391, 0.108784,1,1,0, 0.281869, 0.145987, 0.277209, 0.136199, 74.07, 0.999, 37.03, 0.999, 43.47, 0.004, 0.00, 0.000
23926,255242, 74.07, 74.07, 0.999, 0.999, 0.230762, 0.121941,1,1,0, 0.279772, 0.149700, 0.276636, 0.138537, 74.07, 0.999, 37.03, 0.999, 0.00, 0.000, 0.00, 0.000
23927,255253, 74.07, 74.07, 0.999, 0.999, 0.232367, 0.132548,1,1,0, 0.278857, 0.134631, 0.274545, 0.116305, 74.07, 0.999, 37.03, 0.999, 31.57, 0.073, 0.00, 0.000
23928,255264, 74.07, 74.07, 0.999, 0.999, 0.237945, 0.142209,1,1,0, 0.278503, 0.148843, 0.271915, 0.139309, 74.07, 0.999, 37.03, 0.999, 0.00, 0.000, 0.00, 0.000
23929,255274, 74.07, 74.07, 0.999, 0.999, 0.216758, 0.099657,1,1,0, 0.208142, 0.108516, 0.202790, 0.092769, 74.07, 0.999, 37.03, 0.999, 0.00, 0.000, 0.00, 0.000
23930,255285, 74.07, 74.07, 0.999, 0.999, 0.221548, 0.108105,1,1,0, 0.272937, 0.146781, 0.269654, 0.138639, 74.07, 0.999, 37.03, 0.999, 43.47, 0.000, 0.00, 0.000
23931,255296, 74.07, 74.07, 0.999, 0.999, 0.226393, 0.124369,1,1,0, 0.274129, 0.138232, 0.271125, 0.127963, 74.07, 0.999, 37.03, 0.999, 0.00, 0.000, 0.00, 0.000
23932,255306, 74.07, 74.07, 0.999, 0.999, 0.229458, 0.131398,1,1,0, 0.275216, 0.141459, 0.268658, 0.123371, 74.07, 0.999, 37.03, 0.999, 31.74, 0.032, 0.00, 0.000
23933,255317, 37.03, 74.07, 0.999, 0.999, 0.233606, 0.139659,1,1,0, 0.269275, 0.139767, 0.265485, 0.132701, 37.03, 0.999, 74.07, 0.999, 0.00, 0.000, 0.00, 0.000
23934,255328, 74.07, 74.07, 0.999, 0.999, 0.213647, 0.097870,1,1,0, 0.227362, 0.115571, 0.201268, 0.098339, 74.07, 0.999, 37.03, 0.999, 0.00, 0.000, 0.00, 0.000
23935,255338, 74.07, 74.07, 0.997, 0.998, 0.220329, 0.115308,1,1,0, 0.275562, 0.141383, 0.268047, 0.133445, 74.07, 0.997, 37.15, 0.995, 43.16, 0.013, 0.00, 0.000
23936,255349, 37.15, 58.56, 0.991, 0.993, 0.203075, 0.080805,1,1,0, 0.221953, 0.105938, 0.218943, 0.095468, 37.15, 0.991, 74.07, 0.989, 0.00, 0.000, 0.00, 0.000
23937,255360, 74.53, 65.27, 0.960, 0.971, 0.184094, 0.056627,1,1,0, 0.121879, 0.070682, 0.113801, 0.064360, 74.53, 0.960, 37.26, 0.921, 0.00, 0.000, 0.00, 0.000
23938,255370, 75.00, 69.35, 0.951, 0.964, 0.165569, 0.039683,1,1,0, 0.054167, 0.035365, 0.055224, 0.038791, 75.00, 0.951, 37.73, 0.901, 0.00, 0.000, 0.00, 0.000
23939,255381, 76.92, 72.53, 0.956, 0.968, 0.147190, 0.027809,1,1,0, 0.048405, 0.029328, 0.030721, 0.020844, 76.92, 0.956, 38.70, 0.824, 0.00, 0.000, 0.00, 0.000
23940,255392, 77.92, 74.79, 0.931, 0.950, 0.129750, 0.019488,1,1,0, 0.012619, 0.007726, 0.027238, 0.010929, 77.92, 0.931, 39.34, 0.824, 0.00, 0.000, 0.00, 0.000
23941,255402, 79.47, 76.76, 0.902, 0.929, 0.114116, 0.013656,1,1,0, 0.012780, 0.005373, 0.013697, 0.006372, 79.47, 0.902, 40.54, 0.595, 0.00, 0.000, 0.00, 0.000
23942,255413, 80.53, 78.34, 0.572, 0.647, 0.100281, 0.009570,1,1,0, 0.010414, 0.004598, 0.007020, 0.003825, 80.53, 0.572, 42.10, 0.421, 0.00, 0.000, 0.00, 0.000
23943,255424, 90.90, 83.62, 0.885, 0.898, 0.088041, 0.006706,1,1,0, 0.006567, 0.003384, 0.005648, 0.002677, 90.90, 0.885, 45.97, 0.619, 30.37, 0.445, 0.00, 0.000
23944,255434, 30.69, 61.39, 0.909, 0.921, 0.077381, 0.004699,1,1,0, 0.007058, 0.003269, 0.006927, 0.003197, 30.69, 0.909, 92.30, 0.740, 45.97, 0.596, 0.00, 0.000
23945,255445, 30.61, 48.46, 0.867, 0.883, 0.068080, 0.003293,1,1,0, 0.007973, 0.004129, 0.005576, 0.003215, 30.61, 0.867, 92.30, 0.819, 45.80, 0.804, 41.81, 0.571
23946,255456, 91.60, 66.58, 0.779, 0.804, 0.059787, 0.002308,1,1,0, 0.004131, 0.002114, 0.003735, 0.001906, 91.60, 0.779, 45.97, 0.731, 30.69, 0.678, 41.52, 0.654
23947,255466, 30.76, 51.54, 0.891, 0.910, 0.052548, 0.001617,1,1,0, 0.005721, 0.002914, 0.004487, 0.002164, 30.76, 0.891, 92.30, 0.837, 45.97, 0.833, 41.66, 0.642
23948,255477, 46.15, 49.27, 0.924, 0.945, 0.046152, 0.001133,1,1,0, 0.005246, 0.002566, 0.003236, 0.001620, 46.15, 0.924, 92.30, 0.844, 30.69, 0.759, 41.52, 0.605
23949,255488, 30.84, 67.35, 0.906, 0.916, 0.040543, 0.000794,1,1,0, 0.003801, 0.002024, 0.004051, 0.001560, 30.84, 0.906, 92.30, 0.887, 46.15, 0.870, 41.37, 0.495
23950,255498, 92.30, 77.83, 0.860, 0.883, 0.035651, 0.000556,1,1,0, 0.003830, 0.002077, 0.003491, 0.001612, 92.30, 0.860, 46.15, 0.747, 74.53, 0.553, 41.37, 0.529
23951,255509, 92.30, 83.91, 0.803, 0.826, 0.031323, 0.000390,1,1,0, 0.004954, 0.002877, 0.002323, 0.001156, 92.30, 0.803, 45.97, 0.675, 41.09, 0.609, 387.09, 0.539
23952,255520, 92.30, 87.43, 0.758, 0.797, 0.027526, 0.000273,1,1,0, 0.005145, 0.003115, 0.001974, 0.001038, 92.30, 0.758, 74.07, 0.715, 40.95, 0.688, 375.00, 0.607
23953,255530, 92.30, 89.48, 0.705, 0.763, 0.024233, 0.000191,1,1,0, 0.006544, 0.003923, 0.002946, 0.001386, 92.30, 0.705, 41.09, 0.687, 74.07, 0.653, 53.09, 0.625
23954,255541, 387.09, 214.48, 0.770, 0.790, 0.021587, 0.000134,1,1,0, 0.007760, 0.004950, 0.006253, 0.003438, 387.09, 0.770, 187.50, 0.582, 125.00, 0.350, 41.23, 0.236
23955,255552, 41.09, 141.65, 0.478, 0.488, 0.019217, 0.000094,1,1,0, 0.006963, 0.003635, 0.005480, 0.003093, 41.09, 0.478, 30.76, 0.459, 36.92, 0.419, 33.61, 0.407
23956,255562, 90.90, 141.65, 0.180, 0.439, 0.021609, 0.015240,1,1,0, 0.030103, 0.014622, 0.026495, 0.013385, 90.90, 0.180, 74.53, 0.164, 47.80, 0.161, 50.00, 0.159
23957,255573, 33.70, 141.65, 0.207, 0.395, 0.019216, 0.010680,1,1,0, 0.017991, 0.004898, 0.011115, 0.003204, 33.70, 0.207, 72.28, 0.197, 47.43, 0.138, 31.25, 0.088
23958,255584, 41.81, 99.72, 0.703, 0.703, 0.023840, 0.019854,1,1,0, 0.033297, 0.017772, 0.029287, 0.015863, 41.81, 0.703, 64.17, 0.299, 110.09, 0.098, 0.00, 0.000
23959,255594, 41.95, 75.46, 0.782, 0.787, 0.021127, 0.013913,1,1,0, 0.007407, 0.004261, 0.004249, 0.002303, 41.95, 0.782, 64.17, 0.260, 120.00, 0.105, 32.00, 0.034
23960,255605, 41.52, 61.20, 0.904, 0.911, 0.019214, 0.009750,1,1,0, 0.015591, 0.007439, 0.012882, 0.006932, 41.52, 0.904, 117.64, 0.106, 71.00, 0.094, 0.00, 0.000
23961,255616, 31.74, 48.83, 0.927, 0.928, 0.017699, 0.006832,1,1,0, 0.016806, 0.011046, 0.016808, 0.008960, 31.74, 0.927, 41.66, 0.713, 130.43, 0.392, 62.82, 0.032
23962,255626, 41.95, 45.94, 0.764, 0.776, 0.016232, 0.004788,1,1,0, 0.019271, 0.007200, 0.015972, 0.006964, 41.95, 0.764, 60.30, 0.321, 131.86, 0.150, 0.00, 0.000
23963,255637, 41.37, 44.02, 0.908, 0.934, 0.020370, 0.017786,1,1,0, 0.028674, 0.014017, 0.026022, 0.013112, 41.37, 0.908, 31.00, 0.630, 123.71, 0.304, 61.22, 0.180
23964,255648, 40.54, 42.56, 0.897, 0.926, 0.018276, 0.012464,1,1,0, 0.010472, 0.004965, 0.008962, 0.004237, 40.54, 0.897, 61.85, 0.263, 121.21, 0.046, 0.00, 0.000
23965,255658, 41.23, 42.00, 0.970, 0.978, 0.022884, 0.018545,1,1,0, 0.026941, 0.017007, 0.027405, 0.015598, 41.23, 0.970, 30.07, 0.377, 120.00, 0.208, 63.15, 0.120
23966,255669, 41.23, 41.68, 0.927, 0.947, 0.020965, 0.012996,1,1,0, 0.015818, 0.008694, 0.016026, 0.008202, 41.23, 0.927, 77.92, 0.311, 0.00, 0.000, 0.00, 0.000
23967,255680, 41.09, 41.43, 0.924, 0.945, 0.026383, 0.031960,1,1,0, 0.037400, 0.017481, 0.032970, 0.015352, 41.09, 0.924, 83.91, 0.472, 31.00, 0.458, 0.00, 0.000
23968,255690, 41.23, 41.35, 0.875, 0.910, 0.024941, 0.022397,1,1,0, 0.029184, 0.011017, 0.030008, 0.011789, 41.23, 0.875, 31.00, 0.535, 81.63, 0.426, 0.00, 0.000
23969,255701, 40.40, 40.95, 0.773, 0.836, 0.024606, 0.017576,1,1,0, 0.034433, 0.012292, 0.029315, 0.010464, 40.40, 0.773, 56.60, 0.224, 86.33, 0.199, 0.00, 0.000
23970,255712, 40.95, 40.95, 0.837, 0.882, 0.023522, 0.012317,1,1,0, 0.028818, 0.010821, 0.028288, 0.011241, 40.95, 0.837, 57.69, 0.401, 134.83, 0.197, 30.92, 0.095
23971,255722, 41.81, 41.31, 0.503, 0.586, 0.021293, 0.008631,1,1,0, 0.016779, 0.007410, 0.015316, 0.006860, 41.81, 0.503, 32.43, 0.287, 34.38, 0.248, 78.43, 0.209
23972,255733, 41.81, 41.52, 0.868, 0.905, 0.022776, 0.011257,1,1,0, 0.030280, 0.015753, 0.026278, 0.014291, 41.81, 0.868, 31.16, 0.406, 81.63, 0.325, 122.44, 0.022
23973,255744, 40.81, 41.22, 0.789, 0.848, 0.020859, 0.007889,1,1,0, 0.018330, 0.009708, 0.018092, 0.008692, 40.81, 0.789, 77.41, 0.342, 0.00, 0.000, 0.00, 0.000
23974,255754, 41.23, 41.23, 0.813, 0.865, 0.021844, 0.014849,1,1,0, 0.028750, 0.015585, 0.026339, 0.014650, 41.23, 0.813, 90.90, 0.289, 0.00, 0.000, 0.00, 0.000
23975,255765, 41.52, 41.35, 0.898, 0.927, 0.019703, 0.010406,1,1,0, 0.013122, 0.006395, 0.015714, 0.005552, 41.52, 0.898, 73.61, 0.277, 32.34, 0.019, 0.00, 0.000
23976,255776, 40.95, 41.18, 0.847, 0.890, 0.019720, 0.020357,1,1,0, 0.024624, 0.010887, 0.025106, 0.009922, 40.95, 0.847, 95.23, 0.231, 88.88, 0.229, 83.91, 0.225
23977,255786, 40.67, 40.97, 0.938, 0.955, 0.020119, 0.015099,1,1,0, 0.027907, 0.009242, 0.026916, 0.008960, 40.67, 0.938, 76.92, 0.365, 30.69, 0.254, 130.43, 0.086
23978,255797, 41.66, 41.26, 0.850, 0.892, 0.018390, 0.010581,1,1,0, 0.023287, 0.010418, 0.017241, 0.008361, 41.66, 0.850, 77.41, 0.339, 0.00, 0.000, 0.00, 0.000
23979,255808, 41.95, 41.55, 0.951, 0.964, 0.020163, 0.014108,1,1,0, 0.026558, 0.011869, 0.025267, 0.011545, 41.95, 0.951, 30.37, 0.345, 89.55, 0.233, 0.00, 0.000
23980,255818, 41.37, 41.48, 0.843, 0.887, 0.018347, 0.009886,1,1,0, 0.015158, 0.007254, 0.012706, 0.006769, 41.37, 0.843, 61.85, 0.207, 75.47, 0.192, 33.42, 0.138
23981,255829, 40.54, 41.08, 0.942, 0.958, 0.022864, 0.021303,1,1,0, 0.033795, 0.016898, 0.029068, 0.015280, 40.54, 0.942, 58.53, 0.174, 121.21, 0.162, 0.00, 0.000
23982,255840, 40.54, 40.85, 0.855, 0.895, 0.020435, 0.014929,1,1,0, 0.007794, 0.003328, 0.009734, 0.004374, 40.54, 0.855, 57.14, 0.193, 120.00, 0.083, 93.02, 0.082
23983,255850, 40.95, 40.89, 0.831, 0.878, 0.018895, 0.010462,1,1,0, 0.020918, 0.010503, 0.018820, 0.009417, 40.95, 0.831, 30.45, 0.539, 94.48, 0.256, 0.00, 0.000
23984,255861, 30.92, 36.71, 0.883, 0.888, 0.018529, 0.011466,1,1,0, 0.031834, 0.013665, 0.022371, 0.008688, 30.92, 0.883, 40.67, 0.554, 121.21, 0.281, 62.50, 0.170
23985,255872, 40.67, 38.37, 0.488, 0.530, 0.041720, 0.044571,1,1,0, 0.071072, 0.036837, 0.051331, 0.026350, 40.67, 0.488, 127.65, 0.441, 31.57, 0.161, 61.85, 0.157
23986,255882, 39.86, 39.00, 0.529, 0.577, 0.038304, 0.031235,1,1,0, 0.043441, 0.011788, 0.028182, 0.016817, 39.86, 0.529, 60.60, 0.200, 0.00, 0.000, 0.00, 0.000
23987,255893, 34.09, 36.93, 0.680, 0.687, 0.034574, 0.021888,1,1,0, 0.020141, 0.012110, 0.019357, 0.010272, 34.09, 0.680, 43.32, 0.436, 0.00, 0.000, 0.00, 0.000
23988,255904, 42.70, 39.36, 0.757, 0.764, 0.031716, 0.015339,1,1,0, 0.025840, 0.015431, 0.024548, 0.013419, 42.70, 0.757, 84.50, 0.038, 0.00, 0.000, 0.00, 0.000
23989,255914, 41.95, 40.45, 0.482, 0.534, 0.028509, 0.010749,1,1,0, 0.017340, 0.008440, 0.012897, 0.007516, 41.95, 0.482, 84.50, 0.257, 0.00, 0.000, 0.00, 0.000
23990,255925, 40.40, 40.43, 0.698, 0.758, 0.026221, 0.007533,1,1,0, 0.022674, 0.013005, 0.021330, 0.012181, 40.40, 0.698, 72.72, 0.363, 0.00, 0.000, 0.00, 0.000
23991,255936, 42.25, 41.19, 0.891, 0.921, 0.023609, 0.005278,1,1,0, 0.014636, 0.006534, 0.012253, 0.006197, 42.25, 0.891, 73.17, 0.349, 103.44, 0.150, 0.00, 0.000
23992,255946, 41.81, 41.45, 0.823, 0.872, 0.024700, 0.013392,1,1,0, 0.033921, 0.014595, 0.027762, 0.013137, 41.81, 0.823, 93.75, 0.424, 0.00, 0.000, 0.00, 0.000
23993,255957, 41.37, 41.42, 0.840, 0.884, 0.022792, 0.009384,1,1,0, 0.033809, 0.011563, 0.026661, 0.010203, 41.37, 0.840, 80.53, 0.489, 0.00, 0.000, 0.00, 0.000
23994,255968, 41.52, 41.46, 0.770, 0.834, 0.021937, 0.006576,1,1,0, 0.043428, 0.023678, 0.023215, 0.013157, 41.52, 0.770, 83.33, 0.622, 0.00, 0.000, 0.00, 0.000
23995,255978, 40.54, 41.07, 0.709, 0.791, 0.021309, 0.007336,1,1,0, 0.030051, 0.007817, 0.024959, 0.011848, 40.54, 0.709, 80.53, 0.463, 0.00, 0.000, 0.00, 0.000
23996,255989, 35.71, 38.82, 0.517, 0.523, 0.019290, 0.005141,1,1,0, 0.011627, 0.006846, 0.008696, 0.005547, 35.71, 0.517, 78.43, 0.441, 0.00, 0.000, 0.00, 0.000
23997,256000, 40.81, 39.66, 0.696, 0.733, 0.019610, 0.008844,1,1,0, 0.024707, 0.015563, 0.022726, 0.011892, 40.81, 0.696, 78.43, 0.271, 0.00, 0.000, 0.00, 0.000
23998,256010, 41.37, 40.38, 0.920, 0.942, 0.017815, 0.006198,1,1,0, 0.012951, 0.006851, 0.009665, 0.005943, 41.37, 0.920, 80.53, 0.444, 0.00, 0.000, 0.00, 0.000
23999,256021, 41.66, 40.92, 0.877, 0.912, 0.021669, 0.011971,1,1,0, 0.028548, 0.016259, 0.024715, 0.014967, 41.66, 0.877, 86.33, 0.520, 0.00, 0.000, 0.00, 0.000
24000,256032, 41.37, 41.11, 0.949, 0.963, 0.019367, 0.008389,1,1,0, 0.012207, 0.007248, 0.007696, 0.003729, 41.37, 0.949, 81.08, 0.427, 0.00, 0.000, 0.00, 0.000
24001,256042, 40.95, 41.04, 0.974, 0.981, 0.017909, 0.005879,1,1,0, 0.020297, 0.010390, 0.018525, 0.009153, 40.95, 0.974, 85.71, 0.403, 0.00, 0.000, 0.00, 0.000
24002,256053, 41.23, 41.12, 0.945, 0.960, 0.016900, 0.004120,1,1,0, 0.019340, 0.008288, 0.019577, 0.008031, 41.23, 0.945, 81.63, 0.427, 0.00, 0.000, 0.00, 0.000
24003,256064, 41.23, 41.17, 0.856, 0.896, 0.015937, 0.003875,1,1,0, 0.020456, 0.007763, 0.016904, 0.006959, 41.23, 0.856, 82.75, 0.502, 0.00, 0.000, 0.00, 0.000
24004,256074, 40.95, 41.08, 0.980, 0.985, 0.015673, 0.005944,1,1,0, 0.020328, 0.009323, 0.018424, 0.008864, 40.95, 0.980, 82.19, 0.602, 0.00, 0.000, 0.00, 0.000
24005,256085, 40.95, 41.02, 0.983, 0.988, 0.014278, 0.004165,1,1,0, 0.010374, 0.005761, 0.008331, 0.005160, 40.95, 0.983, 80.53, 0.616, 0.00, 0.000, 0.00, 0.000
24006,256096, 41.09, 41.05, 0.991, 0.994, 0.016353, 0.011546,1,1,0, 0.021298, 0.011994, 0.019723, 0.010781, 41.09, 0.991, 83.91, 0.596, 0.00, 0.000, 0.00, 0.000
24007,256106, 41.23, 41.13, 0.992, 0.994, 0.014882, 0.008091,1,1,0, 0.009683, 0.005336, 0.010047, 0.005177, 41.23, 0.992, 80.53, 0.600, 0.00, 0.000, 0.00, 0.000
24008,256117, 41.09, 41.11, 0.993, 0.995, 0.016193, 0.009466,1,1,0, 0.018947, 0.010939, 0.018366, 0.010130, 41.09, 0.993, 85.10, 0.641, 0.00, 0.000, 0.00, 0.000
24009,256128, 41.09, 41.10, 0.996, 0.997, 0.014601, 0.006633,1,1,0, 0.011006, 0.004869, 0.009976, 0.004096, 41.09, 0.996, 80.53, 0.641, 0.00, 0.000, 0.00, 0.000
24010,256138, 41.09, 41.10, 0.990, 0.993, 0.014273, 0.005587,1,1,0, 0.018527, 0.009167, 0.015692, 0.007610, 41.09, 0.990, 82.19, 0.641, 0.00, 0.000, 0.00, 0.000
24011,256149, 41.09, 41.10, 0.993, 0.995, 0.014126, 0.006233,1,1,0, 0.015234, 0.006882, 0.017242, 0.007493, 41.09, 0.993, 82.19, 0.626, 0.00, 0.000, 0.00, 0.000
24012,256160, 41.09, 41.09, 0.979, 0.985, 0.012852, 0.004368,1,1,0, 0.011991, 0.005218, 0.011454, 0.004705, 41.09, 0.979, 82.19, 0.617, 0.00, 0.000, 0.00, 0.000
24013,256170, 40.95, 41.03, 0.995, 0.996, 0.014143, 0.006200,1,1,0, 0.020205, 0.010633, 0.016410, 0.009732, 40.95, 0.995, 82.19, 0.639, 0.00, 0.000, 0.00, 0.000
24014,256181, 41.09, 41.06, 0.984, 0.988, 0.012986, 0.004344,1,1,0, 0.010192, 0.006033, 0.010621, 0.005581, 41.09, 0.984, 80.00, 0.673, 0.00, 0.000, 0.00, 0.000
24015,256192, 41.23, 41.13, 0.994, 0.996, 0.015295, 0.007784,1,1,0, 0.019012, 0.011329, 0.017245, 0.010430, 41.23, 0.994, 83.91, 0.727, 0.00, 0.000, 0.00, 0.000
24016,256202, 41.23, 41.17, 0.995, 0.996, 0.013892, 0.005455,1,1,0, 0.009728, 0.005094, 0.009520, 0.004844, 41.23, 0.995, 81.08, 0.727, 0.00, 0.000, 0.00, 0.000
24017,256213, 41.23, 41.20, 0.992, 0.994, 0.014236, 0.005939,1,1,0, 0.018402, 0.009505, 0.015934, 0.008302, 41.23, 0.992, 84.50, 0.697, 0.00, 0.000, 0.00, 0.000
24018,256224, 41.09, 41.15, 0.989, 0.992, 0.013534, 0.004168,1,1,0, 0.013631, 0.007057, 0.016069, 0.006844, 41.09, 0.989, 82.19, 0.719, 0.00, 0.000, 0.00, 0.000
24019,256234, 41.09, 41.13, 0.982, 0.987, 0.014191, 0.008749,1,1,0, 0.019519, 0.008151, 0.016195, 0.007144, 41.09, 0.982, 82.75, 0.744, 0.00, 0.000, 0.00, 0.000
24020,256245, 40.95, 41.05, 0.992, 0.994, 0.013605, 0.006131,1,1,0, 0.018770, 0.009054, 0.015342, 0.008162, 40.95, 0.992, 81.63, 0.747, 0.00, 0.000, 0.00, 0.000
24021,256256, 40.67, 40.89, 0.978, 0.984, 0.012471, 0.004296,1,1,0, 0.009152, 0.005746, 0.009438, 0.005438, 40.67, 0.978, 81.08, 0.740, 0.00, 0.000, 0.00, 0.000
24022,256266, 41.09, 40.98, 0.989, 0.992, 0.014401, 0.009070,1,1,0, 0.020487, 0.011313, 0.017253, 0.010475, 41.09, 0.989, 82.75, 0.699, 0.00, 0.000, 0.00, 0.000
24023,256277, 41.37, 41.14, 0.980, 0.986, 0.013200, 0.006356,1,1,0, 0.008977, 0.005625, 0.009787, 0.005477, 41.37, 0.980, 82.19, 0.709, 0.00, 0.000, 0.00, 0.000
24024,256288, 41.37, 41.24, 0.992, 0.994, 0.014016, 0.004976,1,1,0, 0.019437, 0.010453, 0.015034, 0.009583, 41.37, 0.992, 84.50, 0.751, 0.00, 0.000, 0.00, 0.000
24025,256298, 41.23, 41.24, 0.991, 0.993, 0.012736, 0.003487,1,1,0, 0.008668, 0.004935, 0.008416, 0.004303, 41.23, 0.991, 80.53, 0.750, 0.00, 0.000, 0.00, 0.000
24026,256309, 40.95, 41.12, 0.978, 0.984, 0.013675, 0.007434,1,1,0, 0.019206, 0.009489, 0.015553, 0.007745, 40.95, 0.978, 82.19, 0.714, 0.00, 0.000, 0.00, 0.000
24027,256320, 40.95, 41.05, 0.990, 0.992, 0.012631, 0.005209,1,1,0, 0.009665, 0.005647, 0.013195, 0.006524, 40.95, 0.990, 82.19, 0.684, 0.00, 0.000, 0.00, 0.000
24028,256330, 41.09, 41.07, 0.988, 0.991, 0.011741, 0.005278,1,1,0, 0.013558, 0.005876, 0.013251, 0.005267, 41.09, 0.988, 82.19, 0.680, 0.00, 0.000, 0.00, 0.000
24029,256341, 40.95, 41.02, 0.993, 0.995, 0.013171, 0.007382,1,1,0, 0.019951, 0.009873, 0.015636, 0.008911, 40.95, 0.993, 81.63, 0.721, 0.00, 0.000, 0.00, 0.000
24030,256352, 41.09, 41.05, 0.988, 0.992, 0.012124, 0.005173,1,1,0, 0.009607, 0.005866, 0.010084, 0.005606, 41.09, 0.988, 81.08, 0.765, 0.00, 0.000, 0.00, 0.000
24031,256362, 41.23, 41.13, 0.998, 0.998, 0.014302, 0.007970,1,1,0, 0.021340, 0.010735, 0.016799, 0.009917, 41.23, 0.998, 83.33, 0.796, 0.00, 0.000, 0.00, 0.000
24032,256373, 41.23, 41.17, 0.996, 0.997, 0.013126, 0.005585,1,1,0, 0.010737, 0.005923, 0.010880, 0.005514, 41.23, 0.996, 81.63, 0.797, 0.00, 0.000, 0.00, 0.000
24033,256384, 41.23, 41.20, 0.994, 0.995, 0.013896, 0.008157,1,1,0, 0.019468, 0.009423, 0.016032, 0.008402, 41.23, 0.994, 83.91, 0.787, 0.00, 0.000, 0.00, 0.000
24034,256394, 41.09, 41.15, 0.995, 0.996, 0.012729, 0.005716,1,1,0, 0.008793, 0.005515, 0.011663, 0.005252, 41.09, 0.995, 81.63, 0.777, 0.00, 0.000, 0.00, 0.000
24035,256405, 41.09, 41.13, 0.988, 0.991, 0.014218, 0.009908,1,1,0, 0.020511, 0.009133, 0.016201, 0.007808, 41.09, 0.988, 82.19, 0.757, 0.00, 0.000, 0.00, 0.000
24036,256416, 41.09, 41.11, 0.990, 0.993, 0.013116, 0.006943,1,1,0, 0.017476, 0.006188, 0.012321, 0.006250, 41.09, 0.990, 81.63, 0.722, 0.00, 0.000, 0.00, 0.000
24037,256426, 41.09, 41.10, 0.986, 0.990, 0.011987, 0.004865,1,1,0, 0.008939, 0.005679, 0.009227, 0.004963, 41.09, 0.986, 82.19, 0.731, 0.00, 0.000, 0.00, 0.000
24038,256437, 41.09, 41.10, 0.997, 0.998, 0.014631, 0.010707,1,1,0, 0.022418, 0.010891, 0.018342, 0.009970, 41.09, 0.997, 82.19, 0.737, 0.00, 0.000, 0.00, 0.000
24039,256448, 41.09, 41.09, 0.994, 0.995, 0.013311, 0.007503,1,1,0, 0.010196, 0.005353, 0.009684, 0.004974, 41.09, 0.994, 82.19, 0.734, 0.00, 0.000, 0.00, 0.000
24040,256458, 41.95, 41.46, 0.955, 0.968, 0.013230, 0.005595,1,1,0, 0.018604, 0.008833, 0.015256, 0.008214, 41.95, 0.955, 84.50, 0.719, 0.00, 0.000, 0.00, 0.000
24041,256469, 74.07, 40.91, 0.514, 0.483, 0.173604, 0.586225,1,1,1, 0.349639, 0.123969, 0.301463, 0.108741, 74.07, 0.514, 40.67, 0.384, 141.17, 0.163, 0.00, 0.000
24042,256480, 40.40, 40.55, 0.708, 0.763, 0.303494, 0.413546,1,1,0, 0.404762, 0.194071, 0.411733, 0.185469, 40.40, 0.708, 96.00, 0.623, 33.80, 0.123, 57.14, 0.021
24043,256490, 97.56, 80.45, 0.783, 0.791, 0.325584, 0.289805,1,1,0, 0.412656, 0.191419, 0.401664, 0.181467, 97.56, 0.783, 48.78, 0.468, 36.47, 0.101, 0.00, 0.000
24044,256501, 98.36, 92.99, 0.899, 0.927, 0.331131, 0.218607,1,1,0, 0.396855, 0.188621, 0.402860, 0.178923, 98.36, 0.899, 49.18, 0.851, 32.60, 0.738, 0.00, 0.000
24045,256512, 99.17, 97.31, 0.994, 0.996, 0.323658, 0.156258,1,1,0, 0.387620, 0.180364, 0.384687, 0.172435, 99.17, 0.994, 49.58, 0.990, 32.96, 0.983, 0.00, 0.000
24046,256522, 99.17, 98.61, 0.998, 0.998, 0.317478, 0.163918,1,1,0, 0.381688, 0.178044, 0.383476, 0.169474, 99.17, 0.998, 32.96, 0.997, 49.38, 0.996, 0.00, 0.000
24047,256533, 99.17, 99.00, 0.997, 0.998, 0.321563, 0.206940,1,1,0, 0.391171, 0.185533, 0.401536, 0.176954, 99.17, 0.997, 32.96, 0.996, 49.58, 0.995, 0.00, 0.000
24048,256544, 99.17, 99.12, 0.998, 0.998, 0.326107, 0.206805,1,1,0, 0.412524, 0.191996, 0.409151, 0.182651, 99.17, 0.998, 49.58, 0.996, 32.96, 0.995, 0.00, 0.000
24049,256554, 32.96, 52.81, 0.999, 0.999, 0.322609, 0.175423,1,1,0, 0.394312, 0.190411, 0.399438, 0.179385, 32.96, 0.999, 99.17, 0.997, 49.38, 0.996, 0.00, 0.000
24050,256565, 99.17, 85.26, 0.997, 0.998, 0.319328, 0.154603,1,1,0, 0.414421, 0.199434, 0.389509, 0.186015, 99.17, 0.997, 49.38, 0.997, 32.96, 0.996, 0.00, 0.000
24051,256576, 32.96, 91.10, 0.998, 0.998, 0.317840, 0.156662,1,1,0, 0.415556, 0.198808, 0.390149, 0.186430, 32.96, 0.998, 99.17, 0.997, 49.38, 0.997, 0.00, 0.000
24052,256586, 32.96, 66.68, 0.998, 0.999, 0.314776, 0.160477,1,1,0, 0.396953, 0.188574, 0.389594, 0.175303, 32.96, 0.998, 99.17, 0.998, 49.38, 0.997, 0.00, 0.000
24053,256597, 32.96, 80.33, 0.998, 0.998, 0.318485, 0.190550,1,1,0, 0.394714, 0.188047, 0.405018, 0.181985, 32.96, 0.998, 99.17, 0.998, 49.58, 0.997, 0.00, 0.000
24054,256608, 99.17, 88.24, 0.998, 0.998, 0.335361, 0.195029,1,1,0, 0.408192, 0.204957, 0.404584, 0.198587, 99.17, 0.998, 32.96, 0.998, 49.38, 0.996, 0.00, 0.000
24055,256618, 32.96, 92.83, 0.998, 0.998, 0.343051, 0.224765,1,1,0, 0.401092, 0.199931, 0.398068, 0.194693, 32.96, 0.998, 99.17, 0.998, 49.38, 0.997, 0.00, 0.000
24056,256629, 32.96, 67.69, 0.998, 0.998, 0.337271, 0.183219,1,1,0, 0.395035, 0.187491, 0.384566, 0.179679, 32.96, 0.998, 99.17, 0.997, 49.38, 0.997, 0.00, 0.000
24057,256640, 99.17, 80.91, 0.998, 0.998, 0.333103, 0.206399,1,1,0, 0.388995, 0.181187, 0.388498, 0.172360, 99.17, 0.998, 32.96, 0.998, 49.38, 0.997, 0.00, 0.000
24058,256650, 32.96, 60.77, 0.999, 0.999, 0.334740, 0.229110,1,1,0, 0.389013, 0.185135, 0.397788, 0.175566, 32.96, 0.999, 99.17, 0.998, 49.58, 0.997, 0.00, 0.000
24059,256661, 99.17, 76.90, 0.998, 0.999, 0.333658, 0.201955,1,1,0, 0.400224, 0.186702, 0.394030, 0.177750, 99.17, 0.998, 49.58, 0.997, 32.96, 0.997, 0.00, 0.000
24060,256672, 32.96, 86.25, 0.999, 0.999, 0.328446, 0.190104,1,1,0, 0.389647, 0.182670, 0.388850, 0.173323, 32.96, 0.999, 99.17, 0.998, 49.38, 0.998, 0.00, 0.000
24061,256682, 49.38, 91.68, 0.998, 0.998, 0.323147, 0.166125,1,1,0, 0.395827, 0.181791, 0.380750, 0.173457, 49.38, 0.998, 32.96, 0.998, 99.17, 0.998, 0.00, 0.000
24062,256693, 32.96, 94.82, 0.998, 0.999, 0.321942, 0.179765,1,1,0, 0.400353, 0.184047, 0.385564, 0.174904, 32.96, 0.998, 99.17, 0.998, 49.38, 0.998, 0.00, 0.000
24063,256704, 32.96, 96.65, 0.998, 0.999, 0.317866, 0.171427,1,1,0, 0.387594, 0.179758, 0.381623, 0.171867, 32.96, 0.998, 49.38, 0.998, 99.17, 0.998, 0.00, 0.000
24064,256714, 99.17, 97.71, 0.999, 0.999, 0.316721, 0.180728,1,1,0, 0.393716, 0.181453, 0.386109, 0.173083, 99.17, 0.999, 32.96, 0.998, 49.58, 0.998, 0.00, 0.000
24065,256725, 32.96, 98.32, 0.999, 0.999, 0.316659, 0.177198,1,1,0, 0.396259, 0.184627, 0.387462, 0.175521, 32.96, 0.999, 99.17, 0.999, 49.58, 0.998, 0.00, 0.000
24066,256736, 99.17, 98.68, 0.998, 0.999, 0.313684, 0.141716,1,1,0, 0.406915, 0.184465, 0.377751, 0.175881, 99.17, 0.998, 49.38, 0.998, 32.96, 0.998, 0.00, 0.000
24067,256746, 32.96, 98.88, 0.999, 0.999, 0.312778, 0.156727,1,1,0, 0.403468, 0.189431, 0.383275, 0.179057, 32.96, 0.999, 99.17, 0.998, 49.38, 0.998, 0.00, 0.000
24068,256757, 32.96, 99.00, 0.998, 0.999, 0.310263, 0.132120,1,1,0, 0.397471, 0.196439, 0.372834, 0.183942, 32.96, 0.998, 99.17, 0.998, 49.38, 0.998, 0.00, 0.000
24069,256768, 32.96, 99.07, 0.999, 0.999, 0.311732, 0.136417,1,1,0, 0.396846, 0.198112, 0.372134, 0.184735, 32.96, 0.999, 99.17, 0.999, 49.38, 0.998, 0.00, 0.000
24070,256778, 32.96, 99.11, 0.999, 0.999, 0.314728, 0.150880,1,1,0, 0.405792, 0.191407, 0.379097, 0.179068, 32.96, 0.999, 99.17, 0.999, 49.38, 0.998, 0.00, 0.000
24071,256789, 32.96, 71.33, 0.999, 0.999, 0.311883, 0.133158,1,1,0, 0.397785, 0.182881, 0.375629, 0.176034, 32.96, 0.999, 99.17, 0.999, 49.38, 0.998, 0.00, 0.000
24072,256800, 32.96, 55.22, 0.999, 0.999, 0.320732, 0.158186,1,1,0, 0.398029, 0.193417, 0.370898, 0.188851, 32.96, 0.999, 49.38, 0.999, 99.17, 0.998, 0.00, 0.000
24073,256810, 32.96, 52.76, 0.999, 0.999, 0.327223, 0.163156,1,1,0, 0.403386, 0.193545, 0.367272, 0.188229, 32.96, 0.999, 49.38, 0.998, 99.17, 0.998, 0.00, 0.000
24074,256821, 32.96, 51.34, 0.999, 0.999, 0.323664, 0.160394,1,1,0, 0.388909, 0.183832, 0.364360, 0.176498, 32.96, 0.999, 99.17, 0.999, 49.38, 0.998, 0.00, 0.000
24075,256832, 99.17, 71.43, 0.999, 0.999, 0.321893, 0.160998,1,1,0, 0.395041, 0.179981, 0.365267, 0.171441, 99.17, 0.999, 32.96, 0.999, 49.38, 0.998, 0.00, 0.000
24076,256842, 32.96, 83.08, 0.999, 0.999, 0.322023, 0.172185,1,1,0, 0.394463, 0.181698, 0.370580, 0.172557, 32.96, 0.999, 99.17, 0.999, 49.58, 0.998, 0.00, 0.000
24077,256853, 32.96, 89.84, 0.999, 0.999, 0.317745, 0.134749,1,1,0, 0.397072, 0.179789, 0.360235, 0.171378, 32.96, 0.999, 99.17, 0.999, 49.38, 0.998, 0.00, 0.000
24078,256864, 99.17, 93.76, 0.999, 0.999, 0.314365, 0.139191,1,1,0, 0.394436, 0.179822, 0.360880, 0.170960, 99.17, 0.999, 32.96, 0.999, 49.38, 0.998, 0.00, 0.000
24079,256874, 99.17, 96.03, 0.999, 0.999, 0.308601, 0.126602,1,1,0, 0.385513, 0.176333, 0.354508, 0.167635, 99.17, 0.999, 32.96, 0.998, 49.38, 0.998, 0.00, 0.000
24080,256885, 32.96, 97.35, 0.999, 0.999, 0.304960, 0.131690,1,1,0, 0.386116, 0.176713, 0.354509, 0.167993, 32.96, 0.999, 99.17, 0.999, 49.38, 0.998, 0.00, 0.000
24081,256896, 32.96, 98.11, 0.999, 0.999, 0.302924, 0.139292,1,1,0, 0.382609, 0.176823, 0.356779, 0.168216, 32.96, 0.999, 99.17, 0.999, 49.38, 0.998, 0.00, 0.000
24082,256906, 99.17, 98.56, 0.999, 0.999, 0.300525, 0.121467,1,1,0, 0.386212, 0.176906, 0.351895, 0.169191, 99.17, 0.999, 32.96, 0.999, 49.38, 0.998, 0.00, 0.000
24083,256917, 32.96, 98.81, 0.999, 0.999, 0.296919, 0.119342,1,1,0, 0.381657, 0.175660, 0.350130, 0.167150, 32.96, 0.999, 99.17, 0.999, 49.38, 0.999, 0.00, 0.000
24084,256928, 32.96, 98.96, 0.999, 0.999, 0.294436, 0.113503,1,1,0, 0.383351, 0.176345, 0.348564, 0.168285, 32.96, 0.999, 99.17, 0.999, 49.38, 0.999, 0.00, 0.000
24085,256938, 32.96, 99.05, 0.999, 0.999, 0.293620, 0.115380,1,1,0, 0.385852, 0.182209, 0.349906, 0.172574, 32.96, 0.999, 99.17, 0.999, 49.38, 0.999, 0.00, 0.000
24086,256949, 32.96, 99.10, 0.999, 0.999, 0.295144, 0.106143,1,1,0, 0.382041, 0.191409, 0.345852, 0.179595, 32.96, 0.999, 99.17, 0.999, 49.38, 0.999, 0.00, 0.000
24087,256960, 32.96, 99.13, 0.999, 0.999, 0.299638, 0.106575,1,1,0, 0.382137, 0.194109, 0.345257, 0.180955, 32.96, 0.999, 99.17, 0.999, 49.38, 0.999, 0.00, 0.000
24088,256970, 32.96, 99.15, 0.999, 0.999, 0.299302, 0.108496,1,1,0, 0.383373, 0.184068, 0.346271, 0.172824, 32.96, 0.999, 99.17, 0.999, 49.38, 0.998, 0.00, 0.000
24089,256981, 32.96, 99.16, 0.999, 0.999, 0.296238, 0.094919,1,1,0, 0.380638, 0.175522, 0.340223, 0.168468, 32.96, 0.999, 99.17, 0.999, 49.38, 0.998, 0.00, 0.000
24090,256992, 32.96, 99.16, 0.999, 0.999, 0.300101, 0.112701,1,1,0, 0.378361, 0.183478, 0.337356, 0.179187, 32.96, 0.999, 99.17, 0.999, 49.38, 0.998, 0.00, 0.000
24091,257002, 32.96, 99.16, 0.999, 0.999, 0.304225, 0.113485,1,1,0, 0.379512, 0.184414, 0.332506, 0.179358, 32.96, 0.999, 99.17, 0.999, 49.38, 0.998, 0.00, 0.000
24092,257013, 32.96, 99.17, 0.999, 0.999, 0.301619, 0.103045,1,1,0, 0.376802, 0.177988, 0.327881, 0.171203, 32.96, 0.999, 99.17, 0.999, 49.38, 0.999, 0.00, 0.000
24093,257024, 32.96, 99.17, 0.999, 0.999, 0.298892, 0.100051,1,1,0, 0.379589, 0.173269, 0.324249, 0.165036, 32.96, 0.999, 99.17, 0.999, 49.38, 0.999, 0.00, 0.000
24094,257034, 32.96, 99.17, 0.999, 0.999, 0.295201, 0.094240,1,1,0, 0.374384, 0.170265, 0.323669, 0.162053, 32.96, 0.999, 99.17, 0.999, 49.38, 0.999, 0.00, 0.000
24095,257045, 32.96, 99.17, 0.999, 0.999, 0.292544, 0.097802,1,1,0, 0.376042, 0.170724, 0.321674, 0.162594, 32.96, 0.999, 99.17, 0.999, 49.38, 0.999, 0.00, 0.000
24096,257056, 32.96, 99.17, 0.999, 0.999, 0.290097, 0.095272,1,1,0, 0.375557, 0.170620, 0.321625, 0.162171, 32.96, 0.999, 99.17, 0.999, 49.38, 0.999, 0.00, 0.000
24097,257066, 32.96, 99.17, 0.999, 0.999, 0.286922, 0.096057,1,1,0, 0.374595, 0.170519, 0.319494, 0.161752, 32.96, 0.999, 99.17, 0.999, 49.38, 0.999, 0.00, 0.000
24098,257077, 99.17, 99.17, 0.999, 0.999, 0.284158, 0.090375,1,1,0, 0.373304, 0.169541, 0.318610, 0.160956, 99.17, 0.999, 32.96, 0.999, 49.38, 0.998, 0.00, 0.000
24099,257088, 32.96, 99.17, 0.999, 0.999, 0.281680, 0.087778,1,1,0, 0.372439, 0.168832, 0.319653, 0.160605, 32.96, 0.999, 99.17, 0.999, 49.38, 0.998, 0.00, 0.000
24100,257098, 99.17, 99.17, 0.999, 0.999, 0.278974, 0.089882,1,1,0, 0.374522, 0.168241, 0.317002, 0.160434, 99.17, 0.999, 32.96, 0.999, 49.38, 0.998, 0.00, 0.000
24101,257109, 32.96, 99.17, 0.999, 0.999, 0.276095, 0.089461,1,1,0, 0.374097, 0.167757, 0.316375, 0.159802, 32.96, 0.999, 99.17, 0.999, 49.38, 0.998, 0.00, 0.000
24102,257120, 99.17, 99.17, 0.999, 0.999, 0.273386, 0.088448,1,1,0, 0.372300, 0.167357, 0.315612, 0.159773, 99.17, 0.999, 32.96, 0.999, 49.38, 0.998, 0.00, 0.000
24103,257130, 32.96, 99.17, 0.999, 0.999, 0.272258, 0.091813,1,1,0, 0.374269, 0.173338, 0.316686, 0.164582, 32.96, 0.999, 99.17, 0.999, 49.38, 0.998, 0.00, 0.000
24104,257141, 99.17, 99.17, 0.999, 0.999, 0.276253, 0.124514,1,1,0, 0.373182, 0.181971, 0.316814, 0.171078, 99.17, 0.999, 32.96, 0.999, 49.38, 0.999, 0.00, 0.000
24105,257152, 32.96, 99.17, 0.999, 0.999, 0.283503, 0.129604,1,1,0, 0.373171, 0.184749, 0.318267, 0.172453, 32.96, 0.999, 99.17, 0.999, 49.38, 0.999, 0.00, 0.000
24106,257162, 32.96, 99.17, 0.999, 0.999, 0.282346, 0.132756,1,1,0, 0.370388, 0.173457, 0.316508, 0.162816, 32.96, 0.999, 99.17, 0.999, 49.38, 0.999, 0.00, 0.000
24107,257173, 32.96, 99.17, 0.999, 0.999, 0.280510, 0.132177,1,1,0, 0.369919, 0.166181, 0.316451, 0.159082, 32.96, 0.999, 99.17, 0.999, 49.38, 0.999, 0.00, 0.000
24108,257184, 32.96, 99.17, 0.999, 0.999, 0.281135, 0.134095,1,1,0, 0.368961, 0.172069, 0.317455, 0.167554, 32.96, 0.999, 99.17, 0.999, 49.38, 0.999, 0.00, 0.000
24109,257194, 32.96, 99.17, 0.999, 0.999, 0.282382, 0.129053,1,1,0, 0.366539, 0.173713, 0.315081, 0.169268, 32.96, 0.999, 99.17, 0.999, 49.38, 0.999, 0.00, 0.000
24110,257205, 32.96, 99.17, 0.999, 0.999, 0.280765, 0.128459,1,1,0, 0.365220, 0.169364, 0.314605, 0.163028, 32.96, 0.999, 99.17, 0.999, 49.38, 0.998, 0.00, 0.000
24111,257216, 99.17, 99.17, 0.999, 0.999, 0.278694, 0.128787,1,1,0, 0.365170, 0.164929, 0.314923, 0.157315, 99.17, 0.999, 32.96, 0.999, 49.38, 0.999, 0.00, 0.000
24112,257226, 32.96, 99.17, 0.999, 0.999, 0.275254, 0.125213,1,1,0, 0.362694, 0.162264, 0.313629, 0.154493, 32.96, 0.999, 99.17, 0.999, 49.38, 0.999, 0.00, 0.000
24113,257237, 99.17, 99.17, 0.999, 0.999, 0.272104, 0.120654,1,1,0, 0.360697, 0.161344, 0.311407, 0.153738, 99.17, 0.999, 32.96, 0.999, 49.38, 0.998, 0.00, 0.000
24114,257248, 32.96, 99.17, 0.999, 0.999, 0.269341, 0.118048,1,1,0, 0.360575, 0.161606, 0.310279, 0.153486, 32.96, 0.999, 99.17, 0.999, 49.38, 0.998, 0.00, 0.000
24115,257258, 99.17, 99.17, 0.999, 0.999, 0.267288, 0.118163,1,1,0, 0.361239, 0.162444, 0.310773, 0.153843, 99.17, 0.999, 32.96, 0.999, 49.38, 0.999, 0.00, 0.000
24116,257269, 32.96, 99.17, 0.999, 0.999, 0.264737, 0.115965,1,1,0, 0.361634, 0.161177, 0.310629, 0.152825, 32.96, 0.999, 99.17, 0.999, 49.38, 0.999, 0.00, 0.000
24117,257280, 99.17, 99.17, 0.999, 0.999, 0.261893, 0.111435,1,1,0, 0.359650, 0.159472, 0.308680, 0.151562, 99.17, 0.999, 32.96, 0.999, 49.38, 0.999, 0.00, 0.000
24118,257290, 32.96, 99.17, 0.999, 0.999, 0.259425, 0.112520,1,1,0, 0.361117, 0.159294, 0.309323, 0.151358, 32.96, 0.999, 99.17, 0.999, 49.38, 0.999, 0.00, 0.000
24119,257301, 99.17, 99.17, 0.999, 0.999, 0.257672, 0.113813,1,1,0, 0.362196, 0.159502, 0.310532, 0.151716, 99.17, 0.999, 32.96, 0.999, 49.38, 0.999, 0.00, 0.000
24120,257312, 32.96, 99.17, 0.999, 0.999, 0.255920, 0.115318,1,1,0, 0.362402, 0.159120, 0.312056, 0.152058, 32.96, 0.999, 99.17, 0.999, 49.38, 0.999, 0.00, 0.000
24121,257322, 99.17, 99.17, 0.999, 0.999, 0.254927, 0.113426,1,1,0, 0.361702, 0.164260, 0.311462, 0.156472, 99.17, 0.999, 32.96, 0.999, 49.38, 0.999, 0.00, 0.000
24122,257333, 32.96, 99.17, 0.999, 0.999, 0.263019, 0.160567,1,1,0, 0.362010, 0.173972, 0.312624, 0.163861, 32.96, 0.999, 99.17, 0.999, 49.38, 0.999, 0.00, 0.000
24123,257344, 32.96, 99.17, 0.999, 0.999, 0.273738, 0.163614,1,1,0, 0.363767, 0.176444, 0.314716, 0.165264, 32.96, 0.999, 99.17, 0.999, 49.38, 0.999, 0.00, 0.000
24124,257354, 32.96, 99.17, 0.999, 0.999, 0.272585, 0.161276,1,1,0, 0.359167, 0.165071, 0.313645, 0.155083, 32.96, 0.999, 99.17, 0.999, 49.38, 0.999, 0.00, 0.000
24125,257365, 32.96, 99.17, 0.999, 0.999, 0.270310, 0.157066,1,1,0, 0.358019, 0.157132, 0.312457, 0.149943, 32.96, 0.999, 99.17, 0.999, 49.38, 0.999, 0.00, 0.000
24126,257376, 32.96, 99.17, 0.999, 0.999, 0.270307, 0.159811,1,1,0, 0.358412, 0.161963, 0.314127, 0.157400, 32.96, 0.999, 99.17, 0.999, 49.38, 0.999, 0.00, 0.000
24127,257386, 32.96, 99.17, 0.999, 0.999, 0.269856, 0.154368,1,1,0, 0.355233, 0.163588, 0.313079, 0.159249, 32.96, 0.999, 99.17, 0.999, 49.38, 0.999, 0.00, 0.000
24128,257397, 32.96, 99.17, 0.999, 0.999, 0.268803, 0.149442,1,1,0, 0.352859, 0.160549, 0.311826, 0.154899, 32.96, 0.999, 99.17, 0.999, 49.38, 0.999, 0.00, 0.000
24129,257408, 32.96, 99.17, 0.999, 0.999, 0.267021, 0.145684,1,1,0, 0.351261, 0.155956, 0.310780, 0.148897, 32.96, 0.999, 99.17, 0.999, 49.38, 0.999, 0.00, 0.000
24130,257418, 99.17, 99.17, 0.999, 0.999, 0.265614, 0.145600,1,1,0, 0.351025, 0.155153, 0.311579, 0.147743, 99.17, 0.999, 32.96, 0.999, 49.38, 0.999, 0.00, 0.000
24131,257429, 32.96, 99.17, 0.999, 0.999, 0.263568, 0.138549,1,1,0, 0.347830, 0.153654, 0.309942, 0.146388, 32.96, 0.999, 99.17, 0.999, 49.38, 0.999, 0.00, 0.000
24132,257440, 99.17, 99.17, 0.999, 0.999, 0.261356, 0.132367,1,1,0, 0.346073, 0.154277, 0.308233, 0.146558, 99.17, 0.999, 32.96, 0.999, 49.38, 0.999, 0.00, 0.000
24133,257450, 32.96, 99.17, 0.999, 0.999, 0.259240, 0.126101,1,1,0, 0.343801, 0.154843, 0.306171, 0.146566, 32.96, 0.999, 99.17, 0.999, 49.38, 0.998, 0.00, 0.000
24134,257461, 99.17, 99.17, 0.999, 0.999, 0.258365, 0.127328,1,1,0, 0.345557, 0.155144, 0.307504, 0.147017, 99.17, 0.999, 32.96, 0.999, 49.38, 0.998, 0.00, 0.000
24135,257472, 32.96, 99.17, 0.999, 0.999, 0.255950, 0.117343,1,1,0, 0.342048, 0.152731, 0.304508, 0.144787, 32.96, 0.999, 99.17, 0.999, 49.38, 0.999, 0.00, 0.000
24136,257482, 99.17, 99.17, 0.999, 0.999, 0.253700, 0.114757,1,1,0, 0.341583, 0.152483, 0.303738, 0.144602, 99.17, 0.999, 32.96, 0.999, 49.38, 0.999, 0.00, 0.000
24137,257493, 32.96, 99.17, 0.999, 0.999, 0.251132, 0.109946,1,1,0, 0.340631, 0.151790, 0.301926, 0.144115, 32.96, 0.999, 99.17, 0.999, 49.38, 0.998, 0.00, 0.000
24138,257504, 99.17, 99.17, 0.999, 0.999, 0.250580, 0.113498,1,1,0, 0.342672, 0.152694, 0.304267, 0.145984, 99.17, 0.999, 32.96, 0.999, 49.38, 0.998, 0.00, 0.000
24139,257514, 32.96, 99.17, 0.999, 0.999, 0.249785, 0.107350,1,1,0, 0.340760, 0.156592, 0.302864, 0.149528, 32.96, 0.999, 99.17, 0.999, 49.38, 0.999, 0.00, 0.000
24140,257525, 32.96, 99.17, 0.999, 0.999, 0.258697, 0.146523,1,1,0, 0.341355, 0.165936, 0.303308, 0.157005, 32.96, 0.999, 99.17, 0.999, 49.38, 0.999, 0.00, 0.000
24141,257536, 32.96, 99.17, 0.999, 0.999, 0.268765, 0.150135,1,1,0, 0.342439, 0.169323, 0.304584, 0.158802, 32.96, 0.999, 99.17, 0.999, 49.38, 0.999, 0.00, 0.000
24142,257546, 32.96, 99.17, 0.999, 0.999, 0.267664, 0.142828,1,1,0, 0.339784, 0.158634, 0.303181, 0.149318, 32.96, 0.999, 99.17, 0.999, 49.38, 0.999, 0.00, 0.000
24143,257557, 32.96, 99.17, 0.999, 0.999, 0.265871, 0.140789,1,1,0, 0.339302, 0.150397, 0.303058, 0.143412, 32.96, 0.999, 99.17, 0.999, 49.38, 0.999, 0.00, 0.000
24144,257568, 32.96, 99.17, 0.999, 0.999, 0.264495, 0.136138,1,1,0, 0.337949, 0.152983, 0.301771, 0.148247, 32.96, 0.999, 99.17, 0.999, 49.38, 0.999, 0.00, 0.000
24145,257578, 32.96, 99.17, 0.999, 0.999, 0.264785, 0.139192,1,1,0, 0.339042, 0.156642, 0.303473, 0.152380, 32.96, 0.999, 99.17, 0.999, 49.38, 0.998, 0.00, 0.000
24146,257589, 32.96, 99.17, 0.999, 0.999, 0.263272, 0.130147,1,1,0, 0.335563, 0.152411, 0.301006, 0.147124, 32.96, 0.999, 99.17, 0.999, 49.38, 0.999, 0.00, 0.000
24147,257600, 99.17, 99.17, 0.999, 0.999, 0.261750, 0.129289,1,1,0, 0.335607, 0.149642, 0.300986, 0.143041, 99.17, 0.999, 32.96, 0.999, 49.38, 0.999, 0.00, 0.000
24148,257610, 32.96, 99.17, 0.999, 0.999, 0.259051, 0.123340,1,1,0, 0.333842, 0.147467, 0.299094, 0.140478, 32.96, 0.999, 99.17, 0.999, 49.38, 0.999, 0.00, 0.000
24149,257621, 99.17, 99.17, 0.999, 0.999, 0.257896, 0.126904,1,1,0, 0.335600, 0.148173, 0.301188, 0.141120, 99.17, 0.999, 32.96, 0.999, 49.38, 0.999, 0.00, 0.000
24150,257632, 32.96, 99.17, 0.999, 0.999, 0.255516, 0.118652,1,1,0, 0.332944, 0.147284, 0.298961, 0.139878, 32.96, 0.999, 99.17, 0.999, 49.38, 0.999, 0.00, 0.000
24151,257642, 32.96, 99.17, 0.999, 0.999, 0.253894, 0.117590,1,1,0, 0.332833, 0.149072, 0.298819, 0.141242, 32.96, 0.999, 99.17, 0.999, 49.38, 0.999, 0.00, 0.000
24152,257653, 32.96, 99.17, 0.999, 0.999, 0.251748, 0.113357,1,1,0, 0.331843, 0.148277, 0.297317, 0.140381, 32.96, 0.999, 99.17, 0.999, 49.38, 0.999, 0.00, 0.000
24153,257664, 32.96, 99.17, 0.999, 0.999, 0.250833, 0.116564,1,1,0, 0.333060, 0.148508, 0.299285, 0.140421, 32.96, 0.999, 99.17, 0.999, 49.38, 0.999, 0.00, 0.000
24154,257674, 32.96, 99.17, 0.999, 0.999, 0.248651, 0.110247,1,1,0, 0.330295, 0.147015, 0.297319, 0.138966, 32.96, 0.999, 99.17, 0.999, 49.38, 0.999, 0.00, 0.000
24155,257685, 99.17, 99.17, 0.999, 0.999, 0.246542, 0.109355,1,1,0, 0.330120, 0.145850, 0.297217, 0.138614, 99.17, 0.999, 32.96, 0.999, 49.38, 0.999, 39.73, 0.015
24156,257696, 32.96, 99.17, 0.999, 0.999, 0.244722, 0.106693,1,1,0, 0.329321, 0.146000, 0.296321, 0.139511, 32.96, 0.999, 99.17, 0.999, 49.38, 0.998, 40.00, 0.014
24157,257706, 99.17, 99.17, 0.999, 0.999, 0.244793, 0.109515,1,1,0, 0.330903, 0.151203, 0.298413, 0.144722, 99.17, 0.999, 32.96, 0.999, 49.38, 0.998, 40.00, 0.014
24158,257717, 32.96, 99.17, 0.999, 0.999, 0.252863, 0.147402,1,1,0, 0.327902, 0.159168, 0.296856, 0.151140, 32.96, 0.999, 99.17, 0.999, 49.38, 0.999, 0.00, 0.000
24159,257728, 32.96, 99.17, 0.999, 0.999, 0.261319, 0.141841,1,1,0, 0.328150, 0.161460, 0.297127, 0.152027, 32.96, 0.999, 99.17, 0.999, 49.38, 0.999, 0.00, 0.000
24160,257738, 32.96, 99.17, 0.999, 0.999, 0.261382, 0.145989,1,1,0, 0.327443, 0.153530, 0.297470, 0.144409, 32.96, 0.999, 99.17, 0.999, 49.38, 0.999, 0.00, 0.000
24161,257749, 32.96, 99.17, 0.999, 0.999, 0.258863, 0.135428,1,1,0, 0.323877, 0.144232, 0.294687, 0.137394, 32.96, 0.999, 99.17, 0.999, 49.38, 0.999, 0.00, 0.000
24162,257760, 32.96, 99.17, 0.999, 0.999, 0.257632, 0.134629,1,1,0, 0.323216, 0.145974, 0.294597, 0.141248, 32.96, 0.999, 99.17, 0.999, 49.38, 0.999, 0.00, 0.000
24163,257770, 32.96, 99.17, 0.999, 0.999, 0.256570, 0.130858,1,1,0, 0.322720, 0.148227, 0.293523, 0.144063, 32.96, 0.999, 99.17, 0.999, 49.38, 0.999, 0.00, 0.000
24164,257781, 32.96, 99.17, 0.999, 0.999, 0.256320, 0.132642,1,1,0, 0.323006, 0.147062, 0.294936, 0.141936, 32.96, 0.999, 99.17, 0.999, 49.38, 0.999, 39.34, 0.022
24165,257792, 32.96, 99.17, 0.999, 0.999, 0.254178, 0.124628,1,1,0, 0.319841, 0.142955, 0.292697, 0.136708, 32.96, 0.999, 99.17, 0.999, 49.38, 0.999, 39.34, 0.021
24166,257802, 99.17, 99.17, 0.999, 0.999, 0.251800, 0.121896,1,1,0, 0.318612, 0.142395, 0.291790, 0.135695, 99.17, 0.999, 32.96, 0.999, 49.38, 0.999, 39.34, 0.009
24167,257813, 32.96, 99.17, 0.999, 0.999, 0.249160, 0.117813,1,1,0, 0.317199, 0.141544, 0.290264, 0.134838, 32.96, 0.999, 99.17, 0.999, 49.38, 0.998, 0.00, 0.000
24168,257824, 99.17, 99.17, 0.999, 0.999, 0.247693, 0.118504,1,1,0, 0.317449, 0.142788, 0.290928, 0.135614, 99.17, 0.999, 32.96, 0.999, 49.38, 0.998, 0.00, 0.000
24169,257834, 32.96, 99.17, 0.999, 0.999, 0.245474, 0.111103,1,1,0, 0.313807, 0.143052, 0.288335, 0.135720, 32.96, 0.999, 99.17, 0.999, 49.38, 0.999, 0.00, 0.000
24170,257845, 99.17, 99.17, 0.999, 0.999, 0.243649, 0.109367,1,1,0, 0.313605, 0.143366, 0.287575, 0.135715, 99.17, 0.999, 32.96, 0.999, 49.38, 0.999, 0.00, 0.000
24171,257856, 32.96, 99.17, 0.999, 0.999, 0.241498, 0.105090,1,1,0, 0.312079, 0.143455, 0.285762, 0.135127, 32.96, 0.999, 99.17, 0.999, 49.38, 0.999, 0.00, 0.000
24172,257866, 99.17, 99.17, 0.999, 0.999, 0.240104, 0.106593,1,1,0, 0.311046, 0.142527, 0.286631, 0.134320, 99.17, 0.999, 32.96, 0.999, 49.38, 0.999, 39.60, 0.003
24173,257877, 32.96, 99.17, 0.999, 0.999, 0.237719, 0.101887,1,1,0, 0.308521, 0.139620, 0.284992, 0.132633, 32.96, 0.999, 99.17, 0.999, 49.38, 0.999, 39.73, 0.039
24174,257888, 99.17, 99.17, 0.999, 0.999, 0.236104, 0.101412,1,1,0, 0.309980, 0.139396, 0.285017, 0.133641, 99.17, 0.999, 32.96, 0.999, 49.38, 0.998, 40.00, 0.050
24175,257898, 99.17, 99.17, 0.999, 0.999, 0.235424, 0.099764,1,1,0, 0.310585, 0.145019, 0.284654, 0.139028, 99.17, 0.999, 32.96, 0.999, 49.58, 0.998, 40.13, 0.043
24176,257909, 32.96, 99.17, 0.999, 0.999, 0.243561, 0.133782,1,1,0, 0.311768, 0.152961, 0.286291, 0.145656, 32.96, 0.999, 99.17, 0.999, 49.38, 0.999, 40.00, 0.016
24177,257920, 32.96, 99.17, 0.999, 0.999, 0.250846, 0.129643,1,1,0, 0.308072, 0.154552, 0.283680, 0.146060, 32.96, 0.999, 99.17, 0.999, 49.38, 0.999, 0.00, 0.000
24178,257930, 32.96, 99.17, 0.999, 0.999, 0.249511, 0.128833,1,1,0, 0.303434, 0.146611, 0.281405, 0.138165, 32.96, 0.999, 99.17, 0.999, 49.38, 0.999, 0.00, 0.000
24179,257941, 32.96, 99.17, 0.999, 0.999, 0.248263, 0.130355,1,1,0, 0.304156, 0.140038, 0.282412, 0.132988, 32.96, 0.999, 99.17, 0.999, 49.38, 0.999, 0.00, 0.000
24180,257952, 32.96, 99.17, 0.999, 0.999, 0.246287, 0.121827,1,1,0, 0.300072, 0.139244, 0.279907, 0.134549, 32.96, 0.999, 99.17, 0.999, 49.38, 0.999, 0.00, 0.000
24181,257962, 32.96, 99.17, 0.999, 0.999, 0.244791, 0.119240,1,1,0, 0.297975, 0.141339, 0.278695, 0.137169, 32.96, 0.999, 99.17, 0.999, 49.38, 0.999, 39.47, 0.006
24182,257973, 32.96, 99.17, 0.999, 0.999, 0.243377, 0.118068,1,1,0, 0.297717, 0.139664, 0.278095, 0.134688, 32.96, 0.999, 99.17, 0.999, 49.38, 0.999, 39.34, 0.046
24183,257984, 32.96, 99.17, 0.999, 0.999, 0.241850, 0.117127,1,1,0, 0.297387, 0.137353, 0.278126, 0.131223, 32.96, 0.999, 99.17, 0.999, 49.38, 0.999, 39.21, 0.049
24184,257994, 32.96, 99.17, 0.999, 0.999, 0.239044, 0.109596,1,1,0, 0.294540, 0.136308, 0.275381, 0.129759, 32.96, 0.999, 99.17, 0.999, 49.38, 0.999, 39.21, 0.033
24185,258005, 32.96, 99.17, 0.999, 0.999, 0.236680, 0.108391,1,1,0, 0.293865, 0.136059, 0.274756, 0.129631, 32.96, 0.999, 99.17, 0.999, 49.38, 0.999, 39.08, 0.025
24186,258016, 32.96, 99.17, 0.999, 0.999, 0.235247, 0.108016,1,1,0, 0.295582, 0.136774, 0.274763, 0.129977, 32.96, 0.999, 99.17, 0.999, 49.38, 0.999, 38.96, 0.004
24187,258026, 32.96, 99.17, 0.999, 0.999, 0.233672, 0.102770,1,1,0, 0.293258, 0.138243, 0.273177, 0.131255, 32.96, 0.999, 99.17, 0.999, 49.38, 0.999, 0.00, 0.000
24188,258037, 32.96, 99.17, 0.999, 0.999, 0.231167, 0.094270,1,1,0, 0.286917, 0.138471, 0.269533, 0.130977, 32.96, 0.999, 99.17, 0.999, 49.38, 0.999, 0.00, 0.000
24189,258048, 32.96, 99.17, 0.999, 0.999, 0.229677, 0.095393,1,1,0, 0.287717, 0.138498, 0.269578, 0.130551, 32.96, 0.999, 99.17, 0.999, 49.38, 0.999, 0.00, 0.000
24190,258058, 32.96, 99.17, 0.999, 0.999, 0.227513, 0.089728,1,1,0, 0.286226, 0.138505, 0.267070, 0.129836, 32.96, 0.999, 99.17, 0.999, 49.38, 0.999, 65.93, 0.010
24191,258069, 32.96, 99.17, 0.999, 0.999, 0.226171, 0.092279,1,1,0, 0.285162, 0.134665, 0.268366, 0.127843, 32.96, 0.999, 99.17, 0.999, 49.38, 0.998, 39.73, 0.063
24192,258080, 32.96, 99.17, 0.999, 0.999, 0.224837, 0.088612,1,1,0, 0.287183, 0.134053, 0.267517, 0.128646, 32.96, 0.999, 99.17, 0.999, 49.38, 0.999, 40.00, 0.083
24193,258090, 32.96, 99.17, 0.999, 0.999, 0.222583, 0.080818,1,1,0, 0.285043, 0.134501, 0.264167, 0.130007, 32.96, 0.999, 99.17, 0.999, 49.38, 0.999, 40.00, 0.089
24194,258101, 49.38, 99.17, 0.999, 0.999, 0.223421, 0.085089,1,1,0, 0.282765, 0.142058, 0.258362, 0.135475, 49.38, 0.999, 99.17, 0.998, 32.96, 0.998, 40.00, 0.065
24195,258112, 99.17, 99.17, 0.998, 0.999, 0.230688, 0.117944,1,1,0, 0.271953, 0.142420, 0.258577, 0.135416, 99.17, 0.998, 32.96, 0.997, 49.38, 0.997, 39.86, 0.048
24196,258122, 99.17, 99.17, 0.998, 0.998, 0.232734, 0.123252,1,1,0, 0.275281, 0.139658, 0.262680, 0.132166, 99.17, 0.998, 32.96, 0.997, 49.38, 0.997, 200.00, 0.031
24197,258133, 99.17, 99.17, 0.998, 0.998, 0.238017, 0.140557,1,1,0, 0.291287, 0.138153, 0.273519, 0.129837, 99.17, 0.998, 49.38, 0.997, 32.96, 0.996, 203.38, 0.002
24198,258144, 99.17, 99.17, 0.998, 0.998, 0.241018, 0.128512,1,1,0, 0.291965, 0.140415, 0.275446, 0.134671, 99.17, 0.998, 32.96, 0.997, 49.58, 0.996, 0.00, 0.000
24199,258154, 99.17, 99.17, 0.998, 0.998, 0.237771, 0.100005,1,1,0, 0.285642, 0.136964, 0.266918, 0.132429, 99.17, 0.998, 49.58, 0.997, 32.96, 0.996, 0.00, 0.000
24200,258165, 99.17, 99.17, 0.998, 0.999, 0.233562, 0.091662,1,1,0, 0.280352, 0.134897, 0.261608, 0.130357, 99.17, 0.998, 49.58, 0.997, 32.96, 0.996, 39.08, 0.035
24201,258176, 99.17, 99.17, 0.998, 0.999, 0.230141, 0.096716,1,1,0, 0.279734, 0.131955, 0.261011, 0.126347, 99.17, 0.998, 49.58, 0.996, 32.96, 0.995, 39.08, 0.065
24202,258186, 99.17, 99.17, 0.998, 0.998, 0.222392, 0.073855,1,1,0, 0.265345, 0.125607, 0.249461, 0.119255, 99.17, 0.998, 49.38, 0.995, 32.96, 0.994, 39.21, 0.049
24203,258197, 99.17, 99.17, 0.997, 0.998, 0.215771, 0.074288,1,1,0, 0.257978, 0.124215, 0.244425, 0.118383, 99.17, 0.997, 49.38, 0.995, 32.96, 0.992, 65.57, 0.068
24204,258208, 99.17, 99.17, 0.996, 0.997, 0.216843, 0.105753,1,1,0, 0.269057, 0.128894, 0.255153, 0.122788, 99.17, 0.996, 49.38, 0.994, 32.96, 0.990, 193.54, 0.073
24205,258218, 99.17, 99.17, 0.997, 0.998, 0.219838, 0.112134,1,1,0, 0.273999, 0.133721, 0.261319, 0.127167, 99.17, 0.997, 49.38, 0.997, 32.96, 0.995, 193.54, 0.034
24206,258229, 99.17, 99.17, 0.998, 0.998, 0.222258, 0.104480,1,1,0, 0.276494, 0.139607, 0.262771, 0.131882, 99.17, 0.998, 49.38, 0.997, 32.96, 0.996, 0.00, 0.000
24207,258240, 99.17, 99.17, 0.998, 0.999, 0.224019, 0.101871,1,1,0, 0.279639, 0.139703, 0.265371, 0.131693, 99.17, 0.998, 49.58, 0.998, 33.05, 0.997, 0.00, 0.000
24208,258250, 99.17, 99.17, 0.998, 0.998, 0.219667, 0.077074,1,1,0, 0.271543, 0.133129, 0.255578, 0.124945, 99.17, 0.998, 49.58, 0.995, 33.05, 0.995, 0.00, 0.000
24209,258261, 99.17, 99.17, 0.998, 0.998, 0.215999, 0.077932,1,1,0, 0.269484, 0.130371, 0.253324, 0.123613, 99.17, 0.998, 49.38, 0.996, 32.96, 0.995, 39.60, 0.046
24210,258272, 99.17, 99.17, 0.998, 0.998, 0.211631, 0.072224,1,1,0, 0.262878, 0.127237, 0.248579, 0.121779, 99.17, 0.998, 32.96, 0.996, 49.58, 0.995, 39.86, 0.130
24211,258282, 99.17, 99.17, 0.997, 0.998, 0.206932, 0.066337,1,1,0, 0.255307, 0.125801, 0.242883, 0.121413, 99.17, 0.997, 49.38, 0.995, 32.96, 0.992, 40.13, 0.149
24212,258293, 99.17, 99.17, 0.998, 0.998, 0.208451, 0.127792,1,1,0, 0.248341, 0.132743, 0.245001, 0.127312, 99.17, 0.998, 49.38, 0.996, 32.96, 0.994, 40.00, 0.153
24213,258304, 99.17, 99.17, 0.997, 0.998, 0.226742, 0.136021,1,1,0, 0.269490, 0.144498, 0.258959, 0.137719, 99.17, 0.997, 49.38, 0.996, 32.96, 0.995, 39.86, 0.095
24214,258314, 99.17, 99.17, 0.998, 0.998, 0.228465, 0.114508,1,1,0, 0.268239, 0.141045, 0.256039, 0.133371, 99.17, 0.998, 49.38, 0.997, 32.96, 0.997, 66.29, 0.015
24215,258325, 99.17, 99.17, 0.998, 0.999, 0.227880, 0.108736,1,1,0, 0.268627, 0.134005, 0.255735, 0.126582, 99.17, 0.998, 32.96, 0.996, 49.58, 0.996, 0.00, 0.000
24216,258336, 99.17, 99.17, 0.998, 0.999, 0.225257, 0.099676,1,1,0, 0.267925, 0.128934, 0.252717, 0.123306, 99.17, 0.998, 49.58, 0.997, 32.96, 0.996, 0.00, 0.000
24217,258346, 99.17, 99.17, 0.998, 0.999, 0.220012, 0.081595,1,1,0, 0.256745, 0.127118, 0.244296, 0.123368, 99.17, 0.998, 49.38, 0.996, 32.96, 0.996, 0.00, 0.000
24218,258357, 99.17, 99.17, 0.998, 0.998, 0.214300, 0.074676,1,1,0, 0.249295, 0.124711, 0.237920, 0.120631, 99.17, 0.998, 32.96, 0.996, 49.38, 0.996, 39.21, 0.064
24219,258368, 99.17, 99.17, 0.997, 0.998, 0.208787, 0.076080,1,1,0, 0.244085, 0.120781, 0.234344, 0.115244, 99.17, 0.997, 49.38, 0.995, 32.96, 0.992, 39.34, 0.115
24220,258378, 99.17, 99.17, 0.997, 0.998, 0.206123, 0.086966,1,1,0, 0.244610, 0.121966, 0.235886, 0.115632, 99.17, 0.997, 49.38, 0.995, 32.96, 0.991, 65.57, 0.122
24221,258389, 99.17, 99.17, 0.997, 0.998, 0.209795, 0.112221,1,1,0, 0.255935, 0.128009, 0.247630, 0.121601, 99.17, 0.997, 49.38, 0.996, 32.96, 0.993, 39.21, 0.123
24222,258400, 99.17, 99.17, 0.998, 0.999, 0.213884, 0.113079,1,1,0, 0.261681, 0.131796, 0.254036, 0.125697, 99.17, 0.998, 49.38, 0.998, 32.96, 0.997, 38.96, 0.071
24223,258410, 99.17, 99.17, 0.998, 0.999, 0.211971, 0.086324,1,1,0, 0.256928, 0.130194, 0.246604, 0.124016, 99.17, 0.998, 49.58, 0.997, 32.96, 0.996, 0.00, 0.000
24224,258421, 99.17, 99.17, 0.998, 0.998, 0.211794, 0.090282,1,1,0, 0.259316, 0.132508, 0.248424, 0.125619, 99.17, 0.998, 49.58, 0.997, 33.05, 0.995, 0.00, 0.000
24225,258432, 99.17, 99.17, 0.998, 0.999, 0.209642, 0.081665,1,1,0, 0.256594, 0.131464, 0.244872, 0.123993, 99.17, 0.998, 49.58, 0.996, 32.96, 0.995, 0.00, 0.000
24226,258442, 99.17, 99.17, 0.998, 0.998, 0.204198, 0.064711,1,1,0, 0.244776, 0.126899, 0.235246, 0.119540, 99.17, 0.998, 49.38, 0.996, 32.96, 0.996, 65.93, 0.020
24227,258453, 99.17, 99.17, 0.998, 0.999, 0.197106, 0.054458,1,1,0, 0.234163, 0.121128, 0.225937, 0.114183, 99.17, 0.998, 49.38, 0.995, 32.96, 0.995, 39.73, 0.133
24228,258464, 99.17, 99.17, 0.997, 0.998, 0.194781, 0.074230,1,1,0, 0.238069, 0.121948, 0.230450, 0.115599, 99.17, 0.997, 49.38, 0.996, 32.96, 0.994, 40.00, 0.186
24229,258474, 99.17, 99.17, 0.997, 0.998, 0.195006, 0.081807,1,1,0, 0.238129, 0.124701, 0.233733, 0.119923, 99.17, 0.997, 49.38, 0.997, 32.87, 0.994, 40.00, 0.183
24230,258485, 99.17, 99.17, 0.998, 0.998, 0.203013, 0.104177,1,1,0, 0.246993, 0.135401, 0.241955, 0.130454, 99.17, 0.998, 32.96, 0.996, 49.38, 0.996, 40.00, 0.144
24231,258496, 99.17, 99.17, 0.998, 0.999, 0.216245, 0.113474,1,1,0, 0.250997, 0.138225, 0.245419, 0.132284, 99.17, 0.998, 49.58, 0.998, 32.96, 0.997, 39.86, 0.044
24232,258506, 99.17, 99.17, 0.999, 0.999, 0.215958, 0.102862,1,1,0, 0.248013, 0.134076, 0.240867, 0.127027, 99.17, 0.999, 49.58, 0.997, 33.05, 0.996, 0.00, 0.000
24233,258517, 99.17, 99.17, 0.998, 0.999, 0.213177, 0.096509,1,1,0, 0.244586, 0.125474, 0.238078, 0.119095, 99.17, 0.998, 32.96, 0.998, 49.58, 0.997, 0.00, 0.000
24234,258528, 99.17, 99.17, 0.998, 0.999, 0.206446, 0.072143,1,1,0, 0.233595, 0.119215, 0.227212, 0.114545, 99.17, 0.998, 49.38, 0.996, 32.96, 0.996, 0.00, 0.000
24235,258538, 99.17, 99.17, 0.998, 0.998, 0.200085, 0.067003,1,1,0, 0.223945, 0.117610, 0.220500, 0.113691, 99.17, 0.998, 49.38, 0.996, 32.96, 0.995, 65.93, 0.053
24236,258549, 99.17, 99.17, 0.997, 0.998, 0.199589, 0.093728,1,1,0, 0.230832, 0.120430, 0.227311, 0.115595, 99.17, 0.997, 49.38, 0.995, 32.96, 0.993, 39.34, 0.119
24237,258560, 99.17, 99.17, 0.997, 0.998, 0.201356, 0.104396,1,1,0, 0.234826, 0.123538, 0.233311, 0.117622, 99.17, 0.997, 49.38, 0.995, 32.96, 0.990, 39.21, 0.160
24238,258570, 99.17, 99.17, 0.998, 0.998, 0.201761, 0.095046,1,1,0, 0.236265, 0.125502, 0.233153, 0.118826, 99.17, 0.998, 49.38, 0.997, 32.96, 0.996, 39.21, 0.140
24239,258581, 99.17, 99.17, 0.998, 0.999, 0.203866, 0.101080,1,1,0, 0.241708, 0.127906, 0.238425, 0.121623, 99.17, 0.998, 49.58, 0.998, 32.96, 0.996, 39.08, 0.092
24240,258592, 99.17, 99.17, 0.999, 0.999, 0.202130, 0.084400,1,1,0, 0.239016, 0.124211, 0.234209, 0.118527, 99.17, 0.999, 49.58, 0.997, 33.05, 0.995, 38.96, 0.064
24241,258602, 99.17, 99.17, 0.998, 0.999, 0.199498, 0.077362,1,1,0, 0.235791, 0.122925, 0.230929, 0.117123, 99.17, 0.998, 49.38, 0.996, 32.96, 0.996, 38.83, 0.035
24242,258613, 99.17, 99.17, 0.998, 0.999, 0.194513, 0.060717,1,1,0, 0.226823, 0.123350, 0.222016, 0.117480, 99.17, 0.998, 49.58, 0.996, 32.96, 0.995, 0.00, 0.000
24243,258624, 99.17, 99.17, 0.998, 0.999, 0.190727, 0.062859,1,1,0, 0.222430, 0.124220, 0.219062, 0.117496, 99.17, 0.998, 49.58, 0.996, 32.96, 0.995, 196.72, 0.037
24244,258634, 99.17, 99.17, 0.998, 0.998, 0.185139, 0.050484,1,1,0, 0.211415, 0.122674, 0.210099, 0.115030, 99.17, 0.998, 49.38, 0.996, 32.96, 0.995, 66.29, 0.098
24245,258645, 99.17, 99.17, 0.997, 0.998, 0.186468, 0.080844,1,1,0, 0.221443, 0.125056, 0.220789, 0.117155, 99.17, 0.997, 49.38, 0.996, 32.96, 0.994, 39.73, 0.145
24246,258656, 99.17, 99.17, 0.998, 0.998, 0.188749, 0.086049,1,1,0, 0.226925, 0.122805, 0.226396, 0.116558, 99.17, 0.998, 49.38, 0.997, 32.96, 0.997, 39.86, 0.144
24247,258666, 99.17, 99.17, 0.999, 0.999, 0.190248, 0.080278,1,1,0, 0.229390, 0.124237, 0.227582, 0.119395, 99.17, 0.999, 49.58, 0.996, 33.05, 0.996, 40.13, 0.125
24248,258677, 99.17, 99.17, 0.998, 0.999, 0.193017, 0.075700,1,1,0, 0.230264, 0.127437, 0.228207, 0.123301, 99.17, 0.998, 49.58, 0.997, 33.05, 0.996, 40.00, 0.092
24249,258688, 99.17, 99.17, 0.998, 0.999, 0.200316, 0.080595,1,1,0, 0.232900, 0.129175, 0.228997, 0.124144, 99.17, 0.998, 49.38, 0.997, 32.96, 0.996, 39.86, 0.036
24250,258698, 99.17, 99.17, 0.998, 0.999, 0.196768, 0.072598,1,1,0, 0.221894, 0.124441, 0.214696, 0.118696, 99.17, 0.998, 32.96, 0.997, 49.38, 0.997, 200.00, 0.018
24251,258709, 99.17, 99.17, 0.998, 0.999, 0.191864, 0.069185,1,1,0, 0.211246, 0.117194, 0.209966, 0.111693, 99.17, 0.998, 32.96, 0.997, 49.58, 0.997, 200.00, 0.048
24252,258720, 99.17, 99.17, 0.998, 0.998, 0.188254, 0.076181,1,1,0, 0.208586, 0.114276, 0.209307, 0.109290, 99.17, 0.998, 49.38, 0.996, 32.96, 0.995, 200.00, 0.069
24253,258730, 99.17, 99.17, 0.997, 0.998, 0.188438, 0.089850,1,1,0, 0.213646, 0.117712, 0.213747, 0.112803, 99.17, 0.997, 49.38, 0.996, 32.96, 0.994, 196.72, 0.086
24254,258741, 99.17, 99.17, 0.998, 0.998, 0.194735, 0.107996,1,1,0, 0.224435, 0.123869, 0.225702, 0.118577, 99.17, 0.998, 49.38, 0.996, 32.96, 0.995, 39.21, 0.123
24255,258752, 99.17, 99.17, 0.998, 0.999, 0.193632, 0.085724,1,1,0, 0.220831, 0.121698, 0.221045, 0.115593, 99.17, 0.998, 49.58, 0.997, 32.96, 0.997, 39.08, 0.124
24256,258762, 99.17, 99.17, 0.998, 0.999, 0.192701, 0.085221,1,1,0, 0.222219, 0.121283, 0.221499, 0.114974, 99.17, 0.998, 49.58, 0.997, 32.96, 0.996, 39.08, 0.111
24257,258773, 99.17, 99.17, 0.999, 0.999, 0.190818, 0.078810,1,1,0, 0.221054, 0.119573, 0.219293, 0.113918, 99.17, 0.999, 49.58, 0.997, 32.96, 0.996, 39.08, 0.116
24258,258784, 99.17, 99.17, 0.998, 0.999, 0.187323, 0.071360,1,1,0, 0.216930, 0.116104, 0.215460, 0.110411, 99.17, 0.998, 49.38, 0.996, 32.96, 0.995, 38.96, 0.108
24259,258794, 99.17, 99.17, 0.998, 0.998, 0.180097, 0.050008,1,1,0, 0.201284, 0.113289, 0.202267, 0.108079, 99.17, 0.998, 49.38, 0.996, 32.96, 0.995, 65.21, 0.076
24260,258805, 99.17, 99.17, 0.998, 0.998, 0.176949, 0.061657,1,1,0, 0.202726, 0.117349, 0.203734, 0.111988, 99.17, 0.998, 49.38, 0.996, 32.96, 0.994, 196.72, 0.087
24261,258816, 99.17, 99.17, 0.997, 0.998, 0.178404, 0.065713,1,1,0, 0.208700, 0.122731, 0.204253, 0.116271, 99.17, 0.997, 49.38, 0.997, 32.96, 0.994, 200.00, 0.079
24262,258826, 99.17, 99.17, 0.998, 0.998, 0.184284, 0.072400,1,1,0, 0.219069, 0.128308, 0.209520, 0.120206, 99.17, 0.998, 49.38, 0.997, 32.96, 0.997, 200.00, 0.076
24263,258837, 99.17, 99.17, 0.998, 0.999, 0.184523, 0.070516,1,1,0, 0.212567, 0.123797, 0.214586, 0.116363, 99.17, 0.998, 49.58, 0.998, 32.96, 0.998, 39.73, 0.065
24264,258848, 99.17, 99.17, 0.998, 0.999, 0.181805, 0.065301,1,1,0, 0.211453, 0.116625, 0.213338, 0.110714, 99.17, 0.998, 49.58, 0.997, 33.05, 0.997, 39.86, 0.078
24265,258858, 99.17, 99.17, 0.998, 0.999, 0.179252, 0.060880,1,1,0, 0.209334, 0.116420, 0.210200, 0.112073, 99.17, 0.998, 49.58, 0.997, 32.96, 0.996, 40.00, 0.103
24266,258869, 99.17, 99.17, 0.998, 0.999, 0.179166, 0.066247,1,1,0, 0.211165, 0.119918, 0.211776, 0.116274, 99.17, 0.998, 49.58, 0.996, 32.96, 0.996, 40.00, 0.131
24267,258880, 99.17, 99.17, 0.998, 0.998, 0.179729, 0.052631,1,1,0, 0.203043, 0.119400, 0.204699, 0.115203, 99.17, 0.998, 32.96, 0.996, 49.38, 0.996, 40.00, 0.114
24268,258890, 99.17, 99.17, 0.998, 0.998, 0.179425, 0.069923,1,1,0, 0.200716, 0.117522, 0.196592, 0.112528, 99.17, 0.998, 49.38, 0.997, 32.96, 0.996, 66.29, 0.119
24269,258901, 99.17, 99.17, 0.997, 0.998, 0.183927, 0.082256,1,1,0, 0.211043, 0.118263, 0.204779, 0.112603, 99.17, 0.997, 49.38, 0.996, 32.96, 0.995, 200.00, 0.104
24270,258912, 99.17, 99.17, 0.998, 0.998, 0.184947, 0.068499,1,1,0, 0.214861, 0.116784, 0.204236, 0.111193, 99.17, 0.998, 49.38, 0.998, 32.96, 0.997, 200.00, 0.068
24271,258922, 99.17, 99.17, 0.998, 0.999, 0.186818, 0.066051,1,1,0, 0.220188, 0.119326, 0.206677, 0.114012, 99.17, 0.998, 32.96, 0.997, 49.58, 0.997, 196.72, 0.045
24272,258933, 99.17, 99.17, 0.999, 0.999, 0.185336, 0.067850,1,1,0, 0.212873, 0.117107, 0.206760, 0.111951, 99.17, 0.999, 49.58, 0.998, 32.96, 0.996, 39.21, 0.074
24273,258944, 99.17, 99.17, 0.998, 0.999, 0.182053, 0.070473,1,1,0, 0.205353, 0.114191, 0.205480, 0.108607, 99.17, 0.998, 49.58, 0.996, 32.96, 0.996, 38.96, 0.116
24274,258954, 99.17, 99.17, 0.998, 0.999, 0.178448, 0.057233,1,1,0, 0.207260, 0.114274, 0.199772, 0.108379, 99.17, 0.998, 32.96, 0.996, 49.58, 0.996, 39.08, 0.127
24275,258965, 99.17, 99.17, 0.998, 0.998, 0.173847, 0.044535,1,1,0, 0.204467, 0.112773, 0.192774, 0.106802, 99.17, 0.998, 49.38, 0.996, 32.96, 0.995, 39.21, 0.145
24276,258976, 99.17, 99.17, 0.998, 0.998, 0.167877, 0.032531,1,1,0, 0.200591, 0.107928, 0.184618, 0.102563, 99.17, 0.998, 49.38, 0.996, 32.96, 0.992, 65.57, 0.139
24277,258986, 99.17, 99.17, 0.997, 0.998, 0.168848, 0.052186,1,1,0, 0.204507, 0.111888, 0.191906, 0.106503, 99.17, 0.997, 49.38, 0.997, 32.96, 0.995, 193.54, 0.129
24278,258997, 99.17, 99.17, 0.998, 0.998, 0.174758, 0.062260,1,1,0, 0.217898, 0.120522, 0.199299, 0.115262, 99.17, 0.998, 49.38, 0.998, 32.96, 0.997, 196.72, 0.086
24279,259008, 99.17, 99.17, 0.998, 0.999, 0.180501, 0.060352,1,1,0, 0.217402, 0.124539, 0.199462, 0.118328, 99.17, 0.998, 32.96, 0.998, 49.38, 0.998, 200.00, 0.042
24280,259018, 99.17, 99.17, 0.998, 0.999, 0.180265, 0.051336,1,1,0, 0.215231, 0.122317, 0.196414, 0.115204, 99.17, 0.998, 49.58, 0.997, 33.05, 0.997, 200.00, 0.025
24281,259029, 99.17, 99.17, 0.998, 0.999, 0.177636, 0.047557,1,1,0, 0.207226, 0.117063, 0.198960, 0.110029, 99.17, 0.998, 49.58, 0.997, 32.96, 0.997, 39.60, 0.038
24282,259040, 99.17, 99.17, 0.998, 0.999, 0.175457, 0.045389,1,1,0, 0.205386, 0.112240, 0.196166, 0.106610, 99.17, 0.998, 49.38, 0.997, 32.96, 0.997, 39.73, 0.093
24283,259050, 99.17, 99.17, 0.998, 0.999, 0.171655, 0.049519,1,1,0, 0.203608, 0.108627, 0.187000, 0.104583, 99.17, 0.998, 49.38, 0.996, 32.96, 0.996, 40.00, 0.182
24284,259061, 99.17, 99.17, 0.998, 0.998, 0.169577, 0.054251,1,1,0, 0.201831, 0.110517, 0.186441, 0.106697, 99.17, 0.998, 49.38, 0.996, 32.96, 0.996, 40.13, 0.214
24285,259072, 99.17, 99.17, 0.998, 0.998, 0.173727, 0.072468,1,1,0, 0.208453, 0.115636, 0.192861, 0.111655, 99.17, 0.998, 49.38, 0.997, 32.96, 0.996, 39.86, 0.185
24286,259082, 99.17, 99.17, 0.998, 0.998, 0.180103, 0.087843,1,1,0, 0.218036, 0.120516, 0.202533, 0.115659, 99.17, 0.998, 49.38, 0.997, 32.96, 0.996, 39.73, 0.156
24287,259093, 99.17, 99.17, 0.998, 0.999, 0.179660, 0.067094,1,1,0, 0.214275, 0.115958, 0.199187, 0.110494, 99.17, 0.998, 32.96, 0.998, 49.38, 0.998, 65.93, 0.074
24288,259104, 99.17, 99.17, 0.999, 0.999, 0.177759, 0.053461,1,1,0, 0.210372, 0.112094, 0.193520, 0.106490, 99.17, 0.999, 49.58, 0.997, 32.96, 0.997, 196.72, 0.028
24289,259114, 99.17, 99.17, 0.999, 0.999, 0.176915, 0.055310,1,1,0, 0.210433, 0.111972, 0.194069, 0.107062, 99.17, 0.999, 49.58, 0.997, 32.96, 0.997, 196.72, 0.018
24290,259125, 99.17, 99.17, 0.998, 0.999, 0.173494, 0.046098,1,1,0, 0.206157, 0.109305, 0.190317, 0.104723, 99.17, 0.998, 32.96, 0.997, 49.38, 0.997, 39.08, 0.078
24291,259136, 99.17, 99.17, 0.998, 0.999, 0.167186, 0.043404,1,1,0, 0.201182, 0.105582, 0.187125, 0.100503, 99.17, 0.998, 49.38, 0.996, 32.96, 0.995, 39.08, 0.116
24292,259146, 99.17, 99.17, 0.998, 0.998, 0.164696, 0.055041,1,1,0, 0.201256, 0.107860, 0.188120, 0.101951, 99.17, 0.998, 49.38, 0.996, 32.96, 0.995, 39.34, 0.157
24293,259157, 99.17, 99.17, 0.997, 0.998, 0.165100, 0.063975,1,1,0, 0.205155, 0.110764, 0.191514, 0.104265, 99.17, 0.997, 49.38, 0.996, 32.96, 0.994, 39.34, 0.166
24294,259168, 99.17, 99.17, 0.998, 0.998, 0.166430, 0.071386,1,1,0, 0.209356, 0.110667, 0.196936, 0.104755, 99.17, 0.998, 49.38, 0.998, 32.96, 0.996, 39.21, 0.165
24295,259178, 99.17, 99.17, 0.998, 0.999, 0.169089, 0.075563,1,1,0, 0.216277, 0.112552, 0.202190, 0.107561, 99.17, 0.998, 32.96, 0.998, 49.38, 0.997, 39.34, 0.117
24296,259189, 99.17, 99.17, 0.999, 0.999, 0.169214, 0.062794,1,1,0, 0.213471, 0.114556, 0.199580, 0.109992, 99.17, 0.999, 49.58, 0.998, 33.05, 0.997, 196.72, 0.052
24297,259200, 99.17, 99.17, 0.999, 0.999, 0.172321, 0.073712,1,1,0, 0.206697, 0.117505, 0.192598, 0.111850, 99.17, 0.999, 49.58, 0.997, 32.96, 0.997, 200.00, 0.024
24298,259210, 99.17, 99.17, 0.998, 0.999, 0.173019, 0.064527,1,1,0, 0.206563, 0.116633, 0.192366, 0.110499, 99.17, 0.998, 32.96, 0.998, 49.38, 0.997, 200.00, 0.037
24299,259221, 99.17, 99.17, 0.999, 0.999, 0.170025, 0.064119,1,1,0, 0.198991, 0.110811, 0.185995, 0.104506, 99.17, 0.999, 32.96, 0.997, 49.38, 0.997, 39.73, 0.086
24300,259232, 99.17, 99.17, 0.998, 0.999, 0.168295, 0.072227,1,1,0, 0.199291, 0.105648, 0.187014, 0.099698, 99.17, 0.998, 32.96, 0.997, 49.38, 0.997, 39.86, 0.155
24301,259242, 99.17, 99.17, 0.998, 0.998, 0.170614, 0.090624,1,1,0, 0.208038, 0.107005, 0.194616, 0.101666, 99.17, 0.998, 49.38, 0.997, 32.96, 0.996, 40.00, 0.215
24302,259253, 99.17, 99.17, 0.998, 0.998, 0.172466, 0.086160,1,1,0, 0.208788, 0.109582, 0.196376, 0.106208, 99.17, 0.998, 49.38, 0.998, 32.96, 0.995, 40.00, 0.211
24303,259264, 99.17, 99.17, 0.998, 0.998, 0.175694, 0.093227,1,1,0, 0.215603, 0.113021, 0.202190, 0.109488, 99.17, 0.998, 32.96, 0.997, 49.38, 0.996, 39.86, 0.183
24304,259274, 99.17, 99.17, 0.998, 0.999, 0.177461, 0.091204,1,1,0, 0.217442, 0.110663, 0.205133, 0.106384, 99.17, 0.998, 49.58, 0.997, 33.05, 0.995, 39.73, 0.129
24305,259285, 99.17, 99.17, 0.998, 0.998, 0.174802, 0.081784,1,1,0, 0.213112, 0.101064, 0.201928, 0.096562, 99.17, 0.998, 49.58, 0.995, 33.05, 0.991, 39.73, 0.068
24306,259296, 99.17, 99.17, 0.996, 0.997, 0.170449, 0.079785,1,1,0, 0.208112, 0.092176, 0.199590, 0.088114, 99.17, 0.996, 49.79, 0.990, 33.14, 0.985, 200.00, 0.047
24307,259306, 100.00, 99.52, 0.995, 0.996, 0.163267, 0.057833,1,1,0, 0.195842, 0.084985, 0.188302, 0.081485, 100.00, 0.995, 49.79, 0.988, 33.24, 0.978, 200.00, 0.052
24308,259317, 100.00, 99.72, 0.995, 0.996, 0.151906, 0.040528,1,1,0, 0.175087, 0.074062, 0.169694, 0.070629, 100.00, 0.995, 50.00, 0.984, 33.24, 0.973, 196.72, 0.048
24309,259328, 100.00, 99.83, 0.995, 0.996, 0.138855, 0.028401,1,1,0, 0.151302, 0.065353, 0.148716, 0.061771, 100.00, 0.995, 50.00, 0.983, 33.24, 0.967, 193.54, 0.033
24310,259338, 100.00, 99.90, 0.995, 0.996, 0.126915, 0.019903,1,1,0, 0.135821, 0.059898, 0.132322, 0.056047, 100.00, 0.995, 50.00, 0.984, 33.24, 0.966, 0.00, 0.000
24311,259349, 100.00, 99.94, 0.994, 0.995, 0.115583, 0.013947,1,1,0, 0.117886, 0.050795, 0.114384, 0.048141, 100.00, 0.994, 50.00, 0.979, 33.33, 0.950, 0.00, 0.000
24312,259360, 100.00, 99.96, 0.991, 0.993, 0.105536, 0.009774,1,1,0, 0.104918, 0.046579, 0.099830, 0.044741, 100.00, 0.991, 50.20, 0.964, 33.51, 0.913, 0.00, 0.000
24313,259370, 100.84, 100.33, 0.987, 0.991, 0.096388, 0.006849,1,1,0, 0.082297, 0.040019, 0.077522, 0.038036, 100.84, 0.987, 50.20, 0.954, 33.51, 0.896, 0.00, 0.000
24314,259381, 100.84, 100.54, 0.987, 0.991, 0.087752, 0.004800,1,1,0, 0.062283, 0.032174, 0.054234, 0.029764, 100.84, 0.987, 50.42, 0.954, 33.61, 0.905, 0.00, 0.000
24315,259392, 100.84, 100.67, 0.988, 0.992, 0.079307, 0.003363,1,1,0, 0.037443, 0.023135, 0.030477, 0.021949, 100.84, 0.988, 50.42, 0.966, 33.61, 0.948, 0.00, 0.000
24316,259402, 100.84, 100.74, 0.990, 0.992, 0.071386, 0.002357,1,1,0, 0.023834, 0.017315, 0.026049, 0.017254, 100.84, 0.990, 50.63, 0.976, 33.70, 0.950, 0.00, 0.000
24317,259413, 100.84, 100.78, 0.990, 0.993, 0.063912, 0.001651,1,1,0, 0.017430, 0.012628, 0.018943, 0.012530, 100.84, 0.990, 50.42, 0.966, 33.70, 0.942, 0.00, 0.000
24318,259424, 100.84, 100.80, 0.983, 0.988, 0.057072, 0.001157,1,1,0, 0.014262, 0.010618, 0.015607, 0.009922, 100.84, 0.983, 50.42, 0.962, 33.61, 0.951, 0.00, 0.000
24319,259434, 100.00, 100.46, 0.978, 0.984, 0.050917, 0.000811,1,1,0, 0.014722, 0.008973, 0.014154, 0.008440, 100.00, 0.978, 33.14, 0.973, 50.00, 0.967, 0.00, 0.000
24320,259445, 33.33, 72.27, 0.978, 0.984, 0.045388, 0.000568,1,1,0, 0.012262, 0.008060, 0.011712, 0.007359, 33.33, 0.978, 100.00, 0.975, 50.00, 0.967, 0.00, 0.000
24321,259456, 100.84, 84.27, 0.977, 0.983, 0.040442, 0.000398,1,1,0, 0.012345, 0.007549, 0.011439, 0.006963, 100.84, 0.977, 50.63, 0.964, 33.80, 0.962, 0.00, 0.000
24322,259466, 102.56, 91.95, 0.980, 0.986, 0.036191, 0.000279,1,1,0, 0.013045, 0.007582, 0.012014, 0.007305, 102.56, 0.980, 51.50, 0.952, 34.48, 0.945, 0.00, 0.000
24323,259477, 103.44, 96.78, 0.969, 0.978, 0.032384, 0.000195,1,1,0, 0.010372, 0.006669, 0.009672, 0.006229, 103.44, 0.969, 51.94, 0.949, 34.78, 0.928, 0.00, 0.000
24324,259488, 105.26, 100.34, 0.957, 0.969, 0.028839, 0.000137,1,1,0, 0.009913, 0.005056, 0.007284, 0.004453, 105.26, 0.957, 35.50, 0.939, 52.86, 0.938, 0.00, 0.000
24325,259498, 36.03, 73.33, 0.959, 0.971, 0.025644, 0.000096,1,1,0, 0.006853, 0.003747, 0.006812, 0.003812, 36.03, 0.959, 107.14, 0.958, 54.29, 0.957, 0.00, 0.000
24326,259509, 36.58, 57.89, 0.965, 0.975, 0.022802, 0.000067,1,1,0, 0.005487, 0.003572, 0.004982, 0.003181, 36.58, 0.965, 109.09, 0.946, 54.79, 0.914, 0.00, 0.000
24327,259520, 111.11, 80.24, 0.879, 0.907, 0.020377, 0.000047,1,1,0, 0.008130, 0.004760, 0.005958, 0.003835, 111.11, 0.879, 37.15, 0.867, 55.81, 0.812, 0.00, 0.000
24328,259530, 36.47, 61.86, 0.958, 0.969, 0.018070, 0.000033,1,1,0, 0.004067, 0.002387, 0.003484, 0.002177, 36.47, 0.958, 110.09, 0.789, 55.29, 0.698, 0.00, 0.000
24329,259541, 54.29, 58.68, 0.774, 0.806, 0.015995, 0.000023,1,1,0, 0.004905, 0.002637, 0.003016, 0.001726, 54.29, 0.774, 110.09, 0.772, 36.47, 0.702, 0.00, 0.000
24330,259552, 55.04, 57.15, 0.847, 0.890, 0.014129, 0.000016,1,1,0, 0.005419, 0.003451, 0.002404, 0.001256, 55.04, 0.847, 105.26, 0.814, 36.58, 0.783, 0.00, 0.000
24331,259562, 114.28, 56.92, 0.888, 0.845, 0.012472, 0.000011,1,1,0, 0.004335, 0.002471, 0.001905, 0.001006, 114.28, 0.888, 56.60, 0.785, 37.85, 0.700, 0.00, 0.000
24332,259573, 115.38, 57.13, 0.795, 0.618, 0.011097, 0.000007,1,1,0, 0.002728, 0.001614, 0.003409, 0.001736, 115.38, 0.795, 38.33, 0.524, 57.41, 0.523, 0.00, 0.000
24333,259584, 107.14, 56.46, 0.712, 0.603, 0.009856, 0.000005,1,1,0, 0.004485, 0.002775, 0.003447, 0.001676, 107.14, 0.712, 37.15, 0.703, 55.55, 0.537, 0.00, 0.000
24334,259594, 52.63, 54.85, 0.640, 0.688, 0.008707, 0.000003,1,1,0, 0.003382, 0.001877, 0.001701, 0.000853, 52.63, 0.640, 105.26, 0.624, 35.82, 0.331, 0.00, 0.000
24335,259605, 101.69, 54.62, 0.629, 0.551, 0.007656, 0.000002,1,1,0, 0.001743, 0.001219, 0.001040, 0.000375, 101.69, 0.629, 54.29, 0.480, 35.71, 0.006, 0.00, 0.000
24336,259616, 113.20, 54.62, 0.358, 0.496, 0.006768, 0.000001,1,1,0, 0.001213, 0.000454, 0.001204, 0.000594, 113.20, 0.358, 56.07, 0.254, 39.08, 0.148, 0.00, 0.000
24337,259626, 60.91, 57.26, 0.634, 0.648, 0.006046, 0.000001,1,1,0, 0.002878, 0.001557, 0.001819, 0.001102, 60.91, 0.634, 101.69, 0.409, 40.00, 0.409, 0.00, 0.000
24338,259637, 95.23, 57.26, 0.432, 0.583, 0.005350, 0.000000,1,1,0, 0.002496, 0.001086, 0.001320, 0.000609, 95.23, 0.432, 55.81, 0.314, 37.03, 0.199, 0.00, 0.000
24339,259648, 97.56, 74.18, 0.508, 0.515, 0.004725, 0.000000,1,1,0, 0.001056, 0.000564, 0.000941, 0.000443, 97.56, 0.508, 49.79, 0.372, 35.08, 0.071, 0.00, 0.000
24340,259658, 94.48, 82.71, 0.656, 0.675, 0.004183, 0.000000,1,1,0, 0.000941, 0.000458, 0.000980, 0.000494, 94.48, 0.656, 47.61, 0.604, 30.61, 0.537, 0.00, 0.000
24341,259669, 96.77, 88.61, 0.519, 0.538, 0.003721, 0.000000,1,1,0, 0.001793, 0.000938, 0.000802, 0.000531, 96.77, 0.519, 46.15, 0.515, 31.16, 0.359, 0.00, 0.000
24342,259680, 30.69, 64.28, 0.688, 0.700, 0.003314, 0.000000,1,1,0, 0.002163, 0.001406, 0.000781, 0.000515, 30.69, 0.688, 93.75, 0.540, 46.69, 0.270, 0.00, 0.000
24343,259690, 31.25, 50.41, 0.906, 0.921, 0.002955, 0.000000,1,1,0, 0.001647, 0.000616, 0.001445, 0.000680, 31.25, 0.906, 94.48, 0.488, 47.43, 0.208, 0.00, 0.000
24344,259701, 94.48, 68.92, 0.730, 0.740, 0.002674, 0.000000,1,1,0, 0.002151, 0.001265, 0.001414, 0.000782, 94.48, 0.730, 47.43, 0.067, 0.00, 0.000, 0.00, 0.000
24345,259712, 93.75, 79.35, 0.741, 0.761, 0.002444, 0.000000,1,1,0, 0.004439, 0.003465, 0.001953, 0.001070, 93.75, 0.741, 47.05, 0.610, 30.84, 0.263, 0.00, 0.000
24346,259722, 95.23, 86.02, 0.589, 0.609, 0.002202, 0.000000,1,1,0, 0.003895, 0.002808, 0.000815, 0.000540, 95.23, 0.589, 46.33, 0.494, 31.08, 0.431, 0.00, 0.000
24347,259733, 98.36, 91.20, 0.572, 0.589, 0.002068, 0.000000,1,1,0, 0.002145, 0.001450, 0.001861, 0.001279, 98.36, 0.572, 0.00, 0.000, 0.00, 0.000, 0.00, 0.000
24348,259744, 95.23, 92.89, 0.567, 0.617, 0.001886, 0.000000,1,1,0, 0.002684, 0.001893, 0.001420, 0.000708, 95.23, 0.567, 48.58, 0.001, 0.00, 0.000, 0.00, 0.000
24349,259754, 31.66, 94.52, 0.901, 0.783, 0.001725, 0.000000,1,1,0, 0.003777, 0.002741, 0.001034, 0.000653, 31.66, 0.901, 46.69, 0.758, 96.77, 0.711, 0.00, 0.000
24350,259765, 93.02, 93.89, 0.707, 0.789, 0.001556, 0.000000,1,1,0, 0.003377, 0.002102, 0.001190, 0.000545, 93.02, 0.707, 47.61, 0.560, 0.00, 0.000, 0.00, 0.000
24351,259776, 95.23, 94.45, 0.664, 0.742, 0.001483, 0.000262,1,1,0, 0.001827, 0.000579, 0.001670, 0.000856, 95.23, 0.664, 0.00, 0.000, 0.00, 0.000, 0.00, 0.000
24352,259786, 93.75, 94.16, 0.699, 0.783, 0.001347, 0.000184,1,1,0, 0.001331, 0.000568, 0.001211, 0.000572, 93.75, 0.699, 30.84, 0.400, 46.69, 0.390, 0.00, 0.000
24353,259797, 94.48, 94.29, 0.862, 0.900, 0.001241, 0.000129,1,1,0, 0.001707, 0.000792, 0.000980, 0.000562, 94.48, 0.862, 47.05, 0.772, 31.33, 0.734, 0.00, 0.000
24354,259808, 30.69, 67.58, 0.928, 0.945, 0.001126, 0.000090,1,1,0, 0.001722, 0.000937, 0.001107, 0.000482, 30.69, 0.928, 93.02, 0.865, 46.69, 0.768, 0.00, 0.000
24355,259818, 46.69, 58.80, 0.934, 0.952, 0.001059, 0.000063,1,1,0, 0.002073, 0.001027, 0.000866, 0.000645, 46.69, 0.934, 93.75, 0.717, 31.33, 0.666, 0.00, 0.000
24356,259829, 30.92, 47.09, 0.910, 0.928, 0.000972, 0.000044,1,1,0, 0.001189, 0.000486, 0.000733, 0.000401, 30.92, 0.910, 46.87, 0.871, 93.02, 0.690, 0.00, 0.000
24357,259840, 31.33, 46.92, 0.902, 0.869, 0.000898, 0.000031,1,1,0, 0.001346, 0.000561, 0.000912, 0.000444, 31.33, 0.902, 46.69, 0.819, 94.48, 0.717, 0.00, 0.000
24358,259850, 31.00, 66.28, 0.969, 0.891, 0.000865, 0.000133,1,1,0, 0.001531, 0.000731, 0.000945, 0.000587, 31.00, 0.969, 93.02, 0.861, 46.87, 0.829, 0.00, 0.000
24359,259861, 93.75, 77.82, 0.817, 0.844, 0.000820, 0.000093,1,1,0, 0.001844, 0.001084, 0.000859, 0.000548, 93.75, 0.817, 31.33, 0.788, 46.87, 0.735, 0.00, 0.000
24360,259872, 31.08, 58.19, 0.924, 0.941, 0.000786, 0.000291,1,1,0, 0.001793, 0.000753, 0.000939, 0.000424, 31.08, 0.924, 46.51, 0.638, 93.75, 0.632, 0.00, 0.000
24361,259882, 31.08, 46.80, 0.753, 0.770, 0.000879, 0.000551,1,1,0, 0.000936, 0.000398, 0.001077, 0.000505, 31.08, 0.753, 94.48, 0.618, 46.69, 0.403, 0.00, 0.000
24362,259893, 93.75, 66.52, 0.685, 0.705, 0.000851, 0.000386,1,1,0, 0.001388, 0.000621, 0.001025, 0.000469, 93.75, 0.685, 46.69, 0.459, 31.16, 0.409, 0.00, 0.000
24363,259904, 95.23, 78.58, 0.811, 0.834, 0.000857, 0.000289,1,1,0, 0.001518, 0.000778, 0.000917, 0.000623, 95.23, 0.811, 47.24, 0.681, 31.57, 0.536, 0.00, 0.000
24364,259914, 94.48, 85.26, 0.619, 0.632, 0.000899, 0.000461,1,1,0, 0.002341, 0.001520, 0.001058, 0.000570, 94.48, 0.619, 47.80, 0.284, 0.00, 0.000, 0.00, 0.000
24365,259925, 36.69, 85.26, 0.424, 0.569, 0.001639, 0.001237,1,1,0, 0.003498, 0.002218, 0.001781, 0.001240, 36.69, 0.424, 96.77, 0.228, 0.00, 0.000, 0.00, 0.000
24366,259936, 30.92, 85.26, 0.028, 0.512, 0.002027, 0.001158,1,1,0, 0.003360, 0.002448, 0.002373, 0.001399, 30.92, 0.028, 0.00, 0.000, 0.00, 0.000, 0.00, 0.000
24367,259946, 31.00, 62.47, 0.760, 0.763, 0.002088, 0.000811,1,1,0, 0.002966, 0.001450, 0.002332, 0.001330, 31.00, 0.760, 38.33, 0.373, 0.00, 0.000, 0.00, 0.000
24368,259957, 36.58, 51.60, 0.897, 0.900, 0.001952, 0.000568,1,1,0, 0.003304, 0.002132, 0.001411, 0.001070, 36.58, 0.897, 0.00, 0.000, 0.00, 0.000, 0.00, 0.000
24369,259968, 45.11, 48.87, 0.815, 0.825, 0.003372, 0.002428,1,1,0, 0.006283, 0.003644, 0.003957, 0.002487, 45.11, 0.815, 0.00, 0.000, 0.00, 0.000, 0.00, 0.000
24370,259978, 45.62, 47.51, 0.811, 0.857, 0.003081, 0.001701,1,1,0, 0.005082, 0.001974, 0.002513, 0.001265, 45.62, 0.811, 0.00, 0.000, 0.00, 0.000, 0.00, 0.000
24371,259989, 32.78, 41.32, 0.936, 0.936, 0.002890, 0.001192,1,1,0, 0.003666, 0.002175, 0.002754, 0.001769, 32.78, 0.936, 0.00, 0.000, 0.00, 0.000, 0.00, 0.000
24372,260000, 38.21, 40.02, 0.748, 0.792, 0.004458, 0.003880,1,1,0, 0.006963, 0.003761, 0.005261, 0.003240, 38.21, 0.748, 0.00, 0.000, 0.00, 0.000, 0.00, 0.000
24373,260010, 38.58, 39.41, 0.752, 0.813, 0.006266, 0.006543,1,1,0, 0.009036, 0.005339, 0.007792, 0.004299, 38.58, 0.752, 88.88, 0.316, 0.00, 0.000, 0.00, 0.000
24374,260021, 91.60, 61.33, 0.521, 0.527, 0.006569, 0.004585,1,1,0, 0.012627, 0.007985, 0.007429, 0.004518, 91.60, 0.521, 46.15, 0.276, 0.00, 0.000, 0.00, 0.000
24375,260032, 82.75, 70.33, 0.540, 0.540, 0.010140, 0.012353,1,1,0, 0.010833, 0.007146, 0.013545, 0.007019, 82.75, 0.540, 45.28, 0.463, 0.00, 0.000, 0.00, 0.000
24376,260042, 41.95, 58.41, 0.678, 0.685, 0.009448, 0.008656,1,1,0, 0.010720, 0.005828, 0.009267, 0.005170, 41.95, 0.678, 86.33, 0.603, 0.00, 0.000, 0.00, 0.000
24377,260053, 40.81, 51.02, 0.806, 0.815, 0.008578, 0.006066,1,1,0, 0.008273, 0.003829, 0.005679, 0.003129, 40.81, 0.806, 82.19, 0.537, 0.00, 0.000, 0.00, 0.000
24378,260064, 33.14, 43.51, 0.664, 0.664, 0.007762, 0.004251,1,1,0, 0.006593, 0.005223, 0.004717, 0.002426, 33.14, 0.664, 87.59, 0.546, 41.37, 0.511, 0.00, 0.000
24379,260074, 40.26, 42.15, 0.840, 0.881, 0.007126, 0.002979,1,1,0, 0.004168, 0.002253, 0.005369, 0.003070, 40.26, 0.840, 53.81, 0.140, 81.08, 0.045, 0.00, 0.000
24380,260085, 41.09, 41.70, 0.414, 0.496, 0.006492, 0.002087,1,1,0, 0.005642, 0.002754, 0.005709, 0.002553, 41.09, 0.414, 164.38, 0.331, 82.75, 0.127, 54.29, 0.065
24381,260096, 54.54, 47.10, 0.630, 0.640, 0.005835, 0.001463,1,1,0, 0.004231, 0.001805, 0.002592, 0.001490, 54.54, 0.630, 164.38, 0.265, 82.19, 0.257, 32.52, 0.253
24382,260106, 55.55, 50.65, 0.619, 0.633, 0.005327, 0.001025,1,1,0, 0.005155, 0.003101, 0.003650, 0.002109, 55.55, 0.619, 83.91, 0.518, 41.66, 0.478, 166.66, 0.404
24383,260117, 41.09, 46.63, 0.836, 0.849, 0.004882, 0.000718,1,1,0, 0.003225, 0.001746, 0.003390, 0.001977, 41.09, 0.836, 33.14, 0.666, 166.66, 0.596, 55.29, 0.451
24384,260128, 41.09, 44.31, 0.693, 0.721, 0.004465, 0.000503,1,1,0, 0.003044, 0.001788, 0.003149, 0.001766, 41.09, 0.693, 32.52, 0.661, 54.79, 0.644, 164.38, 0.588
24385,260138, 54.79, 48.71, 0.811, 0.828, 0.004085, 0.000352,1,1,0, 0.003012, 0.001655, 0.003090, 0.001602, 54.79, 0.811, 32.96, 0.795, 164.38, 0.656, 41.09, 0.653
24386,260149, 32.96, 63.01, 0.867, 0.852, 0.003721, 0.000247,1,1,0, 0.002828, 0.001463, 0.002469, 0.001374, 32.96, 0.867, 82.75, 0.826, 55.29, 0.775, 41.66, 0.710
24387,260160, 166.66, 106.54, 0.859, 0.887, 0.003421, 0.000173,1,1,0, 0.004525, 0.002644, 0.003087, 0.001557, 166.66, 0.859, 41.52, 0.832, 55.29, 0.832, 33.14, 0.787
24388,260170, 40.95, 78.99, 0.798, 0.813, 0.003322, 0.001177,1,1,0, 0.004258, 0.001934, 0.003694, 0.001987, 40.95, 0.798, 166.66, 0.737, 54.54, 0.698, 32.96, 0.687
24389,260181, 32.78, 59.58, 0.800, 0.809, 0.003661, 0.002595,1,1,0, 0.007158, 0.003475, 0.004623, 0.002132, 32.78, 0.800, 41.09, 0.663, 164.38, 0.603, 82.75, 0.384
24390,260192, 33.33, 48.56, 0.867, 0.877, 0.003416, 0.001819,1,1,0, 0.002811, 0.001638, 0.002915, 0.001880, 33.33, 0.867, 169.01, 0.611, 41.09, 0.552, 84.50, 0.405
24391,260202, 32.87, 41.97, 0.966, 0.975, 0.003164, 0.001274,1,1,0, 0.005484, 0.003008, 0.003162, 0.001661, 32.87, 0.966, 41.37, 0.664, 169.01, 0.541, 83.33, 0.354
24392,260213, 40.95, 41.54, 0.722, 0.800, 0.003067, 0.000893,1,1,0, 0.005918, 0.003036, 0.003441, 0.001818, 40.95, 0.722, 33.05, 0.711, 54.05, 0.586, 164.38, 0.425
24393,260224, 54.79, 41.35, 0.683, 0.576, 0.002833, 0.000626,1,1,0, 0.003899, 0.001875, 0.002285, 0.001353, 54.79, 0.683, 32.96, 0.648, 164.38, 0.585, 41.09, 0.491
24394,260234, 164.38, 41.48, 0.643, 0.603, 0.004297, 0.004162,1,1,0, 0.007880, 0.004451, 0.005152, 0.002845, 164.38, 0.643, 41.66, 0.535, 83.33, 0.523, 55.81, 0.437
24395,260245, 41.81, 41.62, 0.577, 0.647, 0.003911, 0.002916,1,1,0, 0.008541, 0.006972, 0.003278, 0.001578, 41.81, 0.577, 169.01, 0.559, 84.50, 0.476, 56.60, 0.450
24396,260256, 187.50, 41.62, 0.369, 0.582, 0.005125, 0.003454,1,1,0, 0.003734, 0.002355, 0.006124, 0.003690, 187.50, 0.369, 32.52, 0.025, 0.00, 0.000, 0.00, 0.000
24397,260266, 33.05, 38.02, 0.968, 0.974, 0.005340, 0.002420,1,1,0, 0.009563, 0.005941, 0.005884, 0.003574, 33.05, 0.968, 0.00, 0.000, 0.00, 0.000, 0.00, 0.000
24398,260277, 34.18, 36.41, 0.672, 0.710, 0.004874, 0.001696,1,1,0, 0.009991, 0.006563, 0.003619, 0.001933, 34.18, 0.672, 0.00, 0.000, 0.00, 0.000, 0.00, 0.000
24399,260288, 40.67, 36.41, 0.377, 0.639, 0.010325, 0.011469,1,1,0, 0.015064, 0.009765, 0.012874, 0.007726, 40.67, 0.377, 131.86, 0.278, 0.00, 0.000, 0.00, 0.000
24400,260298, 52.86, 47.92, 0.448, 0.475, 0.144306, 0.271198,1,1,1, 0.361361, 0.131225, 0.214555, 0.078692, 52.86, 0.448, 104.34, 0.369, 38.96, 0.132, 0.00, 0.000
24401,260309, 49.38, 48.94, 0.755, 0.797, 0.346779, 0.408763,1,1,0, 0.472109, 0.274590, 0.448986, 0.227380, 49.38, 0.755, 35.08, 0.251, 31.49, 0.242, 0.00, 0.000
24402,260320, 30.61, 36.11, 0.724, 0.742, 0.321896, 0.286453,1,1,0, 0.329304, 0.157772, 0.366094, 0.117035, 30.61, 0.724, 46.15, 0.398, 37.26, 0.208, 81.08, 0.127
24403,260330, 41.52, 39.89, 0.874, 0.909, 0.442264, 0.243163,1,1,0, 0.656638, 0.400312, 0.495714, 0.345754, 41.52, 0.874, 82.19, 0.209, 0.00, 0.000, 0.00, 0.000
24404,260341, 41.09, 40.73, 0.980, 0.985, 0.392870, 0.170403,1,1,0, 0.266982, 0.147062, 0.113758, 0.058914, 41.09, 0.980, 81.63, 0.211, 0.00, 0.000, 0.00, 0.000
24405,260352, 41.37, 41.18, 0.994, 0.996, 0.437198, 0.193859,1,1,0, 0.642113, 0.377397, 0.485706, 0.326860, 41.37, 0.994, 85.10, 0.181, 0.00, 0.000, 0.00, 0.000
24406,260362, 41.37, 41.32, 0.998, 0.999, 0.392305, 0.135852,1,1,0, 0.320041, 0.138211, 0.410235, 0.122786, 41.37, 0.998, 81.63, 0.151, 0.00, 0.000, 0.00, 0.000
24407,260373, 41.37, 41.36, 0.997, 0.997, 0.433885, 0.226399,1,1,0, 0.638543, 0.378523, 0.488278, 0.279187, 41.37, 0.997, 83.33, 0.132, 0.00, 0.000, 0.00, 0.000
24408,260384, 41.52, 41.47, 0.998, 0.998, 0.399407, 0.158655,1,1,0, 0.314628, 0.160086, 0.436297, 0.210175, 41.52, 0.998, 80.53, 0.120, 0.00, 0.000, 0.00, 0.000
24409,260394, 41.37, 41.40, 0.994, 0.996, 0.446197, 0.277869,1,1,0, 0.634006, 0.290461, 0.493989, 0.244229, 41.37, 0.994, 85.10, 0.132, 0.00, 0.000, 0.00, 0.000
24410,260405, 41.37, 41.39, 0.997, 0.998, 0.418509, 0.194725,1,1,0, 0.640876, 0.284651, 0.474241, 0.248533, 41.37, 0.997, 81.63, 0.164, 0.00, 0.000, 0.00, 0.000
24411,260416, 41.37, 41.38, 0.996, 0.997, 0.376528, 0.136459,1,1,0, 0.364133, 0.176456, 0.261794, 0.106152, 41.37, 0.996, 32.96, 0.203, 79.47, 0.202, 0.00, 0.000
24412,260426, 41.23, 41.32, 0.998, 0.999, 0.434164, 0.195272,1,1,0, 0.635865, 0.358949, 0.493073, 0.327244, 41.23, 0.998, 86.95, 0.202, 0.00, 0.000, 0.00, 0.000
24413,260437, 41.37, 41.34, 0.997, 0.998, 0.388014, 0.136842,1,1,0, 0.383836, 0.142775, 0.239537, 0.082947, 41.37, 0.997, 78.43, 0.176, 32.08, 0.048, 0.00, 0.000
24414,260448, 41.23, 41.30, 0.998, 0.999, 0.448613, 0.214030,1,1,0, 0.634393, 0.365244, 0.503784, 0.313908, 41.23, 0.998, 95.23, 0.120, 0.00, 0.000, 0.00, 0.000
24415,260458, 41.37, 41.33, 0.999, 0.999, 0.403192, 0.149988,1,1,0, 0.282359, 0.115678, 0.402059, 0.128432, 41.37, 0.999, 73.17, 0.061, 0.00, 0.000, 0.00, 0.000
24416,260469, 41.23, 41.29, 0.999, 0.999, 0.459146, 0.237352,1,1,0, 0.625735, 0.370156, 0.511898, 0.290232, 41.23, 0.999, 97.56, 0.063, 0.00, 0.000, 0.00, 0.000
24417,260480, 41.23, 41.26, 0.999, 0.999, 0.418399, 0.166331,1,1,0, 0.302500, 0.144145, 0.399883, 0.185102, 41.23, 0.999, 71.85, 0.043, 95.23, 0.043, 0.00, 0.000
24418,260490, 41.37, 41.31, 0.998, 0.998, 0.421105, 0.259891,1,1,0, 0.531218, 0.240958, 0.495435, 0.207996, 41.37, 0.998, 31.41, 0.195, 76.92, 0.112, 0.00, 0.000
24419,260501, 41.37, 41.34, 0.998, 0.999, 0.425928, 0.184153,1,1,0, 0.604390, 0.300256, 0.507014, 0.264316, 41.37, 0.998, 90.90, 0.164, 0.00, 0.000, 0.00, 0.000
24420,260512, 41.37, 41.35, 0.997, 0.998, 0.384685, 0.129051,1,1,0, 0.420526, 0.200872, 0.276229, 0.125119, 41.37, 0.997, 32.52, 0.343, 73.17, 0.230, 0.00, 0.000
24421,260522, 41.37, 41.36, 0.998, 0.999, 0.437121, 0.212966,1,1,0, 0.594405, 0.326985, 0.507629, 0.310962, 41.37, 0.998, 94.48, 0.211, 0.00, 0.000, 0.00, 0.000
24422,260533, 41.37, 41.37, 0.998, 0.999, 0.389776, 0.149242,1,1,0, 0.322198, 0.095646, 0.234816, 0.071019, 41.37, 0.998, 73.17, 0.144, 31.83, 0.002, 0.00, 0.000
24423,260544, 41.37, 41.37, 0.998, 0.999, 0.441673, 0.233874,1,1,0, 0.580802, 0.356391, 0.504866, 0.298762, 41.37, 0.998, 104.34, 0.141, 68.18, 0.062, 0.00, 0.000
24424,260554, 41.37, 41.37, 0.999, 0.999, 0.398231, 0.163894,1,1,0, 0.241984, 0.108127, 0.360461, 0.141021, 41.37, 0.999, 68.96, 0.105, 100.84, 0.006, 0.00, 0.000
24425,260565, 41.37, 41.37, 0.998, 0.999, 0.448931, 0.255671,1,1,0, 0.569471, 0.343882, 0.500149, 0.288386, 41.37, 0.998, 30.15, 0.659, 105.26, 0.137, 68.18, 0.052
24426,260576, 41.37, 41.37, 0.999, 0.999, 0.407759, 0.179169,1,1,0, 0.410227, 0.148218, 0.347465, 0.162452, 41.37, 0.999, 101.69, 0.146, 67.79, 0.126, 0.00, 0.000
24427,260586, 41.37, 41.37, 0.997, 0.998, 0.381206, 0.164106,1,1,0, 0.464555, 0.225973, 0.428142, 0.186837, 41.37, 0.997, 32.00, 0.324, 71.42, 0.217, 109.09, 0.092
24428,260597, 41.37, 41.37, 0.998, 0.999, 0.417856, 0.199714,1,1,0, 0.561477, 0.292806, 0.498600, 0.272351, 41.37, 0.998, 99.17, 0.246, 67.79, 0.127, 0.00, 0.000
24429,260608, 41.37, 41.37, 0.997, 0.997, 0.381000, 0.139956,1,1,0, 0.465943, 0.208743, 0.358774, 0.156809, 41.37, 0.997, 32.17, 0.382, 69.76, 0.278, 111.11, 0.108
24430,260618, 41.37, 41.37, 0.998, 0.999, 0.429059, 0.214897,1,1,0, 0.553291, 0.305407, 0.493371, 0.292368, 41.37, 0.998, 103.44, 0.281, 66.29, 0.133, 0.00, 0.000
24431,260629, 41.37, 41.37, 0.999, 0.999, 0.382228, 0.150595,1,1,0, 0.138178, 0.066079, 0.120400, 0.061683, 41.37, 0.999, 67.41, 0.212, 31.41, 0.159, 114.28, 0.112
24432,260640, 41.37, 41.37, 0.999, 0.999, 0.428992, 0.223201,1,1,0, 0.538693, 0.345275, 0.486585, 0.292427, 41.37, 0.999, 109.09, 0.246, 65.21, 0.170, 0.00, 0.000
24433,260650, 41.37, 41.37, 0.999, 0.999, 0.387935, 0.156415,1,1,0, 0.238664, 0.107989, 0.328546, 0.143063, 41.37, 0.999, 66.29, 0.220, 110.09, 0.138, 0.00, 0.000
24434,260661, 41.37, 41.37, 0.999, 0.999, 0.433594, 0.249556,1,1,0, 0.527613, 0.316561, 0.481435, 0.280224, 41.37, 0.999, 30.69, 0.827, 113.20, 0.246, 65.93, 0.196
24435,260672, 41.37, 41.37, 0.999, 0.999, 0.395181, 0.174884,1,1,0, 0.473845, 0.170675, 0.359882, 0.165240, 41.37, 0.999, 107.14, 0.270, 65.57, 0.228, 0.00, 0.000
24436,260682, 41.23, 41.31, 0.997, 0.998, 0.363980, 0.122555,1,1,0, 0.464106, 0.229890, 0.374315, 0.179110, 41.23, 0.997, 32.00, 0.404, 68.18, 0.327, 116.50, 0.193
24437,260693, 41.23, 41.28, 0.998, 0.999, 0.403580, 0.187246,1,1,0, 0.517995, 0.272423, 0.478004, 0.269930, 41.23, 0.998, 105.26, 0.354, 64.86, 0.236, 0.00, 0.000
24438,260704, 41.37, 41.32, 0.999, 0.999, 0.370134, 0.131218,1,1,0, 0.465835, 0.184693, 0.378794, 0.156929, 41.37, 0.999, 32.17, 0.456, 68.18, 0.328, 118.81, 0.194
24439,260714, 41.37, 41.34, 0.999, 0.999, 0.409209, 0.200554,1,1,0, 0.501316, 0.299025, 0.471509, 0.278390, 41.37, 0.999, 108.10, 0.368, 64.86, 0.236, 0.00, 0.000
24440,260725, 41.37, 41.36, 0.999, 0.999, 0.366552, 0.140544,1,1,0, 0.156275, 0.084574, 0.165099, 0.076955, 41.37, 0.999, 65.93, 0.328, 116.50, 0.200, 31.16, 0.167
24441,260736, 41.37, 41.36, 0.999, 0.999, 0.413062, 0.218698,1,1,0, 0.493009, 0.330676, 0.469883, 0.287098, 41.37, 0.999, 111.11, 0.303, 64.86, 0.258, 0.00, 0.000
24442,260746, 41.37, 41.37, 0.999, 0.999, 0.374081, 0.153259,1,1,0, 0.225990, 0.104520, 0.298727, 0.136357, 41.37, 0.999, 30.30, 0.324, 65.21, 0.307, 113.20, 0.283
24443,260757, 41.23, 41.31, 0.998, 0.999, 0.413010, 0.232534,1,1,0, 0.479290, 0.287707, 0.463610, 0.261534, 41.23, 0.998, 31.00, 0.788, 116.50, 0.328, 65.57, 0.302
24444,260768, 41.23, 41.28, 0.999, 0.999, 0.381152, 0.162954,1,1,0, 0.477791, 0.195357, 0.445500, 0.182953, 41.23, 0.999, 109.09, 0.361, 64.51, 0.300, 0.00, 0.000
24445,260778, 41.37, 41.32, 0.998, 0.999, 0.365392, 0.114195,1,1,0, 0.468525, 0.242009, 0.392461, 0.191217, 41.37, 0.998, 65.93, 0.413, 31.74, 0.383, 117.64, 0.278
24446,260789, 41.37, 41.34, 0.999, 0.999, 0.385368, 0.170518,1,1,0, 0.459429, 0.242059, 0.452939, 0.249897, 41.37, 0.999, 108.10, 0.430, 64.17, 0.306, 0.00, 0.000
24447,260800, 41.37, 41.36, 0.999, 0.999, 0.355692, 0.119495,1,1,0, 0.430564, 0.146056, 0.388917, 0.133584, 41.37, 0.999, 32.17, 0.501, 67.03, 0.369, 121.21, 0.258
24448,260810, 41.37, 41.36, 0.999, 0.999, 0.391801, 0.181606,1,1,0, 0.465275, 0.304858, 0.447651, 0.279627, 41.37, 0.999, 111.11, 0.439, 64.17, 0.326, 0.00, 0.000
24449,260821, 41.37, 41.37, 0.999, 0.999, 0.353286, 0.127266,1,1,0, 0.215753, 0.104898, 0.248430, 0.098099, 41.37, 0.999, 64.86, 0.397, 116.50, 0.280, 31.08, 0.187
24450,260832, 41.23, 41.31, 0.999, 0.999, 0.394658, 0.177795,1,1,0, 0.463881, 0.313337, 0.438861, 0.280177, 41.23, 0.999, 30.15, 0.720, 114.28, 0.389, 64.17, 0.347
24451,260842, 41.23, 41.28, 0.999, 0.999, 0.357499, 0.124595,1,1,0, 0.233118, 0.107892, 0.283963, 0.127902, 41.23, 0.999, 30.15, 0.631, 113.20, 0.414, 64.51, 0.377
24452,260853, 41.23, 41.26, 0.999, 0.999, 0.368584, 0.164940,1,1,0, 0.455247, 0.258771, 0.415758, 0.231156, 41.23, 0.999, 31.33, 0.604, 65.57, 0.380, 117.64, 0.361
24453,260864, 41.37, 41.31, 0.999, 0.999, 0.360507, 0.122368,1,1,0, 0.421686, 0.206770, 0.426123, 0.201458, 41.37, 0.999, 110.09, 0.439, 63.82, 0.362, 0.00, 0.000
24454,260874, 41.37, 41.34, 0.999, 0.999, 0.360924, 0.141347,1,1,0, 0.449366, 0.236478, 0.393578, 0.199708, 41.37, 0.999, 65.57, 0.470, 31.74, 0.374, 120.00, 0.319
24455,260885, 41.37, 41.35, 0.999, 0.999, 0.363640, 0.120369,1,1,0, 0.407603, 0.226197, 0.414961, 0.228239, 41.37, 0.999, 111.11, 0.489, 63.82, 0.343, 0.00, 0.000
24456,260896, 41.37, 41.36, 0.999, 0.999, 0.329577, 0.084352,1,1,0, 0.254650, 0.124447, 0.258658, 0.106117, 41.37, 0.999, 31.91, 0.508, 65.21, 0.430, 120.00, 0.334
24457,260906, 41.23, 41.31, 0.999, 0.999, 0.367649, 0.123282,1,1,0, 0.449462, 0.292976, 0.408939, 0.272403, 41.23, 0.999, 112.14, 0.477, 63.82, 0.403, 0.00, 0.000
24458,260917, 41.23, 41.28, 0.999, 0.999, 0.332567, 0.086393,1,1,0, 0.222590, 0.107481, 0.269616, 0.109126, 41.23, 0.999, 64.51, 0.439, 117.64, 0.355, 31.00, 0.268
24459,260928, 41.23, 41.26, 0.999, 0.999, 0.367142, 0.124137,1,1,0, 0.443879, 0.291110, 0.397790, 0.265989, 41.23, 0.999, 30.53, 0.794, 116.50, 0.453, 64.17, 0.407
24460,260938, 41.37, 41.31, 0.999, 0.999, 0.333399, 0.086992,1,1,0, 0.267384, 0.118995, 0.259439, 0.123271, 41.37, 0.999, 30.07, 0.748, 113.20, 0.469, 64.17, 0.399
24461,260949, 41.37, 41.33, 0.999, 0.999, 0.346601, 0.140966,1,1,0, 0.443421, 0.243460, 0.385053, 0.209829, 41.37, 0.999, 65.21, 0.466, 31.57, 0.370, 118.81, 0.351
24462,260960, 41.37, 41.35, 0.999, 0.999, 0.337679, 0.098786,1,1,0, 0.365293, 0.199779, 0.389184, 0.205148, 41.37, 0.999, 111.11, 0.506, 63.82, 0.416, 0.00, 0.000
24463,260970, 41.37, 41.36, 0.999, 0.999, 0.351087, 0.173104,1,1,0, 0.438778, 0.208939, 0.387073, 0.188029, 41.37, 0.999, 65.93, 0.475, 31.91, 0.405, 121.21, 0.349
24464,260981, 41.23, 41.31, 0.999, 0.999, 0.340935, 0.121308,1,1,0, 0.423386, 0.231608, 0.375815, 0.220732, 41.23, 0.999, 112.14, 0.540, 63.49, 0.381, 0.00, 0.000
24465,260992, 41.23, 41.28, 0.999, 0.999, 0.309014, 0.085010,1,1,0, 0.287467, 0.130821, 0.213195, 0.102803, 41.23, 0.999, 64.51, 0.503, 31.49, 0.428, 120.00, 0.384
24466,261002, 41.23, 41.25, 0.999, 0.999, 0.336940, 0.142007,1,1,1, 0.426901, 0.262159, 0.383763, 0.247839, 41.23, 0.999, 113.20, 0.472, 63.82, 0.428, 0.00, 0.000
24467,261013, 41.37, 41.34, 0.999, 0.999, 0.305592, 0.099515,1,1,0, 0.220545, 0.102853, 0.240808, 0.110865, 41.37, 0.999, 30.76, 0.457, 64.51, 0.453, 117.64, 0.420
24468,261024, 41.37, 41.36, 0.999, 0.999, 0.336492, 0.166874,1,1,0, 0.415537, 0.267157, 0.380707, 0.247164, 41.37, 0.999, 30.84, 0.748, 117.64, 0.467, 64.17, 0.445
24469,261034, 41.37, 41.37, 0.999, 0.999, 0.307423, 0.116941,1,1,0, 0.300347, 0.133066, 0.268026, 0.128610, 41.37, 0.999, 113.20, 0.490, 63.82, 0.404, 0.00, 0.000
24470,261045, 41.23, 41.27, 0.999, 0.999, 0.331647, 0.192678,1,1,0, 0.408449, 0.236515, 0.377706, 0.202095, 41.23, 0.999, 64.51, 0.522, 120.00, 0.355, 31.49, 0.226
24471,261056, 41.23, 41.24, 0.999, 0.999, 0.310661, 0.135024,1,1,0, 0.313377, 0.178489, 0.332441, 0.188602, 41.23, 0.999, 112.14, 0.556, 63.49, 0.443, 0.00, 0.000
24472,261066, 41.23, 41.24, 0.999, 0.999, 0.309457, 0.198126,1,1,0, 0.371201, 0.166945, 0.365697, 0.151802, 41.23, 0.999, 65.57, 0.467, 32.00, 0.464, 121.21, 0.362
24473,261077, 41.23, 41.23, 0.999, 0.999, 0.312101, 0.138842,1,1,0, 0.396915, 0.234079, 0.367416, 0.220841, 41.23, 0.999, 112.14, 0.557, 63.49, 0.403, 0.00, 0.000
24474,261088, 41.37, 41.33, 0.999, 0.999, 0.283678, 0.097298,1,1,0, 0.314367, 0.131815, 0.234330, 0.106139, 41.37, 0.999, 64.51, 0.532, 118.81, 0.372, 31.41, 0.268
24475,261098, 41.37, 41.36, 0.999, 0.999, 0.311406, 0.146282,1,1,0, 0.389102, 0.237517, 0.360878, 0.224777, 41.37, 0.999, 114.28, 0.457, 63.82, 0.436, 0.00, 0.000
24476,261109, 41.37, 41.37, 0.999, 0.999, 0.282451, 0.102512,1,1,0, 0.207560, 0.096934, 0.227910, 0.104290, 41.37, 0.999, 30.37, 0.706, 116.50, 0.479, 64.51, 0.426
24477,261120, 41.23, 41.31, 0.999, 0.999, 0.312586, 0.170119,1,1,0, 0.380936, 0.240194, 0.358983, 0.221177, 41.23, 0.999, 30.84, 0.542, 64.51, 0.459, 118.81, 0.435
24478,261130, 41.23, 41.28, 0.999, 0.999, 0.287213, 0.119216,1,1,0, 0.269799, 0.141648, 0.292621, 0.137662, 41.23, 0.999, 113.20, 0.515, 63.49, 0.429, 0.00, 0.000
24479,261141, 41.23, 41.26, 0.999, 0.999, 0.308398, 0.176158,1,1,0, 0.363401, 0.216060, 0.347355, 0.190465, 41.23, 0.999, 64.51, 0.527, 120.00, 0.350, 31.41, 0.204
24480,261152, 41.23, 41.25, 0.999, 0.999, 0.287181, 0.123448,1,1,0, 0.249794, 0.161496, 0.284338, 0.162969, 41.23, 0.999, 113.20, 0.577, 63.15, 0.399, 0.00, 0.000
24481,261162, 41.23, 41.24, 0.998, 0.999, 0.263102, 0.086509,1,1,0, 0.316919, 0.143341, 0.243885, 0.118590, 41.23, 0.998, 65.21, 0.493, 32.00, 0.426, 121.21, 0.357
24482,261173, 41.23, 41.24, 0.999, 0.999, 0.288010, 0.141991,1,1,0, 0.349070, 0.215877, 0.342050, 0.211029, 41.23, 0.999, 112.14, 0.530, 63.82, 0.416, 0.00, 0.000
24483,261184, 41.23, 41.24, 0.999, 0.999, 0.261506, 0.099504,1,1,0, 0.312876, 0.113367, 0.244833, 0.098716, 41.23, 0.999, 64.51, 0.492, 118.81, 0.354, 31.41, 0.196
24484,261194, 41.23, 41.23, 0.999, 0.999, 0.289260, 0.157598,1,1,0, 0.341157, 0.227581, 0.335266, 0.212460, 41.23, 0.999, 30.30, 0.634, 115.38, 0.469, 63.82, 0.439
24485,261205, 41.23, 41.23, 0.999, 0.999, 0.261968, 0.110441,1,1,0, 0.196790, 0.095005, 0.201662, 0.094665, 41.23, 0.999, 30.15, 0.850, 114.28, 0.505, 63.82, 0.400
24486,261216, 41.23, 41.23, 0.999, 0.999, 0.281735, 0.140667,1,1,0, 0.328434, 0.210430, 0.315727, 0.189375, 41.23, 0.999, 64.51, 0.462, 117.64, 0.350, 31.16, 0.219
24487,261226, 41.23, 41.23, 0.999, 0.999, 0.260785, 0.098576,1,1,0, 0.223613, 0.136513, 0.233675, 0.137552, 41.23, 0.999, 113.20, 0.536, 63.49, 0.430, 0.00, 0.000
24488,261237, 41.23, 41.23, 0.999, 0.999, 0.279310, 0.144948,1,1,0, 0.320775, 0.184294, 0.306131, 0.167835, 41.23, 0.999, 65.21, 0.493, 120.00, 0.310, 31.66, 0.196
24489,261248, 41.23, 41.23, 0.999, 0.999, 0.261663, 0.101576,1,1,0, 0.315274, 0.163317, 0.277029, 0.154223, 41.23, 0.999, 112.14, 0.565, 63.15, 0.337, 0.00, 0.000
24490,261258, 41.23, 41.23, 0.999, 0.999, 0.239269, 0.071182,1,1,0, 0.314246, 0.141307, 0.243226, 0.108495, 41.23, 0.999, 64.86, 0.512, 120.00, 0.330, 31.66, 0.250
24491,261269, 41.23, 41.23, 0.999, 0.999, 0.262527, 0.114913,1,1,0, 0.314266, 0.183385, 0.305656, 0.185338, 41.23, 0.999, 112.14, 0.472, 63.82, 0.409, 0.00, 0.000
24492,261280, 41.23, 41.23, 0.999, 0.999, 0.238027, 0.080529,1,1,0, 0.204789, 0.092633, 0.187367, 0.087916, 41.23, 0.999, 64.86, 0.407, 117.64, 0.377, 31.00, 0.340
24493,261290, 41.23, 41.23, 0.999, 0.999, 0.259368, 0.119905,1,1,0, 0.308848, 0.207682, 0.295259, 0.192707, 41.23, 0.999, 30.30, 0.553, 115.38, 0.434, 64.17, 0.408
24494,261301, 41.23, 41.23, 0.999, 0.999, 0.235798, 0.084027,1,1,0, 0.193960, 0.101652, 0.179839, 0.092709, 41.23, 0.999, 113.20, 0.481, 63.82, 0.369, 0.00, 0.000
24495,261312, 41.23, 41.23, 0.999, 0.999, 0.254671, 0.130632,1,1,0, 0.304739, 0.192661, 0.286652, 0.172327, 41.23, 0.999, 64.86, 0.479, 117.64, 0.247, 0.00, 0.000
24496,261322, 41.23, 41.23, 0.999, 0.999, 0.236062, 0.091544,1,1,0, 0.185463, 0.120975, 0.188943, 0.122106, 41.23, 0.999, 112.14, 0.538, 63.49, 0.352, 0.00, 0.000
24497,261333, 41.23, 41.23, 0.999, 0.999, 0.236826, 0.139418,1,1,0, 0.301620, 0.152937, 0.276700, 0.134290, 41.23, 0.999, 65.93, 0.441, 120.00, 0.255, 32.00, 0.170
24498,261344, 41.23, 41.23, 0.999, 0.999, 0.239856, 0.097861,1,1,0, 0.282738, 0.162911, 0.280065, 0.157740, 41.23, 0.999, 111.11, 0.520, 63.49, 0.316, 0.00, 0.000
24499,261354, 41.23, 41.23, 0.999, 0.999, 0.223094, 0.068579,1,1,0, 0.291071, 0.130059, 0.233181, 0.103479, 41.23, 0.999, 64.86, 0.480, 118.81, 0.257, 31.57, 0.057
24500,261365, 41.23, 41.23, 0.999, 0.999, 0.236580, 0.084969,1,1,0, 0.277122, 0.161427, 0.266359, 0.158601, 41.23, 0.999, 111.11, 0.406, 64.17, 0.352, 0.00, 0.000
24501,261376, 41.23, 41.23, 0.998, 0.999, 0.213518, 0.059545,1,1,0, 0.149464, 0.075945, 0.147288, 0.071781, 41.23, 0.998, 30.07, 0.614, 114.28, 0.392, 65.57, 0.335
24502,261386, 41.23, 41.23, 0.998, 0.999, 0.235137, 0.090201,1,1,0, 0.288185, 0.185269, 0.262394, 0.170631, 41.23, 0.998, 65.21, 0.361, 113.20, 0.297, 30.53, 0.230
24503,261397, 41.23, 41.23, 0.999, 0.999, 0.214408, 0.063211,1,1,0, 0.165078, 0.096870, 0.158262, 0.089043, 41.23, 0.999, 111.11, 0.418, 64.51, 0.339, 0.00, 0.000
24504,261408, 41.23, 41.23, 0.999, 0.999, 0.241536, 0.123010,1,1,0, 0.292148, 0.179592, 0.268980, 0.163100, 41.23, 0.999, 65.57, 0.443, 115.38, 0.174, 0.00, 0.000
24505,261418, 41.23, 41.23, 0.999, 0.999, 0.222472, 0.086203,1,1,0, 0.195598, 0.104616, 0.160063, 0.101615, 41.23, 0.999, 110.09, 0.499, 63.49, 0.236, 0.00, 0.000
24506,261429, 41.23, 41.23, 0.998, 0.998, 0.210770, 0.060409,1,1,0, 0.287747, 0.136634, 0.226430, 0.106854, 41.23, 0.998, 66.29, 0.404, 116.50, 0.177, 32.08, 0.080
24507,261440, 41.09, 41.17, 0.999, 0.999, 0.222512, 0.095442,1,1,0, 0.262755, 0.141244, 0.263336, 0.146766, 41.09, 0.999, 107.14, 0.424, 64.86, 0.283, 0.00, 0.000
24508,261450, 41.23, 41.20, 0.997, 0.997, 0.209337, 0.068850,1,1,0, 0.283539, 0.105184, 0.227588, 0.089328, 41.23, 0.997, 66.66, 0.370, 114.28, 0.164, 0.00, 0.000
24509,261461, 41.23, 41.21, 0.999, 0.999, 0.223203, 0.101175,1,1,0, 0.284649, 0.162365, 0.257164, 0.152053, 41.23, 0.999, 108.10, 0.348, 65.93, 0.265, 0.00, 0.000
24510,261472, 41.23, 41.22, 0.999, 0.999, 0.200284, 0.070901,1,1,0, 0.121624, 0.067394, 0.120476, 0.055924, 41.23, 0.999, 110.09, 0.344, 66.66, 0.264, 0.00, 0.000
24511,261482, 41.23, 41.23, 0.999, 0.999, 0.224568, 0.113447,1,1,0, 0.276821, 0.172364, 0.254321, 0.156436, 41.23, 0.999, 66.29, 0.336, 109.09, 0.142, 0.00, 0.000
24512,261493, 41.09, 41.17, 0.999, 0.999, 0.205029, 0.079502,1,1,0, 0.147236, 0.087055, 0.144190, 0.084734, 41.09, 0.999, 109.09, 0.412, 65.21, 0.245, 0.00, 0.000
24513,261504, 41.09, 41.14, 0.999, 0.999, 0.218433, 0.115590,1,1,0, 0.268186, 0.149226, 0.246399, 0.134062, 41.09, 0.999, 67.03, 0.346, 112.14, 0.130, 0.00, 0.000
24514,261514, 41.09, 41.12, 0.999, 0.999, 0.206043, 0.081003,1,1,0, 0.236914, 0.113083, 0.243544, 0.108301, 41.09, 0.999, 107.14, 0.458, 64.51, 0.146, 0.00, 0.000
24515,261525, 41.23, 41.17, 0.997, 0.998, 0.198607, 0.058563,1,1,0, 0.266110, 0.133273, 0.213298, 0.101364, 41.23, 0.997, 67.41, 0.381, 111.11, 0.088, 0.00, 0.000
24516,261536, 41.23, 41.19, 0.999, 0.999, 0.206868, 0.092671,1,1,0, 0.230263, 0.120161, 0.243653, 0.127570, 41.23, 0.999, 103.44, 0.335, 67.03, 0.227, 0.00, 0.000
24517,261546, 41.23, 41.21, 0.998, 0.999, 0.186959, 0.064942,1,1,0, 0.190352, 0.074591, 0.179218, 0.064446, 41.23, 0.998, 69.36, 0.254, 106.19, 0.195, 31.08, 0.097
24518,261557, 41.23, 41.22, 0.999, 0.999, 0.209723, 0.099979,1,1,0, 0.267437, 0.162575, 0.241143, 0.148948, 41.23, 0.999, 102.56, 0.259, 67.79, 0.226, 0.00, 0.000
24519,261568, 41.09, 41.17, 0.999, 0.999, 0.189690, 0.070063,1,1,0, 0.144627, 0.077601, 0.144366, 0.065335, 41.09, 0.999, 105.26, 0.323, 67.79, 0.207, 0.00, 0.000
24520,261578, 41.09, 41.13, 0.999, 0.999, 0.209185, 0.103275,1,1,0, 0.263098, 0.158257, 0.234022, 0.144326, 41.09, 0.999, 67.41, 0.329, 105.26, 0.069, 0.00, 0.000
24521,261589, 41.09, 41.12, 0.999, 0.999, 0.191330, 0.072373,1,1,0, 0.135848, 0.082492, 0.139574, 0.076645, 41.09, 0.999, 105.26, 0.425, 65.93, 0.115, 0.00, 0.000
24522,261600, 41.23, 41.16, 0.998, 0.998, 0.187335, 0.058743,1,1,0, 0.256459, 0.130585, 0.205993, 0.104778, 41.23, 0.998, 69.36, 0.312, 106.19, 0.060, 0.00, 0.000
24523,261610, 41.09, 41.13, 0.998, 0.999, 0.191400, 0.075806,1,1,0, 0.202720, 0.111270, 0.227557, 0.117241, 41.09, 0.998, 102.56, 0.386, 66.29, 0.120, 0.00, 0.000
24524,261621, 41.23, 41.18, 0.998, 0.999, 0.189154, 0.076036,1,1,0, 0.254378, 0.117111, 0.206047, 0.094974, 41.23, 0.998, 69.76, 0.341, 0.00, 0.000, 0.00, 0.000
24525,261632, 41.23, 41.20, 0.999, 0.999, 0.194244, 0.083388,1,1,0, 0.233431, 0.126670, 0.225466, 0.122090, 41.23, 0.999, 100.00, 0.298, 69.76, 0.204, 0.00, 0.000
24526,261642, 41.23, 41.21, 0.998, 0.999, 0.174779, 0.058436,1,1,0, 0.109808, 0.067106, 0.102194, 0.051834, 41.23, 0.998, 103.44, 0.301, 71.00, 0.164, 0.00, 0.000
24527,261653, 41.09, 41.16, 0.998, 0.999, 0.191882, 0.084147,1,1,0, 0.244415, 0.150590, 0.217673, 0.137614, 41.09, 0.998, 69.36, 0.247, 96.00, 0.139, 0.00, 0.000
24528,261664, 41.09, 41.13, 0.998, 0.999, 0.175861, 0.058968,1,1,0, 0.126791, 0.087486, 0.128210, 0.076051, 41.09, 0.998, 105.26, 0.346, 67.41, 0.162, 0.00, 0.000
24529,261674, 41.09, 41.11, 0.998, 0.999, 0.189730, 0.076123,1,1,0, 0.239347, 0.140244, 0.207059, 0.127923, 41.09, 0.998, 68.18, 0.291, 0.00, 0.000, 0.00, 0.000
24530,261685, 41.09, 41.10, 0.999, 0.999, 0.175676, 0.053345,1,1,0, 0.159893, 0.093221, 0.164022, 0.085402, 41.09, 0.999, 103.44, 0.408, 66.66, 0.009, 0.00, 0.000
24531,261696, 41.09, 41.10, 0.999, 0.999, 0.177649, 0.077334,1,1,0, 0.236746, 0.128731, 0.197427, 0.096875, 41.09, 0.999, 68.57, 0.321, 0.00, 0.000, 0.00, 0.000
24532,261706, 41.23, 41.15, 0.999, 0.999, 0.176614, 0.054194,1,1,0, 0.165331, 0.100332, 0.201078, 0.111647, 41.23, 0.999, 102.56, 0.287, 67.03, 0.158, 0.00, 0.000
24533,261717, 41.23, 41.19, 0.998, 0.999, 0.175638, 0.119927,1,1,0, 0.237404, 0.096392, 0.209677, 0.082191, 41.23, 0.998, 70.17, 0.225, 103.44, 0.116, 0.00, 0.000
24534,261728, 41.09, 41.15, 0.993, 0.995, 0.179158, 0.084042,1,1,0, 0.252352, 0.149867, 0.210757, 0.134174, 41.09, 0.993, 102.56, 0.256, 68.18, 0.192, 0.00, 0.000
24535,261738, 41.23, 41.18, 0.949, 0.963, 0.164293, 0.058895,1,1,0, 0.162242, 0.085982, 0.124431, 0.065515, 41.23, 0.949, 30.22, 0.514, 107.14, 0.253, 67.79, 0.244
24536,261749, 42.25, 41.63, 0.862, 0.900, 0.150661, 0.041272,1,1,0, 0.114801, 0.073694, 0.118168, 0.065498, 42.25, 0.862, 70.58, 0.297, 105.26, 0.076, 0.00, 0.000
24537,261760, 42.70, 42.08, 0.749, 0.819, 0.136015, 0.028923,1,1,0, 0.061242, 0.034068, 0.072340, 0.040376, 42.70, 0.749, 112.14, 0.380, 69.76, 0.363, 31.33, 0.239
24538,261770, 45.28, 42.08, 0.268, 0.737, 0.123651, 0.020268,1,1,0, 0.103736, 0.061282, 0.060000, 0.039696, 45.28, 0.268, 73.61, 0.179, 0.00, 0.000, 0.00, 0.000
24539,261781, 45.80, 43.64, 0.487, 0.522, 0.111211, 0.014203,1,1,0, 0.048981, 0.029544, 0.054540, 0.027464, 45.80, 0.487, 106.19, 0.076, 33.51, 0.038, 0.00, 0.000
24540,261792, 41.52, 42.75, 0.427, 0.460, 0.099172, 0.009953,1,1,0, 0.043093, 0.023073, 0.042072, 0.019183, 41.52, 0.427, 33.42, 0.392, 206.89, 0.298, 50.63, 0.005
24541,261802, 50.20, 45.88, 0.767, 0.771, 0.089556, 0.006975,1,1,0, 0.054917, 0.034169, 0.032438, 0.023362, 50.20, 0.767, 0.00, 0.000, 0.00, 0.000, 0.00, 0.000
24542,261813, 49.58, 47.43, 0.735, 0.778, 0.080661, 0.004888,1,1,0, 0.055789, 0.033190, 0.047312, 0.023521, 49.58, 0.735, 0.00, 0.000, 0.00, 0.000, 0.00, 0.000
24543,261824, 41.95, 45.13, 0.950, 0.964, 0.073199, 0.003425,1,1,0, 0.044042, 0.031534, 0.037804, 0.023289, 41.95, 0.950, 0.00, 0.000, 0.00, 0.000, 0.00, 0.000
24544,261834, 41.52, 43.61, 0.927, 0.947, 0.065659, 0.002400,1,1,0, 0.030707, 0.015854, 0.030133, 0.016106, 41.52, 0.927, 0.00, 0.000, 0.00, 0.000, 0.00, 0.000
24545,261845, 42.10, 42.98, 0.831, 0.878, 0.059008, 0.001682,1,1,0, 0.029401, 0.015960, 0.020462, 0.013561, 42.10, 0.831, 48.97, 0.743, 0.00, 0.000, 0.00, 0.000
24546,261856, 50.00, 42.93, 0.851, 0.815, 0.052525, 0.001178,1,1,0, 0.016172, 0.009035, 0.017699, 0.008745, 50.00, 0.851, 42.85, 0.744, 0.00, 0.000, 0.00, 0.000
24547,261866, 51.50, 46.53, 0.919, 0.926, 0.046723, 0.000826,1,1,0, 0.017248, 0.008861, 0.013960, 0.007299, 51.50, 0.919, 42.70, 0.615, 0.00, 0.000, 0.00, 0.000
24548,261877, 51.28, 48.52, 0.924, 0.945, 0.041445, 0.000578,1,1,0, 0.012310, 0.006087, 0.011031, 0.005591, 51.28, 0.924, 42.10, 0.584, 240.00, 0.331, 0.00, 0.000
24549,261888, 51.72, 49.86, 0.865, 0.903, 0.036996, 0.000405,1,1,0, 0.018589, 0.010119, 0.010544, 0.006451, 51.72, 0.865, 67.41, 0.431, 218.18, 0.389, 41.95, 0.275
24550,261898, 51.94, 50.74, 0.769, 0.834, 0.032850, 0.000284,1,1,0, 0.014322, 0.008537, 0.011394, 0.004855, 51.94, 0.769, 222.22, 0.414, 68.18, 0.318, 0.00, 0.000
24551,261909, 52.17, 51.34, 0.635, 0.712, 0.029166, 0.000199,1,1,0, 0.007605, 0.003836, 0.011109, 0.004160, 52.17, 0.635, 218.18, 0.560, 68.96, 0.427, 41.95, 0.313
24552,261920, 52.17, 51.69, 0.640, 0.713, 0.025964, 0.000139,1,1,0, 0.012713, 0.007548, 0.007990, 0.004220, 52.17, 0.640, 214.28, 0.571, 41.95, 0.556, 68.96, 0.319
24553,261930, 52.17, 51.89, 0.771, 0.835, 0.023108, 0.000097,1,1,0, 0.008871, 0.004511, 0.006891, 0.003663, 52.17, 0.771, 214.28, 0.699, 69.36, 0.664, 104.34, 0.441
24554,261941, 52.40, 52.10, 0.725, 0.802, 0.020502, 0.000068,1,1,0, 0.009074, 0.004197, 0.006401, 0.002821, 52.40, 0.725, 69.36, 0.718, 214.28, 0.680, 104.34, 0.503
24555,261952, 52.17, 52.13, 0.847, 0.890, 0.018237, 0.000048,1,1,0, 0.004992, 0.002770, 0.004583, 0.002694, 52.17, 0.847, 210.52, 0.668, 69.76, 0.642, 41.66, 0.487
24556,261962, 41.95, 52.24, 0.704, 0.779, 0.016241, 0.000033,1,1,0, 0.009856, 0.005971, 0.006769, 0.002970, 41.95, 0.704, 210.52, 0.693, 52.40, 0.693, 69.76, 0.604
24557,261973, 41.95, 47.92, 0.892, 0.901, 0.014486, 0.000023,1,1,0, 0.005212, 0.002312, 0.005353, 0.002621, 41.95, 0.892, 35.19, 0.809, 214.28, 0.671, 52.17, 0.574
24558,261984, 210.52, 49.71, 0.680, 0.701, 0.013017, 0.000016,1,1,0, 0.007532, 0.004048, 0.005125, 0.003113, 210.52, 0.680, 52.17, 0.648, 68.96, 0.526, 34.58, 0.450
24559,261994, 52.63, 50.93, 0.596, 0.653, 0.011572, 0.000011,1,1,0, 0.007326, 0.003870, 0.003627, 0.001747, 52.63, 0.596, 214.28, 0.548, 70.58, 0.531, 30.22, 0.442
24560,262005, 52.17, 51.45, 0.715, 0.782, 0.010475, 0.000008,1,1,0, 0.015631, 0.008277, 0.006259, 0.003427, 52.17, 0.715, 42.40, 0.674, 30.15, 0.531, 218.18, 0.502
24561,262016, 41.95, 51.56, 0.653, 0.657, 0.009531, 0.000005,1,1,0, 0.016544, 0.013159, 0.006301, 0.003257, 41.95, 0.653, 51.72, 0.575, 222.22, 0.431, 35.82, 0.420
24562,262026, 230.76, 126.83, 0.556, 0.566, 0.008654, 0.000003,1,1,0, 0.007928, 0.004817, 0.004518, 0.002902, 230.76, 0.556, 34.68, 0.268, 41.09, 0.075, 0.00, 0.000
24563,262037, 235.29, 172.38, 0.601, 0.610, 0.007795, 0.000002,1,1,0, 0.003404, 0.001598, 0.004429, 0.002148, 235.29, 0.601, 108.10, 0.050, 33.33, 0.020, 0.00, 0.000
24564,262048, 218.18, 191.62, 0.466, 0.469, 0.007025, 0.000001,1,1,0, 0.006211, 0.002822, 0.004004, 0.001890, 218.18, 0.466, 34.38, 0.233, 104.34, 0.150, 70.58, 0.085
24565,262058, 33.14, 125.06, 0.774, 0.787, 0.006674, 0.000001,1,1,0, 0.012245, 0.008346, 0.006251, 0.004394, 33.14, 0.774, 222.22, 0.587, 41.09, 0.582, 101.69, 0.268
24566,262069, 35.39, 87.40, 0.920, 0.921, 0.005981, 0.000000,1,1,0, 0.011801, 0.009097, 0.002415, 0.001365, 35.39, 0.920, 40.00, 0.662, 30.53, 0.439, 50.00, 0.303
24567,262080, 244.89, 153.55, 0.467, 0.467, 0.005416, 0.000000,1,1,0, 0.010076, 0.007898, 0.005148, 0.002084, 244.89, 0.467, 68.96, 0.060, 103.44, 0.048, 51.28, 0.025
24568,262090, 65.21, 153.55, 0.047, 0.420, 0.006030, 0.002015,1,1,0, 0.008784, 0.006065, 0.006615, 0.004897, 65.21, 0.047, 53.81, 0.028, 0.00, 0.000, 0.00, 0.000
24569,262101, 50.00, 153.55, 0.204, 0.378, 0.005472, 0.001412,1,1,0, 0.008121, 0.005640, 0.002892, 0.001796, 50.00, 0.204, 66.29, 0.072, 0.00, 0.000, 0.00, 0.000
24570,262112, 72.72, 153.55, 0.046, 0.340, 0.004944, 0.000989,1,1,0, 0.006518, 0.003942, 0.002457, 0.001372, 72.72, 0.046, 0.00, 0.000, 0.00, 0.000, 0.00, 0.000
24571,262122, 82.19, 153.55, 0.080, 0.306, 0.004868, 0.001067,1,1,0, 0.007564, 0.004737, 0.005366, 0.003138, 82.19, 0.080, 56.87, 0.063, 0.00, 0.000, 0.00, 0.000
24572,262133, 105.26, 133.27, 0.635, 0.643, 0.004468, 0.000748,1,1,0, 0.010670, 0.009228, 0.004365, 0.002115, 105.26, 0.635, 164.38, 0.599, 50.84, 0.391, 35.19, 0.352
24573,262144, 218.18, 168.93, 0.707, 0.707, 0.004104, 0.000524,1,1,0, 0.009049, 0.006193, 0.004147, 0.002004, 218.18, 0.707, 0.00, 0.000, 0.00, 0.000, 0.00, 0.000
24574,262154, 102.56, 168.93, 0.264, 0.636, 0.004017, 0.001584,1,1,0, 0.007578, 0.004978, 0.004414, 0.002133, 102.56, 0.264, 80.00, 0.258, 0.00, 0.000, 0.00, 0.000
24575,262165, 51.06, 168.93, 0.367, 0.572, 0.003792, 0.001110,1,1,0, 0.005750, 0.002678, 0.003334, 0.002304, 51.06, 0.367, 42.10, 0.256, 75.94, 0.149, 0.00, 0.000
24576,262176, 38.83, 114.29, 0.727, 0.734, 0.003482, 0.000777,1,1,0, 0.007208, 0.006049, 0.003426, 0.001630, 38.83, 0.727, 32.87, 0.608, 74.53, 0.577, 48.97, 0.383
24577,262186, 173.91, 114.29, 0.427, 0.660, 0.003139, 0.000545,1,1,0, 0.004931, 0.003730, 0.002311, 0.001044, 173.91, 0.427, 104.34, 0.403, 34.09, 0.117, 0.00, 0.000
24578,262197, 32.25, 79.83, 0.512, 0.518, 0.015670, 0.044894,1,1,0, 0.044213, 0.013153, 0.028510, 0.008225, 32.25, 0.512, 38.83, 0.246, 106.19, 0.095, 148.14, 0.095
24579,262208, 35.39, 61.17, 0.698, 0.698, 0.055673, 0.042507,1,1,0, 0.077214, 0.054499, 0.060642, 0.043025, 35.39, 0.698, 64.51, 0.074, 0.00, 0.000, 0.00, 0.000
24580,262218, 34.68, 50.04, 0.618, 0.621, 0.058138, 0.029788,1,1,0, 0.087604, 0.065605, 0.065271, 0.036953, 34.68, 0.618, 50.00, 0.443, 0.00, 0.000, 0.00, 0.000
24581,262229, 45.62, 48.19, 0.550, 0.573, 0.056431, 0.020875,1,1,0, 0.045921, 0.031766, 0.065317, 0.032903, 45.62, 0.550, 0.00, 0.000, 0.00, 0.000, 0.00, 0.000
24582,262240, 44.60, 46.68, 0.579, 0.609, 0.050286, 0.014628,1,1,0, 0.023633, 0.016019, 0.015751, 0.008238, 44.60, 0.579, 0.00, 0.000, 0.00, 0.000, 0.00, 0.000
24583,262250, 58.53, 51.66, 0.765, 0.765, 0.045058, 0.010251,1,1,0, 0.015908, 0.008908, 0.016290, 0.010129, 58.53, 0.765, 0.00, 0.000, 0.00, 0.000, 0.00, 0.000
24584,262261, 62.82, 56.35, 0.725, 0.725, 0.039805, 0.007184,1,1,0, 0.005897, 0.002952, 0.005186, 0.003347, 62.82, 0.725, 0.00, 0.000, 0.00, 0.000, 0.00, 0.000
24585,262272, 54.79, 55.69, 0.842, 0.886, 0.035135, 0.005034,1,1,0, 0.007692, 0.005431, 0.004489, 0.002779, 54.79, 0.842, 0.00, 0.000, 0.00, 0.000, 0.00, 0.000
24586,262282, 46.51, 51.83, 0.725, 0.725, 0.031206, 0.003528,1,1,0, 0.008045, 0.005341, 0.006434, 0.004193, 46.51, 0.725, 0.00, 0.000, 0.00, 0.000, 0.00, 0.000
24587,262293, 46.87, 49.75, 0.789, 0.816, 0.027665, 0.002472,1,1,0, 0.006957, 0.003165, 0.004609, 0.003148, 46.87, 0.789, 0.00, 0.000, 0.00, 0.000, 0.00, 0.000
24588,262304, 53.33, 51.25, 0.801, 0.843, 0.024444, 0.001732,1,1,0, 0.008295, 0.005721, 0.004333, 0.002235, 53.33, 0.801, 0.00, 0.000, 0.00, 0.000, 0.00, 0.000
24589,262314, 56.60, 53.50, 0.686, 0.714, 0.021545, 0.001214,1,1,0, 0.002047, 0.000935, 0.002426, 0.001441, 56.60, 0.686, 0.00, 0.000, 0.00, 0.000, 0.00, 0.000
24590,262325, 51.94, 53.50, 0.360, 0.642, 0.018999, 0.000850,1,1,0, 0.003385, 0.002397, 0.002632, 0.001491, 51.94, 0.360, 0.00, 0.000, 0.00, 0.000, 0.00, 0.000
24591,262336, 68.18, 53.50, 0.387, 0.578, 0.016693, 0.000596,1,1,0, 0.003489, 0.002560, 0.001134, 0.000616, 68.18, 0.387, 51.28, 0.121, 0.00, 0.000, 0.00, 0.000
24592,262346, 73.17, 61.76, 0.646, 0.649, 0.014713, 0.000417,1,1,0, 0.004461, 0.002983, 0.001906, 0.000998, 73.17, 0.646, 50.00, 0.445, 155.84, 0.391, 30.53, 0.347
24593,262357, 75.00, 61.76, 0.352, 0.584, 0.012986, 0.000292,1,1,0, 0.002830, 0.001823, 0.002364, 0.001126, 75.00, 0.352, 49.58, 0.142, 151.89, 0.056, 0.00, 0.000
24594,262368, 77.41, 68.33, 0.550, 0.560, 0.011444, 0.000205,1,1,0, 0.002354, 0.001276, 0.001881, 0.000832, 77.41, 0.550, 37.97, 0.338, 44.77, 0.183, 0.00, 0.000
24595,262378, 38.21, 72.15, 0.657, 0.636, 0.010076, 0.000143,1,1,0, 0.001165, 0.000613, 0.001408, 0.000673, 38.21, 0.657, 77.41, 0.609, 0.00, 0.000, 0.00, 0.000
24596,262389, 35.71, 71.49, 0.741, 0.708, 0.008929, 0.000100,1,1,0, 0.002451, 0.001278, 0.002429, 0.001120, 35.71, 0.741, 70.58, 0.648, 0.00, 0.000, 0.00, 0.000
24597,262400, 31.57, 71.46, 0.718, 0.627, 0.008027, 0.000070,1,1,0, 0.004513, 0.002792, 0.003138, 0.001903, 31.57, 0.718, 71.42, 0.556, 0.00, 0.000, 0.00, 0.000
24598,262410, 36.80, 71.46, 0.273, 0.564, 0.007176, 0.000049,1,1,0, 0.003672, 0.001749, 0.002390, 0.001402, 36.80, 0.273, 76.92, 0.069, 0.00, 0.000, 0.00, 0.000
24599,262421, 39.08, 57.86, 0.607, 0.607, 0.006409, 0.000034,1,1,0, 0.003705, 0.001322, 0.002279, 0.001117, 39.08, 0.607, 0.00, 0.000, 0.00, 0.000, 0.00, 0.000
24600,262432, 35.39, 48.43, 0.736, 0.736, 0.005693, 0.000024,1,1,0, 0.001723, 0.000979, 0.001253, 0.000757, 35.39, 0.736, 44.11, 0.503, 0.00, 0.000, 0.00, 0.000
24601,262442, 34.98, 42.78, 0.817, 0.820, 0.005153, 0.000017,1,1,0, 0.005089, 0.003258, 0.002902, 0.001567, 34.98, 0.817, 46.51, 0.115, 0.00, 0.000, 0.00, 0.000
24602,262453, 90.90, 62.99, 0.503, 0.503, 0.005352, 0.001246,1,1,0, 0.013326, 0.008876, 0.005650, 0.003714, 90.90, 0.503, 51.28, 0.312, 0.00, 0.000, 0.00, 0.000
24603,262464, 80.53, 70.36, 0.646, 0.646, 0.006702, 0.016435,1,1,0, 0.021797, 0.008010, 0.011402, 0.004269, 80.53, 0.646, 44.28, 0.201, 38.46, 0.042, 0.00, 0.000
24604,262474, 160.00, 133.10, 0.690, 0.695, 0.109650, 0.664684,1,1,1, 0.369013, 0.073379, 0.299753, 0.060964, 160.00, 0.690, 31.49, 0.501, 51.06, 0.459, 85.10, 0.038
24605,262485, 30.84, 61.52, 0.773, 0.776, 0.313290, 0.602869,1,1,0, 0.581465, 0.303110, 0.451607, 0.264297, 30.84, 0.773, 48.38, 0.521, 96.00, 0.035, 0.00, 0.000
24606,262496, 54.54, 56.63, 0.776, 0.837, 0.629755, 0.920682,1,1,0, 0.758980, 0.458465, 0.793074, 0.401568, 54.54, 0.776, 37.85, 0.521, 111.11, 0.180, 0.00, 0.000
24607,262506, 54.29, 55.00, 0.848, 0.890, 0.564706, 0.645195,1,1,0, 0.333551, 0.103514, 0.223237, 0.136463, 54.29, 0.848, 107.14, 0.163, 36.25, 0.026, 0.00, 0.000
24608,262517, 54.79, 54.85, 0.945, 0.960, 0.635398, 0.452140,1,1,0, 0.733230, 0.447359, 0.751275, 0.401008, 54.79, 0.945, 37.15, 0.303, 112.14, 0.216, 0.00, 0.000
24609,262528, 55.29, 55.16, 0.997, 0.998, 0.576310, 0.316850,1,1,0, 0.569476, 0.272396, 0.410112, 0.206857, 55.29, 0.997, 35.60, 0.412, 106.19, 0.252, 0.00, 0.000
24610,262538, 55.29, 55.25, 0.997, 0.998, 0.610861, 0.303287,1,1,0, 0.714966, 0.361159, 0.734699, 0.366047, 55.29, 0.997, 36.14, 0.324, 108.10, 0.249, 0.00, 0.000
24611,262549, 55.29, 55.28, 0.998, 0.998, 0.652223, 0.423704,1,1,0, 0.724905, 0.406386, 0.739779, 0.365755, 55.29, 0.998, 111.11, 0.229, 36.58, 0.224, 0.00, 0.000
24612,262560, 55.29, 55.29, 0.997, 0.998, 0.588617, 0.296923,1,1,0, 0.667213, 0.189752, 0.545724, 0.181593, 55.29, 0.997, 111.11, 0.206, 36.92, 0.173, 0.00, 0.000
24613,262570, 55.29, 55.29, 0.999, 0.999, 0.630807, 0.370267,1,1,0, 0.733103, 0.439296, 0.730433, 0.387819, 55.29, 0.999, 112.14, 0.184, 37.15, 0.147, 0.00, 0.000
24614,262581, 55.29, 55.29, 0.999, 0.999, 0.573498, 0.259476,1,1,0, 0.580061, 0.242802, 0.397238, 0.211185, 55.29, 0.999, 35.29, 0.371, 105.26, 0.265, 0.00, 0.000
24615,262592, 55.29, 55.29, 0.999, 0.999, 0.610674, 0.308297,1,1,0, 0.722889, 0.386662, 0.720186, 0.373201, 55.29, 0.999, 36.92, 0.410, 111.11, 0.302, 0.00, 0.000
24616,262602, 55.29, 55.29, 0.999, 0.999, 0.624634, 0.362206,1,1,0, 0.684381, 0.343020, 0.701350, 0.309403, 55.29, 0.999, 36.47, 0.277, 109.09, 0.259, 0.00, 0.000
24617,262613, 55.29, 55.29, 0.999, 0.999, 0.582286, 0.253827,1,1,0, 0.710012, 0.285352, 0.683411, 0.266144, 55.29, 0.999, 111.11, 0.254, 36.92, 0.243, 0.00, 0.000
24618,262624, 55.29, 55.29, 0.999, 0.999, 0.613210, 0.295061,1,1,0, 0.705154, 0.422924, 0.683242, 0.369783, 55.29, 0.999, 111.11, 0.229, 36.92, 0.184, 0.00, 0.000
24619,262634, 55.29, 55.29, 0.999, 0.999, 0.556658, 0.206773,1,1,0, 0.493860, 0.179713, 0.371583, 0.187894, 55.29, 0.999, 35.39, 0.269, 106.19, 0.248, 0.00, 0.000
24620,262645, 55.29, 55.29, 0.999, 0.999, 0.590625, 0.250800,1,1,0, 0.700982, 0.403899, 0.672093, 0.372389, 55.29, 0.999, 37.38, 0.431, 113.20, 0.336, 0.00, 0.000
24621,262656, 55.29, 55.29, 0.999, 0.999, 0.545787, 0.191122,1,1,0, 0.577929, 0.287922, 0.600447, 0.239054, 55.29, 0.999, 35.82, 0.420, 107.14, 0.316, 0.00, 0.000
24622,262666, 55.29, 55.29, 0.999, 0.999, 0.568020, 0.217741,1,1,0, 0.700806, 0.339488, 0.667727, 0.330420, 55.29, 0.999, 110.09, 0.275, 36.69, 0.268, 0.00, 0.000
24623,262677, 55.29, 55.29, 0.999, 0.999, 0.600192, 0.263707,1,1,0, 0.694137, 0.410823, 0.661242, 0.361308, 55.29, 0.999, 111.11, 0.268, 36.80, 0.250, 0.00, 0.000
24624,262688, 55.29, 55.29, 0.999, 0.999, 0.543684, 0.184800,1,1,0, 0.288849, 0.153431, 0.304641, 0.174303, 55.29, 0.999, 110.09, 0.242, 36.69, 0.190, 0.00, 0.000
24625,262698, 55.29, 55.29, 0.999, 0.999, 0.575629, 0.233741,1,1,0, 0.687243, 0.407472, 0.654789, 0.365469, 55.29, 0.999, 37.26, 0.327, 113.20, 0.307, 0.00, 0.000
24626,262709, 55.29, 55.29, 0.999, 0.999, 0.527990, 0.163801,1,1,0, 0.569623, 0.282245, 0.394534, 0.226397, 55.29, 0.999, 35.60, 0.611, 105.26, 0.390, 0.00, 0.000
24627,262720, 55.29, 55.29, 0.999, 0.999, 0.555888, 0.213858,1,1,0, 0.677616, 0.348140, 0.650823, 0.347548, 55.29, 0.999, 36.69, 0.309, 110.09, 0.308, 0.00, 0.000
24628,262730, 55.29, 55.29, 0.999, 0.999, 0.582131, 0.268250,1,1,0, 0.670494, 0.380715, 0.641559, 0.344155, 55.29, 0.999, 110.09, 0.306, 36.80, 0.298, 0.00, 0.000
24629,262741, 55.29, 55.29, 0.999, 0.999, 0.530396, 0.187984,1,1,0, 0.497822, 0.198396, 0.364846, 0.193809, 55.29, 0.999, 111.11, 0.289, 36.92, 0.261, 0.00, 0.000
24630,262752, 55.29, 55.29, 0.999, 0.999, 0.555814, 0.245625,1,1,0, 0.660178, 0.393652, 0.632575, 0.344817, 55.29, 0.999, 112.14, 0.278, 37.15, 0.227, 0.00, 0.000
24631,262762, 55.29, 55.29, 0.999, 0.999, 0.512916, 0.172129,1,1,0, 0.545912, 0.268238, 0.388356, 0.239140, 55.29, 0.999, 35.29, 0.599, 104.34, 0.400, 0.00, 0.000
24632,262773, 55.29, 55.29, 0.999, 0.999, 0.540506, 0.221296,1,1,0, 0.658563, 0.356283, 0.626054, 0.344357, 55.29, 0.999, 36.92, 0.449, 111.11, 0.374, 0.00, 0.000
24633,262784, 55.29, 55.29, 0.999, 0.999, 0.558382, 0.278867,1,1,0, 0.650574, 0.326026, 0.621275, 0.299575, 55.29, 0.999, 110.09, 0.322, 36.58, 0.311, 0.00, 0.000
24634,262794, 55.29, 55.29, 0.999, 0.999, 0.518404, 0.195424,1,1,0, 0.649153, 0.276441, 0.600828, 0.253390, 55.29, 0.999, 111.11, 0.330, 36.92, 0.323, 0.00, 0.000
24635,262805, 55.29, 55.29, 0.999, 0.999, 0.540156, 0.242884,1,1,0, 0.641236, 0.381829, 0.609780, 0.330141, 55.29, 0.999, 111.11, 0.297, 37.03, 0.244, 0.00, 0.000
24636,262816, 55.29, 55.29, 0.999, 0.999, 0.497810, 0.170208,1,1,0, 0.485859, 0.222709, 0.362665, 0.225583, 55.29, 0.999, 35.08, 0.454, 105.26, 0.355, 0.00, 0.000
24637,262826, 55.29, 55.29, 0.999, 0.999, 0.524058, 0.216297,1,1,0, 0.636072, 0.372149, 0.604875, 0.344030, 55.29, 0.999, 37.38, 0.566, 113.20, 0.435, 0.00, 0.000
24638,262837, 55.29, 55.29, 0.999, 0.999, 0.491621, 0.174783,1,1,0, 0.528538, 0.278965, 0.541609, 0.247369, 55.29, 0.999, 35.82, 0.415, 107.14, 0.363, 0.00, 0.000
24639,262848, 55.29, 55.29, 0.999, 0.999, 0.502491, 0.194216,1,1,0, 0.624836, 0.328186, 0.598240, 0.306454, 55.29, 0.999, 111.11, 0.347, 36.92, 0.337, 0.00, 0.000
24640,262858, 55.29, 55.29, 0.999, 0.999, 0.521933, 0.253250,1,1,0, 0.608906, 0.365951, 0.587896, 0.320657, 55.29, 0.999, 111.11, 0.346, 36.92, 0.325, 0.00, 0.000
24641,262869, 55.29, 55.29, 0.999, 0.999, 0.479580, 0.177472,1,1,0, 0.372758, 0.203533, 0.383837, 0.213995, 55.29, 0.999, 108.10, 0.321, 35.71, 0.292, 0.00, 0.000
24642,262880, 55.29, 55.29, 0.999, 0.999, 0.500836, 0.226145,1,1,0, 0.601109, 0.364657, 0.579405, 0.326495, 55.29, 0.999, 37.38, 0.499, 113.20, 0.423, 0.00, 0.000
24643,262890, 55.29, 55.29, 0.999, 0.999, 0.464578, 0.158478,1,1,0, 0.520208, 0.277139, 0.387759, 0.238989, 55.29, 0.999, 35.50, 0.633, 105.26, 0.450, 0.00, 0.000
24644,262901, 55.29, 55.29, 0.999, 0.999, 0.483953, 0.205192,1,1,0, 0.589954, 0.341062, 0.570972, 0.325782, 55.29, 0.999, 111.11, 0.365, 36.92, 0.345, 0.00, 0.000
24645,262912, 55.29, 55.29, 0.999, 0.999, 0.501095, 0.246400,1,1,0, 0.575525, 0.338637, 0.558459, 0.307984, 55.29, 0.999, 110.09, 0.381, 36.80, 0.371, 0.00, 0.000
24646,262922, 55.29, 55.29, 0.999, 0.999, 0.462549, 0.172672,1,1,0, 0.400655, 0.232180, 0.405145, 0.225817, 55.29, 0.999, 110.09, 0.360, 36.80, 0.320, 0.00, 0.000
24647,262933, 55.29, 55.29, 0.999, 0.999, 0.479535, 0.215855,1,1,0, 0.572837, 0.348166, 0.548855, 0.300657, 55.29, 0.999, 112.14, 0.375, 37.15, 0.352, 0.00, 0.000
24648,262944, 55.29, 55.29, 0.999, 0.999, 0.448711, 0.151267,1,1,0, 0.497536, 0.282324, 0.405732, 0.259931, 55.29, 0.999, 35.50, 0.715, 105.26, 0.496, 0.00, 0.000
24649,262954, 55.29, 55.29, 0.999, 0.999, 0.467667, 0.190208,1,1,0, 0.564598, 0.341859, 0.541199, 0.323466, 55.29, 0.999, 36.92, 0.437, 111.11, 0.414, 0.00, 0.000
24650,262965, 55.29, 55.29, 0.999, 0.999, 0.478392, 0.233126,1,1,0, 0.546750, 0.295284, 0.531243, 0.277284, 55.29, 0.999, 110.09, 0.389, 36.69, 0.369, 0.00, 0.000
24651,262976, 55.29, 55.29, 0.999, 0.999, 0.446543, 0.163369,1,1,0, 0.525031, 0.281203, 0.449232, 0.257759, 55.29, 0.999, 111.11, 0.401, 36.80, 0.389, 0.00, 0.000
24652,262986, 55.29, 55.29, 0.999, 0.999, 0.458436, 0.211949,1,1,0, 0.538901, 0.334696, 0.521541, 0.283094, 55.29, 0.999, 111.11, 0.365, 37.03, 0.309, 0.00, 0.000
24653,262997, 55.29, 55.29, 0.999, 0.999, 0.429587, 0.148530,1,1,0, 0.469157, 0.257583, 0.423090, 0.257147, 55.29, 0.999, 35.29, 0.618, 105.26, 0.463, 0.00, 0.000
24654,263008, 55.29, 55.29, 0.999, 0.999, 0.446012, 0.183722,1,1,0, 0.528717, 0.344218, 0.511629, 0.318004, 55.29, 0.999, 37.26, 0.594, 113.20, 0.488, 0.00, 0.000
24655,263018, 55.29, 55.29, 0.999, 0.999, 0.432204, 0.210940,1,1,0, 0.482131, 0.262095, 0.492533, 0.242495, 55.29, 0.999, 108.10, 0.404, 36.14, 0.400, 0.00, 0.000
24656,263029, 55.29, 55.29, 0.999, 0.999, 0.426251, 0.148394,1,1,0, 0.514545, 0.320309, 0.496788, 0.290661, 55.29, 0.999, 111.11, 0.415, 36.92, 0.400, 0.00, 0.000
24657,263040, 55.29, 55.29, 0.999, 0.999, 0.438303, 0.187621,1,1,0, 0.514376, 0.322768, 0.486234, 0.279607, 55.29, 0.999, 111.11, 0.407, 37.03, 0.381, 0.00, 0.000
24658,263050, 55.29, 55.29, 0.999, 0.999, 0.411606, 0.131481,1,1,0, 0.463167, 0.242459, 0.437149, 0.247844, 55.29, 0.999, 35.50, 0.426, 107.14, 0.407, 0.00, 0.000
24659,263061, 55.29, 55.29, 0.999, 0.999, 0.425340, 0.147508,1,1,0, 0.504191, 0.329403, 0.474355, 0.296327, 55.29, 0.999, 37.38, 0.634, 114.28, 0.513, 0.00, 0.000
24660,263072, 55.29, 55.29, 0.999, 0.999, 0.403583, 0.103370,1,1,0, 0.474880, 0.266209, 0.446794, 0.241209, 55.29, 0.999, 35.60, 0.580, 106.19, 0.471, 0.00, 0.000
24661,263082, 55.29, 55.29, 0.999, 0.999, 0.424540, 0.112676,1,1,0, 0.492073, 0.337724, 0.461955, 0.307846, 55.29, 0.999, 111.11, 0.417, 37.03, 0.382, 0.00, 0.000
24662,263093, 55.29, 55.29, 0.999, 0.999, 0.422067, 0.121487,1,1,0, 0.484491, 0.298431, 0.453055, 0.272214, 55.29, 0.999, 111.11, 0.440, 36.80, 0.432, 0.00, 0.000
24663,263104, 55.29, 55.29, 0.999, 0.999, 0.414834, 0.092921,1,1,0, 0.489100, 0.261093, 0.456098, 0.254123, 55.29, 0.999, 110.09, 0.408, 36.58, 0.361, 0.00, 0.000
24664,263114, 55.29, 55.29, 0.999, 0.999, 0.405233, 0.096214,1,1,0, 0.471661, 0.301631, 0.445006, 0.258992, 55.29, 0.999, 37.26, 0.509, 112.14, 0.470, 0.00, 0.000
24665,263125, 55.29, 55.29, 0.999, 0.999, 0.407136, 0.103679,1,1,0, 0.496992, 0.284378, 0.462909, 0.267198, 55.29, 0.999, 35.60, 0.730, 105.26, 0.541, 0.00, 0.000
24666,263136, 55.29, 55.29, 0.999, 0.999, 0.431169, 0.154817,1,1,0, 0.503270, 0.336347, 0.470182, 0.306302, 55.29, 0.999, 111.11, 0.441, 37.03, 0.417, 0.00, 0.000
24667,263146, 55.29, 55.29, 0.999, 0.999, 0.409337, 0.108492,1,1,0, 0.447405, 0.260094, 0.422676, 0.250059, 55.29, 0.999, 110.09, 0.446, 36.80, 0.427, 0.00, 0.000
24668,263157, 55.29, 55.29, 0.999, 0.999, 0.422699, 0.153784,1,1,1, 0.508514, 0.292443, 0.473840, 0.271110, 55.29, 0.999, 111.11, 0.450, 36.92, 0.431, 0.00, 0.000
24669,263168, 55.29, 55.29, 0.999, 0.999, 0.395330, 0.107769,1,1,0, 0.440307, 0.282840, 0.411756, 0.231339, 55.29, 0.999, 111.11, 0.434, 37.03, 0.395, 0.00, 0.000
24670,263178, 55.29, 55.29, 0.999, 0.999, 0.412636, 0.149580,1,1,0, 0.511352, 0.280897, 0.476963, 0.278591, 55.29, 0.999, 35.60, 0.732, 106.19, 0.550, 0.00, 0.000
24671,263189, 55.29, 55.29, 0.999, 0.999, 0.443568, 0.223054,1,1,0, 0.531276, 0.330407, 0.490599, 0.299582, 55.29, 0.999, 37.15, 0.545, 112.14, 0.507, 0.00, 0.000
24672,263200, 55.29, 55.29, 0.999, 0.999, 0.412517, 0.156311,1,1,0, 0.420225, 0.228260, 0.385170, 0.221993, 55.29, 0.999, 109.09, 0.456, 36.58, 0.429, 0.00, 0.000
24673,263210, 55.29, 55.29, 0.999, 0.999, 0.431634, 0.177819,1,1,0, 0.523266, 0.314920, 0.484853, 0.283871, 55.29, 0.999, 111.11, 0.478, 36.92, 0.463, 0.00, 0.000
24674,263221, 55.29, 55.29, 0.999, 0.999, 0.402993, 0.124612,1,1,0, 0.425316, 0.273880, 0.373953, 0.228201, 55.29, 0.999, 111.11, 0.457, 36.92, 0.424, 0.00, 0.000
24675,263232, 55.29, 55.29, 0.999, 0.999, 0.421375, 0.165321,1,1,0, 0.526080, 0.266594, 0.487361, 0.269874, 55.29, 0.999, 35.82, 0.595, 107.14, 0.507, 0.00, 0.000
24676,263242, 55.29, 55.29, 0.999, 0.999, 0.437921, 0.225770,1,1,0, 0.530642, 0.302233, 0.493968, 0.273327, 55.29, 0.999, 37.38, 0.663, 113.20, 0.564, 0.00, 0.000
24677,263253, 55.29, 55.29, 0.999, 0.999, 0.415304, 0.158215,1,1,0, 0.536821, 0.242710, 0.491254, 0.226859, 55.29, 0.999, 36.14, 0.504, 108.10, 0.493, 0.00, 0.000
24678,263264, 55.29, 55.29, 0.999, 0.999, 0.440078, 0.200117,1,1,0, 0.542070, 0.325685, 0.497149, 0.288966, 55.29, 0.999, 111.11, 0.481, 36.92, 0.450, 0.00, 0.000
24679,263274, 55.29, 55.29, 0.999, 0.999, 0.411311, 0.140238,1,1,0, 0.394452, 0.253220, 0.341773, 0.230638, 55.29, 0.999, 110.09, 0.498, 36.80, 0.486, 0.00, 0.000
24680,263285, 55.29, 55.29, 0.999, 0.999, 0.431365, 0.187048,1,1,0, 0.544728, 0.278620, 0.501357, 0.270932, 55.29, 0.999, 109.09, 0.488, 36.47, 0.472, 0.00, 0.000
24681,263296, 55.29, 55.29, 0.999, 0.999, 0.406635, 0.131080,1,1,0, 0.394111, 0.261717, 0.441051, 0.227650, 55.29, 0.999, 37.26, 0.657, 113.20, 0.570, 0.00, 0.000
24682,263306, 55.29, 55.29, 0.999, 0.999, 0.422369, 0.178779,1,1,0, 0.545651, 0.272218, 0.506462, 0.258125, 55.29, 0.999, 35.82, 0.666, 107.14, 0.562, 0.00, 0.000
24683,263317, 55.29, 55.29, 0.999, 0.999, 0.448484, 0.238685,1,1,0, 0.546060, 0.325831, 0.511274, 0.286017, 55.29, 0.999, 111.11, 0.492, 37.03, 0.453, 0.00, 0.000
24684,263328, 55.29, 55.29, 0.999, 0.999, 0.417241, 0.167265,1,1,0, 0.367281, 0.220502, 0.328119, 0.218349, 55.29, 0.999, 110.09, 0.511, 36.80, 0.497, 0.00, 0.000
24685,263338, 55.29, 55.29, 0.999, 0.999, 0.439760, 0.216672,1,1,0, 0.545336, 0.297627, 0.512080, 0.278358, 55.29, 0.999, 111.11, 0.510, 36.92, 0.495, 0.00, 0.000
24686,263349, 55.29, 55.29, 0.999, 0.999, 0.405723, 0.151839,1,1,0, 0.354079, 0.232737, 0.306891, 0.187287, 55.29, 0.999, 36.92, 0.556, 111.11, 0.537, 0.00, 0.000
24687,263360, 55.29, 55.29, 0.999, 0.999, 0.428120, 0.198894,1,1,0, 0.545567, 0.283195, 0.511797, 0.278000, 55.29, 0.999, 35.82, 0.750, 107.14, 0.608, 0.00, 0.000
24688,263370, 55.29, 55.29, 0.999, 0.999, 0.452670, 0.251387,1,1,0, 0.542319, 0.315310, 0.510454, 0.278609, 55.29, 0.999, 111.11, 0.537, 37.03, 0.531, 0.00, 0.000
24689,263381, 55.29, 55.29, 0.999, 0.999, 0.417693, 0.176167,1,1,0, 0.336849, 0.190088, 0.326895, 0.195048, 55.29, 0.999, 110.09, 0.517, 36.80, 0.486, 0.00, 0.000
24690,263392, 55.29, 55.29, 0.999, 0.999, 0.441932, 0.220746,1,1,0, 0.543730, 0.309750, 0.508523, 0.282490, 55.29, 0.999, 111.11, 0.542, 36.92, 0.534, 0.00, 0.000
24691,263402, 55.29, 55.29, 0.999, 0.999, 0.406859, 0.154695,1,1,0, 0.339111, 0.225179, 0.280697, 0.177898, 55.29, 0.999, 110.09, 0.539, 36.69, 0.524, 0.00, 0.000
24692,263413, 55.29, 55.29, 0.999, 0.999, 0.429131, 0.199024,1,1,0, 0.542719, 0.273777, 0.508084, 0.275395, 55.29, 0.999, 36.03, 0.723, 108.10, 0.610, 0.00, 0.000
24693,263424, 55.29, 55.29, 0.999, 0.999, 0.451950, 0.257574,1,1,0, 0.539919, 0.290636, 0.508389, 0.260939, 55.29, 0.999, 37.15, 0.642, 112.14, 0.601, 0.00, 0.000
24694,263434, 55.29, 55.29, 0.999, 0.999, 0.416095, 0.180503,1,1,0, 0.488275, 0.196930, 0.407837, 0.190998, 55.29, 0.999, 110.09, 0.547, 36.69, 0.521, 0.00, 0.000
24695,263445, 55.29, 55.29, 0.999, 0.999, 0.439421, 0.227852,1,1,0, 0.536635, 0.309234, 0.505223, 0.275265, 55.29, 0.999, 111.11, 0.559, 36.92, 0.540, 0.00, 0.000
24696,263456, 55.29, 55.29, 0.999, 0.999, 0.406020, 0.159674,1,1,0, 0.344465, 0.215391, 0.320224, 0.188735, 55.29, 0.999, 110.09, 0.572, 36.69, 0.560, 0.00, 0.000
24697,263466, 55.29, 55.29, 0.999, 0.999, 0.426879, 0.206576,1,1,0, 0.534372, 0.272806, 0.503620, 0.267447, 55.29, 0.999, 36.47, 0.633, 109.09, 0.597, 0.00, 0.000
24698,263477, 55.29, 55.29, 0.999, 0.999, 0.423851, 0.262346,1,1,0, 0.511496, 0.242394, 0.498378, 0.217466, 55.29, 0.999, 37.26, 0.713, 112.14, 0.642, 0.00, 0.000
24699,263488, 55.29, 55.29, 0.999, 0.999, 0.411386, 0.183847,1,1,0, 0.528977, 0.237827, 0.499642, 0.224529, 55.29, 0.999, 36.47, 0.610, 109.09, 0.600, 0.00, 0.000
24700,263498, 55.29, 55.29, 0.999, 0.999, 0.432596, 0.232500,1,1,0, 0.523259, 0.299599, 0.495435, 0.260308, 55.29, 0.999, 111.11, 0.575, 36.92, 0.540, 0.00, 0.000
24701,263509, 55.29, 55.29, 0.999, 0.999, 0.399488, 0.162931,1,1,0, 0.335376, 0.186802, 0.305735, 0.187066, 55.29, 0.999, 110.09, 0.600, 36.69, 0.588, 0.00, 0.000
24702,263520, 55.29, 55.29, 0.999, 0.999, 0.421693, 0.208250,1,1,0, 0.519581, 0.284364, 0.492081, 0.267821, 55.29, 0.999, 111.11, 0.612, 36.92, 0.612, 0.00, 0.000
24703,263530, 55.29, 55.29, 0.999, 0.999, 0.387308, 0.145937,1,1,0, 0.347769, 0.197778, 0.363487, 0.165017, 55.29, 0.999, 37.03, 0.718, 111.11, 0.655, 0.00, 0.000
24704,263541, 55.29, 55.29, 0.999, 0.999, 0.405391, 0.183918,1,1,0, 0.513312, 0.260047, 0.487691, 0.252399, 55.29, 0.999, 36.14, 0.711, 108.10, 0.656, 0.00, 0.000
24705,263552, 55.29, 55.29, 0.999, 0.999, 0.424492, 0.234816,1,1,0, 0.506632, 0.288404, 0.483175, 0.249738, 55.29, 0.999, 111.11, 0.615, 36.92, 0.594, 0.00, 0.000
24706,263562, 55.29, 55.29, 0.999, 0.999, 0.389849, 0.164554,1,1,0, 0.267454, 0.154819, 0.285826, 0.169342, 55.29, 0.999, 110.09, 0.618, 36.80, 0.590, 0.00, 0.000
24707,263573, 55.29, 55.29, 0.999, 0.999, 0.411434, 0.211952,1,1,0, 0.498349, 0.286857, 0.478764, 0.264202, 55.29, 0.999, 111.11, 0.645, 37.03, 0.645, 0.00, 0.000
24708,263584, 55.29, 55.29, 0.999, 0.999, 0.376229, 0.148531,1,1,0, 0.347983, 0.186533, 0.233296, 0.145787, 55.29, 0.999, 36.69, 0.699, 110.09, 0.666, 0.00, 0.000
24709,263594, 55.29, 55.29, 0.999, 0.999, 0.395085, 0.187982,1,1,0, 0.492541, 0.254007, 0.472453, 0.253174, 55.29, 0.999, 36.25, 0.774, 108.10, 0.692, 0.00, 0.000
24710,263605, 55.29, 55.29, 0.999, 0.999, 0.412919, 0.237043,1,1,0, 0.480120, 0.270507, 0.467088, 0.240349, 55.29, 0.999, 37.03, 0.670, 111.11, 0.664, 0.00, 0.000
24711,263616, 55.29, 55.29, 0.999, 0.999, 0.378154, 0.166115,1,1,0, 0.335179, 0.152189, 0.267507, 0.156919, 55.29, 0.999, 110.09, 0.643, 36.80, 0.606, 0.00, 0.000
24712,263626, 55.29, 55.29, 0.999, 0.999, 0.398103, 0.209467,1,1,0, 0.473100, 0.277857, 0.460121, 0.251857, 55.29, 0.999, 111.11, 0.667, 36.92, 0.655, 0.00, 0.000
24713,263637, 55.29, 55.29, 0.999, 0.999, 0.366403, 0.146790,1,1,0, 0.349331, 0.190524, 0.260367, 0.160824, 55.29, 0.999, 36.47, 0.711, 109.09, 0.691, 0.00, 0.000
24714,263648, 55.29, 55.29, 0.999, 0.999, 0.381896, 0.177331,1,1,0, 0.467070, 0.243050, 0.449968, 0.240176, 55.29, 0.999, 36.58, 0.780, 110.09, 0.717, 0.00, 0.000
24715,263658, 55.29, 55.29, 0.999, 0.999, 0.396089, 0.219771,1,1,0, 0.456524, 0.236366, 0.443259, 0.216093, 55.29, 0.999, 37.03, 0.735, 111.11, 0.712, 0.00, 0.000
24716,263669, 55.29, 55.29, 0.999, 0.999, 0.365024, 0.154011,1,1,0, 0.441928, 0.183481, 0.393002, 0.174145, 55.29, 0.999, 110.09, 0.691, 36.80, 0.678, 0.00, 0.000
24717,263680, 55.29, 55.29, 0.999, 0.999, 0.388501, 0.218946,1,1,0, 0.460636, 0.269342, 0.448893, 0.238691, 55.29, 0.999, 111.11, 0.684, 36.92, 0.654, 0.00, 0.000
24718,263690, 55.29, 55.29, 0.999, 0.999, 0.358600, 0.153433,1,1,0, 0.344586, 0.175287, 0.254566, 0.166783, 55.29, 0.999, 109.09, 0.708, 36.47, 0.705, 0.00, 0.000
24719,263701, 55.29, 55.29, 0.999, 0.999, 0.371383, 0.161780,1,1,0, 0.444992, 0.247121, 0.430179, 0.235529, 55.29, 0.999, 36.92, 0.780, 111.11, 0.729, 0.00, 0.000
24720,263712, 55.29, 55.29, 0.999, 0.999, 0.358226, 0.215433,1,1,0, 0.404096, 0.194190, 0.419841, 0.175089, 55.29, 0.999, 37.03, 0.772, 111.11, 0.737, 0.00, 0.000
24721,263722, 55.29, 55.29, 0.999, 0.999, 0.357300, 0.154624,1,1,0, 0.441897, 0.220445, 0.428352, 0.209773, 55.29, 0.999, 110.09, 0.725, 36.69, 0.724, 0.00, 0.000
24722,263733, 55.29, 55.29, 0.999, 0.999, 0.369226, 0.179210,1,1,0, 0.430814, 0.253322, 0.416882, 0.220280, 55.29, 0.999, 111.11, 0.710, 36.80, 0.689, 0.00, 0.000
24723,263744, 55.29, 55.29, 0.999, 0.999, 0.340516, 0.125587,1,1,0, 0.302263, 0.146047, 0.254132, 0.156316, 55.29, 0.999, 110.09, 0.720, 36.69, 0.699, 0.00, 0.000
24724,263754, 55.29, 55.29, 0.999, 0.999, 0.360019, 0.171509,1,1,0, 0.430610, 0.257367, 0.416262, 0.238646, 55.29, 0.999, 37.03, 0.765, 111.11, 0.749, 0.00, 0.000
24725,263765, 55.29, 55.29, 0.998, 0.999, 0.330468, 0.120190,1,1,0, 0.318214, 0.162705, 0.263609, 0.139138, 55.29, 0.998, 36.80, 0.796, 110.09, 0.750, 0.00, 0.000
24726,263776, 55.55, 55.40, 0.996, 0.997, 0.328843, 0.097040,1,1,0, 0.393634, 0.208913, 0.380431, 0.204379, 55.55, 0.996, 36.69, 0.767, 110.09, 0.746, 0.00, 0.000
24727,263786, 56.07, 55.68, 0.991, 0.993, 0.304841, 0.068004,1,1,0, 0.296001, 0.176811, 0.280690, 0.155792, 56.07, 0.991, 112.14, 0.744, 37.26, 0.739, 0.00, 0.000
24728,263797, 56.33, 55.96, 0.990, 0.993, 0.279376, 0.047655,1,1,0, 0.190777, 0.108641, 0.184371, 0.113652, 56.33, 0.990, 112.14, 0.731, 37.38, 0.721, 0.00, 0.000
24729,263808, 56.33, 56.11, 0.985, 0.989, 0.258136, 0.033396,1,1,0, 0.231941, 0.134795, 0.189858, 0.123252, 56.33, 0.985, 37.73, 0.746, 113.20, 0.730, 0.00, 0.000
24730,263818, 56.33, 56.21, 0.961, 0.972, 0.233057, 0.023403,1,1,0, 0.175418, 0.071289, 0.160450, 0.068418, 56.33, 0.961, 36.92, 0.683, 110.09, 0.653, 0.00, 0.000
24731,263829, 55.81, 56.04, 0.981, 0.986, 0.216600, 0.016400,1,1,0, 0.193087, 0.126203, 0.172166, 0.112755, 55.81, 0.981, 111.11, 0.523, 36.80, 0.504, 0.00, 0.000
24732,263840, 55.55, 55.83, 0.976, 0.983, 0.196517, 0.011493,1,1,0, 0.172728, 0.083778, 0.124118, 0.066211, 55.55, 0.976, 36.69, 0.485, 110.09, 0.447, 0.00, 0.000
24733,263850, 55.55, 55.71, 0.994, 0.995, 0.181465, 0.008054,1,1,0, 0.170371, 0.088851, 0.158605, 0.091742, 55.55, 0.994, 36.47, 0.532, 109.09, 0.418, 0.00, 0.000
24734,263861, 55.55, 55.65, 0.976, 0.983, 0.164428, 0.005644,1,1,0, 0.128400, 0.062976, 0.088313, 0.051625, 55.55, 0.976, 37.26, 0.525, 112.14, 0.417, 0.00, 0.000
24735,263872, 55.29, 55.50, 0.819, 0.870, 0.148279, 0.003955,1,1,0, 0.069723, 0.047514, 0.079419, 0.041283, 55.29, 0.819, 111.11, 0.211, 0.00, 0.000, 0.00, 0.000
24736,263882, 55.29, 55.41, 0.690, 0.777, 0.132862, 0.002771,1,1,0, 0.075213, 0.034866, 0.060919, 0.030423, 55.29, 0.690, 44.94, 0.392, 0.00, 0.000, 0.00, 0.000
24737,263893, 56.07, 55.69, 0.642, 0.720, 0.120299, 0.001942,1,1,0, 0.081314, 0.047683, 0.057961, 0.035543, 56.07, 0.642, 47.61, 0.565, 0.00, 0.000, 0.00, 0.000
24738,263904, 51.72, 54.02, 0.843, 0.879, 0.108425, 0.001361,1,1,0, 0.060459, 0.034765, 0.054761, 0.028262, 51.72, 0.843, 0.00, 0.000, 0.00, 0.000, 0.00, 0.000
24739,263914, 53.33, 53.73, 0.859, 0.899, 0.097793, 0.000953,1,1,0, 0.059107, 0.035122, 0.049196, 0.026708, 53.33, 0.859, 0.00, 0.000, 0.00, 0.000, 0.00, 0.000
24740,263925, 55.29, 54.39, 0.953, 0.966, 0.088415, 0.000668,1,1,0, 0.040418, 0.027592, 0.038452, 0.025199, 55.29, 0.953, 0.00, 0.000, 0.00, 0.000, 0.00, 0.000
24741,263936, 56.33, 55.20, 0.977, 0.983, 0.079547, 0.000468,1,1,0, 0.035118, 0.020947, 0.029653, 0.019737, 56.33, 0.977, 0.00, 0.000, 0.00, 0.000, 0.00, 0.000
24742,263946, 56.60, 55.79, 0.962, 0.973, 0.071356, 0.000328,1,1,0, 0.031870, 0.018662, 0.026891, 0.015816, 56.60, 0.962, 0.00, 0.000, 0.00, 0.000, 0.00, 0.000
24743,263957, 57.14, 56.36, 0.958, 0.970, 0.063696, 0.000230,1,1,0, 0.032048, 0.013772, 0.021619, 0.011025, 57.14, 0.958, 0.00, 0.000, 0.00, 0.000, 0.00, 0.000
24744,263968, 55.81, 56.13, 0.957, 0.969, 0.056743, 0.000161,1,1,0, 0.026287, 0.013618, 0.017664, 0.009255, 55.81, 0.957, 0.00, 0.000, 0.00, 0.000, 0.00, 0.000
24745,263978, 54.79, 55.56, 0.946, 0.961, 0.050429, 0.000112,1,1,0, 0.011140, 0.005442, 0.011282, 0.007269, 54.79, 0.946, 0.00, 0.000, 0.00, 0.000, 0.00, 0.000
24746,263989, 55.29, 55.45, 0.698, 0.783, 0.044540, 0.000079,1,1,0, 0.006384, 0.003604, 0.007116, 0.003835, 55.29, 0.698, 30.53, 0.421, 0.00, 0.000, 0.00, 0.000
24747,264000, 51.28, 53.70, 0.540, 0.576, 0.039530, 0.000055,1,1,0, 0.012067, 0.007081, 0.009595, 0.005219, 51.28, 0.540, 63.49, 0.283, 0.00, 0.000, 0.00, 0.000
24748,264010, 51.28, 52.68, 0.696, 0.737, 0.035050, 0.000038,1,1,0, 0.011033, 0.006752, 0.010018, 0.004599, 51.28, 0.696, 66.29, 0.048, 0.00, 0.000, 0.00, 0.000
24749,264021, 47.05, 50.32, 0.779, 0.797, 0.031026, 0.000027,1,1,0, 0.005206, 0.002808, 0.006160, 0.003030, 47.05, 0.779, 40.13, 0.275, 0.00, 0.000, 0.00, 0.000
24750,264032, 47.24, 49.02, 0.666, 0.714, 0.027403, 0.000019,1,1,0, 0.006341, 0.002612, 0.005386, 0.002426, 47.24, 0.666, 30.07, 0.296, 0.00, 0.000, 0.00, 0.000
24751,264042, 54.54, 48.27, 0.464, 0.474, 0.024116, 0.000013,1,1,0, 0.003380, 0.001546, 0.003587, 0.001413, 54.54, 0.464, 47.24, 0.416, 70.17, 0.312, 285.71, 0.185
24752,264053, 47.24, 47.84, 0.460, 0.509, 0.021215, 0.000009,1,1,0, 0.002142, 0.001194, 0.002115, 0.001075, 47.24, 0.460, 54.79, 0.445, 72.28, 0.300, 33.05, 0.251
24753,264064, 31.00, 40.77, 0.704, 0.704, 0.018762, 0.000006,1,1,0, 0.005554, 0.002387, 0.004210, 0.001906, 31.00, 0.704, 72.28, 0.465, 54.29, 0.367, 36.69, 0.312
24754,264074, 46.33, 43.10, 0.499, 0.523, 0.016587, 0.000004,1,1,0, 0.004660, 0.001858, 0.003277, 0.001512, 46.33, 0.499, 30.61, 0.377, 134.83, 0.259, 72.72, 0.226
24755,264085, 36.69, 40.41, 0.540, 0.541, 0.014731, 0.000003,1,1,0, 0.004221, 0.002299, 0.003127, 0.001921, 36.69, 0.540, 31.08, 0.322, 47.24, 0.215, 141.17, 0.138
24756,264096, 36.58, 38.80, 0.728, 0.751, 0.013168, 0.000002,1,1,0, 0.005740, 0.002879, 0.004509, 0.002507, 36.58, 0.728, 136.36, 0.450, 54.79, 0.292, 47.24, 0.209
24757,264106, 50.84, 38.80, 0.441, 0.676, 0.011649, 0.000001,1,1,0, 0.002789, 0.001464, 0.003207, 0.001334, 50.84, 0.441, 142.85, 0.322, 37.97, 0.284, 73.17, 0.218
24758,264117, 38.46, 38.66, 0.674, 0.747, 0.010486, 0.000001,1,1,0, 0.008723, 0.004176, 0.005813, 0.002892, 38.46, 0.674, 54.05, 0.516, 142.85, 0.245, 74.53, 0.170
24759,264128, 35.39, 38.07, 0.449, 0.503, 0.009334, 0.000000,1,1,0, 0.005815, 0.003068, 0.003180, 0.001522, 35.39, 0.449, 37.26, 0.439, 141.17, 0.274, 54.29, 0.262
24760,264138, 112.14, 38.07, 0.239, 0.452, 0.008415, 0.000000,1,1,0, 0.007240, 0.002967, 0.006332, 0.002666, 112.14, 0.239, 127.65, 0.231, 54.79, 0.147, 35.60, 0.086
24761,264149, 130.43, 38.07, 0.420, 0.407, 0.007635, 0.000000,1,1,0, 0.005261, 0.002650, 0.003808, 0.002398, 130.43, 0.420, 35.71, 0.401, 54.79, 0.316, 0.00, 0.000
24762,264160, 38.21, 38.13, 0.532, 0.571, 0.006820, 0.000000,1,1,0, 0.003203, 0.001795, 0.002114, 0.001223, 38.21, 0.532, 31.16, 0.490, 54.05, 0.401, 139.53, 0.383
24763,264170, 53.57, 38.32, 0.628, 0.582, 0.006222, 0.000000,1,1,0, 0.005995, 0.002690, 0.005411, 0.002524, 53.57, 0.628, 38.58, 0.526, 139.53, 0.349, 73.61, 0.197
24764,264181, 54.05, 37.83, 0.567, 0.608, 0.005592, 0.000000,1,1,0, 0.004220, 0.001911, 0.003638, 0.001582, 54.05, 0.567, 37.15, 0.557, 136.36, 0.262, 87.59, 0.008
24765,264192, 55.04, 37.83, 0.423, 0.547, 0.005066, 0.000000,1,1,0, 0.004437, 0.002477, 0.003243, 0.001651, 55.04, 0.423, 30.76, 0.416, 45.97, 0.304, 127.65, 0.261
24766,264202, 55.04, 37.12, 0.596, 0.610, 0.004679, 0.000000,1,1,0, 0.003943, 0.002500, 0.004468, 0.002326, 55.04, 0.596, 36.14, 0.563, 122.44, 0.470, 0.00, 0.000
24767,264213, 30.92, 34.52, 0.587, 0.589, 0.004248, 0.000000,1,1,0, 0.004216, 0.001621, 0.003926, 0.001588, 30.92, 0.587, 54.79, 0.536, 139.53, 0.327, 36.69, 0.267
24768,264224, 38.96, 36.38, 0.635, 0.648, 0.004009, 0.000786,1,1,0, 0.005182, 0.002324, 0.004384, 0.002144, 38.96, 0.635, 54.29, 0.574, 141.17, 0.455, 30.15, 0.383
24769,264234, 38.21, 37.15, 0.496, 0.541, 0.003695, 0.000551,1,1,0, 0.004106, 0.002155, 0.003770, 0.001858, 38.21, 0.496, 54.79, 0.472, 136.36, 0.351, 87.59, 0.174
24770,264245, 54.79, 37.15, 0.415, 0.487, 0.003693, 0.002370,1,1,0, 0.005448, 0.002165, 0.004358, 0.001802, 54.79, 0.415, 34.88, 0.372, 130.43, 0.356, 31.00, 0.336
24771,264256, 35.39, 36.41, 0.737, 0.772, 0.003501, 0.001661,1,1,0, 0.005004, 0.002274, 0.003726, 0.002172, 35.39, 0.737, 54.79, 0.632, 121.21, 0.534, 0.00, 0.000
24772,264266, 54.54, 36.41, 0.579, 0.695, 0.003193, 0.001164,1,1,0, 0.003431, 0.001783, 0.002564, 0.001308, 54.54, 0.579, 30.92, 0.509, 36.14, 0.362, 36.69, 0.361
24773,264277, 40.13, 37.97, 0.651, 0.677, 0.011463, 0.019841,1,1,0, 0.017693, 0.008839, 0.014301, 0.008080, 40.13, 0.651, 55.55, 0.460, 80.53, 0.170, 142.85, 0.111
24774,264288, 56.33, 45.68, 0.474, 0.483, 0.011103, 0.013904,1,1,0, 0.018266, 0.008732, 0.013024, 0.005973, 56.33, 0.474, 41.09, 0.295, 35.29, 0.201, 0.00, 0.000
24775,264298, 44.11, 45.02, 0.588, 0.623, 0.010248, 0.009744,1,1,0, 0.013743, 0.006534, 0.010638, 0.005296, 44.11, 0.588, 35.19, 0.416, 203.38, 0.020, 0.00, 0.000
24776,264309, 36.03, 44.37, 0.664, 0.565, 0.011259, 0.006881,1,1,0, 0.013604, 0.008756, 0.013413, 0.007005, 36.03, 0.664, 43.47, 0.516, 206.89, 0.018, 0.00, 0.000
24777,264320, 40.95, 42.94, 0.783, 0.809, 0.010275, 0.004822,1,1,0, 0.007007, 0.003628, 0.006620, 0.003856, 40.95, 0.783, 190.47, 0.022, 0.00, 0.000, 0.00, 0.000
24778,264330, 38.70, 41.16, 0.828, 0.856, 0.009341, 0.003379,1,1,0, 0.008691, 0.005013, 0.006413, 0.003339, 38.70, 0.828, 31.33, 0.346, 0.00, 0.000, 0.00, 0.000
24779,264341, 37.73, 39.72, 0.845, 0.887, 0.008499, 0.002368,1,1,0, 0.006382, 0.003341, 0.004846, 0.002910, 37.73, 0.845, 47.05, 0.063, 0.00, 0.000, 0.00, 0.000
24780,264352, 47.43, 39.72, 0.361, 0.798, 0.007742, 0.001659,1,1,0, 0.007255, 0.003783, 0.005087, 0.002981, 47.43, 0.361, 37.03, 0.267, 54.54, 0.214, 176.47, 0.144
24781,264362, 54.54, 45.94, 0.848, 0.851, 0.006967, 0.001163,1,1,0, 0.006645, 0.002162, 0.004095, 0.001750, 54.54, 0.848, 0.00, 0.000, 0.00, 0.000, 0.00, 0.000
24782,264373, 30.84, 39.60, 0.700, 0.701, 0.014214, 0.027078,1,1,0, 0.024558, 0.010291, 0.019276, 0.008360, 30.84, 0.700, 39.47, 0.367, 141.17, 0.259, 59.70, 0.133
24783,264384, 38.96, 39.33, 0.821, 0.871, 0.017077, 0.018975,1,1,0, 0.020248, 0.013090, 0.022291, 0.012015, 38.96, 0.821, 90.90, 0.282, 0.00, 0.000, 0.00, 0.000
24784,264394, 43.32, 41.00, 0.442, 0.476, 0.015672, 0.013297,1,1,0, 0.013076, 0.007037, 0.011223, 0.006588, 43.32, 0.442, 32.96, 0.336, 90.22, 0.261, 65.93, 0.157
24785,264405, 40.54, 41.00, 0.393, 0.428, 0.014055, 0.009318,1,1,0, 0.008319, 0.004015, 0.006679, 0.003433, 40.54, 0.393, 89.55, 0.329, 65.93, 0.296, 32.00, 0.197
24786,264416, 70.17, 40.20, 0.457, 0.469, 0.012562, 0.006530,1,1,0, 0.005607, 0.003005, 0.004695, 0.002459, 70.17, 0.457, 39.08, 0.438, 91.60, 0.289, 31.57, 0.181
24787,264426, 46.69, 42.92, 0.787, 0.795, 0.011363, 0.004576,1,1,0, 0.008661, 0.004164, 0.006605, 0.003499, 46.69, 0.787, 31.49, 0.645, 96.77, 0.394, 67.03, 0.090
24788,264437, 46.87, 44.58, 0.833, 0.878, 0.010278, 0.003207,1,1,0, 0.005159, 0.003402, 0.005084, 0.002953, 46.87, 0.833, 30.84, 0.680, 93.02, 0.562, 0.00, 0.000
24789,264448, 48.97, 46.43, 0.683, 0.733, 0.009299, 0.002247,1,1,0, 0.008093, 0.003879, 0.006155, 0.003001, 48.97, 0.683, 96.00, 0.651, 33.99, 0.344, 31.25, 0.239
24790,264458, 54.29, 49.73, 0.749, 0.749, 0.008346, 0.001574,1,1,0, 0.006969, 0.004495, 0.003573, 0.001961, 54.29, 0.749, 99.17, 0.514, 34.68, 0.371, 0.00, 0.000
24791,264469, 39.34, 45.37, 0.647, 0.647, 0.023360, 0.033236,1,1,0, 0.047168, 0.025379, 0.027691, 0.015978, 39.34, 0.647, 131.86, 0.501, 58.82, 0.407, 99.17, 0.248
24792,264480, 40.54, 45.37, 0.403, 0.583, 0.176184, 0.407152,1,1,1, 0.340028, 0.141634, 0.282488, 0.129725, 40.54, 0.403, 54.54, 0.298, 100.00, 0.214, 69.36, 0.091
24793,264490, 31.25, 35.48, 0.795, 0.815, 0.323353, 0.429945,1,1,0, 0.404580, 0.219704, 0.437962, 0.203638, 31.25, 0.795, 72.28, 0.670, 44.11, 0.381, 136.36, 0.087
24794,264501, 73.17, 61.86, 0.862, 0.877, 0.361581, 0.303372,1,1,0, 0.421917, 0.221806, 0.438635, 0.204761, 73.17, 0.862, 36.36, 0.813, 47.43, 0.027, 141.17, 0.006
24795,264512, 73.61, 70.09, 0.957, 0.969, 0.355621, 0.233970,1,1,0, 0.395304, 0.178217, 0.418415, 0.164764, 73.61, 0.957, 36.69, 0.936, 49.38, 0.023, 146.34, 0.000
24796,264522, 74.07, 72.87, 0.997, 0.998, 0.334508, 0.163961,1,1,0, 0.402117, 0.154293, 0.417753, 0.143885, 74.07, 0.997, 36.92, 0.997, 50.00, 0.020, 150.00, 0.003
24797,264533, 37.03, 73.71, 0.997, 0.998, 0.343062, 0.180590,1,1,0, 0.412611, 0.189286, 0.419040, 0.184041, 37.03, 0.997, 74.07, 0.997, 0.00, 0.000, 0.00, 0.000
24798,264544, 36.92, 73.96, 0.997, 0.998, 0.349200, 0.174174,1,1,0, 0.384571, 0.211137, 0.410844, 0.197305, 36.92, 0.997, 74.07, 0.997, 48.78, 0.035, 146.34, 0.028
24799,264554, 36.92, 48.03, 0.998, 0.998, 0.369325, 0.249969,1,1,0, 0.425618, 0.217586, 0.432981, 0.200104, 36.92, 0.998, 74.07, 0.996, 0.00, 0.000, 0.00, 0.000
24800,264565, 36.92, 40.25, 0.997, 0.998, 0.335724, 0.175173,1,1,0, 0.368701, 0.148047, 0.312635, 0.125692, 36.92, 0.997, 74.07, 0.996, 0.00, 0.000, 0.00, 0.000
24801,264576, 36.92, 37.92, 0.998, 0.998, 0.337141, 0.162255,1,1,0, 0.412094, 0.159885, 0.420938, 0.163448, 36.92, 0.998, 74.07, 0.996, 0.00, 0.000, 0.00, 0.000
24802,264586, 74.07, 37.55, 0.997, 0.998, 0.341379, 0.169742,1,1,0, 0.404894, 0.201822, 0.411967, 0.190956, 74.07, 0.997, 37.03, 0.997, 0.00, 0.000, 0.00, 0.000
24803,264597, 74.07, 52.89, 0.998, 0.998, 0.353896, 0.220146,1,1,0, 0.411659, 0.208783, 0.423354, 0.193072, 74.07, 0.998, 36.92, 0.997, 30.15, 0.027, 0.00, 0.000
24804,264608, 36.92, 46.18, 0.998, 0.999, 0.366841, 0.245856,1,1,0, 0.407270, 0.210222, 0.426681, 0.196955, 36.92, 0.998, 74.07, 0.998, 0.00, 0.000, 0.00, 0.000
24805,264618, 36.92, 42.29, 0.998, 0.999, 0.331890, 0.172291,1,1,0, 0.360451, 0.143048, 0.273223, 0.110802, 36.92, 0.998, 74.07, 0.998, 0.00, 0.000, 0.00, 0.000
24806,264629, 74.07, 40.03, 0.998, 0.998, 0.331311, 0.164346,1,1,0, 0.397930, 0.151987, 0.412185, 0.163164, 74.07, 0.998, 36.92, 0.998, 0.00, 0.000, 0.00, 0.000
24807,264640, 74.07, 38.77, 0.999, 0.998, 0.341454, 0.204883,1,1,0, 0.402880, 0.205925, 0.416637, 0.192271, 74.07, 0.999, 37.03, 0.998, 0.00, 0.000, 0.00, 0.000
24808,264650, 74.07, 37.99, 0.998, 0.998, 0.350733, 0.224426,1,1,0, 0.401789, 0.204646, 0.417752, 0.189060, 74.07, 0.998, 36.92, 0.998, 30.53, 0.006, 0.00, 0.000
24809,264661, 36.92, 37.54, 0.999, 0.999, 0.360040, 0.249958,1,1,0, 0.403324, 0.191134, 0.418465, 0.179833, 36.92, 0.999, 74.07, 0.999, 0.00, 0.000, 0.00, 0.000
24810,264672, 36.92, 37.28, 0.999, 0.999, 0.326973, 0.175166,1,1,0, 0.350441, 0.147558, 0.338425, 0.122804, 36.92, 0.999, 74.07, 0.999, 0.00, 0.000, 0.00, 0.000
24811,264682, 74.07, 37.13, 0.999, 0.999, 0.330811, 0.185979,1,1,0, 0.395110, 0.163693, 0.412680, 0.167190, 74.07, 0.999, 36.92, 0.999, 0.00, 0.000, 0.00, 0.000
24812,264693, 74.07, 37.09, 0.999, 0.999, 0.336695, 0.197253,1,1,0, 0.388296, 0.200213, 0.407331, 0.186058, 74.07, 0.999, 37.03, 0.999, 0.00, 0.000, 0.00, 0.000
24813,264704, 74.07, 52.62, 0.999, 0.999, 0.345241, 0.225902,1,1,0, 0.393435, 0.199325, 0.407674, 0.183851, 74.07, 0.999, 36.92, 0.998, 0.00, 0.000, 0.00, 0.000
24814,264714, 74.07, 61.63, 0.999, 0.999, 0.330514, 0.255666,1,1,0, 0.376396, 0.158319, 0.403637, 0.143461, 74.07, 0.999, 37.03, 0.998, 0.00, 0.000, 0.00, 0.000
24815,264725, 74.07, 66.85, 0.998, 0.999, 0.321518, 0.183073,1,1,0, 0.390907, 0.154237, 0.410821, 0.146119, 74.07, 0.998, 36.92, 0.998, 0.00, 0.000, 0.00, 0.000
24816,264736, 74.07, 69.88, 0.998, 0.999, 0.325509, 0.179418,1,1,0, 0.380036, 0.182197, 0.401198, 0.175575, 74.07, 0.998, 36.92, 0.998, 0.00, 0.000, 0.00, 0.000
24817,264746, 74.07, 71.64, 0.999, 0.999, 0.330113, 0.193854,1,1,0, 0.378690, 0.193725, 0.395294, 0.178831, 74.07, 0.999, 37.03, 0.998, 30.37, 0.033, 0.00, 0.000
24818,264757, 74.07, 72.66, 0.998, 0.999, 0.340982, 0.233367,1,1,0, 0.382974, 0.196216, 0.400161, 0.182012, 74.07, 0.998, 37.03, 0.998, 0.00, 0.000, 0.00, 0.000
24819,264768, 74.07, 73.25, 0.998, 0.999, 0.309446, 0.163539,1,1,0, 0.335036, 0.135650, 0.250811, 0.109956, 74.07, 0.998, 37.03, 0.998, 0.00, 0.000, 0.00, 0.000
24820,264778, 36.92, 73.60, 0.998, 0.999, 0.313719, 0.175930,1,1,0, 0.374335, 0.153551, 0.397113, 0.158422, 36.92, 0.998, 74.07, 0.998, 0.00, 0.000, 0.00, 0.000
24821,264789, 74.07, 73.79, 0.999, 0.999, 0.319529, 0.179083,1,1,0, 0.369984, 0.190609, 0.389970, 0.178730, 74.07, 0.999, 36.92, 0.998, 0.00, 0.000, 0.00, 0.000
24822,264800, 74.07, 73.91, 0.999, 0.999, 0.324354, 0.195490,1,1,0, 0.366879, 0.189832, 0.386169, 0.174063, 74.07, 0.999, 37.03, 0.999, 30.76, 0.044, 0.00, 0.000
24823,264810, 74.07, 73.98, 0.999, 0.999, 0.333625, 0.227470,1,1,0, 0.368148, 0.187042, 0.386622, 0.176033, 74.07, 0.999, 37.03, 0.999, 0.00, 0.000, 0.00, 0.000
24824,264821, 74.07, 74.02, 0.999, 0.999, 0.302635, 0.159406,1,1,0, 0.324374, 0.135606, 0.239896, 0.105780, 74.07, 0.999, 36.92, 0.998, 0.00, 0.000, 0.00, 0.000
24825,264832, 36.92, 74.04, 0.999, 0.999, 0.307261, 0.172245,1,1,0, 0.363674, 0.150672, 0.384129, 0.157556, 36.92, 0.999, 74.07, 0.999, 0.00, 0.000, 0.00, 0.000
24826,264842, 74.07, 74.05, 0.999, 0.999, 0.313807, 0.180719,1,1,0, 0.357457, 0.188211, 0.380684, 0.174399, 74.07, 0.999, 36.92, 0.999, 0.00, 0.000, 0.00, 0.000
24827,264853, 74.07, 74.06, 0.999, 0.999, 0.317583, 0.184825,1,1,0, 0.351519, 0.185326, 0.371792, 0.170327, 74.07, 0.999, 37.03, 0.998, 30.92, 0.023, 0.00, 0.000
24828,264864, 74.07, 74.06, 0.999, 0.999, 0.324924, 0.222194,1,1,0, 0.358085, 0.166970, 0.374313, 0.157196, 74.07, 0.999, 37.03, 0.999, 0.00, 0.000, 0.00, 0.000
24829,264874, 74.07, 74.07, 0.999, 0.999, 0.295954, 0.155709,1,1,0, 0.333509, 0.140504, 0.331632, 0.118902, 74.07, 0.999, 36.92, 0.998, 0.00, 0.000, 0.00, 0.000
24830,264885, 74.07, 74.07, 0.998, 0.999, 0.301807, 0.166515,1,1,0, 0.351033, 0.160284, 0.372687, 0.159971, 74.07, 0.998, 36.92, 0.998, 0.00, 0.000, 0.00, 0.000
24831,264896, 74.07, 74.07, 0.999, 0.999, 0.306095, 0.171777,1,1,0, 0.345817, 0.181434, 0.366438, 0.166610, 74.07, 0.999, 36.92, 0.998, 0.00, 0.000, 0.00, 0.000
24832,264906, 74.07, 74.07, 0.999, 0.999, 0.310557, 0.182296,1,1,0, 0.341292, 0.180991, 0.359699, 0.167237, 74.07, 0.999, 36.92, 0.998, 0.00, 0.000, 0.00, 0.000
24833,264917, 74.07, 74.07, 0.999, 0.999, 0.291578, 0.194966,1,1,0, 0.317831, 0.136558, 0.347339, 0.122002, 74.07, 0.999, 37.03, 0.998, 0.00, 0.000, 0.00, 0.000
24834,264928, 74.07, 74.07, 0.999, 0.999, 0.288237, 0.153602,1,1,0, 0.346280, 0.145647, 0.362965, 0.139047, 74.07, 0.999, 36.92, 0.997, 0.00, 0.000, 0.00, 0.000
24835,264938, 74.07, 74.07, 0.998, 0.999, 0.294394, 0.155929,1,1,0, 0.338816, 0.174401, 0.357497, 0.165539, 74.07, 0.998, 36.92, 0.998, 0.00, 0.000, 0.00, 0.000
24836,264949, 74.07, 74.07, 0.999, 0.999, 0.299149, 0.170692,1,1,0, 0.337271, 0.176561, 0.355363, 0.160537, 74.07, 0.999, 36.92, 0.999, 30.92, 0.022, 0.00, 0.000
24837,264960, 74.07, 74.07, 0.999, 0.999, 0.304260, 0.177130,1,1,0, 0.332171, 0.175784, 0.348223, 0.164601, 74.07, 0.999, 37.03, 0.999, 0.00, 0.000, 0.00, 0.000
24838,264970, 74.07, 74.07, 0.999, 0.999, 0.275849, 0.124129,1,1,0, 0.287236, 0.121264, 0.209689, 0.096438, 74.07, 0.999, 37.03, 0.999, 0.00, 0.000, 0.00, 0.000
24839,264981, 74.07, 74.07, 0.999, 0.999, 0.281541, 0.150621,1,1,0, 0.337944, 0.147261, 0.352552, 0.149806, 74.07, 0.999, 37.03, 0.997, 0.00, 0.000, 0.00, 0.000
24840,264992, 74.07, 74.07, 0.998, 0.999, 0.287844, 0.155667,1,1,0, 0.329754, 0.176764, 0.348110, 0.164068, 74.07, 0.998, 36.92, 0.998, 0.00, 0.000, 0.00, 0.000
24841,265002, 74.07, 74.07, 0.999, 0.999, 0.293008, 0.173204,1,1,0, 0.327877, 0.173936, 0.346861, 0.157702, 74.07, 0.999, 36.92, 0.998, 31.08, 0.064, 0.00, 0.000
24842,265013, 74.07, 74.07, 0.999, 0.999, 0.296986, 0.179023,1,1,0, 0.320881, 0.165942, 0.338669, 0.157535, 74.07, 0.999, 37.03, 0.999, 0.00, 0.000, 0.00, 0.000
24843,265024, 74.07, 74.07, 0.999, 0.999, 0.269843, 0.125456,1,1,0, 0.275352, 0.125891, 0.200361, 0.099019, 74.07, 0.999, 37.03, 0.999, 0.00, 0.000, 0.00, 0.000
24844,265034, 74.07, 74.07, 0.998, 0.999, 0.276607, 0.154855,1,1,0, 0.328686, 0.146479, 0.343902, 0.149367, 74.07, 0.998, 37.03, 0.998, 44.28, 0.010, 0.00, 0.000
24845,265045, 74.07, 74.07, 0.998, 0.999, 0.281051, 0.152652,1,1,0, 0.319039, 0.170447, 0.337599, 0.155770, 74.07, 0.998, 36.92, 0.998, 0.00, 0.000, 0.00, 0.000
24846,265056, 74.07, 74.07, 0.999, 0.999, 0.287119, 0.172796,1,1,0, 0.318615, 0.171743, 0.336632, 0.157190, 74.07, 0.999, 36.92, 0.998, 0.00, 0.000, 0.00, 0.000
24847,265066, 74.07, 74.07, 0.999, 0.999, 0.287372, 0.174304,1,1,0, 0.312737, 0.146488, 0.328160, 0.138227, 74.07, 0.999, 36.92, 0.999, 0.00, 0.000, 0.00, 0.000
24848,265077, 74.07, 74.07, 0.999, 0.999, 0.263174, 0.122149,1,1,0, 0.300988, 0.131507, 0.307165, 0.113479, 74.07, 0.999, 37.03, 0.998, 0.00, 0.000, 0.00, 0.000
24849,265088, 74.07, 74.07, 0.998, 0.999, 0.271143, 0.154638,1,1,0, 0.319228, 0.155202, 0.334697, 0.151569, 74.07, 0.998, 37.03, 0.998, 44.11, 0.002, 0.00, 0.000
24850,265098, 74.07, 74.07, 0.998, 0.999, 0.273212, 0.151612,1,1,0, 0.306973, 0.162743, 0.326693, 0.146332, 74.07, 0.998, 36.92, 0.998, 0.00, 0.000, 0.00, 0.000
24851,265109, 36.92, 74.07, 0.999, 0.999, 0.280852, 0.176897,1,1,0, 0.307133, 0.169069, 0.327283, 0.157252, 36.92, 0.999, 74.07, 0.999, 0.00, 0.000, 0.00, 0.000
24852,265120, 36.92, 74.07, 0.999, 0.999, 0.258411, 0.123965,1,1,0, 0.257530, 0.122363, 0.287830, 0.107876, 36.92, 0.999, 74.07, 0.999, 32.25, 0.025, 0.00, 0.000
24853,265130, 74.07, 74.07, 0.999, 0.999, 0.255875, 0.122047,1,1,0, 0.299375, 0.136890, 0.317786, 0.131122, 74.07, 0.999, 37.03, 0.998, 0.00, 0.000, 0.00, 0.000
24854,265141, 74.07, 74.07, 0.999, 0.999, 0.264972, 0.152932,1,1,0, 0.306227, 0.164926, 0.323273, 0.155200, 74.07, 0.999, 37.03, 0.998, 0.00, 0.000, 0.00, 0.000
24855,265152, 74.07, 74.07, 0.998, 0.999, 0.266679, 0.147658,1,1,0, 0.294617, 0.158272, 0.315001, 0.140455, 74.07, 0.998, 36.92, 0.998, 31.16, 0.062, 0.00, 0.000
24856,265162, 36.92, 74.07, 0.998, 0.998, 0.283868, 0.208991,1,1,0, 0.308570, 0.172366, 0.331893, 0.162608, 36.92, 0.998, 74.07, 0.998, 0.00, 0.000, 0.00, 0.000
24857,265173, 36.92, 58.47, 0.998, 0.998, 0.257721, 0.146456,1,1,0, 0.240123, 0.116175, 0.177912, 0.094110, 36.92, 0.998, 74.07, 0.996, 0.00, 0.000, 0.00, 0.000
24858,265184, 36.92, 49.42, 0.998, 0.998, 0.253631, 0.102633,1,1,0, 0.292343, 0.140341, 0.304520, 0.140026, 36.92, 0.998, 74.07, 0.995, 43.95, 0.045, 0.00, 0.000
24859,265194, 74.07, 59.77, 0.996, 0.997, 0.262270, 0.145480,1,1,0, 0.301439, 0.164534, 0.315514, 0.151633, 74.07, 0.996, 37.03, 0.995, 0.00, 0.000, 0.00, 0.000
24860,265205, 37.03, 50.22, 0.998, 0.998, 0.259902, 0.121142,1,1,0, 0.281285, 0.153909, 0.298547, 0.137949, 37.03, 0.998, 74.07, 0.997, 31.33, 0.067, 0.00, 0.000
24861,265216, 36.92, 44.63, 0.998, 0.999, 0.268645, 0.171850,1,1,0, 0.294620, 0.153770, 0.307212, 0.146222, 36.92, 0.998, 74.07, 0.998, 0.00, 0.000, 0.00, 0.000
24862,265226, 36.92, 41.39, 0.999, 0.999, 0.245119, 0.120429,1,1,0, 0.230341, 0.123819, 0.197599, 0.100025, 36.92, 0.999, 74.07, 0.997, 0.00, 0.000, 0.00, 0.000
24863,265237, 37.03, 39.56, 0.999, 0.999, 0.246075, 0.111610,1,1,0, 0.283806, 0.135811, 0.298094, 0.136738, 37.03, 0.999, 74.07, 0.998, 43.95, 0.059, 0.00, 0.000
24864,265248, 37.03, 38.50, 0.999, 0.999, 0.251185, 0.136295,1,1,0, 0.288917, 0.153153, 0.300620, 0.138953, 37.03, 0.999, 74.07, 0.999, 0.00, 0.000, 0.00, 0.000
24865,265258, 74.07, 37.88, 0.999, 0.999, 0.256699, 0.148229,1,1,0, 0.285087, 0.157883, 0.298743, 0.143346, 74.07, 0.999, 37.03, 0.998, 0.00, 0.000, 0.00, 0.000
24866,265269, 74.07, 37.48, 0.998, 0.999, 0.257539, 0.164569,1,1,0, 0.281165, 0.137714, 0.297935, 0.128944, 74.07, 0.998, 36.92, 0.998, 32.25, 0.074, 0.00, 0.000
24867,265280, 36.92, 37.24, 0.998, 0.999, 0.238775, 0.115327,1,1,0, 0.278386, 0.126301, 0.289386, 0.112029, 36.92, 0.998, 74.07, 0.998, 0.00, 0.000, 0.00, 0.000
24868,265290, 37.03, 37.15, 0.999, 0.999, 0.240365, 0.113424,1,1,0, 0.277407, 0.143971, 0.289551, 0.138425, 37.03, 0.999, 74.07, 0.998, 43.79, 0.051, 0.00, 0.000
24869,265301, 37.03, 37.10, 0.998, 0.999, 0.246367, 0.149909,1,1,0, 0.283227, 0.148400, 0.297006, 0.130946, 37.03, 0.998, 74.07, 0.998, 0.00, 0.000, 0.00, 0.000
24870,265312, 74.07, 37.07, 0.998, 0.999, 0.251311, 0.145504,1,1,0, 0.272961, 0.155132, 0.289871, 0.145463, 74.07, 0.998, 37.03, 0.998, 0.00, 0.000, 0.00, 0.000
24871,265322, 36.92, 37.01, 0.998, 0.999, 0.230905, 0.101966,1,1,0, 0.221847, 0.118354, 0.248539, 0.102570, 36.92, 0.998, 74.07, 0.998, 32.34, 0.105, 0.00, 0.000
24872,265333, 74.07, 36.97, 0.998, 0.999, 0.232456, 0.114879,1,1,0, 0.271776, 0.133734, 0.288765, 0.128476, 74.07, 0.998, 36.92, 0.998, 0.00, 0.000, 0.00, 0.000
24873,265344, 37.03, 37.00, 0.999, 0.999, 0.236389, 0.121225,1,1,0, 0.270386, 0.149941, 0.284495, 0.140265, 37.03, 0.999, 74.07, 0.999, 43.63, 0.012, 0.00, 0.000
24874,265354, 37.03, 37.01, 0.999, 0.999, 0.240361, 0.145315,1,1,0, 0.272080, 0.144692, 0.287072, 0.125931, 37.03, 0.999, 74.07, 0.999, 31.41, 0.068, 0.00, 0.000
24875,265365, 74.07, 37.02, 0.999, 0.999, 0.245795, 0.147666,1,1,0, 0.266024, 0.149814, 0.282077, 0.143013, 74.07, 0.999, 37.03, 0.999, 0.00, 0.000, 0.00, 0.000
24876,265376, 74.07, 37.03, 0.999, 0.999, 0.224204, 0.103481,1,1,0, 0.213106, 0.114828, 0.176081, 0.092081, 74.07, 0.999, 37.03, 0.998, 0.00, 0.000, 0.00, 0.000
24877,265386, 36.92, 36.98, 0.999, 0.999, 0.227610, 0.114262,1,1,0, 0.262245, 0.133846, 0.280128, 0.133986, 36.92, 0.999, 74.07, 0.999, 43.79, 0.037, 0.00, 0.000
24878,265397, 37.03, 37.00, 0.999, 0.999, 0.229944, 0.117492,1,1,0, 0.260244, 0.144390, 0.274658, 0.132523, 37.03, 0.999, 74.07, 0.998, 0.00, 0.000, 0.00, 0.000
24879,265408, 37.03, 37.01, 0.999, 0.999, 0.235531, 0.145723,1,1,0, 0.263184, 0.145410, 0.278708, 0.128311, 37.03, 0.999, 74.07, 0.998, 31.49, 0.036, 0.00, 0.000
24880,265418, 37.03, 37.02, 0.999, 0.999, 0.240590, 0.148672,1,1,0, 0.257087, 0.142953, 0.274773, 0.136839, 37.03, 0.999, 74.07, 0.999, 0.00, 0.000, 0.00, 0.000
24881,265429, 74.07, 37.03, 0.998, 0.999, 0.220355, 0.104186,1,1,0, 0.203041, 0.119286, 0.186078, 0.097278, 74.07, 0.998, 37.03, 0.998, 0.00, 0.000, 0.00, 0.000
24882,265440, 74.07, 36.98, 0.999, 0.999, 0.223593, 0.109710,1,1,0, 0.252604, 0.134020, 0.270733, 0.132693, 74.07, 0.999, 36.92, 0.998, 43.79, 0.038, 107.14, 0.003
24883,265450, 37.03, 37.00, 0.999, 0.999, 0.225206, 0.118236,1,1,0, 0.253684, 0.135224, 0.267871, 0.121448, 37.03, 0.999, 74.07, 0.998, 0.00, 0.000, 0.00, 0.000
24884,265461, 37.03, 37.01, 0.999, 0.999, 0.232623, 0.143353,1,1,0, 0.256835, 0.147254, 0.271417, 0.134077, 37.03, 0.999, 74.07, 0.998, 0.00, 0.000, 0.00, 0.000
24885,265472, 37.03, 37.02, 0.999, 0.999, 0.233101, 0.144321,1,1,0, 0.253590, 0.129840, 0.267664, 0.121482, 37.03, 0.999, 74.07, 0.999, 32.34, 0.075, 57.14, 0.003
24886,265482, 74.07, 37.03, 0.999, 0.999, 0.217249, 0.101137,1,1,0, 0.253298, 0.124207, 0.260345, 0.109439, 74.07, 0.999, 37.03, 0.998, 43.95, 0.002, 0.00, 0.000
24887,265493, 37.03, 37.03, 0.999, 0.999, 0.221761, 0.105519,1,1,0, 0.250624, 0.141429, 0.264323, 0.135039, 37.03, 0.999, 74.07, 0.999, 43.63, 0.035, 106.19, 0.004
24888,265504, 37.03, 37.03, 0.999, 0.999, 0.222758, 0.116317,1,1,0, 0.251650, 0.130286, 0.262974, 0.114072, 37.03, 0.999, 74.07, 0.998, 31.66, 0.051, 0.00, 0.000
24889,265514, 37.03, 37.03, 0.999, 0.999, 0.231069, 0.138907,1,1,0, 0.254766, 0.146026, 0.266149, 0.136713, 37.03, 0.999, 74.07, 0.999, 0.00, 0.000, 0.00, 0.000
24890,265525, 37.03, 37.03, 0.999, 0.999, 0.213211, 0.097343,1,1,0, 0.203341, 0.116281, 0.233342, 0.101102, 37.03, 0.999, 74.07, 0.998, 32.43, 0.071, 57.14, 0.004
24891,265536, 74.07, 37.03, 0.999, 0.999, 0.216068, 0.102911,1,1,0, 0.253259, 0.130916, 0.265305, 0.124440, 74.07, 0.999, 37.03, 0.998, 43.63, 0.047, 106.19, 0.003
24892,265546, 37.03, 37.03, 0.999, 0.999, 0.220809, 0.105902,1,1,0, 0.249445, 0.144704, 0.261790, 0.135044, 37.03, 0.999, 74.07, 0.999, 43.47, 0.002, 0.00, 0.000
24893,265557, 37.03, 37.03, 0.999, 0.999, 0.223515, 0.123452,1,1,0, 0.257224, 0.132503, 0.263404, 0.114449, 37.03, 0.999, 74.07, 0.998, 31.57, 0.098, 56.07, 0.007
24894,265568, 37.03, 37.03, 0.999, 0.999, 0.230629, 0.135756,1,1,0, 0.253887, 0.142477, 0.262868, 0.135824, 37.03, 0.999, 74.07, 0.999, 0.00, 0.000, 0.00, 0.000
24895,265578, 37.03, 37.03, 0.998, 0.999, 0.210487, 0.095135,1,1,0, 0.194819, 0.113379, 0.197790, 0.091287, 37.03, 0.998, 74.07, 0.998, 43.95, 0.000, 0.00, 0.000
24896,265589, 74.07, 37.03, 0.998, 0.998, 0.216998, 0.109539,1,1,0, 0.255722, 0.132292, 0.265915, 0.131170, 74.07, 0.998, 37.03, 0.998, 43.63, 0.075, 106.19, 0.023
24897,265600, 37.03, 37.03, 0.999, 0.999, 0.219266, 0.102539,1,1,0, 0.251846, 0.138633, 0.258672, 0.126552, 37.03, 0.999, 74.07, 0.998, 0.00, 0.000, 0.00, 0.000
24898,265610, 37.03, 37.03, 0.999, 0.999, 0.222941, 0.124243,1,1,0, 0.255593, 0.135947, 0.260919, 0.121009, 37.03, 0.999, 74.07, 0.998, 31.66, 0.052, 0.00, 0.000
24899,265621, 74.07, 37.03, 0.999, 0.999, 0.230790, 0.145725,1,1,0, 0.256880, 0.138440, 0.263911, 0.131218, 74.07, 0.999, 37.03, 0.999, 0.00, 0.000, 0.00, 0.000
24900,265632, 37.03, 37.03, 0.999, 0.999, 0.211165, 0.102121,1,1,0, 0.199244, 0.116168, 0.197311, 0.094983, 37.03, 0.999, 74.07, 0.998, 43.79, 0.017, 107.14, 0.000
24901,265642, 74.07, 37.03, 0.998, 0.999, 0.216893, 0.109573,1,1,0, 0.256985, 0.134104, 0.263886, 0.131224, 74.07, 0.998, 37.03, 0.998, 43.47, 0.069, 105.26, 0.029
24902,265653, 37.03, 37.03, 0.999, 0.999, 0.217340, 0.107020,1,1,0, 0.247993, 0.128880, 0.257204, 0.114960, 37.03, 0.999, 74.07, 0.998, 32.08, 0.012, 0.00, 0.000
24903,265664, 37.03, 37.03, 0.999, 0.999, 0.223735, 0.134110,1,1,0, 0.255890, 0.141088, 0.261392, 0.129453, 37.03, 0.999, 74.07, 0.999, 0.00, 0.000, 0.00, 0.000
24904,265674, 37.03, 37.03, 0.999, 0.999, 0.225182, 0.147246,1,1,0, 0.254753, 0.124834, 0.261317, 0.116229, 37.03, 0.999, 74.07, 0.999, 32.34, 0.075, 57.14, 0.020
24905,265685, 37.03, 37.03, 0.998, 0.999, 0.210405, 0.103187,1,1,0, 0.254175, 0.124824, 0.255534, 0.108634, 37.03, 0.998, 74.07, 0.998, 43.63, 0.028, 106.19, 0.010
24906,265696, 74.07, 36.98, 0.999, 0.999, 0.217558, 0.114745,1,1,0, 0.255895, 0.138610, 0.262845, 0.132519, 74.07, 0.999, 36.92, 0.998, 43.47, 0.060, 105.26, 0.030
24907,265706, 37.03, 37.00, 0.998, 0.999, 0.216437, 0.106417,1,1,0, 0.246978, 0.124594, 0.254236, 0.108230, 37.03, 0.998, 74.07, 0.998, 31.83, 0.073, 56.60, 0.007
24908,265717, 37.03, 37.02, 0.999, 0.999, 0.224885, 0.137785,1,1,0, 0.257621, 0.142042, 0.259997, 0.132783, 37.03, 0.999, 74.07, 0.999, 0.00, 0.000, 0.00, 0.000
24909,265728, 37.03, 37.02, 0.999, 0.999, 0.206557, 0.096557,1,1,0, 0.200261, 0.107652, 0.223173, 0.094976, 37.03, 0.999, 74.07, 0.999, 32.43, 0.083, 57.41, 0.020
24910,265738, 74.07, 37.03, 0.998, 0.999, 0.210008, 0.100048,1,1,0, 0.255449, 0.133542, 0.257946, 0.124037, 74.07, 0.998, 37.03, 0.998, 43.47, 0.059, 105.26, 0.029
24911,265749, 74.07, 52.58, 0.985, 0.989, 0.200623, 0.070111,1,1,0, 0.214599, 0.110549, 0.228226, 0.105245, 74.07, 0.985, 37.15, 0.981, 32.43, 0.015, 0.00, 0.000
24912,265760, 74.53, 61.80, 0.964, 0.974, 0.181902, 0.049133,1,1,0, 0.121300, 0.071469, 0.125136, 0.061497, 74.53, 0.964, 37.38, 0.956, 0.00, 0.000, 0.00, 0.000
24913,265770, 75.00, 67.34, 0.951, 0.964, 0.164061, 0.034431,1,1,0, 0.060093, 0.042116, 0.057008, 0.042450, 75.00, 0.951, 37.38, 0.876, 0.00, 0.000, 0.00, 0.000
24914,265781, 75.47, 70.75, 0.932, 0.951, 0.145635, 0.024128,1,1,0, 0.032247, 0.019030, 0.028244, 0.018179, 75.47, 0.932, 37.97, 0.848, 0.00, 0.000, 0.00, 0.000
24915,265792, 76.43, 73.14, 0.858, 0.898, 0.129009, 0.016909,1,1,0, 0.019775, 0.014538, 0.020928, 0.013397, 76.43, 0.858, 35.50, 0.652, 0.00, 0.000, 0.00, 0.000
24916,265802, 34.38, 72.42, 0.933, 0.891, 0.113871, 0.011849,1,1,0, 0.019149, 0.011898, 0.016476, 0.009639, 34.38, 0.933, 71.42, 0.848, 0.00, 0.000, 0.00, 0.000
24917,265813, 32.52, 55.66, 0.905, 0.921, 0.100934, 0.008303,1,1,0, 0.020207, 0.011338, 0.016189, 0.010875, 32.52, 0.905, 65.57, 0.851, 0.00, 0.000, 0.00, 0.000
24918,265824, 34.68, 46.85, 0.903, 0.912, 0.089207, 0.005819,1,1,0, 0.012868, 0.008476, 0.011318, 0.007597, 34.68, 0.903, 71.42, 0.795, 0.00, 0.000, 0.00, 0.000
24919,265834, 73.17, 57.90, 0.631, 0.641, 0.078325, 0.004077,1,1,0, 0.007400, 0.003176, 0.009800, 0.002711, 73.17, 0.631, 37.38, 0.598, 0.00, 0.000, 0.00, 0.000
24920,265845, 37.73, 49.43, 0.708, 0.719, 0.069083, 0.002857,1,1,0, 0.010013, 0.005134, 0.008067, 0.004868, 37.73, 0.708, 78.94, 0.651, 0.00, 0.000, 0.00, 0.000
24921,265856, 37.61, 44.47, 0.720, 0.732, 0.060782, 0.002002,1,1,0, 0.007905, 0.003730, 0.007171, 0.003016, 37.61, 0.720, 73.17, 0.409, 88.88, 0.309, 0.00, 0.000
24922,265866, 56.60, 49.56, 0.652, 0.652, 0.053754, 0.001403,1,1,0, 0.011796, 0.006331, 0.011756, 0.005652, 56.60, 0.652, 32.78, 0.458, 76.43, 0.065, 0.00, 0.000
24923,265877, 34.18, 43.10, 0.864, 0.868, 0.047473, 0.000983,1,1,0, 0.007749, 0.004057, 0.006977, 0.003848, 34.18, 0.864, 55.55, 0.789, 88.88, 0.236, 0.00, 0.000
24924,265888, 55.04, 48.12, 0.743, 0.749, 0.041888, 0.000689,1,1,0, 0.008052, 0.003533, 0.006384, 0.003201, 55.04, 0.743, 34.09, 0.121, 88.88, 0.006, 0.00, 0.000
24925,265898, 55.04, 51.02, 0.750, 0.768, 0.036981, 0.000482,1,1,0, 0.010124, 0.003863, 0.008925, 0.003474, 55.04, 0.750, 87.59, 0.183, 40.26, 0.024, 33.33, 0.002
24926,265909, 55.29, 52.82, 0.787, 0.832, 0.032721, 0.000338,1,1,0, 0.011174, 0.004186, 0.009170, 0.003650, 55.29, 0.787, 40.54, 0.279, 0.00, 0.000, 0.00, 0.000
24927,265920, 55.29, 53.86, 0.941, 0.958, 0.029068, 0.000237,1,1,0, 0.010390, 0.005220, 0.009068, 0.004373, 55.29, 0.941, 0.00, 0.000, 0.00, 0.000, 0.00, 0.000
24928,265930, 55.81, 54.68, 0.664, 0.744, 0.026089, 0.000166,1,1,0, 0.015410, 0.007067, 0.011994, 0.006238, 55.81, 0.664, 35.60, 0.605, 103.44, 0.301, 0.00, 0.000
24929,265941, 36.69, 55.04, 0.667, 0.733, 0.023367, 0.000116,1,1,0, 0.014235, 0.006199, 0.013122, 0.006070, 36.69, 0.667, 55.55, 0.654, 110.09, 0.472, 0.00, 0.000
24930,265952, 101.69, 55.04, 0.360, 0.660, 0.021046, 0.000081,1,1,0, 0.011380, 0.007252, 0.010135, 0.005295, 101.69, 0.360, 42.25, 0.229, 0.00, 0.000, 0.00, 0.000
24931,265962, 40.13, 55.04, 0.437, 0.594, 0.018843, 0.000057,1,1,0, 0.008204, 0.004997, 0.008913, 0.003789, 40.13, 0.437, 75.47, 0.332, 0.00, 0.000, 0.00, 0.000
24932,265973, 43.79, 55.04, 0.274, 0.534, 0.017130, 0.000040,1,1,0, 0.014757, 0.007711, 0.012156, 0.006306, 43.79, 0.274, 75.00, 0.157, 56.07, 0.105, 0.00, 0.000
24933,265984, 49.18, 52.58, 0.614, 0.627, 0.015475, 0.000028,1,1,0, 0.011341, 0.004697, 0.008182, 0.004681, 49.18, 0.614, 0.00, 0.000, 0.00, 0.000, 0.00, 0.000
24934,265994, 52.17, 52.41, 0.880, 0.914, 0.017421, 0.008327,1,1,0, 0.030220, 0.018650, 0.019793, 0.010808, 52.17, 0.880, 37.61, 0.145, 0.00, 0.000, 0.00, 0.000
24935,266005, 53.33, 52.79, 0.835, 0.881, 0.016248, 0.005835,1,1,0, 0.014831, 0.006430, 0.014578, 0.008855, 53.33, 0.835, 35.92, 0.070, 0.00, 0.000, 0.00, 0.000
24936,266016, 36.47, 45.94, 0.738, 0.744, 0.015055, 0.004089,1,1,0, 0.024121, 0.015049, 0.011470, 0.007454, 36.47, 0.738, 31.25, 0.660, 0.00, 0.000, 0.00, 0.000
24937,266026, 37.50, 45.94, 0.426, 0.670, 0.016718, 0.012576,1,1,0, 0.020139, 0.010111, 0.019379, 0.010533, 37.50, 0.426, 0.00, 0.000, 0.00, 0.000, 0.00, 0.000
24938,266037, 88.23, 45.94, 0.300, 0.603, 0.018289, 0.054539,1,1,0, 0.045045, 0.011492, 0.033887, 0.008877, 88.23, 0.300, 0.00, 0.000, 0.00, 0.000, 0.00, 0.000
24939,266048, 84.50, 62.13, 0.569, 0.574, 0.039512, 0.065233,1,1,0, 0.076315, 0.036401, 0.057398, 0.030992, 84.50, 0.569, 43.95, 0.201, 0.00, 0.000, 0.00, 0.000
24940,266058, 32.96, 62.13, 0.220, 0.517, 0.035669, 0.045714,1,1,0, 0.042784, 0.020676, 0.028131, 0.011539, 32.96, 0.220, 55.29, 0.209, 86.95, 0.175, 0.00, 0.000
24941,266069, 40.13, 52.89, 0.809, 0.809, 0.056189, 0.063342,1,1,0, 0.076012, 0.043820, 0.070389, 0.038772, 40.13, 0.809, 109.09, 0.060, 0.00, 0.000, 0.00, 0.000
24942,266080, 39.47, 47.25, 0.886, 0.889, 0.051280, 0.044388,1,1,0, 0.033002, 0.021537, 0.033017, 0.019559, 39.47, 0.886, 88.23, 0.093, 0.00, 0.000, 0.00, 0.000
24943,266090, 41.52, 44.84, 0.878, 0.900, 0.052203, 0.031106,1,1,0, 0.065626, 0.037211, 0.057839, 0.029308, 41.52, 0.878, 31.74, 0.464, 83.91, 0.175, 0.00, 0.000
24944,266101, 41.23, 43.33, 0.909, 0.934, 0.047449, 0.021799,1,1,0, 0.038095, 0.017610, 0.042046, 0.019522, 41.23, 0.909, 81.63, 0.324, 0.00, 0.000, 0.00, 0.000
24945,266112, 41.23, 42.45, 0.914, 0.938, 0.068557, 0.095189,1,1,0, 0.089739, 0.043159, 0.087037, 0.037168, 41.23, 0.914, 82.19, 0.282, 0.00, 0.000, 0.00, 0.000
24946,266122, 41.66, 42.12, 0.925, 0.946, 0.062333, 0.066706,1,1,0, 0.075321, 0.024565, 0.058919, 0.020987, 41.66, 0.925, 80.53, 0.232, 0.00, 0.000, 0.00, 0.000
24947,266133, 40.54, 41.45, 0.701, 0.780, 0.056019, 0.046746,1,1,0, 0.050639, 0.024303, 0.034462, 0.014708, 40.54, 0.701, 84.50, 0.164, 0.00, 0.000, 0.00, 0.000
24948,266144, 40.54, 41.07, 0.927, 0.947, 0.056699, 0.032759,1,1,0, 0.067327, 0.039362, 0.064655, 0.037053, 40.54, 0.927, 85.10, 0.028, 0.00, 0.000, 0.00, 0.000
24949,266154, 40.95, 41.02, 0.803, 0.858, 0.051110, 0.022956,1,1,0, 0.032501, 0.018207, 0.027267, 0.013832, 40.95, 0.803, 89.55, 0.151, 0.00, 0.000, 0.00, 0.000
24950,266165, 41.09, 41.05, 0.877, 0.911, 0.048894, 0.016087,1,1,0, 0.058293, 0.035086, 0.054171, 0.027495, 41.09, 0.877, 82.19, 0.159, 31.41, 0.140, 0.00, 0.000
24951,266176, 40.67, 40.89, 0.893, 0.923, 0.044400, 0.011273,1,1,0, 0.035367, 0.015887, 0.042671, 0.018993, 40.67, 0.893, 81.08, 0.259, 0.00, 0.000, 0.00, 0.000
24952,266186, 41.23, 41.03, 0.927, 0.947, 0.073974, 0.089377,1,1,0, 0.103356, 0.060567, 0.088652, 0.047395, 41.23, 0.927, 82.19, 0.229, 0.00, 0.000, 0.00, 0.000
24953,266197, 40.95, 41.00, 0.857, 0.897, 0.068876, 0.062633,1,1,0, 0.076805, 0.042866, 0.051016, 0.035375, 40.95, 0.857, 0.00, 0.000, 0.00, 0.000, 0.00, 0.000
24954,266208, 41.09, 41.04, 0.703, 0.786, 0.067027, 0.043892,1,1,0, 0.093599, 0.061603, 0.078341, 0.032183, 41.09, 0.703, 34.48, 0.303, 31.41, 0.234, 0.00, 0.000
24955,266218, 40.40, 40.77, 0.899, 0.927, 0.069929, 0.030758,1,1,0, 0.074692, 0.046500, 0.081046, 0.042196, 40.40, 0.899, 0.00, 0.000, 0.00, 0.000, 0.00, 0.000
24956,266229, 31.57, 36.91, 0.871, 0.871, 0.063605, 0.021555,1,1,0, 0.043827, 0.024216, 0.039366, 0.021326, 31.57, 0.871, 36.14, 0.709, 37.50, 0.709, 0.00, 0.000
24957,266240, 40.95, 38.61, 0.890, 0.916, 0.058352, 0.015105,1,1,0, 0.054403, 0.033514, 0.054476, 0.027566, 40.95, 0.890, 0.00, 0.000, 0.00, 0.000, 0.00, 0.000
24958,266250, 42.10, 40.07, 0.755, 0.796, 0.052748, 0.010585,1,1,0, 0.027466, 0.015316, 0.035391, 0.017116, 42.10, 0.755, 0.00, 0.000, 0.00, 0.000, 0.00, 0.000
24959,266261, 42.25, 40.99, 0.747, 0.803, 0.055819, 0.031617,1,1,0, 0.060927, 0.041518, 0.065443, 0.033576, 42.25, 0.747, 78.43, 0.112, 0.00, 0.000, 0.00, 0.000
24960,266272, 42.25, 41.52, 0.928, 0.948, 0.050670, 0.022157,1,1,0, 0.026633, 0.016347, 0.026708, 0.017405, 42.25, 0.928, 80.00, 0.202, 0.00, 0.000, 0.00, 0.000
24961,266282, 40.00, 40.88, 0.915, 0.939, 0.052844, 0.020728,1,1,0, 0.060996, 0.036622, 0.057123, 0.032087, 40.00, 0.915, 86.33, 0.151, 0.00, 0.000, 0.00, 0.000
24962,266293, 40.67, 40.79, 0.823, 0.872, 0.048594, 0.014526,1,1,0, 0.060011, 0.023340, 0.050698, 0.021272, 40.67, 0.823, 88.23, 0.213, 0.00, 0.000, 0.00, 0.000
24963,266304, 41.52, 41.10, 0.600, 0.683, 0.044249, 0.010179,1,1,0, 0.049407, 0.026097, 0.037530, 0.017076, 41.52, 0.600, 94.48, 0.367, 0.00, 0.000, 0.00, 0.000
24964,266314, 40.13, 40.69, 0.861, 0.899, 0.042332, 0.008302,1,1,0, 0.040760, 0.023436, 0.047301, 0.025409, 40.13, 0.861, 88.23, 0.360, 0.00, 0.000, 0.00, 0.000
24965,266325, 38.58, 39.80, 0.742, 0.813, 0.038680, 0.005818,1,1,0, 0.040865, 0.019136, 0.032021, 0.015825, 38.58, 0.742, 77.41, 0.474, 0.00, 0.000, 0.00, 0.000
24966,266336, 44.11, 41.61, 0.878, 0.904, 0.039800, 0.024418,1,1,0, 0.048066, 0.031757, 0.049389, 0.026549, 44.11, 0.878, 82.19, 0.491, 0.00, 0.000, 0.00, 0.000
24967,266346, 43.01, 42.20, 0.652, 0.723, 0.036172, 0.017112,1,1,0, 0.022922, 0.012219, 0.025014, 0.012575, 43.01, 0.652, 40.26, 0.619, 80.00, 0.377, 0.00, 0.000
24968,266357, 39.34, 41.00, 0.901, 0.928, 0.047741, 0.026405,1,1,0, 0.058134, 0.039443, 0.052870, 0.034345, 39.34, 0.901, 78.43, 0.226, 0.00, 0.000, 0.00, 0.000
24969,266368, 40.26, 40.69, 0.807, 0.861, 0.043193, 0.018504,1,1,0, 0.019532, 0.009779, 0.024334, 0.013657, 40.26, 0.807, 98.36, 0.254, 0.00, 0.000, 0.00, 0.000
24970,266378, 41.66, 41.10, 0.700, 0.779, 0.040459, 0.016196,1,1,0, 0.044766, 0.025583, 0.045091, 0.018892, 41.66, 0.700, 98.36, 0.451, 0.00, 0.000, 0.00, 0.000
24971,266389, 39.86, 40.58, 0.889, 0.920, 0.042606, 0.021298,1,1,0, 0.049498, 0.029250, 0.052154, 0.027083, 39.86, 0.889, 80.00, 0.306, 0.00, 0.000, 0.00, 0.000
24972,266400, 38.58, 39.74, 0.765, 0.830, 0.039364, 0.014925,1,1,0, 0.042926, 0.026364, 0.031828, 0.018935, 38.58, 0.765, 82.19, 0.389, 0.00, 0.000, 0.00, 0.000
24973,266410, 42.70, 40.98, 0.889, 0.920, 0.036644, 0.010459,1,1,0, 0.041993, 0.022132, 0.034105, 0.021592, 42.70, 0.889, 82.75, 0.426, 0.00, 0.000, 0.00, 0.000
24974,266421, 40.54, 40.79, 0.774, 0.837, 0.036160, 0.021200,1,1,0, 0.045645, 0.018845, 0.042222, 0.018422, 40.54, 0.774, 82.75, 0.368, 0.00, 0.000, 0.00, 0.000
24975,266432, 40.13, 40.52, 0.870, 0.906, 0.047573, 0.033414,1,1,0, 0.060621, 0.036912, 0.055819, 0.032280, 40.13, 0.870, 83.91, 0.367, 0.00, 0.000, 0.00, 0.000
24976,266442, 40.81, 40.64, 0.750, 0.820, 0.042480, 0.023416,1,1,0, 0.012484, 0.006592, 0.019306, 0.008576, 40.81, 0.750, 89.55, 0.300, 0.00, 0.000, 0.00, 0.000
24977,266453, 40.95, 40.77, 0.849, 0.891, 0.045197, 0.024700,1,1,0, 0.056256, 0.032765, 0.049884, 0.028295, 40.95, 0.849, 93.02, 0.395, 0.00, 0.000, 0.00, 0.000
24978,266464, 39.73, 40.33, 0.905, 0.932, 0.041825, 0.017309,1,1,0, 0.052054, 0.023112, 0.045840, 0.020640, 39.73, 0.905, 79.47, 0.305, 0.00, 0.000, 0.00, 0.000
24979,266474, 42.40, 41.20, 0.687, 0.752, 0.038715, 0.012130,1,1,0, 0.038032, 0.023753, 0.025182, 0.018495, 42.40, 0.687, 87.59, 0.412, 37.03, 0.228, 0.00, 0.000
24980,266485, 42.55, 41.77, 0.874, 0.909, 0.035887, 0.008500,1,1,0, 0.040734, 0.021852, 0.037027, 0.020700, 42.55, 0.874, 82.75, 0.542, 0.00, 0.000, 0.00, 0.000
24981,266496, 40.00, 41.02, 0.738, 0.800, 0.036243, 0.014226,1,1,0, 0.042922, 0.026189, 0.039485, 0.022730, 40.00, 0.738, 85.10, 0.410, 0.00, 0.000, 0.00, 0.000
24982,266506, 40.40, 40.76, 0.862, 0.901, 0.045450, 0.040097,1,1,0, 0.054008, 0.030901, 0.057005, 0.028485, 40.40, 0.862, 83.91, 0.496, 0.00, 0.000, 0.00, 0.000
24983,266517, 41.81, 41.20, 0.764, 0.830, 0.040605, 0.028099,1,1,0, 0.020481, 0.008433, 0.014540, 0.007988, 41.81, 0.764, 85.71, 0.455, 31.57, 0.188, 0.00, 0.000
24984,266528, 40.26, 40.81, 0.872, 0.908, 0.047537, 0.025454,1,1,0, 0.060382, 0.039150, 0.053982, 0.033093, 40.26, 0.872, 88.23, 0.310, 0.00, 0.000, 0.00, 0.000
24985,266538, 40.26, 40.58, 0.860, 0.899, 0.043515, 0.017837,1,1,0, 0.034346, 0.017491, 0.027247, 0.016834, 40.26, 0.860, 81.08, 0.375, 0.00, 0.000, 0.00, 0.000
24986,266549, 42.25, 41.28, 0.721, 0.799, 0.040272, 0.012500,1,1,0, 0.036347, 0.022854, 0.039722, 0.020010, 42.25, 0.721, 86.95, 0.487, 0.00, 0.000, 0.00, 0.000
24987,266560, 41.37, 41.32, 0.823, 0.872, 0.037157, 0.008759,1,1,0, 0.041874, 0.021738, 0.040565, 0.019868, 41.37, 0.823, 83.33, 0.553, 0.00, 0.000, 0.00, 0.000
24988,266570, 39.08, 40.38, 0.874, 0.909, 0.035460, 0.006138,1,1,0, 0.053509, 0.031763, 0.036278, 0.024902, 39.08, 0.874, 80.00, 0.614, 0.00, 0.000, 0.00, 0.000
24989,266581, 40.54, 40.45, 0.761, 0.828, 0.042878, 0.035697,1,1,0, 0.050625, 0.027055, 0.054857, 0.025640, 40.54, 0.761, 83.33, 0.425, 0.00, 0.000, 0.00, 0.000
24990,266592, 33.89, 35.86, 0.694, 0.749, 0.155658, 0.431945,1,1,1, 0.293949, 0.107231, 0.258392, 0.097809, 33.89, 0.694, 55.29, 0.444, 48.78, 0.305, 96.00, 0.266
24991,266602, 96.77, 32.63, 0.616, 0.552, 0.221619, 0.302698,1,1,0, 0.308847, 0.138032, 0.285503, 0.132994, 96.77, 0.616, 31.25, 0.490, 47.61, 0.448, 35.50, 0.181
24992,266613, 98.36, 78.64, 0.796, 0.817, 0.253366, 0.248193,1,1,0, 0.308646, 0.152238, 0.331946, 0.144794, 98.36, 0.796, 48.97, 0.661, 32.00, 0.505, 196.72, 0.105
24993,266624, 98.36, 92.44, 0.923, 0.944, 0.277176, 0.229312,1,1,0, 0.356827, 0.166845, 0.355974, 0.157612, 98.36, 0.923, 49.38, 0.899, 32.69, 0.848, 193.54, 0.046
24994,266634, 99.17, 97.15, 0.978, 0.984, 0.266032, 0.160697,1,1,0, 0.343283, 0.161097, 0.311231, 0.152268, 99.17, 0.978, 32.96, 0.971, 49.38, 0.968, 0.00, 0.000
24995,266645, 98.36, 97.99, 0.980, 0.985, 0.277564, 0.156889,1,1,0, 0.377900, 0.184253, 0.343618, 0.172045, 98.36, 0.980, 32.96, 0.963, 49.38, 0.961, 0.00, 0.000
24996,266656, 98.36, 98.25, 0.980, 0.986, 0.278652, 0.109944,1,1,0, 0.378613, 0.179355, 0.327750, 0.168898, 98.36, 0.980, 32.87, 0.970, 49.38, 0.970, 0.00, 0.000
24997,266666, 32.96, 52.55, 0.984, 0.989, 0.266712, 0.092510,1,1,0, 0.308284, 0.149140, 0.317270, 0.142453, 32.96, 0.984, 99.17, 0.983, 49.38, 0.973, 0.00, 0.000
24998,266677, 99.17, 85.18, 0.980, 0.985, 0.267662, 0.142442,1,1,0, 0.341842, 0.165973, 0.333158, 0.152101, 99.17, 0.980, 49.58, 0.964, 33.05, 0.943, 39.21, 0.050
24999,266688, 33.05, 48.69, 0.987, 0.990, 0.270882, 0.155155,1,1,0, 0.330033, 0.163628, 0.342467, 0.158848, 33.05, 0.987, 99.17, 0.982, 49.58, 0.966, 65.93, 0.019
25000,266698, 99.17, 69.89, 0.977, 0.983, 0.281812, 0.126161,1,1,0, 0.352302, 0.179926, 0.331783, 0.173417, 99.17, 0.977, 32.87, 0.971, 49.38, 0.971, 40.13, 0.004
25001,266709, 98.36, 81.85, 0.983, 0.988, 0.278827, 0.104775,1,1,0, 0.357714, 0.164339, 0.303516, 0.159201, 98.36, 0.983, 32.87, 0.966, 49.38, 0.963, 40.40, 0.080
25002,266720, 98.36, 88.78, 0.982, 0.987, 0.260433, 0.073424,1,1,0, 0.299900, 0.142246, 0.273435, 0.136692, 98.36, 0.982, 32.87, 0.979, 49.38, 0.975, 0.00, 0.000
25003,266730, 33.05, 49.77, 0.986, 0.990, 0.270351, 0.197794,1,1,1, 0.330811, 0.155639, 0.322069, 0.147809, 33.05, 0.986, 99.17, 0.983, 49.38, 0.981, 0.00, 0.000
25004,266741, 99.17, 84.35, 0.982, 0.987, 0.297606, 0.311021,1,1,0, 0.357295, 0.176178, 0.376293, 0.163912, 99.17, 0.982, 33.05, 0.981, 49.79, 0.974, 65.93, 0.011
25005,266752, 99.17, 94.72, 0.980, 0.986, 0.286122, 0.217957,1,1,0, 0.331563, 0.161294, 0.319868, 0.155476, 99.17, 0.980, 49.58, 0.968, 33.05, 0.952, 0.00, 0.000
25006,266762, 32.96, 51.49, 0.988, 0.991, 0.279870, 0.152740,1,1,0, 0.323101, 0.158368, 0.325791, 0.150605, 32.96, 0.988, 99.17, 0.986, 49.38, 0.982, 0.00, 0.000
25007,266773, 98.36, 84.30, 0.979, 0.985, 0.268196, 0.107037,1,1,0, 0.332799, 0.151659, 0.300956, 0.145996, 98.36, 0.979, 49.38, 0.969, 32.87, 0.959, 39.73, 0.015
25008,266784, 99.17, 94.71, 0.982, 0.987, 0.249164, 0.075009,1,1,0, 0.301056, 0.135616, 0.274500, 0.129445, 99.17, 0.982, 49.38, 0.958, 32.96, 0.955, 66.29, 0.004
25009,266794, 99.17, 97.83, 0.978, 0.984, 0.244965, 0.137857,1,1,0, 0.285041, 0.135065, 0.295965, 0.127948, 99.17, 0.978, 49.58, 0.973, 33.05, 0.965, 65.57, 0.109
25010,266805, 32.96, 52.42, 0.981, 0.986, 0.255742, 0.152192,1,1,1, 0.323830, 0.156668, 0.311630, 0.149432, 32.96, 0.981, 99.17, 0.979, 49.58, 0.973, 193.54, 0.118
25011,266816, 99.17, 85.14, 0.980, 0.986, 0.264651, 0.145200,1,1,0, 0.342374, 0.171736, 0.320197, 0.160011, 99.17, 0.980, 49.38, 0.968, 32.96, 0.959, 0.00, 0.000
25012,266826, 98.36, 94.39, 0.981, 0.986, 0.263782, 0.101753,1,1,0, 0.349907, 0.166165, 0.303235, 0.159519, 98.36, 0.981, 49.38, 0.968, 32.96, 0.955, 0.00, 0.000
25013,266837, 32.96, 51.39, 0.986, 0.990, 0.259656, 0.093275,1,1,0, 0.343876, 0.161719, 0.306781, 0.153406, 32.96, 0.986, 99.17, 0.983, 49.38, 0.971, 0.00, 0.000
25014,266848, 99.17, 84.84, 0.984, 0.988, 0.243282, 0.065365,1,1,0, 0.287336, 0.148943, 0.272543, 0.138919, 99.17, 0.984, 49.38, 0.973, 32.96, 0.966, 0.00, 0.000
25015,266858, 99.17, 94.87, 0.987, 0.990, 0.242940, 0.124451,1,1,0, 0.301787, 0.156163, 0.298453, 0.144995, 99.17, 0.987, 32.96, 0.976, 49.58, 0.976, 65.57, 0.071
25016,266869, 99.17, 97.88, 0.984, 0.989, 0.260634, 0.187985,1,1,1, 0.325056, 0.167982, 0.333580, 0.158191, 99.17, 0.984, 33.05, 0.981, 49.58, 0.979, 39.73, 0.121
25017,266880, 99.17, 98.78, 0.986, 0.990, 0.254299, 0.131736,1,1,0, 0.333894, 0.154819, 0.284362, 0.147214, 99.17, 0.986, 32.87, 0.982, 49.38, 0.978, 39.86, 0.081
25018,266890, 98.36, 98.48, 0.984, 0.989, 0.264582, 0.174063,1,1,0, 0.347158, 0.162761, 0.311565, 0.160299, 98.36, 0.984, 49.18, 0.966, 32.78, 0.950, 40.13, 0.113
25019,266901, 98.36, 98.39, 0.984, 0.988, 0.259235, 0.121980,1,1,0, 0.339915, 0.156028, 0.291528, 0.151269, 98.36, 0.984, 32.87, 0.976, 49.38, 0.971, 40.00, 0.076
25020,266912, 33.05, 52.66, 0.987, 0.990, 0.261487, 0.175568,1,1,0, 0.284548, 0.150416, 0.303982, 0.143292, 33.05, 0.987, 99.17, 0.983, 49.58, 0.974, 65.93, 0.025
25021,266922, 99.17, 85.21, 0.985, 0.989, 0.266035, 0.155464,1,1,0, 0.314979, 0.158093, 0.304759, 0.150010, 99.17, 0.985, 49.79, 0.970, 33.14, 0.957, 39.34, 0.011
25022,266933, 99.17, 94.98, 0.987, 0.990, 0.266164, 0.139391,1,1,0, 0.323011, 0.158800, 0.304401, 0.150232, 99.17, 0.987, 32.96, 0.977, 49.38, 0.977, 0.00, 0.000
25023,266944, 98.36, 97.34, 0.986, 0.990, 0.254621, 0.097682,1,1,0, 0.328217, 0.146395, 0.285173, 0.140534, 98.36, 0.986, 49.18, 0.983, 32.87, 0.982, 0.00, 0.000
25024,266954, 98.36, 98.05, 0.988, 0.991, 0.244873, 0.082054,1,1,0, 0.321481, 0.141477, 0.277361, 0.135418, 98.36, 0.988, 49.38, 0.969, 32.87, 0.967, 39.73, 0.024
25025,266965, 98.36, 98.26, 0.984, 0.988, 0.228617, 0.057502,1,1,0, 0.276593, 0.127196, 0.251599, 0.121337, 98.36, 0.984, 49.38, 0.964, 32.96, 0.932, 39.73, 0.083
25026,266976, 32.96, 70.84, 0.989, 0.992, 0.226820, 0.080941,1,1,0, 0.295741, 0.135657, 0.258985, 0.129134, 32.96, 0.989, 99.17, 0.985, 49.38, 0.979, 65.57, 0.157
25027,266986, 99.17, 90.67, 0.981, 0.986, 0.252161, 0.168101,1,1,1, 0.329953, 0.162423, 0.306848, 0.151787, 99.17, 0.981, 32.96, 0.970, 49.38, 0.968, 39.21, 0.145
25028,266997, 99.17, 96.62, 0.987, 0.991, 0.257117, 0.117801,1,1,0, 0.345949, 0.163895, 0.295063, 0.156333, 99.17, 0.987, 49.58, 0.974, 33.05, 0.947, 39.21, 0.063
25029,267008, 99.17, 98.40, 0.987, 0.990, 0.247889, 0.082553,1,1,0, 0.336908, 0.158058, 0.283622, 0.148622, 99.17, 0.987, 32.96, 0.977, 49.38, 0.975, 0.00, 0.000
25030,267018, 99.17, 98.94, 0.987, 0.991, 0.234711, 0.057851,1,1,0, 0.297546, 0.139455, 0.270679, 0.135434, 99.17, 0.987, 49.38, 0.978, 32.96, 0.975, 0.00, 0.000
25031,267029, 99.17, 99.10, 0.990, 0.992, 0.224680, 0.050022,1,1,0, 0.292691, 0.139395, 0.256742, 0.133223, 99.17, 0.990, 49.38, 0.976, 32.96, 0.963, 39.47, 0.008
25032,267040, 99.17, 99.15, 0.986, 0.990, 0.230484, 0.118827,1,1,0, 0.291679, 0.150563, 0.276566, 0.140642, 99.17, 0.986, 49.58, 0.972, 33.05, 0.960, 65.93, 0.111
25033,267050, 33.05, 52.88, 0.994, 0.995, 0.240017, 0.118598,1,1,0, 0.317721, 0.159737, 0.268156, 0.147392, 33.05, 0.994, 99.17, 0.989, 49.58, 0.980, 66.29, 0.182
25034,267061, 98.36, 84.71, 0.985, 0.989, 0.258064, 0.186200,1,1,1, 0.340332, 0.164088, 0.302582, 0.154814, 98.36, 0.985, 49.38, 0.970, 32.87, 0.962, 39.86, 0.131
25035,267072, 98.36, 94.26, 0.989, 0.992, 0.260624, 0.151427,1,1,0, 0.340635, 0.153788, 0.299708, 0.145836, 98.36, 0.989, 49.18, 0.973, 32.78, 0.961, 40.00, 0.078
25036,267082, 98.36, 97.13, 0.986, 0.990, 0.243131, 0.106117,1,1,0, 0.280949, 0.139400, 0.251558, 0.139930, 98.36, 0.986, 32.87, 0.984, 49.38, 0.977, 40.00, 0.036
25037,267093, 99.17, 98.56, 0.990, 0.992, 0.240652, 0.110534,1,1,0, 0.274714, 0.146478, 0.266575, 0.141494, 99.17, 0.990, 49.58, 0.979, 33.05, 0.975, 39.60, 0.015
25038,267104, 99.17, 98.98, 0.989, 0.992, 0.250769, 0.171011,1,1,0, 0.284987, 0.154316, 0.289493, 0.147180, 99.17, 0.989, 49.58, 0.972, 33.05, 0.964, 65.57, 0.056
25039,267114, 99.17, 99.11, 0.990, 0.993, 0.247470, 0.119841,1,1,0, 0.309572, 0.152248, 0.266465, 0.145009, 99.17, 0.990, 32.96, 0.983, 49.38, 0.983, 196.72, 0.007
25040,267125, 98.36, 98.58, 0.990, 0.993, 0.240672, 0.083982,1,1,0, 0.316859, 0.141876, 0.267865, 0.135378, 98.36, 0.990, 32.87, 0.989, 49.38, 0.981, 0.00, 0.000
25041,267136, 98.36, 98.42, 0.985, 0.989, 0.233102, 0.080355,1,1,0, 0.289462, 0.130392, 0.263624, 0.124496, 98.36, 0.985, 49.38, 0.959, 32.87, 0.923, 39.86, 0.063
25042,267146, 98.36, 98.38, 0.986, 0.990, 0.225910, 0.078851,1,1,0, 0.291494, 0.130133, 0.257300, 0.124485, 98.36, 0.986, 49.38, 0.964, 32.87, 0.959, 65.93, 0.086
25043,267157, 99.17, 98.93, 0.982, 0.987, 0.229533, 0.086622,1,1,0, 0.292319, 0.143435, 0.259458, 0.135415, 99.17, 0.982, 32.96, 0.981, 49.38, 0.973, 39.21, 0.152
25044,267168, 99.17, 99.03, 0.988, 0.991, 0.235881, 0.085929,1,1,0, 0.313625, 0.151618, 0.266238, 0.143303, 99.17, 0.988, 49.58, 0.968, 33.05, 0.946, 38.96, 0.156
25045,267178, 99.17, 99.09, 0.988, 0.991, 0.236725, 0.078052,1,1,0, 0.324250, 0.157368, 0.267294, 0.146831, 99.17, 0.988, 49.58, 0.969, 33.05, 0.955, 39.21, 0.047
25046,267189, 99.17, 99.12, 0.988, 0.991, 0.234718, 0.094434,1,1,0, 0.318250, 0.146890, 0.277617, 0.141250, 99.17, 0.988, 32.96, 0.981, 49.38, 0.979, 0.00, 0.000
25047,267200, 98.36, 98.80, 0.989, 0.992, 0.227115, 0.075463,1,1,0, 0.304821, 0.134001, 0.266260, 0.128896, 98.36, 0.989, 49.38, 0.977, 32.87, 0.968, 39.47, 0.026
25048,267210, 99.17, 98.95, 0.986, 0.990, 0.210208, 0.052883,1,1,0, 0.245463, 0.120506, 0.225312, 0.115843, 99.17, 0.986, 49.38, 0.964, 32.96, 0.927, 39.47, 0.088
25049,267221, 99.17, 99.04, 0.987, 0.990, 0.205024, 0.053257,1,1,0, 0.270344, 0.132752, 0.234637, 0.126734, 99.17, 0.987, 33.05, 0.981, 49.58, 0.972, 66.29, 0.195
25050,267232, 99.17, 99.13, 0.980, 0.986, 0.231501, 0.182591,1,1,1, 0.324220, 0.159933, 0.283697, 0.149275, 99.17, 0.980, 33.05, 0.971, 49.58, 0.969, 66.29, 0.194
25051,267242, 98.36, 98.59, 0.988, 0.991, 0.258733, 0.187761,1,1,0, 0.346859, 0.172563, 0.301636, 0.160183, 98.36, 0.988, 49.38, 0.971, 32.96, 0.965, 39.73, 0.096
25052,267253, 98.36, 98.43, 0.987, 0.991, 0.252475, 0.131579,1,1,0, 0.306007, 0.152422, 0.278549, 0.146462, 98.36, 0.987, 32.87, 0.978, 49.38, 0.977, 40.00, 0.047
25053,267264, 99.17, 98.95, 0.989, 0.992, 0.233028, 0.092208,1,1,0, 0.270980, 0.127029, 0.237769, 0.121558, 99.17, 0.989, 32.96, 0.986, 49.38, 0.981, 0.00, 0.000
25054,267274, 99.17, 99.10, 0.988, 0.991, 0.223901, 0.118974,1,1,0, 0.274987, 0.133220, 0.257928, 0.129319, 99.17, 0.988, 49.58, 0.979, 33.05, 0.975, 66.29, 0.033
25055,267285, 99.17, 99.15, 0.985, 0.989, 0.231838, 0.086832,1,1,0, 0.282572, 0.149390, 0.262353, 0.144494, 99.17, 0.985, 49.58, 0.968, 33.14, 0.960, 39.47, 0.092
25056,267296, 32.96, 52.82, 0.990, 0.993, 0.224637, 0.072347,1,1,0, 0.293383, 0.141236, 0.246692, 0.135476, 32.96, 0.990, 99.17, 0.988, 49.38, 0.977, 65.93, 0.081
25057,267306, 98.36, 84.69, 0.982, 0.987, 0.234421, 0.148352,1,1,0, 0.303038, 0.141371, 0.276351, 0.134963, 98.36, 0.982, 49.38, 0.964, 32.87, 0.954, 39.86, 0.093
25058,267317, 98.36, 94.26, 0.985, 0.989, 0.238048, 0.130699,1,1,0, 0.310016, 0.135705, 0.278448, 0.129265, 98.36, 0.985, 49.18, 0.951, 32.87, 0.940, 39.86, 0.106
25059,267328, 98.36, 97.13, 0.979, 0.985, 0.221520, 0.091591,1,1,0, 0.264465, 0.124557, 0.234359, 0.118888, 98.36, 0.979, 32.96, 0.971, 49.38, 0.969, 39.47, 0.069
25060,267338, 99.17, 97.98, 0.986, 0.989, 0.224097, 0.084222,1,1,0, 0.290259, 0.140030, 0.249862, 0.133567, 99.17, 0.986, 33.05, 0.976, 49.58, 0.975, 39.21, 0.121
25061,267349, 99.17, 98.48, 0.982, 0.987, 0.232840, 0.094439,1,1,0, 0.305181, 0.152228, 0.259159, 0.142522, 99.17, 0.982, 49.58, 0.964, 33.05, 0.951, 38.96, 0.110
25062,267360, 99.17, 98.77, 0.985, 0.989, 0.226138, 0.066181,1,1,0, 0.298537, 0.143757, 0.255154, 0.136097, 99.17, 0.985, 49.58, 0.967, 33.05, 0.959, 39.08, 0.043
25063,267370, 99.17, 98.94, 0.986, 0.989, 0.228738, 0.108584,1,1,0, 0.314157, 0.142209, 0.272639, 0.135885, 99.17, 0.986, 32.96, 0.985, 49.38, 0.975, 39.47, 0.066
25064,267381, 98.36, 98.69, 0.983, 0.988, 0.218143, 0.076094,1,1,0, 0.273103, 0.125011, 0.249185, 0.119652, 98.36, 0.983, 49.38, 0.957, 32.87, 0.925, 39.60, 0.113
25065,267392, 98.36, 98.55, 0.982, 0.987, 0.202145, 0.053325,1,1,0, 0.245824, 0.110358, 0.220861, 0.106083, 98.36, 0.982, 49.38, 0.954, 32.87, 0.938, 65.93, 0.166
25066,267402, 32.96, 71.00, 0.979, 0.985, 0.197684, 0.052360,1,1,0, 0.263141, 0.127930, 0.225066, 0.121078, 32.96, 0.979, 99.17, 0.974, 49.58, 0.968, 66.29, 0.246
25067,267413, 99.17, 90.72, 0.982, 0.987, 0.211582, 0.136333,1,1,1, 0.306259, 0.147377, 0.268109, 0.140358, 99.17, 0.982, 49.58, 0.969, 33.05, 0.962, 66.29, 0.172
25068,267424, 98.36, 96.06, 0.983, 0.988, 0.238069, 0.178541,1,1,0, 0.321226, 0.164057, 0.289133, 0.153929, 98.36, 0.983, 49.38, 0.968, 32.96, 0.966, 40.00, 0.033
25069,267434, 98.36, 97.67, 0.986, 0.990, 0.245834, 0.125179,1,1,0, 0.323788, 0.157567, 0.291496, 0.148698, 98.36, 0.986, 32.96, 0.979, 49.38, 0.975, 40.00, 0.016
25070,267445, 98.36, 98.15, 0.983, 0.988, 0.226953, 0.087723,1,1,0, 0.277636, 0.123351, 0.240972, 0.118187, 98.36, 0.983, 32.96, 0.983, 49.38, 0.972, 0.00, 0.000
25071,267456, 99.17, 98.86, 0.985, 0.989, 0.211416, 0.061474,1,1,0, 0.255306, 0.120022, 0.220536, 0.113563, 99.17, 0.985, 49.58, 0.968, 33.05, 0.962, 39.47, 0.059
25072,267466, 99.17, 99.08, 0.981, 0.986, 0.218338, 0.130183,1,1,0, 0.295060, 0.138547, 0.253322, 0.131982, 99.17, 0.981, 33.05, 0.971, 49.79, 0.967, 66.29, 0.200
25073,267477, 99.17, 99.14, 0.981, 0.986, 0.221628, 0.116496,1,1,0, 0.283734, 0.139701, 0.253737, 0.135722, 99.17, 0.981, 32.96, 0.980, 49.58, 0.967, 66.66, 0.211
25074,267488, 98.36, 98.59, 0.984, 0.988, 0.234949, 0.167893,1,1,1, 0.309179, 0.141447, 0.280210, 0.135703, 98.36, 0.984, 49.18, 0.961, 32.87, 0.946, 39.86, 0.194
25075,267498, 98.36, 98.43, 0.983, 0.987, 0.236324, 0.120033,1,1,0, 0.292161, 0.137457, 0.272269, 0.132497, 98.36, 0.983, 49.18, 0.958, 32.87, 0.947, 39.73, 0.190
25076,267509, 32.96, 52.60, 0.985, 0.989, 0.227150, 0.084117,1,1,0, 0.279157, 0.124742, 0.254292, 0.119163, 32.96, 0.985, 99.17, 0.984, 49.38, 0.975, 65.93, 0.052
25077,267520, 99.17, 85.20, 0.977, 0.984, 0.219237, 0.058947,1,1,0, 0.275400, 0.135838, 0.238845, 0.128782, 99.17, 0.977, 33.14, 0.970, 49.58, 0.963, 65.57, 0.076
25078,267530, 99.17, 94.98, 0.981, 0.986, 0.221699, 0.100838,1,1,0, 0.296142, 0.141221, 0.254296, 0.134245, 99.17, 0.981, 49.79, 0.954, 33.05, 0.930, 38.96, 0.168
25079,267541, 99.17, 97.91, 0.979, 0.984, 0.215984, 0.080924,1,1,0, 0.286835, 0.128500, 0.248689, 0.121612, 99.17, 0.979, 32.96, 0.968, 49.38, 0.964, 38.83, 0.073
25080,267552, 98.36, 98.22, 0.983, 0.988, 0.216564, 0.102262,1,1,0, 0.279634, 0.130769, 0.256949, 0.124041, 98.36, 0.983, 49.38, 0.965, 32.87, 0.964, 39.47, 0.037
25081,267562, 98.36, 98.32, 0.982, 0.987, 0.214918, 0.091625,1,1,0, 0.270660, 0.125945, 0.253978, 0.120869, 98.36, 0.982, 49.38, 0.948, 32.87, 0.921, 39.73, 0.146
25082,267573, 98.36, 98.34, 0.979, 0.985, 0.198907, 0.064208,1,1,0, 0.235428, 0.108428, 0.212856, 0.102473, 98.36, 0.979, 49.18, 0.957, 32.87, 0.952, 65.93, 0.175
25083,267584, 32.96, 52.58, 0.990, 0.993, 0.195846, 0.077516,1,1,0, 0.259041, 0.121908, 0.231993, 0.115212, 32.96, 0.990, 98.36, 0.982, 49.38, 0.981, 65.57, 0.284
25084,267594, 99.17, 85.19, 0.975, 0.982, 0.216254, 0.151605,1,1,1, 0.315559, 0.150974, 0.274202, 0.141424, 99.17, 0.975, 49.58, 0.960, 33.05, 0.953, 39.60, 0.191
25085,267605, 99.17, 94.98, 0.984, 0.988, 0.225767, 0.119413,1,1,0, 0.305807, 0.150128, 0.277560, 0.142992, 99.17, 0.984, 49.58, 0.964, 33.05, 0.952, 66.29, 0.027
25086,267616, 32.87, 51.50, 0.977, 0.983, 0.225570, 0.086321,1,1,0, 0.293389, 0.141179, 0.269606, 0.135410, 32.87, 0.977, 98.36, 0.976, 49.38, 0.963, 40.00, 0.040
25087,267626, 98.36, 84.30, 0.984, 0.988, 0.215908, 0.060492,1,1,0, 0.262420, 0.130081, 0.247491, 0.124262, 98.36, 0.984, 32.87, 0.971, 49.38, 0.965, 39.73, 0.057
25088,267637, 99.17, 94.71, 0.983, 0.988, 0.205272, 0.052433,1,1,0, 0.247379, 0.121979, 0.219305, 0.114416, 99.17, 0.983, 32.96, 0.972, 49.38, 0.971, 66.29, 0.138
25089,267648, 49.58, 97.83, 0.988, 0.991, 0.204286, 0.100776,1,1,0, 0.255918, 0.123652, 0.230374, 0.117216, 49.58, 0.988, 99.17, 0.988, 33.05, 0.987, 66.29, 0.270
25090,267658, 99.17, 98.77, 0.988, 0.991, 0.220172, 0.182746,1,1,1, 0.293702, 0.134190, 0.265746, 0.126529, 99.17, 0.988, 32.96, 0.985, 49.38, 0.979, 66.29, 0.236
25091,267669, 98.36, 98.48, 0.985, 0.989, 0.235435, 0.174040,1,1,0, 0.299203, 0.142667, 0.280202, 0.137905, 98.36, 0.985, 49.18, 0.971, 32.78, 0.958, 39.73, 0.132
25092,267680, 98.36, 98.39, 0.986, 0.990, 0.242604, 0.148859,1,1,0, 0.297060, 0.144576, 0.283629, 0.139877, 98.36, 0.986, 49.18, 0.958, 32.78, 0.945, 39.86, 0.179
25093,267690, 32.96, 52.59, 0.983, 0.988, 0.224394, 0.104317,1,1,0, 0.234740, 0.116486, 0.214790, 0.112809, 32.96, 0.983, 99.17, 0.973, 49.58, 0.959, 39.47, 0.129
25094,267701, 99.17, 85.20, 0.977, 0.983, 0.210510, 0.073103,1,1,0, 0.253731, 0.121278, 0.224342, 0.115466, 99.17, 0.977, 49.58, 0.950, 33.14, 0.943, 38.96, 0.135
25095,267712, 99.17, 94.98, 0.972, 0.980, 0.216796, 0.125442,1,1,0, 0.291257, 0.135704, 0.255412, 0.129448, 99.17, 0.972, 49.58, 0.940, 33.05, 0.933, 38.96, 0.149
25096,267722, 32.87, 51.50, 0.984, 0.988, 0.221088, 0.123266,1,1,0, 0.286104, 0.129054, 0.262734, 0.122597, 32.87, 0.984, 98.36, 0.982, 49.38, 0.972, 65.21, 0.110
25097,267733, 98.36, 84.30, 0.981, 0.986, 0.209923, 0.086382,1,1,0, 0.246914, 0.116532, 0.234454, 0.110312, 98.36, 0.981, 49.38, 0.949, 32.96, 0.938, 39.47, 0.116
25098,267744, 98.36, 94.14, 0.981, 0.986, 0.206626, 0.087025,1,1,0, 0.252135, 0.120640, 0.242191, 0.115395, 98.36, 0.981, 49.38, 0.953, 32.87, 0.919, 39.60, 0.170
25099,267754, 98.36, 97.09, 0.985, 0.989, 0.203454, 0.083459,1,1,0, 0.250768, 0.119886, 0.238823, 0.113496, 98.36, 0.985, 32.87, 0.982, 49.18, 0.978, 65.57, 0.166
25100,267765, 99.17, 97.96, 0.984, 0.988, 0.206144, 0.102997,1,1,0, 0.273983, 0.129323, 0.247966, 0.121255, 99.17, 0.984, 49.38, 0.975, 32.96, 0.972, 193.54, 0.183
25101,267776, 99.17, 98.47, 0.990, 0.992, 0.209595, 0.104186,1,1,0, 0.279211, 0.134121, 0.253555, 0.126620, 99.17, 0.990, 49.79, 0.968, 33.14, 0.942, 39.34, 0.191
25102,267786, 99.17, 98.76, 0.986, 0.990, 0.216450, 0.116420,1,1,0, 0.295452, 0.138085, 0.265203, 0.129654, 99.17, 0.986, 49.58, 0.972, 33.05, 0.962, 39.47, 0.073
25103,267797, 98.36, 98.59, 0.986, 0.990, 0.215336, 0.084085,1,1,0, 0.274466, 0.131204, 0.256693, 0.125867, 98.36, 0.986, 32.87, 0.980, 49.18, 0.977, 39.86, 0.049
25104,267808, 98.36, 98.49, 0.984, 0.988, 0.207826, 0.058925,1,1,0, 0.254763, 0.118855, 0.242495, 0.116929, 98.36, 0.984, 49.18, 0.961, 32.78, 0.959, 40.00, 0.153
25105,267818, 99.17, 98.78, 0.982, 0.987, 0.194850, 0.041293,1,1,0, 0.222008, 0.113245, 0.201545, 0.108080, 99.17, 0.982, 49.38, 0.958, 32.96, 0.942, 39.73, 0.219
25106,267829, 33.05, 52.77, 0.980, 0.986, 0.215060, 0.185607,1,1,1, 0.281413, 0.135149, 0.255658, 0.125607, 33.05, 0.980, 99.17, 0.976, 49.58, 0.953, 65.93, 0.343
25107,267840, 99.17, 85.25, 0.976, 0.983, 0.235256, 0.188083,1,1,0, 0.296849, 0.146379, 0.278370, 0.137921, 99.17, 0.976, 32.96, 0.963, 49.38, 0.949, 66.29, 0.260
25108,267850, 98.36, 94.42, 0.982, 0.987, 0.233959, 0.131805,1,1,0, 0.273502, 0.132965, 0.262753, 0.127199, 98.36, 0.982, 49.18, 0.957, 32.87, 0.940, 39.86, 0.151
25109,267861, 98.36, 97.18, 0.984, 0.988, 0.223265, 0.092366,1,1,0, 0.257080, 0.123110, 0.241227, 0.119824, 98.36, 0.984, 32.87, 0.978, 49.38, 0.968, 40.00, 0.074
25110,267872, 99.17, 98.57, 0.990, 0.993, 0.212130, 0.064728,1,1,0, 0.245630, 0.118354, 0.228361, 0.115127, 99.17, 0.990, 49.58, 0.984, 33.05, 0.983, 39.47, 0.029
25111,267882, 99.17, 98.99, 0.990, 0.993, 0.202059, 0.045360,1,1,0, 0.244226, 0.119716, 0.216366, 0.115294, 99.17, 0.990, 49.58, 0.976, 33.05, 0.961, 39.21, 0.131
25112,267893, 99.17, 99.11, 0.993, 0.995, 0.198389, 0.076994,1,1,0, 0.247351, 0.118217, 0.222965, 0.113131, 99.17, 0.993, 49.58, 0.981, 33.05, 0.963, 39.21, 0.209
25113,267904, 32.87, 52.74, 0.991, 0.993, 0.202847, 0.114335,1,1,0, 0.261803, 0.116930, 0.239403, 0.110877, 32.87, 0.991, 98.36, 0.988, 49.38, 0.984, 193.54, 0.168
25114,267914, 98.36, 84.67, 0.983, 0.987, 0.209237, 0.126540,1,1,0, 0.260609, 0.124329, 0.251479, 0.117332, 98.36, 0.983, 49.18, 0.955, 32.87, 0.934, 65.93, 0.147
25115,267925, 98.36, 94.25, 0.982, 0.987, 0.208515, 0.095228,1,1,0, 0.250640, 0.126484, 0.244690, 0.120706, 98.36, 0.982, 49.18, 0.940, 32.78, 0.899, 39.47, 0.147
25116,267936, 98.36, 95.97, 0.977, 0.983, 0.196844, 0.066734,1,1,0, 0.229400, 0.113953, 0.216438, 0.109570, 98.36, 0.977, 32.96, 0.970, 49.38, 0.958, 39.21, 0.133
25117,267946, 99.17, 97.32, 0.980, 0.985, 0.193795, 0.067220,1,1,0, 0.246464, 0.124442, 0.222880, 0.116612, 99.17, 0.980, 49.58, 0.954, 32.96, 0.943, 38.96, 0.133
25118,267957, 99.17, 98.61, 0.977, 0.983, 0.211017, 0.141876,1,1,1, 0.290630, 0.139730, 0.261924, 0.130447, 99.17, 0.977, 49.58, 0.939, 33.14, 0.933, 65.21, 0.130
25119,267968, 99.17, 99.00, 0.985, 0.989, 0.213387, 0.099424,1,1,0, 0.272624, 0.131716, 0.254107, 0.124530, 99.17, 0.985, 33.05, 0.970, 49.58, 0.967, 39.34, 0.112
25120,267978, 98.36, 98.55, 0.982, 0.987, 0.204255, 0.069674,1,1,0, 0.243158, 0.116847, 0.233610, 0.113077, 98.36, 0.982, 49.38, 0.964, 32.87, 0.960, 39.73, 0.183
25121,267989, 98.36, 98.41, 0.986, 0.990, 0.189529, 0.048826,1,1,0, 0.210971, 0.105255, 0.204041, 0.101363, 98.36, 0.986, 49.18, 0.954, 32.78, 0.924, 39.86, 0.248
25122,268000, 99.17, 98.94, 0.984, 0.988, 0.181580, 0.044155,1,1,0, 0.217672, 0.108095, 0.209329, 0.104706, 99.17, 0.984, 49.38, 0.967, 32.87, 0.964, 66.66, 0.300
25123,268010, 99.17, 99.10, 0.988, 0.992, 0.195504, 0.164028,1,1,0, 0.261101, 0.125019, 0.242416, 0.118983, 99.17, 0.988, 49.58, 0.981, 32.96, 0.980, 66.29, 0.320
25124,268021, 99.17, 99.15, 0.993, 0.995, 0.221422, 0.170041,1,1,0, 0.275359, 0.142645, 0.259350, 0.134465, 99.17, 0.993, 49.38, 0.980, 32.96, 0.975, 39.60, 0.186
25125,268032, 98.36, 98.59, 0.991, 0.993, 0.229555, 0.142050,1,1,0, 0.273823, 0.144525, 0.262822, 0.136084, 98.36, 0.991, 49.38, 0.985, 32.96, 0.980, 39.73, 0.026
25126,268042, 98.36, 98.43, 0.990, 0.992, 0.216609, 0.099546,1,1,0, 0.232563, 0.121481, 0.228695, 0.116766, 98.36, 0.990, 32.87, 0.986, 49.38, 0.981, 0.00, 0.000
25127,268053, 99.17, 98.95, 0.980, 0.985, 0.199715, 0.069759,1,1,0, 0.200607, 0.097307, 0.186262, 0.095008, 99.17, 0.980, 32.96, 0.968, 49.38, 0.964, 40.00, 0.033
25128,268064, 99.17, 99.04, 0.979, 0.985, 0.187512, 0.048886,1,1,0, 0.213162, 0.110647, 0.195734, 0.106933, 99.17, 0.979, 49.58, 0.943, 33.14, 0.918, 39.34, 0.179
25129,268074, 99.17, 99.09, 0.969, 0.978, 0.196634, 0.126186,1,1,0, 0.248430, 0.121835, 0.231021, 0.116738, 99.17, 0.969, 33.05, 0.967, 49.58, 0.943, 65.57, 0.322
25130,268085, 98.36, 98.78, 0.978, 0.984, 0.202004, 0.115495,1,1,0, 0.240640, 0.121058, 0.236160, 0.115031, 98.36, 0.978, 32.87, 0.950, 49.38, 0.948, 65.93, 0.281
25131,268096, 98.36, 98.60, 0.981, 0.986, 0.200866, 0.087497,1,1,0, 0.231947, 0.122156, 0.230283, 0.116089, 98.36, 0.981, 49.38, 0.936, 32.87, 0.893, 39.60, 0.258
25132,268106, 98.36, 98.50, 0.985, 0.989, 0.197059, 0.074023,1,1,0, 0.228656, 0.118169, 0.224516, 0.112991, 98.36, 0.985, 49.38, 0.966, 32.87, 0.956, 39.34, 0.162
25133,268117, 99.17, 98.78, 0.989, 0.992, 0.191584, 0.060808,1,1,0, 0.225044, 0.114528, 0.216731, 0.109782, 99.17, 0.989, 32.96, 0.984, 49.38, 0.983, 65.21, 0.085
25134,268128, 99.17, 98.94, 0.986, 0.990, 0.192081, 0.082955,1,1,0, 0.239374, 0.121001, 0.223743, 0.115201, 99.17, 0.986, 49.58, 0.972, 33.05, 0.956, 38.83, 0.142
25135,268138, 99.17, 99.04, 0.989, 0.992, 0.190606, 0.073073,1,1,0, 0.241894, 0.120335, 0.220422, 0.113616, 99.17, 0.989, 49.58, 0.962, 33.05, 0.937, 38.83, 0.169
25136,268149, 32.96, 71.29, 0.985, 0.989, 0.189419, 0.073232,1,1,0, 0.233993, 0.121303, 0.219938, 0.113385, 32.96, 0.985, 99.17, 0.984, 49.38, 0.973, 39.21, 0.075
25137,268160, 98.36, 82.66, 0.983, 0.988, 0.191391, 0.077472,1,1,0, 0.229748, 0.127255, 0.223486, 0.120544, 98.36, 0.983, 49.38, 0.952, 32.87, 0.949, 39.86, 0.141
25138,268170, 98.36, 89.25, 0.979, 0.984, 0.181371, 0.054291,1,1,0, 0.199213, 0.104345, 0.202679, 0.100881, 98.36, 0.979, 49.18, 0.940, 32.78, 0.895, 39.86, 0.275
25139,268181, 98.36, 93.07, 0.978, 0.984, 0.168373, 0.038046,1,1,0, 0.176704, 0.094607, 0.169491, 0.090431, 98.36, 0.978, 32.87, 0.965, 49.18, 0.955, 39.86, 0.296
25140,268192, 99.17, 95.63, 0.973, 0.980, 0.173312, 0.092606,1,1,0, 0.219111, 0.121176, 0.203363, 0.114403, 99.17, 0.973, 33.05, 0.965, 49.58, 0.954, 66.29, 0.310
25141,268202, 99.17, 98.11, 0.978, 0.984, 0.207444, 0.143494,1,1,1, 0.268455, 0.145262, 0.252319, 0.138570, 99.17, 0.978, 33.14, 0.954, 49.58, 0.954, 66.66, 0.211
25142,268213, 99.17, 98.85, 0.981, 0.986, 0.208451, 0.100558,1,1,0, 0.254035, 0.135270, 0.247406, 0.129174, 99.17, 0.981, 33.05, 0.959, 49.38, 0.953, 40.00, 0.076
25143,268224, 32.87, 52.67, 0.980, 0.986, 0.194967, 0.070469,1,1,0, 0.217110, 0.113750, 0.203129, 0.108618, 32.87, 0.980, 98.36, 0.978, 49.38, 0.966, 39.86, 0.035
25144,268234, 98.36, 84.65, 0.987, 0.991, 0.180986, 0.049383,1,1,0, 0.185215, 0.099434, 0.179853, 0.095261, 98.36, 0.987, 32.87, 0.972, 49.38, 0.971, 39.73, 0.041
25145,268245, 99.17, 94.81, 0.982, 0.987, 0.177413, 0.069622,1,1,0, 0.208390, 0.105000, 0.197120, 0.100443, 99.17, 0.982, 49.58, 0.971, 33.05, 0.963, 66.66, 0.194
25146,268256, 33.05, 51.58, 0.994, 0.996, 0.180870, 0.094541,1,1,0, 0.219158, 0.111625, 0.206567, 0.107011, 33.05, 0.994, 99.17, 0.992, 49.58, 0.990, 66.29, 0.324
25147,268266, 98.36, 84.32, 0.986, 0.990, 0.188366, 0.114772,1,1,0, 0.231600, 0.115211, 0.220039, 0.109734, 98.36, 0.986, 49.38, 0.970, 32.87, 0.964, 65.57, 0.266
25148,268277, 98.36, 94.15, 0.985, 0.989, 0.202636, 0.131711,1,1,0, 0.241107, 0.131644, 0.238644, 0.125704, 98.36, 0.985, 49.18, 0.962, 32.78, 0.937, 39.34, 0.191
25149,268288, 98.36, 97.09, 0.983, 0.987, 0.198570, 0.092300,1,1,0, 0.222182, 0.124558, 0.223514, 0.119145, 98.36, 0.983, 49.38, 0.965, 32.87, 0.961, 39.47, 0.161
25150,268298, 99.17, 98.55, 0.974, 0.981, 0.184242, 0.064682,1,1,0, 0.183028, 0.101247, 0.177130, 0.097389, 99.17, 0.974, 33.05, 0.970, 49.58, 0.954, 39.21, 0.114
25151,268309, 99.17, 98.81, 0.976, 0.983, 0.173702, 0.045328,1,1,0, 0.205815, 0.105054, 0.186457, 0.100606, 99.17, 0.976, 49.79, 0.936, 33.05, 0.904, 38.83, 0.254
25152,268320, 99.17, 98.96, 0.966, 0.976, 0.186586, 0.118504,1,1,0, 0.237670, 0.119794, 0.225010, 0.113440, 99.17, 0.966, 32.96, 0.943, 49.58, 0.929, 38.83, 0.243
25153,268330, 98.36, 98.71, 0.974, 0.981, 0.181911, 0.083045,1,1,0, 0.209818, 0.116130, 0.206171, 0.109273, 98.36, 0.974, 32.96, 0.968, 49.38, 0.957, 65.57, 0.151
25154,268341, 98.36, 98.56, 0.976, 0.983, 0.173050, 0.058196,1,1,0, 0.190155, 0.112644, 0.190145, 0.107288, 98.36, 0.976, 49.38, 0.935, 32.96, 0.907, 40.00, 0.186
25155,268352, 98.36, 98.47, 0.981, 0.986, 0.164975, 0.040782,1,1,0, 0.182678, 0.108283, 0.182420, 0.102514, 98.36, 0.981, 49.18, 0.954, 32.78, 0.940, 39.86, 0.195
25156,268362, 32.87, 70.92, 0.993, 0.995, 0.161859, 0.048997,1,1,0, 0.187243, 0.108847, 0.185289, 0.101355, 32.87, 0.993, 98.36, 0.986, 49.18, 0.984, 65.93, 0.187
25157,268373, 99.17, 82.78, 0.984, 0.988, 0.170821, 0.091291,1,1,0, 0.217342, 0.113454, 0.207818, 0.108006, 99.17, 0.984, 49.58, 0.968, 33.05, 0.965, 39.60, 0.224
25158,268384, 99.17, 89.67, 0.987, 0.990, 0.182268, 0.102585,1,1,0, 0.236700, 0.120678, 0.224600, 0.115603, 99.17, 0.987, 49.79, 0.966, 33.24, 0.938, 39.86, 0.189
25159,268394, 99.17, 93.66, 0.981, 0.986, 0.180677, 0.071889,1,1,0, 0.219812, 0.121932, 0.207079, 0.116263, 99.17, 0.981, 33.05, 0.974, 49.58, 0.963, 39.86, 0.070
25160,268405, 98.36, 95.63, 0.981, 0.986, 0.181314, 0.066073,1,1,0, 0.215914, 0.121082, 0.213254, 0.117006, 98.36, 0.981, 32.78, 0.978, 49.18, 0.970, 40.00, 0.132
25161,268416, 98.36, 96.78, 0.979, 0.985, 0.169379, 0.046303,1,1,0, 0.184789, 0.098568, 0.185412, 0.095487, 98.36, 0.979, 49.18, 0.947, 32.87, 0.945, 40.00, 0.208
25162,268426, 99.17, 97.78, 0.977, 0.983, 0.158164, 0.032448,1,1,0, 0.173340, 0.094657, 0.159852, 0.088832, 99.17, 0.977, 33.05, 0.961, 49.58, 0.959, 66.66, 0.287
25163,268437, 33.05, 52.47, 0.972, 0.979, 0.184553, 0.170689,1,1,1, 0.231932, 0.120724, 0.222932, 0.113402, 33.05, 0.972, 99.17, 0.965, 49.58, 0.934, 66.29, 0.356
25164,268448, 98.36, 84.59, 0.973, 0.980, 0.193516, 0.119615,1,1,0, 0.226184, 0.123731, 0.221998, 0.118360, 98.36, 0.973, 49.18, 0.940, 32.87, 0.934, 39.47, 0.224
25165,268458, 99.17, 94.80, 0.975, 0.982, 0.189584, 0.083824,1,1,0, 0.215622, 0.119114, 0.209916, 0.115237, 99.17, 0.975, 49.38, 0.942, 32.87, 0.917, 39.60, 0.192
25166,268469, 32.96, 51.51, 0.984, 0.989, 0.177577, 0.058742,1,1,0, 0.187406, 0.107107, 0.184287, 0.103110, 32.96, 0.984, 99.17, 0.981, 49.58, 0.968, 39.47, 0.147
25167,268480, 99.17, 84.87, 0.985, 0.989, 0.166266, 0.041165,1,1,0, 0.183286, 0.095618, 0.175577, 0.091712, 99.17, 0.985, 49.38, 0.971, 33.05, 0.968, 39.08, 0.114
25168,268490, 99.17, 94.88, 0.984, 0.989, 0.162415, 0.048931,1,1,0, 0.191813, 0.100698, 0.180345, 0.096364, 99.17, 0.984, 49.38, 0.963, 32.96, 0.941, 38.96, 0.256
25169,268501, 99.17, 97.88, 0.987, 0.990, 0.168704, 0.092304,1,1,0, 0.211774, 0.107299, 0.199278, 0.102495, 99.17, 0.987, 49.58, 0.978, 32.96, 0.976, 39.08, 0.318
25170,268512, 99.17, 98.78, 0.978, 0.984, 0.162111, 0.064684,1,1,0, 0.187292, 0.099155, 0.181593, 0.092719, 99.17, 0.978, 32.96, 0.974, 49.38, 0.966, 65.57, 0.241
25171,268522, 98.36, 98.48, 0.978, 0.984, 0.168479, 0.071832,1,1,0, 0.208792, 0.115085, 0.197487, 0.108339, 98.36, 0.978, 49.18, 0.938, 32.87, 0.910, 65.93, 0.164
25172,268533, 98.36, 98.39, 0.976, 0.983, 0.172012, 0.064909,1,1,0, 0.222646, 0.118400, 0.200893, 0.113785, 98.36, 0.976, 49.18, 0.944, 32.78, 0.936, 39.60, 0.168
25173,268544, 99.17, 98.72, 0.975, 0.982, 0.161154, 0.045487,1,1,0, 0.183383, 0.104117, 0.170900, 0.098530, 99.17, 0.975, 32.96, 0.968, 49.38, 0.951, 196.72, 0.085
25174,268554, 99.17, 99.03, 0.867, 0.904, 0.214021, 0.171078,1,1,1, 0.326015, 0.163344, 0.246896, 0.141311, 99.17, 0.867, 49.58, 0.852, 32.96, 0.816, 39.86, 0.350
25175,268565, 39.86, 98.00, 0.593, 0.616, 0.208174, 0.119888,1,1,0, 0.224430, 0.140437, 0.245860, 0.133426, 39.86, 0.593, 66.29, 0.566, 97.56, 0.514, 49.38, 0.404
25176,268576, 31.49, 98.00, 0.442, 0.554, 0.240153, 0.104351,1,1,0, 0.371724, 0.178168, 0.253923, 0.143184, 31.49, 0.442, 64.51, 0.421, 50.20, 0.362, 99.17, 0.093
25177,268586, 53.33, 66.73, 0.553, 0.553, 0.222797, 0.073127,1,1,0, 0.388435, 0.266705, 0.249010, 0.122249, 53.33, 0.553, 0.00, 0.000, 0.00, 0.000, 0.00, 0.000
25178,268597, 39.34, 47.56, 0.502, 0.508, 0.232279, 0.056788,1,1,0, 0.267537, 0.189321, 0.262328, 0.159252, 39.34, 0.502, 0.00, 0.000, 0.00, 0.000, 0.00, 0.000
25179,268608, 45.45, 47.56, 0.101, 0.457, 0.205045, 0.039796,1,1,0, 0.151105, 0.129023, 0.053193, 0.018833, 45.45, 0.101, 0.00, 0.000, 0.00, 0.000, 0.00, 0.000
25180,268618, 400.00, 294.26, 0.728, 0.728, 0.187891, 0.027888,1,1,0, 0.100388, 0.073429, 0.116603, 0.077482, 400.00, 0.728, 0.00, 0.000, 0.00, 0.000, 0.00, 0.000
25181,268629, 30.61, 109.70, 0.878, 0.878, 0.167026, 0.019543,1,1,0, 0.055006, 0.024682, 0.035853, 0.023253, 30.61, 0.878, 0.00, 0.000, 0.00, 0.000, 0.00, 0.000
25182,268640, 53.57, 70.41, 0.575, 0.575, 0.150082, 0.013695,1,1,0, 0.080902, 0.057183, 0.067852, 0.035237, 53.57, 0.575, 0.00, 0.000, 0.00, 0.000, 0.00, 0.000
25183,268650, 53.81, 58.79, 0.636, 0.669, 0.135317, 0.009597,1,1,0, 0.075108, 0.049240, 0.068839, 0.038194, 53.81, 0.636, 0.00, 0.000, 0.00, 0.000, 0.00, 0.000
25184,268661, 44.94, 52.97, 0.548, 0.548, 0.120306, 0.006725,1,1,0, 0.029213, 0.023438, 0.024740, 0.017065, 44.94, 0.548, 0.00, 0.000, 0.00, 0.000, 0.00, 0.000
25185,268672, 34.88, 45.37, 0.943, 0.943, 0.106286, 0.004713,1,1,0, 0.021245, 0.013003, 0.013228, 0.009309, 34.88, 0.943, 0.00, 0.000, 0.00, 0.000, 0.00, 0.000
25186,268682, 33.70, 40.47, 0.923, 0.926, 0.093512, 0.003303,1,1,0, 0.009549, 0.004966, 0.010858, 0.004728, 33.70, 0.923, 0.00, 0.000, 0.00, 0.000, 0.00, 0.000
25187,268693, 44.11, 40.47, 0.078, 0.834, 0.083152, 0.002314,1,1,0, 0.030595, 0.022087, 0.016688, 0.011596, 44.11, 0.078, 0.00, 0.000, 0.00, 0.000, 0.00, 0.000
25188,268704, 56.07, 47.02, 0.610, 0.610, 0.074388, 0.001622,1,1,0, 0.024053, 0.016363, 0.022584, 0.015203, 56.07, 0.610, 0.00, 0.000, 0.00, 0.000, 0.00, 0.000
25189,268714, 51.50, 47.02, 0.349, 0.549, 0.065817, 0.001136,1,1,0, 0.007661, 0.005690, 0.010208, 0.006800, 51.50, 0.349, 0.00, 0.000, 0.00, 0.000, 0.00, 0.000
25190,268725, 46.51, 46.81, 0.730, 0.779, 0.057807, 0.000796,1,1,0, 0.001485, 0.000951, 0.003010, 0.001928, 46.51, 0.730, 0.00, 0.000, 0.00, 0.000, 0.00, 0.000
25191,268736, 42.85, 45.15, 0.646, 0.678, 0.050833, 0.000558,1,1,0, 0.005897, 0.003679, 0.003987, 0.002329, 42.85, 0.646, 0.00, 0.000, 0.00, 0.000, 0.00, 0.000
25192,268746, 40.26, 43.09, 0.587, 0.603, 0.045065, 0.000391,1,1,0, 0.011982, 0.008251, 0.007610, 0.005294, 40.26, 0.587, 0.00, 0.000, 0.00, 0.000, 0.00, 0.000
25193,268757, 49.38, 45.73, 0.733, 0.740, 0.040302, 0.000274,1,1,0, 0.015570, 0.011077, 0.011103, 0.007671, 49.38, 0.733, 0.00, 0.000, 0.00, 0.000, 0.00, 0.000
25194,268768, 50.20, 47.61, 0.749, 0.779, 0.035771, 0.000192,1,1,0, 0.009097, 0.003853, 0.006582, 0.004433, 50.20, 0.749, 0.00, 0.000, 0.00, 0.000, 0.00, 0.000
25195,268778, 52.86, 49.82, 0.778, 0.808, 0.031869, 0.000134,1,1,0, 0.013608, 0.008946, 0.007590, 0.004921, 52.86, 0.778, 0.00, 0.000, 0.00, 0.000, 0.00, 0.000
25196,268789, 53.33, 51.29, 0.595, 0.647, 0.028474, 0.000094,1,1,0, 0.011046, 0.008011, 0.007330, 0.004998, 53.33, 0.595, 0.00, 0.000, 0.00, 0.000, 0.00, 0.000
25197,268800, 38.21, 45.80, 0.863, 0.863, 0.025630, 0.000066,1,1,0, 0.010997, 0.007838, 0.009933, 0.006483, 38.21, 0.863, 0.00, 0.000, 0.00, 0.000, 0.00, 0.000
25198,268810, 35.92, 41.65, 0.947, 0.947, 0.023098, 0.000046,1,1,0, 0.020174, 0.008642, 0.013758, 0.006576, 35.92, 0.947, 0.00, 0.000, 0.00, 0.000, 0.00, 0.000
25199,268821, 42.55, 42.03, 0.873, 0.909, 0.021549, 0.000032,1,1,0, 0.021843, 0.015557, 0.020696, 0.012225, 42.55, 0.873, 0.00, 0.000, 0.00, 0.000, 0.00, 0.000
25200,268832, 43.16, 42.50, 0.885, 0.917, 0.019773, 0.000022,1,1,0, 0.021966, 0.009399, 0.013823, 0.007844, 43.16, 0.885, 0.00, 0.000, 0.00, 0.000, 0.00, 0.000
25201,268842, 44.28, 43.25, 0.909, 0.934, 0.019325, 0.004701,1,1,0, 0.024964, 0.017468, 0.020489, 0.012544, 44.28, 0.909, 0.00, 0.000, 0.00, 0.000, 0.00, 0.000
25202,268853, 42.70, 43.02, 0.809, 0.862, 0.018624, 0.004542,1,1,0, 0.027946, 0.018069, 0.021689, 0.009874, 42.70, 0.809, 0.00, 0.000, 0.00, 0.000, 0.00, 0.000
25203,268864, 31.49, 38.18, 0.831, 0.831, 0.018926, 0.006536,1,1,0, 0.030240, 0.016331, 0.021105, 0.012607, 31.49, 0.831, 37.26, 0.787, 0.00, 0.000, 0.00, 0.000
25204,268874, 33.05, 36.02, 0.908, 0.916, 0.018611, 0.006405,1,1,0, 0.029805, 0.014376, 0.020170, 0.011178, 33.05, 0.908, 0.00, 0.000, 0.00, 0.000, 0.00, 0.000
25205,268885, 33.14, 34.81, 0.844, 0.887, 0.016956, 0.004488,1,1,0, 0.022397, 0.008381, 0.018450, 0.006739, 33.14, 0.844, 0.00, 0.000, 0.00, 0.000, 0.00, 0.000
25206,268896, 43.79, 38.58, 0.774, 0.774, 0.015396, 0.003145,1,1,0, 0.014267, 0.006123, 0.010800, 0.005308, 43.79, 0.774, 37.61, 0.558, 0.00, 0.000, 0.00, 0.000
25207,268906, 45.28, 41.40, 0.725, 0.729, 0.013794, 0.002204,1,1,0, 0.007571, 0.003758, 0.007629, 0.003243, 45.28, 0.725, 37.97, 0.073, 0.00, 0.000, 0.00, 0.000
25208,268917, 57.41, 41.40, 0.464, 0.656, 0.012514, 0.001544,1,1,0, 0.011772, 0.005323, 0.010413, 0.004529, 57.41, 0.464, 44.28, 0.333, 38.09, 0.175, 0.00, 0.000
25209,268928, 31.00, 37.03, 0.869, 0.869, 0.011394, 0.001082,1,1,0, 0.011378, 0.004657, 0.012513, 0.004893, 31.00, 0.869, 57.69, 0.361, 40.40, 0.263, 131.86, 0.225
25210,268938, 31.83, 34.84, 0.860, 0.864, 0.010664, 0.000758,1,1,0, 0.012075, 0.006857, 0.008526, 0.005910, 31.83, 0.860, 70.17, 0.435, 123.71, 0.260, 42.70, 0.251
25211,268949, 31.74, 33.54, 0.889, 0.920, 0.010209, 0.003281,1,1,0, 0.010068, 0.005949, 0.011316, 0.005360, 31.74, 0.889, 42.25, 0.637, 127.65, 0.401, 60.00, 0.391
25212,268960, 42.10, 32.75, 0.732, 0.674, 0.009846, 0.004225,1,1,0, 0.014949, 0.006712, 0.011103, 0.005263, 42.10, 0.732, 31.66, 0.604, 60.30, 0.573, 126.31, 0.437
25213,268970, 59.40, 43.94, 0.505, 0.514, 0.013131, 0.012422,1,1,0, 0.021145, 0.014195, 0.017004, 0.009154, 59.40, 0.505, 41.66, 0.352, 115.38, 0.304, 0.00, 0.000
25214,268981, 60.30, 43.94, 0.423, 0.463, 0.012233, 0.008705,1,1,0, 0.008344, 0.004226, 0.013538, 0.007080, 60.30, 0.423, 31.66, 0.301, 42.55, 0.128, 0.00, 0.000
25215,268992, 41.37, 42.86, 0.441, 0.478, 0.011011, 0.006100,1,1,0, 0.008965, 0.003979, 0.006608, 0.002984, 41.37, 0.441, 58.25, 0.262, 0.00, 0.000, 0.00, 0.000
25216,269002, 46.15, 44.24, 0.502, 0.526, 0.010102, 0.004275,1,1,0, 0.009763, 0.004635, 0.008977, 0.004501, 46.15, 0.502, 55.55, 0.376, 0.00, 0.000, 0.00, 0.000
25217,269013, 32.08, 39.14, 0.866, 0.869, 0.009710, 0.004450,1,1,0, 0.014877, 0.006964, 0.012078, 0.005088, 32.08, 0.866, 46.69, 0.350, 100.00, 0.211, 77.41, 0.037
25218,269024, 37.26, 39.14, 0.393, 0.782, 0.008888, 0.003118,1,1,0, 0.013272, 0.004538, 0.009545, 0.003691, 37.26, 0.393, 74.07, 0.340, 41.95, 0.294, 100.84, 0.267
25219,269034, 42.55, 40.57, 0.686, 0.723, 0.008917, 0.004327,1,1,0, 0.011735, 0.007143, 0.010755, 0.005693, 42.55, 0.686, 101.69, 0.204, 0.00, 0.000, 0.00, 0.000
25220,269045, 43.32, 41.72, 0.674, 0.720, 0.008805, 0.003032,1,1,0, 0.011960, 0.006805, 0.009939, 0.006192, 43.32, 0.674, 71.85, 0.206, 58.82, 0.126, 0.00, 0.000
25221,269056, 68.96, 53.16, 0.475, 0.478, 0.008002, 0.002125,1,1,0, 0.007882, 0.002967, 0.008336, 0.003247, 68.96, 0.475, 36.92, 0.001, 0.00, 0.000, 0.00, 0.000
25222,269066, 73.61, 53.16, 0.399, 0.430, 0.008705, 0.009227,1,1,0, 0.011858, 0.005918, 0.010948, 0.004945, 73.61, 0.399, 43.63, 0.285, 61.85, 0.133, 0.00, 0.000
25223,269077, 43.16, 48.96, 0.888, 0.891, 0.008239, 0.006466,1,1,0, 0.010900, 0.006548, 0.010346, 0.005201, 43.16, 0.888, 75.47, 0.338, 0.00, 0.000, 0.00, 0.000
25224,269088, 43.01, 46.46, 0.472, 0.491, 0.007612, 0.004531,1,1,0, 0.007535, 0.003291, 0.008630, 0.003828, 43.01, 0.472, 75.47, 0.401, 37.38, 0.136, 0.00, 0.000
25225,269098, 32.17, 58.25, 0.654, 0.632, 0.006971, 0.003175,1,1,0, 0.005826, 0.002955, 0.004931, 0.002790, 32.17, 0.654, 74.53, 0.621, 57.97, 0.238, 36.80, 0.096
25226,269109, 56.33, 57.44, 0.495, 0.545, 0.006522, 0.002225,1,1,0, 0.008487, 0.004396, 0.005948, 0.003648, 56.33, 0.495, 75.00, 0.330, 47.05, 0.073, 0.00, 0.000
25227,269120, 54.79, 56.33, 0.631, 0.673, 0.005966, 0.001559,1,1,0, 0.007131, 0.002903, 0.004819, 0.002505, 54.79, 0.631, 30.84, 0.476, 73.17, 0.345, 44.77, 0.300
25228,269130, 54.29, 55.47, 0.806, 0.860, 0.005844, 0.001774,1,1,0, 0.009371, 0.004896, 0.006497, 0.004152, 54.29, 0.806, 45.28, 0.293, 250.00, 0.039, 0.00, 0.000
25229,269141, 55.04, 55.29, 0.710, 0.791, 0.005681, 0.002718,1,1,0, 0.006633, 0.003133, 0.006870, 0.002880, 55.04, 0.710, 45.80, 0.428, 31.49, 0.342, 324.32, 0.068
25230,269152, 55.29, 55.29, 0.771, 0.835, 0.006076, 0.004007,1,1,0, 0.010926, 0.005457, 0.007691, 0.003568, 55.29, 0.771, 73.17, 0.212, 250.00, 0.149, 46.87, 0.110
25231,269162, 31.25, 55.19, 0.879, 0.792, 0.005604, 0.002808,1,1,0, 0.008781, 0.004438, 0.005562, 0.002913, 31.25, 0.879, 55.04, 0.711, 73.17, 0.513, 0.00, 0.000
25232,269173, 31.08, 55.34, 0.543, 0.546, 0.005370, 0.001968,1,1,0, 0.007137, 0.003529, 0.005958, 0.003163, 31.08, 0.543, 55.55, 0.464, 72.72, 0.455, 244.89, 0.197
25233,269184, 44.60, 55.34, 0.304, 0.491, 0.008306, 0.009075,1,1,0, 0.011797, 0.006883, 0.010542, 0.005506, 44.60, 0.304, 54.05, 0.112, 74.07, 0.031, 0.00, 0.000
25234,269194, 44.94, 50.97, 0.819, 0.823, 0.007785, 0.006360,1,1,0, 0.011098, 0.006357, 0.007802, 0.004680, 44.94, 0.819, 53.33, 0.419, 38.09, 0.294, 0.00, 0.000
25235,269205, 55.04, 52.68, 0.598, 0.647, 0.008099, 0.004942,1,1,0, 0.008612, 0.004330, 0.009766, 0.004757, 55.04, 0.598, 37.03, 0.189, 45.45, 0.183, 0.00, 0.000
25236,269216, 31.33, 54.21, 0.504, 0.532, 0.007433, 0.003463,1,1,0, 0.006180, 0.003309, 0.005684, 0.003122, 31.33, 0.504, 56.33, 0.487, 70.17, 0.338, 36.58, 0.204
25237,269226, 30.92, 54.21, 0.431, 0.478, 0.006792, 0.002427,1,1,0, 0.006685, 0.003235, 0.006220, 0.002853, 30.92, 0.431, 71.42, 0.371, 43.95, 0.275, 36.92, 0.042
25238,269237, 43.63, 49.77, 0.535, 0.540, 0.010176, 0.015410,1,1,0, 0.017243, 0.007349, 0.013629, 0.005512, 43.63, 0.535, 72.28, 0.354, 32.08, 0.292, 123.71, 0.105
25239,269248, 41.81, 46.43, 0.592, 0.598, 0.009887, 0.010799,1,1,0, 0.011794, 0.006059, 0.011358, 0.006025, 41.81, 0.592, 30.15, 0.569, 62.50, 0.300, 0.00, 0.000
25240,269258, 56.60, 46.43, 0.387, 0.538, 0.010810, 0.008101,1,1,0, 0.015060, 0.007627, 0.013126, 0.005622, 56.60, 0.387, 31.66, 0.385, 42.10, 0.366, 0.00, 0.000
25241,269269, 43.47, 45.19, 0.712, 0.751, 0.012418, 0.009173,1,1,0, 0.016716, 0.009862, 0.015063, 0.007663, 43.47, 0.712, 55.55, 0.256, 0.00, 0.000, 0.00, 0.000
25242,269280, 30.30, 43.18, 0.674, 0.682, 0.022866, 0.027320,1,1,0, 0.038938, 0.019038, 0.027580, 0.017231, 30.30, 0.674, 40.40, 0.660, 120.00, 0.244, 53.81, 0.030
25243,269290, 31.66, 38.34, 0.570, 0.573, 0.021036, 0.019145,1,1,0, 0.025228, 0.013526, 0.017052, 0.009706, 31.66, 0.570, 37.61, 0.455, 39.73, 0.432, 137.93, 0.117
25244,269301, 40.81, 39.38, 0.581, 0.620, 0.023395, 0.015343,1,1,0, 0.040503, 0.019657, 0.026637, 0.013844, 40.81, 0.581, 142.85, 0.151, 83.91, 0.034, 0.00, 0.000
25245,269312, 40.67, 39.92, 0.606, 0.662, 0.025279, 0.019428,1,1,0, 0.036352, 0.017920, 0.031405, 0.016245, 40.67, 0.606, 32.96, 0.008, 179.10, 0.003, 0.00, 0.000
25246,269322, 37.61, 38.95, 0.789, 0.827, 0.030228, 0.022529,1,1,0, 0.035554, 0.020343, 0.036264, 0.020631, 37.61, 0.789, 31.66, 0.540, 46.51, 0.516, 206.89, 0.393
25247,269333, 38.83, 38.90, 0.644, 0.724, 0.030902, 0.015788,1,1,0, 0.039175, 0.022444, 0.034807, 0.019565, 38.83, 0.644, 47.43, 0.414, 200.00, 0.305, 0.00, 0.000
25248,269344, 44.28, 37.97, 0.574, 0.578, 0.028662, 0.011064,1,1,0, 0.035223, 0.016775, 0.030829, 0.015407, 44.28, 0.574, 36.69, 0.535, 193.54, 0.492, 31.33, 0.217
25249,269354, 43.95, 40.48, 0.807, 0.817, 0.029103, 0.010532,1,1,0, 0.042387, 0.019967, 0.033414, 0.017387, 43.95, 0.807, 35.92, 0.493, 89.55, 0.381, 184.61, 0.367
25250,269365, 44.11, 42.01, 0.683, 0.727, 0.026466, 0.007380,1,1,0, 0.021552, 0.012289, 0.018500, 0.009983, 44.11, 0.683, 36.03, 0.509, 88.23, 0.270, 176.47, 0.241
25251,269376, 43.47, 42.62, 0.646, 0.710, 0.024590, 0.005172,1,1,0, 0.034945, 0.019426, 0.025053, 0.014234, 43.47, 0.646, 93.75, 0.180, 181.81, 0.177, 59.11, 0.067
25252,269386, 42.55, 42.59, 0.867, 0.904, 0.022874, 0.003624,1,1,0, 0.023075, 0.014548, 0.022479, 0.013164, 42.55, 0.867, 58.53, 0.041, 0.00, 0.000, 0.00, 0.000
25253,269397, 42.40, 42.51, 0.911, 0.936, 0.021319, 0.002540,1,1,0, 0.027136, 0.015069, 0.018387, 0.011839, 42.40, 0.911, 0.00, 0.000, 0.00, 0.000, 0.00, 0.000
25254,269408, 42.25, 42.40, 0.927, 0.947, 0.020518, 0.006328,1,1,0, 0.020498, 0.012044, 0.023458, 0.011086, 42.25, 0.927, 0.00, 0.000, 0.00, 0.000, 0.00, 0.000
25255,269418, 42.55, 42.46, 0.829, 0.877, 0.018653, 0.004434,1,1,0, 0.015972, 0.007265, 0.017574, 0.006785, 42.55, 0.829, 33.42, 0.084, 0.00, 0.000, 0.00, 0.000
25256,269429, 40.26, 41.54, 0.863, 0.901, 0.021504, 0.010543,1,1,0, 0.035437, 0.018244, 0.025758, 0.015497, 40.26, 0.863, 0.00, 0.000, 0.00, 0.000, 0.00, 0.000
25257,269440, 36.58, 41.41, 0.756, 0.815, 0.019324, 0.007388,1,1,0, 0.020856, 0.009719, 0.017177, 0.005808, 36.58, 0.756, 41.23, 0.744, 30.76, 0.070, 0.00, 0.000
25258,269450, 41.66, 41.52, 0.932, 0.951, 0.024978, 0.015860,1,1,0, 0.039833, 0.020366, 0.029377, 0.016772, 41.66, 0.932, 0.00, 0.000, 0.00, 0.000, 0.00, 0.000
25259,269461, 42.40, 41.89, 0.937, 0.955, 0.022958, 0.011114,1,1,0, 0.022822, 0.012515, 0.022893, 0.011100, 42.40, 0.937, 0.00, 0.000, 0.00, 0.000, 0.00, 0.000
25260,269472, 41.95, 41.91, 0.920, 0.942, 0.021085, 0.007789,1,1,0, 0.023980, 0.014802, 0.020715, 0.010608, 41.95, 0.920, 30.84, 0.250, 0.00, 0.000, 0.00, 0.000
25261,269482, 41.95, 41.93, 0.950, 0.964, 0.019419, 0.005458,1,1,0, 0.014524, 0.008927, 0.017726, 0.009084, 41.95, 0.950, 0.00, 0.000, 0.00, 0.000, 0.00, 0.000
25262,269493, 41.37, 41.70, 0.878, 0.912, 0.020994, 0.019194,1,1,0, 0.033561, 0.012555, 0.026483, 0.011017, 41.37, 0.878, 31.25, 0.210, 0.00, 0.000, 0.00, 0.000
25263,269504, 40.26, 41.09, 0.923, 0.945, 0.021619, 0.014008,1,1,0, 0.035541, 0.016001, 0.027389, 0.013174, 40.26, 0.923, 0.00, 0.000, 0.00, 0.000, 0.00, 0.000
25264,269514, 41.37, 41.21, 0.868, 0.905, 0.019332, 0.009816,1,1,0, 0.014997, 0.008850, 0.011526, 0.004254, 41.37, 0.868, 33.14, 0.629, 0.00, 0.000, 0.00, 0.000
25265,269525, 41.95, 41.52, 0.962, 0.972, 0.024574, 0.016095,1,1,0, 0.039099, 0.020708, 0.030064, 0.018046, 41.95, 0.962, 0.00, 0.000, 0.00, 0.000, 0.00, 0.000
25266,269536, 42.10, 41.77, 0.949, 0.963, 0.022011, 0.011279,1,1,0, 0.015685, 0.008008, 0.013687, 0.004970, 42.10, 0.949, 0.00, 0.000, 0.00, 0.000, 0.00, 0.000
25267,269546, 41.37, 41.60, 0.941, 0.958, 0.020532, 0.007904,1,1,0, 0.026630, 0.015549, 0.019929, 0.012231, 41.37, 0.941, 30.61, 0.314, 0.00, 0.000, 0.00, 0.000
25268,269557, 41.37, 41.51, 0.971, 0.979, 0.018675, 0.005539,1,1,0, 0.009793, 0.006888, 0.015901, 0.007103, 41.37, 0.971, 0.00, 0.000, 0.00, 0.000, 0.00, 0.000
25269,269568, 40.81, 41.21, 0.919, 0.941, 0.025156, 0.026005,1,1,0, 0.036227, 0.019280, 0.030389, 0.015363, 40.81, 0.919, 30.22, 0.636, 107.14, 0.021, 0.00, 0.000
25270,269578, 40.40, 40.87, 0.956, 0.968, 0.023203, 0.018224,1,1,0, 0.021466, 0.011470, 0.015291, 0.010376, 40.40, 0.956, 0.00, 0.000, 0.00, 0.000, 0.00, 0.000
25271,269589, 41.37, 41.08, 0.903, 0.930, 0.021376, 0.012771,1,1,0, 0.026895, 0.009889, 0.024157, 0.008139, 41.37, 0.903, 32.60, 0.414, 0.00, 0.000, 0.00, 0.000
25272,269600, 41.66, 41.33, 0.962, 0.973, 0.022189, 0.008949,1,1,0, 0.032970, 0.018779, 0.025335, 0.015586, 41.66, 0.962, 0.00, 0.000, 0.00, 0.000, 0.00, 0.000
25273,269610, 41.81, 41.53, 0.906, 0.932, 0.020173, 0.006271,1,1,0, 0.019461, 0.009593, 0.012417, 0.006960, 41.81, 0.906, 0.00, 0.000, 0.00, 0.000, 0.00, 0.000
25274,269621, 41.23, 41.40, 0.923, 0.944, 0.018867, 0.004395,1,1,0, 0.022839, 0.013218, 0.017058, 0.010867, 41.23, 0.923, 0.00, 0.000, 0.00, 0.000, 0.00, 0.000
25275,269632, 41.81, 41.57, 0.894, 0.924, 0.017071, 0.003080,1,1,0, 0.016818, 0.006653, 0.011583, 0.005565, 41.81, 0.894, 0.00, 0.000, 0.00, 0.000, 0.00, 0.000
25276,269642, 31.33, 41.98, 0.816, 0.856, 0.016173, 0.002451,1,1,0, 0.021991, 0.012185, 0.017442, 0.009409, 31.33, 0.816, 42.55, 0.800, 109.09, 0.144, 0.00, 0.000
25277,269653, 41.37, 41.73, 0.906, 0.932, 0.014880, 0.001718,1,1,0, 0.011641, 0.007024, 0.009088, 0.006254, 41.37, 0.906, 0.00, 0.000, 0.00, 0.000, 0.00, 0.000
25278,269664, 45.11, 43.15, 0.747, 0.790, 0.013662, 0.001204,1,1,0, 0.011614, 0.007358, 0.010084, 0.005879, 45.11, 0.747, 0.00, 0.000, 0.00, 0.000, 0.00, 0.000
25279,269674, 44.28, 43.62, 0.848, 0.890, 0.012539, 0.000843,1,1,0, 0.008860, 0.006695, 0.010436, 0.005574, 44.28, 0.848, 0.00, 0.000, 0.00, 0.000, 0.00, 0.000
25280,269685, 42.70, 43.23, 0.812, 0.864, 0.011256, 0.000591,1,1,0, 0.006260, 0.003088, 0.007015, 0.002871, 42.70, 0.812, 37.26, 0.632, 0.00, 0.000, 0.00, 0.000
25281,269696, 36.69, 42.88, 0.743, 0.644, 0.010044, 0.000414,1,1,0, 0.003813, 0.002387, 0.003739, 0.001869, 36.69, 0.743, 42.40, 0.562, 32.00, 0.277, 54.54, 0.159
25282,269706, 32.25, 38.42, 0.731, 0.734, 0.009086, 0.000290,1,1,0, 0.008810, 0.004155, 0.005570, 0.002829, 32.25, 0.731, 36.92, 0.667, 272.72, 0.381, 112.14, 0.105
25283,269717, 37.03, 37.84, 0.735, 0.798, 0.008316, 0.000203,1,1,0, 0.008578, 0.004449, 0.007141, 0.003578, 37.03, 0.735, 32.00, 0.492, 260.86, 0.377, 44.94, 0.322
25284,269728, 43.95, 37.55, 0.555, 0.556, 0.008566, 0.005276,1,1,0, 0.010784, 0.005557, 0.010347, 0.004425, 43.95, 0.555, 37.15, 0.479, 54.05, 0.478, 0.00, 0.000
25285,269738, 45.28, 40.79, 0.729, 0.739, 0.007975, 0.003697,1,1,0, 0.009839, 0.005790, 0.008296, 0.004525, 45.28, 0.729, 54.05, 0.595, 37.73, 0.093, 0.00, 0.000
25286,269749, 54.54, 46.57, 0.773, 0.783, 0.008208, 0.002743,1,1,0, 0.009118, 0.006183, 0.009269, 0.005915, 54.54, 0.773, 37.03, 0.046, 0.00, 0.000, 0.00, 0.000
25287,269760, 56.33, 46.57, 0.406, 0.704, 0.007635, 0.001922,1,1,0, 0.008940, 0.004674, 0.007873, 0.004382, 56.33, 0.406, 46.87, 0.373, 37.15, 0.131, 0.00, 0.000
25288,269770, 56.07, 46.57, 0.357, 0.634, 0.008894, 0.008619,1,1,0, 0.011317, 0.006048, 0.011357, 0.005777, 56.07, 0.357, 36.58, 0.330, 176.47, 0.290, 30.45, 0.239
25289,269781, 56.33, 50.67, 0.474, 0.489, 0.008535, 0.006040,1,1,0, 0.011405, 0.004906, 0.010310, 0.004569, 56.33, 0.474, 169.01, 0.453, 84.50, 0.281, 37.38, 0.020
25290,269792, 34.68, 43.95, 0.885, 0.885, 0.008384, 0.004232,1,1,0, 0.011662, 0.006292, 0.009523, 0.005490, 34.68, 0.885, 57.69, 0.680, 86.33, 0.623, 171.42, 0.595
25291,269802, 32.00, 38.93, 0.774, 0.776, 0.011622, 0.008603,1,1,0, 0.016100, 0.009211, 0.014262, 0.008665, 32.00, 0.774, 40.95, 0.509, 155.84, 0.376, 61.22, 0.217
25292,269813, 31.16, 39.16, 0.739, 0.585, 0.010662, 0.006028,1,1,0, 0.010714, 0.005533, 0.010134, 0.004603, 31.16, 0.739, 39.47, 0.508, 151.89, 0.279, 68.57, 0.210
25293,269824, 50.63, 38.76, 0.487, 0.542, 0.020289, 0.038343,1,1,0, 0.042444, 0.018220, 0.028185, 0.011689, 50.63, 0.487, 38.21, 0.485, 142.85, 0.353, 0.00, 0.000
25294,269834, 37.15, 38.08, 0.459, 0.506, 0.025355, 0.026870,1,1,0, 0.030927, 0.017416, 0.031573, 0.016180, 37.15, 0.459, 50.42, 0.402, 0.00, 0.000, 0.00, 0.000
25295,269845, 46.33, 38.08, 0.383, 0.455, 0.023348, 0.018830,1,1,0, 0.017853, 0.010423, 0.017830, 0.010744, 46.33, 0.383, 63.82, 0.248, 0.00, 0.000, 0.00, 0.000
25296,269856, 44.94, 40.96, 0.697, 0.700, 0.021320, 0.013195,1,1,0, 0.016579, 0.009667, 0.017930, 0.008770, 44.94, 0.697, 62.82, 0.311, 31.49, 0.099, 0.00, 0.000
25297,269866, 45.28, 42.77, 0.775, 0.804, 0.019003, 0.009247,1,1,0, 0.006631, 0.003621, 0.005272, 0.003081, 45.28, 0.775, 63.15, 0.238, 0.00, 0.000, 0.00, 0.000
25298,269877, 59.70, 49.88, 0.529, 0.539, 0.016990, 0.006480,1,1,0, 0.007890, 0.004021, 0.007358, 0.003550, 59.70, 0.529, 39.73, 0.188, 129.03, 0.124, 0.00, 0.000
25299,269888, 64.17, 55.88, 0.736, 0.743, 0.015181, 0.004541,1,1,0, 0.008034, 0.003572, 0.005222, 0.002974, 64.17, 0.736, 30.76, 0.613, 39.34, 0.271, 104.34, 0.034
25300,269898, 64.86, 59.65, 0.611, 0.622, 0.013582, 0.003182,1,1,0, 0.010928, 0.005902, 0.007711, 0.003252, 64.86, 0.611, 33.42, 0.557, 38.96, 0.330, 99.17, 0.326
25301,269909, 33.14, 62.14, 0.707, 0.739, 0.012177, 0.002230,1,1,0, 0.009335, 0.004187, 0.004087, 0.002537, 33.14, 0.707, 65.57, 0.702, 39.47, 0.324, 100.00, 0.081
25302,269920, 66.29, 63.88, 0.617, 0.672, 0.011009, 0.001562,1,1,0, 0.007169, 0.003845, 0.005755, 0.003247, 66.29, 0.617, 33.05, 0.429, 95.23, 0.242, 37.85, 0.108
25303,269930, 65.21, 64.44, 0.488, 0.556, 0.010013, 0.001095,1,1,0, 0.010636, 0.006226, 0.006332, 0.003719, 65.21, 0.488, 32.25, 0.330, 214.28, 0.324, 49.79, 0.158
25304,269941, 50.00, 58.37, 0.704, 0.708, 0.009149, 0.000767,1,1,0, 0.011185, 0.005643, 0.005569, 0.003346, 50.00, 0.704, 230.76, 0.362, 64.86, 0.316, 40.54, 0.315
25305,269952, 50.20, 54.94, 0.795, 0.802, 0.008286, 0.000537,1,1,0, 0.010859, 0.006530, 0.005570, 0.002821, 50.20, 0.795, 41.23, 0.503, 240.00, 0.380, 64.51, 0.178
25306,269962, 32.00, 45.30, 0.727, 0.733, 0.007673, 0.000376,1,1,0, 0.010535, 0.006503, 0.006231, 0.003696, 32.00, 0.727, 65.93, 0.503, 52.63, 0.232, 0.00, 0.000
25307,269973, 32.87, 40.08, 0.868, 0.879, 0.007190, 0.000264,1,1,0, 0.009009, 0.005891, 0.006531, 0.004140, 32.87, 0.868, 66.66, 0.740, 0.00, 0.000, 0.00, 0.000
25308,269984, 68.57, 40.08, 0.323, 0.791, 0.012227, 0.018547,1,1,0, 0.021112, 0.007635, 0.016138, 0.006657, 68.57, 0.323, 52.17, 0.244, 41.09, 0.232, 34.28, 0.213
25309,269994, 34.58, 40.08, 0.463, 0.712, 0.014575, 0.012997,1,1,0, 0.048520, 0.033885, 0.016191, 0.012196, 34.58, 0.463, 114.28, 0.411, 39.21, 0.333, 68.18, 0.164
25310,270005, 106.19, 40.40, 0.662, 0.662, 0.214389, 0.267282,1,1,1, 0.479093, 0.238930, 0.271334, 0.136776, 106.19, 0.662, 40.54, 0.589, 56.33, 0.585, 65.21, 0.572
25311,270016, 93.02, 40.40, 0.011, 0.596, 0.401110, 0.461945,1,1,0, 0.531341, 0.305085, 0.544116, 0.257730, 93.02, 0.011, 0.00, 0.000, 0.00, 0.000, 0.00, 0.000
25312,270026, 48.00, 45.72, 0.709, 0.749, 0.582818, 0.467951,1,1,0, 0.855078, 0.466370, 0.696531, 0.378442, 48.00, 0.709, 33.14, 0.672, 102.56, 0.068, 0.00, 0.000
25313,270037, 48.97, 48.00, 0.867, 0.904, 0.531904, 0.327931,1,1,0, 0.397642, 0.241795, 0.563213, 0.246117, 48.97, 0.867, 33.33, 0.099, 100.00, 0.043, 0.00, 0.000
25314,270048, 49.38, 48.96, 0.994, 0.995, 0.589000, 0.304085,1,1,0, 0.839001, 0.461979, 0.677521, 0.401445, 49.38, 0.994, 33.70, 0.243, 101.69, 0.073, 0.00, 0.000
25315,270058, 49.38, 49.25, 0.997, 0.998, 0.532933, 0.213096,1,1,0, 0.374967, 0.241162, 0.512310, 0.182615, 49.38, 0.997, 32.96, 0.112, 99.17, 0.068, 0.00, 0.000
25316,270069, 49.38, 49.34, 0.999, 0.999, 0.585334, 0.284893,1,1,0, 0.823246, 0.456433, 0.673725, 0.417469, 49.38, 0.999, 33.24, 0.155, 100.00, 0.078, 0.00, 0.000
25317,270080, 49.38, 49.37, 0.999, 0.999, 0.526088, 0.199647,1,1,0, 0.372407, 0.235661, 0.323833, 0.131879, 49.38, 0.999, 33.24, 0.113, 100.00, 0.059, 0.00, 0.000
25318,270090, 49.38, 49.37, 0.999, 0.999, 0.575172, 0.254375,1,1,0, 0.805802, 0.451594, 0.662274, 0.419300, 49.38, 0.999, 98.36, 0.031, 32.78, 0.029, 0.00, 0.000
25319,270101, 49.38, 49.38, 0.999, 0.999, 0.518331, 0.178261,1,1,0, 0.380283, 0.232458, 0.376082, 0.141485, 49.38, 0.999, 101.69, 0.009, 33.70, 0.003, 0.00, 0.000
25320,270112, 49.38, 49.38, 0.999, 0.999, 0.560404, 0.241019,1,1,0, 0.777701, 0.441138, 0.654915, 0.402988, 49.38, 0.999, 31.57, 0.041, 0.00, 0.000, 0.00, 0.000
25321,270122, 49.38, 49.38, 0.999, 0.999, 0.519095, 0.198110,1,1,0, 0.569267, 0.274526, 0.575757, 0.214465, 49.38, 0.999, 33.80, 0.021, 102.56, 0.000, 0.00, 0.000
25322,270133, 49.38, 49.38, 0.998, 0.999, 0.545774, 0.231812,1,1,0, 0.754229, 0.408569, 0.645994, 0.362065, 49.38, 0.998, 93.75, 0.011, 0.00, 0.000, 0.00, 0.000
25323,270144, 49.38, 49.38, 0.999, 0.999, 0.579528, 0.329078,1,1,0, 0.747252, 0.362303, 0.647194, 0.303166, 49.38, 0.999, 33.89, 0.058, 103.44, 0.012, 0.00, 0.000
25324,270154, 49.38, 49.38, 0.999, 0.999, 0.539834, 0.230611,1,1,0, 0.748646, 0.336678, 0.620637, 0.293977, 49.38, 0.999, 93.02, 0.014, 0.00, 0.000, 0.00, 0.000
25325,270165, 49.58, 49.46, 0.999, 0.999, 0.580519, 0.292571,1,1,0, 0.736732, 0.431795, 0.639133, 0.351700, 49.58, 0.999, 34.09, 0.045, 0.00, 0.000, 0.00, 0.000
25326,270176, 49.38, 49.43, 0.999, 0.999, 0.531539, 0.205028,1,1,0, 0.640047, 0.247308, 0.428887, 0.236121, 49.38, 0.999, 0.00, 0.000, 0.00, 0.000, 0.00, 0.000
25327,270186, 49.38, 49.41, 0.999, 0.999, 0.572653, 0.269730,1,1,0, 0.724385, 0.461423, 0.633410, 0.361439, 49.38, 0.999, 34.18, 0.006, 0.00, 0.000, 0.00, 0.000
25328,270197, 49.58, 49.48, 0.999, 0.999, 0.523437, 0.189022,1,1,0, 0.426419, 0.195248, 0.412672, 0.223029, 49.58, 0.999, 31.25, 0.029, 0.00, 0.000, 0.00, 0.000
25329,270208, 49.38, 49.44, 0.999, 0.999, 0.561492, 0.254069,1,1,0, 0.703539, 0.456500, 0.629271, 0.357379, 49.38, 0.999, 34.09, 0.033, 0.00, 0.000, 0.00, 0.000
25330,270218, 49.38, 49.41, 0.999, 0.999, 0.515908, 0.178046,1,1,0, 0.503004, 0.227108, 0.386869, 0.234032, 49.38, 0.999, 32.78, 0.031, 98.36, 0.018, 0.00, 0.000
25331,270229, 49.38, 49.40, 0.999, 0.999, 0.559586, 0.259218,1,1,0, 0.694640, 0.437885, 0.634230, 0.365188, 49.38, 0.999, 33.42, 0.147, 100.84, 0.049, 0.00, 0.000
25332,270240, 49.58, 49.48, 0.999, 0.999, 0.513999, 0.181654,1,1,0, 0.522092, 0.280683, 0.368932, 0.227450, 49.58, 0.999, 33.33, 0.167, 100.00, 0.061, 0.00, 0.000
25333,270250, 49.58, 49.52, 0.999, 0.999, 0.554485, 0.242341,1,1,0, 0.681615, 0.408939, 0.629817, 0.371566, 49.58, 0.999, 33.05, 0.178, 99.17, 0.060, 0.00, 0.000
25334,270261, 49.58, 49.55, 0.999, 0.999, 0.506264, 0.169828,1,1,0, 0.529386, 0.300073, 0.333355, 0.201963, 49.58, 0.999, 33.70, 0.178, 102.56, 0.049, 0.00, 0.000
25335,270272, 49.58, 49.56, 0.999, 0.999, 0.545508, 0.227857,1,1,0, 0.665584, 0.387709, 0.624082, 0.373967, 49.58, 0.999, 32.52, 0.082, 97.56, 0.021, 0.00, 0.000
25336,270282, 49.58, 49.57, 0.999, 0.999, 0.497498, 0.159677,1,1,0, 0.544084, 0.303653, 0.351944, 0.198434, 49.58, 0.999, 34.18, 0.127, 103.44, 0.021, 0.00, 0.000
25337,270293, 49.58, 49.57, 0.999, 0.999, 0.530890, 0.208519,1,1,0, 0.640675, 0.376099, 0.614702, 0.363098, 49.58, 0.999, 31.57, 0.067, 95.23, 0.007, 0.00, 0.000
25338,270304, 49.58, 49.58, 0.999, 0.999, 0.496693, 0.188805,1,1,0, 0.566282, 0.325619, 0.550692, 0.249217, 49.58, 0.999, 34.18, 0.102, 104.34, 0.018, 0.00, 0.000
25339,270314, 49.58, 49.58, 0.999, 0.999, 0.521161, 0.211909,1,1,0, 0.637480, 0.362847, 0.614219, 0.332930, 49.58, 0.999, 30.22, 0.355, 93.02, 0.025, 0.00, 0.000
25340,270325, 49.58, 49.58, 0.999, 0.999, 0.550452, 0.277905,1,1,0, 0.615491, 0.378963, 0.608208, 0.322211, 49.58, 0.999, 34.18, 0.094, 104.34, 0.022, 0.00, 0.000
25341,270336, 49.58, 49.58, 0.999, 0.999, 0.511394, 0.194750,1,1,0, 0.630814, 0.309579, 0.590147, 0.264812, 49.58, 0.999, 92.30, 0.030, 0.00, 0.000, 0.00, 0.000
25342,270346, 49.38, 49.50, 0.999, 0.999, 0.552027, 0.269463,1,1,0, 0.620769, 0.429761, 0.604584, 0.366927, 49.38, 0.999, 33.99, 0.069, 103.44, 0.010, 0.00, 0.000
25343,270357, 49.38, 49.45, 0.999, 0.999, 0.502059, 0.188834,1,1,0, 0.615719, 0.230145, 0.463311, 0.195895, 49.38, 0.999, 93.02, 0.012, 0.00, 0.000, 0.00, 0.000
25344,270368, 49.38, 49.42, 0.999, 0.999, 0.550339, 0.263340,1,1,0, 0.619907, 0.470639, 0.604847, 0.391112, 49.38, 0.999, 0.00, 0.000, 0.00, 0.000, 0.00, 0.000
25345,270378, 49.18, 49.32, 0.999, 0.999, 0.499288, 0.184543,1,1,0, 0.502562, 0.174407, 0.350882, 0.174927, 49.18, 0.999, 30.92, 0.046, 0.00, 0.000, 0.00, 0.000
25346,270389, 49.79, 49.51, 0.990, 0.993, 0.580806, 0.321743,1,1,0, 0.695027, 0.503612, 0.648884, 0.415665, 49.79, 0.990, 33.70, 0.025, 101.69, 0.004, 0.00, 0.000
25347,270400, 50.20, 49.80, 0.984, 0.988, 0.534956, 0.225471,1,1,0, 0.690196, 0.302676, 0.485355, 0.255969, 50.20, 0.984, 0.00, 0.000, 0.00, 0.000, 0.00, 0.000
25348,270410, 51.94, 50.70, 0.983, 0.987, 0.571200, 0.207206,1,1,0, 0.662984, 0.419303, 0.636797, 0.374193, 51.94, 0.983, 34.28, 0.168, 102.56, 0.006, 0.00, 0.000
25349,270421, 52.17, 51.32, 0.998, 0.999, 0.526428, 0.145206,1,1,0, 0.698459, 0.372585, 0.505499, 0.265883, 52.17, 0.998, 35.08, 0.067, 0.00, 0.000, 0.00, 0.000
25350,270432, 52.17, 51.68, 0.998, 0.998, 0.542290, 0.145668,1,1,0, 0.624460, 0.343109, 0.609463, 0.352706, 52.17, 0.998, 33.80, 0.070, 0.00, 0.000, 0.00, 0.000
25351,270442, 52.17, 51.88, 0.998, 0.998, 0.537246, 0.173151,1,1,0, 0.708588, 0.406594, 0.586770, 0.342847, 52.17, 0.998, 36.03, 0.143, 110.09, 0.008, 0.00, 0.000
25352,270453, 52.17, 52.00, 0.997, 0.998, 0.514943, 0.131226,1,1,0, 0.589512, 0.308114, 0.600868, 0.269220, 52.17, 0.997, 32.52, 0.072, 0.00, 0.000, 0.00, 0.000
25353,270464, 51.94, 51.98, 0.998, 0.999, 0.572547, 0.202290,1,1,0, 0.740230, 0.489663, 0.618290, 0.431375, 51.94, 0.998, 0.00, 0.000, 0.00, 0.000, 0.00, 0.000
25354,270474, 51.94, 51.96, 0.998, 0.998, 0.523656, 0.260263,1,1,0, 0.675134, 0.230224, 0.598091, 0.185113, 51.94, 0.998, 0.00, 0.000, 0.00, 0.000, 0.00, 0.000
25355,270485, 52.86, 52.34, 0.986, 0.990, 0.660823, 0.407443,1,1,0, 0.967805, 0.569506, 0.754370, 0.494843, 52.86, 0.986, 35.82, 0.029, 0.00, 0.000, 0.00, 0.000
25356,270496, 53.81, 52.96, 0.953, 0.966, 0.654440, 0.285527,1,1,0, 0.903343, 0.452917, 0.725125, 0.342719, 53.81, 0.953, 0.00, 0.000, 0.00, 0.000, 0.00, 0.000
25357,270506, 55.29, 53.94, 0.989, 0.992, 0.618255, 0.200092,1,1,0, 0.592716, 0.348342, 0.683342, 0.363984, 55.29, 0.989, 36.36, 0.022, 0.00, 0.000, 0.00, 0.000
25358,270517, 55.29, 54.51, 0.997, 0.998, 0.650040, 0.316458,1,1,0, 0.903105, 0.491579, 0.742062, 0.436971, 55.29, 0.997, 36.92, 0.034, 0.00, 0.000, 0.00, 0.000
25359,270528, 55.04, 54.73, 0.988, 0.992, 0.589898, 0.221767,1,1,0, 0.564713, 0.302666, 0.610633, 0.236452, 55.04, 0.988, 35.71, 0.031, 0.00, 0.000, 0.00, 0.000
25360,270538, 56.33, 55.40, 0.976, 0.983, 0.736776, 0.660488,1,1,0, 1.000000, 0.628712, 0.950209, 0.567898, 56.33, 0.976, 37.97, 0.000, 0.00, 0.000, 0.00, 0.000
25361,270549, 57.69, 56.36, 0.972, 0.979, 0.792342, 0.575181,1,1,0, 1.000000, 0.558027, 0.934312, 0.433944, 57.69, 0.972, 0.00, 0.000, 0.00, 0.000, 0.00, 0.000
25362,270560, 58.25, 57.15, 0.992, 0.994, 0.728503, 0.403075,1,1,0, 0.594248, 0.363367, 0.713741, 0.382773, 58.25, 0.992, 0.00, 0.000, 0.00, 0.000, 0.00, 0.000
25363,270570, 58.25, 57.61, 0.998, 0.998, 0.784296, 0.407079,1,1,0, 1.000000, 0.611157, 0.919804, 0.560928, 58.25, 0.998, 0.00, 0.000, 0.00, 0.000, 0.00, 0.000
25364,270581, 58.53, 58.00, 0.988, 0.991, 0.844308, 0.664024,1,1,0, 1.000000, 0.500125, 0.988215, 0.426992, 58.53, 0.988, 0.00, 0.000, 0.00, 0.000, 0.00, 0.000
25365,270592, 59.40, 58.59, 0.991, 0.994, 0.779785, 0.465334,1,1,0, 1.000000, 0.473307, 0.730511, 0.425217, 59.40, 0.991, 0.00, 0.000, 0.00, 0.000, 0.00, 0.000
25366,270602, 30.30, 59.43, 0.995, 0.984, 0.844337, 0.558970,1,1,0, 1.000000, 0.633575, 1.010529, 0.579696, 30.30, 0.995, 60.60, 0.978, 0.00, 0.000, 0.00, 0.000
25367,270613, 61.53, 60.32, 0.995, 0.996, 0.870598, 0.584030,1,1,0, 1.000000, 0.488038, 1.000310, 0.426815, 61.53, 0.995, 30.84, 0.986, 0.00, 0.000, 0.00, 0.000
25368,270624, 61.85, 60.96, 0.998, 0.999, 0.805561, 0.409276,1,1,0, 1.000000, 0.501219, 0.823188, 0.442629, 61.85, 0.998, 30.84, 0.998, 0.00, 0.000, 0.00, 0.000
25369,270634, 30.84, 61.20, 0.998, 0.998, 0.849048, 0.490964,1,1,0, 1.000000, 0.615414, 0.998977, 0.556192, 30.84, 0.998, 61.53, 0.998, 0.00, 0.000, 0.00, 0.000
25370,270645, 61.53, 61.34, 0.998, 0.998, 0.868351, 0.663296,1,1,0, 1.000000, 0.448971, 1.020655, 0.400858, 61.53, 0.998, 30.76, 0.993, 0.00, 0.000, 0.00, 0.000
25371,270656, 30.69, 61.42, 0.998, 0.998, 0.817140, 0.464825,1,1,0, 1.000000, 0.533919, 0.955020, 0.474643, 30.69, 0.998, 61.53, 0.998, 0.00, 0.000, 0.00, 0.000
25372,270666, 61.53, 61.47, 0.997, 0.998, 0.882108, 0.635916,1,1,0, 1.000000, 0.628752, 1.062525, 0.560343, 61.53, 0.997, 30.76, 0.997, 0.00, 0.000, 0.00, 0.000
25373,270677, 31.49, 48.88, 0.987, 0.991, 0.906778, 0.522860,1,1,0, 1.000000, 0.494760, 1.024840, 0.453360, 31.49, 0.987, 62.50, 0.973, 0.00, 0.000, 0.00, 0.000
25374,270688, 31.57, 41.61, 0.994, 0.995, 0.841411, 0.366410,1,1,0, 1.000000, 0.522147, 0.902841, 0.458185, 31.57, 0.994, 63.82, 0.976, 0.00, 0.000, 0.00, 0.000
25375,270698, 32.43, 37.75, 0.997, 0.998, 0.876431, 0.401280,1,1,0, 1.000000, 0.629422, 0.996758, 0.581372, 32.43, 0.997, 64.86, 0.995, 0.00, 0.000, 0.00, 0.000
25376,270709, 65.21, 49.29, 0.998, 0.999, 0.887029, 0.410843,1,1,0, 1.000000, 0.579999, 0.980698, 0.493828, 65.21, 0.998, 32.60, 0.997, 0.00, 0.000, 0.00, 0.000
25377,270720, 65.21, 55.98, 0.998, 0.999, 0.814660, 0.287910,1,1,0, 0.999026, 0.401078, 0.667347, 0.353225, 65.21, 0.998, 32.60, 0.996, 0.00, 0.000, 0.00, 0.000
25378,270730, 65.21, 59.85, 0.998, 0.999, 0.831803, 0.290171,1,1,0, 1.000000, 0.588089, 0.940616, 0.560620, 65.21, 0.998, 32.60, 0.997, 0.00, 0.000, 0.00, 0.000
25379,270741, 65.21, 62.11, 0.998, 0.999, 0.852298, 0.324902,1,1,0, 1.000000, 0.609536, 0.918960, 0.502450, 65.21, 0.998, 32.60, 0.997, 0.00, 0.000, 0.00, 0.000
25380,270752, 65.21, 63.41, 0.998, 0.999, 0.783174, 0.227685,1,1,0, 0.723648, 0.374606, 0.570193, 0.334758, 65.21, 0.998, 32.52, 0.994, 0.00, 0.000, 0.00, 0.000
25381,270762, 65.21, 64.17, 0.999, 0.999, 0.811436, 0.225300,1,1,0, 1.000000, 0.559776, 0.928714, 0.548843, 65.21, 0.999, 32.52, 0.998, 0.00, 0.000, 0.00, 0.000
25382,270773, 65.21, 64.61, 0.999, 0.999, 0.852189, 0.430109,1,1,0, 1.000000, 0.613289, 0.980139, 0.526259, 65.21, 0.999, 32.60, 0.997, 0.00, 0.000, 0.00, 0.000
25383,270784, 65.93, 65.16, 0.983, 0.987, 0.823247, 0.301412,1,1,0, 0.915736, 0.453950, 0.896297, 0.433385, 65.93, 0.983, 33.05, 0.977, 0.00, 0.000, 0.00, 0.000
25384,270794, 33.24, 51.75, 0.995, 0.996, 0.790467, 0.211223,1,1,0, 1.000000, 0.513133, 0.912340, 0.449020, 33.24, 0.995, 66.66, 0.980, 0.00, 0.000, 0.00, 0.000
25385,270805, 34.09, 44.33, 0.996, 0.997, 0.812606, 0.269590,1,1,0, 1.000000, 0.581834, 0.910434, 0.543604, 34.09, 0.996, 68.18, 0.992, 0.00, 0.000, 0.00, 0.000
25386,270816, 68.96, 54.68, 0.998, 0.999, 0.826540, 0.299329,1,1,0, 1.000000, 0.595914, 0.913904, 0.499555, 68.96, 0.998, 34.48, 0.997, 0.00, 0.000, 0.00, 0.000
25387,270826, 68.96, 60.68, 0.998, 0.999, 0.766159, 0.209763,1,1,0, 0.803310, 0.387619, 0.747755, 0.368989, 68.96, 0.998, 34.48, 0.996, 0.00, 0.000, 0.00, 0.000
25388,270837, 68.96, 64.16, 0.998, 0.999, 0.781560, 0.306299,1,1,0, 1.000000, 0.518623, 0.929454, 0.486346, 68.96, 0.998, 34.48, 0.997, 0.00, 0.000, 0.00, 0.000
25389,270848, 68.96, 66.17, 0.998, 0.998, 0.819454, 0.454279,1,1,0, 1.000000, 0.585836, 0.966667, 0.533070, 68.96, 0.998, 34.48, 0.996, 0.00, 0.000, 0.00, 0.000
25390,270858, 68.96, 67.34, 0.998, 0.999, 0.855922, 0.541657,1,1,0, 1.000000, 0.597998, 0.984495, 0.516658, 68.96, 0.998, 34.48, 0.996, 0.00, 0.000, 0.00, 0.000
25391,270869, 69.36, 68.19, 0.993, 0.995, 0.788358, 0.379582,1,1,0, 0.810164, 0.387004, 0.598217, 0.333242, 69.36, 0.993, 34.68, 0.989, 0.00, 0.000, 0.00, 0.000
25392,270880, 34.88, 54.20, 0.995, 0.996, 0.797386, 0.311723,1,1,0, 1.000000, 0.527150, 0.942380, 0.507623, 34.88, 0.995, 69.76, 0.990, 0.00, 0.000, 0.00, 0.000
25393,270890, 35.92, 46.52, 0.995, 0.997, 0.815088, 0.337395,1,1,0, 1.000000, 0.575280, 0.939478, 0.528219, 35.92, 0.995, 71.85, 0.984, 0.00, 0.000, 0.00, 0.000
25394,270901, 72.72, 57.53, 0.994, 0.996, 0.827235, 0.398091,1,1,0, 1.000000, 0.581434, 0.939107, 0.501561, 72.72, 0.994, 36.36, 0.992, 0.00, 0.000, 0.00, 0.000
25395,270912, 73.17, 64.10, 0.998, 0.999, 0.800553, 0.472232,1,1,0, 0.969601, 0.449973, 0.935611, 0.431051, 73.17, 0.998, 36.47, 0.998, 0.00, 0.000, 0.00, 0.000
25396,270922, 72.72, 67.72, 0.998, 0.999, 0.790052, 0.362795,1,1,0, 1.000000, 0.529543, 0.960732, 0.447452, 72.72, 0.998, 36.47, 0.997, 0.00, 0.000, 0.00, 0.000
25397,270933, 72.72, 69.82, 0.998, 0.999, 0.815081, 0.447946,1,1,0, 1.000000, 0.485649, 0.984404, 0.481668, 72.72, 0.998, 36.47, 0.996, 0.00, 0.000, 0.00, 0.000
25398,270944, 36.92, 56.00, 0.994, 0.995, 0.809918, 0.313912,1,1,0, 1.000000, 0.560322, 0.904911, 0.501516, 36.92, 0.994, 74.07, 0.986, 0.00, 0.000, 0.00, 0.000
25399,270954, 75.47, 64.18, 0.978, 0.984, 0.832952, 0.419739,1,1,0, 1.000000, 0.585148, 0.946443, 0.520687, 75.47, 0.978, 37.85, 0.968, 0.00, 0.000, 0.00, 0.000
25400,270965, 76.43, 69.32, 0.991, 0.993, 0.831425, 0.470176,1,1,0, 1.000000, 0.483812, 0.950618, 0.461404, 76.43, 0.991, 38.33, 0.990, 0.00, 0.000, 0.00, 0.000
25401,270976, 77.41, 72.72, 0.998, 0.998, 0.782843, 0.329490,1,1,0, 1.000000, 0.487758, 0.928712, 0.401708, 77.41, 0.998, 38.70, 0.997, 0.00, 0.000, 0.00, 0.000
25402,270986, 77.41, 74.69, 0.998, 0.998, 0.808801, 0.412463,1,1,0, 1.000000, 0.512175, 0.979194, 0.496751, 77.41, 0.998, 38.58, 0.996, 0.00, 0.000, 0.00, 0.000
25403,270997, 77.41, 75.84, 0.996, 0.997, 0.835942, 0.450571,1,1,0, 1.000000, 0.568805, 0.994254, 0.532364, 77.41, 0.996, 38.70, 0.995, 0.00, 0.000, 0.00, 0.000
25404,271008, 79.47, 77.36, 0.972, 0.980, 0.853878, 0.433582,1,1,0, 1.000000, 0.606379, 0.995069, 0.548726, 79.47, 0.972, 39.60, 0.970, 0.00, 0.000, 0.00, 0.000
25405,271018, 81.08, 78.92, 0.981, 0.986, 0.864878, 0.395615,1,1,0, 1.000000, 0.605029, 0.984442, 0.541252, 81.08, 0.981, 40.54, 0.972, 0.00, 0.000, 0.00, 0.000
25406,271029, 82.19, 80.29, 0.998, 0.999, 0.882012, 0.423071,1,1,0, 1.000000, 0.598214, 0.989045, 0.550089, 82.19, 0.998, 40.95, 0.998, 0.00, 0.000, 0.00, 0.000
25407,271040, 82.19, 81.09, 0.997, 0.998, 0.912622, 0.584802,1,1,0, 1.000000, 0.549234, 1.043543, 0.517851, 82.19, 0.997, 40.95, 0.995, 0.00, 0.000, 0.00, 0.000
25408,271050, 82.75, 81.79, 0.979, 0.985, 0.865962, 0.409817,1,1,0, 1.000000, 0.592692, 0.958756, 0.529124, 82.75, 0.979, 41.23, 0.973, 0.00, 0.000, 0.00, 0.000
25409,271061, 84.50, 82.93, 0.969, 0.978, 0.874142, 0.394995,1,1,0, 1.000000, 0.625280, 1.054136, 0.557658, 84.50, 0.969, 42.25, 0.967, 0.00, 0.000, 0.00, 0.000
25410,271072, 86.33, 84.35, 0.987, 0.991, 0.882466, 0.375842,1,1,0, 1.000000, 0.644110, 1.048734, 0.587265, 86.33, 0.987, 43.16, 0.979, 0.00, 0.000, 0.00, 0.000
25411,271082, 86.95, 85.45, 0.999, 0.999, 0.892439, 0.373767,1,1,0, 1.000000, 0.628803, 1.048563, 0.589750, 86.95, 0.999, 43.32, 0.997, 0.00, 0.000, 0.00, 0.000
25412,271093, 86.95, 86.08, 0.998, 0.999, 0.905235, 0.424758,1,1,0, 1.000000, 0.603086, 1.068445, 0.572920, 86.95, 0.998, 43.32, 0.998, 0.00, 0.000, 0.00, 0.000
25413,271104, 86.95, 86.44, 0.997, 0.997, 0.917638, 0.466542,1,1,0, 1.000000, 0.627214, 1.083781, 0.585008, 86.95, 0.997, 43.32, 0.995, 0.00, 0.000, 0.00, 0.000
25414,271114, 87.59, 86.92, 0.986, 0.990, 0.911655, 0.335540,1,1,0, 1.000000, 0.635881, 1.044169, 0.589345, 87.59, 0.986, 43.79, 0.980, 0.00, 0.000, 0.00, 0.000
25415,271125, 89.55, 88.03, 0.983, 0.988, 0.913096, 0.400104,1,1,0, 1.000000, 0.648885, 1.059670, 0.600972, 89.55, 0.983, 44.77, 0.975, 0.00, 0.000, 0.00, 0.000
25416,271136, 90.90, 89.23, 0.997, 0.997, 0.914911, 0.411999,1,1,0, 1.000000, 0.646299, 1.063347, 0.596428, 90.90, 0.997, 30.37, 0.996, 45.62, 0.995, 0.00, 0.000
25417,271146, 91.60, 90.23, 0.999, 0.999, 0.917757, 0.426742,1,1,0, 1.000000, 0.649960, 1.069252, 0.600372, 91.60, 0.999, 45.80, 0.998, 30.61, 0.998, 0.00, 0.000
25418,271157, 91.60, 90.80, 0.999, 0.999, 0.922097, 0.443525,1,1,0, 1.000000, 0.649351, 1.075773, 0.598504, 91.60, 0.999, 45.97, 0.999, 30.61, 0.998, 0.00, 0.000
25419,271168, 91.60, 91.14, 0.999, 0.999, 0.925945, 0.436757,1,1,0, 1.000000, 0.648599, 1.078037, 0.597009, 91.60, 0.999, 45.97, 0.998, 30.61, 0.998, 0.00, 0.000
25420,271178, 91.60, 91.33, 0.999, 0.999, 0.936043, 0.453061,1,1,0, 1.000000, 0.662787, 1.089965, 0.611925, 91.60, 0.999, 45.97, 0.998, 30.61, 0.998, 0.00, 0.000
25421,271189, 91.60, 91.44, 0.998, 0.999, 0.945949, 0.471443,1,1,0, 1.000000, 0.671248, 1.100669, 0.616180, 91.60, 0.998, 45.97, 0.997, 30.61, 0.995, 0.00, 0.000
25422,271200, 30.92, 66.02, 0.992, 0.994, 0.941915, 0.363847,1,1,0, 1.000000, 0.681236, 1.070520, 0.638324, 30.92, 0.992, 93.02, 0.991, 46.33, 0.988, 0.00, 0.000
25423,271210, 31.49, 51.52, 0.992, 0.994, 0.933395, 0.301097,1,1,0, 1.000000, 0.682096, 1.047814, 0.640265, 31.49, 0.992, 94.48, 0.983, 47.24, 0.973, 0.00, 0.000
25424,271221, 32.17, 70.52, 0.996, 0.995, 0.926717, 0.293998,1,1,0, 1.000000, 0.674972, 1.042477, 0.631133, 32.17, 0.996, 96.77, 0.994, 48.38, 0.992, 0.00, 0.000
25425,271232, 48.58, 81.55, 0.998, 0.998, 0.936992, 0.355495,1,1,0, 1.000000, 0.708367, 1.063669, 0.658982, 48.58, 0.998, 96.77, 0.998, 32.34, 0.998, 0.00, 0.000
25426,271242, 32.60, 88.27, 0.993, 0.994, 0.949281, 0.344170,1,1,0, 1.000000, 0.758461, 1.064325, 0.701030, 32.60, 0.993, 97.56, 0.992, 48.78, 0.990, 0.00, 0.000
25427,271253, 33.33, 65.20, 0.984, 0.988, 0.939596, 0.241188,1,1,0, 1.000000, 0.728253, 1.031613, 0.665417, 33.33, 0.984, 100.00, 0.982, 50.00, 0.966, 0.00, 0.000
25428,271264, 101.69, 80.52, 0.991, 0.994, 0.920403, 0.169019,1,1,0, 1.000000, 0.685226, 1.001940, 0.641187, 101.69, 0.991, 34.09, 0.990, 51.28, 0.988, 0.00, 0.000
25429,271274, 34.28, 89.78, 0.999, 0.999, 0.919804, 0.191316,1,1,0, 1.000000, 0.706655, 0.982416, 0.680548, 34.28, 0.999, 102.56, 0.999, 51.50, 0.998, 0.00, 0.000
25430,271285, 103.44, 95.52, 0.998, 0.998, 0.945604, 0.323007,1,1,0, 1.000000, 0.729627, 1.024066, 0.693295, 103.44, 0.998, 51.50, 0.997, 34.28, 0.997, 0.00, 0.000
25431,271296, 103.44, 98.85, 0.954, 0.967, 0.867098, 0.226357,1,1,0, 1.000000, 0.405492, 0.889439, 0.382670, 103.44, 0.954, 51.94, 0.926, 34.58, 0.900, 0.00, 0.000
25432,271306, 105.26, 101.54, 0.927, 0.947, 0.771157, 0.158626,1,1,0, 0.249055, 0.148340, 0.236228, 0.128365, 105.26, 0.927, 34.88, 0.833, 52.40, 0.796, 0.00, 0.000
25433,271317, 106.19, 103.49, 0.849, 0.891, 0.685825, 0.111162,1,1,0, 0.217615, 0.109792, 0.177487, 0.102391, 106.19, 0.849, 54.05, 0.522, 40.40, 0.010, 0.00, 0.000
25434,271328, 31.33, 73.18, 0.840, 0.840, 0.607629, 0.077900,1,1,0, 0.159535, 0.077556, 0.181916, 0.076298, 31.33, 0.840, 42.25, 0.802, 113.20, 0.578, 0.00, 0.000
25435,271338, 33.05, 69.69, 0.491, 0.469, 0.547366, 0.054590,1,1,0, 0.231930, 0.157384, 0.241426, 0.139461, 33.05, 0.491, 64.86, 0.445, 41.23, 0.374, 125.00, 0.183
25436,271349, 30.15, 57.27, 0.901, 0.896, 0.490755, 0.038256,1,1,0, 0.228331, 0.116397, 0.178230, 0.104928, 30.15, 0.901, 40.13, 0.879, 59.11, 0.725, 120.00, 0.629
25437,271360, 39.60, 57.56, 0.770, 0.791, 0.436795, 0.026809,1,1,0, 0.173570, 0.075225, 0.128733, 0.067186, 39.60, 0.770, 57.97, 0.710, 118.81, 0.540, 0.00, 0.000
25438,271370, 39.73, 57.85, 0.810, 0.817, 0.389096, 0.018787,1,1,0, 0.174831, 0.069448, 0.128648, 0.064333, 39.73, 0.810, 58.25, 0.746, 116.50, 0.688, 0.00, 0.000
25439,271381, 35.92, 57.90, 0.796, 0.590, 0.344568, 0.013165,1,1,0, 0.079251, 0.046113, 0.095659, 0.042385, 35.92, 0.796, 57.97, 0.497, 111.11, 0.484, 0.00, 0.000
25440,271392, 32.87, 47.39, 0.970, 0.970, 0.308460, 0.009226,1,1,0, 0.164669, 0.079413, 0.137695, 0.066412, 32.87, 0.970, 108.10, 0.359, 47.24, 0.320, 0.00, 0.000
25441,271402, 34.18, 47.39, 0.327, 0.873, 0.278778, 0.006465,1,1,0, 0.202746, 0.094876, 0.156643, 0.082291, 34.18, 0.327, 47.05, 0.252, 121.21, 0.240, 0.00, 0.000
25442,271413, 39.21, 43.95, 0.664, 0.668, 0.256612, 0.004530,1,1,0, 0.197245, 0.123464, 0.222170, 0.119219, 39.21, 0.664, 57.69, 0.606, 113.20, 0.352, 0.00, 0.000
25443,271424, 38.83, 41.80, 0.746, 0.768, 0.233778, 0.003175,1,1,0, 0.169111, 0.092863, 0.144307, 0.084241, 38.83, 0.746, 56.60, 0.671, 115.38, 0.547, 0.00, 0.000
25444,271434, 57.41, 40.71, 0.719, 0.763, 0.213472, 0.002225,1,1,0, 0.153348, 0.088683, 0.133299, 0.080154, 57.41, 0.719, 39.21, 0.707, 114.28, 0.608, 0.00, 0.000
25445,271445, 39.60, 40.25, 0.753, 0.822, 0.192976, 0.001559,1,1,0, 0.097254, 0.061322, 0.091953, 0.056805, 39.60, 0.753, 58.25, 0.716, 117.64, 0.696, 0.00, 0.000
25446,271456, 35.71, 38.34, 0.712, 0.734, 0.172923, 0.001092,1,1,0, 0.061752, 0.039007, 0.079920, 0.038501, 35.71, 0.712, 112.14, 0.430, 57.97, 0.408, 0.00, 0.000
25447,271466, 32.87, 36.04, 0.927, 0.927, 0.156812, 0.000765,1,1,0, 0.128794, 0.062064, 0.104776, 0.053357, 32.87, 0.927, 109.09, 0.285, 51.06, 0.281, 0.00, 0.000
25448,271477, 35.19, 36.04, 0.292, 0.834, 0.151148, 0.035996,1,1,0, 0.210364, 0.112634, 0.160806, 0.082515, 35.19, 0.292, 47.05, 0.194, 114.28, 0.074, 0.00, 0.000
25449,271488, 57.14, 37.59, 0.608, 0.618, 0.173840, 0.125812,1,1,0, 0.184209, 0.113871, 0.218603, 0.120631, 57.14, 0.608, 39.73, 0.584, 114.28, 0.440, 0.00, 0.000
25450,271498, 56.60, 38.01, 0.626, 0.641, 0.159533, 0.088167,1,1,0, 0.145450, 0.070173, 0.115812, 0.067403, 56.60, 0.626, 38.58, 0.582, 114.28, 0.560, 0.00, 0.000
25451,271509, 39.08, 38.46, 0.783, 0.844, 0.149591, 0.061785,1,1,0, 0.139675, 0.092102, 0.122003, 0.086189, 39.08, 0.783, 57.41, 0.766, 115.38, 0.647, 0.00, 0.000
25452,271520, 38.70, 38.56, 0.808, 0.862, 0.138214, 0.043298,1,1,0, 0.123529, 0.073709, 0.106794, 0.065735, 38.70, 0.808, 114.28, 0.765, 57.41, 0.749, 0.00, 0.000
25453,271530, 113.20, 69.91, 0.506, 0.519, 0.124273, 0.030342,1,1,0, 0.068381, 0.039923, 0.064179, 0.030951, 113.20, 0.506, 32.00, 0.414, 33.70, 0.387, 57.69, 0.333
25454,271541, 33.61, 54.66, 0.685, 0.693, 0.112495, 0.021263,1,1,0, 0.083255, 0.048747, 0.075723, 0.039241, 33.61, 0.685, 105.26, 0.399, 46.69, 0.347, 0.00, 0.000
25455,271552, 54.79, 54.66, 0.280, 0.624, 0.157403, 0.145512,1,1,0, 0.192946, 0.113327, 0.191241, 0.099740, 54.79, 0.280, 36.69, 0.256, 41.37, 0.252, 46.69, 0.235
25456,271562, 40.13, 54.93, 0.545, 0.542, 0.150904, 0.101972,1,1,0, 0.165215, 0.090492, 0.185532, 0.084849, 40.13, 0.545, 55.29, 0.480, 113.20, 0.328, 0.00, 0.000
25457,271573, 37.26, 55.74, 0.713, 0.684, 0.139838, 0.071460,1,1,0, 0.137364, 0.070887, 0.111583, 0.070312, 37.26, 0.713, 56.87, 0.632, 114.28, 0.504, 0.00, 0.000
25458,271584, 38.83, 56.56, 0.813, 0.843, 0.131357, 0.050077,1,1,0, 0.143977, 0.086468, 0.112883, 0.078390, 38.83, 0.813, 57.69, 0.782, 114.28, 0.675, 0.00, 0.000
25459,271594, 113.20, 80.35, 0.803, 0.829, 0.123103, 0.035093,1,1,0, 0.150239, 0.074160, 0.133750, 0.070150, 113.20, 0.803, 38.09, 0.731, 57.41, 0.682, 0.00, 0.000
25460,271605, 110.09, 92.84, 0.550, 0.568, 0.110847, 0.024592,1,1,0, 0.078908, 0.043072, 0.064029, 0.031278, 110.09, 0.550, 55.55, 0.462, 32.69, 0.292, 37.03, 0.261
25461,271616, 34.58, 68.67, 0.538, 0.551, 0.100753, 0.017234,1,1,0, 0.083677, 0.051693, 0.076331, 0.037033, 34.58, 0.538, 35.29, 0.538, 107.14, 0.306, 54.29, 0.207
25462,271626, 53.33, 62.23, 0.487, 0.497, 0.141188, 0.096621,1,1,0, 0.172453, 0.108934, 0.165578, 0.100767, 53.33, 0.487, 40.81, 0.268, 0.00, 0.000, 0.00, 0.000
25463,271637, 53.33, 58.49, 0.528, 0.541, 0.129494, 0.067710,1,1,0, 0.096288, 0.056528, 0.094269, 0.054763, 53.33, 0.528, 30.37, 0.484, 110.09, 0.311, 41.09, 0.201
25464,271648, 37.38, 57.92, 0.749, 0.687, 0.126208, 0.047450,1,1,0, 0.161877, 0.086009, 0.135162, 0.076808, 37.38, 0.749, 57.14, 0.637, 113.20, 0.500, 0.00, 0.000
25465,271658, 38.70, 80.26, 0.833, 0.777, 0.118859, 0.033252,1,1,0, 0.142844, 0.078166, 0.110058, 0.074373, 38.70, 0.833, 111.11, 0.752, 57.97, 0.740, 0.00, 0.000
25466,271669, 109.09, 92.37, 0.673, 0.695, 0.127750, 0.064767,1,1,0, 0.179545, 0.081197, 0.157671, 0.075800, 109.09, 0.673, 37.15, 0.619, 55.81, 0.533, 0.00, 0.000
25467,271680, 55.04, 76.69, 0.565, 0.579, 0.116633, 0.045387,1,1,0, 0.081090, 0.052915, 0.080726, 0.043273, 55.04, 0.565, 109.09, 0.446, 37.15, 0.428, 0.00, 0.000
25468,271690, 36.80, 59.94, 0.633, 0.645, 0.104905, 0.031806,1,1,0, 0.080766, 0.041411, 0.067742, 0.025836, 36.80, 0.633, 56.33, 0.347, 105.26, 0.233, 0.00, 0.000
25469,271701, 53.57, 57.26, 0.484, 0.510, 0.125657, 0.075186,1,1,0, 0.171243, 0.096402, 0.146685, 0.090310, 53.57, 0.484, 36.69, 0.184, 41.37, 0.156, 0.00, 0.000
25470,271712, 48.58, 53.61, 0.629, 0.629, 0.114067, 0.052689,1,1,0, 0.066572, 0.040505, 0.071266, 0.038391, 48.58, 0.629, 105.26, 0.388, 33.70, 0.356, 0.00, 0.000
25471,271722, 37.97, 47.04, 0.751, 0.756, 0.119038, 0.059449,1,1,0, 0.149056, 0.085173, 0.137597, 0.079179, 37.97, 0.751, 57.14, 0.567, 112.14, 0.458, 0.00, 0.000
25472,271733, 38.70, 43.54, 0.831, 0.843, 0.133149, 0.089722,1,1,0, 0.167109, 0.097336, 0.153581, 0.089052, 38.70, 0.831, 112.14, 0.762, 57.41, 0.741, 0.00, 0.000
25473,271744, 111.11, 71.92, 0.547, 0.564, 0.121758, 0.062875,1,1,0, 0.148853, 0.055415, 0.120786, 0.047542, 111.11, 0.547, 55.81, 0.533, 37.97, 0.423, 0.00, 0.000
25474,271754, 55.29, 64.94, 0.647, 0.662, 0.112235, 0.044061,1,1,0, 0.098873, 0.058183, 0.099340, 0.051484, 55.29, 0.647, 37.03, 0.540, 108.10, 0.454, 0.00, 0.000
25475,271765, 37.15, 53.26, 0.692, 0.704, 0.122254, 0.094674,1,1,0, 0.161030, 0.071317, 0.143980, 0.061744, 37.15, 0.692, 55.81, 0.512, 107.14, 0.241, 0.00, 0.000
25476,271776, 50.42, 52.07, 0.474, 0.520, 0.121217, 0.066345,1,1,0, 0.150594, 0.073392, 0.142517, 0.069298, 50.42, 0.474, 102.56, 0.255, 36.69, 0.155, 0.00, 0.000
25477,271786, 34.98, 44.89, 0.685, 0.700, 0.109715, 0.046493,1,1,0, 0.112366, 0.038909, 0.090023, 0.034496, 34.98, 0.685, 53.09, 0.467, 104.34, 0.418, 0.00, 0.000
25478,271797, 37.73, 41.88, 0.837, 0.842, 0.107259, 0.032581,1,1,0, 0.125737, 0.075522, 0.117059, 0.070801, 37.73, 0.837, 57.41, 0.493, 107.14, 0.408, 0.00, 0.000
25479,271808, 110.09, 70.53, 0.682, 0.706, 0.125817, 0.086319,1,1,0, 0.160406, 0.094910, 0.148012, 0.082617, 110.09, 0.682, 38.58, 0.647, 56.60, 0.599, 0.00, 0.000
25480,271818, 55.04, 64.02, 0.506, 0.518, 0.114757, 0.060491,1,1,0, 0.102120, 0.047351, 0.065770, 0.039507, 55.04, 0.506, 111.11, 0.467, 38.70, 0.346, 0.00, 0.000
25481,271829, 37.38, 52.83, 0.682, 0.696, 0.108813, 0.042391,1,1,0, 0.124101, 0.061646, 0.119045, 0.060357, 37.38, 0.682, 55.55, 0.653, 109.09, 0.347, 0.00, 0.000
25482,271840, 37.38, 53.76, 0.644, 0.691, 0.106832, 0.039540,1,1,0, 0.127290, 0.074909, 0.118146, 0.062095, 37.38, 0.644, 55.04, 0.632, 107.14, 0.108, 0.00, 0.000
25483,271850, 52.17, 53.09, 0.646, 0.714, 0.104849, 0.041613,1,1,0, 0.118479, 0.050205, 0.126063, 0.053913, 52.17, 0.646, 104.34, 0.425, 33.61, 0.105, 0.00, 0.000
25484,271861, 54.05, 53.49, 0.650, 0.725, 0.096762, 0.029161,1,1,0, 0.113310, 0.056503, 0.093706, 0.048362, 54.05, 0.650, 36.03, 0.549, 107.14, 0.519, 0.00, 0.000
25485,271872, 37.15, 54.91, 0.791, 0.745, 0.088624, 0.020436,1,1,0, 0.066159, 0.035634, 0.076612, 0.039517, 37.15, 0.791, 56.87, 0.694, 107.14, 0.503, 0.00, 0.000
25486,271882, 55.55, 55.18, 0.858, 0.898, 0.110744, 0.096540,1,1,0, 0.151326, 0.081657, 0.137405, 0.073150, 55.55, 0.858, 110.09, 0.528, 37.26, 0.479, 0.00, 0.000
25487,271893, 54.54, 54.91, 0.895, 0.924, 0.100584, 0.067653,1,1,0, 0.098882, 0.047520, 0.065018, 0.034547, 54.54, 0.895, 36.14, 0.584, 109.09, 0.528, 0.00, 0.000
25488,271904, 54.54, 54.76, 0.810, 0.863, 0.092572, 0.047410,1,1,0, 0.089441, 0.044239, 0.099811, 0.045215, 54.54, 0.810, 37.38, 0.607, 112.14, 0.411, 0.00, 0.000
25489,271914, 55.04, 54.88, 0.840, 0.884, 0.093897, 0.033224,1,1,0, 0.115318, 0.069551, 0.102975, 0.064266, 55.04, 0.840, 38.09, 0.529, 111.11, 0.305, 0.00, 0.000
25490,271925, 55.04, 54.94, 0.793, 0.851, 0.084913, 0.023282,1,1,0, 0.072948, 0.030568, 0.073608, 0.026375, 55.04, 0.793, 37.15, 0.467, 111.11, 0.342, 0.00, 0.000
25491,271936, 55.29, 55.09, 0.919, 0.941, 0.085805, 0.030578,1,1,0, 0.104080, 0.058700, 0.095902, 0.056517, 55.29, 0.919, 36.03, 0.633, 110.09, 0.485, 0.00, 0.000
25492,271946, 55.81, 55.39, 0.858, 0.897, 0.077409, 0.021428,1,1,0, 0.048750, 0.026761, 0.048468, 0.022082, 55.81, 0.858, 37.03, 0.636, 112.14, 0.590, 0.00, 0.000
25493,271957, 57.69, 56.36, 0.842, 0.886, 0.071181, 0.015016,1,1,0, 0.071662, 0.036003, 0.064409, 0.034662, 57.69, 0.842, 38.09, 0.682, 114.28, 0.594, 0.00, 0.000
25494,271968, 58.82, 57.39, 0.936, 0.954, 0.065258, 0.010523,1,1,0, 0.052899, 0.030688, 0.045022, 0.026967, 58.82, 0.936, 39.21, 0.523, 118.81, 0.518, 0.00, 0.000
25495,271978, 59.70, 58.36, 0.837, 0.882, 0.058755, 0.007374,1,1,0, 0.043777, 0.023526, 0.034365, 0.017261, 59.70, 0.837, 30.92, 0.706, 41.52, 0.327, 123.71, 0.215
25496,271989, 60.30, 59.17, 0.840, 0.885, 0.052996, 0.005167,1,1,0, 0.031096, 0.013723, 0.024190, 0.014512, 60.30, 0.840, 43.95, 0.135, 0.00, 0.000, 0.00, 0.000
25497,272000, 31.08, 60.57, 0.886, 0.883, 0.047206, 0.003621,1,1,0, 0.012281, 0.006492, 0.009829, 0.007250, 31.08, 0.886, 62.50, 0.838, 0.00, 0.000, 0.00, 0.000
25498,272010, 56.87, 60.57, 0.351, 0.795, 0.049447, 0.035508,1,1,0, 0.058509, 0.031497, 0.057546, 0.027856, 56.87, 0.351, 0.00, 0.000, 0.00, 0.000, 0.00, 0.000
25499,272021, 51.28, 56.67, 0.479, 0.479, 0.044318, 0.024883,1,1,0, 0.031308, 0.011870, 0.029712, 0.009987, 51.28, 0.479, 0.00, 0.000, 0.00, 0.000, 0.00, 0.000
25500,272032, 64.51, 56.67, 0.452, 0.431, 0.040174, 0.017438,1,1,0, 0.027061, 0.017271, 0.027299, 0.013234, 64.51, 0.452, 0.00, 0.000, 0.00, 0.000, 0.00, 0.000
25501,272042, 65.57, 60.41, 0.817, 0.831, 0.037073, 0.012220,1,1,0, 0.027193, 0.016383, 0.020483, 0.015980, 65.57, 0.817, 32.17, 0.815, 0.00, 0.000, 0.00, 0.000
25502,272053, 31.57, 61.84, 0.871, 0.893, 0.033910, 0.008563,1,1,0, 0.033528, 0.018004, 0.021738, 0.012699, 31.57, 0.871, 63.82, 0.852, 0.00, 0.000, 0.00, 0.000
25503,272064, 31.49, 49.09, 0.940, 0.957, 0.030937, 0.006001,1,1,0, 0.025808, 0.010867, 0.021124, 0.012221, 31.49, 0.940, 63.15, 0.930, 0.00, 0.000, 0.00, 0.000
25504,272074, 64.51, 55.57, 0.956, 0.968, 0.028596, 0.004205,1,1,0, 0.027285, 0.015080, 0.019212, 0.012964, 64.51, 0.956, 32.17, 0.940, 0.00, 0.000, 0.00, 0.000
25505,272085, 32.25, 45.78, 0.965, 0.975, 0.026001, 0.002947,1,1,0, 0.024913, 0.013760, 0.014629, 0.008761, 32.25, 0.965, 64.51, 0.951, 0.00, 0.000, 0.00, 0.000
25506,272096, 64.51, 53.65, 0.944, 0.960, 0.023699, 0.002065,1,1,0, 0.016802, 0.008129, 0.017885, 0.009573, 64.51, 0.944, 31.57, 0.943, 0.00, 0.000, 0.00, 0.000
25507,272106, 63.49, 57.78, 0.963, 0.973, 0.022116, 0.001447,1,1,0, 0.021341, 0.013982, 0.017940, 0.011925, 63.49, 0.963, 31.57, 0.959, 0.00, 0.000, 0.00, 0.000
25508,272117, 62.82, 59.90, 0.909, 0.935, 0.020141, 0.001014,1,1,0, 0.019424, 0.011841, 0.010661, 0.006918, 62.82, 0.909, 0.00, 0.000, 0.00, 0.000, 0.00, 0.000
25509,272128, 30.53, 61.26, 0.929, 0.935, 0.018568, 0.000710,1,1,0, 0.027779, 0.021768, 0.013148, 0.008362, 30.53, 0.929, 63.15, 0.910, 0.00, 0.000, 0.00, 0.000
25510,272138, 30.92, 62.06, 0.972, 0.942, 0.017560, 0.000498,1,1,0, 0.026764, 0.015368, 0.014657, 0.011127, 30.92, 0.972, 63.15, 0.919, 0.00, 0.000, 0.00, 0.000
25511,272149, 31.83, 49.36, 0.890, 0.906, 0.015835, 0.000349,1,1,0, 0.026335, 0.017426, 0.009353, 0.004415, 31.83, 0.890, 63.82, 0.845, 0.00, 0.000, 0.00, 0.000
25512,272160, 151.89, 49.36, 0.557, 0.816, 0.243403, 0.791467,1,1,1, 0.683294, 0.194958, 0.469767, 0.130292, 151.89, 0.557, 43.16, 0.320, 61.22, 0.059, 0.00, 0.000
25513,272170, 47.05, 49.36, 0.303, 0.734, 0.627284, 0.811369,1,1,0, 0.792527, 0.537984, 0.848058, 0.432277, 47.05, 0.303, 0.00, 0.000, 0.00, 0.000, 0.00, 0.000
25514,272181, 36.36, 40.26, 0.851, 0.886, 0.791736, 0.753791,1,1,0, 0.999999, 0.578289, 0.953361, 0.475996, 36.36, 0.851, 51.50, 0.703, 106.19, 0.110, 0.00, 0.000
25515,272192, 49.38, 46.64, 0.840, 0.884, 0.731690, 0.528242,1,1,0, 0.999999, 0.427635, 0.759121, 0.402373, 49.38, 0.840, 98.36, 0.054, 0.00, 0.000, 0.00, 0.000
25516,272202, 48.97, 48.27, 0.976, 0.982, 0.786952, 0.502398,1,1,0, 0.999999, 0.637911, 0.912925, 0.481996, 48.97, 0.976, 33.99, 0.255, 101.69, 0.074, 0.00, 0.000
25517,272213, 49.58, 49.19, 0.994, 0.996, 0.721822, 0.352070,1,1,0, 0.625957, 0.312370, 0.748048, 0.371442, 49.58, 0.994, 97.56, 0.044, 32.25, 0.043, 0.00, 0.000
25518,272224, 49.58, 49.46, 0.999, 0.999, 0.772548, 0.437214,1,1,0, 0.999999, 0.639906, 0.896945, 0.484010, 49.58, 0.999, 34.28, 0.156, 103.44, 0.059, 0.00, 0.000
25519,272234, 49.58, 49.55, 0.999, 0.999, 0.709043, 0.306391,1,1,0, 0.553281, 0.319535, 0.726771, 0.365845, 49.58, 0.999, 32.43, 0.128, 97.56, 0.057, 0.00, 0.000
25520,272245, 49.38, 49.43, 0.999, 0.999, 0.767885, 0.387023,1,1,0, 0.999999, 0.628173, 0.884323, 0.520522, 49.38, 0.999, 33.89, 0.217, 102.56, 0.086, 0.00, 0.000
25521,272256, 49.38, 49.39, 0.998, 0.999, 0.701258, 0.271218,1,1,0, 0.592229, 0.351465, 0.692092, 0.306115, 49.38, 0.998, 32.60, 0.190, 97.56, 0.091, 0.00, 0.000
25522,272266, 49.38, 49.39, 0.999, 0.999, 0.764171, 0.346766,1,1,0, 0.999999, 0.614284, 0.869737, 0.547760, 49.38, 0.999, 33.51, 0.222, 100.84, 0.091, 0.00, 0.000
25523,272277, 49.38, 49.38, 0.999, 0.999, 0.692281, 0.243006,1,1,0, 0.606111, 0.354421, 0.542856, 0.237017, 49.38, 0.999, 32.69, 0.143, 98.36, 0.060, 0.00, 0.000
25524,272288, 49.38, 49.38, 0.999, 0.999, 0.761486, 0.320875,1,1,0, 0.999999, 0.611683, 0.863865, 0.565184, 49.38, 0.999, 33.33, 0.079, 100.84, 0.025, 0.00, 0.000
25525,272298, 49.38, 49.38, 0.999, 0.999, 0.687612, 0.224863,1,1,0, 0.618593, 0.342857, 0.386224, 0.199403, 49.38, 0.999, 0.00, 0.000, 0.00, 0.000, 0.00, 0.000
25526,272309, 49.38, 49.38, 0.999, 0.999, 0.755483, 0.290150,1,1,0, 0.999999, 0.614234, 0.857045, 0.567763, 49.38, 0.999, 0.00, 0.000, 0.00, 0.000, 0.00, 0.000
25527,272320, 49.38, 49.38, 0.999, 0.999, 0.687148, 0.203331,1,1,0, 0.643989, 0.360241, 0.704258, 0.252680, 49.38, 0.999, 0.00, 0.000, 0.00, 0.000, 0.00, 0.000
25528,272330, 49.38, 49.38, 0.999, 0.999, 0.746875, 0.269916,1,1,0, 0.999999, 0.597180, 0.854169, 0.536872, 49.38, 0.999, 0.00, 0.000, 0.00, 0.000, 0.00, 0.000
25529,272341, 49.38, 49.38, 0.999, 0.999, 0.752841, 0.370880,1,1,0, 0.914563, 0.443902, 0.855534, 0.365494, 49.38, 0.999, 0.00, 0.000, 0.00, 0.000, 0.00, 0.000
25530,272352, 49.38, 49.38, 0.999, 0.999, 0.738089, 0.259905,1,1,0, 0.999999, 0.540513, 0.856409, 0.468533, 49.38, 0.999, 0.00, 0.000, 0.00, 0.000, 0.00, 0.000
25531,272362, 49.38, 49.38, 0.999, 0.999, 0.779859, 0.335210,1,1,0, 0.989238, 0.542687, 0.844350, 0.451804, 49.38, 0.999, 0.00, 0.000, 0.00, 0.000, 0.00, 0.000
25532,272373, 49.38, 49.38, 0.999, 0.999, 0.721877, 0.234908,1,1,0, 0.993672, 0.433350, 0.742947, 0.378124, 49.38, 0.999, 0.00, 0.000, 0.00, 0.000, 0.00, 0.000
25533,272384, 49.38, 49.38, 0.999, 0.999, 0.771697, 0.329787,1,1,0, 0.986062, 0.623496, 0.837570, 0.498503, 49.38, 0.999, 0.00, 0.000, 0.00, 0.000, 0.00, 0.000
25534,272394, 49.38, 49.38, 0.999, 0.999, 0.707790, 0.231108,1,1,0, 0.894422, 0.305479, 0.540703, 0.311790, 49.38, 0.999, 0.00, 0.000, 0.00, 0.000, 0.00, 0.000
25535,272405, 49.38, 49.38, 0.999, 0.999, 0.753509, 0.299049,1,1,0, 0.964446, 0.649510, 0.822541, 0.503240, 49.38, 0.999, 0.00, 0.000, 0.00, 0.000, 0.00, 0.000
25536,272416, 49.38, 49.38, 0.999, 0.999, 0.691685, 0.209568,1,1,0, 0.647753, 0.258108, 0.509949, 0.301212, 49.38, 0.999, 0.00, 0.000, 0.00, 0.000, 0.00, 0.000
25537,272426, 49.38, 49.38, 0.999, 0.999, 0.743248, 0.301918,1,1,0, 0.960074, 0.631965, 0.818985, 0.501440, 49.38, 0.999, 33.80, 0.048, 0.00, 0.000, 0.00, 0.000
25538,272437, 49.38, 49.38, 0.999, 0.999, 0.685137, 0.211578,1,1,0, 0.719991, 0.333804, 0.496862, 0.317256, 49.38, 0.999, 32.78, 0.044, 0.00, 0.000, 0.00, 0.000
25539,272448, 49.38, 49.38, 0.999, 0.999, 0.728706, 0.270744,1,1,0, 0.938678, 0.584091, 0.804772, 0.496467, 49.38, 0.999, 33.42, 0.114, 0.00, 0.000, 0.00, 0.000
25540,272458, 49.38, 49.38, 0.999, 0.999, 0.670425, 0.189732,1,1,0, 0.731989, 0.387932, 0.473067, 0.295025, 49.38, 0.999, 33.24, 0.120, 100.00, 0.000, 0.00, 0.000
25541,272469, 49.38, 49.38, 0.999, 0.999, 0.733662, 0.274170,1,1,0, 0.910001, 0.553080, 0.824583, 0.508069, 49.38, 0.999, 33.05, 0.087, 0.00, 0.000, 0.00, 0.000
25542,272480, 49.38, 49.38, 0.998, 0.998, 0.671657, 0.192133,1,1,0, 0.814054, 0.425962, 0.523517, 0.277474, 49.38, 0.998, 33.70, 0.103, 0.00, 0.000, 0.00, 0.000
25543,272490, 49.58, 49.46, 0.996, 0.997, 0.735881, 0.294898,1,1,0, 0.901852, 0.522721, 0.832645, 0.508335, 49.58, 0.996, 0.00, 0.000, 0.00, 0.000, 0.00, 0.000
25544,272501, 50.00, 49.69, 0.990, 0.993, 0.688117, 0.240385,1,1,0, 0.934079, 0.474486, 0.756869, 0.353292, 50.00, 0.990, 34.28, 0.043, 0.00, 0.000, 0.00, 0.000
25545,272512, 50.42, 49.99, 0.989, 0.992, 0.723154, 0.241883,1,1,0, 0.826704, 0.492709, 0.836647, 0.467117, 50.42, 0.989, 0.00, 0.000, 0.00, 0.000, 0.00, 0.000
25546,272522, 50.84, 50.35, 0.989, 0.992, 0.788211, 0.337084,1,1,0, 1.000000, 0.595106, 0.852237, 0.519623, 50.84, 0.989, 0.00, 0.000, 0.00, 0.000, 0.00, 0.000
25547,272533, 51.28, 50.74, 0.992, 0.994, 0.721044, 0.236221,1,1,0, 0.861390, 0.386861, 0.768638, 0.324637, 51.28, 0.992, 0.00, 0.000, 0.00, 0.000, 0.00, 0.000
25548,272544, 52.17, 51.34, 0.996, 0.997, 0.770200, 0.253366,1,1,0, 1.000000, 0.689033, 0.836160, 0.582844, 52.17, 0.996, 0.00, 0.000, 0.00, 0.000, 0.00, 0.000
25549,272554, 52.40, 51.78, 0.995, 0.997, 0.740033, 0.386845,1,1,0, 1.000000, 0.351998, 0.836771, 0.321051, 52.40, 0.995, 0.00, 0.000, 0.00, 0.000, 0.00, 0.000
25550,272565, 52.17, 51.95, 0.996, 0.997, 0.749439, 0.271093,1,1,0, 1.000000, 0.647023, 0.824625, 0.538221, 52.17, 0.996, 0.00, 0.000, 0.00, 0.000, 0.00, 0.000
25551,272576, 52.17, 52.04, 0.996, 0.997, 0.752073, 0.374779,1,1,0, 1.000000, 0.523234, 0.847459, 0.416603, 52.17, 0.996, 0.00, 0.000, 0.00, 0.000, 0.00, 0.000
25552,272586, 52.17, 52.09, 0.997, 0.998, 0.729028, 0.262638,1,1,0, 0.775586, 0.492514, 0.792925, 0.482739, 52.17, 0.997, 0.00, 0.000, 0.00, 0.000, 0.00, 0.000
25553,272597, 51.94, 52.03, 0.997, 0.998, 0.744986, 0.438656,1,1,0, 1.000000, 0.563710, 0.869784, 0.439697, 51.94, 0.997, 35.50, 0.055, 0.00, 0.000, 0.00, 0.000
25554,272608, 51.94, 51.99, 0.997, 0.998, 0.719613, 0.307401,1,1,0, 0.764507, 0.459758, 0.796595, 0.452515, 51.94, 0.997, 33.70, 0.032, 0.00, 0.000, 0.00, 0.000
25555,272618, 52.40, 52.16, 0.994, 0.996, 0.836799, 0.560147,1,1,0, 1.000000, 0.678464, 0.942823, 0.608845, 52.40, 0.994, 36.47, 0.063, 0.00, 0.000, 0.00, 0.000
25556,272629, 53.33, 52.65, 0.954, 0.967, 0.773841, 0.538080,1,1,0, 0.995885, 0.370992, 0.927734, 0.301018, 53.33, 0.954, 0.00, 0.000, 0.00, 0.000, 0.00, 0.000
25557,272640, 55.29, 53.76, 0.989, 0.992, 0.800316, 0.427920,1,1,0, 1.000000, 0.704747, 0.962830, 0.609428, 55.29, 0.989, 0.00, 0.000, 0.00, 0.000, 0.00, 0.000
25558,272650, 55.29, 54.41, 0.996, 0.997, 0.831295, 0.615952,1,1,0, 1.000000, 0.585008, 0.980144, 0.465199, 55.29, 0.996, 36.69, 0.015, 0.00, 0.000, 0.00, 0.000
25559,272661, 55.29, 54.78, 0.995, 0.997, 0.772475, 0.431647,1,1,0, 0.721938, 0.434653, 0.814522, 0.456706, 55.29, 0.995, 0.00, 0.000, 0.00, 0.000, 0.00, 0.000
25560,272672, 55.29, 55.00, 0.997, 0.998, 0.828941, 0.589058,1,1,0, 1.000000, 0.643260, 0.996699, 0.568940, 55.29, 0.997, 37.38, 0.089, 112.14, 0.041, 0.00, 0.000
25561,272682, 55.04, 55.01, 0.995, 0.996, 0.753447, 0.412799,1,1,0, 0.733857, 0.398133, 0.794225, 0.317790, 55.04, 0.995, 35.82, 0.162, 107.14, 0.070, 0.00, 0.000
25562,272693, 55.29, 55.13, 0.993, 0.995, 0.838244, 0.623471,1,1,0, 1.000000, 0.721351, 1.046461, 0.656245, 55.29, 0.993, 37.38, 0.032, 112.14, 0.019, 0.00, 0.000
25563,272704, 56.60, 55.75, 0.963, 0.973, 0.881765, 0.717024,1,1,0, 1.000000, 0.614379, 1.052240, 0.487198, 56.60, 0.963, 0.00, 0.000, 0.00, 0.000, 0.00, 0.000
25564,272714, 58.25, 56.80, 0.991, 0.993, 0.811926, 0.502476,1,1,0, 0.743042, 0.425508, 0.827338, 0.443532, 58.25, 0.991, 38.96, 0.054, 116.50, 0.013, 0.00, 0.000
25565,272725, 58.53, 57.53, 0.999, 0.999, 0.867336, 0.575113,1,1,0, 1.000000, 0.685167, 1.042219, 0.627705, 58.53, 0.999, 0.00, 0.000, 0.00, 0.000, 0.00, 0.000
25566,272736, 58.53, 57.95, 0.997, 0.998, 0.895917, 0.709450,1,1,0, 1.000000, 0.474318, 1.048841, 0.416647, 58.53, 0.997, 39.08, 0.017, 117.64, 0.003, 0.00, 0.000
25567,272746, 58.53, 58.19, 0.997, 0.998, 0.835795, 0.497167,1,1,0, 1.000000, 0.577252, 0.865128, 0.509354, 58.53, 0.997, 117.64, 0.005, 0.00, 0.000, 0.00, 0.000
25568,272757, 58.25, 58.22, 0.997, 0.998, 0.882795, 0.631182,1,1,0, 1.000000, 0.640837, 1.057511, 0.535176, 58.25, 0.997, 117.64, 0.010, 39.21, 0.008, 0.00, 0.000
25569,272768, 58.25, 58.23, 0.996, 0.997, 0.806314, 0.442319,1,1,0, 0.671409, 0.424848, 0.775386, 0.379574, 58.25, 0.996, 38.46, 0.029, 116.50, 0.009, 0.00, 0.000
25570,272778, 58.82, 58.48, 0.993, 0.995, 0.881937, 0.635684,1,1,0, 1.000000, 0.677648, 1.101876, 0.641561, 58.82, 0.993, 39.21, 0.033, 117.64, 0.007, 0.00, 0.000
25571,272789, 60.00, 59.11, 0.967, 0.976, 0.911445, 0.644482,1,1,0, 1.000000, 0.639419, 1.078493, 0.507282, 60.00, 0.967, 0.00, 0.000, 0.00, 0.000, 0.00, 0.000
25572,272800, 61.22, 60.00, 0.993, 0.995, 0.835214, 0.451640,1,1,0, 0.620380, 0.399979, 0.794473, 0.399989, 61.22, 0.993, 30.61, 0.989, 41.23, 0.052, 0.00, 0.000
25573,272810, 30.84, 60.64, 0.998, 0.997, 0.886584, 0.537643,1,1,0, 1.000000, 0.653878, 1.079776, 0.621716, 30.84, 0.998, 61.53, 0.996, 0.00, 0.000, 0.00, 0.000
25574,272821, 61.85, 61.15, 0.997, 0.998, 0.922267, 0.629794,1,1,0, 1.000000, 0.646731, 1.081645, 0.519907, 61.85, 0.997, 30.92, 0.994, 0.00, 0.000, 0.00, 0.000
25575,272832, 61.85, 61.44, 0.998, 0.998, 0.844955, 0.441347,1,1,0, 0.673826, 0.383424, 0.735318, 0.376658, 61.85, 0.998, 31.00, 0.991, 41.81, 0.011, 0.00, 0.000
25576,272842, 61.85, 61.62, 0.999, 0.999, 0.896674, 0.542845,1,1,0, 1.000000, 0.650913, 1.087762, 0.619619, 61.85, 0.999, 30.84, 0.998, 0.00, 0.000, 0.00, 0.000
25577,272853, 61.85, 61.71, 0.998, 0.999, 0.933917, 0.668345,1,1,0, 1.000000, 0.646575, 1.095528, 0.529216, 61.85, 0.998, 30.92, 0.997, 0.00, 0.000, 0.00, 0.000
25578,272864, 61.85, 61.77, 0.998, 0.999, 0.854788, 0.468362,1,1,0, 0.698386, 0.380456, 0.705368, 0.367232, 61.85, 0.998, 30.84, 0.994, 0.00, 0.000, 0.00, 0.000
25579,272874, 30.84, 61.67, 0.999, 0.999, 0.909830, 0.564000,1,1,0, 1.000000, 0.653534, 1.102583, 0.617849, 30.84, 0.999, 61.53, 0.998, 0.00, 0.000, 0.00, 0.000
25580,272885, 61.85, 61.75, 0.997, 0.998, 0.963628, 0.746525,1,1,0, 1.000000, 0.646246, 1.137666, 0.544560, 61.85, 0.997, 30.84, 0.996, 0.00, 0.000, 0.00, 0.000
25581,272896, 61.85, 61.79, 0.992, 0.994, 0.883288, 0.523149,1,1,0, 0.979470, 0.405743, 0.677564, 0.365958, 61.85, 0.992, 31.00, 0.977, 0.00, 0.000, 0.00, 0.000
25582,272906, 31.66, 49.13, 0.991, 0.993, 0.920855, 0.459574,1,1,0, 1.000000, 0.637033, 1.097466, 0.608530, 31.66, 0.991, 63.49, 0.969, 0.00, 0.000, 0.00, 0.000
25583,272917, 32.52, 42.15, 0.991, 0.993, 0.944939, 0.531423,1,1,0, 1.000000, 0.666059, 1.091421, 0.550047, 32.52, 0.991, 64.86, 0.991, 0.00, 0.000, 0.00, 0.000
25584,272928, 65.21, 51.84, 0.995, 0.996, 0.868394, 0.372411,1,1,0, 0.800169, 0.395801, 0.643145, 0.365486, 65.21, 0.995, 32.69, 0.983, 0.00, 0.000, 0.00, 0.000
25585,272938, 65.57, 57.61, 0.998, 0.998, 0.889559, 0.324642,1,1,0, 1.000000, 0.597221, 1.048014, 0.581300, 65.57, 0.998, 32.69, 0.997, 0.00, 0.000, 0.00, 0.000
25586,272949, 65.21, 60.80, 0.998, 0.998, 0.916441, 0.405919,1,1,0, 1.000000, 0.659487, 1.036001, 0.577846, 65.21, 0.998, 32.69, 0.995, 0.00, 0.000, 0.00, 0.000
25587,272960, 65.21, 62.65, 0.998, 0.998, 0.915887, 0.461757,1,1,0, 1.000000, 0.493271, 1.033213, 0.454349, 65.21, 0.998, 32.69, 0.994, 0.00, 0.000, 0.00, 0.000
25588,272970, 65.21, 63.73, 0.995, 0.996, 0.872545, 0.323589,1,1,0, 1.000000, 0.548270, 1.031256, 0.487367, 65.21, 0.995, 32.60, 0.989, 0.00, 0.000, 0.00, 0.000
25589,272981, 33.33, 50.96, 0.993, 0.995, 0.886301, 0.293047,1,1,0, 1.000000, 0.626675, 0.999493, 0.576873, 33.33, 0.993, 66.66, 0.966, 0.00, 0.000, 0.00, 0.000
25590,272992, 34.38, 44.00, 0.991, 0.994, 0.900166, 0.323515,1,1,0, 1.000000, 0.660155, 0.989630, 0.560885, 34.38, 0.991, 68.57, 0.991, 0.00, 0.000, 0.00, 0.000
25591,273002, 68.96, 54.48, 0.996, 0.997, 0.832624, 0.226713,1,1,0, 0.898365, 0.418988, 0.738395, 0.378205, 68.96, 0.996, 34.48, 0.993, 0.00, 0.000, 0.00, 0.000
25592,273013, 68.96, 60.56, 0.997, 0.998, 0.840081, 0.201102,1,1,0, 1.000000, 0.555332, 0.956374, 0.534028, 68.96, 0.997, 34.58, 0.995, 0.00, 0.000, 0.00, 0.000
25593,273024, 34.58, 49.65, 0.996, 0.997, 0.894511, 0.401431,1,1,0, 1.000000, 0.654378, 1.012256, 0.590413, 34.58, 0.996, 68.96, 0.996, 0.00, 0.000, 0.00, 0.000
25594,273034, 35.39, 43.66, 0.966, 0.975, 0.926404, 0.315635,1,1,0, 1.000000, 0.691466, 1.018931, 0.601995, 35.39, 0.966, 71.00, 0.960, 0.00, 0.000, 0.00, 0.000
25595,273045, 72.28, 55.68, 0.977, 0.984, 0.889425, 0.383570,1,1,0, 0.989064, 0.510778, 0.999130, 0.485582, 72.28, 0.977, 36.25, 0.969, 0.00, 0.000, 0.00, 0.000
25596,273056, 73.17, 63.03, 0.998, 0.999, 0.872227, 0.325429,1,1,0, 1.000000, 0.608032, 1.035113, 0.524968, 73.17, 0.998, 36.58, 0.997, 0.00, 0.000, 0.00, 0.000
25597,273066, 73.17, 67.28, 0.998, 0.998, 0.891151, 0.415145,1,1,0, 1.000000, 0.595247, 1.052243, 0.576131, 73.17, 0.998, 36.47, 0.996, 0.00, 0.000, 0.00, 0.000
25598,273077, 37.03, 54.58, 0.991, 0.994, 0.885881, 0.290925,1,1,0, 1.000000, 0.653481, 0.981226, 0.579874, 37.03, 0.991, 74.07, 0.986, 0.00, 0.000, 0.00, 0.000
25599,273088, 75.94, 63.55, 0.978, 0.984, 0.894973, 0.304257,1,1,0, 1.000000, 0.667002, 0.973906, 0.594625, 75.94, 0.978, 37.85, 0.973, 0.00, 0.000, 0.00, 0.000
25600,273098, 76.92, 69.17, 0.989, 0.992, 0.879815, 0.385418,1,1,0, 1.000000, 0.534776, 0.983574, 0.513031, 76.92, 0.989, 38.46, 0.986, 0.00, 0.000, 0.00, 0.000
25601,273109, 77.41, 72.63, 0.998, 0.998, 0.836431, 0.270093,1,1,0, 1.000000, 0.589717, 0.976375, 0.485834, 77.41, 0.998, 38.83, 0.996, 0.00, 0.000, 0.00, 0.000
25602,273120, 77.41, 74.64, 0.998, 0.998, 0.846705, 0.382987,1,1,0, 1.000000, 0.554406, 1.006289, 0.548735, 77.41, 0.998, 38.70, 0.997, 0.00, 0.000, 0.00, 0.000
25603,273130, 38.83, 59.60, 0.996, 0.997, 0.849931, 0.341870,1,1,0, 1.000000, 0.628164, 0.978840, 0.581216, 38.83, 0.996, 77.92, 0.995, 0.00, 0.000, 0.00, 0.000
25604,273141, 39.73, 51.25, 0.973, 0.981, 0.862230, 0.411195,1,1,0, 1.000000, 0.649455, 0.996138, 0.582861, 39.73, 0.973, 79.47, 0.973, 0.00, 0.000, 0.00, 0.000
25605,273152, 81.08, 63.78, 0.985, 0.989, 0.875285, 0.424291,1,1,0, 1.000000, 0.655995, 0.997838, 0.589715, 81.08, 0.985, 40.67, 0.977, 0.00, 0.000, 0.00, 0.000
25606,273162, 82.19, 71.51, 0.998, 0.999, 0.886704, 0.428520,1,1,0, 1.000000, 0.638334, 0.991793, 0.588882, 82.19, 0.998, 41.09, 0.997, 0.00, 0.000, 0.00, 0.000
25607,273173, 82.19, 75.99, 0.998, 0.999, 0.882119, 0.534544,1,1,0, 1.000000, 0.540124, 1.014358, 0.509031, 82.19, 0.998, 41.09, 0.997, 0.00, 0.000, 0.00, 0.000
25608,273184, 81.63, 78.36, 0.998, 0.998, 0.839035, 0.374598,1,1,0, 1.000000, 0.582229, 0.982173, 0.502048, 81.63, 0.998, 40.95, 0.996, 0.00, 0.000, 0.00, 0.000
25609,273194, 81.63, 79.73, 0.998, 0.999, 0.857847, 0.424526,1,1,0, 1.000000, 0.642214, 1.031765, 0.579593, 81.63, 0.998, 40.95, 0.997, 0.00, 0.000, 0.00, 0.000
25610,273205, 81.63, 80.53, 0.998, 0.998, 0.879656, 0.492705,1,1,0, 1.000000, 0.558816, 1.062031, 0.544820, 81.63, 0.998, 40.95, 0.996, 0.00, 0.000, 0.00, 0.000
25611,273216, 82.19, 81.23, 0.996, 0.997, 0.895316, 0.478599,1,1,0, 1.000000, 0.611455, 1.062460, 0.568704, 82.19, 0.996, 41.09, 0.995, 0.00, 0.000, 0.00, 0.000
25612,273226, 83.91, 82.35, 0.980, 0.985, 0.900716, 0.427639,1,1,0, 1.000000, 0.639676, 1.048584, 0.584409, 83.91, 0.980, 41.95, 0.975, 0.00, 0.000, 0.00, 0.000
25613,273237, 85.71, 83.76, 0.982, 0.987, 0.898125, 0.402633,1,1,0, 1.000000, 0.634148, 1.032023, 0.576058, 85.71, 0.982, 42.85, 0.976, 0.00, 0.000, 0.00, 0.000
25614,273248, 86.95, 85.10, 0.998, 0.998, 0.905390, 0.480704,1,1,0, 1.000000, 0.634640, 1.049300, 0.575402, 86.95, 0.998, 43.32, 0.997, 0.00, 0.000, 0.00, 0.000
25615,273258, 86.95, 85.88, 0.998, 0.999, 0.916984, 0.513020,1,1,0, 1.000000, 0.635327, 1.056985, 0.583174, 86.95, 0.998, 43.47, 0.997, 0.00, 0.000, 0.00, 0.000
25616,273269, 86.95, 86.33, 0.998, 0.999, 0.928869, 0.531042,1,1,0, 1.000000, 0.624546, 1.061183, 0.580358, 86.95, 0.998, 43.47, 0.997, 0.00, 0.000, 0.00, 0.000
25617,273280, 86.95, 86.59, 0.998, 0.999, 0.945633, 0.603775,1,1,0, 1.000000, 0.607033, 1.083605, 0.568743, 86.95, 0.998, 43.47, 0.997, 0.00, 0.000, 0.00, 0.000
25618,273290, 86.95, 86.74, 0.998, 0.998, 0.955095, 0.615820,1,1,0, 1.000000, 0.578020, 1.092390, 0.533942, 86.95, 0.998, 43.32, 0.996, 0.00, 0.000, 0.00, 0.000
25619,273301, 86.95, 86.83, 0.996, 0.997, 0.930906, 0.667788,1,1,0, 1.000000, 0.610362, 1.116395, 0.548856, 86.95, 0.996, 43.47, 0.993, 0.00, 0.000, 0.00, 0.000
25620,273312, 88.23, 87.42, 0.981, 0.986, 0.921876, 0.467972,1,1,0, 1.000000, 0.652052, 1.114824, 0.597875, 88.23, 0.981, 44.11, 0.970, 0.00, 0.000, 0.00, 0.000
25621,273322, 90.22, 88.60, 0.981, 0.986, 0.920965, 0.422093,1,1,0, 1.000000, 0.647671, 1.112823, 0.593780, 90.22, 0.981, 45.11, 0.968, 0.00, 0.000, 0.00, 0.000
25622,273333, 91.60, 89.86, 0.995, 0.996, 0.926377, 0.421175,1,1,0, 1.000000, 0.654913, 1.118181, 0.601195, 91.60, 0.995, 45.80, 0.993, 30.45, 0.990, 0.00, 0.000
25623,273344, 91.60, 90.59, 0.998, 0.999, 0.928414, 0.383585,1,1,0, 1.000000, 0.667806, 1.107698, 0.611490, 91.60, 0.998, 45.97, 0.997, 30.61, 0.996, 0.00, 0.000
25624,273354, 91.60, 91.01, 0.998, 0.999, 0.939042, 0.440644,1,1,0, 1.000000, 0.674918, 1.131737, 0.621925, 91.60, 0.998, 45.97, 0.997, 30.61, 0.996, 0.00, 0.000
25625,273365, 92.30, 91.55, 0.996, 0.997, 0.952652, 0.452957,1,1,0, 1.000000, 0.687883, 1.144865, 0.642505, 92.30, 0.996, 45.97, 0.995, 30.69, 0.993, 0.00, 0.000
25626,273376, 93.75, 92.47, 0.985, 0.989, 0.952742, 0.356907,1,1,0, 1.000000, 0.705287, 1.115912, 0.664025, 93.75, 0.985, 31.16, 0.977, 46.69, 0.973, 0.00, 0.000
25627,273386, 95.23, 93.63, 0.983, 0.988, 0.956668, 0.335042,1,1,0, 1.000000, 0.715261, 1.108364, 0.675242, 95.23, 0.983, 31.83, 0.976, 47.80, 0.966, 0.00, 0.000
25628,273397, 96.77, 94.95, 0.995, 0.996, 0.992369, 0.475323,1,1,0, 1.000000, 0.722200, 1.115889, 0.683297, 96.77, 0.995, 48.58, 0.993, 32.34, 0.991, 0.00, 0.000
25629,273408, 97.56, 96.04, 0.999, 0.999, 1.004520, 0.459635,1,1,0, 1.000000, 0.724867, 1.111751, 0.681789, 97.56, 0.999, 48.78, 0.999, 32.52, 0.999, 0.00, 0.000
25630,273418, 97.56, 96.68, 0.999, 0.999, 1.000846, 0.399999,1,1,0, 0.999999, 0.721935, 1.094493, 0.673881, 97.56, 0.999, 48.78, 0.999, 32.52, 0.999, 0.00, 0.000
25631,273429, 97.56, 97.05, 0.999, 0.999, 0.991995, 0.323658,1,1,0, 0.999999, 0.722388, 1.066878, 0.671208, 97.56, 0.999, 48.78, 0.999, 32.52, 0.998, 0.00, 0.000
25632,273440, 97.56, 97.26, 0.999, 0.999, 0.988214, 0.360744,1,1,0, 1.000000, 0.728798, 1.078979, 0.672404, 97.56, 0.999, 48.78, 0.999, 32.43, 0.998, 0.00, 0.000
25633,273450, 98.36, 97.72, 0.989, 0.992, 0.969635, 0.262917,1,1,0, 1.000000, 0.737295, 1.046079, 0.676612, 98.36, 0.989, 32.78, 0.989, 49.18, 0.988, 0.00, 0.000
25634,273461, 33.42, 70.71, 0.985, 0.989, 0.953559, 0.223709,1,1,0, 1.000000, 0.712023, 1.032292, 0.664277, 33.42, 0.985, 100.84, 0.983, 50.42, 0.966, 0.00, 0.000
25635,273472, 102.56, 84.09, 0.993, 0.995, 0.939153, 0.240500,1,1,0, 1.000000, 0.706845, 1.029664, 0.674009, 102.56, 0.993, 51.28, 0.988, 34.18, 0.984, 0.00, 0.000
25636,273482, 103.44, 92.22, 0.999, 0.999, 0.937899, 0.260821,1,1,0, 1.000000, 0.735126, 1.033614, 0.698875, 103.44, 0.999, 51.50, 0.999, 34.38, 0.999, 0.00, 0.000
25637,273493, 103.44, 96.93, 0.999, 0.999, 0.946693, 0.260848,1,1,0, 1.000000, 0.761689, 1.039657, 0.710522, 103.44, 0.999, 51.50, 0.999, 34.38, 0.999, 0.00, 0.000
25638,273504, 103.44, 99.67, 0.999, 0.999, 0.940705, 0.188532,1,1,0, 1.000000, 0.747427, 1.018454, 0.681520, 103.44, 0.999, 51.50, 0.999, 34.38, 0.999, 0.00, 0.000
25639,273514, 103.44, 101.25, 0.999, 0.999, 0.923542, 0.186215,1,1,0, 1.000000, 0.696026, 1.012658, 0.649359, 103.44, 0.999, 51.72, 0.999, 34.48, 0.999, 0.00, 0.000
25640,273525, 103.44, 102.17, 0.999, 0.999, 0.907892, 0.135943,1,1,0, 1.000000, 0.699025, 0.986350, 0.671054, 103.44, 0.999, 51.72, 0.999, 34.48, 0.999, 0.00, 0.000
25641,273536, 103.44, 102.71, 0.997, 0.998, 0.884996, 0.137182,1,1,0, 0.975173, 0.664896, 0.974947, 0.638067, 103.44, 0.997, 51.72, 0.996, 34.38, 0.993, 0.00, 0.000
25642,273546, 103.44, 103.02, 0.966, 0.975, 0.808019, 0.096134,1,1,0, 0.681009, 0.326839, 0.672798, 0.308703, 103.44, 0.966, 51.72, 0.930, 34.48, 0.928, 0.00, 0.000
25643,273557, 103.44, 103.20, 0.940, 0.957, 0.717748, 0.067369,1,1,0, 0.191112, 0.133119, 0.177279, 0.101652, 103.44, 0.940, 51.72, 0.820, 34.38, 0.720, 0.00, 0.000
25644,273568, 30.30, 102.93, 0.909, 0.928, 0.635498, 0.047210,1,1,0, 0.114467, 0.057940, 0.156469, 0.074962, 30.30, 0.909, 102.56, 0.900, 50.63, 0.536, 0.00, 0.000
25645,273578, 32.60, 104.70, 0.758, 0.579, 0.565099, 0.033084,1,1,0, 0.170576, 0.097128, 0.129341, 0.080768, 32.60, 0.758, 107.14, 0.504, 45.11, 0.493, 0.00, 0.000
25646,273589, 53.57, 104.70, 0.450, 0.521, 0.500463, 0.023184,1,1,0, 0.121835, 0.059596, 0.109655, 0.054693, 53.57, 0.450, 33.05, 0.432, 103.44, 0.058, 0.00, 0.000
25647,273600, 55.55, 84.06, 0.753, 0.763, 0.443546, 0.016247,1,1,0, 0.106652, 0.063858, 0.082356, 0.048833, 55.55, 0.753, 36.80, 0.690, 110.09, 0.598, 0.00, 0.000
25648,273610, 107.14, 93.75, 0.633, 0.642, 0.392280, 0.011385,1,1,0, 0.110412, 0.054549, 0.083847, 0.041378, 107.14, 0.633, 54.54, 0.505, 37.73, 0.176, 0.00, 0.000
25649,273621, 36.47, 69.69, 0.597, 0.604, 0.350538, 0.007979,1,1,0, 0.148014, 0.079266, 0.143591, 0.070255, 36.47, 0.597, 53.81, 0.539, 105.26, 0.103, 0.00, 0.000
25650,273632, 51.72, 62.14, 0.834, 0.844, 0.313010, 0.005591,1,1,0, 0.090321, 0.063380, 0.104270, 0.055349, 51.72, 0.834, 35.82, 0.269, 0.00, 0.000, 0.00, 0.000
25651,273642, 52.86, 58.24, 0.669, 0.679, 0.277392, 0.003918,1,1,0, 0.080938, 0.043626, 0.083894, 0.033661, 52.86, 0.669, 36.36, 0.108, 0.00, 0.000, 0.00, 0.000
25652,273653, 55.29, 57.01, 0.616, 0.673, 0.250781, 0.002745,1,1,0, 0.124021, 0.076205, 0.124151, 0.073849, 55.29, 0.616, 37.50, 0.492, 110.09, 0.330, 0.00, 0.000
25653,273664, 36.36, 56.39, 0.757, 0.648, 0.224075, 0.001924,1,1,0, 0.125985, 0.051999, 0.116025, 0.046864, 36.36, 0.757, 55.55, 0.579, 107.14, 0.505, 0.00, 0.000
25654,273674, 35.92, 47.80, 0.783, 0.800, 0.201777, 0.001348,1,1,0, 0.093139, 0.058760, 0.085904, 0.051607, 35.92, 0.783, 107.14, 0.622, 54.79, 0.575, 0.00, 0.000
25655,273685, 55.55, 51.05, 0.667, 0.684, 0.184223, 0.000945,1,1,0, 0.143732, 0.086351, 0.146551, 0.073017, 55.55, 0.667, 38.09, 0.576, 111.11, 0.504, 0.00, 0.000
25656,273696, 54.79, 52.62, 0.607, 0.653, 0.165690, 0.000662,1,1,0, 0.145293, 0.058246, 0.138785, 0.049825, 54.79, 0.607, 36.92, 0.458, 107.14, 0.106, 0.00, 0.000
25657,273706, 52.17, 52.43, 0.819, 0.870, 0.150940, 0.000464,1,1,0, 0.089838, 0.059085, 0.104278, 0.054235, 52.17, 0.819, 35.08, 0.142, 106.19, 0.051, 0.00, 0.000
25658,273717, 52.63, 52.51, 0.816, 0.867, 0.135598, 0.000325,1,1,0, 0.072648, 0.037634, 0.064264, 0.033760, 52.63, 0.816, 104.34, 0.136, 35.82, 0.124, 0.00, 0.000
25659,273728, 55.55, 53.79, 0.714, 0.771, 0.123633, 0.000227,1,1,0, 0.071346, 0.047005, 0.069687, 0.044555, 55.55, 0.714, 110.09, 0.428, 37.26, 0.388, 0.00, 0.000
25660,273738, 56.07, 54.75, 0.768, 0.832, 0.113172, 0.000159,1,1,0, 0.083617, 0.047556, 0.086759, 0.043881, 56.07, 0.768, 110.09, 0.609, 37.85, 0.478, 0.00, 0.000
25661,273749, 54.79, 54.76, 0.832, 0.879, 0.104279, 0.000111,1,1,0, 0.105710, 0.052560, 0.090653, 0.049215, 54.79, 0.832, 105.26, 0.718, 35.82, 0.662, 0.00, 0.000
25662,273760, 54.54, 54.67, 0.927, 0.947, 0.098670, 0.015552,1,1,0, 0.113341, 0.064401, 0.103774, 0.053969, 54.54, 0.927, 110.09, 0.632, 36.25, 0.629, 0.00, 0.000
25663,273770, 54.54, 54.62, 0.945, 0.960, 0.090443, 0.010898,1,1,0, 0.059832, 0.035027, 0.067679, 0.037684, 54.54, 0.945, 36.14, 0.622, 108.10, 0.570, 0.00, 0.000
25664,273781, 54.79, 54.69, 0.975, 0.982, 0.086580, 0.015337,1,1,0, 0.105875, 0.055305, 0.093711, 0.050295, 54.79, 0.975, 36.92, 0.583, 111.11, 0.523, 0.00, 0.000
25665,273792, 55.29, 54.94, 0.965, 0.975, 0.079442, 0.010748,1,1,0, 0.083425, 0.042174, 0.065815, 0.034598, 55.29, 0.965, 36.69, 0.507, 110.09, 0.457, 0.00, 0.000
25666,273802, 55.29, 55.09, 0.963, 0.974, 0.076182, 0.015705,1,1,0, 0.096575, 0.045566, 0.086425, 0.044732, 55.29, 0.963, 36.47, 0.485, 108.10, 0.433, 0.00, 0.000
25667,273813, 55.29, 55.18, 0.962, 0.973, 0.082011, 0.047539,1,1,0, 0.093201, 0.057204, 0.092167, 0.049897, 55.29, 0.962, 37.38, 0.397, 112.14, 0.359, 0.00, 0.000
25668,273824, 55.81, 55.44, 0.940, 0.957, 0.075287, 0.033314,1,1,0, 0.064879, 0.031314, 0.051733, 0.032082, 55.81, 0.940, 37.15, 0.407, 110.09, 0.363, 0.00, 0.000
25669,273834, 55.29, 55.38, 0.959, 0.971, 0.081859, 0.041678,1,1,0, 0.107438, 0.058538, 0.093391, 0.052387, 55.29, 0.959, 110.09, 0.444, 37.26, 0.442, 0.00, 0.000
25670,273845, 54.54, 55.03, 0.963, 0.973, 0.075621, 0.029207,1,1,0, 0.086942, 0.044064, 0.071932, 0.037555, 54.54, 0.963, 36.25, 0.601, 108.10, 0.575, 0.00, 0.000
25671,273856, 54.79, 54.93, 0.968, 0.977, 0.076440, 0.022629,1,1,0, 0.096124, 0.051063, 0.086563, 0.049922, 54.79, 0.968, 36.25, 0.606, 107.14, 0.581, 0.00, 0.000
25672,273866, 54.79, 54.87, 0.965, 0.975, 0.078881, 0.037364,1,1,0, 0.097040, 0.046543, 0.087632, 0.041978, 54.79, 0.965, 36.92, 0.596, 112.14, 0.575, 0.00, 0.000
25673,273877, 55.29, 55.05, 0.956, 0.968, 0.073351, 0.026184,1,1,0, 0.097095, 0.037371, 0.086034, 0.035349, 55.29, 0.956, 36.47, 0.536, 109.09, 0.496, 0.00, 0.000
25674,273888, 55.29, 55.15, 0.971, 0.979, 0.074439, 0.031524,1,1,0, 0.094494, 0.052075, 0.083563, 0.044245, 55.29, 0.971, 111.11, 0.448, 37.15, 0.373, 0.00, 0.000
25675,273898, 55.29, 55.21, 0.959, 0.970, 0.068853, 0.022091,1,1,0, 0.070374, 0.037566, 0.056372, 0.034197, 55.29, 0.959, 36.80, 0.591, 111.11, 0.491, 0.00, 0.000
25676,273909, 55.55, 55.35, 0.966, 0.975, 0.075984, 0.041527,1,1,0, 0.099952, 0.051131, 0.089813, 0.048627, 55.55, 0.966, 111.11, 0.485, 37.26, 0.485, 0.00, 0.000
25677,273920, 55.29, 55.33, 0.960, 0.971, 0.071805, 0.032473,1,1,0, 0.079108, 0.041410, 0.081093, 0.037001, 55.29, 0.960, 37.03, 0.608, 111.11, 0.491, 0.00, 0.000
25678,273930, 54.79, 55.10, 0.969, 0.977, 0.077039, 0.036037,1,1,0, 0.108098, 0.052256, 0.092562, 0.049003, 54.79, 0.969, 36.03, 0.547, 108.10, 0.528, 0.00, 0.000
25679,273941, 54.79, 54.97, 0.978, 0.984, 0.078415, 0.031169,1,1,0, 0.095869, 0.055285, 0.086306, 0.046766, 54.79, 0.978, 109.09, 0.514, 36.69, 0.457, 0.00, 0.000
25680,273952, 54.54, 54.79, 0.968, 0.977, 0.072444, 0.021842,1,1,0, 0.061271, 0.033993, 0.058959, 0.034833, 54.54, 0.968, 109.09, 0.542, 36.58, 0.531, 0.00, 0.000
25681,273962, 55.29, 55.00, 0.969, 0.978, 0.072923, 0.023748,1,1,0, 0.091577, 0.049021, 0.081156, 0.044895, 55.29, 0.969, 37.26, 0.609, 111.11, 0.541, 0.00, 0.000
25682,273973, 55.55, 55.23, 0.958, 0.969, 0.067132, 0.016642,1,1,0, 0.067781, 0.036684, 0.052386, 0.029892, 55.55, 0.958, 36.69, 0.493, 108.10, 0.468, 0.00, 0.000
25683,273984, 55.55, 55.37, 0.948, 0.962, 0.068262, 0.020516,1,1,0, 0.091660, 0.045968, 0.078504, 0.044866, 55.55, 0.948, 36.69, 0.552, 110.09, 0.444, 0.00, 0.000
25684,273994, 55.55, 55.44, 0.965, 0.975, 0.079978, 0.064089,1,1,0, 0.107591, 0.054436, 0.093611, 0.046188, 55.55, 0.965, 37.50, 0.421, 111.11, 0.412, 0.00, 0.000
25685,274005, 55.29, 55.38, 0.942, 0.958, 0.073752, 0.044912,1,1,0, 0.068449, 0.032120, 0.060024, 0.034361, 55.29, 0.942, 111.11, 0.460, 37.03, 0.450, 0.00, 0.000
25686,274016, 55.04, 55.24, 0.978, 0.984, 0.074809, 0.031473,1,1,0, 0.097038, 0.056921, 0.082071, 0.050568, 55.04, 0.978, 36.92, 0.560, 110.09, 0.543, 0.00, 0.000
25687,274026, 54.54, 54.95, 0.956, 0.968, 0.069033, 0.022056,1,1,0, 0.068282, 0.038617, 0.055157, 0.032438, 54.54, 0.956, 35.82, 0.641, 107.14, 0.570, 0.00, 0.000
25688,274037, 54.79, 54.88, 0.964, 0.974, 0.073171, 0.034279,1,1,0, 0.092972, 0.047846, 0.086335, 0.047025, 54.79, 0.964, 36.47, 0.625, 110.09, 0.543, 0.00, 0.000
25689,274048, 55.29, 55.05, 0.967, 0.976, 0.075763, 0.046240,1,1,0, 0.098623, 0.040000, 0.086096, 0.035651, 55.29, 0.967, 111.11, 0.519, 37.15, 0.474, 0.00, 0.000
25690,274058, 54.79, 54.94, 0.962, 0.972, 0.070692, 0.032404,1,1,0, 0.098658, 0.036925, 0.084135, 0.034675, 54.79, 0.962, 112.14, 0.454, 36.92, 0.451, 0.00, 0.000
25691,274069, 55.29, 55.09, 0.957, 0.969, 0.066518, 0.022708,1,1,0, 0.077343, 0.048717, 0.065368, 0.041883, 55.29, 0.957, 111.11, 0.403, 37.26, 0.374, 0.00, 0.000
25692,274080, 55.55, 55.28, 0.951, 0.964, 0.062038, 0.015913,1,1,0, 0.069784, 0.039689, 0.051258, 0.033970, 55.55, 0.951, 36.69, 0.600, 110.09, 0.464, 0.00, 0.000
25693,274090, 55.29, 55.29, 0.967, 0.976, 0.074417, 0.053431,1,1,0, 0.096887, 0.050187, 0.090921, 0.048723, 55.29, 0.967, 37.15, 0.513, 112.14, 0.507, 0.00, 0.000
25694,274101, 53.09, 54.37, 0.685, 0.768, 0.132482, 0.142146,1,1,0, 0.309589, 0.161823, 0.164702, 0.084648, 53.09, 0.685, 36.58, 0.488, 110.09, 0.449, 0.00, 0.000
25695,274112, 50.00, 51.31, 0.757, 0.820, 0.307085, 0.355629,1,1,1, 0.436533, 0.237849, 0.412706, 0.199878, 50.00, 0.757, 34.78, 0.332, 101.69, 0.017, 0.00, 0.000
25696,274122, 41.09, 44.16, 0.601, 0.650, 0.342078, 0.345789,1,1,0, 0.530176, 0.181591, 0.435814, 0.155239, 41.09, 0.601, 0.00, 0.000, 0.00, 0.000, 0.00, 0.000
25697,274133, 40.00, 41.24, 0.863, 0.901, 0.363518, 0.242322,1,1,0, 0.581956, 0.299679, 0.436056, 0.254089, 40.00, 0.863, 0.00, 0.000, 0.00, 0.000, 0.00, 0.000
25698,274144, 40.00, 40.37, 0.897, 0.926, 0.324697, 0.169814,1,1,0, 0.219660, 0.138407, 0.186438, 0.067654, 40.00, 0.897, 101.69, 0.000, 0.00, 0.000, 0.00, 0.000
25699,274154, 41.66, 41.27, 0.954, 0.967, 0.355076, 0.140386,1,1,0, 0.541902, 0.323098, 0.401003, 0.273343, 41.66, 0.954, 0.00, 0.000, 0.00, 0.000, 0.00, 0.000
25700,274165, 41.37, 41.34, 0.925, 0.946, 0.319383, 0.098380,1,1,0, 0.224766, 0.152081, 0.209915, 0.096793, 41.37, 0.925, 0.00, 0.000, 0.00, 0.000, 0.00, 0.000
25701,274176, 41.81, 41.67, 0.944, 0.959, 0.365732, 0.184485,1,1,0, 0.558364, 0.313081, 0.410324, 0.254297, 41.81, 0.944, 0.00, 0.000, 0.00, 0.000, 0.00, 0.000
25702,274186, 41.95, 41.87, 0.963, 0.973, 0.332308, 0.129283,1,1,0, 0.212139, 0.127759, 0.343381, 0.132747, 41.95, 0.963, 0.00, 0.000, 0.00, 0.000, 0.00, 0.000
25703,274197, 40.13, 40.65, 0.955, 0.967, 0.400784, 0.285274,1,1,0, 0.561888, 0.302346, 0.458063, 0.238058, 40.13, 0.955, 0.00, 0.000, 0.00, 0.000, 0.00, 0.000
25704,274208, 40.26, 40.38, 0.991, 0.994, 0.367994, 0.199914,1,1,0, 0.437176, 0.159994, 0.313761, 0.165021, 40.26, 0.991, 0.00, 0.000, 0.00, 0.000, 0.00, 0.000
25705,274218, 41.81, 40.98, 0.940, 0.956, 0.345749, 0.141002,1,1,0, 0.391397, 0.188129, 0.386077, 0.142117, 41.81, 0.940, 32.69, 0.397, 0.00, 0.000, 0.00, 0.000
25706,274229, 41.52, 41.21, 0.973, 0.980, 0.367786, 0.135259,1,1,0, 0.531650, 0.301900, 0.425691, 0.253104, 41.52, 0.973, 0.00, 0.000, 0.00, 0.000, 0.00, 0.000
25707,274240, 41.09, 41.16, 0.895, 0.924, 0.332384, 0.094787,1,1,0, 0.319580, 0.179916, 0.186567, 0.101152, 41.09, 0.895, 35.19, 0.555, 72.28, 0.054, 0.00, 0.000
25708,274250, 41.52, 41.31, 0.954, 0.967, 0.388397, 0.216490,1,1,0, 0.545787, 0.295751, 0.456736, 0.268493, 41.52, 0.954, 0.00, 0.000, 0.00, 0.000, 0.00, 0.000
25709,274261, 41.66, 41.46, 0.960, 0.971, 0.349072, 0.151712,1,1,0, 0.207559, 0.106370, 0.149506, 0.084082, 41.66, 0.960, 0.00, 0.000, 0.00, 0.000, 0.00, 0.000
25710,274272, 40.26, 40.96, 0.991, 0.993, 0.438993, 0.351844,1,1,0, 0.586881, 0.354236, 0.515173, 0.275513, 40.26, 0.991, 112.14, 0.061, 0.00, 0.000, 0.00, 0.000
25711,274282, 40.26, 40.66, 0.992, 0.994, 0.400431, 0.246565,1,1,0, 0.161909, 0.109756, 0.294687, 0.152242, 40.26, 0.992, 0.00, 0.000, 0.00, 0.000, 0.00, 0.000
25712,274293, 41.95, 41.21, 0.963, 0.973, 0.400643, 0.172787,1,1,0, 0.521194, 0.269834, 0.425748, 0.221148, 41.95, 0.963, 31.16, 0.465, 0.00, 0.000, 0.00, 0.000
25713,274304, 41.66, 41.40, 0.973, 0.981, 0.371735, 0.121086,1,1,0, 0.517310, 0.220006, 0.376708, 0.183496, 41.66, 0.973, 0.00, 0.000, 0.00, 0.000, 0.00, 0.000
25714,274314, 41.23, 41.33, 0.912, 0.936, 0.337126, 0.084854,1,1,0, 0.365996, 0.177532, 0.264689, 0.117131, 41.23, 0.912, 34.09, 0.528, 71.42, 0.043, 0.00, 0.000
25715,274325, 41.66, 41.47, 0.949, 0.963, 0.381164, 0.195813,1,1,0, 0.521468, 0.272190, 0.451670, 0.249893, 41.66, 0.949, 0.00, 0.000, 0.00, 0.000, 0.00, 0.000
25716,274336, 41.81, 41.61, 0.936, 0.954, 0.346133, 0.137221,1,1,0, 0.400224, 0.165047, 0.269048, 0.122504, 41.81, 0.936, 32.69, 0.325, 115.38, 0.024, 0.00, 0.000
25717,274346, 40.67, 41.22, 0.993, 0.995, 0.425493, 0.281621,1,1,0, 0.548118, 0.325941, 0.497669, 0.284559, 40.67, 0.993, 109.09, 0.154, 63.15, 0.062, 0.00, 0.000
25718,274357, 40.54, 40.93, 0.988, 0.991, 0.381885, 0.197354,1,1,0, 0.169129, 0.097806, 0.225610, 0.092891, 40.54, 0.988, 63.49, 0.034, 114.28, 0.012, 0.00, 0.000
25719,274368, 41.66, 41.24, 0.975, 0.982, 0.387538, 0.138302,1,1,0, 0.476589, 0.305262, 0.420393, 0.239377, 41.66, 0.975, 30.15, 0.304, 112.14, 0.062, 0.00, 0.000
25720,274378, 41.81, 41.48, 0.970, 0.978, 0.353478, 0.096919,1,1,0, 0.239117, 0.103368, 0.206097, 0.126676, 41.81, 0.970, 0.00, 0.000, 0.00, 0.000, 0.00, 0.000
25721,274389, 41.66, 41.61, 0.931, 0.950, 0.384970, 0.242462,1,1,1, 0.474331, 0.238793, 0.435797, 0.210509, 41.66, 0.931, 31.91, 0.308, 0.00, 0.000, 0.00, 0.000
25722,274400, 41.66, 41.65, 0.947, 0.962, 0.357452, 0.169913,1,1,0, 0.476458, 0.190005, 0.427742, 0.163700, 41.66, 0.947, 101.69, 0.016, 68.57, 0.002, 0.00, 0.000
25723,274410, 40.95, 41.16, 0.877, 0.911, 0.329457, 0.119071,1,1,0, 0.438554, 0.232130, 0.312688, 0.161489, 40.95, 0.877, 30.84, 0.447, 117.64, 0.258, 65.93, 0.077
25724,274421, 40.67, 40.82, 0.994, 0.995, 0.397494, 0.253480,1,1,0, 0.494579, 0.266098, 0.479413, 0.261194, 40.67, 0.994, 108.10, 0.246, 62.82, 0.172, 0.00, 0.000
25725,274432, 40.54, 40.62, 0.973, 0.981, 0.357104, 0.177633,1,1,0, 0.331713, 0.119731, 0.224762, 0.092946, 40.54, 0.973, 31.91, 0.542, 120.00, 0.136, 64.17, 0.093
25726,274442, 41.37, 41.15, 0.981, 0.986, 0.376720, 0.152632,1,1,0, 0.459827, 0.289810, 0.423138, 0.243177, 41.37, 0.981, 113.20, 0.151, 62.17, 0.050, 0.00, 0.000
25727,274453, 41.52, 41.41, 0.959, 0.970, 0.341588, 0.106961,1,1,0, 0.157176, 0.081963, 0.189004, 0.102507, 41.52, 0.959, 65.21, 0.120, 0.00, 0.000, 0.00, 0.000
25728,274464, 41.81, 41.69, 0.953, 0.966, 0.369074, 0.184011,1,1,0, 0.418069, 0.284136, 0.410660, 0.243714, 41.81, 0.953, 30.76, 0.391, 111.11, 0.062, 66.29, 0.012
25729,274474, 41.52, 41.57, 0.954, 0.967, 0.334062, 0.128951,1,1,0, 0.223312, 0.104206, 0.192282, 0.105072, 41.52, 0.954, 65.93, 0.110, 31.08, 0.075, 111.11, 0.056
25730,274485, 40.81, 41.04, 0.943, 0.959, 0.366861, 0.352621,1,1,0, 0.489808, 0.261433, 0.467713, 0.217790, 40.81, 0.943, 30.45, 0.606, 118.81, 0.320, 64.86, 0.131
25731,274496, 40.95, 41.00, 0.994, 0.996, 0.395730, 0.258679,1,1,0, 0.488113, 0.234473, 0.496565, 0.222354, 40.95, 0.994, 62.82, 0.250, 111.11, 0.233, 0.00, 0.000
25732,274506, 31.83, 41.22, 0.870, 0.849, 0.356462, 0.181277,1,1,0, 0.296871, 0.150817, 0.186031, 0.092752, 31.83, 0.870, 41.52, 0.791, 115.38, 0.284, 63.82, 0.049
25733,274517, 41.95, 41.53, 0.933, 0.952, 0.329466, 0.127035,1,1,0, 0.343538, 0.178346, 0.332354, 0.173747, 41.95, 0.933, 107.14, 0.157, 0.00, 0.000, 0.00, 0.000
25734,274528, 41.81, 41.64, 0.941, 0.957, 0.294951, 0.089023,1,1,0, 0.208167, 0.083007, 0.124233, 0.064598, 41.81, 0.941, 0.00, 0.000, 0.00, 0.000, 0.00, 0.000
25735,274538, 42.40, 41.96, 0.945, 0.960, 0.269733, 0.062386,1,1,0, 0.217513, 0.138889, 0.212207, 0.115926, 42.40, 0.945, 0.00, 0.000, 0.00, 0.000, 0.00, 0.000
25736,274549, 42.25, 42.08, 0.953, 0.966, 0.241052, 0.043718,1,1,0, 0.120352, 0.043314, 0.088305, 0.042062, 42.25, 0.953, 0.00, 0.000, 0.00, 0.000, 0.00, 0.000
25737,274560, 40.95, 41.61, 0.968, 0.977, 0.225407, 0.030637,1,1,0, 0.246315, 0.158480, 0.227906, 0.128157, 40.95, 0.968, 0.00, 0.000, 0.00, 0.000, 0.00, 0.000
25738,274570, 40.95, 41.33, 0.955, 0.968, 0.205239, 0.021469,1,1,0, 0.196786, 0.080251, 0.116322, 0.067479, 40.95, 0.955, 0.00, 0.000, 0.00, 0.000, 0.00, 0.000
25739,274581, 43.32, 42.16, 0.864, 0.902, 0.186601, 0.015045,1,1,0, 0.165931, 0.091210, 0.157562, 0.068587, 43.32, 0.864, 0.00, 0.000, 0.00, 0.000, 0.00, 0.000
25740,274592, 42.55, 42.33, 0.957, 0.969, 0.174046, 0.010543,1,1,0, 0.209882, 0.116480, 0.168145, 0.097014, 42.55, 0.957, 0.00, 0.000, 0.00, 0.000, 0.00, 0.000
25741,274602, 42.55, 42.42, 0.910, 0.935, 0.155088, 0.007388,1,1,0, 0.080646, 0.052125, 0.054127, 0.025449, 42.55, 0.910, 0.00, 0.000, 0.00, 0.000, 0.00, 0.000
25742,274613, 42.10, 42.29, 0.964, 0.974, 0.144861, 0.005177,1,1,0, 0.163332, 0.096388, 0.111591, 0.079162, 42.10, 0.964, 0.00, 0.000, 0.00, 0.000, 0.00, 0.000
25743,274624, 42.10, 42.21, 0.953, 0.966, 0.132058, 0.003628,1,1,0, 0.101607, 0.072522, 0.086111, 0.048964, 42.10, 0.953, 0.00, 0.000, 0.00, 0.000, 0.00, 0.000
25744,274634, 45.11, 43.43, 0.929, 0.949, 0.124157, 0.004192,1,1,0, 0.123963, 0.082692, 0.125356, 0.072450, 45.11, 0.929, 0.00, 0.000, 0.00, 0.000, 0.00, 0.000
25745,274645, 46.51, 44.72, 0.884, 0.917, 0.115282, 0.005001,1,1,0, 0.128937, 0.070920, 0.126313, 0.060187, 46.51, 0.884, 0.00, 0.000, 0.00, 0.000, 0.00, 0.000
25746,274656, 50.42, 47.11, 0.940, 0.957, 0.110888, 0.016340,1,1,0, 0.124673, 0.085250, 0.114833, 0.069207, 50.42, 0.940, 0.00, 0.000, 0.00, 0.000, 0.00, 0.000
25747,274666, 50.20, 48.41, 0.984, 0.988, 0.102324, 0.011451,1,1,0, 0.119706, 0.058057, 0.097151, 0.046149, 50.20, 0.984, 0.00, 0.000, 0.00, 0.000, 0.00, 0.000
25748,274677, 49.18, 48.73, 0.992, 0.994, 0.104619, 0.042208,1,1,0, 0.122197, 0.082804, 0.114171, 0.066322, 49.18, 0.992, 0.00, 0.000, 0.00, 0.000, 0.00, 0.000
25749,274688, 49.18, 48.92, 0.990, 0.992, 0.096051, 0.029578,1,1,0, 0.091001, 0.048780, 0.065582, 0.038791, 49.18, 0.990, 0.00, 0.000, 0.00, 0.000, 0.00, 0.000
25750,274698, 48.97, 48.94, 0.990, 0.993, 0.099586, 0.038349,1,1,0, 0.114536, 0.082404, 0.109009, 0.065121, 48.97, 0.990, 0.00, 0.000, 0.00, 0.000, 0.00, 0.000
25751,274709, 48.78, 48.87, 0.992, 0.994, 0.092284, 0.026874,1,1,0, 0.100780, 0.056487, 0.069930, 0.044798, 48.78, 0.992, 0.00, 0.000, 0.00, 0.000, 0.00, 0.000
25752,274720, 48.97, 48.92, 0.995, 0.996, 0.106127, 0.060509,1,1,0, 0.126686, 0.090744, 0.120763, 0.070683, 48.97, 0.995, 0.00, 0.000, 0.00, 0.000, 0.00, 0.000
25753,274730, 49.18, 49.02, 0.998, 0.998, 0.098745, 0.042404,1,1,0, 0.105745, 0.063478, 0.074747, 0.050412, 49.18, 0.998, 0.00, 0.000, 0.00, 0.000, 0.00, 0.000
25754,274741, 49.58, 49.26, 0.997, 0.998, 0.103245, 0.041033,1,1,0, 0.121594, 0.083301, 0.115792, 0.066266, 49.58, 0.997, 0.00, 0.000, 0.00, 0.000, 0.00, 0.000
25755,274752, 49.58, 49.39, 0.998, 0.999, 0.096275, 0.028755,1,1,0, 0.102348, 0.064017, 0.069279, 0.048867, 49.58, 0.998, 0.00, 0.000, 0.00, 0.000, 0.00, 0.000
25756,274762, 48.97, 49.22, 0.998, 0.998, 0.097986, 0.031119,1,1,0, 0.112707, 0.073195, 0.110254, 0.061518, 48.97, 0.998, 0.00, 0.000, 0.00, 0.000, 0.00, 0.000
25757,274773, 48.97, 49.12, 0.996, 0.997, 0.091516, 0.021807,1,1,0, 0.107198, 0.069142, 0.074280, 0.049036, 48.97, 0.996, 0.00, 0.000, 0.00, 0.000, 0.00, 0.000
25758,274784, 48.97, 49.06, 0.996, 0.997, 0.096435, 0.042307,1,1,0, 0.108494, 0.069887, 0.112561, 0.061466, 48.97, 0.996, 0.00, 0.000, 0.00, 0.000, 0.00, 0.000
25759,274794, 48.97, 49.02, 0.998, 0.998, 0.090310, 0.029648,1,1,0, 0.112899, 0.071185, 0.077099, 0.050929, 48.97, 0.998, 0.00, 0.000, 0.00, 0.000, 0.00, 0.000
25760,274805, 48.97, 49.00, 0.998, 0.998, 0.094167, 0.040849,1,1,0, 0.102816, 0.070401, 0.110650, 0.061723, 48.97, 0.998, 0.00, 0.000, 0.00, 0.000, 0.00, 0.000
25761,274816, 48.97, 48.99, 0.997, 0.998, 0.088563, 0.028626,1,1,0, 0.113058, 0.070650, 0.073932, 0.052372, 48.97, 0.997, 0.00, 0.000, 0.00, 0.000, 0.00, 0.000
25762,274826, 49.18, 49.07, 0.997, 0.998, 0.092194, 0.036511,1,1,0, 0.106489, 0.070049, 0.107970, 0.061904, 49.18, 0.997, 0.00, 0.000, 0.00, 0.000, 0.00, 0.000
25763,274837, 49.18, 49.11, 0.993, 0.995, 0.089530, 0.041957,1,1,0, 0.124757, 0.075108, 0.101530, 0.059603, 49.18, 0.993, 0.00, 0.000, 0.00, 0.000, 0.00, 0.000
25764,274848, 49.38, 49.22, 0.986, 0.990, 0.089288, 0.035022,1,1,0, 0.092996, 0.065337, 0.106436, 0.053794, 49.38, 0.986, 0.00, 0.000, 0.00, 0.000, 0.00, 0.000
25765,274858, 49.38, 49.29, 0.987, 0.991, 0.088790, 0.024981,1,1,0, 0.109436, 0.073922, 0.094195, 0.060846, 49.38, 0.987, 0.00, 0.000, 0.00, 0.000, 0.00, 0.000
25766,274869, 48.97, 49.16, 0.983, 0.988, 0.083019, 0.017506,1,1,0, 0.107360, 0.063165, 0.090483, 0.049423, 48.97, 0.983, 0.00, 0.000, 0.00, 0.000, 0.00, 0.000
25767,274880, 48.97, 49.08, 0.985, 0.989, 0.094331, 0.060385,1,1,0, 0.129452, 0.084023, 0.106017, 0.070939, 48.97, 0.985, 0.00, 0.000, 0.00, 0.000, 0.00, 0.000
25768,274890, 49.38, 49.21, 0.967, 0.976, 0.087716, 0.042317,1,1,0, 0.086262, 0.061938, 0.082170, 0.047697, 49.38, 0.967, 0.00, 0.000, 0.00, 0.000, 0.00, 0.000
25769,274901, 48.97, 49.11, 0.966, 0.976, 0.090463, 0.029655,1,1,0, 0.110363, 0.080296, 0.095536, 0.064970, 48.97, 0.966, 0.00, 0.000, 0.00, 0.000, 0.00, 0.000
25770,274912, 48.38, 48.80, 0.972, 0.980, 0.085905, 0.020781,1,1,0, 0.107667, 0.060149, 0.088877, 0.046998, 48.38, 0.972, 0.00, 0.000, 0.00, 0.000, 0.00, 0.000
25771,274922, 49.18, 48.96, 0.961, 0.971, 0.085373, 0.016728,1,1,0, 0.127241, 0.081533, 0.090209, 0.065185, 49.18, 0.961, 0.00, 0.000, 0.00, 0.000, 0.00, 0.000
25772,274933, 49.38, 49.14, 0.970, 0.978, 0.079950, 0.011723,1,1,0, 0.110301, 0.059689, 0.073558, 0.046411, 49.38, 0.970, 0.00, 0.000, 0.00, 0.000, 0.00, 0.000
25773,274944, 48.58, 48.90, 0.982, 0.987, 0.087029, 0.039151,1,1,0, 0.123700, 0.080201, 0.096572, 0.063829, 48.58, 0.982, 0.00, 0.000, 0.00, 0.000, 0.00, 0.000
25774,274954, 48.58, 48.77, 0.981, 0.986, 0.084397, 0.027436,1,1,0, 0.121259, 0.070362, 0.089432, 0.053857, 48.58, 0.981, 0.00, 0.000, 0.00, 0.000, 0.00, 0.000
25775,274965, 48.58, 48.69, 0.961, 0.972, 0.089588, 0.026992,1,1,0, 0.134247, 0.089667, 0.095566, 0.067582, 48.58, 0.961, 0.00, 0.000, 0.00, 0.000, 0.00, 0.000
25776,274976, 50.00, 49.24, 0.943, 0.959, 0.095904, 0.036516,1,1,0, 0.142161, 0.094424, 0.105988, 0.072314, 50.00, 0.943, 0.00, 0.000, 0.00, 0.000, 0.00, 0.000
25777,274986, 51.28, 50.09, 0.962, 0.972, 0.092707, 0.025589,1,1,0, 0.135341, 0.086895, 0.098003, 0.069222, 51.28, 0.962, 0.00, 0.000, 0.00, 0.000, 0.00, 0.000
25778,274997, 51.72, 50.78, 0.988, 0.991, 0.100490, 0.022127,1,1,0, 0.137752, 0.090334, 0.110150, 0.075262, 51.72, 0.988, 0.00, 0.000, 0.00, 0.000, 0.00, 0.000
25779,275008, 52.17, 51.36, 0.987, 0.991, 0.096439, 0.015506,1,1,0, 0.130954, 0.086890, 0.098704, 0.073741, 52.17, 0.987, 0.00, 0.000, 0.00, 0.000, 0.00, 0.000
25780,275018, 52.17, 51.70, 0.994, 0.996, 0.097732, 0.022138,1,1,0, 0.136410, 0.088808, 0.107847, 0.075980, 52.17, 0.994, 0.00, 0.000, 0.00, 0.000, 0.00, 0.000
25781,275029, 51.94, 51.80, 0.997, 0.998, 0.096389, 0.036358,1,1,0, 0.132030, 0.087206, 0.106788, 0.072155, 51.94, 0.997, 0.00, 0.000, 0.00, 0.000, 0.00, 0.000
25782,275040, 51.72, 51.77, 0.995, 0.997, 0.099839, 0.029730,1,1,0, 0.137614, 0.092064, 0.110359, 0.074596, 51.72, 0.995, 0.00, 0.000, 0.00, 0.000, 0.00, 0.000
25783,275050, 51.72, 51.75, 0.994, 0.996, 0.111928, 0.056814,1,1,0, 0.160606, 0.101772, 0.125052, 0.079999, 51.72, 0.994, 0.00, 0.000, 0.00, 0.000, 0.00, 0.000
25784,275061, 51.94, 51.88, 0.963, 0.974, 0.167751, 0.176639,1,1,1, 0.252129, 0.151786, 0.202501, 0.111920, 51.94, 0.963, 0.00, 0.000, 0.00, 0.000, 0.00, 0.000
25785,275072, 54.29, 53.57, 0.937, 0.955, 0.157851, 0.123785,1,1,0, 0.182075, 0.114306, 0.137215, 0.099285, 54.29, 0.937, 0.00, 0.000, 0.00, 0.000, 0.00, 0.000
25786,275082, 55.04, 54.60, 0.939, 0.956, 0.159492, 0.086746,1,1,0, 0.205754, 0.121447, 0.174495, 0.109213, 55.04, 0.939, 0.00, 0.000, 0.00, 0.000, 0.00, 0.000
25787,275093, 55.29, 55.09, 0.987, 0.991, 0.147756, 0.060790,1,1,0, 0.136602, 0.093148, 0.125805, 0.076086, 55.29, 0.987, 0.00, 0.000, 0.00, 0.000, 0.00, 0.000
25788,275104, 54.79, 54.88, 0.984, 0.988, 0.148932, 0.042600,1,1,0, 0.196381, 0.121614, 0.169735, 0.106802, 54.79, 0.984, 0.00, 0.000, 0.00, 0.000, 0.00, 0.000
25789,275114, 54.05, 54.30, 0.958, 0.970, 0.203878, 0.199025,1,1,1, 0.333117, 0.152118, 0.254171, 0.121785, 54.05, 0.958, 0.00, 0.000, 0.00, 0.000, 0.00, 0.000
25790,275125, 52.86, 53.29, 0.945, 0.960, 0.209056, 0.139472,1,1,0, 0.329065, 0.197666, 0.248137, 0.157284, 52.86, 0.945, 0.00, 0.000, 0.00, 0.000, 0.00, 0.000
25791,275136, 57.14, 55.98, 0.874, 0.909, 0.219105, 0.099536,1,1,0, 0.337696, 0.180253, 0.247345, 0.149445, 57.14, 0.874, 0.00, 0.000, 0.00, 0.000, 0.00, 0.000
25792,275146, 59.11, 58.17, 0.972, 0.980, 0.211126, 0.069753,1,1,0, 0.235326, 0.156792, 0.228708, 0.145172, 59.11, 0.972, 0.00, 0.000, 0.00, 0.000, 0.00, 0.000
25793,275157, 59.11, 58.83, 0.993, 0.995, 0.205162, 0.048881,1,1,0, 0.298529, 0.182478, 0.224796, 0.156165, 59.11, 0.993, 0.00, 0.000, 0.00, 0.000, 0.00, 0.000
25794,275168, 57.69, 58.03, 0.960, 0.971, 0.261099, 0.302928,1,1,1, 0.400998, 0.204112, 0.330090, 0.153548, 57.69, 0.960, 0.00, 0.000, 0.00, 0.000, 0.00, 0.000
25795,275178, 56.87, 57.22, 0.960, 0.971, 0.244607, 0.212286,1,1,0, 0.255868, 0.177843, 0.253860, 0.155145, 56.87, 0.960, 0.00, 0.000, 0.00, 0.000, 0.00, 0.000
25796,275189, 60.00, 59.16, 0.926, 0.947, 0.290912, 0.216555,1,1,0, 0.429547, 0.236859, 0.345680, 0.220306, 60.00, 0.926, 0.00, 0.000, 0.00, 0.000, 0.00, 0.000
25797,275200, 61.85, 61.04, 0.979, 0.984, 0.295616, 0.174421,1,1,0, 0.395593, 0.227367, 0.340449, 0.179798, 61.85, 0.979, 30.84, 0.966, 0.00, 0.000, 0.00, 0.000
25798,275210, 62.17, 61.83, 0.992, 0.994, 0.274429, 0.122231,1,1,0, 0.295358, 0.186692, 0.286977, 0.159544, 62.17, 0.992, 31.08, 0.991, 0.00, 0.000, 0.00, 0.000
25799,275221, 30.76, 40.08, 0.997, 0.998, 0.281836, 0.098203,1,1,0, 0.378187, 0.210515, 0.320386, 0.194475, 30.76, 0.997, 61.53, 0.991, 0.00, 0.000, 0.00, 0.000
25800,275232, 61.53, 55.10, 0.977, 0.983, 0.286409, 0.151331,1,1,0, 0.346086, 0.212790, 0.323530, 0.174029, 61.53, 0.977, 31.25, 0.975, 0.00, 0.000, 0.00, 0.000
25801,275242, 31.08, 38.29, 0.972, 0.980, 0.266741, 0.106050,1,1,0, 0.277653, 0.177902, 0.232779, 0.147583, 31.08, 0.972, 62.82, 0.965, 0.00, 0.000, 0.00, 0.000
25802,275253, 32.25, 34.06, 0.993, 0.995, 0.290087, 0.143280,1,1,1, 0.367471, 0.232250, 0.335041, 0.216875, 32.25, 0.993, 64.51, 0.992, 0.00, 0.000, 0.00, 0.000
25803,275264, 32.69, 33.10, 0.998, 0.998, 0.302671, 0.162642,1,1,0, 0.375541, 0.231916, 0.342983, 0.180493, 32.69, 0.998, 65.21, 0.996, 0.00, 0.000, 0.00, 0.000
25804,275274, 65.57, 32.82, 0.996, 0.997, 0.281656, 0.113976,1,1,0, 0.244167, 0.160755, 0.233504, 0.152988, 65.57, 0.996, 32.69, 0.996, 0.00, 0.000, 0.00, 0.000
25805,275285, 32.60, 32.67, 0.998, 0.998, 0.284870, 0.081295,1,1,0, 0.347741, 0.228928, 0.325092, 0.205484, 32.60, 0.998, 65.21, 0.997, 0.00, 0.000, 0.00, 0.000
25806,275296, 64.86, 32.44, 0.997, 0.997, 0.287052, 0.133704,1,1,0, 0.336814, 0.213073, 0.328790, 0.171306, 64.86, 0.997, 32.34, 0.997, 0.00, 0.000, 0.00, 0.000
25807,275306, 64.86, 55.13, 0.996, 0.997, 0.289898, 0.146511,1,1,0, 0.334923, 0.186444, 0.329139, 0.176744, 64.86, 0.996, 32.34, 0.993, 0.00, 0.000, 0.00, 0.000
25808,275317, 32.43, 39.24, 0.996, 0.997, 0.295015, 0.102672,1,1,0, 0.408384, 0.258541, 0.329622, 0.217056, 32.43, 0.996, 64.86, 0.993, 0.00, 0.000, 0.00, 0.000
25809,275328, 33.42, 35.17, 0.993, 0.995, 0.296946, 0.071950,1,1,0, 0.392581, 0.229001, 0.317123, 0.214782, 33.42, 0.993, 67.03, 0.971, 0.00, 0.000, 0.00, 0.000
25810,275338, 68.57, 34.62, 0.994, 0.995, 0.301664, 0.078511,1,1,0, 0.384807, 0.245483, 0.316471, 0.198882, 68.57, 0.994, 34.38, 0.994, 0.00, 0.000, 0.00, 0.000
25811,275349, 68.57, 34.45, 0.998, 0.998, 0.281330, 0.055019,1,1,0, 0.236975, 0.171984, 0.264983, 0.160454, 68.57, 0.998, 34.38, 0.998, 0.00, 0.000, 0.00, 0.000
25812,275360, 68.57, 34.38, 0.998, 0.998, 0.286850, 0.041847,1,1,0, 0.387545, 0.243437, 0.312550, 0.217333, 68.57, 0.998, 34.28, 0.998, 0.00, 0.000, 0.00, 0.000
25813,275370, 68.57, 48.74, 0.998, 0.999, 0.295407, 0.088309,1,1,0, 0.386134, 0.221510, 0.325197, 0.195329, 68.57, 0.998, 34.38, 0.997, 0.00, 0.000, 0.00, 0.000
25814,275381, 68.96, 57.23, 0.998, 0.999, 0.304518, 0.089149,1,1,0, 0.392490, 0.241278, 0.324493, 0.210102, 68.96, 0.998, 34.38, 0.998, 0.00, 0.000, 0.00, 0.000
25815,275392, 68.96, 62.16, 0.999, 0.999, 0.283335, 0.062474,1,1,0, 0.338425, 0.188231, 0.253864, 0.155357, 68.96, 0.999, 34.48, 0.999, 0.00, 0.000, 0.00, 0.000
25816,275402, 68.96, 65.01, 0.999, 0.999, 0.295399, 0.098108,1,1,0, 0.390404, 0.233604, 0.333761, 0.219755, 68.96, 0.999, 34.48, 0.999, 0.00, 0.000, 0.00, 0.000
25817,275413, 68.57, 66.51, 0.999, 0.999, 0.302256, 0.103509,1,1,0, 0.398744, 0.227589, 0.334965, 0.187743, 68.57, 0.999, 34.28, 0.998, 0.00, 0.000, 0.00, 0.000
25818,275424, 68.57, 67.37, 0.998, 0.999, 0.315796, 0.138337,1,1,0, 0.426952, 0.219464, 0.355309, 0.204720, 68.57, 0.998, 34.28, 0.997, 0.00, 0.000, 0.00, 0.000
25819,275434, 68.57, 67.87, 0.993, 0.995, 0.305393, 0.096944,1,1,0, 0.434426, 0.241744, 0.356515, 0.197152, 68.57, 0.993, 34.18, 0.992, 0.00, 0.000, 0.00, 0.000
25820,275445, 35.19, 54.14, 0.992, 0.994, 0.318922, 0.113856,1,1,0, 0.424796, 0.249352, 0.365209, 0.236416, 35.19, 0.992, 70.58, 0.974, 0.00, 0.000, 0.00, 0.000
25821,275456, 72.72, 61.95, 0.991, 0.994, 0.321181, 0.120478,1,1,0, 0.413742, 0.234439, 0.361508, 0.201913, 72.72, 0.991, 36.25, 0.988, 0.00, 0.000, 0.00, 0.000
25822,275466, 72.72, 66.47, 0.999, 0.999, 0.324677, 0.121793,1,1,0, 0.394739, 0.251439, 0.354860, 0.222041, 72.72, 0.999, 36.47, 0.999, 0.00, 0.000, 0.00, 0.000
25823,275477, 72.72, 69.10, 0.999, 0.999, 0.303584, 0.085350,1,1,0, 0.287751, 0.195874, 0.254627, 0.172093, 72.72, 0.999, 36.36, 0.998, 0.00, 0.000, 0.00, 0.000
25824,275488, 72.28, 70.44, 0.998, 0.999, 0.317575, 0.129138,1,1,0, 0.399125, 0.259893, 0.370358, 0.229117, 72.28, 0.998, 36.25, 0.998, 0.00, 0.000, 0.00, 0.000
25825,275498, 36.92, 46.97, 0.988, 0.992, 0.361280, 0.205118,1,1,1, 0.479469, 0.270579, 0.423070, 0.255345, 36.92, 0.988, 74.07, 0.982, 0.00, 0.000, 0.00, 0.000
25826,275509, 75.94, 67.25, 0.978, 0.984, 0.370316, 0.144253,1,1,0, 0.462791, 0.275758, 0.413834, 0.239072, 75.94, 0.978, 37.97, 0.976, 0.00, 0.000, 0.00, 0.000
25827,275520, 76.92, 74.02, 0.995, 0.996, 0.376379, 0.118034,1,1,0, 0.456676, 0.287849, 0.404268, 0.253948, 76.92, 0.995, 38.58, 0.994, 0.00, 0.000, 0.00, 0.000
25828,275530, 77.41, 76.40, 0.999, 0.999, 0.372378, 0.145955,1,1,0, 0.425988, 0.234625, 0.412293, 0.223921, 77.41, 0.999, 38.58, 0.998, 0.00, 0.000, 0.00, 0.000
25829,275541, 76.92, 76.76, 0.999, 0.999, 0.361144, 0.102282,1,1,0, 0.464982, 0.269430, 0.412401, 0.223343, 76.92, 0.999, 38.46, 0.998, 0.00, 0.000, 0.00, 0.000
25830,275552, 77.41, 77.22, 0.994, 0.995, 0.418684, 0.236113,1,1,0, 0.556246, 0.334097, 0.502518, 0.308172, 77.41, 0.994, 38.70, 0.993, 0.00, 0.000, 0.00, 0.000
25831,275562, 39.60, 50.88, 0.984, 0.988, 0.435142, 0.168708,1,1,0, 0.535510, 0.312220, 0.497210, 0.294955, 39.60, 0.984, 79.47, 0.977, 0.00, 0.000, 0.00, 0.000
25832,275573, 81.08, 72.02, 0.985, 0.989, 0.435792, 0.129881,1,1,0, 0.521633, 0.308345, 0.478872, 0.278959, 81.08, 0.985, 40.67, 0.980, 0.00, 0.000, 0.00, 0.000
25833,275584, 81.63, 78.74, 0.999, 0.999, 0.438305, 0.145863,1,1,0, 0.518607, 0.319061, 0.485588, 0.277904, 81.63, 0.999, 40.95, 0.998, 0.00, 0.000, 0.00, 0.000
25834,275594, 81.63, 80.76, 0.998, 0.999, 0.456055, 0.208118,1,1,0, 0.533349, 0.339966, 0.509889, 0.306017, 81.63, 0.998, 40.81, 0.997, 0.00, 0.000, 0.00, 0.000
25835,275605, 82.19, 81.36, 0.989, 0.992, 0.447763, 0.145845,1,1,0, 0.488452, 0.310557, 0.483264, 0.295099, 82.19, 0.989, 40.95, 0.985, 0.00, 0.000, 0.00, 0.000
25836,275616, 42.10, 64.87, 0.982, 0.987, 0.437685, 0.123928,1,1,0, 0.458968, 0.296524, 0.466998, 0.276370, 42.10, 0.982, 83.91, 0.979, 0.00, 0.000, 0.00, 0.000
25837,275626, 86.33, 73.88, 0.995, 0.996, 0.419801, 0.149674,1,1,0, 0.472087, 0.300236, 0.462609, 0.269246, 86.33, 0.995, 43.16, 0.992, 0.00, 0.000, 0.00, 0.000
25838,275637, 86.33, 79.11, 0.999, 0.999, 0.411714, 0.107521,1,1,0, 0.474183, 0.313543, 0.466815, 0.277553, 86.33, 0.999, 43.32, 0.998, 0.00, 0.000, 0.00, 0.000
25839,275648, 86.95, 82.40, 0.999, 0.999, 0.411081, 0.088053,1,1,0, 0.478050, 0.323091, 0.455448, 0.291930, 86.95, 0.999, 43.32, 0.999, 0.00, 0.000, 0.00, 0.000
25840,275658, 86.33, 84.05, 0.999, 0.999, 0.411244, 0.075556,1,1,0, 0.474152, 0.322948, 0.448678, 0.298940, 86.33, 0.999, 43.32, 0.998, 0.00, 0.000, 0.00, 0.000
25841,275669, 86.33, 85.64, 0.996, 0.997, 0.437206, 0.185641,1,1,1, 0.528960, 0.347937, 0.497449, 0.324444, 86.33, 0.996, 43.16, 0.995, 0.00, 0.000, 0.00, 0.000
25842,275680, 88.23, 87.45, 0.982, 0.987, 0.440605, 0.130093,1,1,0, 0.523449, 0.342944, 0.481473, 0.318327, 88.23, 0.982, 43.79, 0.982, 0.00, 0.000, 0.00, 0.000
25843,275690, 90.22, 89.39, 0.983, 0.988, 0.436963, 0.099029,1,1,0, 0.511875, 0.331901, 0.477902, 0.308766, 90.22, 0.983, 45.11, 0.979, 0.00, 0.000, 0.00, 0.000
25844,275701, 91.60, 90.94, 0.999, 0.999, 0.431806, 0.094511,1,1,0, 0.495625, 0.324998, 0.470714, 0.301979, 91.60, 0.999, 45.80, 0.998, 30.53, 0.998, 0.00, 0.000
25845,275712, 91.60, 91.40, 0.999, 0.999, 0.430217, 0.115665,1,1,0, 0.489946, 0.329572, 0.474588, 0.305348, 91.60, 0.999, 30.53, 0.999, 45.80, 0.998, 0.00, 0.000
25846,275722, 91.60, 91.54, 0.999, 0.999, 0.436250, 0.123830,1,1,0, 0.507446, 0.335843, 0.478211, 0.311142, 91.60, 0.999, 30.53, 0.999, 45.80, 0.999, 0.00, 0.000
25847,275733, 91.60, 91.58, 0.999, 0.999, 0.440977, 0.118681,1,1,0, 0.515558, 0.337779, 0.485632, 0.312170, 91.60, 0.999, 45.80, 0.999, 30.53, 0.999, 0.00, 0.000
25848,275744, 30.84, 49.06, 0.995, 0.996, 0.458116, 0.177250,1,1,0, 0.544800, 0.362819, 0.515903, 0.336091, 30.84, 0.995, 92.30, 0.994, 46.15, 0.993, 0.00, 0.000
25849,275754, 31.49, 80.86, 0.993, 0.990, 0.462535, 0.152522,1,1,0, 0.526398, 0.363150, 0.517338, 0.335487, 31.49, 0.993, 94.48, 0.986, 47.24, 0.979, 0.00, 0.000
25850,275765, 32.08, 46.71, 0.995, 0.996, 0.461885, 0.106885,1,1,0, 0.543671, 0.362036, 0.501382, 0.332875, 32.08, 0.995, 96.00, 0.992, 48.19, 0.990, 0.00, 0.000
25851,275776, 97.56, 47.50, 0.999, 0.999, 0.459013, 0.097308,1,1,0, 0.530681, 0.356055, 0.501272, 0.327454, 97.56, 0.999, 48.58, 0.999, 32.43, 0.999, 0.00, 0.000
25852,275786, 48.58, 47.95, 0.999, 0.999, 0.454906, 0.091332,1,1,0, 0.527159, 0.353517, 0.497242, 0.324795, 48.58, 0.999, 97.56, 0.999, 32.43, 0.998, 0.00, 0.000
25853,275797, 48.58, 48.21, 0.999, 0.999, 0.454755, 0.108118,1,1,0, 0.516263, 0.350998, 0.503517, 0.324131, 48.58, 0.999, 97.56, 0.999, 32.43, 0.998, 0.00, 0.000
25854,275808, 97.56, 68.94, 0.992, 0.994, 0.475120, 0.181817,1,1,0, 0.566249, 0.371111, 0.545188, 0.351606, 97.56, 0.992, 48.78, 0.989, 32.52, 0.984, 0.00, 0.000
25855,275818, 33.24, 53.94, 0.981, 0.986, 0.474258, 0.127413,1,1,0, 0.543868, 0.373340, 0.528157, 0.358055, 33.24, 0.981, 100.00, 0.979, 49.79, 0.960, 0.00, 0.000
25856,275829, 101.69, 74.00, 0.985, 0.989, 0.482788, 0.141990,1,1,0, 0.531701, 0.380623, 0.516426, 0.359310, 101.69, 0.985, 33.89, 0.984, 51.06, 0.980, 0.00, 0.000
25857,275840, 34.38, 86.36, 0.999, 0.999, 0.483413, 0.153869,1,1,0, 0.538570, 0.379799, 0.519876, 0.349279, 34.38, 0.999, 103.44, 0.999, 51.50, 0.998, 0.00, 0.000
25858,275850, 51.50, 93.54, 0.999, 0.999, 0.472331, 0.107828,1,1,0, 0.530994, 0.360795, 0.500426, 0.332394, 51.50, 0.999, 34.38, 0.999, 103.44, 0.998, 0.00, 0.000
25859,275861, 34.38, 97.70, 0.999, 0.999, 0.462170, 0.085180,1,1,0, 0.518075, 0.345815, 0.492483, 0.327461, 34.38, 0.999, 103.44, 0.999, 51.50, 0.998, 0.00, 0.000
25860,275872, 103.44, 100.11, 0.999, 0.999, 0.457805, 0.091658,1,1,0, 0.520787, 0.353241, 0.491493, 0.337608, 103.44, 0.999, 51.72, 0.999, 34.48, 0.998, 0.00, 0.000
25861,275882, 103.44, 101.51, 0.999, 0.999, 0.460512, 0.112723,1,1,0, 0.524898, 0.374429, 0.502859, 0.352517, 103.44, 0.999, 34.48, 0.999, 51.72, 0.999, 0.00, 0.000
25862,275893, 103.44, 102.32, 0.999, 0.999, 0.461219, 0.122631,1,1,0, 0.527391, 0.368075, 0.507710, 0.338761, 103.44, 0.999, 51.72, 0.999, 34.48, 0.999, 0.00, 0.000
25863,275904, 103.44, 102.79, 0.998, 0.998, 0.445681, 0.085937,1,1,0, 0.496319, 0.341064, 0.476266, 0.311849, 103.44, 0.998, 34.38, 0.997, 51.50, 0.997, 0.00, 0.000
25864,275914, 34.38, 74.06, 0.999, 0.999, 0.445589, 0.125257,1,1,0, 0.505005, 0.338373, 0.500582, 0.321335, 34.38, 0.999, 51.50, 0.997, 103.44, 0.996, 0.00, 0.000
25865,275925, 103.44, 86.40, 0.989, 0.992, 0.425316, 0.087777,1,1,0, 0.472084, 0.289489, 0.461620, 0.284764, 103.44, 0.989, 51.50, 0.983, 34.38, 0.982, 0.00, 0.000
25866,275936, 103.44, 93.56, 0.947, 0.961, 0.384685, 0.061512,1,1,0, 0.253834, 0.120014, 0.251284, 0.113694, 103.44, 0.947, 34.58, 0.920, 51.72, 0.882, 0.00, 0.000
25867,275946, 104.34, 98.09, 0.928, 0.948, 0.341319, 0.043107,1,1,0, 0.103732, 0.062257, 0.069184, 0.040406, 104.34, 0.928, 52.40, 0.836, 34.48, 0.580, 0.00, 0.000
25868,275957, 105.26, 101.10, 0.864, 0.902, 0.302975, 0.030208,1,1,0, 0.069409, 0.033744, 0.090239, 0.044130, 105.26, 0.864, 31.49, 0.830, 51.72, 0.478, 0.00, 0.000
25869,275968, 32.60, 72.33, 0.802, 0.805, 0.268775, 0.021169,1,1,0, 0.073386, 0.038100, 0.068479, 0.033836, 32.60, 0.802, 45.28, 0.558, 108.10, 0.435, 0.00, 0.000
25870,275978, 33.70, 56.11, 0.565, 0.574, 0.238921, 0.014835,1,1,0, 0.080045, 0.037551, 0.076714, 0.036201, 33.70, 0.565, 56.33, 0.563, 97.56, 0.146, 0.00, 0.000
25871,275989, 55.29, 55.77, 0.716, 0.774, 0.212406, 0.010396,1,1,0, 0.054331, 0.030890, 0.051070, 0.030550, 55.29, 0.716, 35.29, 0.614, 108.10, 0.461, 0.00, 0.000
25872,276000, 54.05, 55.04, 0.652, 0.717, 0.187279, 0.007285,1,1,0, 0.035633, 0.015293, 0.032190, 0.013662, 54.05, 0.652, 32.60, 0.419, 88.23, 0.360, 39.73, 0.151
25873,276010, 55.81, 55.37, 0.627, 0.698, 0.167030, 0.005105,1,1,0, 0.065075, 0.034256, 0.057649, 0.031521, 55.81, 0.627, 85.10, 0.497, 40.13, 0.396, 34.48, 0.174
25874,276021, 55.29, 55.34, 0.792, 0.850, 0.149379, 0.003577,1,1,0, 0.070107, 0.032048, 0.057816, 0.029639, 55.29, 0.792, 33.89, 0.462, 84.50, 0.429, 41.09, 0.324
25875,276032, 54.54, 55.00, 0.604, 0.688, 0.132453, 0.002507,1,1,0, 0.065834, 0.021908, 0.051809, 0.016644, 54.54, 0.604, 32.43, 0.567, 41.95, 0.472, 84.50, 0.362
25876,276042, 55.29, 55.12, 0.752, 0.822, 0.120408, 0.001757,1,1,0, 0.072804, 0.042208, 0.068545, 0.040311, 55.29, 0.752, 40.67, 0.512, 84.50, 0.235, 148.14, 0.071
25877,276053, 55.55, 55.30, 0.655, 0.739, 0.107791, 0.001231,1,1,0, 0.050953, 0.026076, 0.055866, 0.022781, 55.55, 0.655, 40.00, 0.568, 90.22, 0.208, 142.85, 0.143
25878,276064, 54.79, 55.09, 0.683, 0.759, 0.097036, 0.000862,1,1,0, 0.050684, 0.027478, 0.054366, 0.026486, 54.79, 0.683, 32.78, 0.413, 40.00, 0.334, 86.95, 0.259
25879,276074, 55.04, 55.07, 0.825, 0.874, 0.086903, 0.000604,1,1,0, 0.054255, 0.021295, 0.050627, 0.020030, 55.04, 0.825, 34.48, 0.479, 90.90, 0.362, 38.83, 0.235
25880,276085, 55.81, 55.38, 0.858, 0.898, 0.078331, 0.000423,1,1,0, 0.056988, 0.024701, 0.050859, 0.023882, 55.81, 0.858, 40.81, 0.325, 36.03, 0.178, 91.60, 0.158
25881,276096, 55.29, 55.34, 0.919, 0.941, 0.071627, 0.000296,1,1,0, 0.058992, 0.030226, 0.051540, 0.028188, 55.29, 0.919, 34.18, 0.395, 41.81, 0.318, 85.71, 0.303
25882,276106, 54.79, 55.11, 0.939, 0.956, 0.063963, 0.000208,1,1,0, 0.032060, 0.012473, 0.036663, 0.013039, 54.79, 0.939, 157.89, 0.277, 86.33, 0.271, 34.09, 0.243
25883,276117, 55.04, 55.08, 0.962, 0.972, 0.059005, 0.000145,1,1,0, 0.060033, 0.030668, 0.055426, 0.029187, 55.04, 0.962, 40.40, 0.412, 83.91, 0.304, 155.84, 0.296
25884,276128, 55.55, 55.28, 0.947, 0.962, 0.053603, 0.000102,1,1,0, 0.048078, 0.022870, 0.043335, 0.019649, 55.55, 0.947, 34.28, 0.435, 40.40, 0.391, 88.23, 0.347
25885,276138, 55.55, 55.39, 0.948, 0.962, 0.049134, 0.000071,1,1,0, 0.055144, 0.023791, 0.052946, 0.024393, 55.55, 0.948, 40.13, 0.286, 142.85, 0.265, 32.96, 0.197
25886,276149, 55.04, 55.24, 0.987, 0.990, 0.048910, 0.021044,1,1,0, 0.059743, 0.031937, 0.054809, 0.029380, 55.04, 0.987, 34.48, 0.493, 91.60, 0.339, 139.53, 0.224
25887,276160, 55.04, 55.16, 0.987, 0.990, 0.044347, 0.014747,1,1,0, 0.031964, 0.014893, 0.037775, 0.015735, 55.04, 0.987, 90.90, 0.220, 142.85, 0.212, 34.78, 0.181
25888,276170, 55.04, 55.11, 0.987, 0.991, 0.043119, 0.014986,1,1,0, 0.054532, 0.026920, 0.049094, 0.026037, 55.04, 0.987, 87.59, 0.273, 33.70, 0.265, 40.26, 0.248
25889,276181, 55.29, 55.19, 0.987, 0.991, 0.039397, 0.010501,1,1,0, 0.038192, 0.019182, 0.034324, 0.016355, 55.29, 0.987, 34.28, 0.409, 88.88, 0.320, 40.00, 0.280
25890,276192, 55.55, 55.34, 0.989, 0.992, 0.038337, 0.013210,1,1,0, 0.046767, 0.021152, 0.045285, 0.021545, 55.55, 0.989, 32.87, 0.360, 40.81, 0.280, 148.14, 0.260
25891,276202, 55.55, 55.43, 0.991, 0.993, 0.043827, 0.038584,1,1,0, 0.054613, 0.029163, 0.052790, 0.027166, 55.55, 0.991, 34.38, 0.398, 89.55, 0.323, 146.34, 0.249
25892,276213, 55.29, 55.37, 0.991, 0.993, 0.039874, 0.027039,1,1,0, 0.032915, 0.014802, 0.036313, 0.015250, 55.29, 0.991, 40.00, 0.283, 146.34, 0.256, 88.88, 0.172
25893,276224, 55.04, 55.23, 0.990, 0.992, 0.041945, 0.026406,1,1,0, 0.049106, 0.028888, 0.050001, 0.027275, 55.04, 0.990, 39.86, 0.291, 144.57, 0.267, 33.42, 0.262
25894,276234, 55.04, 55.15, 0.984, 0.988, 0.038501, 0.018504,1,1,0, 0.039389, 0.019701, 0.033406, 0.017763, 55.04, 0.984, 34.78, 0.523, 92.30, 0.344, 139.53, 0.222
25895,276245, 55.29, 55.21, 0.974, 0.981, 0.038969, 0.019179,1,1,0, 0.049316, 0.023027, 0.047152, 0.022485, 55.29, 0.974, 33.33, 0.346, 91.60, 0.249, 131.86, 0.212
25896,276256, 55.29, 55.25, 0.983, 0.988, 0.041409, 0.034768,1,1,0, 0.052402, 0.026117, 0.049997, 0.024535, 55.29, 0.983, 34.48, 0.573, 91.60, 0.374, 139.53, 0.232
25897,276266, 55.29, 55.27, 0.971, 0.979, 0.038497, 0.024364,1,1,0, 0.051515, 0.017564, 0.048489, 0.016289, 55.29, 0.971, 39.60, 0.280, 142.85, 0.263, 90.90, 0.152
25898,276277, 55.29, 55.28, 0.978, 0.984, 0.037971, 0.017074,1,1,0, 0.047365, 0.025122, 0.042527, 0.024219, 55.29, 0.978, 40.54, 0.363, 151.89, 0.271, 87.59, 0.235
25899,276288, 55.29, 55.29, 0.958, 0.969, 0.034803, 0.011965,1,1,0, 0.033493, 0.016109, 0.031109, 0.015108, 55.29, 0.958, 40.13, 0.307, 34.68, 0.280, 90.22, 0.267
25900,276298, 55.55, 55.40, 0.962, 0.973, 0.037198, 0.024255,1,1,0, 0.049129, 0.024448, 0.046004, 0.023388, 55.55, 0.962, 39.60, 0.285, 139.53, 0.278, 89.55, 0.159
25901,276309, 55.29, 55.35, 0.973, 0.980, 0.037515, 0.016997,1,1,0, 0.051091, 0.026346, 0.041763, 0.022789, 55.29, 0.973, 34.38, 0.726, 90.90, 0.435, 144.57, 0.221
25902,276320, 55.04, 55.22, 0.953, 0.966, 0.038636, 0.020732,1,1,0, 0.043352, 0.028761, 0.048160, 0.023024, 55.04, 0.953, 136.36, 0.228, 39.08, 0.202, 90.22, 0.198
25903,276330, 43.32, 46.89, 0.463, 0.521, 0.158301, 0.288960,1,1,1, 0.359700, 0.161736, 0.220325, 0.092890, 43.32, 0.463, 85.71, 0.363, 33.05, 0.355, 59.11, 0.095
25904,276341, 42.25, 43.64, 0.608, 0.652, 0.315737, 0.422149,1,1,0, 0.426645, 0.248751, 0.431466, 0.204765, 42.25, 0.608, 31.16, 0.197, 78.43, 0.192, 0.00, 0.000
25905,276352, 39.73, 40.90, 0.866, 0.904, 0.350061, 0.380046,1,1,0, 0.500539, 0.201765, 0.458755, 0.180027, 39.73, 0.866, 77.92, 0.232, 0.00, 0.000, 0.00, 0.000
25906,276362, 41.37, 41.23, 0.843, 0.887, 0.425324, 0.289388,1,1,0, 0.682196, 0.366201, 0.510150, 0.313004, 41.37, 0.843, 82.75, 0.297, 0.00, 0.000, 0.00, 0.000
25907,276373, 41.09, 41.13, 0.975, 0.982, 0.381542, 0.202797,1,1,0, 0.301264, 0.158947, 0.169504, 0.086098, 41.09, 0.975, 80.53, 0.253, 0.00, 0.000, 0.00, 0.000
25908,276384, 41.09, 41.10, 0.995, 0.996, 0.436856, 0.177662,1,1,0, 0.654341, 0.372270, 0.491214, 0.331957, 41.09, 0.995, 87.59, 0.234, 0.00, 0.000, 0.00, 0.000
25909,276394, 41.23, 41.19, 0.995, 0.996, 0.392199, 0.124502,1,1,0, 0.238406, 0.128037, 0.244897, 0.094258, 41.23, 0.995, 80.00, 0.207, 0.00, 0.000, 0.00, 0.000
25910,276405, 41.52, 41.42, 0.995, 0.996, 0.413006, 0.145378,1,1,0, 0.595832, 0.352496, 0.455270, 0.267360, 41.52, 0.995, 86.33, 0.195, 0.00, 0.000, 0.00, 0.000
25911,276416, 41.37, 41.39, 0.989, 0.992, 0.381306, 0.101878,1,1,0, 0.213576, 0.149012, 0.367415, 0.188854, 41.37, 0.989, 77.92, 0.205, 0.00, 0.000, 0.00, 0.000
25912,276426, 40.95, 41.08, 0.990, 0.993, 0.457089, 0.290778,1,1,1, 0.638917, 0.343799, 0.507700, 0.284390, 40.95, 0.990, 87.59, 0.173, 0.00, 0.000, 0.00, 0.000
25913,276437, 41.23, 41.19, 0.990, 0.992, 0.421574, 0.203771,1,1,0, 0.573733, 0.215558, 0.373126, 0.198337, 41.23, 0.990, 80.00, 0.157, 0.00, 0.000, 0.00, 0.000
25914,276448, 40.95, 41.02, 0.989, 0.992, 0.384628, 0.142798,1,1,0, 0.400357, 0.198192, 0.349406, 0.148289, 40.95, 0.989, 80.53, 0.210, 0.00, 0.000, 0.00, 0.000
25915,276458, 40.95, 40.97, 0.998, 0.998, 0.445699, 0.205246,1,1,0, 0.635806, 0.346315, 0.524165, 0.313562, 40.95, 0.998, 87.59, 0.206, 0.00, 0.000, 0.00, 0.000
25916,276469, 41.09, 41.06, 0.995, 0.996, 0.403673, 0.143832,1,1,0, 0.408603, 0.190032, 0.264204, 0.128437, 41.09, 0.995, 78.43, 0.225, 32.69, 0.134, 0.00, 0.000
25917,276480, 41.23, 41.18, 0.997, 0.998, 0.438361, 0.185281,1,1,0, 0.600793, 0.334889, 0.496635, 0.296171, 41.23, 0.997, 91.60, 0.221, 0.00, 0.000, 0.00, 0.000
25918,276490, 41.23, 41.22, 0.992, 0.994, 0.397546, 0.129841,1,1,0, 0.208482, 0.121455, 0.226356, 0.122771, 41.23, 0.992, 73.61, 0.181, 0.00, 0.000, 0.00, 0.000
25919,276501, 41.23, 41.23, 0.994, 0.996, 0.478516, 0.308592,1,1,0, 0.636496, 0.392957, 0.548314, 0.314669, 41.23, 0.994, 96.77, 0.128, 0.00, 0.000, 0.00, 0.000
25920,276512, 41.23, 41.23, 0.993, 0.995, 0.436433, 0.216255,1,1,0, 0.205385, 0.123159, 0.318525, 0.164834, 41.23, 0.993, 72.72, 0.062, 0.00, 0.000, 0.00, 0.000
25921,276522, 40.95, 41.03, 0.995, 0.996, 0.477032, 0.314004,1,1,0, 0.613319, 0.296909, 0.548968, 0.262142, 40.95, 0.995, 103.44, 0.171, 0.00, 0.000, 0.00, 0.000
25922,276533, 40.95, 41.00, 0.998, 0.999, 0.456059, 0.220047,1,1,0, 0.627990, 0.280525, 0.546191, 0.242638, 40.95, 0.998, 69.76, 0.120, 90.90, 0.077, 0.00, 0.000
25923,276544, 41.37, 41.16, 0.994, 0.996, 0.413988, 0.154204,1,1,0, 0.465650, 0.227028, 0.328895, 0.150233, 41.37, 0.994, 31.57, 0.334, 73.17, 0.189, 0.00, 0.000
25924,276554, 41.23, 41.19, 0.996, 0.997, 0.446662, 0.178668,1,1,0, 0.590331, 0.309307, 0.516309, 0.294146, 41.23, 0.996, 93.02, 0.230, 0.00, 0.000, 0.00, 0.000
25925,276565, 41.37, 41.27, 0.988, 0.991, 0.406983, 0.125207,1,1,0, 0.479374, 0.173210, 0.360550, 0.148710, 41.37, 0.988, 74.53, 0.251, 0.00, 0.000, 0.00, 0.000
25926,276576, 41.37, 41.31, 0.995, 0.996, 0.475202, 0.288933,1,1,0, 0.601702, 0.369384, 0.553559, 0.317396, 41.37, 0.995, 98.36, 0.200, 0.00, 0.000, 0.00, 0.000
25927,276586, 41.37, 41.34, 0.992, 0.994, 0.430459, 0.202479,1,1,0, 0.205526, 0.111875, 0.249712, 0.129359, 41.37, 0.992, 69.76, 0.150, 0.00, 0.000, 0.00, 0.000
25928,276597, 40.95, 41.18, 0.997, 0.998, 0.486544, 0.271109,1,1,0, 0.592818, 0.381197, 0.543094, 0.322635, 40.95, 0.997, 105.26, 0.228, 0.00, 0.000, 0.00, 0.000
25929,276608, 41.09, 41.14, 0.997, 0.998, 0.441162, 0.189988,1,1,0, 0.374786, 0.131760, 0.267704, 0.142624, 41.09, 0.997, 67.41, 0.155, 105.26, 0.031, 0.00, 0.000
25930,276618, 41.37, 41.24, 0.996, 0.997, 0.419130, 0.187657,1,1,0, 0.507928, 0.267839, 0.472800, 0.225840, 41.37, 0.996, 30.61, 0.653, 106.19, 0.179, 70.17, 0.087
25931,276629, 41.37, 41.30, 0.997, 0.997, 0.437390, 0.194902,1,1,0, 0.557886, 0.273658, 0.526935, 0.249703, 41.37, 0.997, 69.76, 0.191, 94.48, 0.119, 0.00, 0.000
25932,276640, 41.37, 41.33, 0.988, 0.991, 0.407094, 0.136583,1,1,0, 0.546439, 0.274375, 0.418407, 0.207806, 41.37, 0.988, 71.00, 0.268, 31.16, 0.249, 102.56, 0.112
25933,276650, 41.37, 41.35, 0.996, 0.997, 0.459617, 0.263418,1,1,0, 0.558687, 0.294737, 0.548215, 0.286116, 41.37, 0.996, 100.00, 0.255, 71.42, 0.086, 0.00, 0.000
25934,276661, 41.23, 41.30, 0.989, 0.992, 0.416046, 0.184598,1,1,0, 0.286459, 0.129615, 0.253697, 0.127188, 41.23, 0.989, 69.76, 0.195, 0.00, 0.000, 0.00, 0.000
25935,276672, 40.95, 41.15, 0.998, 0.998, 0.478608, 0.261058,1,1,0, 0.569666, 0.398864, 0.550393, 0.340833, 40.95, 0.998, 107.14, 0.250, 64.86, 0.113, 0.00, 0.000
25936,276682, 41.09, 41.13, 0.996, 0.997, 0.432865, 0.182944,1,1,0, 0.168052, 0.094683, 0.222813, 0.126782, 41.09, 0.996, 66.66, 0.191, 111.11, 0.001, 0.00, 0.000
25937,276693, 41.37, 41.23, 0.998, 0.998, 0.471265, 0.265627,1,1,0, 0.552575, 0.357954, 0.527900, 0.317643, 41.37, 0.998, 30.07, 0.938, 108.10, 0.291, 65.93, 0.008
25938,276704, 41.23, 41.23, 0.996, 0.997, 0.428149, 0.186146,1,1,0, 0.449169, 0.166323, 0.349092, 0.141001, 41.23, 0.996, 67.79, 0.253, 103.44, 0.043, 0.00, 0.000
25939,276714, 41.37, 41.29, 0.991, 0.994, 0.418481, 0.130447,1,1,0, 0.580899, 0.302385, 0.454717, 0.237190, 41.37, 0.991, 30.76, 0.457, 69.36, 0.237, 109.09, 0.167
25940,276725, 41.37, 41.33, 0.996, 0.997, 0.441558, 0.195634,1,1,0, 0.507289, 0.261331, 0.531375, 0.261713, 41.37, 0.996, 100.00, 0.197, 68.18, 0.154, 0.00, 0.000
25941,276736, 41.09, 41.23, 0.992, 0.994, 0.446338, 0.199415,1,1,0, 0.614957, 0.268704, 0.489186, 0.233176, 41.09, 0.992, 31.08, 0.205, 69.36, 0.201, 110.09, 0.163
25942,276746, 41.09, 41.17, 0.998, 0.999, 0.464939, 0.199172,1,1,0, 0.598620, 0.322373, 0.536244, 0.294419, 41.09, 0.998, 105.26, 0.284, 65.21, 0.146, 0.00, 0.000
25943,276757, 41.23, 41.20, 0.996, 0.997, 0.419247, 0.139575,1,1,0, 0.194588, 0.118751, 0.180717, 0.112817, 41.23, 0.996, 66.66, 0.244, 113.20, 0.038, 0.00, 0.000
25944,276768, 41.23, 41.21, 0.998, 0.999, 0.455892, 0.175954,1,1,0, 0.579289, 0.378206, 0.505135, 0.331083, 41.23, 0.998, 106.19, 0.305, 65.21, 0.060, 0.00, 0.000
25945,276778, 41.23, 41.22, 0.995, 0.996, 0.411052, 0.123305,1,1,0, 0.185989, 0.093605, 0.186202, 0.107278, 41.23, 0.995, 67.79, 0.254, 111.11, 0.018, 0.00, 0.000
25946,276789, 41.37, 41.28, 0.998, 0.998, 0.466231, 0.188853,1,1,0, 0.611373, 0.358077, 0.504305, 0.322186, 41.37, 0.998, 30.15, 0.961, 109.09, 0.300, 67.03, 0.097
25947,276800, 41.37, 41.32, 0.996, 0.997, 0.423534, 0.132344,1,1,0, 0.436355, 0.186117, 0.443714, 0.163179, 41.37, 0.996, 67.41, 0.264, 103.44, 0.076, 0.00, 0.000
25948,276810, 41.09, 41.23, 0.995, 0.996, 0.459975, 0.281253,1,1,0, 0.634000, 0.336955, 0.526705, 0.266085, 41.09, 0.995, 30.22, 0.604, 110.09, 0.248, 67.03, 0.244
25949,276821, 41.09, 41.17, 0.998, 0.998, 0.441848, 0.197097,1,1,0, 0.445554, 0.237740, 0.501231, 0.255126, 41.09, 0.998, 105.26, 0.278, 65.57, 0.188, 0.00, 0.000
25950,276832, 41.23, 41.20, 0.995, 0.996, 0.425520, 0.210933,1,1,0, 0.547270, 0.202215, 0.485849, 0.190620, 41.23, 0.995, 68.96, 0.206, 31.83, 0.158, 111.11, 0.152
25951,276842, 41.23, 41.21, 0.998, 0.998, 0.433109, 0.147817,1,1,0, 0.597095, 0.336000, 0.489643, 0.296683, 41.23, 0.998, 106.19, 0.290, 65.57, 0.195, 0.00, 0.000
25952,276853, 41.23, 41.22, 0.994, 0.996, 0.392815, 0.103587,1,1,0, 0.266828, 0.139101, 0.212834, 0.126629, 41.23, 0.994, 67.03, 0.327, 113.20, 0.028, 0.00, 0.000
25953,276864, 41.37, 41.28, 0.998, 0.998, 0.445791, 0.234610,1,1,0, 0.621200, 0.365585, 0.514094, 0.331825, 41.37, 0.998, 107.14, 0.345, 66.29, 0.077, 0.00, 0.000
25954,276874, 41.37, 41.32, 0.996, 0.997, 0.399892, 0.164410,1,1,0, 0.229577, 0.104918, 0.184849, 0.095925, 41.37, 0.996, 67.03, 0.278, 110.09, 0.101, 0.00, 0.000
25955,276885, 41.09, 41.23, 0.996, 0.997, 0.461585, 0.303305,1,1,0, 0.632087, 0.351583, 0.537214, 0.307080, 41.09, 0.996, 111.11, 0.324, 65.93, 0.229, 0.00, 0.000
25956,276896, 41.09, 41.17, 0.997, 0.998, 0.420520, 0.212550,1,1,0, 0.390196, 0.194088, 0.458970, 0.195034, 41.09, 0.997, 65.57, 0.255, 107.14, 0.186, 0.00, 0.000
25957,276906, 41.23, 41.20, 0.997, 0.998, 0.454922, 0.257894,1,1,0, 0.599548, 0.317854, 0.509889, 0.268742, 41.23, 0.997, 30.45, 0.720, 111.11, 0.291, 66.66, 0.212
25958,276917, 41.23, 41.21, 0.998, 0.998, 0.418564, 0.180726,1,1,0, 0.443338, 0.216597, 0.431670, 0.219434, 41.23, 0.998, 106.19, 0.305, 65.57, 0.226, 0.00, 0.000
25959,276928, 41.37, 41.28, 0.993, 0.995, 0.382776, 0.126649,1,1,0, 0.317992, 0.171062, 0.358237, 0.151729, 41.37, 0.993, 68.57, 0.327, 113.20, 0.085, 0.00, 0.000
25960,276938, 41.37, 41.32, 0.998, 0.998, 0.433831, 0.237390,1,1,0, 0.606444, 0.339187, 0.520884, 0.310039, 41.37, 0.998, 104.34, 0.321, 66.29, 0.170, 0.00, 0.000
25961,276949, 41.37, 41.34, 0.994, 0.995, 0.392280, 0.166358,1,1,0, 0.344870, 0.134614, 0.275701, 0.123877, 41.37, 0.994, 67.41, 0.330, 112.14, 0.081, 0.00, 0.000
25962,276960, 41.23, 41.30, 0.998, 0.998, 0.456754, 0.283200,1,1,0, 0.610755, 0.362296, 0.537878, 0.332232, 41.23, 0.998, 110.09, 0.403, 64.86, 0.169, 0.00, 0.000
25963,276970, 41.23, 41.27, 0.989, 0.992, 0.408718, 0.198461,1,1,0, 0.310594, 0.102948, 0.271958, 0.089329, 41.23, 0.989, 66.66, 0.260, 108.10, 0.170, 0.00, 0.000
25964,276981, 42.25, 41.68, 0.974, 0.981, 0.376372, 0.139077,1,1,0, 0.384109, 0.218344, 0.323570, 0.175027, 42.25, 0.974, 30.45, 0.784, 106.19, 0.313, 70.58, 0.083
25965,276992, 41.95, 41.79, 0.917, 0.940, 0.347414, 0.097462,1,1,0, 0.252622, 0.157717, 0.268694, 0.163670, 41.95, 0.917, 75.47, 0.343, 0.00, 0.000, 0.00, 0.000
25966,277002, 42.85, 42.24, 0.677, 0.768, 0.313317, 0.068299,1,1,0, 0.212217, 0.113329, 0.149903, 0.083404, 42.85, 0.677, 86.95, 0.505, 0.00, 0.000, 0.00, 0.000
25967,277013, 42.85, 42.50, 0.925, 0.946, 0.287613, 0.047863,1,1,0, 0.213713, 0.131908, 0.192990, 0.122603, 42.85, 0.925, 82.75, 0.630, 0.00, 0.000, 0.00, 0.000
25968,277024, 42.40, 42.46, 0.968, 0.976, 0.256747, 0.033541,1,1,0, 0.107813, 0.058281, 0.117445, 0.050407, 42.40, 0.968, 88.23, 0.434, 0.00, 0.000, 0.00, 0.000
25969,277034, 43.47, 42.88, 0.935, 0.953, 0.233880, 0.023505,1,1,0, 0.172042, 0.112350, 0.151004, 0.084999, 43.47, 0.935, 83.33, 0.282, 0.00, 0.000, 0.00, 0.000
25970,277045, 43.01, 42.93, 0.934, 0.952, 0.211196, 0.016472,1,1,0, 0.094832, 0.059546, 0.097829, 0.059962, 43.01, 0.934, 0.00, 0.000, 0.00, 0.000, 0.00, 0.000
25971,277056, 44.28, 43.50, 0.850, 0.892, 0.192794, 0.011543,1,1,0, 0.158575, 0.099300, 0.108088, 0.071797, 44.28, 0.850, 0.00, 0.000, 0.00, 0.000, 0.00, 0.000
25972,277066, 44.44, 43.89, 0.835, 0.881, 0.179166, 0.008089,1,1,0, 0.202936, 0.129277, 0.147629, 0.091120, 44.44, 0.835, 0.00, 0.000, 0.00, 0.000, 0.00, 0.000
25973,277077, 48.78, 45.94, 0.760, 0.786, 0.168562, 0.005668,1,1,0, 0.183532, 0.125267, 0.156381, 0.104648, 48.78, 0.760, 0.00, 0.000, 0.00, 0.000, 0.00, 0.000
25974,277088, 49.79, 47.56, 0.941, 0.957, 0.158714, 0.003972,1,1,0, 0.187997, 0.120182, 0.142139, 0.095268, 49.79, 0.941, 0.00, 0.000, 0.00, 0.000, 0.00, 0.000
25975,277098, 49.38, 48.32, 0.995, 0.996, 0.149600, 0.002783,1,1,0, 0.168495, 0.114366, 0.142141, 0.095408, 49.38, 0.995, 0.00, 0.000, 0.00, 0.000, 0.00, 0.000
25976,277109, 48.97, 48.60, 0.996, 0.997, 0.141936, 0.001950,1,1,0, 0.193332, 0.116638, 0.136867, 0.092416, 48.97, 0.996, 0.00, 0.000, 0.00, 0.000, 0.00, 0.000
25977,277120, 48.78, 48.67, 0.995, 0.996, 0.134186, 0.001367,1,1,0, 0.161769, 0.110237, 0.141565, 0.090684, 48.78, 0.995, 0.00, 0.000, 0.00, 0.000, 0.00, 0.000
25978,277130, 48.97, 48.80, 0.995, 0.996, 0.130811, 0.017609,1,1,0, 0.203663, 0.120468, 0.139767, 0.095996, 48.97, 0.995, 0.00, 0.000, 0.00, 0.000, 0.00, 0.000
25979,277141, 48.97, 48.87, 0.996, 0.997, 0.130003, 0.024219,1,1,0, 0.172354, 0.115818, 0.143729, 0.094768, 48.97, 0.996, 0.00, 0.000, 0.00, 0.000, 0.00, 0.000
25980,277152, 48.97, 48.92, 0.988, 0.992, 0.123828, 0.016972,1,1,0, 0.186627, 0.111582, 0.126906, 0.086694, 48.97, 0.988, 0.00, 0.000, 0.00, 0.000, 0.00, 0.000
25981,277162, 48.78, 48.86, 0.986, 0.990, 0.120246, 0.011893,1,1,0, 0.175337, 0.111155, 0.127947, 0.095741, 48.78, 0.986, 0.00, 0.000, 0.00, 0.000, 0.00, 0.000
25982,277173, 48.58, 48.74, 0.946, 0.961, 0.110582, 0.008335,1,1,0, 0.110366, 0.074073, 0.084024, 0.051921, 48.58, 0.946, 0.00, 0.000, 0.00, 0.000, 0.00, 0.000
25983,277184, 48.58, 48.67, 0.950, 0.964, 0.109129, 0.018355,1,1,0, 0.152674, 0.091107, 0.118797, 0.081112, 48.58, 0.950, 0.00, 0.000, 0.00, 0.000, 0.00, 0.000
25984,277194, 48.78, 48.72, 0.946, 0.961, 0.099241, 0.012863,1,1,0, 0.075997, 0.049284, 0.080811, 0.033816, 48.78, 0.946, 0.00, 0.000, 0.00, 0.000, 0.00, 0.000
25985,277205, 49.18, 48.91, 0.927, 0.947, 0.092259, 0.009014,1,1,0, 0.108008, 0.058889, 0.098438, 0.052815, 49.18, 0.927, 0.00, 0.000, 0.00, 0.000, 0.00, 0.000
25986,277216, 49.38, 49.11, 0.976, 0.982, 0.084485, 0.006316,1,1,0, 0.060773, 0.040350, 0.061390, 0.033052, 49.38, 0.976, 0.00, 0.000, 0.00, 0.000, 0.00, 0.000
25987,277226, 49.38, 49.22, 0.958, 0.970, 0.076333, 0.004426,1,1,0, 0.060353, 0.028303, 0.061070, 0.023953, 49.38, 0.958, 0.00, 0.000, 0.00, 0.000, 0.00, 0.000
25988,277237, 50.00, 49.55, 0.962, 0.972, 0.069087, 0.003102,1,1,0, 0.034579, 0.024062, 0.029101, 0.020103, 50.00, 0.962, 0.00, 0.000, 0.00, 0.000, 0.00, 0.000
25989,277248, 50.63, 50.00, 0.945, 0.960, 0.061569, 0.002173,1,1,0, 0.019130, 0.012706, 0.017396, 0.009931, 50.63, 0.945, 0.00, 0.000, 0.00, 0.000, 0.00, 0.000
25990,277258, 50.42, 50.17, 0.923, 0.944, 0.054624, 0.001523,1,1,0, 0.018415, 0.008731, 0.012853, 0.007235, 50.42, 0.923, 0.00, 0.000, 0.00, 0.000, 0.00, 0.000
25991,277269, 50.63, 50.36, 0.890, 0.921, 0.048174, 0.001067,1,1,0, 0.010024, 0.004176, 0.008758, 0.003768, 50.63, 0.890, 0.00, 0.000, 0.00, 0.000, 0.00, 0.000
25992,277280, 49.79, 50.12, 0.590, 0.680, 0.042413, 0.000748,1,1,0, 0.004542, 0.002389, 0.004206, 0.002303, 49.79, 0.590, 56.60, 0.461, 63.82, 0.366, 32.17, 0.133
25993,277290, 33.24, 50.12, 0.468, 0.612, 0.037376, 0.000524,1,1,0, 0.005142, 0.002894, 0.004288, 0.002309, 33.24, 0.468, 66.66, 0.414, 39.60, 0.410, 49.79, 0.341
25994,277301, 33.05, 42.95, 0.778, 0.797, 0.033081, 0.000367,1,1,0, 0.008703, 0.003780, 0.007758, 0.003632, 33.05, 0.778, 65.93, 0.570, 98.36, 0.564, 49.38, 0.547
25995,277312, 65.57, 52.45, 0.814, 0.832, 0.029435, 0.000257,1,1,0, 0.016004, 0.008049, 0.011780, 0.005219, 65.57, 0.814, 32.78, 0.412, 49.58, 0.399, 39.34, 0.351
25996,277322, 65.57, 57.96, 0.838, 0.855, 0.026004, 0.000180,1,1,0, 0.010770, 0.004538, 0.005825, 0.002375, 65.57, 0.838, 33.05, 0.611, 50.63, 0.223, 210.52, 0.113
25997,277333, 65.57, 61.16, 0.784, 0.818, 0.023567, 0.000126,1,1,0, 0.015050, 0.008972, 0.010774, 0.007030, 65.57, 0.784, 32.60, 0.751, 0.00, 0.000, 0.00, 0.000
25998,277344, 32.52, 49.13, 0.866, 0.884, 0.021295, 0.000088,1,1,0, 0.013305, 0.009470, 0.011780, 0.006490, 32.52, 0.866, 65.21, 0.699, 0.00, 0.000, 0.00, 0.000
25999,277354, 30.84, 41.45, 0.704, 0.721, 0.019200, 0.000062,1,1,0, 0.008768, 0.004602, 0.008284, 0.005113, 30.84, 0.704, 59.70, 0.589, 0.00, 0.000, 0.00, 0.000
26000,277365, 30.69, 36.93, 0.882, 0.899, 0.017608, 0.000043,1,1,0, 0.029110, 0.014719, 0.012809, 0.007581, 30.69, 0.882, 61.53, 0.637, 0.00, 0.000, 0.00, 0.000
26001,277376, 60.91, 47.00, 0.554, 0.560, 0.015952, 0.000030,1,1,0, 0.030473, 0.022924, 0.012714, 0.005651, 60.91, 0.554, 0.00, 0.000, 0.00, 0.000, 0.00, 0.000
26002,277386, 30.22, 35.26, 0.780, 0.793, 0.371005, 0.577574,1,1,1, 0.783682, 0.352466, 0.495164, 0.231720, 30.22, 0.780, 55.04, 0.624, 75.00, 0.159, 0.00, 0.000
26003,277397, 53.09, 35.26, 0.230, 0.714, 0.587242, 0.629111,1,1,0, 0.789330, 0.415177, 0.811226, 0.358412, 53.09, 0.230, 103.44, 0.063, 31.00, 0.017, 0.00, 0.000
26004,277408, 48.78, 44.72, 0.699, 0.729, 0.743682, 0.596509,1,1,0, 0.999999, 0.615215, 0.898184, 0.520363, 48.78, 0.699, 103.44, 0.158, 0.00, 0.000, 0.00, 0.000
26005,277418, 49.38, 47.98, 0.873, 0.909, 0.685410, 0.418022,1,1,0, 0.603573, 0.346138, 0.781707, 0.304731, 49.38, 0.873, 33.61, 0.239, 100.84, 0.144, 0.00, 0.000
26006,277429, 49.58, 49.10, 0.995, 0.996, 0.754702, 0.403320,1,1,0, 0.999999, 0.612712, 0.878197, 0.553361, 49.58, 0.995, 33.42, 0.342, 100.84, 0.170, 0.00, 0.000
26007,277440, 49.58, 49.44, 0.997, 0.998, 0.682244, 0.282638,1,1,0, 0.598599, 0.330184, 0.527456, 0.205965, 49.58, 0.997, 33.05, 0.168, 99.17, 0.131, 0.00, 0.000
26008,277450, 49.58, 49.54, 0.998, 0.999, 0.746502, 0.370249,1,1,0, 0.999999, 0.601234, 0.870153, 0.562240, 49.58, 0.998, 32.96, 0.211, 99.17, 0.103, 0.00, 0.000
26009,277461, 49.58, 49.57, 0.998, 0.999, 0.673415, 0.259463,1,1,0, 0.592038, 0.319010, 0.375570, 0.187123, 49.58, 0.998, 33.42, 0.114, 100.84, 0.064, 0.00, 0.000
26010,277472, 49.38, 49.44, 0.997, 0.998, 0.719638, 0.260810,1,1,0, 0.999999, 0.581590, 0.823435, 0.537952, 49.38, 0.997, 96.77, 0.039, 32.08, 0.008, 0.00, 0.000
26011,277482, 49.18, 49.25, 0.997, 0.998, 0.655794, 0.182770,1,1,0, 0.669193, 0.351186, 0.608741, 0.251607, 49.18, 0.997, 33.51, 0.078, 101.69, 0.044, 0.00, 0.000
26012,277493, 49.38, 49.31, 0.998, 0.998, 0.719246, 0.299071,1,1,0, 0.999491, 0.571987, 0.841320, 0.517613, 49.38, 0.998, 30.61, 0.225, 94.48, 0.051, 0.00, 0.000
26013,277504, 49.38, 49.34, 0.998, 0.998, 0.701396, 0.379547,1,1,0, 0.848929, 0.423430, 0.809947, 0.345730, 49.38, 0.998, 33.99, 0.051, 102.56, 0.032, 0.00, 0.000
26014,277514, 49.38, 49.35, 0.997, 0.998, 0.708638, 0.274368,1,1,0, 0.987852, 0.529428, 0.829573, 0.464241, 49.38, 0.997, 93.02, 0.016, 0.00, 0.000, 0.00, 0.000
26015,277525, 49.18, 49.28, 0.999, 0.999, 0.748432, 0.344383,1,1,0, 0.957326, 0.519851, 0.811991, 0.434656, 49.18, 0.999, 33.89, 0.048, 0.00, 0.000, 0.00, 0.000
26016,277536, 49.38, 49.32, 0.998, 0.999, 0.691699, 0.241336,1,1,0, 0.956911, 0.420418, 0.750719, 0.367822, 49.38, 0.998, 0.00, 0.000, 0.00, 0.000, 0.00, 0.000
26017,277546, 49.38, 49.34, 0.998, 0.999, 0.749781, 0.330012,1,1,0, 0.948954, 0.599216, 0.813058, 0.486580, 49.38, 0.998, 34.09, 0.040, 0.00, 0.000, 0.00, 0.000
26018,277557, 49.18, 49.27, 0.998, 0.999, 0.688118, 0.231265,1,1,0, 0.852053, 0.327145, 0.579308, 0.314419, 49.18, 0.998, 0.00, 0.000, 0.00, 0.000, 0.00, 0.000
26019,277568, 49.38, 49.32, 0.998, 0.999, 0.756543, 0.336379,1,1,0, 0.945278, 0.657730, 0.828380, 0.515591, 49.38, 0.998, 0.00, 0.000, 0.00, 0.000, 0.00, 0.000
26020,277578, 49.38, 49.34, 0.998, 0.999, 0.694289, 0.235728,1,1,0, 0.631490, 0.276549, 0.561392, 0.309434, 49.38, 0.998, 0.00, 0.000, 0.00, 0.000, 0.00, 0.000
26021,277589, 49.38, 49.36, 0.999, 0.999, 0.742494, 0.276578,1,1,0, 0.921082, 0.645576, 0.812242, 0.504793, 49.38, 0.999, 0.00, 0.000, 0.00, 0.000, 0.00, 0.000
26022,277600, 49.38, 49.37, 0.997, 0.998, 0.687147, 0.193820,1,1,0, 0.896568, 0.369361, 0.613627, 0.351961, 49.38, 0.997, 32.96, 0.000, 0.00, 0.000, 0.00, 0.000
26023,277610, 49.58, 49.46, 0.992, 0.994, 0.728403, 0.246073,1,1,0, 0.899587, 0.594861, 0.803362, 0.505949, 49.58, 0.992, 33.42, 0.125, 100.84, 0.001, 0.00, 0.000
26024,277621, 50.00, 49.68, 0.987, 0.991, 0.699991, 0.224346,1,1,0, 1.000000, 0.498363, 0.765150, 0.377073, 50.00, 0.987, 33.80, 0.132, 101.69, 0.016, 0.00, 0.000
26025,277632, 50.63, 50.08, 0.985, 0.989, 0.751187, 0.329245,1,1,0, 0.847159, 0.528138, 0.864033, 0.518391, 50.63, 0.985, 33.70, 0.144, 100.84, 0.017, 0.00, 0.000
26026,277642, 51.28, 50.58, 0.985, 0.989, 0.742336, 0.315025,1,1,0, 1.000000, 0.542126, 0.832434, 0.426236, 51.28, 0.985, 35.29, 0.074, 0.00, 0.000, 0.00, 0.000
26027,277653, 51.72, 51.06, 0.990, 0.993, 0.769652, 0.294831,1,1,0, 0.863013, 0.511511, 0.895788, 0.492526, 51.72, 0.990, 0.00, 0.000, 0.00, 0.000, 0.00, 0.000
26028,277664, 52.17, 51.53, 0.997, 0.997, 0.820557, 0.274288,1,1,0, 1.000000, 0.644992, 0.872510, 0.568163, 52.17, 0.997, 36.36, 0.010, 0.00, 0.000, 0.00, 0.000
26029,277674, 52.40, 51.89, 0.998, 0.998, 0.746309, 0.192215,1,1,0, 0.836762, 0.367740, 0.720379, 0.300956, 52.40, 0.998, 31.49, 0.228, 0.00, 0.000, 0.00, 0.000
26030,277685, 52.40, 52.10, 0.998, 0.999, 0.802343, 0.274466,1,1,0, 1.000000, 0.731844, 0.865898, 0.621567, 52.40, 0.998, 0.00, 0.000, 0.00, 0.000, 0.00, 0.000
26031,277696, 52.40, 52.23, 0.998, 0.998, 0.784742, 0.414613,1,1,0, 1.000000, 0.393747, 0.880073, 0.360887, 52.40, 0.998, 0.00, 0.000, 0.00, 0.000, 0.00, 0.000
26032,277706, 52.40, 52.30, 0.998, 0.998, 0.775093, 0.290552,1,1,0, 1.000000, 0.642593, 0.835974, 0.545636, 52.40, 0.998, 35.82, 0.037, 0.00, 0.000, 0.00, 0.000
26033,277717, 52.40, 52.34, 0.998, 0.999, 0.776087, 0.435216,1,1,0, 1.000000, 0.565451, 0.889018, 0.430586, 52.40, 0.998, 34.58, 0.042, 103.44, 0.005, 0.00, 0.000
26034,277728, 52.40, 52.36, 0.998, 0.999, 0.758388, 0.304991,1,1,0, 0.815011, 0.482541, 0.831875, 0.497217, 52.40, 0.998, 34.09, 0.091, 102.56, 0.014, 0.00, 0.000
26035,277738, 52.17, 52.28, 0.998, 0.999, 0.772533, 0.431531,1,1,0, 1.000000, 0.590418, 0.899091, 0.481438, 52.17, 0.998, 35.92, 0.111, 109.09, 0.018, 0.00, 0.000
26036,277749, 52.40, 52.33, 0.998, 0.999, 0.731928, 0.302407,1,1,0, 0.801197, 0.451660, 0.820140, 0.426992, 52.40, 0.998, 33.51, 0.063, 100.84, 0.001, 0.00, 0.000
26037,277760, 52.17, 52.26, 0.999, 0.999, 0.784260, 0.440838,1,1,0, 1.000000, 0.668467, 0.915815, 0.594358, 52.17, 0.999, 35.82, 0.082, 110.09, 0.013, 0.00, 0.000
26038,277770, 52.17, 52.22, 0.998, 0.999, 0.710241, 0.308930,1,1,0, 0.799008, 0.336599, 0.694752, 0.256358, 52.17, 0.998, 32.34, 0.227, 97.56, 0.028, 0.00, 0.000
26039,277781, 51.94, 52.11, 0.999, 0.999, 0.775547, 0.433688,1,1,0, 1.000000, 0.724573, 0.929049, 0.630119, 51.94, 0.999, 0.00, 0.000, 0.00, 0.000, 0.00, 0.000
26040,277792, 52.17, 52.13, 0.998, 0.999, 0.813765, 0.627847,1,1,0, 1.000000, 0.441892, 0.950572, 0.395514, 52.17, 0.998, 0.00, 0.000, 0.00, 0.000, 0.00, 0.000
26041,277802, 52.17, 52.15, 0.997, 0.998, 0.771322, 0.439982,1,1,0, 1.000000, 0.603857, 0.811030, 0.521346, 52.17, 0.997, 35.50, 0.031, 108.10, 0.021, 0.00, 0.000
26042,277813, 53.09, 52.54, 0.984, 0.989, 0.824540, 0.637760,1,1,0, 1.000000, 0.604526, 0.987722, 0.473559, 53.09, 0.984, 105.26, 0.002, 0.00, 0.000, 0.00, 0.000
26043,277824, 53.81, 53.07, 0.988, 0.991, 0.766224, 0.446929,1,1,0, 0.747036, 0.428790, 0.829036, 0.453833, 53.81, 0.988, 34.88, 0.185, 104.34, 0.060, 0.00, 0.000
26044,277834, 55.04, 53.90, 0.989, 0.992, 0.831392, 0.567415,1,1,0, 1.000000, 0.675327, 1.000275, 0.612311, 55.04, 0.989, 37.61, 0.157, 114.28, 0.079, 0.00, 0.000
26045,277845, 55.29, 54.49, 0.997, 0.998, 0.783227, 0.548988,1,1,0, 0.905603, 0.379960, 0.940242, 0.309399, 55.29, 0.997, 36.14, 0.056, 108.10, 0.033, 0.00, 0.000
26046,277856, 55.29, 54.83, 0.999, 0.999, 0.815791, 0.457400,1,1,0, 1.000000, 0.670527, 0.996341, 0.594018, 55.29, 0.999, 112.14, 0.015, 37.15, 0.001, 0.00, 0.000
26047,277866, 55.29, 55.02, 0.998, 0.999, 0.859742, 0.647413,1,1,0, 1.000000, 0.606922, 1.014288, 0.489452, 55.29, 0.998, 110.09, 0.033, 36.80, 0.030, 0.00, 0.000
26048,277877, 55.29, 55.14, 0.998, 0.998, 0.792575, 0.453693,1,1,0, 0.705641, 0.392431, 0.758988, 0.416067, 55.29, 0.998, 113.20, 0.012, 0.00, 0.000, 0.00, 0.000
26049,277888, 55.04, 55.10, 0.999, 0.999, 0.852568, 0.601810,1,1,0, 1.000000, 0.648961, 1.027076, 0.568938, 55.04, 0.999, 37.50, 0.107, 113.20, 0.069, 0.00, 0.000
26050,277898, 55.04, 55.07, 0.998, 0.998, 0.776557, 0.421736,1,1,0, 0.635338, 0.402228, 0.748598, 0.319854, 55.04, 0.998, 35.50, 0.268, 106.19, 0.120, 0.00, 0.000
26051,277909, 55.04, 55.06, 0.997, 0.997, 0.854642, 0.609387,1,1,0, 1.000000, 0.684261, 1.061873, 0.637670, 55.04, 0.997, 36.92, 0.082, 111.11, 0.062, 0.00, 0.000
26052,277920, 56.07, 55.48, 0.967, 0.976, 0.898204, 0.749709,1,1,0, 1.000000, 0.606564, 1.070974, 0.495200, 56.07, 0.967, 113.20, 0.021, 0.00, 0.000, 0.00, 0.000
26053,277930, 57.69, 56.41, 0.991, 0.994, 0.824858, 0.525381,1,1,0, 0.949133, 0.413485, 0.785215, 0.416639, 57.69, 0.991, 38.58, 0.088, 116.50, 0.044, 0.00, 0.000
26054,277941, 58.25, 57.18, 0.997, 0.997, 0.887664, 0.628823,1,1,0, 1.000000, 0.669592, 1.075730, 0.609334, 58.25, 0.997, 116.50, 0.016, 38.96, 0.005, 0.00, 0.000
26055,277952, 58.25, 57.63, 0.997, 0.998, 0.905608, 0.735111,1,1,0, 1.000000, 0.452337, 1.073347, 0.397155, 58.25, 0.997, 115.38, 0.038, 38.83, 0.037, 0.00, 0.000
26056,277962, 58.25, 57.89, 0.998, 0.998, 0.857218, 0.515151,1,1,0, 1.000000, 0.590910, 1.001643, 0.528888, 58.25, 0.998, 38.96, 0.033, 117.64, 0.031, 0.00, 0.000
26057,277973, 58.25, 58.04, 0.998, 0.999, 0.906430, 0.644715,1,1,0, 1.000000, 0.654081, 1.081926, 0.533477, 58.25, 0.998, 117.64, 0.022, 39.08, 0.018, 0.00, 0.000
26058,277984, 58.25, 58.13, 0.998, 0.998, 0.830061, 0.451802,1,1,0, 0.673854, 0.407838, 0.697199, 0.381434, 58.25, 0.998, 117.64, 0.016, 39.08, 0.016, 0.00, 0.000
26059,277994, 58.25, 58.18, 0.998, 0.998, 0.894043, 0.512215,1,1,0, 1.000000, 0.655720, 1.077658, 0.624325, 58.25, 0.998, 38.58, 0.041, 115.38, 0.022, 0.00, 0.000
26060,278005, 59.11, 58.57, 0.972, 0.979, 0.924191, 0.602100,1,1,0, 1.000000, 0.636996, 1.064338, 0.522096, 59.11, 0.972, 0.00, 0.000, 0.00, 0.000, 0.00, 0.000
26061,278016, 60.60, 59.42, 0.986, 0.990, 0.845897, 0.421939,1,1,0, 0.827464, 0.373643, 0.681634, 0.364167, 60.60, 0.986, 30.07, 0.983, 40.67, 0.019, 0.00, 0.000
26062,278026, 30.61, 60.18, 0.997, 0.996, 0.890181, 0.425538,1,1,0, 1.000000, 0.651715, 1.040590, 0.609344, 30.61, 0.997, 61.22, 0.994, 0.00, 0.000, 0.00, 0.000
26063,278037, 61.85, 60.88, 0.998, 0.998, 0.919820, 0.529658,1,1,0, 1.000000, 0.613690, 1.047537, 0.518874, 61.85, 0.998, 30.84, 0.995, 0.00, 0.000, 0.00, 0.000
26064,278048, 61.85, 61.29, 0.997, 0.998, 0.842925, 0.371173,1,1,0, 1.000000, 0.386028, 0.639770, 0.354625, 61.85, 0.997, 30.84, 0.994, 0.00, 0.000, 0.00, 0.000
26065,278058, 30.76, 61.39, 0.998, 0.998, 0.889020, 0.459658,1,1,0, 1.000000, 0.652143, 1.048302, 0.603243, 30.76, 0.998, 61.53, 0.998, 0.00, 0.000, 0.00, 0.000
26066,278069, 61.53, 61.45, 0.998, 0.998, 0.926326, 0.531558,1,1,0, 1.000000, 0.584703, 1.049984, 0.510481, 61.53, 0.998, 30.76, 0.997, 0.00, 0.000, 0.00, 0.000
26067,278080, 61.53, 61.49, 0.998, 0.998, 0.851560, 0.372505,1,1,0, 1.000000, 0.435557, 0.745856, 0.381673, 61.53, 0.998, 30.69, 0.996, 0.00, 0.000, 0.00, 0.000
26068,278090, 61.53, 61.51, 0.998, 0.998, 0.897421, 0.484139,1,1,0, 1.000000, 0.652777, 1.058847, 0.594128, 61.53, 0.998, 30.69, 0.996, 0.00, 0.000, 0.00, 0.000
26069,278101, 31.00, 48.69, 0.996, 0.997, 0.939425, 0.569270,1,1,0, 1.000000, 0.581862, 1.070637, 0.517081, 31.00, 0.996, 61.85, 0.992, 0.00, 0.000, 0.00, 0.000
26070,278112, 62.50, 54.49, 0.985, 0.989, 0.866378, 0.398933,1,1,0, 1.000000, 0.463666, 0.779112, 0.391872, 62.50, 0.985, 31.25, 0.984, 0.00, 0.000, 0.00, 0.000
26071,278122, 32.08, 45.08, 0.995, 0.996, 0.893381, 0.358066,1,1,0, 1.000000, 0.625044, 1.033464, 0.587182, 32.08, 0.995, 64.17, 0.976, 0.00, 0.000, 0.00, 0.000
26072,278133, 65.21, 53.53, 0.998, 0.998, 0.915389, 0.488959,1,1,0, 1.000000, 0.646704, 1.039306, 0.543683, 65.21, 0.998, 32.60, 0.997, 0.00, 0.000, 0.00, 0.000
26073,278144, 65.21, 58.44, 0.998, 0.999, 0.840259, 0.342653,1,1,0, 0.809687, 0.394777, 0.494701, 0.333065, 65.21, 0.998, 32.60, 0.995, 0.00, 0.000, 0.00, 0.000
26074,278154, 65.21, 61.28, 0.998, 0.999, 0.862459, 0.355614,1,1,0, 1.000000, 0.556387, 1.016399, 0.552844, 65.21, 0.998, 32.60, 0.997, 0.00, 0.000, 0.00, 0.000
26075,278165, 65.21, 62.93, 0.998, 0.999, 0.890967, 0.490872,1,1,0, 1.000000, 0.642996, 1.029779, 0.545713, 65.21, 0.998, 32.60, 0.996, 0.00, 0.000, 0.00, 0.000
26076,278176, 65.21, 63.89, 0.998, 0.999, 0.822008, 0.343993,1,1,0, 0.858450, 0.408589, 0.773744, 0.362620, 65.21, 0.998, 32.60, 0.995, 0.00, 0.000, 0.00, 0.000
26077,278186, 65.21, 64.45, 0.999, 0.999, 0.849979, 0.430622,1,1,0, 1.000000, 0.544381, 1.039276, 0.523775, 65.21, 0.999, 32.60, 0.998, 0.00, 0.000, 0.00, 0.000
26078,278197, 65.21, 64.77, 0.999, 0.999, 0.878627, 0.516285,1,1,0, 1.000000, 0.622965, 1.036026, 0.546874, 65.21, 0.999, 32.60, 0.997, 0.00, 0.000, 0.00, 0.000
26079,278208, 65.21, 64.95, 0.998, 0.998, 0.901610, 0.688840,1,1,0, 1.000000, 0.495684, 1.058614, 0.454653, 65.21, 0.998, 32.52, 0.996, 0.00, 0.000, 0.00, 0.000
26080,278218, 64.86, 64.91, 0.998, 0.999, 0.841221, 0.482725,1,1,0, 1.000000, 0.468971, 0.985773, 0.413865, 64.86, 0.998, 32.52, 0.998, 0.00, 0.000, 0.00, 0.000
26081,278229, 64.86, 64.89, 0.999, 0.999, 0.885904, 0.582231,1,1,0, 1.000000, 0.614015, 1.073239, 0.555837, 64.86, 0.999, 32.52, 0.997, 0.00, 0.000, 0.00, 0.000
26082,278240, 64.86, 64.88, 0.999, 0.999, 0.932910, 0.700609,1,1,0, 1.000000, 0.611553, 1.089906, 0.542339, 64.86, 0.999, 32.52, 0.998, 0.00, 0.000, 0.00, 0.000
26083,278250, 65.21, 65.02, 0.995, 0.996, 0.858715, 0.490973,1,1,0, 0.968320, 0.464087, 0.734501, 0.358755, 65.21, 0.995, 32.52, 0.985, 0.00, 0.000, 0.00, 0.000
26084,278261, 33.05, 51.59, 0.995, 0.997, 0.879961, 0.441853,1,1,0, 1.000000, 0.536388, 1.056556, 0.533677, 33.05, 0.995, 65.93, 0.981, 0.00, 0.000, 0.00, 0.000
26085,278272, 33.99, 44.20, 0.995, 0.996, 0.905956, 0.479102,1,1,0, 1.000000, 0.645694, 1.050503, 0.555766, 33.99, 0.995, 68.18, 0.989, 0.00, 0.000, 0.00, 0.000
26086,278282, 68.57, 54.43, 0.995, 0.996, 0.910787, 0.550184,1,1,0, 1.000000, 0.507392, 1.045962, 0.477305, 68.57, 0.995, 34.28, 0.992, 0.00, 0.000, 0.00, 0.000
26087,278293, 68.96, 60.53, 0.998, 0.999, 0.857067, 0.385558,1,1,0, 1.000000, 0.526727, 1.009955, 0.449042, 68.96, 0.998, 34.38, 0.998, 0.00, 0.000, 0.00, 0.000
26088,278304, 68.57, 63.91, 0.998, 0.999, 0.884269, 0.516866,1,1,0, 1.000000, 0.564313, 1.069838, 0.530430, 68.57, 0.998, 34.38, 0.997, 0.00, 0.000, 0.00, 0.000
26089,278314, 68.57, 65.86, 0.997, 0.998, 0.945172, 0.681519,1,1,0, 1.000000, 0.688709, 1.119820, 0.593220, 68.57, 0.997, 34.38, 0.995, 0.00, 0.000, 0.00, 0.000
26090,278325, 34.98, 52.89, 0.970, 0.978, 0.963176, 0.667122,1,1,0, 1.000000, 0.552024, 1.121164, 0.522387, 34.98, 0.970, 70.17, 0.968, 0.00, 0.000, 0.00, 0.000
26091,278336, 35.39, 45.54, 0.987, 0.990, 0.911659, 0.467505,1,1,0, 1.000000, 0.612189, 1.064969, 0.516820, 35.39, 0.987, 71.00, 0.964, 0.00, 0.000, 0.00, 0.000
26092,278346, 72.72, 56.96, 0.998, 0.998, 0.928691, 0.481679,1,1,0, 1.000000, 0.562725, 1.115956, 0.552116, 72.72, 0.998, 36.36, 0.996, 0.00, 0.000, 0.00, 0.000
26093,278357, 72.72, 63.58, 0.999, 0.999, 0.950222, 0.530398,1,1,0, 1.000000, 0.682831, 1.114139, 0.596099, 72.72, 0.999, 36.36, 0.999, 0.00, 0.000, 0.00, 0.000
26094,278368, 72.72, 67.42, 0.999, 0.999, 0.987795, 0.653814,1,1,0, 1.000000, 0.659826, 1.138319, 0.610303, 72.72, 0.999, 36.36, 0.998, 0.00, 0.000, 0.00, 0.000
26095,278378, 73.17, 69.83, 0.990, 0.993, 0.914790, 0.458179,1,1,0, 0.999999, 0.552086, 0.773644, 0.446330, 73.17, 0.990, 36.47, 0.986, 0.00, 0.000, 0.00, 0.000
26096,278389, 36.92, 56.01, 0.987, 0.990, 0.925651, 0.399084,1,1,0, 1.000000, 0.654282, 1.102906, 0.614780, 36.92, 0.987, 73.61, 0.986, 0.00, 0.000, 0.00, 0.000
26097,278400, 38.09, 48.48, 0.993, 0.995, 0.933712, 0.458959,1,1,0, 1.000000, 0.605919, 1.109299, 0.574602, 38.09, 0.993, 75.94, 0.988, 0.00, 0.000, 0.00, 0.000
26098,278410, 76.92, 60.43, 0.996, 0.997, 0.951592, 0.471757,1,1,0, 1.000000, 0.693658, 1.107315, 0.615068, 76.92, 0.996, 38.58, 0.993, 0.00, 0.000, 0.00, 0.000
26099,278421, 38.58, 51.25, 0.999, 0.999, 0.967937, 0.465173,1,1,0, 1.000000, 0.692617, 1.091444, 0.625837, 38.58, 0.999, 76.92, 0.999, 0.00, 0.000, 0.00, 0.000
26100,278432, 76.92, 62.03, 0.999, 0.999, 0.966904, 0.518674,1,1,0, 1.000000, 0.572685, 1.090815, 0.535738, 76.92, 0.999, 38.58, 0.998, 0.00, 0.000, 0.00, 0.000
26101,278442, 76.92, 68.28, 0.999, 0.999, 0.907588, 0.363476,1,1,0, 1.000000, 0.629866, 1.035833, 0.518631, 76.92, 0.999, 38.46, 0.998, 0.00, 0.000, 0.00, 0.000
26102,278453, 76.92, 71.91, 0.999, 0.999, 0.922588, 0.438669,1,1,0, 1.000000, 0.588510, 1.104962, 0.582467, 76.92, 0.999, 38.46, 0.998, 0.00, 0.000, 0.00, 0.000
26103,278464, 76.92, 74.01, 0.998, 0.998, 0.938716, 0.490520,1,1,0, 1.000000, 0.659054, 1.112665, 0.596872, 76.92, 0.998, 38.46, 0.996, 0.00, 0.000, 0.00, 0.000
26104,278474, 77.92, 75.65, 0.990, 0.993, 0.954141, 0.491491,1,1,0, 1.000000, 0.715544, 1.107330, 0.634271, 77.92, 0.990, 38.96, 0.990, 0.00, 0.000, 0.00, 0.000
26105,278485, 79.47, 77.25, 0.979, 0.985, 0.971069, 0.506735,1,1,0, 1.000000, 0.715087, 1.106861, 0.654160, 79.47, 0.979, 39.86, 0.969, 0.00, 0.000, 0.00, 0.000
26106,278496, 81.08, 78.86, 0.992, 0.994, 0.982982, 0.528609,1,1,0, 1.000000, 0.667883, 1.106930, 0.628185, 81.08, 0.992, 40.54, 0.992, 0.00, 0.000, 0.00, 0.000
26107,278506, 81.63, 80.02, 0.999, 0.999, 0.929669, 0.442132,1,1,0, 1.000000, 0.599403, 1.056123, 0.525310, 81.63, 0.999, 40.95, 0.998, 0.00, 0.000, 0.00, 0.000
26108,278517, 81.63, 80.70, 0.999, 0.999, 0.923866, 0.405472,1,1,0, 1.000000, 0.680379, 1.111661, 0.592678, 81.63, 0.999, 40.81, 0.998, 0.00, 0.000, 0.00, 0.000
26109,278528, 81.63, 81.09, 0.999, 0.999, 0.934674, 0.411186,1,1,0, 1.000000, 0.653925, 1.106063, 0.622756, 81.63, 0.999, 40.81, 0.998, 0.00, 0.000, 0.00, 0.000
26110,278538, 81.63, 81.31, 0.999, 0.999, 0.939687, 0.458679,1,1,0, 1.000000, 0.600853, 1.114789, 0.567963, 81.63, 0.999, 40.81, 0.998, 0.00, 0.000, 0.00, 0.000
26111,278549, 81.63, 81.45, 0.999, 0.999, 0.947150, 0.468273,1,1,0, 1.000000, 0.672380, 1.111305, 0.599976, 81.63, 0.999, 40.81, 0.998, 0.00, 0.000, 0.00, 0.000
26112,278560, 81.63, 81.52, 0.999, 0.999, 0.961630, 0.495686,1,1,0, 1.000000, 0.700510, 1.113440, 0.628041, 81.63, 0.999, 40.81, 0.998, 0.00, 0.000, 0.00, 0.000
26113,278570, 81.63, 81.57, 0.999, 0.999, 0.985426, 0.532986,1,1,0, 1.000000, 0.699858, 1.122380, 0.646037, 81.63, 0.999, 40.81, 0.998, 0.00, 0.000, 0.00, 0.000
26114,278581, 82.19, 81.83, 0.994, 0.996, 0.996899, 0.550855,1,1,0, 1.000000, 0.684712, 1.125367, 0.640887, 82.19, 0.994, 40.95, 0.993, 0.00, 0.000, 0.00, 0.000
26115,278592, 83.91, 82.70, 0.982, 0.987, 0.998503, 0.495817,1,1,0, 1.000000, 0.680556, 1.114243, 0.621545, 83.91, 0.982, 41.81, 0.973, 0.00, 0.000, 0.00, 0.000
26116,278602, 85.71, 83.97, 0.990, 0.993, 0.943481, 0.347458,1,1,0, 1.000000, 0.685827, 1.034251, 0.604745, 85.71, 0.990, 42.85, 0.989, 0.00, 0.000, 0.00, 0.000
26117,278613, 86.33, 84.96, 0.998, 0.999, 0.944761, 0.331628,1,1,0, 1.000000, 0.719980, 1.107808, 0.641968, 86.33, 0.998, 43.32, 0.998, 0.00, 0.000, 0.00, 0.000
26118,278624, 86.33, 85.53, 0.999, 0.999, 0.950323, 0.322351,1,1,0, 1.000000, 0.730392, 1.097290, 0.673002, 86.33, 0.999, 43.32, 0.999, 0.00, 0.000, 0.00, 0.000
26119,278634, 86.33, 85.87, 0.999, 0.999, 0.957006, 0.366426,1,1,0, 1.000000, 0.702026, 1.107541, 0.662643, 86.33, 0.999, 43.16, 0.999, 0.00, 0.000, 0.00, 0.000
26120,278645, 86.33, 86.06, 0.999, 0.999, 0.960209, 0.372864,1,1,0, 1.000000, 0.675596, 1.108488, 0.637281, 86.33, 0.999, 43.16, 0.999, 0.00, 0.000, 0.00, 0.000
26121,278656, 86.95, 86.43, 0.995, 0.996, 0.980646, 0.437993,1,1,0, 1.000000, 0.742446, 1.135748, 0.686785, 86.95, 0.995, 43.47, 0.994, 0.00, 0.000, 0.00, 0.000
26122,278666, 88.88, 87.46, 0.982, 0.987, 0.980427, 0.336216,1,1,0, 1.000000, 0.740829, 1.108883, 0.684214, 88.88, 0.982, 44.11, 0.974, 0.00, 0.000, 0.00, 0.000
26123,278677, 30.07, 88.62, 0.990, 0.989, 0.979842, 0.341646,1,1,0, 1.000000, 0.738095, 1.109755, 0.680381, 30.07, 0.990, 90.22, 0.985, 45.28, 0.979, 0.00, 0.000
26124,278688, 91.60, 89.87, 0.999, 0.999, 0.977750, 0.331123,1,1,0, 1.000000, 0.740949, 1.103394, 0.682747, 91.60, 0.999, 45.80, 0.999, 30.53, 0.999, 0.00, 0.000
26125,278698, 91.60, 90.60, 0.999, 0.999, 0.976870, 0.325275,1,1,0, 1.000000, 0.744296, 1.100739, 0.682968, 91.60, 0.999, 45.80, 0.999, 30.53, 0.999, 0.00, 0.000
26126,278709, 91.60, 91.02, 0.999, 0.999, 0.979480, 0.338307,1,1,0, 1.000000, 0.756034, 1.105173, 0.694743, 91.60, 0.999, 45.80, 0.999, 30.53, 0.999, 0.00, 0.000
26127,278720, 91.60, 91.26, 0.998, 0.998, 0.995086, 0.437064,1,1,0, 1.000000, 0.775980, 1.140454, 0.720846, 91.60, 0.998, 45.80, 0.996, 30.61, 0.996, 0.00, 0.000
26128,278730, 31.08, 65.99, 0.992, 0.994, 0.990611, 0.325672,1,1,0, 1.000000, 0.775629, 1.109092, 0.725909, 31.08, 0.992, 93.02, 0.988, 46.51, 0.982, 0.00, 0.000
26129,278741, 31.66, 51.57, 0.992, 0.994, 0.985807, 0.322573,1,1,0, 1.000000, 0.779813, 1.103714, 0.728882, 31.66, 0.992, 95.23, 0.987, 47.61, 0.981, 0.00, 0.000
26130,278752, 96.77, 70.55, 0.998, 0.999, 0.977819, 0.277866,1,1,0, 1.000000, 0.772019, 1.085201, 0.718834, 96.77, 0.998, 32.25, 0.998, 48.38, 0.998, 0.00, 0.000
26131,278762, 48.58, 81.56, 0.999, 0.999, 0.975379, 0.295315,1,1,0, 1.000000, 0.776413, 1.088057, 0.719813, 48.58, 0.999, 96.77, 0.999, 32.34, 0.999, 0.00, 0.000
26132,278773, 48.58, 87.95, 0.999, 0.999, 0.970229, 0.273683,1,1,0, 1.000000, 0.776142, 1.077223, 0.716526, 48.58, 0.999, 96.77, 0.999, 32.34, 0.999, 0.00, 0.000
26133,278784, 48.58, 91.65, 0.999, 0.999, 0.965424, 0.289982,1,1,0, 1.000000, 0.775887, 1.079336, 0.713510, 48.58, 0.999, 96.77, 0.999, 32.34, 0.999, 0.00, 0.000
26134,278794, 48.58, 93.80, 0.999, 0.999, 0.960317, 0.297768,1,1,0, 1.000000, 0.766527, 1.078894, 0.704395, 48.58, 0.999, 96.77, 0.999, 32.34, 0.999, 0.00, 0.000
26135,278805, 48.58, 95.05, 0.999, 0.999, 0.957220, 0.303669,1,1,0, 1.000000, 0.761513, 1.080683, 0.701043, 48.58, 0.999, 32.34, 0.999, 96.77, 0.999, 0.00, 0.000
26136,278816, 48.58, 95.77, 0.999, 0.999, 0.956226, 0.301725,1,1,0, 1.000000, 0.756208, 1.079420, 0.698461, 48.58, 0.999, 32.34, 0.999, 96.77, 0.999, 0.00, 0.000
26137,278826, 97.56, 96.52, 0.998, 0.998, 0.964717, 0.385059,1,1,0, 1.000000, 0.749446, 1.121836, 0.699448, 97.56, 0.998, 48.78, 0.997, 32.52, 0.996, 0.00, 0.000
26138,278837, 99.17, 97.63, 0.990, 0.993, 0.973920, 0.334778,1,1,0, 1.000000, 0.767418, 1.118124, 0.736813, 99.17, 0.990, 32.87, 0.985, 49.38, 0.980, 0.00, 0.000
26139,278848, 100.84, 98.98, 0.989, 0.992, 1.007328, 0.340983,1,1,0, 1.000000, 0.802818, 1.104571, 0.767893, 100.84, 0.989, 33.51, 0.981, 50.42, 0.975, 0.00, 0.000
26140,278858, 102.56, 100.48, 0.995, 0.996, 0.999845, 0.342323,1,1,0, 1.000000, 0.797161, 1.086676, 0.738957, 102.56, 0.995, 34.09, 0.994, 51.06, 0.992, 0.00, 0.000
26141,278869, 51.50, 101.35, 0.999, 0.999, 0.988423, 0.314061,1,1,0, 1.000000, 0.777791, 1.076256, 0.712068, 51.50, 0.999, 102.56, 0.999, 34.28, 0.998, 0.00, 0.000
26142,278880, 51.50, 101.86, 0.999, 0.999, 0.977199, 0.340178,1,1,0, 1.000000, 0.738293, 1.083240, 0.689593, 51.50, 0.999, 102.56, 0.999, 34.28, 0.999, 0.00, 0.000
26143,278890, 102.56, 102.15, 0.992, 0.994, 0.919973, 0.238389,1,1,0, 0.931063, 0.595806, 0.905134, 0.582244, 102.56, 0.992, 51.50, 0.990, 34.28, 0.986, 0.00, 0.000
26144,278901, 102.56, 102.32, 0.972, 0.980, 0.839401, 0.167058,1,1,0, 0.570670, 0.325649, 0.573123, 0.324431, 102.56, 0.972, 34.09, 0.950, 51.28, 0.932, 0.00, 0.000
26145,278912, 102.56, 102.42, 0.950, 0.964, 0.748984, 0.117071,1,1,0, 0.252653, 0.140653, 0.246861, 0.136652, 102.56, 0.950, 32.69, 0.903, 50.84, 0.874, 0.00, 0.000
26146,278922, 100.84, 101.76, 0.942, 0.958, 0.659667, 0.082041,1,1,0, 0.106981, 0.045663, 0.100590, 0.045149, 100.84, 0.942, 48.38, 0.919, 32.96, 0.753, 0.00, 0.000
26147,278933, 93.02, 98.09, 0.784, 0.821, 0.586733, 0.057492,1,1,0, 0.166435, 0.095237, 0.158668, 0.085837, 93.02, 0.784, 33.61, 0.674, 50.84, 0.459, 0.00, 0.000
26148,278944, 36.03, 72.02, 0.836, 0.836, 0.524086, 0.040289,1,1,0, 0.167365, 0.102239, 0.144947, 0.093014, 36.03, 0.836, 53.57, 0.551, 101.69, 0.537, 0.00, 0.000
26149,278954, 98.36, 83.08, 0.659, 0.669, 0.466024, 0.028234,1,1,0, 0.146156, 0.071738, 0.154730, 0.073911, 98.36, 0.659, 33.70, 0.604, 51.94, 0.548, 0.00, 0.000
26150,278965, 33.99, 62.46, 0.760, 0.771, 0.412019, 0.019786,1,1,0, 0.063619, 0.038331, 0.065243, 0.037215, 33.99, 0.760, 97.56, 0.701, 51.94, 0.573, 0.00, 0.000
26151,278976, 36.58, 51.59, 0.700, 0.700, 0.363622, 0.013865,1,1,0, 0.068613, 0.033391, 0.057285, 0.029910, 36.58, 0.700, 99.17, 0.629, 55.29, 0.401, 0.00, 0.000
26152,278986, 56.07, 53.47, 0.686, 0.719, 0.323968, 0.009716,1,1,0, 0.102088, 0.058211, 0.092651, 0.056205, 56.07, 0.686, 37.38, 0.466, 99.17, 0.283, 0.00, 0.000
26153,278997, 54.79, 54.03, 0.761, 0.825, 0.286456, 0.006809,1,1,0, 0.048748, 0.028601, 0.048553, 0.027436, 54.79, 0.761, 33.89, 0.558, 91.60, 0.339, 40.13, 0.255
26154,279008, 55.81, 54.77, 0.677, 0.748, 0.255692, 0.004771,1,1,0, 0.108758, 0.053166, 0.086753, 0.048272, 55.81, 0.677, 38.70, 0.580, 88.88, 0.178, 131.86, 0.167
26155,279018, 55.55, 55.10, 0.735, 0.809, 0.230231, 0.003344,1,1,0, 0.100196, 0.062008, 0.096730, 0.057732, 55.55, 0.735, 39.21, 0.539, 94.48, 0.368, 0.00, 0.000
26156,279029, 54.54, 54.87, 0.578, 0.660, 0.203914, 0.002343,1,1,0, 0.055272, 0.026439, 0.048915, 0.023199, 54.54, 0.578, 96.77, 0.345, 32.78, 0.332, 40.95, 0.196
26157,279040, 55.04, 54.94, 0.752, 0.822, 0.184257, 0.001642,1,1,0, 0.078606, 0.053712, 0.078514, 0.050986, 55.04, 0.752, 35.92, 0.519, 99.17, 0.359, 0.00, 0.000
26158,279050, 54.79, 54.88, 0.783, 0.844, 0.166035, 0.001150,1,1,0, 0.096002, 0.052299, 0.100938, 0.048604, 54.79, 0.783, 39.73, 0.463, 35.08, 0.331, 94.48, 0.331
26159,279061, 53.81, 54.43, 0.694, 0.774, 0.148326, 0.000806,1,1,0, 0.078095, 0.031123, 0.069818, 0.030256, 53.81, 0.694, 93.75, 0.278, 39.21, 0.175, 32.78, 0.072
26160,279072, 55.04, 54.68, 0.744, 0.815, 0.133651, 0.000565,1,1,0, 0.101167, 0.042831, 0.090207, 0.038945, 55.04, 0.744, 34.68, 0.571, 93.75, 0.439, 39.60, 0.057
26161,279082, 56.33, 55.38, 0.743, 0.815, 0.120836, 0.000396,1,1,0, 0.093132, 0.036430, 0.077712, 0.035228, 56.33, 0.743, 39.60, 0.552, 99.17, 0.259, 0.00, 0.000
26162,279093, 55.55, 55.45, 0.843, 0.887, 0.111401, 0.000277,1,1,0, 0.100619, 0.057749, 0.088515, 0.054039, 55.55, 0.843, 38.58, 0.368, 116.50, 0.294, 107.14, 0.293
26163,279104, 55.04, 55.28, 0.810, 0.863, 0.099762, 0.000194,1,1,0, 0.079626, 0.027570, 0.063674, 0.024100, 55.04, 0.810, 34.38, 0.308, 93.75, 0.255, 40.26, 0.242
26164,279114, 55.29, 55.29, 0.812, 0.865, 0.092180, 0.000136,1,1,0, 0.080885, 0.049666, 0.083636, 0.046824, 55.29, 0.812, 38.46, 0.647, 129.03, 0.248, 0.00, 0.000
26165,279125, 55.04, 55.18, 0.782, 0.843, 0.087712, 0.018880,1,1,0, 0.089979, 0.055009, 0.094809, 0.051682, 55.04, 0.782, 34.98, 0.476, 93.02, 0.402, 38.70, 0.352
26166,279136, 34.48, 54.60, 0.668, 0.693, 0.081653, 0.013231,1,1,0, 0.112451, 0.060218, 0.079606, 0.045864, 34.48, 0.668, 53.81, 0.617, 98.36, 0.584, 0.00, 0.000
26167,279146, 54.54, 54.58, 0.640, 0.720, 0.089123, 0.065538,1,1,0, 0.123380, 0.060307, 0.106519, 0.056127, 54.54, 0.640, 34.58, 0.539, 103.44, 0.423, 0.00, 0.000
26168,279157, 39.60, 48.29, 0.780, 0.784, 0.080300, 0.045928,1,1,0, 0.068749, 0.030994, 0.071282, 0.024580, 39.60, 0.780, 56.07, 0.395, 120.00, 0.350, 0.00, 0.000
26169,279168, 38.70, 44.26, 0.907, 0.910, 0.074839, 0.032185,1,1,0, 0.073874, 0.044139, 0.073824, 0.041971, 38.70, 0.907, 54.79, 0.390, 125.00, 0.264, 0.00, 0.000
26170,279178, 54.05, 48.37, 0.549, 0.562, 0.076042, 0.040107,1,1,0, 0.083347, 0.046850, 0.086861, 0.042690, 54.05, 0.549, 39.21, 0.356, 34.58, 0.312, 103.44, 0.262
26171,279189, 54.54, 50.96, 0.703, 0.724, 0.069225, 0.028106,1,1,0, 0.052925, 0.026986, 0.057453, 0.026748, 54.54, 0.703, 102.56, 0.483, 34.28, 0.444, 0.00, 0.000
26172,279200, 55.29, 52.78, 0.907, 0.933, 0.074678, 0.032879,1,1,0, 0.093864, 0.054621, 0.082141, 0.051574, 55.29, 0.907, 35.50, 0.727, 107.14, 0.497, 0.00, 0.000
26173,279210, 54.54, 53.52, 0.924, 0.945, 0.068813, 0.023041,1,1,0, 0.063567, 0.033713, 0.063968, 0.031712, 54.54, 0.924, 34.18, 0.488, 97.56, 0.428, 0.00, 0.000
26174,279221, 54.54, 53.95, 0.941, 0.958, 0.064958, 0.016147,1,1,0, 0.079259, 0.040800, 0.071677, 0.039393, 54.54, 0.941, 36.47, 0.339, 126.31, 0.321, 100.00, 0.285
26175,279232, 55.04, 54.41, 0.961, 0.972, 0.060601, 0.011315,1,1,0, 0.072074, 0.037893, 0.061779, 0.032651, 55.04, 0.961, 35.08, 0.611, 94.48, 0.405, 127.65, 0.301
26176,279242, 55.29, 54.78, 0.941, 0.958, 0.056219, 0.007929,1,1,0, 0.053646, 0.027121, 0.062531, 0.028668, 55.29, 0.941, 39.60, 0.308, 129.03, 0.270, 33.99, 0.131
26177,279253, 55.55, 55.10, 0.952, 0.965, 0.060504, 0.041371,1,1,0, 0.080215, 0.044536, 0.072754, 0.042499, 55.55, 0.952, 34.68, 0.433, 93.02, 0.365, 139.53, 0.251
26178,279264, 55.81, 55.40, 0.915, 0.938, 0.055299, 0.028992,1,1,0, 0.055954, 0.024309, 0.050698, 0.022343, 55.81, 0.915, 38.70, 0.392, 136.36, 0.252, 93.02, 0.242
26179,279274, 55.04, 55.25, 0.916, 0.939, 0.081555, 0.067306,1,1,0, 0.101249, 0.059271, 0.099491, 0.055813, 55.04, 0.916, 39.60, 0.515, 142.85, 0.335, 94.48, 0.147
26180,279285, 55.04, 55.16, 0.909, 0.934, 0.074832, 0.047167,1,1,0, 0.061136, 0.033044, 0.058405, 0.031657, 55.04, 0.909, 38.83, 0.494, 105.26, 0.343, 0.00, 0.000
26181,279296, 55.29, 55.22, 0.822, 0.871, 0.067854, 0.033053,1,1,0, 0.057717, 0.027049, 0.050158, 0.025245, 55.29, 0.822, 109.09, 0.386, 36.36, 0.339, 0.00, 0.000
26182,279306, 54.79, 55.04, 0.793, 0.851, 0.071595, 0.044284,1,1,0, 0.087610, 0.050151, 0.083713, 0.047894, 54.79, 0.793, 34.18, 0.605, 95.23, 0.419, 133.33, 0.210
26183,279317, 54.79, 54.93, 0.814, 0.866, 0.065386, 0.031033,1,1,0, 0.060110, 0.027842, 0.061998, 0.025519, 54.79, 0.814, 36.92, 0.554, 93.02, 0.254, 133.33, 0.203
26184,279328, 55.29, 55.09, 0.926, 0.946, 0.061414, 0.021747,1,1,0, 0.067144, 0.040048, 0.062064, 0.038678, 55.29, 0.926, 39.73, 0.403, 144.57, 0.275, 90.90, 0.219
26185,279338, 55.29, 55.17, 0.940, 0.956, 0.057987, 0.039118,1,1,0, 0.074216, 0.026745, 0.069175, 0.024986, 55.29, 0.940, 39.86, 0.465, 33.51, 0.301, 142.85, 0.298
26186,279349, 56.07, 55.55, 0.919, 0.941, 0.058838, 0.030502,1,1,0, 0.081861, 0.038091, 0.072492, 0.036181, 56.07, 0.919, 38.58, 0.363, 95.23, 0.235, 136.36, 0.232
26187,279360, 55.81, 55.66, 0.952, 0.966, 0.062992, 0.043350,1,1,0, 0.081681, 0.041488, 0.074043, 0.037786, 55.81, 0.952, 34.88, 0.601, 90.90, 0.356, 146.34, 0.257
26188,279370, 55.04, 55.40, 0.935, 0.953, 0.062553, 0.030379,1,1,0, 0.072655, 0.036525, 0.073962, 0.035087, 55.04, 0.935, 34.09, 0.263, 93.75, 0.228, 39.86, 0.159
26189,279381, 54.79, 55.14, 0.944, 0.960, 0.063091, 0.021866,1,1,0, 0.072067, 0.044890, 0.071532, 0.043182, 54.79, 0.944, 34.48, 0.398, 93.75, 0.295, 130.43, 0.230
26190,279392, 54.54, 54.89, 0.924, 0.945, 0.057890, 0.015323,1,1,0, 0.057228, 0.027607, 0.053682, 0.025241, 54.54, 0.924, 34.09, 0.431, 91.60, 0.306, 123.71, 0.247
26191,279402, 54.54, 54.74, 0.912, 0.936, 0.062235, 0.038300,1,1,0, 0.084677, 0.040323, 0.077528, 0.038417, 54.54, 0.912, 99.17, 0.366, 34.38, 0.309, 39.73, 0.226
26192,279413, 55.29, 54.97, 0.925, 0.946, 0.058194, 0.026840,1,1,0, 0.064856, 0.036191, 0.058950, 0.033229, 55.29, 0.925, 35.08, 0.684, 100.00, 0.417, 0.00, 0.000
26193,279424, 55.55, 55.22, 0.877, 0.911, 0.053890, 0.018809,1,1,0, 0.052379, 0.028653, 0.055279, 0.028121, 55.55, 0.877, 39.60, 0.288, 100.84, 0.189, 134.83, 0.182
26194,279434, 55.29, 55.25, 0.937, 0.955, 0.058965, 0.029028,1,1,0, 0.072661, 0.044506, 0.067991, 0.042894, 55.29, 0.937, 39.60, 0.429, 89.55, 0.264, 33.51, 0.237
26195,279445, 55.04, 55.16, 0.945, 0.960, 0.053891, 0.020342,1,1,0, 0.055901, 0.025427, 0.047122, 0.021993, 55.04, 0.945, 38.96, 0.328, 141.17, 0.286, 89.55, 0.204
26196,279456, 55.29, 55.22, 0.958, 0.970, 0.056599, 0.029136,1,1,0, 0.068586, 0.040019, 0.067458, 0.036713, 55.29, 0.958, 94.48, 0.256, 38.83, 0.231, 35.19, 0.218
26197,279466, 55.29, 55.25, 0.962, 0.972, 0.065853, 0.062123,1,1,0, 0.081376, 0.043344, 0.079184, 0.041692, 55.29, 0.962, 34.88, 0.479, 102.56, 0.430, 0.00, 0.000
26198,279477, 55.55, 55.38, 0.937, 0.955, 0.060571, 0.043534,1,1,0, 0.052852, 0.029249, 0.050187, 0.028221, 55.55, 0.937, 35.92, 0.426, 102.56, 0.385, 0.00, 0.000
26199,279488, 55.04, 55.24, 0.955, 0.968, 0.062030, 0.030508,1,1,0, 0.078955, 0.045890, 0.069312, 0.043678, 55.04, 0.955, 34.88, 0.442, 93.75, 0.273, 127.65, 0.196
26200,279498, 54.54, 54.94, 0.956, 0.968, 0.056439, 0.021379,1,1,0, 0.055826, 0.024335, 0.053143, 0.023111, 54.54, 0.956, 39.73, 0.352, 33.99, 0.266, 144.57, 0.261
26201,279509, 55.55, 55.20, 0.891, 0.921, 0.053082, 0.014982,1,1,0, 0.058622, 0.031956, 0.057992, 0.030066, 55.55, 0.891, 39.34, 0.302, 88.88, 0.225, 144.57, 0.216
26202,279520, 55.81, 55.45, 0.901, 0.928, 0.053008, 0.026412,1,1,0, 0.072049, 0.035680, 0.059268, 0.032193, 55.81, 0.901, 34.38, 0.437, 89.55, 0.369, 150.00, 0.232
26203,279530, 55.04, 55.28, 0.759, 0.826, 0.051093, 0.018509,1,1,0, 0.070308, 0.028172, 0.059494, 0.027717, 55.04, 0.759, 40.81, 0.570, 155.84, 0.216, 0.00, 0.000
26204,279541, 37.50, 42.83, 0.588, 0.615, 0.513285, 0.765327,1,1,1, 0.745804, 0.441644, 0.602468, 0.381223, 37.50, 0.588, 88.23, 0.324, 54.29, 0.293, 0.00, 0.000
26205,279552, 37.61, 42.83, 0.382, 0.553, 0.453557, 0.536326,1,1,0, 0.310242, 0.153654, 0.211874, 0.053305, 37.61, 0.382, 33.05, 0.275, 83.91, 0.081, 52.86, 0.077
26206,279562, 40.00, 40.85, 0.898, 0.926, 0.796030, 0.870927,1,1,0, 1.000000, 0.623773, 1.044190, 0.514258, 40.00, 0.898, 71.00, 0.159, 0.00, 0.000, 0.00, 0.000
26207,279573, 40.26, 40.44, 0.867, 0.904, 0.717131, 0.610328,1,1,0, 0.194161, 0.123865, 0.410228, 0.222033, 40.26, 0.867, 76.92, 0.151, 0.00, 0.000, 0.00, 0.000
26208,279584, 41.23, 40.99, 0.983, 0.987, 0.842849, 0.741225,1,1,0, 1.000000, 0.531156, 0.979691, 0.460595, 41.23, 0.983, 83.91, 0.182, 0.00, 0.000, 0.00, 0.000
26209,279594, 41.23, 41.16, 0.997, 0.998, 0.767271, 0.519435,1,1,0, 0.923663, 0.317288, 0.698713, 0.285414, 41.23, 0.997, 80.53, 0.233, 0.00, 0.000, 0.00, 0.000
26210,279605, 41.23, 41.21, 0.987, 0.991, 0.689448, 0.364010,1,1,0, 0.585965, 0.327199, 0.348974, 0.181667, 41.23, 0.987, 80.53, 0.286, 0.00, 0.000, 0.00, 0.000
26211,279616, 41.23, 41.23, 0.997, 0.998, 0.800010, 0.498255,1,1,0, 1.000000, 0.525073, 0.977949, 0.512775, 41.23, 0.997, 82.75, 0.291, 0.00, 0.000, 0.00, 0.000
26212,279626, 41.09, 41.13, 0.990, 0.992, 0.711230, 0.349167,1,1,0, 0.551257, 0.188882, 0.338851, 0.117534, 41.09, 0.990, 85.71, 0.250, 0.00, 0.000, 0.00, 0.000
26213,279637, 41.09, 41.10, 0.995, 0.996, 0.796342, 0.496744,1,1,0, 0.930175, 0.574451, 0.945141, 0.501289, 41.09, 0.995, 80.53, 0.182, 0.00, 0.000, 0.00, 0.000
26214,279648, 40.95, 41.04, 0.992, 0.994, 0.714948, 0.348108,1,1,0, 0.205091, 0.143680, 0.342983, 0.173413, 40.95, 0.992, 83.33, 0.201, 0.00, 0.000, 0.00, 0.000
26215,279658, 41.23, 41.12, 0.992, 0.994, 0.773057, 0.478616,1,1,0, 0.861092, 0.559310, 0.887256, 0.460700, 41.23, 0.992, 82.19, 0.260, 0.00, 0.000, 0.00, 0.000
26216,279669, 41.23, 41.17, 0.997, 0.998, 0.697606, 0.335404,1,1,0, 0.310988, 0.123472, 0.293471, 0.195242, 41.23, 0.997, 81.63, 0.343, 0.00, 0.000, 0.00, 0.000
26217,279680, 41.09, 41.14, 0.990, 0.992, 0.759526, 0.642439,1,1,0, 0.852612, 0.428708, 0.903616, 0.367199, 41.09, 0.990, 82.75, 0.373, 0.00, 0.000, 0.00, 0.000
26218,279690, 41.23, 41.18, 0.996, 0.997, 0.720014, 0.450208,1,1,0, 0.865283, 0.389012, 0.882223, 0.350535, 41.23, 0.996, 81.63, 0.404, 0.00, 0.000, 0.00, 0.000
26219,279701, 41.23, 41.20, 0.989, 0.992, 0.648882, 0.315497,1,1,0, 0.675459, 0.319752, 0.365348, 0.194348, 41.23, 0.989, 82.75, 0.380, 0.00, 0.000, 0.00, 0.000
26220,279712, 40.95, 41.09, 0.996, 0.997, 0.724263, 0.415607,1,1,0, 0.857862, 0.480175, 0.857593, 0.463681, 40.95, 0.996, 82.19, 0.319, 0.00, 0.000, 0.00, 0.000
26221,279722, 41.09, 41.09, 0.992, 0.994, 0.648403, 0.291249,1,1,0, 0.404036, 0.152141, 0.273716, 0.133827, 41.09, 0.992, 84.50, 0.314, 0.00, 0.000, 0.00, 0.000
26222,279733, 41.23, 41.15, 0.994, 0.996, 0.682313, 0.305476,1,1,0, 0.788137, 0.508331, 0.767494, 0.428581, 41.23, 0.994, 82.19, 0.313, 0.00, 0.000, 0.00, 0.000
26223,279744, 41.23, 41.19, 0.997, 0.997, 0.613870, 0.214071,1,1,0, 0.201543, 0.110059, 0.257765, 0.159866, 41.23, 0.997, 82.19, 0.365, 0.00, 0.000, 0.00, 0.000
26224,279754, 41.09, 41.15, 0.995, 0.997, 0.703500, 0.470292,1,1,0, 0.776251, 0.512261, 0.786135, 0.444756, 41.09, 0.995, 82.19, 0.409, 0.00, 0.000, 0.00, 0.000
26225,279765, 41.23, 41.18, 0.995, 0.997, 0.635057, 0.329571,1,1,0, 0.646010, 0.190706, 0.459663, 0.178805, 41.23, 0.995, 81.08, 0.437, 0.00, 0.000, 0.00, 0.000
26226,279776, 41.09, 41.14, 0.994, 0.996, 0.581358, 0.230957,1,1,0, 0.681783, 0.358927, 0.584667, 0.244446, 41.09, 0.994, 82.75, 0.449, 0.00, 0.000, 0.00, 0.000
26227,279786, 40.95, 41.06, 0.997, 0.998, 0.647463, 0.269372,1,1,0, 0.789122, 0.419679, 0.754391, 0.418263, 40.95, 0.997, 82.75, 0.445, 0.00, 0.000, 0.00, 0.000
26228,279797, 41.09, 41.07, 0.964, 0.974, 0.583931, 0.188770,1,1,0, 0.479945, 0.224037, 0.277769, 0.156007, 41.09, 0.964, 84.50, 0.443, 0.00, 0.000, 0.00, 0.000
26229,279808, 41.37, 41.20, 0.974, 0.981, 0.548376, 0.132286,1,1,0, 0.548705, 0.347123, 0.597386, 0.316826, 41.37, 0.974, 81.08, 0.431, 0.00, 0.000, 0.00, 0.000
26230,279818, 41.52, 41.33, 0.976, 0.983, 0.490268, 0.092703,1,1,0, 0.138558, 0.081634, 0.177653, 0.095392, 41.52, 0.976, 83.91, 0.421, 0.00, 0.000, 0.00, 0.000
26231,279829, 42.10, 41.66, 0.976, 0.983, 0.449549, 0.064964,1,1,0, 0.316744, 0.215713, 0.359322, 0.191538, 42.10, 0.976, 83.33, 0.395, 0.00, 0.000, 0.00, 0.000
26232,279840, 42.25, 41.90, 0.878, 0.912, 0.400016, 0.045526,1,1,0, 0.159954, 0.074342, 0.132350, 0.061766, 42.25, 0.878, 32.69, 0.458, 86.33, 0.306, 0.00, 0.000
26233,279850, 42.10, 41.99, 0.502, 0.597, 0.357357, 0.031903,1,1,0, 0.158014, 0.093230, 0.126337, 0.073381, 42.10, 0.502, 51.28, 0.415, 86.95, 0.119, 31.91, 0.014
26234,279861, 41.23, 41.99, 0.158, 0.538, 0.360459, 0.215310,1,1,1, 0.587746, 0.266646, 0.409509, 0.169229, 41.23, 0.158, 114.28, 0.095, 56.33, 0.039, 0.00, 0.000
26235,279872, 36.80, 38.36, 0.678, 0.717, 0.440837, 0.350678,1,1,0, 0.466329, 0.296304, 0.545731, 0.275259, 36.80, 0.678, 93.75, 0.124, 0.00, 0.000, 0.00, 0.000
26236,279882, 40.81, 40.08, 0.507, 0.568, 0.403197, 0.245748,1,1,0, 0.602877, 0.313048, 0.369159, 0.180616, 40.81, 0.507, 64.86, 0.263, 0.00, 0.000, 0.00, 0.000
26237,279893, 40.26, 40.21, 0.764, 0.821, 0.714603, 0.744424,1,1,0, 0.942039, 0.505580, 0.941583, 0.497735, 40.26, 0.764, 68.18, 0.218, 91.60, 0.204, 0.00, 0.000
26238,279904, 39.47, 39.69, 0.883, 0.916, 0.635004, 0.521677,1,1,0, 0.480518, 0.145528, 0.337984, 0.107227, 39.47, 0.883, 81.08, 0.217, 0.00, 0.000, 0.00, 0.000
26239,279914, 41.23, 40.77, 0.993, 0.995, 0.729714, 0.497780,1,1,0, 0.878007, 0.523010, 0.865652, 0.460585, 41.23, 0.993, 83.91, 0.250, 0.00, 0.000, 0.00, 0.000
26240,279925, 41.23, 41.09, 0.997, 0.998, 0.650937, 0.348834,1,1,0, 0.169246, 0.101372, 0.305863, 0.133105, 41.23, 0.997, 80.53, 0.258, 0.00, 0.000, 0.00, 0.000
26241,279936, 41.09, 41.09, 0.997, 0.998, 0.749614, 0.565244,1,1,0, 0.857262, 0.540042, 0.880425, 0.455618, 41.09, 0.997, 82.19, 0.272, 0.00, 0.000, 0.00, 0.000
26242,279946, 41.09, 41.09, 0.997, 0.998, 0.673482, 0.396112,1,1,0, 0.320920, 0.108309, 0.321608, 0.181790, 41.09, 0.997, 81.63, 0.275, 0.00, 0.000, 0.00, 0.000
26243,279957, 41.09, 41.09, 0.996, 0.997, 0.691864, 0.561461,1,1,0, 0.779362, 0.374294, 0.840845, 0.316928, 41.09, 0.996, 83.91, 0.282, 0.00, 0.000, 0.00, 0.000
26244,279968, 41.09, 41.09, 0.996, 0.997, 0.681495, 0.393460,1,1,0, 0.818686, 0.409530, 0.840897, 0.376345, 41.09, 0.996, 83.91, 0.295, 0.00, 0.000, 0.00, 0.000
26245,279978, 40.95, 41.03, 0.974, 0.981, 0.613029, 0.275729,1,1,0, 0.563608, 0.254909, 0.324796, 0.163739, 40.95, 0.974, 82.75, 0.353, 0.00, 0.000, 0.00, 0.000
26246,279989, 41.23, 41.12, 0.997, 0.998, 0.657099, 0.337910,1,1,0, 0.758210, 0.434150, 0.773986, 0.411712, 41.23, 0.997, 82.19, 0.395, 0.00, 0.000, 0.00, 0.000
26247,280000, 41.09, 41.11, 0.992, 0.994, 0.587046, 0.236801,1,1,0, 0.300497, 0.117976, 0.237496, 0.114696, 41.09, 0.992, 82.19, 0.385, 0.00, 0.000, 0.00, 0.000
26248,280010, 41.09, 41.10, 0.994, 0.995, 0.668277, 0.451154,1,1,0, 0.756561, 0.512035, 0.782562, 0.437415, 41.09, 0.994, 81.63, 0.387, 0.00, 0.000, 0.00, 0.000
26249,280021, 41.23, 41.16, 0.996, 0.997, 0.599104, 0.316160,1,1,0, 0.133942, 0.086761, 0.266426, 0.147194, 41.23, 0.996, 82.19, 0.359, 0.00, 0.000, 0.00, 0.000
26250,280032, 40.95, 41.07, 0.995, 0.996, 0.682428, 0.459787,1,1,0, 0.783015, 0.479793, 0.762229, 0.421730, 40.95, 0.995, 83.91, 0.341, 0.00, 0.000, 0.00, 0.000
26251,280042, 40.95, 41.02, 0.997, 0.997, 0.619451, 0.322209,1,1,0, 0.725675, 0.230498, 0.556310, 0.214764, 40.95, 0.997, 82.19, 0.350, 0.00, 0.000, 0.00, 0.000
26252,280053, 41.09, 41.05, 0.983, 0.988, 0.561739, 0.225798,1,1,0, 0.611609, 0.298303, 0.390848, 0.193386, 41.09, 0.983, 82.75, 0.393, 0.00, 0.000, 0.00, 0.000
26253,280064, 41.09, 41.07, 0.996, 0.997, 0.587962, 0.211488,1,1,0, 0.700987, 0.374440, 0.670243, 0.376577, 41.09, 0.996, 83.91, 0.446, 0.00, 0.000, 0.00, 0.000
26254,280074, 40.95, 41.02, 0.981, 0.986, 0.526719, 0.148206,1,1,0, 0.368678, 0.174488, 0.219730, 0.112179, 40.95, 0.981, 82.75, 0.414, 0.00, 0.000, 0.00, 0.000
26255,280085, 41.66, 41.29, 0.962, 0.973, 0.484093, 0.103860,1,1,0, 0.430407, 0.282556, 0.500809, 0.253616, 41.66, 0.962, 81.63, 0.373, 0.00, 0.000, 0.00, 0.000
26256,280096, 41.95, 41.57, 0.924, 0.945, 0.431599, 0.072783,1,1,0, 0.135828, 0.091337, 0.151667, 0.080620, 41.95, 0.924, 85.10, 0.276, 0.00, 0.000, 0.00, 0.000
26257,280106, 42.70, 42.04, 0.851, 0.893, 0.386783, 0.051004,1,1,0, 0.158258, 0.108813, 0.179223, 0.091623, 42.70, 0.851, 86.33, 0.131, 0.00, 0.000, 0.00, 0.000
26258,280117, 42.40, 42.19, 0.894, 0.923, 0.343265, 0.035743,1,1,0, 0.118999, 0.055935, 0.083300, 0.043927, 42.40, 0.894, 33.24, 0.165, 0.00, 0.000, 0.00, 0.000
26259,280128, 51.28, 46.01, 0.888, 0.888, 0.304909, 0.025048,1,1,0, 0.119251, 0.053746, 0.089345, 0.047940, 51.28, 0.888, 31.91, 0.159, 0.00, 0.000, 0.00, 0.000
26260,280138, 50.84, 48.04, 0.746, 0.778, 0.273268, 0.017553,1,1,0, 0.106611, 0.068520, 0.087654, 0.056814, 50.84, 0.746, 35.60, 0.380, 0.00, 0.000, 0.00, 0.000
26261,280149, 49.79, 48.77, 0.590, 0.654, 0.241421, 0.012300,1,1,0, 0.054201, 0.023115, 0.055869, 0.021658, 49.79, 0.590, 99.17, 0.050, 0.00, 0.000, 0.00, 0.000
26262,280160, 51.50, 49.92, 0.759, 0.813, 0.215328, 0.008620,1,1,0, 0.081216, 0.043665, 0.082066, 0.039130, 51.50, 0.759, 34.68, 0.555, 102.56, 0.294, 0.00, 0.000
26263,280170, 62.17, 58.49, 0.458, 0.506, 0.579458, 0.854155,1,1,1, 0.963885, 0.491009, 0.734541, 0.385152, 62.17, 0.458, 42.25, 0.244, 107.14, 0.012, 0.00, 0.000
26264,280181, 58.82, 58.72, 0.439, 0.490, 0.555396, 0.598575,1,1,0, 0.486784, 0.314323, 0.665954, 0.290597, 58.82, 0.439, 40.00, 0.164, 0.00, 0.000, 0.00, 0.000
26265,280192, 40.67, 46.09, 0.883, 0.907, 0.916670, 0.947931,1,1,0, 1.000000, 0.652791, 1.225766, 0.567234, 40.67, 0.883, 70.58, 0.189, 0.00, 0.000, 0.00, 0.000
26266,280202, 40.13, 41.92, 0.842, 0.886, 0.837076, 0.664291,1,1,0, 1.000000, 0.382355, 0.768268, 0.336493, 40.13, 0.842, 74.53, 0.254, 0.00, 0.000, 0.00, 0.000
26267,280213, 41.23, 41.44, 0.961, 0.971, 0.756359, 0.465521,1,1,0, 0.789728, 0.421789, 0.481577, 0.250711, 41.23, 0.961, 77.41, 0.274, 0.00, 0.000, 0.00, 0.000
26268,280224, 41.23, 41.29, 0.996, 0.997, 0.902081, 0.725540,1,1,0, 1.000000, 0.606135, 1.189627, 0.598680, 41.23, 0.996, 86.33, 0.252, 0.00, 0.000, 0.00, 0.000
26269,280234, 41.37, 41.35, 0.998, 0.998, 0.804107, 0.508443,1,1,0, 0.756601, 0.249411, 0.501354, 0.175084, 41.37, 0.998, 81.63, 0.234, 0.00, 0.000, 0.00, 0.000
26270,280245, 41.09, 41.17, 0.998, 0.999, 0.937814, 0.801290,1,1,0, 1.000000, 0.701226, 1.180506, 0.618561, 41.09, 0.998, 83.91, 0.185, 0.00, 0.000, 0.00, 0.000
26271,280256, 41.09, 41.11, 0.997, 0.997, 0.836116, 0.561528,1,1,0, 0.199701, 0.121344, 0.403164, 0.166847, 41.09, 0.997, 82.19, 0.166, 0.00, 0.000, 0.00, 0.000
26272,280266, 41.23, 41.20, 0.996, 0.997, 0.948965, 0.818568,1,1,0, 1.000000, 0.719335, 1.147677, 0.595420, 41.23, 0.996, 85.71, 0.201, 0.00, 0.000, 0.00, 0.000
26273,280277, 41.23, 41.21, 0.995, 0.997, 0.857061, 0.573635,1,1,0, 0.422349, 0.159808, 0.377874, 0.246613, 41.23, 0.995, 80.00, 0.267, 0.00, 0.000, 0.00, 0.000
26274,280288, 41.23, 41.22, 0.995, 0.996, 0.953431, 0.891165,1,1,0, 1.000000, 0.548876, 1.141662, 0.479384, 41.23, 0.995, 83.91, 0.311, 0.00, 0.000, 0.00, 0.000
26275,280298, 41.23, 41.23, 0.998, 0.998, 0.880094, 0.624510,1,1,0, 1.000000, 0.474737, 1.003903, 0.416522, 41.23, 0.998, 81.08, 0.381, 0.00, 0.000, 0.00, 0.000
26276,280309, 41.09, 41.17, 0.991, 0.993, 0.797040, 0.437644,1,1,0, 0.886094, 0.427761, 0.501343, 0.273044, 41.09, 0.991, 81.08, 0.386, 0.00, 0.000, 0.00, 0.000
26277,280320, 41.09, 41.14, 0.998, 0.999, 0.909190, 0.647564,1,1,0, 1.000000, 0.593402, 1.132987, 0.580032, 41.09, 0.998, 82.19, 0.345, 0.00, 0.000, 0.00, 0.000
26278,280330, 41.23, 41.18, 0.994, 0.996, 0.811279, 0.453799,1,1,0, 0.519481, 0.172132, 0.363620, 0.150122, 41.23, 0.994, 83.91, 0.331, 0.00, 0.000, 0.00, 0.000
26279,280341, 41.09, 41.14, 0.996, 0.997, 0.906827, 0.557778,1,1,0, 1.000000, 0.685529, 1.053701, 0.580120, 41.09, 0.996, 83.91, 0.277, 0.00, 0.000, 0.00, 0.000
26280,280352, 41.09, 41.12, 0.996, 0.997, 0.815954, 0.390879,1,1,0, 0.242240, 0.141908, 0.311056, 0.211203, 41.09, 0.996, 80.53, 0.305, 0.00, 0.000, 0.00, 0.000
26281,280362, 41.23, 41.17, 0.996, 0.997, 0.909552, 0.562440,1,1,0, 1.000000, 0.660552, 1.012260, 0.570844, 41.23, 0.996, 83.91, 0.361, 0.00, 0.000, 0.00, 0.000
26282,280373, 41.23, 41.19, 0.998, 0.999, 0.821398, 0.394147,1,1,0, 0.788998, 0.230596, 0.522578, 0.226429, 41.23, 0.998, 80.53, 0.409, 0.00, 0.000, 0.00, 0.000
26283,280384, 41.09, 41.15, 0.994, 0.996, 0.761824, 0.319510,1,1,0, 0.904241, 0.477564, 0.853205, 0.346559, 41.09, 0.994, 82.75, 0.440, 0.00, 0.000, 0.00, 0.000
26284,280394, 41.23, 41.18, 0.980, 0.985, 0.845227, 0.399076,1,1,0, 1.000000, 0.516317, 0.999430, 0.527619, 41.23, 0.980, 84.50, 0.441, 0.00, 0.000, 0.00, 0.000
26285,280405, 41.52, 41.32, 0.767, 0.832, 0.753410, 0.279665,1,1,0, 0.233796, 0.127133, 0.201065, 0.124315, 41.52, 0.767, 86.95, 0.423, 0.00, 0.000, 0.00, 0.000
26286,280416, 41.81, 41.53, 0.955, 0.967, 0.687304, 0.195983,1,1,0, 0.597739, 0.330022, 0.498132, 0.261783, 41.81, 0.955, 82.19, 0.426, 0.00, 0.000, 0.00, 0.000
26287,280426, 42.25, 41.83, 0.790, 0.849, 0.619856, 0.137341,1,1,0, 0.430414, 0.241733, 0.255558, 0.158205, 42.25, 0.790, 83.91, 0.344, 0.00, 0.000, 0.00, 0.000
26288,280437, 31.08, 37.32, 0.672, 0.673, 0.557570, 0.096246,1,1,0, 0.298867, 0.120566, 0.342060, 0.165318, 31.08, 0.672, 48.78, 0.626, 92.30, 0.133, 0.00, 0.000
26289,280448, 33.51, 35.72, 0.873, 0.893, 0.495921, 0.067447,1,1,0, 0.130280, 0.087507, 0.120958, 0.072650, 33.51, 0.873, 48.97, 0.791, 103.44, 0.020, 0.00, 0.000
26290,280458, 48.00, 40.88, 0.475, 0.482, 0.439984, 0.047265,1,1,0, 0.090937, 0.050603, 0.089136, 0.055514, 48.00, 0.475, 33.89, 0.106, 110.09, 0.104, 0.00, 0.000
26291,280469, 47.05, 43.47, 0.817, 0.831, 0.387994, 0.033122,1,1,0, 0.063579, 0.035577, 0.044696, 0.027382, 47.05, 0.817, 100.00, 0.468, 34.58, 0.293, 0.00, 0.000
26292,280480, 43.01, 43.28, 0.564, 0.642, 0.343359, 0.023211,1,1,0, 0.064797, 0.036545, 0.061413, 0.033607, 43.01, 0.564, 84.50, 0.385, 0.00, 0.000, 0.00, 0.000
26293,280490, 42.55, 42.97, 0.817, 0.868, 0.304082, 0.016266,1,1,0, 0.079582, 0.040538, 0.050888, 0.031320, 42.55, 0.817, 32.25, 0.510, 144.57, 0.031, 0.00, 0.000
26294,280501, 50.20, 46.01, 0.495, 0.495, 0.271537, 0.011399,1,1,0, 0.137158, 0.064247, 0.100652, 0.053048, 50.20, 0.495, 90.22, 0.326, 32.52, 0.229, 0.00, 0.000
26295,280512, 51.94, 48.50, 0.691, 0.704, 0.241512, 0.007988,1,1,0, 0.077907, 0.041776, 0.083931, 0.036782, 51.94, 0.691, 96.77, 0.352, 34.09, 0.285, 0.00, 0.000
26296,280522, 53.09, 50.43, 0.853, 0.887, 0.214242, 0.005598,1,1,0, 0.089193, 0.037656, 0.086817, 0.036436, 53.09, 0.853, 32.60, 0.723, 92.30, 0.284, 0.00, 0.000
26297,280533, 53.81, 51.85, 0.924, 0.945, 0.191644, 0.003922,1,1,0, 0.086393, 0.045828, 0.062500, 0.038808, 53.81, 0.924, 35.08, 0.328, 105.26, 0.176, 0.00, 0.000
26298,280544, 55.04, 53.19, 0.827, 0.875, 0.170134, 0.002749,1,1,0, 0.061955, 0.028317, 0.046924, 0.023631, 55.04, 0.827, 41.95, 0.053, 0.00, 0.000, 0.00, 0.000
26299,280554, 56.07, 54.40, 0.839, 0.884, 0.152369, 0.001926,1,1,0, 0.061515, 0.037126, 0.057239, 0.031846, 56.07, 0.839, 41.95, 0.293, 0.00, 0.000, 0.00, 0.000
26300,280565, 55.55, 54.88, 0.907, 0.933, 0.135845, 0.001350,1,1,0, 0.057936, 0.031997, 0.051560, 0.023960, 55.55, 0.907, 41.23, 0.214, 0.00, 0.000, 0.00, 0.000
26301,280576, 54.54, 54.74, 0.840, 0.885, 0.123300, 0.000946,1,1,0, 0.065406, 0.045112, 0.067002, 0.039334, 54.54, 0.840, 39.60, 0.334, 146.34, 0.028, 0.00, 0.000
26302,280586, 54.79, 54.76, 0.812, 0.864, 0.110722, 0.000663,1,1,0, 0.066308, 0.035907, 0.045443, 0.025681, 54.79, 0.812, 41.09, 0.240, 33.51, 0.124, 88.88, 0.076
26303,280597, 54.29, 54.56, 0.611, 0.699, 0.099464, 0.000464,1,1,0, 0.056481, 0.025646, 0.066420, 0.028868, 54.29, 0.611, 36.03, 0.350, 110.09, 0.118, 0.00, 0.000
26304,280608, 55.04, 54.76, 0.725, 0.798, 0.090399, 0.000325,1,1,0, 0.051884, 0.034344, 0.050254, 0.030298, 55.04, 0.725, 34.88, 0.615, 97.56, 0.354, 0.00, 0.000
26305,280618, 55.04, 54.88, 0.840, 0.885, 0.081141, 0.000228,1,1,0, 0.029130, 0.016734, 0.023837, 0.017305, 55.04, 0.840, 114.28, 0.335, 34.68, 0.188, 38.70, 0.159
26306,280629, 55.29, 55.05, 0.860, 0.899, 0.073847, 0.000159,1,1,0, 0.052201, 0.028914, 0.051460, 0.027532, 55.29, 0.860, 110.09, 0.317, 38.33, 0.230, 33.51, 0.104
26307,280640, 55.81, 55.37, 0.919, 0.942, 0.067114, 0.000112,1,1,0, 0.041497, 0.024240, 0.042095, 0.022437, 55.81, 0.919, 38.96, 0.426, 123.71, 0.269, 95.23, 0.260
26308,280650, 55.29, 55.34, 0.930, 0.949, 0.060809, 0.000078,1,1,0, 0.057211, 0.025406, 0.049089, 0.022700, 55.29, 0.930, 39.60, 0.360, 130.43, 0.301, 0.00, 0.000
26309,280661, 55.29, 55.32, 0.941, 0.958, 0.058042, 0.009415,1,1,0, 0.056668, 0.039548, 0.062174, 0.034835, 55.29, 0.941, 36.25, 0.481, 104.34, 0.412, 0.00, 0.000
26310,280672, 55.29, 55.31, 0.900, 0.928, 0.052753, 0.006598,1,1,0, 0.034085, 0.018616, 0.024652, 0.016717, 55.29, 0.900, 36.58, 0.482, 110.09, 0.431, 0.00, 0.000
26311,280682, 55.04, 55.20, 0.966, 0.975, 0.054161, 0.022964,1,1,0, 0.071014, 0.035886, 0.063464, 0.032852, 55.04, 0.966, 107.14, 0.468, 34.28, 0.338, 0.00, 0.000
26312,280693, 54.79, 55.03, 0.959, 0.970, 0.050241, 0.016093,1,1,0, 0.059784, 0.031380, 0.047813, 0.026272, 54.79, 0.959, 35.82, 0.516, 106.19, 0.468, 0.00, 0.000
26313,280704, 55.04, 55.03, 0.917, 0.940, 0.045722, 0.011277,1,1,0, 0.059406, 0.025003, 0.046390, 0.018224, 55.04, 0.917, 113.20, 0.340, 37.50, 0.264, 0.00, 0.000
26314,280714, 55.55, 55.25, 0.941, 0.957, 0.046952, 0.022610,1,1,0, 0.063604, 0.031050, 0.053372, 0.030661, 55.55, 0.941, 38.46, 0.365, 103.44, 0.324, 0.00, 0.000
26315,280725, 55.81, 55.48, 0.897, 0.926, 0.042785, 0.015844,1,1,0, 0.047013, 0.025955, 0.039969, 0.016937, 55.81, 0.897, 37.73, 0.447, 116.50, 0.332, 0.00, 0.000
26316,280736, 56.07, 55.73, 0.783, 0.843, 0.044927, 0.020196,1,1,0, 0.047664, 0.029929, 0.052398, 0.028188, 56.07, 0.783, 112.14, 0.197, 36.58, 0.124, 41.52, 0.079
26317,280746, 55.55, 55.65, 0.693, 0.778, 0.041605, 0.014152,1,1,0, 0.040603, 0.026475, 0.041412, 0.022546, 55.55, 0.693, 38.21, 0.355, 116.50, 0.147, 0.00, 0.000
26318,280757, 56.60, 56.05, 0.525, 0.600, 0.037452, 0.009918,1,1,0, 0.022979, 0.010805, 0.023125, 0.010591, 56.60, 0.525, 40.13, 0.339, 123.71, 0.037, 0.00, 0.000
26319,280768, 56.07, 56.06, 0.560, 0.626, 0.033839, 0.006950,1,1,0, 0.026879, 0.011974, 0.021882, 0.010269, 56.07, 0.560, 36.92, 0.258, 30.45, 0.246, 43.01, 0.054
26320,280778, 31.33, 57.59, 0.617, 0.588, 0.030254, 0.004870,1,1,0, 0.015664, 0.007428, 0.011634, 0.006474, 31.33, 0.617, 59.70, 0.546, 0.00, 0.000, 0.00, 0.000
26321,280789, 42.70, 51.33, 0.500, 0.500, 0.027251, 0.003413,1,1,0, 0.010771, 0.007242, 0.010585, 0.006724, 42.70, 0.500, 37.61, 0.403, 71.85, 0.389, 107.14, 0.337
26322,280800, 44.28, 48.37, 0.558, 0.562, 0.024581, 0.002391,1,1,0, 0.017817, 0.008272, 0.015008, 0.007129, 44.28, 0.558, 37.85, 0.545, 73.61, 0.316, 235.29, 0.073
26323,280810, 55.29, 48.37, 0.389, 0.506, 0.022114, 0.001676,1,1,0, 0.015134, 0.007098, 0.013169, 0.006088, 55.29, 0.389, 37.03, 0.352, 73.61, 0.252, 44.94, 0.206
26324,280821, 36.14, 43.23, 0.795, 0.812, 0.019999, 0.001174,1,1,0, 0.013363, 0.007011, 0.009779, 0.005854, 36.14, 0.795, 73.17, 0.589, 55.81, 0.306, 240.00, 0.121
26325,280832, 37.03, 40.63, 0.796, 0.813, 0.017937, 0.000823,1,1,0, 0.008229, 0.004522, 0.006490, 0.003844, 37.03, 0.796, 73.61, 0.484, 105.26, 0.191, 32.25, 0.182
26326,280842, 44.60, 42.30, 0.545, 0.579, 0.016276, 0.000576,1,1,0, 0.015074, 0.009669, 0.009645, 0.005502, 44.60, 0.545, 37.85, 0.463, 76.43, 0.441, 105.26, 0.393
26327,280853, 37.15, 40.13, 0.618, 0.639, 0.014808, 0.000404,1,1,0, 0.011537, 0.006103, 0.013935, 0.006217, 37.15, 0.618, 32.43, 0.426, 74.53, 0.179, 44.60, 0.149
26328,280864, 72.72, 40.13, 0.432, 0.575, 0.013685, 0.000283,1,1,0, 0.016148, 0.009539, 0.009744, 0.006467, 72.72, 0.432, 106.19, 0.355, 36.03, 0.327, 54.29, 0.291
26329,280874, 32.25, 40.13, 0.510, 0.518, 0.012411, 0.000198,1,1,0, 0.010261, 0.005245, 0.008088, 0.004012, 32.25, 0.510, 36.47, 0.414, 73.17, 0.383, 103.44, 0.201
26330,280885, 76.43, 55.38, 0.582, 0.596, 0.011357, 0.000139,1,1,0, 0.011581, 0.004612, 0.010281, 0.004957, 76.43, 0.582, 37.73, 0.440, 101.69, 0.374, 45.11, 0.250
26331,280896, 32.87, 45.93, 0.706, 0.707, 0.012433, 0.008523,1,1,0, 0.018063, 0.009095, 0.015496, 0.007675, 32.87, 0.706, 36.69, 0.619, 73.17, 0.381, 56.07, 0.157
26332,280906, 34.58, 41.16, 0.691, 0.703, 0.011508, 0.005973,1,1,0, 0.012792, 0.007637, 0.010345, 0.005666, 34.58, 0.691, 71.85, 0.474, 101.69, 0.294, 226.41, 0.043
26333,280917, 31.83, 37.24, 0.705, 0.705, 0.013155, 0.024287,1,1,0, 0.037615, 0.015983, 0.020101, 0.008349, 31.83, 0.705, 73.61, 0.360, 222.22, 0.276, 37.38, 0.268
26334,280928, 114.28, 42.39, 0.501, 0.523, 0.468863, 0.850013,1,1,1, 0.793206, 0.390463, 0.617697, 0.338472, 114.28, 0.501, 44.60, 0.477, 0.00, 0.000, 0.00, 0.000
26335,280938, 46.33, 45.15, 0.665, 0.715, 0.437677, 0.595672,1,1,0, 0.663308, 0.344801, 0.459620, 0.253254, 46.33, 0.665, 88.88, 0.342, 0.00, 0.000, 0.00, 0.000
26336,280949, 54.05, 51.38, 0.760, 0.808, 0.765297, 0.770726,1,1,0, 1.000000, 0.528575, 1.058966, 0.510751, 54.05, 0.760, 35.08, 0.276, 113.20, 0.069, 0.00, 0.000
26337,280960, 54.54, 53.59, 0.887, 0.919, 0.875267, 0.857828,1,1,0, 1.000000, 0.484226, 1.064379, 0.434046, 54.54, 0.887, 38.21, 0.200, 112.14, 0.106, 0.00, 0.000
26338,280970, 55.04, 54.61, 0.958, 0.970, 0.811476, 0.601149,1,1,0, 1.000000, 0.359673, 0.999501, 0.337771, 55.04, 0.958, 37.97, 0.208, 115.38, 0.170, 0.00, 0.000
26339,280981, 55.04, 54.91, 0.992, 0.994, 0.871261, 0.570499,1,1,0, 0.962126, 0.578685, 1.025935, 0.514108, 55.04, 0.992, 109.09, 0.167, 36.25, 0.155, 0.00, 0.000
26340,280992, 55.29, 55.18, 0.994, 0.996, 0.782978, 0.399794,1,1,0, 0.705777, 0.199152, 0.531016, 0.207122, 55.29, 0.994, 34.78, 0.191, 104.34, 0.165, 0.00, 0.000
26341,281002, 55.29, 55.26, 0.997, 0.997, 0.840502, 0.494022,1,1,0, 0.961631, 0.550920, 1.008996, 0.514086, 55.29, 0.997, 37.26, 0.297, 114.28, 0.215, 0.00, 0.000
26342,281013, 55.29, 55.28, 0.996, 0.997, 0.779782, 0.491559,1,1,0, 0.807471, 0.372654, 0.920369, 0.311410, 55.29, 0.996, 35.82, 0.308, 106.19, 0.198, 0.00, 0.000
26343,281024, 55.29, 55.29, 0.997, 0.997, 0.808579, 0.450925,1,1,0, 0.987373, 0.445101, 1.001190, 0.436758, 55.29, 0.997, 111.11, 0.180, 36.80, 0.177, 0.00, 0.000
26344,281034, 55.29, 55.29, 0.998, 0.998, 0.859429, 0.520337,1,1,0, 0.984356, 0.560731, 0.978152, 0.492866, 55.29, 0.998, 110.09, 0.183, 36.69, 0.161, 0.00, 0.000
26345,281045, 55.29, 55.29, 0.997, 0.998, 0.773110, 0.364641,1,1,0, 0.326764, 0.155044, 0.326723, 0.203341, 55.29, 0.997, 110.09, 0.168, 36.80, 0.118, 0.00, 0.000
26346,281056, 55.29, 55.29, 0.998, 0.999, 0.849077, 0.538240,1,1,0, 1.000000, 0.574327, 1.005477, 0.522834, 55.29, 0.998, 37.26, 0.222, 113.20, 0.216, 0.00, 0.000
26347,281066, 55.29, 55.29, 0.998, 0.999, 0.769914, 0.377188,1,1,0, 0.777938, 0.358617, 0.496522, 0.265488, 55.29, 0.998, 35.50, 0.497, 104.34, 0.273, 0.00, 0.000
26348,281077, 55.29, 55.29, 0.998, 0.999, 0.824007, 0.408106,1,1,0, 1.000000, 0.484865, 0.983443, 0.488578, 55.29, 0.998, 36.36, 0.203, 109.09, 0.186, 0.00, 0.000
26349,281088, 55.29, 55.29, 0.999, 0.999, 0.869998, 0.463430,1,1,0, 0.987377, 0.550535, 0.959111, 0.491696, 55.29, 0.999, 110.09, 0.168, 36.80, 0.163, 0.00, 0.000
26350,281098, 55.29, 55.29, 0.999, 0.999, 0.783351, 0.324762,1,1,0, 0.569141, 0.195755, 0.360535, 0.210838, 55.29, 0.999, 112.14, 0.142, 37.15, 0.114, 0.00, 0.000
26351,281109, 55.29, 55.29, 0.999, 0.999, 0.838458, 0.414042,1,1,0, 0.995929, 0.559429, 0.961690, 0.500419, 55.29, 0.999, 113.20, 0.135, 37.38, 0.089, 0.00, 0.000
26352,281120, 55.29, 55.29, 0.999, 0.999, 0.763494, 0.290152,1,1,0, 0.786807, 0.347272, 0.530214, 0.283864, 55.29, 0.999, 35.19, 0.490, 102.56, 0.255, 0.00, 0.000
26353,281130, 55.29, 55.29, 0.999, 0.999, 0.806705, 0.340147,1,1,0, 0.970419, 0.483000, 0.951819, 0.477646, 55.29, 0.999, 36.69, 0.305, 111.11, 0.230, 0.00, 0.000
26354,281141, 55.29, 55.29, 0.999, 0.999, 0.848951, 0.467986,1,1,0, 0.976560, 0.492965, 0.943670, 0.450840, 55.29, 0.999, 109.09, 0.201, 36.58, 0.196, 0.00, 0.000
26355,281152, 55.29, 55.29, 0.999, 0.999, 0.772294, 0.327954,1,1,0, 0.914475, 0.306650, 0.804807, 0.284810, 55.29, 0.999, 111.11, 0.204, 37.03, 0.193, 0.00, 0.000
26356,281162, 55.29, 55.29, 0.999, 0.999, 0.813689, 0.395354,1,1,0, 0.964867, 0.541136, 0.929375, 0.477569, 55.29, 0.999, 112.14, 0.171, 37.03, 0.108, 0.00, 0.000
26357,281173, 55.29, 55.29, 0.993, 0.995, 0.736791, 0.277056,1,1,0, 0.470281, 0.252146, 0.397584, 0.238263, 55.29, 0.993, 34.68, 0.332, 103.44, 0.214, 0.00, 0.000
26358,281184, 55.29, 55.29, 0.947, 0.962, 0.676052, 0.194155,1,1,0, 0.617919, 0.352410, 0.633338, 0.318195, 55.29, 0.947, 37.26, 0.299, 113.20, 0.204, 0.00, 0.000
26359,281194, 55.81, 55.51, 0.890, 0.920, 0.608712, 0.136060,1,1,0, 0.243090, 0.158084, 0.236474, 0.148812, 55.81, 0.890, 105.26, 0.038, 0.00, 0.000, 0.00, 0.000
26360,281205, 56.33, 55.86, 0.744, 0.816, 0.542364, 0.095348,1,1,0, 0.170966, 0.103923, 0.191662, 0.090292, 56.33, 0.744, 44.60, 0.257, 0.00, 0.000, 0.00, 0.000
26361,281216, 57.41, 56.51, 0.892, 0.922, 0.482323, 0.066818,1,1,0, 0.139492, 0.081263, 0.099399, 0.065045, 57.41, 0.892, 0.00, 0.000, 0.00, 0.000, 0.00, 0.000
26362,281226, 60.30, 58.10, 0.903, 0.930, 0.426126, 0.046824,1,1,0, 0.086808, 0.037492, 0.066195, 0.038665, 60.30, 0.903, 0.00, 0.000, 0.00, 0.000, 0.00, 0.000
26363,281237, 58.82, 58.40, 0.860, 0.899, 0.374925, 0.032813,1,1,0, 0.036926, 0.020312, 0.032913, 0.018134, 58.82, 0.860, 31.57, 0.675, 0.00, 0.000, 0.00, 0.000
26364,281248, 63.82, 60.68, 0.509, 0.546, 0.330925, 0.022995,1,1,0, 0.117119, 0.035818, 0.113442, 0.029337, 63.82, 0.509, 31.74, 0.099, 45.97, 0.001, 0.00, 0.000
26365,281258, 54.54, 60.68, 0.371, 0.491, 0.365067, 0.207047,1,1,1, 0.566063, 0.322459, 0.434645, 0.278131, 54.54, 0.371, 96.77, 0.103, 41.37, 0.027, 0.00, 0.000
26366,281269, 53.57, 55.70, 0.781, 0.822, 0.646445, 0.959855,1,1,0, 0.803388, 0.413082, 0.816203, 0.361049, 53.57, 0.781, 36.36, 0.441, 104.34, 0.041, 0.00, 0.000
26367,281280, 53.57, 54.21, 0.828, 0.876, 0.583867, 0.672647,1,1,0, 0.732734, 0.208187, 0.616611, 0.198236, 53.57, 0.828, 103.44, 0.053, 35.29, 0.024, 0.00, 0.000
26368,281290, 54.79, 54.61, 0.916, 0.940, 0.647101, 0.471377,1,1,0, 0.752243, 0.430798, 0.759264, 0.384667, 54.79, 0.916, 36.14, 0.146, 110.09, 0.093, 0.00, 0.000
26369,281301, 55.29, 55.09, 0.986, 0.990, 0.582294, 0.330332,1,1,0, 0.541189, 0.198789, 0.389750, 0.174399, 55.29, 0.986, 35.08, 0.184, 105.26, 0.155, 0.00, 0.000
26370,281312, 55.29, 55.23, 0.997, 0.998, 0.635670, 0.369201,1,1,0, 0.767792, 0.403831, 0.766205, 0.383306, 55.29, 0.997, 36.92, 0.351, 112.14, 0.248, 0.00, 0.000
26371,281322, 55.29, 55.28, 0.997, 0.998, 0.640616, 0.437456,1,1,0, 0.730911, 0.316714, 0.748358, 0.283733, 55.29, 0.997, 36.36, 0.258, 110.09, 0.217, 0.00, 0.000
26372,281333, 55.29, 55.29, 0.997, 0.998, 0.603251, 0.306559,1,1,0, 0.741686, 0.298225, 0.737966, 0.279813, 55.29, 0.997, 110.09, 0.199, 36.58, 0.190, 0.00, 0.000
26373,281344, 55.29, 55.29, 0.999, 0.999, 0.643928, 0.394125,1,1,0, 0.752321, 0.423133, 0.740773, 0.368569, 55.29, 0.999, 110.09, 0.170, 36.69, 0.132, 0.00, 0.000
26374,281354, 55.29, 55.29, 0.998, 0.999, 0.579463, 0.276194,1,1,0, 0.457315, 0.144859, 0.324573, 0.161607, 55.29, 0.998, 109.09, 0.160, 36.03, 0.121, 0.00, 0.000
26375,281365, 55.29, 55.29, 0.999, 0.999, 0.639769, 0.407889,1,1,0, 0.762215, 0.425650, 0.765842, 0.393166, 55.29, 0.999, 37.61, 0.299, 114.28, 0.225, 0.00, 0.000
26376,281376, 55.29, 55.29, 0.999, 0.999, 0.579779, 0.285840,1,1,0, 0.515163, 0.263449, 0.599678, 0.204933, 55.29, 0.999, 36.03, 0.363, 108.10, 0.224, 0.00, 0.000
26377,281386, 55.29, 55.29, 0.999, 0.999, 0.616466, 0.309490,1,1,0, 0.767665, 0.361725, 0.745688, 0.355049, 55.29, 0.999, 109.09, 0.196, 36.58, 0.191, 0.00, 0.000
26378,281397, 55.29, 55.29, 0.999, 0.999, 0.651877, 0.360811,1,1,0, 0.751394, 0.423597, 0.729286, 0.370904, 55.29, 0.999, 110.09, 0.202, 36.69, 0.188, 0.00, 0.000
26379,281408, 55.29, 55.29, 0.998, 0.998, 0.586090, 0.252849,1,1,0, 0.232990, 0.123629, 0.261925, 0.157541, 55.29, 0.998, 111.11, 0.179, 36.92, 0.117, 0.00, 0.000
26380,281418, 55.29, 55.29, 0.999, 0.999, 0.627364, 0.309279,1,1,0, 0.750043, 0.421026, 0.719200, 0.380090, 55.29, 0.999, 112.14, 0.220, 37.26, 0.215, 0.00, 0.000
26381,281429, 55.29, 55.29, 0.999, 0.999, 0.568946, 0.216736,1,1,0, 0.525087, 0.256929, 0.337547, 0.195270, 55.29, 0.999, 35.50, 0.538, 105.26, 0.297, 0.00, 0.000
26382,281440, 55.29, 55.29, 0.999, 0.999, 0.599343, 0.256007,1,1,0, 0.739817, 0.359065, 0.704318, 0.358022, 55.29, 0.999, 36.47, 0.253, 109.09, 0.225, 0.00, 0.000
26383,281450, 55.29, 55.29, 0.999, 0.999, 0.638855, 0.351743,1,1,0, 0.743203, 0.395013, 0.714448, 0.353726, 55.29, 0.999, 110.09, 0.210, 36.92, 0.208, 0.00, 0.000
26384,281461, 55.55, 55.40, 0.993, 0.995, 0.579236, 0.246494,1,1,0, 0.505736, 0.189424, 0.361332, 0.194040, 55.55, 0.993, 37.38, 0.250, 113.20, 0.226, 0.00, 0.000
26385,281472, 55.55, 55.46, 0.952, 0.965, 0.529388, 0.172738,1,1,0, 0.533392, 0.282753, 0.452613, 0.228715, 55.55, 0.952, 110.09, 0.201, 36.92, 0.109, 0.00, 0.000
26386,281482, 55.29, 55.39, 0.858, 0.897, 0.478985, 0.121051,1,1,0, 0.216512, 0.144581, 0.227413, 0.140741, 55.29, 0.858, 108.10, 0.156, 0.00, 0.000, 0.00, 0.000
26387,281493, 56.07, 55.68, 0.664, 0.753, 0.429341, 0.084830,1,1,0, 0.177665, 0.099313, 0.202750, 0.104376, 56.07, 0.664, 0.00, 0.000, 0.00, 0.000, 0.00, 0.000
26388,281504, 59.40, 57.24, 0.808, 0.857, 0.382514, 0.059447,1,1,0, 0.116874, 0.070575, 0.106448, 0.058747, 59.40, 0.808, 30.22, 0.706, 0.00, 0.000, 0.00, 0.000
26389,281514, 56.07, 56.75, 0.871, 0.907, 0.338019, 0.041659,1,1,0, 0.063082, 0.039696, 0.054534, 0.030939, 56.07, 0.871, 0.00, 0.000, 0.00, 0.000, 0.00, 0.000
26390,281525, 56.60, 56.69, 0.936, 0.954, 0.298366, 0.029194,1,1,0, 0.035342, 0.020795, 0.040274, 0.023226, 56.60, 0.936, 30.22, 0.912, 0.00, 0.000, 0.00, 0.000
26391,281536, 34.58, 56.69, 0.373, 0.858, 0.332395, 0.266615,1,1,1, 0.523762, 0.258231, 0.400944, 0.218202, 34.58, 0.373, 69.36, 0.216, 99.17, 0.082, 0.00, 0.000
26392,281546, 37.61, 43.33, 0.533, 0.558, 0.307853, 0.186838,1,1,0, 0.442634, 0.280236, 0.281708, 0.150048, 37.61, 0.533, 88.23, 0.016, 0.00, 0.000, 0.00, 0.000
26393,281557, 53.81, 50.67, 0.756, 0.790, 0.625159, 0.767521,1,1,0, 0.853469, 0.422084, 0.852237, 0.410334, 53.81, 0.756, 31.08, 0.726, 0.00, 0.000, 0.00, 0.000
26394,281568, 53.81, 52.86, 0.863, 0.901, 0.624200, 0.537864,1,1,0, 0.646678, 0.332093, 0.686455, 0.297322, 53.81, 0.863, 35.82, 0.119, 0.00, 0.000, 0.00, 0.000
26395,281578, 54.79, 54.21, 0.942, 0.958, 0.564521, 0.376924,1,1,0, 0.642548, 0.219263, 0.647853, 0.208289, 54.79, 0.942, 36.47, 0.009, 109.09, 0.002, 0.00, 0.000
26396,281589, 55.04, 54.79, 0.978, 0.984, 0.580978, 0.293182,1,1,0, 0.685856, 0.376596, 0.664609, 0.331264, 55.04, 0.978, 110.09, 0.110, 36.69, 0.097, 0.00, 0.000
26397,281600, 55.29, 55.14, 0.976, 0.983, 0.522673, 0.205456,1,1,0, 0.424370, 0.141879, 0.298755, 0.147932, 55.29, 0.976, 105.26, 0.176, 34.78, 0.166, 0.00, 0.000
26398,281610, 55.29, 55.25, 0.990, 0.992, 0.570346, 0.351062,1,1,0, 0.676246, 0.372169, 0.686028, 0.348079, 55.29, 0.990, 37.26, 0.346, 113.20, 0.247, 0.00, 0.000
26399,281621, 55.29, 55.28, 0.997, 0.998, 0.536858, 0.399574,1,1,0, 0.566212, 0.258866, 0.651138, 0.202387, 55.29, 0.997, 36.58, 0.269, 109.09, 0.189, 0.00, 0.000
26400,281632, 55.29, 55.29, 0.997, 0.998, 0.553662, 0.312785,1,1,0, 0.666380, 0.305423, 0.688319, 0.299120, 55.29, 0.997, 36.69, 0.152, 109.09, 0.145, 0.00, 0.000
26401,281642, 55.29, 55.29, 0.998, 0.998, 0.617362, 0.459063,1,1,0, 0.730736, 0.407923, 0.718532, 0.350943, 55.29, 0.998, 111.11, 0.125, 36.92, 0.113, 0.00, 0.000
26402,281653, 55.29, 55.29, 0.998, 0.999, 0.553880, 0.321702,1,1,0, 0.286743, 0.092433, 0.219002, 0.135489, 55.29, 0.998, 111.11, 0.094, 37.15, 0.019, 0.00, 0.000
26403,281664, 55.29, 55.29, 0.996, 0.997, 0.585249, 0.299864,1,1,0, 0.680061, 0.390907, 0.678083, 0.358783, 55.29, 0.996, 37.38, 0.221, 114.28, 0.172, 0.00, 0.000
26404,281674, 55.29, 55.29, 0.994, 0.995, 0.527720, 0.210139,1,1,0, 0.476089, 0.236185, 0.310787, 0.161645, 55.29, 0.994, 35.71, 0.435, 106.19, 0.246, 0.00, 0.000
26405,281685, 55.29, 55.29, 0.994, 0.996, 0.559151, 0.264867,1,1,0, 0.678342, 0.331974, 0.665575, 0.334047, 55.29, 0.994, 108.10, 0.217, 36.14, 0.210, 0.00, 0.000
26406,281696, 55.29, 55.29, 0.998, 0.998, 0.597095, 0.342877,1,1,0, 0.685032, 0.377097, 0.665172, 0.332534, 55.29, 0.998, 36.58, 0.200, 111.11, 0.196, 0.00, 0.000
26407,281706, 55.29, 55.29, 0.998, 0.998, 0.536221, 0.240281,1,1,0, 0.386173, 0.124235, 0.234056, 0.137432, 55.29, 0.998, 111.11, 0.135, 36.92, 0.090, 0.00, 0.000
26408,281717, 55.29, 55.29, 0.999, 0.999, 0.575208, 0.302063,1,1,0, 0.700573, 0.385310, 0.659528, 0.340407, 55.29, 0.999, 113.20, 0.115, 37.38, 0.094, 0.00, 0.000
26409,281728, 55.29, 55.29, 0.998, 0.999, 0.521312, 0.211680,1,1,0, 0.482736, 0.221987, 0.308276, 0.180299, 55.29, 0.998, 35.39, 0.400, 105.26, 0.212, 0.00, 0.000
26410,281738, 55.29, 55.29, 0.998, 0.998, 0.550545, 0.239454,1,1,0, 0.674118, 0.333648, 0.645784, 0.328414, 55.29, 0.998, 36.58, 0.280, 110.09, 0.214, 0.00, 0.000
26411,281749, 55.29, 55.29, 0.999, 0.999, 0.586244, 0.342410,1,1,0, 0.683039, 0.338484, 0.650418, 0.306370, 55.29, 0.999, 110.09, 0.207, 36.69, 0.206, 0.00, 0.000
26412,281760, 55.29, 55.29, 0.998, 0.999, 0.532850, 0.239954,1,1,0, 0.638394, 0.213231, 0.553131, 0.197003, 55.29, 0.998, 110.09, 0.199, 36.80, 0.165, 0.00, 0.000
26413,281770, 55.29, 55.29, 0.998, 0.999, 0.565596, 0.278881,1,1,0, 0.675593, 0.374667, 0.647418, 0.327819, 55.29, 0.998, 112.14, 0.164, 36.92, 0.107, 0.00, 0.000
26414,281781, 55.29, 55.29, 0.999, 0.999, 0.513076, 0.195434,1,1,0, 0.439272, 0.179797, 0.297628, 0.173391, 55.29, 0.999, 34.88, 0.348, 104.34, 0.218, 0.00, 0.000
26415,281792, 55.55, 55.40, 0.991, 0.993, 0.514315, 0.173410,1,1,0, 0.597705, 0.308112, 0.592287, 0.294887, 55.55, 0.991, 37.50, 0.395, 114.28, 0.266, 0.00, 0.000
26416,281802, 55.81, 55.57, 0.983, 0.988, 0.466476, 0.121522,1,1,0, 0.498129, 0.203563, 0.468990, 0.185778, 55.81, 0.983, 110.09, 0.222, 37.61, 0.200, 0.00, 0.000
26417,281813, 56.60, 56.00, 0.978, 0.984, 0.422818, 0.085160,1,1,0, 0.494922, 0.159936, 0.438356, 0.146363, 56.60, 0.978, 118.81, 0.217, 38.83, 0.172, 0.00, 0.000
26418,281824, 56.87, 56.37, 0.937, 0.955, 0.379667, 0.059678,1,1,0, 0.234396, 0.116262, 0.243990, 0.102852, 56.87, 0.937, 112.14, 0.094, 0.00, 0.000, 0.00, 0.000
26419,281834, 57.69, 56.92, 0.872, 0.908, 0.337210, 0.041821,1,1,0, 0.091534, 0.057009, 0.063461, 0.042489, 57.69, 0.872, 31.08, 0.477, 0.00, 0.000, 0.00, 0.000
26420,281845, 57.69, 57.24, 0.879, 0.912, 0.299107, 0.029307,1,1,0, 0.062257, 0.036864, 0.073880, 0.039622, 57.69, 0.879, 47.43, 0.196, 0.00, 0.000, 0.00, 0.000
26421,281856, 30.53, 58.65, 0.792, 0.828, 0.264207, 0.020538,1,1,0, 0.040793, 0.025940, 0.042735, 0.023501, 30.53, 0.792, 60.60, 0.762, 45.62, 0.040, 0.00, 0.000
26422,281866, 55.81, 57.46, 0.760, 0.813, 0.233013, 0.014392,1,1,0, 0.042611, 0.021945, 0.024249, 0.016499, 55.81, 0.760, 0.00, 0.000, 0.00, 0.000, 0.00, 0.000
26423,281877, 56.87, 57.21, 0.753, 0.822, 0.204692, 0.010086,1,1,0, 0.016223, 0.008002, 0.015199, 0.007761, 56.87, 0.753, 31.08, 0.513, 0.00, 0.000, 0.00, 0.000
26424,281888, 57.14, 57.18, 0.469, 0.553, 0.180331, 0.007068,1,1,0, 0.028428, 0.015252, 0.018692, 0.010672, 57.14, 0.469, 45.28, 0.328, 32.78, 0.245, 0.00, 0.000
26425,281898, 68.57, 61.96, 0.460, 0.465, 0.159841, 0.004953,1,1,0, 0.053108, 0.030340, 0.034034, 0.018668, 68.57, 0.460, 43.63, 0.417, 34.68, 0.353, 134.83, 0.050
26426,281909, 37.73, 61.96, 0.193, 0.418, 0.141463, 0.003471,1,1,0, 0.041461, 0.020158, 0.030823, 0.015630, 37.73, 0.193, 34.38, 0.179, 137.93, 0.079, 0.00, 0.000
26427,281920, 32.17, 49.45, 0.565, 0.565, 0.127170, 0.002432,1,1,0, 0.073157, 0.045411, 0.043060, 0.028245, 32.17, 0.565, 39.60, 0.172, 75.94, 0.163, 0.00, 0.000
26428,281930, 30.45, 41.47, 0.509, 0.512, 0.112949, 0.001704,1,1,0, 0.033183, 0.021371, 0.034794, 0.016233, 30.45, 0.509, 0.00, 0.000, 0.00, 0.000, 0.00, 0.000
26429,281941, 43.63, 41.47, 0.073, 0.461, 0.099901, 0.001194,1,1,0, 0.027081, 0.014028, 0.020379, 0.009660, 43.63, 0.073, 0.00, 0.000, 0.00, 0.000, 0.00, 0.000
26430,281952, 32.87, 37.86, 0.579, 0.579, 0.088248, 0.000837,1,1,0, 0.021683, 0.012617, 0.018757, 0.008421, 32.87, 0.579, 44.94, 0.429, 0.00, 0.000, 0.00, 0.000
26431,281962, 40.40, 37.86, 0.393, 0.521, 0.078407, 0.000586,1,1,0, 0.021300, 0.012943, 0.025258, 0.011419, 40.40, 0.393, 56.33, 0.253, 47.80, 0.150, 157.89, 0.104
26432,281973, 40.40, 38.93, 0.597, 0.628, 0.069474, 0.000411,1,1,0, 0.021972, 0.008516, 0.022095, 0.007801, 40.40, 0.597, 57.69, 0.304, 100.00, 0.138, 48.19, 0.104
26433,281984, 37.50, 38.32, 0.692, 0.738, 0.062659, 0.000288,1,1,0, 0.031953, 0.019358, 0.029239, 0.016285, 37.50, 0.692, 92.30, 0.126, 0.00, 0.000, 0.00, 0.000
26434,281994, 41.52, 39.67, 0.742, 0.775, 0.056260, 0.000201,1,1,0, 0.027999, 0.015445, 0.021814, 0.012711, 41.52, 0.742, 75.00, 0.363, 33.42, 0.052, 0.00, 0.000
26435,282005, 40.81, 40.15, 0.829, 0.877, 0.051247, 0.000141,1,1,0, 0.036554, 0.019693, 0.033441, 0.018392, 40.81, 0.829, 82.75, 0.486, 0.00, 0.000, 0.00, 0.000
26436,282016, 39.73, 39.97, 0.952, 0.965, 0.046141, 0.000099,1,1,0, 0.025298, 0.013016, 0.018698, 0.011591, 39.73, 0.952, 78.43, 0.522, 0.00, 0.000, 0.00, 0.000
26437,282026, 40.40, 40.15, 0.911, 0.936, 0.041665, 0.000069,1,1,0, 0.022960, 0.013972, 0.021049, 0.012014, 40.40, 0.911, 84.50, 0.424, 0.00, 0.000, 0.00, 0.000
26438,282037, 40.40, 40.26, 0.807, 0.861, 0.037777, 0.000048,1,1,0, 0.025095, 0.014546, 0.024087, 0.012629, 40.40, 0.807, 72.28, 0.550, 0.00, 0.000, 0.00, 0.000
26439,282048, 40.95, 40.55, 0.776, 0.839, 0.061421, 0.109049,1,1,0, 0.121251, 0.036086, 0.092610, 0.030232, 40.95, 0.776, 93.02, 0.390, 0.00, 0.000, 0.00, 0.000
26440,282058, 39.86, 40.26, 0.834, 0.880, 0.084515, 0.084687,1,1,0, 0.152544, 0.091766, 0.109007, 0.073158, 39.86, 0.834, 78.43, 0.398, 0.00, 0.000, 0.00, 0.000
26441,282069, 31.91, 36.75, 0.736, 0.736, 0.081673, 0.059347,1,1,0, 0.125439, 0.086552, 0.084895, 0.047261, 31.91, 0.736, 45.97, 0.416, 39.47, 0.264, 0.00, 0.000
26442,282080, 44.77, 40.12, 0.629, 0.633, 0.076344, 0.041589,1,1,0, 0.074380, 0.047929, 0.081346, 0.047511, 44.77, 0.629, 0.00, 0.000, 0.00, 0.000, 0.00, 0.000
26443,282090, 42.25, 41.01, 0.709, 0.748, 0.067750, 0.029145,1,1,0, 0.030445, 0.020447, 0.029247, 0.010284, 42.25, 0.709, 0.00, 0.000, 0.00, 0.000, 0.00, 0.000
26444,282101, 34.58, 38.31, 0.558, 0.558, 0.060674, 0.020424,1,1,0, 0.021480, 0.012740, 0.024449, 0.014009, 34.58, 0.558, 64.51, 0.388, 0.00, 0.000, 0.00, 0.000
26445,282112, 78.43, 38.58, 0.635, 0.675, 0.054094, 0.014312,1,1,0, 0.023407, 0.012311, 0.024088, 0.009404, 78.43, 0.635, 38.96, 0.621, 0.00, 0.000, 0.00, 0.000
26446,282122, 80.53, 56.20, 0.590, 0.593, 0.048808, 0.010030,1,1,0, 0.020635, 0.013383, 0.026147, 0.013146, 80.53, 0.590, 43.95, 0.490, 30.92, 0.248, 0.00, 0.000
26447,282133, 43.32, 50.79, 0.692, 0.695, 0.043810, 0.007028,1,1,0, 0.021539, 0.012586, 0.018896, 0.010676, 43.32, 0.692, 81.63, 0.642, 0.00, 0.000, 0.00, 0.000
26448,282144, 77.41, 61.97, 0.767, 0.783, 0.039046, 0.004925,1,1,0, 0.012325, 0.007038, 0.015282, 0.006974, 77.41, 0.767, 40.13, 0.524, 0.00, 0.000, 0.00, 0.000
26449,282154, 37.38, 68.04, 0.745, 0.749, 0.035360, 0.003451,1,1,0, 0.027894, 0.014879, 0.023783, 0.012077, 37.38, 0.745, 76.43, 0.731, 0.00, 0.000, 0.00, 0.000
26450,282165, 37.38, 55.16, 0.808, 0.817, 0.031559, 0.002419,1,1,0, 0.027539, 0.010620, 0.016497, 0.006111, 37.38, 0.808, 71.85, 0.546, 0.00, 0.000, 0.00, 0.000
26451,282176, 40.54, 49.02, 0.531, 0.531, 0.028252, 0.001695,1,1,0, 0.014605, 0.007378, 0.013689, 0.006339, 40.54, 0.531, 76.43, 0.253, 0.00, 0.000, 0.00, 0.000
26452,282186, 41.37, 49.02, 0.452, 0.478, 0.025231, 0.001187,1,1,0, 0.013712, 0.007393, 0.008702, 0.004523, 41.37, 0.452, 50.20, 0.387, 75.94, 0.145, 0.00, 0.000
26453,282197, 31.91, 41.83, 0.747, 0.750, 0.022726, 0.000832,1,1,0, 0.014768, 0.008245, 0.013295, 0.006974, 31.91, 0.747, 47.80, 0.480, 95.23, 0.304, 164.38, 0.008
26454,282208, 46.87, 43.95, 0.639, 0.664, 0.020451, 0.000583,1,1,0, 0.014469, 0.007536, 0.009475, 0.005124, 46.87, 0.639, 33.24, 0.452, 107.14, 0.111, 73.17, 0.102
26455,282218, 37.15, 41.09, 0.624, 0.629, 0.018379, 0.000408,1,1,0, 0.016860, 0.007543, 0.009787, 0.004749, 37.15, 0.624, 109.09, 0.122, 146.34, 0.083, 0.00, 0.000
26456,282229, 40.54, 40.86, 0.437, 0.492, 0.016958, 0.000286,1,1,0, 0.016131, 0.007700, 0.010226, 0.007361, 40.54, 0.437, 72.28, 0.336, 50.84, 0.126, 0.00, 0.000
26457,282240, 75.47, 55.39, 0.494, 0.497, 0.015750, 0.000200,1,1,0, 0.015229, 0.009393, 0.014059, 0.008157, 75.47, 0.494, 40.40, 0.289, 31.91, 0.228, 48.38, 0.219
26458,282250, 79.47, 65.50, 0.589, 0.602, 0.014538, 0.000140,1,1,0, 0.013287, 0.007120, 0.012535, 0.006968, 79.47, 0.589, 38.96, 0.538, 0.00, 0.000, 0.00, 0.000
26459,282261, 89.55, 65.50, 0.405, 0.541, 0.013093, 0.000098,1,1,0, 0.007442, 0.003564, 0.007212, 0.003446, 89.55, 0.405, 44.11, 0.334, 32.52, 0.320, 0.00, 0.000
26460,282272, 38.21, 65.50, 0.353, 0.487, 0.019860, 0.016175,1,1,0, 0.055782, 0.037815, 0.022654, 0.016687, 38.21, 0.353, 100.00, 0.204, 74.07, 0.160, 0.00, 0.000
26461,282282, 33.42, 65.50, 0.375, 0.438, 0.035417, 0.015768,1,1,0, 0.059734, 0.031673, 0.038189, 0.027416, 33.42, 0.375, 30.45, 0.190, 0.00, 0.000, 0.00, 0.000
26462,282293, 38.46, 54.14, 0.466, 0.466, 0.033480, 0.011050,1,1,0, 0.060933, 0.039024, 0.035423, 0.022068, 38.46, 0.466, 0.00, 0.000, 0.00, 0.000, 0.00, 0.000
26463,282304, 36.25, 46.63, 0.690, 0.690, 0.030389, 0.007743,1,1,0, 0.017070, 0.010243, 0.022755, 0.011207, 36.25, 0.690, 0.00, 0.000, 0.00, 0.000, 0.00, 0.000
26464,282314, 40.81, 46.63, 0.288, 0.621, 0.027253, 0.005426,1,1,0, 0.011504, 0.007137, 0.007750, 0.005627, 40.81, 0.288, 0.00, 0.000, 0.00, 0.000, 0.00, 0.000
26465,282325, 48.97, 47.61, 0.756, 0.796, 0.024267, 0.003802,1,1,0, 0.012659, 0.006261, 0.007861, 0.003882, 48.97, 0.756, 0.00, 0.000, 0.00, 0.000, 0.00, 0.000
26466,282336, 49.38, 48.35, 0.529, 0.590, 0.021669, 0.002664,1,1,0, 0.010800, 0.004606, 0.009391, 0.004373, 49.38, 0.529, 0.00, 0.000, 0.00, 0.000, 0.00, 0.000
26467,282346, 32.52, 48.45, 0.793, 0.759, 0.019275, 0.001867,1,1,0, 0.007218, 0.003332, 0.005107, 0.003013, 32.52, 0.793, 48.58, 0.696, 97.56, 0.166, 0.00, 0.000
26468,282357, 32.60, 48.67, 0.643, 0.601, 0.017111, 0.001308,1,1,0, 0.007520, 0.003128, 0.006506, 0.002524, 32.60, 0.643, 48.97, 0.518, 98.36, 0.502, 36.80, 0.274
26469,282368, 49.38, 48.97, 0.765, 0.830, 0.015314, 0.000917,1,1,0, 0.007187, 0.004524, 0.008106, 0.003734, 49.38, 0.765, 98.36, 0.700, 33.14, 0.642, 0.00, 0.000
26470,282378, 49.38, 49.14, 0.845, 0.888, 0.013726, 0.000642,1,1,0, 0.007823, 0.003454, 0.005012, 0.002922, 49.38, 0.845, 33.14, 0.700, 99.17, 0.583, 0.00, 0.000
26471,282389, 48.97, 49.07, 0.772, 0.835, 0.012248, 0.000450,1,1,0, 0.005924, 0.002690, 0.005025, 0.002307, 48.97, 0.772, 32.69, 0.632, 98.36, 0.434, 40.40, 0.144
26472,282400, 48.19, 48.70, 0.731, 0.806, 0.011816, 0.004035,1,1,0, 0.013890, 0.007512, 0.012838, 0.006177, 48.19, 0.731, 32.52, 0.586, 98.36, 0.287, 0.00, 0.000
26473,282410, 101.69, 85.79, 0.716, 0.734, 0.211824, 0.572015,1,1,1, 0.436966, 0.181052, 0.321293, 0.123418, 101.69, 0.716, 32.69, 0.708, 137.93, 0.560, 50.20, 0.043
26474,282421, 32.96, 48.81, 0.693, 0.703, 0.246869, 0.400856,1,1,0, 0.477340, 0.235117, 0.294479, 0.177664, 32.96, 0.693, 37.85, 0.369, 146.34, 0.211, 0.00, 0.000
26475,282432, 71.00, 64.34, 0.590, 0.615, 0.436389, 0.668262,1,1,0, 0.572653, 0.239672, 0.635454, 0.265310, 71.00, 0.590, 38.46, 0.297, 0.00, 0.000, 0.00, 0.000
26476,282442, 72.72, 70.21, 0.764, 0.821, 0.422871, 0.468304,1,1,0, 0.441226, 0.240813, 0.491528, 0.226417, 72.72, 0.764, 36.36, 0.677, 48.38, 0.080, 0.00, 0.000
26477,282453, 37.03, 46.99, 0.930, 0.950, 0.435968, 0.328178,1,1,0, 0.547155, 0.246797, 0.515767, 0.218045, 37.03, 0.930, 73.61, 0.917, 48.97, 0.081, 150.00, 0.010
26478,282464, 37.15, 40.10, 0.978, 0.984, 0.451341, 0.313724,1,1,0, 0.510655, 0.235634, 0.519286, 0.226546, 37.15, 0.978, 74.07, 0.950, 48.58, 0.001, 0.00, 0.000
26479,282474, 74.07, 63.88, 0.972, 0.980, 0.410968, 0.219851,1,1,0, 0.414984, 0.186627, 0.380874, 0.144096, 74.07, 0.972, 37.03, 0.968, 48.97, 0.084, 148.14, 0.054
26480,282485, 74.07, 71.01, 0.982, 0.987, 0.446606, 0.309435,1,1,0, 0.551306, 0.231044, 0.562113, 0.236632, 74.07, 0.982, 36.92, 0.970, 0.00, 0.000, 0.00, 0.000
26481,282496, 36.92, 47.15, 0.994, 0.996, 0.444047, 0.216846,1,1,0, 0.529301, 0.254394, 0.512280, 0.236295, 36.92, 0.994, 74.07, 0.988, 0.00, 0.000, 0.00, 0.000
26482,282506, 36.92, 39.99, 0.993, 0.995, 0.443040, 0.202711,1,1,0, 0.490800, 0.248202, 0.501858, 0.227632, 36.92, 0.993, 73.61, 0.990, 0.00, 0.000, 0.00, 0.000
26483,282517, 36.92, 38.70, 0.996, 0.997, 0.426242, 0.233309,1,1,0, 0.480197, 0.191139, 0.492898, 0.177919, 36.92, 0.996, 74.07, 0.996, 0.00, 0.000, 0.00, 0.000
26484,282528, 74.07, 38.00, 0.997, 0.998, 0.400820, 0.163498,1,1,0, 0.487016, 0.178863, 0.494130, 0.166158, 74.07, 0.997, 37.03, 0.997, 0.00, 0.000, 0.00, 0.000
26485,282538, 74.07, 53.15, 0.998, 0.999, 0.406924, 0.200163,1,1,0, 0.490859, 0.224413, 0.493973, 0.216821, 74.07, 0.998, 37.03, 0.997, 0.00, 0.000, 0.00, 0.000
26486,282549, 74.07, 61.93, 0.999, 0.999, 0.414134, 0.222203,1,1,0, 0.487025, 0.235711, 0.489062, 0.218784, 74.07, 0.999, 37.03, 0.997, 0.00, 0.000, 0.00, 0.000
26487,282560, 74.07, 67.03, 0.999, 0.999, 0.427424, 0.270187,1,1,0, 0.494828, 0.241719, 0.497454, 0.219745, 74.07, 0.999, 37.03, 0.999, 0.00, 0.000, 0.00, 0.000
26488,282570, 74.07, 69.99, 0.999, 0.999, 0.388336, 0.189342,1,1,0, 0.353394, 0.154052, 0.372507, 0.134613, 74.07, 0.999, 37.03, 0.997, 0.00, 0.000, 0.00, 0.000
26489,282581, 74.07, 71.70, 0.999, 0.999, 0.393924, 0.200088,1,1,0, 0.494490, 0.199254, 0.493880, 0.197776, 74.07, 0.999, 37.03, 0.998, 0.00, 0.000, 0.00, 0.000
26490,282592, 74.07, 72.70, 0.999, 0.999, 0.400981, 0.210437,1,1,0, 0.480909, 0.233694, 0.484723, 0.219729, 74.07, 0.999, 36.92, 0.998, 0.00, 0.000, 0.00, 0.000
26491,282602, 74.07, 73.27, 0.999, 0.999, 0.407899, 0.235967,1,1,0, 0.479712, 0.233310, 0.484480, 0.212582, 74.07, 0.999, 37.03, 0.998, 30.53, 0.102, 0.00, 0.000
26492,282613, 74.07, 73.61, 0.999, 0.999, 0.415832, 0.263084,1,1,0, 0.478566, 0.229470, 0.479530, 0.213620, 74.07, 0.999, 37.03, 0.999, 0.00, 0.000, 0.00, 0.000
26493,282624, 74.07, 73.80, 0.999, 0.999, 0.376924, 0.184364,1,1,0, 0.356918, 0.154523, 0.249430, 0.121399, 74.07, 0.999, 37.03, 0.998, 0.00, 0.000, 0.00, 0.000
26494,282634, 36.92, 73.91, 0.998, 0.998, 0.380474, 0.199053,1,1,0, 0.457128, 0.190613, 0.473633, 0.197620, 36.92, 0.998, 74.07, 0.998, 0.00, 0.000, 0.00, 0.000
26495,282645, 36.92, 73.98, 0.998, 0.998, 0.387412, 0.211725,1,1,0, 0.462817, 0.228027, 0.467397, 0.212342, 36.92, 0.998, 74.07, 0.998, 0.00, 0.000, 0.00, 0.000
26496,282656, 74.07, 74.02, 0.998, 0.998, 0.392001, 0.235420,1,1,0, 0.453903, 0.223226, 0.462076, 0.202276, 74.07, 0.998, 37.03, 0.998, 30.92, 0.082, 0.00, 0.000
26497,282666, 74.07, 74.04, 0.999, 0.999, 0.396739, 0.254283,1,1,0, 0.449320, 0.205691, 0.456066, 0.195867, 74.07, 0.999, 37.03, 0.998, 0.00, 0.000, 0.00, 0.000
26498,282677, 74.07, 74.05, 0.997, 0.997, 0.359106, 0.178196,1,1,0, 0.356912, 0.133198, 0.330890, 0.114095, 74.07, 0.997, 37.03, 0.994, 0.00, 0.000, 0.00, 0.000
26499,282688, 74.07, 74.06, 0.973, 0.980, 0.327009, 0.124876,1,1,0, 0.317749, 0.134064, 0.331502, 0.134808, 74.07, 0.973, 37.15, 0.972, 0.00, 0.000, 0.00, 0.000
26500,282698, 75.00, 74.45, 0.937, 0.955, 0.292702, 0.087511,1,1,0, 0.121314, 0.070567, 0.137597, 0.064137, 75.00, 0.937, 37.61, 0.846, 0.00, 0.000, 0.00, 0.000
26501,282709, 75.00, 74.68, 0.866, 0.904, 0.259636, 0.061325,1,1,0, 0.069890, 0.036699, 0.067622, 0.035380, 75.00, 0.866, 37.73, 0.538, 33.14, 0.379, 0.00, 0.000
26502,282720, 75.94, 75.21, 0.913, 0.937, 0.229125, 0.042975,1,1,0, 0.036165, 0.019988, 0.031581, 0.017664, 75.94, 0.913, 37.97, 0.669, 63.15, 0.290, 34.09, 0.185
26503,282730, 75.47, 75.32, 0.738, 0.811, 0.202035, 0.030116,1,1,0, 0.037766, 0.015416, 0.032562, 0.014852, 75.47, 0.738, 42.10, 0.706, 93.75, 0.486, 37.73, 0.360
26504,282741, 75.00, 75.18, 0.657, 0.747, 0.178234, 0.021105,1,1,0, 0.025288, 0.014101, 0.024647, 0.013530, 75.00, 0.657, 42.10, 0.643, 96.00, 0.590, 37.26, 0.493
26505,282752, 74.53, 74.91, 0.737, 0.811, 0.157491, 0.014790,1,1,0, 0.035343, 0.015678, 0.027028, 0.014023, 74.53, 0.737, 42.25, 0.634, 97.56, 0.630, 49.38, 0.566
26506,282762, 98.36, 74.75, 0.776, 0.769, 0.139825, 0.010364,1,1,0, 0.110818, 0.026073, 0.090809, 0.021859, 98.36, 0.776, 33.24, 0.708, 74.53, 0.679, 49.58, 0.629
26507,282773, 76.92, 74.75, 0.349, 0.692, 0.205445, 0.188780,1,1,1, 0.329868, 0.188611, 0.237739, 0.156956, 76.92, 0.349, 43.16, 0.340, 30.53, 0.184, 38.83, 0.120
26508,282784, 71.00, 72.13, 0.596, 0.659, 0.342721, 0.517590,1,1,0, 0.436404, 0.220936, 0.470370, 0.205306, 71.00, 0.596, 38.33, 0.280, 34.68, 0.234, 0.00, 0.000
26509,282794, 35.92, 72.54, 0.818, 0.846, 0.385458, 0.362717,1,1,0, 0.468055, 0.230065, 0.464519, 0.208061, 35.92, 0.818, 72.72, 0.786, 30.30, 0.311, 52.63, 0.020
26510,282805, 73.17, 72.98, 0.899, 0.927, 0.380346, 0.254185,1,1,0, 0.476716, 0.166482, 0.442716, 0.159092, 73.17, 0.899, 36.58, 0.859, 31.08, 0.031, 0.00, 0.000
26511,282816, 74.07, 73.74, 0.989, 0.992, 0.356263, 0.178127,1,1,0, 0.476460, 0.170211, 0.441338, 0.152050, 74.07, 0.989, 36.92, 0.985, 0.00, 0.000, 0.00, 0.000
26512,282826, 74.07, 73.97, 0.994, 0.996, 0.360240, 0.172955,1,1,0, 0.442038, 0.196780, 0.435050, 0.190833, 74.07, 0.994, 37.03, 0.993, 0.00, 0.000, 0.00, 0.000
26513,282837, 74.07, 74.04, 0.995, 0.997, 0.375046, 0.228167,1,1,0, 0.453714, 0.214364, 0.447447, 0.198020, 74.07, 0.995, 36.92, 0.995, 0.00, 0.000, 0.00, 0.000
26514,282848, 74.07, 74.06, 0.998, 0.998, 0.382640, 0.221266,1,1,0, 0.452099, 0.211694, 0.439678, 0.191761, 74.07, 0.998, 37.03, 0.997, 0.00, 0.000, 0.00, 0.000
26515,282858, 74.07, 74.07, 0.996, 0.997, 0.349405, 0.155059,1,1,0, 0.358085, 0.134823, 0.382222, 0.123508, 74.07, 0.996, 37.03, 0.995, 0.00, 0.000, 0.00, 0.000
26516,282869, 74.07, 74.07, 0.994, 0.996, 0.357313, 0.205572,1,1,0, 0.467453, 0.182102, 0.457826, 0.176300, 74.07, 0.994, 37.03, 0.992, 0.00, 0.000, 0.00, 0.000
26517,282880, 37.03, 58.51, 0.995, 0.996, 0.376222, 0.249860,1,1,0, 0.471146, 0.214097, 0.469232, 0.203279, 37.03, 0.995, 74.07, 0.994, 0.00, 0.000, 0.00, 0.000
26518,282890, 74.07, 65.05, 0.996, 0.997, 0.379186, 0.217801,1,1,0, 0.459919, 0.205725, 0.447292, 0.189883, 74.07, 0.996, 37.03, 0.994, 30.30, 0.215, 50.84, 0.002
26519,282901, 74.07, 68.84, 0.998, 0.999, 0.384929, 0.237335,1,1,0, 0.452243, 0.207639, 0.444096, 0.190753, 74.07, 0.998, 37.03, 0.998, 0.00, 0.000, 0.00, 0.000
26520,282912, 74.07, 71.03, 0.998, 0.999, 0.347338, 0.166319,1,1,0, 0.260983, 0.115411, 0.180180, 0.098034, 74.07, 0.998, 37.03, 0.997, 47.24, 0.010, 0.00, 0.000
26521,282922, 74.07, 72.31, 0.998, 0.999, 0.355217, 0.197458,1,1,0, 0.459359, 0.186861, 0.445311, 0.185997, 74.07, 0.998, 37.03, 0.998, 0.00, 0.000, 0.00, 0.000
26522,282933, 74.07, 73.05, 0.999, 0.999, 0.362631, 0.197597,1,1,0, 0.451631, 0.204946, 0.437160, 0.192383, 74.07, 0.999, 37.03, 0.997, 0.00, 0.000, 0.00, 0.000
26523,282944, 74.07, 73.48, 0.999, 0.999, 0.368418, 0.229370,1,1,0, 0.449901, 0.198388, 0.438389, 0.181325, 74.07, 0.999, 37.03, 0.998, 30.76, 0.254, 0.00, 0.000
26524,282954, 74.07, 73.73, 0.999, 0.999, 0.377205, 0.261824,1,1,0, 0.445059, 0.197189, 0.439005, 0.184421, 74.07, 0.999, 37.03, 0.999, 0.00, 0.000, 0.00, 0.000
26525,282965, 74.07, 73.87, 0.993, 0.995, 0.340919, 0.183481,1,1,0, 0.305304, 0.124667, 0.266174, 0.103478, 74.07, 0.993, 36.92, 0.986, 0.00, 0.000, 0.00, 0.000
26526,282976, 74.07, 73.95, 0.925, 0.946, 0.309923, 0.128579,1,1,0, 0.279571, 0.124117, 0.297238, 0.122629, 74.07, 0.925, 37.03, 0.873, 0.00, 0.000, 0.00, 0.000
26527,282986, 74.53, 74.20, 0.828, 0.876, 0.275849, 0.090106,1,1,0, 0.082154, 0.052688, 0.088162, 0.047416, 74.53, 0.828, 37.73, 0.598, 33.42, 0.315, 0.00, 0.000
26528,282997, 32.78, 74.34, 0.615, 0.680, 0.243421, 0.063144,1,1,0, 0.041983, 0.022016, 0.057026, 0.024843, 32.78, 0.615, 74.53, 0.588, 34.48, 0.572, 38.70, 0.111
26529,283008, 76.92, 75.42, 0.823, 0.872, 0.214667, 0.044250,1,1,0, 0.047181, 0.025323, 0.032832, 0.015349, 76.92, 0.823, 63.49, 0.373, 40.95, 0.294, 0.00, 0.000
26530,283018, 90.90, 81.92, 0.637, 0.643, 0.188658, 0.031009,1,1,0, 0.018778, 0.008422, 0.020347, 0.008427, 90.90, 0.637, 41.81, 0.510, 45.97, 0.439, 31.08, 0.113
26531,283029, 93.02, 86.58, 0.645, 0.660, 0.166063, 0.021731,1,1,0, 0.023172, 0.012673, 0.016701, 0.008895, 93.02, 0.645, 122.44, 0.308, 75.47, 0.295, 33.89, 0.259
26532,283040, 57.69, 86.58, 0.174, 0.594, 0.233820, 0.302127,1,1,1, 0.431439, 0.203129, 0.318851, 0.176643, 57.69, 0.174, 39.08, 0.072, 36.03, 0.052, 100.00, 0.043
26533,283050, 70.58, 75.38, 0.610, 0.647, 0.530664, 0.856531,1,1,0, 0.666246, 0.376660, 0.737761, 0.335191, 70.58, 0.610, 32.34, 0.457, 43.95, 0.287, 0.00, 0.000
26534,283061, 72.28, 73.21, 0.696, 0.763, 0.492038, 0.600240,1,1,0, 0.463013, 0.252811, 0.505858, 0.240977, 72.28, 0.696, 35.92, 0.573, 0.00, 0.000, 0.00, 0.000
26535,283072, 72.72, 72.87, 0.769, 0.834, 0.440781, 0.420636,1,1,0, 0.334786, 0.127100, 0.260421, 0.106138, 72.72, 0.769, 36.25, 0.735, 0.00, 0.000, 0.00, 0.000
26536,283082, 36.92, 47.70, 0.947, 0.962, 0.437274, 0.294773,1,1,0, 0.556425, 0.228229, 0.535162, 0.221632, 36.92, 0.947, 74.07, 0.943, 0.00, 0.000, 0.00, 0.000
26537,283093, 74.07, 66.16, 0.974, 0.981, 0.456649, 0.274621,1,1,0, 0.557479, 0.272253, 0.552146, 0.256013, 74.07, 0.974, 37.15, 0.972, 0.00, 0.000, 0.00, 0.000
26538,283104, 74.07, 71.70, 0.988, 0.991, 0.492446, 0.359838,1,1,0, 0.573148, 0.287323, 0.586922, 0.259499, 74.07, 0.988, 36.92, 0.975, 30.15, 0.168, 0.00, 0.000
26539,283114, 36.92, 47.35, 0.994, 0.996, 0.491710, 0.252167,1,1,0, 0.538333, 0.261023, 0.545127, 0.246482, 36.92, 0.994, 73.61, 0.991, 0.00, 0.000, 0.00, 0.000
26540,283125, 73.61, 65.74, 0.991, 0.993, 0.446081, 0.176713,1,1,0, 0.428278, 0.185199, 0.324499, 0.146446, 73.61, 0.991, 36.92, 0.988, 0.00, 0.000, 0.00, 0.000
26541,283136, 74.07, 71.57, 0.997, 0.998, 0.442833, 0.181505,1,1,0, 0.521263, 0.214110, 0.534740, 0.222015, 74.07, 0.997, 37.03, 0.994, 0.00, 0.000, 0.00, 0.000
26542,283146, 74.07, 72.62, 0.998, 0.999, 0.444106, 0.199209,1,1,0, 0.514926, 0.254588, 0.522081, 0.238143, 74.07, 0.998, 37.03, 0.997, 0.00, 0.000, 0.00, 0.000
26543,283157, 74.07, 73.23, 0.998, 0.998, 0.459245, 0.277527,1,1,0, 0.527604, 0.263814, 0.538942, 0.238911, 74.07, 0.998, 37.03, 0.997, 0.00, 0.000, 0.00, 0.000
26544,283168, 37.03, 58.03, 0.999, 0.999, 0.460389, 0.280137,1,1,0, 0.526575, 0.220034, 0.527526, 0.208935, 37.03, 0.999, 74.07, 0.998, 0.00, 0.000, 0.00, 0.000
26545,283178, 37.03, 49.21, 0.999, 0.999, 0.422016, 0.196314,1,1,0, 0.514698, 0.185348, 0.507646, 0.163415, 37.03, 0.999, 74.07, 0.998, 0.00, 0.000, 0.00, 0.000
26546,283189, 74.07, 59.65, 0.999, 0.999, 0.431050, 0.227923,1,1,0, 0.523055, 0.234912, 0.529551, 0.229076, 74.07, 0.999, 37.03, 0.998, 0.00, 0.000, 0.00, 0.000
26547,283200, 74.07, 65.71, 0.998, 0.999, 0.434443, 0.225871,1,1,0, 0.514274, 0.250102, 0.515454, 0.231101, 74.07, 0.998, 37.03, 0.998, 0.00, 0.000, 0.00, 0.000
26548,283210, 37.03, 69.22, 0.999, 0.999, 0.442818, 0.266825,1,1,0, 0.499985, 0.252824, 0.514950, 0.231803, 37.03, 0.999, 74.07, 0.998, 0.00, 0.000, 0.00, 0.000
26549,283221, 37.03, 71.26, 0.999, 0.999, 0.407286, 0.186985,1,1,0, 0.410937, 0.176135, 0.454911, 0.156666, 37.03, 0.999, 74.07, 0.998, 0.00, 0.000, 0.00, 0.000
26550,283232, 74.07, 72.44, 0.999, 0.999, 0.406606, 0.210745,1,1,0, 0.497231, 0.200167, 0.512575, 0.194477, 74.07, 0.999, 37.03, 0.999, 0.00, 0.000, 0.00, 0.000
26551,283242, 74.07, 73.12, 0.999, 0.999, 0.419436, 0.241206,1,1,0, 0.500016, 0.247925, 0.514910, 0.234492, 74.07, 0.999, 37.03, 0.998, 0.00, 0.000, 0.00, 0.000
26552,283253, 74.07, 73.52, 0.999, 0.999, 0.425788, 0.251475,1,1,0, 0.488914, 0.243353, 0.507002, 0.222728, 74.07, 0.999, 37.03, 0.998, 30.61, 0.061, 0.00, 0.000
26553,283264, 74.07, 73.75, 0.998, 0.999, 0.430198, 0.257924,1,1,0, 0.493393, 0.241066, 0.495605, 0.222316, 74.07, 0.998, 37.03, 0.998, 0.00, 0.000, 0.00, 0.000
26554,283274, 37.03, 58.33, 0.999, 0.999, 0.390531, 0.180748,1,1,0, 0.376875, 0.162649, 0.264263, 0.130907, 37.03, 0.999, 74.07, 0.997, 0.00, 0.000, 0.00, 0.000
26555,283285, 37.03, 49.38, 0.997, 0.998, 0.398361, 0.220235,1,1,0, 0.484468, 0.207039, 0.500718, 0.211367, 37.03, 0.997, 74.07, 0.997, 0.00, 0.000, 0.00, 0.000
26556,283296, 37.03, 44.20, 0.997, 0.998, 0.406326, 0.224837,1,1,0, 0.485690, 0.242650, 0.492032, 0.225561, 37.03, 0.997, 74.07, 0.997, 0.00, 0.000, 0.00, 0.000
26557,283306, 74.07, 56.74, 0.994, 0.995, 0.428472, 0.318080,1,1,0, 0.499234, 0.257441, 0.520378, 0.228503, 74.07, 0.994, 36.92, 0.994, 31.16, 0.005, 0.00, 0.000
26558,283317, 37.03, 48.46, 0.995, 0.996, 0.424502, 0.230434,1,1,0, 0.479999, 0.220824, 0.481072, 0.211469, 37.03, 0.995, 74.07, 0.993, 0.00, 0.000, 0.00, 0.000
26559,283328, 37.03, 43.66, 0.990, 0.992, 0.383689, 0.161484,1,1,0, 0.307027, 0.136298, 0.245028, 0.113160, 37.03, 0.990, 74.07, 0.987, 0.00, 0.000, 0.00, 0.000
26560,283338, 74.53, 56.63, 0.991, 0.993, 0.360968, 0.113164,1,1,0, 0.415912, 0.164523, 0.423125, 0.167320, 74.53, 0.991, 37.26, 0.975, 0.00, 0.000, 0.00, 0.000
26561,283349, 75.00, 64.34, 0.990, 0.993, 0.328968, 0.079303,1,1,0, 0.325201, 0.146501, 0.339761, 0.138072, 75.00, 0.990, 37.38, 0.987, 0.00, 0.000, 0.00, 0.000
26562,283360, 75.94, 69.21, 0.923, 0.942, 0.294995, 0.055574,1,1,0, 0.169583, 0.079972, 0.173461, 0.073528, 75.94, 0.923, 38.09, 0.816, 32.25, 0.138, 0.00, 0.000
26563,283370, 76.43, 72.24, 0.822, 0.868, 0.263398, 0.038945,1,1,0, 0.132478, 0.059958, 0.131525, 0.054222, 76.43, 0.822, 38.83, 0.444, 0.00, 0.000, 0.00, 0.000
26564,283381, 30.07, 54.53, 0.897, 0.897, 0.235076, 0.027292,1,1,0, 0.088996, 0.049825, 0.085019, 0.045883, 30.07, 0.897, 43.16, 0.673, 79.47, 0.606, 0.00, 0.000
26565,283392, 33.05, 45.51, 0.898, 0.907, 0.209400, 0.019125,1,1,0, 0.122750, 0.044610, 0.097023, 0.037998, 33.05, 0.898, 96.77, 0.822, 49.58, 0.775, 0.00, 0.000
26566,283402, 33.51, 47.75, 0.945, 0.898, 0.187716, 0.013402,1,1,0, 0.113362, 0.045466, 0.090378, 0.042173, 33.51, 0.945, 50.84, 0.862, 99.17, 0.856, 0.00, 0.000
26567,283413, 98.36, 69.00, 0.900, 0.926, 0.169078, 0.009392,1,1,0, 0.108663, 0.048420, 0.095523, 0.044547, 98.36, 0.900, 33.51, 0.882, 49.58, 0.837, 0.00, 0.000
26568,283424, 97.56, 81.00, 0.970, 0.978, 0.152843, 0.006582,1,1,0, 0.100201, 0.049778, 0.090327, 0.045614, 97.56, 0.970, 32.96, 0.947, 49.18, 0.937, 0.00, 0.000
26569,283434, 98.36, 88.29, 0.979, 0.984, 0.138326, 0.004612,1,1,0, 0.107029, 0.049269, 0.101943, 0.045805, 98.36, 0.979, 33.05, 0.958, 49.58, 0.956, 0.00, 0.000
26570,283445, 98.36, 92.52, 0.983, 0.988, 0.125474, 0.003232,1,1,0, 0.104362, 0.047463, 0.098998, 0.043749, 98.36, 0.983, 33.05, 0.983, 49.58, 0.969, 0.00, 0.000
26571,283456, 98.36, 94.97, 0.988, 0.991, 0.114656, 0.002265,1,1,0, 0.104051, 0.050056, 0.099871, 0.045950, 98.36, 0.988, 49.18, 0.980, 32.87, 0.979, 0.00, 0.000
26572,283466, 98.36, 96.39, 0.984, 0.989, 0.104670, 0.001587,1,1,0, 0.097531, 0.044218, 0.097669, 0.044269, 98.36, 0.984, 49.18, 0.978, 32.87, 0.970, 0.00, 0.000
26573,283477, 33.05, 69.79, 0.993, 0.995, 0.096335, 0.001112,1,1,0, 0.111120, 0.050183, 0.096820, 0.046080, 33.05, 0.993, 49.58, 0.978, 99.17, 0.977, 0.00, 0.000
26574,283488, 33.14, 54.40, 0.980, 0.986, 0.090370, 0.011206,1,1,0, 0.100671, 0.054094, 0.093375, 0.049362, 33.14, 0.980, 99.17, 0.974, 49.79, 0.957, 0.00, 0.000
26575,283498, 100.00, 73.55, 0.935, 0.953, 0.106767, 0.098584,1,1,0, 0.141007, 0.076670, 0.129115, 0.067296, 100.00, 0.935, 33.24, 0.918, 49.79, 0.901, 0.00, 0.000
26576,283509, 33.14, 56.58, 0.954, 0.967, 0.104052, 0.069086,1,1,0, 0.158469, 0.065106, 0.117669, 0.051671, 33.14, 0.954, 50.00, 0.882, 100.00, 0.877, 0.00, 0.000
26577,283520, 33.33, 46.81, 0.892, 0.910, 0.100810, 0.048414,1,1,0, 0.117827, 0.063371, 0.114258, 0.064565, 33.33, 0.892, 50.00, 0.827, 99.17, 0.771, 0.00, 0.000
26578,283530, 50.63, 48.42, 0.723, 0.782, 0.091195, 0.033927,1,1,0, 0.049773, 0.024888, 0.049226, 0.028213, 50.63, 0.723, 99.17, 0.664, 33.42, 0.533, 0.00, 0.000
26579,283541, 32.25, 49.17, 0.785, 0.769, 0.085167, 0.025911,1,1,0, 0.096695, 0.041213, 0.094578, 0.036173, 32.25, 0.785, 50.20, 0.698, 97.56, 0.465, 0.00, 0.000
26580,283552, 92.30, 67.28, 0.464, 0.483, 0.084940, 0.025255,1,1,0, 0.114506, 0.054437, 0.093455, 0.051490, 92.30, 0.464, 31.74, 0.461, 44.44, 0.357, 0.00, 0.000
26581,283562, 30.53, 51.85, 0.612, 0.622, 0.085789, 0.056083,1,1,0, 0.113395, 0.053400, 0.103966, 0.043139, 30.53, 0.612, 96.77, 0.507, 44.28, 0.489, 0.00, 0.000
26582,283573, 51.06, 51.52, 0.808, 0.862, 0.106609, 0.074324,1,1,0, 0.137756, 0.076294, 0.130217, 0.074841, 51.06, 0.808, 32.78, 0.785, 99.17, 0.668, 0.00, 0.000
26583,283584, 51.94, 51.70, 0.871, 0.907, 0.116169, 0.066281,1,1,0, 0.150524, 0.084710, 0.132004, 0.077340, 51.94, 0.871, 101.69, 0.732, 34.28, 0.674, 0.00, 0.000
26584,283594, 51.50, 51.61, 0.852, 0.893, 0.108439, 0.046448,1,1,0, 0.118542, 0.057660, 0.117531, 0.055425, 51.50, 0.852, 100.84, 0.766, 33.33, 0.720, 0.00, 0.000
26585,283605, 51.72, 51.66, 0.898, 0.926, 0.102155, 0.032550,1,1,0, 0.130521, 0.062875, 0.112741, 0.057583, 51.72, 0.898, 33.99, 0.807, 101.69, 0.792, 0.00, 0.000
26586,283616, 51.06, 51.41, 0.882, 0.915, 0.094244, 0.022810,1,1,0, 0.111987, 0.045050, 0.104556, 0.043532, 51.06, 0.882, 33.14, 0.882, 99.17, 0.808, 0.00, 0.000
26587,283626, 98.36, 71.12, 0.631, 0.648, 0.083636, 0.015985,1,1,0, 0.038669, 0.018188, 0.036280, 0.013197, 98.36, 0.631, 49.18, 0.594, 30.07, 0.300, 0.00, 0.000
26588,283637, 32.08, 54.73, 0.583, 0.588, 0.092622, 0.073606,1,1,0, 0.149502, 0.073322, 0.109026, 0.055810, 32.08, 0.583, 93.75, 0.405, 48.97, 0.312, 0.00, 0.000
26589,283648, 31.66, 45.04, 0.799, 0.805, 0.105961, 0.096826,1,1,0, 0.111468, 0.058055, 0.141439, 0.060951, 31.66, 0.799, 49.79, 0.383, 93.75, 0.241, 0.00, 0.000
26590,283658, 51.06, 47.57, 0.649, 0.676, 0.126275, 0.090475,1,1,0, 0.155241, 0.093025, 0.149167, 0.079577, 51.06, 0.649, 33.42, 0.402, 100.84, 0.335, 0.00, 0.000
26591,283669, 51.06, 49.03, 0.855, 0.896, 0.118948, 0.063403,1,1,0, 0.140074, 0.064268, 0.130081, 0.063659, 51.06, 0.855, 33.33, 0.805, 100.00, 0.532, 0.00, 0.000
26592,283680, 51.06, 49.88, 0.858, 0.898, 0.115807, 0.044431,1,1,0, 0.143132, 0.083781, 0.130022, 0.077957, 51.06, 0.858, 102.56, 0.688, 33.80, 0.631, 0.00, 0.000
26593,283690, 51.06, 50.38, 0.864, 0.902, 0.105734, 0.031136,1,1,0, 0.101883, 0.044755, 0.100098, 0.040563, 51.06, 0.864, 100.84, 0.803, 33.51, 0.754, 0.00, 0.000
26594,283701, 51.06, 50.66, 0.893, 0.923, 0.097515, 0.021820,1,1,0, 0.104791, 0.053034, 0.095792, 0.048757, 51.06, 0.893, 100.84, 0.747, 33.70, 0.744, 0.00, 0.000
26595,283712, 32.52, 50.74, 0.702, 0.751, 0.087794, 0.015291,1,1,0, 0.048988, 0.019980, 0.045448, 0.022698, 32.52, 0.702, 50.84, 0.654, 98.36, 0.630, 0.00, 0.000
26596,283722, 31.83, 49.59, 0.739, 0.700, 0.083735, 0.030613,1,1,0, 0.091701, 0.044192, 0.093386, 0.039049, 31.83, 0.739, 48.00, 0.650, 97.56, 0.395, 0.00, 0.000
26597,283733, 96.00, 69.08, 0.611, 0.634, 0.087003, 0.047485,1,1,0, 0.102677, 0.058616, 0.101254, 0.055352, 96.00, 0.611, 32.00, 0.578, 49.18, 0.574, 0.00, 0.000
26598,283744, 100.00, 82.06, 0.820, 0.845, 0.082608, 0.033276,1,1,0, 0.089022, 0.046456, 0.090659, 0.043616, 100.00, 0.820, 50.00, 0.754, 33.33, 0.597, 0.00, 0.000
26599,283754, 33.14, 61.52, 0.955, 0.967, 0.091617, 0.077353,1,1,0, 0.110157, 0.063287, 0.113591, 0.057403, 33.14, 0.955, 50.20, 0.905, 100.00, 0.891, 0.00, 0.000
26600,283765, 50.84, 57.03, 0.920, 0.940, 0.085384, 0.054207,1,1,0, 0.106729, 0.049649, 0.085910, 0.046988, 50.84, 0.920, 101.69, 0.874, 33.89, 0.779, 0.00, 0.000
26601,283776, 50.20, 54.17, 0.962, 0.973, 0.089237, 0.059940,1,1,0, 0.110125, 0.054620, 0.109885, 0.049748, 50.20, 0.962, 33.14, 0.875, 100.00, 0.833, 0.00, 0.000
26602,283786, 49.38, 52.15, 0.962, 0.972, 0.082130, 0.042005,1,1,0, 0.078845, 0.039153, 0.074025, 0.036907, 49.38, 0.962, 33.05, 0.922, 99.17, 0.831, 0.00, 0.000
26603,283797, 48.97, 50.82, 0.958, 0.970, 0.078415, 0.029436,1,1,0, 0.086456, 0.045154, 0.088465, 0.041807, 48.97, 0.958, 32.52, 0.901, 97.56, 0.890, 0.00, 0.000
26604,283808, 48.97, 50.04, 0.961, 0.972, 0.074178, 0.020628,1,1,0, 0.077114, 0.040462, 0.084274, 0.037993, 48.97, 0.961, 32.52, 0.954, 97.56, 0.942, 0.00, 0.000
26605,283818, 32.87, 49.76, 0.987, 0.965, 0.073496, 0.028324,1,1,0, 0.090877, 0.052079, 0.085927, 0.044660, 32.87, 0.987, 49.38, 0.952, 99.17, 0.939, 0.00, 0.000
26606,283829, 49.79, 49.77, 0.974, 0.981, 0.079298, 0.060672,1,1,0, 0.094169, 0.044546, 0.102501, 0.045202, 49.79, 0.974, 32.96, 0.967, 98.36, 0.924, 0.00, 0.000
26607,283840, 49.58, 49.69, 0.982, 0.987, 0.077692, 0.042517,1,1,0, 0.100490, 0.059376, 0.091179, 0.049150, 49.58, 0.982, 100.00, 0.908, 33.33, 0.892, 0.00, 0.000
26608,283850, 49.38, 49.56, 0.949, 0.963, 0.071886, 0.029795,1,1,0, 0.062050, 0.027664, 0.082776, 0.034394, 49.38, 0.949, 98.36, 0.828, 32.78, 0.763, 0.00, 0.000
26609,283861, 33.61, 49.48, 0.859, 0.854, 0.064205, 0.020880,1,1,0, 0.035947, 0.015636, 0.026932, 0.012293, 33.61, 0.859, 49.38, 0.797, 99.17, 0.750, 0.00, 0.000
26610,283872, 35.29, 70.01, 0.734, 0.669, 0.056967, 0.014632,1,1,0, 0.015170, 0.008796, 0.014852, 0.007838, 35.29, 0.734, 98.36, 0.653, 51.50, 0.580, 0.00, 0.000
26611,283882, 109.09, 86.42, 0.600, 0.608, 0.051113, 0.010254,1,1,0, 0.030866, 0.016903, 0.026033, 0.012724, 109.09, 0.600, 37.73, 0.369, 55.29, 0.319, 0.00, 0.000
26612,283893, 38.21, 66.17, 0.601, 0.605, 0.045769, 0.007185,1,1,0, 0.019241, 0.010871, 0.014777, 0.009742, 38.21, 0.601, 56.07, 0.261, 32.08, 0.142, 123.71, 0.028
26613,283904, 40.54, 55.41, 0.550, 0.550, 0.040719, 0.005035,1,1,0, 0.011351, 0.006147, 0.012683, 0.006418, 40.54, 0.550, 54.05, 0.426, 0.00, 0.000, 0.00, 0.000
26614,283914, 54.79, 55.15, 0.612, 0.671, 0.036209, 0.003528,1,1,0, 0.009570, 0.005070, 0.010300, 0.005190, 54.79, 0.612, 41.23, 0.494, 0.00, 0.000, 0.00, 0.000
26615,283925, 46.15, 51.37, 0.513, 0.513, 0.032297, 0.002472,1,1,0, 0.013111, 0.007037, 0.009465, 0.005620, 46.15, 0.513, 0.00, 0.000, 0.00, 0.000, 0.00, 0.000
26616,283936, 32.60, 43.49, 0.597, 0.597, 0.029068, 0.001733,1,1,0, 0.014501, 0.008994, 0.012339, 0.007602, 32.60, 0.597, 31.33, 0.579, 80.53, 0.441, 73.17, 0.413
26617,283946, 35.29, 55.40, 0.607, 0.606, 0.025800, 0.001214,1,1,0, 0.011222, 0.005261, 0.011638, 0.004586, 35.29, 0.607, 71.85, 0.596, 33.42, 0.596, 0.00, 0.000
26618,283957, 42.10, 49.81, 0.498, 0.498, 0.023473, 0.000851,1,1,0, 0.019133, 0.009421, 0.013300, 0.008184, 42.10, 0.498, 49.18, 0.284, 54.54, 0.258, 0.00, 0.000
26619,283968, 42.10, 44.41, 0.478, 0.515, 0.042775, 0.231936,1,1,1, 0.115469, 0.031474, 0.109110, 0.023911, 42.10, 0.478, 56.07, 0.342, 51.06, 0.231, 0.00, 0.000
26620,283978, 57.41, 53.51, 0.744, 0.778, 0.197979, 0.395380,1,1,0, 0.332944, 0.177927, 0.276455, 0.149433, 57.41, 0.744, 0.00, 0.000, 0.00, 0.000, 0.00, 0.000
26621,283989, 96.77, 83.79, 0.640, 0.647, 0.263562, 0.294354,1,1,0, 0.322729, 0.170195, 0.358693, 0.167334, 96.77, 0.640, 33.33, 0.476, 48.38, 0.174, 68.96, 0.093
26622,284000, 97.56, 93.43, 0.790, 0.848, 0.309112, 0.267427,1,1,0, 0.362894, 0.179865, 0.372991, 0.176238, 97.56, 0.790, 48.97, 0.660, 32.25, 0.485, 41.09, 0.042
26623,284010, 98.36, 96.88, 0.963, 0.973, 0.304026, 0.187407,1,1,0, 0.345404, 0.174852, 0.352504, 0.167981, 98.36, 0.963, 49.18, 0.952, 32.78, 0.932, 0.00, 0.000
26624,284021, 32.96, 52.14, 0.998, 0.999, 0.302015, 0.181963,1,1,0, 0.327199, 0.162617, 0.349311, 0.154463, 32.96, 0.998, 49.38, 0.996, 99.17, 0.996, 0.00, 0.000
26625,284032, 49.38, 50.21, 0.996, 0.997, 0.299854, 0.187692,1,1,0, 0.334360, 0.161977, 0.351358, 0.153154, 49.38, 0.996, 32.96, 0.995, 99.17, 0.995, 0.00, 0.000
26626,284042, 99.17, 84.48, 0.997, 0.998, 0.301036, 0.203820,1,1,0, 0.338975, 0.162418, 0.358681, 0.154254, 99.17, 0.997, 32.96, 0.996, 49.58, 0.996, 0.00, 0.000
26627,284053, 99.17, 94.76, 0.998, 0.998, 0.300958, 0.195188,1,1,0, 0.346687, 0.160124, 0.359532, 0.152097, 99.17, 0.998, 32.96, 0.996, 49.58, 0.996, 0.00, 0.000
26628,284064, 99.17, 97.85, 0.997, 0.998, 0.293825, 0.152571,1,1,0, 0.319677, 0.157921, 0.344245, 0.151884, 99.17, 0.997, 32.96, 0.997, 49.58, 0.995, 0.00, 0.000
26629,284074, 32.96, 98.40, 0.996, 0.997, 0.292978, 0.183840,1,1,0, 0.325077, 0.162978, 0.352678, 0.153869, 32.96, 0.996, 99.17, 0.996, 49.38, 0.996, 0.00, 0.000
26630,284085, 49.38, 77.81, 0.997, 0.997, 0.286959, 0.147202,1,1,0, 0.319031, 0.158015, 0.340741, 0.151564, 49.38, 0.997, 99.17, 0.996, 32.96, 0.993, 0.00, 0.000
26631,284096, 32.96, 58.97, 0.998, 0.999, 0.284697, 0.166965,1,1,0, 0.320034, 0.157653, 0.345849, 0.150146, 32.96, 0.998, 99.17, 0.997, 49.58, 0.997, 0.00, 0.000
26632,284106, 99.17, 75.86, 0.998, 0.998, 0.280478, 0.153545,1,1,0, 0.319136, 0.154540, 0.339581, 0.146911, 99.17, 0.998, 32.96, 0.997, 49.58, 0.997, 0.00, 0.000
26633,284117, 32.96, 57.84, 0.999, 0.999, 0.277652, 0.150483,1,1,0, 0.319514, 0.158848, 0.338187, 0.151341, 32.96, 0.999, 99.17, 0.997, 49.38, 0.997, 0.00, 0.000
26634,284128, 99.17, 75.20, 0.997, 0.998, 0.282844, 0.185251,1,1,0, 0.329292, 0.166080, 0.354690, 0.157041, 99.17, 0.997, 49.38, 0.997, 32.96, 0.997, 0.00, 0.000
26635,284138, 49.38, 64.35, 0.997, 0.998, 0.275920, 0.129820,1,1,0, 0.321918, 0.163668, 0.331405, 0.153996, 49.38, 0.997, 99.17, 0.997, 32.96, 0.996, 0.00, 0.000
26636,284149, 32.96, 51.17, 0.998, 0.999, 0.272265, 0.130995,1,1,0, 0.317259, 0.168337, 0.331831, 0.156959, 32.96, 0.998, 49.38, 0.997, 99.17, 0.997, 0.00, 0.000
26637,284160, 32.96, 50.42, 0.998, 0.998, 0.270650, 0.134192,1,1,0, 0.323245, 0.169837, 0.331406, 0.157030, 32.96, 0.998, 49.38, 0.997, 99.17, 0.997, 0.00, 0.000
26638,284170, 32.96, 70.89, 0.999, 0.998, 0.269217, 0.137360,1,1,0, 0.306847, 0.154504, 0.332499, 0.147585, 32.96, 0.999, 99.17, 0.998, 49.38, 0.997, 0.00, 0.000
26639,284181, 32.96, 82.77, 0.998, 0.998, 0.272160, 0.141763,1,1,0, 0.327619, 0.167593, 0.337625, 0.160973, 32.96, 0.998, 99.17, 0.997, 49.38, 0.997, 0.00, 0.000
26640,284192, 32.96, 61.85, 0.999, 0.999, 0.283747, 0.169395,1,1,0, 0.329229, 0.169135, 0.324980, 0.164818, 32.96, 0.999, 99.17, 0.998, 49.38, 0.997, 0.00, 0.000
26641,284202, 49.38, 77.52, 0.998, 0.998, 0.281140, 0.142748,1,1,0, 0.319805, 0.165932, 0.316100, 0.160202, 49.38, 0.998, 99.17, 0.998, 32.96, 0.996, 0.00, 0.000
26642,284213, 32.96, 58.81, 0.999, 0.999, 0.278663, 0.156401,1,1,0, 0.319887, 0.158026, 0.317619, 0.150360, 32.96, 0.999, 99.17, 0.998, 49.38, 0.998, 0.00, 0.000
26643,284224, 32.96, 47.95, 0.999, 0.999, 0.274524, 0.146197,1,1,0, 0.310204, 0.151974, 0.312792, 0.143516, 32.96, 0.999, 99.17, 0.998, 49.58, 0.997, 0.00, 0.000
26644,284234, 32.96, 69.46, 0.998, 0.998, 0.272402, 0.147934,1,1,0, 0.326755, 0.154849, 0.313763, 0.147676, 32.96, 0.998, 99.17, 0.997, 49.38, 0.997, 0.00, 0.000
26645,284245, 32.96, 54.13, 0.998, 0.999, 0.276265, 0.175788,1,1,0, 0.323229, 0.159584, 0.325479, 0.151125, 32.96, 0.998, 49.38, 0.998, 99.17, 0.998, 0.00, 0.000
26646,284256, 49.38, 52.14, 0.997, 0.998, 0.267347, 0.123189,1,1,0, 0.328589, 0.151432, 0.301943, 0.145578, 49.38, 0.997, 99.17, 0.997, 32.96, 0.996, 0.00, 0.000
26647,284266, 32.96, 50.98, 0.999, 0.998, 0.262144, 0.121485,1,1,0, 0.323331, 0.150198, 0.303418, 0.142479, 32.96, 0.999, 49.38, 0.998, 99.17, 0.997, 0.00, 0.000
26648,284277, 99.17, 71.22, 0.989, 0.992, 0.239944, 0.085134,1,1,0, 0.287959, 0.119159, 0.232903, 0.113252, 99.17, 0.989, 49.38, 0.985, 32.96, 0.974, 0.00, 0.000
26649,284288, 99.17, 82.96, 0.932, 0.951, 0.214628, 0.059660,1,1,0, 0.092291, 0.050015, 0.085850, 0.044366, 99.17, 0.932, 33.24, 0.888, 49.58, 0.878, 0.00, 0.000
26650,284298, 100.00, 90.11, 0.882, 0.909, 0.190983, 0.041808,1,1,0, 0.076068, 0.032295, 0.079186, 0.033283, 100.00, 0.882, 34.68, 0.776, 50.84, 0.769, 0.00, 0.000
26651,284309, 103.44, 95.71, 0.765, 0.791, 0.168340, 0.029298,1,1,0, 0.022478, 0.011826, 0.022575, 0.011458, 103.44, 0.765, 54.29, 0.745, 37.50, 0.665, 0.00, 0.000
26652,284320, 30.07, 68.14, 0.865, 0.873, 0.148397, 0.020531,1,1,0, 0.024364, 0.013545, 0.018307, 0.009700, 30.07, 0.865, 39.60, 0.731, 115.38, 0.725, 59.40, 0.700
26653,284330, 60.60, 64.97, 0.743, 0.782, 0.130757, 0.014388,1,1,0, 0.015076, 0.007966, 0.015058, 0.008381, 60.60, 0.743, 122.44, 0.733, 30.07, 0.720, 41.37, 0.708
26654,284341, 31.57, 50.95, 0.892, 0.903, 0.115398, 0.010083,1,1,0, 0.019644, 0.010854, 0.019938, 0.009332, 31.57, 0.892, 41.37, 0.718, 126.31, 0.625, 62.17, 0.449
26655,284352, 41.09, 46.81, 0.921, 0.933, 0.102177, 0.007066,1,1,0, 0.021429, 0.015563, 0.018932, 0.010526, 41.09, 0.921, 62.50, 0.333, 121.21, 0.233, 30.61, 0.018
26656,284362, 40.67, 44.23, 0.748, 0.766, 0.090797, 0.004951,1,1,0, 0.027606, 0.016214, 0.026427, 0.013000, 40.67, 0.748, 61.53, 0.567, 31.41, 0.292, 127.65, 0.075
26657,284373, 35.19, 40.43, 0.723, 0.723, 0.111490, 0.156660,1,1,0, 0.198451, 0.076791, 0.150811, 0.060427, 35.19, 0.723, 85.71, 0.487, 0.00, 0.000, 0.00, 0.000
26658,284384, 89.55, 40.43, 0.555, 0.650, 0.159100, 0.214041,1,1,1, 0.201340, 0.105269, 0.212765, 0.101970, 89.55, 0.555, 35.50, 0.376, 41.95, 0.364, 0.00, 0.000
26659,284394, 96.77, 79.87, 0.692, 0.697, 0.180834, 0.182840,1,1,0, 0.214047, 0.107548, 0.231041, 0.100355, 96.77, 0.692, 46.87, 0.470, 39.60, 0.161, 0.00, 0.000
26660,284405, 97.56, 92.25, 0.814, 0.866, 0.181814, 0.128130,1,1,0, 0.206412, 0.099143, 0.216875, 0.094760, 97.56, 0.814, 48.97, 0.772, 32.17, 0.675, 0.00, 0.000
26661,284416, 32.96, 97.09, 0.989, 0.989, 0.174657, 0.089791,1,1,0, 0.185159, 0.094283, 0.199551, 0.088530, 32.96, 0.989, 99.17, 0.985, 49.58, 0.982, 0.00, 0.000
26662,284426, 98.36, 97.98, 0.991, 0.993, 0.168157, 0.062924,1,1,0, 0.183470, 0.093024, 0.193172, 0.088731, 98.36, 0.991, 49.18, 0.988, 32.87, 0.986, 0.00, 0.000
26663,284437, 32.87, 52.40, 0.994, 0.996, 0.173080, 0.106407,1,1,0, 0.198917, 0.101995, 0.212457, 0.096834, 32.87, 0.994, 98.36, 0.990, 49.38, 0.985, 0.00, 0.000
26664,284448, 99.17, 85.14, 0.994, 0.995, 0.174804, 0.093769,1,1,0, 0.207583, 0.099350, 0.212133, 0.093759, 99.17, 0.994, 49.58, 0.991, 33.05, 0.988, 0.00, 0.000
26665,284458, 33.05, 48.68, 0.995, 0.996, 0.170930, 0.069601,1,1,0, 0.191833, 0.097928, 0.203022, 0.091466, 33.05, 0.995, 99.17, 0.994, 49.58, 0.992, 0.00, 0.000
26666,284469, 32.96, 84.02, 0.995, 0.996, 0.171722, 0.088563,1,1,0, 0.195000, 0.106944, 0.210097, 0.099189, 32.96, 0.995, 99.17, 0.994, 49.38, 0.991, 0.00, 0.000
26667,284480, 98.36, 94.06, 0.995, 0.997, 0.169734, 0.076688,1,1,0, 0.191360, 0.105345, 0.205554, 0.096769, 98.36, 0.995, 49.38, 0.993, 32.87, 0.991, 0.00, 0.000
26668,284490, 32.96, 68.40, 0.997, 0.997, 0.166637, 0.076333,1,1,0, 0.188265, 0.093273, 0.204256, 0.089305, 32.96, 0.997, 99.17, 0.996, 49.38, 0.995, 0.00, 0.000
26669,284501, 99.17, 81.32, 0.997, 0.998, 0.164210, 0.075368,1,1,0, 0.192044, 0.098133, 0.201660, 0.092822, 99.17, 0.997, 49.58, 0.997, 32.96, 0.996, 0.00, 0.000
26670,284512, 32.96, 61.01, 0.998, 0.999, 0.175639, 0.133367,1,1,0, 0.199916, 0.105075, 0.212567, 0.101806, 32.96, 0.998, 99.17, 0.997, 49.58, 0.997, 0.00, 0.000
26671,284522, 32.96, 77.04, 0.997, 0.998, 0.178344, 0.099909,1,1,0, 0.199461, 0.105410, 0.212260, 0.101658, 32.96, 0.997, 99.17, 0.997, 49.38, 0.996, 0.00, 0.000
26672,284533, 32.96, 58.53, 0.998, 0.999, 0.174042, 0.085860,1,1,0, 0.183596, 0.098447, 0.195847, 0.093450, 32.96, 0.998, 99.17, 0.997, 49.38, 0.996, 0.00, 0.000
26673,284544, 98.36, 75.25, 0.997, 0.998, 0.170179, 0.090359,1,1,0, 0.181493, 0.095740, 0.195205, 0.089981, 98.36, 0.997, 49.38, 0.996, 32.87, 0.994, 0.00, 0.000
26674,284554, 32.96, 57.49, 0.998, 0.999, 0.171077, 0.118860,1,1,0, 0.185989, 0.096447, 0.203570, 0.090918, 32.96, 0.998, 99.17, 0.996, 49.38, 0.996, 0.00, 0.000
26675,284565, 99.17, 75.00, 0.996, 0.997, 0.169566, 0.102752,1,1,0, 0.183614, 0.092026, 0.199065, 0.086772, 99.17, 0.996, 49.58, 0.995, 33.05, 0.994, 0.00, 0.000
26676,284576, 99.17, 85.15, 0.996, 0.997, 0.166001, 0.083330,1,1,0, 0.176609, 0.092094, 0.193042, 0.087408, 99.17, 0.996, 32.96, 0.992, 49.58, 0.992, 0.00, 0.000
26677,284586, 99.17, 91.04, 0.995, 0.996, 0.166598, 0.103513,1,1,0, 0.188523, 0.098952, 0.199271, 0.093277, 99.17, 0.995, 32.96, 0.995, 49.38, 0.992, 0.00, 0.000
26678,284597, 99.17, 94.45, 0.992, 0.994, 0.157568, 0.072539,1,1,0, 0.185881, 0.088917, 0.174572, 0.085908, 99.17, 0.992, 49.38, 0.989, 32.96, 0.985, 0.00, 0.000
26679,284608, 99.17, 96.43, 0.949, 0.963, 0.143464, 0.050834,1,1,0, 0.092751, 0.060123, 0.103041, 0.052265, 99.17, 0.949, 49.58, 0.933, 33.05, 0.923, 0.00, 0.000
26680,284618, 100.00, 97.93, 0.899, 0.927, 0.128338, 0.035623,1,1,0, 0.039955, 0.023149, 0.049156, 0.025770, 100.00, 0.899, 50.00, 0.846, 33.70, 0.797, 0.00, 0.000
26681,284629, 35.08, 71.53, 0.839, 0.858, 0.113898, 0.024964,1,1,0, 0.029366, 0.016122, 0.026129, 0.014447, 35.08, 0.839, 100.84, 0.831, 51.72, 0.797, 0.00, 0.000
26682,284640, 35.71, 56.49, 0.921, 0.939, 0.100710, 0.017494,1,1,0, 0.022526, 0.010879, 0.021348, 0.010966, 35.71, 0.921, 54.29, 0.807, 106.19, 0.761, 0.00, 0.000
26683,284650, 36.14, 78.58, 0.872, 0.894, 0.088606, 0.012259,1,1,0, 0.011983, 0.006053, 0.010601, 0.004856, 36.14, 0.872, 109.09, 0.866, 54.29, 0.754, 0.00, 0.000
26684,284661, 38.58, 61.78, 0.705, 0.711, 0.078351, 0.008591,1,1,0, 0.018075, 0.009323, 0.014435, 0.007690, 38.58, 0.705, 111.11, 0.587, 56.33, 0.367, 0.00, 0.000
26685,284672, 71.42, 61.78, 0.349, 0.640, 0.129794, 0.267089,1,1,1, 0.233478, 0.086208, 0.183975, 0.066532, 71.42, 0.349, 33.99, 0.024, 0.00, 0.000, 0.00, 0.000
26686,284682, 76.92, 72.38, 0.723, 0.765, 0.192240, 0.328734,1,1,0, 0.234450, 0.125446, 0.259772, 0.122842, 76.92, 0.723, 93.75, 0.605, 31.00, 0.513, 40.00, 0.287
26687,284693, 96.77, 89.45, 0.700, 0.745, 0.203934, 0.230370,1,1,0, 0.228895, 0.111151, 0.245590, 0.104941, 96.77, 0.700, 40.54, 0.603, 47.80, 0.427, 0.00, 0.000
26688,284704, 97.56, 95.12, 0.820, 0.870, 0.209393, 0.161438,1,1,0, 0.239407, 0.112683, 0.247765, 0.105951, 97.56, 0.820, 48.58, 0.738, 32.08, 0.676, 0.00, 0.000
26689,284714, 98.36, 97.39, 0.952, 0.965, 0.210846, 0.129171,1,1,0, 0.249534, 0.111148, 0.248338, 0.105003, 98.36, 0.952, 49.18, 0.934, 32.78, 0.882, 0.00, 0.000
26690,284725, 99.17, 98.63, 0.996, 0.997, 0.208581, 0.111061,1,1,0, 0.238274, 0.107345, 0.243479, 0.103981, 99.17, 0.996, 49.58, 0.992, 32.96, 0.992, 0.00, 0.000
26691,284736, 99.17, 99.01, 0.995, 0.996, 0.207236, 0.120411,1,1,0, 0.239612, 0.107029, 0.246358, 0.101262, 99.17, 0.995, 49.58, 0.990, 32.96, 0.989, 0.00, 0.000
26692,284746, 32.96, 52.78, 0.996, 0.997, 0.205403, 0.116330,1,1,0, 0.236045, 0.109752, 0.245055, 0.104419, 32.96, 0.996, 99.17, 0.993, 49.38, 0.991, 0.00, 0.000
26693,284757, 99.17, 85.25, 0.995, 0.996, 0.209261, 0.142775,1,1,0, 0.247322, 0.115736, 0.257450, 0.109741, 99.17, 0.995, 49.38, 0.993, 32.96, 0.991, 0.00, 0.000
26694,284768, 32.96, 94.99, 0.995, 0.996, 0.204130, 0.100054,1,1,0, 0.236320, 0.107578, 0.243046, 0.102898, 32.96, 0.995, 99.17, 0.995, 49.38, 0.994, 0.00, 0.000
26695,284778, 99.17, 96.75, 0.997, 0.998, 0.197499, 0.089688,1,1,0, 0.224751, 0.103636, 0.235359, 0.098671, 99.17, 0.997, 32.96, 0.996, 49.58, 0.996, 0.00, 0.000
26696,284789, 32.96, 97.76, 0.997, 0.997, 0.196743, 0.114938,1,1,0, 0.231837, 0.109020, 0.242089, 0.103530, 32.96, 0.997, 99.17, 0.996, 49.38, 0.995, 0.00, 0.000
26697,284800, 32.96, 70.55, 0.998, 0.998, 0.199148, 0.126013,1,1,0, 0.233821, 0.113765, 0.248814, 0.107270, 32.96, 0.998, 99.17, 0.997, 49.38, 0.996, 0.00, 0.000
26698,284810, 99.17, 82.57, 0.998, 0.998, 0.200772, 0.120475,1,1,0, 0.239419, 0.115698, 0.250446, 0.108303, 99.17, 0.998, 32.96, 0.997, 49.58, 0.996, 0.00, 0.000
26699,284821, 32.96, 61.73, 0.998, 0.998, 0.195997, 0.086295,1,1,0, 0.222963, 0.116369, 0.236797, 0.107504, 32.96, 0.998, 99.17, 0.997, 49.58, 0.996, 0.00, 0.000
26700,284832, 99.17, 77.46, 0.997, 0.998, 0.191943, 0.087173,1,1,0, 0.216629, 0.109849, 0.233998, 0.103347, 99.17, 0.997, 49.38, 0.996, 32.96, 0.995, 0.00, 0.000
26701,284842, 32.96, 58.77, 0.998, 0.998, 0.191084, 0.099507,1,1,0, 0.225608, 0.108803, 0.237725, 0.103243, 32.96, 0.998, 99.17, 0.997, 49.38, 0.996, 0.00, 0.000
26702,284853, 99.17, 75.74, 0.998, 0.998, 0.195461, 0.126827,1,1,0, 0.221848, 0.112316, 0.237832, 0.109341, 99.17, 0.998, 32.96, 0.997, 49.58, 0.996, 0.00, 0.000
26703,284864, 32.96, 57.77, 0.998, 0.998, 0.203757, 0.118087,1,1,0, 0.221359, 0.118995, 0.234788, 0.114902, 32.96, 0.998, 99.17, 0.997, 49.58, 0.996, 0.00, 0.000
26704,284874, 32.96, 75.16, 0.998, 0.998, 0.205389, 0.132273,1,1,0, 0.219147, 0.117229, 0.236794, 0.111954, 32.96, 0.998, 99.17, 0.997, 49.38, 0.997, 0.00, 0.000
26705,284885, 99.17, 85.24, 0.997, 0.998, 0.199792, 0.092987,1,1,0, 0.210783, 0.107269, 0.224159, 0.101545, 99.17, 0.997, 32.96, 0.997, 49.38, 0.996, 0.00, 0.000
26706,284896, 32.96, 91.09, 0.999, 0.999, 0.194150, 0.092458,1,1,0, 0.203977, 0.102322, 0.220253, 0.097336, 32.96, 0.999, 99.17, 0.998, 49.38, 0.997, 0.00, 0.000
26707,284906, 99.17, 94.48, 0.998, 0.998, 0.193978, 0.118765,1,1,0, 0.213481, 0.105285, 0.226953, 0.099579, 99.17, 0.998, 32.96, 0.997, 49.38, 0.996, 0.00, 0.000
26708,284917, 32.96, 68.64, 0.998, 0.999, 0.194040, 0.113183,1,1,0, 0.211307, 0.106922, 0.227267, 0.102138, 32.96, 0.998, 99.17, 0.997, 49.38, 0.996, 0.00, 0.000
26709,284928, 99.17, 81.46, 0.998, 0.998, 0.194180, 0.112378,1,1,0, 0.212851, 0.107060, 0.228879, 0.101687, 99.17, 0.998, 32.96, 0.997, 49.58, 0.997, 0.00, 0.000
26710,284938, 32.96, 88.90, 0.997, 0.998, 0.188708, 0.081197,1,1,0, 0.204543, 0.103635, 0.217638, 0.098744, 32.96, 0.997, 99.17, 0.997, 49.38, 0.996, 0.00, 0.000
26711,284949, 99.17, 93.21, 0.997, 0.998, 0.184234, 0.080751,1,1,0, 0.210750, 0.103482, 0.214219, 0.098768, 99.17, 0.997, 49.38, 0.996, 32.96, 0.996, 0.00, 0.000
26712,284960, 98.36, 95.37, 0.935, 0.953, 0.171104, 0.056589,1,1,0, 0.191324, 0.097283, 0.132529, 0.085376, 98.36, 0.935, 49.38, 0.907, 32.78, 0.804, 0.00, 0.000
26713,284970, 99.17, 96.97, 0.773, 0.837, 0.152340, 0.039656,1,1,0, 0.043764, 0.024503, 0.041723, 0.024311, 99.17, 0.773, 49.58, 0.646, 33.42, 0.384, 0.00, 0.000
26714,284981, 35.60, 97.89, 0.659, 0.689, 0.134390, 0.027790,1,1,0, 0.035648, 0.010305, 0.034684, 0.010149, 35.60, 0.659, 99.17, 0.606, 51.06, 0.449, 0.00, 0.000
26715,284992, 55.55, 80.11, 0.794, 0.794, 0.117996, 0.019475,1,1,0, 0.009424, 0.003621, 0.009033, 0.003663, 55.55, 0.794, 36.36, 0.605, 103.44, 0.220, 0.00, 0.000
26716,285002, 116.50, 95.39, 0.576, 0.583, 0.103772, 0.013647,1,1,0, 0.019325, 0.006160, 0.018815, 0.005428, 116.50, 0.576, 39.47, 0.371, 58.25, 0.280, 0.00, 0.000
26717,285013, 99.17, 95.39, 0.385, 0.525, 0.220647, 0.524525,1,1,1, 0.403055, 0.154435, 0.336425, 0.137480, 99.17, 0.385, 39.21, 0.244, 49.58, 0.172, 0.00, 0.000
26718,285024, 93.02, 93.73, 0.624, 0.682, 0.340620, 0.544273,1,1,0, 0.429087, 0.216238, 0.474658, 0.205959, 93.02, 0.624, 32.17, 0.479, 46.15, 0.441, 0.00, 0.000
26719,285034, 96.77, 95.86, 0.735, 0.809, 0.350973, 0.381415,1,1,0, 0.398838, 0.195464, 0.425507, 0.186500, 96.77, 0.735, 30.76, 0.723, 48.00, 0.469, 66.66, 0.027
26720,285045, 97.56, 97.05, 0.856, 0.896, 0.355619, 0.267288,1,1,0, 0.421472, 0.188697, 0.431581, 0.178945, 97.56, 0.856, 48.97, 0.807, 32.43, 0.728, 39.47, 0.022
26721,285056, 99.17, 98.53, 0.985, 0.989, 0.351693, 0.189220,1,1,0, 0.413900, 0.186300, 0.422901, 0.178126, 99.17, 0.985, 49.58, 0.982, 32.96, 0.974, 0.00, 0.000
26722,285066, 32.96, 52.63, 0.997, 0.998, 0.349759, 0.203556,1,1,0, 0.411933, 0.189311, 0.427854, 0.180665, 32.96, 0.997, 99.17, 0.996, 49.38, 0.995, 0.00, 0.000
26723,285077, 99.17, 85.21, 0.998, 0.998, 0.354098, 0.233707,1,1,0, 0.420203, 0.197126, 0.443331, 0.187437, 99.17, 0.998, 49.38, 0.996, 32.96, 0.996, 0.00, 0.000
26724,285088, 99.17, 94.98, 0.998, 0.998, 0.354049, 0.214401,1,1,0, 0.419422, 0.196772, 0.441321, 0.187579, 99.17, 0.998, 32.96, 0.997, 49.58, 0.996, 0.00, 0.000
26725,285098, 99.17, 97.91, 0.998, 0.998, 0.350646, 0.198010,1,1,0, 0.416924, 0.194725, 0.435953, 0.183943, 99.17, 0.998, 32.96, 0.998, 49.58, 0.997, 0.00, 0.000
26726,285109, 99.17, 98.79, 0.998, 0.998, 0.340748, 0.154072,1,1,0, 0.392972, 0.200256, 0.414067, 0.186162, 99.17, 0.998, 32.96, 0.997, 49.38, 0.997, 0.00, 0.000
26727,285120, 32.96, 98.95, 0.998, 0.998, 0.341396, 0.198587,1,1,0, 0.398764, 0.207292, 0.428828, 0.192791, 32.96, 0.998, 99.17, 0.998, 49.38, 0.997, 0.00, 0.000
26728,285130, 32.96, 99.04, 0.998, 0.998, 0.343022, 0.204303,1,1,0, 0.408919, 0.198089, 0.433994, 0.186866, 32.96, 0.998, 99.17, 0.998, 49.58, 0.997, 0.00, 0.000
26729,285141, 99.17, 99.10, 0.998, 0.998, 0.338978, 0.176034,1,1,0, 0.395895, 0.192182, 0.424690, 0.186199, 99.17, 0.998, 32.96, 0.998, 49.58, 0.997, 0.00, 0.000
26730,285152, 32.96, 99.13, 0.998, 0.998, 0.353581, 0.210937,1,1,0, 0.395133, 0.206918, 0.421910, 0.201390, 32.96, 0.998, 99.17, 0.998, 49.38, 0.997, 0.00, 0.000
26731,285162, 32.96, 99.14, 0.998, 0.999, 0.358596, 0.252528,1,1,0, 0.388682, 0.202049, 0.419750, 0.195587, 32.96, 0.998, 99.17, 0.998, 49.38, 0.997, 0.00, 0.000
26732,285173, 32.96, 99.15, 0.999, 0.999, 0.356170, 0.229775,1,1,0, 0.386407, 0.192874, 0.413703, 0.183596, 32.96, 0.999, 99.17, 0.998, 49.58, 0.998, 0.00, 0.000
26733,285184, 99.17, 99.16, 0.999, 0.999, 0.350331, 0.202352,1,1,0, 0.385662, 0.186846, 0.404334, 0.177875, 99.17, 0.999, 32.96, 0.998, 49.58, 0.998, 0.00, 0.000
26734,285194, 32.96, 71.36, 0.999, 0.999, 0.348179, 0.222811,1,1,0, 0.382062, 0.186938, 0.409889, 0.177238, 32.96, 0.999, 99.17, 0.999, 49.38, 0.998, 0.00, 0.000
26735,285205, 99.17, 83.04, 0.998, 0.999, 0.343236, 0.193739,1,1,0, 0.392225, 0.186452, 0.400341, 0.178670, 99.17, 0.998, 32.96, 0.998, 49.38, 0.998, 0.00, 0.000
26736,285216, 32.96, 89.81, 0.999, 0.999, 0.338691, 0.189776,1,1,0, 0.383952, 0.183360, 0.398449, 0.174920, 32.96, 0.999, 99.17, 0.998, 49.58, 0.997, 0.00, 0.000
26737,285226, 32.96, 93.74, 0.998, 0.999, 0.330877, 0.172021,1,1,0, 0.382285, 0.179235, 0.388553, 0.171085, 32.96, 0.998, 99.17, 0.998, 49.38, 0.998, 0.00, 0.000
26738,285237, 32.96, 68.21, 0.999, 0.999, 0.329088, 0.189957,1,1,0, 0.394535, 0.185062, 0.393076, 0.176235, 32.96, 0.999, 99.17, 0.998, 49.38, 0.997, 0.00, 0.000
26739,285248, 99.17, 81.22, 0.998, 0.999, 0.328616, 0.191210,1,1,0, 0.380423, 0.184390, 0.396898, 0.175373, 99.17, 0.998, 32.96, 0.998, 49.58, 0.998, 0.00, 0.000
26740,285258, 99.17, 88.76, 0.998, 0.999, 0.322561, 0.162734,1,1,0, 0.388733, 0.180990, 0.386290, 0.172780, 99.17, 0.998, 32.96, 0.998, 49.58, 0.998, 0.00, 0.000
26741,285269, 32.96, 93.13, 0.999, 0.999, 0.318558, 0.163817,1,1,0, 0.389079, 0.182516, 0.384697, 0.173675, 32.96, 0.999, 99.17, 0.998, 49.58, 0.997, 0.00, 0.000
26742,285280, 99.17, 95.67, 0.998, 0.999, 0.313821, 0.150959,1,1,0, 0.389940, 0.183339, 0.378063, 0.174944, 99.17, 0.998, 32.96, 0.998, 49.38, 0.998, 0.00, 0.000
26743,285290, 32.96, 69.33, 0.999, 0.999, 0.313496, 0.168735,1,1,0, 0.387782, 0.186813, 0.384150, 0.176682, 32.96, 0.999, 99.17, 0.998, 49.38, 0.998, 0.00, 0.000
26744,285301, 99.17, 81.86, 0.999, 0.999, 0.312087, 0.151328,1,1,0, 0.383622, 0.195759, 0.378670, 0.181911, 99.17, 0.999, 32.96, 0.998, 49.58, 0.998, 0.00, 0.000
26745,285312, 32.96, 89.13, 0.999, 0.999, 0.307346, 0.128411,1,1,0, 0.383762, 0.195510, 0.368412, 0.181907, 32.96, 0.999, 99.17, 0.998, 49.58, 0.997, 0.00, 0.000
26746,285322, 99.17, 93.35, 0.998, 0.999, 0.306847, 0.147772,1,1,0, 0.382888, 0.186252, 0.375361, 0.175954, 99.17, 0.998, 32.96, 0.998, 49.38, 0.998, 39.86, 0.004
26747,285333, 32.96, 95.79, 0.999, 0.998, 0.303746, 0.133220,1,1,0, 0.370820, 0.182852, 0.370246, 0.176617, 32.96, 0.999, 99.17, 0.998, 49.38, 0.998, 39.86, 0.007
26748,285344, 32.96, 97.21, 0.999, 0.999, 0.314216, 0.166301,1,1,0, 0.364892, 0.189061, 0.365344, 0.185375, 32.96, 0.999, 99.17, 0.999, 49.38, 0.998, 0.00, 0.000
26749,285354, 32.96, 98.03, 0.999, 0.999, 0.319158, 0.188270,1,1,0, 0.377560, 0.191196, 0.363965, 0.184470, 32.96, 0.999, 99.17, 0.998, 49.38, 0.997, 0.00, 0.000
26750,285365, 32.96, 98.51, 0.999, 0.999, 0.319392, 0.191767,1,1,0, 0.363184, 0.185563, 0.366488, 0.176764, 32.96, 0.999, 99.17, 0.999, 49.58, 0.998, 0.00, 0.000
26751,285376, 32.96, 98.79, 0.999, 0.999, 0.313613, 0.160315,1,1,0, 0.363615, 0.177246, 0.356271, 0.168588, 32.96, 0.999, 99.17, 0.999, 49.58, 0.998, 0.00, 0.000
26752,285386, 32.96, 71.14, 0.999, 0.999, 0.309350, 0.161076,1,1,0, 0.365856, 0.176044, 0.354233, 0.167507, 32.96, 0.999, 99.17, 0.998, 49.38, 0.998, 0.00, 0.000
26753,285397, 99.17, 82.91, 0.998, 0.999, 0.305037, 0.148499,1,1,0, 0.364515, 0.175106, 0.349567, 0.167238, 99.17, 0.998, 32.96, 0.998, 49.38, 0.998, 0.00, 0.000
26754,285408, 32.96, 89.74, 0.999, 0.999, 0.303675, 0.167006,1,1,0, 0.361962, 0.175549, 0.355281, 0.167679, 32.96, 0.999, 99.17, 0.998, 49.38, 0.998, 0.00, 0.000
26755,285418, 99.17, 93.70, 0.999, 0.999, 0.300043, 0.156606,1,1,0, 0.350986, 0.173207, 0.351849, 0.164739, 99.17, 0.999, 49.58, 0.998, 32.96, 0.998, 39.34, 0.037
26756,285429, 32.96, 96.00, 0.998, 0.999, 0.293587, 0.133899,1,1,0, 0.360533, 0.172513, 0.342280, 0.163963, 32.96, 0.998, 99.17, 0.998, 49.58, 0.997, 39.34, 0.018
26757,285440, 32.96, 97.33, 0.998, 0.999, 0.292387, 0.154642,1,1,0, 0.359318, 0.175393, 0.348940, 0.166262, 32.96, 0.998, 99.17, 0.998, 49.38, 0.998, 0.00, 0.000
26758,285450, 99.17, 98.10, 0.998, 0.999, 0.289332, 0.139261,1,1,0, 0.358162, 0.174097, 0.343939, 0.166806, 99.17, 0.998, 32.96, 0.998, 49.58, 0.997, 0.00, 0.000
26759,285461, 99.17, 98.55, 0.999, 0.999, 0.284106, 0.130472,1,1,0, 0.352101, 0.170873, 0.338159, 0.162702, 99.17, 0.999, 32.96, 0.999, 49.58, 0.998, 0.00, 0.000
26760,285472, 99.17, 98.81, 0.999, 0.999, 0.278907, 0.120807,1,1,0, 0.347743, 0.170006, 0.332028, 0.162188, 99.17, 0.999, 32.96, 0.999, 49.58, 0.998, 0.00, 0.000
26761,285482, 32.96, 98.96, 0.999, 0.999, 0.280389, 0.129346,1,1,0, 0.362500, 0.180519, 0.336409, 0.170410, 32.96, 0.999, 99.17, 0.998, 49.58, 0.997, 0.00, 0.000
26762,285493, 99.17, 99.05, 0.999, 0.999, 0.282065, 0.132629,1,1,0, 0.355128, 0.188600, 0.338700, 0.175935, 99.17, 0.999, 32.96, 0.999, 49.38, 0.998, 0.00, 0.000
26763,285504, 32.96, 99.10, 0.999, 0.999, 0.280805, 0.104456,1,1,0, 0.361819, 0.185659, 0.327816, 0.172588, 32.96, 0.999, 99.17, 0.999, 49.58, 0.998, 39.73, 0.006
26764,285514, 32.96, 99.13, 0.999, 0.999, 0.278948, 0.099799,1,1,0, 0.360529, 0.172840, 0.324638, 0.164139, 32.96, 0.999, 99.17, 0.999, 49.38, 0.998, 39.86, 0.025
26765,285525, 32.96, 99.14, 0.999, 0.999, 0.275481, 0.089981,1,1,0, 0.359222, 0.173176, 0.320566, 0.166299, 32.96, 0.999, 99.17, 0.998, 49.38, 0.998, 39.86, 0.020
26766,285536, 32.96, 99.15, 0.999, 0.999, 0.285622, 0.138368,1,1,0, 0.350001, 0.178485, 0.325205, 0.174974, 32.96, 0.999, 99.17, 0.999, 49.58, 0.998, 39.86, 0.007
26767,285546, 32.96, 99.16, 0.999, 0.999, 0.285722, 0.104872,1,1,0, 0.357628, 0.178949, 0.318320, 0.172746, 32.96, 0.999, 99.17, 0.999, 49.58, 0.998, 0.00, 0.000
26768,285557, 32.96, 99.16, 0.999, 0.999, 0.286534, 0.122185,1,1,0, 0.359564, 0.176030, 0.316082, 0.168159, 32.96, 0.999, 99.17, 0.999, 49.38, 0.998, 0.00, 0.000
26769,285568, 99.17, 99.17, 0.999, 0.999, 0.284046, 0.103785,1,1,0, 0.356218, 0.171104, 0.310875, 0.162335, 99.17, 0.999, 32.96, 0.999, 49.38, 0.998, 0.00, 0.000
26770,285578, 32.96, 99.17, 0.999, 0.999, 0.277873, 0.091512,1,1,0, 0.350595, 0.164082, 0.303716, 0.156456, 32.96, 0.999, 99.17, 0.999, 49.58, 0.998, 0.00, 0.000
26771,285589, 99.17, 99.17, 0.999, 0.999, 0.273115, 0.083457,1,1,0, 0.346482, 0.162678, 0.298802, 0.155328, 99.17, 0.999, 32.96, 0.999, 49.38, 0.998, 0.00, 0.000
26772,285600, 32.96, 99.17, 0.999, 0.999, 0.273816, 0.085657,1,1,0, 0.358419, 0.167291, 0.301648, 0.159539, 32.96, 0.999, 99.17, 0.998, 49.38, 0.997, 39.34, 0.008
26773,285610, 32.96, 99.17, 0.999, 0.999, 0.272730, 0.093178,1,1,0, 0.350992, 0.166943, 0.305758, 0.158055, 32.96, 0.999, 99.17, 0.999, 49.38, 0.998, 39.34, 0.028
26774,285621, 99.17, 99.17, 0.999, 0.999, 0.267057, 0.068015,1,1,0, 0.349317, 0.163359, 0.295943, 0.155309, 99.17, 0.999, 32.96, 0.998, 49.58, 0.998, 39.34, 0.036
26775,285632, 99.17, 99.17, 0.999, 0.999, 0.264196, 0.076989,1,1,0, 0.353639, 0.164249, 0.295678, 0.155764, 99.17, 0.999, 32.96, 0.999, 49.58, 0.998, 39.47, 0.013
26776,285642, 99.17, 99.17, 0.999, 0.999, 0.261611, 0.077745,1,1,0, 0.349403, 0.162623, 0.294911, 0.155293, 99.17, 0.999, 32.96, 0.998, 49.38, 0.998, 0.00, 0.000
26777,285653, 32.96, 99.17, 0.999, 0.999, 0.260824, 0.080206,1,1,0, 0.349403, 0.164010, 0.298730, 0.156749, 32.96, 0.999, 99.17, 0.999, 49.38, 0.998, 0.00, 0.000
26778,285664, 99.17, 99.17, 0.999, 0.999, 0.258794, 0.081634,1,1,0, 0.340590, 0.164489, 0.298488, 0.156579, 99.17, 0.999, 49.58, 0.999, 32.96, 0.998, 0.00, 0.000
26779,285674, 32.96, 99.17, 0.999, 0.999, 0.255631, 0.068204,1,1,0, 0.343982, 0.169463, 0.290300, 0.160109, 32.96, 0.999, 99.17, 0.999, 49.38, 0.998, 0.00, 0.000
26780,285685, 99.17, 99.17, 0.999, 0.999, 0.263900, 0.098087,1,1,0, 0.347789, 0.180444, 0.295384, 0.168550, 99.17, 0.999, 32.96, 0.998, 49.38, 0.998, 0.00, 0.000
26781,285696, 32.96, 99.17, 0.999, 0.999, 0.262750, 0.076358,1,1,0, 0.341235, 0.175628, 0.293212, 0.163724, 32.96, 0.999, 99.17, 0.999, 49.38, 0.998, 39.73, 0.004
26782,285706, 32.96, 99.17, 0.999, 0.999, 0.258760, 0.083635,1,1,0, 0.333762, 0.160534, 0.287190, 0.152513, 32.96, 0.999, 99.17, 0.999, 49.38, 0.998, 39.73, 0.015
26783,285717, 32.96, 99.17, 0.999, 0.999, 0.259881, 0.109751,1,1,0, 0.344432, 0.163912, 0.290388, 0.157177, 32.96, 0.999, 99.17, 0.999, 49.58, 0.998, 40.00, 0.039
26784,285728, 32.96, 99.17, 0.999, 0.999, 0.262571, 0.090755,1,1,0, 0.338945, 0.168682, 0.288528, 0.164220, 32.96, 0.999, 99.17, 0.999, 49.58, 0.998, 39.86, 0.012
26785,285738, 99.17, 99.17, 0.999, 0.999, 0.263857, 0.084337,1,1,0, 0.335263, 0.169383, 0.288895, 0.164082, 99.17, 0.999, 32.96, 0.999, 49.38, 0.998, 0.00, 0.000
26786,285749, 32.96, 99.17, 0.999, 0.999, 0.262442, 0.098912,1,1,0, 0.339281, 0.165033, 0.287120, 0.157811, 32.96, 0.999, 99.17, 0.999, 49.38, 0.998, 0.00, 0.000
26787,285760, 99.17, 99.17, 0.999, 0.999, 0.260275, 0.094272,1,1,0, 0.334360, 0.159973, 0.284943, 0.152126, 99.17, 0.999, 32.96, 0.999, 49.38, 0.998, 0.00, 0.000
26788,285770, 32.96, 99.17, 0.999, 0.999, 0.258689, 0.090301,1,1,0, 0.335393, 0.158415, 0.283244, 0.150856, 32.96, 0.999, 99.17, 0.999, 49.58, 0.998, 0.00, 0.000
26789,285781, 99.17, 99.17, 0.999, 0.999, 0.256070, 0.074318,1,1,0, 0.328980, 0.157122, 0.278541, 0.149895, 99.17, 0.999, 49.58, 0.999, 32.96, 0.999, 0.00, 0.000
26790,285792, 32.96, 99.17, 0.999, 0.999, 0.251435, 0.081944,1,1,0, 0.330778, 0.155073, 0.280199, 0.147621, 32.96, 0.999, 99.17, 0.999, 49.38, 0.998, 39.21, 0.006
26791,285802, 99.17, 99.17, 0.999, 0.999, 0.250902, 0.090893,1,1,0, 0.334878, 0.159374, 0.282576, 0.150555, 99.17, 0.999, 32.96, 0.999, 49.38, 0.998, 39.34, 0.006
26792,285813, 99.17, 99.17, 0.999, 0.999, 0.248978, 0.083139,1,1,0, 0.330201, 0.158304, 0.280626, 0.150064, 99.17, 0.999, 32.96, 0.998, 49.58, 0.998, 39.47, 0.028
26793,285824, 99.17, 99.17, 0.999, 0.999, 0.243225, 0.068949,1,1,0, 0.325539, 0.153170, 0.273936, 0.145589, 99.17, 0.999, 32.96, 0.999, 49.58, 0.998, 39.34, 0.009
26794,285834, 99.17, 99.17, 0.999, 0.999, 0.239779, 0.075365,1,1,0, 0.324599, 0.152882, 0.273739, 0.145363, 99.17, 0.999, 32.96, 0.999, 49.58, 0.998, 0.00, 0.000
26795,285845, 32.96, 99.17, 0.999, 0.999, 0.240759, 0.089745,1,1,0, 0.332168, 0.156082, 0.280385, 0.149218, 32.96, 0.999, 99.17, 0.999, 49.58, 0.998, 0.00, 0.000
26796,285856, 99.17, 99.17, 0.999, 0.999, 0.239849, 0.076814,1,1,0, 0.329269, 0.157838, 0.276511, 0.150235, 99.17, 0.999, 32.96, 0.999, 49.38, 0.998, 0.00, 0.000
26797,285866, 32.96, 99.17, 0.999, 0.999, 0.237990, 0.077378,1,1,0, 0.326870, 0.162062, 0.277403, 0.153412, 32.96, 0.999, 99.17, 0.999, 49.58, 0.998, 0.00, 0.000
26798,285877, 99.17, 99.17, 0.999, 0.999, 0.247975, 0.119380,1,1,0, 0.332256, 0.169097, 0.281404, 0.158333, 99.17, 0.999, 32.96, 0.999, 49.58, 0.998, 0.00, 0.000
26799,285888, 32.96, 99.17, 0.999, 0.999, 0.249921, 0.118848,1,1,0, 0.330877, 0.166351, 0.279697, 0.155145, 32.96, 0.999, 99.17, 0.999, 49.38, 0.998, 0.00, 0.000
26800,285898, 32.96, 99.17, 0.999, 0.999, 0.246847, 0.107583,1,1,0, 0.327361, 0.154230, 0.276000, 0.145789, 32.96, 0.999, 99.17, 0.999, 49.58, 0.998, 39.86, 0.014
26801,285909, 99.17, 99.17, 0.999, 0.999, 0.246063, 0.114076,1,1,0, 0.327362, 0.153475, 0.278284, 0.147845, 99.17, 0.999, 32.96, 0.999, 49.58, 0.998, 39.86, 0.026
26802,285920, 32.96, 99.17, 0.999, 0.999, 0.246327, 0.125483,1,1,0, 0.330893, 0.158123, 0.281919, 0.153523, 32.96, 0.999, 99.17, 0.999, 49.38, 0.998, 0.00, 0.000
26803,285930, 99.17, 99.17, 0.999, 0.999, 0.247444, 0.117970,1,1,0, 0.325881, 0.160828, 0.280277, 0.155593, 99.17, 0.999, 32.96, 0.999, 49.38, 0.998, 0.00, 0.000
26804,285941, 32.96, 99.17, 0.999, 0.999, 0.243660, 0.105609,1,1,0, 0.320958, 0.155224, 0.275294, 0.148819, 32.96, 0.999, 99.17, 0.999, 49.38, 0.998, 0.00, 0.000
26805,285952, 32.96, 99.17, 0.999, 0.999, 0.240873, 0.108614,1,1,0, 0.318819, 0.149563, 0.274275, 0.142389, 32.96, 0.999, 99.17, 0.999, 49.38, 0.998, 0.00, 0.000
26806,285962, 32.96, 99.17, 0.999, 0.999, 0.241389, 0.123081,1,1,0, 0.324622, 0.150651, 0.280414, 0.143414, 32.96, 0.999, 99.17, 0.999, 49.58, 0.998, 0.00, 0.000
26807,285973, 32.96, 99.17, 0.999, 0.999, 0.239582, 0.109107,1,1,0, 0.322388, 0.149485, 0.276693, 0.142476, 32.96, 0.999, 99.17, 0.999, 49.38, 0.998, 0.00, 0.000
26808,285984, 99.17, 99.17, 0.999, 0.999, 0.236484, 0.106093,1,1,0, 0.317915, 0.148137, 0.275819, 0.140664, 99.17, 0.999, 32.96, 0.999, 49.58, 0.998, 39.21, 0.008
26809,285994, 32.96, 99.17, 0.999, 0.999, 0.235044, 0.111152,1,1,0, 0.318920, 0.149811, 0.277515, 0.141437, 32.96, 0.999, 99.17, 0.999, 49.58, 0.998, 39.21, 0.011
26810,286005, 99.17, 99.17, 0.999, 0.999, 0.232486, 0.103236,1,1,0, 0.314059, 0.148590, 0.274207, 0.140176, 99.17, 0.999, 32.96, 0.999, 49.38, 0.999, 0.00, 0.000
26811,286016, 32.96, 99.17, 0.999, 0.999, 0.231349, 0.105869,1,1,0, 0.315847, 0.147849, 0.275412, 0.140498, 32.96, 0.999, 99.17, 0.999, 49.58, 0.998, 0.00, 0.000
26812,286026, 99.17, 99.17, 0.999, 0.999, 0.229490, 0.095452,1,1,0, 0.312350, 0.147261, 0.271374, 0.139854, 99.17, 0.999, 49.58, 0.999, 32.96, 0.999, 0.00, 0.000
26813,286037, 99.17, 99.17, 0.999, 0.999, 0.226473, 0.093665,1,1,0, 0.309278, 0.145355, 0.270893, 0.138733, 99.17, 0.999, 32.96, 0.999, 49.38, 0.998, 0.00, 0.000
26814,286048, 99.17, 99.17, 0.999, 0.999, 0.226901, 0.102388,1,1,0, 0.313597, 0.150497, 0.274716, 0.143614, 99.17, 0.999, 32.96, 0.999, 49.38, 0.998, 0.00, 0.000
26815,286058, 32.96, 99.17, 0.999, 0.999, 0.228384, 0.095188,1,1,0, 0.308916, 0.155676, 0.272836, 0.147654, 32.96, 0.999, 99.17, 0.999, 49.38, 0.998, 0.00, 0.000
26816,286069, 32.96, 99.17, 0.999, 0.999, 0.237292, 0.119855,1,1,0, 0.304736, 0.159230, 0.268232, 0.149477, 32.96, 0.999, 99.17, 0.999, 49.38, 0.999, 0.00, 0.000
26817,286080, 32.96, 99.17, 0.999, 0.999, 0.238997, 0.132005,1,1,0, 0.305966, 0.156144, 0.271164, 0.146128, 32.96, 0.999, 99.17, 0.999, 49.58, 0.998, 0.00, 0.000
26818,286090, 32.96, 99.17, 0.999, 0.999, 0.237480, 0.120454,1,1,0, 0.305051, 0.147702, 0.268796, 0.138942, 32.96, 0.999, 99.17, 0.999, 49.38, 0.998, 0.00, 0.000
26819,286101, 32.96, 99.17, 0.999, 0.999, 0.236010, 0.117540,1,1,0, 0.301717, 0.144729, 0.268205, 0.139346, 32.96, 0.999, 99.17, 0.999, 49.38, 0.998, 40.00, 0.003
26820,286112, 32.96, 99.17, 0.999, 0.999, 0.235409, 0.117071,1,1,0, 0.301500, 0.148119, 0.268258, 0.143295, 32.96, 0.999, 99.17, 0.999, 49.38, 0.998, 0.00, 0.000
26821,286122, 99.17, 99.17, 0.999, 0.999, 0.233708, 0.107579,1,1,0, 0.297003, 0.149430, 0.264833, 0.144797, 99.17, 0.999, 32.96, 0.999, 49.38, 0.998, 0.00, 0.000
26822,286133, 32.96, 99.17, 0.999, 0.999, 0.233806, 0.114488,1,1,0, 0.299503, 0.148662, 0.267327, 0.142607, 32.96, 0.999, 99.17, 0.999, 49.38, 0.998, 0.00, 0.000
26823,286144, 99.17, 99.17, 0.999, 0.999, 0.231874, 0.102250,1,1,0, 0.295919, 0.144076, 0.263367, 0.137283, 99.17, 0.999, 32.96, 0.999, 49.58, 0.999, 0.00, 0.000
26824,286154, 32.96, 99.17, 0.999, 0.999, 0.228559, 0.097539,1,1,0, 0.291355, 0.140151, 0.261294, 0.133414, 32.96, 0.999, 99.17, 0.999, 49.38, 0.998, 0.00, 0.000
26825,286165, 32.96, 99.17, 0.999, 0.999, 0.228062, 0.106713,1,1,0, 0.295534, 0.142130, 0.264826, 0.135339, 32.96, 0.999, 99.17, 0.999, 49.38, 0.998, 0.00, 0.000
26826,286176, 99.17, 99.17, 0.999, 0.999, 0.225940, 0.095889,1,1,0, 0.290824, 0.142713, 0.261595, 0.135124, 99.17, 0.999, 32.96, 0.999, 49.38, 0.998, 0.00, 0.000
26827,286186, 32.96, 99.17, 0.999, 0.999, 0.222707, 0.086324,1,1,0, 0.286430, 0.141570, 0.257128, 0.133580, 32.96, 0.999, 99.17, 0.999, 49.38, 0.998, 0.00, 0.000
26828,286197, 99.17, 99.17, 0.999, 0.999, 0.220075, 0.085103,1,1,0, 0.284534, 0.142017, 0.255280, 0.133769, 99.17, 0.999, 32.96, 0.999, 49.58, 0.999, 0.00, 0.000
26829,286208, 32.96, 99.17, 0.999, 0.999, 0.219292, 0.091249,1,1,0, 0.285762, 0.140830, 0.257678, 0.133130, 32.96, 0.999, 99.17, 0.999, 49.58, 0.998, 0.00, 0.000
26830,286218, 99.17, 99.17, 0.999, 0.999, 0.217818, 0.086578,1,1,0, 0.287151, 0.139832, 0.256796, 0.132500, 99.17, 0.999, 32.96, 0.999, 49.38, 0.999, 0.00, 0.000
26831,286229, 32.96, 99.17, 0.999, 0.999, 0.216762, 0.084404,1,1,0, 0.285566, 0.139422, 0.256710, 0.133256, 32.96, 0.999, 99.17, 0.999, 49.58, 0.998, 0.00, 0.000
26832,286240, 99.17, 99.17, 0.999, 0.999, 0.215818, 0.080553,1,1,0, 0.284827, 0.141391, 0.255731, 0.135327, 99.17, 0.999, 32.96, 0.999, 49.58, 0.998, 0.00, 0.000
26833,286250, 99.17, 99.17, 0.999, 0.999, 0.219681, 0.111773,1,1,0, 0.281463, 0.148096, 0.253131, 0.140627, 99.17, 0.999, 32.96, 0.999, 49.38, 0.998, 0.00, 0.000
26834,286261, 32.96, 99.17, 0.999, 0.999, 0.229286, 0.106591,1,1,0, 0.285119, 0.152547, 0.257152, 0.143608, 32.96, 0.999, 99.17, 0.999, 49.58, 0.999, 0.00, 0.000
26835,286272, 32.96, 99.17, 0.999, 0.999, 0.227439, 0.097659,1,1,0, 0.279363, 0.147447, 0.251147, 0.138411, 32.96, 0.999, 99.17, 0.999, 49.58, 0.999, 0.00, 0.000
26836,286282, 32.96, 99.17, 0.999, 0.999, 0.227321, 0.108399,1,1,0, 0.282795, 0.140603, 0.254951, 0.132240, 32.96, 0.999, 99.17, 0.999, 49.38, 0.999, 0.00, 0.000
26837,286293, 99.17, 99.17, 0.999, 0.999, 0.225513, 0.098565,1,1,0, 0.279667, 0.137401, 0.252605, 0.131506, 99.17, 0.999, 32.96, 0.999, 49.38, 0.998, 0.00, 0.000
26838,286304, 32.96, 99.17, 0.999, 0.999, 0.223502, 0.092058,1,1,0, 0.276808, 0.139560, 0.249974, 0.135044, 32.96, 0.999, 99.17, 0.999, 49.38, 0.998, 0.00, 0.000
26839,286314, 32.96, 99.17, 0.999, 0.999, 0.222079, 0.091051,1,1,0, 0.275493, 0.141352, 0.248825, 0.136752, 32.96, 0.999, 99.17, 0.999, 49.58, 0.998, 0.00, 0.000
26840,286325, 32.96, 99.17, 0.999, 0.999, 0.221683, 0.094838,1,1,0, 0.275243, 0.139962, 0.250120, 0.134472, 32.96, 0.999, 99.17, 0.999, 49.58, 0.998, 0.00, 0.000
26841,286336, 32.96, 99.17, 0.999, 0.999, 0.220649, 0.093949,1,1,0, 0.276448, 0.135690, 0.250463, 0.129308, 32.96, 0.999, 99.17, 0.999, 49.38, 0.999, 0.00, 0.000
26842,286346, 99.17, 99.17, 0.999, 0.999, 0.219709, 0.093555,1,1,0, 0.275813, 0.135739, 0.251295, 0.129050, 99.17, 0.999, 32.96, 0.999, 49.58, 0.998, 0.00, 0.000
26843,286357, 99.17, 99.17, 0.999, 0.999, 0.217168, 0.085573,1,1,0, 0.272802, 0.133909, 0.248605, 0.127372, 99.17, 0.999, 32.96, 0.999, 49.58, 0.998, 0.00, 0.000
26844,286368, 99.17, 99.17, 0.999, 0.999, 0.213949, 0.080164,1,1,0, 0.269199, 0.133286, 0.245527, 0.126010, 99.17, 0.999, 32.96, 0.999, 49.38, 0.998, 0.00, 0.000
26845,286378, 32.96, 99.17, 0.999, 0.999, 0.213758, 0.088390,1,1,0, 0.271486, 0.137495, 0.248573, 0.129634, 32.96, 0.999, 99.17, 0.999, 49.58, 0.998, 0.00, 0.000
26846,286389, 99.17, 99.17, 0.999, 0.999, 0.212514, 0.082138,1,1,0, 0.270890, 0.137442, 0.246779, 0.129280, 99.17, 0.999, 32.96, 0.999, 49.58, 0.999, 0.00, 0.000
26847,286400, 99.17, 99.17, 0.999, 0.999, 0.209433, 0.073885,1,1,0, 0.265082, 0.133766, 0.242824, 0.125864, 99.17, 0.999, 32.96, 0.999, 49.38, 0.998, 0.00, 0.000
26848,286410, 99.17, 99.17, 0.999, 0.999, 0.208561, 0.081613,1,1,0, 0.268013, 0.133414, 0.245752, 0.126425, 99.17, 0.999, 32.96, 0.999, 49.58, 0.998, 0.00, 0.000
26849,286421, 99.17, 99.17, 0.999, 0.999, 0.206823, 0.075810,1,1,0, 0.265303, 0.132350, 0.243852, 0.126402, 99.17, 0.999, 32.96, 0.999, 49.38, 0.998, 0.00, 0.000
26850,286432, 32.96, 99.17, 0.999, 0.999, 0.205382, 0.072717,1,1,0, 0.263250, 0.134816, 0.242237, 0.129362, 32.96, 0.999, 99.17, 0.999, 49.38, 0.999, 0.00, 0.000
26851,286442, 32.96, 99.17, 0.999, 0.999, 0.209922, 0.098008,1,1,0, 0.263153, 0.141008, 0.242145, 0.134412, 32.96, 0.999, 99.17, 0.999, 49.58, 0.999, 0.00, 0.000
26852,286453, 32.96, 99.17, 0.999, 0.999, 0.218054, 0.105331,1,1,0, 0.262500, 0.143911, 0.242855, 0.135894, 32.96, 0.999, 99.17, 0.999, 49.38, 0.999, 0.00, 0.000
26853,286464, 32.96, 99.17, 0.999, 0.999, 0.218565, 0.104928,1,1,0, 0.262720, 0.140248, 0.243984, 0.131568, 32.96, 0.999, 99.17, 0.999, 49.38, 0.999, 0.00, 0.000
26854,286474, 32.96, 99.17, 0.999, 0.999, 0.216512, 0.094349,1,1,0, 0.259091, 0.133614, 0.240982, 0.125756, 32.96, 0.999, 99.17, 0.999, 49.38, 0.999, 0.00, 0.000
26855,286485, 32.96, 99.17, 0.999, 0.999, 0.213270, 0.088244,1,1,0, 0.256041, 0.128765, 0.238008, 0.122860, 32.96, 0.999, 99.17, 0.999, 49.38, 0.999, 0.00, 0.000
26856,286496, 32.96, 99.17, 0.999, 0.999, 0.213268, 0.097476,1,1,0, 0.257601, 0.132086, 0.240953, 0.127418, 32.96, 0.999, 99.17, 0.999, 49.38, 0.998, 0.00, 0.000
26857,286506, 32.96, 99.17, 0.999, 0.999, 0.213193, 0.093633,1,1,0, 0.258637, 0.135258, 0.240598, 0.130568, 32.96, 0.999, 99.17, 0.999, 49.38, 0.998, 0.00, 0.000
26858,286517, 32.96, 99.17, 0.999, 0.999, 0.210778, 0.082662,1,1,0, 0.252965, 0.131253, 0.236533, 0.126293, 32.96, 0.999, 99.17, 0.999, 49.38, 0.998, 0.00, 0.000
26859,286528, 32.96, 99.17, 0.999, 0.999, 0.209462, 0.088166,1,1,0, 0.253329, 0.129070, 0.238054, 0.122945, 32.96, 0.999, 99.17, 0.999, 49.58, 0.998, 0.00, 0.000
26860,286538, 99.17, 99.17, 0.999, 0.999, 0.207146, 0.082233,1,1,0, 0.250652, 0.128495, 0.235878, 0.122128, 99.17, 0.999, 32.96, 0.999, 49.38, 0.998, 0.00, 0.000
26861,286549, 32.96, 99.17, 0.999, 0.999, 0.204662, 0.080201,1,1,0, 0.248165, 0.127352, 0.234654, 0.120963, 32.96, 0.999, 99.17, 0.999, 49.38, 0.999, 0.00, 0.000
26862,286560, 32.96, 99.17, 0.999, 0.999, 0.203130, 0.080317,1,1,0, 0.248424, 0.129237, 0.234400, 0.122240, 32.96, 0.999, 99.17, 0.999, 49.58, 0.999, 0.00, 0.000
26863,286570, 32.96, 99.17, 0.999, 0.999, 0.200661, 0.073061,1,1,0, 0.243500, 0.130092, 0.230869, 0.122524, 32.96, 0.999, 99.17, 0.999, 49.58, 0.998, 0.00, 0.000
26864,286581, 32.96, 99.17, 0.999, 0.999, 0.199987, 0.078533,1,1,0, 0.244954, 0.131156, 0.232565, 0.123020, 32.96, 0.999, 99.17, 0.999, 49.38, 0.999, 0.00, 0.000
26865,286592, 32.96, 99.17, 0.999, 0.999, 0.199837, 0.080235,1,1,0, 0.245823, 0.130384, 0.234134, 0.122475, 32.96, 0.999, 99.17, 0.999, 49.38, 0.998, 0.00, 0.000
26866,286602, 32.96, 99.17, 0.999, 0.999, 0.197256, 0.070320,1,1,0, 0.241473, 0.126007, 0.230286, 0.119201, 32.96, 0.999, 99.17, 0.999, 49.38, 0.998, 0.00, 0.000
26867,286613, 32.96, 99.17, 0.999, 0.999, 0.194457, 0.066296,1,1,0, 0.238424, 0.124888, 0.227473, 0.118951, 32.96, 0.999, 99.17, 0.999, 49.38, 0.998, 0.00, 0.000
26868,286624, 32.96, 99.17, 0.999, 0.999, 0.194660, 0.073827,1,1,0, 0.240060, 0.129117, 0.230436, 0.124188, 32.96, 0.999, 99.17, 0.999, 49.58, 0.998, 0.00, 0.000
26869,286634, 32.96, 99.17, 0.999, 0.999, 0.200981, 0.090208,1,1,0, 0.241580, 0.134949, 0.230941, 0.129149, 32.96, 0.999, 99.17, 0.999, 49.38, 0.999, 0.00, 0.000
26870,286645, 32.96, 99.17, 0.999, 0.999, 0.206000, 0.093344,1,1,0, 0.237394, 0.135934, 0.227679, 0.128875, 32.96, 0.999, 99.17, 0.999, 49.38, 0.999, 0.00, 0.000
26871,286656, 32.96, 99.17, 0.999, 0.999, 0.204493, 0.085491,1,1,0, 0.234223, 0.132560, 0.224979, 0.124511, 32.96, 0.999, 99.17, 0.999, 49.38, 0.999, 0.00, 0.000
26872,286666, 32.96, 99.17, 0.999, 0.999, 0.202833, 0.085401,1,1,0, 0.232517, 0.127367, 0.224526, 0.119766, 32.96, 0.999, 99.17, 0.999, 49.38, 0.999, 0.00, 0.000
26873,286677, 32.96, 99.17, 0.999, 0.999, 0.201225, 0.084964,1,1,0, 0.232157, 0.124209, 0.224333, 0.117965, 32.96, 0.999, 99.17, 0.999, 49.38, 0.998, 0.00, 0.000
26874,286688, 32.96, 99.17, 0.999, 0.999, 0.198647, 0.074614,1,1,0, 0.227330, 0.124240, 0.220270, 0.119688, 32.96, 0.999, 99.17, 0.999, 49.38, 0.998, 0.00, 0.000
26875,286698, 32.96, 99.17, 0.999, 0.999, 0.198297, 0.081737,1,1,0, 0.228770, 0.126278, 0.222106, 0.121799, 32.96, 0.999, 99.17, 0.999, 49.38, 0.999, 0.00, 0.000
26876,286709, 32.96, 99.17, 0.999, 0.999, 0.198825, 0.084352,1,1,0, 0.230868, 0.126348, 0.224017, 0.121403, 32.96, 0.999, 99.17, 0.999, 49.38, 0.998, 0.00, 0.000
26877,286720, 32.96, 99.17, 0.999, 0.999, 0.196188, 0.071135,1,1,0, 0.226232, 0.122279, 0.219703, 0.116395, 32.96, 0.999, 99.17, 0.999, 49.38, 0.998, 0.00, 0.000
26878,286730, 32.96, 99.17, 0.999, 0.999, 0.192623, 0.065686,1,1,0, 0.223306, 0.120025, 0.216334, 0.113882, 32.96, 0.999, 99.17, 0.999, 49.38, 0.999, 0.00, 0.000
26879,286741, 32.96, 99.17, 0.999, 0.999, 0.191411, 0.072435,1,1,0, 0.223973, 0.121926, 0.218098, 0.115840, 32.96, 0.999, 99.17, 0.999, 49.38, 0.998, 0.00, 0.000
26880,286752, 32.96, 99.17, 0.999, 0.999, 0.190784, 0.071015,1,1,0, 0.225847, 0.123603, 0.218200, 0.116937, 32.96, 0.999, 99.17, 0.999, 49.38, 0.999, 0.00, 0.000
26881,286762, 32.96, 99.17, 0.999, 0.999, 0.188566, 0.061741,1,1,0, 0.221492, 0.124667, 0.214442, 0.117404, 32.96, 0.999, 99.17, 0.999, 49.38, 0.998, 0.00, 0.000
26882,286773, 32.96, 99.17, 0.999, 0.999, 0.187246, 0.062041,1,1,0, 0.219591, 0.125917, 0.213707, 0.118245, 32.96, 0.999, 99.17, 0.999, 49.58, 0.999, 0.00, 0.000
26883,286784, 32.96, 99.17, 0.999, 0.999, 0.185070, 0.056756,1,1,0, 0.217647, 0.124446, 0.210787, 0.116174, 32.96, 0.999, 99.17, 0.999, 49.38, 0.999, 0.00, 0.000
26884,286794, 32.96, 99.17, 0.999, 0.999, 0.183508, 0.059996,1,1,0, 0.216844, 0.120657, 0.211432, 0.113693, 32.96, 0.999, 99.17, 0.999, 49.38, 0.999, 0.00, 0.000
26885,286805, 32.96, 99.17, 0.999, 0.999, 0.182635, 0.060376,1,1,0, 0.217957, 0.119672, 0.211844, 0.114430, 32.96, 0.999, 99.17, 0.999, 49.38, 0.998, 0.00, 0.000
26886,286816, 32.96, 99.17, 0.999, 0.999, 0.180383, 0.050700,1,1,0, 0.213840, 0.121473, 0.207338, 0.116713, 32.96, 0.999, 99.17, 0.999, 49.38, 0.998, 0.00, 0.000
26887,286826, 32.96, 99.17, 0.999, 0.999, 0.187067, 0.087036,1,1,0, 0.214965, 0.126918, 0.211904, 0.121954, 32.96, 0.999, 99.17, 0.999, 49.38, 0.999, 0.00, 0.000
26888,286837, 32.96, 99.17, 0.999, 0.999, 0.191898, 0.071899,1,1,0, 0.218769, 0.128862, 0.212363, 0.122569, 32.96, 0.999, 99.17, 0.999, 49.38, 0.999, 0.00, 0.000
26889,286848, 32.96, 99.17, 0.999, 0.999, 0.189985, 0.068824,1,1,0, 0.212009, 0.125026, 0.206243, 0.117704, 32.96, 0.999, 99.17, 0.999, 49.38, 0.999, 0.00, 0.000
26890,286858, 32.96, 71.36, 0.999, 0.999, 0.189228, 0.073932,1,1,0, 0.212740, 0.121607, 0.207500, 0.114199, 32.96, 0.999, 99.17, 0.999, 49.38, 0.999, 0.00, 0.000
26891,286869, 32.96, 83.04, 0.999, 0.999, 0.188452, 0.074357,1,1,0, 0.213453, 0.119128, 0.208275, 0.112777, 32.96, 0.999, 99.17, 0.999, 49.38, 0.999, 0.00, 0.000
26892,286880, 32.96, 89.81, 0.999, 0.999, 0.186932, 0.068689,1,1,0, 0.210929, 0.118187, 0.206573, 0.113399, 32.96, 0.999, 99.17, 0.999, 49.38, 0.999, 0.00, 0.000
26893,286890, 32.96, 65.94, 0.999, 0.999, 0.185585, 0.065943,1,1,0, 0.207807, 0.119843, 0.205212, 0.115574, 32.96, 0.999, 99.17, 0.999, 49.38, 0.999, 0.00, 0.000
26894,286901, 32.96, 79.89, 0.999, 0.999, 0.183529, 0.062240,1,1,0, 0.206698, 0.117720, 0.203103, 0.112886, 32.96, 0.999, 99.17, 0.999, 49.38, 0.999, 0.00, 0.000
26895,286912, 49.38, 87.99, 0.999, 0.999, 0.181896, 0.064653,1,1,0, 0.205686, 0.116919, 0.203349, 0.111262, 49.38, 0.999, 99.17, 0.999, 32.96, 0.999, 0.00, 0.000
26896,286922, 32.96, 92.68, 0.999, 0.999, 0.180961, 0.065872,1,1,0, 0.206615, 0.117722, 0.203981, 0.111639, 32.96, 0.999, 99.17, 0.999, 49.38, 0.999, 0.00, 0.000
26897,286933, 32.96, 95.41, 0.999, 0.999, 0.177067, 0.052533,1,1,0, 0.200976, 0.114388, 0.198254, 0.108617, 32.96, 0.999, 99.17, 0.999, 49.38, 0.999, 0.00, 0.000
26898,286944, 32.96, 96.99, 0.999, 0.999, 0.175778, 0.060141,1,1,0, 0.201320, 0.116199, 0.199766, 0.109970, 32.96, 0.999, 49.38, 0.999, 99.17, 0.999, 0.00, 0.000
26899,286954, 32.96, 97.90, 0.999, 0.999, 0.176438, 0.064125,1,1,0, 0.204775, 0.121183, 0.201951, 0.114446, 32.96, 0.999, 49.38, 0.999, 99.17, 0.999, 0.00, 0.000
26900,286965, 32.96, 98.43, 0.999, 0.999, 0.174690, 0.052898,1,1,0, 0.200509, 0.120929, 0.197869, 0.113403, 32.96, 0.999, 49.38, 0.999, 99.17, 0.999, 0.00, 0.000
26901,286976, 32.96, 98.74, 0.999, 0.999, 0.172284, 0.049255,1,1,0, 0.196765, 0.118999, 0.194990, 0.111178, 32.96, 0.999, 99.17, 0.999, 49.38, 0.999, 0.00, 0.000
26902,286986, 32.96, 98.92, 0.999, 0.999, 0.171418, 0.054362,1,1,0, 0.199121, 0.116529, 0.196243, 0.109294, 32.96, 0.999, 99.17, 0.999, 49.38, 0.999, 0.00, 0.000
26903,286997, 32.96, 99.03, 0.999, 0.999, 0.170750, 0.054606,1,1,0, 0.200637, 0.114322, 0.196940, 0.108603, 32.96, 0.999, 99.17, 0.999, 49.38, 0.999, 0.00, 0.000
26904,287008, 32.96, 71.28, 0.999, 0.999, 0.169432, 0.049043,1,1,0, 0.196741, 0.115364, 0.194719, 0.111028, 32.96, 0.999, 99.17, 0.999, 49.38, 0.999, 0.00, 0.000
26905,287018, 32.96, 82.99, 0.999, 0.999, 0.171638, 0.057417,1,1,0, 0.197406, 0.118484, 0.195188, 0.114376, 32.96, 0.999, 99.17, 0.999, 49.38, 0.999, 0.00, 0.000
26906,287029, 32.96, 89.79, 0.999, 0.999, 0.177279, 0.067572,1,1,0, 0.195975, 0.121514, 0.192851, 0.116035, 32.96, 0.999, 49.38, 0.999, 99.17, 0.999, 0.00, 0.000
26907,287040, 32.96, 93.73, 0.999, 0.999, 0.177847, 0.068347,1,1,0, 0.195988, 0.120870, 0.193509, 0.114100, 32.96, 0.999, 99.17, 0.999, 49.38, 0.998, 0.00, 0.000
26908,287050, 32.96, 68.21, 0.999, 0.999, 0.174784, 0.054428,1,1,0, 0.189946, 0.115384, 0.188296, 0.108711, 32.96, 0.999, 99.17, 0.999, 49.38, 0.998, 0.00, 0.000
26909,287061, 32.96, 81.21, 0.999, 0.999, 0.173666, 0.063507,1,1,0, 0.191205, 0.112945, 0.190156, 0.106528, 32.96, 0.999, 49.38, 0.999, 99.17, 0.999, 0.00, 0.000
26910,287072, 49.38, 88.75, 0.999, 0.999, 0.174219, 0.068581,1,1,0, 0.194182, 0.113909, 0.192827, 0.108543, 49.38, 0.999, 99.17, 0.998, 32.96, 0.998, 0.00, 0.000
26911,287082, 99.17, 93.13, 0.999, 0.999, 0.172696, 0.057917,1,1,0, 0.190850, 0.112970, 0.189854, 0.108555, 99.17, 0.999, 32.96, 0.999, 49.38, 0.998, 0.00, 0.000
26912,287093, 32.96, 67.86, 0.999, 0.999, 0.168917, 0.047655,1,1,0, 0.185235, 0.109541, 0.184539, 0.105207, 32.96, 0.999, 99.17, 0.999, 49.38, 0.998, 0.00, 0.000
26913,287104, 32.96, 53.20, 0.999, 0.999, 0.168028, 0.058223,1,1,0, 0.191513, 0.111160, 0.187042, 0.105652, 32.96, 0.999, 99.17, 0.998, 49.38, 0.998, 0.00, 0.000
26914,287114, 49.38, 51.60, 0.999, 0.999, 0.167837, 0.060215,1,1,0, 0.190869, 0.111810, 0.188621, 0.105833, 49.38, 0.999, 99.17, 0.998, 32.96, 0.998, 0.00, 0.000
26915,287125, 32.96, 50.66, 0.999, 0.999, 0.166170, 0.053788,1,1,0, 0.189171, 0.110683, 0.186772, 0.105011, 32.96, 0.999, 49.38, 0.999, 99.17, 0.999, 0.00, 0.000
26916,287136, 32.96, 50.12, 0.999, 0.999, 0.164354, 0.049878,1,1,0, 0.191353, 0.110902, 0.185011, 0.105180, 32.96, 0.999, 99.17, 0.999, 49.38, 0.999, 0.00, 0.000
26917,287146, 32.96, 49.81, 0.999, 0.999, 0.161924, 0.043878,1,1,0, 0.189172, 0.112574, 0.181596, 0.106467, 32.96, 0.999, 49.38, 0.999, 99.17, 0.999, 0.00, 0.000
26918,287157, 49.38, 49.63, 0.999, 0.999, 0.162196, 0.049663,1,1,0, 0.193261, 0.117317, 0.183367, 0.110239, 49.38, 0.999, 32.96, 0.999, 99.17, 0.998, 0.00, 0.000
26919,287168, 32.96, 49.52, 0.999, 0.999, 0.162083, 0.049136,1,1,0, 0.192084, 0.116999, 0.183665, 0.109554, 32.96, 0.999, 49.38, 0.999, 99.17, 0.999, 0.00, 0.000
26920,287178, 32.96, 49.46, 0.999, 0.999, 0.159821, 0.038740,1,1,0, 0.191958, 0.112277, 0.178610, 0.104746, 32.96, 0.999, 49.38, 0.999, 99.17, 0.999, 0.00, 0.000
26921,287189, 32.96, 49.43, 0.999, 0.999, 0.159825, 0.042137,1,1,0, 0.196032, 0.109581, 0.179098, 0.103514, 32.96, 0.999, 49.38, 0.999, 99.17, 0.999, 0.00, 0.000
26922,287200, 49.38, 49.41, 0.999, 0.999, 0.159933, 0.045918,1,1,0, 0.195285, 0.110996, 0.182578, 0.106192, 49.38, 0.999, 32.96, 0.999, 99.17, 0.998, 0.00, 0.000
26923,287210, 32.96, 49.39, 0.999, 0.999, 0.159303, 0.041027,1,1,0, 0.192235, 0.111316, 0.180677, 0.107868, 32.96, 0.999, 49.38, 0.999, 99.17, 0.999, 0.00, 0.000
26924,287221, 32.96, 49.39, 0.999, 0.999, 0.164958, 0.058652,1,1,0, 0.197321, 0.114253, 0.180263, 0.109726, 32.96, 0.999, 49.38, 0.999, 99.17, 0.999, 0.00, 0.000
26925,287232, 32.96, 49.38, 0.999, 0.999, 0.167340, 0.061533,1,1,0, 0.196061, 0.115337, 0.181838, 0.109751, 32.96, 0.999, 49.38, 0.999, 99.17, 0.999, 0.00, 0.000
26926,287242, 32.96, 49.38, 0.999, 0.999, 0.166629, 0.057273,1,1,0, 0.194810, 0.113390, 0.180771, 0.106772, 32.96, 0.999, 49.38, 0.999, 99.17, 0.999, 0.00, 0.000
26927,287253, 32.96, 49.38, 0.999, 0.999, 0.165283, 0.052288,1,1,0, 0.196136, 0.109638, 0.179262, 0.103410, 32.96, 0.999, 49.38, 0.999, 99.17, 0.999, 0.00, 0.000
26928,287264, 32.96, 49.38, 0.999, 0.999, 0.162725, 0.046714,1,1,0, 0.193999, 0.106880, 0.176503, 0.101397, 32.96, 0.999, 49.38, 0.999, 99.17, 0.999, 0.00, 0.000
26929,287274, 49.38, 49.38, 0.999, 0.999, 0.162734, 0.045936,1,1,0, 0.199206, 0.108233, 0.177193, 0.103575, 49.38, 0.999, 99.17, 0.998, 32.96, 0.998, 0.00, 0.000
26930,287285, 49.38, 49.38, 0.999, 0.999, 0.164569, 0.056730,1,1,0, 0.196881, 0.110607, 0.182230, 0.105078, 49.38, 0.999, 99.17, 0.998, 32.96, 0.998, 0.00, 0.000
26931,287296, 49.38, 49.38, 0.998, 0.999, 0.162404, 0.047766,1,1,0, 0.207649, 0.107968, 0.181332, 0.103422, 49.38, 0.998, 99.17, 0.998, 32.96, 0.996, 0.00, 0.000
26932,287306, 49.38, 49.38, 0.998, 0.999, 0.168364, 0.068976,1,1,0, 0.205943, 0.115544, 0.191339, 0.107604, 49.38, 0.998, 32.96, 0.997, 99.17, 0.996, 0.00, 0.000
26933,287317, 49.38, 49.38, 0.998, 0.998, 0.168159, 0.067634,1,1,0, 0.224684, 0.112361, 0.197946, 0.108298, 49.38, 0.998, 99.17, 0.992, 32.96, 0.991, 0.00, 0.000
26934,287328, 49.58, 49.46, 0.990, 0.992, 0.161643, 0.047397,1,1,0, 0.179429, 0.104508, 0.179461, 0.098587, 49.58, 0.990, 33.05, 0.984, 99.17, 0.984, 0.00, 0.000
26935,287338, 32.96, 49.51, 0.991, 0.994, 0.160989, 0.039006,1,1,0, 0.209302, 0.111652, 0.179964, 0.105269, 32.96, 0.991, 49.58, 0.991, 99.17, 0.979, 0.00, 0.000
26936,287349, 32.96, 49.46, 0.989, 0.991, 0.154353, 0.060524,1,1,0, 0.192723, 0.105706, 0.171664, 0.099952, 32.96, 0.989, 49.38, 0.987, 99.17, 0.981, 0.00, 0.000
26937,287360, 98.36, 69.99, 0.991, 0.994, 0.157040, 0.057779,1,1,0, 0.200484, 0.110312, 0.176044, 0.103963, 98.36, 0.991, 49.38, 0.989, 32.87, 0.979, 0.00, 0.000
26938,287370, 49.38, 61.34, 0.997, 0.997, 0.159714, 0.086310,1,1,0, 0.210185, 0.111686, 0.180275, 0.102545, 49.38, 0.997, 99.17, 0.994, 32.96, 0.994, 0.00, 0.000
26939,287381, 49.38, 56.31, 0.995, 0.996, 0.171038, 0.085294,1,1,0, 0.214572, 0.116898, 0.192605, 0.110120, 49.38, 0.995, 32.96, 0.994, 99.17, 0.992, 0.00, 0.000
26940,287392, 32.96, 53.40, 0.998, 0.994, 0.166470, 0.060224,1,1,0, 0.206718, 0.104005, 0.183666, 0.099875, 32.96, 0.998, 49.38, 0.992, 99.17, 0.990, 0.00, 0.000
26941,287402, 32.96, 51.71, 0.996, 0.994, 0.162153, 0.042204,1,1,0, 0.201279, 0.110234, 0.175226, 0.106045, 32.96, 0.996, 49.38, 0.991, 99.17, 0.989, 0.00, 0.000
26942,287413, 99.17, 71.64, 0.994, 0.996, 0.158413, 0.037495,1,1,0, 0.187509, 0.107769, 0.168794, 0.104679, 99.17, 0.994, 49.58, 0.993, 33.05, 0.990, 0.00, 0.000
26943,287424, 99.17, 83.20, 0.994, 0.996, 0.161680, 0.076798,1,1,0, 0.211406, 0.113323, 0.183867, 0.107490, 99.17, 0.994, 49.58, 0.994, 32.96, 0.992, 0.00, 0.000
26944,287434, 98.36, 89.57, 0.992, 0.994, 0.158201, 0.054198,1,1,0, 0.190921, 0.103115, 0.175623, 0.098134, 98.36, 0.992, 49.38, 0.992, 32.87, 0.989, 0.00, 0.000
26945,287445, 32.96, 65.79, 0.996, 0.997, 0.153554, 0.041944,1,1,0, 0.193172, 0.102439, 0.167730, 0.096610, 32.96, 0.996, 49.38, 0.991, 98.36, 0.988, 0.00, 0.000
26946,287456, 32.87, 51.97, 0.994, 0.996, 0.158681, 0.090369,1,1,0, 0.207935, 0.105627, 0.186679, 0.100005, 32.87, 0.994, 49.38, 0.994, 98.36, 0.988, 0.00, 0.000
26947,287466, 49.38, 50.88, 0.995, 0.996, 0.162930, 0.084738,1,1,0, 0.214905, 0.109596, 0.190296, 0.103775, 49.38, 0.995, 99.17, 0.994, 32.96, 0.991, 0.00, 0.000
26948,287477, 49.38, 50.25, 0.996, 0.997, 0.164006, 0.076205,1,1,0, 0.211834, 0.104206, 0.191293, 0.100071, 49.38, 0.996, 98.36, 0.995, 32.87, 0.989, 0.00, 0.000
26949,287488, 99.17, 70.79, 0.982, 0.987, 0.152651, 0.053403,1,1,0, 0.167786, 0.090163, 0.149180, 0.086971, 99.17, 0.982, 49.58, 0.971, 33.14, 0.967, 38.83, 0.022
26950,287498, 99.17, 82.71, 0.972, 0.980, 0.141181, 0.037423,1,1,0, 0.135354, 0.073796, 0.119381, 0.070772, 99.17, 0.972, 49.79, 0.933, 33.05, 0.882, 38.96, 0.252
26951,287509, 100.00, 89.97, 0.949, 0.963, 0.130515, 0.026225,1,1,0, 0.099706, 0.063890, 0.097352, 0.061638, 100.00, 0.949, 49.58, 0.853, 33.05, 0.656, 39.21, 0.523
26952,287520, 99.17, 93.83, 0.951, 0.965, 0.120697, 0.018378,1,1,0, 0.096664, 0.059629, 0.093847, 0.057580, 99.17, 0.951, 49.58, 0.815, 39.47, 0.806, 65.57, 0.683
26953,287530, 99.17, 96.07, 0.950, 0.964, 0.111101, 0.012879,1,1,0, 0.084559, 0.049765, 0.080989, 0.049157, 99.17, 0.950, 39.60, 0.928, 65.93, 0.922, 49.58, 0.890
26954,287541, 65.93, 97.37, 0.969, 0.974, 0.101604, 0.009025,1,1,0, 0.067198, 0.041861, 0.060936, 0.039423, 65.93, 0.969, 99.17, 0.964, 39.60, 0.956, 196.72, 0.954
26955,287552, 33.14, 70.40, 0.981, 0.986, 0.093148, 0.006324,1,1,0, 0.063760, 0.038987, 0.066975, 0.038540, 33.14, 0.981, 66.29, 0.962, 49.79, 0.957, 99.17, 0.953
26956,287562, 33.05, 54.71, 0.957, 0.969, 0.084405, 0.004432,1,1,0, 0.048738, 0.026338, 0.048595, 0.025782, 33.05, 0.957, 49.79, 0.954, 66.29, 0.943, 39.73, 0.938
26957,287573, 49.58, 52.56, 0.942, 0.958, 0.075944, 0.003106,1,1,0, 0.030580, 0.019387, 0.030243, 0.018731, 49.58, 0.942, 99.17, 0.931, 39.73, 0.927, 33.24, 0.921
26958,287584, 99.17, 72.13, 0.929, 0.949, 0.068528, 0.002176,1,1,0, 0.038985, 0.020830, 0.036797, 0.019706, 99.17, 0.929, 50.00, 0.899, 40.00, 0.885, 66.66, 0.880
26959,287594, 100.00, 69.84, 0.832, 0.866, 0.061112, 0.001525,1,1,0, 0.028655, 0.013437, 0.026085, 0.012034, 100.00, 0.832, 66.66, 0.813, 50.00, 0.798, 200.00, 0.784
26960,287605, 66.66, 68.50, 0.716, 0.795, 0.054680, 0.001068,1,1,0, 0.020073, 0.011740, 0.020588, 0.011587, 66.66, 0.716, 33.80, 0.666, 99.17, 0.609, 50.20, 0.525
26961,287616, 33.24, 53.69, 0.671, 0.691, 0.048533, 0.000749,1,1,0, 0.016220, 0.006719, 0.014311, 0.006589, 33.24, 0.671, 66.29, 0.523, 50.84, 0.500, 98.36, 0.358
26962,287626, 49.79, 52.05, 0.641, 0.687, 0.042878, 0.000524,1,1,0, 0.011622, 0.006017, 0.007353, 0.003740, 49.79, 0.641, 38.58, 0.268, 100.00, 0.218, 33.51, 0.187
26963,287637, 58.53, 52.05, 0.362, 0.618, 0.038810, 0.000367,1,1,0, 0.019859, 0.012207, 0.017207, 0.011172, 58.53, 0.362, 37.50, 0.332, 41.37, 0.305, 97.56, 0.269
26964,287648, 57.97, 54.54, 0.656, 0.676, 0.034791, 0.000257,1,1,0, 0.019318, 0.010559, 0.016795, 0.008251, 57.97, 0.656, 36.36, 0.135, 33.99, 0.060, 0.00, 0.000
26965,287658, 59.40, 56.58, 0.821, 0.856, 0.031590, 0.000180,1,1,0, 0.016032, 0.009968, 0.019821, 0.010427, 59.40, 0.821, 33.05, 0.454, 36.58, 0.363, 0.00, 0.000
26966,287669, 58.53, 57.40, 0.654, 0.727, 0.028230, 0.000126,1,1,0, 0.015944, 0.005986, 0.013828, 0.005728, 58.53, 0.654, 36.80, 0.435, 33.33, 0.266, 72.28, 0.207
26967,287680, 50.42, 57.40, 0.306, 0.654, 0.025085, 0.000088,1,1,0, 0.009617, 0.004706, 0.007441, 0.003596, 50.42, 0.306, 57.41, 0.275, 37.26, 0.244, 41.66, 0.233
26968,287690, 37.03, 57.40, 0.517, 0.589, 0.022946, 0.000062,1,1,0, 0.015673, 0.009967, 0.016146, 0.008925, 37.03, 0.517, 42.10, 0.386, 58.25, 0.356, 49.58, 0.197
26969,287701, 58.53, 57.87, 0.509, 0.568, 0.020597, 0.000043,1,1,0, 0.011474, 0.006331, 0.010897, 0.005012, 58.53, 0.509, 73.61, 0.294, 49.58, 0.251, 33.14, 0.248
26970,287712, 73.61, 59.02, 0.676, 0.641, 0.018877, 0.000030,1,1,0, 0.018688, 0.009408, 0.018898, 0.008541, 73.61, 0.676, 60.60, 0.593, 33.05, 0.581, 36.92, 0.487
26971,287722, 37.15, 49.83, 0.702, 0.718, 0.017128, 0.000021,1,1,0, 0.012024, 0.006017, 0.009677, 0.005370, 37.15, 0.702, 74.53, 0.544, 60.00, 0.209, 93.02, 0.170
26972,287733, 37.50, 44.65, 0.681, 0.696, 0.015546, 0.000014,1,1,0, 0.012739, 0.006521, 0.011646, 0.005486, 37.50, 0.681, 41.09, 0.568, 75.00, 0.481, 93.75, 0.167
26973,287744, 37.50, 41.65, 0.685, 0.700, 0.014169, 0.000010,1,1,0, 0.011950, 0.006264, 0.009323, 0.005385, 37.50, 0.685, 40.95, 0.498, 74.53, 0.477, 95.23, 0.397
26974,287754, 73.17, 54.88, 0.692, 0.709, 0.013100, 0.000007,1,1,0, 0.013455, 0.008430, 0.011909, 0.006439, 73.17, 0.692, 37.15, 0.686, 33.24, 0.539, 41.66, 0.453
26975,287765, 37.26, 47.48, 0.907, 0.925, 0.013736, 0.007408,1,1,0, 0.018565, 0.008605, 0.016643, 0.008404, 37.26, 0.907, 74.07, 0.729, 0.00, 0.000, 0.00, 0.000
26976,287776, 72.72, 58.08, 0.833, 0.852, 0.012624, 0.005191,1,1,0, 0.014354, 0.006583, 0.013099, 0.006000, 72.72, 0.833, 36.80, 0.784, 33.42, 0.610, 0.00, 0.000
26977,287786, 73.17, 64.42, 0.921, 0.940, 0.011515, 0.003638,1,1,0, 0.010778, 0.005144, 0.009350, 0.004471, 73.17, 0.921, 36.69, 0.877, 0.00, 0.000, 0.00, 0.000
26978,287797, 73.61, 68.28, 0.941, 0.958, 0.010522, 0.002549,1,1,0, 0.007859, 0.004055, 0.006136, 0.003992, 73.61, 0.941, 36.92, 0.900, 0.00, 0.000, 0.00, 0.000
26979,287808, 74.53, 70.90, 0.925, 0.946, 0.009781, 0.001786,1,1,0, 0.009662, 0.006428, 0.008948, 0.005169, 74.53, 0.925, 37.26, 0.888, 0.00, 0.000, 0.00, 0.000
26980,287818, 37.15, 56.73, 0.948, 0.963, 0.012818, 0.012291,1,1,0, 0.018748, 0.009715, 0.015726, 0.008973, 37.15, 0.948, 74.53, 0.933, 0.00, 0.000, 0.00, 0.000
26981,287829, 73.17, 63.63, 0.900, 0.919, 0.012182, 0.008613,1,1,0, 0.014232, 0.006906, 0.013560, 0.005914, 73.17, 0.900, 36.92, 0.876, 0.00, 0.000, 0.00, 0.000
26982,287840, 36.80, 52.36, 0.900, 0.920, 0.011424, 0.006036,1,1,0, 0.014315, 0.007518, 0.011162, 0.006595, 36.80, 0.900, 73.17, 0.885, 0.00, 0.000, 0.00, 0.000
26983,287850, 74.07, 61.48, 0.902, 0.921, 0.010474, 0.004230,1,1,0, 0.008016, 0.003605, 0.005994, 0.004070, 74.07, 0.902, 37.15, 0.881, 0.00, 0.000, 0.00, 0.000
26984,287861, 37.15, 51.26, 0.888, 0.906, 0.010561, 0.004181,1,1,0, 0.013137, 0.007800, 0.012028, 0.006805, 37.15, 0.888, 74.07, 0.804, 0.00, 0.000, 0.00, 0.000
26985,287872, 74.07, 60.84, 0.855, 0.874, 0.011703, 0.008385,1,1,0, 0.014027, 0.008863, 0.013618, 0.008069, 74.07, 0.855, 37.15, 0.854, 0.00, 0.000, 0.00, 0.000
26986,287882, 36.92, 50.79, 0.916, 0.935, 0.012329, 0.008599,1,1,0, 0.015894, 0.008079, 0.014801, 0.006784, 36.92, 0.916, 73.61, 0.821, 0.00, 0.000, 0.00, 0.000
26987,287893, 73.17, 60.19, 0.879, 0.898, 0.011321, 0.006026,1,1,0, 0.011623, 0.005054, 0.009844, 0.004901, 73.17, 0.879, 36.80, 0.818, 0.00, 0.000, 0.00, 0.000
26988,287904, 37.03, 50.46, 0.880, 0.899, 0.010475, 0.004222,1,1,0, 0.011617, 0.006277, 0.010215, 0.005211, 37.03, 0.880, 74.07, 0.831, 0.00, 0.000, 0.00, 0.000
26989,287914, 36.80, 44.73, 0.924, 0.943, 0.010402, 0.003424,1,1,0, 0.012643, 0.006966, 0.011954, 0.006479, 36.80, 0.924, 73.61, 0.822, 0.00, 0.000, 0.00, 0.000
26990,287925, 37.38, 41.64, 0.888, 0.906, 0.011347, 0.007584,1,1,0, 0.014560, 0.007888, 0.012851, 0.007036, 37.38, 0.888, 74.53, 0.765, 0.00, 0.000, 0.00, 0.000
26991,287936, 37.03, 39.70, 0.970, 0.979, 0.013083, 0.011184,1,1,0, 0.017900, 0.010390, 0.015695, 0.008204, 37.03, 0.970, 73.17, 0.673, 0.00, 0.000, 0.00, 0.000
26992,287946, 37.03, 38.58, 0.840, 0.885, 0.011990, 0.007837,1,1,0, 0.009186, 0.004563, 0.011803, 0.005586, 37.03, 0.840, 74.07, 0.690, 0.00, 0.000, 0.00, 0.000
26993,287957, 36.58, 37.74, 0.824, 0.873, 0.011070, 0.005492,1,1,0, 0.009160, 0.006081, 0.009599, 0.005187, 36.58, 0.824, 73.61, 0.672, 0.00, 0.000, 0.00, 0.000
26994,287968, 37.38, 37.59, 0.883, 0.916, 0.010408, 0.003849,1,1,0, 0.012001, 0.007106, 0.009705, 0.006303, 37.38, 0.883, 75.47, 0.754, 0.00, 0.000, 0.00, 0.000
26995,287978, 74.53, 53.10, 0.896, 0.915, 0.010818, 0.007262,1,1,0, 0.014257, 0.007125, 0.012543, 0.006690, 74.53, 0.896, 37.38, 0.850, 0.00, 0.000, 0.00, 0.000
26996,287989, 74.07, 61.91, 0.902, 0.922, 0.011557, 0.008971,1,1,0, 0.017180, 0.008922, 0.013848, 0.007216, 74.07, 0.902, 37.03, 0.874, 0.00, 0.000, 0.00, 0.000
26997,288000, 36.47, 51.22, 0.886, 0.905, 0.010741, 0.006286,1,1,0, 0.012255, 0.006438, 0.009651, 0.006109, 36.47, 0.886, 73.17, 0.786, 0.00, 0.000, 0.00, 0.000
26998,288010, 36.58, 45.07, 0.823, 0.841, 0.009783, 0.004405,1,1,0, 0.008998, 0.004303, 0.009690, 0.004100, 36.58, 0.823, 73.17, 0.692, 60.91, 0.420, 33.51, 0.282
26999,288021, 37.73, 41.99, 0.872, 0.889, 0.010194, 0.003991,1,1,0, 0.012960, 0.007993, 0.011211, 0.006832, 37.73, 0.872, 74.07, 0.654, 0.00, 0.000, 0.00, 0.000
27000,288032, 37.61, 40.15, 0.840, 0.881, 0.009577, 0.002796,1,1,0, 0.012422, 0.006825, 0.010097, 0.005915, 37.61, 0.840, 74.53, 0.682, 0.00, 0.000, 0.00, 0.000
27001,288042, 36.80, 38.75, 0.875, 0.910, 0.009094, 0.001960,1,1,0, 0.014330, 0.007672, 0.009231, 0.006162, 36.80, 0.875, 73.61, 0.861, 0.00, 0.000, 0.00, 0.000
27002,288053, 72.72, 53.02, 0.911, 0.931, 0.009044, 0.002787,1,1,0, 0.008975, 0.005444, 0.010177, 0.005504, 72.72, 0.911, 36.14, 0.898, 0.00, 0.000, 0.00, 0.000
27003,288064, 74.07, 61.86, 0.884, 0.904, 0.010063, 0.006553,1,1,0, 0.015452, 0.007526, 0.012577, 0.006692, 74.07, 0.884, 36.92, 0.842, 0.00, 0.000, 0.00, 0.000
27004,288074, 37.61, 51.68, 0.941, 0.957, 0.009520, 0.004592,1,1,0, 0.011322, 0.006346, 0.009957, 0.005386, 37.61, 0.941, 75.00, 0.847, 0.00, 0.000, 0.00, 0.000
27005,288085, 38.21, 46.02, 0.889, 0.908, 0.010465, 0.005189,1,1,0, 0.017865, 0.009985, 0.011690, 0.007519, 38.21, 0.889, 75.47, 0.773, 0.00, 0.000, 0.00, 0.000
27006,288096, 37.38, 42.39, 0.884, 0.903, 0.009830, 0.003637,1,1,0, 0.010540, 0.005474, 0.009654, 0.006088, 37.38, 0.884, 73.61, 0.778, 0.00, 0.000, 0.00, 0.000
27007,288106, 33.33, 38.58, 0.769, 0.776, 0.017267, 0.024945,1,1,0, 0.047547, 0.021081, 0.024402, 0.012213, 33.33, 0.769, 66.66, 0.635, 0.00, 0.000, 0.00, 0.000
27008,288117, 151.89, 117.90, 0.542, 0.545, 0.236022, 0.708082,1,1,1, 0.430200, 0.160241, 0.374733, 0.135037, 151.89, 0.542, 48.58, 0.259, 41.95, 0.149, 0.00, 0.000
27009,288128, 218.18, 188.09, 0.633, 0.637, 0.352406, 0.496209,1,1,0, 0.445109, 0.274141, 0.456277, 0.270939, 218.18, 0.633, 62.17, 0.491, 108.10, 0.368, 30.22, 0.252
27010,288138, 222.22, 211.98, 0.799, 0.855, 0.353232, 0.347733,1,1,0, 0.405336, 0.267491, 0.375553, 0.260656, 222.22, 0.799, 111.11, 0.678, 74.53, 0.538, 40.67, 0.406
27011,288149, 222.22, 219.15, 0.859, 0.898, 0.349094, 0.243684,1,1,0, 0.405901, 0.258071, 0.382790, 0.250643, 222.22, 0.859, 111.11, 0.786, 74.53, 0.772, 55.81, 0.720
27012,288160, 226.41, 224.23, 0.994, 0.996, 0.347257, 0.170768,1,1,0, 0.402509, 0.263740, 0.381148, 0.255516, 226.41, 0.994, 112.14, 0.994, 56.07, 0.992, 74.53, 0.991
27013,288170, 37.38, 145.77, 0.999, 0.999, 0.342542, 0.119671,1,1,0, 0.396318, 0.256056, 0.373015, 0.249747, 37.38, 0.999, 56.07, 0.999, 112.14, 0.998, 75.00, 0.998
27014,288181, 37.38, 69.90, 0.999, 0.999, 0.335789, 0.107370,1,1,0, 0.390717, 0.244462, 0.366497, 0.236078, 37.38, 0.999, 112.14, 0.998, 56.07, 0.998, 32.08, 0.998
27015,288192, 37.38, 47.13, 0.999, 0.999, 0.329192, 0.076209,1,1,0, 0.391009, 0.243257, 0.367698, 0.236552, 37.38, 0.999, 112.14, 0.999, 56.07, 0.998, 75.00, 0.998
27016,288202, 37.38, 45.60, 0.999, 0.998, 0.324731, 0.076541,1,1,0, 0.380847, 0.238788, 0.357690, 0.232279, 37.38, 0.999, 112.14, 0.999, 56.07, 0.998, 75.00, 0.998
27017,288213, 37.38, 45.14, 0.999, 0.998, 0.324569, 0.086859,1,1,0, 0.372601, 0.244419, 0.353936, 0.236166, 37.38, 0.999, 56.07, 0.999, 112.14, 0.998, 75.00, 0.998
27018,288224, 37.38, 41.88, 0.999, 0.999, 0.319492, 0.087434,1,1,0, 0.365912, 0.236365, 0.347039, 0.230966, 37.38, 0.999, 56.07, 0.999, 112.14, 0.998, 75.00, 0.998
27019,288234, 37.38, 39.99, 0.999, 0.999, 0.311561, 0.061392,1,1,0, 0.353913, 0.225413, 0.333745, 0.217975, 37.38, 0.999, 56.07, 0.999, 112.14, 0.998, 32.08, 0.998
27020,288245, 37.38, 38.89, 0.999, 0.999, 0.309045, 0.072722,1,1,0, 0.363911, 0.229639, 0.344309, 0.223032, 37.38, 0.999, 112.14, 0.999, 56.07, 0.998, 75.00, 0.998
27021,288256, 37.38, 38.26, 0.999, 0.999, 0.306760, 0.078161,1,1,0, 0.355378, 0.228451, 0.338937, 0.222327, 37.38, 0.999, 112.14, 0.999, 56.07, 0.999, 75.00, 0.998
27022,288266, 37.38, 37.89, 0.999, 0.999, 0.306223, 0.080723,1,1,0, 0.350774, 0.229515, 0.332704, 0.221710, 37.38, 0.999, 56.07, 0.999, 112.14, 0.998, 75.00, 0.998
27023,288277, 37.38, 37.67, 0.999, 0.999, 0.299243, 0.072336,1,1,0, 0.335630, 0.219999, 0.322330, 0.214990, 37.38, 0.999, 56.07, 0.998, 112.14, 0.998, 75.00, 0.998
27024,288288, 37.38, 37.55, 0.999, 0.999, 0.292525, 0.057068,1,1,0, 0.339288, 0.211829, 0.320134, 0.205189, 37.38, 0.999, 56.07, 0.998, 112.14, 0.998, 32.08, 0.998
27025,288298, 37.38, 37.48, 0.999, 0.999, 0.289563, 0.059839,1,1,0, 0.337391, 0.216231, 0.319730, 0.209882, 37.38, 0.999, 112.14, 0.998, 56.07, 0.998, 75.00, 0.998
27026,288309, 37.38, 37.44, 0.999, 0.999, 0.287050, 0.071125,1,1,0, 0.329711, 0.215414, 0.316625, 0.209740, 37.38, 0.999, 56.07, 0.998, 112.14, 0.998, 75.00, 0.998
27027,288320, 37.38, 37.41, 0.999, 0.999, 0.285536, 0.079169,1,1,0, 0.325092, 0.213936, 0.306485, 0.206676, 37.38, 0.999, 56.07, 0.999, 112.14, 0.998, 75.00, 0.998
27028,288330, 37.38, 37.40, 0.999, 0.999, 0.278808, 0.074910,1,1,0, 0.313297, 0.204812, 0.302163, 0.199984, 37.38, 0.999, 56.07, 0.998, 112.14, 0.998, 74.53, 0.998
27029,288341, 37.38, 37.39, 0.999, 0.999, 0.272323, 0.054936,1,1,0, 0.315374, 0.197919, 0.298283, 0.191911, 37.38, 0.999, 56.07, 0.998, 112.14, 0.998, 75.00, 0.998
27030,288352, 37.38, 37.38, 0.999, 0.999, 0.269371, 0.053482,1,1,0, 0.306333, 0.202692, 0.291017, 0.196777, 37.38, 0.999, 112.14, 0.999, 56.07, 0.998, 75.00, 0.998
27031,288362, 37.38, 37.38, 0.999, 0.999, 0.266366, 0.066765,1,1,0, 0.306479, 0.200577, 0.289097, 0.195360, 37.38, 0.999, 112.14, 0.998, 56.07, 0.998, 75.00, 0.998
27032,288373, 37.38, 37.38, 0.999, 0.999, 0.263723, 0.071389,1,1,0, 0.295043, 0.196665, 0.282315, 0.189997, 37.38, 0.999, 56.07, 0.998, 112.14, 0.998, 75.00, 0.998
27033,288384, 37.38, 37.38, 0.999, 0.999, 0.256592, 0.054387,1,1,0, 0.283361, 0.188582, 0.274033, 0.183938, 37.38, 0.999, 56.07, 0.998, 112.14, 0.998, 75.00, 0.998
27034,288394, 37.38, 37.38, 0.999, 0.999, 0.249407, 0.048117,1,1,0, 0.289196, 0.182887, 0.273967, 0.177323, 37.38, 0.999, 56.07, 0.998, 112.14, 0.998, 75.00, 0.998
27035,288405, 37.38, 37.38, 0.999, 0.999, 0.246532, 0.057835,1,1,0, 0.281732, 0.186433, 0.269253, 0.181043, 37.38, 0.999, 112.14, 0.998, 75.00, 0.998, 56.07, 0.998
27036,288416, 37.38, 37.38, 0.999, 0.999, 0.242586, 0.053237,1,1,0, 0.276953, 0.183212, 0.260723, 0.178526, 37.38, 0.999, 112.14, 0.998, 56.07, 0.998, 75.00, 0.998
27037,288426, 37.38, 37.38, 0.999, 0.999, 0.239956, 0.066051,1,1,0, 0.269218, 0.177115, 0.256967, 0.171096, 37.38, 0.999, 75.00, 0.998, 56.07, 0.998, 112.14, 0.997
27038,288437, 37.38, 37.38, 0.999, 0.999, 0.232610, 0.046287,1,1,0, 0.257667, 0.171191, 0.246592, 0.166857, 37.38, 0.999, 56.07, 0.998, 75.00, 0.998, 32.08, 0.997
27039,288448, 37.38, 37.38, 0.999, 0.999, 0.224615, 0.038692,1,1,0, 0.258847, 0.165827, 0.246241, 0.160773, 37.38, 0.999, 75.00, 0.998, 56.07, 0.997, 112.14, 0.997
27040,288458, 37.38, 37.38, 0.999, 0.999, 0.223302, 0.052864,1,1,0, 0.256845, 0.169714, 0.244347, 0.164862, 37.38, 0.999, 75.00, 0.998, 112.14, 0.998, 56.07, 0.998
27041,288469, 37.38, 37.38, 0.999, 0.999, 0.220240, 0.066888,1,1,0, 0.254749, 0.165367, 0.241017, 0.161264, 37.38, 0.999, 56.07, 0.998, 112.14, 0.998, 75.00, 0.998
27042,288480, 37.38, 37.38, 0.999, 0.999, 0.215852, 0.070776,1,1,0, 0.246282, 0.157355, 0.235001, 0.152056, 37.38, 0.999, 75.00, 0.998, 56.07, 0.998, 32.08, 0.997
27043,288490, 37.38, 37.38, 0.999, 0.999, 0.209420, 0.049598,1,1,0, 0.243788, 0.154352, 0.232792, 0.150422, 37.38, 0.999, 75.00, 0.998, 56.07, 0.998, 32.08, 0.997
27044,288501, 37.38, 37.38, 0.999, 0.999, 0.203239, 0.035631,1,1,0, 0.231585, 0.151073, 0.221985, 0.146537, 37.38, 0.999, 75.00, 0.998, 56.07, 0.997, 112.14, 0.997
27045,288512, 37.38, 37.38, 0.999, 0.999, 0.202080, 0.056661,1,1,0, 0.237004, 0.153008, 0.224160, 0.148591, 37.38, 0.999, 75.00, 0.998, 56.07, 0.997, 112.14, 0.997
27046,288522, 37.38, 37.38, 0.999, 0.999, 0.200848, 0.072408,1,1,0, 0.232359, 0.149471, 0.222709, 0.145810, 37.38, 0.999, 75.00, 0.998, 56.07, 0.997, 112.14, 0.997
27047,288533, 37.38, 37.38, 0.999, 0.999, 0.194807, 0.066492,1,1,0, 0.225162, 0.141449, 0.213824, 0.136631, 37.38, 0.999, 75.00, 0.998, 32.08, 0.998, 56.07, 0.997
27048,288544, 37.38, 37.38, 0.999, 0.999, 0.189580, 0.047341,1,1,0, 0.226001, 0.140674, 0.214765, 0.137073, 37.38, 0.999, 75.00, 0.998, 32.08, 0.997, 56.07, 0.997
27049,288554, 37.38, 37.38, 0.999, 0.999, 0.186513, 0.051690,1,1,0, 0.217760, 0.140413, 0.209673, 0.136251, 37.38, 0.999, 75.00, 0.998, 56.07, 0.997, 112.14, 0.997
27050,288565, 37.38, 37.38, 0.999, 0.999, 0.184970, 0.047358,1,1,0, 0.213985, 0.140529, 0.203406, 0.136377, 37.38, 0.999, 75.00, 0.998, 56.07, 0.997, 112.14, 0.997
27051,288576, 37.38, 37.38, 0.999, 0.999, 0.185442, 0.075029,1,1,0, 0.216026, 0.137302, 0.207626, 0.133890, 37.38, 0.999, 75.00, 0.997, 56.07, 0.997, 112.14, 0.997
27052,288586, 37.38, 37.38, 0.999, 0.999, 0.177686, 0.052579,1,1,0, 0.198799, 0.130095, 0.188617, 0.125703, 37.38, 0.999, 74.53, 0.998, 56.07, 0.997, 32.00, 0.997
27053,288597, 37.38, 37.38, 0.999, 0.999, 0.175956, 0.051611,1,1,0, 0.209895, 0.132016, 0.201435, 0.128599, 37.38, 0.999, 74.53, 0.998, 32.00, 0.998, 56.07, 0.997
27054,288608, 74.53, 37.38, 0.998, 0.999, 0.175406, 0.053290,1,1,0, 0.203582, 0.134120, 0.196745, 0.130206, 74.53, 0.998, 37.38, 0.998, 56.07, 0.996, 112.14, 0.996
27055,288618, 74.53, 52.98, 0.999, 0.999, 0.173751, 0.043778,1,1,0, 0.197774, 0.131101, 0.189005, 0.127052, 74.53, 0.999, 37.38, 0.998, 32.00, 0.998, 44.77, 0.997
27056,288629, 74.53, 54.28, 0.998, 0.997, 0.174632, 0.077143,1,1,0, 0.204010, 0.128068, 0.196922, 0.124878, 74.53, 0.998, 37.38, 0.998, 44.77, 0.996, 112.14, 0.996
27057,288640, 74.53, 55.03, 0.998, 0.997, 0.168356, 0.054060,1,1,0, 0.187285, 0.124206, 0.177141, 0.120011, 74.53, 0.998, 37.38, 0.997, 32.00, 0.996, 44.77, 0.996
27058,288650, 74.53, 55.47, 0.998, 0.996, 0.167509, 0.042826,1,1,0, 0.192231, 0.126866, 0.188073, 0.123640, 74.53, 0.998, 32.00, 0.998, 37.26, 0.997, 44.77, 0.996
27059,288661, 74.53, 55.72, 0.999, 0.996, 0.166881, 0.049936,1,1,0, 0.193855, 0.128572, 0.186558, 0.124817, 74.53, 0.999, 37.26, 0.998, 56.07, 0.995, 44.77, 0.995
27060,288672, 74.53, 63.62, 0.999, 0.999, 0.166368, 0.058117,1,1,0, 0.191078, 0.123565, 0.185334, 0.119755, 74.53, 0.999, 37.26, 0.998, 44.77, 0.997, 222.22, 0.996
27061,288682, 74.53, 68.20, 0.999, 0.999, 0.165211, 0.057459,1,1,0, 0.188115, 0.121364, 0.182210, 0.118224, 74.53, 0.999, 37.26, 0.999, 44.77, 0.996, 112.14, 0.996
27062,288693, 74.53, 70.86, 0.999, 0.999, 0.160858, 0.040266,1,1,0, 0.184406, 0.120199, 0.173715, 0.116250, 74.53, 0.999, 37.26, 0.998, 32.00, 0.996, 44.77, 0.996
27063,288704, 37.26, 72.40, 0.999, 0.999, 0.160529, 0.037830,1,1,0, 0.181886, 0.122476, 0.177849, 0.119310, 37.26, 0.999, 74.53, 0.999, 32.00, 0.997, 44.77, 0.996
27064,288714, 37.26, 73.29, 0.999, 0.999, 0.159428, 0.040770,1,1,0, 0.180472, 0.121551, 0.175287, 0.118058, 37.26, 0.999, 74.53, 0.999, 32.00, 0.995, 55.81, 0.995
27065,288725, 37.26, 73.81, 0.999, 0.999, 0.158164, 0.048852,1,1,0, 0.179400, 0.115482, 0.174420, 0.112017, 37.26, 0.999, 74.53, 0.999, 222.22, 0.996, 55.81, 0.996
27066,288736, 74.53, 74.11, 0.999, 0.999, 0.156971, 0.049690,1,1,0, 0.179435, 0.116582, 0.171667, 0.113431, 74.53, 0.999, 37.26, 0.999, 44.77, 0.996, 112.14, 0.996
27067,288746, 74.53, 74.29, 0.999, 0.999, 0.152942, 0.034821,1,1,0, 0.175495, 0.116286, 0.165105, 0.112501, 74.53, 0.999, 37.26, 0.999, 44.77, 0.995, 112.14, 0.995
27068,288757, 74.53, 74.39, 0.999, 0.999, 0.153235, 0.036215,1,1,0, 0.173095, 0.116572, 0.168719, 0.113562, 74.53, 0.999, 37.26, 0.999, 31.91, 0.996, 44.77, 0.995
27069,288768, 74.53, 74.45, 0.999, 0.999, 0.148560, 0.025379,1,1,0, 0.160734, 0.109546, 0.157892, 0.106525, 74.53, 0.999, 37.26, 0.997, 31.91, 0.997, 55.81, 0.996
27070,288778, 222.22, 74.29, 0.993, 0.992, 0.139861, 0.017785,1,1,0, 0.154209, 0.090229, 0.150750, 0.088513, 222.22, 0.993, 111.11, 0.989, 74.07, 0.989, 37.15, 0.987
27071,288789, 222.22, 136.42, 0.991, 0.993, 0.130017, 0.012463,1,1,0, 0.112500, 0.069572, 0.108943, 0.067896, 222.22, 0.991, 111.11, 0.982, 31.57, 0.976, 73.61, 0.975
27072,288800, 218.18, 170.76, 0.984, 0.988, 0.117702, 0.008734,1,1,0, 0.059407, 0.036321, 0.058398, 0.035632, 218.18, 0.984, 110.09, 0.977, 73.17, 0.976, 31.25, 0.967
27073,288810, 72.72, 190.67, 0.982, 0.985, 0.105022, 0.006120,1,1,0, 0.039294, 0.019023, 0.035327, 0.018756, 72.72, 0.982, 218.18, 0.979, 109.09, 0.972, 36.36, 0.964
27074,288821, 73.17, 141.32, 0.974, 0.981, 0.092779, 0.004289,1,1,0, 0.017582, 0.008807, 0.014211, 0.008231, 73.17, 0.974, 218.18, 0.963, 109.09, 0.945, 36.69, 0.924
27075,288832, 74.07, 113.07, 0.910, 0.935, 0.081975, 0.003005,1,1,0, 0.017639, 0.008686, 0.015454, 0.007790, 74.07, 0.910, 222.22, 0.882, 110.09, 0.843, 55.55, 0.731
27076,288842, 75.00, 81.43, 0.840, 0.818, 0.072450, 0.002106,1,1,0, 0.013458, 0.007509, 0.015232, 0.007182, 75.00, 0.840, 37.73, 0.792, 230.76, 0.645, 111.11, 0.567
27077,288853, 74.53, 78.53, 0.810, 0.861, 0.064338, 0.001476,1,1,0, 0.015828, 0.009432, 0.015441, 0.008399, 74.53, 0.810, 37.38, 0.785, 56.87, 0.264, 111.11, 0.157
27078,288864, 73.61, 76.47, 0.877, 0.911, 0.057003, 0.001034,1,1,0, 0.013964, 0.007558, 0.010802, 0.006140, 73.61, 0.877, 37.03, 0.822, 32.69, 0.400, 57.97, 0.197
27079,288874, 36.92, 59.86, 0.858, 0.877, 0.050505, 0.000724,1,1,0, 0.010867, 0.006301, 0.010045, 0.005712, 36.92, 0.858, 73.61, 0.811, 31.91, 0.345, 58.53, 0.211
27080,288885, 37.15, 50.32, 0.887, 0.906, 0.045160, 0.000508,1,1,0, 0.018799, 0.010663, 0.016764, 0.008848, 37.15, 0.887, 74.07, 0.834, 0.00, 0.000, 0.00, 0.000
27081,288896, 74.07, 60.29, 0.833, 0.851, 0.040166, 0.000356,1,1,0, 0.014698, 0.007574, 0.012608, 0.006456, 74.07, 0.833, 37.26, 0.773, 42.40, 0.168, 32.34, 0.003
27082,288906, 74.53, 66.27, 0.901, 0.920, 0.035849, 0.000249,1,1,0, 0.012713, 0.007341, 0.013057, 0.006756, 74.53, 0.901, 37.26, 0.765, 0.00, 0.000, 0.00, 0.000
27083,288917, 36.69, 53.85, 0.936, 0.954, 0.032036, 0.000174,1,1,0, 0.010413, 0.006348, 0.011556, 0.005951, 36.69, 0.936, 73.61, 0.856, 32.43, 0.271, 0.00, 0.000
27084,288928, 36.58, 46.60, 0.909, 0.928, 0.028548, 0.000122,1,1,0, 0.010738, 0.006034, 0.008483, 0.004637, 36.58, 0.909, 73.17, 0.831, 31.57, 0.353, 56.87, 0.184
27085,288938, 74.53, 58.33, 0.881, 0.901, 0.025721, 0.000085,1,1,0, 0.014191, 0.007448, 0.014924, 0.007394, 74.53, 0.881, 37.26, 0.866, 43.47, 0.167, 105.26, 0.015
27086,288949, 75.00, 65.33, 0.868, 0.887, 0.023040, 0.000060,1,1,0, 0.010384, 0.006302, 0.009692, 0.005034, 75.00, 0.868, 37.38, 0.864, 43.79, 0.210, 32.08, 0.021
27087,288960, 36.80, 53.35, 0.957, 0.969, 0.021145, 0.000042,1,1,0, 0.012794, 0.009076, 0.014834, 0.008558, 36.80, 0.957, 73.61, 0.849, 99.17, 0.038, 0.00, 0.000
27088,288970, 36.58, 46.31, 0.935, 0.953, 0.019220, 0.000029,1,1,0, 0.012191, 0.007282, 0.010697, 0.006264, 36.58, 0.935, 73.17, 0.860, 32.96, 0.518, 59.11, 0.218
27089,288981, 36.69, 42.27, 0.908, 0.928, 0.017384, 0.000020,1,1,0, 0.009842, 0.005635, 0.007807, 0.004995, 36.69, 0.908, 73.17, 0.851, 0.00, 0.000, 0.00, 0.000
27090,288992, 37.26, 40.17, 0.923, 0.945, 0.016070, 0.000014,1,1,0, 0.016326, 0.009054, 0.016143, 0.008501, 37.26, 0.923, 74.53, 0.772, 0.00, 0.000, 0.00, 0.000
27091,289002, 37.50, 39.04, 0.850, 0.892, 0.014704, 0.000010,1,1,0, 0.011269, 0.007542, 0.012801, 0.006269, 37.50, 0.850, 74.53, 0.771, 41.81, 0.445, 0.00, 0.000
27092,289013, 36.92, 38.15, 0.962, 0.972, 0.013688, 0.000007,1,1,0, 0.012549, 0.007634, 0.013653, 0.007365, 36.92, 0.962, 73.17, 0.806, 0.00, 0.000, 0.00, 0.000
27093,289024, 36.69, 37.54, 0.942, 0.958, 0.012564, 0.000004,1,1,0, 0.009667, 0.006482, 0.010100, 0.005270, 36.69, 0.942, 73.61, 0.887, 32.69, 0.434, 59.40, 0.282
27094,289034, 73.61, 52.69, 0.926, 0.946, 0.011564, 0.000003,1,1,0, 0.009053, 0.004931, 0.008826, 0.005044, 73.61, 0.926, 36.80, 0.925, 0.00, 0.000, 0.00, 0.000
27095,289045, 37.15, 46.16, 0.940, 0.957, 0.010906, 0.002038,1,1,0, 0.012821, 0.006785, 0.012157, 0.006170, 37.15, 0.940, 74.53, 0.877, 0.00, 0.000, 0.00, 0.000
27096,289056, 37.38, 42.47, 0.911, 0.930, 0.011480, 0.007287,1,1,0, 0.012396, 0.007894, 0.013686, 0.006704, 37.38, 0.911, 74.53, 0.884, 42.25, 0.373, 0.00, 0.000
27097,289066, 36.80, 40.09, 0.917, 0.940, 0.010858, 0.005107,1,1,0, 0.014442, 0.007686, 0.010701, 0.007085, 36.80, 0.917, 73.61, 0.841, 0.00, 0.000, 0.00, 0.000
27098,289077, 36.58, 38.62, 0.877, 0.911, 0.010263, 0.003579,1,1,0, 0.010448, 0.007093, 0.011040, 0.005992, 36.58, 0.877, 73.61, 0.834, 32.43, 0.397, 57.97, 0.315
27099,289088, 36.92, 37.90, 0.972, 0.980, 0.009623, 0.002508,1,1,0, 0.009439, 0.005680, 0.010270, 0.005725, 36.92, 0.972, 74.07, 0.860, 0.00, 0.000, 0.00, 0.000
27100,289098, 37.50, 37.73, 0.904, 0.931, 0.010760, 0.008495,1,1,0, 0.012512, 0.007668, 0.013417, 0.006941, 37.50, 0.904, 75.00, 0.852, 0.00, 0.000, 0.00, 0.000
27101,289109, 37.50, 37.63, 0.887, 0.919, 0.011719, 0.009329,1,1,0, 0.014609, 0.008040, 0.014290, 0.006818, 37.50, 0.887, 74.53, 0.872, 0.00, 0.000, 0.00, 0.000
27102,289120, 37.03, 37.38, 0.969, 0.978, 0.012275, 0.007456,1,1,0, 0.014883, 0.009284, 0.014001, 0.008546, 37.03, 0.969, 73.61, 0.831, 0.00, 0.000, 0.00, 0.000
27103,289130, 36.69, 37.09, 0.908, 0.934, 0.011383, 0.005225,1,1,0, 0.011392, 0.006226, 0.009858, 0.005526, 36.69, 0.908, 73.17, 0.838, 0.00, 0.000, 0.00, 0.000
27104,289141, 37.38, 37.21, 0.864, 0.902, 0.012092, 0.007249,1,1,0, 0.017785, 0.009599, 0.013678, 0.007512, 37.38, 0.864, 74.53, 0.792, 0.00, 0.000, 0.00, 0.000
27105,289152, 77.92, 54.31, 0.622, 0.638, 0.027470, 0.075295,1,1,0, 0.070490, 0.023753, 0.045734, 0.014359, 77.92, 0.622, 39.21, 0.507, 33.80, 0.019, 0.00, 0.000
27106,289162, 36.80, 42.06, 0.604, 0.625, 0.173663, 0.511947,1,1,1, 0.310674, 0.120674, 0.282148, 0.103671, 36.80, 0.604, 85.71, 0.367, 184.61, 0.181, 43.01, 0.065
27107,289173, 95.23, 38.07, 0.530, 0.557, 0.198162, 0.358762,1,1,0, 0.266696, 0.114905, 0.246108, 0.113671, 95.23, 0.530, 36.36, 0.509, 62.50, 0.422, 42.70, 0.325
27108,289184, 97.56, 79.71, 0.693, 0.703, 0.203126, 0.251413,1,1,0, 0.265283, 0.114218, 0.238705, 0.109671, 97.56, 0.693, 48.58, 0.515, 38.33, 0.479, 64.51, 0.081
27109,289194, 98.36, 92.76, 0.878, 0.912, 0.212619, 0.176185,1,1,0, 0.268063, 0.120908, 0.262838, 0.115512, 98.36, 0.878, 49.18, 0.853, 32.60, 0.799, 39.08, 0.117
27110,289205, 99.17, 97.25, 0.990, 0.993, 0.209420, 0.123467,1,1,0, 0.275355, 0.117044, 0.249033, 0.111946, 99.17, 0.990, 32.96, 0.988, 49.58, 0.984, 66.29, 0.068
27111,289216, 99.17, 98.59, 0.993, 0.995, 0.204035, 0.086523,1,1,0, 0.278141, 0.115037, 0.234665, 0.109638, 99.17, 0.993, 32.96, 0.992, 49.38, 0.987, 200.00, 0.070
27112,289226, 99.17, 99.00, 0.993, 0.995, 0.201861, 0.094597,1,1,0, 0.279148, 0.115030, 0.242616, 0.110570, 99.17, 0.993, 49.38, 0.988, 32.87, 0.985, 40.13, 0.071
27113,289237, 99.17, 99.12, 0.992, 0.994, 0.207432, 0.115846,1,1,0, 0.274155, 0.120186, 0.255382, 0.115368, 99.17, 0.992, 32.96, 0.991, 49.38, 0.987, 64.86, 0.043
27114,289248, 99.17, 99.15, 0.993, 0.995, 0.210257, 0.128039,1,1,0, 0.271497, 0.122795, 0.265384, 0.116628, 99.17, 0.993, 32.96, 0.990, 49.58, 0.985, 39.34, 0.052
27115,289258, 32.96, 52.82, 0.996, 0.997, 0.202529, 0.089727,1,1,0, 0.266907, 0.120235, 0.238074, 0.114214, 32.96, 0.996, 99.17, 0.992, 49.58, 0.988, 40.00, 0.091
27116,289269, 99.17, 72.29, 0.994, 0.995, 0.207090, 0.119554,1,1,0, 0.276568, 0.127598, 0.238618, 0.119669, 99.17, 0.994, 49.38, 0.991, 32.96, 0.990, 39.86, 0.076
27117,289280, 32.87, 55.73, 0.996, 0.997, 0.212823, 0.108163,1,1,0, 0.284979, 0.131165, 0.249240, 0.122325, 32.87, 0.996, 99.17, 0.993, 49.38, 0.992, 196.72, 0.074
27118,289290, 32.96, 53.06, 0.997, 0.996, 0.214833, 0.103796,1,1,0, 0.272493, 0.121268, 0.259649, 0.117601, 32.96, 0.997, 99.17, 0.995, 49.38, 0.995, 65.93, 0.072
27119,289301, 32.96, 72.43, 0.998, 0.996, 0.210192, 0.094715,1,1,0, 0.267531, 0.118451, 0.236271, 0.115688, 32.96, 0.998, 99.17, 0.994, 49.38, 0.992, 40.40, 0.072
27120,289312, 32.96, 55.85, 0.997, 0.997, 0.223835, 0.137623,1,1,0, 0.280295, 0.128506, 0.258405, 0.125037, 32.96, 0.997, 99.17, 0.995, 49.38, 0.993, 39.86, 0.048
27121,289322, 32.96, 74.04, 0.997, 0.996, 0.228456, 0.137745,1,1,0, 0.282582, 0.130705, 0.263698, 0.126500, 32.96, 0.997, 99.17, 0.994, 49.38, 0.991, 64.51, 0.054
27122,289333, 32.96, 84.60, 0.996, 0.997, 0.222156, 0.096529,1,1,0, 0.285525, 0.119806, 0.244623, 0.115112, 32.96, 0.996, 99.17, 0.996, 49.38, 0.992, 190.47, 0.032
27123,289344, 99.17, 90.72, 0.994, 0.996, 0.214808, 0.076116,1,1,0, 0.267883, 0.114555, 0.236323, 0.109504, 99.17, 0.994, 32.96, 0.994, 49.38, 0.991, 40.13, 0.031
27124,289354, 32.96, 66.46, 0.995, 0.997, 0.217671, 0.112288,1,1,0, 0.275005, 0.119459, 0.251297, 0.114494, 32.96, 0.995, 99.17, 0.993, 49.38, 0.992, 39.34, 0.053
27125,289365, 32.96, 52.39, 0.996, 0.997, 0.220121, 0.118362,1,1,0, 0.280928, 0.121002, 0.256819, 0.116175, 32.96, 0.996, 99.17, 0.994, 49.38, 0.992, 38.83, 0.080
27126,289376, 32.96, 72.04, 0.996, 0.996, 0.215075, 0.088245,1,1,0, 0.281582, 0.118195, 0.245666, 0.113179, 32.96, 0.996, 99.17, 0.994, 49.58, 0.991, 39.86, 0.069
27127,289386, 99.17, 83.43, 0.996, 0.997, 0.209606, 0.088890,1,1,0, 0.283566, 0.116074, 0.244692, 0.111003, 99.17, 0.996, 49.38, 0.991, 32.96, 0.990, 40.40, 0.077
27128,289397, 32.96, 90.04, 0.994, 0.995, 0.211318, 0.098232,1,1,0, 0.279978, 0.119300, 0.248473, 0.114060, 32.96, 0.994, 99.17, 0.994, 49.38, 0.991, 39.08, 0.053
27129,289408, 99.17, 93.87, 0.994, 0.996, 0.216589, 0.103262,1,1,0, 0.295324, 0.124965, 0.255946, 0.119410, 99.17, 0.994, 32.96, 0.994, 49.38, 0.991, 38.83, 0.052
27130,289418, 32.96, 68.29, 0.997, 0.998, 0.209673, 0.078311,1,1,0, 0.278988, 0.117674, 0.245436, 0.112731, 32.96, 0.997, 99.17, 0.994, 49.58, 0.991, 40.13, 0.052
27131,289429, 99.17, 81.26, 0.995, 0.996, 0.202477, 0.074512,1,1,0, 0.273276, 0.113700, 0.239574, 0.109346, 99.17, 0.995, 32.96, 0.995, 49.38, 0.992, 67.79, 0.057
27132,289440, 32.96, 60.97, 0.996, 0.997, 0.205952, 0.093241,1,1,0, 0.274788, 0.120199, 0.248982, 0.115019, 32.96, 0.996, 99.17, 0.995, 49.38, 0.993, 200.00, 0.036
27133,289450, 32.96, 49.21, 0.997, 0.998, 0.210411, 0.090379,1,1,0, 0.283643, 0.128985, 0.254520, 0.122287, 32.96, 0.997, 99.17, 0.996, 49.38, 0.994, 39.60, 0.068
27134,289461, 32.96, 70.19, 0.994, 0.995, 0.212364, 0.105868,1,1,0, 0.286924, 0.130218, 0.251515, 0.123121, 32.96, 0.994, 99.17, 0.993, 49.38, 0.988, 40.26, 0.102
27135,289472, 32.96, 82.36, 0.995, 0.996, 0.213168, 0.132099,1,1,0, 0.281185, 0.127770, 0.245949, 0.119782, 32.96, 0.995, 99.17, 0.994, 49.38, 0.990, 40.40, 0.093
27136,289482, 32.96, 61.61, 0.998, 0.998, 0.213712, 0.116516,1,1,0, 0.281045, 0.121802, 0.244046, 0.115450, 32.96, 0.998, 99.17, 0.993, 49.38, 0.992, 200.00, 0.055
27137,289493, 99.17, 77.39, 0.996, 0.997, 0.219662, 0.116572,1,1,0, 0.285254, 0.128047, 0.251926, 0.124491, 99.17, 0.996, 32.96, 0.994, 49.38, 0.993, 38.70, 0.061
27138,289504, 32.96, 58.73, 0.997, 0.998, 0.216867, 0.096733,1,1,0, 0.273466, 0.124626, 0.242220, 0.122730, 32.96, 0.997, 99.17, 0.995, 49.38, 0.992, 41.09, 0.067
27139,289514, 32.96, 47.91, 0.998, 0.998, 0.216140, 0.091929,1,1,0, 0.268150, 0.121601, 0.239522, 0.118145, 32.96, 0.998, 99.17, 0.995, 49.38, 0.993, 40.67, 0.038
27140,289525, 32.96, 69.44, 0.997, 0.996, 0.218681, 0.112640,1,1,0, 0.281722, 0.121776, 0.244791, 0.117044, 32.96, 0.997, 99.17, 0.995, 49.38, 0.993, 38.46, 0.074
27141,289536, 32.96, 54.12, 0.998, 0.998, 0.215052, 0.104789,1,1,0, 0.277394, 0.116931, 0.245431, 0.112353, 32.96, 0.998, 99.17, 0.995, 49.38, 0.993, 38.58, 0.081
27142,289546, 99.17, 73.04, 0.995, 0.996, 0.208721, 0.097114,1,1,0, 0.268073, 0.113219, 0.240886, 0.108840, 99.17, 0.995, 32.96, 0.991, 49.38, 0.991, 66.66, 0.076
27143,289557, 32.96, 56.21, 0.995, 0.996, 0.207820, 0.081672,1,1,0, 0.264083, 0.115603, 0.234660, 0.110501, 32.96, 0.995, 99.17, 0.994, 49.38, 0.991, 65.21, 0.079
27144,289568, 99.17, 74.25, 0.994, 0.996, 0.212436, 0.115631,1,1,0, 0.282654, 0.121057, 0.246546, 0.115925, 99.17, 0.994, 32.96, 0.994, 49.38, 0.992, 38.46, 0.129
27145,289578, 32.96, 56.91, 0.997, 0.998, 0.210604, 0.110024,1,1,0, 0.283934, 0.118735, 0.251355, 0.113671, 32.96, 0.997, 99.17, 0.993, 49.38, 0.991, 38.46, 0.070
27146,289589, 99.17, 74.66, 0.995, 0.996, 0.203877, 0.078125,1,1,0, 0.268167, 0.114150, 0.236860, 0.109205, 99.17, 0.995, 32.96, 0.993, 49.38, 0.991, 68.18, 0.067
27147,289600, 32.96, 84.95, 0.995, 0.996, 0.200713, 0.073310,1,1,0, 0.262171, 0.113395, 0.229369, 0.108996, 32.96, 0.995, 99.17, 0.994, 49.38, 0.989, 67.41, 0.048
27148,289610, 99.17, 90.92, 0.994, 0.996, 0.204165, 0.086818,1,1,0, 0.274132, 0.119522, 0.238399, 0.113549, 99.17, 0.994, 49.38, 0.991, 32.96, 0.989, 38.70, 0.081
27149,289621, 32.96, 66.58, 0.995, 0.996, 0.201540, 0.097421,1,1,0, 0.278165, 0.116170, 0.246322, 0.111561, 32.96, 0.995, 99.17, 0.993, 49.38, 0.989, 40.26, 0.105
27150,289632, 99.17, 80.27, 0.994, 0.996, 0.196258, 0.078807,1,1,0, 0.268451, 0.112614, 0.236142, 0.108325, 99.17, 0.994, 32.96, 0.992, 49.38, 0.989, 40.81, 0.138
27151,289642, 32.96, 60.40, 0.997, 0.998, 0.193741, 0.077567,1,1,0, 0.267260, 0.115788, 0.232366, 0.110466, 32.96, 0.997, 99.17, 0.994, 49.38, 0.993, 67.79, 0.091
27152,289653, 32.96, 76.68, 0.996, 0.997, 0.203741, 0.145517,1,1,0, 0.279384, 0.129655, 0.245359, 0.122411, 32.96, 0.996, 99.17, 0.996, 49.38, 0.994, 39.60, 0.102
27153,289664, 32.96, 58.32, 0.997, 0.997, 0.211807, 0.118836,1,1,0, 0.284814, 0.130603, 0.251302, 0.123882, 32.96, 0.997, 99.17, 0.996, 49.38, 0.995, 40.13, 0.097
27154,289674, 32.96, 47.67, 0.997, 0.998, 0.204086, 0.091526,1,1,0, 0.266098, 0.115672, 0.228286, 0.108855, 32.96, 0.997, 99.17, 0.995, 49.38, 0.992, 40.54, 0.091
27155,289685, 32.96, 69.30, 0.997, 0.996, 0.206453, 0.127042,1,1,0, 0.276004, 0.117190, 0.240507, 0.112896, 32.96, 0.997, 99.17, 0.995, 49.38, 0.993, 66.66, 0.067
27156,289696, 32.96, 54.04, 0.997, 0.997, 0.212043, 0.143127,1,1,0, 0.283573, 0.124864, 0.250541, 0.122118, 32.96, 0.997, 99.17, 0.994, 49.38, 0.993, 38.70, 0.090
27157,289706, 99.17, 72.99, 0.995, 0.996, 0.207744, 0.108511,1,1,0, 0.267472, 0.118538, 0.238884, 0.116465, 99.17, 0.995, 32.96, 0.993, 49.38, 0.992, 39.08, 0.069
27158,289717, 99.17, 83.99, 0.995, 0.996, 0.202102, 0.085640,1,1,0, 0.257607, 0.111990, 0.225559, 0.108025, 99.17, 0.995, 32.96, 0.995, 49.38, 0.992, 65.93, 0.101
27159,289728, 32.96, 62.56, 0.997, 0.998, 0.204454, 0.133056,1,1,0, 0.276855, 0.115012, 0.241290, 0.110323, 32.96, 0.997, 99.17, 0.995, 49.38, 0.992, 38.70, 0.129
27160,289738, 32.87, 50.09, 0.997, 0.998, 0.205895, 0.140880,1,1,0, 0.277360, 0.114300, 0.249487, 0.109781, 32.87, 0.997, 99.17, 0.994, 49.38, 0.993, 38.70, 0.162
27161,289749, 32.96, 70.70, 0.995, 0.996, 0.203547, 0.117084,1,1,0, 0.273013, 0.113814, 0.242999, 0.109350, 32.96, 0.995, 99.17, 0.995, 49.38, 0.991, 39.08, 0.123
27162,289760, 32.96, 54.85, 0.996, 0.997, 0.196961, 0.085412,1,1,0, 0.257657, 0.110784, 0.228211, 0.105953, 32.96, 0.996, 99.17, 0.995, 49.38, 0.992, 65.57, 0.100
27163,289770, 99.17, 73.46, 0.996, 0.997, 0.196221, 0.111491,1,1,0, 0.267805, 0.113220, 0.235330, 0.108163, 99.17, 0.996, 32.96, 0.993, 49.38, 0.993, 38.46, 0.122
27164,289781, 32.96, 56.45, 0.996, 0.997, 0.197067, 0.120541,1,1,0, 0.268850, 0.113099, 0.241492, 0.108359, 32.96, 0.996, 99.17, 0.994, 49.38, 0.993, 39.08, 0.101
27165,289792, 32.96, 74.39, 0.995, 0.996, 0.193153, 0.092806,1,1,0, 0.257496, 0.110844, 0.231566, 0.106355, 32.96, 0.995, 99.17, 0.995, 49.38, 0.992, 200.00, 0.105
27166,289802, 32.96, 56.99, 0.997, 0.998, 0.187261, 0.075823,1,1,0, 0.252987, 0.107906, 0.221706, 0.103160, 32.96, 0.997, 99.17, 0.995, 49.58, 0.991, 67.03, 0.123
27167,289813, 32.96, 74.71, 0.996, 0.997, 0.186773, 0.097521,1,1,0, 0.260336, 0.111328, 0.228792, 0.105600, 32.96, 0.996, 99.17, 0.995, 49.38, 0.994, 39.73, 0.138
27168,289824, 98.36, 84.64, 0.994, 0.996, 0.192602, 0.128441,1,1,0, 0.275344, 0.114120, 0.246721, 0.109410, 98.36, 0.994, 49.38, 0.990, 32.87, 0.990, 40.13, 0.190
27169,289834, 99.17, 90.74, 0.994, 0.995, 0.189714, 0.090971,1,1,0, 0.259657, 0.110196, 0.234729, 0.106730, 99.17, 0.994, 32.96, 0.994, 49.38, 0.991, 40.40, 0.180
27170,289845, 32.96, 66.47, 0.997, 0.998, 0.186345, 0.092081,1,1,0, 0.251736, 0.116658, 0.221097, 0.110402, 32.96, 0.997, 99.17, 0.994, 49.58, 0.991, 67.03, 0.166
27171,289856, 99.17, 80.21, 0.995, 0.996, 0.202291, 0.150196,1,1,0, 0.268055, 0.126513, 0.239345, 0.119361, 99.17, 0.995, 32.96, 0.995, 49.38, 0.991, 39.60, 0.145
27172,289866, 32.96, 60.36, 0.997, 0.997, 0.202561, 0.127098,1,1,0, 0.260809, 0.119315, 0.234387, 0.113584, 32.96, 0.997, 99.17, 0.996, 49.38, 0.996, 39.60, 0.127
27173,289877, 99.17, 76.66, 0.996, 0.997, 0.193983, 0.089067,1,1,0, 0.246014, 0.105014, 0.216716, 0.100903, 99.17, 0.996, 32.96, 0.995, 49.38, 0.993, 40.13, 0.138
27174,289888, 32.96, 58.31, 0.999, 0.999, 0.195698, 0.130364,1,1,0, 0.259861, 0.113547, 0.230526, 0.109759, 32.96, 0.999, 99.17, 0.995, 49.38, 0.995, 66.66, 0.138
27175,289898, 32.96, 47.66, 0.998, 0.998, 0.197187, 0.130766,1,1,0, 0.257494, 0.114143, 0.232807, 0.112103, 32.96, 0.998, 99.17, 0.995, 49.38, 0.994, 38.96, 0.145
27176,289909, 99.17, 69.30, 0.995, 0.997, 0.197545, 0.122097,1,1,0, 0.255774, 0.113590, 0.231937, 0.110333, 99.17, 0.995, 32.96, 0.995, 49.38, 0.994, 39.08, 0.192
27177,289920, 32.96, 54.04, 0.997, 0.998, 0.192867, 0.093070,1,1,0, 0.248538, 0.108536, 0.221017, 0.104319, 32.96, 0.997, 99.17, 0.996, 49.58, 0.994, 39.34, 0.180
27178,289930, 99.17, 72.99, 0.997, 0.997, 0.191696, 0.110813,1,1,0, 0.254793, 0.108376, 0.225739, 0.103851, 99.17, 0.997, 32.96, 0.996, 49.38, 0.993, 64.86, 0.177
27179,289941, 99.17, 83.99, 0.995, 0.996, 0.195483, 0.131671,1,1,0, 0.260951, 0.109287, 0.236502, 0.104734, 99.17, 0.995, 32.96, 0.995, 49.38, 0.993, 38.96, 0.208
27180,289952, 32.96, 62.56, 0.995, 0.997, 0.191491, 0.092272,1,1,0, 0.247308, 0.108507, 0.223008, 0.104432, 32.96, 0.995, 99.17, 0.994, 49.38, 0.990, 39.08, 0.219
27181,289962, 99.17, 77.93, 0.994, 0.995, 0.184684, 0.069845,1,1,0, 0.237963, 0.103746, 0.212589, 0.099271, 99.17, 0.994, 32.96, 0.994, 49.58, 0.991, 65.57, 0.179
27182,289973, 99.17, 86.85, 0.995, 0.996, 0.182432, 0.087507,1,1,0, 0.247387, 0.106923, 0.216098, 0.101817, 99.17, 0.995, 32.96, 0.993, 49.58, 0.992, 196.72, 0.178
27183,289984, 32.96, 92.02, 0.995, 0.996, 0.186602, 0.116851,1,1,0, 0.255439, 0.108128, 0.230269, 0.103566, 32.96, 0.995, 99.17, 0.994, 49.38, 0.993, 39.47, 0.192
27184,289994, 99.17, 95.03, 0.995, 0.996, 0.185674, 0.094096,1,1,0, 0.249614, 0.105721, 0.225101, 0.101506, 99.17, 0.995, 32.96, 0.994, 49.38, 0.994, 39.60, 0.183
27185,290005, 32.96, 68.96, 0.997, 0.998, 0.179883, 0.067272,1,1,0, 0.242956, 0.105773, 0.212788, 0.100139, 32.96, 0.997, 99.17, 0.995, 49.58, 0.991, 66.66, 0.200
27186,290016, 32.96, 53.84, 0.997, 0.997, 0.181198, 0.100301,1,1,0, 0.253347, 0.105624, 0.226081, 0.101560, 32.96, 0.997, 99.17, 0.996, 49.58, 0.994, 66.66, 0.212
27187,290026, 32.96, 51.97, 0.996, 0.997, 0.181804, 0.096643,1,1,0, 0.256451, 0.107902, 0.227014, 0.103060, 32.96, 0.996, 49.38, 0.996, 99.17, 0.995, 40.00, 0.237
27188,290037, 32.96, 50.88, 0.995, 0.996, 0.180637, 0.085690,1,1,0, 0.246524, 0.110659, 0.223360, 0.106528, 32.96, 0.995, 99.17, 0.995, 49.38, 0.995, 40.00, 0.236
27189,290048, 32.96, 50.33, 0.997, 0.997, 0.189337, 0.130611,1,1,0, 0.252704, 0.118922, 0.223696, 0.112118, 32.96, 0.997, 99.17, 0.996, 49.58, 0.996, 66.66, 0.226
27190,290058, 32.96, 70.84, 0.999, 0.996, 0.194062, 0.137530,1,1,0, 0.250491, 0.114969, 0.228013, 0.109489, 32.96, 0.999, 99.17, 0.995, 49.38, 0.993, 66.29, 0.202
27191,290069, 99.17, 82.74, 0.995, 0.996, 0.193206, 0.125093,1,1,0, 0.250410, 0.105059, 0.225975, 0.100271, 99.17, 0.995, 32.96, 0.994, 49.38, 0.993, 39.73, 0.216
27192,290080, 99.17, 89.64, 0.995, 0.996, 0.187919, 0.093319,1,1,0, 0.236402, 0.102677, 0.214286, 0.100493, 99.17, 0.995, 32.96, 0.995, 49.38, 0.992, 39.86, 0.210
27193,290090, 33.05, 65.87, 0.996, 0.997, 0.189853, 0.129510,1,1,0, 0.255347, 0.110492, 0.225494, 0.106514, 33.05, 0.996, 99.17, 0.995, 49.58, 0.994, 65.93, 0.226
27194,290101, 32.96, 79.86, 0.995, 0.996, 0.192546, 0.134057,1,1,0, 0.250950, 0.109491, 0.230239, 0.106813, 32.96, 0.995, 99.17, 0.994, 49.38, 0.992, 39.21, 0.236
27195,290112, 32.96, 60.16, 0.997, 0.998, 0.192134, 0.120275,1,1,0, 0.249317, 0.104730, 0.227939, 0.101102, 32.96, 0.997, 99.17, 0.994, 49.38, 0.994, 39.21, 0.277
27196,290122, 32.96, 48.74, 0.996, 0.997, 0.186368, 0.088186,1,1,0, 0.250430, 0.101751, 0.215437, 0.097070, 32.96, 0.996, 99.17, 0.994, 49.38, 0.991, 39.21, 0.247
27197,290133, 32.96, 69.92, 0.994, 0.995, 0.189069, 0.128450,1,1,0, 0.267794, 0.106967, 0.229933, 0.101351, 32.96, 0.994, 99.17, 0.993, 49.58, 0.988, 65.21, 0.245
27198,290144, 99.17, 82.20, 0.965, 0.975, 0.172795, 0.090015,1,1,0, 0.159689, 0.083134, 0.139058, 0.071572, 99.17, 0.965, 49.38, 0.957, 32.96, 0.928, 38.96, 0.269
27199,290154, 99.17, 89.33, 0.774, 0.801, 0.170813, 0.063080,1,1,0, 0.241480, 0.134918, 0.197151, 0.090996, 99.17, 0.774, 49.58, 0.747, 33.14, 0.618, 196.72, 0.198
27200,290165, 50.20, 89.33, 0.420, 0.721, 0.201082, 0.076434,1,1,0, 0.329803, 0.179126, 0.215290, 0.136368, 50.20, 0.420, 34.68, 0.325, 214.28, 0.212, 100.84, 0.160
27201,290176, 36.80, 89.33, 0.379, 0.649, 0.186100, 0.053564,1,1,0, 0.340742, 0.274241, 0.185373, 0.094880, 36.80, 0.379, 0.00, 0.000, 0.00, 0.000, 0.00, 0.000
27202,290186, 33.42, 65.85, 0.759, 0.759, 0.178171, 0.037536,1,1,0, 0.174121, 0.122450, 0.145427, 0.125780, 33.42, 0.759, 0.00, 0.000, 0.00, 0.000, 0.00, 0.000
27203,290197, 400.00, 206.19, 0.867, 0.867, 0.159985, 0.026304,1,1,0, 0.195083, 0.166860, 0.060705, 0.035559, 400.00, 0.867, 0.00, 0.000, 0.00, 0.000, 0.00, 0.000
27204,290208, 400.00, 287.59, 0.879, 0.882, 0.145671, 0.018433,1,1,0, 0.097685, 0.044058, 0.057161, 0.046976, 400.00, 0.879, 0.00, 0.000, 0.00, 0.000, 0.00, 0.000
27205,290218, 400.00, 334.80, 0.957, 0.964, 0.130114, 0.012918,1,1,0, 0.040821, 0.026434, 0.027445, 0.021379, 400.00, 0.957, 0.00, 0.000, 0.00, 0.000, 0.00, 0.000
27206,290229, 51.28, 334.80, 0.229, 0.867, 0.114960, 0.009052,1,1,0, 0.052301, 0.048427, 0.016184, 0.010440, 51.28, 0.229, 0.00, 0.000, 0.00, 0.000, 0.00, 0.000
27207,290240, 400.00, 362.18, 0.958, 0.958, 0.102231, 0.006343,1,1,0, 0.042700, 0.024079, 0.018643, 0.013867, 400.00, 0.958, 0.00, 0.000, 0.00, 0.000, 0.00, 0.000
27208,290250, 400.00, 378.06, 0.940, 0.956, 0.090584, 0.004445,1,1,0, 0.015613, 0.010540, 0.011777, 0.009133, 400.00, 0.940, 0.00, 0.000, 0.00, 0.000, 0.00, 0.000
27209,290261, 400.00, 387.27, 0.902, 0.929, 0.079715, 0.003115,1,1,0, 0.015174, 0.010248, 0.006420, 0.003781, 400.00, 0.902, 0.00, 0.000, 0.00, 0.000, 0.00, 0.000
27210,290272, 400.00, 392.62, 0.919, 0.942, 0.070202, 0.002183,1,1,0, 0.006056, 0.004017, 0.006528, 0.004444, 400.00, 0.919, 0.00, 0.000, 0.00, 0.000, 0.00, 0.000
27211,290282, 400.00, 395.72, 0.916, 0.939, 0.061729, 0.001529,1,1,0, 0.008267, 0.003684, 0.005250, 0.002883, 400.00, 0.916, 0.00, 0.000, 0.00, 0.000, 0.00, 0.000
27212,290293, 30.00, 242.11, 0.872, 0.872, 0.054354, 0.001072,1,1,0, 0.009448, 0.007447, 0.005601, 0.003015, 30.00, 0.872, 0.00, 0.000, 0.00, 0.000, 0.00, 0.000
27213,290304, 30.00, 153.02, 0.912, 0.915, 0.048054, 0.000751,1,1,0, 0.007857, 0.004791, 0.005536, 0.003978, 30.00, 0.912, 0.00, 0.000, 0.00, 0.000, 0.00, 0.000
27214,290314, 400.00, 256.75, 0.836, 0.836, 0.042317, 0.000526,1,1,0, 0.011942, 0.009300, 0.004725, 0.002634, 400.00, 0.836, 0.00, 0.000, 0.00, 0.000, 0.00, 0.000
27215,290325, 400.00, 316.91, 0.840, 0.843, 0.037324, 0.000368,1,1,0, 0.006261, 0.003714, 0.002940, 0.002373, 400.00, 0.840, 0.00, 0.000, 0.00, 0.000, 0.00, 0.000
27216,290336, 400.00, 351.81, 0.891, 0.898, 0.032839, 0.000258,1,1,0, 0.002713, 0.001656, 0.002512, 0.001477, 400.00, 0.891, 0.00, 0.000, 0.00, 0.000, 0.00, 0.000
27217,290346, 30.22, 216.74, 0.945, 0.945, 0.028811, 0.000181,1,1,0, 0.001877, 0.000613, 0.001470, 0.000751, 30.22, 0.945, 0.00, 0.000, 0.00, 0.000, 0.00, 0.000
27218,290357, 103.44, 169.16, 0.576, 0.576, 0.025295, 0.000126,1,1,0, 0.001692, 0.000763, 0.001197, 0.000706, 103.44, 0.576, 0.00, 0.000, 0.00, 0.000, 0.00, 0.000
27219,290368, 31.08, 111.17, 0.975, 0.975, 0.022232, 0.000088,1,1,0, 0.003036, 0.002236, 0.001483, 0.000828, 31.08, 0.975, 0.00, 0.000, 0.00, 0.000, 0.00, 0.000
27220,290378, 96.00, 111.17, 0.377, 0.878, 0.019548, 0.000062,1,1,0, 0.004204, 0.003030, 0.001368, 0.000807, 96.00, 0.377, 31.91, 0.319, 48.58, 0.098, 0.00, 0.000
27221,290389, 47.80, 84.55, 0.709, 0.718, 0.017228, 0.000043,1,1,0, 0.007454, 0.005075, 0.001755, 0.001102, 47.80, 0.709, 32.52, 0.642, 93.75, 0.501, 0.00, 0.000
27222,290400, 32.25, 62.59, 0.915, 0.939, 0.015256, 0.000030,1,1,0, 0.011136, 0.008976, 0.002245, 0.001517, 32.25, 0.915, 96.77, 0.735, 38.21, 0.702, 66.29, 0.621
27223,290410, 30.22, 48.99, 0.946, 0.946, 0.013548, 0.000021,1,1,0, 0.015112, 0.011567, 0.003883, 0.001960, 30.22, 0.946, 46.87, 0.727, 102.56, 0.648, 68.18, 0.644
27224,290421, 63.15, 48.99, 0.297, 0.851, 0.017741, 0.014120,1,1,0, 0.021782, 0.015174, 0.020592, 0.010862, 63.15, 0.297, 0.00, 0.000, 0.00, 0.000, 0.00, 0.000
27225,290432, 75.47, 48.99, 0.039, 0.766, 0.016214, 0.009895,1,1,0, 0.024106, 0.014058, 0.013292, 0.006712, 75.47, 0.039, 0.00, 0.000, 0.00, 0.000, 0.00, 0.000
27226,290442, 32.43, 42.04, 0.806, 0.806, 0.018946, 0.014526,1,1,0, 0.024811, 0.015819, 0.022614, 0.011591, 32.43, 0.806, 82.75, 0.100, 0.00, 0.000, 0.00, 0.000
27227,290453, 40.00, 42.04, 0.266, 0.725, 0.016831, 0.010179,1,1,0, 0.007423, 0.003418, 0.005445, 0.002443, 40.00, 0.266, 85.10, 0.200, 0.00, 0.000, 0.00, 0.000
27228,290464, 37.97, 40.33, 0.646, 0.672, 0.015594, 0.007133,1,1,0, 0.024316, 0.014792, 0.014527, 0.007731, 37.97, 0.646, 97.56, 0.124, 0.00, 0.000, 0.00, 0.000
27229,290474, 39.08, 39.81, 0.849, 0.891, 0.014355, 0.004999,1,1,0, 0.007734, 0.004247, 0.015107, 0.006973, 39.08, 0.849, 109.09, 0.040, 0.00, 0.000, 0.00, 0.000
27230,290485, 41.52, 40.52, 0.677, 0.739, 0.013284, 0.003503,1,1,0, 0.013247, 0.009272, 0.008990, 0.006125, 41.52, 0.677, 0.00, 0.000, 0.00, 0.000, 0.00, 0.000
27231,290496, 41.09, 40.76, 0.906, 0.932, 0.012220, 0.002455,1,1,0, 0.011486, 0.005896, 0.011774, 0.006079, 41.09, 0.906, 0.00, 0.000, 0.00, 0.000, 0.00, 0.000
27232,290506, 40.40, 40.61, 0.929, 0.949, 0.011088, 0.001720,1,1,0, 0.007162, 0.004957, 0.008305, 0.004003, 40.40, 0.929, 0.00, 0.000, 0.00, 0.000, 0.00, 0.000
27233,290517, 41.37, 40.93, 0.857, 0.897, 0.010130, 0.001205,1,1,0, 0.010190, 0.005139, 0.007721, 0.004248, 41.37, 0.857, 0.00, 0.000, 0.00, 0.000, 0.00, 0.000
27234,290528, 32.69, 41.30, 0.891, 0.851, 0.009276, 0.000844,1,1,0, 0.010310, 0.007030, 0.007484, 0.003996, 32.69, 0.891, 41.81, 0.793, 176.47, 0.156, 0.00, 0.000
27235,290538, 40.40, 40.92, 0.940, 0.957, 0.012162, 0.007112,1,1,0, 0.016588, 0.009810, 0.013283, 0.009195, 40.40, 0.940, 0.00, 0.000, 0.00, 0.000, 0.00, 0.000
27236,290549, 40.13, 40.59, 0.929, 0.949, 0.011302, 0.004984,1,1,0, 0.012714, 0.008836, 0.008423, 0.005730, 40.13, 0.929, 30.30, 0.861, 118.81, 0.052, 0.00, 0.000
27237,290560, 41.09, 40.80, 0.723, 0.800, 0.011055, 0.003493,1,1,0, 0.010545, 0.007762, 0.012185, 0.006877, 41.09, 0.723, 0.00, 0.000, 0.00, 0.000, 0.00, 0.000
27238,290570, 40.67, 40.75, 0.832, 0.879, 0.010205, 0.002447,1,1,0, 0.008797, 0.004642, 0.011304, 0.005229, 40.67, 0.832, 0.00, 0.000, 0.00, 0.000, 0.00, 0.000
27239,290581, 40.00, 40.43, 0.892, 0.922, 0.009496, 0.001715,1,1,0, 0.008922, 0.006249, 0.008234, 0.004947, 40.00, 0.892, 0.00, 0.000, 0.00, 0.000, 0.00, 0.000
27240,290592, 40.67, 40.53, 0.900, 0.928, 0.008840, 0.001202,1,1,0, 0.011346, 0.005578, 0.008212, 0.004847, 40.67, 0.900, 33.89, 0.323, 80.00, 0.007, 0.00, 0.000
27241,290602, 41.09, 40.77, 0.831, 0.878, 0.008229, 0.000842,1,1,0, 0.012364, 0.006578, 0.007805, 0.004544, 41.09, 0.831, 32.96, 0.418, 82.75, 0.239, 169.01, 0.080
27242,290613, 40.67, 40.73, 0.928, 0.948, 0.010056, 0.004123,1,1,0, 0.013049, 0.008487, 0.011217, 0.007857, 40.67, 0.928, 80.53, 0.229, 0.00, 0.000, 0.00, 0.000
27243,290624, 41.09, 40.88, 0.804, 0.859, 0.009280, 0.002889,1,1,0, 0.009641, 0.006346, 0.007671, 0.004455, 41.09, 0.804, 31.83, 0.724, 52.63, 0.097, 83.91, 0.003
27244,290634, 41.37, 41.09, 0.772, 0.835, 0.008760, 0.002025,1,1,0, 0.011827, 0.006233, 0.008686, 0.005449, 41.37, 0.772, 54.05, 0.251, 0.00, 0.000, 0.00, 0.000
27245,290645, 40.95, 41.03, 0.944, 0.960, 0.008069, 0.001419,1,1,0, 0.008183, 0.004182, 0.008610, 0.003863, 40.95, 0.944, 30.07, 0.176, 54.79, 0.132, 0.00, 0.000
27246,290656, 40.95, 41.00, 0.873, 0.908, 0.008851, 0.005729,1,1,0, 0.010763, 0.007282, 0.010669, 0.005880, 40.95, 0.873, 34.88, 0.334, 55.55, 0.184, 187.50, 0.071
27247,290666, 41.52, 41.22, 0.940, 0.956, 0.008329, 0.004015,1,1,0, 0.009103, 0.004836, 0.008584, 0.004755, 41.52, 0.940, 32.60, 0.459, 166.66, 0.176, 53.57, 0.151
27248,290677, 40.81, 41.05, 0.917, 0.940, 0.008299, 0.002813,1,1,0, 0.010890, 0.006695, 0.008908, 0.005440, 40.81, 0.917, 173.91, 0.110, 33.14, 0.096, 81.63, 0.090
27249,290688, 40.95, 41.01, 0.935, 0.953, 0.008932, 0.005250,1,1,0, 0.011871, 0.006848, 0.010403, 0.005856, 40.95, 0.935, 80.53, 0.191, 54.05, 0.087, 0.00, 0.000
27250,290698, 41.37, 41.16, 0.878, 0.912, 0.008237, 0.003679,1,1,0, 0.009819, 0.005214, 0.005806, 0.003610, 41.37, 0.878, 33.42, 0.511, 83.91, 0.217, 171.42, 0.078
27251,290709, 41.52, 41.31, 0.957, 0.969, 0.009167, 0.004682,1,1,0, 0.014982, 0.007319, 0.010417, 0.006831, 41.52, 0.957, 81.63, 0.225, 0.00, 0.000, 0.00, 0.000
27252,290720, 41.37, 41.34, 0.941, 0.957, 0.008524, 0.003281,1,1,0, 0.010131, 0.005769, 0.007573, 0.004435, 41.37, 0.941, 31.66, 0.673, 82.19, 0.103, 148.14, 0.060
27253,290730, 40.26, 40.89, 0.802, 0.857, 0.008920, 0.006591,1,1,0, 0.013303, 0.006268, 0.010494, 0.005173, 40.26, 0.802, 34.18, 0.493, 54.29, 0.209, 160.00, 0.019
27254,290741, 40.13, 40.57, 0.706, 0.788, 0.008175, 0.004619,1,1,0, 0.005891, 0.002953, 0.007668, 0.003795, 40.13, 0.706, 54.79, 0.358, 33.05, 0.124, 153.84, 0.063
27255,290752, 41.52, 40.97, 0.619, 0.692, 0.007649, 0.003237,1,1,0, 0.009972, 0.005355, 0.007034, 0.004323, 41.52, 0.619, 54.79, 0.377, 34.98, 0.315, 169.01, 0.089
27256,290762, 42.10, 41.44, 0.675, 0.740, 0.007336, 0.002268,1,1,0, 0.007997, 0.004934, 0.008163, 0.004652, 42.10, 0.675, 33.14, 0.628, 53.81, 0.283, 166.66, 0.217
27257,290773, 41.81, 41.60, 0.693, 0.772, 0.006723, 0.001589,1,1,0, 0.007265, 0.003551, 0.006732, 0.002959, 41.81, 0.693, 32.78, 0.687, 82.75, 0.239, 166.66, 0.236
27258,290784, 40.81, 41.27, 0.831, 0.878, 0.007856, 0.004827,1,1,0, 0.012601, 0.006567, 0.009191, 0.005719, 40.81, 0.831, 55.29, 0.456, 82.75, 0.265, 160.00, 0.112
27259,290794, 40.54, 40.96, 0.782, 0.843, 0.007491, 0.003382,1,1,0, 0.012247, 0.007224, 0.007376, 0.005330, 40.54, 0.782, 55.29, 0.311, 151.89, 0.239, 32.25, 0.160
27260,290805, 41.09, 41.01, 0.809, 0.862, 0.007172, 0.002370,1,1,0, 0.010087, 0.005063, 0.007152, 0.005215, 41.09, 0.809, 55.81, 0.131, 33.70, 0.115, 83.91, 0.001
27261,290816, 41.09, 41.05, 0.897, 0.926, 0.006683, 0.001661,1,1,0, 0.009561, 0.004332, 0.006842, 0.003735, 41.09, 0.897, 30.61, 0.244, 55.55, 0.101, 0.00, 0.000
27262,290826, 41.81, 41.37, 0.842, 0.886, 0.007046, 0.003428,1,1,0, 0.009767, 0.005467, 0.008275, 0.004501, 41.81, 0.842, 55.29, 0.124, 0.00, 0.000, 0.00, 0.000
27263,290837, 42.10, 41.67, 0.822, 0.872, 0.008548, 0.007551,1,1,0, 0.011141, 0.005172, 0.011286, 0.005178, 42.10, 0.822, 82.19, 0.380, 54.54, 0.057, 0.00, 0.000
27264,290848, 78.43, 41.67, 0.444, 0.785, 0.007700, 0.005291,1,1,0, 0.005041, 0.002171, 0.004009, 0.002118, 78.43, 0.444, 33.14, 0.418, 56.33, 0.186, 40.95, 0.172
27265,290858, 40.40, 41.14, 0.732, 0.806, 0.007534, 0.003708,1,1,0, 0.009878, 0.005826, 0.008011, 0.005356, 40.40, 0.732, 80.00, 0.358, 56.07, 0.264, 0.00, 0.000
27266,290869, 40.81, 41.00, 0.617, 0.700, 0.006947, 0.002598,1,1,0, 0.006918, 0.003517, 0.005433, 0.003130, 40.81, 0.617, 56.07, 0.300, 91.60, 0.176, 0.00, 0.000
27267,290880, 40.54, 40.81, 0.652, 0.725, 0.008174, 0.005559,1,1,0, 0.013664, 0.006858, 0.009781, 0.005772, 40.54, 0.652, 57.14, 0.444, 120.00, 0.165, 0.00, 0.000
27268,290890, 40.40, 40.63, 0.816, 0.868, 0.007566, 0.003895,1,1,0, 0.012418, 0.006445, 0.007609, 0.003955, 40.40, 0.816, 57.41, 0.287, 125.00, 0.255, 0.00, 0.000
27269,290901, 40.54, 40.59, 0.532, 0.623, 0.009274, 0.007026,1,1,0, 0.010133, 0.005806, 0.011648, 0.005945, 40.54, 0.532, 53.57, 0.462, 0.00, 0.000, 0.00, 0.000
27270,290912, 41.09, 40.80, 0.541, 0.605, 0.008407, 0.004924,1,1,0, 0.005655, 0.003426, 0.006252, 0.002912, 41.09, 0.541, 50.84, 0.520, 31.91, 0.273, 0.00, 0.000
27271,290922, 40.81, 40.81, 0.761, 0.828, 0.007816, 0.003450,1,1,0, 0.008628, 0.005234, 0.006560, 0.004023, 40.81, 0.761, 0.00, 0.000, 0.00, 0.000, 0.00, 0.000
27272,290933, 41.37, 41.04, 0.739, 0.812, 0.007291, 0.002418,1,1,0, 0.006309, 0.003816, 0.006127, 0.004041, 41.37, 0.739, 0.00, 0.000, 0.00, 0.000, 0.00, 0.000
27273,290944, 41.52, 41.24, 0.730, 0.806, 0.006816, 0.001694,1,1,0, 0.009806, 0.005167, 0.006081, 0.003889, 41.52, 0.730, 90.22, 0.195, 32.96, 0.188, 0.00, 0.000
27274,290954, 39.08, 40.34, 0.835, 0.881, 0.009819, 0.007208,1,1,0, 0.015571, 0.008186, 0.011552, 0.007316, 39.08, 0.835, 57.14, 0.113, 0.00, 0.000, 0.00, 0.000
27275,290965, 39.21, 39.86, 0.840, 0.884, 0.008974, 0.005051,1,1,0, 0.009479, 0.005355, 0.007223, 0.003804, 39.21, 0.840, 57.41, 0.268, 112.14, 0.072, 0.00, 0.000
27276,290976, 40.26, 40.03, 0.683, 0.769, 0.008270, 0.003540,1,1,0, 0.007051, 0.004298, 0.008033, 0.004194, 40.26, 0.683, 52.86, 0.224, 0.00, 0.000, 0.00, 0.000
27277,290986, 40.00, 40.02, 0.767, 0.832, 0.007430, 0.002480,1,1,0, 0.004639, 0.002051, 0.004701, 0.002102, 40.00, 0.767, 52.63, 0.366, 105.26, 0.088, 0.00, 0.000
27278,290997, 37.26, 38.86, 0.681, 0.723, 0.006772, 0.001738,1,1,0, 0.005260, 0.002872, 0.004051, 0.002413, 37.26, 0.681, 65.57, 0.164, 0.00, 0.000, 0.00, 0.000
27279,291008, 33.80, 38.86, 0.384, 0.651, 0.006667, 0.001865,1,1,0, 0.008399, 0.004757, 0.007181, 0.004370, 33.80, 0.384, 43.63, 0.220, 53.57, 0.108, 114.28, 0.017
27280,291018, 34.38, 36.98, 0.707, 0.726, 0.006020, 0.001307,1,1,0, 0.005646, 0.002344, 0.003782, 0.001883, 34.38, 0.707, 50.84, 0.386, 105.26, 0.376, 0.00, 0.000
27281,291029, 37.97, 37.39, 0.693, 0.754, 0.007363, 0.004460,1,1,0, 0.009836, 0.005557, 0.008789, 0.005113, 37.97, 0.693, 55.55, 0.677, 114.28, 0.340, 0.00, 0.000
27282,291040, 38.58, 37.89, 0.775, 0.838, 0.008108, 0.003877,1,1,0, 0.009943, 0.006317, 0.008970, 0.005526, 38.58, 0.775, 56.07, 0.751, 112.14, 0.413, 0.00, 0.000
27283,291050, 40.67, 39.06, 0.447, 0.498, 0.007385, 0.002717,1,1,0, 0.006809, 0.003366, 0.005160, 0.002726, 40.67, 0.447, 56.87, 0.412, 116.50, 0.146, 0.00, 0.000
27284,291061, 56.87, 39.02, 0.456, 0.487, 0.006782, 0.001904,1,1,0, 0.008163, 0.003851, 0.006264, 0.003037, 56.87, 0.456, 38.96, 0.430, 110.09, 0.147, 0.00, 0.000
27285,291072, 37.61, 38.43, 0.835, 0.881, 0.006485, 0.002255,1,1,0, 0.007267, 0.004443, 0.007130, 0.004185, 37.61, 0.835, 78.43, 0.179, 0.00, 0.000, 0.00, 0.000
27286,291082, 88.23, 59.34, 0.536, 0.541, 0.006752, 0.001743,1,1,0, 0.008106, 0.005529, 0.007350, 0.004962, 88.23, 0.536, 44.94, 0.461, 32.25, 0.420, 0.00, 0.000
27287,291093, 36.25, 49.64, 0.531, 0.533, 0.008726, 0.008668,1,1,0, 0.015039, 0.006019, 0.010491, 0.004653, 36.25, 0.531, 110.09, 0.206, 44.94, 0.057, 0.00, 0.000
27288,291104, 38.70, 45.05, 0.756, 0.756, 0.009768, 0.006320,1,1,0, 0.014592, 0.006556, 0.011961, 0.006160, 38.70, 0.756, 56.60, 0.429, 114.28, 0.059, 0.00, 0.000
27289,291114, 55.29, 49.35, 0.675, 0.680, 0.009813, 0.004429,1,1,0, 0.012935, 0.007643, 0.010915, 0.006322, 55.29, 0.675, 38.96, 0.610, 116.50, 0.129, 0.00, 0.000
27290,291125, 39.60, 45.26, 0.686, 0.694, 0.009141, 0.003104,1,1,0, 0.010940, 0.006341, 0.008165, 0.005084, 39.60, 0.686, 56.07, 0.531, 121.21, 0.165, 0.00, 0.000
27291,291136, 39.21, 42.72, 0.756, 0.770, 0.008335, 0.002175,1,1,0, 0.009825, 0.004746, 0.006074, 0.003221, 39.21, 0.756, 56.60, 0.316, 127.65, 0.265, 0.00, 0.000
27292,291146, 37.85, 40.67, 0.707, 0.732, 0.007676, 0.001524,1,1,0, 0.007944, 0.004033, 0.008251, 0.004145, 37.85, 0.707, 54.05, 0.338, 122.44, 0.012, 0.00, 0.000
27293,291157, 32.78, 37.36, 0.896, 0.898, 0.008432, 0.004361,1,1,0, 0.011490, 0.007363, 0.009535, 0.005761, 32.78, 0.896, 49.79, 0.461, 93.75, 0.126, 0.00, 0.000
27294,291168, 36.58, 37.03, 0.610, 0.684, 0.009587, 0.006990,1,1,0, 0.015767, 0.007963, 0.011214, 0.005837, 36.58, 0.610, 52.86, 0.136, 0.00, 0.000, 0.00, 0.000
27295,291178, 39.73, 38.17, 0.725, 0.760, 0.010378, 0.004898,1,1,0, 0.013656, 0.006905, 0.011316, 0.007189, 39.73, 0.725, 56.07, 0.263, 129.03, 0.079, 0.00, 0.000
27296,291189, 39.60, 38.77, 0.783, 0.841, 0.010385, 0.003549,1,1,0, 0.014013, 0.007619, 0.011657, 0.006467, 39.60, 0.783, 55.55, 0.392, 110.09, 0.017, 0.00, 0.000
27297,291200, 39.34, 39.01, 0.780, 0.842, 0.010297, 0.003078,1,1,0, 0.014195, 0.007725, 0.011592, 0.006694, 39.34, 0.780, 55.29, 0.398, 122.44, 0.132, 0.00, 0.000
27298,291210, 38.46, 38.78, 0.858, 0.898, 0.009633, 0.002157,1,1,0, 0.013381, 0.006963, 0.009847, 0.005560, 38.46, 0.858, 56.07, 0.456, 116.50, 0.220, 0.00, 0.000
27299,291221, 39.34, 39.01, 0.634, 0.721, 0.008854, 0.001511,1,1,0, 0.009279, 0.005700, 0.009457, 0.003947, 39.34, 0.634, 134.83, 0.100, 32.52, 0.071, 55.04, 0.052
27300,291232, 33.80, 36.82, 0.737, 0.745, 0.008213, 0.001059,1,1,0, 0.008349, 0.006074, 0.008518, 0.004592, 33.80, 0.737, 42.40, 0.476, 52.40, 0.280, 0.00, 0.000
27301,291242, 41.37, 38.73, 0.632, 0.652, 0.010512, 0.009068,1,1,0, 0.016411, 0.008170, 0.012556, 0.006991, 41.37, 0.632, 53.57, 0.354, 190.47, 0.029, 0.00, 0.000
27302,291253, 40.00, 39.26, 0.779, 0.834, 0.011234, 0.006355,1,1,0, 0.013237, 0.008805, 0.012747, 0.007461, 40.00, 0.779, 53.57, 0.248, 142.85, 0.162, 31.25, 0.023
27303,291264, 39.73, 39.46, 0.585, 0.668, 0.010507, 0.004453,1,1,0, 0.011445, 0.005986, 0.011329, 0.005956, 39.73, 0.585, 54.54, 0.512, 0.00, 0.000, 0.00, 0.000
27304,291274, 39.21, 39.36, 0.756, 0.824, 0.009626, 0.003121,1,1,0, 0.013119, 0.005357, 0.009487, 0.004572, 39.21, 0.756, 54.05, 0.533, 131.86, 0.157, 32.08, 0.069
27305,291285, 38.70, 39.08, 0.827, 0.875, 0.010872, 0.005205,1,1,0, 0.016402, 0.009429, 0.012208, 0.007913, 38.70, 0.827, 55.81, 0.411, 107.14, 0.063, 0.00, 0.000
27306,291296, 32.69, 39.58, 0.625, 0.566, 0.009944, 0.003648,1,1,0, 0.010182, 0.006642, 0.006816, 0.003891, 32.69, 0.625, 40.26, 0.489, 148.14, 0.094, 55.55, 0.091
27307,291306, 34.48, 37.44, 0.618, 0.627, 0.010050, 0.004366,1,1,0, 0.015383, 0.007780, 0.011321, 0.006069, 34.48, 0.618, 40.95, 0.459, 171.42, 0.106, 54.79, 0.027
27308,291317, 39.60, 38.34, 0.661, 0.709, 0.012538, 0.009095,1,1,0, 0.016240, 0.008397, 0.014972, 0.008326, 39.60, 0.661, 54.29, 0.170, 82.75, 0.018, 0.00, 0.000
27309,291328, 39.47, 38.82, 0.758, 0.822, 0.011851, 0.006373,1,1,0, 0.014422, 0.009585, 0.011084, 0.007638, 39.47, 0.758, 52.40, 0.413, 31.57, 0.334, 142.85, 0.041
27310,291338, 39.60, 39.15, 0.672, 0.750, 0.013876, 0.010847,1,1,0, 0.019260, 0.009270, 0.016156, 0.007969, 39.60, 0.672, 54.29, 0.488, 137.93, 0.045, 0.00, 0.000
27311,291349, 39.08, 39.12, 0.762, 0.829, 0.012491, 0.007601,1,1,0, 0.010743, 0.003121, 0.008818, 0.003545, 39.08, 0.762, 55.55, 0.491, 127.65, 0.214, 0.00, 0.000
27312,291360, 55.55, 39.27, 0.636, 0.713, 0.011979, 0.005327,1,1,0, 0.017576, 0.009156, 0.013275, 0.007784, 55.55, 0.636, 39.47, 0.629, 0.00, 0.000, 0.00, 0.000
27313,291370, 40.13, 39.63, 0.555, 0.623, 0.011191, 0.003733,1,1,0, 0.010605, 0.007527, 0.010929, 0.006309, 40.13, 0.555, 54.79, 0.530, 34.78, 0.456, 144.57, 0.095
27314,291381, 53.81, 39.29, 0.466, 0.519, 0.010231, 0.002616,1,1,0, 0.011817, 0.005865, 0.009480, 0.004275, 53.81, 0.466, 38.83, 0.458, 33.14, 0.132, 150.00, 0.127
27315,291392, 54.29, 45.59, 0.630, 0.640, 0.010527, 0.004172,1,1,0, 0.017438, 0.008479, 0.011540, 0.007124, 54.29, 0.630, 40.00, 0.413, 34.28, 0.403, 150.00, 0.121
27316,291402, 53.33, 48.84, 0.513, 0.523, 0.011799, 0.008057,1,1,0, 0.017854, 0.009377, 0.014477, 0.008240, 53.33, 0.513, 39.08, 0.460, 0.00, 0.000, 0.00, 0.000
27317,291413, 54.29, 51.13, 0.583, 0.608, 0.013648, 0.010184,1,1,0, 0.014508, 0.009205, 0.016028, 0.008200, 54.29, 0.583, 38.83, 0.561, 34.48, 0.449, 133.33, 0.106
27318,291424, 39.08, 46.07, 0.794, 0.804, 0.012609, 0.007136,1,1,0, 0.012260, 0.007474, 0.010777, 0.006123, 39.08, 0.794, 55.55, 0.442, 133.33, 0.227, 0.00, 0.000
27319,291434, 39.86, 43.46, 0.823, 0.837, 0.011688, 0.005001,1,1,0, 0.011220, 0.006577, 0.009698, 0.005932, 39.86, 0.823, 56.07, 0.482, 142.85, 0.154, 0.00, 0.000
27320,291445, 38.83, 41.52, 0.615, 0.647, 0.010896, 0.003504,1,1,0, 0.015895, 0.008454, 0.011500, 0.006472, 38.83, 0.615, 54.79, 0.490, 120.00, 0.096, 0.00, 0.000
27321,291456, 36.36, 39.35, 0.520, 0.529, 0.010000, 0.002456,1,1,0, 0.010689, 0.005260, 0.009415, 0.004622, 36.36, 0.520, 52.17, 0.456, 107.14, 0.112, 0.00, 0.000
27322,291466, 35.50, 37.73, 0.803, 0.824, 0.009213, 0.001721,1,1,0, 0.013785, 0.006476, 0.008716, 0.004390, 35.50, 0.803, 54.29, 0.287, 111.11, 0.070, 0.00, 0.000
27323,291477, 36.25, 37.11, 0.729, 0.794, 0.009011, 0.001279,1,1,0, 0.015550, 0.007939, 0.009526, 0.006877, 36.25, 0.729, 52.86, 0.369, 110.09, 0.012, 0.00, 0.000
27324,291488, 37.15, 37.13, 0.522, 0.607, 0.010334, 0.006263,1,1,0, 0.016564, 0.007404, 0.012114, 0.006746, 37.15, 0.522, 54.05, 0.429, 121.21, 0.118, 0.00, 0.000
27325,291498, 38.46, 37.68, 0.845, 0.888, 0.015229, 0.015012,1,1,0, 0.020309, 0.011536, 0.018249, 0.009588, 38.46, 0.845, 55.81, 0.480, 116.50, 0.176, 0.00, 0.000
27326,291509, 38.70, 38.11, 0.831, 0.878, 0.014056, 0.010520,1,1,0, 0.012206, 0.006360, 0.009227, 0.006460, 38.70, 0.831, 55.81, 0.557, 123.71, 0.354, 0.00, 0.000
27327,291520, 53.09, 44.40, 0.791, 0.802, 0.013075, 0.007372,1,1,0, 0.016345, 0.008897, 0.013541, 0.007694, 53.09, 0.791, 35.71, 0.296, 108.10, 0.140, 0.00, 0.000
27328,291530, 52.86, 47.95, 0.803, 0.813, 0.012030, 0.005166,1,1,0, 0.012160, 0.007285, 0.010568, 0.005883, 52.86, 0.803, 35.29, 0.110, 38.58, 0.069, 0.00, 0.000
27329,291541, 53.57, 50.31, 0.444, 0.475, 0.010999, 0.003620,1,1,0, 0.012309, 0.007645, 0.008234, 0.004465, 53.57, 0.444, 38.96, 0.403, 35.92, 0.393, 0.00, 0.000
27330,291552, 37.03, 44.73, 0.685, 0.694, 0.010137, 0.002537,1,1,0, 0.010737, 0.005163, 0.008376, 0.004913, 37.03, 0.685, 53.33, 0.246, 142.85, 0.186, 0.00, 0.000
27331,291562, 38.33, 42.05, 0.546, 0.558, 0.009367, 0.001778,1,1,0, 0.009655, 0.005242, 0.008040, 0.004837, 38.33, 0.546, 32.87, 0.318, 54.05, 0.213, 120.00, 0.141
27332,291573, 39.73, 41.07, 0.766, 0.813, 0.008617, 0.001246,1,1,0, 0.008540, 0.004011, 0.007979, 0.003951, 39.73, 0.766, 117.64, 0.318, 57.97, 0.233, 0.00, 0.000
27333,291584, 40.81, 40.96, 0.908, 0.933, 0.008073, 0.000873,1,1,0, 0.012062, 0.006345, 0.008595, 0.004983, 40.81, 0.908, 118.81, 0.502, 61.85, 0.398, 0.00, 0.000
27334,291594, 30.84, 40.84, 0.930, 0.836, 0.007474, 0.000611,1,1,0, 0.008156, 0.004317, 0.007868, 0.003798, 30.84, 0.930, 40.67, 0.772, 122.44, 0.542, 61.22, 0.332
27335,291605, 30.92, 40.60, 0.814, 0.777, 0.006887, 0.001122,1,1,0, 0.007521, 0.003609, 0.007638, 0.003170, 30.92, 0.814, 40.26, 0.690, 121.21, 0.580, 60.60, 0.309
27336,291616, 30.84, 40.69, 0.754, 0.818, 0.006234, 0.000786,1,1,0, 0.005976, 0.002955, 0.005910, 0.002136, 30.84, 0.754, 40.81, 0.747, 123.71, 0.541, 61.53, 0.421
27337,291626, 31.91, 40.74, 0.708, 0.744, 0.005718, 0.000551,1,1,0, 0.006048, 0.002780, 0.004254, 0.002381, 31.91, 0.708, 40.81, 0.653, 123.71, 0.451, 61.22, 0.430
27338,291637, 40.40, 40.60, 0.594, 0.671, 0.005438, 0.002032,1,1,0, 0.007594, 0.003251, 0.006080, 0.002863, 40.40, 0.594, 31.66, 0.423, 136.36, 0.273, 60.00, 0.184
27339,291648, 41.23, 40.86, 0.631, 0.698, 0.004971, 0.001424,1,1,0, 0.006893, 0.002539, 0.005009, 0.001981, 41.23, 0.631, 32.00, 0.432, 57.14, 0.397, 65.57, 0.319
27340,291658, 61.85, 41.32, 0.563, 0.586, 0.004797, 0.003051,1,1,0, 0.008107, 0.003056, 0.005806, 0.002465, 61.85, 0.563, 41.95, 0.522, 30.92, 0.445, 30.30, 0.410
27341,291669, 40.40, 40.93, 0.607, 0.665, 0.005421, 0.006555,1,1,0, 0.008286, 0.003093, 0.007992, 0.002881, 40.40, 0.607, 61.85, 0.432, 144.57, 0.361, 112.14, 0.334
27342,291680, 37.61, 39.54, 0.619, 0.655, 0.005011, 0.004594,1,1,0, 0.005937, 0.002847, 0.005038, 0.002472, 37.61, 0.619, 56.33, 0.485, 112.14, 0.337, 144.57, 0.227
27343,291690, 57.97, 47.28, 0.581, 0.590, 0.004602, 0.003219,1,1,0, 0.005041, 0.002138, 0.004664, 0.002014, 57.97, 0.581, 113.20, 0.227, 36.47, 0.179, 31.08, 0.168
27344,291701, 58.82, 52.13, 0.518, 0.535, 0.005363, 0.005911,1,1,0, 0.007011, 0.003897, 0.007135, 0.003332, 58.82, 0.518, 30.37, 0.516, 38.83, 0.317, 32.96, 0.236
27345,291712, 38.70, 46.49, 0.673, 0.685, 0.005902, 0.006500,1,1,0, 0.007646, 0.002916, 0.008454, 0.003013, 38.70, 0.673, 105.26, 0.299, 58.82, 0.225, 80.00, 0.202
27346,291722, 44.94, 45.84, 0.495, 0.549, 0.009952, 0.011513,1,1,0, 0.018562, 0.009472, 0.012915, 0.006285, 44.94, 0.495, 81.08, 0.450, 105.26, 0.250, 33.24, 0.019
27347,291733, 31.08, 39.64, 0.784, 0.784, 0.008863, 0.008068,1,1,0, 0.007676, 0.004964, 0.002901, 0.001425, 31.08, 0.784, 44.77, 0.448, 102.56, 0.238, 35.71, 0.174
27348,291744, 30.69, 39.64, 0.349, 0.706, 0.008139, 0.005654,1,1,0, 0.008940, 0.004381, 0.006752, 0.003622, 30.69, 0.349, 78.43, 0.228, 51.72, 0.117, 0.00, 0.000
27349,291754, 30.00, 35.59, 0.606, 0.612, 0.007570, 0.003962,1,1,0, 0.008450, 0.005334, 0.007421, 0.004115, 30.00, 0.606, 0.00, 0.000, 0.00, 0.000, 0.00, 0.000
27350,291765, 35.39, 35.51, 0.613, 0.669, 0.007367, 0.002776,1,1,0, 0.012877, 0.007075, 0.007953, 0.005332, 35.39, 0.613, 57.14, 0.521, 42.70, 0.135, 0.00, 0.000
27351,291776, 57.14, 44.59, 0.670, 0.673, 0.006641, 0.001945,1,1,0, 0.006850, 0.004206, 0.002633, 0.001731, 57.14, 0.670, 32.34, 0.352, 0.00, 0.000, 0.00, 0.000
27352,291786, 32.52, 39.52, 0.760, 0.763, 0.006205, 0.001363,1,1,0, 0.005946, 0.003368, 0.006473, 0.003467, 32.52, 0.760, 58.53, 0.321, 70.58, 0.267, 0.00, 0.000
27353,291797, 75.94, 39.52, 0.395, 0.687, 0.005690, 0.000955,1,1,0, 0.005057, 0.003041, 0.004770, 0.002477, 75.94, 0.395, 31.57, 0.169, 166.66, 0.084, 54.79, 0.055
27354,291808, 76.92, 39.52, 0.416, 0.618, 0.005114, 0.000669,1,1,0, 0.003840, 0.001650, 0.002222, 0.001221, 76.92, 0.416, 153.84, 0.363, 50.20, 0.254, 40.95, 0.172
27355,291818, 32.34, 36.50, 0.745, 0.745, 0.004656, 0.000469,1,1,0, 0.005561, 0.002874, 0.004082, 0.001911, 32.34, 0.745, 153.84, 0.475, 78.43, 0.350, 41.52, 0.310
27356,291829, 34.48, 35.65, 0.473, 0.518, 0.004259, 0.000328,1,1,0, 0.004759, 0.002507, 0.003955, 0.001859, 34.48, 0.473, 184.61, 0.348, 42.40, 0.239, 93.02, 0.126
27357,291840, 35.29, 35.50, 0.584, 0.634, 0.010491, 0.021216,1,1,0, 0.016777, 0.007108, 0.016310, 0.006691, 35.29, 0.584, 144.57, 0.440, 56.60, 0.387, 42.70, 0.058
27358,291850, 77.41, 53.10, 0.570, 0.574, 0.011333, 0.014868,1,1,0, 0.016590, 0.007048, 0.013960, 0.006049, 77.41, 0.570, 32.78, 0.457, 151.89, 0.401, 52.40, 0.220
27359,291861, 48.00, 50.96, 0.546, 0.569, 0.010325, 0.010419,1,1,0, 0.006746, 0.003651, 0.006103, 0.003699, 48.00, 0.546, 34.58, 0.419, 75.47, 0.403, 144.57, 0.394
27360,291872, 34.58, 44.08, 0.930, 0.936, 0.009433, 0.007301,1,1,0, 0.012543, 0.005410, 0.009407, 0.004104, 34.58, 0.930, 141.17, 0.450, 45.80, 0.443, 73.61, 0.383
27361,291882, 125.00, 78.06, 0.568, 0.576, 0.008533, 0.005116,1,1,0, 0.007019, 0.003080, 0.006471, 0.002883, 125.00, 0.568, 62.50, 0.507, 43.63, 0.183, 38.09, 0.168
27362,291893, 30.22, 57.97, 0.964, 0.964, 0.007677, 0.003585,1,1,0, 0.005506, 0.003449, 0.003448, 0.001888, 30.22, 0.964, 38.46, 0.723, 133.33, 0.540, 53.81, 0.469
27363,291904, 38.70, 57.97, 0.445, 0.867, 0.007154, 0.002512,1,1,0, 0.007721, 0.004171, 0.006769, 0.004118, 38.70, 0.445, 114.28, 0.237, 57.69, 0.104, 0.00, 0.000
27364,291914, 71.85, 63.80, 0.561, 0.566, 0.011336, 0.013070,1,1,0, 0.015201, 0.008530, 0.014211, 0.007402, 71.85, 0.561, 34.09, 0.475, 43.63, 0.366, 0.00, 0.000
27365,291925, 30.84, 49.96, 0.810, 0.810, 0.010626, 0.009159,1,1,0, 0.010146, 0.006636, 0.010160, 0.006435, 30.84, 0.810, 43.01, 0.706, 103.44, 0.310, 66.66, 0.092
27366,291936, 30.22, 41.67, 0.733, 0.736, 0.009854, 0.006418,1,1,0, 0.011178, 0.006010, 0.010364, 0.005404, 30.22, 0.733, 102.56, 0.447, 51.50, 0.198, 40.00, 0.137
27367,291946, 108.10, 69.57, 0.545, 0.552, 0.011116, 0.007334,1,1,0, 0.014589, 0.007895, 0.012579, 0.006473, 108.10, 0.545, 40.54, 0.242, 51.50, 0.041, 0.00, 0.000
27368,291957, 30.53, 58.29, 0.838, 0.830, 0.010258, 0.005139,1,1,0, 0.009086, 0.004660, 0.011317, 0.004958, 30.53, 0.838, 42.70, 0.824, 114.28, 0.416, 65.21, 0.250
27369,291968, 43.79, 52.20, 0.872, 0.881, 0.009471, 0.003601,1,1,0, 0.015113, 0.005274, 0.010248, 0.004226, 43.79, 0.872, 68.96, 0.223, 122.44, 0.199, 32.25, 0.099
27370,291978, 44.28, 48.87, 0.806, 0.816, 0.009021, 0.002524,1,1,0, 0.015391, 0.005831, 0.010463, 0.005381, 44.28, 0.806, 117.64, 0.123, 32.43, 0.101, 0.00, 0.000
27371,291989, 31.91, 47.29, 0.645, 0.686, 0.008489, 0.001768,1,1,0, 0.012942, 0.007048, 0.008582, 0.005462, 31.91, 0.645, 45.11, 0.639, 0.00, 0.000, 0.00, 0.000
27372,292000, 51.28, 48.96, 0.503, 0.535, 0.007846, 0.001239,1,1,0, 0.009659, 0.005150, 0.007452, 0.004003, 51.28, 0.503, 34.78, 0.491, 107.14, 0.119, 0.00, 0.000
27373,292010, 38.09, 44.40, 0.600, 0.600, 0.009459, 0.004285,1,1,0, 0.015703, 0.009191, 0.010626, 0.006667, 38.09, 0.600, 30.15, 0.497, 0.00, 0.000, 0.00, 0.000
27374,292021, 36.47, 41.07, 0.553, 0.557, 0.010760, 0.003003,1,1,0, 0.014020, 0.009419, 0.011431, 0.008778, 36.47, 0.553, 62.50, 0.241, 0.00, 0.000, 0.00, 0.000
27375,292032, 30.84, 49.02, 0.702, 0.708, 0.009830, 0.002104,1,1,0, 0.011342, 0.004836, 0.010641, 0.004139, 30.84, 0.702, 60.00, 0.697, 0.00, 0.000, 0.00, 0.000
27376,292042, 62.50, 54.68, 0.696, 0.709, 0.008762, 0.001474,1,1,0, 0.004500, 0.001936, 0.002938, 0.001552, 62.50, 0.696, 32.87, 0.505, 0.00, 0.000, 0.00, 0.000
27377,292053, 70.58, 61.36, 0.551, 0.551, 0.007889, 0.001033,1,1,0, 0.004431, 0.002356, 0.003782, 0.001973, 70.58, 0.551, 38.21, 0.397, 0.00, 0.000, 0.00, 0.000
27378,292064, 30.22, 48.28, 0.814, 0.814, 0.007456, 0.000724,1,1,0, 0.010741, 0.006101, 0.006349, 0.004656, 30.22, 0.814, 43.95, 0.179, 85.10, 0.112, 57.14, 0.010
27379,292074, 58.25, 52.47, 0.480, 0.483, 0.009615, 0.006629,1,1,0, 0.011380, 0.008742, 0.010900, 0.006719, 58.25, 0.480, 40.13, 0.219, 0.00, 0.000, 0.00, 0.000
27380,292085, 56.07, 53.98, 0.547, 0.579, 0.008852, 0.004646,1,1,0, 0.010891, 0.005020, 0.006921, 0.004109, 56.07, 0.547, 32.69, 0.081, 0.00, 0.000, 0.00, 0.000
27381,292096, 54.54, 54.22, 0.727, 0.788, 0.007980, 0.003255,1,1,0, 0.007341, 0.004073, 0.005676, 0.002580, 54.54, 0.727, 0.00, 0.000, 0.00, 0.000, 0.00, 0.000
27382,292106, 30.69, 44.33, 0.779, 0.786, 0.007307, 0.002281,1,1,0, 0.011406, 0.006167, 0.004243, 0.002895, 30.69, 0.779, 59.40, 0.634, 0.00, 0.000, 0.00, 0.000
27383,292117, 52.40, 44.33, 0.210, 0.707, 0.028096, 0.048896,1,1,0, 0.035451, 0.021265, 0.035688, 0.017815, 52.40, 0.210, 43.63, 0.119, 0.00, 0.000, 0.00, 0.000
27384,292128, 50.84, 44.66, 0.463, 0.513, 0.025689, 0.034265,1,1,0, 0.030869, 0.011651, 0.020641, 0.009903, 50.84, 0.463, 45.11, 0.450, 0.00, 0.000, 0.00, 0.000
27385,292138, 63.15, 52.43, 0.487, 0.487, 0.023711, 0.024012,1,1,0, 0.027163, 0.015009, 0.021094, 0.011690, 63.15, 0.487, 38.70, 0.011, 0.00, 0.000, 0.00, 0.000
27386,292149, 31.25, 43.53, 0.926, 0.936, 0.021814, 0.016827,1,1,0, 0.018556, 0.010430, 0.017422, 0.009531, 31.25, 0.926, 62.82, 0.904, 0.00, 0.000, 0.00, 0.000
27387,292160, 63.15, 51.77, 0.900, 0.914, 0.019703, 0.011792,1,1,0, 0.018647, 0.007930, 0.015140, 0.006547, 63.15, 0.900, 31.41, 0.610, 0.00, 0.000, 0.00, 0.000
27388,292170, 30.15, 42.69, 0.915, 0.932, 0.018282, 0.008263,1,1,0, 0.018696, 0.012225, 0.018451, 0.010327, 30.15, 0.915, 60.60, 0.885, 0.00, 0.000, 0.00, 0.000
27389,292181, 30.92, 37.75, 0.967, 0.976, 0.018777, 0.006556,1,1,0, 0.022814, 0.014360, 0.020207, 0.013224, 30.92, 0.967, 61.85, 0.910, 0.00, 0.000, 0.00, 0.000
27390,292192, 63.49, 48.56, 0.922, 0.942, 0.017316, 0.004594,1,1,0, 0.017494, 0.009904, 0.014626, 0.007729, 63.49, 0.922, 30.69, 0.893, 0.00, 0.000, 0.00, 0.000
27391,292202, 31.74, 41.49, 0.982, 0.987, 0.017067, 0.004523,1,1,0, 0.018824, 0.011125, 0.019109, 0.010172, 31.74, 0.982, 63.49, 0.974, 0.00, 0.000, 0.00, 0.000
27392,292213, 62.82, 50.45, 0.988, 0.991, 0.016938, 0.004935,1,1,0, 0.016892, 0.011863, 0.018084, 0.010663, 62.82, 0.988, 31.49, 0.986, 0.00, 0.000, 0.00, 0.000
27393,292224, 63.15, 55.79, 0.991, 0.993, 0.015473, 0.003458,1,1,0, 0.014803, 0.007309, 0.010157, 0.005693, 63.15, 0.991, 31.49, 0.988, 0.00, 0.000, 0.00, 0.000
27394,292234, 31.00, 45.38, 0.993, 0.995, 0.014327, 0.002423,1,1,0, 0.014774, 0.008714, 0.014703, 0.007845, 31.00, 0.993, 62.17, 0.975, 0.00, 0.000, 0.00, 0.000
27395,292245, 30.92, 39.31, 0.991, 0.993, 0.014484, 0.004891,1,1,0, 0.016697, 0.010629, 0.015509, 0.009556, 30.92, 0.991, 61.85, 0.968, 0.00, 0.000, 0.00, 0.000
27396,292256, 62.50, 49.05, 0.981, 0.986, 0.013391, 0.003427,1,1,0, 0.015904, 0.008461, 0.011757, 0.006705, 62.50, 0.981, 31.00, 0.935, 0.00, 0.000, 0.00, 0.000
27397,292266, 31.00, 41.47, 0.994, 0.995, 0.013215, 0.003336,1,1,0, 0.015599, 0.009578, 0.014645, 0.008226, 31.00, 0.994, 62.17, 0.993, 0.00, 0.000, 0.00, 0.000
27398,292277, 31.49, 37.28, 0.996, 0.997, 0.014391, 0.007075,1,1,0, 0.017647, 0.011218, 0.015860, 0.010317, 31.49, 0.996, 62.82, 0.985, 0.00, 0.000, 0.00, 0.000
27399,292288, 31.41, 34.81, 0.993, 0.995, 0.013187, 0.004958,1,1,0, 0.012698, 0.006928, 0.010667, 0.005500, 31.41, 0.993, 63.49, 0.968, 0.00, 0.000, 0.00, 0.000
27400,292298, 31.25, 33.31, 0.914, 0.938, 0.012351, 0.003474,1,1,0, 0.012113, 0.007884, 0.010887, 0.007190, 31.25, 0.914, 62.50, 0.913, 0.00, 0.000, 0.00, 0.000
27401,292309, 59.11, 44.15, 0.872, 0.882, 0.011508, 0.002435,1,1,0, 0.018192, 0.009949, 0.011866, 0.006712, 59.11, 0.872, 0.00, 0.000, 0.00, 0.000, 0.00, 0.000
27402,292320, 57.14, 49.60, 0.819, 0.829, 0.012727, 0.007608,1,1,0, 0.013050, 0.007453, 0.015721, 0.007977, 57.14, 0.819, 0.00, 0.000, 0.00, 0.000, 0.00, 0.000
27403,292330, 56.87, 52.65, 0.910, 0.928, 0.012909, 0.006662,1,1,0, 0.014967, 0.010134, 0.014698, 0.008262, 56.87, 0.910, 0.00, 0.000, 0.00, 0.000, 0.00, 0.000
27404,292341, 57.41, 54.65, 0.900, 0.928, 0.011556, 0.004669,1,1,0, 0.009903, 0.004308, 0.005318, 0.002703, 57.41, 0.900, 0.00, 0.000, 0.00, 0.000, 0.00, 0.000
27405,292352, 57.41, 55.81, 0.922, 0.944, 0.010641, 0.003271,1,1,0, 0.016569, 0.010134, 0.008612, 0.005133, 57.41, 0.922, 0.00, 0.000, 0.00, 0.000, 0.00, 0.000
27406,292362, 59.70, 57.44, 0.799, 0.855, 0.009848, 0.002292,1,1,0, 0.006925, 0.003524, 0.008525, 0.005036, 59.70, 0.799, 30.45, 0.713, 0.00, 0.000, 0.00, 0.000
27407,292373, 63.49, 57.44, 0.301, 0.770, 0.009652, 0.006244,1,1,0, 0.011338, 0.004734, 0.011468, 0.004498, 63.49, 0.301, 70.17, 0.293, 37.85, 0.255, 41.37, 0.176
27408,292384, 50.20, 57.44, 0.341, 0.693, 0.015957, 0.022547,1,1,0, 0.029736, 0.013653, 0.022902, 0.011702, 50.20, 0.341, 93.75, 0.073, 0.00, 0.000, 0.00, 0.000
27409,292394, 56.33, 56.98, 0.547, 0.605, 0.017847, 0.015801,1,1,0, 0.024626, 0.013004, 0.021032, 0.010345, 56.33, 0.547, 0.00, 0.000, 0.00, 0.000, 0.00, 0.000
27410,292405, 56.60, 56.82, 0.758, 0.817, 0.016356, 0.011073,1,1,0, 0.012821, 0.007294, 0.012628, 0.007441, 56.60, 0.758, 35.71, 0.152, 0.00, 0.000, 0.00, 0.000
27411,292416, 57.14, 56.95, 0.693, 0.775, 0.014885, 0.007759,1,1,0, 0.009865, 0.005264, 0.010327, 0.005409, 57.14, 0.693, 0.00, 0.000, 0.00, 0.000, 0.00, 0.000
27412,292426, 41.81, 50.59, 0.647, 0.647, 0.013740, 0.005437,1,1,0, 0.012258, 0.007202, 0.011915, 0.006639, 41.81, 0.647, 59.70, 0.271, 90.22, 0.011, 0.00, 0.000
27413,292437, 41.52, 46.78, 0.557, 0.563, 0.012606, 0.003810,1,1,0, 0.020078, 0.010366, 0.012424, 0.006263, 41.52, 0.557, 55.81, 0.207, 127.65, 0.187, 0.00, 0.000
27414,292448, 41.09, 44.39, 0.495, 0.511, 0.012011, 0.002670,1,1,0, 0.016849, 0.009719, 0.012541, 0.007822, 41.09, 0.495, 55.81, 0.403, 126.31, 0.162, 0.00, 0.000
27415,292458, 40.81, 42.89, 0.518, 0.550, 0.013558, 0.009723,1,1,0, 0.016399, 0.011266, 0.016759, 0.008815, 40.81, 0.518, 55.29, 0.425, 0.00, 0.000, 0.00, 0.000
27416,292469, 51.28, 46.41, 0.616, 0.616, 0.012718, 0.006813,1,1,0, 0.013573, 0.008720, 0.012924, 0.007671, 51.28, 0.616, 0.00, 0.000, 0.00, 0.000, 0.00, 0.000
27417,292480, 59.40, 46.41, 0.438, 0.554, 0.043805, 0.049153,1,1,0, 0.101688, 0.056420, 0.049353, 0.028859, 59.40, 0.438, 0.00, 0.000, 0.00, 0.000, 0.00, 0.000
27418,292490, 30.37, 39.68, 0.855, 0.855, 0.132248, 0.136568,1,1,0, 0.205529, 0.133224, 0.156900, 0.094408, 30.37, 0.855, 68.18, 0.108, 0.00, 0.000, 0.00, 0.000
27419,292501, 32.00, 36.45, 0.867, 0.870, 0.125062, 0.095704,1,1,0, 0.140269, 0.092975, 0.105402, 0.081182, 32.00, 0.867, 52.63, 0.449, 0.00, 0.000, 0.00, 0.000
27420,292512, 52.17, 43.05, 0.684, 0.687, 0.114757, 0.067067,1,1,0, 0.073169, 0.048208, 0.089024, 0.054876, 52.17, 0.684, 0.00, 0.000, 0.00, 0.000, 0.00, 0.000
27421,292522, 50.84, 46.32, 0.865, 0.872, 0.102874, 0.046999,1,1,0, 0.033273, 0.023970, 0.033534, 0.022179, 50.84, 0.865, 0.00, 0.000, 0.00, 0.000, 0.00, 0.000
27422,292533, 44.94, 45.74, 0.922, 0.944, 0.091771, 0.032936,1,1,0, 0.027461, 0.017826, 0.021750, 0.015287, 44.94, 0.922, 0.00, 0.000, 0.00, 0.000, 0.00, 0.000
27423,292544, 43.32, 44.72, 0.856, 0.896, 0.081980, 0.023081,1,1,0, 0.030718, 0.020348, 0.021152, 0.015093, 43.32, 0.856, 0.00, 0.000, 0.00, 0.000, 0.00, 0.000
27424,292554, 48.19, 46.18, 0.943, 0.959, 0.073259, 0.016174,1,1,0, 0.021832, 0.013143, 0.018489, 0.013204, 48.19, 0.943, 0.00, 0.000, 0.00, 0.000, 0.00, 0.000
27425,292565, 50.84, 48.14, 0.980, 0.986, 0.065350, 0.011334,1,1,0, 0.019470, 0.013079, 0.016566, 0.011086, 50.84, 0.980, 0.00, 0.000, 0.00, 0.000, 0.00, 0.000
27426,292576, 51.94, 49.74, 0.987, 0.991, 0.058253, 0.007943,1,1,0, 0.015541, 0.010265, 0.012066, 0.009078, 51.94, 0.987, 0.00, 0.000, 0.00, 0.000, 0.00, 0.000
27427,292586, 52.86, 51.05, 0.965, 0.975, 0.051497, 0.005566,1,1,0, 0.008525, 0.005300, 0.009173, 0.004504, 52.86, 0.965, 0.00, 0.000, 0.00, 0.000, 0.00, 0.000
27428,292597, 53.57, 52.11, 0.919, 0.941, 0.045561, 0.003900,1,1,0, 0.010823, 0.005413, 0.007871, 0.004730, 53.57, 0.919, 0.00, 0.000, 0.00, 0.000, 0.00, 0.000
27429,292608, 53.81, 52.82, 0.851, 0.893, 0.040046, 0.002733,1,1,0, 0.003001, 0.001792, 0.002514, 0.001593, 53.81, 0.851, 0.00, 0.000, 0.00, 0.000, 0.00, 0.000
27430,292618, 55.29, 53.86, 0.623, 0.692, 0.035325, 0.001915,1,1,0, 0.005448, 0.002721, 0.004700, 0.002597, 55.29, 0.623, 39.73, 0.270, 31.66, 0.178, 72.72, 0.160
27431,292629, 39.73, 54.25, 0.661, 0.667, 0.031076, 0.001342,1,1,0, 0.005039, 0.001988, 0.003900, 0.001669, 39.73, 0.661, 54.79, 0.598, 31.66, 0.479, 79.47, 0.295
27432,292640, 54.29, 54.27, 0.748, 0.818, 0.027475, 0.000940,1,1,0, 0.005722, 0.002823, 0.005765, 0.002689, 54.29, 0.748, 32.34, 0.565, 80.53, 0.557, 39.34, 0.467
27433,292650, 55.29, 54.70, 0.693, 0.774, 0.024312, 0.000659,1,1,0, 0.007568, 0.003098, 0.006158, 0.002470, 55.29, 0.693, 32.96, 0.480, 81.63, 0.458, 162.16, 0.254
27434,292661, 32.34, 54.43, 0.761, 0.729, 0.021741, 0.000462,1,1,0, 0.008080, 0.005272, 0.006940, 0.004229, 32.34, 0.761, 54.05, 0.651, 79.47, 0.031, 0.00, 0.000
27435,292672, 53.33, 53.97, 0.809, 0.862, 0.019382, 0.000323,1,1,0, 0.007992, 0.003951, 0.005372, 0.003195, 53.33, 0.809, 0.00, 0.000, 0.00, 0.000, 0.00, 0.000
27436,292682, 53.09, 53.60, 0.818, 0.869, 0.017211, 0.000226,1,1,0, 0.005234, 0.003059, 0.004748, 0.002500, 53.09, 0.818, 0.00, 0.000, 0.00, 0.000, 0.00, 0.000
27437,292693, 55.04, 54.20, 0.857, 0.897, 0.015295, 0.000159,1,1,0, 0.003514, 0.002042, 0.003531, 0.002060, 55.04, 0.857, 0.00, 0.000, 0.00, 0.000, 0.00, 0.000
27438,292704, 57.69, 55.67, 0.766, 0.827, 0.013608, 0.000111,1,1,0, 0.003549, 0.002332, 0.003023, 0.001896, 57.69, 0.766, 31.25, 0.752, 0.00, 0.000, 0.00, 0.000
27439,292714, 57.69, 56.52, 0.712, 0.782, 0.012244, 0.000078,1,1,0, 0.005638, 0.003491, 0.003670, 0.002765, 57.69, 0.712, 0.00, 0.000, 0.00, 0.000, 0.00, 0.000
27440,292725, 55.81, 56.22, 0.943, 0.959, 0.011007, 0.000054,1,1,0, 0.005075, 0.003343, 0.004256, 0.002552, 55.81, 0.943, 0.00, 0.000, 0.00, 0.000, 0.00, 0.000
27441,292736, 54.29, 55.41, 0.865, 0.903, 0.009912, 0.000038,1,1,0, 0.006005, 0.003316, 0.004927, 0.002663, 54.29, 0.865, 0.00, 0.000, 0.00, 0.000, 0.00, 0.000
27442,292746, 53.09, 54.44, 0.869, 0.906, 0.008872, 0.000026,1,1,0, 0.002783, 0.001479, 0.002904, 0.001772, 53.09, 0.869, 0.00, 0.000, 0.00, 0.000, 0.00, 0.000
27443,292757, 53.33, 53.97, 0.829, 0.877, 0.007938, 0.000018,1,1,0, 0.002473, 0.001714, 0.002223, 0.001483, 53.33, 0.829, 0.00, 0.000, 0.00, 0.000, 0.00, 0.000
27444,292768, 54.79, 54.31, 0.777, 0.840, 0.007232, 0.000013,1,1,0, 0.004697, 0.003272, 0.004540, 0.002640, 54.79, 0.777, 0.00, 0.000, 0.00, 0.000, 0.00, 0.000
27445,292778, 55.55, 54.83, 0.875, 0.910, 0.006534, 0.000009,1,1,0, 0.004365, 0.002561, 0.003566, 0.001886, 55.55, 0.875, 0.00, 0.000, 0.00, 0.000, 0.00, 0.000
27446,292789, 55.55, 55.13, 0.882, 0.915, 0.005990, 0.000006,1,1,0, 0.006786, 0.003491, 0.005200, 0.002822, 55.55, 0.882, 0.00, 0.000, 0.00, 0.000, 0.00, 0.000
27447,292800, 55.81, 55.42, 0.891, 0.922, 0.005430, 0.000004,1,1,0, 0.002629, 0.001925, 0.003407, 0.001898, 55.81, 0.891, 0.00, 0.000, 0.00, 0.000, 0.00, 0.000
27448,292810, 53.81, 54.74, 0.880, 0.913, 0.005006, 0.000200,1,1,0, 0.006474, 0.003291, 0.005346, 0.002603, 53.81, 0.880, 0.00, 0.000, 0.00, 0.000, 0.00, 0.000
27449,292821, 53.57, 54.25, 0.832, 0.879, 0.004612, 0.000140,1,1,0, 0.004426, 0.002306, 0.004420, 0.002280, 53.57, 0.832, 0.00, 0.000, 0.00, 0.000, 0.00, 0.000
27450,292832, 42.40, 54.90, 0.612, 0.663, 0.004229, 0.000098,1,1,0, 0.005134, 0.003071, 0.003679, 0.001884, 42.40, 0.612, 55.81, 0.585, 0.00, 0.000, 0.00, 0.000
27451,292842, 43.95, 54.90, 0.487, 0.596, 0.004656, 0.006005,1,1,0, 0.005828, 0.003071, 0.006270, 0.003067, 43.95, 0.487, 56.87, 0.350, 0.00, 0.000, 0.00, 0.000
27452,292853, 63.15, 54.90, 0.440, 0.537, 0.013799, 0.029974,1,1,0, 0.026047, 0.011739, 0.020386, 0.008344, 63.15, 0.440, 39.21, 0.097, 99.17, 0.055, 0.00, 0.000
27453,292864, 36.14, 47.02, 0.512, 0.516, 0.023002, 0.021005,1,1,0, 0.029986, 0.017616, 0.028018, 0.016599, 36.14, 0.512, 81.63, 0.458, 69.36, 0.395, 55.04, 0.128
27454,292874, 31.57, 40.53, 0.563, 0.563, 0.020654, 0.014720,1,1,0, 0.014300, 0.007007, 0.009954, 0.004737, 31.57, 0.563, 35.50, 0.492, 78.94, 0.180, 54.05, 0.104
27455,292885, 45.28, 42.53, 0.734, 0.749, 0.018846, 0.010315,1,1,0, 0.015324, 0.008658, 0.015748, 0.007858, 45.28, 0.734, 40.81, 0.391, 80.53, 0.136, 0.00, 0.000
27456,292896, 43.47, 42.92, 0.446, 0.511, 0.019970, 0.012161,1,1,0, 0.028927, 0.017201, 0.022681, 0.013890, 43.47, 0.446, 74.53, 0.107, 59.40, 0.040, 0.00, 0.000
27457,292906, 67.79, 53.37, 0.669, 0.669, 0.018569, 0.008522,1,1,0, 0.026316, 0.010905, 0.018353, 0.010171, 67.79, 0.669, 0.00, 0.000, 0.00, 0.000, 0.00, 0.000
27458,292917, 54.79, 53.37, 0.303, 0.602, 0.016852, 0.005972,1,1,0, 0.012081, 0.007410, 0.012047, 0.006043, 54.79, 0.303, 69.76, 0.282, 0.00, 0.000, 0.00, 0.000
27459,292928, 47.05, 50.72, 0.776, 0.786, 0.015152, 0.004185,1,1,0, 0.007576, 0.004475, 0.006843, 0.003788, 47.05, 0.776, 0.00, 0.000, 0.00, 0.000, 0.00, 0.000
27460,292938, 45.28, 51.42, 0.702, 0.633, 0.013559, 0.002933,1,1,0, 0.007287, 0.003727, 0.007713, 0.003103, 45.28, 0.702, 52.40, 0.575, 0.00, 0.000, 0.00, 0.000
27461,292949, 55.04, 52.94, 0.688, 0.725, 0.012278, 0.002055,1,1,0, 0.009449, 0.005543, 0.009910, 0.004126, 55.04, 0.688, 45.11, 0.372, 0.00, 0.000, 0.00, 0.000
27462,292960, 43.95, 53.41, 0.530, 0.514, 0.011232, 0.001440,1,1,0, 0.010327, 0.005114, 0.008808, 0.004540, 43.95, 0.530, 54.05, 0.448, 210.52, 0.158, 0.00, 0.000
27463,292970, 39.47, 53.41, 0.535, 0.462, 0.010181, 0.001009,1,1,0, 0.010341, 0.003633, 0.010277, 0.003670, 39.47, 0.535, 42.70, 0.411, 52.40, 0.380, 171.42, 0.224
27464,292981, 37.61, 46.77, 0.640, 0.644, 0.009263, 0.000707,1,1,0, 0.008280, 0.003698, 0.006192, 0.003309, 37.61, 0.640, 48.78, 0.479, 153.84, 0.392, 30.53, 0.323
27465,292992, 49.79, 46.77, 0.384, 0.579, 0.008430, 0.000495,1,1,0, 0.008530, 0.003321, 0.006904, 0.003035, 49.79, 0.384, 151.89, 0.302, 39.08, 0.291, 43.79, 0.282
27466,293002, 50.63, 48.39, 0.618, 0.655, 0.007661, 0.000347,1,1,0, 0.006227, 0.003161, 0.004493, 0.002583, 50.63, 0.618, 44.11, 0.421, 151.89, 0.335, 37.61, 0.333
27467,293013, 50.20, 49.15, 0.735, 0.792, 0.006912, 0.000243,1,1,0, 0.005392, 0.002527, 0.005356, 0.002172, 50.20, 0.735, 30.15, 0.500, 43.79, 0.332, 75.00, 0.302
27468,293024, 50.63, 49.77, 0.577, 0.647, 0.006345, 0.000170,1,1,0, 0.005721, 0.002981, 0.005235, 0.002815, 50.63, 0.577, 57.97, 0.446, 37.61, 0.326, 74.53, 0.233
27469,293034, 50.00, 49.87, 0.534, 0.606, 0.005820, 0.000119,1,1,0, 0.004242, 0.002589, 0.004712, 0.002491, 50.00, 0.534, 60.30, 0.406, 73.61, 0.321, 37.50, 0.245
27470,293045, 43.47, 47.18, 0.673, 0.689, 0.005360, 0.000261,1,1,0, 0.007176, 0.003669, 0.005730, 0.002616, 43.47, 0.673, 48.38, 0.398, 144.57, 0.359, 61.22, 0.337
27471,293056, 36.47, 47.60, 0.535, 0.502, 0.006983, 0.010442,1,1,0, 0.009624, 0.004246, 0.009468, 0.004024, 36.47, 0.535, 48.19, 0.436, 153.84, 0.397, 41.52, 0.202
27472,293066, 36.58, 48.35, 0.590, 0.502, 0.006461, 0.007318,1,1,0, 0.005998, 0.003318, 0.005501, 0.003091, 36.58, 0.590, 49.38, 0.452, 148.14, 0.338, 72.28, 0.080
27473,293077, 150.00, 48.35, 0.409, 0.452, 0.005902, 0.005128,1,1,0, 0.005463, 0.002907, 0.005258, 0.002419, 150.00, 0.409, 37.26, 0.357, 49.58, 0.304, 73.61, 0.251
27474,293088, 74.07, 59.15, 0.601, 0.618, 0.005686, 0.003593,1,1,0, 0.007023, 0.002840, 0.006810, 0.002878, 74.07, 0.601, 37.15, 0.469, 150.00, 0.461, 49.79, 0.426
27475,293098, 43.32, 52.50, 0.574, 0.577, 0.005529, 0.002518,1,1,0, 0.006557, 0.003886, 0.006045, 0.003493, 43.32, 0.574, 150.00, 0.348, 50.42, 0.343, 33.42, 0.290
27476,293109, 30.30, 43.18, 0.595, 0.601, 0.005682, 0.003161,1,1,0, 0.008356, 0.004149, 0.006934, 0.003816, 30.30, 0.595, 59.11, 0.508, 41.95, 0.484, 144.57, 0.437
27477,293120, 37.26, 42.72, 0.566, 0.518, 0.005805, 0.002975,1,1,0, 0.008258, 0.004220, 0.007184, 0.003444, 37.26, 0.566, 59.11, 0.531, 49.79, 0.489, 42.10, 0.460
27478,293130, 42.55, 42.65, 0.562, 0.619, 0.005331, 0.002085,1,1,0, 0.004966, 0.002509, 0.004603, 0.002392, 42.55, 0.562, 59.11, 0.497, 49.58, 0.413, 37.26, 0.327
27479,293141, 49.58, 42.61, 0.620, 0.525, 0.004974, 0.001461,1,1,0, 0.007140, 0.003513, 0.005399, 0.002807, 49.58, 0.620, 59.40, 0.486, 42.55, 0.457, 37.15, 0.354
27480,293152, 49.58, 45.54, 0.863, 0.873, 0.004675, 0.001024,1,1,0, 0.005236, 0.002851, 0.005129, 0.002717, 49.58, 0.863, 42.55, 0.608, 300.00, 0.496, 58.82, 0.490
27481,293162, 49.58, 47.24, 0.786, 0.832, 0.004314, 0.000717,1,1,0, 0.004955, 0.002259, 0.004433, 0.002106, 49.58, 0.786, 42.55, 0.535, 307.69, 0.496, 59.11, 0.453
27482,293173, 33.05, 48.22, 0.689, 0.693, 0.004042, 0.000529,1,1,0, 0.005767, 0.002797, 0.004554, 0.002256, 33.05, 0.689, 49.58, 0.629, 59.40, 0.537, 307.69, 0.459
27483,293184, 99.17, 48.88, 0.775, 0.783, 0.004681, 0.003986,1,1,0, 0.007000, 0.003478, 0.005654, 0.003264, 99.17, 0.775, 49.79, 0.712, 36.92, 0.615, 33.33, 0.505
27484,293194, 32.69, 49.09, 0.840, 0.826, 0.004315, 0.002793,1,1,0, 0.004227, 0.001908, 0.003940, 0.002058, 32.69, 0.840, 49.38, 0.758, 98.36, 0.743, 75.00, 0.297
27485,293205, 48.38, 48.79, 0.757, 0.825, 0.004006, 0.001957,1,1,0, 0.004619, 0.002335, 0.003872, 0.002130, 48.38, 0.757, 97.56, 0.708, 32.17, 0.689, 42.70, 0.496
27486,293216, 95.23, 68.30, 0.744, 0.769, 0.004108, 0.002379,1,1,0, 0.005836, 0.002416, 0.005046, 0.002098, 95.23, 0.744, 47.43, 0.698, 31.49, 0.685, 0.00, 0.000
27487,293226, 93.75, 78.99, 0.750, 0.772, 0.003788, 0.001667,1,1,0, 0.003770, 0.002013, 0.003297, 0.001813, 93.75, 0.750, 46.87, 0.572, 32.43, 0.534, 0.00, 0.000
27488,293237, 90.90, 78.99, 0.369, 0.695, 0.003479, 0.001168,1,1,0, 0.002966, 0.001710, 0.002594, 0.001549, 90.90, 0.369, 48.97, 0.256, 36.92, 0.123, 0.00, 0.000
27489,293248, 38.09, 61.81, 0.680, 0.683, 0.003367, 0.000818,1,1,0, 0.005443, 0.002942, 0.003693, 0.002122, 38.09, 0.680, 53.09, 0.354, 80.53, 0.351, 32.52, 0.002
27490,293258, 32.69, 49.58, 0.649, 0.652, 0.003117, 0.000573,1,1,0, 0.002934, 0.001465, 0.002835, 0.001593, 32.69, 0.649, 73.17, 0.416, 0.00, 0.000, 0.00, 0.000
27491,293269, 34.38, 43.20, 0.503, 0.509, 0.002803, 0.000402,1,1,0, 0.001414, 0.000700, 0.001116, 0.000679, 34.38, 0.503, 83.91, 0.469, 41.66, 0.263, 0.00, 0.000
27492,293280, 32.78, 38.82, 0.660, 0.670, 0.002825, 0.001505,1,1,0, 0.003767, 0.001778, 0.003387, 0.001658, 32.78, 0.660, 76.43, 0.326, 55.29, 0.255, 0.00, 0.000
27493,293290, 31.33, 38.62, 0.591, 0.510, 0.002639, 0.001054,1,1,0, 0.002914, 0.001611, 0.002605, 0.001464, 31.33, 0.591, 75.47, 0.527, 53.33, 0.485, 38.33, 0.446
27494,293301, 40.40, 39.37, 0.658, 0.701, 0.003492, 0.003922,1,1,0, 0.004723, 0.002371, 0.004441, 0.001956, 40.40, 0.658, 77.92, 0.456, 32.60, 0.222, 151.89, 0.162
27495,293312, 36.58, 39.37, 0.250, 0.631, 0.003768, 0.003037,1,1,0, 0.004333, 0.002423, 0.004527, 0.002393, 36.58, 0.250, 93.02, 0.213, 39.60, 0.199, 47.61, 0.141
27496,293322, 47.61, 42.83, 0.623, 0.629, 0.003354, 0.002128,1,1,0, 0.001865, 0.000966, 0.001412, 0.000559, 47.61, 0.623, 30.76, 0.434, 35.82, 0.337, 96.77, 0.284
27497,293333, 49.58, 45.67, 0.539, 0.548, 0.003086, 0.001491,1,1,0, 0.003531, 0.001662, 0.003048, 0.001490, 49.58, 0.539, 37.15, 0.412, 105.26, 0.310, 0.00, 0.000
27498,293344, 37.15, 42.09, 0.771, 0.781, 0.003181, 0.001829,1,1,0, 0.004073, 0.001885, 0.004018, 0.001787, 37.15, 0.771, 133.33, 0.355, 50.20, 0.353, 68.18, 0.149
27499,293354, 127.65, 42.09, 0.378, 0.703, 0.002832, 0.001282,1,1,0, 0.001859, 0.000694, 0.000941, 0.000462, 127.65, 0.378, 41.09, 0.322, 66.29, 0.225, 0.00, 0.000
27500,293365, 33.80, 38.61, 0.639, 0.640, 0.002556, 0.000898,1,1,0, 0.002563, 0.001001, 0.002042, 0.000821, 33.80, 0.639, 127.65, 0.368, 48.58, 0.208, 65.57, 0.096
27501,293376, 34.28, 36.79, 0.637, 0.654, 0.002337, 0.000629,1,1,0, 0.003771, 0.001675, 0.002211, 0.001039, 34.28, 0.637, 131.86, 0.378, 45.11, 0.158, 51.50, 0.008
27502,293386, 137.93, 79.27, 0.593, 0.611, 0.002309, 0.000444,1,1,0, 0.003007, 0.001766, 0.002423, 0.001672, 137.93, 0.593, 44.94, 0.450, 39.08, 0.406, 34.48, 0.387
27503,293397, 43.47, 64.23, 0.635, 0.648, 0.002493, 0.001415,1,1,0, 0.003187, 0.001908, 0.003015, 0.001832, 43.47, 0.635, 136.36, 0.622, 65.57, 0.412, 33.05, 0.381
27504,293408, 44.60, 94.53, 0.693, 0.637, 0.002717, 0.003175,1,1,0, 0.003299, 0.001986, 0.003625, 0.001671, 44.60, 0.693, 136.36, 0.613, 67.03, 0.596, 34.09, 0.346
27505,293418, 45.28, 73.84, 0.841, 0.858, 0.003228, 0.002521,1,1,0, 0.004514, 0.002415, 0.003977, 0.002264, 45.28, 0.841, 68.18, 0.762, 33.70, 0.687, 133.33, 0.657
27506,293429, 69.36, 71.96, 0.841, 0.885, 0.002990, 0.001766,1,1,0, 0.003574, 0.001712, 0.002978, 0.001554, 69.36, 0.841, 34.68, 0.822, 45.80, 0.758, 137.93, 0.686
27507,293440, 46.51, 56.09, 0.796, 0.741, 0.005250, 0.006089,1,1,0, 0.007904, 0.004333, 0.006624, 0.003968, 46.51, 0.796, 34.18, 0.724, 68.96, 0.640, 131.86, 0.508
27508,293450, 45.97, 51.84, 0.810, 0.825, 0.004864, 0.004267,1,1,0, 0.004967, 0.002732, 0.003569, 0.002380, 45.97, 0.810, 33.99, 0.653, 67.41, 0.572, 134.83, 0.479
27509,293461, 45.45, 49.16, 0.728, 0.753, 0.005337, 0.004371,1,1,0, 0.007204, 0.003216, 0.006451, 0.002882, 45.45, 0.728, 33.70, 0.695, 66.29, 0.621, 137.93, 0.385
27510,293472, 47.24, 48.35, 0.661, 0.728, 0.006098, 0.003644,1,1,0, 0.009803, 0.005194, 0.007077, 0.004323, 47.24, 0.661, 68.96, 0.370, 141.17, 0.312, 35.39, 0.294
27511,293482, 30.92, 41.03, 0.759, 0.759, 0.005573, 0.002554,1,1,0, 0.005492, 0.002768, 0.004036, 0.002171, 30.92, 0.759, 50.84, 0.494, 75.94, 0.189, 153.84, 0.045
27512,293493, 48.19, 44.04, 0.491, 0.494, 0.005300, 0.001790,1,1,0, 0.006446, 0.003661, 0.005633, 0.003124, 48.19, 0.491, 35.60, 0.217, 83.33, 0.016, 0.00, 0.000
27513,293504, 34.38, 44.04, 0.383, 0.445, 0.006567, 0.006982,1,1,0, 0.008087, 0.004755, 0.008079, 0.003984, 34.38, 0.383, 53.09, 0.341, 110.09, 0.309, 0.00, 0.000
27514,293514, 56.87, 49.43, 0.734, 0.739, 0.006241, 0.004893,1,1,0, 0.007206, 0.002884, 0.007833, 0.002839, 56.87, 0.734, 38.09, 0.538, 115.38, 0.450, 0.00, 0.000
27515,293525, 58.82, 53.37, 0.730, 0.736, 0.005805, 0.003429,1,1,0, 0.007688, 0.003878, 0.005393, 0.003369, 58.82, 0.730, 39.86, 0.519, 117.64, 0.292, 0.00, 0.000
27516,293536, 30.07, 56.41, 0.903, 0.863, 0.005291, 0.002402,1,1,0, 0.004202, 0.002446, 0.002719, 0.001868, 30.07, 0.903, 60.60, 0.834, 41.52, 0.332, 121.21, 0.108
27517,293546, 31.66, 58.83, 0.746, 0.738, 0.004714, 0.001683,1,1,0, 0.003451, 0.001422, 0.002366, 0.000899, 31.66, 0.746, 62.17, 0.690, 44.94, 0.189, 134.83, 0.027
27518,293557, 59.11, 58.95, 0.400, 0.477, 0.004295, 0.001180,1,1,0, 0.002969, 0.001661, 0.002685, 0.001539, 59.11, 0.400, 35.71, 0.286, 130.43, 0.138, 0.00, 0.000
27519,293568, 35.29, 49.01, 0.555, 0.558, 0.003878, 0.000826,1,1,0, 0.002461, 0.001188, 0.002076, 0.001095, 35.29, 0.555, 49.18, 0.532, 113.20, 0.300, 0.00, 0.000
27520,293578, 61.22, 49.01, 0.309, 0.502, 0.003482, 0.000579,1,1,0, 0.002427, 0.001202, 0.002031, 0.000958, 61.22, 0.309, 129.03, 0.300, 45.62, 0.232, 34.48, 0.013
27521,293589, 63.49, 55.09, 0.633, 0.636, 0.003200, 0.000406,1,1,0, 0.003631, 0.001656, 0.002435, 0.001359, 63.49, 0.633, 43.47, 0.115, 123.71, 0.046, 0.00, 0.000
27522,293600, 51.06, 53.40, 0.476, 0.507, 0.003316, 0.001401,1,1,0, 0.006447, 0.002979, 0.003630, 0.002006, 51.06, 0.476, 37.97, 0.243, 139.53, 0.083, 0.00, 0.000
27523,293610, 53.33, 53.37, 0.416, 0.467, 0.003115, 0.000981,1,1,0, 0.004606, 0.001666, 0.002980, 0.001905, 53.33, 0.416, 134.83, 0.082, 36.58, 0.048, 0.00, 0.000
27524,293621, 35.82, 46.00, 0.672, 0.679, 0.002924, 0.000688,1,1,0, 0.003542, 0.002190, 0.002990, 0.001815, 35.82, 0.672, 47.80, 0.452, 136.36, 0.060, 0.00, 0.000
27525,293632, 46.87, 46.36, 0.750, 0.812, 0.002883, 0.001372,1,1,0, 0.003987, 0.002063, 0.003253, 0.001608, 46.87, 0.750, 35.29, 0.439, 137.93, 0.159, 0.00, 0.000
27526,293642, 48.00, 47.05, 0.738, 0.806, 0.002692, 0.000961,1,1,0, 0.002826, 0.001758, 0.002626, 0.001523, 48.00, 0.738, 36.03, 0.123, 148.14, 0.109, 71.00, 0.062
27527,293653, 47.80, 47.37, 0.666, 0.744, 0.002556, 0.000673,1,1,0, 0.003334, 0.001654, 0.002643, 0.001742, 47.80, 0.666, 34.48, 0.361, 69.36, 0.298, 0.00, 0.000
27528,293664, 35.39, 47.16, 0.669, 0.733, 0.002317, 0.000472,1,1,0, 0.003156, 0.001163, 0.002181, 0.000897, 35.39, 0.669, 46.87, 0.655, 70.17, 0.299, 142.85, 0.204
27529,293674, 46.69, 46.96, 0.403, 0.480, 0.002736, 0.002814,1,1,0, 0.005047, 0.002543, 0.003428, 0.001684, 46.69, 0.403, 35.92, 0.353, 69.36, 0.281, 141.17, 0.219
27530,293685, 35.39, 47.08, 0.494, 0.493, 0.002750, 0.001972,1,1,0, 0.003634, 0.001978, 0.003225, 0.001798, 35.39, 0.494, 47.24, 0.438, 68.57, 0.247, 146.34, 0.116
27531,293696, 47.80, 47.38, 0.656, 0.708, 0.002934, 0.001382,1,1,0, 0.003554, 0.002372, 0.003300, 0.001918, 47.80, 0.656, 65.57, 0.191, 35.39, 0.100, 0.00, 0.000
27532,293706, 47.43, 47.40, 0.828, 0.876, 0.002878, 0.000968,1,1,0, 0.006187, 0.003449, 0.002976, 0.002222, 47.43, 0.828, 0.00, 0.000, 0.00, 0.000, 0.00, 0.000
27533,293717, 46.51, 47.03, 0.941, 0.957, 0.003969, 0.002508,1,1,0, 0.004685, 0.003185, 0.004742, 0.002851, 46.51, 0.941, 0.00, 0.000, 0.00, 0.000, 0.00, 0.000
27534,293728, 46.51, 46.81, 0.913, 0.937, 0.003702, 0.001757,1,1,0, 0.003574, 0.002245, 0.003305, 0.001958, 46.51, 0.913, 0.00, 0.000, 0.00, 0.000, 0.00, 0.000
27535,293738, 47.61, 47.15, 0.763, 0.829, 0.003452, 0.001231,1,1,0, 0.002688, 0.001664, 0.003266, 0.001930, 47.61, 0.763, 34.98, 0.180, 0.00, 0.000, 0.00, 0.000
27536,293749, 35.60, 47.11, 0.709, 0.683, 0.003156, 0.000863,1,1,0, 0.003286, 0.001710, 0.002079, 0.001257, 35.60, 0.709, 47.05, 0.595, 0.00, 0.000, 0.00, 0.000
27537,293760, 35.60, 47.01, 0.749, 0.677, 0.002898, 0.000604,1,1,0, 0.002508, 0.001400, 0.002625, 0.001299, 35.60, 0.749, 46.87, 0.602, 141.17, 0.156, 0.00, 0.000
27538,293770, 35.71, 46.87, 0.624, 0.553, 0.003914, 0.005619,1,1,0, 0.005139, 0.002368, 0.005042, 0.002077, 35.71, 0.624, 46.69, 0.478, 137.93, 0.380, 70.58, 0.073
27539,293781, 40.00, 43.98, 0.611, 0.611, 0.003729, 0.003937,1,1,0, 0.004492, 0.002430, 0.004229, 0.002218, 40.00, 0.611, 56.60, 0.052, 97.56, 0.033, 0.00, 0.000
27540,293792, 35.92, 43.98, 0.433, 0.550, 0.003499, 0.002759,1,1,0, 0.004549, 0.002196, 0.003996, 0.001788, 35.92, 0.433, 92.30, 0.375, 48.19, 0.121, 0.00, 0.000
27541,293802, 90.22, 63.40, 0.641, 0.660, 0.004139, 0.002657,1,1,0, 0.006220, 0.003044, 0.005012, 0.002560, 90.22, 0.641, 46.87, 0.585, 30.07, 0.580, 0.00, 0.000
27542,293813, 49.18, 63.40, 0.377, 0.594, 0.003801, 0.001862,1,1,0, 0.003758, 0.002275, 0.004020, 0.001942, 49.18, 0.377, 40.67, 0.241, 88.88, 0.111, 0.00, 0.000
27543,293824, 52.86, 58.97, 0.550, 0.550, 0.004504, 0.003371,1,1,0, 0.006515, 0.003156, 0.005528, 0.002742, 52.86, 0.550, 32.87, 0.422, 74.07, 0.106, 0.00, 0.000
27544,293834, 50.63, 58.97, 0.430, 0.495, 0.004636, 0.002362,1,1,0, 0.006967, 0.004231, 0.004954, 0.002912, 50.63, 0.430, 34.78, 0.225, 37.38, 0.206, 0.00, 0.000
27545,293845, 41.37, 51.58, 0.784, 0.784, 0.004806, 0.001736,1,1,0, 0.007630, 0.004786, 0.005358, 0.003757, 41.37, 0.784, 0.00, 0.000, 0.00, 0.000, 0.00, 0.000
27546,293856, 57.97, 54.26, 0.598, 0.616, 0.010464, 0.011735,1,1,0, 0.015730, 0.009455, 0.012822, 0.008601, 57.97, 0.598, 37.26, 0.296, 0.00, 0.000, 0.00, 0.000
27547,293866, 31.41, 44.66, 0.807, 0.815, 0.010015, 0.008224,1,1,0, 0.013396, 0.007896, 0.010639, 0.006489, 31.41, 0.807, 64.86, 0.758, 0.00, 0.000, 0.00, 0.000
27548,293877, 66.29, 53.75, 0.510, 0.514, 0.008882, 0.005763,1,1,0, 0.005389, 0.003474, 0.002696, 0.001188, 66.29, 0.510, 0.00, 0.000, 0.00, 0.000, 0.00, 0.000
27549,293888, 39.08, 47.59, 0.806, 0.806, 0.008350, 0.004038,1,1,0, 0.009502, 0.005744, 0.008394, 0.005285, 39.08, 0.806, 71.85, 0.396, 0.00, 0.000, 0.00, 0.000
27550,293898, 39.08, 44.02, 0.729, 0.736, 0.008540, 0.002830,1,1,0, 0.010349, 0.006889, 0.009291, 0.005964, 39.08, 0.729, 75.94, 0.357, 0.00, 0.000, 0.00, 0.000
27551,293909, 33.42, 39.57, 0.803, 0.811, 0.008044, 0.001983,1,1,0, 0.010467, 0.005308, 0.008414, 0.004731, 33.42, 0.803, 69.76, 0.689, 0.00, 0.000, 0.00, 0.000
27552,293920, 34.58, 37.47, 0.970, 0.978, 0.008347, 0.002149,1,1,0, 0.010510, 0.007129, 0.009382, 0.006269, 34.58, 0.970, 69.36, 0.827, 0.00, 0.000, 0.00, 0.000
27553,293930, 36.03, 36.87, 0.721, 0.799, 0.007524, 0.001506,1,1,0, 0.003332, 0.002013, 0.003990, 0.002105, 36.03, 0.721, 68.57, 0.621, 0.00, 0.000, 0.00, 0.000
27554,293941, 44.77, 40.19, 0.757, 0.757, 0.006977, 0.001055,1,1,0, 0.007374, 0.004163, 0.006067, 0.003485, 44.77, 0.757, 78.94, 0.309, 0.00, 0.000, 0.00, 0.000
27555,293952, 43.47, 41.57, 0.639, 0.679, 0.006502, 0.000739,1,1,0, 0.007226, 0.004408, 0.005670, 0.003499, 43.47, 0.639, 86.95, 0.183, 0.00, 0.000, 0.00, 0.000
27556,293962, 65.21, 51.50, 0.533, 0.533, 0.005957, 0.000518,1,1,0, 0.004495, 0.003029, 0.003686, 0.002421, 65.21, 0.533, 34.88, 0.220, 0.00, 0.000, 0.00, 0.000
27557,293973, 57.69, 54.10, 0.832, 0.845, 0.005397, 0.000363,1,1,0, 0.002624, 0.001621, 0.003153, 0.001858, 57.69, 0.832, 0.00, 0.000, 0.00, 0.000, 0.00, 0.000
27558,293984, 55.04, 54.49, 0.828, 0.876, 0.004969, 0.000254,1,1,0, 0.004263, 0.002604, 0.003706, 0.002195, 55.04, 0.828, 0.00, 0.000, 0.00, 0.000, 0.00, 0.000
27559,293994, 54.29, 54.41, 0.658, 0.746, 0.004732, 0.000178,1,1,0, 0.005518, 0.003802, 0.004263, 0.003245, 54.29, 0.658, 0.00, 0.000, 0.00, 0.000, 0.00, 0.000
27560,294005, 58.53, 56.14, 0.784, 0.821, 0.004381, 0.000125,1,1,0, 0.004468, 0.002621, 0.003290, 0.002086, 58.53, 0.784, 0.00, 0.000, 0.00, 0.000, 0.00, 0.000
27561,294016, 53.57, 55.06, 0.786, 0.840, 0.004076, 0.000087,1,1,0, 0.004468, 0.002835, 0.003512, 0.002181, 53.57, 0.786, 0.00, 0.000, 0.00, 0.000, 0.00, 0.000
27562,294026, 49.18, 52.59, 0.764, 0.785, 0.003694, 0.000061,1,1,0, 0.003047, 0.001501, 0.003245, 0.001351, 49.18, 0.764, 0.00, 0.000, 0.00, 0.000, 0.00, 0.000
27563,294037, 51.72, 52.22, 0.563, 0.633, 0.003860, 0.002285,1,1,0, 0.006401, 0.003193, 0.004528, 0.002143, 51.72, 0.563, 0.00, 0.000, 0.00, 0.000, 0.00, 0.000
27564,294048, 51.94, 52.11, 0.593, 0.657, 0.004404, 0.003297,1,1,0, 0.004856, 0.002531, 0.005535, 0.002723, 51.94, 0.593, 95.23, 0.180, 73.17, 0.023, 0.00, 0.000
27565,294058, 52.17, 52.13, 0.575, 0.649, 0.003965, 0.002311,1,1,0, 0.002082, 0.001157, 0.002011, 0.001064, 52.17, 0.575, 34.88, 0.484, 102.56, 0.205, 0.00, 0.000
27566,294069, 35.19, 45.01, 0.782, 0.785, 0.003595, 0.001619,1,1,0, 0.002672, 0.001326, 0.002640, 0.001236, 35.19, 0.782, 53.33, 0.482, 99.17, 0.215, 72.72, 0.031
27567,294080, 35.71, 41.11, 0.657, 0.664, 0.003353, 0.001134,1,1,0, 0.002926, 0.001877, 0.003566, 0.001652, 35.71, 0.657, 54.05, 0.516, 99.17, 0.383, 0.00, 0.000
27568,294090, 101.69, 66.55, 0.561, 0.583, 0.003035, 0.000795,1,1,0, 0.003254, 0.001321, 0.002278, 0.000999, 101.69, 0.561, 51.28, 0.556, 34.98, 0.510, 0.00, 0.000
27569,294101, 35.60, 53.55, 0.884, 0.898, 0.003017, 0.000929,1,1,0, 0.003942, 0.002173, 0.003368, 0.002069, 35.60, 0.884, 102.56, 0.403, 55.04, 0.402, 0.00, 0.000
27570,294112, 36.03, 46.19, 0.754, 0.764, 0.002841, 0.000651,1,1,0, 0.003647, 0.001924, 0.002943, 0.001743, 36.03, 0.754, 101.69, 0.512, 54.54, 0.406, 0.00, 0.000
27571,294122, 100.00, 68.79, 0.697, 0.717, 0.003044, 0.002095,1,1,0, 0.004047, 0.001809, 0.003821, 0.001752, 100.00, 0.697, 49.38, 0.609, 34.78, 0.255, 0.00, 0.000
27572,294133, 100.00, 81.90, 0.873, 0.900, 0.002756, 0.001468,1,1,0, 0.002570, 0.001052, 0.002170, 0.000929, 100.00, 0.873, 49.58, 0.786, 33.24, 0.755, 0.00, 0.000
27573,294144, 34.38, 61.94, 0.911, 0.929, 0.002575, 0.001029,1,1,0, 0.003363, 0.001665, 0.002709, 0.001501, 34.38, 0.911, 101.69, 0.815, 51.72, 0.814, 0.00, 0.000
27574,294154, 34.68, 50.49, 0.927, 0.945, 0.002346, 0.000721,1,1,0, 0.002205, 0.001046, 0.002180, 0.000923, 34.68, 0.927, 52.17, 0.821, 103.44, 0.800, 0.00, 0.000
27575,294165, 35.29, 51.68, 0.933, 0.825, 0.002217, 0.000835,1,1,0, 0.002883, 0.001099, 0.002472, 0.000982, 35.29, 0.933, 53.33, 0.757, 103.44, 0.751, 0.00, 0.000
27576,294176, 35.39, 73.80, 0.845, 0.782, 0.002067, 0.000585,1,1,0, 0.002264, 0.001094, 0.002172, 0.001071, 35.39, 0.845, 104.34, 0.755, 53.57, 0.723, 0.00, 0.000
27577,294186, 53.57, 65.30, 0.794, 0.812, 0.002002, 0.000582,1,1,0, 0.002320, 0.001382, 0.002161, 0.001283, 53.57, 0.794, 107.14, 0.782, 35.60, 0.718, 0.00, 0.000
27578,294197, 34.38, 52.31, 0.721, 0.739, 0.001821, 0.000408,1,1,0, 0.001443, 0.000711, 0.001243, 0.000652, 34.38, 0.721, 103.44, 0.698, 52.63, 0.595, 0.00, 0.000
27579,294208, 35.50, 52.06, 0.807, 0.806, 0.002489, 0.001985,1,1,0, 0.003443, 0.002089, 0.002988, 0.001826, 35.50, 0.807, 51.72, 0.731, 104.34, 0.449, 0.00, 0.000
27580,294218, 33.99, 52.20, 0.826, 0.736, 0.002722, 0.001760,1,1,0, 0.003451, 0.001656, 0.003380, 0.001632, 33.99, 0.826, 52.40, 0.653, 97.56, 0.563, 0.00, 0.000
27581,294229, 99.17, 51.10, 0.633, 0.598, 0.002530, 0.001233,1,1,0, 0.002676, 0.001599, 0.002322, 0.001399, 99.17, 0.633, 49.58, 0.535, 32.78, 0.308, 33.89, 0.303
27582,294240, 49.58, 50.46, 0.738, 0.801, 0.002551, 0.001020,1,1,0, 0.003337, 0.001531, 0.003072, 0.001437, 49.58, 0.738, 98.36, 0.679, 33.05, 0.551, 0.00, 0.000
27583,294250, 52.86, 51.47, 0.628, 0.685, 0.002664, 0.001825,1,1,0, 0.002714, 0.001883, 0.003140, 0.001692, 52.86, 0.628, 36.03, 0.569, 101.69, 0.298, 0.00, 0.000
27584,294261, 35.29, 52.35, 0.627, 0.611, 0.002422, 0.001279,1,1,0, 0.003011, 0.001100, 0.002107, 0.000882, 35.29, 0.627, 53.57, 0.559, 106.19, 0.103, 68.18, 0.060
27585,294272, 54.54, 53.27, 0.557, 0.606, 0.002329, 0.000896,1,1,0, 0.003106, 0.001772, 0.002470, 0.001665, 54.54, 0.557, 35.39, 0.510, 0.00, 0.000, 0.00, 0.000
27586,294282, 34.88, 53.27, 0.499, 0.545, 0.002119, 0.000628,1,1,0, 0.003094, 0.001192, 0.001971, 0.000814, 34.88, 0.499, 54.54, 0.338, 101.69, 0.131, 0.00, 0.000
27587,294293, 48.78, 51.38, 0.829, 0.854, 0.004286, 0.005282,1,1,0, 0.006470, 0.003815, 0.005590, 0.003468, 48.78, 0.829, 101.69, 0.249, 34.09, 0.198, 0.00, 0.000
27588,294304, 49.58, 50.63, 0.684, 0.749, 0.003897, 0.003701,1,1,0, 0.004327, 0.001571, 0.003017, 0.001414, 49.58, 0.684, 31.57, 0.365, 91.60, 0.209, 0.00, 0.000
27589,294314, 32.69, 43.09, 0.739, 0.743, 0.003703, 0.002594,1,1,0, 0.005235, 0.002539, 0.003965, 0.002049, 32.69, 0.739, 53.57, 0.428, 96.00, 0.058, 0.00, 0.000
27590,294325, 33.51, 39.07, 0.668, 0.675, 0.004626, 0.003412,1,1,0, 0.006137, 0.003360, 0.005808, 0.003137, 33.51, 0.668, 52.40, 0.499, 71.00, 0.063, 98.36, 0.037
27591,294336, 49.18, 39.07, 0.397, 0.607, 0.005506, 0.005051,1,1,0, 0.008213, 0.005508, 0.007108, 0.003542, 49.18, 0.397, 109.09, 0.087, 0.00, 0.000, 0.00, 0.000
27592,294346, 43.47, 40.92, 0.678, 0.696, 0.005781, 0.003539,1,1,0, 0.008583, 0.004228, 0.006631, 0.004133, 43.47, 0.678, 77.41, 0.198, 0.00, 0.000, 0.00, 0.000
27593,294357, 67.79, 52.21, 0.627, 0.631, 0.022272, 0.027339,1,1,0, 0.035658, 0.021731, 0.028143, 0.017807, 67.79, 0.627, 34.98, 0.345, 0.00, 0.000, 0.00, 0.000
27594,294368, 36.14, 52.21, 0.430, 0.567, 0.023392, 0.019158,1,1,0, 0.025174, 0.013500, 0.029428, 0.014622, 36.14, 0.430, 102.56, 0.313, 78.43, 0.216, 55.55, 0.056
27595,294378, 105.26, 52.21, 0.443, 0.511, 0.022153, 0.013426,1,1,0, 0.032851, 0.012596, 0.024808, 0.011402, 105.26, 0.443, 53.33, 0.346, 36.03, 0.235, 46.15, 0.111
27596,294389, 44.11, 52.21, 0.378, 0.460, 0.025795, 0.012264,1,1,0, 0.039525, 0.023944, 0.029077, 0.018582, 44.11, 0.378, 102.56, 0.369, 77.92, 0.235, 51.94, 0.198
27597,294400, 41.52, 47.72, 0.591, 0.591, 0.028381, 0.009268,1,1,0, 0.039671, 0.021769, 0.030445, 0.021767, 41.52, 0.591, 75.00, 0.516, 0.00, 0.000, 0.00, 0.000
27598,294410, 73.17, 58.41, 0.699, 0.713, 0.027459, 0.008063,1,1,0, 0.029533, 0.018429, 0.030869, 0.015993, 73.17, 0.699, 35.08, 0.457, 40.40, 0.401, 0.00, 0.000
27599,294421, 71.85, 64.05, 0.824, 0.842, 0.026641, 0.005801,1,1,0, 0.028707, 0.017717, 0.028047, 0.017011, 71.85, 0.824, 35.39, 0.729, 40.40, 0.361, 0.00, 0.000
27600,294432, 34.98, 51.84, 0.909, 0.925, 0.024497, 0.004065,1,1,0, 0.026028, 0.013095, 0.018993, 0.010470, 34.98, 0.909, 70.17, 0.890, 0.00, 0.000, 0.00, 0.000
27601,294442, 34.98, 44.76, 0.957, 0.969, 0.022602, 0.002848,1,1,0, 0.019069, 0.010946, 0.021945, 0.011265, 34.98, 0.957, 69.76, 0.945, 0.00, 0.000, 0.00, 0.000
27602,294453, 70.17, 55.43, 0.934, 0.952, 0.020660, 0.001996,1,1,0, 0.017726, 0.009906, 0.017430, 0.008785, 70.17, 0.934, 34.98, 0.930, 0.00, 0.000, 0.00, 0.000
27603,294464, 70.17, 61.62, 0.926, 0.946, 0.019077, 0.001399,1,1,0, 0.015933, 0.009772, 0.015958, 0.009009, 70.17, 0.926, 34.98, 0.899, 0.00, 0.000, 0.00, 0.000
27604,294474, 69.36, 64.87, 0.907, 0.933, 0.017343, 0.000980,1,1,0, 0.013514, 0.007688, 0.012415, 0.006452, 69.36, 0.907, 34.88, 0.877, 0.00, 0.000, 0.00, 0.000
27605,294485, 70.17, 67.10, 0.844, 0.888, 0.015672, 0.000687,1,1,0, 0.009006, 0.004857, 0.009711, 0.004792, 70.17, 0.844, 35.19, 0.837, 0.00, 0.000, 0.00, 0.000
27606,294496, 35.39, 53.78, 0.827, 0.846, 0.014167, 0.000481,1,1,0, 0.008946, 0.004441, 0.009720, 0.004300, 35.39, 0.827, 71.00, 0.819, 0.00, 0.000, 0.00, 0.000
27607,294506, 69.36, 60.32, 0.700, 0.712, 0.012677, 0.000337,1,1,0, 0.004363, 0.002598, 0.004256, 0.002498, 69.36, 0.700, 31.08, 0.202, 35.29, 0.173, 39.73, 0.164
27608,294517, 45.97, 60.32, 0.411, 0.641, 0.011632, 0.000236,1,1,0, 0.014938, 0.007796, 0.009060, 0.004897, 45.97, 0.411, 69.76, 0.351, 144.57, 0.098, 0.00, 0.000
27609,294528, 73.17, 60.32, 0.439, 0.577, 0.017750, 0.020139,1,1,0, 0.024479, 0.014321, 0.022303, 0.013592, 73.17, 0.439, 47.80, 0.265, 37.03, 0.184, 0.00, 0.000
27610,294538, 35.50, 49.90, 0.654, 0.662, 0.016216, 0.014113,1,1,0, 0.019578, 0.008683, 0.014973, 0.006771, 35.50, 0.654, 68.18, 0.447, 0.00, 0.000, 0.00, 0.000
27611,294549, 35.19, 43.72, 0.652, 0.658, 0.015003, 0.009890,1,1,0, 0.015174, 0.007429, 0.014738, 0.007673, 35.19, 0.652, 64.51, 0.594, 0.00, 0.000, 0.00, 0.000
27612,294560, 35.50, 40.27, 0.849, 0.866, 0.013613, 0.006930,1,1,0, 0.009908, 0.005387, 0.008517, 0.004603, 35.50, 0.849, 67.79, 0.640, 0.00, 0.000, 0.00, 0.000
27613,294570, 39.47, 39.93, 0.789, 0.848, 0.012484, 0.004857,1,1,0, 0.014657, 0.005867, 0.013149, 0.005711, 39.47, 0.789, 73.17, 0.608, 85.71, 0.564, 0.00, 0.000
27614,294581, 70.17, 52.63, 0.752, 0.762, 0.014655, 0.015921,1,1,0, 0.019859, 0.008686, 0.018966, 0.007790, 70.17, 0.752, 35.08, 0.617, 0.00, 0.000, 0.00, 0.000
27615,294592, 35.39, 45.39, 0.894, 0.906, 0.013563, 0.011157,1,1,0, 0.014491, 0.007325, 0.012333, 0.006978, 35.39, 0.894, 70.58, 0.784, 31.57, 0.018, 0.00, 0.000
27616,294602, 35.50, 41.24, 0.750, 0.763, 0.012686, 0.007819,1,1,0, 0.015420, 0.007847, 0.012892, 0.007399, 35.50, 0.750, 71.00, 0.630, 48.19, 0.439, 142.85, 0.295
27617,294613, 35.29, 38.74, 0.856, 0.871, 0.012491, 0.006480,1,1,0, 0.013725, 0.006795, 0.015345, 0.006607, 35.29, 0.856, 70.58, 0.493, 47.61, 0.412, 137.93, 0.367
27618,294624, 35.29, 37.29, 0.912, 0.937, 0.011391, 0.004541,1,1,0, 0.010136, 0.004527, 0.008982, 0.004287, 35.29, 0.912, 137.93, 0.511, 47.05, 0.450, 70.17, 0.426
27619,294634, 35.50, 36.54, 0.722, 0.798, 0.010416, 0.003182,1,1,0, 0.012248, 0.005091, 0.010289, 0.004511, 35.50, 0.722, 47.43, 0.679, 137.93, 0.524, 71.00, 0.477
27620,294645, 71.42, 51.19, 0.764, 0.789, 0.009497, 0.002230,1,1,0, 0.007221, 0.003488, 0.006691, 0.003538, 71.42, 0.764, 35.82, 0.746, 47.61, 0.588, 142.85, 0.561
27621,294656, 71.00, 59.51, 0.814, 0.838, 0.008712, 0.001562,1,1,0, 0.009731, 0.004038, 0.009141, 0.003796, 71.00, 0.814, 142.85, 0.638, 35.60, 0.608, 47.43, 0.584
27622,294666, 35.71, 49.51, 0.824, 0.839, 0.014389, 0.017652,1,1,0, 0.022637, 0.011878, 0.018825, 0.010935, 35.71, 0.824, 72.28, 0.480, 48.00, 0.419, 137.93, 0.323
27623,294677, 35.29, 48.64, 0.678, 0.626, 0.013599, 0.012370,1,1,0, 0.017144, 0.007414, 0.015740, 0.007413, 35.29, 0.678, 47.43, 0.559, 130.43, 0.446, 70.17, 0.130
27624,294688, 47.05, 47.97, 0.662, 0.718, 0.012396, 0.008668,1,1,0, 0.012062, 0.005163, 0.009624, 0.004692, 47.05, 0.662, 31.41, 0.499, 34.88, 0.493, 130.43, 0.367
27625,294698, 47.43, 47.74, 0.858, 0.898, 0.011111, 0.006075,1,1,0, 0.008244, 0.002720, 0.006184, 0.002716, 47.43, 0.858, 127.65, 0.513, 34.58, 0.369, 70.58, 0.192
27626,294709, 30.61, 47.77, 0.693, 0.766, 0.010189, 0.004257,1,1,0, 0.010386, 0.004824, 0.009102, 0.004548, 30.61, 0.693, 47.80, 0.675, 74.07, 0.536, 142.85, 0.306
27627,294720, 35.60, 47.86, 0.723, 0.738, 0.009382, 0.002983,1,1,0, 0.010252, 0.004615, 0.008990, 0.004422, 35.60, 0.723, 48.00, 0.651, 139.53, 0.541, 71.42, 0.304
27628,294730, 31.57, 87.05, 0.650, 0.570, 0.008469, 0.002090,1,1,0, 0.006663, 0.002720, 0.004757, 0.002400, 31.57, 0.650, 35.82, 0.620, 141.17, 0.557, 48.19, 0.412
27629,294741, 139.53, 109.09, 0.574, 0.589, 0.007636, 0.001465,1,1,0, 0.004575, 0.002342, 0.004297, 0.002193, 139.53, 0.574, 31.57, 0.571, 56.60, 0.534, 40.40, 0.368
27630,294752, 34.98, 77.97, 0.726, 0.726, 0.006998, 0.001026,1,1,0, 0.005738, 0.003137, 0.005279, 0.002813, 34.98, 0.726, 56.33, 0.605, 91.60, 0.545, 142.85, 0.342
27631,294762, 40.40, 62.19, 0.703, 0.710, 0.006281, 0.000719,1,1,0, 0.004676, 0.001984, 0.003193, 0.001490, 40.40, 0.703, 55.81, 0.590, 91.60, 0.383, 142.85, 0.302
27632,294773, 54.54, 58.98, 0.625, 0.644, 0.005729, 0.000504,1,1,0, 0.004502, 0.002229, 0.004030, 0.002219, 54.54, 0.625, 35.71, 0.385, 93.02, 0.322, 31.25, 0.273
27633,294784, 35.71, 49.20, 0.841, 0.844, 0.005258, 0.000353,1,1,0, 0.004817, 0.002524, 0.004497, 0.002340, 35.71, 0.841, 55.04, 0.563, 100.84, 0.527, 0.00, 0.000
27634,294794, 42.40, 46.35, 0.503, 0.504, 0.004886, 0.000372,1,1,0, 0.005611, 0.003002, 0.005280, 0.002712, 42.40, 0.503, 32.43, 0.372, 139.53, 0.258, 62.50, 0.223
27635,294805, 142.85, 46.35, 0.290, 0.454, 0.004519, 0.000260,1,1,0, 0.005648, 0.002601, 0.004124, 0.002243, 142.85, 0.290, 71.85, 0.273, 42.40, 0.212, 47.43, 0.176
27636,294816, 49.58, 47.70, 0.728, 0.758, 0.004541, 0.002007,1,1,0, 0.006296, 0.002792, 0.005340, 0.002620, 49.58, 0.728, 73.61, 0.540, 144.57, 0.249, 36.69, 0.015
27637,294826, 34.48, 47.59, 0.640, 0.536, 0.004549, 0.002721,1,1,0, 0.005369, 0.002668, 0.005503, 0.002473, 34.48, 0.640, 47.43, 0.456, 141.17, 0.397, 69.36, 0.121
27638,294837, 34.78, 47.21, 0.674, 0.561, 0.004408, 0.002199,1,1,0, 0.005880, 0.002515, 0.005130, 0.002327, 34.78, 0.674, 46.69, 0.502, 142.85, 0.366, 71.00, 0.166
27639,294848, 35.71, 86.67, 0.707, 0.631, 0.004383, 0.002136,1,1,0, 0.006476, 0.002744, 0.005413, 0.002665, 35.71, 0.707, 141.17, 0.612, 48.38, 0.582, 71.42, 0.268
27640,294858, 142.85, 110.27, 0.715, 0.737, 0.004116, 0.001496,1,1,0, 0.005138, 0.002362, 0.004637, 0.002145, 142.85, 0.715, 71.00, 0.566, 47.43, 0.544, 35.50, 0.489
27641,294869, 70.17, 93.43, 0.811, 0.836, 0.004258, 0.003733,1,1,0, 0.006891, 0.002570, 0.005401, 0.002359, 70.17, 0.811, 141.17, 0.717, 34.98, 0.710, 46.69, 0.632
27642,294880, 35.39, 69.05, 0.841, 0.858, 0.005651, 0.010539,1,1,0, 0.007807, 0.004359, 0.008665, 0.003968, 35.39, 0.841, 142.85, 0.744, 47.43, 0.668, 71.00, 0.642
27643,294890, 47.43, 54.79, 0.651, 0.574, 0.005933, 0.007385,1,1,0, 0.007707, 0.003468, 0.008696, 0.003355, 47.43, 0.651, 35.08, 0.559, 70.58, 0.478, 139.53, 0.382
27644,294901, 35.60, 46.73, 0.763, 0.775, 0.006398, 0.008991,1,1,0, 0.007203, 0.004285, 0.008848, 0.003323, 35.60, 0.763, 47.43, 0.722, 141.17, 0.422, 71.42, 0.249
27645,294912, 35.19, 46.94, 0.746, 0.725, 0.007317, 0.006670,1,1,0, 0.010371, 0.004505, 0.009244, 0.004307, 35.19, 0.746, 47.24, 0.641, 137.93, 0.475, 70.58, 0.181
27646,294922, 35.82, 47.15, 0.710, 0.558, 0.006977, 0.004674,1,1,0, 0.008928, 0.004107, 0.007913, 0.003927, 35.82, 0.710, 47.43, 0.479, 141.17, 0.398, 70.58, 0.279
27647,294933, 69.36, 56.48, 0.636, 0.655, 0.006396, 0.003276,1,1,0, 0.007884, 0.003136, 0.007125, 0.002994, 69.36, 0.636, 31.49, 0.478, 46.51, 0.427, 34.38, 0.419
27648,294944, 71.42, 62.75, 0.661, 0.680, 0.006044, 0.002295,1,1,0, 0.008675, 0.003434, 0.007001, 0.003172, 71.42, 0.661, 35.82, 0.608, 47.05, 0.358, 144.57, 0.270
27649,294954, 69.76, 65.70, 0.544, 0.580, 0.005928, 0.002647,1,1,0, 0.006421, 0.003478, 0.006686, 0.003301, 69.76, 0.544, 35.50, 0.432, 47.80, 0.329, 30.61, 0.294
27650,294965, 36.03, 98.10, 0.530, 0.544, 0.008610, 0.012915,1,1,0, 0.012593, 0.005903, 0.012248, 0.005385, 36.03, 0.530, 142.85, 0.525, 47.05, 0.448, 68.57, 0.354
27651,294976, 45.62, 76.06, 0.658, 0.673, 0.008045, 0.009050,1,1,0, 0.010906, 0.004624, 0.008568, 0.004251, 45.62, 0.658, 66.66, 0.546, 141.17, 0.446, 31.83, 0.442
27652,294986, 46.87, 72.59, 0.549, 0.555, 0.008436, 0.006342,1,1,0, 0.013639, 0.006176, 0.010322, 0.005417, 46.87, 0.549, 67.79, 0.525, 34.98, 0.379, 144.57, 0.111
27653,294997, 48.00, 62.26, 0.637, 0.647, 0.010744, 0.012546,1,1,0, 0.012045, 0.008196, 0.013678, 0.006915, 48.00, 0.637, 67.03, 0.492, 34.88, 0.152, 0.00, 0.000
27654,295008, 48.38, 64.58, 0.603, 0.554, 0.009761, 0.008791,1,1,0, 0.007533, 0.003409, 0.006276, 0.003218, 48.38, 0.603, 67.79, 0.517, 55.04, 0.449, 0.00, 0.000
27655,295018, 68.18, 66.09, 0.580, 0.627, 0.008859, 0.006161,1,1,0, 0.007701, 0.003123, 0.007063, 0.003037, 68.18, 0.580, 47.43, 0.501, 34.78, 0.337, 0.00, 0.000
27656,295029, 34.98, 67.63, 0.739, 0.742, 0.008182, 0.004317,1,1,0, 0.007294, 0.004186, 0.007076, 0.003981, 34.98, 0.739, 69.76, 0.684, 46.87, 0.434, 137.93, 0.114
27657,295040, 46.69, 68.87, 0.694, 0.762, 0.007360, 0.003025,1,1,0, 0.006692, 0.002561, 0.006012, 0.002250, 46.69, 0.694, 70.58, 0.689, 141.17, 0.587, 35.39, 0.504
27658,295050, 35.50, 54.86, 0.748, 0.766, 0.007723, 0.006186,1,1,0, 0.008993, 0.004247, 0.009075, 0.003933, 35.50, 0.748, 70.58, 0.724, 47.43, 0.568, 141.17, 0.557
27659,295061, 70.58, 61.46, 0.800, 0.821, 0.007122, 0.004335,1,1,0, 0.007779, 0.003832, 0.007587, 0.003345, 70.58, 0.800, 35.39, 0.756, 47.43, 0.412, 141.17, 0.266
27660,295072, 69.76, 64.95, 0.869, 0.899, 0.008457, 0.008679,1,1,0, 0.011386, 0.006129, 0.011369, 0.005145, 69.76, 0.869, 34.98, 0.612, 46.69, 0.187, 141.17, 0.057
27661,295082, 31.83, 51.04, 0.734, 0.734, 0.010366, 0.009718,1,1,0, 0.017417, 0.007813, 0.012973, 0.006917, 31.83, 0.734, 59.40, 0.516, 69.76, 0.509, 35.29, 0.172
27662,295093, 46.69, 49.21, 0.505, 0.534, 0.018317, 0.015944,1,1,0, 0.027027, 0.014437, 0.021112, 0.013382, 46.69, 0.505, 34.38, 0.431, 153.84, 0.297, 68.57, 0.193
27663,295104, 62.50, 48.30, 0.523, 0.521, 0.020828, 0.015278,1,1,0, 0.028202, 0.015509, 0.024996, 0.014918, 62.50, 0.523, 47.05, 0.481, 196.72, 0.263, 101.69, 0.077
27664,295114, 42.85, 46.01, 0.467, 0.477, 0.020074, 0.010707,1,1,0, 0.022434, 0.012405, 0.021958, 0.010124, 42.85, 0.467, 64.17, 0.353, 33.51, 0.331, 193.54, 0.213
27665,295125, 43.01, 44.75, 0.552, 0.581, 0.020922, 0.011147,1,1,0, 0.026586, 0.018660, 0.024498, 0.013143, 43.01, 0.552, 33.80, 0.407, 67.79, 0.251, 190.47, 0.247
27666,295136, 42.70, 43.89, 0.482, 0.527, 0.028641, 0.029107,1,1,0, 0.033252, 0.018890, 0.035596, 0.019337, 42.70, 0.482, 33.05, 0.379, 55.04, 0.176, 139.53, 0.093
27667,295146, 42.40, 43.26, 0.508, 0.557, 0.026586, 0.020397,1,1,0, 0.033911, 0.017859, 0.026735, 0.014953, 42.40, 0.508, 55.81, 0.412, 33.33, 0.269, 148.14, 0.260
27668,295157, 53.33, 47.49, 0.585, 0.595, 0.032537, 0.040268,1,1,0, 0.047807, 0.023542, 0.043830, 0.017810, 53.33, 0.585, 39.08, 0.452, 148.14, 0.288, 82.75, 0.039
27669,295168, 52.86, 49.74, 0.558, 0.584, 0.029521, 0.028219,1,1,0, 0.029297, 0.012140, 0.025178, 0.010765, 52.86, 0.558, 33.89, 0.435, 148.14, 0.389, 38.70, 0.338
27670,295178, 33.05, 42.73, 0.727, 0.731, 0.026746, 0.019775,1,1,0, 0.029428, 0.009776, 0.025474, 0.009683, 33.05, 0.727, 53.57, 0.367, 40.95, 0.236, 162.16, 0.128
27671,295189, 53.81, 47.38, 0.524, 0.534, 0.024041, 0.013858,1,1,0, 0.010547, 0.006741, 0.009176, 0.005667, 53.81, 0.524, 34.38, 0.488, 38.58, 0.073, 96.00, 0.046
27672,295200, 53.57, 49.98, 0.671, 0.691, 0.021593, 0.009711,1,1,0, 0.010691, 0.004983, 0.010389, 0.005266, 53.57, 0.671, 129.03, 0.164, 95.23, 0.162, 37.97, 0.142
27673,295210, 33.70, 51.09, 0.737, 0.690, 0.019348, 0.006805,1,1,0, 0.010296, 0.004872, 0.008084, 0.004336, 33.70, 0.737, 52.63, 0.637, 96.00, 0.428, 41.66, 0.147
27674,295221, 52.17, 51.54, 0.614, 0.685, 0.017400, 0.004769,1,1,0, 0.009782, 0.005313, 0.009656, 0.004455, 52.17, 0.614, 34.38, 0.453, 104.34, 0.388, 42.10, 0.192
27675,295232, 30.07, 42.53, 0.798, 0.798, 0.015696, 0.003342,1,1,0, 0.008514, 0.004683, 0.008375, 0.004436, 30.07, 0.798, 104.34, 0.605, 35.08, 0.526, 42.55, 0.520
27676,295242, 36.14, 42.73, 0.738, 0.798, 0.014060, 0.002342,1,1,0, 0.007890, 0.003473, 0.007447, 0.003236, 36.14, 0.738, 43.01, 0.720, 218.18, 0.612, 54.05, 0.610
27677,295253, 54.54, 43.04, 0.693, 0.707, 0.012685, 0.001641,1,1,0, 0.007247, 0.003877, 0.006607, 0.003652, 54.54, 0.693, 43.47, 0.630, 72.28, 0.618, 222.22, 0.604
27678,295264, 55.55, 43.42, 0.513, 0.548, 0.011300, 0.001150,1,1,0, 0.005982, 0.002482, 0.004657, 0.002044, 55.55, 0.513, 73.17, 0.496, 43.95, 0.480, 108.10, 0.456
27679,295274, 44.77, 43.99, 0.618, 0.669, 0.010139, 0.000806,1,1,0, 0.005535, 0.003254, 0.004951, 0.002460, 44.77, 0.618, 37.61, 0.291, 74.53, 0.290, 109.09, 0.190
27680,295285, 37.61, 43.99, 0.403, 0.602, 0.009037, 0.000564,1,1,0, 0.004626, 0.001837, 0.004474, 0.001766, 37.61, 0.403, 44.28, 0.292, 47.05, 0.286, 75.47, 0.214
27681,295296, 37.03, 41.07, 0.857, 0.873, 0.008152, 0.000395,1,1,0, 0.006187, 0.003118, 0.004874, 0.002393, 37.03, 0.857, 74.07, 0.542, 41.81, 0.375, 315.78, 0.201
27682,295306, 36.92, 41.63, 0.728, 0.708, 0.007259, 0.000277,1,1,0, 0.004249, 0.002132, 0.002455, 0.001202, 36.92, 0.728, 42.40, 0.639, 74.53, 0.526, 100.00, 0.234
27683,295317, 36.58, 39.51, 0.730, 0.754, 0.006597, 0.000194,1,1,0, 0.005533, 0.003001, 0.005756, 0.002481, 36.58, 0.730, 74.07, 0.360, 100.00, 0.356, 33.24, 0.298
27684,295328, 36.47, 38.23, 0.762, 0.813, 0.006163, 0.000136,1,1,0, 0.007395, 0.003903, 0.005811, 0.003441, 36.47, 0.762, 74.53, 0.583, 97.56, 0.344, 59.40, 0.248
27685,295338, 32.96, 36.02, 0.488, 0.494, 0.005567, 0.000095,1,1,0, 0.008133, 0.004058, 0.004791, 0.001891, 32.96, 0.488, 97.56, 0.342, 49.58, 0.275, 76.43, 0.215
27686,295349, 33.80, 35.09, 0.676, 0.707, 0.017615, 0.027709,1,1,0, 0.025217, 0.011659, 0.022513, 0.010150, 33.80, 0.676, 93.75, 0.389, 55.55, 0.269, 0.00, 0.000
27687,295360, 33.42, 34.39, 0.945, 0.961, 0.017608, 0.019418,1,1,0, 0.025614, 0.015031, 0.021042, 0.013332, 33.42, 0.945, 87.59, 0.462, 50.84, 0.222, 0.00, 0.000
27688,295370, 82.19, 54.46, 0.538, 0.543, 0.016442, 0.013608,1,1,0, 0.018946, 0.011066, 0.016298, 0.009682, 82.19, 0.538, 41.23, 0.397, 0.00, 0.000, 0.00, 0.000
27689,295381, 78.43, 64.53, 0.683, 0.693, 0.015001, 0.009536,1,1,0, 0.015208, 0.005177, 0.010760, 0.005790, 78.43, 0.683, 39.47, 0.579, 0.00, 0.000, 0.00, 0.000
27690,295392, 76.43, 69.53, 0.715, 0.721, 0.013417, 0.006682,1,1,0, 0.007589, 0.003570, 0.004649, 0.002766, 76.43, 0.715, 40.67, 0.428, 0.00, 0.000, 0.00, 0.000
27691,295402, 41.81, 57.88, 0.628, 0.643, 0.012015, 0.004683,1,1,0, 0.007885, 0.003314, 0.006930, 0.002861, 41.81, 0.628, 81.63, 0.511, 32.96, 0.021, 0.00, 0.000
27692,295413, 32.69, 47.30, 0.511, 0.514, 0.010787, 0.003281,1,1,0, 0.007586, 0.003892, 0.005995, 0.002656, 32.69, 0.511, 42.40, 0.300, 196.72, 0.203, 81.08, 0.198
27693,295424, 35.71, 42.43, 0.614, 0.614, 0.009870, 0.002299,1,1,0, 0.008837, 0.005641, 0.007770, 0.004179, 35.71, 0.614, 41.95, 0.459, 200.00, 0.217, 55.55, 0.019
27694,295434, 56.33, 42.61, 0.457, 0.483, 0.009689, 0.002705,1,1,0, 0.010901, 0.005962, 0.011084, 0.005853, 56.33, 0.457, 42.85, 0.419, 37.85, 0.183, 32.96, 0.176
27695,295445, 35.92, 39.80, 0.498, 0.501, 0.009119, 0.001895,1,1,0, 0.010088, 0.006163, 0.008668, 0.005671, 35.92, 0.498, 76.43, 0.236, 41.09, 0.219, 0.00, 0.000
27696,295456, 37.73, 38.93, 0.650, 0.693, 0.008338, 0.001328,1,1,0, 0.008334, 0.003920, 0.005929, 0.003302, 37.73, 0.650, 78.94, 0.440, 0.00, 0.000, 0.00, 0.000
27697,295466, 32.52, 37.90, 0.540, 0.488, 0.007570, 0.000931,1,1,0, 0.006532, 0.002904, 0.004788, 0.002547, 32.52, 0.540, 86.33, 0.474, 36.47, 0.441, 44.77, 0.105
27698,295477, 36.80, 37.44, 0.535, 0.584, 0.007925, 0.004798,1,1,0, 0.010275, 0.004920, 0.009609, 0.004645, 36.80, 0.535, 56.07, 0.185, 107.14, 0.169, 0.00, 0.000
27699,295488, 41.81, 39.27, 0.530, 0.545, 0.007268, 0.003362,1,1,0, 0.007317, 0.003497, 0.008121, 0.002666, 41.81, 0.530, 56.87, 0.189, 134.83, 0.159, 32.52, 0.025
27700,295498, 54.54, 45.69, 0.750, 0.757, 0.008580, 0.007501,1,1,0, 0.011931, 0.005656, 0.011353, 0.005130, 54.54, 0.750, 38.46, 0.269, 150.00, 0.129, 0.00, 0.000
27701,295509, 54.54, 49.40, 0.769, 0.780, 0.007997, 0.005256,1,1,0, 0.010821, 0.004535, 0.009157, 0.003993, 54.54, 0.769, 31.57, 0.367, 40.26, 0.258, 77.41, 0.137
27702,295520, 41.23, 45.97, 0.693, 0.699, 0.014183, 0.012452,1,1,0, 0.018869, 0.012213, 0.016760, 0.010341, 41.23, 0.693, 53.57, 0.435, 0.00, 0.000, 0.00, 0.000
27703,295530, 42.85, 44.66, 0.678, 0.724, 0.013699, 0.008726,1,1,0, 0.023501, 0.011775, 0.015240, 0.009315, 42.85, 0.678, 55.55, 0.407, 0.00, 0.000, 0.00, 0.000
27704,295541, 43.79, 44.30, 0.511, 0.581, 0.012519, 0.006115,1,1,0, 0.014392, 0.007269, 0.013047, 0.005438, 43.79, 0.511, 55.04, 0.439, 0.00, 0.000, 0.00, 0.000
27705,295552, 43.16, 43.82, 0.571, 0.627, 0.011499, 0.004285,1,1,0, 0.011422, 0.006638, 0.010331, 0.005184, 43.16, 0.571, 40.95, 0.516, 55.04, 0.321, 0.00, 0.000
27706,295562, 39.08, 41.83, 0.789, 0.807, 0.011155, 0.006159,1,1,0, 0.018147, 0.008225, 0.013798, 0.005757, 39.08, 0.789, 48.78, 0.405, 200.00, 0.133, 0.00, 0.000
27707,295573, 41.37, 41.64, 0.792, 0.850, 0.010803, 0.004316,1,1,0, 0.015466, 0.007645, 0.012628, 0.006433, 41.37, 0.792, 44.28, 0.654, 48.78, 0.496, 51.50, 0.489
27708,295584, 41.52, 41.59, 0.736, 0.810, 0.009940, 0.003024,1,1,0, 0.012215, 0.005976, 0.009859, 0.004775, 41.52, 0.736, 44.60, 0.701, 52.40, 0.408, 36.58, 0.323
27709,295594, 41.52, 41.56, 0.846, 0.889, 0.009182, 0.002119,1,1,0, 0.012388, 0.005614, 0.007261, 0.004431, 41.52, 0.846, 44.11, 0.735, 38.58, 0.714, 36.47, 0.606
27710,295605, 41.37, 41.48, 0.770, 0.834, 0.008503, 0.001485,1,1,0, 0.013131, 0.004885, 0.007638, 0.004368, 41.37, 0.770, 36.69, 0.749, 38.09, 0.746, 44.11, 0.580
27711,295616, 38.46, 41.32, 0.752, 0.802, 0.008228, 0.002598,1,1,0, 0.011139, 0.006502, 0.008864, 0.005079, 38.46, 0.752, 41.09, 0.725, 36.36, 0.724, 32.34, 0.472
27712,295626, 38.21, 41.16, 0.814, 0.802, 0.009463, 0.011213,1,1,0, 0.013331, 0.007932, 0.012510, 0.006263, 38.21, 0.814, 40.95, 0.725, 44.11, 0.365, 0.00, 0.000
27713,295637, 41.37, 41.25, 0.603, 0.687, 0.009170, 0.007858,1,1,0, 0.012846, 0.006431, 0.012437, 0.004654, 41.37, 0.603, 36.36, 0.517, 44.28, 0.468, 38.33, 0.442
27714,295648, 41.81, 41.48, 0.791, 0.849, 0.009206, 0.005506,1,1,0, 0.011949, 0.007333, 0.011304, 0.005920, 41.81, 0.791, 44.28, 0.776, 52.17, 0.215, 0.00, 0.000
27715,295658, 41.23, 41.38, 0.736, 0.810, 0.009842, 0.006757,1,1,0, 0.014851, 0.006141, 0.012502, 0.005347, 41.23, 0.736, 38.96, 0.643, 44.28, 0.499, 48.19, 0.369
27716,295669, 38.70, 41.14, 0.732, 0.801, 0.008985, 0.004735,1,1,0, 0.008541, 0.004043, 0.005876, 0.003251, 38.70, 0.732, 40.81, 0.724, 52.86, 0.425, 32.17, 0.296
27717,295680, 38.21, 41.12, 0.772, 0.727, 0.008189, 0.003318,1,1,0, 0.009159, 0.003426, 0.007455, 0.003144, 38.21, 0.772, 41.09, 0.641, 44.77, 0.336, 48.19, 0.296
27718,295690, 38.21, 41.11, 0.527, 0.569, 0.007432, 0.002325,1,1,0, 0.006423, 0.003000, 0.007060, 0.002866, 38.21, 0.527, 41.09, 0.490, 36.36, 0.446, 48.00, 0.283
27719,295701, 44.77, 41.28, 0.648, 0.626, 0.006797, 0.001629,1,1,0, 0.009617, 0.004007, 0.006131, 0.002935, 44.77, 0.648, 41.52, 0.565, 47.61, 0.383, 36.36, 0.339
27720,295712, 53.09, 46.24, 0.607, 0.616, 0.006918, 0.005026,1,1,0, 0.008705, 0.004951, 0.008939, 0.004205, 53.09, 0.607, 48.78, 0.311, 41.66, 0.297, 44.77, 0.284
27721,295722, 52.86, 49.02, 0.675, 0.692, 0.008827, 0.012492,1,1,0, 0.012543, 0.006462, 0.012201, 0.005444, 52.86, 0.675, 41.52, 0.454, 36.58, 0.209, 38.21, 0.196
27722,295733, 53.09, 50.73, 0.553, 0.594, 0.007956, 0.008754,1,1,0, 0.007987, 0.002897, 0.005022, 0.002259, 53.09, 0.553, 41.37, 0.336, 38.46, 0.264, 48.78, 0.255
27723,295744, 51.94, 51.24, 0.419, 0.477, 0.028689, 0.036467,1,1,0, 0.047874, 0.020818, 0.039119, 0.017376, 51.94, 0.419, 56.60, 0.333, 32.00, 0.133, 80.00, 0.057
27724,295754, 63.82, 56.53, 0.617, 0.617, 0.033355, 0.026499,1,1,0, 0.054611, 0.033770, 0.041772, 0.026408, 63.82, 0.617, 0.00, 0.000, 0.00, 0.000, 0.00, 0.000
27725,295765, 30.84, 56.53, 0.474, 0.555, 0.030028, 0.018570,1,1,0, 0.027635, 0.012699, 0.022535, 0.008691, 30.84, 0.474, 60.91, 0.360, 0.00, 0.000, 0.00, 0.000
27726,295776, 38.96, 49.15, 0.496, 0.496, 0.026946, 0.013013,1,1,0, 0.015731, 0.007852, 0.015422, 0.007042, 38.96, 0.496, 60.30, 0.190, 0.00, 0.000, 0.00, 0.000
27727,295786, 41.81, 46.06, 0.612, 0.612, 0.024176, 0.009119,1,1,0, 0.012554, 0.006156, 0.009361, 0.005303, 41.81, 0.612, 0.00, 0.000, 0.00, 0.000, 0.00, 0.000
27728,295797, 86.95, 46.06, 0.207, 0.551, 0.022394, 0.006391,1,1,0, 0.023254, 0.012919, 0.016334, 0.010599, 86.95, 0.207, 41.95, 0.135, 0.00, 0.000, 0.00, 0.000
27729,295808, 33.33, 40.71, 0.718, 0.720, 0.020524, 0.004478,1,1,0, 0.015531, 0.009567, 0.011652, 0.008024, 33.33, 0.718, 71.42, 0.222, 64.86, 0.195, 0.00, 0.000
27730,295818, 52.86, 45.82, 0.674, 0.674, 0.021810, 0.015290,1,1,0, 0.029332, 0.016016, 0.025367, 0.012532, 52.86, 0.674, 0.00, 0.000, 0.00, 0.000, 0.00, 0.000
27731,295829, 54.29, 49.38, 0.810, 0.813, 0.020352, 0.010715,1,1,0, 0.024543, 0.013907, 0.016959, 0.011381, 54.29, 0.810, 0.00, 0.000, 0.00, 0.000, 0.00, 0.000
27732,295840, 53.33, 51.04, 0.875, 0.910, 0.019494, 0.007509,1,1,0, 0.024653, 0.014713, 0.021209, 0.011239, 53.33, 0.875, 0.00, 0.000, 0.00, 0.000, 0.00, 0.000
27733,295850, 51.72, 51.32, 0.896, 0.925, 0.018008, 0.005262,1,1,0, 0.017991, 0.010527, 0.017740, 0.009731, 51.72, 0.896, 0.00, 0.000, 0.00, 0.000, 0.00, 0.000
27734,295861, 51.94, 51.58, 0.866, 0.904, 0.016620, 0.003687,1,1,0, 0.016257, 0.011744, 0.015201, 0.008564, 51.94, 0.866, 0.00, 0.000, 0.00, 0.000, 0.00, 0.000
27735,295872, 53.57, 52.42, 0.918, 0.941, 0.015410, 0.002584,1,1,0, 0.010577, 0.006952, 0.011426, 0.007490, 53.57, 0.918, 0.00, 0.000, 0.00, 0.000, 0.00, 0.000
27736,295882, 53.57, 52.90, 0.732, 0.807, 0.013729, 0.001811,1,1,0, 0.005654, 0.003485, 0.007958, 0.002460, 53.57, 0.732, 30.22, 0.726, 0.00, 0.000, 0.00, 0.000
27737,295893, 32.87, 44.49, 0.655, 0.655, 0.012424, 0.001269,1,1,0, 0.008462, 0.003988, 0.006605, 0.003754, 32.87, 0.655, 56.60, 0.389, 0.00, 0.000, 0.00, 0.000
27738,295904, 32.25, 39.35, 0.920, 0.924, 0.011490, 0.000889,1,1,0, 0.011761, 0.006596, 0.008619, 0.005376, 32.25, 0.920, 78.43, 0.317, 55.55, 0.193, 0.00, 0.000
27739,295914, 54.79, 45.83, 0.839, 0.846, 0.015410, 0.014292,1,1,0, 0.027749, 0.014076, 0.017975, 0.010312, 54.79, 0.839, 0.00, 0.000, 0.00, 0.000, 0.00, 0.000
27740,295925, 56.60, 50.36, 0.843, 0.853, 0.019031, 0.011076,1,1,0, 0.031558, 0.017800, 0.021962, 0.013888, 56.60, 0.843, 0.00, 0.000, 0.00, 0.000, 0.00, 0.000
27741,295936, 51.50, 50.83, 0.789, 0.848, 0.023381, 0.008122,1,1,0, 0.037480, 0.024112, 0.024249, 0.018605, 51.50, 0.789, 0.00, 0.000, 0.00, 0.000, 0.00, 0.000
27742,295946, 47.43, 49.40, 0.808, 0.852, 0.022231, 0.005692,1,1,0, 0.028233, 0.016847, 0.023183, 0.013356, 47.43, 0.808, 0.00, 0.000, 0.00, 0.000, 0.00, 0.000
27743,295957, 46.15, 48.04, 0.864, 0.902, 0.020373, 0.003989,1,1,0, 0.018929, 0.011606, 0.012371, 0.008166, 46.15, 0.864, 0.00, 0.000, 0.00, 0.000, 0.00, 0.000
27744,295968, 46.51, 47.39, 0.877, 0.912, 0.018569, 0.002795,1,1,0, 0.017035, 0.008725, 0.011212, 0.006539, 46.51, 0.877, 0.00, 0.000, 0.00, 0.000, 0.00, 0.000
27745,295978, 42.25, 45.23, 0.472, 0.493, 0.016766, 0.001958,1,1,0, 0.015373, 0.008463, 0.007697, 0.004732, 42.25, 0.472, 0.00, 0.000, 0.00, 0.000, 0.00, 0.000
27746,295989, 32.43, 39.85, 0.943, 0.943, 0.020644, 0.011149,1,1,0, 0.029210, 0.020286, 0.022733, 0.014551, 32.43, 0.943, 0.00, 0.000, 0.00, 0.000, 0.00, 0.000
27747,296000, 35.08, 37.85, 0.869, 0.884, 0.020690, 0.007813,1,1,0, 0.031184, 0.018197, 0.022003, 0.014669, 35.08, 0.869, 0.00, 0.000, 0.00, 0.000, 0.00, 0.000
27748,296010, 45.45, 41.04, 0.818, 0.818, 0.020844, 0.005475,1,1,0, 0.028647, 0.018771, 0.021655, 0.014786, 45.45, 0.818, 0.00, 0.000, 0.00, 0.000, 0.00, 0.000
27749,296021, 45.62, 42.97, 0.910, 0.935, 0.023114, 0.010521,1,1,0, 0.026400, 0.019288, 0.025753, 0.015274, 45.62, 0.910, 0.00, 0.000, 0.00, 0.000, 0.00, 0.000
27750,296032, 48.00, 45.08, 0.799, 0.830, 0.021204, 0.007373,1,1,0, 0.017569, 0.009149, 0.015247, 0.008791, 48.00, 0.799, 0.00, 0.000, 0.00, 0.000, 0.00, 0.000
27751,296042, 50.00, 47.14, 0.779, 0.814, 0.019060, 0.005167,1,1,0, 0.014063, 0.006495, 0.006958, 0.004390, 50.00, 0.779, 0.00, 0.000, 0.00, 0.000, 0.00, 0.000
27752,296053, 33.24, 41.30, 0.957, 0.957, 0.017583, 0.003620,1,1,0, 0.023235, 0.015026, 0.016797, 0.009629, 33.24, 0.957, 0.00, 0.000, 0.00, 0.000, 0.00, 0.000
27753,296064, 30.15, 37.22, 0.884, 0.885, 0.016837, 0.002537,1,1,0, 0.029004, 0.017869, 0.017338, 0.012770, 30.15, 0.884, 31.57, 0.881, 0.00, 0.000, 0.00, 0.000
27754,296074, 41.66, 39.08, 0.537, 0.558, 0.021730, 0.016722,1,1,0, 0.032801, 0.020344, 0.025518, 0.015328, 41.66, 0.537, 0.00, 0.000, 0.00, 0.000, 0.00, 0.000
27755,296085, 45.80, 41.90, 0.879, 0.879, 0.023105, 0.011718,1,1,0, 0.032916, 0.021533, 0.025443, 0.016969, 45.80, 0.879, 0.00, 0.000, 0.00, 0.000, 0.00, 0.000
27756,296096, 49.18, 44.96, 0.865, 0.865, 0.022453, 0.008212,1,1,0, 0.023741, 0.014646, 0.025045, 0.014115, 49.18, 0.865, 0.00, 0.000, 0.00, 0.000, 0.00, 0.000
27757,296106, 49.58, 46.90, 0.688, 0.721, 0.020493, 0.005754,1,1,0, 0.014235, 0.007432, 0.010575, 0.007136, 49.58, 0.688, 0.00, 0.000, 0.00, 0.000, 0.00, 0.000
27758,296117, 43.16, 45.33, 0.716, 0.747, 0.018620, 0.004032,1,1,0, 0.012904, 0.007640, 0.009882, 0.006386, 43.16, 0.716, 0.00, 0.000, 0.00, 0.000, 0.00, 0.000
27759,296128, 30.92, 39.28, 0.924, 0.924, 0.017248, 0.002826,1,1,0, 0.019518, 0.013481, 0.015627, 0.008695, 30.92, 0.924, 43.32, 0.046, 0.00, 0.000, 0.00, 0.000
27760,296138, 34.18, 37.14, 0.729, 0.737, 0.024010, 0.017391,1,1,0, 0.037242, 0.022877, 0.027363, 0.016702, 34.18, 0.729, 57.69, 0.172, 0.00, 0.000, 0.00, 0.000
27761,296149, 30.76, 34.46, 0.653, 0.653, 0.023951, 0.012187,1,1,0, 0.032610, 0.020456, 0.026574, 0.016531, 30.76, 0.653, 54.54, 0.518, 0.00, 0.000, 0.00, 0.000
27762,296160, 48.78, 40.47, 0.829, 0.829, 0.022482, 0.008540,1,1,0, 0.023611, 0.016733, 0.021232, 0.013826, 48.78, 0.829, 0.00, 0.000, 0.00, 0.000, 0.00, 0.000
27763,296170, 48.38, 43.79, 0.902, 0.905, 0.020832, 0.005985,1,1,0, 0.017750, 0.012205, 0.019110, 0.010910, 48.38, 0.902, 0.00, 0.000, 0.00, 0.000, 0.00, 0.000
27764,296181, 48.19, 45.64, 0.925, 0.946, 0.019072, 0.004194,1,1,0, 0.012528, 0.006763, 0.011284, 0.007420, 48.19, 0.925, 0.00, 0.000, 0.00, 0.000, 0.00, 0.000
27765,296192, 49.58, 47.30, 0.474, 0.525, 0.017585, 0.002939,1,1,0, 0.019204, 0.010628, 0.013202, 0.008033, 49.58, 0.474, 0.00, 0.000, 0.00, 0.000, 0.00, 0.000
27766,296202, 32.17, 40.94, 0.929, 0.929, 0.017630, 0.003423,1,1,0, 0.023735, 0.016994, 0.019509, 0.012572, 32.17, 0.929, 72.72, 0.252, 0.00, 0.000, 0.00, 0.000
27767,296213, 32.78, 37.51, 0.944, 0.947, 0.021988, 0.011525,1,1,0, 0.031854, 0.019535, 0.025419, 0.015590, 32.78, 0.944, 60.91, 0.423, 0.00, 0.000, 0.00, 0.000
27768,296224, 51.94, 43.57, 0.519, 0.519, 0.020920, 0.008076,1,1,0, 0.028495, 0.019947, 0.020246, 0.014459, 51.94, 0.519, 0.00, 0.000, 0.00, 0.000, 0.00, 0.000
27769,296234, 45.28, 44.29, 0.961, 0.971, 0.021878, 0.005659,1,1,0, 0.029308, 0.019933, 0.023500, 0.017328, 45.28, 0.961, 0.00, 0.000, 0.00, 0.000, 0.00, 0.000
27770,296245, 47.05, 45.45, 0.836, 0.882, 0.020055, 0.003966,1,1,0, 0.015872, 0.010068, 0.019302, 0.008939, 47.05, 0.836, 0.00, 0.000, 0.00, 0.000, 0.00, 0.000
27771,296256, 56.07, 49.91, 0.506, 0.506, 0.018010, 0.002779,1,1,0, 0.011029, 0.005869, 0.009982, 0.004958, 56.07, 0.506, 32.78, 0.438, 0.00, 0.000, 0.00, 0.000
27772,296266, 32.60, 42.64, 0.859, 0.864, 0.016674, 0.001947,1,1,0, 0.016425, 0.011158, 0.016080, 0.008555, 32.60, 0.859, 63.49, 0.163, 0.00, 0.000, 0.00, 0.000
27773,296277, 31.25, 37.86, 0.806, 0.813, 0.021262, 0.024883,1,1,0, 0.025292, 0.017505, 0.027685, 0.012585, 31.25, 0.806, 0.00, 0.000, 0.00, 0.000, 0.00, 0.000
27774,296288, 43.47, 40.21, 0.744, 0.751, 0.022860, 0.017437,1,1,0, 0.031765, 0.020394, 0.027866, 0.015298, 43.47, 0.744, 0.00, 0.000, 0.00, 0.000, 0.00, 0.000
27775,296298, 46.15, 42.71, 0.855, 0.862, 0.024449, 0.012219,1,1,0, 0.036364, 0.024169, 0.026058, 0.020368, 46.15, 0.855, 0.00, 0.000, 0.00, 0.000, 0.00, 0.000
27776,296309, 48.78, 45.26, 0.841, 0.852, 0.022378, 0.008563,1,1,0, 0.022796, 0.012647, 0.020477, 0.009783, 48.78, 0.841, 0.00, 0.000, 0.00, 0.000, 0.00, 0.000
27777,296320, 50.84, 47.60, 0.625, 0.648, 0.019965, 0.006001,1,1,0, 0.008843, 0.005996, 0.006426, 0.003619, 50.84, 0.625, 0.00, 0.000, 0.00, 0.000, 0.00, 0.000
27778,296330, 34.68, 42.17, 0.754, 0.754, 0.018147, 0.004205,1,1,0, 0.015246, 0.009156, 0.013371, 0.007132, 34.68, 0.754, 59.11, 0.168, 0.00, 0.000, 0.00, 0.000
27779,296341, 36.14, 39.64, 0.693, 0.696, 0.016416, 0.002947,1,1,0, 0.017073, 0.007561, 0.014945, 0.005534, 36.14, 0.693, 32.08, 0.594, 0.00, 0.000, 0.00, 0.000
27780,296352, 41.66, 40.49, 0.803, 0.848, 0.026875, 0.020011,1,1,0, 0.033295, 0.023196, 0.029170, 0.018717, 41.66, 0.803, 33.70, 0.247, 30.22, 0.124, 0.00, 0.000
27781,296362, 41.66, 40.98, 0.850, 0.892, 0.025345, 0.014023,1,1,0, 0.033853, 0.020339, 0.027640, 0.015954, 41.66, 0.850, 0.00, 0.000, 0.00, 0.000, 0.00, 0.000
27782,296373, 53.81, 46.37, 0.544, 0.544, 0.023083, 0.009827,1,1,0, 0.021217, 0.010752, 0.015463, 0.008454, 53.81, 0.544, 0.00, 0.000, 0.00, 0.000, 0.00, 0.000
27783,296384, 50.42, 48.07, 0.594, 0.618, 0.021129, 0.006886,1,1,0, 0.016983, 0.011231, 0.016879, 0.008893, 50.42, 0.594, 0.00, 0.000, 0.00, 0.000, 0.00, 0.000
27784,296394, 43.79, 46.27, 0.938, 0.955, 0.019145, 0.004826,1,1,0, 0.014819, 0.007688, 0.015399, 0.006488, 43.79, 0.938, 0.00, 0.000, 0.00, 0.000, 0.00, 0.000
27785,296405, 30.07, 39.47, 0.810, 0.810, 0.017894, 0.003382,1,1,0, 0.025133, 0.013438, 0.015950, 0.010028, 30.07, 0.810, 41.95, 0.282, 79.47, 0.042, 0.00, 0.000
27786,296416, 35.39, 37.76, 0.963, 0.973, 0.019178, 0.005665,1,1,0, 0.026917, 0.018346, 0.020743, 0.014141, 35.39, 0.963, 70.17, 0.268, 0.00, 0.000, 0.00, 0.000
27787,296426, 30.69, 34.79, 0.514, 0.514, 0.019875, 0.005471,1,1,0, 0.027484, 0.017507, 0.020905, 0.013751, 30.69, 0.514, 53.57, 0.298, 0.00, 0.000, 0.00, 0.000
27788,296437, 46.69, 39.78, 0.928, 0.928, 0.020079, 0.006015,1,1,0, 0.024496, 0.017309, 0.021638, 0.013526, 46.69, 0.928, 0.00, 0.000, 0.00, 0.000, 0.00, 0.000
27789,296448, 45.97, 42.38, 0.888, 0.896, 0.018558, 0.004215,1,1,0, 0.024434, 0.010050, 0.014294, 0.008318, 45.97, 0.888, 0.00, 0.000, 0.00, 0.000, 0.00, 0.000
27790,296458, 46.33, 44.04, 0.830, 0.872, 0.017068, 0.002954,1,1,0, 0.018324, 0.009365, 0.012194, 0.007618, 46.33, 0.830, 0.00, 0.000, 0.00, 0.000, 0.00, 0.000
27791,296469, 48.00, 45.70, 0.448, 0.494, 0.015445, 0.002070,1,1,0, 0.018217, 0.007939, 0.010968, 0.004957, 48.00, 0.448, 0.00, 0.000, 0.00, 0.000, 0.00, 0.000
27792,296480, 31.83, 39.87, 0.854, 0.854, 0.017532, 0.009472,1,1,0, 0.026432, 0.017169, 0.019775, 0.011878, 31.83, 0.854, 71.00, 0.078, 0.00, 0.000, 0.00, 0.000
27793,296490, 34.09, 37.44, 0.884, 0.884, 0.017068, 0.006638,1,1,0, 0.020941, 0.014508, 0.017898, 0.012552, 34.09, 0.884, 62.50, 0.209, 0.00, 0.000, 0.00, 0.000
27794,296501, 45.80, 40.95, 0.719, 0.719, 0.022364, 0.013421,1,1,0, 0.031546, 0.020728, 0.024936, 0.015379, 45.80, 0.719, 0.00, 0.000, 0.00, 0.000, 0.00, 0.000
27795,296512, 44.77, 42.56, 0.990, 0.993, 0.022492, 0.009405,1,1,0, 0.027249, 0.019548, 0.023946, 0.016196, 44.77, 0.990, 0.00, 0.000, 0.00, 0.000, 0.00, 0.000
27796,296522, 45.11, 43.63, 0.675, 0.740, 0.020505, 0.006591,1,1,0, 0.008310, 0.004931, 0.011521, 0.007534, 45.11, 0.675, 0.00, 0.000, 0.00, 0.000, 0.00, 0.000
27797,296533, 53.81, 43.63, 0.423, 0.666, 0.018162, 0.004618,1,1,0, 0.006914, 0.003980, 0.004041, 0.002059, 53.81, 0.423, 37.85, 0.388, 41.66, 0.327, 0.00, 0.000
27798,296544, 34.88, 39.95, 0.638, 0.638, 0.016394, 0.003236,1,1,0, 0.012893, 0.007881, 0.007503, 0.004540, 34.88, 0.638, 33.05, 0.633, 0.00, 0.000, 0.00, 0.000
27799,296554, 30.00, 35.77, 0.780, 0.780, 0.017549, 0.006043,1,1,0, 0.028992, 0.018048, 0.019462, 0.011855, 30.00, 0.780, 0.00, 0.000, 0.00, 0.000, 0.00, 0.000
27800,296565, 41.09, 38.01, 0.686, 0.693, 0.018639, 0.005860,1,1,0, 0.023935, 0.017931, 0.020765, 0.013927, 41.09, 0.686, 0.00, 0.000, 0.00, 0.000, 0.00, 0.000
27801,296576, 48.00, 42.20, 0.866, 0.866, 0.022714, 0.010275,1,1,0, 0.031640, 0.019978, 0.025812, 0.015833, 48.00, 0.866, 0.00, 0.000, 0.00, 0.000, 0.00, 0.000
27802,296586, 48.97, 45.05, 0.946, 0.951, 0.021197, 0.007200,1,1,0, 0.017679, 0.011553, 0.017656, 0.012044, 48.97, 0.946, 0.00, 0.000, 0.00, 0.000, 0.00, 0.000
27803,296597, 47.24, 45.97, 0.727, 0.796, 0.019063, 0.005046,1,1,0, 0.009079, 0.004417, 0.006477, 0.004524, 47.24, 0.727, 0.00, 0.000, 0.00, 0.000, 0.00, 0.000
27804,296608, 40.95, 43.86, 0.885, 0.903, 0.016973, 0.003536,1,1,0, 0.009908, 0.004091, 0.005333, 0.002740, 40.95, 0.885, 0.00, 0.000, 0.00, 0.000, 0.00, 0.000
27805,296618, 42.10, 43.86, 0.072, 0.813, 0.015620, 0.002478,1,1,0, 0.022760, 0.013232, 0.014227, 0.007634, 42.10, 0.072, 0.00, 0.000, 0.00, 0.000, 0.00, 0.000
27806,296629, 36.47, 40.76, 0.561, 0.563, 0.022150, 0.013442,1,1,0, 0.033754, 0.021193, 0.024619, 0.017406, 36.47, 0.561, 31.08, 0.317, 72.28, 0.172, 0.00, 0.000
27807,296640, 36.25, 38.86, 0.530, 0.545, 0.020698, 0.009419,1,1,0, 0.022119, 0.016747, 0.020683, 0.012625, 36.25, 0.530, 54.79, 0.278, 0.00, 0.000, 0.00, 0.000
27808,296650, 46.33, 42.00, 0.722, 0.722, 0.019476, 0.006601,1,1,0, 0.020873, 0.015644, 0.017814, 0.012111, 46.33, 0.722, 0.00, 0.000, 0.00, 0.000, 0.00, 0.000
27809,296661, 45.62, 43.52, 0.919, 0.942, 0.018432, 0.004626,1,1,0, 0.021369, 0.013018, 0.018929, 0.012319, 45.62, 0.919, 0.00, 0.000, 0.00, 0.000, 0.00, 0.000
27810,296672, 47.24, 45.08, 0.678, 0.726, 0.016471, 0.003241,1,1,0, 0.007967, 0.003493, 0.011392, 0.004164, 47.24, 0.678, 0.00, 0.000, 0.00, 0.000, 0.00, 0.000
27811,296682, 33.89, 40.38, 0.922, 0.922, 0.014828, 0.002271,1,1,0, 0.008937, 0.006425, 0.007557, 0.004071, 33.89, 0.922, 58.25, 0.250, 0.00, 0.000, 0.00, 0.000
27812,296693, 31.57, 36.68, 0.937, 0.937, 0.017338, 0.015608,1,1,0, 0.023502, 0.015302, 0.021768, 0.011428, 31.57, 0.937, 0.00, 0.000, 0.00, 0.000, 0.00, 0.000
27813,296704, 48.78, 41.76, 0.530, 0.530, 0.018876, 0.010938,1,1,0, 0.027026, 0.017950, 0.022362, 0.014161, 48.78, 0.530, 0.00, 0.000, 0.00, 0.000, 0.00, 0.000
27814,296714, 46.33, 43.68, 0.821, 0.840, 0.018019, 0.007665,1,1,0, 0.023576, 0.016804, 0.018542, 0.012273, 46.33, 0.821, 0.00, 0.000, 0.00, 0.000, 0.00, 0.000
27815,296725, 46.15, 44.72, 0.966, 0.975, 0.017929, 0.005371,1,1,0, 0.021786, 0.016136, 0.019499, 0.012972, 46.15, 0.966, 0.00, 0.000, 0.00, 0.000, 0.00, 0.000
27816,296736, 47.61, 45.93, 0.849, 0.891, 0.016872, 0.003764,1,1,0, 0.019614, 0.011282, 0.018243, 0.010593, 47.61, 0.849, 0.00, 0.000, 0.00, 0.000, 0.00, 0.000
27817,296746, 32.34, 40.22, 0.814, 0.814, 0.015676, 0.002637,1,1,0, 0.014328, 0.009709, 0.011155, 0.007840, 32.34, 0.814, 55.55, 0.225, 0.00, 0.000, 0.00, 0.000
27818,296757, 34.78, 37.94, 0.927, 0.934, 0.014274, 0.001848,1,1,0, 0.013025, 0.006802, 0.010570, 0.005004, 34.78, 0.927, 71.00, 0.337, 0.00, 0.000, 0.00, 0.000
27819,296768, 44.77, 37.94, 0.385, 0.841, 0.018827, 0.012523,1,1,0, 0.024946, 0.015791, 0.022408, 0.012354, 44.77, 0.385, 0.00, 0.000, 0.00, 0.000, 0.00, 0.000
27820,296778, 43.47, 40.26, 0.912, 0.924, 0.022150, 0.008944,1,1,0, 0.032374, 0.021563, 0.023677, 0.017212, 43.47, 0.912, 0.00, 0.000, 0.00, 0.000, 0.00, 0.000
27821,296789, 47.61, 43.35, 0.717, 0.717, 0.020744, 0.006268,1,1,0, 0.024621, 0.015499, 0.020096, 0.011768, 47.61, 0.717, 0.00, 0.000, 0.00, 0.000, 0.00, 0.000
27822,296800, 47.43, 45.06, 0.872, 0.904, 0.019117, 0.004392,1,1,0, 0.015293, 0.011328, 0.013657, 0.008520, 47.43, 0.872, 0.00, 0.000, 0.00, 0.000, 0.00, 0.000
27823,296810, 47.05, 45.90, 0.787, 0.846, 0.017239, 0.003078,1,1,0, 0.011319, 0.006252, 0.011238, 0.004719, 47.05, 0.787, 0.00, 0.000, 0.00, 0.000, 0.00, 0.000
27824,296821, 33.14, 40.54, 0.952, 0.952, 0.015717, 0.002157,1,1,0, 0.012985, 0.007371, 0.007120, 0.005445, 33.14, 0.952, 52.63, 0.088, 0.00, 0.000, 0.00, 0.000
27825,296832, 32.60, 37.21, 0.944, 0.947, 0.015156, 0.002731,1,1,0, 0.022396, 0.012450, 0.015781, 0.009624, 32.60, 0.944, 0.00, 0.000, 0.00, 0.000, 0.00, 0.000
27826,296842, 45.28, 40.60, 0.566, 0.566, 0.023249, 0.014305,1,1,0, 0.034590, 0.021078, 0.025051, 0.016361, 45.28, 0.566, 0.00, 0.000, 0.00, 0.000, 0.00, 0.000
27827,296853, 47.43, 43.47, 0.800, 0.803, 0.022035, 0.010024,1,1,0, 0.034209, 0.018101, 0.021704, 0.014542, 47.43, 0.800, 0.00, 0.000, 0.00, 0.000, 0.00, 0.000
27828,296864, 48.19, 45.45, 0.784, 0.816, 0.020155, 0.007025,1,1,0, 0.016449, 0.010528, 0.012829, 0.008057, 48.19, 0.784, 0.00, 0.000, 0.00, 0.000, 0.00, 0.000
27829,296874, 45.11, 45.31, 0.941, 0.958, 0.018711, 0.004923,1,1,0, 0.017825, 0.011728, 0.013702, 0.009318, 45.11, 0.941, 0.00, 0.000, 0.00, 0.000, 0.00, 0.000
27830,296885, 44.44, 44.94, 0.605, 0.688, 0.016875, 0.003449,1,1,0, 0.011454, 0.006203, 0.007697, 0.004450, 44.44, 0.605, 0.00, 0.000, 0.00, 0.000, 0.00, 0.000
27831,296896, 32.87, 39.87, 0.967, 0.970, 0.015848, 0.002417,1,1,0, 0.021743, 0.013856, 0.014975, 0.009749, 32.87, 0.967, 68.96, 0.245, 0.00, 0.000, 0.00, 0.000
27832,296906, 33.51, 37.20, 0.898, 0.903, 0.015570, 0.002315,1,1,0, 0.019237, 0.014430, 0.016514, 0.011328, 33.51, 0.898, 65.21, 0.162, 0.00, 0.000, 0.00, 0.000
27833,296917, 48.00, 41.74, 0.768, 0.768, 0.022229, 0.011298,1,1,0, 0.033343, 0.020817, 0.024710, 0.015550, 48.00, 0.768, 0.00, 0.000, 0.00, 0.000, 0.00, 0.000
27834,296928, 46.87, 43.89, 0.976, 0.982, 0.020952, 0.007917,1,1,0, 0.024629, 0.014869, 0.017521, 0.012851, 46.87, 0.976, 0.00, 0.000, 0.00, 0.000, 0.00, 0.000
27835,296938, 47.80, 45.53, 0.927, 0.947, 0.019328, 0.005548,1,1,0, 0.016131, 0.010610, 0.013109, 0.008873, 47.80, 0.927, 0.00, 0.000, 0.00, 0.000, 0.00, 0.000
27836,296949, 48.19, 46.65, 0.913, 0.937, 0.017383, 0.003888,1,1,0, 0.012150, 0.004592, 0.007103, 0.004464, 48.19, 0.913, 0.00, 0.000, 0.00, 0.000, 0.00, 0.000
27837,296960, 30.07, 39.69, 0.967, 0.967, 0.015782, 0.002724,1,1,0, 0.013418, 0.009318, 0.009669, 0.005366, 30.07, 0.967, 50.00, 0.046, 0.00, 0.000, 0.00, 0.000
27838,296970, 32.96, 36.86, 0.986, 0.988, 0.015425, 0.003467,1,1,0, 0.021291, 0.014423, 0.016942, 0.010212, 32.96, 0.986, 68.18, 0.106, 0.00, 0.000, 0.00, 0.000
27839,296981, 31.33, 34.54, 0.718, 0.721, 0.014873, 0.002429,1,1,0, 0.024219, 0.015566, 0.013843, 0.011321, 31.33, 0.718, 53.09, 0.116, 0.00, 0.000, 0.00, 0.000
27840,296992, 46.15, 39.41, 0.924, 0.924, 0.024251, 0.014805,1,1,0, 0.035627, 0.022205, 0.027565, 0.017102, 46.15, 0.924, 0.00, 0.000, 0.00, 0.000, 0.00, 0.000
27841,297002, 46.87, 42.55, 0.897, 0.900, 0.022600, 0.010375,1,1,0, 0.016844, 0.012554, 0.018977, 0.012556, 46.87, 0.897, 0.00, 0.000, 0.00, 0.000, 0.00, 0.000
27842,297013, 49.38, 45.42, 0.715, 0.723, 0.020473, 0.007271,1,1,0, 0.009757, 0.005489, 0.009022, 0.005807, 49.38, 0.715, 0.00, 0.000, 0.00, 0.000, 0.00, 0.000
27843,297024, 40.13, 43.19, 0.754, 0.767, 0.018225, 0.005095,1,1,0, 0.008831, 0.003771, 0.005144, 0.002839, 40.13, 0.754, 0.00, 0.000, 0.00, 0.000, 0.00, 0.000
27844,297034, 44.11, 43.19, 0.016, 0.690, 0.016632, 0.003570,1,1,0, 0.018383, 0.011092, 0.010428, 0.006436, 44.11, 0.016, 0.00, 0.000, 0.00, 0.000, 0.00, 0.000
27845,297045, 32.25, 38.60, 0.778, 0.778, 0.017229, 0.004900,1,1,0, 0.023825, 0.016477, 0.018911, 0.012115, 32.25, 0.778, 0.00, 0.000, 0.00, 0.000, 0.00, 0.000
27846,297056, 33.24, 36.35, 0.729, 0.734, 0.017461, 0.003885,1,1,0, 0.023712, 0.017903, 0.019209, 0.012984, 33.24, 0.729, 49.38, 0.383, 0.00, 0.000, 0.00, 0.000
27847,297066, 48.19, 41.32, 0.912, 0.915, 0.019870, 0.005888,1,1,0, 0.027553, 0.017227, 0.022170, 0.014818, 48.19, 0.912, 0.00, 0.000, 0.00, 0.000, 0.00, 0.000
27848,297077, 48.00, 44.12, 0.954, 0.962, 0.018422, 0.004126,1,1,0, 0.015999, 0.010733, 0.013148, 0.009550, 48.00, 0.954, 0.00, 0.000, 0.00, 0.000, 0.00, 0.000
27849,297088, 46.69, 45.20, 0.762, 0.828, 0.016720, 0.002891,1,1,0, 0.009450, 0.005419, 0.008681, 0.005193, 46.69, 0.762, 0.00, 0.000, 0.00, 0.000, 0.00, 0.000
27850,297098, 46.33, 45.67, 0.514, 0.590, 0.015015, 0.002026,1,1,0, 0.009784, 0.005152, 0.007262, 0.003675, 46.33, 0.514, 41.81, 0.513, 0.00, 0.000, 0.00, 0.000
27851,297109, 31.49, 39.72, 0.877, 0.877, 0.016116, 0.011753,1,1,0, 0.025606, 0.015650, 0.019478, 0.012035, 31.49, 0.877, 0.00, 0.000, 0.00, 0.000, 0.00, 0.000
27852,297120, 35.50, 37.94, 0.744, 0.766, 0.018450, 0.010951,1,1,0, 0.023441, 0.016953, 0.022201, 0.013153, 35.50, 0.744, 65.93, 0.194, 0.00, 0.000, 0.00, 0.000
27853,297130, 48.78, 42.49, 0.491, 0.491, 0.017864, 0.007674,1,1,0, 0.022166, 0.016544, 0.019710, 0.012019, 48.78, 0.491, 0.00, 0.000, 0.00, 0.000, 0.00, 0.000
27854,297141, 46.33, 44.10, 0.949, 0.963, 0.019021, 0.006979,1,1,0, 0.026209, 0.016654, 0.021650, 0.013718, 46.33, 0.949, 0.00, 0.000, 0.00, 0.000, 0.00, 0.000
27855,297152, 46.87, 45.27, 0.922, 0.944, 0.017714, 0.004891,1,1,0, 0.018686, 0.010587, 0.015202, 0.009788, 46.87, 0.922, 0.00, 0.000, 0.00, 0.000, 0.00, 0.000
27856,297162, 52.17, 48.16, 0.464, 0.470, 0.015940, 0.003427,1,1,0, 0.010161, 0.005439, 0.008256, 0.004285, 52.17, 0.464, 31.83, 0.241, 0.00, 0.000, 0.00, 0.000
27857,297173, 31.08, 40.99, 0.612, 0.617, 0.014502, 0.002401,1,1,0, 0.013251, 0.007553, 0.012709, 0.005841, 31.08, 0.612, 35.39, 0.577, 60.00, 0.160, 0.00, 0.000
27858,297184, 31.25, 36.90, 0.894, 0.901, 0.017531, 0.011705,1,1,0, 0.024409, 0.015897, 0.019764, 0.012578, 31.25, 0.894, 48.38, 0.070, 0.00, 0.000, 0.00, 0.000
27859,297194, 46.15, 40.78, 0.675, 0.678, 0.018247, 0.008202,1,1,0, 0.024738, 0.017197, 0.020018, 0.013086, 46.15, 0.675, 0.00, 0.000, 0.00, 0.000, 0.00, 0.000
27860,297205, 46.87, 43.34, 0.836, 0.848, 0.018760, 0.008080,1,1,0, 0.024068, 0.016704, 0.021031, 0.012660, 46.87, 0.836, 0.00, 0.000, 0.00, 0.000, 0.00, 0.000
27861,297216, 46.69, 44.75, 0.952, 0.966, 0.018661, 0.005662,1,1,0, 0.024797, 0.015021, 0.021282, 0.012272, 46.69, 0.952, 0.00, 0.000, 0.00, 0.000, 0.00, 0.000
27862,297226, 48.58, 46.36, 0.684, 0.736, 0.016793, 0.003968,1,1,0, 0.011513, 0.006214, 0.010044, 0.004595, 48.58, 0.684, 0.00, 0.000, 0.00, 0.000, 0.00, 0.000
27863,297237, 36.03, 42.02, 0.755, 0.755, 0.015174, 0.002781,1,1,0, 0.008990, 0.005870, 0.009364, 0.004725, 36.03, 0.755, 60.00, 0.262, 0.00, 0.000, 0.00, 0.000
27864,297248, 31.25, 37.49, 0.756, 0.756, 0.014690, 0.003081,1,1,0, 0.020350, 0.010764, 0.015345, 0.008497, 31.25, 0.756, 0.00, 0.000, 0.00, 0.000, 0.00, 0.000
27865,297258, 42.25, 39.49, 0.482, 0.497, 0.021172, 0.016247,1,1,0, 0.030571, 0.019205, 0.023130, 0.015115, 42.25, 0.482, 0.00, 0.000, 0.00, 0.000, 0.00, 0.000
27866,297269, 44.60, 41.64, 0.630, 0.639, 0.020184, 0.011385,1,1,0, 0.031077, 0.018120, 0.021457, 0.014310, 44.60, 0.630, 0.00, 0.000, 0.00, 0.000, 0.00, 0.000
27867,297280, 47.80, 44.23, 0.825, 0.831, 0.018846, 0.007979,1,1,0, 0.019781, 0.014205, 0.018456, 0.010893, 47.80, 0.825, 0.00, 0.000, 0.00, 0.000, 0.00, 0.000
27868,297290, 47.05, 45.41, 0.965, 0.974, 0.017400, 0.005591,1,1,0, 0.019888, 0.010028, 0.014492, 0.007813, 47.05, 0.965, 0.00, 0.000, 0.00, 0.000, 0.00, 0.000
27869,297301, 46.69, 45.95, 0.662, 0.745, 0.015519, 0.003918,1,1,0, 0.006918, 0.004701, 0.003746, 0.002495, 46.69, 0.662, 0.00, 0.000, 0.00, 0.000, 0.00, 0.000
27870,297312, 32.87, 40.46, 0.909, 0.910, 0.014284, 0.002745,1,1,0, 0.016345, 0.008868, 0.009717, 0.006306, 32.87, 0.909, 67.03, 0.086, 0.00, 0.000, 0.00, 0.000
27871,297322, 31.57, 36.73, 0.871, 0.874, 0.016237, 0.008287,1,1,0, 0.024266, 0.015365, 0.017901, 0.011537, 31.57, 0.871, 0.00, 0.000, 0.00, 0.000, 0.00, 0.000
27872,297333, 45.28, 40.32, 0.734, 0.734, 0.021618, 0.015278,1,1,0, 0.031239, 0.020857, 0.024270, 0.015870, 45.28, 0.734, 0.00, 0.000, 0.00, 0.000, 0.00, 0.000
27873,297344, 49.38, 44.12, 0.824, 0.824, 0.020187, 0.010707,1,1,0, 0.022058, 0.012273, 0.015607, 0.010882, 49.38, 0.824, 0.00, 0.000, 0.00, 0.000, 0.00, 0.000
27874,297354, 47.43, 45.51, 0.935, 0.953, 0.018945, 0.007503,1,1,0, 0.019910, 0.014999, 0.018127, 0.011769, 47.43, 0.935, 0.00, 0.000, 0.00, 0.000, 0.00, 0.000
27875,297365, 46.33, 45.85, 0.944, 0.959, 0.017149, 0.005258,1,1,0, 0.014596, 0.005215, 0.009744, 0.005394, 46.33, 0.944, 0.00, 0.000, 0.00, 0.000, 0.00, 0.000
27876,297376, 55.29, 45.85, 0.142, 0.863, 0.015552, 0.003684,1,1,0, 0.015902, 0.008740, 0.008726, 0.005229, 55.29, 0.142, 0.00, 0.000, 0.00, 0.000, 0.00, 0.000
27877,297386, 33.42, 40.63, 0.898, 0.900, 0.014630, 0.002582,1,1,0, 0.017626, 0.012213, 0.011527, 0.008672, 33.42, 0.898, 69.76, 0.208, 0.00, 0.000, 0.00, 0.000
27878,297397, 31.16, 36.66, 0.851, 0.851, 0.015387, 0.004626,1,1,0, 0.023427, 0.015908, 0.016524, 0.011529, 31.16, 0.851, 54.29, 0.059, 48.38, 0.055, 0.00, 0.000
27879,297408, 46.51, 40.79, 0.866, 0.869, 0.021809, 0.010658,1,1,0, 0.030163, 0.019837, 0.024665, 0.015408, 46.51, 0.866, 0.00, 0.000, 0.00, 0.000, 0.00, 0.000
27880,297418, 46.87, 43.35, 0.894, 0.908, 0.020405, 0.007469,1,1,0, 0.019122, 0.013061, 0.016463, 0.011491, 46.87, 0.894, 0.00, 0.000, 0.00, 0.000, 0.00, 0.000
27881,297429, 48.58, 45.54, 0.934, 0.952, 0.018736, 0.005234,1,1,0, 0.012659, 0.008933, 0.014249, 0.008337, 48.58, 0.934, 0.00, 0.000, 0.00, 0.000, 0.00, 0.000
27882,297440, 48.38, 46.74, 0.892, 0.922, 0.016643, 0.003668,1,1,0, 0.005369, 0.001888, 0.004169, 0.002236, 48.38, 0.892, 0.00, 0.000, 0.00, 0.000, 0.00, 0.000
27883,297450, 31.00, 40.13, 0.777, 0.777, 0.015380, 0.002570,1,1,0, 0.017346, 0.010818, 0.011506, 0.007266, 31.00, 0.777, 0.00, 0.000, 0.00, 0.000, 0.00, 0.000
27884,297461, 32.60, 36.97, 0.845, 0.849, 0.014478, 0.001801,1,1,0, 0.019510, 0.013326, 0.011840, 0.008790, 32.60, 0.845, 0.00, 0.000, 0.00, 0.000, 0.00, 0.000
27885,297472, 31.08, 34.50, 0.880, 0.886, 0.018349, 0.012527,1,1,0, 0.026921, 0.018880, 0.021665, 0.013554, 31.08, 0.880, 46.51, 0.557, 0.00, 0.000, 0.00, 0.000
27886,297482, 47.61, 40.01, 0.880, 0.883, 0.020405, 0.008779,1,1,0, 0.028272, 0.017745, 0.022435, 0.015153, 47.61, 0.880, 0.00, 0.000, 0.00, 0.000, 0.00, 0.000
27887,297493, 48.97, 43.77, 0.842, 0.848, 0.018888, 0.006152,1,1,0, 0.014537, 0.010832, 0.014259, 0.009917, 48.97, 0.842, 0.00, 0.000, 0.00, 0.000, 0.00, 0.000
27888,297504, 47.43, 45.31, 0.848, 0.891, 0.017154, 0.004311,1,1,0, 0.009165, 0.005648, 0.009019, 0.005625, 47.43, 0.848, 0.00, 0.000, 0.00, 0.000, 0.00, 0.000
27889,297514, 45.80, 45.51, 0.790, 0.849, 0.015380, 0.003021,1,1,0, 0.009688, 0.004790, 0.006194, 0.003461, 45.80, 0.790, 0.00, 0.000, 0.00, 0.000, 0.00, 0.000
27890,297525, 31.16, 39.49, 0.811, 0.811, 0.014652, 0.002117,1,1,0, 0.022818, 0.013471, 0.014839, 0.010480, 31.16, 0.811, 0.00, 0.000, 0.00, 0.000, 0.00, 0.000
27891,297536, 34.28, 37.30, 0.921, 0.926, 0.014107, 0.003379,1,1,0, 0.022942, 0.015361, 0.015073, 0.010516, 34.28, 0.921, 63.15, 0.051, 0.00, 0.000, 0.00, 0.000
27892,297546, 30.53, 34.46, 0.703, 0.703, 0.018333, 0.009965,1,1,0, 0.024529, 0.017775, 0.021534, 0.013808, 30.53, 0.703, 49.18, 0.624, 0.00, 0.000, 0.00, 0.000
27893,297557, 47.61, 39.98, 0.936, 0.939, 0.018514, 0.006983,1,1,0, 0.022783, 0.016025, 0.020534, 0.013328, 47.61, 0.936, 0.00, 0.000, 0.00, 0.000, 0.00, 0.000
27894,297568, 47.80, 43.27, 0.902, 0.909, 0.017020, 0.004893,1,1,0, 0.015207, 0.009463, 0.012901, 0.008056, 47.80, 0.902, 0.00, 0.000, 0.00, 0.000, 0.00, 0.000
27895,297578, 45.80, 44.33, 0.915, 0.938, 0.015321, 0.003429,1,1,0, 0.006867, 0.003758, 0.007005, 0.004063, 45.80, 0.915, 0.00, 0.000, 0.00, 0.000, 0.00, 0.000
27896,297589, 30.69, 38.60, 0.610, 0.610, 0.013922, 0.002403,1,1,0, 0.012647, 0.007118, 0.012777, 0.005192, 30.69, 0.610, 50.00, 0.309, 0.00, 0.000, 0.00, 0.000
27897,297600, 32.52, 36.04, 0.906, 0.906, 0.016181, 0.008540,1,1,0, 0.024331, 0.015567, 0.018998, 0.012669, 32.52, 0.906, 72.28, 0.087, 0.00, 0.000, 0.00, 0.000
27898,297610, 32.69, 34.64, 0.788, 0.822, 0.016440, 0.009291,1,1,0, 0.022497, 0.015554, 0.019098, 0.011448, 32.69, 0.788, 56.33, 0.320, 0.00, 0.000, 0.00, 0.000
27899,297621, 47.24, 39.93, 0.809, 0.809, 0.018698, 0.009682,1,1,0, 0.023301, 0.017067, 0.021468, 0.012965, 47.24, 0.809, 0.00, 0.000, 0.00, 0.000, 0.00, 0.000
27900,297632, 46.87, 42.84, 0.917, 0.920, 0.019950, 0.007997,1,1,0, 0.026096, 0.015960, 0.023193, 0.013327, 46.87, 0.917, 0.00, 0.000, 0.00, 0.000, 0.00, 0.000
27901,297642, 48.00, 45.01, 0.763, 0.792, 0.017829, 0.005604,1,1,0, 0.009861, 0.006002, 0.010575, 0.003980, 48.00, 0.763, 0.00, 0.000, 0.00, 0.000, 0.00, 0.000
27902,297653, 49.18, 46.76, 0.490, 0.532, 0.015939, 0.003927,1,1,0, 0.008745, 0.003432, 0.005278, 0.002817, 49.18, 0.490, 38.33, 0.407, 33.33, 0.279, 0.00, 0.000
27903,297664, 31.49, 40.35, 0.775, 0.775, 0.014901, 0.002752,1,1,0, 0.020103, 0.009811, 0.015523, 0.007713, 31.49, 0.775, 0.00, 0.000, 0.00, 0.000, 0.00, 0.000
27904,297674, 33.14, 37.32, 0.825, 0.828, 0.016279, 0.005232,1,1,0, 0.023077, 0.015649, 0.017148, 0.012204, 33.14, 0.825, 54.54, 0.054, 0.00, 0.000, 0.00, 0.000
27905,297685, 46.51, 41.18, 0.707, 0.707, 0.016601, 0.003667,1,1,0, 0.026848, 0.017206, 0.017514, 0.013370, 46.51, 0.707, 0.00, 0.000, 0.00, 0.000, 0.00, 0.000
27906,297696, 46.87, 43.57, 0.922, 0.935, 0.020434, 0.012285,1,1,0, 0.024307, 0.017766, 0.022382, 0.013937, 46.87, 0.922, 0.00, 0.000, 0.00, 0.000, 0.00, 0.000
27907,297706, 48.38, 45.59, 0.884, 0.916, 0.018745, 0.008609,1,1,0, 0.024363, 0.010132, 0.018419, 0.007929, 48.38, 0.884, 0.00, 0.000, 0.00, 0.000, 0.00, 0.000
27908,297717, 48.00, 46.60, 0.699, 0.767, 0.016701, 0.006033,1,1,0, 0.007664, 0.004806, 0.004826, 0.002707, 48.00, 0.699, 0.00, 0.000, 0.00, 0.000, 0.00, 0.000
27909,297728, 32.08, 40.50, 0.770, 0.770, 0.015102, 0.004228,1,1,0, 0.012876, 0.006389, 0.007356, 0.004482, 32.08, 0.770, 48.78, 0.088, 0.00, 0.000, 0.00, 0.000
27910,297738, 30.00, 36.09, 0.714, 0.714, 0.016734, 0.007406,1,1,0, 0.025791, 0.014185, 0.017922, 0.010805, 30.00, 0.714, 0.00, 0.000, 0.00, 0.000, 0.00, 0.000
27911,297749, 35.92, 36.02, 0.787, 0.846, 0.018595, 0.006596,1,1,0, 0.026434, 0.018936, 0.019893, 0.014599, 35.92, 0.787, 48.19, 0.476, 0.00, 0.000, 0.00, 0.000
27912,297760, 49.18, 41.54, 0.768, 0.772, 0.017596, 0.004622,1,1,0, 0.024987, 0.013931, 0.014426, 0.011266, 49.18, 0.768, 0.00, 0.000, 0.00, 0.000, 0.00, 0.000
27913,297770, 47.24, 43.94, 0.923, 0.941, 0.018423, 0.005739,1,1,0, 0.020879, 0.015920, 0.019829, 0.012485, 47.24, 0.923, 0.00, 0.000, 0.00, 0.000, 0.00, 0.000
27914,297781, 46.87, 45.17, 0.917, 0.940, 0.016691, 0.004021,1,1,0, 0.014252, 0.005053, 0.007000, 0.004790, 46.87, 0.917, 0.00, 0.000, 0.00, 0.000, 0.00, 0.000
27915,297792, 50.20, 47.28, 0.477, 0.505, 0.014859, 0.002818,1,1,0, 0.007865, 0.005008, 0.004123, 0.002340, 50.20, 0.477, 36.47, 0.330, 0.00, 0.000, 0.00, 0.000
27916,297802, 32.69, 41.16, 0.940, 0.940, 0.013781, 0.001975,1,1,0, 0.015024, 0.010232, 0.010442, 0.006865, 32.69, 0.940, 0.00, 0.000, 0.00, 0.000, 0.00, 0.000
27917,297813, 30.00, 36.47, 0.896, 0.896, 0.018076, 0.010572,1,1,0, 0.026834, 0.017662, 0.020327, 0.012682, 30.00, 0.896, 0.00, 0.000, 0.00, 0.000, 0.00, 0.000
27918,297824, 48.97, 41.72, 0.828, 0.828, 0.018031, 0.007408,1,1,0, 0.024532, 0.016563, 0.019267, 0.013230, 48.97, 0.828, 0.00, 0.000, 0.00, 0.000, 0.00, 0.000
27919,297834, 48.38, 44.52, 0.912, 0.917, 0.017115, 0.005191,1,1,0, 0.021253, 0.014166, 0.015300, 0.011452, 48.38, 0.912, 0.00, 0.000, 0.00, 0.000, 0.00, 0.000
27920,297845, 47.61, 45.82, 0.950, 0.964, 0.016119, 0.003638,1,1,0, 0.017721, 0.011755, 0.016877, 0.010213, 47.61, 0.950, 0.00, 0.000, 0.00, 0.000, 0.00, 0.000
27921,297856, 47.61, 46.57, 0.827, 0.875, 0.014438, 0.002549,1,1,0, 0.005962, 0.001752, 0.006971, 0.003401, 47.61, 0.827, 0.00, 0.000, 0.00, 0.000, 0.00, 0.000
27922,297866, 32.52, 40.67, 0.789, 0.789, 0.013190, 0.001786,1,1,0, 0.014840, 0.008771, 0.010610, 0.005439, 32.52, 0.789, 58.25, 0.133, 0.00, 0.000, 0.00, 0.000
27923,297877, 32.52, 37.24, 0.786, 0.789, 0.012476, 0.001252,1,1,0, 0.017440, 0.011868, 0.009026, 0.007629, 32.52, 0.786, 30.30, 0.773, 0.00, 0.000, 0.00, 0.000
27924,297888, 47.24, 41.44, 0.475, 0.475, 0.019006, 0.013259,1,1,0, 0.028211, 0.018622, 0.021812, 0.013701, 47.24, 0.475, 0.00, 0.000, 0.00, 0.000, 0.00, 0.000
27925,297898, 47.61, 44.03, 0.917, 0.924, 0.018120, 0.009291,1,1,0, 0.024643, 0.016652, 0.017753, 0.013279, 47.61, 0.917, 0.00, 0.000, 0.00, 0.000, 0.00, 0.000
27926,297909, 48.78, 46.03, 0.879, 0.912, 0.017055, 0.006511,1,1,0, 0.016325, 0.012357, 0.018005, 0.011118, 48.78, 0.879, 0.00, 0.000, 0.00, 0.000, 0.00, 0.000
27927,297920, 48.78, 47.18, 0.936, 0.954, 0.015676, 0.004563,1,1,0, 0.010495, 0.007264, 0.012742, 0.007255, 48.78, 0.936, 0.00, 0.000, 0.00, 0.000, 0.00, 0.000
27928,297930, 48.19, 47.60, 0.820, 0.870, 0.013921, 0.003197,1,1,0, 0.004520, 0.002511, 0.003118, 0.001920, 48.19, 0.820, 0.00, 0.000, 0.00, 0.000, 0.00, 0.000
27929,297941, 31.83, 40.98, 0.816, 0.816, 0.013036, 0.002240,1,1,0, 0.016696, 0.010252, 0.012113, 0.007558, 31.83, 0.816, 0.00, 0.000, 0.00, 0.000, 0.00, 0.000
27930,297952, 30.76, 36.69, 0.928, 0.931, 0.012444, 0.001570,1,1,0, 0.021355, 0.014450, 0.011620, 0.008770, 30.76, 0.928, 0.00, 0.000, 0.00, 0.000, 0.00, 0.000
27931,297962, 47.43, 41.20, 0.759, 0.759, 0.020539, 0.015086,1,1,0, 0.029031, 0.018608, 0.024710, 0.015087, 47.43, 0.759, 0.00, 0.000, 0.00, 0.000, 0.00, 0.000
27932,297973, 48.19, 44.13, 0.918, 0.922, 0.019387, 0.010572,1,1,0, 0.024763, 0.015670, 0.017630, 0.012802, 48.19, 0.918, 0.00, 0.000, 0.00, 0.000, 0.00, 0.000
27933,297984, 48.78, 46.08, 0.812, 0.848, 0.017817, 0.007408,1,1,0, 0.012529, 0.010242, 0.013841, 0.008253, 48.78, 0.812, 0.00, 0.000, 0.00, 0.000, 0.00, 0.000
27934,297994, 46.51, 46.26, 0.912, 0.937, 0.016274, 0.005192,1,1,0, 0.009931, 0.005835, 0.010124, 0.006623, 46.51, 0.912, 0.00, 0.000, 0.00, 0.000, 0.00, 0.000
27935,298005, 47.24, 46.67, 0.622, 0.708, 0.014591, 0.003638,1,1,0, 0.008615, 0.005212, 0.010098, 0.003548, 47.24, 0.622, 31.08, 0.604, 0.00, 0.000, 0.00, 0.000
27936,298016, 32.96, 40.91, 0.841, 0.843, 0.013896, 0.002549,1,1,0, 0.018975, 0.012471, 0.013291, 0.009656, 32.96, 0.841, 67.03, 0.122, 0.00, 0.000, 0.00, 0.000
27937,298026, 30.84, 36.68, 0.857, 0.859, 0.014978, 0.009007,1,1,0, 0.022670, 0.015326, 0.017554, 0.011208, 30.84, 0.857, 58.53, 0.199, 0.00, 0.000, 0.00, 0.000
27938,298037, 47.24, 41.12, 0.854, 0.854, 0.017789, 0.008052,1,1,0, 0.024507, 0.017188, 0.020543, 0.013361, 47.24, 0.854, 0.00, 0.000, 0.00, 0.000, 0.00, 0.000
27939,298048, 47.24, 43.69, 0.941, 0.952, 0.017435, 0.005643,1,1,0, 0.023573, 0.014934, 0.019023, 0.012286, 47.24, 0.941, 0.00, 0.000, 0.00, 0.000, 0.00, 0.000
27940,298058, 47.61, 45.34, 0.858, 0.898, 0.015972, 0.003954,1,1,0, 0.011327, 0.008500, 0.009049, 0.006356, 47.61, 0.858, 0.00, 0.000, 0.00, 0.000, 0.00, 0.000
27941,298069, 48.58, 46.70, 0.751, 0.808, 0.014492, 0.002771,1,1,0, 0.007490, 0.004593, 0.008928, 0.004766, 48.58, 0.751, 0.00, 0.000, 0.00, 0.000, 0.00, 0.000
27942,298080, 31.74, 40.42, 0.825, 0.825, 0.013385, 0.001942,1,1,0, 0.016075, 0.008786, 0.012845, 0.006919, 31.74, 0.825, 52.40, 0.087, 0.00, 0.000, 0.00, 0.000
27943,298090, 33.80, 37.64, 0.957, 0.959, 0.014793, 0.007497,1,1,0, 0.020918, 0.014162, 0.016222, 0.011068, 33.80, 0.957, 66.66, 0.143, 0.00, 0.000, 0.00, 0.000
27944,298101, 51.28, 43.37, 0.529, 0.529, 0.017684, 0.010240,1,1,0, 0.021931, 0.015695, 0.019615, 0.011966, 51.28, 0.529, 0.00, 0.000, 0.00, 0.000, 0.00, 0.000
27945,298112, 46.15, 44.53, 0.972, 0.980, 0.019442, 0.007176,1,1,0, 0.026119, 0.018186, 0.020792, 0.014377, 46.15, 0.972, 0.00, 0.000, 0.00, 0.000, 0.00, 0.000
27946,298122, 47.05, 45.59, 0.856, 0.896, 0.017883, 0.005029,1,1,0, 0.023048, 0.010981, 0.019099, 0.008342, 47.05, 0.856, 0.00, 0.000, 0.00, 0.000, 0.00, 0.000
27947,298133, 46.33, 45.90, 0.761, 0.828, 0.016221, 0.003524,1,1,0, 0.010056, 0.006384, 0.006209, 0.004792, 46.33, 0.761, 0.00, 0.000, 0.00, 0.000, 0.00, 0.000
27948,298144, 30.53, 39.44, 0.771, 0.771, 0.014741, 0.002469,1,1,0, 0.012705, 0.006582, 0.007818, 0.004890, 30.53, 0.771, 47.43, 0.406, 0.00, 0.000, 0.00, 0.000
27949,298154, 32.60, 36.57, 0.661, 0.661, 0.015970, 0.007343,1,1,0, 0.024967, 0.011872, 0.017245, 0.009210, 32.60, 0.661, 57.97, 0.006, 0.00, 0.000, 0.00, 0.000
27950,298165, 33.51, 35.29, 0.869, 0.900, 0.016698, 0.005145,1,1,0, 0.024966, 0.015915, 0.017905, 0.012401, 33.51, 0.869, 52.86, 0.230, 0.00, 0.000, 0.00, 0.000
27951,298176, 47.61, 40.46, 0.804, 0.804, 0.018241, 0.007791,1,1,0, 0.024727, 0.016382, 0.019739, 0.012749, 47.61, 0.804, 0.00, 0.000, 0.00, 0.000, 0.00, 0.000
27952,298186, 46.87, 43.15, 0.943, 0.949, 0.017894, 0.005460,1,1,0, 0.023757, 0.015629, 0.018871, 0.012259, 46.87, 0.943, 0.00, 0.000, 0.00, 0.000, 0.00, 0.000
27953,298197, 47.43, 44.95, 0.860, 0.899, 0.016189, 0.003826,1,1,0, 0.014151, 0.005818, 0.007204, 0.004587, 47.43, 0.860, 0.00, 0.000, 0.00, 0.000, 0.00, 0.000
27954,298208, 47.24, 45.91, 0.740, 0.807, 0.014489, 0.002681,1,1,0, 0.008659, 0.004746, 0.005641, 0.003120, 47.24, 0.740, 0.00, 0.000, 0.00, 0.000, 0.00, 0.000
27955,298218, 31.49, 39.85, 0.964, 0.964, 0.013340, 0.001879,1,1,0, 0.014087, 0.008595, 0.008825, 0.005745, 31.49, 0.964, 0.00, 0.000, 0.00, 0.000, 0.00, 0.000
27956,298229, 30.92, 36.10, 0.882, 0.886, 0.018738, 0.014892,1,1,0, 0.028625, 0.017420, 0.021216, 0.012668, 30.92, 0.882, 0.00, 0.000, 0.00, 0.000, 0.00, 0.000
27957,298240, 36.25, 36.16, 0.597, 0.679, 0.017806, 0.010436,1,1,0, 0.023363, 0.014876, 0.016127, 0.012030, 36.25, 0.597, 53.09, 0.508, 0.00, 0.000, 0.00, 0.000
27958,298250, 48.58, 41.38, 0.905, 0.905, 0.017627, 0.007313,1,1,0, 0.021348, 0.015652, 0.018720, 0.012282, 48.58, 0.905, 0.00, 0.000, 0.00, 0.000, 0.00, 0.000
27959,298261, 47.43, 43.92, 0.948, 0.961, 0.016489, 0.005125,1,1,0, 0.017728, 0.011614, 0.016721, 0.009811, 47.43, 0.948, 0.00, 0.000, 0.00, 0.000, 0.00, 0.000
27960,298272, 47.43, 45.39, 0.816, 0.867, 0.014844, 0.003591,1,1,0, 0.009953, 0.003153, 0.006945, 0.003942, 47.43, 0.816, 0.00, 0.000, 0.00, 0.000, 0.00, 0.000
27961,298282, 32.25, 39.87, 0.894, 0.894, 0.013286, 0.002517,1,1,0, 0.008777, 0.005851, 0.003728, 0.002512, 32.25, 0.894, 52.63, 0.332, 0.00, 0.000, 0.00, 0.000
27962,298293, 31.66, 36.42, 0.934, 0.938, 0.012514, 0.001763,1,1,0, 0.018011, 0.011642, 0.010401, 0.007343, 31.66, 0.934, 0.00, 0.000, 0.00, 0.000, 0.00, 0.000
27963,298304, 30.69, 34.01, 0.928, 0.935, 0.018760, 0.013864,1,1,0, 0.027758, 0.017491, 0.022105, 0.013167, 30.69, 0.928, 51.94, 0.098, 0.00, 0.000, 0.00, 0.000
27964,298314, 48.38, 40.05, 0.822, 0.822, 0.017845, 0.009716,1,1,0, 0.024754, 0.015810, 0.016994, 0.012056, 48.38, 0.822, 0.00, 0.000, 0.00, 0.000, 0.00, 0.000
27965,298325, 48.00, 43.39, 0.928, 0.932, 0.017248, 0.006808,1,1,0, 0.018719, 0.013895, 0.018463, 0.012083, 48.00, 0.928, 0.00, 0.000, 0.00, 0.000, 0.00, 0.000
27966,298336, 48.38, 45.48, 0.939, 0.956, 0.016002, 0.004771,1,1,0, 0.013370, 0.008708, 0.013094, 0.008353, 48.38, 0.939, 0.00, 0.000, 0.00, 0.000, 0.00, 0.000
27967,298346, 50.42, 47.56, 0.743, 0.782, 0.014291, 0.003343,1,1,0, 0.004877, 0.002098, 0.005830, 0.002705, 50.42, 0.743, 0.00, 0.000, 0.00, 0.000, 0.00, 0.000
27968,298357, 32.69, 41.31, 0.943, 0.943, 0.013005, 0.002343,1,1,0, 0.010663, 0.007554, 0.008327, 0.004603, 32.69, 0.943, 0.00, 0.000, 0.00, 0.000, 0.00, 0.000
27969,298368, 31.08, 37.02, 0.976, 0.980, 0.012356, 0.001642,1,1,0, 0.020897, 0.013672, 0.010889, 0.008388, 31.08, 0.976, 0.00, 0.000, 0.00, 0.000, 0.00, 0.000
27970,298378, 45.97, 40.78, 0.638, 0.638, 0.019299, 0.013669,1,1,0, 0.027140, 0.017557, 0.022874, 0.014092, 45.97, 0.638, 0.00, 0.000, 0.00, 0.000, 0.00, 0.000
27971,298389, 47.61, 43.65, 0.885, 0.889, 0.018259, 0.009579,1,1,0, 0.024034, 0.015736, 0.017091, 0.012113, 47.61, 0.885, 0.00, 0.000, 0.00, 0.000, 0.00, 0.000
27972,298400, 48.19, 45.56, 0.876, 0.910, 0.017001, 0.006713,1,1,0, 0.013744, 0.011382, 0.015933, 0.009894, 48.19, 0.876, 0.00, 0.000, 0.00, 0.000, 0.00, 0.000
27973,298410, 48.00, 46.58, 0.909, 0.934, 0.015643, 0.004704,1,1,0, 0.011273, 0.006258, 0.011029, 0.007149, 48.00, 0.909, 0.00, 0.000, 0.00, 0.000, 0.00, 0.000
27974,298421, 48.38, 47.34, 0.593, 0.669, 0.013997, 0.003296,1,1,0, 0.007609, 0.004166, 0.006822, 0.002987, 48.38, 0.593, 32.17, 0.556, 0.00, 0.000, 0.00, 0.000
27975,298432, 32.87, 41.26, 0.934, 0.937, 0.012921, 0.002310,1,1,0, 0.012845, 0.009265, 0.011848, 0.005877, 32.87, 0.934, 0.00, 0.000, 0.00, 0.000, 0.00, 0.000
27976,298442, 31.00, 36.95, 0.934, 0.934, 0.013648, 0.007413,1,1,0, 0.021535, 0.014892, 0.015768, 0.010733, 31.00, 0.934, 0.00, 0.000, 0.00, 0.000, 0.00, 0.000
27977,298453, 46.33, 40.89, 0.867, 0.867, 0.018738, 0.011544,1,1,0, 0.026074, 0.017520, 0.022069, 0.014100, 46.33, 0.867, 0.00, 0.000, 0.00, 0.000, 0.00, 0.000
27978,298464, 47.61, 43.71, 0.897, 0.900, 0.017633, 0.008089,1,1,0, 0.020077, 0.014061, 0.016279, 0.011088, 47.61, 0.897, 0.00, 0.000, 0.00, 0.000, 0.00, 0.000
27979,298474, 46.51, 44.89, 0.918, 0.941, 0.016367, 0.005669,1,1,0, 0.013853, 0.010257, 0.011784, 0.008174, 46.51, 0.918, 0.00, 0.000, 0.00, 0.000, 0.00, 0.000
27980,298485, 46.69, 45.64, 0.806, 0.860, 0.014853, 0.003972,1,1,0, 0.008659, 0.005037, 0.011843, 0.005465, 46.69, 0.806, 0.00, 0.000, 0.00, 0.000, 0.00, 0.000
27981,298496, 32.87, 40.28, 0.900, 0.900, 0.013539, 0.002784,1,1,0, 0.010052, 0.006498, 0.008342, 0.004955, 32.87, 0.900, 52.17, 0.192, 0.00, 0.000, 0.00, 0.000
27982,298506, 33.24, 37.32, 0.951, 0.955, 0.014800, 0.006395,1,1,0, 0.018490, 0.012900, 0.015986, 0.010075, 33.24, 0.951, 66.29, 0.004, 0.00, 0.000, 0.00, 0.000
27983,298517, 52.86, 37.32, 0.407, 0.859, 0.016868, 0.012432,1,1,0, 0.020805, 0.014751, 0.020406, 0.010961, 52.86, 0.407, 37.26, 0.060, 0.00, 0.000, 0.00, 0.000
27984,298528, 46.87, 41.33, 0.941, 0.941, 0.018190, 0.008712,1,1,0, 0.026038, 0.017494, 0.020801, 0.013942, 46.87, 0.941, 0.00, 0.000, 0.00, 0.000, 0.00, 0.000
27985,298538, 46.87, 43.66, 0.922, 0.941, 0.016884, 0.006105,1,1,0, 0.018739, 0.011748, 0.015912, 0.008717, 46.87, 0.922, 0.00, 0.000, 0.00, 0.000, 0.00, 0.000
27986,298549, 46.15, 44.70, 0.921, 0.943, 0.015532, 0.004278,1,1,0, 0.011983, 0.008176, 0.010245, 0.006569, 46.15, 0.921, 0.00, 0.000, 0.00, 0.000, 0.00, 0.000
27987,298560, 47.80, 46.01, 0.507, 0.567, 0.014141, 0.002998,1,1,0, 0.011735, 0.006231, 0.007403, 0.004836, 47.80, 0.507, 0.00, 0.000, 0.00, 0.000, 0.00, 0.000
27988,298570, 33.14, 40.60, 0.895, 0.895, 0.013111, 0.002101,1,1,0, 0.018723, 0.009311, 0.012928, 0.007235, 33.14, 0.895, 60.00, 0.091, 0.00, 0.000, 0.00, 0.000
27989,298581, 32.96, 37.39, 0.936, 0.940, 0.013901, 0.003981,1,1,0, 0.020343, 0.014025, 0.014755, 0.010911, 32.96, 0.936, 51.06, 0.090, 0.00, 0.000, 0.00, 0.000
27990,298592, 47.61, 41.69, 0.834, 0.834, 0.019399, 0.013453,1,1,0, 0.026324, 0.017200, 0.020897, 0.013392, 47.61, 0.834, 0.00, 0.000, 0.00, 0.000, 0.00, 0.000
27991,298602, 47.24, 44.02, 0.938, 0.955, 0.018356, 0.009427,1,1,0, 0.026199, 0.014939, 0.018310, 0.011701, 47.24, 0.938, 0.00, 0.000, 0.00, 0.000, 0.00, 0.000
27992,298613, 47.61, 45.53, 0.883, 0.916, 0.016785, 0.006606,1,1,0, 0.016616, 0.008444, 0.010567, 0.006244, 47.61, 0.883, 0.00, 0.000, 0.00, 0.000, 0.00, 0.000
27993,298624, 46.51, 45.94, 0.854, 0.895, 0.015070, 0.004630,1,1,0, 0.008669, 0.004996, 0.005180, 0.003405, 46.51, 0.854, 0.00, 0.000, 0.00, 0.000, 0.00, 0.000
27994,298634, 30.76, 39.57, 0.924, 0.924, 0.013754, 0.003244,1,1,0, 0.012261, 0.007621, 0.008825, 0.005149, 30.76, 0.924, 45.11, 0.047, 0.00, 0.000, 0.00, 0.000
27995,298645, 31.83, 36.31, 0.902, 0.905, 0.015273, 0.007011,1,1,0, 0.022212, 0.014132, 0.016752, 0.010376, 31.83, 0.902, 0.00, 0.000, 0.00, 0.000, 0.00, 0.000
27996,298656, 32.78, 34.83, 0.619, 0.654, 0.014837, 0.004913,1,1,0, 0.023306, 0.014460, 0.015301, 0.011260, 32.78, 0.619, 51.94, 0.362, 0.00, 0.000, 0.00, 0.000
27997,298666, 48.38, 40.52, 0.945, 0.945, 0.018429, 0.010391,1,1,0, 0.022734, 0.017203, 0.020440, 0.013369, 48.38, 0.945, 0.00, 0.000, 0.00, 0.000, 0.00, 0.000
27998,298677, 47.80, 43.58, 0.959, 0.962, 0.017189, 0.007281,1,1,0, 0.018342, 0.010712, 0.011801, 0.009049, 47.80, 0.959, 0.00, 0.000, 0.00, 0.000, 0.00, 0.000
27999,298688, 48.38, 45.60, 0.899, 0.927, 0.015598, 0.005103,1,1,0, 0.014155, 0.005522, 0.007468, 0.004922, 48.38, 0.899, 0.00, 0.000, 0.00, 0.000, 0.00, 0.000
28000,298698, 48.38, 46.77, 0.655, 0.718, 0.013848, 0.003576,1,1,0, 0.006534, 0.004357, 0.003844, 0.002037, 48.38, 0.655, 37.26, 0.319, 0.00, 0.000, 0.00, 0.000
28001,298709, 31.00, 40.15, 0.973, 0.973, 0.012885, 0.002506,1,1,0, 0.016422, 0.011136, 0.010853, 0.007083, 31.00, 0.973, 0.00, 0.000, 0.00, 0.000, 0.00, 0.000
28002,298720, 31.33, 36.44, 0.914, 0.917, 0.016257, 0.007089,1,1,0, 0.023470, 0.015597, 0.017790, 0.011656, 31.33, 0.914, 0.00, 0.000, 0.00, 0.000, 0.00, 0.000
28003,298730, 46.15, 40.52, 0.647, 0.647, 0.015593, 0.004967,1,1,0, 0.024014, 0.015417, 0.015186, 0.011521, 46.15, 0.647, 0.00, 0.000, 0.00, 0.000, 0.00, 0.000
28004,298741, 47.80, 43.58, 0.954, 0.958, 0.017118, 0.005299,1,1,0, 0.019538, 0.014602, 0.018665, 0.012229, 47.80, 0.954, 0.00, 0.000, 0.00, 0.000, 0.00, 0.000
28005,298752, 47.80, 45.35, 0.971, 0.979, 0.015911, 0.003714,1,1,0, 0.014000, 0.009314, 0.012424, 0.008389, 47.80, 0.971, 0.00, 0.000, 0.00, 0.000, 0.00, 0.000
28006,298762, 49.18, 46.96, 0.802, 0.856, 0.014343, 0.002602,1,1,0, 0.005879, 0.002622, 0.007594, 0.004004, 49.18, 0.802, 0.00, 0.000, 0.00, 0.000, 0.00, 0.000
28007,298773, 34.98, 41.93, 0.769, 0.769, 0.012858, 0.001823,1,1,0, 0.009457, 0.006136, 0.005138, 0.002890, 34.98, 0.769, 51.28, 0.228, 0.00, 0.000, 0.00, 0.000
28008,298784, 31.91, 37.72, 0.991, 0.991, 0.012318, 0.001278,1,1,0, 0.019189, 0.012878, 0.013077, 0.008288, 31.91, 0.991, 0.00, 0.000, 0.00, 0.000, 0.00, 0.000
28009,298794, 52.86, 37.72, 0.172, 0.892, 0.016157, 0.006701,1,1,0, 0.023276, 0.015544, 0.018172, 0.011960, 52.86, 0.172, 36.03, 0.146, 0.00, 0.000, 0.00, 0.000
28010,298805, 47.43, 41.80, 0.810, 0.810, 0.015849, 0.004696,1,1,0, 0.024130, 0.015675, 0.016931, 0.011755, 47.43, 0.810, 0.00, 0.000, 0.00, 0.000, 0.00, 0.000
28011,298816, 47.61, 44.24, 0.965, 0.975, 0.015658, 0.003291,1,1,0, 0.017518, 0.012484, 0.017118, 0.011075, 47.61, 0.965, 0.00, 0.000, 0.00, 0.000, 0.00, 0.000
28012,298826, 48.19, 45.90, 0.955, 0.968, 0.014445, 0.002306,1,1,0, 0.010562, 0.006497, 0.011023, 0.006954, 48.19, 0.955, 0.00, 0.000, 0.00, 0.000, 0.00, 0.000
28013,298837, 49.38, 47.36, 0.613, 0.671, 0.012942, 0.001616,1,1,0, 0.005260, 0.003822, 0.006106, 0.003182, 49.38, 0.613, 37.03, 0.392, 0.00, 0.000, 0.00, 0.000
28014,298848, 31.49, 40.69, 0.766, 0.766, 0.011830, 0.001132,1,1,0, 0.013111, 0.007838, 0.008986, 0.004345, 31.49, 0.766, 0.00, 0.000, 0.00, 0.000, 0.00, 0.000
28015,298858, 31.57, 36.86, 0.966, 0.969, 0.013004, 0.004789,1,1,0, 0.018605, 0.013740, 0.014785, 0.009807, 31.57, 0.966, 0.00, 0.000, 0.00, 0.000, 0.00, 0.000
28016,298869, 48.19, 41.62, 0.611, 0.611, 0.017734, 0.009541,1,1,0, 0.026739, 0.016762, 0.020602, 0.013329, 48.19, 0.611, 38.33, 0.364, 0.00, 0.000, 0.00, 0.000
28017,298880, 48.58, 44.54, 0.826, 0.829, 0.016701, 0.006686,1,1,0, 0.021425, 0.014030, 0.015240, 0.010757, 48.58, 0.826, 0.00, 0.000, 0.00, 0.000, 0.00, 0.000
28018,298890, 46.69, 45.44, 0.963, 0.973, 0.015636, 0.004685,1,1,0, 0.016790, 0.011148, 0.013889, 0.009377, 46.69, 0.963, 0.00, 0.000, 0.00, 0.000, 0.00, 0.000
28019,298901, 46.69, 45.97, 0.888, 0.919, 0.014158, 0.003283,1,1,0, 0.007407, 0.004652, 0.010997, 0.004999, 46.69, 0.888, 0.00, 0.000, 0.00, 0.000, 0.00, 0.000
28020,298912, 33.61, 40.78, 0.817, 0.817, 0.012744, 0.002301,1,1,0, 0.006865, 0.004170, 0.004761, 0.003065, 33.61, 0.817, 47.80, 0.315, 0.00, 0.000, 0.00, 0.000
28021,298922, 32.25, 37.20, 0.864, 0.867, 0.014458, 0.009392,1,1,0, 0.017402, 0.011523, 0.016617, 0.008957, 32.25, 0.864, 0.00, 0.000, 0.00, 0.000, 0.00, 0.000
28022,298933, 30.07, 34.20, 0.613, 0.613, 0.016051, 0.012988,1,1,0, 0.018305, 0.014199, 0.019766, 0.010482, 30.07, 0.613, 52.86, 0.193, 0.00, 0.000, 0.00, 0.000
28023,298944, 48.00, 40.00, 0.779, 0.779, 0.018214, 0.009155,1,1,0, 0.026229, 0.016664, 0.020803, 0.013335, 48.00, 0.779, 0.00, 0.000, 0.00, 0.000, 0.00, 0.000
28024,298954, 47.61, 43.20, 0.874, 0.877, 0.016999, 0.006415,1,1,0, 0.017541, 0.012562, 0.013715, 0.009327, 47.61, 0.874, 0.00, 0.000, 0.00, 0.000, 0.00, 0.000
28025,298965, 46.51, 44.59, 0.964, 0.974, 0.015738, 0.004495,1,1,0, 0.015654, 0.009507, 0.013177, 0.007922, 46.51, 0.964, 0.00, 0.000, 0.00, 0.000, 0.00, 0.000
28026,298976, 46.33, 45.32, 0.706, 0.785, 0.014089, 0.003150,1,1,0, 0.008428, 0.004025, 0.004907, 0.002896, 46.33, 0.706, 0.00, 0.000, 0.00, 0.000, 0.00, 0.000
28027,298986, 33.89, 40.52, 0.925, 0.926, 0.012958, 0.002207,1,1,0, 0.013919, 0.007372, 0.009626, 0.005715, 33.89, 0.925, 64.17, 0.123, 0.00, 0.000, 0.00, 0.000
28028,298997, 32.08, 36.97, 0.881, 0.884, 0.014861, 0.009447,1,1,0, 0.018115, 0.013252, 0.016814, 0.010396, 32.08, 0.881, 0.00, 0.000, 0.00, 0.000, 0.00, 0.000
28029,299008, 45.62, 40.61, 0.804, 0.804, 0.019973, 0.015223,1,1,0, 0.025421, 0.016430, 0.022441, 0.012860, 45.62, 0.804, 0.00, 0.000, 0.00, 0.000, 0.00, 0.000
28030,299018, 47.43, 43.47, 0.883, 0.886, 0.018741, 0.010668,1,1,0, 0.024929, 0.013947, 0.018734, 0.010728, 47.43, 0.883, 0.00, 0.000, 0.00, 0.000, 0.00, 0.000
28031,299029, 47.24, 45.05, 0.913, 0.937, 0.017401, 0.007476,1,1,0, 0.017251, 0.011114, 0.012288, 0.008494, 47.24, 0.913, 0.00, 0.000, 0.00, 0.000, 0.00, 0.000
28032,299040, 47.05, 45.89, 0.864, 0.902, 0.015588, 0.005239,1,1,0, 0.009684, 0.005202, 0.008032, 0.003428, 47.05, 0.864, 0.00, 0.000, 0.00, 0.000, 0.00, 0.000
28033,299050, 30.30, 39.34, 0.800, 0.800, 0.014115, 0.003671,1,1,0, 0.013819, 0.006737, 0.008358, 0.004494, 30.30, 0.800, 54.05, 0.186, 0.00, 0.000, 0.00, 0.000
28034,299061, 32.87, 36.63, 0.932, 0.932, 0.013254, 0.002572,1,1,0, 0.018254, 0.010795, 0.011492, 0.008080, 32.87, 0.932, 0.00, 0.000, 0.00, 0.000, 0.00, 0.000
28035,299072, 32.52, 34.90, 0.812, 0.835, 0.014669, 0.006723,1,1,0, 0.023918, 0.014304, 0.015930, 0.010960, 32.52, 0.812, 46.15, 0.352, 0.00, 0.000, 0.00, 0.000
28036,299082, 46.33, 39.70, 0.924, 0.927, 0.019238, 0.012388,1,1,0, 0.023620, 0.017149, 0.021644, 0.013372, 46.33, 0.924, 0.00, 0.000, 0.00, 0.000, 0.00, 0.000
28037,299093, 46.87, 42.71, 0.904, 0.910, 0.017884, 0.008681,1,1,0, 0.018314, 0.010991, 0.012940, 0.008982, 46.87, 0.904, 0.00, 0.000, 0.00, 0.000, 0.00, 0.000
28038,299104, 48.38, 45.09, 0.911, 0.936, 0.016340, 0.006084,1,1,0, 0.016594, 0.007426, 0.009442, 0.006089, 48.38, 0.911, 0.00, 0.000, 0.00, 0.000, 0.00, 0.000
28039,299114, 47.24, 45.99, 0.765, 0.830, 0.014580, 0.004263,1,1,0, 0.007116, 0.004187, 0.004358, 0.002486, 47.24, 0.765, 0.00, 0.000, 0.00, 0.000, 0.00, 0.000
28040,299125, 31.16, 39.77, 0.954, 0.954, 0.013459, 0.002987,1,1,0, 0.016742, 0.010145, 0.010979, 0.006514, 31.16, 0.954, 0.00, 0.000, 0.00, 0.000, 0.00, 0.000
28041,299136, 32.34, 36.65, 0.908, 0.911, 0.012874, 0.002093,1,1,0, 0.018957, 0.013029, 0.012988, 0.009604, 32.34, 0.908, 0.00, 0.000, 0.00, 0.000, 0.00, 0.000
28042,299146, 46.87, 36.71, 0.640, 0.504, 0.015674, 0.006148,1,1,0, 0.024898, 0.015739, 0.016804, 0.011768, 46.87, 0.640, 36.80, 0.420, 32.25, 0.400, 0.00, 0.000
28043,299157, 47.80, 41.37, 0.951, 0.954, 0.016828, 0.005415,1,1,0, 0.018916, 0.014410, 0.018454, 0.011831, 47.80, 0.951, 0.00, 0.000, 0.00, 0.000, 0.00, 0.000
28044,299168, 47.24, 43.84, 0.943, 0.958, 0.015705, 0.003794,1,1,0, 0.014697, 0.009852, 0.012315, 0.008432, 47.24, 0.943, 0.00, 0.000, 0.00, 0.000, 0.00, 0.000
28045,299178, 48.00, 45.58, 0.872, 0.908, 0.014216, 0.002659,1,1,0, 0.009217, 0.003039, 0.007551, 0.004235, 48.00, 0.872, 0.00, 0.000, 0.00, 0.000, 0.00, 0.000
28046,299189, 49.79, 47.35, 0.469, 0.515, 0.012700, 0.001863,1,1,0, 0.009629, 0.005379, 0.004945, 0.002499, 49.79, 0.469, 36.58, 0.449, 0.00, 0.000, 0.00, 0.000
28047,299200, 32.25, 41.01, 0.953, 0.953, 0.012504, 0.002911,1,1,0, 0.017742, 0.012009, 0.013730, 0.007936, 32.25, 0.953, 0.00, 0.000, 0.00, 0.000, 0.00, 0.000
28048,299210, 30.00, 36.38, 0.895, 0.895, 0.013010, 0.003103,1,1,0, 0.020353, 0.014139, 0.014200, 0.010200, 30.00, 0.895, 0.00, 0.000, 0.00, 0.000, 0.00, 0.000
28049,299221, 47.43, 41.02, 0.764, 0.764, 0.014760, 0.003621,1,1,0, 0.023047, 0.015188, 0.015644, 0.011602, 47.43, 0.764, 0.00, 0.000, 0.00, 0.000, 0.00, 0.000
28050,299232, 47.43, 43.71, 0.961, 0.968, 0.015316, 0.003823,1,1,0, 0.018921, 0.013146, 0.016809, 0.011431, 47.43, 0.961, 0.00, 0.000, 0.00, 0.000, 0.00, 0.000
28051,299242, 47.80, 45.43, 0.935, 0.953, 0.014184, 0.002679,1,1,0, 0.010968, 0.006950, 0.010601, 0.006959, 47.80, 0.935, 0.00, 0.000, 0.00, 0.000, 0.00, 0.000
28052,299253, 46.51, 45.88, 0.773, 0.836, 0.012702, 0.001877,1,1,0, 0.004727, 0.002420, 0.005385, 0.002691, 46.51, 0.773, 0.00, 0.000, 0.00, 0.000, 0.00, 0.000
28053,299264, 31.08, 39.67, 0.821, 0.821, 0.011536, 0.001315,1,1,0, 0.011944, 0.007016, 0.006888, 0.003654, 31.08, 0.821, 0.00, 0.000, 0.00, 0.000, 0.00, 0.000
28054,299274, 32.17, 36.52, 0.977, 0.980, 0.012198, 0.004126,1,1,0, 0.016712, 0.012430, 0.013855, 0.008811, 32.17, 0.977, 0.00, 0.000, 0.00, 0.000, 0.00, 0.000
28055,299285, 36.47, 36.50, 0.477, 0.570, 0.015596, 0.008771,1,1,0, 0.022788, 0.015554, 0.018042, 0.011777, 36.47, 0.477, 49.38, 0.430, 0.00, 0.000, 0.00, 0.000
28056,299296, 47.61, 41.17, 0.844, 0.847, 0.014821, 0.006146,1,1,0, 0.019807, 0.014282, 0.015299, 0.010801, 47.61, 0.844, 0.00, 0.000, 0.00, 0.000, 0.00, 0.000
28057,299306, 47.24, 43.72, 0.960, 0.971, 0.014883, 0.004307,1,1,0, 0.018887, 0.011901, 0.016233, 0.010740, 47.24, 0.960, 0.00, 0.000, 0.00, 0.000, 0.00, 0.000
28058,299317, 47.61, 45.35, 0.898, 0.927, 0.013469, 0.003018,1,1,0, 0.007026, 0.004729, 0.008456, 0.004504, 47.61, 0.898, 0.00, 0.000, 0.00, 0.000, 0.00, 0.000
28059,299328, 38.58, 42.51, 0.815, 0.815, 0.012011, 0.002115,1,1,0, 0.004259, 0.002672, 0.004127, 0.002235, 38.58, 0.815, 0.00, 0.000, 0.00, 0.000, 0.00, 0.000
28060,299338, 31.57, 37.92, 0.813, 0.813, 0.012391, 0.009410,1,1,0, 0.014722, 0.009637, 0.015082, 0.007164, 31.57, 0.813, 0.00, 0.000, 0.00, 0.000, 0.00, 0.000
28061,299349, 32.69, 35.72, 0.801, 0.807, 0.013580, 0.007899,1,1,0, 0.018001, 0.013248, 0.015840, 0.009608, 32.69, 0.801, 0.00, 0.000, 0.00, 0.000, 0.00, 0.000
28062,299360, 47.61, 40.72, 0.692, 0.692, 0.017054, 0.009359,1,1,0, 0.024624, 0.015963, 0.019997, 0.012730, 47.61, 0.692, 0.00, 0.000, 0.00, 0.000, 0.00, 0.000
28063,299370, 47.43, 43.53, 0.884, 0.887, 0.016030, 0.006558,1,1,0, 0.017025, 0.013089, 0.014252, 0.009771, 47.43, 0.884, 0.00, 0.000, 0.00, 0.000, 0.00, 0.000
28064,299381, 46.87, 44.94, 0.955, 0.968, 0.014891, 0.004596,1,1,0, 0.017295, 0.009987, 0.015659, 0.008496, 46.87, 0.955, 0.00, 0.000, 0.00, 0.000, 0.00, 0.000
28065,299392, 46.51, 45.60, 0.846, 0.889, 0.013306, 0.003221,1,1,0, 0.005243, 0.003368, 0.004500, 0.002528, 46.51, 0.846, 0.00, 0.000, 0.00, 0.000, 0.00, 0.000
28066,299402, 34.09, 40.76, 0.862, 0.862, 0.012103, 0.002257,1,1,0, 0.010217, 0.005501, 0.007230, 0.004236, 34.09, 0.862, 55.55, 0.069, 0.00, 0.000, 0.00, 0.000
28067,299413, 31.57, 36.90, 0.797, 0.797, 0.013680, 0.007225,1,1,0, 0.016717, 0.012078, 0.014946, 0.009502, 31.57, 0.797, 0.00, 0.000, 0.00, 0.000, 0.00, 0.000
28068,299424, 42.55, 39.27, 0.628, 0.633, 0.017122, 0.009593,1,1,0, 0.021904, 0.014920, 0.018842, 0.011558, 42.55, 0.628, 31.83, 0.219, 0.00, 0.000, 0.00, 0.000
28069,299434, 47.24, 42.62, 0.863, 0.863, 0.016230, 0.006722,1,1,0, 0.022083, 0.013745, 0.017869, 0.010436, 47.24, 0.863, 0.00, 0.000, 0.00, 0.000, 0.00, 0.000
28070,299445, 46.69, 44.33, 0.954, 0.967, 0.015312, 0.004711,1,1,0, 0.018008, 0.012511, 0.013878, 0.009698, 46.69, 0.954, 0.00, 0.000, 0.00, 0.000, 0.00, 0.000
28071,299456, 46.69, 45.32, 0.907, 0.933, 0.013805, 0.003301,1,1,0, 0.012784, 0.006012, 0.011372, 0.004036, 46.69, 0.907, 0.00, 0.000, 0.00, 0.000, 0.00, 0.000
28072,299466, 51.28, 45.32, 0.381, 0.840, 0.012463, 0.002313,1,1,0, 0.011927, 0.005391, 0.006624, 0.003712, 51.28, 0.381, 32.52, 0.368, 0.00, 0.000, 0.00, 0.000
28073,299477, 33.51, 40.36, 0.954, 0.957, 0.011674, 0.001621,1,1,0, 0.013895, 0.008684, 0.009374, 0.006631, 33.51, 0.954, 0.00, 0.000, 0.00, 0.000, 0.00, 0.000
28074,299488, 32.69, 37.14, 0.771, 0.777, 0.014459, 0.008377,1,1,0, 0.022814, 0.013935, 0.015866, 0.010711, 32.69, 0.771, 49.38, 0.148, 0.00, 0.000, 0.00, 0.000
28075,299498, 46.15, 40.92, 0.846, 0.846, 0.016636, 0.006184,1,1,0, 0.022829, 0.015517, 0.017976, 0.012094, 46.15, 0.846, 0.00, 0.000, 0.00, 0.000, 0.00, 0.000
28076,299509, 46.51, 43.27, 0.916, 0.932, 0.015664, 0.004333,1,1,0, 0.019003, 0.012356, 0.013994, 0.009650, 46.51, 0.916, 0.00, 0.000, 0.00, 0.000, 0.00, 0.000
28077,299520, 47.80, 45.17, 0.950, 0.964, 0.014498, 0.003036,1,1,0, 0.017225, 0.008638, 0.010538, 0.006775, 47.80, 0.950, 0.00, 0.000, 0.00, 0.000, 0.00, 0.000
28078,299530, 46.51, 45.73, 0.868, 0.905, 0.012928, 0.002128,1,1,0, 0.006567, 0.003982, 0.003615, 0.002104, 46.51, 0.868, 0.00, 0.000, 0.00, 0.000, 0.00, 0.000
28079,299541, 30.92, 39.51, 0.894, 0.894, 0.011864, 0.001491,1,1,0, 0.014807, 0.008773, 0.010214, 0.005571, 30.92, 0.894, 0.00, 0.000, 0.00, 0.000, 0.00, 0.000
28080,299552, 33.42, 36.95, 0.933, 0.933, 0.011322, 0.001045,1,1,0, 0.016888, 0.010632, 0.009824, 0.007926, 33.42, 0.933, 0.00, 0.000, 0.00, 0.000, 0.00, 0.000
28081,299562, 33.24, 35.39, 0.845, 0.875, 0.016157, 0.011457,1,1,0, 0.022495, 0.016015, 0.018311, 0.011966, 33.24, 0.845, 47.80, 0.642, 0.00, 0.000, 0.00, 0.000
28082,299573, 47.61, 40.53, 0.919, 0.922, 0.015671, 0.008028,1,1,0, 0.019026, 0.013836, 0.016359, 0.011202, 47.61, 0.919, 0.00, 0.000, 0.00, 0.000, 0.00, 0.000
28083,299584, 47.24, 43.35, 0.918, 0.925, 0.014684, 0.005626,1,1,0, 0.014719, 0.010306, 0.012679, 0.008584, 47.24, 0.918, 0.00, 0.000, 0.00, 0.000, 0.00, 0.000
28084,299594, 47.61, 45.14, 0.947, 0.962, 0.013397, 0.003942,1,1,0, 0.011446, 0.004849, 0.006674, 0.004648, 47.61, 0.947, 0.00, 0.000, 0.00, 0.000, 0.00, 0.000
28085,299605, 47.24, 46.02, 0.702, 0.776, 0.011866, 0.002763,1,1,0, 0.005821, 0.004088, 0.003616, 0.001373, 47.24, 0.702, 0.00, 0.000, 0.00, 0.000, 0.00, 0.000
28086,299616, 32.52, 40.35, 0.955, 0.955, 0.011094, 0.001936,1,1,0, 0.017054, 0.010479, 0.011439, 0.006845, 32.52, 0.955, 0.00, 0.000, 0.00, 0.000, 0.00, 0.000
28087,299626, 32.78, 37.17, 0.944, 0.948, 0.011387, 0.001829,1,1,0, 0.019357, 0.013319, 0.012078, 0.009165, 32.78, 0.944, 0.00, 0.000, 0.00, 0.000, 0.00, 0.000
28088,299637, 47.80, 41.64, 0.767, 0.767, 0.015116, 0.008676,1,1,0, 0.020406, 0.014778, 0.016788, 0.011497, 47.80, 0.767, 0.00, 0.000, 0.00, 0.000, 0.00, 0.000
28089,299648, 48.19, 44.39, 0.944, 0.951, 0.015473, 0.006080,1,1,0, 0.018903, 0.013115, 0.016863, 0.010967, 48.19, 0.944, 0.00, 0.000, 0.00, 0.000, 0.00, 0.000
28090,299658, 47.80, 45.82, 0.921, 0.943, 0.014358, 0.004260,1,1,0, 0.011037, 0.007739, 0.010388, 0.007164, 47.80, 0.921, 0.00, 0.000, 0.00, 0.000, 0.00, 0.000
28091,299669, 46.51, 46.11, 0.928, 0.948, 0.012948, 0.002985,1,1,0, 0.006314, 0.002724, 0.005480, 0.003417, 46.51, 0.928, 0.00, 0.000, 0.00, 0.000, 0.00, 0.000
28092,299680, 31.57, 40.00, 0.818, 0.818, 0.011688, 0.002092,1,1,0, 0.009119, 0.006123, 0.007094, 0.003255, 31.57, 0.818, 45.97, 0.318, 0.00, 0.000, 0.00, 0.000
28093,299690, 33.05, 37.08, 0.973, 0.976, 0.011051, 0.001466,1,1,0, 0.016169, 0.011048, 0.010939, 0.007451, 33.05, 0.973, 0.00, 0.000, 0.00, 0.000, 0.00, 0.000
28094,299701, 32.34, 35.09, 0.908, 0.924, 0.013336, 0.005197,1,1,0, 0.021331, 0.014391, 0.014884, 0.010404, 32.34, 0.908, 48.78, 0.152, 0.00, 0.000, 0.00, 0.000
28095,299712, 46.87, 40.04, 0.878, 0.882, 0.013948, 0.003897,1,1,0, 0.019897, 0.014249, 0.015581, 0.010767, 46.87, 0.878, 0.00, 0.000, 0.00, 0.000, 0.00, 0.000
28096,299722, 47.61, 43.22, 0.945, 0.951, 0.015681, 0.005944,1,1,0, 0.019155, 0.012253, 0.017602, 0.011158, 47.61, 0.945, 0.00, 0.000, 0.00, 0.000, 0.00, 0.000
28097,299733, 48.19, 45.31, 0.894, 0.924, 0.014288, 0.004165,1,1,0, 0.008859, 0.005919, 0.006833, 0.005124, 48.19, 0.894, 0.00, 0.000, 0.00, 0.000, 0.00, 0.000
28098,299744, 45.11, 45.22, 0.840, 0.885, 0.012758, 0.002919,1,1,0, 0.004375, 0.001695, 0.004727, 0.002372, 45.11, 0.840, 0.00, 0.000, 0.00, 0.000, 0.00, 0.000
28099,299754, 31.83, 39.60, 0.861, 0.861, 0.011823, 0.002045,1,1,0, 0.011540, 0.007996, 0.009980, 0.005664, 31.83, 0.861, 0.00, 0.000, 0.00, 0.000, 0.00, 0.000
28100,299765, 34.48, 37.45, 0.936, 0.943, 0.011726, 0.003300,1,1,0, 0.016200, 0.012138, 0.012670, 0.008697, 34.48, 0.936, 0.00, 0.000, 0.00, 0.000, 0.00, 0.000
28101,299776, 46.87, 41.40, 0.622, 0.622, 0.014599, 0.006078,1,1,0, 0.022344, 0.014909, 0.016482, 0.011585, 46.87, 0.622, 30.76, 0.469, 0.00, 0.000, 0.00, 0.000
28102,299786, 46.51, 43.55, 0.946, 0.961, 0.014075, 0.004259,1,1,0, 0.018967, 0.013505, 0.014731, 0.010223, 46.51, 0.946, 0.00, 0.000, 0.00, 0.000, 0.00, 0.000
28103,299797, 47.05, 45.02, 0.918, 0.941, 0.013474, 0.002985,1,1,0, 0.016746, 0.010063, 0.014819, 0.008506, 47.05, 0.918, 0.00, 0.000, 0.00, 0.000, 0.00, 0.000
28104,299808, 46.33, 45.57, 0.844, 0.888, 0.012171, 0.002091,1,1,0, 0.008330, 0.004755, 0.007168, 0.003979, 46.33, 0.844, 0.00, 0.000, 0.00, 0.000, 0.00, 0.000
28105,299818, 33.99, 40.71, 0.640, 0.640, 0.010987, 0.001466,1,1,0, 0.009254, 0.004210, 0.006785, 0.003439, 33.99, 0.640, 0.00, 0.000, 0.00, 0.000, 0.00, 0.000
28106,299829, 32.25, 37.16, 0.742, 0.745, 0.013025, 0.009739,1,1,0, 0.017147, 0.010240, 0.015008, 0.007918, 32.25, 0.742, 0.00, 0.000, 0.00, 0.000, 0.00, 0.000
28107,299840, 33.80, 35.75, 0.743, 0.776, 0.014419, 0.006824,1,1,0, 0.019241, 0.013748, 0.015924, 0.010596, 33.80, 0.743, 0.00, 0.000, 0.00, 0.000, 0.00, 0.000
28108,299850, 45.62, 39.89, 0.837, 0.837, 0.014155, 0.004782,1,1,0, 0.019387, 0.013773, 0.015941, 0.010460, 45.62, 0.837, 0.00, 0.000, 0.00, 0.000, 0.00, 0.000
28109,299861, 46.15, 42.52, 0.964, 0.971, 0.013659, 0.003351,1,1,0, 0.018431, 0.012631, 0.014787, 0.009793, 46.15, 0.964, 0.00, 0.000, 0.00, 0.000, 0.00, 0.000
28110,299872, 46.15, 44.04, 0.918, 0.941, 0.012434, 0.002348,1,1,0, 0.012289, 0.007132, 0.010775, 0.004952, 46.15, 0.918, 0.00, 0.000, 0.00, 0.000, 0.00, 0.000
28111,299882, 45.80, 44.78, 0.611, 0.687, 0.011221, 0.001645,1,1,0, 0.009841, 0.004513, 0.005396, 0.003318, 45.80, 0.611, 0.00, 0.000, 0.00, 0.000, 0.00, 0.000
28112,299893, 33.51, 40.05, 0.906, 0.906, 0.010460, 0.001153,1,1,0, 0.012767, 0.007116, 0.007811, 0.005447, 33.51, 0.906, 0.00, 0.000, 0.00, 0.000, 0.00, 0.000
28113,299904, 33.14, 37.15, 0.794, 0.798, 0.015036, 0.012258,1,1,0, 0.020454, 0.013266, 0.017125, 0.010299, 33.14, 0.794, 0.00, 0.000, 0.00, 0.000, 0.00, 0.000
28114,299914, 45.45, 40.64, 0.677, 0.677, 0.014486, 0.008590,1,1,0, 0.021205, 0.013503, 0.014753, 0.010508, 45.45, 0.677, 0.00, 0.000, 0.00, 0.000, 0.00, 0.000
28115,299925, 46.33, 43.03, 0.942, 0.955, 0.014896, 0.006019,1,1,0, 0.018406, 0.013560, 0.015741, 0.010502, 46.33, 0.942, 0.00, 0.000, 0.00, 0.000, 0.00, 0.000
28116,299936, 46.87, 44.64, 0.970, 0.978, 0.013865, 0.004218,1,1,0, 0.017115, 0.009497, 0.011217, 0.007269, 46.87, 0.970, 0.00, 0.000, 0.00, 0.000, 0.00, 0.000
28117,299946, 45.97, 45.20, 0.879, 0.913, 0.012433, 0.002956,1,1,0, 0.008149, 0.004547, 0.005764, 0.002674, 45.97, 0.879, 0.00, 0.000, 0.00, 0.000, 0.00, 0.000
28118,299957, 30.84, 39.17, 0.836, 0.836, 0.011356, 0.002071,1,1,0, 0.012945, 0.007247, 0.007197, 0.004376, 30.84, 0.836, 53.57, 0.098, 42.40, 0.040, 0.00, 0.000
28119,299968, 33.42, 36.76, 0.886, 0.886, 0.010765, 0.001451,1,1,0, 0.017321, 0.009329, 0.009820, 0.006968, 33.42, 0.886, 0.00, 0.000, 0.00, 0.000, 0.00, 0.000
28120,299978, 32.96, 35.16, 0.901, 0.928, 0.015171, 0.011221,1,1,0, 0.021895, 0.015080, 0.016956, 0.011303, 32.96, 0.901, 46.33, 0.521, 0.00, 0.000, 0.00, 0.000
28121,299989, 45.97, 39.70, 0.892, 0.896, 0.014696, 0.007863,1,1,0, 0.018800, 0.013014, 0.015205, 0.010409, 45.97, 0.892, 0.00, 0.000, 0.00, 0.000, 0.00, 0.000
28122,300000, 47.24, 42.87, 0.926, 0.933, 0.013908, 0.005510,1,1,0, 0.018084, 0.011231, 0.014168, 0.009157, 47.24, 0.926, 0.00, 0.000, 0.00, 0.000, 0.00, 0.000
28123,300010, 47.05, 44.63, 0.956, 0.968, 0.012791, 0.003861,1,1,0, 0.012659, 0.006441, 0.008557, 0.005447, 47.05, 0.956, 0.00, 0.000, 0.00, 0.000, 0.00, 0.000
28124,300021, 45.80, 45.12, 0.779, 0.841, 0.011297, 0.002706,1,1,0, 0.005185, 0.003486, 0.001921, 0.001037, 45.80, 0.779, 0.00, 0.000, 0.00, 0.000, 0.00, 0.000
28125,300032, 32.25, 39.71, 0.947, 0.947, 0.010423, 0.001896,1,1,0, 0.013447, 0.008371, 0.008364, 0.005084, 32.25, 0.947, 0.00, 0.000, 0.00, 0.000, 0.00, 0.000
28126,300042, 31.91, 36.44, 0.929, 0.932, 0.011378, 0.004978,1,1,0, 0.019661, 0.012464, 0.012647, 0.008454, 31.91, 0.929, 0.00, 0.000, 0.00, 0.000, 0.00, 0.000
28127,300053, 46.15, 36.40, 0.729, 0.557, 0.014301, 0.007764,1,1,0, 0.020915, 0.014208, 0.016037, 0.010962, 46.15, 0.729, 36.36, 0.470, 33.14, 0.392, 0.00, 0.000
28128,300064, 47.80, 41.19, 0.933, 0.936, 0.014356, 0.005441,1,1,0, 0.017796, 0.012977, 0.015339, 0.010521, 47.80, 0.933, 0.00, 0.000, 0.00, 0.000, 0.00, 0.000
28129,300074, 47.43, 43.81, 0.925, 0.938, 0.013473, 0.003813,1,1,0, 0.012121, 0.008521, 0.011157, 0.007587, 47.43, 0.925, 0.00, 0.000, 0.00, 0.000, 0.00, 0.000
28130,300085, 46.87, 45.10, 0.944, 0.960, 0.012267, 0.002672,1,1,0, 0.009809, 0.004206, 0.008302, 0.004616, 46.87, 0.944, 0.00, 0.000, 0.00, 0.000, 0.00, 0.000
28131,300096, 32.52, 45.61, 0.757, 0.628, 0.010982, 0.001872,1,1,0, 0.008386, 0.004949, 0.005067, 0.002570, 32.52, 0.757, 46.33, 0.543, 0.00, 0.000, 0.00, 0.000
28132,300106, 33.14, 40.38, 0.962, 0.965, 0.010279, 0.001312,1,1,0, 0.014105, 0.009707, 0.009100, 0.005994, 33.14, 0.962, 0.00, 0.000, 0.00, 0.000, 0.00, 0.000
28133,300117, 32.08, 36.89, 0.952, 0.958, 0.012386, 0.004732,1,1,0, 0.020046, 0.013405, 0.013801, 0.009544, 32.08, 0.952, 0.00, 0.000, 0.00, 0.000, 0.00, 0.000
28134,300128, 45.97, 40.71, 0.871, 0.871, 0.012708, 0.003316,1,1,0, 0.019578, 0.013781, 0.013867, 0.010350, 45.97, 0.871, 0.00, 0.000, 0.00, 0.000, 0.00, 0.000
28135,300138, 47.24, 43.45, 0.944, 0.950, 0.014553, 0.006968,1,1,0, 0.017326, 0.011842, 0.016814, 0.010498, 47.24, 0.944, 0.00, 0.000, 0.00, 0.000, 0.00, 0.000
28136,300149, 47.24, 45.04, 0.929, 0.949, 0.013445, 0.004883,1,1,0, 0.011699, 0.007246, 0.008281, 0.006224, 47.24, 0.929, 0.00, 0.000, 0.00, 0.000, 0.00, 0.000
28137,300160, 46.33, 45.58, 0.899, 0.927, 0.012073, 0.003422,1,1,0, 0.003995, 0.001948, 0.006234, 0.003329, 46.33, 0.899, 0.00, 0.000, 0.00, 0.000, 0.00, 0.000
28138,300170, 32.60, 40.13, 0.884, 0.884, 0.011072, 0.002398,1,1,0, 0.010673, 0.006792, 0.006996, 0.004636, 32.60, 0.884, 44.28, 0.257, 0.00, 0.000, 0.00, 0.000
28139,300181, 34.09, 37.59, 0.955, 0.958, 0.010584, 0.001680,1,1,0, 0.015676, 0.010902, 0.010810, 0.007632, 34.09, 0.955, 0.00, 0.000, 0.00, 0.000, 0.00, 0.000
28140,300192, 30.76, 34.72, 0.775, 0.775, 0.013297, 0.006863,1,1,0, 0.020252, 0.013708, 0.015476, 0.010254, 30.76, 0.775, 45.80, 0.382, 0.00, 0.000, 0.00, 0.000
28141,300202, 45.80, 39.37, 0.957, 0.960, 0.013175, 0.004809,1,1,0, 0.019933, 0.013584, 0.013966, 0.010440, 45.80, 0.957, 0.00, 0.000, 0.00, 0.000, 0.00, 0.000
28142,300213, 46.69, 42.45, 0.924, 0.930, 0.012999, 0.003370,1,1,0, 0.015356, 0.010217, 0.014401, 0.008504, 46.69, 0.924, 0.00, 0.000, 0.00, 0.000, 0.00, 0.000
28143,300224, 45.62, 43.78, 0.901, 0.928, 0.011885, 0.002362,1,1,0, 0.008676, 0.005582, 0.007229, 0.004861, 45.62, 0.901, 0.00, 0.000, 0.00, 0.000, 0.00, 0.000
28144,300234, 44.77, 44.20, 0.654, 0.740, 0.010723, 0.001655,1,1,0, 0.008975, 0.003614, 0.006665, 0.003232, 44.77, 0.654, 0.00, 0.000, 0.00, 0.000, 0.00, 0.000
28145,300245, 33.14, 39.55, 0.843, 0.843, 0.011121, 0.007814,1,1,0, 0.014479, 0.008083, 0.013342, 0.005981, 33.14, 0.843, 0.00, 0.000, 0.00, 0.000, 0.00, 0.000
28146,300256, 33.80, 37.14, 0.878, 0.881, 0.011925, 0.005476,1,1,0, 0.017431, 0.012305, 0.013676, 0.009389, 33.80, 0.878, 0.00, 0.000, 0.00, 0.000, 0.00, 0.000
28147,300266, 44.60, 40.27, 0.804, 0.804, 0.013885, 0.006318,1,1,0, 0.019512, 0.013854, 0.015596, 0.010593, 44.60, 0.804, 0.00, 0.000, 0.00, 0.000, 0.00, 0.000
28148,300277, 46.33, 42.82, 0.937, 0.947, 0.013846, 0.004427,1,1,0, 0.018373, 0.012299, 0.015675, 0.009460, 46.33, 0.937, 0.00, 0.000, 0.00, 0.000, 0.00, 0.000
28149,300288, 45.80, 44.07, 0.940, 0.957, 0.012732, 0.003102,1,1,0, 0.012601, 0.008224, 0.010767, 0.006075, 45.80, 0.940, 0.00, 0.000, 0.00, 0.000, 0.00, 0.000
28150,300298, 44.77, 44.36, 0.829, 0.877, 0.011461, 0.002174,1,1,0, 0.005923, 0.004435, 0.006151, 0.003287, 44.77, 0.829, 0.00, 0.000, 0.00, 0.000, 0.00, 0.000
28151,300309, 33.89, 39.97, 0.809, 0.809, 0.010512, 0.001523,1,1,0, 0.010780, 0.005726, 0.006644, 0.004371, 33.89, 0.809, 0.00, 0.000, 0.00, 0.000, 0.00, 0.000
28152,300320, 33.51, 37.26, 0.853, 0.857, 0.013740, 0.010230,1,1,0, 0.018838, 0.011713, 0.015353, 0.009148, 33.51, 0.853, 0.00, 0.000, 0.00, 0.000, 0.00, 0.000
28153,300330, 36.58, 36.97, 0.609, 0.681, 0.013096, 0.007169,1,1,0, 0.019614, 0.011965, 0.012887, 0.009222, 36.58, 0.609, 0.00, 0.000, 0.00, 0.000, 0.00, 0.000
28154,300341, 46.15, 40.83, 0.925, 0.925, 0.014121, 0.005024,1,1,0, 0.020642, 0.014036, 0.014944, 0.010942, 46.15, 0.925, 0.00, 0.000, 0.00, 0.000, 0.00, 0.000
28155,300352, 46.69, 43.29, 0.953, 0.966, 0.013176, 0.003520,1,1,0, 0.017470, 0.009693, 0.012347, 0.007245, 46.69, 0.953, 0.00, 0.000, 0.00, 0.000, 0.00, 0.000
28156,300362, 45.80, 44.34, 0.917, 0.940, 0.011987, 0.002467,1,1,0, 0.009807, 0.005946, 0.008136, 0.004063, 45.80, 0.917, 0.00, 0.000, 0.00, 0.000, 0.00, 0.000
28157,300373, 30.76, 44.88, 0.595, 0.542, 0.010837, 0.001729,1,1,0, 0.009254, 0.005543, 0.004344, 0.003087, 30.76, 0.595, 45.62, 0.460, 0.00, 0.000, 0.00, 0.000
28158,300384, 33.70, 40.19, 0.916, 0.916, 0.010178, 0.001211,1,1,0, 0.015152, 0.008386, 0.008448, 0.006089, 33.70, 0.916, 0.00, 0.000, 0.00, 0.000, 0.00, 0.000
28159,300394, 33.24, 37.27, 0.899, 0.903, 0.013990, 0.009637,1,1,0, 0.018766, 0.013339, 0.015592, 0.010076, 33.24, 0.899, 0.00, 0.000, 0.00, 0.000, 0.00, 0.000
28160,300405, 45.28, 40.63, 0.886, 0.886, 0.013365, 0.006753,1,1,0, 0.019390, 0.012277, 0.013452, 0.009674, 45.28, 0.886, 0.00, 0.000, 0.00, 0.000, 0.00, 0.000
28161,300416, 46.87, 43.25, 0.947, 0.956, 0.013240, 0.004732,1,1,0, 0.019390, 0.012038, 0.013974, 0.009599, 46.87, 0.947, 0.00, 0.000, 0.00, 0.000, 0.00, 0.000
28162,300426, 46.87, 44.77, 0.950, 0.964, 0.012273, 0.003316,1,1,0, 0.013058, 0.007483, 0.009173, 0.006005, 46.87, 0.950, 0.00, 0.000, 0.00, 0.000, 0.00, 0.000
28163,300437, 46.15, 45.35, 0.795, 0.852, 0.010907, 0.002324,1,1,0, 0.006121, 0.003638, 0.003082, 0.001486, 46.15, 0.795, 0.00, 0.000, 0.00, 0.000, 0.00, 0.000
28164,300448, 33.33, 40.30, 0.811, 0.811, 0.009967, 0.001628,1,1,0, 0.009781, 0.006623, 0.005445, 0.003710, 33.33, 0.811, 0.00, 0.000, 0.00, 0.000, 0.00, 0.000
28165,300458, 32.43, 36.99, 0.942, 0.945, 0.010549, 0.003669,1,1,0, 0.017496, 0.011239, 0.011439, 0.007630, 32.43, 0.942, 0.00, 0.000, 0.00, 0.000, 0.00, 0.000
28166,300469, 35.82, 36.50, 0.834, 0.880, 0.013187, 0.007611,1,1,0, 0.019036, 0.013308, 0.014765, 0.009990, 35.82, 0.834, 0.00, 0.000, 0.00, 0.000, 0.00, 0.000
28167,300480, 47.05, 40.93, 0.927, 0.927, 0.013632, 0.005334,1,1,0, 0.017810, 0.012720, 0.014674, 0.010114, 47.05, 0.927, 0.00, 0.000, 0.00, 0.000, 0.00, 0.000
28168,300490, 47.24, 43.58, 0.955, 0.963, 0.012854, 0.003738,1,1,0, 0.012812, 0.008990, 0.010784, 0.007824, 47.24, 0.955, 0.00, 0.000, 0.00, 0.000, 0.00, 0.000
28169,300501, 47.24, 45.12, 0.945, 0.960, 0.011782, 0.002619,1,1,0, 0.011637, 0.005262, 0.008153, 0.005166, 47.24, 0.945, 0.00, 0.000, 0.00, 0.000, 0.00, 0.000
28170,300512, 34.68, 45.40, 0.759, 0.751, 0.010557, 0.001835,1,1,0, 0.006483, 0.004228, 0.004385, 0.002154, 34.68, 0.759, 45.80, 0.659, 0.00, 0.000, 0.00, 0.000
28171,300522, 33.42, 40.37, 0.958, 0.961, 0.009767, 0.001286,1,1,0, 0.012132, 0.008355, 0.006649, 0.004638, 33.42, 0.958, 0.00, 0.000, 0.00, 0.000, 0.00, 0.000
28172,300533, 32.08, 36.89, 0.932, 0.938, 0.011773, 0.003593,1,1,0, 0.018608, 0.012348, 0.012850, 0.008859, 32.08, 0.932, 0.00, 0.000, 0.00, 0.000, 0.00, 0.000
28173,300544, 45.45, 40.48, 0.848, 0.848, 0.012444, 0.002583,1,1,0, 0.020163, 0.013298, 0.013147, 0.009863, 45.45, 0.848, 0.00, 0.000, 0.00, 0.000, 0.00, 0.000
28174,300554, 47.24, 43.32, 0.939, 0.943, 0.013194, 0.003534,1,1,0, 0.015440, 0.011448, 0.014573, 0.009730, 47.24, 0.939, 0.00, 0.000, 0.00, 0.000, 0.00, 0.000
28175,300565, 46.69, 44.74, 0.961, 0.972, 0.012336, 0.002476,1,1,0, 0.011914, 0.008181, 0.009300, 0.006873, 46.69, 0.961, 0.00, 0.000, 0.00, 0.000, 0.00, 0.000
28176,300576, 46.33, 45.40, 0.909, 0.935, 0.011191, 0.001735,1,1,0, 0.004942, 0.002617, 0.006918, 0.004021, 46.33, 0.909, 0.00, 0.000, 0.00, 0.000, 0.00, 0.000
28177,300586, 34.18, 40.69, 0.879, 0.879, 0.010176, 0.001216,1,1,0, 0.008989, 0.005552, 0.005646, 0.003542, 34.18, 0.879, 0.00, 0.000, 0.00, 0.000, 0.00, 0.000
28178,300597, 33.89, 37.84, 0.974, 0.977, 0.009664, 0.001010,1,1,0, 0.014048, 0.009741, 0.009953, 0.006498, 33.89, 0.974, 0.00, 0.000, 0.00, 0.000, 0.00, 0.000
28179,300608, 30.37, 34.70, 0.820, 0.820, 0.011722, 0.003351,1,1,0, 0.018306, 0.012561, 0.013061, 0.009098, 30.37, 0.820, 0.00, 0.000, 0.00, 0.000, 0.00, 0.000
28180,300618, 45.45, 39.22, 0.930, 0.930, 0.012602, 0.002776,1,1,0, 0.020088, 0.013163, 0.013381, 0.010184, 45.45, 0.930, 0.00, 0.000, 0.00, 0.000, 0.00, 0.000
28181,300629, 46.51, 42.28, 0.948, 0.951, 0.011928, 0.001945,1,1,0, 0.014470, 0.010355, 0.012410, 0.008381, 46.51, 0.948, 0.00, 0.000, 0.00, 0.000, 0.00, 0.000
28182,300640, 45.62, 43.68, 0.954, 0.967, 0.011037, 0.001363,1,1,0, 0.009462, 0.006292, 0.008579, 0.005671, 45.62, 0.954, 0.00, 0.000, 0.00, 0.000, 0.00, 0.000
28183,300650, 43.79, 43.73, 0.785, 0.845, 0.010003, 0.000955,1,1,0, 0.008109, 0.003295, 0.005539, 0.003123, 43.79, 0.785, 0.00, 0.000, 0.00, 0.000, 0.00, 0.000
28184,300661, 34.09, 39.68, 0.901, 0.901, 0.009619, 0.004935,1,1,0, 0.011729, 0.006647, 0.011030, 0.004773, 34.09, 0.901, 0.00, 0.000, 0.00, 0.000, 0.00, 0.000
28185,300672, 34.09, 37.33, 0.898, 0.902, 0.010425, 0.004427,1,1,0, 0.015551, 0.010719, 0.012089, 0.007920, 34.09, 0.898, 0.00, 0.000, 0.00, 0.000, 0.00, 0.000
28186,300682, 43.47, 39.91, 0.767, 0.767, 0.013712, 0.005525,1,1,0, 0.019106, 0.013472, 0.014941, 0.010316, 43.47, 0.767, 0.00, 0.000, 0.00, 0.000, 0.00, 0.000
28187,300693, 45.97, 42.46, 0.922, 0.928, 0.013428, 0.003871,1,1,0, 0.018222, 0.011965, 0.014963, 0.009163, 45.97, 0.922, 0.00, 0.000, 0.00, 0.000, 0.00, 0.000
28188,300704, 45.62, 43.79, 0.961, 0.972, 0.012526, 0.002713,1,1,0, 0.014062, 0.009093, 0.009646, 0.006968, 45.62, 0.961, 0.00, 0.000, 0.00, 0.000, 0.00, 0.000
28189,300714, 45.28, 44.41, 0.885, 0.917, 0.011311, 0.001901,1,1,0, 0.005861, 0.004812, 0.007450, 0.003465, 45.28, 0.885, 0.00, 0.000, 0.00, 0.000, 0.00, 0.000
28190,300725, 36.69, 41.17, 0.790, 0.790, 0.010303, 0.001332,1,1,0, 0.008913, 0.004607, 0.006058, 0.003649, 36.69, 0.790, 0.00, 0.000, 0.00, 0.000, 0.00, 0.000
28191,300736, 33.24, 37.84, 0.848, 0.848, 0.012741, 0.007858,1,1,0, 0.017946, 0.010195, 0.014083, 0.007982, 33.24, 0.848, 0.00, 0.000, 0.00, 0.000, 0.00, 0.000
28192,300746, 36.80, 37.40, 0.821, 0.871, 0.012854, 0.005506,1,1,0, 0.017836, 0.010806, 0.013888, 0.008216, 36.80, 0.821, 0.00, 0.000, 0.00, 0.000, 0.00, 0.000
28193,300757, 45.11, 40.64, 0.900, 0.900, 0.013630, 0.003859,1,1,0, 0.019179, 0.013697, 0.014209, 0.010702, 45.11, 0.900, 0.00, 0.000, 0.00, 0.000, 0.00, 0.000
28194,300768, 45.97, 42.88, 0.938, 0.955, 0.012696, 0.002704,1,1,0, 0.016773, 0.009708, 0.012441, 0.007086, 45.97, 0.938, 0.00, 0.000, 0.00, 0.000, 0.00, 0.000
28195,300778, 45.62, 44.03, 0.934, 0.952, 0.011705, 0.001895,1,1,0, 0.012095, 0.007369, 0.009359, 0.005418, 45.62, 0.934, 0.00, 0.000, 0.00, 0.000, 0.00, 0.000
28196,300789, 44.77, 44.34, 0.755, 0.823, 0.010533, 0.001328,1,1,0, 0.006488, 0.004644, 0.003828, 0.002556, 44.77, 0.755, 32.87, 0.114, 0.00, 0.000, 0.00, 0.000
28197,300800, 34.68, 40.28, 0.854, 0.857, 0.009807, 0.000930,1,1,0, 0.013496, 0.007398, 0.007673, 0.005315, 34.68, 0.854, 0.00, 0.000, 0.00, 0.000, 0.00, 0.000
28198,300810, 33.51, 37.44, 0.852, 0.859, 0.012458, 0.007746,1,1,0, 0.016604, 0.011652, 0.013952, 0.008860, 33.51, 0.852, 0.00, 0.000, 0.00, 0.000, 0.00, 0.000
28199,300821, 42.40, 39.52, 0.892, 0.907, 0.013613, 0.005428,1,1,0, 0.018870, 0.011960, 0.014548, 0.009334, 42.40, 0.892, 0.00, 0.000, 0.00, 0.000, 0.00, 0.000
28200,300832, 46.15, 42.31, 0.951, 0.951, 0.012993, 0.003804,1,1,0, 0.018087, 0.011750, 0.012565, 0.009227, 46.15, 0.951, 0.00, 0.000, 0.00, 0.000, 0.00, 0.000
28201,300842, 46.33, 43.99, 0.960, 0.971, 0.012119, 0.002666,1,1,0, 0.014324, 0.008345, 0.009093, 0.006493, 46.33, 0.960, 0.00, 0.000, 0.00, 0.000, 0.00, 0.000
28202,300853, 45.80, 44.75, 0.860, 0.899, 0.010888, 0.001868,1,1,0, 0.007426, 0.004391, 0.004475, 0.002444, 45.80, 0.860, 0.00, 0.000, 0.00, 0.000, 0.00, 0.000
28203,300864, 35.60, 40.91, 0.744, 0.744, 0.009883, 0.001309,1,1,0, 0.007911, 0.005697, 0.004674, 0.002993, 35.60, 0.744, 0.00, 0.000, 0.00, 0.000, 0.00, 0.000
28204,300874, 33.05, 37.61, 0.956, 0.956, 0.009618, 0.001286,1,1,0, 0.014385, 0.009924, 0.010123, 0.006822, 33.05, 0.956, 0.00, 0.000, 0.00, 0.000, 0.00, 0.000
28205,300885, 35.50, 36.72, 0.922, 0.944, 0.011789, 0.006976,1,1,0, 0.018636, 0.012206, 0.013248, 0.008999, 35.50, 0.922, 0.00, 0.000, 0.00, 0.000, 0.00, 0.000
28206,300896, 45.80, 40.53, 0.905, 0.905, 0.013184, 0.005149,1,1,0, 0.017092, 0.012276, 0.014349, 0.009686, 45.80, 0.905, 0.00, 0.000, 0.00, 0.000, 0.00, 0.000
28207,300906, 46.69, 43.12, 0.965, 0.975, 0.012479, 0.003608,1,1,0, 0.013844, 0.009640, 0.011430, 0.008044, 46.69, 0.965, 0.00, 0.000, 0.00, 0.000, 0.00, 0.000
28208,300917, 46.87, 44.69, 0.943, 0.958, 0.011513, 0.002528,1,1,0, 0.012694, 0.005582, 0.007353, 0.005244, 46.87, 0.943, 0.00, 0.000, 0.00, 0.000, 0.00, 0.000
28209,300928, 45.28, 44.94, 0.778, 0.840, 0.010354, 0.001772,1,1,0, 0.006237, 0.004254, 0.004145, 0.002465, 45.28, 0.778, 0.00, 0.000, 0.00, 0.000, 0.00, 0.000
28210,300938, 32.78, 39.83, 0.923, 0.923, 0.009479, 0.001241,1,1,0, 0.010232, 0.007271, 0.005354, 0.003642, 32.78, 0.923, 0.00, 0.000, 0.00, 0.000, 0.00, 0.000
28211,300949, 32.34, 36.69, 0.947, 0.950, 0.010800, 0.005051,1,1,0, 0.015503, 0.011084, 0.012455, 0.007935, 32.34, 0.947, 0.00, 0.000, 0.00, 0.000, 0.00, 0.000
28212,300960, 37.26, 36.93, 0.825, 0.874, 0.012267, 0.004303,1,1,0, 0.019680, 0.012841, 0.013284, 0.009422, 37.26, 0.825, 42.55, 0.778, 0.00, 0.000, 0.00, 0.000
28213,300970, 46.87, 41.10, 0.910, 0.910, 0.012343, 0.003015,1,1,0, 0.015419, 0.011136, 0.013360, 0.009211, 46.87, 0.910, 0.00, 0.000, 0.00, 0.000, 0.00, 0.000
28214,300981, 46.15, 43.22, 0.972, 0.980, 0.011639, 0.002113,1,1,0, 0.013205, 0.008803, 0.010742, 0.007327, 46.15, 0.972, 0.00, 0.000, 0.00, 0.000, 0.00, 0.000
28215,300992, 45.97, 44.38, 0.929, 0.949, 0.010674, 0.001480,1,1,0, 0.005675, 0.003176, 0.006077, 0.004228, 45.97, 0.929, 0.00, 0.000, 0.00, 0.000, 0.00, 0.000
28216,301002, 36.69, 41.15, 0.959, 0.959, 0.009636, 0.001037,1,1,0, 0.006983, 0.004420, 0.004870, 0.002576, 36.69, 0.959, 0.00, 0.000, 0.00, 0.000, 0.00, 0.000
28217,301013, 33.61, 37.98, 0.969, 0.969, 0.009033, 0.000727,1,1,0, 0.012387, 0.008650, 0.008853, 0.005365, 33.61, 0.969, 0.00, 0.000, 0.00, 0.000, 0.00, 0.000
28218,301024, 32.17, 35.54, 0.788, 0.792, 0.010767, 0.003981,1,1,0, 0.016599, 0.011625, 0.011819, 0.008229, 32.17, 0.788, 0.00, 0.000, 0.00, 0.000, 0.00, 0.000
28219,301034, 45.11, 39.56, 0.866, 0.866, 0.012196, 0.003305,1,1,0, 0.019433, 0.012455, 0.013237, 0.009619, 45.11, 0.866, 0.00, 0.000, 0.00, 0.000, 0.00, 0.000
28220,301045, 46.15, 42.33, 0.943, 0.946, 0.011593, 0.002316,1,1,0, 0.015335, 0.010599, 0.011947, 0.008401, 46.15, 0.943, 0.00, 0.000, 0.00, 0.000, 0.00, 0.000
28221,301056, 45.62, 43.71, 0.964, 0.974, 0.010813, 0.001623,1,1,0, 0.010238, 0.006917, 0.009536, 0.006264, 45.62, 0.964, 0.00, 0.000, 0.00, 0.000, 0.00, 0.000
28222,301066, 43.63, 43.68, 0.896, 0.925, 0.009846, 0.001137,1,1,0, 0.006034, 0.003143, 0.004604, 0.003214, 43.63, 0.896, 0.00, 0.000, 0.00, 0.000, 0.00, 0.000
28223,301077, 35.08, 40.07, 0.886, 0.886, 0.009046, 0.000797,1,1,0, 0.009309, 0.005814, 0.008725, 0.004165, 35.08, 0.886, 0.00, 0.000, 0.00, 0.000, 0.00, 0.000
28224,301088, 34.38, 37.68, 0.930, 0.934, 0.009239, 0.001820,1,1,0, 0.013679, 0.009355, 0.009916, 0.006618, 34.38, 0.930, 0.00, 0.000, 0.00, 0.000, 0.00, 0.000
28225,301098, 42.70, 39.79, 0.678, 0.694, 0.012139, 0.004814,1,1,0, 0.018409, 0.012431, 0.013495, 0.009347, 42.70, 0.678, 0.00, 0.000, 0.00, 0.000, 0.00, 0.000
28226,301109, 45.11, 42.02, 0.921, 0.932, 0.012599, 0.004068,1,1,0, 0.017360, 0.011591, 0.014414, 0.008729, 45.11, 0.921, 0.00, 0.000, 0.00, 0.000, 0.00, 0.000
28227,301120, 45.45, 43.46, 0.964, 0.974, 0.011887, 0.002851,1,1,0, 0.015340, 0.009856, 0.012084, 0.007867, 45.45, 0.964, 0.00, 0.000, 0.00, 0.000, 0.00, 0.000
28228,301130, 45.62, 44.37, 0.898, 0.927, 0.010824, 0.001998,1,1,0, 0.006901, 0.005559, 0.008699, 0.004097, 45.62, 0.898, 0.00, 0.000, 0.00, 0.000, 0.00, 0.000
28229,301141, 39.21, 42.20, 0.892, 0.909, 0.009878, 0.001400,1,1,0, 0.007787, 0.003862, 0.004607, 0.003315, 39.21, 0.892, 0.00, 0.000, 0.00, 0.000, 0.00, 0.000
28230,301152, 33.33, 38.48, 0.819, 0.819, 0.010621, 0.004695,1,1,0, 0.014438, 0.008622, 0.011533, 0.006736, 33.33, 0.819, 0.00, 0.000, 0.00, 0.000, 0.00, 0.000
28231,301162, 36.58, 37.68, 0.879, 0.913, 0.011739, 0.006433,1,1,0, 0.015690, 0.009767, 0.013351, 0.007317, 36.58, 0.879, 0.00, 0.000, 0.00, 0.000, 0.00, 0.000
28232,301173, 44.44, 40.52, 0.854, 0.854, 0.012607, 0.004508,1,1,0, 0.018775, 0.012950, 0.013355, 0.010076, 44.44, 0.854, 0.00, 0.000, 0.00, 0.000, 0.00, 0.000
28233,301184, 45.28, 42.52, 0.942, 0.958, 0.011799, 0.003159,1,1,0, 0.016063, 0.009838, 0.012691, 0.007053, 45.28, 0.942, 0.00, 0.000, 0.00, 0.000, 0.00, 0.000
28234,301194, 45.28, 43.68, 0.942, 0.958, 0.010990, 0.002214,1,1,0, 0.013721, 0.008223, 0.010868, 0.006242, 45.28, 0.942, 0.00, 0.000, 0.00, 0.000, 0.00, 0.000
28235,301205, 44.28, 43.93, 0.876, 0.910, 0.009944, 0.001551,1,1,0, 0.006953, 0.004864, 0.004723, 0.003067, 44.28, 0.876, 0.00, 0.000, 0.00, 0.000, 0.00, 0.000
28236,301216, 36.14, 40.66, 0.813, 0.813, 0.009204, 0.001087,1,1,0, 0.011204, 0.006371, 0.006906, 0.004563, 36.14, 0.813, 0.00, 0.000, 0.00, 0.000, 0.00, 0.000
28237,301226, 34.38, 38.02, 0.843, 0.846, 0.010868, 0.006307,1,1,0, 0.014387, 0.009975, 0.012186, 0.007630, 34.38, 0.843, 0.00, 0.000, 0.00, 0.000, 0.00, 0.000
28238,301237, 38.83, 38.36, 0.909, 0.934, 0.012878, 0.005962,1,1,0, 0.017270, 0.011418, 0.013958, 0.008857, 38.83, 0.909, 0.00, 0.000, 0.00, 0.000, 0.00, 0.000
28239,301248, 45.45, 41.34, 0.944, 0.944, 0.012280, 0.004178,1,1,0, 0.016294, 0.011178, 0.011993, 0.008669, 45.45, 0.944, 0.00, 0.000, 0.00, 0.000, 0.00, 0.000
28240,301258, 45.80, 43.21, 0.961, 0.972, 0.011518, 0.002928,1,1,0, 0.015563, 0.008798, 0.009816, 0.006704, 45.80, 0.961, 0.00, 0.000, 0.00, 0.000, 0.00, 0.000
28241,301269, 45.28, 44.08, 0.920, 0.942, 0.010461, 0.002051,1,1,0, 0.009518, 0.005461, 0.006957, 0.003430, 45.28, 0.920, 0.00, 0.000, 0.00, 0.000, 0.00, 0.000
28242,301280, 42.40, 43.37, 0.648, 0.715, 0.009479, 0.001437,1,1,0, 0.007547, 0.005375, 0.005320, 0.002881, 42.40, 0.648, 30.07, 0.243, 0.00, 0.000, 0.00, 0.000
28243,301290, 33.89, 39.39, 0.952, 0.952, 0.008971, 0.001007,1,1,0, 0.012251, 0.008732, 0.009133, 0.006049, 33.89, 0.952, 0.00, 0.000, 0.00, 0.000, 0.00, 0.000
28244,301301, 35.92, 37.93, 0.956, 0.968, 0.011012, 0.006129,1,1,0, 0.016274, 0.010918, 0.012135, 0.008075, 35.92, 0.956, 0.00, 0.000, 0.00, 0.000, 0.00, 0.000
28245,301312, 44.94, 40.88, 0.869, 0.869, 0.012500, 0.004337,1,1,0, 0.015864, 0.011533, 0.013505, 0.009081, 44.94, 0.869, 0.00, 0.000, 0.00, 0.000, 0.00, 0.000
28246,301322, 45.62, 42.87, 0.980, 0.985, 0.012091, 0.003039,1,1,0, 0.014804, 0.010364, 0.012638, 0.008243, 45.62, 0.980, 0.00, 0.000, 0.00, 0.000, 0.00, 0.000
28247,301333, 46.51, 44.40, 0.943, 0.959, 0.011197, 0.002129,1,1,0, 0.013054, 0.005906, 0.007215, 0.005255, 46.51, 0.943, 0.00, 0.000, 0.00, 0.000, 0.00, 0.000
28248,301344, 45.28, 44.77, 0.869, 0.905, 0.010143, 0.001492,1,1,0, 0.007507, 0.004695, 0.004908, 0.003022, 45.28, 0.869, 0.00, 0.000, 0.00, 0.000, 0.00, 0.000
28249,301354, 32.08, 39.44, 0.752, 0.752, 0.009251, 0.001045,1,1,0, 0.009926, 0.006574, 0.004446, 0.003193, 32.08, 0.752, 0.00, 0.000, 0.00, 0.000, 0.00, 0.000
28250,301365, 33.24, 36.83, 0.943, 0.946, 0.009435, 0.002602,1,1,0, 0.012938, 0.009653, 0.010510, 0.006778, 33.24, 0.943, 0.00, 0.000, 0.00, 0.000, 0.00, 0.000
28251,301376, 36.80, 36.82, 0.945, 0.960, 0.011748, 0.006537,1,1,0, 0.018142, 0.012079, 0.013222, 0.008752, 36.80, 0.945, 0.00, 0.000, 0.00, 0.000, 0.00, 0.000
28252,301386, 46.15, 40.74, 0.904, 0.904, 0.011889, 0.004581,1,1,0, 0.014417, 0.010814, 0.012768, 0.008774, 46.15, 0.904, 0.00, 0.000, 0.00, 0.000, 0.00, 0.000
28253,301397, 45.97, 42.94, 0.974, 0.981, 0.011237, 0.003210,1,1,0, 0.013089, 0.008981, 0.011467, 0.007493, 45.97, 0.974, 0.00, 0.000, 0.00, 0.000, 0.00, 0.000
28254,301408, 45.97, 44.21, 0.944, 0.959, 0.010360, 0.002249,1,1,0, 0.006877, 0.004054, 0.004946, 0.004290, 45.97, 0.944, 0.00, 0.000, 0.00, 0.000, 0.00, 0.000
28255,301418, 39.60, 42.27, 0.937, 0.954, 0.009331, 0.001576,1,1,0, 0.006827, 0.003979, 0.004884, 0.002354, 39.60, 0.937, 0.00, 0.000, 0.00, 0.000, 0.00, 0.000
28256,301429, 33.89, 38.75, 0.943, 0.943, 0.008680, 0.001104,1,1,0, 0.011078, 0.007549, 0.006941, 0.004439, 33.89, 0.943, 0.00, 0.000, 0.00, 0.000, 0.00, 0.000
28257,301440, 34.48, 36.96, 0.863, 0.887, 0.009348, 0.003116,1,1,0, 0.014882, 0.010703, 0.010430, 0.007341, 34.48, 0.863, 0.00, 0.000, 0.00, 0.000, 0.00, 0.000
28258,301450, 44.28, 40.03, 0.783, 0.783, 0.011490, 0.004573,1,1,0, 0.016935, 0.011579, 0.012893, 0.008834, 44.28, 0.783, 0.00, 0.000, 0.00, 0.000, 0.00, 0.000
28259,301461, 45.80, 42.45, 0.942, 0.954, 0.011232, 0.003205,1,1,0, 0.015262, 0.010594, 0.011953, 0.008387, 45.80, 0.942, 0.00, 0.000, 0.00, 0.000, 0.00, 0.000
28260,301472, 45.62, 43.78, 0.968, 0.977, 0.010531, 0.002246,1,1,0, 0.010323, 0.007287, 0.009518, 0.006416, 45.62, 0.968, 0.00, 0.000, 0.00, 0.000, 0.00, 0.000
28261,301482, 44.11, 43.92, 0.956, 0.968, 0.009644, 0.001574,1,1,0, 0.005336, 0.003685, 0.005187, 0.003594, 44.11, 0.956, 0.00, 0.000, 0.00, 0.000, 0.00, 0.000
28262,301493, 36.69, 40.89, 0.845, 0.845, 0.008811, 0.001103,1,1,0, 0.008223, 0.005179, 0.007485, 0.003785, 36.69, 0.845, 0.00, 0.000, 0.00, 0.000, 0.00, 0.000
28263,301504, 35.19, 38.49, 0.932, 0.937, 0.008651, 0.002279,1,1,0, 0.010845, 0.008172, 0.009175, 0.005526, 35.19, 0.932, 0.00, 0.000, 0.00, 0.000, 0.00, 0.000
28264,301514, 37.26, 37.98, 0.657, 0.727, 0.011295, 0.006775,1,1,0, 0.016978, 0.011481, 0.013190, 0.008528, 37.26, 0.657, 0.00, 0.000, 0.00, 0.000, 0.00, 0.000
28265,301525, 44.28, 40.62, 0.909, 0.909, 0.011581, 0.004748,1,1,0, 0.014874, 0.010881, 0.013498, 0.007831, 44.28, 0.909, 0.00, 0.000, 0.00, 0.000, 0.00, 0.000
28266,301536, 45.11, 42.51, 0.964, 0.974, 0.011391, 0.003327,1,1,0, 0.015487, 0.010129, 0.012377, 0.008245, 45.11, 0.964, 0.00, 0.000, 0.00, 0.000, 0.00, 0.000
28267,301546, 45.45, 43.74, 0.931, 0.950, 0.010448, 0.002331,1,1,0, 0.008792, 0.006078, 0.008078, 0.004714, 45.45, 0.931, 0.00, 0.000, 0.00, 0.000, 0.00, 0.000
28268,301557, 40.95, 42.57, 0.910, 0.935, 0.009554, 0.001634,1,1,0, 0.007547, 0.003741, 0.004185, 0.003380, 40.95, 0.910, 0.00, 0.000, 0.00, 0.000, 0.00, 0.000
28269,301568, 33.99, 38.97, 0.820, 0.820, 0.008981, 0.001145,1,1,0, 0.011681, 0.007238, 0.008510, 0.005599, 33.99, 0.820, 0.00, 0.000, 0.00, 0.000, 0.00, 0.000
28270,301578, 36.25, 37.82, 0.924, 0.945, 0.010313, 0.005852,1,1,0, 0.013374, 0.008784, 0.011986, 0.006470, 36.25, 0.924, 0.00, 0.000, 0.00, 0.000, 0.00, 0.000
28271,301589, 43.47, 40.20, 0.809, 0.816, 0.011878, 0.004101,1,1,0, 0.017819, 0.011990, 0.012675, 0.009293, 43.47, 0.809, 0.00, 0.000, 0.00, 0.000, 0.00, 0.000
28272,301600, 44.44, 41.98, 0.965, 0.974, 0.011169, 0.002873,1,1,0, 0.014659, 0.010087, 0.011768, 0.007298, 44.44, 0.965, 0.00, 0.000, 0.00, 0.000, 0.00, 0.000
28273,301610, 45.11, 43.29, 0.938, 0.955, 0.010435, 0.002014,1,1,0, 0.013400, 0.008391, 0.010742, 0.006270, 45.11, 0.938, 0.00, 0.000, 0.00, 0.000, 0.00, 0.000
28274,301621, 43.79, 43.50, 0.929, 0.949, 0.009511, 0.001411,1,1,0, 0.007728, 0.005410, 0.005765, 0.003728, 43.79, 0.929, 0.00, 0.000, 0.00, 0.000, 0.00, 0.000
28275,301632, 37.15, 40.83, 0.802, 0.802, 0.008795, 0.000989,1,1,0, 0.009378, 0.005588, 0.005961, 0.004041, 37.15, 0.802, 0.00, 0.000, 0.00, 0.000, 0.00, 0.000
28276,301642, 35.29, 38.50, 0.879, 0.885, 0.008878, 0.002044,1,1,0, 0.013371, 0.008328, 0.009322, 0.006400, 35.29, 0.879, 0.00, 0.000, 0.00, 0.000, 0.00, 0.000
28277,301653, 37.97, 38.28, 0.898, 0.926, 0.011694, 0.005237,1,1,0, 0.016072, 0.010703, 0.012645, 0.008287, 37.97, 0.898, 0.00, 0.000, 0.00, 0.000, 0.00, 0.000
28278,301664, 43.79, 40.59, 0.943, 0.953, 0.011730, 0.003670,1,1,0, 0.015775, 0.010722, 0.012291, 0.008258, 43.79, 0.943, 0.00, 0.000, 0.00, 0.000, 0.00, 0.000
28279,301674, 45.11, 42.49, 0.960, 0.971, 0.010996, 0.002572,1,1,0, 0.015357, 0.008809, 0.010638, 0.006603, 45.11, 0.960, 0.00, 0.000, 0.00, 0.000, 0.00, 0.000
28280,301685, 44.77, 43.45, 0.959, 0.970, 0.010097, 0.001802,1,1,0, 0.010140, 0.006421, 0.008231, 0.004289, 44.77, 0.959, 0.00, 0.000, 0.00, 0.000, 0.00, 0.000
28281,301696, 42.85, 43.20, 0.784, 0.844, 0.009139, 0.001263,1,1,0, 0.006789, 0.005399, 0.006897, 0.003087, 42.85, 0.784, 0.00, 0.000, 0.00, 0.000, 0.00, 0.000
28282,301706, 34.88, 39.70, 0.920, 0.920, 0.008603, 0.000885,1,1,0, 0.010054, 0.007543, 0.007982, 0.005267, 34.88, 0.920, 0.00, 0.000, 0.00, 0.000, 0.00, 0.000
28283,301717, 35.71, 38.03, 0.941, 0.957, 0.009998, 0.004940,1,1,0, 0.015790, 0.009886, 0.010979, 0.007298, 35.71, 0.941, 0.00, 0.000, 0.00, 0.000, 0.00, 0.000
28284,301728, 43.32, 40.25, 0.829, 0.842, 0.011053, 0.003749,1,1,0, 0.015185, 0.010540, 0.011933, 0.008336, 43.32, 0.829, 0.00, 0.000, 0.00, 0.000, 0.00, 0.000
28285,301738, 44.77, 42.15, 0.983, 0.988, 0.011889, 0.003812,1,1,0, 0.015476, 0.010590, 0.012704, 0.008290, 44.77, 0.983, 0.00, 0.000, 0.00, 0.000, 0.00, 0.000
28286,301749, 45.80, 43.68, 0.948, 0.962, 0.011026, 0.002671,1,1,0, 0.012561, 0.006406, 0.007152, 0.005296, 45.80, 0.948, 0.00, 0.000, 0.00, 0.000, 0.00, 0.000
28287,301760, 44.77, 44.14, 0.944, 0.960, 0.010078, 0.001872,1,1,0, 0.008558, 0.005324, 0.005554, 0.003686, 44.77, 0.944, 0.00, 0.000, 0.00, 0.000, 0.00, 0.000
28288,301770, 31.57, 43.16, 0.591, 0.641, 0.009146, 0.001311,1,1,0, 0.009164, 0.005875, 0.004219, 0.002785, 31.57, 0.591, 41.81, 0.582, 36.69, 0.546, 0.00, 0.000
28289,301781, 34.98, 39.72, 0.966, 0.969, 0.008653, 0.000919,1,1,0, 0.011305, 0.008473, 0.008981, 0.005796, 34.98, 0.966, 0.00, 0.000, 0.00, 0.000, 0.00, 0.000
28290,301792, 36.03, 38.17, 0.942, 0.958, 0.010641, 0.005413,1,1,0, 0.015857, 0.011044, 0.011893, 0.007888, 36.03, 0.942, 0.00, 0.000, 0.00, 0.000, 0.00, 0.000
28291,301802, 44.77, 40.94, 0.913, 0.913, 0.010799, 0.003793,1,1,0, 0.014033, 0.010306, 0.011492, 0.008243, 44.77, 0.913, 0.00, 0.000, 0.00, 0.000, 0.00, 0.000
28292,301813, 45.62, 42.91, 0.969, 0.977, 0.011014, 0.003195,1,1,0, 0.012777, 0.008970, 0.011997, 0.007473, 45.62, 0.969, 0.00, 0.000, 0.00, 0.000, 0.00, 0.000
28293,301824, 45.80, 44.12, 0.954, 0.967, 0.010192, 0.002239,1,1,0, 0.008481, 0.005091, 0.006412, 0.004655, 45.80, 0.954, 0.00, 0.000, 0.00, 0.000, 0.00, 0.000
28294,301834, 41.37, 42.97, 0.945, 0.961, 0.009227, 0.001569,1,1,0, 0.007489, 0.004249, 0.004480, 0.002755, 41.37, 0.945, 0.00, 0.000, 0.00, 0.000, 0.00, 0.000
28295,301845, 34.88, 39.57, 0.874, 0.874, 0.008493, 0.001099,1,1,0, 0.009919, 0.006351, 0.004988, 0.003602, 34.88, 0.874, 0.00, 0.000, 0.00, 0.000, 0.00, 0.000
28296,301856, 35.71, 37.95, 0.939, 0.956, 0.008402, 0.001233,1,1,0, 0.014102, 0.009899, 0.009075, 0.006489, 35.71, 0.939, 0.00, 0.000, 0.00, 0.000, 0.00, 0.000
28297,301866, 41.37, 39.39, 0.797, 0.837, 0.010367, 0.005303,1,1,0, 0.014508, 0.010599, 0.011929, 0.007970, 41.37, 0.797, 0.00, 0.000, 0.00, 0.000, 0.00, 0.000
28298,301877, 45.28, 41.86, 0.941, 0.948, 0.011118, 0.003730,1,1,0, 0.014844, 0.010582, 0.012411, 0.008253, 45.28, 0.941, 0.00, 0.000, 0.00, 0.000, 0.00, 0.000
28299,301888, 45.45, 43.37, 0.967, 0.976, 0.010448, 0.002614,1,1,0, 0.009934, 0.007390, 0.009430, 0.006422, 45.45, 0.967, 0.00, 0.000, 0.00, 0.000, 0.00, 0.000
28300,301898, 44.28, 43.75, 0.975, 0.982, 0.009633, 0.001832,1,1,0, 0.006566, 0.004627, 0.006710, 0.004314, 44.28, 0.975, 0.00, 0.000, 0.00, 0.000, 0.00, 0.000
28301,301909, 37.73, 41.22, 0.859, 0.862, 0.008798, 0.001283,1,1,0, 0.007002, 0.004812, 0.006778, 0.003555, 37.73, 0.859, 0.00, 0.000, 0.00, 0.000, 0.00, 0.000
28302,301920, 36.03, 39.04, 0.974, 0.981, 0.008191, 0.000899,1,1,0, 0.009755, 0.006995, 0.008203, 0.004419, 36.03, 0.974, 0.00, 0.000, 0.00, 0.000, 0.00, 0.000
28303,301930, 34.28, 37.04, 0.719, 0.739, 0.010175, 0.004686,1,1,0, 0.016333, 0.010706, 0.011515, 0.007909, 34.28, 0.719, 0.00, 0.000, 0.00, 0.000, 0.00, 0.000
28304,301941, 43.47, 39.74, 0.899, 0.899, 0.010416, 0.003690,1,1,0, 0.013972, 0.010241, 0.012174, 0.007098, 43.47, 0.899, 0.00, 0.000, 0.00, 0.000, 0.00, 0.000
28305,301952, 44.77, 41.85, 0.953, 0.966, 0.011416, 0.003674,1,1,0, 0.014734, 0.010100, 0.012855, 0.008186, 44.77, 0.953, 0.00, 0.000, 0.00, 0.000, 0.00, 0.000
28306,301962, 45.11, 43.22, 0.953, 0.966, 0.010556, 0.002575,1,1,0, 0.009040, 0.006722, 0.007596, 0.005276, 45.11, 0.953, 0.00, 0.000, 0.00, 0.000, 0.00, 0.000
28307,301973, 42.55, 42.94, 0.911, 0.935, 0.009692, 0.001804,1,1,0, 0.007274, 0.003985, 0.005864, 0.003812, 42.55, 0.911, 0.00, 0.000, 0.00, 0.000, 0.00, 0.000
28308,301984, 35.92, 39.99, 0.832, 0.832, 0.009017, 0.001264,1,1,0, 0.009314, 0.006229, 0.007344, 0.004796, 35.92, 0.832, 0.00, 0.000, 0.00, 0.000, 0.00, 0.000
28309,301994, 36.14, 38.37, 0.956, 0.968, 0.009295, 0.002498,1,1,0, 0.010747, 0.007994, 0.010010, 0.005819, 36.14, 0.956, 0.00, 0.000, 0.00, 0.000, 0.00, 0.000
28310,302005, 41.81, 39.82, 0.751, 0.791, 0.010468, 0.002454,1,1,0, 0.016137, 0.010809, 0.010934, 0.008252, 41.81, 0.751, 0.00, 0.000, 0.00, 0.000, 0.00, 0.000
28311,302016, 43.63, 41.42, 0.972, 0.979, 0.010128, 0.001720,1,1,0, 0.013308, 0.009928, 0.010426, 0.007141, 43.63, 0.972, 0.00, 0.000, 0.00, 0.000, 0.00, 0.000
28312,302026, 44.77, 42.83, 0.943, 0.959, 0.009748, 0.001205,1,1,0, 0.013589, 0.008642, 0.010660, 0.006445, 44.77, 0.943, 0.00, 0.000, 0.00, 0.000, 0.00, 0.000
28313,302037, 43.63, 43.16, 0.944, 0.960, 0.008960, 0.000844,1,1,0, 0.008223, 0.006010, 0.006995, 0.004306, 43.63, 0.944, 0.00, 0.000, 0.00, 0.000, 0.00, 0.000
28314,302048, 39.08, 41.45, 0.849, 0.881, 0.008331, 0.000592,1,1,0, 0.008688, 0.005373, 0.005446, 0.004002, 39.08, 0.849, 0.00, 0.000, 0.00, 0.000, 0.00, 0.000
28315,302058, 36.14, 39.22, 0.909, 0.918, 0.008128, 0.001530,1,1,0, 0.012741, 0.006969, 0.008460, 0.005419, 36.14, 0.909, 0.00, 0.000, 0.00, 0.000, 0.00, 0.000
28316,302069, 37.50, 38.50, 0.899, 0.927, 0.010074, 0.004587,1,1,0, 0.014300, 0.009563, 0.010528, 0.007389, 37.50, 0.899, 0.00, 0.000, 0.00, 0.000, 0.00, 0.000
28317,302080, 42.10, 40.01, 0.958, 0.970, 0.010712, 0.003214,1,1,0, 0.014279, 0.010313, 0.011094, 0.007900, 42.10, 0.958, 0.00, 0.000, 0.00, 0.000, 0.00, 0.000
28318,302090, 44.44, 41.87, 0.945, 0.960, 0.010097, 0.002252,1,1,0, 0.014811, 0.008829, 0.010286, 0.006494, 44.44, 0.945, 0.00, 0.000, 0.00, 0.000, 0.00, 0.000
28319,302101, 44.28, 42.88, 0.976, 0.983, 0.009403, 0.001578,1,1,0, 0.010451, 0.007251, 0.007898, 0.005104, 44.28, 0.976, 0.00, 0.000, 0.00, 0.000, 0.00, 0.000
28320,302112, 43.01, 42.93, 0.854, 0.895, 0.008525, 0.001106,1,1,0, 0.007409, 0.005604, 0.007515, 0.003322, 43.01, 0.854, 0.00, 0.000, 0.00, 0.000, 0.00, 0.000
28321,302122, 36.69, 40.31, 0.917, 0.917, 0.007998, 0.000775,1,1,0, 0.009100, 0.006553, 0.006294, 0.004675, 36.69, 0.917, 0.00, 0.000, 0.00, 0.000, 0.00, 0.000
28322,302133, 35.39, 38.25, 0.908, 0.924, 0.009415, 0.004448,1,1,0, 0.014448, 0.009106, 0.010271, 0.006689, 35.39, 0.908, 0.00, 0.000, 0.00, 0.000, 0.00, 0.000
28323,302144, 41.23, 39.50, 0.821, 0.865, 0.009613, 0.003117,1,1,0, 0.014030, 0.009445, 0.010008, 0.007507, 41.23, 0.821, 0.00, 0.000, 0.00, 0.000, 0.00, 0.000
28324,302154, 44.28, 41.51, 0.963, 0.973, 0.011095, 0.004594,1,1,0, 0.013720, 0.010327, 0.012072, 0.008056, 44.28, 0.963, 0.00, 0.000, 0.00, 0.000, 0.00, 0.000
28325,302165, 45.28, 43.09, 0.947, 0.961, 0.010332, 0.003219,1,1,0, 0.012686, 0.007002, 0.007694, 0.005456, 45.28, 0.947, 0.00, 0.000, 0.00, 0.000, 0.00, 0.000
28326,302176, 44.11, 43.52, 0.974, 0.981, 0.009565, 0.002256,1,1,0, 0.009616, 0.006234, 0.005957, 0.004471, 44.11, 0.974, 0.00, 0.000, 0.00, 0.000, 0.00, 0.000
28327,302186, 42.55, 43.11, 0.719, 0.797, 0.008671, 0.001581,1,1,0, 0.007851, 0.005649, 0.005099, 0.002602, 42.55, 0.719, 31.33, 0.379, 0.00, 0.000, 0.00, 0.000
28328,302197, 36.25, 40.23, 0.987, 0.987, 0.008189, 0.001108,1,1,0, 0.010148, 0.007697, 0.007341, 0.005221, 36.25, 0.987, 0.00, 0.000, 0.00, 0.000, 0.00, 0.000
28329,302208, 35.71, 38.33, 0.921, 0.943, 0.009634, 0.004589,1,1,0, 0.014260, 0.009893, 0.010672, 0.007109, 35.71, 0.921, 0.00, 0.000, 0.00, 0.000, 0.00, 0.000
28330,302218, 43.47, 40.49, 0.926, 0.942, 0.009935, 0.003215,1,1,0, 0.014207, 0.009907, 0.010422, 0.007742, 43.47, 0.926, 0.00, 0.000, 0.00, 0.000, 0.00, 0.000
28331,302229, 44.94, 42.36, 0.960, 0.971, 0.010361, 0.003015,1,1,0, 0.011791, 0.008850, 0.011246, 0.007327, 44.94, 0.960, 0.00, 0.000, 0.00, 0.000, 0.00, 0.000
28332,302240, 45.28, 43.58, 0.962, 0.973, 0.009656, 0.002113,1,1,0, 0.010156, 0.006027, 0.007512, 0.005081, 45.28, 0.962, 0.00, 0.000, 0.00, 0.000, 0.00, 0.000
28333,302250, 43.01, 43.34, 0.949, 0.963, 0.008819, 0.001480,1,1,0, 0.007880, 0.004678, 0.005015, 0.003231, 43.01, 0.949, 0.00, 0.000, 0.00, 0.000, 0.00, 0.000
28334,302261, 37.85, 41.04, 0.893, 0.903, 0.008102, 0.001037,1,1,0, 0.008361, 0.006001, 0.004607, 0.003316, 37.85, 0.893, 0.00, 0.000, 0.00, 0.000, 0.00, 0.000
28335,302272, 36.36, 39.07, 0.954, 0.967, 0.007763, 0.000727,1,1,0, 0.012704, 0.008785, 0.008100, 0.005769, 36.36, 0.954, 0.00, 0.000, 0.00, 0.000, 0.00, 0.000
28336,302282, 38.21, 38.71, 0.911, 0.936, 0.008836, 0.002668,1,1,0, 0.014154, 0.009956, 0.009618, 0.007114, 38.21, 0.911, 0.00, 0.000, 0.00, 0.000, 0.00, 0.000
28337,302293, 44.44, 41.12, 0.955, 0.964, 0.010599, 0.004631,1,1,0, 0.013949, 0.010176, 0.011532, 0.007972, 44.44, 0.955, 0.00, 0.000, 0.00, 0.000, 0.00, 0.000
28338,302304, 44.94, 42.72, 0.965, 0.975, 0.010036, 0.003245,1,1,0, 0.010702, 0.007643, 0.008815, 0.006378, 44.94, 0.965, 0.00, 0.000, 0.00, 0.000, 0.00, 0.000
28339,302314, 44.28, 43.37, 0.976, 0.982, 0.009325, 0.002274,1,1,0, 0.008209, 0.005129, 0.007528, 0.004800, 44.28, 0.976, 0.00, 0.000, 0.00, 0.000, 0.00, 0.000
28340,302325, 41.52, 42.59, 0.871, 0.907, 0.008564, 0.001593,1,1,0, 0.007208, 0.004792, 0.005880, 0.003594, 41.52, 0.871, 0.00, 0.000, 0.00, 0.000, 0.00, 0.000
28341,302336, 36.80, 40.16, 0.990, 0.993, 0.007902, 0.001116,1,1,0, 0.008756, 0.006291, 0.007404, 0.003667, 36.80, 0.990, 0.00, 0.000, 0.00, 0.000, 0.00, 0.000
28342,302346, 34.68, 37.86, 0.753, 0.756, 0.008786, 0.002304,1,1,0, 0.014117, 0.009693, 0.009376, 0.007128, 34.68, 0.753, 0.00, 0.000, 0.00, 0.000, 0.00, 0.000
28343,302357, 41.81, 39.52, 0.919, 0.942, 0.008907, 0.002266,1,1,0, 0.013802, 0.009823, 0.010004, 0.006636, 41.81, 0.919, 0.00, 0.000, 0.00, 0.000, 0.00, 0.000
28344,302368, 44.44, 41.58, 0.951, 0.965, 0.010617, 0.005082,1,1,0, 0.013345, 0.009661, 0.012119, 0.007797, 44.44, 0.951, 0.00, 0.000, 0.00, 0.000, 0.00, 0.000
28345,302378, 44.44, 42.78, 0.973, 0.981, 0.009929, 0.003561,1,1,0, 0.010854, 0.007328, 0.007592, 0.005659, 44.44, 0.973, 0.00, 0.000, 0.00, 0.000, 0.00, 0.000
28346,302389, 43.32, 43.01, 0.935, 0.953, 0.009192, 0.002495,1,1,0, 0.007418, 0.004412, 0.006775, 0.004236, 43.32, 0.935, 0.00, 0.000, 0.00, 0.000, 0.00, 0.000
28347,302400, 37.50, 40.69, 0.902, 0.912, 0.008535, 0.001749,1,1,0, 0.008104, 0.005426, 0.005987, 0.004197, 37.50, 0.902, 0.00, 0.000, 0.00, 0.000, 0.00, 0.000
28348,302410, 36.47, 38.92, 0.963, 0.974, 0.008674, 0.003033,1,1,0, 0.010130, 0.007432, 0.009280, 0.005402, 36.47, 0.963, 0.00, 0.000, 0.00, 0.000, 0.00, 0.000
28349,302421, 39.08, 38.99, 0.792, 0.850, 0.009330, 0.002843,1,1,0, 0.014819, 0.009592, 0.010013, 0.007103, 39.08, 0.792, 0.00, 0.000, 0.00, 0.000, 0.00, 0.000
28350,302432, 42.70, 40.55, 0.971, 0.979, 0.009422, 0.002736,1,1,0, 0.013879, 0.009647, 0.010203, 0.006882, 42.70, 0.971, 0.00, 0.000, 0.00, 0.000, 0.00, 0.000
28351,302442, 44.11, 42.04, 0.968, 0.977, 0.009367, 0.001917,1,1,0, 0.012420, 0.008771, 0.010234, 0.006557, 44.11, 0.968, 0.00, 0.000, 0.00, 0.000, 0.00, 0.000
28352,302453, 43.47, 42.64, 0.970, 0.978, 0.008678, 0.001343,1,1,0, 0.008825, 0.006461, 0.007991, 0.004722, 43.47, 0.970, 0.00, 0.000, 0.00, 0.000, 0.00, 0.000
28353,302464, 40.54, 41.76, 0.912, 0.936, 0.008114, 0.000941,1,1,0, 0.008751, 0.005567, 0.005285, 0.004215, 40.54, 0.912, 0.00, 0.000, 0.00, 0.000, 0.00, 0.000
28354,302474, 37.50, 39.97, 0.928, 0.948, 0.007790, 0.001190,1,1,0, 0.012739, 0.005973, 0.008082, 0.004769, 37.50, 0.928, 0.00, 0.000, 0.00, 0.000, 0.00, 0.000
28355,302485, 37.38, 38.88, 0.920, 0.942, 0.008406, 0.002329,1,1,0, 0.013331, 0.008294, 0.008567, 0.006387, 37.38, 0.920, 0.00, 0.000, 0.00, 0.000, 0.00, 0.000
28356,302496, 40.67, 39.63, 0.964, 0.974, 0.009945, 0.003337,1,1,0, 0.013825, 0.009731, 0.010343, 0.007412, 40.67, 0.964, 0.00, 0.000, 0.00, 0.000, 0.00, 0.000
28357,302506, 43.63, 41.31, 0.924, 0.945, 0.009475, 0.002338,1,1,0, 0.014243, 0.008746, 0.010284, 0.006358, 43.63, 0.924, 0.00, 0.000, 0.00, 0.000, 0.00, 0.000
28358,302517, 43.95, 42.42, 0.991, 0.993, 0.008935, 0.001638,1,1,0, 0.011460, 0.007918, 0.008144, 0.005791, 43.95, 0.991, 0.00, 0.000, 0.00, 0.000, 0.00, 0.000
28359,302528, 42.85, 42.60, 0.907, 0.933, 0.008169, 0.001148,1,1,0, 0.006953, 0.005782, 0.006609, 0.003400, 42.85, 0.907, 0.00, 0.000, 0.00, 0.000, 0.00, 0.000
28360,302538, 38.58, 40.91, 0.935, 0.953, 0.007651, 0.000804,1,1,0, 0.008602, 0.006130, 0.007026, 0.004477, 38.58, 0.935, 0.00, 0.000, 0.00, 0.000, 0.00, 0.000
28361,302549, 36.25, 38.95, 0.840, 0.859, 0.008940, 0.004918,1,1,0, 0.013904, 0.008237, 0.009804, 0.006085, 36.25, 0.840, 0.00, 0.000, 0.00, 0.000, 0.00, 0.000
28362,302560, 39.34, 39.12, 0.903, 0.930, 0.008754, 0.003446,1,1,0, 0.013069, 0.008473, 0.008998, 0.006744, 39.34, 0.903, 0.00, 0.000, 0.00, 0.000, 0.00, 0.000
28363,302570, 42.85, 40.69, 0.932, 0.951, 0.009770, 0.002648,1,1,0, 0.013333, 0.009759, 0.010137, 0.007597, 42.85, 0.932, 0.00, 0.000, 0.00, 0.000, 0.00, 0.000
28364,302581, 44.44, 42.26, 0.938, 0.955, 0.009163, 0.001855,1,1,0, 0.012552, 0.007298, 0.008299, 0.005512, 44.44, 0.938, 0.00, 0.000, 0.00, 0.000, 0.00, 0.000
28365,302592, 43.79, 42.90, 0.977, 0.983, 0.008595, 0.001300,1,1,0, 0.010185, 0.006809, 0.007785, 0.004913, 43.79, 0.977, 0.00, 0.000, 0.00, 0.000, 0.00, 0.000
28366,302602, 42.70, 42.82, 0.854, 0.895, 0.007837, 0.000911,1,1,0, 0.007951, 0.005649, 0.005497, 0.002883, 42.70, 0.854, 0.00, 0.000, 0.00, 0.000, 0.00, 0.000
28367,302613, 37.73, 40.68, 0.988, 0.991, 0.007392, 0.000638,1,1,0, 0.009379, 0.007002, 0.006083, 0.004738, 37.73, 0.988, 0.00, 0.000, 0.00, 0.000, 0.00, 0.000
28368,302624, 36.58, 38.96, 0.893, 0.923, 0.008939, 0.004456,1,1,0, 0.013100, 0.008988, 0.009904, 0.006414, 36.58, 0.893, 0.00, 0.000, 0.00, 0.000, 0.00, 0.000
28369,302634, 41.66, 40.09, 0.947, 0.962, 0.009194, 0.003122,1,1,0, 0.013532, 0.009187, 0.009688, 0.007153, 41.66, 0.947, 0.00, 0.000, 0.00, 0.000, 0.00, 0.000
28370,302645, 43.95, 41.71, 0.956, 0.969, 0.009056, 0.002188,1,1,0, 0.012488, 0.008399, 0.009475, 0.006874, 43.95, 0.956, 0.00, 0.000, 0.00, 0.000, 0.00, 0.000
28371,302656, 44.60, 42.93, 0.969, 0.978, 0.008564, 0.001533,1,1,0, 0.011181, 0.006837, 0.008213, 0.005519, 44.60, 0.969, 0.00, 0.000, 0.00, 0.000, 0.00, 0.000
28372,302666, 43.32, 43.09, 0.958, 0.969, 0.007909, 0.001074,1,1,0, 0.008408, 0.005096, 0.005406, 0.003569, 43.32, 0.958, 0.00, 0.000, 0.00, 0.000, 0.00, 0.000
28373,302677, 39.21, 41.46, 0.932, 0.951, 0.007289, 0.000753,1,1,0, 0.007375, 0.005806, 0.004951, 0.003295, 39.21, 0.932, 0.00, 0.000, 0.00, 0.000, 0.00, 0.000
28374,302688, 37.15, 39.65, 0.951, 0.965, 0.007356, 0.001721,1,1,0, 0.010916, 0.007980, 0.008142, 0.005297, 37.15, 0.951, 0.00, 0.000, 0.00, 0.000, 0.00, 0.000
28375,302698, 38.33, 39.10, 0.970, 0.979, 0.008075, 0.002791,1,1,0, 0.012909, 0.009184, 0.008951, 0.006317, 38.33, 0.970, 0.00, 0.000, 0.00, 0.000, 0.00, 0.000
28376,302709, 43.01, 40.74, 0.955, 0.968, 0.009893, 0.004428,1,1,0, 0.013539, 0.009728, 0.010998, 0.007541, 43.01, 0.955, 0.00, 0.000, 0.00, 0.000, 0.00, 0.000
28377,302720, 44.28, 42.22, 0.976, 0.983, 0.009433, 0.003103,1,1,0, 0.011957, 0.007724, 0.008038, 0.006334, 44.28, 0.976, 0.00, 0.000, 0.00, 0.000, 0.00, 0.000
28378,302730, 44.28, 43.09, 0.970, 0.979, 0.008846, 0.002174,1,1,0, 0.009748, 0.005605, 0.007491, 0.005096, 44.28, 0.970, 0.00, 0.000, 0.00, 0.000, 0.00, 0.000
28379,302741, 41.66, 42.49, 0.911, 0.936, 0.008182, 0.001523,1,1,0, 0.007652, 0.005210, 0.005803, 0.003948, 41.66, 0.911, 0.00, 0.000, 0.00, 0.000, 0.00, 0.000
28380,302752, 37.73, 40.49, 0.959, 0.971, 0.007507, 0.001067,1,1,0, 0.008230, 0.005693, 0.006243, 0.003185, 37.73, 0.959, 0.00, 0.000, 0.00, 0.000, 0.00, 0.000
28381,302762, 37.03, 39.04, 0.819, 0.860, 0.008130, 0.002769,1,1,0, 0.012715, 0.008641, 0.009046, 0.006207, 37.03, 0.819, 0.00, 0.000, 0.00, 0.000, 0.00, 0.000
28382,302773, 40.54, 39.67, 0.923, 0.944, 0.007874, 0.001940,1,1,0, 0.013955, 0.009368, 0.008303, 0.006305, 40.54, 0.923, 0.00, 0.000, 0.00, 0.000, 0.00, 0.000
28383,302784, 43.79, 41.40, 0.938, 0.955, 0.009780, 0.004752,1,1,0, 0.012462, 0.009180, 0.011109, 0.007310, 43.79, 0.938, 0.00, 0.000, 0.00, 0.000, 0.00, 0.000
28384,302794, 43.79, 42.40, 0.985, 0.989, 0.009223, 0.003330,1,1,0, 0.011346, 0.007650, 0.007426, 0.005784, 43.79, 0.985, 0.00, 0.000, 0.00, 0.000, 0.00, 0.000
28385,302805, 43.16, 42.72, 0.950, 0.964, 0.008640, 0.002333,1,1,0, 0.007836, 0.005148, 0.007234, 0.004744, 43.16, 0.950, 0.00, 0.000, 0.00, 0.000, 0.00, 0.000
28386,302816, 38.96, 41.14, 0.957, 0.969, 0.008019, 0.001635,1,1,0, 0.007458, 0.005017, 0.005483, 0.003984, 38.96, 0.957, 0.00, 0.000, 0.00, 0.000, 0.00, 0.000
28387,302826, 36.92, 39.37, 0.962, 0.972, 0.008005, 0.001996,1,1,0, 0.009170, 0.006745, 0.008402, 0.004858, 36.92, 0.962, 0.00, 0.000, 0.00, 0.000, 0.00, 0.000
28388,302837, 38.21, 38.88, 0.882, 0.915, 0.008106, 0.002777,1,1,0, 0.012996, 0.008469, 0.008889, 0.006014, 38.21, 0.882, 0.00, 0.000, 0.00, 0.000, 0.00, 0.000
28389,302848, 41.95, 40.17, 0.956, 0.968, 0.008247, 0.002069,1,1,0, 0.013406, 0.009134, 0.009187, 0.006457, 41.95, 0.956, 0.00, 0.000, 0.00, 0.000, 0.00, 0.000
28390,302858, 43.32, 41.49, 0.980, 0.985, 0.008538, 0.001533,1,1,0, 0.012881, 0.008747, 0.009253, 0.006512, 43.32, 0.980, 0.00, 0.000, 0.00, 0.000, 0.00, 0.000
28391,302869, 43.16, 42.19, 0.976, 0.982, 0.008011, 0.001074,1,1,0, 0.009416, 0.006847, 0.007683, 0.005048, 43.16, 0.976, 0.00, 0.000, 0.00, 0.000, 0.00, 0.000
28392,302880, 41.09, 41.73, 0.970, 0.978, 0.007553, 0.000753,1,1,0, 0.008571, 0.005767, 0.005554, 0.004501, 41.09, 0.970, 0.00, 0.000, 0.00, 0.000, 0.00, 0.000
28393,302890, 38.70, 40.46, 0.943, 0.959, 0.007179, 0.000602,1,1,0, 0.011891, 0.005589, 0.007318, 0.004528, 38.70, 0.943, 0.00, 0.000, 0.00, 0.000, 0.00, 0.000
28394,302901, 37.61, 39.26, 0.953, 0.966, 0.007390, 0.001940,1,1,0, 0.012436, 0.007278, 0.007789, 0.005592, 37.61, 0.953, 0.00, 0.000, 0.00, 0.000, 0.00, 0.000
28395,302912, 39.86, 39.52, 0.950, 0.964, 0.009480, 0.005177,1,1,0, 0.012552, 0.008863, 0.010139, 0.006685, 39.86, 0.950, 0.00, 0.000, 0.00, 0.000, 0.00, 0.000
28396,302922, 42.70, 40.85, 0.922, 0.944, 0.008998, 0.003628,1,1,0, 0.012974, 0.008326, 0.009870, 0.005871, 42.70, 0.922, 0.00, 0.000, 0.00, 0.000, 0.00, 0.000
28397,302933, 43.63, 42.02, 0.983, 0.988, 0.008636, 0.002542,1,1,0, 0.013116, 0.008332, 0.009237, 0.006233, 43.63, 0.983, 0.00, 0.000, 0.00, 0.000, 0.00, 0.000
28398,302944, 42.85, 42.37, 0.906, 0.932, 0.007979, 0.001781,1,1,0, 0.007995, 0.006265, 0.006324, 0.003831, 42.85, 0.906, 0.00, 0.000, 0.00, 0.000, 0.00, 0.000
28399,302954, 40.13, 41.43, 0.971, 0.979, 0.007492, 0.001248,1,1,0, 0.008077, 0.006033, 0.006805, 0.004571, 40.13, 0.971, 0.00, 0.000, 0.00, 0.000, 0.00, 0.000
28400,302965, 38.58, 40.23, 0.831, 0.878, 0.007977, 0.002268,1,1,0, 0.012917, 0.007473, 0.008402, 0.005542, 38.58, 0.831, 0.00, 0.000, 0.00, 0.000, 0.00, 0.000
28401,302976, 38.96, 39.70, 0.965, 0.974, 0.008092, 0.001589,1,1,0, 0.012831, 0.007519, 0.008421, 0.006002, 38.96, 0.965, 0.00, 0.000, 0.00, 0.000, 0.00, 0.000
28402,302986, 41.09, 40.28, 0.922, 0.944, 0.009207, 0.002918,1,1,0, 0.012686, 0.008953, 0.009694, 0.006948, 41.09, 0.922, 0.00, 0.000, 0.00, 0.000, 0.00, 0.000
28403,302997, 43.79, 41.76, 0.944, 0.960, 0.008640, 0.002045,1,1,0, 0.012255, 0.007302, 0.008384, 0.005392, 43.79, 0.944, 0.00, 0.000, 0.00, 0.000, 0.00, 0.000
28404,303008, 43.47, 42.48, 0.959, 0.970, 0.008147, 0.001433,1,1,0, 0.011972, 0.007207, 0.008357, 0.005157, 43.47, 0.959, 0.00, 0.000, 0.00, 0.000, 0.00, 0.000
28405,303018, 42.55, 42.51, 0.915, 0.939, 0.007534, 0.001004,1,1,0, 0.008411, 0.006046, 0.005909, 0.003623, 42.55, 0.915, 0.00, 0.000, 0.00, 0.000, 0.00, 0.000
28406,303029, 38.96, 41.02, 0.976, 0.982, 0.007082, 0.000703,1,1,0, 0.008895, 0.006591, 0.006157, 0.004464, 38.96, 0.976, 0.00, 0.000, 0.00, 0.000, 0.00, 0.000
28407,303040, 38.21, 39.84, 0.909, 0.934, 0.007910, 0.002769,1,1,0, 0.012356, 0.008130, 0.008576, 0.005791, 38.21, 0.909, 0.00, 0.000, 0.00, 0.000, 0.00, 0.000
28408,303050, 40.00, 39.90, 0.982, 0.987, 0.008707, 0.002694,1,1,0, 0.013260, 0.008500, 0.009281, 0.006617, 40.00, 0.982, 0.00, 0.000, 0.00, 0.000, 0.00, 0.000
28409,303061, 42.70, 41.08, 0.968, 0.977, 0.008416, 0.001888,1,1,0, 0.011613, 0.007861, 0.008602, 0.006332, 42.70, 0.968, 0.00, 0.000, 0.00, 0.000, 0.00, 0.000
28410,303072, 43.63, 42.15, 0.983, 0.987, 0.008027, 0.001323,1,1,0, 0.011371, 0.007267, 0.008081, 0.005724, 43.63, 0.983, 0.00, 0.000, 0.00, 0.000, 0.00, 0.000
28411,303082, 43.01, 42.51, 0.972, 0.980, 0.007472, 0.000927,1,1,0, 0.008887, 0.005562, 0.006510, 0.003915, 43.01, 0.972, 0.00, 0.000, 0.00, 0.000, 0.00, 0.000
28412,303093, 40.81, 41.80, 0.953, 0.966, 0.006878, 0.000649,1,1,0, 0.007998, 0.005788, 0.006405, 0.003289, 40.81, 0.953, 0.00, 0.000, 0.00, 0.000, 0.00, 0.000
28413,303104, 37.97, 40.19, 0.934, 0.953, 0.007305, 0.002828,1,1,0, 0.010905, 0.007433, 0.008381, 0.005093, 37.97, 0.934, 0.00, 0.000, 0.00, 0.000, 0.00, 0.000
28414,303114, 38.33, 39.41, 0.989, 0.992, 0.007565, 0.002117,1,1,0, 0.011744, 0.008462, 0.008265, 0.005692, 38.33, 0.989, 0.00, 0.000, 0.00, 0.000, 0.00, 0.000
28415,303125, 41.66, 40.36, 0.939, 0.956, 0.009071, 0.002817,1,1,0, 0.013092, 0.008873, 0.009824, 0.006931, 41.66, 0.939, 0.00, 0.000, 0.00, 0.000, 0.00, 0.000
28416,303136, 43.01, 41.47, 0.988, 0.991, 0.008685, 0.001974,1,1,0, 0.011911, 0.007871, 0.008478, 0.006233, 43.01, 0.988, 0.00, 0.000, 0.00, 0.000, 0.00, 0.000
28417,303146, 43.95, 42.51, 0.975, 0.982, 0.008217, 0.001383,1,1,0, 0.010639, 0.005958, 0.006880, 0.005222, 43.95, 0.975, 0.00, 0.000, 0.00, 0.000, 0.00, 0.000
28418,303157, 42.25, 42.40, 0.955, 0.968, 0.007664, 0.000969,1,1,0, 0.008034, 0.005636, 0.006634, 0.004290, 42.25, 0.955, 0.00, 0.000, 0.00, 0.000, 0.00, 0.000
28419,303168, 39.73, 41.28, 0.916, 0.940, 0.007023, 0.000679,1,1,0, 0.008512, 0.005485, 0.006119, 0.003135, 39.73, 0.916, 0.00, 0.000, 0.00, 0.000, 0.00, 0.000
28420,303178, 37.50, 39.69, 0.884, 0.917, 0.007980, 0.003992,1,1,0, 0.011931, 0.007787, 0.009384, 0.005483, 37.50, 0.884, 0.00, 0.000, 0.00, 0.000, 0.00, 0.000
28421,303189, 39.08, 39.43, 0.921, 0.943, 0.007713, 0.002797,1,1,0, 0.012741, 0.008764, 0.008090, 0.005922, 39.08, 0.921, 0.00, 0.000, 0.00, 0.000, 0.00, 0.000
28422,303200, 42.70, 40.81, 0.922, 0.944, 0.008986, 0.003486,1,1,0, 0.011586, 0.008638, 0.010140, 0.006692, 42.70, 0.922, 0.00, 0.000, 0.00, 0.000, 0.00, 0.000
28423,303210, 43.16, 41.79, 0.988, 0.992, 0.008542, 0.002443,1,1,0, 0.011268, 0.007768, 0.008057, 0.005865, 43.16, 0.988, 0.00, 0.000, 0.00, 0.000, 0.00, 0.000
28424,303221, 43.01, 42.30, 0.975, 0.982, 0.008083, 0.001712,1,1,0, 0.008769, 0.005725, 0.006235, 0.005010, 43.01, 0.975, 0.00, 0.000, 0.00, 0.000, 0.00, 0.000
28425,303232, 40.54, 41.56, 0.975, 0.982, 0.007530, 0.001199,1,1,0, 0.008118, 0.005150, 0.005855, 0.004160, 40.54, 0.975, 0.00, 0.000, 0.00, 0.000, 0.00, 0.000
28426,303242, 38.33, 40.21, 0.951, 0.965, 0.007767, 0.003713,1,1,0, 0.009346, 0.006167, 0.008670, 0.004411, 38.33, 0.951, 0.00, 0.000, 0.00, 0.000, 0.00, 0.000
28427,303253, 38.33, 39.42, 0.954, 0.967, 0.007627, 0.002677,1,1,0, 0.010692, 0.007505, 0.008671, 0.005059, 38.33, 0.954, 0.00, 0.000, 0.00, 0.000, 0.00, 0.000
28428,303264, 40.95, 40.06, 0.941, 0.958, 0.008301, 0.003616,1,1,0, 0.012369, 0.008570, 0.009600, 0.006029, 40.95, 0.941, 0.00, 0.000, 0.00, 0.000, 0.00, 0.000
28429,303274, 42.40, 41.04, 0.979, 0.985, 0.008536, 0.002534,1,1,0, 0.012300, 0.008548, 0.009458, 0.006330, 42.40, 0.979, 0.00, 0.000, 0.00, 0.000, 0.00, 0.000
28430,303285, 42.70, 41.74, 0.965, 0.975, 0.008045, 0.001775,1,1,0, 0.010334, 0.007168, 0.007117, 0.005262, 42.70, 0.965, 0.00, 0.000, 0.00, 0.000, 0.00, 0.000
28431,303296, 41.95, 41.83, 0.988, 0.991, 0.007597, 0.001244,1,1,0, 0.009031, 0.005994, 0.006634, 0.004902, 41.95, 0.988, 0.00, 0.000, 0.00, 0.000, 0.00, 0.000
28432,303306, 40.13, 41.11, 0.954, 0.967, 0.007141, 0.000872,1,1,0, 0.010195, 0.005632, 0.006793, 0.004490, 40.13, 0.954, 0.00, 0.000, 0.00, 0.000, 0.00, 0.000
28433,303317, 38.58, 40.05, 0.976, 0.982, 0.007208, 0.001740,1,1,0, 0.010957, 0.006574, 0.007570, 0.005061, 38.58, 0.976, 0.00, 0.000, 0.00, 0.000, 0.00, 0.000
28434,303328, 39.47, 39.81, 0.933, 0.952, 0.008984, 0.004974,1,1,0, 0.011242, 0.007941, 0.009845, 0.005896, 39.47, 0.933, 0.00, 0.000, 0.00, 0.000, 0.00, 0.000
28435,303338, 41.81, 40.65, 0.952, 0.965, 0.008510, 0.003485,1,1,0, 0.011713, 0.007785, 0.009597, 0.005294, 41.81, 0.952, 0.00, 0.000, 0.00, 0.000, 0.00, 0.000
28436,303349, 43.01, 41.64, 0.963, 0.973, 0.008714, 0.002442,1,1,0, 0.013588, 0.008441, 0.009598, 0.006395, 43.01, 0.963, 0.00, 0.000, 0.00, 0.000, 0.00, 0.000
28437,303360, 42.85, 42.15, 0.901, 0.928, 0.008112, 0.001711,1,1,0, 0.009378, 0.006809, 0.006543, 0.004337, 42.85, 0.901, 0.00, 0.000, 0.00, 0.000, 0.00, 0.000
28438,303370, 41.09, 41.70, 0.957, 0.969, 0.007624, 0.001199,1,1,0, 0.008402, 0.006162, 0.007267, 0.004802, 41.09, 0.957, 0.00, 0.000, 0.00, 0.000, 0.00, 0.000
28439,303381, 40.00, 40.99, 0.883, 0.916, 0.007261, 0.000840,1,1,0, 0.011184, 0.006889, 0.007376, 0.005156, 40.00, 0.883, 0.00, 0.000, 0.00, 0.000, 0.00, 0.000
28440,303392, 39.21, 40.24, 0.980, 0.986, 0.007076, 0.000589,1,1,0, 0.011335, 0.006670, 0.007170, 0.005361, 39.21, 0.980, 0.00, 0.000, 0.00, 0.000, 0.00, 0.000
28441,303402, 40.54, 40.36, 0.933, 0.952, 0.008380, 0.003517,1,1,0, 0.011843, 0.008113, 0.008736, 0.006255, 40.54, 0.933, 0.00, 0.000, 0.00, 0.000, 0.00, 0.000
28442,303413, 42.70, 41.35, 0.964, 0.974, 0.008327, 0.002527,1,1,0, 0.012367, 0.007268, 0.009009, 0.005278, 42.70, 0.964, 0.00, 0.000, 0.00, 0.000, 0.00, 0.000
28443,303424, 43.01, 42.04, 0.947, 0.962, 0.008109, 0.001771,1,1,0, 0.012477, 0.007266, 0.009023, 0.005155, 43.01, 0.947, 0.00, 0.000, 0.00, 0.000, 0.00, 0.000
28444,303434, 42.40, 42.19, 0.942, 0.958, 0.007588, 0.001241,1,1,0, 0.009142, 0.006644, 0.006518, 0.004379, 42.40, 0.942, 0.00, 0.000, 0.00, 0.000, 0.00, 0.000
28445,303445, 40.00, 41.27, 0.955, 0.967, 0.007122, 0.000869,1,1,0, 0.008702, 0.006495, 0.007066, 0.004462, 40.00, 0.955, 0.00, 0.000, 0.00, 0.000, 0.00, 0.000
28446,303456, 38.96, 40.30, 0.947, 0.962, 0.007021, 0.000994,1,1,0, 0.011184, 0.007258, 0.007410, 0.005230, 38.96, 0.947, 0.00, 0.000, 0.00, 0.000, 0.00, 0.000
28447,303466, 39.47, 39.95, 0.980, 0.986, 0.007837, 0.001672,1,1,0, 0.011670, 0.007734, 0.008210, 0.006047, 39.47, 0.980, 0.00, 0.000, 0.00, 0.000, 0.00, 0.000
28448,303477, 41.66, 40.67, 0.985, 0.989, 0.008152, 0.001899,1,1,0, 0.011978, 0.007608, 0.008494, 0.006011, 41.66, 0.985, 0.00, 0.000, 0.00, 0.000, 0.00, 0.000
28449,303488, 42.55, 41.46, 0.989, 0.992, 0.008126, 0.001669,1,1,0, 0.011388, 0.007215, 0.008487, 0.005621, 42.55, 0.989, 0.00, 0.000, 0.00, 0.000, 0.00, 0.000
28450,303498, 42.70, 41.98, 0.983, 0.987, 0.007646, 0.001169,1,1,0, 0.009550, 0.006088, 0.007814, 0.004291, 42.70, 0.983, 0.00, 0.000, 0.00, 0.000, 0.00, 0.000
28451,303509, 41.52, 41.79, 0.957, 0.969, 0.007071, 0.000819,1,1,0, 0.008998, 0.006061, 0.007635, 0.003696, 41.52, 0.957, 0.00, 0.000, 0.00, 0.000, 0.00, 0.000
28452,303520, 39.47, 40.81, 0.942, 0.958, 0.006842, 0.000849,1,1,0, 0.010450, 0.007059, 0.007426, 0.004895, 39.47, 0.942, 0.00, 0.000, 0.00, 0.000, 0.00, 0.000
28453,303530, 38.46, 39.82, 0.967, 0.976, 0.006988, 0.001769,1,1,0, 0.011049, 0.007818, 0.007600, 0.005189, 38.46, 0.967, 0.00, 0.000, 0.00, 0.000, 0.00, 0.000
28454,303541, 40.81, 40.24, 0.920, 0.942, 0.008233, 0.002708,1,1,0, 0.010939, 0.007823, 0.008904, 0.006246, 40.81, 0.920, 0.00, 0.000, 0.00, 0.000, 0.00, 0.000
28455,303552, 42.40, 41.15, 0.980, 0.986, 0.008649, 0.002651,1,1,0, 0.011659, 0.007939, 0.009302, 0.006131, 42.40, 0.980, 0.00, 0.000, 0.00, 0.000, 0.00, 0.000
28456,303562, 43.32, 42.06, 0.971, 0.979, 0.008188, 0.001858,1,1,0, 0.010490, 0.006224, 0.007465, 0.005253, 43.32, 0.971, 0.00, 0.000, 0.00, 0.000, 0.00, 0.000
28457,303573, 42.25, 42.14, 0.984, 0.988, 0.007677, 0.001302,1,1,0, 0.008644, 0.006123, 0.007497, 0.004663, 42.25, 0.984, 0.00, 0.000, 0.00, 0.000, 0.00, 0.000
28458,303584, 41.37, 41.82, 0.936, 0.954, 0.007049, 0.000912,1,1,0, 0.009264, 0.005609, 0.006340, 0.003480, 41.37, 0.936, 0.00, 0.000, 0.00, 0.000, 0.00, 0.000
28459,303594, 38.46, 40.41, 0.926, 0.947, 0.007373, 0.002476,1,1,0, 0.011067, 0.007119, 0.008478, 0.004910, 38.46, 0.926, 0.00, 0.000, 0.00, 0.000, 0.00, 0.000
28460,303605, 38.83, 39.74, 0.918, 0.940, 0.007292, 0.001735,1,1,0, 0.011726, 0.008079, 0.007898, 0.005372, 38.83, 0.918, 0.00, 0.000, 0.00, 0.000, 0.00, 0.000
28461,303616, 41.37, 40.43, 0.921, 0.943, 0.008207, 0.002715,1,1,0, 0.010274, 0.007967, 0.009183, 0.006040, 41.37, 0.921, 0.00, 0.000, 0.00, 0.000, 0.00, 0.000
28462,303626, 42.70, 41.38, 0.979, 0.985, 0.008155, 0.001903,1,1,0, 0.010846, 0.007682, 0.008727, 0.005870, 42.70, 0.979, 0.00, 0.000, 0.00, 0.000, 0.00, 0.000
28463,303637, 42.70, 41.94, 0.981, 0.986, 0.007749, 0.001333,1,1,0, 0.009136, 0.006238, 0.007226, 0.005214, 42.70, 0.981, 0.00, 0.000, 0.00, 0.000, 0.00, 0.000
28464,303648, 41.37, 41.70, 0.989, 0.992, 0.007266, 0.000934,1,1,0, 0.009175, 0.005618, 0.006457, 0.004510, 41.37, 0.989, 0.00, 0.000, 0.00, 0.000, 0.00, 0.000
28465,303658, 40.13, 41.04, 0.975, 0.982, 0.007182, 0.001842,1,1,0, 0.009209, 0.005839, 0.007597, 0.004233, 40.13, 0.975, 0.00, 0.000, 0.00, 0.000, 0.00, 0.000
28466,303669, 39.08, 40.22, 0.988, 0.991, 0.006933, 0.002844,1,1,0, 0.009246, 0.006760, 0.007747, 0.004370, 39.08, 0.988, 0.00, 0.000, 0.00, 0.000, 0.00, 0.000
28467,303680, 40.00, 40.12, 0.967, 0.976, 0.007611, 0.003194,1,1,0, 0.011183, 0.007928, 0.008692, 0.005481, 40.00, 0.967, 0.00, 0.000, 0.00, 0.000, 0.00, 0.000
28468,303690, 41.37, 40.65, 0.975, 0.982, 0.007931, 0.002238,1,1,0, 0.011231, 0.008090, 0.008724, 0.005863, 41.37, 0.975, 0.00, 0.000, 0.00, 0.000, 0.00, 0.000
28469,303701, 41.95, 41.20, 0.969, 0.978, 0.007537, 0.001568,1,1,0, 0.010103, 0.007360, 0.006809, 0.005350, 41.95, 0.969, 0.00, 0.000, 0.00, 0.000, 0.00, 0.000
28470,303712, 42.25, 41.64, 0.982, 0.987, 0.007393, 0.001303,1,1,0, 0.008945, 0.006378, 0.008001, 0.005354, 42.25, 0.982, 0.00, 0.000, 0.00, 0.000, 0.00, 0.000
28471,303722, 40.95, 41.35, 0.954, 0.966, 0.007181, 0.001171,1,1,0, 0.009853, 0.006109, 0.007492, 0.004797, 40.95, 0.954, 0.00, 0.000, 0.00, 0.000, 0.00, 0.000
28472,303733, 39.73, 40.67, 0.982, 0.987, 0.006910, 0.000866,1,1,0, 0.009478, 0.005824, 0.007149, 0.004535, 39.73, 0.982, 0.00, 0.000, 0.00, 0.000, 0.00, 0.000
28473,303744, 40.00, 40.39, 0.932, 0.951, 0.008195, 0.004494,1,1,0, 0.009880, 0.007142, 0.008933, 0.005245, 40.00, 0.932, 0.00, 0.000, 0.00, 0.000, 0.00, 0.000
28474,303754, 41.09, 40.68, 0.975, 0.982, 0.007748, 0.003149,1,1,0, 0.010379, 0.007227, 0.008693, 0.004754, 41.09, 0.975, 0.00, 0.000, 0.00, 0.000, 0.00, 0.000
28475,303765, 42.10, 41.28, 0.949, 0.963, 0.008185, 0.002207,1,1,0, 0.012651, 0.008084, 0.009058, 0.005975, 42.10, 0.949, 0.00, 0.000, 0.00, 0.000, 0.00, 0.000
28476,303776, 42.10, 41.62, 0.924, 0.945, 0.007693, 0.001546,1,1,0, 0.010158, 0.007273, 0.006460, 0.004774, 42.10, 0.924, 0.00, 0.000, 0.00, 0.000, 0.00, 0.000
28477,303786, 41.81, 41.70, 0.942, 0.958, 0.007357, 0.001083,1,1,0, 0.008066, 0.006341, 0.007862, 0.005130, 41.81, 0.942, 0.00, 0.000, 0.00, 0.000, 0.00, 0.000
28478,303797, 40.81, 41.33, 0.924, 0.945, 0.007328, 0.001498,1,1,0, 0.009709, 0.006737, 0.007819, 0.005100, 40.81, 0.924, 0.00, 0.000, 0.00, 0.000, 0.00, 0.000
28479,303808, 39.73, 40.66, 0.974, 0.981, 0.006984, 0.001049,1,1,0, 0.009461, 0.006010, 0.007077, 0.004878, 39.73, 0.974, 0.00, 0.000, 0.00, 0.000, 0.00, 0.000
28480,303818, 40.13, 40.43, 0.958, 0.970, 0.007935, 0.003145,1,1,0, 0.010511, 0.007262, 0.008343, 0.005571, 40.13, 0.958, 0.00, 0.000, 0.00, 0.000, 0.00, 0.000
28481,303829, 41.37, 40.83, 0.988, 0.992, 0.007971, 0.002232,1,1,0, 0.011065, 0.007068, 0.008440, 0.005086, 41.37, 0.988, 0.00, 0.000, 0.00, 0.000, 0.00, 0.000
28482,303840, 41.81, 41.24, 0.963, 0.974, 0.007552, 0.001564,1,1,0, 0.011054, 0.007140, 0.008342, 0.004904, 41.81, 0.963, 0.00, 0.000, 0.00, 0.000, 0.00, 0.000
28483,303850, 41.95, 41.54, 0.972, 0.980, 0.007139, 0.001096,1,1,0, 0.009908, 0.007070, 0.007012, 0.004816, 41.95, 0.972, 0.00, 0.000, 0.00, 0.000, 0.00, 0.000
28484,303861, 40.81, 41.23, 0.970, 0.978, 0.006753, 0.000768,1,1,0, 0.008331, 0.006763, 0.007108, 0.004645, 40.81, 0.970, 0.00, 0.000, 0.00, 0.000, 0.00, 0.000
28485,303872, 40.00, 40.71, 0.979, 0.985, 0.006514, 0.000538,1,1,0, 0.009292, 0.006613, 0.006728, 0.004961, 40.00, 0.979, 0.00, 0.000, 0.00, 0.000, 0.00, 0.000
28486,303882, 39.73, 40.30, 0.989, 0.992, 0.007167, 0.002236,1,1,0, 0.009385, 0.006841, 0.007643, 0.005437, 39.73, 0.989, 0.00, 0.000, 0.00, 0.000, 0.00, 0.000
28487,303893, 40.40, 40.34, 0.993, 0.995, 0.008072, 0.002922,1,1,0, 0.011651, 0.007260, 0.008620, 0.005675, 40.40, 0.993, 0.00, 0.000, 0.00, 0.000, 0.00, 0.000
28488,303904, 41.37, 40.78, 0.981, 0.986, 0.007644, 0.002047,1,1,0, 0.011445, 0.006822, 0.007569, 0.005231, 41.37, 0.981, 0.00, 0.000, 0.00, 0.000, 0.00, 0.000
28489,303914, 41.81, 41.21, 0.993, 0.995, 0.007521, 0.002048,1,1,0, 0.009198, 0.006511, 0.008063, 0.004663, 41.81, 0.993, 0.00, 0.000, 0.00, 0.000, 0.00, 0.000
28490,303925, 41.66, 41.40, 0.978, 0.984, 0.007165, 0.001435,1,1,0, 0.009688, 0.006612, 0.008058, 0.004156, 41.66, 0.978, 0.00, 0.000, 0.00, 0.000, 0.00, 0.000
28491,303936, 40.67, 41.09, 0.977, 0.983, 0.006784, 0.001005,1,1,0, 0.009432, 0.006722, 0.007128, 0.004747, 40.67, 0.977, 0.00, 0.000, 0.00, 0.000, 0.00, 0.000
28492,303946, 39.47, 40.41, 0.952, 0.966, 0.006500, 0.000704,1,1,0, 0.010248, 0.007388, 0.006148, 0.004811, 39.47, 0.952, 0.00, 0.000, 0.00, 0.000, 0.00, 0.000
28493,303957, 40.54, 40.46, 0.932, 0.951, 0.007591, 0.003827,1,1,0, 0.008654, 0.006803, 0.008658, 0.005659, 40.54, 0.932, 0.00, 0.000, 0.00, 0.000, 0.00, 0.000
28494,303968, 41.23, 40.79, 0.958, 0.970, 0.008482, 0.002839,1,1,0, 0.011551, 0.007797, 0.009153, 0.005952, 41.23, 0.958, 0.00, 0.000, 0.00, 0.000, 0.00, 0.000
28495,303978, 41.95, 41.28, 0.956, 0.968, 0.008008, 0.001989,1,1,0, 0.009419, 0.006222, 0.007286, 0.005100, 41.95, 0.956, 0.00, 0.000, 0.00, 0.000, 0.00, 0.000
28496,303989, 41.81, 41.50, 0.981, 0.986, 0.007594, 0.001394,1,1,0, 0.009200, 0.006552, 0.007674, 0.004981, 41.81, 0.981, 0.00, 0.000, 0.00, 0.000, 0.00, 0.000
28497,304000, 41.66, 41.57, 0.974, 0.981, 0.007053, 0.000977,1,1,0, 0.009346, 0.005942, 0.006790, 0.003868, 41.66, 0.974, 0.00, 0.000, 0.00, 0.000, 0.00, 0.000
28498,304010, 40.13, 40.96, 0.974, 0.981, 0.006641, 0.000684,1,1,0, 0.009952, 0.006663, 0.006964, 0.004464, 40.13, 0.974, 0.00, 0.000, 0.00, 0.000, 0.00, 0.000
28499,304021, 39.86, 40.50, 0.944, 0.960, 0.006431, 0.000596,1,1,0, 0.010284, 0.007401, 0.006845, 0.004845, 39.86, 0.944, 0.00, 0.000, 0.00, 0.000, 0.00, 0.000
28500,304032, 40.40, 40.46, 0.958, 0.969, 0.006987, 0.001920,1,1,0, 0.009002, 0.007282, 0.007646, 0.005410, 40.40, 0.958, 0.00, 0.000, 0.00, 0.000, 0.00, 0.000
28501,304042, 41.66, 40.96, 0.968, 0.977, 0.007863, 0.002904,1,1,0, 0.010159, 0.007364, 0.008685, 0.005724, 41.66, 0.968, 0.00, 0.000, 0.00, 0.000, 0.00, 0.000
28502,304053, 41.81, 41.32, 0.983, 0.988, 0.007542, 0.002035,1,1,0, 0.008991, 0.006542, 0.007767, 0.005334, 41.81, 0.983, 0.00, 0.000, 0.00, 0.000, 0.00, 0.000
28503,304064, 41.23, 41.28, 0.992, 0.994, 0.007144, 0.001426,1,1,0, 0.009597, 0.006105, 0.007238, 0.004830, 41.23, 0.992, 0.00, 0.000, 0.00, 0.000, 0.00, 0.000
28504,304074, 40.95, 41.14, 0.992, 0.994, 0.006709, 0.000999,1,1,0, 0.009717, 0.005748, 0.006312, 0.004189, 40.95, 0.992, 0.00, 0.000, 0.00, 0.000, 0.00, 0.000
28505,304085, 40.26, 40.77, 0.987, 0.990, 0.006385, 0.001423,1,1,0, 0.009101, 0.006374, 0.006792, 0.004167, 40.26, 0.987, 0.00, 0.000, 0.00, 0.000, 0.00, 0.000
28506,304096, 40.26, 40.56, 0.991, 0.994, 0.006727, 0.002254,1,1,0, 0.009322, 0.007159, 0.007579, 0.004807, 40.26, 0.991, 0.00, 0.000, 0.00, 0.000, 0.00, 0.000
28507,304106, 40.67, 40.61, 0.977, 0.983, 0.007118, 0.001702,1,1,0, 0.010119, 0.007585, 0.007831, 0.005314, 40.67, 0.977, 0.00, 0.000, 0.00, 0.000, 0.00, 0.000
28508,304117, 41.23, 40.87, 0.986, 0.990, 0.006889, 0.001193,1,1,0, 0.010198, 0.007366, 0.007230, 0.005338, 41.23, 0.986, 0.00, 0.000, 0.00, 0.000, 0.00, 0.000
28509,304128, 42.10, 41.39, 0.978, 0.984, 0.007746, 0.002996,1,1,0, 0.008543, 0.006623, 0.008581, 0.005552, 42.10, 0.978, 0.00, 0.000, 0.00, 0.000, 0.00, 0.000
28510,304138, 41.52, 41.44, 0.955, 0.967, 0.007374, 0.002100,1,1,0, 0.010294, 0.006592, 0.007493, 0.005169, 41.52, 0.955, 0.00, 0.000, 0.00, 0.000, 0.00, 0.000
28511,304149, 40.81, 41.18, 0.964, 0.974, 0.006928, 0.001471,1,1,0, 0.009045, 0.005284, 0.005952, 0.004194, 40.81, 0.964, 0.00, 0.000, 0.00, 0.000, 0.00, 0.000
28512,304160, 40.67, 40.97, 0.940, 0.957, 0.007343, 0.003063,1,1,0, 0.009686, 0.006594, 0.008039, 0.004797, 40.67, 0.940, 0.00, 0.000, 0.00, 0.000, 0.00, 0.000
28513,304170, 40.54, 40.78, 0.963, 0.973, 0.007021, 0.002146,1,1,0, 0.009414, 0.006608, 0.007953, 0.004274, 40.54, 0.963, 0.00, 0.000, 0.00, 0.000, 0.00, 0.000
28514,304181, 40.95, 40.85, 0.952, 0.965, 0.007312, 0.002049,1,1,0, 0.010423, 0.007574, 0.008199, 0.005319, 40.95, 0.952, 0.00, 0.000, 0.00, 0.000, 0.00, 0.000
28515,304192, 41.52, 41.13, 0.963, 0.973, 0.006965, 0.001436,1,1,0, 0.010715, 0.007501, 0.006862, 0.005076, 41.52, 0.963, 0.00, 0.000, 0.00, 0.000, 0.00, 0.000
28516,304202, 42.10, 41.54, 0.948, 0.962, 0.007448, 0.002559,1,1,0, 0.008028, 0.006566, 0.008403, 0.005352, 42.10, 0.948, 0.00, 0.000, 0.00, 0.000, 0.00, 0.000
28517,304213, 41.23, 41.41, 0.954, 0.967, 0.007531, 0.001793,1,1,0, 0.009780, 0.006690, 0.008059, 0.005206, 41.23, 0.954, 0.00, 0.000, 0.00, 0.000, 0.00, 0.000
28518,304224, 40.67, 41.10, 0.957, 0.969, 0.007113, 0.001257,1,1,0, 0.008373, 0.005554, 0.006622, 0.004534, 40.67, 0.957, 0.00, 0.000, 0.00, 0.000, 0.00, 0.000
28519,304234, 40.26, 40.75, 0.968, 0.977, 0.007196, 0.002122,1,1,0, 0.009034, 0.006407, 0.007642, 0.004882, 40.26, 0.968, 0.00, 0.000, 0.00, 0.000, 0.00, 0.000
28520,304245, 40.67, 40.72, 0.983, 0.988, 0.007051, 0.001487,1,1,0, 0.009672, 0.006644, 0.007346, 0.004718, 40.67, 0.983, 0.00, 0.000, 0.00, 0.000, 0.00, 0.000
28521,304256, 41.09, 40.87, 0.978, 0.984, 0.006803, 0.001042,1,1,0, 0.010725, 0.007126, 0.007077, 0.004865, 41.09, 0.978, 0.00, 0.000, 0.00, 0.000, 0.00, 0.000
28522,304266, 41.66, 41.20, 0.989, 0.992, 0.006630, 0.000820,1,1,0, 0.009879, 0.007247, 0.007237, 0.004958, 41.66, 0.989, 0.00, 0.000, 0.00, 0.000, 0.00, 0.000
28523,304277, 41.52, 41.34, 0.981, 0.987, 0.006454, 0.000671,1,1,0, 0.008697, 0.006915, 0.006962, 0.004851, 41.52, 0.981, 0.00, 0.000, 0.00, 0.000, 0.00, 0.000
28524,304288, 40.95, 41.17, 0.980, 0.986, 0.006587, 0.001694,1,1,0, 0.008967, 0.006403, 0.007210, 0.004912, 40.95, 0.980, 0.00, 0.000, 0.00, 0.000, 0.00, 0.000
28525,304298, 40.40, 40.85, 0.990, 0.993, 0.006854, 0.001941,1,1,0, 0.008272, 0.006089, 0.007442, 0.004939, 40.40, 0.990, 0.00, 0.000, 0.00, 0.000, 0.00, 0.000
28526,304309, 39.60, 40.32, 0.978, 0.984, 0.007211, 0.001879,1,1,0, 0.011240, 0.006617, 0.007511, 0.005182, 39.60, 0.978, 0.00, 0.000, 0.00, 0.000, 0.00, 0.000
28527,304320, 40.40, 40.36, 0.962, 0.973, 0.006831, 0.001317,1,1,0, 0.011214, 0.006163, 0.006662, 0.004642, 40.40, 0.962, 0.00, 0.000, 0.00, 0.000, 0.00, 0.000
28528,304330, 41.52, 40.84, 0.971, 0.979, 0.007346, 0.003067,1,1,0, 0.010171, 0.007208, 0.008190, 0.005220, 41.52, 0.971, 0.00, 0.000, 0.00, 0.000, 0.00, 0.000
28529,304341, 41.81, 41.25, 0.963, 0.973, 0.007239, 0.002149,1,1,0, 0.009528, 0.006746, 0.008322, 0.004459, 41.81, 0.963, 0.00, 0.000, 0.00, 0.000, 0.00, 0.000
28530,304352, 41.66, 41.42, 0.973, 0.980, 0.006951, 0.001506,1,1,0, 0.009194, 0.006964, 0.007459, 0.004873, 41.66, 0.973, 0.00, 0.000, 0.00, 0.000, 0.00, 0.000
28531,304362, 41.09, 41.28, 0.956, 0.969, 0.006610, 0.001055,1,1,0, 0.009894, 0.006761, 0.005835, 0.004603, 41.09, 0.956, 0.00, 0.000, 0.00, 0.000, 0.00, 0.000
28532,304373, 40.81, 41.08, 0.950, 0.964, 0.007008, 0.002431,1,1,0, 0.007878, 0.006097, 0.007916, 0.005037, 40.81, 0.950, 0.00, 0.000, 0.00, 0.000, 0.00, 0.000
28533,304384, 39.60, 40.46, 0.938, 0.955, 0.007704, 0.002168,1,1,0, 0.010618, 0.007278, 0.008134, 0.005583, 39.60, 0.938, 0.00, 0.000, 0.00, 0.000, 0.00, 0.000
28534,304394, 41.09, 40.73, 0.953, 0.966, 0.007290, 0.001519,1,1,0, 0.009256, 0.005944, 0.006948, 0.004785, 41.09, 0.953, 0.00, 0.000, 0.00, 0.000, 0.00, 0.000
28535,304405, 42.10, 41.30, 0.950, 0.964, 0.007563, 0.002559,1,1,0, 0.010276, 0.007079, 0.008115, 0.005369, 42.10, 0.950, 0.00, 0.000, 0.00, 0.000, 0.00, 0.000
28536,304416, 42.25, 41.70, 0.973, 0.980, 0.007126, 0.001793,1,1,0, 0.009005, 0.006316, 0.007228, 0.004320, 42.25, 0.973, 0.00, 0.000, 0.00, 0.000, 0.00, 0.000
28537,304426, 41.23, 41.50, 0.976, 0.983, 0.006711, 0.001257,1,1,0, 0.009702, 0.006574, 0.007118, 0.004373, 41.23, 0.976, 0.00, 0.000, 0.00, 0.000, 0.00, 0.000
28538,304437, 40.95, 41.27, 0.960, 0.971, 0.006372, 0.000880,1,1,0, 0.009556, 0.006749, 0.006574, 0.004459, 40.95, 0.960, 0.00, 0.000, 0.00, 0.000, 0.00, 0.000
28539,304448, 40.00, 40.74, 0.977, 0.983, 0.006146, 0.000617,1,1,0, 0.008839, 0.006681, 0.006389, 0.004842, 40.00, 0.977, 0.00, 0.000, 0.00, 0.000, 0.00, 0.000
28540,304458, 39.86, 40.37, 0.967, 0.976, 0.007277, 0.003128,1,1,0, 0.009748, 0.007020, 0.007994, 0.005432, 39.86, 0.967, 0.00, 0.000, 0.00, 0.000, 0.00, 0.000
28541,304469, 40.81, 40.55, 0.983, 0.987, 0.007283, 0.002192,1,1,0, 0.009455, 0.006614, 0.007676, 0.005329, 40.81, 0.983, 0.00, 0.000, 0.00, 0.000, 0.00, 0.000
28542,304480, 41.37, 40.90, 0.989, 0.992, 0.007243, 0.001536,1,1,0, 0.010370, 0.006553, 0.007546, 0.005131, 41.37, 0.989, 0.00, 0.000, 0.00, 0.000, 0.00, 0.000
28543,304490, 41.95, 41.34, 0.981, 0.986, 0.006847, 0.001076,1,1,0, 0.011067, 0.006048, 0.006485, 0.004472, 41.95, 0.981, 0.00, 0.000, 0.00, 0.000, 0.00, 0.000
28544,304501, 41.52, 41.42, 0.979, 0.985, 0.006525, 0.000754,1,1,0, 0.009186, 0.006373, 0.006653, 0.004399, 41.52, 0.979, 0.00, 0.000, 0.00, 0.000, 0.00, 0.000
28545,304512, 40.54, 41.05, 0.973, 0.980, 0.006161, 0.000528,1,1,0, 0.008106, 0.006343, 0.006492, 0.004031, 40.54, 0.973, 0.00, 0.000, 0.00, 0.000, 0.00, 0.000
28546,304522, 40.00, 40.60, 0.956, 0.968, 0.006363, 0.001240,1,1,0, 0.009458, 0.007041, 0.006962, 0.004822, 40.00, 0.956, 0.00, 0.000, 0.00, 0.000, 0.00, 0.000
28547,304533, 40.40, 40.52, 0.984, 0.988, 0.006248, 0.000869,1,1,0, 0.010725, 0.007269, 0.006487, 0.005219, 40.40, 0.984, 0.00, 0.000, 0.00, 0.000, 0.00, 0.000
28548,304544, 41.66, 41.00, 0.970, 0.979, 0.007454, 0.003907,1,1,0, 0.008830, 0.006719, 0.008385, 0.005555, 41.66, 0.970, 0.00, 0.000, 0.00, 0.000, 0.00, 0.000
28549,304554, 41.81, 41.34, 0.969, 0.978, 0.007487, 0.002738,1,1,0, 0.010998, 0.007097, 0.007659, 0.005531, 41.81, 0.969, 0.00, 0.000, 0.00, 0.000, 0.00, 0.000
28550,304565, 42.25, 41.72, 0.949, 0.963, 0.007039, 0.001918,1,1,0, 0.009771, 0.005083, 0.005780, 0.004146, 42.25, 0.949, 0.00, 0.000, 0.00, 0.000, 0.00, 0.000
28551,304576, 41.66, 41.70, 0.949, 0.963, 0.006708, 0.001344,1,1,0, 0.009439, 0.006396, 0.006609, 0.004710, 41.66, 0.949, 0.00, 0.000, 0.00, 0.000, 0.00, 0.000
28552,304586, 40.67, 41.27, 0.928, 0.948, 0.006286, 0.000942,1,1,0, 0.008400, 0.005952, 0.006491, 0.003682, 40.67, 0.928, 0.00, 0.000, 0.00, 0.000, 0.00, 0.000
28553,304597, 39.86, 40.68, 0.953, 0.966, 0.006356, 0.001376,1,1,0, 0.009743, 0.007095, 0.007006, 0.004813, 39.86, 0.953, 0.00, 0.000, 0.00, 0.000, 0.00, 0.000
28554,304608, 40.67, 40.67, 0.966, 0.975, 0.006315, 0.000964,1,1,0, 0.011038, 0.007518, 0.006703, 0.005182, 40.67, 0.966, 0.00, 0.000, 0.00, 0.000, 0.00, 0.000
28555,304618, 41.95, 41.21, 0.960, 0.971, 0.007098, 0.002900,1,1,0, 0.008795, 0.006875, 0.008013, 0.005410, 41.95, 0.960, 0.00, 0.000, 0.00, 0.000, 0.00, 0.000
28556,304629, 41.81, 41.46, 0.975, 0.982, 0.007319, 0.002032,1,1,0, 0.009855, 0.006852, 0.007696, 0.005402, 41.81, 0.975, 0.00, 0.000, 0.00, 0.000, 0.00, 0.000
28557,304640, 42.10, 41.73, 0.966, 0.975, 0.006923, 0.001424,1,1,0, 0.008156, 0.005253, 0.006134, 0.004407, 42.10, 0.966, 0.00, 0.000, 0.00, 0.000, 0.00, 0.000
28558,304650, 40.67, 41.29, 0.982, 0.987, 0.006550, 0.000998,1,1,0, 0.008373, 0.005636, 0.006054, 0.004273, 40.67, 0.982, 0.00, 0.000, 0.00, 0.000, 0.00, 0.000
28559,304661, 40.13, 40.80, 0.977, 0.984, 0.006199, 0.000699,1,1,0, 0.009095, 0.006023, 0.005724, 0.004158, 40.13, 0.977, 0.00, 0.000, 0.00, 0.000, 0.00, 0.000
28560,304672, 39.86, 40.41, 0.980, 0.985, 0.006465, 0.002482,1,1,0, 0.010318, 0.007093, 0.007121, 0.004853, 39.86, 0.980, 0.00, 0.000, 0.00, 0.000, 0.00, 0.000
28561,304682, 40.81, 40.58, 0.991, 0.993, 0.006504, 0.001739,1,1,0, 0.010357, 0.007285, 0.007310, 0.004967, 40.81, 0.991, 0.00, 0.000, 0.00, 0.000, 0.00, 0.000
28562,304693, 41.81, 41.09, 0.985, 0.989, 0.006832, 0.001747,1,1,0, 0.009478, 0.007295, 0.007618, 0.005213, 41.81, 0.985, 0.00, 0.000, 0.00, 0.000, 0.00, 0.000
28563,304704, 41.95, 41.45, 0.986, 0.989, 0.006568, 0.001224,1,1,0, 0.008642, 0.006444, 0.006775, 0.005016, 41.95, 0.986, 0.00, 0.000, 0.00, 0.000, 0.00, 0.000
28564,304714, 41.37, 41.42, 0.995, 0.996, 0.006283, 0.000858,1,1,0, 0.007501, 0.005483, 0.006200, 0.004578, 41.37, 0.995, 0.00, 0.000, 0.00, 0.000, 0.00, 0.000
28565,304725, 39.73, 40.71, 0.974, 0.981, 0.006656, 0.001551,1,1,0, 0.010447, 0.005938, 0.006868, 0.004654, 39.73, 0.974, 0.00, 0.000, 0.00, 0.000, 0.00, 0.000
28566,304736, 39.73, 40.30, 0.972, 0.980, 0.006278, 0.001087,1,1,0, 0.010462, 0.005462, 0.006383, 0.003978, 39.73, 0.972, 0.00, 0.000, 0.00, 0.000, 0.00, 0.000
28567,304746, 40.67, 40.46, 0.931, 0.950, 0.007127, 0.002423,1,1,0, 0.011384, 0.007544, 0.007444, 0.005597, 40.67, 0.931, 0.00, 0.000, 0.00, 0.000, 0.00, 0.000
28568,304757, 41.23, 40.78, 0.948, 0.963, 0.006897, 0.001698,1,1,0, 0.009310, 0.006964, 0.007648, 0.004592, 41.23, 0.948, 0.00, 0.000, 0.00, 0.000, 0.00, 0.000
28569,304768, 42.10, 41.34, 0.946, 0.961, 0.007181, 0.002003,1,1,0, 0.009863, 0.007202, 0.008035, 0.005187, 42.10, 0.946, 0.00, 0.000, 0.00, 0.000, 0.00, 0.000
28570,304778, 41.81, 41.53, 0.973, 0.980, 0.006798, 0.001403,1,1,0, 0.009259, 0.006526, 0.005826, 0.004537, 41.81, 0.973, 0.00, 0.000, 0.00, 0.000, 0.00, 0.000
28571,304789, 41.23, 41.41, 0.975, 0.982, 0.006486, 0.000983,1,1,0, 0.007427, 0.005561, 0.006621, 0.004558, 41.23, 0.975, 0.00, 0.000, 0.00, 0.000, 0.00, 0.000
28572,304800, 39.34, 40.54, 0.944, 0.960, 0.006794, 0.001483,1,1,0, 0.009984, 0.006490, 0.007015, 0.005012, 39.34, 0.944, 0.00, 0.000, 0.00, 0.000, 0.00, 0.000
28573,304810, 39.86, 40.25, 0.961, 0.972, 0.006794, 0.001666,1,1,0, 0.009779, 0.005558, 0.007133, 0.004429, 39.86, 0.961, 0.00, 0.000, 0.00, 0.000, 0.00, 0.000
28574,304821, 41.09, 40.61, 0.929, 0.949, 0.006914, 0.001168,1,1,0, 0.011040, 0.007271, 0.007088, 0.005495, 41.09, 0.929, 0.00, 0.000, 0.00, 0.000, 0.00, 0.000
28575,304832, 41.95, 41.17, 0.975, 0.982, 0.006609, 0.000818,1,1,0, 0.009604, 0.006788, 0.006857, 0.004752, 41.95, 0.975, 0.00, 0.000, 0.00, 0.000, 0.00, 0.000
28576,304842, 41.81, 41.44, 0.967, 0.976, 0.006309, 0.000573,1,1,0, 0.009615, 0.006761, 0.006688, 0.004653, 41.81, 0.967, 0.00, 0.000, 0.00, 0.000, 0.00, 0.000
28577,304853, 41.52, 41.47, 0.988, 0.991, 0.006015, 0.000497,1,1,0, 0.008700, 0.006284, 0.006529, 0.004204, 41.52, 0.988, 0.00, 0.000, 0.00, 0.000, 0.00, 0.000
28578,304864, 40.26, 40.96, 0.986, 0.990, 0.005773, 0.000348,1,1,0, 0.008368, 0.006114, 0.005738, 0.004359, 40.26, 0.986, 0.00, 0.000, 0.00, 0.000, 0.00, 0.000
28579,304874, 39.34, 40.28, 0.982, 0.987, 0.006287, 0.001697,1,1,0, 0.009566, 0.006478, 0.006566, 0.004964, 39.34, 0.982, 0.00, 0.000, 0.00, 0.000, 0.00, 0.000
28580,304885, 39.73, 40.05, 0.991, 0.993, 0.006884, 0.002110,1,1,0, 0.009767, 0.006468, 0.007299, 0.005159, 39.73, 0.991, 0.00, 0.000, 0.00, 0.000, 0.00, 0.000
28581,304896, 40.95, 40.43, 0.992, 0.994, 0.007494, 0.002125,1,1,0, 0.010907, 0.006950, 0.007902, 0.005399, 40.95, 0.992, 0.00, 0.000, 0.00, 0.000, 0.00, 0.000
28582,304906, 42.10, 41.13, 0.984, 0.988, 0.007105, 0.001489,1,1,0, 0.011582, 0.006343, 0.007020, 0.004727, 42.10, 0.984, 0.00, 0.000, 0.00, 0.000, 0.00, 0.000
28583,304917, 42.25, 41.60, 0.984, 0.988, 0.006764, 0.001043,1,1,0, 0.009970, 0.006574, 0.006807, 0.004688, 42.25, 0.984, 0.00, 0.000, 0.00, 0.000, 0.00, 0.000
28584,304928, 41.23, 41.45, 0.942, 0.958, 0.006280, 0.000731,1,1,0, 0.007394, 0.005696, 0.006592, 0.003413, 41.23, 0.942, 0.00, 0.000, 0.00, 0.000, 0.00, 0.000
28585,304938, 39.86, 40.78, 0.954, 0.967, 0.006066, 0.000693,1,1,0, 0.008616, 0.006480, 0.006538, 0.004437, 39.86, 0.954, 0.00, 0.000, 0.00, 0.000, 0.00, 0.000
28586,304949, 39.34, 40.18, 0.952, 0.965, 0.006308, 0.001434,1,1,0, 0.010360, 0.007014, 0.006738, 0.004993, 39.34, 0.952, 0.00, 0.000, 0.00, 0.000, 0.00, 0.000
28587,304960, 40.54, 40.33, 0.968, 0.977, 0.006782, 0.001369,1,1,0, 0.009742, 0.006790, 0.007133, 0.005452, 40.54, 0.968, 0.00, 0.000, 0.00, 0.000, 0.00, 0.000
28588,304970, 41.66, 40.89, 0.986, 0.990, 0.007887, 0.003187,1,1,0, 0.011542, 0.007481, 0.008491, 0.005820, 41.66, 0.986, 0.00, 0.000, 0.00, 0.000, 0.00, 0.000
28589,304981, 43.16, 41.84, 0.961, 0.972, 0.007413, 0.002233,1,1,0, 0.010694, 0.005176, 0.005463, 0.004278, 43.16, 0.961, 0.00, 0.000, 0.00, 0.000, 0.00, 0.000
28590,304992, 42.40, 42.08, 0.962, 0.973, 0.007035, 0.001565,1,1,0, 0.009966, 0.006310, 0.006224, 0.004696, 42.40, 0.962, 0.00, 0.000, 0.00, 0.000, 0.00, 0.000
28591,305002, 41.23, 41.72, 0.908, 0.934, 0.006517, 0.001097,1,1,0, 0.006994, 0.005384, 0.005094, 0.003207, 41.23, 0.908, 0.00, 0.000, 0.00, 0.000, 0.00, 0.000
28592,305013, 39.21, 40.67, 0.952, 0.965, 0.006199, 0.000768,1,1,0, 0.008633, 0.006578, 0.006562, 0.004370, 39.21, 0.952, 0.00, 0.000, 0.00, 0.000, 0.00, 0.000
28593,305024, 39.73, 40.27, 0.941, 0.958, 0.006443, 0.001285,1,1,0, 0.010777, 0.007393, 0.006942, 0.005104, 39.73, 0.941, 0.00, 0.000, 0.00, 0.000, 0.00, 0.000
28594,305034, 41.52, 40.80, 0.970, 0.979, 0.006889, 0.002212,1,1,0, 0.010398, 0.007276, 0.007612, 0.005537, 41.52, 0.970, 0.00, 0.000, 0.00, 0.000, 0.00, 0.000
28595,305045, 42.55, 41.53, 0.986, 0.990, 0.007379, 0.001827,1,1,0, 0.010381, 0.007040, 0.007812, 0.005583, 42.55, 0.986, 0.00, 0.000, 0.00, 0.000, 0.00, 0.000
28596,305056, 43.01, 42.15, 0.982, 0.987, 0.006985, 0.001280,1,1,0, 0.008461, 0.005254, 0.005741, 0.004474, 43.01, 0.982, 0.00, 0.000, 0.00, 0.000, 0.00, 0.000
28597,305066, 41.52, 41.88, 0.983, 0.988, 0.006566, 0.000897,1,1,0, 0.008162, 0.005115, 0.005750, 0.003922, 41.52, 0.983, 0.00, 0.000, 0.00, 0.000, 0.00, 0.000
28598,305077, 40.00, 41.09, 0.971, 0.979, 0.006142, 0.000628,1,1,0, 0.008166, 0.005331, 0.005613, 0.003478, 40.00, 0.971, 0.00, 0.000, 0.00, 0.000, 0.00, 0.000
28599,305088, 38.96, 40.19, 0.983, 0.988, 0.006070, 0.002391,1,1,0, 0.010224, 0.006873, 0.006754, 0.004653, 38.96, 0.983, 0.00, 0.000, 0.00, 0.000, 0.00, 0.000
28600,305098, 39.73, 40.00, 0.978, 0.984, 0.006510, 0.002879,1,1,0, 0.010165, 0.007313, 0.007631, 0.004936, 39.73, 0.978, 0.00, 0.000, 0.00, 0.000, 0.00, 0.000
28601,305109, 42.10, 40.88, 0.971, 0.979, 0.007160, 0.002017,1,1,0, 0.011067, 0.007689, 0.007690, 0.005700, 42.10, 0.971, 0.00, 0.000, 0.00, 0.000, 0.00, 0.000
28602,305120, 42.70, 41.65, 0.986, 0.990, 0.006864, 0.001414,1,1,0, 0.009858, 0.006707, 0.006797, 0.005199, 42.70, 0.986, 0.00, 0.000, 0.00, 0.000, 0.00, 0.000
28603,305130, 42.70, 42.09, 0.984, 0.988, 0.006537, 0.000990,1,1,0, 0.007404, 0.005272, 0.005911, 0.004512, 42.70, 0.984, 0.00, 0.000, 0.00, 0.000, 0.00, 0.000
28604,305141, 40.40, 41.38, 0.970, 0.979, 0.006225, 0.000694,1,1,0, 0.008913, 0.005209, 0.006342, 0.004132, 40.40, 0.970, 0.00, 0.000, 0.00, 0.000, 0.00, 0.000
28605,305152, 39.47, 40.58, 0.974, 0.981, 0.005830, 0.000486,1,1,0, 0.009457, 0.004826, 0.005322, 0.003361, 39.47, 0.974, 0.00, 0.000, 0.00, 0.000, 0.00, 0.000
28606,305162, 39.08, 39.95, 0.885, 0.917, 0.007032, 0.003227,1,1,0, 0.011802, 0.007464, 0.007774, 0.005573, 39.08, 0.885, 0.00, 0.000, 0.00, 0.000, 0.00, 0.000
28607,305173, 40.54, 40.20, 0.948, 0.962, 0.006673, 0.002261,1,1,0, 0.009458, 0.007123, 0.007090, 0.004652, 40.54, 0.948, 0.00, 0.000, 0.00, 0.000, 0.00, 0.000
28608,305184, 42.85, 41.31, 0.925, 0.946, 0.007679, 0.002756,1,1,0, 0.011128, 0.007614, 0.008659, 0.005674, 42.85, 0.925, 0.00, 0.000, 0.00, 0.000, 0.00, 0.000
28609,305194, 43.01, 42.02, 0.976, 0.983, 0.007250, 0.001931,1,1,0, 0.009161, 0.006547, 0.006518, 0.004697, 43.01, 0.976, 0.00, 0.000, 0.00, 0.000, 0.00, 0.000
28610,305205, 41.95, 41.99, 0.963, 0.973, 0.006855, 0.001353,1,1,0, 0.007548, 0.005299, 0.005727, 0.004285, 41.95, 0.963, 0.00, 0.000, 0.00, 0.000, 0.00, 0.000
28611,305216, 39.60, 40.99, 0.947, 0.961, 0.006484, 0.000948,1,1,0, 0.009118, 0.005588, 0.006114, 0.004401, 39.60, 0.947, 0.00, 0.000, 0.00, 0.000, 0.00, 0.000
28612,305226, 38.96, 40.13, 0.963, 0.973, 0.006897, 0.003064,1,1,0, 0.010185, 0.005200, 0.007610, 0.004082, 38.96, 0.963, 0.00, 0.000, 0.00, 0.000, 0.00, 0.000
28613,305237, 39.47, 39.85, 0.914, 0.938, 0.007137, 0.002150,1,1,0, 0.011202, 0.007280, 0.007731, 0.005472, 39.47, 0.914, 0.00, 0.000, 0.00, 0.000, 0.00, 0.000
28614,305248, 41.66, 40.61, 0.963, 0.973, 0.007054, 0.001511,1,1,0, 0.010316, 0.007084, 0.007894, 0.005007, 41.66, 0.963, 0.00, 0.000, 0.00, 0.000, 0.00, 0.000
28615,305258, 42.55, 41.43, 0.958, 0.970, 0.006995, 0.001210,1,1,0, 0.010050, 0.007128, 0.007693, 0.005054, 42.55, 0.958, 0.00, 0.000, 0.00, 0.000, 0.00, 0.000
28616,305269, 42.55, 41.90, 0.987, 0.990, 0.006581, 0.000847,1,1,0, 0.008296, 0.006101, 0.006794, 0.004262, 42.55, 0.987, 0.00, 0.000, 0.00, 0.000, 0.00, 0.000
28617,305280, 41.09, 41.56, 0.972, 0.980, 0.006207, 0.000594,1,1,0, 0.008210, 0.005582, 0.005477, 0.004012, 41.09, 0.972, 0.00, 0.000, 0.00, 0.000, 0.00, 0.000
28618,305290, 38.96, 40.47, 0.963, 0.973, 0.006075, 0.000743,1,1,0, 0.009010, 0.005750, 0.006329, 0.004375, 38.96, 0.963, 0.00, 0.000, 0.00, 0.000, 0.00, 0.000
28619,305301, 38.33, 39.57, 0.974, 0.981, 0.006957, 0.002905,1,1,0, 0.009970, 0.006391, 0.007450, 0.005026, 38.33, 0.974, 0.00, 0.000, 0.00, 0.000, 0.00, 0.000
28620,305312, 40.40, 39.92, 0.981, 0.986, 0.008061, 0.003712,1,1,0, 0.011262, 0.007225, 0.008699, 0.005589, 40.40, 0.981, 0.00, 0.000, 0.00, 0.000, 0.00, 0.000
28621,305322, 42.25, 40.90, 0.975, 0.982, 0.007617, 0.002601,1,1,0, 0.011686, 0.006583, 0.007466, 0.004877, 42.25, 0.975, 0.00, 0.000, 0.00, 0.000, 0.00, 0.000
28622,305333, 43.01, 41.78, 0.987, 0.991, 0.007249, 0.001822,1,1,0, 0.010770, 0.006867, 0.007112, 0.005046, 43.01, 0.987, 0.00, 0.000, 0.00, 0.000, 0.00, 0.000
28623,305344, 42.55, 42.10, 0.916, 0.939, 0.006646, 0.001277,1,1,0, 0.007438, 0.005334, 0.006932, 0.003114, 42.55, 0.916, 0.00, 0.000, 0.00, 0.000, 0.00, 0.000
28624,305354, 40.40, 41.39, 0.937, 0.954, 0.006256, 0.000895,1,1,0, 0.008467, 0.005867, 0.006237, 0.004133, 40.40, 0.937, 0.00, 0.000, 0.00, 0.000, 0.00, 0.000
28625,305365, 38.33, 40.11, 0.879, 0.913, 0.006487, 0.001819,1,1,0, 0.009633, 0.006674, 0.007008, 0.004668, 38.33, 0.879, 0.00, 0.000, 0.00, 0.000, 0.00, 0.000
28626,305376, 39.34, 39.78, 0.956, 0.968, 0.006774, 0.001494,1,1,0, 0.010334, 0.006845, 0.007080, 0.005372, 39.34, 0.956, 0.00, 0.000, 0.00, 0.000, 0.00, 0.000
28627,305386, 41.66, 40.57, 0.966, 0.975, 0.008146, 0.004166,1,1,0, 0.011399, 0.007646, 0.008856, 0.005969, 41.66, 0.966, 0.00, 0.000, 0.00, 0.000, 0.00, 0.000
28628,305397, 43.63, 41.86, 0.967, 0.976, 0.007665, 0.002920,1,1,0, 0.010877, 0.005572, 0.006138, 0.004527, 43.63, 0.967, 0.00, 0.000, 0.00, 0.000, 0.00, 0.000
28629,305408, 43.16, 42.40, 0.974, 0.981, 0.007248, 0.002046,1,1,0, 0.010281, 0.006216, 0.006194, 0.004658, 43.16, 0.974, 0.00, 0.000, 0.00, 0.000, 0.00, 0.000
28630,305418, 42.40, 42.40, 0.909, 0.935, 0.006648, 0.001434,1,1,0, 0.006730, 0.004859, 0.004759, 0.002789, 42.40, 0.909, 0.00, 0.000, 0.00, 0.000, 0.00, 0.000
28631,305429, 38.70, 40.85, 0.955, 0.967, 0.006236, 0.001004,1,1,0, 0.008054, 0.006005, 0.006336, 0.003906, 38.70, 0.955, 0.00, 0.000, 0.00, 0.000, 0.00, 0.000
28632,305440, 38.09, 39.69, 0.911, 0.936, 0.006429, 0.001255,1,1,0, 0.010087, 0.007040, 0.006881, 0.004847, 38.09, 0.911, 0.00, 0.000, 0.00, 0.000, 0.00, 0.000
28633,305450, 40.26, 39.93, 0.966, 0.975, 0.007139, 0.002069,1,1,0, 0.011337, 0.007635, 0.007505, 0.005706, 40.26, 0.966, 0.00, 0.000, 0.00, 0.000, 0.00, 0.000
28634,305461, 42.70, 41.09, 0.979, 0.985, 0.007487, 0.002147,1,1,0, 0.010726, 0.007219, 0.008030, 0.005728, 42.70, 0.979, 0.00, 0.000, 0.00, 0.000, 0.00, 0.000
28635,305472, 43.63, 42.16, 0.982, 0.987, 0.007113, 0.001505,1,1,0, 0.009078, 0.005720, 0.006243, 0.004792, 43.63, 0.982, 0.00, 0.000, 0.00, 0.000, 0.00, 0.000
28636,305482, 42.85, 42.45, 0.979, 0.985, 0.006655, 0.001054,1,1,0, 0.008161, 0.004811, 0.005545, 0.003783, 42.85, 0.979, 0.00, 0.000, 0.00, 0.000, 0.00, 0.000
28637,305493, 40.81, 41.76, 0.966, 0.975, 0.006127, 0.000739,1,1,0, 0.007758, 0.004540, 0.005284, 0.002750, 40.81, 0.966, 0.00, 0.000, 0.00, 0.000, 0.00, 0.000
28638,305504, 38.09, 40.22, 0.974, 0.981, 0.005844, 0.000518,1,1,0, 0.009495, 0.006461, 0.006037, 0.004281, 38.09, 0.974, 0.00, 0.000, 0.00, 0.000, 0.00, 0.000
28639,305514, 38.46, 39.48, 0.985, 0.989, 0.006142, 0.002244,1,1,0, 0.009830, 0.007191, 0.007002, 0.004754, 38.46, 0.985, 0.00, 0.000, 0.00, 0.000, 0.00, 0.000
28640,305525, 42.40, 40.71, 0.941, 0.957, 0.008092, 0.003578,1,1,0, 0.011951, 0.008041, 0.008883, 0.006112, 42.40, 0.941, 0.00, 0.000, 0.00, 0.000, 0.00, 0.000
28641,305536, 43.32, 41.80, 0.979, 0.985, 0.007698, 0.002507,1,1,0, 0.010299, 0.007028, 0.007457, 0.005384, 43.32, 0.979, 0.00, 0.000, 0.00, 0.000, 0.00, 0.000
28642,305546, 43.47, 42.50, 0.962, 0.973, 0.007281, 0.001757,1,1,0, 0.007550, 0.005355, 0.006330, 0.004670, 43.47, 0.962, 0.00, 0.000, 0.00, 0.000, 0.00, 0.000
